ISO-10303-21;
HEADER;
FILE_DESCRIPTION(('FreeCAD Model'),'2;1');
FILE_NAME('Open CASCADE Shape Model','2026-09-01T18:29:39',(''),(''),
  'Open CASCADE STEP processor 7.9','FreeCAD','Unknown');
FILE_SCHEMA(('AUTOMOTIVE_DESIGN { 1 0 10303 214 1 1 1 1 }'));
ENDSEC;
DATA;
#1 = APPLICATION_PROTOCOL_DEFINITION('international standard',
  'automotive_design',2000,#2);
#2 = APPLICATION_CONTEXT(
  'core data for automotive mechanical design processes');
#3 = SHAPE_DEFINITION_REPRESENTATION(#4,#10);
#4 = PRODUCT_DEFINITION_SHAPE('','',#5);
#5 = PRODUCT_DEFINITION('design','',#6,#9);
#6 = PRODUCT_DEFINITION_FORMATION('','',#7);
#7 = PRODUCT('top','top','',(#8));
#8 = PRODUCT_CONTEXT('',#2,'mechanical');
#9 = PRODUCT_DEFINITION_CONTEXT('part definition',#2,'design');
#10 = ADVANCED_BREP_SHAPE_REPRESENTATION('',(#11,#15),#9236);
#11 = AXIS2_PLACEMENT_3D('',#12,#13,#14);
#12 = CARTESIAN_POINT('',(0.,0.,0.));
#13 = DIRECTION('',(0.,0.,1.));
#14 = DIRECTION('',(1.,0.,-0.));
#15 = MANIFOLD_SOLID_BREP('',#16);
#16 = CLOSED_SHELL('',(#17,#107,#140,#173,#246,#279,#303,#376,#418,#442,
    #466,#501,#527,#615,#641,#1702,#1726,#1750,#1790,#1806,#1823,#1857,
    #1977,#2000,#2039,#2063,#2081,#2120,#2132,#2189,#2234,#2279,#2297,
    #2330,#2403,#2451,#2475,#2523,#2547,#2603,#2644,#2662,#2688,#2813,
    #2846,#2870,#2895,#2919,#2944,#2968,#2994,#3027,#3051,#3076,#3100,
    #3125,#3149,#3175,#3187,#3218,#3242,#3266,#3290,#3314,#3338,#3362,
    #3386,#3410,#3434,#3458,#3482,#3506,#3530,#3554,#3578,#3602,#3626,
    #3650,#3674,#3698,#3722,#3746,#3770,#3794,#3818,#3842,#3882,#3922,
    #3947,#3972,#3996,#4020,#4044,#4068,#4085,#4116,#4141,#4166,#4190,
    #4214,#4239,#4264,#4281,#4312,#4337,#4361,#4386,#4410,#4435,#4459,
    #4477,#4508,#4533,#4557,#4582,#4606,#4631,#4655,#4673,#4704,#4729,
    #4753,#4778,#4802,#4827,#4851,#4869,#4900,#4925,#4949,#4974,#4998,
    #5023,#5047,#5065,#5096,#5121,#5145,#5170,#5194,#5219,#5243,#5261,
    #5292,#5317,#5341,#5366,#5390,#5415,#5439,#5457,#5488,#5513,#5537,
    #5562,#5586,#5611,#5635,#5653,#5677,#5701,#5743,#5768,#5841,#5865,
    #5913,#5961,#5985,#6041,#6089,#6137,#6193,#6217,#6258,#6300,#6334,
    #6359,#6399,#6467,#6555,#6572,#6596,#6741,#6796,#6820,#6836,#6861,
    #6885,#6919,#6972,#7021,#7057,#7081,#7119,#7145,#7162,#7173,#7184,
    #7201,#7218,#7234,#7250,#7519,#7531,#7543,#7629,#7645,#7661,#7677,
    #7693,#7709,#7725,#7741,#7787,#7804,#7816,#7885,#7908,#7932,#7963,
    #7979,#7991,#8040,#8076,#8114,#8154,#8171,#8188,#8199,#8210,#8234,
    #8272,#8305,#8340,#8351,#8367,#8379,#8396,#8408,#8436,#8458,#8475,
    #8492,#8504,#8545,#8562,#8579,#8591,#8608,#8625,#8637,#8665,#8687,
    #8728,#8745,#8766,#8783,#8796,#8824,#8852,#8874,#8891,#8908,#8925,
    #8942,#8959,#8976,#8988,#9010,#9027,#9044,#9056,#9081,#9103,#9128,
    #9150,#9159,#9184,#9193,#9218,#9227));
#17 = ADVANCED_FACE('',(#18),#102,.T.);
#18 = FACE_BOUND('',#19,.T.);
#19 = EDGE_LOOP('',(#20,#30,#38,#46,#54,#62,#71,#79,#88,#96));
#20 = ORIENTED_EDGE('',*,*,#21,.F.);
#21 = EDGE_CURVE('',#22,#24,#26,.T.);
#22 = VERTEX_POINT('',#23);
#23 = CARTESIAN_POINT('',(27.15,-47.95,-1.5));
#24 = VERTEX_POINT('',#25);
#25 = CARTESIAN_POINT('',(27.15,-47.95,-12.2));
#26 = LINE('',#27,#28);
#27 = CARTESIAN_POINT('',(27.15,-47.95,0.));
#28 = VECTOR('',#29,1.);
#29 = DIRECTION('',(-0.,-0.,-1.));
#30 = ORIENTED_EDGE('',*,*,#31,.F.);
#31 = EDGE_CURVE('',#32,#22,#34,.T.);
#32 = VERTEX_POINT('',#33);
#33 = CARTESIAN_POINT('',(-27.15,-47.95,-1.5));
#34 = LINE('',#35,#36);
#35 = CARTESIAN_POINT('',(-27.15,-47.95,-1.5));
#36 = VECTOR('',#37,1.);
#37 = DIRECTION('',(1.,0.,0.));
#38 = ORIENTED_EDGE('',*,*,#39,.T.);
#39 = EDGE_CURVE('',#32,#40,#42,.T.);
#40 = VERTEX_POINT('',#41);
#41 = CARTESIAN_POINT('',(-27.15,-47.95,-12.2));
#42 = LINE('',#43,#44);
#43 = CARTESIAN_POINT('',(-27.15,-47.95,0.));
#44 = VECTOR('',#45,1.);
#45 = DIRECTION('',(-0.,-0.,-1.));
#46 = ORIENTED_EDGE('',*,*,#47,.T.);
#47 = EDGE_CURVE('',#40,#48,#50,.T.);
#48 = VERTEX_POINT('',#49);
#49 = CARTESIAN_POINT('',(-4.82,-47.95,-12.2));
#50 = LINE('',#51,#52);
#51 = CARTESIAN_POINT('',(-27.15,-47.95,-12.2));
#52 = VECTOR('',#53,1.);
#53 = DIRECTION('',(1.,0.,0.));
#54 = ORIENTED_EDGE('',*,*,#55,.F.);
#55 = EDGE_CURVE('',#56,#48,#58,.T.);
#56 = VERTEX_POINT('',#57);
#57 = CARTESIAN_POINT('',(-4.82,-47.95,-11.5));
#58 = LINE('',#59,#60);
#59 = CARTESIAN_POINT('',(-4.82,-47.95,-11.5));
#60 = VECTOR('',#61,1.);
#61 = DIRECTION('',(0.,0.,-1.));
#62 = ORIENTED_EDGE('',*,*,#63,.F.);
#63 = EDGE_CURVE('',#64,#56,#66,.T.);
#64 = VERTEX_POINT('',#65);
#65 = CARTESIAN_POINT('',(-3.72,-47.95,-10.39999999999));
#66 = CIRCLE('',#67,1.1);
#67 = AXIS2_PLACEMENT_3D('',#68,#69,#70);
#68 = CARTESIAN_POINT('',(-3.72,-47.95,-11.49999999999));
#69 = DIRECTION('',(0.,-1.,0.));
#70 = DIRECTION('',(1.,0.,0.));
#71 = ORIENTED_EDGE('',*,*,#72,.F.);
#72 = EDGE_CURVE('',#73,#64,#75,.T.);
#73 = VERTEX_POINT('',#74);
#74 = CARTESIAN_POINT('',(3.22,-47.95,-10.39999999999));
#75 = LINE('',#76,#77);
#76 = CARTESIAN_POINT('',(3.22,-47.95,-10.39999999999));
#77 = VECTOR('',#78,1.);
#78 = DIRECTION('',(-1.,0.,0.));
#79 = ORIENTED_EDGE('',*,*,#80,.F.);
#80 = EDGE_CURVE('',#81,#73,#83,.T.);
#81 = VERTEX_POINT('',#82);
#82 = CARTESIAN_POINT('',(4.32,-47.95,-11.49999999999));
#83 = CIRCLE('',#84,1.1);
#84 = AXIS2_PLACEMENT_3D('',#85,#86,#87);
#85 = CARTESIAN_POINT('',(3.22,-47.95,-11.49999999999));
#86 = DIRECTION('',(0.,-1.,0.));
#87 = DIRECTION('',(1.,0.,0.));
#88 = ORIENTED_EDGE('',*,*,#89,.F.);
#89 = EDGE_CURVE('',#90,#81,#92,.T.);
#90 = VERTEX_POINT('',#91);
#91 = CARTESIAN_POINT('',(4.32,-47.95,-12.2));
#92 = LINE('',#93,#94);
#93 = CARTESIAN_POINT('',(4.32,-47.95,-12.69999999999));
#94 = VECTOR('',#95,1.);
#95 = DIRECTION('',(0.,0.,1.));
#96 = ORIENTED_EDGE('',*,*,#97,.T.);
#97 = EDGE_CURVE('',#90,#24,#98,.T.);
#98 = LINE('',#99,#100);
#99 = CARTESIAN_POINT('',(-27.15,-47.95,-12.2));
#100 = VECTOR('',#101,1.);
#101 = DIRECTION('',(1.,0.,0.));
#102 = PLANE('',#103);
#103 = AXIS2_PLACEMENT_3D('',#104,#105,#106);
#104 = CARTESIAN_POINT('',(-27.15,-47.95,0.));
#105 = DIRECTION('',(0.,-1.,0.));
#106 = DIRECTION('',(1.,0.,0.));
#107 = ADVANCED_FACE('',(#108),#135,.T.);
#108 = FACE_BOUND('',#109,.T.);
#109 = EDGE_LOOP('',(#110,#111,#120,#128));
#110 = ORIENTED_EDGE('',*,*,#21,.T.);
#111 = ORIENTED_EDGE('',*,*,#112,.T.);
#112 = EDGE_CURVE('',#24,#113,#115,.T.);
#113 = VERTEX_POINT('',#114);
#114 = CARTESIAN_POINT('',(38.35,-36.75,-12.2));
#115 = CIRCLE('',#116,11.2);
#116 = AXIS2_PLACEMENT_3D('',#117,#118,#119);
#117 = CARTESIAN_POINT('',(27.15,-36.75,-12.2));
#118 = DIRECTION('',(0.,0.,1.));
#119 = DIRECTION('',(1.,0.,0.));
#120 = ORIENTED_EDGE('',*,*,#121,.F.);
#121 = EDGE_CURVE('',#122,#113,#124,.T.);
#122 = VERTEX_POINT('',#123);
#123 = CARTESIAN_POINT('',(38.35,-36.75,-1.5));
#124 = LINE('',#125,#126);
#125 = CARTESIAN_POINT('',(38.35,-36.75,0.));
#126 = VECTOR('',#127,1.);
#127 = DIRECTION('',(-0.,-0.,-1.));
#128 = ORIENTED_EDGE('',*,*,#129,.F.);
#129 = EDGE_CURVE('',#22,#122,#130,.T.);
#130 = CIRCLE('',#131,11.2);
#131 = AXIS2_PLACEMENT_3D('',#132,#133,#134);
#132 = CARTESIAN_POINT('',(27.15,-36.75,-1.5));
#133 = DIRECTION('',(0.,0.,1.));
#134 = DIRECTION('',(-3.2E-16,-1.,0.));
#135 = CYLINDRICAL_SURFACE('',#136,11.2);
#136 = AXIS2_PLACEMENT_3D('',#137,#138,#139);
#137 = CARTESIAN_POINT('',(27.15,-36.75,0.));
#138 = DIRECTION('',(0.,0.,1.));
#139 = DIRECTION('',(1.,0.,0.));
#140 = ADVANCED_FACE('',(#141),#168,.T.);
#141 = FACE_BOUND('',#142,.T.);
#142 = EDGE_LOOP('',(#143,#152,#153,#162));
#143 = ORIENTED_EDGE('',*,*,#144,.T.);
#144 = EDGE_CURVE('',#145,#32,#147,.T.);
#145 = VERTEX_POINT('',#146);
#146 = CARTESIAN_POINT('',(-27.15,-46.45,0.));
#147 = CIRCLE('',#148,1.5);
#148 = AXIS2_PLACEMENT_3D('',#149,#150,#151);
#149 = CARTESIAN_POINT('',(-27.15,-46.45,-1.5));
#150 = DIRECTION('',(1.,-6.E-17,0.));
#151 = DIRECTION('',(-6.E-17,-1.,0.));
#152 = ORIENTED_EDGE('',*,*,#31,.T.);
#153 = ORIENTED_EDGE('',*,*,#154,.F.);
#154 = EDGE_CURVE('',#155,#22,#157,.T.);
#155 = VERTEX_POINT('',#156);
#156 = CARTESIAN_POINT('',(27.15,-46.45,0.));
#157 = CIRCLE('',#158,1.5);
#158 = AXIS2_PLACEMENT_3D('',#159,#160,#161);
#159 = CARTESIAN_POINT('',(27.15,-46.45,-1.5));
#160 = DIRECTION('',(1.,0.,-0.));
#161 = DIRECTION('',(0.,0.,1.));
#162 = ORIENTED_EDGE('',*,*,#163,.F.);
#163 = EDGE_CURVE('',#145,#155,#164,.T.);
#164 = LINE('',#165,#166);
#165 = CARTESIAN_POINT('',(-27.15,-46.45,2.2E-16));
#166 = VECTOR('',#167,1.);
#167 = DIRECTION('',(1.,0.,0.));
#168 = CYLINDRICAL_SURFACE('',#169,1.5);
#169 = AXIS2_PLACEMENT_3D('',#170,#171,#172);
#170 = CARTESIAN_POINT('',(-27.15,-46.45,-1.5));
#171 = DIRECTION('',(1.,0.,0.));
#172 = DIRECTION('',(0.,0.,1.));
#173 = ADVANCED_FACE('',(#174),#241,.F.);
#174 = FACE_BOUND('',#175,.F.);
#175 = EDGE_LOOP('',(#176,#186,#192,#193,#194,#202,#210,#218,#226,#234)
  );
#176 = ORIENTED_EDGE('',*,*,#177,.F.);
#177 = EDGE_CURVE('',#178,#180,#182,.T.);
#178 = VERTEX_POINT('',#179);
#179 = CARTESIAN_POINT('',(4.32,-46.95,-12.2));
#180 = VERTEX_POINT('',#181);
#181 = CARTESIAN_POINT('',(27.149999999997,-46.95,-12.2));
#182 = LINE('',#183,#184);
#183 = CARTESIAN_POINT('',(-27.15,-46.95,-12.2));
#184 = VECTOR('',#185,1.);
#185 = DIRECTION('',(1.,0.,0.));
#186 = ORIENTED_EDGE('',*,*,#187,.F.);
#187 = EDGE_CURVE('',#90,#178,#188,.T.);
#188 = LINE('',#189,#190);
#189 = CARTESIAN_POINT('',(4.32,-23.975,-12.2));
#190 = VECTOR('',#191,1.);
#191 = DIRECTION('',(0.,1.,0.));
#192 = ORIENTED_EDGE('',*,*,#97,.T.);
#193 = ORIENTED_EDGE('',*,*,#112,.T.);
#194 = ORIENTED_EDGE('',*,*,#195,.T.);
#195 = EDGE_CURVE('',#113,#196,#198,.T.);
#196 = VERTEX_POINT('',#197);
#197 = CARTESIAN_POINT('',(38.35,5.13,-12.2));
#198 = LINE('',#199,#200);
#199 = CARTESIAN_POINT('',(38.35,-36.75,-12.2));
#200 = VECTOR('',#201,1.);
#201 = DIRECTION('',(0.,1.,0.));
#202 = ORIENTED_EDGE('',*,*,#203,.F.);
#203 = EDGE_CURVE('',#204,#196,#206,.T.);
#204 = VERTEX_POINT('',#205);
#205 = CARTESIAN_POINT('',(37.521203273864,5.13,-12.2));
#206 = LINE('',#207,#208);
#207 = CARTESIAN_POINT('',(19.175,5.13,-12.2));
#208 = VECTOR('',#209,1.);
#209 = DIRECTION('',(1.,0.,0.));
#210 = ORIENTED_EDGE('',*,*,#211,.F.);
#211 = EDGE_CURVE('',#212,#204,#214,.T.);
#212 = VERTEX_POINT('',#213);
#213 = CARTESIAN_POINT('',(37.521203273864,4.13,-12.2));
#214 = LINE('',#215,#216);
#215 = CARTESIAN_POINT('',(37.521203273864,5.965000000005,-12.2));
#216 = VECTOR('',#217,1.);
#217 = DIRECTION('',(0.,1.,0.));
#218 = ORIENTED_EDGE('',*,*,#219,.T.);
#219 = EDGE_CURVE('',#212,#220,#222,.T.);
#220 = VERTEX_POINT('',#221);
#221 = CARTESIAN_POINT('',(37.349999999997,4.13,-12.2));
#222 = LINE('',#223,#224);
#223 = CARTESIAN_POINT('',(18.075,4.13,-12.2));
#224 = VECTOR('',#225,1.);
#225 = DIRECTION('',(-1.,0.,0.));
#226 = ORIENTED_EDGE('',*,*,#227,.F.);
#227 = EDGE_CURVE('',#228,#220,#230,.T.);
#228 = VERTEX_POINT('',#229);
#229 = CARTESIAN_POINT('',(37.349999999997,-36.75,-12.2));
#230 = LINE('',#231,#232);
#231 = CARTESIAN_POINT('',(37.349999999997,-36.75,-12.2));
#232 = VECTOR('',#233,1.);
#233 = DIRECTION('',(0.,1.,0.));
#234 = ORIENTED_EDGE('',*,*,#235,.F.);
#235 = EDGE_CURVE('',#180,#228,#236,.T.);
#236 = CIRCLE('',#237,10.2);
#237 = AXIS2_PLACEMENT_3D('',#238,#239,#240);
#238 = CARTESIAN_POINT('',(27.149999999997,-36.75,-12.2));
#239 = DIRECTION('',(0.,0.,1.));
#240 = DIRECTION('',(1.,0.,0.));
#241 = PLANE('',#242);
#242 = AXIS2_PLACEMENT_3D('',#243,#244,#245);
#243 = CARTESIAN_POINT('',(-4.63E-15,-9.7E-15,-12.2));
#244 = DIRECTION('',(0.,0.,1.));
#245 = DIRECTION('',(1.,0.,0.));
#246 = ADVANCED_FACE('',(#247),#274,.T.);
#247 = FACE_BOUND('',#248,.T.);
#248 = EDGE_LOOP('',(#249,#259,#266,#267));
#249 = ORIENTED_EDGE('',*,*,#250,.T.);
#250 = EDGE_CURVE('',#251,#253,#255,.T.);
#251 = VERTEX_POINT('',#252);
#252 = CARTESIAN_POINT('',(-38.35,-36.75,-1.5));
#253 = VERTEX_POINT('',#254);
#254 = CARTESIAN_POINT('',(-38.35,-36.75,-12.2));
#255 = LINE('',#256,#257);
#256 = CARTESIAN_POINT('',(-38.35,-36.75,0.));
#257 = VECTOR('',#258,1.);
#258 = DIRECTION('',(-0.,-0.,-1.));
#259 = ORIENTED_EDGE('',*,*,#260,.T.);
#260 = EDGE_CURVE('',#253,#40,#261,.T.);
#261 = CIRCLE('',#262,11.2);
#262 = AXIS2_PLACEMENT_3D('',#263,#264,#265);
#263 = CARTESIAN_POINT('',(-27.15,-36.75,-12.2));
#264 = DIRECTION('',(0.,0.,1.));
#265 = DIRECTION('',(1.,0.,0.));
#266 = ORIENTED_EDGE('',*,*,#39,.F.);
#267 = ORIENTED_EDGE('',*,*,#268,.F.);
#268 = EDGE_CURVE('',#251,#32,#269,.T.);
#269 = CIRCLE('',#270,11.2);
#270 = AXIS2_PLACEMENT_3D('',#271,#272,#273);
#271 = CARTESIAN_POINT('',(-27.15,-36.75,-1.5));
#272 = DIRECTION('',(0.,0.,1.));
#273 = DIRECTION('',(-1.,0.,0.));
#274 = CYLINDRICAL_SURFACE('',#275,11.2);
#275 = AXIS2_PLACEMENT_3D('',#276,#277,#278);
#276 = CARTESIAN_POINT('',(-27.15,-36.75,0.));
#277 = DIRECTION('',(0.,0.,1.));
#278 = DIRECTION('',(1.,0.,0.));
#279 = ADVANCED_FACE('',(#280),#298,.F.);
#280 = FACE_BOUND('',#281,.F.);
#281 = EDGE_LOOP('',(#282,#283,#284,#292));
#282 = ORIENTED_EDGE('',*,*,#89,.F.);
#283 = ORIENTED_EDGE('',*,*,#187,.T.);
#284 = ORIENTED_EDGE('',*,*,#285,.T.);
#285 = EDGE_CURVE('',#178,#286,#288,.T.);
#286 = VERTEX_POINT('',#287);
#287 = CARTESIAN_POINT('',(4.32,-47.13560163693,-11.49999999999));
#288 = LINE('',#289,#290);
#289 = CARTESIAN_POINT('',(4.32,-47.10651142477,-11.60971427219));
#290 = VECTOR('',#291,1.);
#291 = DIRECTION('',(0.,-0.256289373133,0.966600102017));
#292 = ORIENTED_EDGE('',*,*,#293,.F.);
#293 = EDGE_CURVE('',#81,#286,#294,.T.);
#294 = LINE('',#295,#296);
#295 = CARTESIAN_POINT('',(4.32,-47.95,-11.49999999999));
#296 = VECTOR('',#297,1.);
#297 = DIRECTION('',(0.,1.,-2.2E-16));
#298 = PLANE('',#299);
#299 = AXIS2_PLACEMENT_3D('',#300,#301,#302);
#300 = CARTESIAN_POINT('',(4.32,-47.95,-12.69999999999));
#301 = DIRECTION('',(1.,0.,0.));
#302 = DIRECTION('',(0.,2.2E-16,1.));
#303 = ADVANCED_FACE('',(#304),#371,.F.);
#304 = FACE_BOUND('',#305,.F.);
#305 = EDGE_LOOP('',(#306,#316,#324,#332,#338,#339,#340,#348,#356,#365)
  );
#306 = ORIENTED_EDGE('',*,*,#307,.F.);
#307 = EDGE_CURVE('',#308,#310,#312,.T.);
#308 = VERTEX_POINT('',#309);
#309 = CARTESIAN_POINT('',(-37.52120327386,4.13,-12.2));
#310 = VERTEX_POINT('',#311);
#311 = CARTESIAN_POINT('',(-37.35,4.13,-12.2));
#312 = LINE('',#313,#314);
#313 = CARTESIAN_POINT('',(-18.075,4.13,-12.2));
#314 = VECTOR('',#315,1.);
#315 = DIRECTION('',(1.,0.,0.));
#316 = ORIENTED_EDGE('',*,*,#317,.T.);
#317 = EDGE_CURVE('',#308,#318,#320,.T.);
#318 = VERTEX_POINT('',#319);
#319 = CARTESIAN_POINT('',(-37.52120327386,5.130000000049,-12.2));
#320 = LINE('',#321,#322);
#321 = CARTESIAN_POINT('',(-37.52120327386,8.817746858169,-12.2));
#322 = VECTOR('',#323,1.);
#323 = DIRECTION('',(0.,1.,0.));
#324 = ORIENTED_EDGE('',*,*,#325,.T.);
#325 = EDGE_CURVE('',#318,#326,#328,.T.);
#326 = VERTEX_POINT('',#327);
#327 = CARTESIAN_POINT('',(-38.35,5.130000000049,-12.2));
#328 = LINE('',#329,#330);
#329 = CARTESIAN_POINT('',(-19.175,5.130000000049,-12.2));
#330 = VECTOR('',#331,1.);
#331 = DIRECTION('',(-1.,0.,0.));
#332 = ORIENTED_EDGE('',*,*,#333,.T.);
#333 = EDGE_CURVE('',#326,#253,#334,.T.);
#334 = LINE('',#335,#336);
#335 = CARTESIAN_POINT('',(-38.35,36.75,-12.2));
#336 = VECTOR('',#337,1.);
#337 = DIRECTION('',(0.,-1.,0.));
#338 = ORIENTED_EDGE('',*,*,#260,.T.);
#339 = ORIENTED_EDGE('',*,*,#47,.T.);
#340 = ORIENTED_EDGE('',*,*,#341,.F.);
#341 = EDGE_CURVE('',#342,#48,#344,.T.);
#342 = VERTEX_POINT('',#343);
#343 = CARTESIAN_POINT('',(-4.82,-46.95,-12.2));
#344 = LINE('',#345,#346);
#345 = CARTESIAN_POINT('',(-4.82,-23.975,-12.2));
#346 = VECTOR('',#347,1.);
#347 = DIRECTION('',(0.,-1.,0.));
#348 = ORIENTED_EDGE('',*,*,#349,.F.);
#349 = EDGE_CURVE('',#350,#342,#352,.T.);
#350 = VERTEX_POINT('',#351);
#351 = CARTESIAN_POINT('',(-27.15,-46.95,-12.2));
#352 = LINE('',#353,#354);
#353 = CARTESIAN_POINT('',(-27.15,-46.95,-12.2));
#354 = VECTOR('',#355,1.);
#355 = DIRECTION('',(1.,0.,0.));
#356 = ORIENTED_EDGE('',*,*,#357,.F.);
#357 = EDGE_CURVE('',#358,#350,#360,.T.);
#358 = VERTEX_POINT('',#359);
#359 = CARTESIAN_POINT('',(-37.35,-36.75,-12.2));
#360 = CIRCLE('',#361,10.2);
#361 = AXIS2_PLACEMENT_3D('',#362,#363,#364);
#362 = CARTESIAN_POINT('',(-27.15,-36.75,-12.2));
#363 = DIRECTION('',(0.,0.,1.));
#364 = DIRECTION('',(1.,0.,0.));
#365 = ORIENTED_EDGE('',*,*,#366,.F.);
#366 = EDGE_CURVE('',#310,#358,#367,.T.);
#367 = LINE('',#368,#369);
#368 = CARTESIAN_POINT('',(-37.35,36.75,-12.2));
#369 = VECTOR('',#370,1.);
#370 = DIRECTION('',(0.,-1.,0.));
#371 = PLANE('',#372);
#372 = AXIS2_PLACEMENT_3D('',#373,#374,#375);
#373 = CARTESIAN_POINT('',(-4.63E-15,-9.7E-15,-12.2));
#374 = DIRECTION('',(0.,0.,1.));
#375 = DIRECTION('',(1.,0.,0.));
#376 = ADVANCED_FACE('',(#377),#413,.F.);
#377 = FACE_BOUND('',#378,.F.);
#378 = EDGE_LOOP('',(#379,#380,#381,#390,#398,#407));
#379 = ORIENTED_EDGE('',*,*,#80,.F.);
#380 = ORIENTED_EDGE('',*,*,#293,.T.);
#381 = ORIENTED_EDGE('',*,*,#382,.T.);
#382 = EDGE_CURVE('',#286,#383,#385,.T.);
#383 = VERTEX_POINT('',#384);
#384 = CARTESIAN_POINT('',(4.068528137426,-47.32120327387,-10.8));
#385 = ELLIPSE('',#386,1.13800939779,1.1);
#386 = AXIS2_PLACEMENT_3D('',#387,#388,#389);
#387 = CARTESIAN_POINT('',(3.22,-47.13560163693,-11.49999999999));
#388 = DIRECTION('',(-0.,-0.966600102017,-0.256289373133));
#389 = DIRECTION('',(0.,-0.256289373133,0.966600102017));
#390 = ORIENTED_EDGE('',*,*,#391,.F.);
#391 = EDGE_CURVE('',#392,#383,#394,.T.);
#392 = VERTEX_POINT('',#393);
#393 = CARTESIAN_POINT('',(4.068528137426,-45.75,-10.8));
#394 = LINE('',#395,#396);
#395 = CARTESIAN_POINT('',(4.068528137426,-47.95,-10.8));
#396 = VECTOR('',#397,1.);
#397 = DIRECTION('',(0.,-1.,2.2E-16));
#398 = ORIENTED_EDGE('',*,*,#399,.T.);
#399 = EDGE_CURVE('',#392,#400,#402,.T.);
#400 = VERTEX_POINT('',#401);
#401 = CARTESIAN_POINT('',(3.22,-45.75,-10.39999999999));
#402 = CIRCLE('',#403,1.1);
#403 = AXIS2_PLACEMENT_3D('',#404,#405,#406);
#404 = CARTESIAN_POINT('',(3.22,-45.75,-11.49999999999));
#405 = DIRECTION('',(0.,-1.,0.));
#406 = DIRECTION('',(1.,0.,0.));
#407 = ORIENTED_EDGE('',*,*,#408,.F.);
#408 = EDGE_CURVE('',#73,#400,#409,.T.);
#409 = LINE('',#410,#411);
#410 = CARTESIAN_POINT('',(3.22,-47.95,-10.39999999999));
#411 = VECTOR('',#412,1.);
#412 = DIRECTION('',(0.,1.,-2.2E-16));
#413 = CYLINDRICAL_SURFACE('',#414,1.1);
#414 = AXIS2_PLACEMENT_3D('',#415,#416,#417);
#415 = CARTESIAN_POINT('',(3.22,-47.95,-11.49999999999));
#416 = DIRECTION('',(0.,-1.,2.2E-16));
#417 = DIRECTION('',(1.,0.,0.));
#418 = ADVANCED_FACE('',(#419),#437,.F.);
#419 = FACE_BOUND('',#420,.F.);
#420 = EDGE_LOOP('',(#421,#422,#430,#436));
#421 = ORIENTED_EDGE('',*,*,#55,.F.);
#422 = ORIENTED_EDGE('',*,*,#423,.T.);
#423 = EDGE_CURVE('',#56,#424,#426,.T.);
#424 = VERTEX_POINT('',#425);
#425 = CARTESIAN_POINT('',(-4.82,-47.13560163693,-11.5));
#426 = LINE('',#427,#428);
#427 = CARTESIAN_POINT('',(-4.82,-47.95,-11.5));
#428 = VECTOR('',#429,1.);
#429 = DIRECTION('',(0.,1.,-2.2E-16));
#430 = ORIENTED_EDGE('',*,*,#431,.T.);
#431 = EDGE_CURVE('',#424,#342,#432,.T.);
#432 = LINE('',#433,#434);
#433 = CARTESIAN_POINT('',(-4.82,-47.2551490253,-11.04912481786));
#434 = VECTOR('',#435,1.);
#435 = DIRECTION('',(0.,0.256289373133,-0.966600102017));
#436 = ORIENTED_EDGE('',*,*,#341,.T.);
#437 = PLANE('',#438);
#438 = AXIS2_PLACEMENT_3D('',#439,#440,#441);
#439 = CARTESIAN_POINT('',(-4.82,-47.95,-11.5));
#440 = DIRECTION('',(-1.,0.,0.));
#441 = DIRECTION('',(-0.,-2.2E-16,-1.));
#442 = ADVANCED_FACE('',(#443),#461,.F.);
#443 = FACE_BOUND('',#444,.F.);
#444 = EDGE_LOOP('',(#445,#446,#454,#460));
#445 = ORIENTED_EDGE('',*,*,#408,.T.);
#446 = ORIENTED_EDGE('',*,*,#447,.T.);
#447 = EDGE_CURVE('',#400,#448,#450,.T.);
#448 = VERTEX_POINT('',#449);
#449 = CARTESIAN_POINT('',(-3.72,-45.75,-10.39999999999));
#450 = LINE('',#451,#452);
#451 = CARTESIAN_POINT('',(3.22,-45.75,-10.39999999999));
#452 = VECTOR('',#453,1.);
#453 = DIRECTION('',(-1.,0.,0.));
#454 = ORIENTED_EDGE('',*,*,#455,.F.);
#455 = EDGE_CURVE('',#64,#448,#456,.T.);
#456 = LINE('',#457,#458);
#457 = CARTESIAN_POINT('',(-3.72,-47.95,-10.39999999999));
#458 = VECTOR('',#459,1.);
#459 = DIRECTION('',(0.,1.,-2.2E-16));
#460 = ORIENTED_EDGE('',*,*,#72,.F.);
#461 = PLANE('',#462);
#462 = AXIS2_PLACEMENT_3D('',#463,#464,#465);
#463 = CARTESIAN_POINT('',(3.22,-47.95,-10.39999999999));
#464 = DIRECTION('',(0.,2.2E-16,1.));
#465 = DIRECTION('',(-1.,0.,0.));
#466 = ADVANCED_FACE('',(#467),#496,.F.);
#467 = FACE_BOUND('',#468,.F.);
#468 = EDGE_LOOP('',(#469,#470,#471,#480,#488,#495));
#469 = ORIENTED_EDGE('',*,*,#63,.F.);
#470 = ORIENTED_EDGE('',*,*,#455,.T.);
#471 = ORIENTED_EDGE('',*,*,#472,.T.);
#472 = EDGE_CURVE('',#448,#473,#475,.T.);
#473 = VERTEX_POINT('',#474);
#474 = CARTESIAN_POINT('',(-4.568528137426,-45.75,-10.8));
#475 = CIRCLE('',#476,1.1);
#476 = AXIS2_PLACEMENT_3D('',#477,#478,#479);
#477 = CARTESIAN_POINT('',(-3.72,-45.75,-11.49999999999));
#478 = DIRECTION('',(0.,-1.,0.));
#479 = DIRECTION('',(1.,0.,0.));
#480 = ORIENTED_EDGE('',*,*,#481,.T.);
#481 = EDGE_CURVE('',#473,#482,#484,.T.);
#482 = VERTEX_POINT('',#483);
#483 = CARTESIAN_POINT('',(-4.568528137426,-47.32120327387,-10.8));
#484 = LINE('',#485,#486);
#485 = CARTESIAN_POINT('',(-4.568528137426,-47.95,-10.8));
#486 = VECTOR('',#487,1.);
#487 = DIRECTION('',(0.,-1.,2.2E-16));
#488 = ORIENTED_EDGE('',*,*,#489,.T.);
#489 = EDGE_CURVE('',#482,#424,#490,.T.);
#490 = ELLIPSE('',#491,1.13800939779,1.1);
#491 = AXIS2_PLACEMENT_3D('',#492,#493,#494);
#492 = CARTESIAN_POINT('',(-3.72,-47.13560163693,-11.49999999999));
#493 = DIRECTION('',(-0.,-0.966600102017,-0.256289373133));
#494 = DIRECTION('',(0.,-0.256289373133,0.966600102017));
#495 = ORIENTED_EDGE('',*,*,#423,.F.);
#496 = CYLINDRICAL_SURFACE('',#497,1.1);
#497 = AXIS2_PLACEMENT_3D('',#498,#499,#500);
#498 = CARTESIAN_POINT('',(-3.72,-47.95,-11.49999999999));
#499 = DIRECTION('',(0.,-1.,2.2E-16));
#500 = DIRECTION('',(1.,0.,0.));
#501 = ADVANCED_FACE('',(#502),#522,.T.);
#502 = FACE_BOUND('',#503,.F.);
#503 = EDGE_LOOP('',(#504,#505,#514,#521));
#504 = ORIENTED_EDGE('',*,*,#154,.F.);
#505 = ORIENTED_EDGE('',*,*,#506,.T.);
#506 = EDGE_CURVE('',#155,#507,#509,.T.);
#507 = VERTEX_POINT('',#508);
#508 = CARTESIAN_POINT('',(36.85,-36.75,0.));
#509 = CIRCLE('',#510,9.7);
#510 = AXIS2_PLACEMENT_3D('',#511,#512,#513);
#511 = CARTESIAN_POINT('',(27.15,-36.75,0.));
#512 = DIRECTION('',(0.,0.,1.));
#513 = DIRECTION('',(-3.2E-16,-1.,0.));
#514 = ORIENTED_EDGE('',*,*,#515,.T.);
#515 = EDGE_CURVE('',#507,#122,#516,.T.);
#516 = CIRCLE('',#517,1.5);
#517 = AXIS2_PLACEMENT_3D('',#518,#519,#520);
#518 = CARTESIAN_POINT('',(36.85,-36.75,-1.5));
#519 = DIRECTION('',(0.,1.,0.));
#520 = DIRECTION('',(0.,0.,1.));
#521 = ORIENTED_EDGE('',*,*,#129,.F.);
#522 = TOROIDAL_SURFACE('',#523,9.7,1.5);
#523 = AXIS2_PLACEMENT_3D('',#524,#525,#526);
#524 = CARTESIAN_POINT('',(27.15,-36.75,-1.5));
#525 = DIRECTION('',(-0.,-0.,-1.));
#526 = DIRECTION('',(-3.2E-16,-1.,0.));
#527 = ADVANCED_FACE('',(#528),#610,.T.);
#528 = FACE_BOUND('',#529,.T.);
#529 = EDGE_LOOP('',(#530,#540,#546,#547,#548,#556,#564,#572,#580,#588,
    #596,#604));
#530 = ORIENTED_EDGE('',*,*,#531,.F.);
#531 = EDGE_CURVE('',#532,#534,#536,.T.);
#532 = VERTEX_POINT('',#533);
#533 = CARTESIAN_POINT('',(38.35,36.75,-1.5));
#534 = VERTEX_POINT('',#535);
#535 = CARTESIAN_POINT('',(38.35,36.75,-12.2));
#536 = LINE('',#537,#538);
#537 = CARTESIAN_POINT('',(38.35,36.75,0.));
#538 = VECTOR('',#539,1.);
#539 = DIRECTION('',(-0.,-0.,-1.));
#540 = ORIENTED_EDGE('',*,*,#541,.F.);
#541 = EDGE_CURVE('',#122,#532,#542,.T.);
#542 = LINE('',#543,#544);
#543 = CARTESIAN_POINT('',(38.35,-36.75,-1.5));
#544 = VECTOR('',#545,1.);
#545 = DIRECTION('',(0.,1.,0.));
#546 = ORIENTED_EDGE('',*,*,#121,.T.);
#547 = ORIENTED_EDGE('',*,*,#195,.T.);
#548 = ORIENTED_EDGE('',*,*,#549,.F.);
#549 = EDGE_CURVE('',#550,#196,#552,.T.);
#550 = VERTEX_POINT('',#551);
#551 = CARTESIAN_POINT('',(38.35,5.13,-5.2));
#552 = LINE('',#553,#554);
#553 = CARTESIAN_POINT('',(38.35,5.13,-5.2));
#554 = VECTOR('',#555,1.);
#555 = DIRECTION('',(0.,0.,-1.));
#556 = ORIENTED_EDGE('',*,*,#557,.F.);
#557 = EDGE_CURVE('',#558,#550,#560,.T.);
#558 = VERTEX_POINT('',#559);
#559 = CARTESIAN_POINT('',(38.35,9.83,-5.2));
#560 = LINE('',#561,#562);
#561 = CARTESIAN_POINT('',(38.35,9.83,-5.2));
#562 = VECTOR('',#563,1.);
#563 = DIRECTION('',(0.,-1.,0.));
#564 = ORIENTED_EDGE('',*,*,#565,.F.);
#565 = EDGE_CURVE('',#566,#558,#568,.T.);
#566 = VERTEX_POINT('',#567);
#567 = CARTESIAN_POINT('',(38.35,9.83,-12.2));
#568 = LINE('',#569,#570);
#569 = CARTESIAN_POINT('',(38.35,9.83,-13.7));
#570 = VECTOR('',#571,1.);
#571 = DIRECTION('',(0.,0.,1.));
#572 = ORIENTED_EDGE('',*,*,#573,.T.);
#573 = EDGE_CURVE('',#566,#574,#576,.T.);
#574 = VERTEX_POINT('',#575);
#575 = CARTESIAN_POINT('',(38.35,14.029999999976,-12.2));
#576 = LINE('',#577,#578);
#577 = CARTESIAN_POINT('',(38.35,-36.75,-12.2));
#578 = VECTOR('',#579,1.);
#579 = DIRECTION('',(0.,1.,0.));
#580 = ORIENTED_EDGE('',*,*,#581,.F.);
#581 = EDGE_CURVE('',#582,#574,#584,.T.);
#582 = VERTEX_POINT('',#583);
#583 = CARTESIAN_POINT('',(38.35,14.029999999976,-5.2));
#584 = LINE('',#585,#586);
#585 = CARTESIAN_POINT('',(38.35,14.029999999976,-5.2));
#586 = VECTOR('',#587,1.);
#587 = DIRECTION('',(0.,0.,-1.));
#588 = ORIENTED_EDGE('',*,*,#589,.F.);
#589 = EDGE_CURVE('',#590,#582,#592,.T.);
#590 = VERTEX_POINT('',#591);
#591 = CARTESIAN_POINT('',(38.35,18.730000000024,-5.2));
#592 = LINE('',#593,#594);
#593 = CARTESIAN_POINT('',(38.35,18.730000000024,-5.2));
#594 = VECTOR('',#595,1.);
#595 = DIRECTION('',(0.,-1.,0.));
#596 = ORIENTED_EDGE('',*,*,#597,.F.);
#597 = EDGE_CURVE('',#598,#590,#600,.T.);
#598 = VERTEX_POINT('',#599);
#599 = CARTESIAN_POINT('',(38.35,18.730000000024,-12.2));
#600 = LINE('',#601,#602);
#601 = CARTESIAN_POINT('',(38.35,18.730000000024,-13.69999999995));
#602 = VECTOR('',#603,1.);
#603 = DIRECTION('',(0.,0.,1.));
#604 = ORIENTED_EDGE('',*,*,#605,.T.);
#605 = EDGE_CURVE('',#598,#534,#606,.T.);
#606 = LINE('',#607,#608);
#607 = CARTESIAN_POINT('',(38.35,-36.75,-12.2));
#608 = VECTOR('',#609,1.);
#609 = DIRECTION('',(0.,1.,0.));
#610 = PLANE('',#611);
#611 = AXIS2_PLACEMENT_3D('',#612,#613,#614);
#612 = CARTESIAN_POINT('',(38.35,-36.75,0.));
#613 = DIRECTION('',(1.,0.,0.));
#614 = DIRECTION('',(0.,1.,0.));
#615 = ADVANCED_FACE('',(#616),#636,.T.);
#616 = FACE_BOUND('',#617,.F.);
#617 = EDGE_LOOP('',(#618,#627,#634,#635));
#618 = ORIENTED_EDGE('',*,*,#619,.F.);
#619 = EDGE_CURVE('',#620,#251,#622,.T.);
#620 = VERTEX_POINT('',#621);
#621 = CARTESIAN_POINT('',(-36.85,-36.75,0.));
#622 = CIRCLE('',#623,1.5);
#623 = AXIS2_PLACEMENT_3D('',#624,#625,#626);
#624 = CARTESIAN_POINT('',(-36.85,-36.75,-1.5));
#625 = DIRECTION('',(0.,-1.,0.));
#626 = DIRECTION('',(0.,0.,1.));
#627 = ORIENTED_EDGE('',*,*,#628,.T.);
#628 = EDGE_CURVE('',#620,#145,#629,.T.);
#629 = CIRCLE('',#630,9.7);
#630 = AXIS2_PLACEMENT_3D('',#631,#632,#633);
#631 = CARTESIAN_POINT('',(-27.15,-36.75,0.));
#632 = DIRECTION('',(0.,0.,1.));
#633 = DIRECTION('',(-1.,0.,0.));
#634 = ORIENTED_EDGE('',*,*,#144,.T.);
#635 = ORIENTED_EDGE('',*,*,#268,.F.);
#636 = TOROIDAL_SURFACE('',#637,9.7,1.5);
#637 = AXIS2_PLACEMENT_3D('',#638,#639,#640);
#638 = CARTESIAN_POINT('',(-27.15,-36.75,-1.5));
#639 = DIRECTION('',(-0.,-0.,-1.));
#640 = DIRECTION('',(-1.,0.,0.));
#641 = ADVANCED_FACE('',(#642,#823,#1115,#1185,#1255,#1325,#1395,#1465,
    #1535,#1605,#1675,#1686),#1697,.T.);
#642 = FACE_BOUND('',#643,.T.);
#643 = EDGE_LOOP('',(#644,#645,#653,#662,#670,#679,#687,#696,#704,#713,
    #721,#730,#738,#747,#755,#764,#772,#781,#789,#798,#806,#815,#821,
    #822));
#644 = ORIENTED_EDGE('',*,*,#506,.T.);
#645 = ORIENTED_EDGE('',*,*,#646,.T.);
#646 = EDGE_CURVE('',#507,#647,#649,.T.);
#647 = VERTEX_POINT('',#648);
#648 = CARTESIAN_POINT('',(36.85,36.75,0.));
#649 = LINE('',#650,#651);
#650 = CARTESIAN_POINT('',(36.85,-36.75,2.2E-16));
#651 = VECTOR('',#652,1.);
#652 = DIRECTION('',(0.,1.,0.));
#653 = ORIENTED_EDGE('',*,*,#654,.T.);
#654 = EDGE_CURVE('',#647,#655,#657,.T.);
#655 = VERTEX_POINT('',#656);
#656 = CARTESIAN_POINT('',(27.15,46.45,0.));
#657 = CIRCLE('',#658,9.7);
#658 = AXIS2_PLACEMENT_3D('',#659,#660,#661);
#659 = CARTESIAN_POINT('',(27.15,36.75,0.));
#660 = DIRECTION('',(0.,0.,1.));
#661 = DIRECTION('',(1.,0.,0.));
#662 = ORIENTED_EDGE('',*,*,#663,.T.);
#663 = EDGE_CURVE('',#655,#664,#666,.T.);
#664 = VERTEX_POINT('',#665);
#665 = CARTESIAN_POINT('',(7.389897948557,46.45,0.));
#666 = LINE('',#667,#668);
#667 = CARTESIAN_POINT('',(27.15,46.45,2.2E-16));
#668 = VECTOR('',#669,1.);
#669 = DIRECTION('',(-1.,0.,0.));
#670 = ORIENTED_EDGE('',*,*,#671,.F.);
#671 = EDGE_CURVE('',#672,#664,#674,.T.);
#672 = VERTEX_POINT('',#673);
#673 = CARTESIAN_POINT('',(7.4,46.35,0.));
#674 = CIRCLE('',#675,0.5);
#675 = AXIS2_PLACEMENT_3D('',#676,#677,#678);
#676 = CARTESIAN_POINT('',(6.9,46.35,0.));
#677 = DIRECTION('',(0.,0.,1.));
#678 = DIRECTION('',(1.,0.,0.));
#679 = ORIENTED_EDGE('',*,*,#680,.F.);
#680 = EDGE_CURVE('',#681,#672,#683,.T.);
#681 = VERTEX_POINT('',#682);
#682 = CARTESIAN_POINT('',(7.4,38.35,0.));
#683 = LINE('',#684,#685);
#684 = CARTESIAN_POINT('',(7.4,38.35,0.));
#685 = VECTOR('',#686,1.);
#686 = DIRECTION('',(0.,1.,0.));
#687 = ORIENTED_EDGE('',*,*,#688,.F.);
#688 = EDGE_CURVE('',#689,#681,#691,.T.);
#689 = VERTEX_POINT('',#690);
#690 = CARTESIAN_POINT('',(6.9,37.85,0.));
#691 = CIRCLE('',#692,0.5);
#692 = AXIS2_PLACEMENT_3D('',#693,#694,#695);
#693 = CARTESIAN_POINT('',(6.9,38.35,0.));
#694 = DIRECTION('',(0.,0.,1.));
#695 = DIRECTION('',(1.,0.,0.));
#696 = ORIENTED_EDGE('',*,*,#697,.F.);
#697 = EDGE_CURVE('',#698,#689,#700,.T.);
#698 = VERTEX_POINT('',#699);
#699 = CARTESIAN_POINT('',(6.5,37.85,0.));
#700 = LINE('',#701,#702);
#701 = CARTESIAN_POINT('',(6.5,37.85,0.));
#702 = VECTOR('',#703,1.);
#703 = DIRECTION('',(1.,0.,0.));
#704 = ORIENTED_EDGE('',*,*,#705,.F.);
#705 = EDGE_CURVE('',#706,#698,#708,.T.);
#706 = VERTEX_POINT('',#707);
#707 = CARTESIAN_POINT('',(6.,38.35,0.));
#708 = CIRCLE('',#709,0.5);
#709 = AXIS2_PLACEMENT_3D('',#710,#711,#712);
#710 = CARTESIAN_POINT('',(6.5,38.35,0.));
#711 = DIRECTION('',(0.,0.,1.));
#712 = DIRECTION('',(1.,0.,0.));
#713 = ORIENTED_EDGE('',*,*,#714,.F.);
#714 = EDGE_CURVE('',#715,#706,#717,.T.);
#715 = VERTEX_POINT('',#716);
#716 = CARTESIAN_POINT('',(6.,46.35,0.));
#717 = LINE('',#718,#719);
#718 = CARTESIAN_POINT('',(6.,46.35,0.));
#719 = VECTOR('',#720,1.);
#720 = DIRECTION('',(0.,-1.,0.));
#721 = ORIENTED_EDGE('',*,*,#722,.F.);
#722 = EDGE_CURVE('',#723,#715,#725,.T.);
#723 = VERTEX_POINT('',#724);
#724 = CARTESIAN_POINT('',(6.010102051443,46.45,0.));
#725 = CIRCLE('',#726,0.5);
#726 = AXIS2_PLACEMENT_3D('',#727,#728,#729);
#727 = CARTESIAN_POINT('',(6.5,46.35,0.));
#728 = DIRECTION('',(0.,0.,1.));
#729 = DIRECTION('',(1.,0.,0.));
#730 = ORIENTED_EDGE('',*,*,#731,.T.);
#731 = EDGE_CURVE('',#723,#732,#734,.T.);
#732 = VERTEX_POINT('',#733);
#733 = CARTESIAN_POINT('',(-6.010102051443,46.45,0.));
#734 = LINE('',#735,#736);
#735 = CARTESIAN_POINT('',(27.15,46.45,2.2E-16));
#736 = VECTOR('',#737,1.);
#737 = DIRECTION('',(-1.,0.,0.));
#738 = ORIENTED_EDGE('',*,*,#739,.F.);
#739 = EDGE_CURVE('',#740,#732,#742,.T.);
#740 = VERTEX_POINT('',#741);
#741 = CARTESIAN_POINT('',(-6.,46.35,0.));
#742 = CIRCLE('',#743,0.5);
#743 = AXIS2_PLACEMENT_3D('',#744,#745,#746);
#744 = CARTESIAN_POINT('',(-6.5,46.35,0.));
#745 = DIRECTION('',(0.,0.,1.));
#746 = DIRECTION('',(1.,0.,0.));
#747 = ORIENTED_EDGE('',*,*,#748,.F.);
#748 = EDGE_CURVE('',#749,#740,#751,.T.);
#749 = VERTEX_POINT('',#750);
#750 = CARTESIAN_POINT('',(-6.,38.35,0.));
#751 = LINE('',#752,#753);
#752 = CARTESIAN_POINT('',(-6.,38.35,0.));
#753 = VECTOR('',#754,1.);
#754 = DIRECTION('',(0.,1.,0.));
#755 = ORIENTED_EDGE('',*,*,#756,.F.);
#756 = EDGE_CURVE('',#757,#749,#759,.T.);
#757 = VERTEX_POINT('',#758);
#758 = CARTESIAN_POINT('',(-6.5,37.85,0.));
#759 = CIRCLE('',#760,0.5);
#760 = AXIS2_PLACEMENT_3D('',#761,#762,#763);
#761 = CARTESIAN_POINT('',(-6.5,38.35,0.));
#762 = DIRECTION('',(0.,0.,1.));
#763 = DIRECTION('',(1.,0.,0.));
#764 = ORIENTED_EDGE('',*,*,#765,.F.);
#765 = EDGE_CURVE('',#766,#757,#768,.T.);
#766 = VERTEX_POINT('',#767);
#767 = CARTESIAN_POINT('',(-6.9,37.85,0.));
#768 = LINE('',#769,#770);
#769 = CARTESIAN_POINT('',(-6.9,37.85,0.));
#770 = VECTOR('',#771,1.);
#771 = DIRECTION('',(1.,0.,0.));
#772 = ORIENTED_EDGE('',*,*,#773,.F.);
#773 = EDGE_CURVE('',#774,#766,#776,.T.);
#774 = VERTEX_POINT('',#775);
#775 = CARTESIAN_POINT('',(-7.4,38.35,0.));
#776 = CIRCLE('',#777,0.5);
#777 = AXIS2_PLACEMENT_3D('',#778,#779,#780);
#778 = CARTESIAN_POINT('',(-6.9,38.35,0.));
#779 = DIRECTION('',(0.,0.,1.));
#780 = DIRECTION('',(1.,0.,0.));
#781 = ORIENTED_EDGE('',*,*,#782,.F.);
#782 = EDGE_CURVE('',#783,#774,#785,.T.);
#783 = VERTEX_POINT('',#784);
#784 = CARTESIAN_POINT('',(-7.4,46.35,0.));
#785 = LINE('',#786,#787);
#786 = CARTESIAN_POINT('',(-7.4,46.35,0.));
#787 = VECTOR('',#788,1.);
#788 = DIRECTION('',(0.,-1.,0.));
#789 = ORIENTED_EDGE('',*,*,#790,.F.);
#790 = EDGE_CURVE('',#791,#783,#793,.T.);
#791 = VERTEX_POINT('',#792);
#792 = CARTESIAN_POINT('',(-7.389897948557,46.45,0.));
#793 = CIRCLE('',#794,0.5);
#794 = AXIS2_PLACEMENT_3D('',#795,#796,#797);
#795 = CARTESIAN_POINT('',(-6.9,46.35,0.));
#796 = DIRECTION('',(0.,0.,1.));
#797 = DIRECTION('',(1.,0.,0.));
#798 = ORIENTED_EDGE('',*,*,#799,.T.);
#799 = EDGE_CURVE('',#791,#800,#802,.T.);
#800 = VERTEX_POINT('',#801);
#801 = CARTESIAN_POINT('',(-27.15,46.45,0.));
#802 = LINE('',#803,#804);
#803 = CARTESIAN_POINT('',(27.15,46.45,2.2E-16));
#804 = VECTOR('',#805,1.);
#805 = DIRECTION('',(-1.,0.,0.));
#806 = ORIENTED_EDGE('',*,*,#807,.T.);
#807 = EDGE_CURVE('',#800,#808,#810,.T.);
#808 = VERTEX_POINT('',#809);
#809 = CARTESIAN_POINT('',(-36.85,36.75,0.));
#810 = CIRCLE('',#811,9.7);
#811 = AXIS2_PLACEMENT_3D('',#812,#813,#814);
#812 = CARTESIAN_POINT('',(-27.15,36.75,0.));
#813 = DIRECTION('',(0.,-0.,1.));
#814 = DIRECTION('',(0.,1.,0.));
#815 = ORIENTED_EDGE('',*,*,#816,.T.);
#816 = EDGE_CURVE('',#808,#620,#817,.T.);
#817 = LINE('',#818,#819);
#818 = CARTESIAN_POINT('',(-36.85,36.75,2.2E-16));
#819 = VECTOR('',#820,1.);
#820 = DIRECTION('',(0.,-1.,0.));
#821 = ORIENTED_EDGE('',*,*,#628,.T.);
#822 = ORIENTED_EDGE('',*,*,#163,.T.);
#823 = FACE_BOUND('',#824,.T.);
#824 = EDGE_LOOP('',(#825,#835,#843,#851,#859,#867,#875,#883,#891,#899,
    #907,#915,#923,#931,#939,#947,#956,#964,#972,#980,#988,#996,#1005,
    #1013,#1021,#1029,#1037,#1045,#1053,#1061,#1069,#1077,#1085,#1093,
    #1101,#1109));
#825 = ORIENTED_EDGE('',*,*,#826,.F.);
#826 = EDGE_CURVE('',#827,#829,#831,.T.);
#827 = VERTEX_POINT('',#828);
#828 = CARTESIAN_POINT('',(32.7,-10.,0.));
#829 = VERTEX_POINT('',#830);
#830 = CARTESIAN_POINT('',(-32.7,-10.,0.));
#831 = LINE('',#832,#833);
#832 = CARTESIAN_POINT('',(32.7,-10.,0.));
#833 = VECTOR('',#834,1.);
#834 = DIRECTION('',(-1.,0.,0.));
#835 = ORIENTED_EDGE('',*,*,#836,.T.);
#836 = EDGE_CURVE('',#827,#837,#839,.T.);
#837 = VERTEX_POINT('',#838);
#838 = CARTESIAN_POINT('',(32.7,-11.4,0.));
#839 = LINE('',#840,#841);
#840 = CARTESIAN_POINT('',(32.7,-10.,0.));
#841 = VECTOR('',#842,1.);
#842 = DIRECTION('',(0.,-1.,0.));
#843 = ORIENTED_EDGE('',*,*,#844,.T.);
#844 = EDGE_CURVE('',#837,#845,#847,.T.);
#845 = VERTEX_POINT('',#846);
#846 = CARTESIAN_POINT('',(31.65,-11.4,0.));
#847 = LINE('',#848,#849);
#848 = CARTESIAN_POINT('',(32.7,-11.4,0.));
#849 = VECTOR('',#850,1.);
#850 = DIRECTION('',(-1.,0.,0.));
#851 = ORIENTED_EDGE('',*,*,#852,.T.);
#852 = EDGE_CURVE('',#845,#853,#855,.T.);
#853 = VERTEX_POINT('',#854);
#854 = CARTESIAN_POINT('',(31.65,-17.6,0.));
#855 = LINE('',#856,#857);
#856 = CARTESIAN_POINT('',(31.65,-11.4,0.));
#857 = VECTOR('',#858,1.);
#858 = DIRECTION('',(0.,-1.,0.));
#859 = ORIENTED_EDGE('',*,*,#860,.T.);
#860 = EDGE_CURVE('',#853,#861,#863,.T.);
#861 = VERTEX_POINT('',#862);
#862 = CARTESIAN_POINT('',(32.700000000003,-17.6,0.));
#863 = LINE('',#864,#865);
#864 = CARTESIAN_POINT('',(31.65,-17.6,0.));
#865 = VECTOR('',#866,1.);
#866 = DIRECTION('',(1.,0.,0.));
#867 = ORIENTED_EDGE('',*,*,#868,.T.);
#868 = EDGE_CURVE('',#861,#869,#871,.T.);
#869 = VERTEX_POINT('',#870);
#870 = CARTESIAN_POINT('',(32.700000000003,-19.3,0.));
#871 = LINE('',#872,#873);
#872 = CARTESIAN_POINT('',(32.700000000003,-17.6,0.));
#873 = VECTOR('',#874,1.);
#874 = DIRECTION('',(0.,-1.,0.));
#875 = ORIENTED_EDGE('',*,*,#876,.T.);
#876 = EDGE_CURVE('',#869,#877,#879,.T.);
#877 = VERTEX_POINT('',#878);
#878 = CARTESIAN_POINT('',(31.650000000003,-19.3,0.));
#879 = LINE('',#880,#881);
#880 = CARTESIAN_POINT('',(32.700000000003,-19.3,0.));
#881 = VECTOR('',#882,1.);
#882 = DIRECTION('',(-1.,0.,0.));
#883 = ORIENTED_EDGE('',*,*,#884,.T.);
#884 = EDGE_CURVE('',#877,#885,#887,.T.);
#885 = VERTEX_POINT('',#886);
#886 = CARTESIAN_POINT('',(31.650000000003,-25.5,0.));
#887 = LINE('',#888,#889);
#888 = CARTESIAN_POINT('',(31.650000000003,-19.3,0.));
#889 = VECTOR('',#890,1.);
#890 = DIRECTION('',(0.,-1.,0.));
#891 = ORIENTED_EDGE('',*,*,#892,.T.);
#892 = EDGE_CURVE('',#885,#893,#895,.T.);
#893 = VERTEX_POINT('',#894);
#894 = CARTESIAN_POINT('',(32.700000000024,-25.5,0.));
#895 = LINE('',#896,#897);
#896 = CARTESIAN_POINT('',(31.650000000003,-25.5,0.));
#897 = VECTOR('',#898,1.);
#898 = DIRECTION('',(1.,0.,0.));
#899 = ORIENTED_EDGE('',*,*,#900,.T.);
#900 = EDGE_CURVE('',#893,#901,#903,.T.);
#901 = VERTEX_POINT('',#902);
#902 = CARTESIAN_POINT('',(32.700000000024,-27.20000000003,0.));
#903 = LINE('',#904,#905);
#904 = CARTESIAN_POINT('',(32.700000000024,-25.5,0.));
#905 = VECTOR('',#906,1.);
#906 = DIRECTION('',(0.,-1.,0.));
#907 = ORIENTED_EDGE('',*,*,#908,.T.);
#908 = EDGE_CURVE('',#901,#909,#911,.T.);
#909 = VERTEX_POINT('',#910);
#910 = CARTESIAN_POINT('',(31.650000000024,-27.20000000003,0.));
#911 = LINE('',#912,#913);
#912 = CARTESIAN_POINT('',(32.700000000024,-27.20000000003,0.));
#913 = VECTOR('',#914,1.);
#914 = DIRECTION('',(-1.,0.,0.));
#915 = ORIENTED_EDGE('',*,*,#916,.T.);
#916 = EDGE_CURVE('',#909,#917,#919,.T.);
#917 = VERTEX_POINT('',#918);
#918 = CARTESIAN_POINT('',(31.650000000024,-33.40000000003,0.));
#919 = LINE('',#920,#921);
#920 = CARTESIAN_POINT('',(31.650000000024,-27.20000000003,0.));
#921 = VECTOR('',#922,1.);
#922 = DIRECTION('',(0.,-1.,0.));
#923 = ORIENTED_EDGE('',*,*,#924,.T.);
#924 = EDGE_CURVE('',#917,#925,#927,.T.);
#925 = VERTEX_POINT('',#926);
#926 = CARTESIAN_POINT('',(32.700000000023,-33.40000000003,0.));
#927 = LINE('',#928,#929);
#928 = CARTESIAN_POINT('',(31.650000000024,-33.40000000003,0.));
#929 = VECTOR('',#930,1.);
#930 = DIRECTION('',(1.,0.,0.));
#931 = ORIENTED_EDGE('',*,*,#932,.T.);
#932 = EDGE_CURVE('',#925,#933,#935,.T.);
#933 = VERTEX_POINT('',#934);
#934 = CARTESIAN_POINT('',(32.700000000023,-35.10000000003,0.));
#935 = LINE('',#936,#937);
#936 = CARTESIAN_POINT('',(32.700000000023,-33.40000000003,0.));
#937 = VECTOR('',#938,1.);
#938 = DIRECTION('',(0.,-1.,0.));
#939 = ORIENTED_EDGE('',*,*,#940,.T.);
#940 = EDGE_CURVE('',#933,#941,#943,.T.);
#941 = VERTEX_POINT('',#942);
#942 = CARTESIAN_POINT('',(25.750000000002,-35.10000000003,0.));
#943 = LINE('',#944,#945);
#944 = CARTESIAN_POINT('',(31.650000000002,-35.10000000003,0.));
#945 = VECTOR('',#946,1.);
#946 = DIRECTION('',(-1.,0.,0.));
#947 = ORIENTED_EDGE('',*,*,#948,.F.);
#948 = EDGE_CURVE('',#949,#941,#951,.T.);
#949 = VERTEX_POINT('',#950);
#950 = CARTESIAN_POINT('',(21.013298775153,-40.52595798465,0.));
#951 = CIRCLE('',#952,5.05);
#952 = AXIS2_PLACEMENT_3D('',#953,#954,#955);
#953 = CARTESIAN_POINT('',(20.714681433023,-35.4847946583,0.));
#954 = DIRECTION('',(0.,0.,1.));
#955 = DIRECTION('',(1.,0.,0.));
#956 = ORIENTED_EDGE('',*,*,#957,.T.);
#957 = EDGE_CURVE('',#949,#958,#960,.T.);
#958 = VERTEX_POINT('',#959);
#959 = CARTESIAN_POINT('',(11.338589477194,-41.22595798465,0.));
#960 = LINE('',#961,#962);
#961 = CARTESIAN_POINT('',(21.013298775153,-40.52595798465,0.));
#962 = VECTOR('',#963,1.);
#963 = DIRECTION('',(-0.99739271113,-7.216494845361E-02,0.));
#964 = ORIENTED_EDGE('',*,*,#965,.T.);
#965 = EDGE_CURVE('',#958,#966,#968,.T.);
#966 = VERTEX_POINT('',#967);
#967 = CARTESIAN_POINT('',(2.8,-41.57595798465,0.));
#968 = LINE('',#969,#970);
#969 = CARTESIAN_POINT('',(11.338589477194,-41.22595798465,0.));
#970 = VECTOR('',#971,1.);
#971 = DIRECTION('',(-0.999160951691,-4.095598389239E-02,0.));
#972 = ORIENTED_EDGE('',*,*,#973,.F.);
#973 = EDGE_CURVE('',#974,#966,#976,.T.);
#974 = VERTEX_POINT('',#975);
#975 = CARTESIAN_POINT('',(-2.8,-41.57595798465,0.));
#976 = LINE('',#977,#978);
#977 = CARTESIAN_POINT('',(-2.8,-41.57595798465,0.));
#978 = VECTOR('',#979,1.);
#979 = DIRECTION('',(1.,0.,0.));
#980 = ORIENTED_EDGE('',*,*,#981,.F.);
#981 = EDGE_CURVE('',#982,#974,#984,.T.);
#982 = VERTEX_POINT('',#983);
#983 = CARTESIAN_POINT('',(-11.33858947721,-41.22595798449,0.));
#984 = LINE('',#985,#986);
#985 = CARTESIAN_POINT('',(-11.33858947721,-41.22595798449,0.));
#986 = VECTOR('',#987,1.);
#987 = DIRECTION('',(0.99916095169,-4.095598391172E-02,0.));
#988 = ORIENTED_EDGE('',*,*,#989,.F.);
#989 = EDGE_CURVE('',#990,#982,#992,.T.);
#990 = VERTEX_POINT('',#991);
#991 = CARTESIAN_POINT('',(-21.01329877517,-40.52595798449,0.));
#992 = LINE('',#993,#994);
#993 = CARTESIAN_POINT('',(-21.01329877517,-40.52595798449,0.));
#994 = VECTOR('',#995,1.);
#995 = DIRECTION('',(0.99739271113,-7.216494845361E-02,0.));
#996 = ORIENTED_EDGE('',*,*,#997,.F.);
#997 = EDGE_CURVE('',#998,#990,#1000,.T.);
#998 = VERTEX_POINT('',#999);
#999 = CARTESIAN_POINT('',(-25.75000000002,-35.09999999986,0.));
#1000 = CIRCLE('',#1001,5.05);
#1001 = AXIS2_PLACEMENT_3D('',#1002,#1003,#1004);
#1002 = CARTESIAN_POINT('',(-20.71468143304,-35.48479465813,0.));
#1003 = DIRECTION('',(0.,0.,1.));
#1004 = DIRECTION('',(1.,0.,0.));
#1005 = ORIENTED_EDGE('',*,*,#1006,.F.);
#1006 = EDGE_CURVE('',#1007,#998,#1009,.T.);
#1007 = VERTEX_POINT('',#1008);
#1008 = CARTESIAN_POINT('',(-32.7,-35.09999999986,0.));
#1009 = LINE('',#1010,#1011);
#1010 = CARTESIAN_POINT('',(-32.7,-35.09999999986,0.));
#1011 = VECTOR('',#1012,1.);
#1012 = DIRECTION('',(1.,0.,0.));
#1013 = ORIENTED_EDGE('',*,*,#1014,.F.);
#1014 = EDGE_CURVE('',#1015,#1007,#1017,.T.);
#1015 = VERTEX_POINT('',#1016);
#1016 = CARTESIAN_POINT('',(-32.7,-33.39999999994,0.));
#1017 = LINE('',#1018,#1019);
#1018 = CARTESIAN_POINT('',(-32.7,-33.39999999994,0.));
#1019 = VECTOR('',#1020,1.);
#1020 = DIRECTION('',(0.,-1.,0.));
#1021 = ORIENTED_EDGE('',*,*,#1022,.F.);
#1022 = EDGE_CURVE('',#1023,#1015,#1025,.T.);
#1023 = VERTEX_POINT('',#1024);
#1024 = CARTESIAN_POINT('',(-31.65,-33.39999999994,0.));
#1025 = LINE('',#1026,#1027);
#1026 = CARTESIAN_POINT('',(-31.65,-33.39999999994,0.));
#1027 = VECTOR('',#1028,1.);
#1028 = DIRECTION('',(-1.,0.,0.));
#1029 = ORIENTED_EDGE('',*,*,#1030,.F.);
#1030 = EDGE_CURVE('',#1031,#1023,#1033,.T.);
#1031 = VERTEX_POINT('',#1032);
#1032 = CARTESIAN_POINT('',(-31.65,-27.19999999995,0.));
#1033 = LINE('',#1034,#1035);
#1034 = CARTESIAN_POINT('',(-31.65,-27.19999999995,0.));
#1035 = VECTOR('',#1036,1.);
#1036 = DIRECTION('',(0.,-1.,0.));
#1037 = ORIENTED_EDGE('',*,*,#1038,.F.);
#1038 = EDGE_CURVE('',#1039,#1031,#1041,.T.);
#1039 = VERTEX_POINT('',#1040);
#1040 = CARTESIAN_POINT('',(-32.7,-27.19999999995,0.));
#1041 = LINE('',#1042,#1043);
#1042 = CARTESIAN_POINT('',(-32.7,-27.19999999995,0.));
#1043 = VECTOR('',#1044,1.);
#1044 = DIRECTION('',(1.,0.,0.));
#1045 = ORIENTED_EDGE('',*,*,#1046,.F.);
#1046 = EDGE_CURVE('',#1047,#1039,#1049,.T.);
#1047 = VERTEX_POINT('',#1048);
#1048 = CARTESIAN_POINT('',(-32.7,-25.49999999999,0.));
#1049 = LINE('',#1050,#1051);
#1050 = CARTESIAN_POINT('',(-32.7,-25.49999999999,0.));
#1051 = VECTOR('',#1052,1.);
#1052 = DIRECTION('',(0.,-1.,0.));
#1053 = ORIENTED_EDGE('',*,*,#1054,.F.);
#1054 = EDGE_CURVE('',#1055,#1047,#1057,.T.);
#1055 = VERTEX_POINT('',#1056);
#1056 = CARTESIAN_POINT('',(-31.64999999998,-25.49999999999,0.));
#1057 = LINE('',#1058,#1059);
#1058 = CARTESIAN_POINT('',(-31.64999999998,-25.49999999999,0.));
#1059 = VECTOR('',#1060,1.);
#1060 = DIRECTION('',(-1.,0.,0.));
#1061 = ORIENTED_EDGE('',*,*,#1062,.F.);
#1062 = EDGE_CURVE('',#1063,#1055,#1065,.T.);
#1063 = VERTEX_POINT('',#1064);
#1064 = CARTESIAN_POINT('',(-31.64999999998,-19.29999999999,0.));
#1065 = LINE('',#1066,#1067);
#1066 = CARTESIAN_POINT('',(-31.64999999998,-19.29999999999,0.));
#1067 = VECTOR('',#1068,1.);
#1068 = DIRECTION('',(0.,-1.,0.));
#1069 = ORIENTED_EDGE('',*,*,#1070,.F.);
#1070 = EDGE_CURVE('',#1071,#1063,#1073,.T.);
#1071 = VERTEX_POINT('',#1072);
#1072 = CARTESIAN_POINT('',(-32.7,-19.29999999999,0.));
#1073 = LINE('',#1074,#1075);
#1074 = CARTESIAN_POINT('',(-32.7,-19.29999999999,0.));
#1075 = VECTOR('',#1076,1.);
#1076 = DIRECTION('',(1.,0.,0.));
#1077 = ORIENTED_EDGE('',*,*,#1078,.F.);
#1078 = EDGE_CURVE('',#1079,#1071,#1081,.T.);
#1079 = VERTEX_POINT('',#1080);
#1080 = CARTESIAN_POINT('',(-32.7,-17.59999999999,0.));
#1081 = LINE('',#1082,#1083);
#1082 = CARTESIAN_POINT('',(-32.7,-17.59999999999,0.));
#1083 = VECTOR('',#1084,1.);
#1084 = DIRECTION('',(0.,-1.,0.));
#1085 = ORIENTED_EDGE('',*,*,#1086,.F.);
#1086 = EDGE_CURVE('',#1087,#1079,#1089,.T.);
#1087 = VERTEX_POINT('',#1088);
#1088 = CARTESIAN_POINT('',(-31.65,-17.59999999999,0.));
#1089 = LINE('',#1090,#1091);
#1090 = CARTESIAN_POINT('',(-31.65,-17.59999999999,0.));
#1091 = VECTOR('',#1092,1.);
#1092 = DIRECTION('',(-1.,0.,0.));
#1093 = ORIENTED_EDGE('',*,*,#1094,.F.);
#1094 = EDGE_CURVE('',#1095,#1087,#1097,.T.);
#1095 = VERTEX_POINT('',#1096);
#1096 = CARTESIAN_POINT('',(-31.65,-11.4,0.));
#1097 = LINE('',#1098,#1099);
#1098 = CARTESIAN_POINT('',(-31.65,-11.4,0.));
#1099 = VECTOR('',#1100,1.);
#1100 = DIRECTION('',(0.,-1.,0.));
#1101 = ORIENTED_EDGE('',*,*,#1102,.F.);
#1102 = EDGE_CURVE('',#1103,#1095,#1105,.T.);
#1103 = VERTEX_POINT('',#1104);
#1104 = CARTESIAN_POINT('',(-32.7,-11.4,0.));
#1105 = LINE('',#1106,#1107);
#1106 = CARTESIAN_POINT('',(-32.7,-11.4,0.));
#1107 = VECTOR('',#1108,1.);
#1108 = DIRECTION('',(1.,0.,0.));
#1109 = ORIENTED_EDGE('',*,*,#1110,.F.);
#1110 = EDGE_CURVE('',#829,#1103,#1111,.T.);
#1111 = LINE('',#1112,#1113);
#1112 = CARTESIAN_POINT('',(-32.7,-10.,0.));
#1113 = VECTOR('',#1114,1.);
#1114 = DIRECTION('',(0.,-1.,0.));
#1115 = FACE_BOUND('',#1116,.T.);
#1116 = EDGE_LOOP('',(#1117,#1127,#1136,#1144,#1153,#1161,#1170,#1178));
#1117 = ORIENTED_EDGE('',*,*,#1118,.F.);
#1118 = EDGE_CURVE('',#1119,#1121,#1123,.T.);
#1119 = VERTEX_POINT('',#1120);
#1120 = CARTESIAN_POINT('',(-28.05,36.,0.));
#1121 = VERTEX_POINT('',#1122);
#1122 = CARTESIAN_POINT('',(-28.05,-5.,0.));
#1123 = LINE('',#1124,#1125);
#1124 = CARTESIAN_POINT('',(-28.05,36.,0.));
#1125 = VECTOR('',#1126,1.);
#1126 = DIRECTION('',(0.,-1.,0.));
#1127 = ORIENTED_EDGE('',*,*,#1128,.F.);
#1128 = EDGE_CURVE('',#1129,#1119,#1131,.T.);
#1129 = VERTEX_POINT('',#1130);
#1130 = CARTESIAN_POINT('',(-27.7,36.35,0.));
#1131 = CIRCLE('',#1132,0.35);
#1132 = AXIS2_PLACEMENT_3D('',#1133,#1134,#1135);
#1133 = CARTESIAN_POINT('',(-27.7,36.,0.));
#1134 = DIRECTION('',(0.,0.,1.));
#1135 = DIRECTION('',(1.,0.,0.));
#1136 = ORIENTED_EDGE('',*,*,#1137,.F.);
#1137 = EDGE_CURVE('',#1138,#1129,#1140,.T.);
#1138 = VERTEX_POINT('',#1139);
#1139 = CARTESIAN_POINT('',(24.9,36.35,0.));
#1140 = LINE('',#1141,#1142);
#1141 = CARTESIAN_POINT('',(24.9,36.35,0.));
#1142 = VECTOR('',#1143,1.);
#1143 = DIRECTION('',(-1.,0.,0.));
#1144 = ORIENTED_EDGE('',*,*,#1145,.F.);
#1145 = EDGE_CURVE('',#1146,#1138,#1148,.T.);
#1146 = VERTEX_POINT('',#1147);
#1147 = CARTESIAN_POINT('',(25.25,36.,0.));
#1148 = CIRCLE('',#1149,0.35);
#1149 = AXIS2_PLACEMENT_3D('',#1150,#1151,#1152);
#1150 = CARTESIAN_POINT('',(24.9,36.,0.));
#1151 = DIRECTION('',(0.,0.,1.));
#1152 = DIRECTION('',(1.,0.,0.));
#1153 = ORIENTED_EDGE('',*,*,#1154,.F.);
#1154 = EDGE_CURVE('',#1155,#1146,#1157,.T.);
#1155 = VERTEX_POINT('',#1156);
#1156 = CARTESIAN_POINT('',(25.25,-5.,0.));
#1157 = LINE('',#1158,#1159);
#1158 = CARTESIAN_POINT('',(25.25,-5.,0.));
#1159 = VECTOR('',#1160,1.);
#1160 = DIRECTION('',(0.,1.,0.));
#1161 = ORIENTED_EDGE('',*,*,#1162,.F.);
#1162 = EDGE_CURVE('',#1163,#1155,#1165,.T.);
#1163 = VERTEX_POINT('',#1164);
#1164 = CARTESIAN_POINT('',(24.9,-5.35,0.));
#1165 = CIRCLE('',#1166,0.35);
#1166 = AXIS2_PLACEMENT_3D('',#1167,#1168,#1169);
#1167 = CARTESIAN_POINT('',(24.9,-5.,0.));
#1168 = DIRECTION('',(0.,0.,1.));
#1169 = DIRECTION('',(1.,0.,0.));
#1170 = ORIENTED_EDGE('',*,*,#1171,.F.);
#1171 = EDGE_CURVE('',#1172,#1163,#1174,.T.);
#1172 = VERTEX_POINT('',#1173);
#1173 = CARTESIAN_POINT('',(-27.7,-5.35,0.));
#1174 = LINE('',#1175,#1176);
#1175 = CARTESIAN_POINT('',(-27.7,-5.35,0.));
#1176 = VECTOR('',#1177,1.);
#1177 = DIRECTION('',(1.,0.,0.));
#1178 = ORIENTED_EDGE('',*,*,#1179,.F.);
#1179 = EDGE_CURVE('',#1121,#1172,#1180,.T.);
#1180 = CIRCLE('',#1181,0.35);
#1181 = AXIS2_PLACEMENT_3D('',#1182,#1183,#1184);
#1182 = CARTESIAN_POINT('',(-27.7,-5.,0.));
#1183 = DIRECTION('',(0.,0.,1.));
#1184 = DIRECTION('',(1.,0.,0.));
#1185 = FACE_BOUND('',#1186,.T.);
#1186 = EDGE_LOOP('',(#1187,#1197,#1206,#1214,#1223,#1231,#1240,#1248));
#1187 = ORIENTED_EDGE('',*,*,#1188,.F.);
#1188 = EDGE_CURVE('',#1189,#1191,#1193,.T.);
#1189 = VERTEX_POINT('',#1190);
#1190 = CARTESIAN_POINT('',(-14.,42.45,0.));
#1191 = VERTEX_POINT('',#1192);
#1192 = CARTESIAN_POINT('',(-14.,39.25,0.));
#1193 = LINE('',#1194,#1195);
#1194 = CARTESIAN_POINT('',(-14.,42.45,0.));
#1195 = VECTOR('',#1196,1.);
#1196 = DIRECTION('',(0.,-1.,0.));
#1197 = ORIENTED_EDGE('',*,*,#1198,.F.);
#1198 = EDGE_CURVE('',#1199,#1189,#1201,.T.);
#1199 = VERTEX_POINT('',#1200);
#1200 = CARTESIAN_POINT('',(-13.6,42.85,0.));
#1201 = CIRCLE('',#1202,0.4);
#1202 = AXIS2_PLACEMENT_3D('',#1203,#1204,#1205);
#1203 = CARTESIAN_POINT('',(-13.6,42.45,0.));
#1204 = DIRECTION('',(0.,0.,1.));
#1205 = DIRECTION('',(1.,0.,0.));
#1206 = ORIENTED_EDGE('',*,*,#1207,.F.);
#1207 = EDGE_CURVE('',#1208,#1199,#1210,.T.);
#1208 = VERTEX_POINT('',#1209);
#1209 = CARTESIAN_POINT('',(-13.2,42.85,0.));
#1210 = LINE('',#1211,#1212);
#1211 = CARTESIAN_POINT('',(-13.2,42.85,0.));
#1212 = VECTOR('',#1213,1.);
#1213 = DIRECTION('',(-1.,0.,0.));
#1214 = ORIENTED_EDGE('',*,*,#1215,.F.);
#1215 = EDGE_CURVE('',#1216,#1208,#1218,.T.);
#1216 = VERTEX_POINT('',#1217);
#1217 = CARTESIAN_POINT('',(-12.8,42.45,0.));
#1218 = CIRCLE('',#1219,0.4);
#1219 = AXIS2_PLACEMENT_3D('',#1220,#1221,#1222);
#1220 = CARTESIAN_POINT('',(-13.2,42.45,0.));
#1221 = DIRECTION('',(0.,0.,1.));
#1222 = DIRECTION('',(1.,0.,0.));
#1223 = ORIENTED_EDGE('',*,*,#1224,.F.);
#1224 = EDGE_CURVE('',#1225,#1216,#1227,.T.);
#1225 = VERTEX_POINT('',#1226);
#1226 = CARTESIAN_POINT('',(-12.8,39.25,0.));
#1227 = LINE('',#1228,#1229);
#1228 = CARTESIAN_POINT('',(-12.8,39.25,0.));
#1229 = VECTOR('',#1230,1.);
#1230 = DIRECTION('',(0.,1.,0.));
#1231 = ORIENTED_EDGE('',*,*,#1232,.F.);
#1232 = EDGE_CURVE('',#1233,#1225,#1235,.T.);
#1233 = VERTEX_POINT('',#1234);
#1234 = CARTESIAN_POINT('',(-13.2,38.85,0.));
#1235 = CIRCLE('',#1236,0.4);
#1236 = AXIS2_PLACEMENT_3D('',#1237,#1238,#1239);
#1237 = CARTESIAN_POINT('',(-13.2,39.25,0.));
#1238 = DIRECTION('',(0.,0.,1.));
#1239 = DIRECTION('',(1.,0.,0.));
#1240 = ORIENTED_EDGE('',*,*,#1241,.F.);
#1241 = EDGE_CURVE('',#1242,#1233,#1244,.T.);
#1242 = VERTEX_POINT('',#1243);
#1243 = CARTESIAN_POINT('',(-13.6,38.85,0.));
#1244 = LINE('',#1245,#1246);
#1245 = CARTESIAN_POINT('',(-13.6,38.85,0.));
#1246 = VECTOR('',#1247,1.);
#1247 = DIRECTION('',(1.,0.,0.));
#1248 = ORIENTED_EDGE('',*,*,#1249,.F.);
#1249 = EDGE_CURVE('',#1191,#1242,#1250,.T.);
#1250 = CIRCLE('',#1251,0.4);
#1251 = AXIS2_PLACEMENT_3D('',#1252,#1253,#1254);
#1252 = CARTESIAN_POINT('',(-13.6,39.25,0.));
#1253 = DIRECTION('',(0.,0.,1.));
#1254 = DIRECTION('',(1.,0.,0.));
#1255 = FACE_BOUND('',#1256,.T.);
#1256 = EDGE_LOOP('',(#1257,#1267,#1276,#1284,#1293,#1301,#1310,#1318));
#1257 = ORIENTED_EDGE('',*,*,#1258,.F.);
#1258 = EDGE_CURVE('',#1259,#1261,#1263,.T.);
#1259 = VERTEX_POINT('',#1260);
#1260 = CARTESIAN_POINT('',(-10.8,44.35,0.));
#1261 = VERTEX_POINT('',#1262);
#1262 = CARTESIAN_POINT('',(-10.8,39.35,0.));
#1263 = LINE('',#1264,#1265);
#1264 = CARTESIAN_POINT('',(-10.8,44.35,0.));
#1265 = VECTOR('',#1266,1.);
#1266 = DIRECTION('',(0.,-1.,0.));
#1267 = ORIENTED_EDGE('',*,*,#1268,.F.);
#1268 = EDGE_CURVE('',#1269,#1259,#1271,.T.);
#1269 = VERTEX_POINT('',#1270);
#1270 = CARTESIAN_POINT('',(-10.3,44.85,0.));
#1271 = CIRCLE('',#1272,0.5);
#1272 = AXIS2_PLACEMENT_3D('',#1273,#1274,#1275);
#1273 = CARTESIAN_POINT('',(-10.3,44.35,0.));
#1274 = DIRECTION('',(0.,0.,1.));
#1275 = DIRECTION('',(1.,0.,0.));
#1276 = ORIENTED_EDGE('',*,*,#1277,.F.);
#1277 = EDGE_CURVE('',#1278,#1269,#1280,.T.);
#1278 = VERTEX_POINT('',#1279);
#1279 = CARTESIAN_POINT('',(-9.9,44.85,0.));
#1280 = LINE('',#1281,#1282);
#1281 = CARTESIAN_POINT('',(-9.9,44.85,0.));
#1282 = VECTOR('',#1283,1.);
#1283 = DIRECTION('',(-1.,0.,0.));
#1284 = ORIENTED_EDGE('',*,*,#1285,.F.);
#1285 = EDGE_CURVE('',#1286,#1278,#1288,.T.);
#1286 = VERTEX_POINT('',#1287);
#1287 = CARTESIAN_POINT('',(-9.4,44.35,0.));
#1288 = CIRCLE('',#1289,0.5);
#1289 = AXIS2_PLACEMENT_3D('',#1290,#1291,#1292);
#1290 = CARTESIAN_POINT('',(-9.9,44.35,0.));
#1291 = DIRECTION('',(0.,0.,1.));
#1292 = DIRECTION('',(1.,0.,0.));
#1293 = ORIENTED_EDGE('',*,*,#1294,.F.);
#1294 = EDGE_CURVE('',#1295,#1286,#1297,.T.);
#1295 = VERTEX_POINT('',#1296);
#1296 = CARTESIAN_POINT('',(-9.4,39.35,0.));
#1297 = LINE('',#1298,#1299);
#1298 = CARTESIAN_POINT('',(-9.4,39.35,0.));
#1299 = VECTOR('',#1300,1.);
#1300 = DIRECTION('',(0.,1.,0.));
#1301 = ORIENTED_EDGE('',*,*,#1302,.F.);
#1302 = EDGE_CURVE('',#1303,#1295,#1305,.T.);
#1303 = VERTEX_POINT('',#1304);
#1304 = CARTESIAN_POINT('',(-9.9,38.85,0.));
#1305 = CIRCLE('',#1306,0.5);
#1306 = AXIS2_PLACEMENT_3D('',#1307,#1308,#1309);
#1307 = CARTESIAN_POINT('',(-9.9,39.35,0.));
#1308 = DIRECTION('',(0.,0.,1.));
#1309 = DIRECTION('',(1.,0.,0.));
#1310 = ORIENTED_EDGE('',*,*,#1311,.F.);
#1311 = EDGE_CURVE('',#1312,#1303,#1314,.T.);
#1312 = VERTEX_POINT('',#1313);
#1313 = CARTESIAN_POINT('',(-10.3,38.85,0.));
#1314 = LINE('',#1315,#1316);
#1315 = CARTESIAN_POINT('',(-10.3,38.85,0.));
#1316 = VECTOR('',#1317,1.);
#1317 = DIRECTION('',(1.,0.,0.));
#1318 = ORIENTED_EDGE('',*,*,#1319,.F.);
#1319 = EDGE_CURVE('',#1261,#1312,#1320,.T.);
#1320 = CIRCLE('',#1321,0.5);
#1321 = AXIS2_PLACEMENT_3D('',#1322,#1323,#1324);
#1322 = CARTESIAN_POINT('',(-10.3,39.35,0.));
#1323 = DIRECTION('',(0.,0.,1.));
#1324 = DIRECTION('',(1.,0.,0.));
#1325 = FACE_BOUND('',#1326,.T.);
#1326 = EDGE_LOOP('',(#1327,#1337,#1346,#1354,#1363,#1371,#1380,#1388));
#1327 = ORIENTED_EDGE('',*,*,#1328,.F.);
#1328 = EDGE_CURVE('',#1329,#1331,#1333,.T.);
#1329 = VERTEX_POINT('',#1330);
#1330 = CARTESIAN_POINT('',(-4.,44.35,0.));
#1331 = VERTEX_POINT('',#1332);
#1332 = CARTESIAN_POINT('',(-4.,39.35,0.));
#1333 = LINE('',#1334,#1335);
#1334 = CARTESIAN_POINT('',(-4.,44.35,0.));
#1335 = VECTOR('',#1336,1.);
#1336 = DIRECTION('',(0.,-1.,0.));
#1337 = ORIENTED_EDGE('',*,*,#1338,.F.);
#1338 = EDGE_CURVE('',#1339,#1329,#1341,.T.);
#1339 = VERTEX_POINT('',#1340);
#1340 = CARTESIAN_POINT('',(-3.5,44.85,0.));
#1341 = CIRCLE('',#1342,0.5);
#1342 = AXIS2_PLACEMENT_3D('',#1343,#1344,#1345);
#1343 = CARTESIAN_POINT('',(-3.5,44.35,0.));
#1344 = DIRECTION('',(0.,0.,1.));
#1345 = DIRECTION('',(1.,0.,0.));
#1346 = ORIENTED_EDGE('',*,*,#1347,.F.);
#1347 = EDGE_CURVE('',#1348,#1339,#1350,.T.);
#1348 = VERTEX_POINT('',#1349);
#1349 = CARTESIAN_POINT('',(-3.1,44.85,0.));
#1350 = LINE('',#1351,#1352);
#1351 = CARTESIAN_POINT('',(-3.1,44.85,0.));
#1352 = VECTOR('',#1353,1.);
#1353 = DIRECTION('',(-1.,0.,0.));
#1354 = ORIENTED_EDGE('',*,*,#1355,.F.);
#1355 = EDGE_CURVE('',#1356,#1348,#1358,.T.);
#1356 = VERTEX_POINT('',#1357);
#1357 = CARTESIAN_POINT('',(-2.6,44.35,0.));
#1358 = CIRCLE('',#1359,0.5);
#1359 = AXIS2_PLACEMENT_3D('',#1360,#1361,#1362);
#1360 = CARTESIAN_POINT('',(-3.1,44.35,0.));
#1361 = DIRECTION('',(0.,0.,1.));
#1362 = DIRECTION('',(1.,0.,0.));
#1363 = ORIENTED_EDGE('',*,*,#1364,.F.);
#1364 = EDGE_CURVE('',#1365,#1356,#1367,.T.);
#1365 = VERTEX_POINT('',#1366);
#1366 = CARTESIAN_POINT('',(-2.6,39.35,0.));
#1367 = LINE('',#1368,#1369);
#1368 = CARTESIAN_POINT('',(-2.6,39.35,0.));
#1369 = VECTOR('',#1370,1.);
#1370 = DIRECTION('',(0.,1.,0.));
#1371 = ORIENTED_EDGE('',*,*,#1372,.F.);
#1372 = EDGE_CURVE('',#1373,#1365,#1375,.T.);
#1373 = VERTEX_POINT('',#1374);
#1374 = CARTESIAN_POINT('',(-3.1,38.85,0.));
#1375 = CIRCLE('',#1376,0.5);
#1376 = AXIS2_PLACEMENT_3D('',#1377,#1378,#1379);
#1377 = CARTESIAN_POINT('',(-3.1,39.35,0.));
#1378 = DIRECTION('',(0.,0.,1.));
#1379 = DIRECTION('',(1.,0.,0.));
#1380 = ORIENTED_EDGE('',*,*,#1381,.F.);
#1381 = EDGE_CURVE('',#1382,#1373,#1384,.T.);
#1382 = VERTEX_POINT('',#1383);
#1383 = CARTESIAN_POINT('',(-3.5,38.85,0.));
#1384 = LINE('',#1385,#1386);
#1385 = CARTESIAN_POINT('',(-3.5,38.85,0.));
#1386 = VECTOR('',#1387,1.);
#1387 = DIRECTION('',(1.,0.,0.));
#1388 = ORIENTED_EDGE('',*,*,#1389,.F.);
#1389 = EDGE_CURVE('',#1331,#1382,#1390,.T.);
#1390 = CIRCLE('',#1391,0.5);
#1391 = AXIS2_PLACEMENT_3D('',#1392,#1393,#1394);
#1392 = CARTESIAN_POINT('',(-3.5,39.35,0.));
#1393 = DIRECTION('',(0.,0.,1.));
#1394 = DIRECTION('',(1.,0.,0.));
#1395 = FACE_BOUND('',#1396,.T.);
#1396 = EDGE_LOOP('',(#1397,#1407,#1416,#1424,#1433,#1441,#1450,#1458));
#1397 = ORIENTED_EDGE('',*,*,#1398,.F.);
#1398 = EDGE_CURVE('',#1399,#1401,#1403,.T.);
#1399 = VERTEX_POINT('',#1400);
#1400 = CARTESIAN_POINT('',(-0.6,42.45,0.));
#1401 = VERTEX_POINT('',#1402);
#1402 = CARTESIAN_POINT('',(-0.6,39.25,0.));
#1403 = LINE('',#1404,#1405);
#1404 = CARTESIAN_POINT('',(-0.6,42.45,0.));
#1405 = VECTOR('',#1406,1.);
#1406 = DIRECTION('',(0.,-1.,0.));
#1407 = ORIENTED_EDGE('',*,*,#1408,.F.);
#1408 = EDGE_CURVE('',#1409,#1399,#1411,.T.);
#1409 = VERTEX_POINT('',#1410);
#1410 = CARTESIAN_POINT('',(-0.2,42.85,0.));
#1411 = CIRCLE('',#1412,0.4);
#1412 = AXIS2_PLACEMENT_3D('',#1413,#1414,#1415);
#1413 = CARTESIAN_POINT('',(-0.2,42.45,0.));
#1414 = DIRECTION('',(0.,0.,1.));
#1415 = DIRECTION('',(1.,0.,0.));
#1416 = ORIENTED_EDGE('',*,*,#1417,.F.);
#1417 = EDGE_CURVE('',#1418,#1409,#1420,.T.);
#1418 = VERTEX_POINT('',#1419);
#1419 = CARTESIAN_POINT('',(0.2,42.85,0.));
#1420 = LINE('',#1421,#1422);
#1421 = CARTESIAN_POINT('',(0.2,42.85,0.));
#1422 = VECTOR('',#1423,1.);
#1423 = DIRECTION('',(-1.,0.,0.));
#1424 = ORIENTED_EDGE('',*,*,#1425,.F.);
#1425 = EDGE_CURVE('',#1426,#1418,#1428,.T.);
#1426 = VERTEX_POINT('',#1427);
#1427 = CARTESIAN_POINT('',(0.6,42.45,0.));
#1428 = CIRCLE('',#1429,0.4);
#1429 = AXIS2_PLACEMENT_3D('',#1430,#1431,#1432);
#1430 = CARTESIAN_POINT('',(0.2,42.45,0.));
#1431 = DIRECTION('',(0.,0.,1.));
#1432 = DIRECTION('',(1.,0.,0.));
#1433 = ORIENTED_EDGE('',*,*,#1434,.F.);
#1434 = EDGE_CURVE('',#1435,#1426,#1437,.T.);
#1435 = VERTEX_POINT('',#1436);
#1436 = CARTESIAN_POINT('',(0.6,39.25,0.));
#1437 = LINE('',#1438,#1439);
#1438 = CARTESIAN_POINT('',(0.6,39.25,0.));
#1439 = VECTOR('',#1440,1.);
#1440 = DIRECTION('',(0.,1.,0.));
#1441 = ORIENTED_EDGE('',*,*,#1442,.F.);
#1442 = EDGE_CURVE('',#1443,#1435,#1445,.T.);
#1443 = VERTEX_POINT('',#1444);
#1444 = CARTESIAN_POINT('',(0.2,38.85,0.));
#1445 = CIRCLE('',#1446,0.4);
#1446 = AXIS2_PLACEMENT_3D('',#1447,#1448,#1449);
#1447 = CARTESIAN_POINT('',(0.2,39.25,0.));
#1448 = DIRECTION('',(0.,0.,1.));
#1449 = DIRECTION('',(1.,0.,0.));
#1450 = ORIENTED_EDGE('',*,*,#1451,.F.);
#1451 = EDGE_CURVE('',#1452,#1443,#1454,.T.);
#1452 = VERTEX_POINT('',#1453);
#1453 = CARTESIAN_POINT('',(-0.2,38.85,0.));
#1454 = LINE('',#1455,#1456);
#1455 = CARTESIAN_POINT('',(-0.2,38.85,0.));
#1456 = VECTOR('',#1457,1.);
#1457 = DIRECTION('',(1.,0.,0.));
#1458 = ORIENTED_EDGE('',*,*,#1459,.F.);
#1459 = EDGE_CURVE('',#1401,#1452,#1460,.T.);
#1460 = CIRCLE('',#1461,0.4);
#1461 = AXIS2_PLACEMENT_3D('',#1462,#1463,#1464);
#1462 = CARTESIAN_POINT('',(-0.2,39.25,0.));
#1463 = DIRECTION('',(0.,0.,1.));
#1464 = DIRECTION('',(1.,0.,0.));
#1465 = FACE_BOUND('',#1466,.T.);
#1466 = EDGE_LOOP('',(#1467,#1477,#1486,#1494,#1503,#1511,#1520,#1528));
#1467 = ORIENTED_EDGE('',*,*,#1468,.F.);
#1468 = EDGE_CURVE('',#1469,#1471,#1473,.T.);
#1469 = VERTEX_POINT('',#1470);
#1470 = CARTESIAN_POINT('',(2.6,44.35,0.));
#1471 = VERTEX_POINT('',#1472);
#1472 = CARTESIAN_POINT('',(2.6,39.35,0.));
#1473 = LINE('',#1474,#1475);
#1474 = CARTESIAN_POINT('',(2.6,44.35,0.));
#1475 = VECTOR('',#1476,1.);
#1476 = DIRECTION('',(0.,-1.,0.));
#1477 = ORIENTED_EDGE('',*,*,#1478,.F.);
#1478 = EDGE_CURVE('',#1479,#1469,#1481,.T.);
#1479 = VERTEX_POINT('',#1480);
#1480 = CARTESIAN_POINT('',(3.1,44.85,0.));
#1481 = CIRCLE('',#1482,0.5);
#1482 = AXIS2_PLACEMENT_3D('',#1483,#1484,#1485);
#1483 = CARTESIAN_POINT('',(3.1,44.35,0.));
#1484 = DIRECTION('',(0.,0.,1.));
#1485 = DIRECTION('',(1.,0.,0.));
#1486 = ORIENTED_EDGE('',*,*,#1487,.F.);
#1487 = EDGE_CURVE('',#1488,#1479,#1490,.T.);
#1488 = VERTEX_POINT('',#1489);
#1489 = CARTESIAN_POINT('',(3.5,44.85,0.));
#1490 = LINE('',#1491,#1492);
#1491 = CARTESIAN_POINT('',(3.5,44.85,0.));
#1492 = VECTOR('',#1493,1.);
#1493 = DIRECTION('',(-1.,0.,0.));
#1494 = ORIENTED_EDGE('',*,*,#1495,.F.);
#1495 = EDGE_CURVE('',#1496,#1488,#1498,.T.);
#1496 = VERTEX_POINT('',#1497);
#1497 = CARTESIAN_POINT('',(4.,44.35,0.));
#1498 = CIRCLE('',#1499,0.5);
#1499 = AXIS2_PLACEMENT_3D('',#1500,#1501,#1502);
#1500 = CARTESIAN_POINT('',(3.5,44.35,0.));
#1501 = DIRECTION('',(0.,0.,1.));
#1502 = DIRECTION('',(1.,0.,0.));
#1503 = ORIENTED_EDGE('',*,*,#1504,.F.);
#1504 = EDGE_CURVE('',#1505,#1496,#1507,.T.);
#1505 = VERTEX_POINT('',#1506);
#1506 = CARTESIAN_POINT('',(4.,39.35,0.));
#1507 = LINE('',#1508,#1509);
#1508 = CARTESIAN_POINT('',(4.,39.35,0.));
#1509 = VECTOR('',#1510,1.);
#1510 = DIRECTION('',(0.,1.,0.));
#1511 = ORIENTED_EDGE('',*,*,#1512,.F.);
#1512 = EDGE_CURVE('',#1513,#1505,#1515,.T.);
#1513 = VERTEX_POINT('',#1514);
#1514 = CARTESIAN_POINT('',(3.5,38.85,0.));
#1515 = CIRCLE('',#1516,0.5);
#1516 = AXIS2_PLACEMENT_3D('',#1517,#1518,#1519);
#1517 = CARTESIAN_POINT('',(3.5,39.35,0.));
#1518 = DIRECTION('',(0.,0.,1.));
#1519 = DIRECTION('',(1.,0.,0.));
#1520 = ORIENTED_EDGE('',*,*,#1521,.F.);
#1521 = EDGE_CURVE('',#1522,#1513,#1524,.T.);
#1522 = VERTEX_POINT('',#1523);
#1523 = CARTESIAN_POINT('',(3.1,38.85,0.));
#1524 = LINE('',#1525,#1526);
#1525 = CARTESIAN_POINT('',(3.1,38.85,0.));
#1526 = VECTOR('',#1527,1.);
#1527 = DIRECTION('',(1.,0.,0.));
#1528 = ORIENTED_EDGE('',*,*,#1529,.F.);
#1529 = EDGE_CURVE('',#1471,#1522,#1530,.T.);
#1530 = CIRCLE('',#1531,0.5);
#1531 = AXIS2_PLACEMENT_3D('',#1532,#1533,#1534);
#1532 = CARTESIAN_POINT('',(3.1,39.35,0.));
#1533 = DIRECTION('',(0.,0.,1.));
#1534 = DIRECTION('',(1.,0.,0.));
#1535 = FACE_BOUND('',#1536,.T.);
#1536 = EDGE_LOOP('',(#1537,#1547,#1556,#1564,#1573,#1581,#1590,#1598));
#1537 = ORIENTED_EDGE('',*,*,#1538,.F.);
#1538 = EDGE_CURVE('',#1539,#1541,#1543,.T.);
#1539 = VERTEX_POINT('',#1540);
#1540 = CARTESIAN_POINT('',(9.4,44.35,0.));
#1541 = VERTEX_POINT('',#1542);
#1542 = CARTESIAN_POINT('',(9.4,39.35,0.));
#1543 = LINE('',#1544,#1545);
#1544 = CARTESIAN_POINT('',(9.4,44.35,0.));
#1545 = VECTOR('',#1546,1.);
#1546 = DIRECTION('',(0.,-1.,0.));
#1547 = ORIENTED_EDGE('',*,*,#1548,.F.);
#1548 = EDGE_CURVE('',#1549,#1539,#1551,.T.);
#1549 = VERTEX_POINT('',#1550);
#1550 = CARTESIAN_POINT('',(9.9,44.85,0.));
#1551 = CIRCLE('',#1552,0.5);
#1552 = AXIS2_PLACEMENT_3D('',#1553,#1554,#1555);
#1553 = CARTESIAN_POINT('',(9.9,44.35,0.));
#1554 = DIRECTION('',(0.,0.,1.));
#1555 = DIRECTION('',(1.,0.,0.));
#1556 = ORIENTED_EDGE('',*,*,#1557,.F.);
#1557 = EDGE_CURVE('',#1558,#1549,#1560,.T.);
#1558 = VERTEX_POINT('',#1559);
#1559 = CARTESIAN_POINT('',(10.3,44.85,0.));
#1560 = LINE('',#1561,#1562);
#1561 = CARTESIAN_POINT('',(10.3,44.85,0.));
#1562 = VECTOR('',#1563,1.);
#1563 = DIRECTION('',(-1.,0.,0.));
#1564 = ORIENTED_EDGE('',*,*,#1565,.F.);
#1565 = EDGE_CURVE('',#1566,#1558,#1568,.T.);
#1566 = VERTEX_POINT('',#1567);
#1567 = CARTESIAN_POINT('',(10.8,44.35,0.));
#1568 = CIRCLE('',#1569,0.5);
#1569 = AXIS2_PLACEMENT_3D('',#1570,#1571,#1572);
#1570 = CARTESIAN_POINT('',(10.3,44.35,0.));
#1571 = DIRECTION('',(0.,0.,1.));
#1572 = DIRECTION('',(1.,0.,0.));
#1573 = ORIENTED_EDGE('',*,*,#1574,.F.);
#1574 = EDGE_CURVE('',#1575,#1566,#1577,.T.);
#1575 = VERTEX_POINT('',#1576);
#1576 = CARTESIAN_POINT('',(10.8,39.35,0.));
#1577 = LINE('',#1578,#1579);
#1578 = CARTESIAN_POINT('',(10.8,39.35,0.));
#1579 = VECTOR('',#1580,1.);
#1580 = DIRECTION('',(0.,1.,0.));
#1581 = ORIENTED_EDGE('',*,*,#1582,.F.);
#1582 = EDGE_CURVE('',#1583,#1575,#1585,.T.);
#1583 = VERTEX_POINT('',#1584);
#1584 = CARTESIAN_POINT('',(10.3,38.85,0.));
#1585 = CIRCLE('',#1586,0.5);
#1586 = AXIS2_PLACEMENT_3D('',#1587,#1588,#1589);
#1587 = CARTESIAN_POINT('',(10.3,39.35,0.));
#1588 = DIRECTION('',(0.,0.,1.));
#1589 = DIRECTION('',(1.,0.,0.));
#1590 = ORIENTED_EDGE('',*,*,#1591,.F.);
#1591 = EDGE_CURVE('',#1592,#1583,#1594,.T.);
#1592 = VERTEX_POINT('',#1593);
#1593 = CARTESIAN_POINT('',(9.9,38.85,0.));
#1594 = LINE('',#1595,#1596);
#1595 = CARTESIAN_POINT('',(9.9,38.85,0.));
#1596 = VECTOR('',#1597,1.);
#1597 = DIRECTION('',(1.,0.,0.));
#1598 = ORIENTED_EDGE('',*,*,#1599,.F.);
#1599 = EDGE_CURVE('',#1541,#1592,#1600,.T.);
#1600 = CIRCLE('',#1601,0.5);
#1601 = AXIS2_PLACEMENT_3D('',#1602,#1603,#1604);
#1602 = CARTESIAN_POINT('',(9.9,39.35,0.));
#1603 = DIRECTION('',(0.,0.,1.));
#1604 = DIRECTION('',(1.,0.,0.));
#1605 = FACE_BOUND('',#1606,.T.);
#1606 = EDGE_LOOP('',(#1607,#1617,#1626,#1634,#1643,#1651,#1660,#1668));
#1607 = ORIENTED_EDGE('',*,*,#1608,.F.);
#1608 = EDGE_CURVE('',#1609,#1611,#1613,.T.);
#1609 = VERTEX_POINT('',#1610);
#1610 = CARTESIAN_POINT('',(12.8,42.45,0.));
#1611 = VERTEX_POINT('',#1612);
#1612 = CARTESIAN_POINT('',(12.8,39.25,0.));
#1613 = LINE('',#1614,#1615);
#1614 = CARTESIAN_POINT('',(12.8,42.45,0.));
#1615 = VECTOR('',#1616,1.);
#1616 = DIRECTION('',(0.,-1.,0.));
#1617 = ORIENTED_EDGE('',*,*,#1618,.F.);
#1618 = EDGE_CURVE('',#1619,#1609,#1621,.T.);
#1619 = VERTEX_POINT('',#1620);
#1620 = CARTESIAN_POINT('',(13.2,42.85,0.));
#1621 = CIRCLE('',#1622,0.4);
#1622 = AXIS2_PLACEMENT_3D('',#1623,#1624,#1625);
#1623 = CARTESIAN_POINT('',(13.2,42.45,0.));
#1624 = DIRECTION('',(0.,0.,1.));
#1625 = DIRECTION('',(1.,0.,0.));
#1626 = ORIENTED_EDGE('',*,*,#1627,.F.);
#1627 = EDGE_CURVE('',#1628,#1619,#1630,.T.);
#1628 = VERTEX_POINT('',#1629);
#1629 = CARTESIAN_POINT('',(13.6,42.85,0.));
#1630 = LINE('',#1631,#1632);
#1631 = CARTESIAN_POINT('',(13.6,42.85,0.));
#1632 = VECTOR('',#1633,1.);
#1633 = DIRECTION('',(-1.,0.,0.));
#1634 = ORIENTED_EDGE('',*,*,#1635,.F.);
#1635 = EDGE_CURVE('',#1636,#1628,#1638,.T.);
#1636 = VERTEX_POINT('',#1637);
#1637 = CARTESIAN_POINT('',(14.,42.45,0.));
#1638 = CIRCLE('',#1639,0.4);
#1639 = AXIS2_PLACEMENT_3D('',#1640,#1641,#1642);
#1640 = CARTESIAN_POINT('',(13.6,42.45,0.));
#1641 = DIRECTION('',(0.,0.,1.));
#1642 = DIRECTION('',(1.,0.,0.));
#1643 = ORIENTED_EDGE('',*,*,#1644,.F.);
#1644 = EDGE_CURVE('',#1645,#1636,#1647,.T.);
#1645 = VERTEX_POINT('',#1646);
#1646 = CARTESIAN_POINT('',(14.,39.25,0.));
#1647 = LINE('',#1648,#1649);
#1648 = CARTESIAN_POINT('',(14.,39.25,0.));
#1649 = VECTOR('',#1650,1.);
#1650 = DIRECTION('',(0.,1.,0.));
#1651 = ORIENTED_EDGE('',*,*,#1652,.F.);
#1652 = EDGE_CURVE('',#1653,#1645,#1655,.T.);
#1653 = VERTEX_POINT('',#1654);
#1654 = CARTESIAN_POINT('',(13.6,38.85,0.));
#1655 = CIRCLE('',#1656,0.4);
#1656 = AXIS2_PLACEMENT_3D('',#1657,#1658,#1659);
#1657 = CARTESIAN_POINT('',(13.6,39.25,0.));
#1658 = DIRECTION('',(0.,0.,1.));
#1659 = DIRECTION('',(1.,0.,0.));
#1660 = ORIENTED_EDGE('',*,*,#1661,.F.);
#1661 = EDGE_CURVE('',#1662,#1653,#1664,.T.);
#1662 = VERTEX_POINT('',#1663);
#1663 = CARTESIAN_POINT('',(13.2,38.85,0.));
#1664 = LINE('',#1665,#1666);
#1665 = CARTESIAN_POINT('',(13.2,38.85,0.));
#1666 = VECTOR('',#1667,1.);
#1667 = DIRECTION('',(1.,0.,0.));
#1668 = ORIENTED_EDGE('',*,*,#1669,.F.);
#1669 = EDGE_CURVE('',#1611,#1662,#1670,.T.);
#1670 = CIRCLE('',#1671,0.4);
#1671 = AXIS2_PLACEMENT_3D('',#1672,#1673,#1674);
#1672 = CARTESIAN_POINT('',(13.2,39.25,0.));
#1673 = DIRECTION('',(0.,0.,1.));
#1674 = DIRECTION('',(1.,0.,0.));
#1675 = FACE_BOUND('',#1676,.T.);
#1676 = EDGE_LOOP('',(#1677));
#1677 = ORIENTED_EDGE('',*,*,#1678,.F.);
#1678 = EDGE_CURVE('',#1679,#1679,#1681,.T.);
#1679 = VERTEX_POINT('',#1680);
#1680 = CARTESIAN_POINT('',(27.2,40.6,0.));
#1681 = CIRCLE('',#1682,0.9);
#1682 = AXIS2_PLACEMENT_3D('',#1683,#1684,#1685);
#1683 = CARTESIAN_POINT('',(26.3,40.6,0.));
#1684 = DIRECTION('',(0.,0.,1.));
#1685 = DIRECTION('',(1.,0.,0.));
#1686 = FACE_BOUND('',#1687,.T.);
#1687 = EDGE_LOOP('',(#1688));
#1688 = ORIENTED_EDGE('',*,*,#1689,.F.);
#1689 = EDGE_CURVE('',#1690,#1690,#1692,.T.);
#1690 = VERTEX_POINT('',#1691);
#1691 = CARTESIAN_POINT('',(29.4,40.6,0.));
#1692 = CIRCLE('',#1693,0.9);
#1693 = AXIS2_PLACEMENT_3D('',#1694,#1695,#1696);
#1694 = CARTESIAN_POINT('',(28.5,40.6,0.));
#1695 = DIRECTION('',(0.,0.,1.));
#1696 = DIRECTION('',(1.,0.,0.));
#1697 = PLANE('',#1698);
#1698 = AXIS2_PLACEMENT_3D('',#1699,#1700,#1701);
#1699 = CARTESIAN_POINT('',(-4.63E-15,-9.7E-15,0.));
#1700 = DIRECTION('',(0.,0.,1.));
#1701 = DIRECTION('',(1.,0.,0.));
#1702 = ADVANCED_FACE('',(#1703),#1721,.F.);
#1703 = FACE_BOUND('',#1704,.F.);
#1704 = EDGE_LOOP('',(#1705,#1706,#1707,#1714,#1720));
#1705 = ORIENTED_EDGE('',*,*,#285,.F.);
#1706 = ORIENTED_EDGE('',*,*,#177,.T.);
#1707 = ORIENTED_EDGE('',*,*,#1708,.T.);
#1708 = EDGE_CURVE('',#180,#1709,#1711,.T.);
#1709 = VERTEX_POINT('',#1710);
#1710 = CARTESIAN_POINT('',(27.149999999997,-47.32120327387,-10.8));
#1711 = B_SPLINE_CURVE_WITH_KNOTS('',1,(#1712,#1713),.UNSPECIFIED.,.F.,
  .F.,(2,2),(0.,1.),.PIECEWISE_BEZIER_KNOTS.);
#1712 = CARTESIAN_POINT('',(27.149999999997,-46.95,-12.2));
#1713 = CARTESIAN_POINT('',(27.149999999997,-47.32120327387,-10.8));
#1714 = ORIENTED_EDGE('',*,*,#1715,.F.);
#1715 = EDGE_CURVE('',#383,#1709,#1716,.T.);
#1716 = LINE('',#1717,#1718);
#1717 = CARTESIAN_POINT('',(-27.15,-47.32120327387,-10.8));
#1718 = VECTOR('',#1719,1.);
#1719 = DIRECTION('',(1.,0.,0.));
#1720 = ORIENTED_EDGE('',*,*,#382,.F.);
#1721 = PLANE('',#1722);
#1722 = AXIS2_PLACEMENT_3D('',#1723,#1724,#1725);
#1723 = CARTESIAN_POINT('',(-27.15,-47.32120327387,-10.8));
#1724 = DIRECTION('',(0.,-0.966600102017,-0.256289373133));
#1725 = DIRECTION('',(1.,0.,0.));
#1726 = ADVANCED_FACE('',(#1727),#1745,.F.);
#1727 = FACE_BOUND('',#1728,.F.);
#1728 = EDGE_LOOP('',(#1729,#1730,#1737,#1744));
#1729 = ORIENTED_EDGE('',*,*,#235,.T.);
#1730 = ORIENTED_EDGE('',*,*,#1731,.T.);
#1731 = EDGE_CURVE('',#228,#1732,#1734,.T.);
#1732 = VERTEX_POINT('',#1733);
#1733 = CARTESIAN_POINT('',(37.721203273861,-36.75,-10.8));
#1734 = B_SPLINE_CURVE_WITH_KNOTS('',1,(#1735,#1736),.UNSPECIFIED.,.F.,
  .F.,(2,2),(0.,1.),.PIECEWISE_BEZIER_KNOTS.);
#1735 = CARTESIAN_POINT('',(37.349999999997,-36.75,-12.2));
#1736 = CARTESIAN_POINT('',(37.721203273861,-36.75,-10.8));
#1737 = ORIENTED_EDGE('',*,*,#1738,.F.);
#1738 = EDGE_CURVE('',#1709,#1732,#1739,.T.);
#1739 = CIRCLE('',#1740,10.571203273864);
#1740 = AXIS2_PLACEMENT_3D('',#1741,#1742,#1743);
#1741 = CARTESIAN_POINT('',(27.149999999997,-36.75,-10.8));
#1742 = DIRECTION('',(0.,0.,1.));
#1743 = DIRECTION('',(1.,0.,0.));
#1744 = ORIENTED_EDGE('',*,*,#1708,.F.);
#1745 = CONICAL_SURFACE('',#1746,10.2,0.259181393921);
#1746 = AXIS2_PLACEMENT_3D('',#1747,#1748,#1749);
#1747 = CARTESIAN_POINT('',(27.149999999997,-36.75,-12.2));
#1748 = DIRECTION('',(0.,0.,1.));
#1749 = DIRECTION('',(1.,0.,0.));
#1750 = ADVANCED_FACE('',(#1751),#1785,.F.);
#1751 = FACE_BOUND('',#1752,.F.);
#1752 = EDGE_LOOP('',(#1753,#1754,#1755,#1763,#1771,#1779));
#1753 = ORIENTED_EDGE('',*,*,#1731,.F.);
#1754 = ORIENTED_EDGE('',*,*,#227,.T.);
#1755 = ORIENTED_EDGE('',*,*,#1756,.T.);
#1756 = EDGE_CURVE('',#220,#1757,#1759,.T.);
#1757 = VERTEX_POINT('',#1758);
#1758 = CARTESIAN_POINT('',(37.521203273864,4.13,-11.5543036921));
#1759 = LINE('',#1760,#1761);
#1760 = CARTESIAN_POINT('',(38.41278962786,4.13,-8.191669298819));
#1761 = VECTOR('',#1762,1.);
#1762 = DIRECTION('',(0.256289373133,0.,0.966600102017));
#1763 = ORIENTED_EDGE('',*,*,#1764,.F.);
#1764 = EDGE_CURVE('',#1765,#1757,#1767,.T.);
#1765 = VERTEX_POINT('',#1766);
#1766 = CARTESIAN_POINT('',(37.521203273864,5.13,-11.5543036921));
#1767 = LINE('',#1768,#1769);
#1768 = CARTESIAN_POINT('',(37.521203273864,-12.40999999999,
    -11.5543036921));
#1769 = VECTOR('',#1770,1.);
#1770 = DIRECTION('',(0.,-1.,0.));
#1771 = ORIENTED_EDGE('',*,*,#1772,.F.);
#1772 = EDGE_CURVE('',#1773,#1765,#1775,.T.);
#1773 = VERTEX_POINT('',#1774);
#1774 = CARTESIAN_POINT('',(37.721203273861,5.13,-10.8));
#1775 = LINE('',#1776,#1777);
#1776 = CARTESIAN_POINT('',(38.435496428076,5.13,-8.106030182625));
#1777 = VECTOR('',#1778,1.);
#1778 = DIRECTION('',(-0.256289373133,-0.,-0.966600102017));
#1779 = ORIENTED_EDGE('',*,*,#1780,.F.);
#1780 = EDGE_CURVE('',#1732,#1773,#1781,.T.);
#1781 = LINE('',#1782,#1783);
#1782 = CARTESIAN_POINT('',(37.721203273861,-36.75,-10.8));
#1783 = VECTOR('',#1784,1.);
#1784 = DIRECTION('',(0.,1.,0.));
#1785 = PLANE('',#1786);
#1786 = AXIS2_PLACEMENT_3D('',#1787,#1788,#1789);
#1787 = CARTESIAN_POINT('',(37.721203273861,-36.75,-10.8));
#1788 = DIRECTION('',(0.966600102017,0.,-0.256289373133));
#1789 = DIRECTION('',(0.,1.,0.));
#1790 = ADVANCED_FACE('',(#1791),#1801,.T.);
#1791 = FACE_BOUND('',#1792,.T.);
#1792 = EDGE_LOOP('',(#1793,#1794,#1800));
#1793 = ORIENTED_EDGE('',*,*,#1756,.T.);
#1794 = ORIENTED_EDGE('',*,*,#1795,.T.);
#1795 = EDGE_CURVE('',#1757,#212,#1796,.T.);
#1796 = LINE('',#1797,#1798);
#1797 = CARTESIAN_POINT('',(37.521203273864,4.13,-4.8));
#1798 = VECTOR('',#1799,1.);
#1799 = DIRECTION('',(0.,0.,-1.));
#1800 = ORIENTED_EDGE('',*,*,#219,.T.);
#1801 = PLANE('',#1802);
#1802 = AXIS2_PLACEMENT_3D('',#1803,#1804,#1805);
#1803 = CARTESIAN_POINT('',(36.15,4.13,-4.8));
#1804 = DIRECTION('',(0.,1.,0.));
#1805 = DIRECTION('',(0.,0.,-1.));
#1806 = ADVANCED_FACE('',(#1807),#1818,.F.);
#1807 = FACE_BOUND('',#1808,.F.);
#1808 = EDGE_LOOP('',(#1809,#1810,#1811,#1812));
#1809 = ORIENTED_EDGE('',*,*,#1764,.T.);
#1810 = ORIENTED_EDGE('',*,*,#1795,.T.);
#1811 = ORIENTED_EDGE('',*,*,#211,.T.);
#1812 = ORIENTED_EDGE('',*,*,#1813,.T.);
#1813 = EDGE_CURVE('',#204,#1765,#1814,.T.);
#1814 = LINE('',#1815,#1816);
#1815 = CARTESIAN_POINT('',(37.521203273864,5.13,-7.625));
#1816 = VECTOR('',#1817,1.);
#1817 = DIRECTION('',(0.,0.,1.));
#1818 = PLANE('',#1819);
#1819 = AXIS2_PLACEMENT_3D('',#1820,#1821,#1822);
#1820 = CARTESIAN_POINT('',(37.521203273864,11.930000000011,-10.05));
#1821 = DIRECTION('',(1.,0.,0.));
#1822 = DIRECTION('',(0.,0.,1.));
#1823 = ADVANCED_FACE('',(#1824),#1852,.F.);
#1824 = FACE_BOUND('',#1825,.F.);
#1825 = EDGE_LOOP('',(#1826,#1827,#1835,#1843,#1849,#1850,#1851));
#1826 = ORIENTED_EDGE('',*,*,#549,.F.);
#1827 = ORIENTED_EDGE('',*,*,#1828,.T.);
#1828 = EDGE_CURVE('',#550,#1829,#1831,.T.);
#1829 = VERTEX_POINT('',#1830);
#1830 = CARTESIAN_POINT('',(37.521203273864,5.13,-5.2));
#1831 = LINE('',#1832,#1833);
#1832 = CARTESIAN_POINT('',(38.35,5.13,-5.2));
#1833 = VECTOR('',#1834,1.);
#1834 = DIRECTION('',(-1.,-0.,-0.));
#1835 = ORIENTED_EDGE('',*,*,#1836,.F.);
#1836 = EDGE_CURVE('',#1837,#1829,#1839,.T.);
#1837 = VERTEX_POINT('',#1838);
#1838 = CARTESIAN_POINT('',(37.521203273864,5.13,-10.8));
#1839 = LINE('',#1840,#1841);
#1840 = CARTESIAN_POINT('',(37.521203273864,5.13,-7.625));
#1841 = VECTOR('',#1842,1.);
#1842 = DIRECTION('',(0.,0.,1.));
#1843 = ORIENTED_EDGE('',*,*,#1844,.T.);
#1844 = EDGE_CURVE('',#1837,#1773,#1845,.T.);
#1845 = LINE('',#1846,#1847);
#1846 = CARTESIAN_POINT('',(32.749999999998,5.13,-10.8));
#1847 = VECTOR('',#1848,1.);
#1848 = DIRECTION('',(1.,0.,0.));
#1849 = ORIENTED_EDGE('',*,*,#1772,.T.);
#1850 = ORIENTED_EDGE('',*,*,#1813,.F.);
#1851 = ORIENTED_EDGE('',*,*,#203,.T.);
#1852 = PLANE('',#1853);
#1853 = AXIS2_PLACEMENT_3D('',#1854,#1855,#1856);
#1854 = CARTESIAN_POINT('',(38.35,5.13,-5.2));
#1855 = DIRECTION('',(0.,-1.,0.));
#1856 = DIRECTION('',(0.,0.,-1.));
#1857 = ADVANCED_FACE('',(#1858),#1972,.T.);
#1858 = FACE_BOUND('',#1859,.T.);
#1859 = EDGE_LOOP('',(#1860,#1861,#1869,#1877,#1885,#1893,#1901,#1909,
    #1917,#1925,#1933,#1941,#1949,#1957,#1965,#1971));
#1860 = ORIENTED_EDGE('',*,*,#250,.F.);
#1861 = ORIENTED_EDGE('',*,*,#1862,.F.);
#1862 = EDGE_CURVE('',#1863,#251,#1865,.T.);
#1863 = VERTEX_POINT('',#1864);
#1864 = CARTESIAN_POINT('',(-38.35,36.75,-1.5));
#1865 = LINE('',#1866,#1867);
#1866 = CARTESIAN_POINT('',(-38.35,36.75,-1.5));
#1867 = VECTOR('',#1868,1.);
#1868 = DIRECTION('',(0.,-1.,0.));
#1869 = ORIENTED_EDGE('',*,*,#1870,.T.);
#1870 = EDGE_CURVE('',#1863,#1871,#1873,.T.);
#1871 = VERTEX_POINT('',#1872);
#1872 = CARTESIAN_POINT('',(-38.35,36.75,-12.2));
#1873 = LINE('',#1874,#1875);
#1874 = CARTESIAN_POINT('',(-38.35,36.75,0.));
#1875 = VECTOR('',#1876,1.);
#1876 = DIRECTION('',(-0.,-0.,-1.));
#1877 = ORIENTED_EDGE('',*,*,#1878,.T.);
#1878 = EDGE_CURVE('',#1871,#1879,#1881,.T.);
#1879 = VERTEX_POINT('',#1880);
#1880 = CARTESIAN_POINT('',(-38.35,30.45,-12.2));
#1881 = LINE('',#1882,#1883);
#1882 = CARTESIAN_POINT('',(-38.35,36.75,-12.2));
#1883 = VECTOR('',#1884,1.);
#1884 = DIRECTION('',(0.,-1.,0.));
#1885 = ORIENTED_EDGE('',*,*,#1886,.T.);
#1886 = EDGE_CURVE('',#1879,#1887,#1889,.T.);
#1887 = VERTEX_POINT('',#1888);
#1888 = CARTESIAN_POINT('',(-38.35,30.45,-5.2));
#1889 = LINE('',#1890,#1891);
#1890 = CARTESIAN_POINT('',(-38.35,30.45,-13.7));
#1891 = VECTOR('',#1892,1.);
#1892 = DIRECTION('',(0.,0.,1.));
#1893 = ORIENTED_EDGE('',*,*,#1894,.T.);
#1894 = EDGE_CURVE('',#1887,#1895,#1897,.T.);
#1895 = VERTEX_POINT('',#1896);
#1896 = CARTESIAN_POINT('',(-38.35,23.25,-5.2));
#1897 = LINE('',#1898,#1899);
#1898 = CARTESIAN_POINT('',(-38.35,30.45,-5.2));
#1899 = VECTOR('',#1900,1.);
#1900 = DIRECTION('',(0.,-1.,0.));
#1901 = ORIENTED_EDGE('',*,*,#1902,.T.);
#1902 = EDGE_CURVE('',#1895,#1903,#1905,.T.);
#1903 = VERTEX_POINT('',#1904);
#1904 = CARTESIAN_POINT('',(-38.35,23.25,-12.2));
#1905 = LINE('',#1906,#1907);
#1906 = CARTESIAN_POINT('',(-38.35,23.25,-5.2));
#1907 = VECTOR('',#1908,1.);
#1908 = DIRECTION('',(0.,0.,-1.));
#1909 = ORIENTED_EDGE('',*,*,#1910,.T.);
#1910 = EDGE_CURVE('',#1903,#1911,#1913,.T.);
#1911 = VERTEX_POINT('',#1912);
#1912 = CARTESIAN_POINT('',(-38.35,18.73,-12.2));
#1913 = LINE('',#1914,#1915);
#1914 = CARTESIAN_POINT('',(-38.35,36.75,-12.2));
#1915 = VECTOR('',#1916,1.);
#1916 = DIRECTION('',(0.,-1.,0.));
#1917 = ORIENTED_EDGE('',*,*,#1918,.T.);
#1918 = EDGE_CURVE('',#1911,#1919,#1921,.T.);
#1919 = VERTEX_POINT('',#1920);
#1920 = CARTESIAN_POINT('',(-38.35,18.73,-5.2));
#1921 = LINE('',#1922,#1923);
#1922 = CARTESIAN_POINT('',(-38.35,18.73,-13.7));
#1923 = VECTOR('',#1924,1.);
#1924 = DIRECTION('',(0.,0.,1.));
#1925 = ORIENTED_EDGE('',*,*,#1926,.T.);
#1926 = EDGE_CURVE('',#1919,#1927,#1929,.T.);
#1927 = VERTEX_POINT('',#1928);
#1928 = CARTESIAN_POINT('',(-38.35,14.03,-5.2));
#1929 = LINE('',#1930,#1931);
#1930 = CARTESIAN_POINT('',(-38.35,18.73,-5.2));
#1931 = VECTOR('',#1932,1.);
#1932 = DIRECTION('',(0.,-1.,0.));
#1933 = ORIENTED_EDGE('',*,*,#1934,.T.);
#1934 = EDGE_CURVE('',#1927,#1935,#1937,.T.);
#1935 = VERTEX_POINT('',#1936);
#1936 = CARTESIAN_POINT('',(-38.35,14.03,-12.2));
#1937 = LINE('',#1938,#1939);
#1938 = CARTESIAN_POINT('',(-38.35,14.03,-5.2));
#1939 = VECTOR('',#1940,1.);
#1940 = DIRECTION('',(0.,0.,-1.));
#1941 = ORIENTED_EDGE('',*,*,#1942,.T.);
#1942 = EDGE_CURVE('',#1935,#1943,#1945,.T.);
#1943 = VERTEX_POINT('',#1944);
#1944 = CARTESIAN_POINT('',(-38.35,9.829999999951,-12.2));
#1945 = LINE('',#1946,#1947);
#1946 = CARTESIAN_POINT('',(-38.35,36.75,-12.2));
#1947 = VECTOR('',#1948,1.);
#1948 = DIRECTION('',(0.,-1.,0.));
#1949 = ORIENTED_EDGE('',*,*,#1950,.T.);
#1950 = EDGE_CURVE('',#1943,#1951,#1953,.T.);
#1951 = VERTEX_POINT('',#1952);
#1952 = CARTESIAN_POINT('',(-38.35,9.829999999951,-5.2));
#1953 = LINE('',#1954,#1955);
#1954 = CARTESIAN_POINT('',(-38.35,9.829999999951,-13.7));
#1955 = VECTOR('',#1956,1.);
#1956 = DIRECTION('',(0.,0.,1.));
#1957 = ORIENTED_EDGE('',*,*,#1958,.T.);
#1958 = EDGE_CURVE('',#1951,#1959,#1961,.T.);
#1959 = VERTEX_POINT('',#1960);
#1960 = CARTESIAN_POINT('',(-38.35,5.130000000049,-5.2));
#1961 = LINE('',#1962,#1963);
#1962 = CARTESIAN_POINT('',(-38.35,9.829999999951,-5.2));
#1963 = VECTOR('',#1964,1.);
#1964 = DIRECTION('',(0.,-1.,0.));
#1965 = ORIENTED_EDGE('',*,*,#1966,.T.);
#1966 = EDGE_CURVE('',#1959,#326,#1967,.T.);
#1967 = LINE('',#1968,#1969);
#1968 = CARTESIAN_POINT('',(-38.35,5.130000000049,-5.2));
#1969 = VECTOR('',#1970,1.);
#1970 = DIRECTION('',(0.,0.,-1.));
#1971 = ORIENTED_EDGE('',*,*,#333,.T.);
#1972 = PLANE('',#1973);
#1973 = AXIS2_PLACEMENT_3D('',#1974,#1975,#1976);
#1974 = CARTESIAN_POINT('',(-38.35,36.75,0.));
#1975 = DIRECTION('',(-1.,0.,0.));
#1976 = DIRECTION('',(0.,-1.,0.));
#1977 = ADVANCED_FACE('',(#1978),#1995,.F.);
#1978 = FACE_BOUND('',#1979,.F.);
#1979 = EDGE_LOOP('',(#1980,#1988,#1994));
#1980 = ORIENTED_EDGE('',*,*,#1981,.T.);
#1981 = EDGE_CURVE('',#310,#1982,#1984,.T.);
#1982 = VERTEX_POINT('',#1983);
#1983 = CARTESIAN_POINT('',(-37.52120327386,4.13,-11.55430369211));
#1984 = LINE('',#1985,#1986);
#1985 = CARTESIAN_POINT('',(-38.41278962786,4.13,-8.191669298819));
#1986 = VECTOR('',#1987,1.);
#1987 = DIRECTION('',(-0.256289373133,0.,0.966600102017));
#1988 = ORIENTED_EDGE('',*,*,#1989,.T.);
#1989 = EDGE_CURVE('',#1982,#308,#1990,.T.);
#1990 = LINE('',#1991,#1992);
#1991 = CARTESIAN_POINT('',(-37.52120327386,4.13,-4.8));
#1992 = VECTOR('',#1993,1.);
#1993 = DIRECTION('',(0.,0.,-1.));
#1994 = ORIENTED_EDGE('',*,*,#307,.T.);
#1995 = PLANE('',#1996);
#1996 = AXIS2_PLACEMENT_3D('',#1997,#1998,#1999);
#1997 = CARTESIAN_POINT('',(-36.15,4.13,-4.8));
#1998 = DIRECTION('',(0.,-1.,0.));
#1999 = DIRECTION('',(0.,0.,-1.));
#2000 = ADVANCED_FACE('',(#2001),#2034,.F.);
#2001 = FACE_BOUND('',#2002,.F.);
#2002 = EDGE_LOOP('',(#2003,#2013,#2021,#2027,#2028,#2029));
#2003 = ORIENTED_EDGE('',*,*,#2004,.F.);
#2004 = EDGE_CURVE('',#2005,#2007,#2009,.T.);
#2005 = VERTEX_POINT('',#2006);
#2006 = CARTESIAN_POINT('',(-37.72120327386,5.130000000049,-10.8));
#2007 = VERTEX_POINT('',#2008);
#2008 = CARTESIAN_POINT('',(-37.72120327386,-36.75,-10.8));
#2009 = LINE('',#2010,#2011);
#2010 = CARTESIAN_POINT('',(-37.72120327386,36.75,-10.8));
#2011 = VECTOR('',#2012,1.);
#2012 = DIRECTION('',(0.,-1.,0.));
#2013 = ORIENTED_EDGE('',*,*,#2014,.T.);
#2014 = EDGE_CURVE('',#2005,#2015,#2017,.T.);
#2015 = VERTEX_POINT('',#2016);
#2016 = CARTESIAN_POINT('',(-37.52120327386,5.130000000049,
    -11.55430369211));
#2017 = LINE('',#2018,#2019);
#2018 = CARTESIAN_POINT('',(-38.43549642807,5.130000000049,
    -8.106030182625));
#2019 = VECTOR('',#2020,1.);
#2020 = DIRECTION('',(0.256289373133,0.,-0.966600102017));
#2021 = ORIENTED_EDGE('',*,*,#2022,.T.);
#2022 = EDGE_CURVE('',#2015,#1982,#2023,.T.);
#2023 = LINE('',#2024,#2025);
#2024 = CARTESIAN_POINT('',(-37.52120327386,27.192746858169,
    -11.55430369211));
#2025 = VECTOR('',#2026,1.);
#2026 = DIRECTION('',(0.,-1.,0.));
#2027 = ORIENTED_EDGE('',*,*,#1981,.F.);
#2028 = ORIENTED_EDGE('',*,*,#366,.T.);
#2029 = ORIENTED_EDGE('',*,*,#2030,.T.);
#2030 = EDGE_CURVE('',#358,#2007,#2031,.T.);
#2031 = B_SPLINE_CURVE_WITH_KNOTS('',1,(#2032,#2033),.UNSPECIFIED.,.F.,
  .F.,(2,2),(0.,1.),.PIECEWISE_BEZIER_KNOTS.);
#2032 = CARTESIAN_POINT('',(-37.35,-36.75,-12.2));
#2033 = CARTESIAN_POINT('',(-37.72120327386,-36.75,-10.8));
#2034 = PLANE('',#2035);
#2035 = AXIS2_PLACEMENT_3D('',#2036,#2037,#2038);
#2036 = CARTESIAN_POINT('',(-37.72120327386,36.75,-10.8));
#2037 = DIRECTION('',(-0.966600102017,0.,-0.256289373133));
#2038 = DIRECTION('',(0.,-1.,0.));
#2039 = ADVANCED_FACE('',(#2040),#2058,.F.);
#2040 = FACE_BOUND('',#2041,.F.);
#2041 = EDGE_LOOP('',(#2042,#2043,#2050,#2057));
#2042 = ORIENTED_EDGE('',*,*,#357,.T.);
#2043 = ORIENTED_EDGE('',*,*,#2044,.T.);
#2044 = EDGE_CURVE('',#350,#2045,#2047,.T.);
#2045 = VERTEX_POINT('',#2046);
#2046 = CARTESIAN_POINT('',(-27.15,-47.32120327387,-10.8));
#2047 = B_SPLINE_CURVE_WITH_KNOTS('',1,(#2048,#2049),.UNSPECIFIED.,.F.,
  .F.,(2,2),(0.,1.),.PIECEWISE_BEZIER_KNOTS.);
#2048 = CARTESIAN_POINT('',(-27.15,-46.95,-12.2));
#2049 = CARTESIAN_POINT('',(-27.15,-47.32120327387,-10.8));
#2050 = ORIENTED_EDGE('',*,*,#2051,.F.);
#2051 = EDGE_CURVE('',#2007,#2045,#2052,.T.);
#2052 = CIRCLE('',#2053,10.571203273864);
#2053 = AXIS2_PLACEMENT_3D('',#2054,#2055,#2056);
#2054 = CARTESIAN_POINT('',(-27.15,-36.75,-10.8));
#2055 = DIRECTION('',(0.,0.,1.));
#2056 = DIRECTION('',(1.,0.,0.));
#2057 = ORIENTED_EDGE('',*,*,#2030,.F.);
#2058 = CONICAL_SURFACE('',#2059,10.2,0.259181393921);
#2059 = AXIS2_PLACEMENT_3D('',#2060,#2061,#2062);
#2060 = CARTESIAN_POINT('',(-27.15,-36.75,-12.2));
#2061 = DIRECTION('',(0.,0.,1.));
#2062 = DIRECTION('',(1.,0.,0.));
#2063 = ADVANCED_FACE('',(#2064),#2076,.F.);
#2064 = FACE_BOUND('',#2065,.F.);
#2065 = EDGE_LOOP('',(#2066,#2067,#2068,#2069,#2070));
#2066 = ORIENTED_EDGE('',*,*,#2044,.F.);
#2067 = ORIENTED_EDGE('',*,*,#349,.T.);
#2068 = ORIENTED_EDGE('',*,*,#431,.F.);
#2069 = ORIENTED_EDGE('',*,*,#489,.F.);
#2070 = ORIENTED_EDGE('',*,*,#2071,.F.);
#2071 = EDGE_CURVE('',#2045,#482,#2072,.T.);
#2072 = LINE('',#2073,#2074);
#2073 = CARTESIAN_POINT('',(-27.15,-47.32120327387,-10.8));
#2074 = VECTOR('',#2075,1.);
#2075 = DIRECTION('',(1.,0.,0.));
#2076 = PLANE('',#2077);
#2077 = AXIS2_PLACEMENT_3D('',#2078,#2079,#2080);
#2078 = CARTESIAN_POINT('',(-27.15,-47.32120327387,-10.8));
#2079 = DIRECTION('',(0.,-0.966600102017,-0.256289373133));
#2080 = DIRECTION('',(1.,0.,0.));
#2081 = ADVANCED_FACE('',(#2082),#2115,.T.);
#2082 = FACE_BOUND('',#2083,.T.);
#2083 = EDGE_LOOP('',(#2084,#2085,#2093,#2101,#2107,#2108,#2114));
#2084 = ORIENTED_EDGE('',*,*,#1966,.F.);
#2085 = ORIENTED_EDGE('',*,*,#2086,.T.);
#2086 = EDGE_CURVE('',#1959,#2087,#2089,.T.);
#2087 = VERTEX_POINT('',#2088);
#2088 = CARTESIAN_POINT('',(-37.52120327386,5.130000000049,-5.2));
#2089 = LINE('',#2090,#2091);
#2090 = CARTESIAN_POINT('',(-38.35,5.130000000049,-5.2));
#2091 = VECTOR('',#2092,1.);
#2092 = DIRECTION('',(1.,0.,0.));
#2093 = ORIENTED_EDGE('',*,*,#2094,.T.);
#2094 = EDGE_CURVE('',#2087,#2095,#2097,.T.);
#2095 = VERTEX_POINT('',#2096);
#2096 = CARTESIAN_POINT('',(-37.52120327386,5.130000000049,-10.8));
#2097 = LINE('',#2098,#2099);
#2098 = CARTESIAN_POINT('',(-37.52120327386,5.130000000049,-7.625));
#2099 = VECTOR('',#2100,1.);
#2100 = DIRECTION('',(0.,0.,-1.));
#2101 = ORIENTED_EDGE('',*,*,#2102,.T.);
#2102 = EDGE_CURVE('',#2095,#2005,#2103,.T.);
#2103 = LINE('',#2104,#2105);
#2104 = CARTESIAN_POINT('',(-5.600000000002,5.130000000049,-10.8));
#2105 = VECTOR('',#2106,1.);
#2106 = DIRECTION('',(-1.,0.,0.));
#2107 = ORIENTED_EDGE('',*,*,#2014,.T.);
#2108 = ORIENTED_EDGE('',*,*,#2109,.T.);
#2109 = EDGE_CURVE('',#2015,#318,#2110,.T.);
#2110 = LINE('',#2111,#2112);
#2111 = CARTESIAN_POINT('',(-37.52120327386,5.130000000049,-7.625));
#2112 = VECTOR('',#2113,1.);
#2113 = DIRECTION('',(0.,0.,-1.));
#2114 = ORIENTED_EDGE('',*,*,#325,.T.);
#2115 = PLANE('',#2116);
#2116 = AXIS2_PLACEMENT_3D('',#2117,#2118,#2119);
#2117 = CARTESIAN_POINT('',(-38.35,5.130000000049,-5.2));
#2118 = DIRECTION('',(0.,1.,0.));
#2119 = DIRECTION('',(0.,0.,-1.));
#2120 = ADVANCED_FACE('',(#2121),#2127,.T.);
#2121 = FACE_BOUND('',#2122,.T.);
#2122 = EDGE_LOOP('',(#2123,#2124,#2125,#2126));
#2123 = ORIENTED_EDGE('',*,*,#2022,.T.);
#2124 = ORIENTED_EDGE('',*,*,#1989,.T.);
#2125 = ORIENTED_EDGE('',*,*,#317,.T.);
#2126 = ORIENTED_EDGE('',*,*,#2109,.F.);
#2127 = PLANE('',#2128);
#2128 = AXIS2_PLACEMENT_3D('',#2129,#2130,#2131);
#2129 = CARTESIAN_POINT('',(-37.52120327386,17.635493716338,-10.05));
#2130 = DIRECTION('',(1.,0.,0.));
#2131 = DIRECTION('',(0.,0.,1.));
#2132 = ADVANCED_FACE('',(#2133),#2184,.T.);
#2133 = FACE_BOUND('',#2134,.T.);
#2134 = EDGE_LOOP('',(#2135,#2143,#2151,#2159,#2167,#2175,#2181,#2182,
    #2183));
#2135 = ORIENTED_EDGE('',*,*,#2136,.F.);
#2136 = EDGE_CURVE('',#2137,#473,#2139,.T.);
#2137 = VERTEX_POINT('',#2138);
#2138 = CARTESIAN_POINT('',(-27.15,-45.75,-10.8));
#2139 = LINE('',#2140,#2141);
#2140 = CARTESIAN_POINT('',(-1.69642E-12,-45.75,-10.8));
#2141 = VECTOR('',#2142,1.);
#2142 = DIRECTION('',(1.,0.,0.));
#2143 = ORIENTED_EDGE('',*,*,#2144,.T.);
#2144 = EDGE_CURVE('',#2137,#2145,#2147,.T.);
#2145 = VERTEX_POINT('',#2146);
#2146 = CARTESIAN_POINT('',(-27.15,-45.74999999999,-2.2));
#2147 = LINE('',#2148,#2149);
#2148 = CARTESIAN_POINT('',(-27.15,-45.75,-12.2));
#2149 = VECTOR('',#2150,1.);
#2150 = DIRECTION('',(0.,0.,1.));
#2151 = ORIENTED_EDGE('',*,*,#2152,.T.);
#2152 = EDGE_CURVE('',#2145,#2153,#2155,.T.);
#2153 = VERTEX_POINT('',#2154);
#2154 = CARTESIAN_POINT('',(-27.15000000001,-45.74999999999,-0.6));
#2155 = LINE('',#2156,#2157);
#2156 = CARTESIAN_POINT('',(-27.15000000001,-45.74999999999,-2.2));
#2157 = VECTOR('',#2158,1.);
#2158 = DIRECTION('',(0.,0.,1.));
#2159 = ORIENTED_EDGE('',*,*,#2160,.F.);
#2160 = EDGE_CURVE('',#2161,#2153,#2163,.T.);
#2161 = VERTEX_POINT('',#2162);
#2162 = CARTESIAN_POINT('',(27.15,-45.75,-0.6));
#2163 = LINE('',#2164,#2165);
#2164 = CARTESIAN_POINT('',(27.15,-45.75,-0.6));
#2165 = VECTOR('',#2166,1.);
#2166 = DIRECTION('',(-1.,3.01E-14,0.));
#2167 = ORIENTED_EDGE('',*,*,#2168,.F.);
#2168 = EDGE_CURVE('',#2169,#2161,#2171,.T.);
#2169 = VERTEX_POINT('',#2170);
#2170 = CARTESIAN_POINT('',(27.15,-45.75,-10.8));
#2171 = LINE('',#2172,#2173);
#2172 = CARTESIAN_POINT('',(27.15,-45.75,-2.2));
#2173 = VECTOR('',#2174,1.);
#2174 = DIRECTION('',(0.,0.,1.));
#2175 = ORIENTED_EDGE('',*,*,#2176,.F.);
#2176 = EDGE_CURVE('',#392,#2169,#2177,.T.);
#2177 = LINE('',#2178,#2179);
#2178 = CARTESIAN_POINT('',(-1.69642E-12,-45.75,-10.8));
#2179 = VECTOR('',#2180,1.);
#2180 = DIRECTION('',(1.,0.,0.));
#2181 = ORIENTED_EDGE('',*,*,#399,.T.);
#2182 = ORIENTED_EDGE('',*,*,#447,.T.);
#2183 = ORIENTED_EDGE('',*,*,#472,.T.);
#2184 = PLANE('',#2185);
#2185 = AXIS2_PLACEMENT_3D('',#2186,#2187,#2188);
#2186 = CARTESIAN_POINT('',(-4.531172396397E-04,-45.75,-5.68393473382));
#2187 = DIRECTION('',(1.761E-14,1.,-7.369E-14));
#2188 = DIRECTION('',(0.,7.369E-14,1.));
#2189 = ADVANCED_FACE('',(#2190),#2229,.F.);
#2190 = FACE_BOUND('',#2191,.F.);
#2191 = EDGE_LOOP('',(#2192,#2193,#2194,#2195,#2196,#2197,#2205,#2213,
    #2221,#2228));
#2192 = ORIENTED_EDGE('',*,*,#391,.T.);
#2193 = ORIENTED_EDGE('',*,*,#1715,.T.);
#2194 = ORIENTED_EDGE('',*,*,#1738,.T.);
#2195 = ORIENTED_EDGE('',*,*,#1780,.T.);
#2196 = ORIENTED_EDGE('',*,*,#1844,.F.);
#2197 = ORIENTED_EDGE('',*,*,#2198,.F.);
#2198 = EDGE_CURVE('',#2199,#1837,#2201,.T.);
#2199 = VERTEX_POINT('',#2200);
#2200 = CARTESIAN_POINT('',(37.521203273864,4.13,-10.8));
#2201 = LINE('',#2202,#2203);
#2202 = CARTESIAN_POINT('',(37.521203273864,24.340000000005,-10.8));
#2203 = VECTOR('',#2204,1.);
#2204 = DIRECTION('',(0.,1.,0.));
#2205 = ORIENTED_EDGE('',*,*,#2206,.T.);
#2206 = EDGE_CURVE('',#2199,#2207,#2209,.T.);
#2207 = VERTEX_POINT('',#2208);
#2208 = CARTESIAN_POINT('',(36.15,4.13,-10.8));
#2209 = LINE('',#2210,#2211);
#2210 = CARTESIAN_POINT('',(31.649999999998,4.13,-10.8));
#2211 = VECTOR('',#2212,1.);
#2212 = DIRECTION('',(-1.,0.,0.));
#2213 = ORIENTED_EDGE('',*,*,#2214,.F.);
#2214 = EDGE_CURVE('',#2215,#2207,#2217,.T.);
#2215 = VERTEX_POINT('',#2216);
#2216 = CARTESIAN_POINT('',(36.15,-36.75,-10.8));
#2217 = LINE('',#2218,#2219);
#2218 = CARTESIAN_POINT('',(36.15,7.11E-15,-10.8));
#2219 = VECTOR('',#2220,1.);
#2220 = DIRECTION('',(0.,1.,0.));
#2221 = ORIENTED_EDGE('',*,*,#2222,.T.);
#2222 = EDGE_CURVE('',#2215,#2169,#2223,.T.);
#2223 = CIRCLE('',#2224,9.);
#2224 = AXIS2_PLACEMENT_3D('',#2225,#2226,#2227);
#2225 = CARTESIAN_POINT('',(27.15,-36.75,-10.8));
#2226 = DIRECTION('',(0.,0.,-1.));
#2227 = DIRECTION('',(1.,0.,0.));
#2228 = ORIENTED_EDGE('',*,*,#2176,.F.);
#2229 = PLANE('',#2230);
#2230 = AXIS2_PLACEMENT_3D('',#2231,#2232,#2233);
#2231 = CARTESIAN_POINT('',(27.149999999997,36.75,-10.8));
#2232 = DIRECTION('',(0.,0.,1.));
#2233 = DIRECTION('',(1.,0.,0.));
#2234 = ADVANCED_FACE('',(#2235),#2274,.F.);
#2235 = FACE_BOUND('',#2236,.F.);
#2236 = EDGE_LOOP('',(#2237,#2238,#2239,#2240,#2241,#2242,#2243,#2252,
    #2260,#2268));
#2237 = ORIENTED_EDGE('',*,*,#2102,.T.);
#2238 = ORIENTED_EDGE('',*,*,#2004,.T.);
#2239 = ORIENTED_EDGE('',*,*,#2051,.T.);
#2240 = ORIENTED_EDGE('',*,*,#2071,.T.);
#2241 = ORIENTED_EDGE('',*,*,#481,.F.);
#2242 = ORIENTED_EDGE('',*,*,#2136,.F.);
#2243 = ORIENTED_EDGE('',*,*,#2244,.T.);
#2244 = EDGE_CURVE('',#2137,#2245,#2247,.T.);
#2245 = VERTEX_POINT('',#2246);
#2246 = CARTESIAN_POINT('',(-36.15,-36.75,-10.8));
#2247 = CIRCLE('',#2248,9.);
#2248 = AXIS2_PLACEMENT_3D('',#2249,#2250,#2251);
#2249 = CARTESIAN_POINT('',(-27.15,-36.75,-10.8));
#2250 = DIRECTION('',(0.,0.,-1.));
#2251 = DIRECTION('',(1.,0.,0.));
#2252 = ORIENTED_EDGE('',*,*,#2253,.F.);
#2253 = EDGE_CURVE('',#2254,#2245,#2256,.T.);
#2254 = VERTEX_POINT('',#2255);
#2255 = CARTESIAN_POINT('',(-36.15,4.13,-10.8));
#2256 = LINE('',#2257,#2258);
#2257 = CARTESIAN_POINT('',(-36.15,36.75,-10.8));
#2258 = VECTOR('',#2259,1.);
#2259 = DIRECTION('',(0.,-1.,0.));
#2260 = ORIENTED_EDGE('',*,*,#2261,.F.);
#2261 = EDGE_CURVE('',#2262,#2254,#2264,.T.);
#2262 = VERTEX_POINT('',#2263);
#2263 = CARTESIAN_POINT('',(-37.52120327386,4.13,-10.8));
#2264 = LINE('',#2265,#2266);
#2265 = CARTESIAN_POINT('',(-4.500000000002,4.13,-10.8));
#2266 = VECTOR('',#2267,1.);
#2267 = DIRECTION('',(1.,0.,0.));
#2268 = ORIENTED_EDGE('',*,*,#2269,.T.);
#2269 = EDGE_CURVE('',#2262,#2095,#2270,.T.);
#2270 = LINE('',#2271,#2272);
#2271 = CARTESIAN_POINT('',(-37.52120327386,27.192746858169,-10.8));
#2272 = VECTOR('',#2273,1.);
#2273 = DIRECTION('',(0.,1.,0.));
#2274 = PLANE('',#2275);
#2275 = AXIS2_PLACEMENT_3D('',#2276,#2277,#2278);
#2276 = CARTESIAN_POINT('',(27.149999999997,36.75,-10.8));
#2277 = DIRECTION('',(0.,0.,1.));
#2278 = DIRECTION('',(1.,0.,0.));
#2279 = ADVANCED_FACE('',(#2280),#2292,.T.);
#2280 = FACE_BOUND('',#2281,.T.);
#2281 = EDGE_LOOP('',(#2282,#2283,#2284,#2291));
#2282 = ORIENTED_EDGE('',*,*,#515,.T.);
#2283 = ORIENTED_EDGE('',*,*,#541,.T.);
#2284 = ORIENTED_EDGE('',*,*,#2285,.F.);
#2285 = EDGE_CURVE('',#647,#532,#2286,.T.);
#2286 = CIRCLE('',#2287,1.5);
#2287 = AXIS2_PLACEMENT_3D('',#2288,#2289,#2290);
#2288 = CARTESIAN_POINT('',(36.85,36.75,-1.5));
#2289 = DIRECTION('',(0.,1.,0.));
#2290 = DIRECTION('',(0.,0.,1.));
#2291 = ORIENTED_EDGE('',*,*,#646,.F.);
#2292 = CYLINDRICAL_SURFACE('',#2293,1.5);
#2293 = AXIS2_PLACEMENT_3D('',#2294,#2295,#2296);
#2294 = CARTESIAN_POINT('',(36.85,-36.75,-1.5));
#2295 = DIRECTION('',(0.,1.,0.));
#2296 = DIRECTION('',(0.,0.,1.));
#2297 = ADVANCED_FACE('',(#2298),#2325,.T.);
#2298 = FACE_BOUND('',#2299,.T.);
#2299 = EDGE_LOOP('',(#2300,#2301,#2310,#2318));
#2300 = ORIENTED_EDGE('',*,*,#531,.T.);
#2301 = ORIENTED_EDGE('',*,*,#2302,.T.);
#2302 = EDGE_CURVE('',#534,#2303,#2305,.T.);
#2303 = VERTEX_POINT('',#2304);
#2304 = CARTESIAN_POINT('',(27.15,47.95,-12.2));
#2305 = CIRCLE('',#2306,11.2);
#2306 = AXIS2_PLACEMENT_3D('',#2307,#2308,#2309);
#2307 = CARTESIAN_POINT('',(27.15,36.75,-12.2));
#2308 = DIRECTION('',(0.,0.,1.));
#2309 = DIRECTION('',(1.,0.,0.));
#2310 = ORIENTED_EDGE('',*,*,#2311,.F.);
#2311 = EDGE_CURVE('',#2312,#2303,#2314,.T.);
#2312 = VERTEX_POINT('',#2313);
#2313 = CARTESIAN_POINT('',(27.15,47.95,-1.5));
#2314 = LINE('',#2315,#2316);
#2315 = CARTESIAN_POINT('',(27.15,47.95,0.));
#2316 = VECTOR('',#2317,1.);
#2317 = DIRECTION('',(-0.,-0.,-1.));
#2318 = ORIENTED_EDGE('',*,*,#2319,.F.);
#2319 = EDGE_CURVE('',#532,#2312,#2320,.T.);
#2320 = CIRCLE('',#2321,11.2);
#2321 = AXIS2_PLACEMENT_3D('',#2322,#2323,#2324);
#2322 = CARTESIAN_POINT('',(27.15,36.75,-1.5));
#2323 = DIRECTION('',(0.,0.,1.));
#2324 = DIRECTION('',(1.,0.,0.));
#2325 = CYLINDRICAL_SURFACE('',#2326,11.2);
#2326 = AXIS2_PLACEMENT_3D('',#2327,#2328,#2329);
#2327 = CARTESIAN_POINT('',(27.15,36.75,0.));
#2328 = DIRECTION('',(0.,0.,1.));
#2329 = DIRECTION('',(1.,0.,0.));
#2330 = ADVANCED_FACE('',(#2331),#2398,.F.);
#2331 = FACE_BOUND('',#2332,.F.);
#2332 = EDGE_LOOP('',(#2333,#2341,#2342,#2343,#2351,#2359,#2367,#2376,
    #2384,#2392));
#2333 = ORIENTED_EDGE('',*,*,#2334,.F.);
#2334 = EDGE_CURVE('',#598,#2335,#2337,.T.);
#2335 = VERTEX_POINT('',#2336);
#2336 = CARTESIAN_POINT('',(37.521203273864,18.730000000024,-12.2));
#2337 = LINE('',#2338,#2339);
#2338 = CARTESIAN_POINT('',(19.175,18.730000000024,-12.2));
#2339 = VECTOR('',#2340,1.);
#2340 = DIRECTION('',(-1.,0.,0.));
#2341 = ORIENTED_EDGE('',*,*,#605,.T.);
#2342 = ORIENTED_EDGE('',*,*,#2302,.T.);
#2343 = ORIENTED_EDGE('',*,*,#2344,.T.);
#2344 = EDGE_CURVE('',#2303,#2345,#2347,.T.);
#2345 = VERTEX_POINT('',#2346);
#2346 = CARTESIAN_POINT('',(20.907987240797,47.95,-12.2));
#2347 = LINE('',#2348,#2349);
#2348 = CARTESIAN_POINT('',(27.15,47.95,-12.2));
#2349 = VECTOR('',#2350,1.);
#2350 = DIRECTION('',(-1.,0.,0.));
#2351 = ORIENTED_EDGE('',*,*,#2352,.F.);
#2352 = EDGE_CURVE('',#2353,#2345,#2355,.T.);
#2353 = VERTEX_POINT('',#2354);
#2354 = CARTESIAN_POINT('',(20.907987240797,46.95,-12.2));
#2355 = LINE('',#2356,#2357);
#2356 = CARTESIAN_POINT('',(20.907987240797,47.95,-12.2));
#2357 = VECTOR('',#2358,1.);
#2358 = DIRECTION('',(0.,1.,-2.2E-16));
#2359 = ORIENTED_EDGE('',*,*,#2360,.F.);
#2360 = EDGE_CURVE('',#2361,#2353,#2363,.T.);
#2361 = VERTEX_POINT('',#2362);
#2362 = CARTESIAN_POINT('',(27.149999999997,46.95,-12.2));
#2363 = LINE('',#2364,#2365);
#2364 = CARTESIAN_POINT('',(27.149999999997,46.95,-12.2));
#2365 = VECTOR('',#2366,1.);
#2366 = DIRECTION('',(-1.,0.,0.));
#2367 = ORIENTED_EDGE('',*,*,#2368,.F.);
#2368 = EDGE_CURVE('',#2369,#2361,#2371,.T.);
#2369 = VERTEX_POINT('',#2370);
#2370 = CARTESIAN_POINT('',(37.349999999997,36.75,-12.2));
#2371 = CIRCLE('',#2372,10.2);
#2372 = AXIS2_PLACEMENT_3D('',#2373,#2374,#2375);
#2373 = CARTESIAN_POINT('',(27.149999999997,36.75,-12.2));
#2374 = DIRECTION('',(0.,0.,1.));
#2375 = DIRECTION('',(1.,0.,0.));
#2376 = ORIENTED_EDGE('',*,*,#2377,.F.);
#2377 = EDGE_CURVE('',#2378,#2369,#2380,.T.);
#2378 = VERTEX_POINT('',#2379);
#2379 = CARTESIAN_POINT('',(37.349999999997,19.730000000041,-12.2));
#2380 = LINE('',#2381,#2382);
#2381 = CARTESIAN_POINT('',(37.349999999997,-36.75,-12.2));
#2382 = VECTOR('',#2383,1.);
#2383 = DIRECTION('',(0.,1.,0.));
#2384 = ORIENTED_EDGE('',*,*,#2385,.T.);
#2385 = EDGE_CURVE('',#2378,#2386,#2388,.T.);
#2386 = VERTEX_POINT('',#2387);
#2387 = CARTESIAN_POINT('',(37.521203273864,19.730000000041,-12.2));
#2388 = LINE('',#2389,#2390);
#2389 = CARTESIAN_POINT('',(18.075,19.730000000041,-12.2));
#2390 = VECTOR('',#2391,1.);
#2391 = DIRECTION('',(1.,0.,0.));
#2392 = ORIENTED_EDGE('',*,*,#2393,.F.);
#2393 = EDGE_CURVE('',#2335,#2386,#2394,.T.);
#2394 = LINE('',#2395,#2396);
#2395 = CARTESIAN_POINT('',(37.521203273864,5.965000000005,-12.2));
#2396 = VECTOR('',#2397,1.);
#2397 = DIRECTION('',(0.,1.,0.));
#2398 = PLANE('',#2399);
#2399 = AXIS2_PLACEMENT_3D('',#2400,#2401,#2402);
#2400 = CARTESIAN_POINT('',(-4.63E-15,-9.7E-15,-12.2));
#2401 = DIRECTION('',(0.,0.,1.));
#2402 = DIRECTION('',(1.,0.,0.));
#2403 = ADVANCED_FACE('',(#2404),#2446,.F.);
#2404 = FACE_BOUND('',#2405,.F.);
#2405 = EDGE_LOOP('',(#2406,#2407,#2408,#2416,#2424,#2432,#2440));
#2406 = ORIENTED_EDGE('',*,*,#597,.F.);
#2407 = ORIENTED_EDGE('',*,*,#2334,.T.);
#2408 = ORIENTED_EDGE('',*,*,#2409,.F.);
#2409 = EDGE_CURVE('',#2410,#2335,#2412,.T.);
#2410 = VERTEX_POINT('',#2411);
#2411 = CARTESIAN_POINT('',(37.521203273864,18.730000000024,
    -11.5543036921));
#2412 = LINE('',#2413,#2414);
#2413 = CARTESIAN_POINT('',(37.521203273864,18.730000000024,
    -11.87499999997));
#2414 = VECTOR('',#2415,1.);
#2415 = DIRECTION('',(0.,0.,-1.));
#2416 = ORIENTED_EDGE('',*,*,#2417,.T.);
#2417 = EDGE_CURVE('',#2410,#2418,#2420,.T.);
#2418 = VERTEX_POINT('',#2419);
#2419 = CARTESIAN_POINT('',(37.721203273861,18.730000000024,-10.8));
#2420 = LINE('',#2421,#2422);
#2421 = CARTESIAN_POINT('',(37.382646757663,18.730000000024,
    -12.07687215078));
#2422 = VECTOR('',#2423,1.);
#2423 = DIRECTION('',(0.256289373133,0.,0.966600102017));
#2424 = ORIENTED_EDGE('',*,*,#2425,.T.);
#2425 = EDGE_CURVE('',#2418,#2426,#2428,.T.);
#2426 = VERTEX_POINT('',#2427);
#2427 = CARTESIAN_POINT('',(37.521203273864,18.730000000024,-10.8));
#2428 = LINE('',#2429,#2430);
#2429 = CARTESIAN_POINT('',(32.749999999998,18.730000000024,-10.8));
#2430 = VECTOR('',#2431,1.);
#2431 = DIRECTION('',(-1.,0.,0.));
#2432 = ORIENTED_EDGE('',*,*,#2433,.F.);
#2433 = EDGE_CURVE('',#2434,#2426,#2436,.T.);
#2434 = VERTEX_POINT('',#2435);
#2435 = CARTESIAN_POINT('',(37.521203273864,18.730000000024,-5.2));
#2436 = LINE('',#2437,#2438);
#2437 = CARTESIAN_POINT('',(37.521203273864,18.730000000024,
    -11.87499999997));
#2438 = VECTOR('',#2439,1.);
#2439 = DIRECTION('',(0.,0.,-1.));
#2440 = ORIENTED_EDGE('',*,*,#2441,.F.);
#2441 = EDGE_CURVE('',#590,#2434,#2442,.T.);
#2442 = LINE('',#2443,#2444);
#2443 = CARTESIAN_POINT('',(38.35,18.730000000024,-5.2));
#2444 = VECTOR('',#2445,1.);
#2445 = DIRECTION('',(-1.,-0.,-0.));
#2446 = PLANE('',#2447);
#2447 = AXIS2_PLACEMENT_3D('',#2448,#2449,#2450);
#2448 = CARTESIAN_POINT('',(38.35,18.730000000024,-13.69999999995));
#2449 = DIRECTION('',(0.,1.,0.));
#2450 = DIRECTION('',(0.,0.,1.));
#2451 = ADVANCED_FACE('',(#2452),#2470,.F.);
#2452 = FACE_BOUND('',#2453,.F.);
#2453 = EDGE_LOOP('',(#2454,#2455,#2456,#2464));
#2454 = ORIENTED_EDGE('',*,*,#589,.F.);
#2455 = ORIENTED_EDGE('',*,*,#2441,.T.);
#2456 = ORIENTED_EDGE('',*,*,#2457,.F.);
#2457 = EDGE_CURVE('',#2458,#2434,#2460,.T.);
#2458 = VERTEX_POINT('',#2459);
#2459 = CARTESIAN_POINT('',(37.521203273864,14.029999999976,-5.2));
#2460 = LINE('',#2461,#2462);
#2461 = CARTESIAN_POINT('',(37.521203273864,15.330000000017,-5.2));
#2462 = VECTOR('',#2463,1.);
#2463 = DIRECTION('',(0.,1.,0.));
#2464 = ORIENTED_EDGE('',*,*,#2465,.F.);
#2465 = EDGE_CURVE('',#582,#2458,#2466,.T.);
#2466 = LINE('',#2467,#2468);
#2467 = CARTESIAN_POINT('',(38.35,14.029999999976,-5.2));
#2468 = VECTOR('',#2469,1.);
#2469 = DIRECTION('',(-1.,-0.,-0.));
#2470 = PLANE('',#2471);
#2471 = AXIS2_PLACEMENT_3D('',#2472,#2473,#2474);
#2472 = CARTESIAN_POINT('',(38.35,18.730000000024,-5.2));
#2473 = DIRECTION('',(0.,0.,1.));
#2474 = DIRECTION('',(0.,-1.,0.));
#2475 = ADVANCED_FACE('',(#2476),#2518,.F.);
#2476 = FACE_BOUND('',#2477,.F.);
#2477 = EDGE_LOOP('',(#2478,#2479,#2480,#2488,#2496,#2504,#2512));
#2478 = ORIENTED_EDGE('',*,*,#581,.F.);
#2479 = ORIENTED_EDGE('',*,*,#2465,.T.);
#2480 = ORIENTED_EDGE('',*,*,#2481,.F.);
#2481 = EDGE_CURVE('',#2482,#2458,#2484,.T.);
#2482 = VERTEX_POINT('',#2483);
#2483 = CARTESIAN_POINT('',(37.521203273864,14.029999999976,-10.8));
#2484 = LINE('',#2485,#2486);
#2485 = CARTESIAN_POINT('',(37.521203273864,14.029999999976,-7.625));
#2486 = VECTOR('',#2487,1.);
#2487 = DIRECTION('',(0.,0.,1.));
#2488 = ORIENTED_EDGE('',*,*,#2489,.T.);
#2489 = EDGE_CURVE('',#2482,#2490,#2492,.T.);
#2490 = VERTEX_POINT('',#2491);
#2491 = CARTESIAN_POINT('',(37.721203273861,14.029999999976,-10.8));
#2492 = LINE('',#2493,#2494);
#2493 = CARTESIAN_POINT('',(32.749999999998,14.029999999976,-10.8));
#2494 = VECTOR('',#2495,1.);
#2495 = DIRECTION('',(1.,0.,0.));
#2496 = ORIENTED_EDGE('',*,*,#2497,.T.);
#2497 = EDGE_CURVE('',#2490,#2498,#2500,.T.);
#2498 = VERTEX_POINT('',#2499);
#2499 = CARTESIAN_POINT('',(37.521203273864,14.029999999976,
    -11.5543036921));
#2500 = LINE('',#2501,#2502);
#2501 = CARTESIAN_POINT('',(38.435496428076,14.029999999976,
    -8.106030182625));
#2502 = VECTOR('',#2503,1.);
#2503 = DIRECTION('',(-0.256289373133,-0.,-0.966600102017));
#2504 = ORIENTED_EDGE('',*,*,#2505,.F.);
#2505 = EDGE_CURVE('',#2506,#2498,#2508,.T.);
#2506 = VERTEX_POINT('',#2507);
#2507 = CARTESIAN_POINT('',(37.521203273864,14.029999999976,-12.2));
#2508 = LINE('',#2509,#2510);
#2509 = CARTESIAN_POINT('',(37.521203273864,14.029999999976,-7.625));
#2510 = VECTOR('',#2511,1.);
#2511 = DIRECTION('',(0.,0.,1.));
#2512 = ORIENTED_EDGE('',*,*,#2513,.T.);
#2513 = EDGE_CURVE('',#2506,#574,#2514,.T.);
#2514 = LINE('',#2515,#2516);
#2515 = CARTESIAN_POINT('',(19.175,14.029999999976,-12.2));
#2516 = VECTOR('',#2517,1.);
#2517 = DIRECTION('',(1.,0.,0.));
#2518 = PLANE('',#2519);
#2519 = AXIS2_PLACEMENT_3D('',#2520,#2521,#2522);
#2520 = CARTESIAN_POINT('',(38.35,14.029999999976,-5.2));
#2521 = DIRECTION('',(0.,-1.,0.));
#2522 = DIRECTION('',(0.,0.,-1.));
#2523 = ADVANCED_FACE('',(#2524),#2542,.F.);
#2524 = FACE_BOUND('',#2525,.F.);
#2525 = EDGE_LOOP('',(#2526,#2527,#2535,#2541));
#2526 = ORIENTED_EDGE('',*,*,#557,.F.);
#2527 = ORIENTED_EDGE('',*,*,#2528,.T.);
#2528 = EDGE_CURVE('',#558,#2529,#2531,.T.);
#2529 = VERTEX_POINT('',#2530);
#2530 = CARTESIAN_POINT('',(37.521203273864,9.83,-5.2));
#2531 = LINE('',#2532,#2533);
#2532 = CARTESIAN_POINT('',(38.35,9.83,-5.2));
#2533 = VECTOR('',#2534,1.);
#2534 = DIRECTION('',(-1.,-0.,-0.));
#2535 = ORIENTED_EDGE('',*,*,#2536,.F.);
#2536 = EDGE_CURVE('',#1829,#2529,#2537,.T.);
#2537 = LINE('',#2538,#2539);
#2538 = CARTESIAN_POINT('',(37.521203273864,10.880000000005,-5.2));
#2539 = VECTOR('',#2540,1.);
#2540 = DIRECTION('',(0.,1.,0.));
#2541 = ORIENTED_EDGE('',*,*,#1828,.F.);
#2542 = PLANE('',#2543);
#2543 = AXIS2_PLACEMENT_3D('',#2544,#2545,#2546);
#2544 = CARTESIAN_POINT('',(38.35,9.83,-5.2));
#2545 = DIRECTION('',(0.,0.,1.));
#2546 = DIRECTION('',(0.,-1.,0.));
#2547 = ADVANCED_FACE('',(#2548),#2598,.F.);
#2548 = FACE_BOUND('',#2549,.F.);
#2549 = EDGE_LOOP('',(#2550,#2558,#2559,#2560,#2568,#2576,#2584,#2592));
#2550 = ORIENTED_EDGE('',*,*,#2551,.F.);
#2551 = EDGE_CURVE('',#566,#2552,#2554,.T.);
#2552 = VERTEX_POINT('',#2553);
#2553 = CARTESIAN_POINT('',(37.521203273864,9.83,-12.2));
#2554 = LINE('',#2555,#2556);
#2555 = CARTESIAN_POINT('',(19.175,9.83,-12.2));
#2556 = VECTOR('',#2557,1.);
#2557 = DIRECTION('',(-1.,0.,0.));
#2558 = ORIENTED_EDGE('',*,*,#573,.T.);
#2559 = ORIENTED_EDGE('',*,*,#2513,.F.);
#2560 = ORIENTED_EDGE('',*,*,#2561,.F.);
#2561 = EDGE_CURVE('',#2562,#2506,#2564,.T.);
#2562 = VERTEX_POINT('',#2563);
#2563 = CARTESIAN_POINT('',(37.521203273864,13.029999999959,-12.2));
#2564 = LINE('',#2565,#2566);
#2565 = CARTESIAN_POINT('',(37.521203273864,5.965000000005,-12.2));
#2566 = VECTOR('',#2567,1.);
#2567 = DIRECTION('',(0.,1.,0.));
#2568 = ORIENTED_EDGE('',*,*,#2569,.T.);
#2569 = EDGE_CURVE('',#2562,#2570,#2572,.T.);
#2570 = VERTEX_POINT('',#2571);
#2571 = CARTESIAN_POINT('',(37.349999999997,13.029999999959,-12.2));
#2572 = LINE('',#2573,#2574);
#2573 = CARTESIAN_POINT('',(18.075,13.029999999959,-12.2));
#2574 = VECTOR('',#2575,1.);
#2575 = DIRECTION('',(-1.,0.,0.));
#2576 = ORIENTED_EDGE('',*,*,#2577,.F.);
#2577 = EDGE_CURVE('',#2578,#2570,#2580,.T.);
#2578 = VERTEX_POINT('',#2579);
#2579 = CARTESIAN_POINT('',(37.349999999997,10.83,-12.2));
#2580 = LINE('',#2581,#2582);
#2581 = CARTESIAN_POINT('',(37.349999999997,-36.75,-12.2));
#2582 = VECTOR('',#2583,1.);
#2583 = DIRECTION('',(0.,1.,0.));
#2584 = ORIENTED_EDGE('',*,*,#2585,.T.);
#2585 = EDGE_CURVE('',#2578,#2586,#2588,.T.);
#2586 = VERTEX_POINT('',#2587);
#2587 = CARTESIAN_POINT('',(37.521203273864,10.83,-12.2));
#2588 = LINE('',#2589,#2590);
#2589 = CARTESIAN_POINT('',(18.075,10.83,-12.2));
#2590 = VECTOR('',#2591,1.);
#2591 = DIRECTION('',(1.,0.,0.));
#2592 = ORIENTED_EDGE('',*,*,#2593,.F.);
#2593 = EDGE_CURVE('',#2552,#2586,#2594,.T.);
#2594 = LINE('',#2595,#2596);
#2595 = CARTESIAN_POINT('',(37.521203273864,5.965000000005,-12.2));
#2596 = VECTOR('',#2597,1.);
#2597 = DIRECTION('',(0.,1.,0.));
#2598 = PLANE('',#2599);
#2599 = AXIS2_PLACEMENT_3D('',#2600,#2601,#2602);
#2600 = CARTESIAN_POINT('',(-4.63E-15,-9.7E-15,-12.2));
#2601 = DIRECTION('',(0.,0.,1.));
#2602 = DIRECTION('',(1.,0.,0.));
#2603 = ADVANCED_FACE('',(#2604),#2639,.F.);
#2604 = FACE_BOUND('',#2605,.F.);
#2605 = EDGE_LOOP('',(#2606,#2607,#2608,#2616,#2624,#2632,#2638));
#2606 = ORIENTED_EDGE('',*,*,#565,.F.);
#2607 = ORIENTED_EDGE('',*,*,#2551,.T.);
#2608 = ORIENTED_EDGE('',*,*,#2609,.F.);
#2609 = EDGE_CURVE('',#2610,#2552,#2612,.T.);
#2610 = VERTEX_POINT('',#2611);
#2611 = CARTESIAN_POINT('',(37.521203273864,9.83,-11.5543036921));
#2612 = LINE('',#2613,#2614);
#2613 = CARTESIAN_POINT('',(37.521203273864,9.83,-11.875));
#2614 = VECTOR('',#2615,1.);
#2615 = DIRECTION('',(0.,0.,-1.));
#2616 = ORIENTED_EDGE('',*,*,#2617,.T.);
#2617 = EDGE_CURVE('',#2610,#2618,#2620,.T.);
#2618 = VERTEX_POINT('',#2619);
#2619 = CARTESIAN_POINT('',(37.721203273861,9.83,-10.8));
#2620 = LINE('',#2621,#2622);
#2621 = CARTESIAN_POINT('',(37.382646757657,9.83,-12.0768721508));
#2622 = VECTOR('',#2623,1.);
#2623 = DIRECTION('',(0.256289373133,0.,0.966600102017));
#2624 = ORIENTED_EDGE('',*,*,#2625,.T.);
#2625 = EDGE_CURVE('',#2618,#2626,#2628,.T.);
#2626 = VERTEX_POINT('',#2627);
#2627 = CARTESIAN_POINT('',(37.521203273864,9.83,-10.8));
#2628 = LINE('',#2629,#2630);
#2629 = CARTESIAN_POINT('',(32.749999999998,9.83,-10.8));
#2630 = VECTOR('',#2631,1.);
#2631 = DIRECTION('',(-1.,0.,0.));
#2632 = ORIENTED_EDGE('',*,*,#2633,.F.);
#2633 = EDGE_CURVE('',#2529,#2626,#2634,.T.);
#2634 = LINE('',#2635,#2636);
#2635 = CARTESIAN_POINT('',(37.521203273864,9.83,-11.875));
#2636 = VECTOR('',#2637,1.);
#2637 = DIRECTION('',(0.,0.,-1.));
#2638 = ORIENTED_EDGE('',*,*,#2528,.F.);
#2639 = PLANE('',#2640);
#2640 = AXIS2_PLACEMENT_3D('',#2641,#2642,#2643);
#2641 = CARTESIAN_POINT('',(38.35,9.83,-13.7));
#2642 = DIRECTION('',(0.,1.,0.));
#2643 = DIRECTION('',(0.,0.,1.));
#2644 = ADVANCED_FACE('',(#2645),#2657,.T.);
#2645 = FACE_BOUND('',#2646,.T.);
#2646 = EDGE_LOOP('',(#2647,#2654,#2655,#2656));
#2647 = ORIENTED_EDGE('',*,*,#2648,.T.);
#2648 = EDGE_CURVE('',#808,#1863,#2649,.T.);
#2649 = CIRCLE('',#2650,1.5);
#2650 = AXIS2_PLACEMENT_3D('',#2651,#2652,#2653);
#2651 = CARTESIAN_POINT('',(-36.85,36.75,-1.5));
#2652 = DIRECTION('',(-6.E-17,-1.,-0.));
#2653 = DIRECTION('',(-1.,6.E-17,0.));
#2654 = ORIENTED_EDGE('',*,*,#1862,.T.);
#2655 = ORIENTED_EDGE('',*,*,#619,.F.);
#2656 = ORIENTED_EDGE('',*,*,#816,.F.);
#2657 = CYLINDRICAL_SURFACE('',#2658,1.5);
#2658 = AXIS2_PLACEMENT_3D('',#2659,#2660,#2661);
#2659 = CARTESIAN_POINT('',(-36.85,36.75,-1.5));
#2660 = DIRECTION('',(0.,-1.,0.));
#2661 = DIRECTION('',(0.,0.,1.));
#2662 = ADVANCED_FACE('',(#2663),#2683,.T.);
#2663 = FACE_BOUND('',#2664,.F.);
#2664 = EDGE_LOOP('',(#2665,#2674,#2675,#2676));
#2665 = ORIENTED_EDGE('',*,*,#2666,.F.);
#2666 = EDGE_CURVE('',#800,#2667,#2669,.T.);
#2667 = VERTEX_POINT('',#2668);
#2668 = CARTESIAN_POINT('',(-27.15,47.95,-1.5));
#2669 = CIRCLE('',#2670,1.5);
#2670 = AXIS2_PLACEMENT_3D('',#2671,#2672,#2673);
#2671 = CARTESIAN_POINT('',(-27.15,46.45,-1.5));
#2672 = DIRECTION('',(-1.,0.,0.));
#2673 = DIRECTION('',(0.,0.,1.));
#2674 = ORIENTED_EDGE('',*,*,#807,.T.);
#2675 = ORIENTED_EDGE('',*,*,#2648,.T.);
#2676 = ORIENTED_EDGE('',*,*,#2677,.F.);
#2677 = EDGE_CURVE('',#2667,#1863,#2678,.T.);
#2678 = CIRCLE('',#2679,11.2);
#2679 = AXIS2_PLACEMENT_3D('',#2680,#2681,#2682);
#2680 = CARTESIAN_POINT('',(-27.15,36.75,-1.5));
#2681 = DIRECTION('',(0.,-0.,1.));
#2682 = DIRECTION('',(0.,1.,0.));
#2683 = TOROIDAL_SURFACE('',#2684,9.7,1.5);
#2684 = AXIS2_PLACEMENT_3D('',#2685,#2686,#2687);
#2685 = CARTESIAN_POINT('',(-27.15,36.75,-1.5));
#2686 = DIRECTION('',(-0.,-0.,-1.));
#2687 = DIRECTION('',(0.,1.,0.));
#2688 = ADVANCED_FACE('',(#2689),#2808,.T.);
#2689 = FACE_BOUND('',#2690,.T.);
#2690 = EDGE_LOOP('',(#2691,#2692,#2699,#2705,#2706,#2707,#2729,#2737,
    #2757,#2758,#2780,#2788));
#2691 = ORIENTED_EDGE('',*,*,#663,.F.);
#2692 = ORIENTED_EDGE('',*,*,#2693,.T.);
#2693 = EDGE_CURVE('',#655,#2312,#2694,.T.);
#2694 = CIRCLE('',#2695,1.5);
#2695 = AXIS2_PLACEMENT_3D('',#2696,#2697,#2698);
#2696 = CARTESIAN_POINT('',(27.15,46.45,-1.5));
#2697 = DIRECTION('',(-1.,6.E-17,0.));
#2698 = DIRECTION('',(6.E-17,1.,0.));
#2699 = ORIENTED_EDGE('',*,*,#2700,.T.);
#2700 = EDGE_CURVE('',#2312,#2667,#2701,.T.);
#2701 = LINE('',#2702,#2703);
#2702 = CARTESIAN_POINT('',(27.15,47.95,-1.5));
#2703 = VECTOR('',#2704,1.);
#2704 = DIRECTION('',(-1.,0.,0.));
#2705 = ORIENTED_EDGE('',*,*,#2666,.F.);
#2706 = ORIENTED_EDGE('',*,*,#799,.F.);
#2707 = ORIENTED_EDGE('',*,*,#2708,.F.);
#2708 = EDGE_CURVE('',#2709,#791,#2711,.T.);
#2709 = VERTEX_POINT('',#2710);
#2710 = CARTESIAN_POINT('',(-6.9,46.85,-5.431677051985E-02));
#2711 = B_SPLINE_CURVE_WITH_KNOTS('',6,(#2712,#2713,#2714,#2715,#2716,
    #2717,#2718,#2719,#2720,#2721,#2722,#2723,#2724,#2725,#2726,#2727,
    #2728),.UNSPECIFIED.,.F.,.F.,(7,5,5,7),(0.,0.216114088908,
    0.717330543727,1.),.UNSPECIFIED.);
#2712 = CARTESIAN_POINT('',(-6.9,46.85,-5.43167705199E-02));
#2713 = CARTESIAN_POINT('',(-6.924195639557,46.85,-5.43167705199E-02));
#2714 = CARTESIAN_POINT('',(-6.94839025311,46.848594964045,
    -5.392805164053E-02));
#2715 = CARTESIAN_POINT('',(-6.972489238896,46.8457851453,
    -5.315051741719E-02));
#2716 = CARTESIAN_POINT('',(-6.996397567328,46.841577726118,
    -5.199750850603E-02));
#2717 = CARTESIAN_POINT('',(-7.020020161277,46.835987316031,
    -5.049477343362E-02));
#2718 = CARTESIAN_POINT('',(-7.097165890817,46.812915850735,
    -4.44692773901E-02));
#2719 = CARTESIAN_POINT('',(-7.149055038253,46.789468119459,
    -3.857542493352E-02));
#2720 = CARTESIAN_POINT('',(-7.197745414871,46.758957792859,
    -3.145250098233E-02));
#2721 = CARTESIAN_POINT('',(-7.242083162679,46.721874110041,
    -2.388416295145E-02));
#2722 = CARTESIAN_POINT('',(-7.280996442963,46.678928501433,
    -1.678767991005E-02));
#2723 = CARTESIAN_POINT('',(-7.331893935844,46.604035114972,
    -7.68189715574E-03));
#2724 = CARTESIAN_POINT('',(-7.348221137355,46.575457794119,
    -4.803676593135E-03));
#2725 = CARTESIAN_POINT('',(-7.362322533033,46.545519556266,
    -2.481262562528E-03));
#2726 = CARTESIAN_POINT('',(-7.374040361504,46.514458311562,
    -8.464027057161E-04));
#2727 = CARTESIAN_POINT('',(-7.383257740477,46.482530243164,2.2E-16));
#2728 = CARTESIAN_POINT('',(-7.389897948557,46.45,2.2E-16));
#2729 = ORIENTED_EDGE('',*,*,#2730,.F.);
#2730 = EDGE_CURVE('',#2731,#2709,#2733,.T.);
#2731 = VERTEX_POINT('',#2732);
#2732 = CARTESIAN_POINT('',(-6.5,46.85,-5.431677051985E-02));
#2733 = LINE('',#2734,#2735);
#2734 = CARTESIAN_POINT('',(27.15,46.85,-5.43167705199E-02));
#2735 = VECTOR('',#2736,1.);
#2736 = DIRECTION('',(-1.,0.,0.));
#2737 = ORIENTED_EDGE('',*,*,#2738,.F.);
#2738 = EDGE_CURVE('',#732,#2731,#2739,.T.);
#2739 = B_SPLINE_CURVE_WITH_KNOTS('',6,(#2740,#2741,#2742,#2743,#2744,
    #2745,#2746,#2747,#2748,#2749,#2750,#2751,#2752,#2753,#2754,#2755,
    #2756),.UNSPECIFIED.,.F.,.F.,(7,5,5,7),(0.,0.280615063246,
    0.784687420343,1.),.UNSPECIFIED.);
#2740 = CARTESIAN_POINT('',(-6.010102051443,46.45,2.2E-16));
#2741 = CARTESIAN_POINT('',(-6.016694010924,46.482293874267,2.2E-16));
#2742 = CARTESIAN_POINT('',(-6.025825891167,46.513994615919,
    -8.341515788801E-04));
#2743 = CARTESIAN_POINT('',(-6.037422687075,46.5448430895,
    -2.445779478833E-03));
#2744 = CARTESIAN_POINT('',(-6.051370281235,46.574588381104,
    -4.736474504284E-03));
#2745 = CARTESIAN_POINT('',(-6.067514747661,46.602997283576,
    -7.577750883251E-03));
#2746 = CARTESIAN_POINT('',(-6.118259173747,46.67812440923,
    -1.66516529379E-02));
#2747 = CARTESIAN_POINT('',(-6.157314629818,46.721403124631,
    -2.378273159731E-02));
#2748 = CARTESIAN_POINT('',(-6.201868627599,46.758760680091,
    -3.140119994711E-02));
#2749 = CARTESIAN_POINT('',(-6.250831455294,46.78947158866,
    -3.857278880145E-02));
#2750 = CARTESIAN_POINT('',(-6.3030289804,46.813037688868,
    -4.44992675771E-02));
#2751 = CARTESIAN_POINT('',(-6.38041862444,46.836090956196,
    -5.052263496208E-02));
#2752 = CARTESIAN_POINT('',(-6.403957760119,46.84164002777,
    -5.201481105451E-02));
#2753 = CARTESIAN_POINT('',(-6.427779318337,46.845816399454,
    -5.315916632185E-02));
#2754 = CARTESIAN_POINT('',(-6.451789423608,46.848605481189,
    -5.393073249877E-02));
#2755 = CARTESIAN_POINT('',(-6.475894245774,46.85,-5.43167705199E-02));
#2756 = CARTESIAN_POINT('',(-6.5,46.85,-5.43167705199E-02));
#2757 = ORIENTED_EDGE('',*,*,#731,.F.);
#2758 = ORIENTED_EDGE('',*,*,#2759,.F.);
#2759 = EDGE_CURVE('',#2760,#723,#2762,.T.);
#2760 = VERTEX_POINT('',#2761);
#2761 = CARTESIAN_POINT('',(6.5,46.85,-5.431677052017E-02));
#2762 = B_SPLINE_CURVE_WITH_KNOTS('',6,(#2763,#2764,#2765,#2766,#2767,
    #2768,#2769,#2770,#2771,#2772,#2773,#2774,#2775,#2776,#2777,#2778,
    #2779),.UNSPECIFIED.,.F.,.F.,(7,5,5,7),(0.,0.216114095883,
    0.717330546242,1.),.UNSPECIFIED.);
#2763 = CARTESIAN_POINT('',(6.5,46.85,-5.431677051993E-02));
#2764 = CARTESIAN_POINT('',(6.475804361473,46.85,-5.431677051993E-02));
#2765 = CARTESIAN_POINT('',(6.451609746617,46.848594964164,
    -5.392805167129E-02));
#2766 = CARTESIAN_POINT('',(6.427510760108,46.845785145156,
    -5.315051737926E-02));
#2767 = CARTESIAN_POINT('',(6.403602432413,46.841577725922,
    -5.199750845462E-02));
#2768 = CARTESIAN_POINT('',(6.37997983968,46.835987316317,
    -5.04947735084E-02));
#2769 = CARTESIAN_POINT('',(6.302834109183,46.812915850735,
    -4.446927739013E-02));
#2770 = CARTESIAN_POINT('',(6.250944961747,46.789468119459,
    -3.857542493355E-02));
#2771 = CARTESIAN_POINT('',(6.202254585129,46.758957792859,
    -3.145250098235E-02));
#2772 = CARTESIAN_POINT('',(6.157916837321,46.721874110041,
    -2.388416295148E-02));
#2773 = CARTESIAN_POINT('',(6.119003557036,46.678928501433,
    -1.678767991007E-02));
#2774 = CARTESIAN_POINT('',(6.068106064156,46.604035114972,
    -7.681897155751E-03));
#2775 = CARTESIAN_POINT('',(6.051778862645,46.575457794119,
    -4.803676593142E-03));
#2776 = CARTESIAN_POINT('',(6.037677466967,46.545519556266,
    -2.481262562532E-03));
#2777 = CARTESIAN_POINT('',(6.025959638496,46.514458311562,
    -8.464027057177E-04));
#2778 = CARTESIAN_POINT('',(6.016742259523,46.482530243164,2.2E-16));
#2779 = CARTESIAN_POINT('',(6.010102051443,46.45,2.2E-16));
#2780 = ORIENTED_EDGE('',*,*,#2781,.F.);
#2781 = EDGE_CURVE('',#2782,#2760,#2784,.T.);
#2782 = VERTEX_POINT('',#2783);
#2783 = CARTESIAN_POINT('',(6.9,46.85,-5.431677052017E-02));
#2784 = LINE('',#2785,#2786);
#2785 = CARTESIAN_POINT('',(27.15,46.85,-5.431677051993E-02));
#2786 = VECTOR('',#2787,1.);
#2787 = DIRECTION('',(-1.,0.,0.));
#2788 = ORIENTED_EDGE('',*,*,#2789,.F.);
#2789 = EDGE_CURVE('',#664,#2782,#2790,.T.);
#2790 = B_SPLINE_CURVE_WITH_KNOTS('',6,(#2791,#2792,#2793,#2794,#2795,
    #2796,#2797,#2798,#2799,#2800,#2801,#2802,#2803,#2804,#2805,#2806,
    #2807),.UNSPECIFIED.,.F.,.F.,(7,5,5,7),(0.,0.280615065657,
    0.784687427085,1.),.UNSPECIFIED.);
#2791 = CARTESIAN_POINT('',(7.389897948557,46.45,2.2E-16));
#2792 = CARTESIAN_POINT('',(7.383305989076,46.482293874267,2.2E-16));
#2793 = CARTESIAN_POINT('',(7.374174108833,46.513994615919,
    -8.341515788798E-04));
#2794 = CARTESIAN_POINT('',(7.362577312925,46.5448430895,
    -2.445779478834E-03));
#2795 = CARTESIAN_POINT('',(7.348629718765,46.574588381104,
    -4.736474504286E-03));
#2796 = CARTESIAN_POINT('',(7.332485252339,46.602997283576,
    -7.577750883251E-03));
#2797 = CARTESIAN_POINT('',(7.281740826254,46.67812440923,
    -1.665165293791E-02));
#2798 = CARTESIAN_POINT('',(7.242685370182,46.721403124631,
    -2.37827315973E-02));
#2799 = CARTESIAN_POINT('',(7.198131372401,46.758760680091,
    -3.140119994714E-02));
#2800 = CARTESIAN_POINT('',(7.149168544706,46.78947158866,
    -3.857278880146E-02));
#2801 = CARTESIAN_POINT('',(7.096971019601,46.813037688868,
    -4.449926757711E-02));
#2802 = CARTESIAN_POINT('',(7.019581376485,46.836090955921,
    -5.052263489017E-02));
#2803 = CARTESIAN_POINT('',(6.996042239594,46.841640027698,
    -5.201481103579E-02));
#2804 = CARTESIAN_POINT('',(6.972220680699,46.845816399594,
    -5.31591663585E-02));
#2805 = CARTESIAN_POINT('',(6.948210576162,46.848605481337,
    -5.39307325376E-02));
#2806 = CARTESIAN_POINT('',(6.924105755222,46.85,-5.431677051993E-02));
#2807 = CARTESIAN_POINT('',(6.9,46.85,-5.431677051993E-02));
#2808 = CYLINDRICAL_SURFACE('',#2809,1.5);
#2809 = AXIS2_PLACEMENT_3D('',#2810,#2811,#2812);
#2810 = CARTESIAN_POINT('',(27.15,46.45,-1.5));
#2811 = DIRECTION('',(-1.,0.,0.));
#2812 = DIRECTION('',(0.,0.,1.));
#2813 = ADVANCED_FACE('',(#2814),#2841,.F.);
#2814 = FACE_BOUND('',#2815,.F.);
#2815 = EDGE_LOOP('',(#2816,#2817,#2825,#2834,#2840));
#2816 = ORIENTED_EDGE('',*,*,#2708,.F.);
#2817 = ORIENTED_EDGE('',*,*,#2818,.T.);
#2818 = EDGE_CURVE('',#2709,#2819,#2821,.T.);
#2819 = VERTEX_POINT('',#2820);
#2820 = CARTESIAN_POINT('',(-6.9,46.85,-1.1));
#2821 = LINE('',#2822,#2823);
#2822 = CARTESIAN_POINT('',(-6.9,46.85,0.));
#2823 = VECTOR('',#2824,1.);
#2824 = DIRECTION('',(-0.,-0.,-1.));
#2825 = ORIENTED_EDGE('',*,*,#2826,.T.);
#2826 = EDGE_CURVE('',#2819,#2827,#2829,.T.);
#2827 = VERTEX_POINT('',#2828);
#2828 = CARTESIAN_POINT('',(-7.4,46.35,-1.1));
#2829 = CIRCLE('',#2830,0.5);
#2830 = AXIS2_PLACEMENT_3D('',#2831,#2832,#2833);
#2831 = CARTESIAN_POINT('',(-6.9,46.35,-1.1));
#2832 = DIRECTION('',(0.,0.,1.));
#2833 = DIRECTION('',(1.,0.,0.));
#2834 = ORIENTED_EDGE('',*,*,#2835,.F.);
#2835 = EDGE_CURVE('',#783,#2827,#2836,.T.);
#2836 = LINE('',#2837,#2838);
#2837 = CARTESIAN_POINT('',(-7.4,46.35,0.));
#2838 = VECTOR('',#2839,1.);
#2839 = DIRECTION('',(-0.,-0.,-1.));
#2840 = ORIENTED_EDGE('',*,*,#790,.F.);
#2841 = CYLINDRICAL_SURFACE('',#2842,0.5);
#2842 = AXIS2_PLACEMENT_3D('',#2843,#2844,#2845);
#2843 = CARTESIAN_POINT('',(-6.9,46.35,0.));
#2844 = DIRECTION('',(0.,0.,1.));
#2845 = DIRECTION('',(1.,0.,-0.));
#2846 = ADVANCED_FACE('',(#2847),#2865,.F.);
#2847 = FACE_BOUND('',#2848,.F.);
#2848 = EDGE_LOOP('',(#2849,#2850,#2858,#2864));
#2849 = ORIENTED_EDGE('',*,*,#2835,.T.);
#2850 = ORIENTED_EDGE('',*,*,#2851,.T.);
#2851 = EDGE_CURVE('',#2827,#2852,#2854,.T.);
#2852 = VERTEX_POINT('',#2853);
#2853 = CARTESIAN_POINT('',(-7.4,38.35,-1.1));
#2854 = LINE('',#2855,#2856);
#2855 = CARTESIAN_POINT('',(-7.4,46.35,-1.1));
#2856 = VECTOR('',#2857,1.);
#2857 = DIRECTION('',(0.,-1.,0.));
#2858 = ORIENTED_EDGE('',*,*,#2859,.F.);
#2859 = EDGE_CURVE('',#774,#2852,#2860,.T.);
#2860 = LINE('',#2861,#2862);
#2861 = CARTESIAN_POINT('',(-7.4,38.35,0.));
#2862 = VECTOR('',#2863,1.);
#2863 = DIRECTION('',(-0.,-0.,-1.));
#2864 = ORIENTED_EDGE('',*,*,#782,.F.);
#2865 = PLANE('',#2866);
#2866 = AXIS2_PLACEMENT_3D('',#2867,#2868,#2869);
#2867 = CARTESIAN_POINT('',(-7.4,46.35,0.));
#2868 = DIRECTION('',(-1.,0.,0.));
#2869 = DIRECTION('',(0.,-1.,0.));
#2870 = ADVANCED_FACE('',(#2871),#2890,.F.);
#2871 = FACE_BOUND('',#2872,.F.);
#2872 = EDGE_LOOP('',(#2873,#2874,#2883,#2889));
#2873 = ORIENTED_EDGE('',*,*,#2859,.T.);
#2874 = ORIENTED_EDGE('',*,*,#2875,.T.);
#2875 = EDGE_CURVE('',#2852,#2876,#2878,.T.);
#2876 = VERTEX_POINT('',#2877);
#2877 = CARTESIAN_POINT('',(-6.9,37.85,-1.1));
#2878 = CIRCLE('',#2879,0.5);
#2879 = AXIS2_PLACEMENT_3D('',#2880,#2881,#2882);
#2880 = CARTESIAN_POINT('',(-6.9,38.35,-1.1));
#2881 = DIRECTION('',(0.,0.,1.));
#2882 = DIRECTION('',(1.,0.,0.));
#2883 = ORIENTED_EDGE('',*,*,#2884,.F.);
#2884 = EDGE_CURVE('',#766,#2876,#2885,.T.);
#2885 = LINE('',#2886,#2887);
#2886 = CARTESIAN_POINT('',(-6.9,37.85,0.));
#2887 = VECTOR('',#2888,1.);
#2888 = DIRECTION('',(-0.,-0.,-1.));
#2889 = ORIENTED_EDGE('',*,*,#773,.F.);
#2890 = CYLINDRICAL_SURFACE('',#2891,0.5);
#2891 = AXIS2_PLACEMENT_3D('',#2892,#2893,#2894);
#2892 = CARTESIAN_POINT('',(-6.9,38.35,0.));
#2893 = DIRECTION('',(0.,0.,1.));
#2894 = DIRECTION('',(1.,0.,-0.));
#2895 = ADVANCED_FACE('',(#2896),#2914,.F.);
#2896 = FACE_BOUND('',#2897,.F.);
#2897 = EDGE_LOOP('',(#2898,#2899,#2907,#2913));
#2898 = ORIENTED_EDGE('',*,*,#2884,.T.);
#2899 = ORIENTED_EDGE('',*,*,#2900,.T.);
#2900 = EDGE_CURVE('',#2876,#2901,#2903,.T.);
#2901 = VERTEX_POINT('',#2902);
#2902 = CARTESIAN_POINT('',(-6.5,37.85,-1.1));
#2903 = LINE('',#2904,#2905);
#2904 = CARTESIAN_POINT('',(-6.9,37.85,-1.1));
#2905 = VECTOR('',#2906,1.);
#2906 = DIRECTION('',(1.,0.,0.));
#2907 = ORIENTED_EDGE('',*,*,#2908,.F.);
#2908 = EDGE_CURVE('',#757,#2901,#2909,.T.);
#2909 = LINE('',#2910,#2911);
#2910 = CARTESIAN_POINT('',(-6.5,37.85,0.));
#2911 = VECTOR('',#2912,1.);
#2912 = DIRECTION('',(-0.,-0.,-1.));
#2913 = ORIENTED_EDGE('',*,*,#765,.F.);
#2914 = PLANE('',#2915);
#2915 = AXIS2_PLACEMENT_3D('',#2916,#2917,#2918);
#2916 = CARTESIAN_POINT('',(-6.9,37.85,0.));
#2917 = DIRECTION('',(0.,-1.,0.));
#2918 = DIRECTION('',(1.,0.,0.));
#2919 = ADVANCED_FACE('',(#2920),#2939,.F.);
#2920 = FACE_BOUND('',#2921,.F.);
#2921 = EDGE_LOOP('',(#2922,#2923,#2932,#2938));
#2922 = ORIENTED_EDGE('',*,*,#2908,.T.);
#2923 = ORIENTED_EDGE('',*,*,#2924,.T.);
#2924 = EDGE_CURVE('',#2901,#2925,#2927,.T.);
#2925 = VERTEX_POINT('',#2926);
#2926 = CARTESIAN_POINT('',(-6.,38.35,-1.1));
#2927 = CIRCLE('',#2928,0.5);
#2928 = AXIS2_PLACEMENT_3D('',#2929,#2930,#2931);
#2929 = CARTESIAN_POINT('',(-6.5,38.35,-1.1));
#2930 = DIRECTION('',(0.,0.,1.));
#2931 = DIRECTION('',(1.,0.,0.));
#2932 = ORIENTED_EDGE('',*,*,#2933,.F.);
#2933 = EDGE_CURVE('',#749,#2925,#2934,.T.);
#2934 = LINE('',#2935,#2936);
#2935 = CARTESIAN_POINT('',(-6.,38.35,0.));
#2936 = VECTOR('',#2937,1.);
#2937 = DIRECTION('',(-0.,-0.,-1.));
#2938 = ORIENTED_EDGE('',*,*,#756,.F.);
#2939 = CYLINDRICAL_SURFACE('',#2940,0.5);
#2940 = AXIS2_PLACEMENT_3D('',#2941,#2942,#2943);
#2941 = CARTESIAN_POINT('',(-6.5,38.35,0.));
#2942 = DIRECTION('',(0.,0.,1.));
#2943 = DIRECTION('',(1.,0.,-0.));
#2944 = ADVANCED_FACE('',(#2945),#2963,.F.);
#2945 = FACE_BOUND('',#2946,.F.);
#2946 = EDGE_LOOP('',(#2947,#2948,#2956,#2962));
#2947 = ORIENTED_EDGE('',*,*,#2933,.T.);
#2948 = ORIENTED_EDGE('',*,*,#2949,.T.);
#2949 = EDGE_CURVE('',#2925,#2950,#2952,.T.);
#2950 = VERTEX_POINT('',#2951);
#2951 = CARTESIAN_POINT('',(-6.,46.35,-1.1));
#2952 = LINE('',#2953,#2954);
#2953 = CARTESIAN_POINT('',(-6.,38.35,-1.1));
#2954 = VECTOR('',#2955,1.);
#2955 = DIRECTION('',(0.,1.,0.));
#2956 = ORIENTED_EDGE('',*,*,#2957,.F.);
#2957 = EDGE_CURVE('',#740,#2950,#2958,.T.);
#2958 = LINE('',#2959,#2960);
#2959 = CARTESIAN_POINT('',(-6.,46.35,0.));
#2960 = VECTOR('',#2961,1.);
#2961 = DIRECTION('',(-0.,-0.,-1.));
#2962 = ORIENTED_EDGE('',*,*,#748,.F.);
#2963 = PLANE('',#2964);
#2964 = AXIS2_PLACEMENT_3D('',#2965,#2966,#2967);
#2965 = CARTESIAN_POINT('',(-6.,38.35,0.));
#2966 = DIRECTION('',(1.,0.,0.));
#2967 = DIRECTION('',(-0.,1.,0.));
#2968 = ADVANCED_FACE('',(#2969),#2989,.F.);
#2969 = FACE_BOUND('',#2970,.F.);
#2970 = EDGE_LOOP('',(#2971,#2972,#2973,#2982,#2988));
#2971 = ORIENTED_EDGE('',*,*,#739,.F.);
#2972 = ORIENTED_EDGE('',*,*,#2957,.T.);
#2973 = ORIENTED_EDGE('',*,*,#2974,.T.);
#2974 = EDGE_CURVE('',#2950,#2975,#2977,.T.);
#2975 = VERTEX_POINT('',#2976);
#2976 = CARTESIAN_POINT('',(-6.5,46.85,-1.1));
#2977 = CIRCLE('',#2978,0.5);
#2978 = AXIS2_PLACEMENT_3D('',#2979,#2980,#2981);
#2979 = CARTESIAN_POINT('',(-6.5,46.35,-1.1));
#2980 = DIRECTION('',(0.,0.,1.));
#2981 = DIRECTION('',(1.,0.,0.));
#2982 = ORIENTED_EDGE('',*,*,#2983,.F.);
#2983 = EDGE_CURVE('',#2731,#2975,#2984,.T.);
#2984 = LINE('',#2985,#2986);
#2985 = CARTESIAN_POINT('',(-6.5,46.85,0.));
#2986 = VECTOR('',#2987,1.);
#2987 = DIRECTION('',(-0.,-0.,-1.));
#2988 = ORIENTED_EDGE('',*,*,#2738,.F.);
#2989 = CYLINDRICAL_SURFACE('',#2990,0.5);
#2990 = AXIS2_PLACEMENT_3D('',#2991,#2992,#2993);
#2991 = CARTESIAN_POINT('',(-6.5,46.35,0.));
#2992 = DIRECTION('',(0.,0.,1.));
#2993 = DIRECTION('',(1.,0.,-0.));
#2994 = ADVANCED_FACE('',(#2995),#3022,.F.);
#2995 = FACE_BOUND('',#2996,.F.);
#2996 = EDGE_LOOP('',(#2997,#2998,#3006,#3015,#3021));
#2997 = ORIENTED_EDGE('',*,*,#2759,.F.);
#2998 = ORIENTED_EDGE('',*,*,#2999,.T.);
#2999 = EDGE_CURVE('',#2760,#3000,#3002,.T.);
#3000 = VERTEX_POINT('',#3001);
#3001 = CARTESIAN_POINT('',(6.5,46.85,-1.1));
#3002 = LINE('',#3003,#3004);
#3003 = CARTESIAN_POINT('',(6.5,46.85,0.));
#3004 = VECTOR('',#3005,1.);
#3005 = DIRECTION('',(-0.,-0.,-1.));
#3006 = ORIENTED_EDGE('',*,*,#3007,.T.);
#3007 = EDGE_CURVE('',#3000,#3008,#3010,.T.);
#3008 = VERTEX_POINT('',#3009);
#3009 = CARTESIAN_POINT('',(6.,46.35,-1.1));
#3010 = CIRCLE('',#3011,0.5);
#3011 = AXIS2_PLACEMENT_3D('',#3012,#3013,#3014);
#3012 = CARTESIAN_POINT('',(6.5,46.35,-1.1));
#3013 = DIRECTION('',(0.,0.,1.));
#3014 = DIRECTION('',(1.,0.,0.));
#3015 = ORIENTED_EDGE('',*,*,#3016,.F.);
#3016 = EDGE_CURVE('',#715,#3008,#3017,.T.);
#3017 = LINE('',#3018,#3019);
#3018 = CARTESIAN_POINT('',(6.,46.35,0.));
#3019 = VECTOR('',#3020,1.);
#3020 = DIRECTION('',(-0.,-0.,-1.));
#3021 = ORIENTED_EDGE('',*,*,#722,.F.);
#3022 = CYLINDRICAL_SURFACE('',#3023,0.5);
#3023 = AXIS2_PLACEMENT_3D('',#3024,#3025,#3026);
#3024 = CARTESIAN_POINT('',(6.5,46.35,0.));
#3025 = DIRECTION('',(0.,0.,1.));
#3026 = DIRECTION('',(1.,0.,-0.));
#3027 = ADVANCED_FACE('',(#3028),#3046,.F.);
#3028 = FACE_BOUND('',#3029,.F.);
#3029 = EDGE_LOOP('',(#3030,#3031,#3039,#3045));
#3030 = ORIENTED_EDGE('',*,*,#3016,.T.);
#3031 = ORIENTED_EDGE('',*,*,#3032,.T.);
#3032 = EDGE_CURVE('',#3008,#3033,#3035,.T.);
#3033 = VERTEX_POINT('',#3034);
#3034 = CARTESIAN_POINT('',(6.,38.35,-1.1));
#3035 = LINE('',#3036,#3037);
#3036 = CARTESIAN_POINT('',(6.,46.35,-1.1));
#3037 = VECTOR('',#3038,1.);
#3038 = DIRECTION('',(0.,-1.,0.));
#3039 = ORIENTED_EDGE('',*,*,#3040,.F.);
#3040 = EDGE_CURVE('',#706,#3033,#3041,.T.);
#3041 = LINE('',#3042,#3043);
#3042 = CARTESIAN_POINT('',(6.,38.35,0.));
#3043 = VECTOR('',#3044,1.);
#3044 = DIRECTION('',(-0.,-0.,-1.));
#3045 = ORIENTED_EDGE('',*,*,#714,.F.);
#3046 = PLANE('',#3047);
#3047 = AXIS2_PLACEMENT_3D('',#3048,#3049,#3050);
#3048 = CARTESIAN_POINT('',(6.,46.35,0.));
#3049 = DIRECTION('',(-1.,0.,0.));
#3050 = DIRECTION('',(0.,-1.,0.));
#3051 = ADVANCED_FACE('',(#3052),#3071,.F.);
#3052 = FACE_BOUND('',#3053,.F.);
#3053 = EDGE_LOOP('',(#3054,#3055,#3064,#3070));
#3054 = ORIENTED_EDGE('',*,*,#3040,.T.);
#3055 = ORIENTED_EDGE('',*,*,#3056,.T.);
#3056 = EDGE_CURVE('',#3033,#3057,#3059,.T.);
#3057 = VERTEX_POINT('',#3058);
#3058 = CARTESIAN_POINT('',(6.5,37.85,-1.1));
#3059 = CIRCLE('',#3060,0.5);
#3060 = AXIS2_PLACEMENT_3D('',#3061,#3062,#3063);
#3061 = CARTESIAN_POINT('',(6.5,38.35,-1.1));
#3062 = DIRECTION('',(0.,0.,1.));
#3063 = DIRECTION('',(1.,0.,0.));
#3064 = ORIENTED_EDGE('',*,*,#3065,.F.);
#3065 = EDGE_CURVE('',#698,#3057,#3066,.T.);
#3066 = LINE('',#3067,#3068);
#3067 = CARTESIAN_POINT('',(6.5,37.85,0.));
#3068 = VECTOR('',#3069,1.);
#3069 = DIRECTION('',(-0.,-0.,-1.));
#3070 = ORIENTED_EDGE('',*,*,#705,.F.);
#3071 = CYLINDRICAL_SURFACE('',#3072,0.5);
#3072 = AXIS2_PLACEMENT_3D('',#3073,#3074,#3075);
#3073 = CARTESIAN_POINT('',(6.5,38.35,0.));
#3074 = DIRECTION('',(0.,0.,1.));
#3075 = DIRECTION('',(1.,0.,-0.));
#3076 = ADVANCED_FACE('',(#3077),#3095,.F.);
#3077 = FACE_BOUND('',#3078,.F.);
#3078 = EDGE_LOOP('',(#3079,#3080,#3088,#3094));
#3079 = ORIENTED_EDGE('',*,*,#3065,.T.);
#3080 = ORIENTED_EDGE('',*,*,#3081,.T.);
#3081 = EDGE_CURVE('',#3057,#3082,#3084,.T.);
#3082 = VERTEX_POINT('',#3083);
#3083 = CARTESIAN_POINT('',(6.9,37.85,-1.1));
#3084 = LINE('',#3085,#3086);
#3085 = CARTESIAN_POINT('',(6.5,37.85,-1.1));
#3086 = VECTOR('',#3087,1.);
#3087 = DIRECTION('',(1.,0.,0.));
#3088 = ORIENTED_EDGE('',*,*,#3089,.F.);
#3089 = EDGE_CURVE('',#689,#3082,#3090,.T.);
#3090 = LINE('',#3091,#3092);
#3091 = CARTESIAN_POINT('',(6.9,37.85,0.));
#3092 = VECTOR('',#3093,1.);
#3093 = DIRECTION('',(-0.,-0.,-1.));
#3094 = ORIENTED_EDGE('',*,*,#697,.F.);
#3095 = PLANE('',#3096);
#3096 = AXIS2_PLACEMENT_3D('',#3097,#3098,#3099);
#3097 = CARTESIAN_POINT('',(6.5,37.85,0.));
#3098 = DIRECTION('',(0.,-1.,0.));
#3099 = DIRECTION('',(1.,0.,0.));
#3100 = ADVANCED_FACE('',(#3101),#3120,.F.);
#3101 = FACE_BOUND('',#3102,.F.);
#3102 = EDGE_LOOP('',(#3103,#3104,#3113,#3119));
#3103 = ORIENTED_EDGE('',*,*,#3089,.T.);
#3104 = ORIENTED_EDGE('',*,*,#3105,.T.);
#3105 = EDGE_CURVE('',#3082,#3106,#3108,.T.);
#3106 = VERTEX_POINT('',#3107);
#3107 = CARTESIAN_POINT('',(7.4,38.35,-1.1));
#3108 = CIRCLE('',#3109,0.5);
#3109 = AXIS2_PLACEMENT_3D('',#3110,#3111,#3112);
#3110 = CARTESIAN_POINT('',(6.9,38.35,-1.1));
#3111 = DIRECTION('',(0.,0.,1.));
#3112 = DIRECTION('',(1.,0.,0.));
#3113 = ORIENTED_EDGE('',*,*,#3114,.F.);
#3114 = EDGE_CURVE('',#681,#3106,#3115,.T.);
#3115 = LINE('',#3116,#3117);
#3116 = CARTESIAN_POINT('',(7.4,38.35,0.));
#3117 = VECTOR('',#3118,1.);
#3118 = DIRECTION('',(-0.,-0.,-1.));
#3119 = ORIENTED_EDGE('',*,*,#688,.F.);
#3120 = CYLINDRICAL_SURFACE('',#3121,0.5);
#3121 = AXIS2_PLACEMENT_3D('',#3122,#3123,#3124);
#3122 = CARTESIAN_POINT('',(6.9,38.35,0.));
#3123 = DIRECTION('',(0.,0.,1.));
#3124 = DIRECTION('',(1.,0.,-0.));
#3125 = ADVANCED_FACE('',(#3126),#3144,.F.);
#3126 = FACE_BOUND('',#3127,.F.);
#3127 = EDGE_LOOP('',(#3128,#3129,#3137,#3143));
#3128 = ORIENTED_EDGE('',*,*,#3114,.T.);
#3129 = ORIENTED_EDGE('',*,*,#3130,.T.);
#3130 = EDGE_CURVE('',#3106,#3131,#3133,.T.);
#3131 = VERTEX_POINT('',#3132);
#3132 = CARTESIAN_POINT('',(7.4,46.35,-1.1));
#3133 = LINE('',#3134,#3135);
#3134 = CARTESIAN_POINT('',(7.4,38.35,-1.1));
#3135 = VECTOR('',#3136,1.);
#3136 = DIRECTION('',(0.,1.,0.));
#3137 = ORIENTED_EDGE('',*,*,#3138,.F.);
#3138 = EDGE_CURVE('',#672,#3131,#3139,.T.);
#3139 = LINE('',#3140,#3141);
#3140 = CARTESIAN_POINT('',(7.4,46.35,0.));
#3141 = VECTOR('',#3142,1.);
#3142 = DIRECTION('',(-0.,-0.,-1.));
#3143 = ORIENTED_EDGE('',*,*,#680,.F.);
#3144 = PLANE('',#3145);
#3145 = AXIS2_PLACEMENT_3D('',#3146,#3147,#3148);
#3146 = CARTESIAN_POINT('',(7.4,38.35,0.));
#3147 = DIRECTION('',(1.,0.,0.));
#3148 = DIRECTION('',(-0.,1.,0.));
#3149 = ADVANCED_FACE('',(#3150),#3170,.F.);
#3150 = FACE_BOUND('',#3151,.F.);
#3151 = EDGE_LOOP('',(#3152,#3153,#3154,#3163,#3169));
#3152 = ORIENTED_EDGE('',*,*,#671,.F.);
#3153 = ORIENTED_EDGE('',*,*,#3138,.T.);
#3154 = ORIENTED_EDGE('',*,*,#3155,.T.);
#3155 = EDGE_CURVE('',#3131,#3156,#3158,.T.);
#3156 = VERTEX_POINT('',#3157);
#3157 = CARTESIAN_POINT('',(6.9,46.85,-1.1));
#3158 = CIRCLE('',#3159,0.5);
#3159 = AXIS2_PLACEMENT_3D('',#3160,#3161,#3162);
#3160 = CARTESIAN_POINT('',(6.9,46.35,-1.1));
#3161 = DIRECTION('',(0.,0.,1.));
#3162 = DIRECTION('',(1.,0.,0.));
#3163 = ORIENTED_EDGE('',*,*,#3164,.F.);
#3164 = EDGE_CURVE('',#2782,#3156,#3165,.T.);
#3165 = LINE('',#3166,#3167);
#3166 = CARTESIAN_POINT('',(6.9,46.85,0.));
#3167 = VECTOR('',#3168,1.);
#3168 = DIRECTION('',(-0.,-0.,-1.));
#3169 = ORIENTED_EDGE('',*,*,#2789,.F.);
#3170 = CYLINDRICAL_SURFACE('',#3171,0.5);
#3171 = AXIS2_PLACEMENT_3D('',#3172,#3173,#3174);
#3172 = CARTESIAN_POINT('',(6.9,46.35,0.));
#3173 = DIRECTION('',(0.,0.,1.));
#3174 = DIRECTION('',(1.,0.,-0.));
#3175 = ADVANCED_FACE('',(#3176),#3182,.T.);
#3176 = FACE_BOUND('',#3177,.F.);
#3177 = EDGE_LOOP('',(#3178,#3179,#3180,#3181));
#3178 = ORIENTED_EDGE('',*,*,#2285,.F.);
#3179 = ORIENTED_EDGE('',*,*,#654,.T.);
#3180 = ORIENTED_EDGE('',*,*,#2693,.T.);
#3181 = ORIENTED_EDGE('',*,*,#2319,.F.);
#3182 = TOROIDAL_SURFACE('',#3183,9.7,1.5);
#3183 = AXIS2_PLACEMENT_3D('',#3184,#3185,#3186);
#3184 = CARTESIAN_POINT('',(27.15,36.75,-1.5));
#3185 = DIRECTION('',(-0.,-0.,-1.));
#3186 = DIRECTION('',(1.,0.,0.));
#3187 = ADVANCED_FACE('',(#3188),#3213,.F.);
#3188 = FACE_BOUND('',#3189,.F.);
#3189 = EDGE_LOOP('',(#3190,#3198,#3206,#3212));
#3190 = ORIENTED_EDGE('',*,*,#3191,.T.);
#3191 = EDGE_CURVE('',#827,#3192,#3194,.T.);
#3192 = VERTEX_POINT('',#3193);
#3193 = CARTESIAN_POINT('',(32.7,-10.,-2.2));
#3194 = LINE('',#3195,#3196);
#3195 = CARTESIAN_POINT('',(32.7,-10.,0.));
#3196 = VECTOR('',#3197,1.);
#3197 = DIRECTION('',(-0.,-0.,-1.));
#3198 = ORIENTED_EDGE('',*,*,#3199,.T.);
#3199 = EDGE_CURVE('',#3192,#3200,#3202,.T.);
#3200 = VERTEX_POINT('',#3201);
#3201 = CARTESIAN_POINT('',(-32.7,-10.,-2.2));
#3202 = LINE('',#3203,#3204);
#3203 = CARTESIAN_POINT('',(32.7,-10.,-2.2));
#3204 = VECTOR('',#3205,1.);
#3205 = DIRECTION('',(-1.,0.,0.));
#3206 = ORIENTED_EDGE('',*,*,#3207,.F.);
#3207 = EDGE_CURVE('',#829,#3200,#3208,.T.);
#3208 = LINE('',#3209,#3210);
#3209 = CARTESIAN_POINT('',(-32.7,-10.,0.));
#3210 = VECTOR('',#3211,1.);
#3211 = DIRECTION('',(-0.,-0.,-1.));
#3212 = ORIENTED_EDGE('',*,*,#826,.F.);
#3213 = PLANE('',#3214);
#3214 = AXIS2_PLACEMENT_3D('',#3215,#3216,#3217);
#3215 = CARTESIAN_POINT('',(32.7,-10.,0.));
#3216 = DIRECTION('',(0.,1.,0.));
#3217 = DIRECTION('',(-1.,0.,0.));
#3218 = ADVANCED_FACE('',(#3219),#3237,.T.);
#3219 = FACE_BOUND('',#3220,.T.);
#3220 = EDGE_LOOP('',(#3221,#3222,#3230,#3236));
#3221 = ORIENTED_EDGE('',*,*,#3191,.T.);
#3222 = ORIENTED_EDGE('',*,*,#3223,.T.);
#3223 = EDGE_CURVE('',#3192,#3224,#3226,.T.);
#3224 = VERTEX_POINT('',#3225);
#3225 = CARTESIAN_POINT('',(32.7,-11.4,-2.2));
#3226 = LINE('',#3227,#3228);
#3227 = CARTESIAN_POINT('',(32.7,-10.,-2.2));
#3228 = VECTOR('',#3229,1.);
#3229 = DIRECTION('',(0.,-1.,0.));
#3230 = ORIENTED_EDGE('',*,*,#3231,.F.);
#3231 = EDGE_CURVE('',#837,#3224,#3232,.T.);
#3232 = LINE('',#3233,#3234);
#3233 = CARTESIAN_POINT('',(32.7,-11.4,0.));
#3234 = VECTOR('',#3235,1.);
#3235 = DIRECTION('',(-0.,-0.,-1.));
#3236 = ORIENTED_EDGE('',*,*,#836,.F.);
#3237 = PLANE('',#3238);
#3238 = AXIS2_PLACEMENT_3D('',#3239,#3240,#3241);
#3239 = CARTESIAN_POINT('',(32.7,-10.,0.));
#3240 = DIRECTION('',(-1.,0.,0.));
#3241 = DIRECTION('',(0.,-1.,0.));
#3242 = ADVANCED_FACE('',(#3243),#3261,.F.);
#3243 = FACE_BOUND('',#3244,.F.);
#3244 = EDGE_LOOP('',(#3245,#3246,#3254,#3260));
#3245 = ORIENTED_EDGE('',*,*,#3207,.T.);
#3246 = ORIENTED_EDGE('',*,*,#3247,.T.);
#3247 = EDGE_CURVE('',#3200,#3248,#3250,.T.);
#3248 = VERTEX_POINT('',#3249);
#3249 = CARTESIAN_POINT('',(-32.7,-11.4,-2.2));
#3250 = LINE('',#3251,#3252);
#3251 = CARTESIAN_POINT('',(-32.7,-10.,-2.2));
#3252 = VECTOR('',#3253,1.);
#3253 = DIRECTION('',(0.,-1.,0.));
#3254 = ORIENTED_EDGE('',*,*,#3255,.F.);
#3255 = EDGE_CURVE('',#1103,#3248,#3256,.T.);
#3256 = LINE('',#3257,#3258);
#3257 = CARTESIAN_POINT('',(-32.7,-11.4,0.));
#3258 = VECTOR('',#3259,1.);
#3259 = DIRECTION('',(-0.,-0.,-1.));
#3260 = ORIENTED_EDGE('',*,*,#1110,.F.);
#3261 = PLANE('',#3262);
#3262 = AXIS2_PLACEMENT_3D('',#3263,#3264,#3265);
#3263 = CARTESIAN_POINT('',(-32.7,-10.,0.));
#3264 = DIRECTION('',(-1.,0.,0.));
#3265 = DIRECTION('',(0.,-1.,0.));
#3266 = ADVANCED_FACE('',(#3267),#3285,.T.);
#3267 = FACE_BOUND('',#3268,.T.);
#3268 = EDGE_LOOP('',(#3269,#3270,#3278,#3284));
#3269 = ORIENTED_EDGE('',*,*,#3231,.T.);
#3270 = ORIENTED_EDGE('',*,*,#3271,.T.);
#3271 = EDGE_CURVE('',#3224,#3272,#3274,.T.);
#3272 = VERTEX_POINT('',#3273);
#3273 = CARTESIAN_POINT('',(31.65,-11.4,-2.2));
#3274 = LINE('',#3275,#3276);
#3275 = CARTESIAN_POINT('',(32.7,-11.4,-2.2));
#3276 = VECTOR('',#3277,1.);
#3277 = DIRECTION('',(-1.,0.,0.));
#3278 = ORIENTED_EDGE('',*,*,#3279,.F.);
#3279 = EDGE_CURVE('',#845,#3272,#3280,.T.);
#3280 = LINE('',#3281,#3282);
#3281 = CARTESIAN_POINT('',(31.65,-11.4,0.));
#3282 = VECTOR('',#3283,1.);
#3283 = DIRECTION('',(-0.,-0.,-1.));
#3284 = ORIENTED_EDGE('',*,*,#844,.F.);
#3285 = PLANE('',#3286);
#3286 = AXIS2_PLACEMENT_3D('',#3287,#3288,#3289);
#3287 = CARTESIAN_POINT('',(32.7,-11.4,0.));
#3288 = DIRECTION('',(0.,1.,0.));
#3289 = DIRECTION('',(-1.,0.,0.));
#3290 = ADVANCED_FACE('',(#3291),#3309,.F.);
#3291 = FACE_BOUND('',#3292,.F.);
#3292 = EDGE_LOOP('',(#3293,#3294,#3302,#3308));
#3293 = ORIENTED_EDGE('',*,*,#3255,.T.);
#3294 = ORIENTED_EDGE('',*,*,#3295,.T.);
#3295 = EDGE_CURVE('',#3248,#3296,#3298,.T.);
#3296 = VERTEX_POINT('',#3297);
#3297 = CARTESIAN_POINT('',(-31.65,-11.4,-2.2));
#3298 = LINE('',#3299,#3300);
#3299 = CARTESIAN_POINT('',(-32.7,-11.4,-2.2));
#3300 = VECTOR('',#3301,1.);
#3301 = DIRECTION('',(1.,0.,0.));
#3302 = ORIENTED_EDGE('',*,*,#3303,.F.);
#3303 = EDGE_CURVE('',#1095,#3296,#3304,.T.);
#3304 = LINE('',#3305,#3306);
#3305 = CARTESIAN_POINT('',(-31.65,-11.4,0.));
#3306 = VECTOR('',#3307,1.);
#3307 = DIRECTION('',(-0.,-0.,-1.));
#3308 = ORIENTED_EDGE('',*,*,#1102,.F.);
#3309 = PLANE('',#3310);
#3310 = AXIS2_PLACEMENT_3D('',#3311,#3312,#3313);
#3311 = CARTESIAN_POINT('',(-32.7,-11.4,0.));
#3312 = DIRECTION('',(0.,-1.,0.));
#3313 = DIRECTION('',(1.,0.,0.));
#3314 = ADVANCED_FACE('',(#3315),#3333,.T.);
#3315 = FACE_BOUND('',#3316,.T.);
#3316 = EDGE_LOOP('',(#3317,#3318,#3326,#3332));
#3317 = ORIENTED_EDGE('',*,*,#3279,.T.);
#3318 = ORIENTED_EDGE('',*,*,#3319,.T.);
#3319 = EDGE_CURVE('',#3272,#3320,#3322,.T.);
#3320 = VERTEX_POINT('',#3321);
#3321 = CARTESIAN_POINT('',(31.65,-17.6,-2.2));
#3322 = LINE('',#3323,#3324);
#3323 = CARTESIAN_POINT('',(31.65,-11.4,-2.2));
#3324 = VECTOR('',#3325,1.);
#3325 = DIRECTION('',(0.,-1.,0.));
#3326 = ORIENTED_EDGE('',*,*,#3327,.F.);
#3327 = EDGE_CURVE('',#853,#3320,#3328,.T.);
#3328 = LINE('',#3329,#3330);
#3329 = CARTESIAN_POINT('',(31.65,-17.6,0.));
#3330 = VECTOR('',#3331,1.);
#3331 = DIRECTION('',(-0.,-0.,-1.));
#3332 = ORIENTED_EDGE('',*,*,#852,.F.);
#3333 = PLANE('',#3334);
#3334 = AXIS2_PLACEMENT_3D('',#3335,#3336,#3337);
#3335 = CARTESIAN_POINT('',(31.65,-11.4,0.));
#3336 = DIRECTION('',(-1.,0.,0.));
#3337 = DIRECTION('',(0.,-1.,0.));
#3338 = ADVANCED_FACE('',(#3339),#3357,.F.);
#3339 = FACE_BOUND('',#3340,.F.);
#3340 = EDGE_LOOP('',(#3341,#3342,#3350,#3356));
#3341 = ORIENTED_EDGE('',*,*,#3303,.T.);
#3342 = ORIENTED_EDGE('',*,*,#3343,.T.);
#3343 = EDGE_CURVE('',#3296,#3344,#3346,.T.);
#3344 = VERTEX_POINT('',#3345);
#3345 = CARTESIAN_POINT('',(-31.65,-17.59999999999,-2.2));
#3346 = LINE('',#3347,#3348);
#3347 = CARTESIAN_POINT('',(-31.65,-11.4,-2.2));
#3348 = VECTOR('',#3349,1.);
#3349 = DIRECTION('',(0.,-1.,0.));
#3350 = ORIENTED_EDGE('',*,*,#3351,.F.);
#3351 = EDGE_CURVE('',#1087,#3344,#3352,.T.);
#3352 = LINE('',#3353,#3354);
#3353 = CARTESIAN_POINT('',(-31.65,-17.59999999999,0.));
#3354 = VECTOR('',#3355,1.);
#3355 = DIRECTION('',(-0.,-0.,-1.));
#3356 = ORIENTED_EDGE('',*,*,#1094,.F.);
#3357 = PLANE('',#3358);
#3358 = AXIS2_PLACEMENT_3D('',#3359,#3360,#3361);
#3359 = CARTESIAN_POINT('',(-31.65,-11.4,0.));
#3360 = DIRECTION('',(-1.,0.,0.));
#3361 = DIRECTION('',(0.,-1.,0.));
#3362 = ADVANCED_FACE('',(#3363),#3381,.T.);
#3363 = FACE_BOUND('',#3364,.T.);
#3364 = EDGE_LOOP('',(#3365,#3366,#3374,#3380));
#3365 = ORIENTED_EDGE('',*,*,#3327,.T.);
#3366 = ORIENTED_EDGE('',*,*,#3367,.T.);
#3367 = EDGE_CURVE('',#3320,#3368,#3370,.T.);
#3368 = VERTEX_POINT('',#3369);
#3369 = CARTESIAN_POINT('',(32.700000000003,-17.6,-2.2));
#3370 = LINE('',#3371,#3372);
#3371 = CARTESIAN_POINT('',(31.65,-17.6,-2.2));
#3372 = VECTOR('',#3373,1.);
#3373 = DIRECTION('',(1.,0.,0.));
#3374 = ORIENTED_EDGE('',*,*,#3375,.F.);
#3375 = EDGE_CURVE('',#861,#3368,#3376,.T.);
#3376 = LINE('',#3377,#3378);
#3377 = CARTESIAN_POINT('',(32.700000000003,-17.6,0.));
#3378 = VECTOR('',#3379,1.);
#3379 = DIRECTION('',(-0.,-0.,-1.));
#3380 = ORIENTED_EDGE('',*,*,#860,.F.);
#3381 = PLANE('',#3382);
#3382 = AXIS2_PLACEMENT_3D('',#3383,#3384,#3385);
#3383 = CARTESIAN_POINT('',(31.65,-17.6,0.));
#3384 = DIRECTION('',(0.,-1.,0.));
#3385 = DIRECTION('',(1.,0.,0.));
#3386 = ADVANCED_FACE('',(#3387),#3405,.F.);
#3387 = FACE_BOUND('',#3388,.F.);
#3388 = EDGE_LOOP('',(#3389,#3390,#3398,#3404));
#3389 = ORIENTED_EDGE('',*,*,#3351,.T.);
#3390 = ORIENTED_EDGE('',*,*,#3391,.T.);
#3391 = EDGE_CURVE('',#3344,#3392,#3394,.T.);
#3392 = VERTEX_POINT('',#3393);
#3393 = CARTESIAN_POINT('',(-32.7,-17.59999999999,-2.2));
#3394 = LINE('',#3395,#3396);
#3395 = CARTESIAN_POINT('',(-31.65,-17.59999999999,-2.2));
#3396 = VECTOR('',#3397,1.);
#3397 = DIRECTION('',(-1.,0.,0.));
#3398 = ORIENTED_EDGE('',*,*,#3399,.F.);
#3399 = EDGE_CURVE('',#1079,#3392,#3400,.T.);
#3400 = LINE('',#3401,#3402);
#3401 = CARTESIAN_POINT('',(-32.7,-17.59999999999,0.));
#3402 = VECTOR('',#3403,1.);
#3403 = DIRECTION('',(-0.,-0.,-1.));
#3404 = ORIENTED_EDGE('',*,*,#1086,.F.);
#3405 = PLANE('',#3406);
#3406 = AXIS2_PLACEMENT_3D('',#3407,#3408,#3409);
#3407 = CARTESIAN_POINT('',(-31.65,-17.59999999999,0.));
#3408 = DIRECTION('',(0.,1.,0.));
#3409 = DIRECTION('',(-1.,0.,0.));
#3410 = ADVANCED_FACE('',(#3411),#3429,.T.);
#3411 = FACE_BOUND('',#3412,.T.);
#3412 = EDGE_LOOP('',(#3413,#3414,#3422,#3428));
#3413 = ORIENTED_EDGE('',*,*,#3375,.T.);
#3414 = ORIENTED_EDGE('',*,*,#3415,.T.);
#3415 = EDGE_CURVE('',#3368,#3416,#3418,.T.);
#3416 = VERTEX_POINT('',#3417);
#3417 = CARTESIAN_POINT('',(32.700000000003,-19.3,-2.2));
#3418 = LINE('',#3419,#3420);
#3419 = CARTESIAN_POINT('',(32.700000000003,-17.6,-2.2));
#3420 = VECTOR('',#3421,1.);
#3421 = DIRECTION('',(0.,-1.,0.));
#3422 = ORIENTED_EDGE('',*,*,#3423,.F.);
#3423 = EDGE_CURVE('',#869,#3416,#3424,.T.);
#3424 = LINE('',#3425,#3426);
#3425 = CARTESIAN_POINT('',(32.700000000003,-19.3,0.));
#3426 = VECTOR('',#3427,1.);
#3427 = DIRECTION('',(-0.,-0.,-1.));
#3428 = ORIENTED_EDGE('',*,*,#868,.F.);
#3429 = PLANE('',#3430);
#3430 = AXIS2_PLACEMENT_3D('',#3431,#3432,#3433);
#3431 = CARTESIAN_POINT('',(32.700000000003,-17.6,0.));
#3432 = DIRECTION('',(-1.,0.,0.));
#3433 = DIRECTION('',(0.,-1.,0.));
#3434 = ADVANCED_FACE('',(#3435),#3453,.F.);
#3435 = FACE_BOUND('',#3436,.F.);
#3436 = EDGE_LOOP('',(#3437,#3438,#3446,#3452));
#3437 = ORIENTED_EDGE('',*,*,#3399,.T.);
#3438 = ORIENTED_EDGE('',*,*,#3439,.T.);
#3439 = EDGE_CURVE('',#3392,#3440,#3442,.T.);
#3440 = VERTEX_POINT('',#3441);
#3441 = CARTESIAN_POINT('',(-32.7,-19.29999999999,-2.2));
#3442 = LINE('',#3443,#3444);
#3443 = CARTESIAN_POINT('',(-32.7,-17.59999999999,-2.2));
#3444 = VECTOR('',#3445,1.);
#3445 = DIRECTION('',(0.,-1.,0.));
#3446 = ORIENTED_EDGE('',*,*,#3447,.F.);
#3447 = EDGE_CURVE('',#1071,#3440,#3448,.T.);
#3448 = LINE('',#3449,#3450);
#3449 = CARTESIAN_POINT('',(-32.7,-19.29999999999,0.));
#3450 = VECTOR('',#3451,1.);
#3451 = DIRECTION('',(-0.,-0.,-1.));
#3452 = ORIENTED_EDGE('',*,*,#1078,.F.);
#3453 = PLANE('',#3454);
#3454 = AXIS2_PLACEMENT_3D('',#3455,#3456,#3457);
#3455 = CARTESIAN_POINT('',(-32.7,-17.59999999999,0.));
#3456 = DIRECTION('',(-1.,0.,0.));
#3457 = DIRECTION('',(0.,-1.,0.));
#3458 = ADVANCED_FACE('',(#3459),#3477,.T.);
#3459 = FACE_BOUND('',#3460,.T.);
#3460 = EDGE_LOOP('',(#3461,#3462,#3470,#3476));
#3461 = ORIENTED_EDGE('',*,*,#3423,.T.);
#3462 = ORIENTED_EDGE('',*,*,#3463,.T.);
#3463 = EDGE_CURVE('',#3416,#3464,#3466,.T.);
#3464 = VERTEX_POINT('',#3465);
#3465 = CARTESIAN_POINT('',(31.650000000003,-19.3,-2.2));
#3466 = LINE('',#3467,#3468);
#3467 = CARTESIAN_POINT('',(32.700000000003,-19.3,-2.2));
#3468 = VECTOR('',#3469,1.);
#3469 = DIRECTION('',(-1.,0.,0.));
#3470 = ORIENTED_EDGE('',*,*,#3471,.F.);
#3471 = EDGE_CURVE('',#877,#3464,#3472,.T.);
#3472 = LINE('',#3473,#3474);
#3473 = CARTESIAN_POINT('',(31.650000000003,-19.3,0.));
#3474 = VECTOR('',#3475,1.);
#3475 = DIRECTION('',(-0.,-0.,-1.));
#3476 = ORIENTED_EDGE('',*,*,#876,.F.);
#3477 = PLANE('',#3478);
#3478 = AXIS2_PLACEMENT_3D('',#3479,#3480,#3481);
#3479 = CARTESIAN_POINT('',(32.700000000003,-19.3,0.));
#3480 = DIRECTION('',(0.,1.,0.));
#3481 = DIRECTION('',(-1.,0.,0.));
#3482 = ADVANCED_FACE('',(#3483),#3501,.F.);
#3483 = FACE_BOUND('',#3484,.F.);
#3484 = EDGE_LOOP('',(#3485,#3486,#3494,#3500));
#3485 = ORIENTED_EDGE('',*,*,#3447,.T.);
#3486 = ORIENTED_EDGE('',*,*,#3487,.T.);
#3487 = EDGE_CURVE('',#3440,#3488,#3490,.T.);
#3488 = VERTEX_POINT('',#3489);
#3489 = CARTESIAN_POINT('',(-31.64999999998,-19.29999999999,-2.2));
#3490 = LINE('',#3491,#3492);
#3491 = CARTESIAN_POINT('',(-32.7,-19.29999999999,-2.2));
#3492 = VECTOR('',#3493,1.);
#3493 = DIRECTION('',(1.,0.,0.));
#3494 = ORIENTED_EDGE('',*,*,#3495,.F.);
#3495 = EDGE_CURVE('',#1063,#3488,#3496,.T.);
#3496 = LINE('',#3497,#3498);
#3497 = CARTESIAN_POINT('',(-31.64999999998,-19.29999999999,0.));
#3498 = VECTOR('',#3499,1.);
#3499 = DIRECTION('',(-0.,-0.,-1.));
#3500 = ORIENTED_EDGE('',*,*,#1070,.F.);
#3501 = PLANE('',#3502);
#3502 = AXIS2_PLACEMENT_3D('',#3503,#3504,#3505);
#3503 = CARTESIAN_POINT('',(-32.7,-19.29999999999,0.));
#3504 = DIRECTION('',(0.,-1.,0.));
#3505 = DIRECTION('',(1.,0.,0.));
#3506 = ADVANCED_FACE('',(#3507),#3525,.T.);
#3507 = FACE_BOUND('',#3508,.T.);
#3508 = EDGE_LOOP('',(#3509,#3510,#3518,#3524));
#3509 = ORIENTED_EDGE('',*,*,#3471,.T.);
#3510 = ORIENTED_EDGE('',*,*,#3511,.T.);
#3511 = EDGE_CURVE('',#3464,#3512,#3514,.T.);
#3512 = VERTEX_POINT('',#3513);
#3513 = CARTESIAN_POINT('',(31.650000000003,-25.5,-2.2));
#3514 = LINE('',#3515,#3516);
#3515 = CARTESIAN_POINT('',(31.650000000003,-19.3,-2.2));
#3516 = VECTOR('',#3517,1.);
#3517 = DIRECTION('',(0.,-1.,0.));
#3518 = ORIENTED_EDGE('',*,*,#3519,.F.);
#3519 = EDGE_CURVE('',#885,#3512,#3520,.T.);
#3520 = LINE('',#3521,#3522);
#3521 = CARTESIAN_POINT('',(31.650000000003,-25.5,0.));
#3522 = VECTOR('',#3523,1.);
#3523 = DIRECTION('',(-0.,-0.,-1.));
#3524 = ORIENTED_EDGE('',*,*,#884,.F.);
#3525 = PLANE('',#3526);
#3526 = AXIS2_PLACEMENT_3D('',#3527,#3528,#3529);
#3527 = CARTESIAN_POINT('',(31.650000000003,-19.3,0.));
#3528 = DIRECTION('',(-1.,0.,0.));
#3529 = DIRECTION('',(0.,-1.,0.));
#3530 = ADVANCED_FACE('',(#3531),#3549,.F.);
#3531 = FACE_BOUND('',#3532,.F.);
#3532 = EDGE_LOOP('',(#3533,#3534,#3542,#3548));
#3533 = ORIENTED_EDGE('',*,*,#3495,.T.);
#3534 = ORIENTED_EDGE('',*,*,#3535,.T.);
#3535 = EDGE_CURVE('',#3488,#3536,#3538,.T.);
#3536 = VERTEX_POINT('',#3537);
#3537 = CARTESIAN_POINT('',(-31.64999999998,-25.49999999999,-2.2));
#3538 = LINE('',#3539,#3540);
#3539 = CARTESIAN_POINT('',(-31.64999999998,-19.29999999999,-2.2));
#3540 = VECTOR('',#3541,1.);
#3541 = DIRECTION('',(0.,-1.,0.));
#3542 = ORIENTED_EDGE('',*,*,#3543,.F.);
#3543 = EDGE_CURVE('',#1055,#3536,#3544,.T.);
#3544 = LINE('',#3545,#3546);
#3545 = CARTESIAN_POINT('',(-31.64999999998,-25.49999999999,0.));
#3546 = VECTOR('',#3547,1.);
#3547 = DIRECTION('',(-0.,-0.,-1.));
#3548 = ORIENTED_EDGE('',*,*,#1062,.F.);
#3549 = PLANE('',#3550);
#3550 = AXIS2_PLACEMENT_3D('',#3551,#3552,#3553);
#3551 = CARTESIAN_POINT('',(-31.64999999998,-19.29999999999,0.));
#3552 = DIRECTION('',(-1.,0.,0.));
#3553 = DIRECTION('',(0.,-1.,0.));
#3554 = ADVANCED_FACE('',(#3555),#3573,.T.);
#3555 = FACE_BOUND('',#3556,.T.);
#3556 = EDGE_LOOP('',(#3557,#3558,#3566,#3572));
#3557 = ORIENTED_EDGE('',*,*,#3519,.T.);
#3558 = ORIENTED_EDGE('',*,*,#3559,.T.);
#3559 = EDGE_CURVE('',#3512,#3560,#3562,.T.);
#3560 = VERTEX_POINT('',#3561);
#3561 = CARTESIAN_POINT('',(32.700000000024,-25.5,-2.2));
#3562 = LINE('',#3563,#3564);
#3563 = CARTESIAN_POINT('',(31.650000000003,-25.5,-2.2));
#3564 = VECTOR('',#3565,1.);
#3565 = DIRECTION('',(1.,0.,0.));
#3566 = ORIENTED_EDGE('',*,*,#3567,.F.);
#3567 = EDGE_CURVE('',#893,#3560,#3568,.T.);
#3568 = LINE('',#3569,#3570);
#3569 = CARTESIAN_POINT('',(32.700000000024,-25.5,0.));
#3570 = VECTOR('',#3571,1.);
#3571 = DIRECTION('',(-0.,-0.,-1.));
#3572 = ORIENTED_EDGE('',*,*,#892,.F.);
#3573 = PLANE('',#3574);
#3574 = AXIS2_PLACEMENT_3D('',#3575,#3576,#3577);
#3575 = CARTESIAN_POINT('',(31.650000000003,-25.5,0.));
#3576 = DIRECTION('',(0.,-1.,0.));
#3577 = DIRECTION('',(1.,0.,0.));
#3578 = ADVANCED_FACE('',(#3579),#3597,.F.);
#3579 = FACE_BOUND('',#3580,.F.);
#3580 = EDGE_LOOP('',(#3581,#3582,#3590,#3596));
#3581 = ORIENTED_EDGE('',*,*,#3543,.T.);
#3582 = ORIENTED_EDGE('',*,*,#3583,.T.);
#3583 = EDGE_CURVE('',#3536,#3584,#3586,.T.);
#3584 = VERTEX_POINT('',#3585);
#3585 = CARTESIAN_POINT('',(-32.7,-25.49999999999,-2.2));
#3586 = LINE('',#3587,#3588);
#3587 = CARTESIAN_POINT('',(-31.64999999998,-25.49999999999,-2.2));
#3588 = VECTOR('',#3589,1.);
#3589 = DIRECTION('',(-1.,0.,0.));
#3590 = ORIENTED_EDGE('',*,*,#3591,.F.);
#3591 = EDGE_CURVE('',#1047,#3584,#3592,.T.);
#3592 = LINE('',#3593,#3594);
#3593 = CARTESIAN_POINT('',(-32.7,-25.49999999999,0.));
#3594 = VECTOR('',#3595,1.);
#3595 = DIRECTION('',(-0.,-0.,-1.));
#3596 = ORIENTED_EDGE('',*,*,#1054,.F.);
#3597 = PLANE('',#3598);
#3598 = AXIS2_PLACEMENT_3D('',#3599,#3600,#3601);
#3599 = CARTESIAN_POINT('',(-31.64999999998,-25.49999999999,0.));
#3600 = DIRECTION('',(0.,1.,0.));
#3601 = DIRECTION('',(-1.,0.,0.));
#3602 = ADVANCED_FACE('',(#3603),#3621,.T.);
#3603 = FACE_BOUND('',#3604,.T.);
#3604 = EDGE_LOOP('',(#3605,#3606,#3614,#3620));
#3605 = ORIENTED_EDGE('',*,*,#3567,.T.);
#3606 = ORIENTED_EDGE('',*,*,#3607,.T.);
#3607 = EDGE_CURVE('',#3560,#3608,#3610,.T.);
#3608 = VERTEX_POINT('',#3609);
#3609 = CARTESIAN_POINT('',(32.700000000024,-27.20000000003,-2.2));
#3610 = LINE('',#3611,#3612);
#3611 = CARTESIAN_POINT('',(32.700000000024,-25.5,-2.2));
#3612 = VECTOR('',#3613,1.);
#3613 = DIRECTION('',(0.,-1.,0.));
#3614 = ORIENTED_EDGE('',*,*,#3615,.F.);
#3615 = EDGE_CURVE('',#901,#3608,#3616,.T.);
#3616 = LINE('',#3617,#3618);
#3617 = CARTESIAN_POINT('',(32.700000000024,-27.20000000003,0.));
#3618 = VECTOR('',#3619,1.);
#3619 = DIRECTION('',(-0.,-0.,-1.));
#3620 = ORIENTED_EDGE('',*,*,#900,.F.);
#3621 = PLANE('',#3622);
#3622 = AXIS2_PLACEMENT_3D('',#3623,#3624,#3625);
#3623 = CARTESIAN_POINT('',(32.700000000024,-25.5,0.));
#3624 = DIRECTION('',(-1.,0.,0.));
#3625 = DIRECTION('',(0.,-1.,0.));
#3626 = ADVANCED_FACE('',(#3627),#3645,.F.);
#3627 = FACE_BOUND('',#3628,.F.);
#3628 = EDGE_LOOP('',(#3629,#3630,#3638,#3644));
#3629 = ORIENTED_EDGE('',*,*,#3591,.T.);
#3630 = ORIENTED_EDGE('',*,*,#3631,.T.);
#3631 = EDGE_CURVE('',#3584,#3632,#3634,.T.);
#3632 = VERTEX_POINT('',#3633);
#3633 = CARTESIAN_POINT('',(-32.7,-27.19999999995,-2.2));
#3634 = LINE('',#3635,#3636);
#3635 = CARTESIAN_POINT('',(-32.7,-25.49999999999,-2.2));
#3636 = VECTOR('',#3637,1.);
#3637 = DIRECTION('',(0.,-1.,0.));
#3638 = ORIENTED_EDGE('',*,*,#3639,.F.);
#3639 = EDGE_CURVE('',#1039,#3632,#3640,.T.);
#3640 = LINE('',#3641,#3642);
#3641 = CARTESIAN_POINT('',(-32.7,-27.19999999995,0.));
#3642 = VECTOR('',#3643,1.);
#3643 = DIRECTION('',(-0.,-0.,-1.));
#3644 = ORIENTED_EDGE('',*,*,#1046,.F.);
#3645 = PLANE('',#3646);
#3646 = AXIS2_PLACEMENT_3D('',#3647,#3648,#3649);
#3647 = CARTESIAN_POINT('',(-32.7,-25.49999999999,0.));
#3648 = DIRECTION('',(-1.,0.,0.));
#3649 = DIRECTION('',(0.,-1.,0.));
#3650 = ADVANCED_FACE('',(#3651),#3669,.T.);
#3651 = FACE_BOUND('',#3652,.T.);
#3652 = EDGE_LOOP('',(#3653,#3654,#3662,#3668));
#3653 = ORIENTED_EDGE('',*,*,#3615,.T.);
#3654 = ORIENTED_EDGE('',*,*,#3655,.T.);
#3655 = EDGE_CURVE('',#3608,#3656,#3658,.T.);
#3656 = VERTEX_POINT('',#3657);
#3657 = CARTESIAN_POINT('',(31.650000000024,-27.20000000003,-2.2));
#3658 = LINE('',#3659,#3660);
#3659 = CARTESIAN_POINT('',(32.700000000024,-27.20000000003,-2.2));
#3660 = VECTOR('',#3661,1.);
#3661 = DIRECTION('',(-1.,0.,0.));
#3662 = ORIENTED_EDGE('',*,*,#3663,.F.);
#3663 = EDGE_CURVE('',#909,#3656,#3664,.T.);
#3664 = LINE('',#3665,#3666);
#3665 = CARTESIAN_POINT('',(31.650000000024,-27.20000000003,0.));
#3666 = VECTOR('',#3667,1.);
#3667 = DIRECTION('',(-0.,-0.,-1.));
#3668 = ORIENTED_EDGE('',*,*,#908,.F.);
#3669 = PLANE('',#3670);
#3670 = AXIS2_PLACEMENT_3D('',#3671,#3672,#3673);
#3671 = CARTESIAN_POINT('',(32.700000000024,-27.20000000003,0.));
#3672 = DIRECTION('',(0.,1.,0.));
#3673 = DIRECTION('',(-1.,0.,0.));
#3674 = ADVANCED_FACE('',(#3675),#3693,.F.);
#3675 = FACE_BOUND('',#3676,.F.);
#3676 = EDGE_LOOP('',(#3677,#3678,#3686,#3692));
#3677 = ORIENTED_EDGE('',*,*,#3639,.T.);
#3678 = ORIENTED_EDGE('',*,*,#3679,.T.);
#3679 = EDGE_CURVE('',#3632,#3680,#3682,.T.);
#3680 = VERTEX_POINT('',#3681);
#3681 = CARTESIAN_POINT('',(-31.65,-27.19999999995,-2.2));
#3682 = LINE('',#3683,#3684);
#3683 = CARTESIAN_POINT('',(-32.7,-27.19999999995,-2.2));
#3684 = VECTOR('',#3685,1.);
#3685 = DIRECTION('',(1.,0.,0.));
#3686 = ORIENTED_EDGE('',*,*,#3687,.F.);
#3687 = EDGE_CURVE('',#1031,#3680,#3688,.T.);
#3688 = LINE('',#3689,#3690);
#3689 = CARTESIAN_POINT('',(-31.65,-27.19999999995,0.));
#3690 = VECTOR('',#3691,1.);
#3691 = DIRECTION('',(-0.,-0.,-1.));
#3692 = ORIENTED_EDGE('',*,*,#1038,.F.);
#3693 = PLANE('',#3694);
#3694 = AXIS2_PLACEMENT_3D('',#3695,#3696,#3697);
#3695 = CARTESIAN_POINT('',(-32.7,-27.19999999995,0.));
#3696 = DIRECTION('',(0.,-1.,0.));
#3697 = DIRECTION('',(1.,0.,0.));
#3698 = ADVANCED_FACE('',(#3699),#3717,.T.);
#3699 = FACE_BOUND('',#3700,.T.);
#3700 = EDGE_LOOP('',(#3701,#3702,#3710,#3716));
#3701 = ORIENTED_EDGE('',*,*,#3663,.T.);
#3702 = ORIENTED_EDGE('',*,*,#3703,.T.);
#3703 = EDGE_CURVE('',#3656,#3704,#3706,.T.);
#3704 = VERTEX_POINT('',#3705);
#3705 = CARTESIAN_POINT('',(31.650000000024,-33.40000000003,-2.2));
#3706 = LINE('',#3707,#3708);
#3707 = CARTESIAN_POINT('',(31.650000000024,-27.20000000003,-2.2));
#3708 = VECTOR('',#3709,1.);
#3709 = DIRECTION('',(0.,-1.,0.));
#3710 = ORIENTED_EDGE('',*,*,#3711,.F.);
#3711 = EDGE_CURVE('',#917,#3704,#3712,.T.);
#3712 = LINE('',#3713,#3714);
#3713 = CARTESIAN_POINT('',(31.650000000024,-33.40000000003,0.));
#3714 = VECTOR('',#3715,1.);
#3715 = DIRECTION('',(-0.,-0.,-1.));
#3716 = ORIENTED_EDGE('',*,*,#916,.F.);
#3717 = PLANE('',#3718);
#3718 = AXIS2_PLACEMENT_3D('',#3719,#3720,#3721);
#3719 = CARTESIAN_POINT('',(31.650000000024,-27.20000000003,0.));
#3720 = DIRECTION('',(-1.,0.,0.));
#3721 = DIRECTION('',(0.,-1.,0.));
#3722 = ADVANCED_FACE('',(#3723),#3741,.F.);
#3723 = FACE_BOUND('',#3724,.F.);
#3724 = EDGE_LOOP('',(#3725,#3726,#3734,#3740));
#3725 = ORIENTED_EDGE('',*,*,#3687,.T.);
#3726 = ORIENTED_EDGE('',*,*,#3727,.T.);
#3727 = EDGE_CURVE('',#3680,#3728,#3730,.T.);
#3728 = VERTEX_POINT('',#3729);
#3729 = CARTESIAN_POINT('',(-31.65,-33.39999999994,-2.2));
#3730 = LINE('',#3731,#3732);
#3731 = CARTESIAN_POINT('',(-31.65,-27.19999999995,-2.2));
#3732 = VECTOR('',#3733,1.);
#3733 = DIRECTION('',(0.,-1.,0.));
#3734 = ORIENTED_EDGE('',*,*,#3735,.F.);
#3735 = EDGE_CURVE('',#1023,#3728,#3736,.T.);
#3736 = LINE('',#3737,#3738);
#3737 = CARTESIAN_POINT('',(-31.65,-33.39999999994,0.));
#3738 = VECTOR('',#3739,1.);
#3739 = DIRECTION('',(-0.,-0.,-1.));
#3740 = ORIENTED_EDGE('',*,*,#1030,.F.);
#3741 = PLANE('',#3742);
#3742 = AXIS2_PLACEMENT_3D('',#3743,#3744,#3745);
#3743 = CARTESIAN_POINT('',(-31.65,-27.19999999995,0.));
#3744 = DIRECTION('',(-1.,0.,0.));
#3745 = DIRECTION('',(0.,-1.,0.));
#3746 = ADVANCED_FACE('',(#3747),#3765,.T.);
#3747 = FACE_BOUND('',#3748,.T.);
#3748 = EDGE_LOOP('',(#3749,#3750,#3758,#3764));
#3749 = ORIENTED_EDGE('',*,*,#3711,.T.);
#3750 = ORIENTED_EDGE('',*,*,#3751,.T.);
#3751 = EDGE_CURVE('',#3704,#3752,#3754,.T.);
#3752 = VERTEX_POINT('',#3753);
#3753 = CARTESIAN_POINT('',(32.700000000023,-33.40000000003,-2.2));
#3754 = LINE('',#3755,#3756);
#3755 = CARTESIAN_POINT('',(31.650000000024,-33.40000000003,-2.2));
#3756 = VECTOR('',#3757,1.);
#3757 = DIRECTION('',(1.,0.,0.));
#3758 = ORIENTED_EDGE('',*,*,#3759,.F.);
#3759 = EDGE_CURVE('',#925,#3752,#3760,.T.);
#3760 = LINE('',#3761,#3762);
#3761 = CARTESIAN_POINT('',(32.700000000023,-33.40000000003,0.));
#3762 = VECTOR('',#3763,1.);
#3763 = DIRECTION('',(-0.,-0.,-1.));
#3764 = ORIENTED_EDGE('',*,*,#924,.F.);
#3765 = PLANE('',#3766);
#3766 = AXIS2_PLACEMENT_3D('',#3767,#3768,#3769);
#3767 = CARTESIAN_POINT('',(31.650000000024,-33.40000000003,0.));
#3768 = DIRECTION('',(0.,-1.,0.));
#3769 = DIRECTION('',(1.,0.,0.));
#3770 = ADVANCED_FACE('',(#3771),#3789,.F.);
#3771 = FACE_BOUND('',#3772,.F.);
#3772 = EDGE_LOOP('',(#3773,#3774,#3782,#3788));
#3773 = ORIENTED_EDGE('',*,*,#3735,.T.);
#3774 = ORIENTED_EDGE('',*,*,#3775,.T.);
#3775 = EDGE_CURVE('',#3728,#3776,#3778,.T.);
#3776 = VERTEX_POINT('',#3777);
#3777 = CARTESIAN_POINT('',(-32.7,-33.39999999994,-2.2));
#3778 = LINE('',#3779,#3780);
#3779 = CARTESIAN_POINT('',(-31.65,-33.39999999994,-2.2));
#3780 = VECTOR('',#3781,1.);
#3781 = DIRECTION('',(-1.,0.,0.));
#3782 = ORIENTED_EDGE('',*,*,#3783,.F.);
#3783 = EDGE_CURVE('',#1015,#3776,#3784,.T.);
#3784 = LINE('',#3785,#3786);
#3785 = CARTESIAN_POINT('',(-32.7,-33.39999999994,0.));
#3786 = VECTOR('',#3787,1.);
#3787 = DIRECTION('',(-0.,-0.,-1.));
#3788 = ORIENTED_EDGE('',*,*,#1022,.F.);
#3789 = PLANE('',#3790);
#3790 = AXIS2_PLACEMENT_3D('',#3791,#3792,#3793);
#3791 = CARTESIAN_POINT('',(-31.65,-33.39999999994,0.));
#3792 = DIRECTION('',(0.,1.,0.));
#3793 = DIRECTION('',(-1.,0.,0.));
#3794 = ADVANCED_FACE('',(#3795),#3813,.T.);
#3795 = FACE_BOUND('',#3796,.T.);
#3796 = EDGE_LOOP('',(#3797,#3798,#3806,#3812));
#3797 = ORIENTED_EDGE('',*,*,#3759,.T.);
#3798 = ORIENTED_EDGE('',*,*,#3799,.T.);
#3799 = EDGE_CURVE('',#3752,#3800,#3802,.T.);
#3800 = VERTEX_POINT('',#3801);
#3801 = CARTESIAN_POINT('',(32.700000000023,-35.10000000003,-2.2));
#3802 = LINE('',#3803,#3804);
#3803 = CARTESIAN_POINT('',(32.700000000023,-33.40000000003,-2.2));
#3804 = VECTOR('',#3805,1.);
#3805 = DIRECTION('',(0.,-1.,0.));
#3806 = ORIENTED_EDGE('',*,*,#3807,.F.);
#3807 = EDGE_CURVE('',#933,#3800,#3808,.T.);
#3808 = LINE('',#3809,#3810);
#3809 = CARTESIAN_POINT('',(32.700000000023,-35.10000000003,0.));
#3810 = VECTOR('',#3811,1.);
#3811 = DIRECTION('',(-0.,-0.,-1.));
#3812 = ORIENTED_EDGE('',*,*,#932,.F.);
#3813 = PLANE('',#3814);
#3814 = AXIS2_PLACEMENT_3D('',#3815,#3816,#3817);
#3815 = CARTESIAN_POINT('',(32.700000000023,-33.40000000003,0.));
#3816 = DIRECTION('',(-1.,0.,0.));
#3817 = DIRECTION('',(0.,-1.,0.));
#3818 = ADVANCED_FACE('',(#3819),#3837,.F.);
#3819 = FACE_BOUND('',#3820,.F.);
#3820 = EDGE_LOOP('',(#3821,#3822,#3830,#3836));
#3821 = ORIENTED_EDGE('',*,*,#3783,.T.);
#3822 = ORIENTED_EDGE('',*,*,#3823,.T.);
#3823 = EDGE_CURVE('',#3776,#3824,#3826,.T.);
#3824 = VERTEX_POINT('',#3825);
#3825 = CARTESIAN_POINT('',(-32.7,-35.09999999986,-2.2));
#3826 = LINE('',#3827,#3828);
#3827 = CARTESIAN_POINT('',(-32.7,-33.39999999994,-2.2));
#3828 = VECTOR('',#3829,1.);
#3829 = DIRECTION('',(0.,-1.,0.));
#3830 = ORIENTED_EDGE('',*,*,#3831,.F.);
#3831 = EDGE_CURVE('',#1007,#3824,#3832,.T.);
#3832 = LINE('',#3833,#3834);
#3833 = CARTESIAN_POINT('',(-32.7,-35.09999999986,0.));
#3834 = VECTOR('',#3835,1.);
#3835 = DIRECTION('',(-0.,-0.,-1.));
#3836 = ORIENTED_EDGE('',*,*,#1014,.F.);
#3837 = PLANE('',#3838);
#3838 = AXIS2_PLACEMENT_3D('',#3839,#3840,#3841);
#3839 = CARTESIAN_POINT('',(-32.7,-33.39999999994,0.));
#3840 = DIRECTION('',(-1.,0.,0.));
#3841 = DIRECTION('',(0.,-1.,0.));
#3842 = ADVANCED_FACE('',(#3843),#3877,.F.);
#3843 = FACE_BOUND('',#3844,.F.);
#3844 = EDGE_LOOP('',(#3845,#3846,#3854,#3862,#3870,#3876));
#3845 = ORIENTED_EDGE('',*,*,#940,.T.);
#3846 = ORIENTED_EDGE('',*,*,#3847,.T.);
#3847 = EDGE_CURVE('',#941,#3848,#3850,.T.);
#3848 = VERTEX_POINT('',#3849);
#3849 = CARTESIAN_POINT('',(25.750000000002,-35.10000000003,-0.6));
#3850 = LINE('',#3851,#3852);
#3851 = CARTESIAN_POINT('',(25.750000000002,-35.10000000003,0.));
#3852 = VECTOR('',#3853,1.);
#3853 = DIRECTION('',(-0.,-0.,-1.));
#3854 = ORIENTED_EDGE('',*,*,#3855,.F.);
#3855 = EDGE_CURVE('',#3856,#3848,#3858,.T.);
#3856 = VERTEX_POINT('',#3857);
#3857 = CARTESIAN_POINT('',(30.1,-35.10000000003,-0.6));
#3858 = LINE('',#3859,#3860);
#3859 = CARTESIAN_POINT('',(14.510650612187,-35.10000000003,-0.6));
#3860 = VECTOR('',#3861,1.);
#3861 = DIRECTION('',(-1.,0.,0.));
#3862 = ORIENTED_EDGE('',*,*,#3863,.T.);
#3863 = EDGE_CURVE('',#3856,#3864,#3866,.T.);
#3864 = VERTEX_POINT('',#3865);
#3865 = CARTESIAN_POINT('',(30.1,-35.10000000003,-2.2));
#3866 = LINE('',#3867,#3868);
#3867 = CARTESIAN_POINT('',(30.1,-35.10000000003,-1.65));
#3868 = VECTOR('',#3869,1.);
#3869 = DIRECTION('',(0.,0.,-1.));
#3870 = ORIENTED_EDGE('',*,*,#3871,.F.);
#3871 = EDGE_CURVE('',#3800,#3864,#3872,.T.);
#3872 = LINE('',#3873,#3874);
#3873 = CARTESIAN_POINT('',(32.700000000023,-35.10000000003,-2.2));
#3874 = VECTOR('',#3875,1.);
#3875 = DIRECTION('',(-1.,0.,0.));
#3876 = ORIENTED_EDGE('',*,*,#3807,.F.);
#3877 = PLANE('',#3878);
#3878 = AXIS2_PLACEMENT_3D('',#3879,#3880,#3881);
#3879 = CARTESIAN_POINT('',(29.225000000013,-35.10000000003,-1.1));
#3880 = DIRECTION('',(-0.,-1.,-0.));
#3881 = DIRECTION('',(0.,0.,-1.));
#3882 = ADVANCED_FACE('',(#3883),#3917,.F.);
#3883 = FACE_BOUND('',#3884,.F.);
#3884 = EDGE_LOOP('',(#3885,#3886,#3887,#3895,#3903,#3911));
#3885 = ORIENTED_EDGE('',*,*,#1006,.F.);
#3886 = ORIENTED_EDGE('',*,*,#3831,.T.);
#3887 = ORIENTED_EDGE('',*,*,#3888,.T.);
#3888 = EDGE_CURVE('',#3824,#3889,#3891,.T.);
#3889 = VERTEX_POINT('',#3890);
#3890 = CARTESIAN_POINT('',(-30.59130487601,-35.09999999986,-2.2));
#3891 = LINE('',#3892,#3893);
#3892 = CARTESIAN_POINT('',(-31.65000000002,-35.09999999986,-2.2));
#3893 = VECTOR('',#3894,1.);
#3894 = DIRECTION('',(1.,0.,0.));
#3895 = ORIENTED_EDGE('',*,*,#3896,.F.);
#3896 = EDGE_CURVE('',#3897,#3889,#3899,.T.);
#3897 = VERTEX_POINT('',#3898);
#3898 = CARTESIAN_POINT('',(-30.59130487601,-35.09999999986,-0.6));
#3899 = LINE('',#3900,#3901);
#3900 = CARTESIAN_POINT('',(-30.59130487601,-35.09999999986,-1.65));
#3901 = VECTOR('',#3902,1.);
#3902 = DIRECTION('',(0.,0.,-1.));
#3903 = ORIENTED_EDGE('',*,*,#3904,.F.);
#3904 = EDGE_CURVE('',#3905,#3897,#3907,.T.);
#3905 = VERTEX_POINT('',#3906);
#3906 = CARTESIAN_POINT('',(-25.75000000002,-35.09999999986,-0.6));
#3907 = LINE('',#3908,#3909);
#3908 = CARTESIAN_POINT('',(-14.71434938782,-35.09999999986,-0.6));
#3909 = VECTOR('',#3910,1.);
#3910 = DIRECTION('',(-1.,3.1E-16,0.));
#3911 = ORIENTED_EDGE('',*,*,#3912,.F.);
#3912 = EDGE_CURVE('',#998,#3905,#3913,.T.);
#3913 = LINE('',#3914,#3915);
#3914 = CARTESIAN_POINT('',(-25.75000000002,-35.09999999986,0.));
#3915 = VECTOR('',#3916,1.);
#3916 = DIRECTION('',(-0.,-0.,-1.));
#3917 = PLANE('',#3918);
#3918 = AXIS2_PLACEMENT_3D('',#3919,#3920,#3921);
#3919 = CARTESIAN_POINT('',(-29.22500000001,-35.09999999986,-1.1));
#3920 = DIRECTION('',(-3.1E-16,-1.,-0.));
#3921 = DIRECTION('',(-1.,3.1E-16,0.));
#3922 = ADVANCED_FACE('',(#3923),#3942,.F.);
#3923 = FACE_BOUND('',#3924,.F.);
#3924 = EDGE_LOOP('',(#3925,#3926,#3934,#3941));
#3925 = ORIENTED_EDGE('',*,*,#948,.F.);
#3926 = ORIENTED_EDGE('',*,*,#3927,.T.);
#3927 = EDGE_CURVE('',#949,#3928,#3930,.T.);
#3928 = VERTEX_POINT('',#3929);
#3929 = CARTESIAN_POINT('',(21.013298775153,-40.52595798465,-0.6));
#3930 = LINE('',#3931,#3932);
#3931 = CARTESIAN_POINT('',(21.013298775153,-40.52595798465,0.));
#3932 = VECTOR('',#3933,1.);
#3933 = DIRECTION('',(-0.,-0.,-1.));
#3934 = ORIENTED_EDGE('',*,*,#3935,.T.);
#3935 = EDGE_CURVE('',#3928,#3848,#3936,.T.);
#3936 = CIRCLE('',#3937,5.05);
#3937 = AXIS2_PLACEMENT_3D('',#3938,#3939,#3940);
#3938 = CARTESIAN_POINT('',(20.714681433023,-35.4847946583,-0.6));
#3939 = DIRECTION('',(0.,0.,1.));
#3940 = DIRECTION('',(1.,0.,0.));
#3941 = ORIENTED_EDGE('',*,*,#3847,.F.);
#3942 = CYLINDRICAL_SURFACE('',#3943,5.05);
#3943 = AXIS2_PLACEMENT_3D('',#3944,#3945,#3946);
#3944 = CARTESIAN_POINT('',(20.714681433023,-35.4847946583,0.));
#3945 = DIRECTION('',(0.,0.,1.));
#3946 = DIRECTION('',(1.,0.,0.));
#3947 = ADVANCED_FACE('',(#3948),#3967,.F.);
#3948 = FACE_BOUND('',#3949,.F.);
#3949 = EDGE_LOOP('',(#3950,#3951,#3952,#3961));
#3950 = ORIENTED_EDGE('',*,*,#997,.F.);
#3951 = ORIENTED_EDGE('',*,*,#3912,.T.);
#3952 = ORIENTED_EDGE('',*,*,#3953,.T.);
#3953 = EDGE_CURVE('',#3905,#3954,#3956,.T.);
#3954 = VERTEX_POINT('',#3955);
#3955 = CARTESIAN_POINT('',(-21.01329877517,-40.52595798449,-0.6));
#3956 = CIRCLE('',#3957,5.05);
#3957 = AXIS2_PLACEMENT_3D('',#3958,#3959,#3960);
#3958 = CARTESIAN_POINT('',(-20.71468143304,-35.48479465813,-0.6));
#3959 = DIRECTION('',(0.,0.,1.));
#3960 = DIRECTION('',(1.,0.,0.));
#3961 = ORIENTED_EDGE('',*,*,#3962,.F.);
#3962 = EDGE_CURVE('',#990,#3954,#3963,.T.);
#3963 = LINE('',#3964,#3965);
#3964 = CARTESIAN_POINT('',(-21.01329877517,-40.52595798449,0.));
#3965 = VECTOR('',#3966,1.);
#3966 = DIRECTION('',(-0.,-0.,-1.));
#3967 = CYLINDRICAL_SURFACE('',#3968,5.05);
#3968 = AXIS2_PLACEMENT_3D('',#3969,#3970,#3971);
#3969 = CARTESIAN_POINT('',(-20.71468143304,-35.48479465813,0.));
#3970 = DIRECTION('',(0.,0.,1.));
#3971 = DIRECTION('',(1.,0.,0.));
#3972 = ADVANCED_FACE('',(#3973),#3991,.T.);
#3973 = FACE_BOUND('',#3974,.T.);
#3974 = EDGE_LOOP('',(#3975,#3976,#3977,#3985));
#3975 = ORIENTED_EDGE('',*,*,#957,.F.);
#3976 = ORIENTED_EDGE('',*,*,#3927,.T.);
#3977 = ORIENTED_EDGE('',*,*,#3978,.F.);
#3978 = EDGE_CURVE('',#3979,#3928,#3981,.T.);
#3979 = VERTEX_POINT('',#3980);
#3980 = CARTESIAN_POINT('',(11.338589477194,-41.22595798465,-0.6));
#3981 = LINE('',#3982,#3983);
#3982 = CARTESIAN_POINT('',(10.405111869424,-41.29349844559,-0.6));
#3983 = VECTOR('',#3984,1.);
#3984 = DIRECTION('',(0.99739271113,7.216494845361E-02,0.));
#3985 = ORIENTED_EDGE('',*,*,#3986,.F.);
#3986 = EDGE_CURVE('',#958,#3979,#3987,.T.);
#3987 = LINE('',#3988,#3989);
#3988 = CARTESIAN_POINT('',(11.338589477194,-41.22595798465,0.));
#3989 = VECTOR('',#3990,1.);
#3990 = DIRECTION('',(-0.,-0.,-1.));
#3991 = PLANE('',#3992);
#3992 = AXIS2_PLACEMENT_3D('',#3993,#3994,#3995);
#3993 = CARTESIAN_POINT('',(21.013298775153,-40.52595798465,0.));
#3994 = DIRECTION('',(-7.216494845361E-02,0.99739271113,0.));
#3995 = DIRECTION('',(-0.99739271113,-7.216494845361E-02,0.));
#3996 = ADVANCED_FACE('',(#3997),#4015,.F.);
#3997 = FACE_BOUND('',#3998,.F.);
#3998 = EDGE_LOOP('',(#3999,#4000,#4001,#4009));
#3999 = ORIENTED_EDGE('',*,*,#989,.F.);
#4000 = ORIENTED_EDGE('',*,*,#3962,.T.);
#4001 = ORIENTED_EDGE('',*,*,#4002,.F.);
#4002 = EDGE_CURVE('',#4003,#3954,#4005,.T.);
#4003 = VERTEX_POINT('',#4004);
#4004 = CARTESIAN_POINT('',(-11.33858947721,-41.22595798449,-0.6));
#4005 = LINE('',#4006,#4007);
#4006 = CARTESIAN_POINT('',(-10.6077498267,-41.2788368607,-0.6));
#4007 = VECTOR('',#4008,1.);
#4008 = DIRECTION('',(-0.99739271113,7.216494845361E-02,0.));
#4009 = ORIENTED_EDGE('',*,*,#4010,.F.);
#4010 = EDGE_CURVE('',#982,#4003,#4011,.T.);
#4011 = LINE('',#4012,#4013);
#4012 = CARTESIAN_POINT('',(-11.33858947721,-41.22595798449,0.));
#4013 = VECTOR('',#4014,1.);
#4014 = DIRECTION('',(-0.,-0.,-1.));
#4015 = PLANE('',#4016);
#4016 = AXIS2_PLACEMENT_3D('',#4017,#4018,#4019);
#4017 = CARTESIAN_POINT('',(-21.01329877517,-40.52595798449,0.));
#4018 = DIRECTION('',(-7.216494845361E-02,-0.99739271113,0.));
#4019 = DIRECTION('',(0.99739271113,-7.216494845361E-02,0.));
#4020 = ADVANCED_FACE('',(#4021),#4039,.T.);
#4021 = FACE_BOUND('',#4022,.T.);
#4022 = EDGE_LOOP('',(#4023,#4024,#4025,#4033));
#4023 = ORIENTED_EDGE('',*,*,#965,.F.);
#4024 = ORIENTED_EDGE('',*,*,#3986,.T.);
#4025 = ORIENTED_EDGE('',*,*,#4026,.F.);
#4026 = EDGE_CURVE('',#4027,#3979,#4029,.T.);
#4027 = VERTEX_POINT('',#4028);
#4028 = CARTESIAN_POINT('',(2.8,-41.57595798465,-0.6));
#4029 = LINE('',#4030,#4031);
#4030 = CARTESIAN_POINT('',(5.560215780014,-41.46281569978,-0.6));
#4031 = VECTOR('',#4032,1.);
#4032 = DIRECTION('',(0.999160951691,4.095598389239E-02,0.));
#4033 = ORIENTED_EDGE('',*,*,#4034,.F.);
#4034 = EDGE_CURVE('',#966,#4027,#4035,.T.);
#4035 = LINE('',#4036,#4037);
#4036 = CARTESIAN_POINT('',(2.8,-41.57595798465,0.));
#4037 = VECTOR('',#4038,1.);
#4038 = DIRECTION('',(-0.,-0.,-1.));
#4039 = PLANE('',#4040);
#4040 = AXIS2_PLACEMENT_3D('',#4041,#4042,#4043);
#4041 = CARTESIAN_POINT('',(11.338589477194,-41.22595798465,0.));
#4042 = DIRECTION('',(-4.095598389239E-02,0.999160951691,0.));
#4043 = DIRECTION('',(-0.999160951691,-4.095598389239E-02,0.));
#4044 = ADVANCED_FACE('',(#4045),#4063,.F.);
#4045 = FACE_BOUND('',#4046,.F.);
#4046 = EDGE_LOOP('',(#4047,#4048,#4049,#4057));
#4047 = ORIENTED_EDGE('',*,*,#981,.F.);
#4048 = ORIENTED_EDGE('',*,*,#4010,.T.);
#4049 = ORIENTED_EDGE('',*,*,#4050,.F.);
#4050 = EDGE_CURVE('',#4051,#4003,#4053,.T.);
#4051 = VERTEX_POINT('',#4052);
#4052 = CARTESIAN_POINT('',(-2.8,-41.57595798465,-0.6));
#4053 = LINE('',#4054,#4055);
#4054 = CARTESIAN_POINT('',(-5.76357287284,-41.45448001587,-0.6));
#4055 = VECTOR('',#4056,1.);
#4056 = DIRECTION('',(-0.99916095169,4.095598391172E-02,0.));
#4057 = ORIENTED_EDGE('',*,*,#4058,.F.);
#4058 = EDGE_CURVE('',#974,#4051,#4059,.T.);
#4059 = LINE('',#4060,#4061);
#4060 = CARTESIAN_POINT('',(-2.8,-41.57595798465,0.));
#4061 = VECTOR('',#4062,1.);
#4062 = DIRECTION('',(-0.,-0.,-1.));
#4063 = PLANE('',#4064);
#4064 = AXIS2_PLACEMENT_3D('',#4065,#4066,#4067);
#4065 = CARTESIAN_POINT('',(-11.33858947721,-41.22595798449,0.));
#4066 = DIRECTION('',(-4.095598391172E-02,-0.99916095169,0.));
#4067 = DIRECTION('',(0.99916095169,-4.095598391172E-02,0.));
#4068 = ADVANCED_FACE('',(#4069),#4080,.F.);
#4069 = FACE_BOUND('',#4070,.F.);
#4070 = EDGE_LOOP('',(#4071,#4072,#4073,#4079));
#4071 = ORIENTED_EDGE('',*,*,#973,.F.);
#4072 = ORIENTED_EDGE('',*,*,#4058,.T.);
#4073 = ORIENTED_EDGE('',*,*,#4074,.F.);
#4074 = EDGE_CURVE('',#4027,#4051,#4075,.T.);
#4075 = LINE('',#4076,#4077);
#4076 = CARTESIAN_POINT('',(-1.50184938782,-41.57595798465,-0.6));
#4077 = VECTOR('',#4078,1.);
#4078 = DIRECTION('',(-1.,0.,0.));
#4079 = ORIENTED_EDGE('',*,*,#4034,.F.);
#4080 = PLANE('',#4081);
#4081 = AXIS2_PLACEMENT_3D('',#4082,#4083,#4084);
#4082 = CARTESIAN_POINT('',(-2.8,-41.57595798465,0.));
#4083 = DIRECTION('',(0.,-1.,0.));
#4084 = DIRECTION('',(1.,0.,0.));
#4085 = ADVANCED_FACE('',(#4086),#4111,.F.);
#4086 = FACE_BOUND('',#4087,.F.);
#4087 = EDGE_LOOP('',(#4088,#4089,#4097,#4105));
#4088 = ORIENTED_EDGE('',*,*,#1118,.F.);
#4089 = ORIENTED_EDGE('',*,*,#4090,.T.);
#4090 = EDGE_CURVE('',#1119,#4091,#4093,.T.);
#4091 = VERTEX_POINT('',#4092);
#4092 = CARTESIAN_POINT('',(-28.05,36.,-0.6));
#4093 = LINE('',#4094,#4095);
#4094 = CARTESIAN_POINT('',(-28.05,36.,0.));
#4095 = VECTOR('',#4096,1.);
#4096 = DIRECTION('',(-0.,-0.,-1.));
#4097 = ORIENTED_EDGE('',*,*,#4098,.F.);
#4098 = EDGE_CURVE('',#4099,#4091,#4101,.T.);
#4099 = VERTEX_POINT('',#4100);
#4100 = CARTESIAN_POINT('',(-28.05,-5.,-0.6));
#4101 = LINE('',#4102,#4103);
#4102 = CARTESIAN_POINT('',(-28.05,25.75,-0.6));
#4103 = VECTOR('',#4104,1.);
#4104 = DIRECTION('',(0.,1.,0.));
#4105 = ORIENTED_EDGE('',*,*,#4106,.F.);
#4106 = EDGE_CURVE('',#1121,#4099,#4107,.T.);
#4107 = LINE('',#4108,#4109);
#4108 = CARTESIAN_POINT('',(-28.05,-5.,0.));
#4109 = VECTOR('',#4110,1.);
#4110 = DIRECTION('',(-0.,-0.,-1.));
#4111 = PLANE('',#4112);
#4112 = AXIS2_PLACEMENT_3D('',#4113,#4114,#4115);
#4113 = CARTESIAN_POINT('',(-28.05,36.,0.));
#4114 = DIRECTION('',(-1.,0.,0.));
#4115 = DIRECTION('',(0.,-1.,0.));
#4116 = ADVANCED_FACE('',(#4117),#4136,.F.);
#4117 = FACE_BOUND('',#4118,.F.);
#4118 = EDGE_LOOP('',(#4119,#4120,#4128,#4135));
#4119 = ORIENTED_EDGE('',*,*,#1128,.F.);
#4120 = ORIENTED_EDGE('',*,*,#4121,.T.);
#4121 = EDGE_CURVE('',#1129,#4122,#4124,.T.);
#4122 = VERTEX_POINT('',#4123);
#4123 = CARTESIAN_POINT('',(-27.7,36.35,-0.6));
#4124 = LINE('',#4125,#4126);
#4125 = CARTESIAN_POINT('',(-27.7,36.35,0.));
#4126 = VECTOR('',#4127,1.);
#4127 = DIRECTION('',(-0.,-0.,-1.));
#4128 = ORIENTED_EDGE('',*,*,#4129,.T.);
#4129 = EDGE_CURVE('',#4122,#4091,#4130,.T.);
#4130 = CIRCLE('',#4131,0.35);
#4131 = AXIS2_PLACEMENT_3D('',#4132,#4133,#4134);
#4132 = CARTESIAN_POINT('',(-27.7,36.,-0.6));
#4133 = DIRECTION('',(0.,0.,1.));
#4134 = DIRECTION('',(1.,0.,0.));
#4135 = ORIENTED_EDGE('',*,*,#4090,.F.);
#4136 = CYLINDRICAL_SURFACE('',#4137,0.35);
#4137 = AXIS2_PLACEMENT_3D('',#4138,#4139,#4140);
#4138 = CARTESIAN_POINT('',(-27.7,36.,0.));
#4139 = DIRECTION('',(0.,0.,1.));
#4140 = DIRECTION('',(1.,0.,0.));
#4141 = ADVANCED_FACE('',(#4142),#4161,.F.);
#4142 = FACE_BOUND('',#4143,.F.);
#4143 = EDGE_LOOP('',(#4144,#4145,#4146,#4155));
#4144 = ORIENTED_EDGE('',*,*,#1179,.F.);
#4145 = ORIENTED_EDGE('',*,*,#4106,.T.);
#4146 = ORIENTED_EDGE('',*,*,#4147,.T.);
#4147 = EDGE_CURVE('',#4099,#4148,#4150,.T.);
#4148 = VERTEX_POINT('',#4149);
#4149 = CARTESIAN_POINT('',(-27.7,-5.35,-0.6));
#4150 = CIRCLE('',#4151,0.35);
#4151 = AXIS2_PLACEMENT_3D('',#4152,#4153,#4154);
#4152 = CARTESIAN_POINT('',(-27.7,-5.,-0.6));
#4153 = DIRECTION('',(0.,0.,1.));
#4154 = DIRECTION('',(1.,0.,0.));
#4155 = ORIENTED_EDGE('',*,*,#4156,.F.);
#4156 = EDGE_CURVE('',#1172,#4148,#4157,.T.);
#4157 = LINE('',#4158,#4159);
#4158 = CARTESIAN_POINT('',(-27.7,-5.35,0.));
#4159 = VECTOR('',#4160,1.);
#4160 = DIRECTION('',(-0.,-0.,-1.));
#4161 = CYLINDRICAL_SURFACE('',#4162,0.35);
#4162 = AXIS2_PLACEMENT_3D('',#4163,#4164,#4165);
#4163 = CARTESIAN_POINT('',(-27.7,-5.,0.));
#4164 = DIRECTION('',(0.,0.,1.));
#4165 = DIRECTION('',(1.,0.,0.));
#4166 = ADVANCED_FACE('',(#4167),#4185,.F.);
#4167 = FACE_BOUND('',#4168,.F.);
#4168 = EDGE_LOOP('',(#4169,#4170,#4178,#4184));
#4169 = ORIENTED_EDGE('',*,*,#1137,.F.);
#4170 = ORIENTED_EDGE('',*,*,#4171,.T.);
#4171 = EDGE_CURVE('',#1138,#4172,#4174,.T.);
#4172 = VERTEX_POINT('',#4173);
#4173 = CARTESIAN_POINT('',(24.9,36.35,-0.6));
#4174 = LINE('',#4175,#4176);
#4175 = CARTESIAN_POINT('',(24.9,36.35,0.));
#4176 = VECTOR('',#4177,1.);
#4177 = DIRECTION('',(-0.,-0.,-1.));
#4178 = ORIENTED_EDGE('',*,*,#4179,.F.);
#4179 = EDGE_CURVE('',#4122,#4172,#4180,.T.);
#4180 = LINE('',#4181,#4182);
#4181 = CARTESIAN_POINT('',(13.125,36.35,-0.6));
#4182 = VECTOR('',#4183,1.);
#4183 = DIRECTION('',(1.,0.,0.));
#4184 = ORIENTED_EDGE('',*,*,#4121,.F.);
#4185 = PLANE('',#4186);
#4186 = AXIS2_PLACEMENT_3D('',#4187,#4188,#4189);
#4187 = CARTESIAN_POINT('',(24.9,36.35,0.));
#4188 = DIRECTION('',(0.,1.,0.));
#4189 = DIRECTION('',(-1.,0.,0.));
#4190 = ADVANCED_FACE('',(#4191),#4209,.F.);
#4191 = FACE_BOUND('',#4192,.F.);
#4192 = EDGE_LOOP('',(#4193,#4194,#4195,#4203));
#4193 = ORIENTED_EDGE('',*,*,#1171,.F.);
#4194 = ORIENTED_EDGE('',*,*,#4156,.T.);
#4195 = ORIENTED_EDGE('',*,*,#4196,.F.);
#4196 = EDGE_CURVE('',#4197,#4148,#4199,.T.);
#4197 = VERTEX_POINT('',#4198);
#4198 = CARTESIAN_POINT('',(24.9,-5.35,-0.6));
#4199 = LINE('',#4200,#4201);
#4200 = CARTESIAN_POINT('',(-13.175,-5.35,-0.6));
#4201 = VECTOR('',#4202,1.);
#4202 = DIRECTION('',(-1.,0.,0.));
#4203 = ORIENTED_EDGE('',*,*,#4204,.F.);
#4204 = EDGE_CURVE('',#1163,#4197,#4205,.T.);
#4205 = LINE('',#4206,#4207);
#4206 = CARTESIAN_POINT('',(24.9,-5.35,0.));
#4207 = VECTOR('',#4208,1.);
#4208 = DIRECTION('',(-0.,-0.,-1.));
#4209 = PLANE('',#4210);
#4210 = AXIS2_PLACEMENT_3D('',#4211,#4212,#4213);
#4211 = CARTESIAN_POINT('',(-27.7,-5.35,0.));
#4212 = DIRECTION('',(0.,-1.,0.));
#4213 = DIRECTION('',(1.,0.,0.));
#4214 = ADVANCED_FACE('',(#4215),#4234,.F.);
#4215 = FACE_BOUND('',#4216,.F.);
#4216 = EDGE_LOOP('',(#4217,#4218,#4226,#4233));
#4217 = ORIENTED_EDGE('',*,*,#1145,.F.);
#4218 = ORIENTED_EDGE('',*,*,#4219,.T.);
#4219 = EDGE_CURVE('',#1146,#4220,#4222,.T.);
#4220 = VERTEX_POINT('',#4221);
#4221 = CARTESIAN_POINT('',(25.25,36.,-0.6));
#4222 = LINE('',#4223,#4224);
#4223 = CARTESIAN_POINT('',(25.25,36.,0.));
#4224 = VECTOR('',#4225,1.);
#4225 = DIRECTION('',(-0.,-0.,-1.));
#4226 = ORIENTED_EDGE('',*,*,#4227,.T.);
#4227 = EDGE_CURVE('',#4220,#4172,#4228,.T.);
#4228 = CIRCLE('',#4229,0.35);
#4229 = AXIS2_PLACEMENT_3D('',#4230,#4231,#4232);
#4230 = CARTESIAN_POINT('',(24.9,36.,-0.6));
#4231 = DIRECTION('',(0.,0.,1.));
#4232 = DIRECTION('',(1.,0.,0.));
#4233 = ORIENTED_EDGE('',*,*,#4171,.F.);
#4234 = CYLINDRICAL_SURFACE('',#4235,0.35);
#4235 = AXIS2_PLACEMENT_3D('',#4236,#4237,#4238);
#4236 = CARTESIAN_POINT('',(24.9,36.,0.));
#4237 = DIRECTION('',(0.,0.,1.));
#4238 = DIRECTION('',(1.,0.,0.));
#4239 = ADVANCED_FACE('',(#4240),#4259,.F.);
#4240 = FACE_BOUND('',#4241,.F.);
#4241 = EDGE_LOOP('',(#4242,#4243,#4244,#4253));
#4242 = ORIENTED_EDGE('',*,*,#1162,.F.);
#4243 = ORIENTED_EDGE('',*,*,#4204,.T.);
#4244 = ORIENTED_EDGE('',*,*,#4245,.T.);
#4245 = EDGE_CURVE('',#4197,#4246,#4248,.T.);
#4246 = VERTEX_POINT('',#4247);
#4247 = CARTESIAN_POINT('',(25.25,-5.,-0.6));
#4248 = CIRCLE('',#4249,0.35);
#4249 = AXIS2_PLACEMENT_3D('',#4250,#4251,#4252);
#4250 = CARTESIAN_POINT('',(24.9,-5.,-0.6));
#4251 = DIRECTION('',(0.,0.,1.));
#4252 = DIRECTION('',(1.,0.,0.));
#4253 = ORIENTED_EDGE('',*,*,#4254,.F.);
#4254 = EDGE_CURVE('',#1155,#4246,#4255,.T.);
#4255 = LINE('',#4256,#4257);
#4256 = CARTESIAN_POINT('',(25.25,-5.,0.));
#4257 = VECTOR('',#4258,1.);
#4258 = DIRECTION('',(-0.,-0.,-1.));
#4259 = CYLINDRICAL_SURFACE('',#4260,0.35);
#4260 = AXIS2_PLACEMENT_3D('',#4261,#4262,#4263);
#4261 = CARTESIAN_POINT('',(24.9,-5.,0.));
#4262 = DIRECTION('',(0.,0.,1.));
#4263 = DIRECTION('',(1.,0.,0.));
#4264 = ADVANCED_FACE('',(#4265),#4276,.F.);
#4265 = FACE_BOUND('',#4266,.F.);
#4266 = EDGE_LOOP('',(#4267,#4268,#4269,#4275));
#4267 = ORIENTED_EDGE('',*,*,#1154,.F.);
#4268 = ORIENTED_EDGE('',*,*,#4254,.T.);
#4269 = ORIENTED_EDGE('',*,*,#4270,.F.);
#4270 = EDGE_CURVE('',#4220,#4246,#4271,.T.);
#4271 = LINE('',#4272,#4273);
#4272 = CARTESIAN_POINT('',(25.25,5.25,-0.6));
#4273 = VECTOR('',#4274,1.);
#4274 = DIRECTION('',(0.,-1.,0.));
#4275 = ORIENTED_EDGE('',*,*,#4219,.F.);
#4276 = PLANE('',#4277);
#4277 = AXIS2_PLACEMENT_3D('',#4278,#4279,#4280);
#4278 = CARTESIAN_POINT('',(25.25,-5.,0.));
#4279 = DIRECTION('',(1.,0.,0.));
#4280 = DIRECTION('',(0.,1.,0.));
#4281 = ADVANCED_FACE('',(#4282),#4307,.F.);
#4282 = FACE_BOUND('',#4283,.F.);
#4283 = EDGE_LOOP('',(#4284,#4292,#4300,#4306));
#4284 = ORIENTED_EDGE('',*,*,#4285,.T.);
#4285 = EDGE_CURVE('',#1189,#4286,#4288,.T.);
#4286 = VERTEX_POINT('',#4287);
#4287 = CARTESIAN_POINT('',(-14.,42.45,-1.1));
#4288 = LINE('',#4289,#4290);
#4289 = CARTESIAN_POINT('',(-14.,42.45,0.));
#4290 = VECTOR('',#4291,1.);
#4291 = DIRECTION('',(-0.,-0.,-1.));
#4292 = ORIENTED_EDGE('',*,*,#4293,.T.);
#4293 = EDGE_CURVE('',#4286,#4294,#4296,.T.);
#4294 = VERTEX_POINT('',#4295);
#4295 = CARTESIAN_POINT('',(-14.,39.25,-1.1));
#4296 = LINE('',#4297,#4298);
#4297 = CARTESIAN_POINT('',(-14.,42.45,-1.1));
#4298 = VECTOR('',#4299,1.);
#4299 = DIRECTION('',(0.,-1.,0.));
#4300 = ORIENTED_EDGE('',*,*,#4301,.F.);
#4301 = EDGE_CURVE('',#1191,#4294,#4302,.T.);
#4302 = LINE('',#4303,#4304);
#4303 = CARTESIAN_POINT('',(-14.,39.25,0.));
#4304 = VECTOR('',#4305,1.);
#4305 = DIRECTION('',(-0.,-0.,-1.));
#4306 = ORIENTED_EDGE('',*,*,#1188,.F.);
#4307 = PLANE('',#4308);
#4308 = AXIS2_PLACEMENT_3D('',#4309,#4310,#4311);
#4309 = CARTESIAN_POINT('',(-14.,42.45,0.));
#4310 = DIRECTION('',(-1.,0.,0.));
#4311 = DIRECTION('',(0.,-1.,0.));
#4312 = ADVANCED_FACE('',(#4313),#4332,.F.);
#4313 = FACE_BOUND('',#4314,.F.);
#4314 = EDGE_LOOP('',(#4315,#4316,#4325,#4331));
#4315 = ORIENTED_EDGE('',*,*,#4301,.T.);
#4316 = ORIENTED_EDGE('',*,*,#4317,.T.);
#4317 = EDGE_CURVE('',#4294,#4318,#4320,.T.);
#4318 = VERTEX_POINT('',#4319);
#4319 = CARTESIAN_POINT('',(-13.6,38.85,-1.1));
#4320 = CIRCLE('',#4321,0.4);
#4321 = AXIS2_PLACEMENT_3D('',#4322,#4323,#4324);
#4322 = CARTESIAN_POINT('',(-13.6,39.25,-1.1));
#4323 = DIRECTION('',(0.,0.,1.));
#4324 = DIRECTION('',(1.,0.,0.));
#4325 = ORIENTED_EDGE('',*,*,#4326,.F.);
#4326 = EDGE_CURVE('',#1242,#4318,#4327,.T.);
#4327 = LINE('',#4328,#4329);
#4328 = CARTESIAN_POINT('',(-13.6,38.85,0.));
#4329 = VECTOR('',#4330,1.);
#4330 = DIRECTION('',(-0.,-0.,-1.));
#4331 = ORIENTED_EDGE('',*,*,#1249,.F.);
#4332 = CYLINDRICAL_SURFACE('',#4333,0.4);
#4333 = AXIS2_PLACEMENT_3D('',#4334,#4335,#4336);
#4334 = CARTESIAN_POINT('',(-13.6,39.25,0.));
#4335 = DIRECTION('',(0.,0.,1.));
#4336 = DIRECTION('',(1.,0.,-0.));
#4337 = ADVANCED_FACE('',(#4338),#4356,.F.);
#4338 = FACE_BOUND('',#4339,.F.);
#4339 = EDGE_LOOP('',(#4340,#4341,#4349,#4355));
#4340 = ORIENTED_EDGE('',*,*,#4326,.T.);
#4341 = ORIENTED_EDGE('',*,*,#4342,.T.);
#4342 = EDGE_CURVE('',#4318,#4343,#4345,.T.);
#4343 = VERTEX_POINT('',#4344);
#4344 = CARTESIAN_POINT('',(-13.2,38.85,-1.1));
#4345 = LINE('',#4346,#4347);
#4346 = CARTESIAN_POINT('',(-13.6,38.85,-1.1));
#4347 = VECTOR('',#4348,1.);
#4348 = DIRECTION('',(1.,0.,0.));
#4349 = ORIENTED_EDGE('',*,*,#4350,.F.);
#4350 = EDGE_CURVE('',#1233,#4343,#4351,.T.);
#4351 = LINE('',#4352,#4353);
#4352 = CARTESIAN_POINT('',(-13.2,38.85,0.));
#4353 = VECTOR('',#4354,1.);
#4354 = DIRECTION('',(-0.,-0.,-1.));
#4355 = ORIENTED_EDGE('',*,*,#1241,.F.);
#4356 = PLANE('',#4357);
#4357 = AXIS2_PLACEMENT_3D('',#4358,#4359,#4360);
#4358 = CARTESIAN_POINT('',(-13.6,38.85,0.));
#4359 = DIRECTION('',(0.,-1.,0.));
#4360 = DIRECTION('',(1.,0.,0.));
#4361 = ADVANCED_FACE('',(#4362),#4381,.F.);
#4362 = FACE_BOUND('',#4363,.F.);
#4363 = EDGE_LOOP('',(#4364,#4365,#4374,#4380));
#4364 = ORIENTED_EDGE('',*,*,#4350,.T.);
#4365 = ORIENTED_EDGE('',*,*,#4366,.T.);
#4366 = EDGE_CURVE('',#4343,#4367,#4369,.T.);
#4367 = VERTEX_POINT('',#4368);
#4368 = CARTESIAN_POINT('',(-12.8,39.25,-1.1));
#4369 = CIRCLE('',#4370,0.4);
#4370 = AXIS2_PLACEMENT_3D('',#4371,#4372,#4373);
#4371 = CARTESIAN_POINT('',(-13.2,39.25,-1.1));
#4372 = DIRECTION('',(0.,0.,1.));
#4373 = DIRECTION('',(1.,0.,0.));
#4374 = ORIENTED_EDGE('',*,*,#4375,.F.);
#4375 = EDGE_CURVE('',#1225,#4367,#4376,.T.);
#4376 = LINE('',#4377,#4378);
#4377 = CARTESIAN_POINT('',(-12.8,39.25,0.));
#4378 = VECTOR('',#4379,1.);
#4379 = DIRECTION('',(-0.,-0.,-1.));
#4380 = ORIENTED_EDGE('',*,*,#1232,.F.);
#4381 = CYLINDRICAL_SURFACE('',#4382,0.4);
#4382 = AXIS2_PLACEMENT_3D('',#4383,#4384,#4385);
#4383 = CARTESIAN_POINT('',(-13.2,39.25,0.));
#4384 = DIRECTION('',(0.,0.,1.));
#4385 = DIRECTION('',(1.,0.,-0.));
#4386 = ADVANCED_FACE('',(#4387),#4405,.F.);
#4387 = FACE_BOUND('',#4388,.F.);
#4388 = EDGE_LOOP('',(#4389,#4390,#4398,#4404));
#4389 = ORIENTED_EDGE('',*,*,#4375,.T.);
#4390 = ORIENTED_EDGE('',*,*,#4391,.T.);
#4391 = EDGE_CURVE('',#4367,#4392,#4394,.T.);
#4392 = VERTEX_POINT('',#4393);
#4393 = CARTESIAN_POINT('',(-12.8,42.45,-1.1));
#4394 = LINE('',#4395,#4396);
#4395 = CARTESIAN_POINT('',(-12.8,39.25,-1.1));
#4396 = VECTOR('',#4397,1.);
#4397 = DIRECTION('',(0.,1.,0.));
#4398 = ORIENTED_EDGE('',*,*,#4399,.F.);
#4399 = EDGE_CURVE('',#1216,#4392,#4400,.T.);
#4400 = LINE('',#4401,#4402);
#4401 = CARTESIAN_POINT('',(-12.8,42.45,0.));
#4402 = VECTOR('',#4403,1.);
#4403 = DIRECTION('',(-0.,-0.,-1.));
#4404 = ORIENTED_EDGE('',*,*,#1224,.F.);
#4405 = PLANE('',#4406);
#4406 = AXIS2_PLACEMENT_3D('',#4407,#4408,#4409);
#4407 = CARTESIAN_POINT('',(-12.8,39.25,0.));
#4408 = DIRECTION('',(1.,0.,0.));
#4409 = DIRECTION('',(-0.,1.,0.));
#4410 = ADVANCED_FACE('',(#4411),#4430,.F.);
#4411 = FACE_BOUND('',#4412,.F.);
#4412 = EDGE_LOOP('',(#4413,#4414,#4423,#4429));
#4413 = ORIENTED_EDGE('',*,*,#4399,.T.);
#4414 = ORIENTED_EDGE('',*,*,#4415,.T.);
#4415 = EDGE_CURVE('',#4392,#4416,#4418,.T.);
#4416 = VERTEX_POINT('',#4417);
#4417 = CARTESIAN_POINT('',(-13.2,42.85,-1.1));
#4418 = CIRCLE('',#4419,0.4);
#4419 = AXIS2_PLACEMENT_3D('',#4420,#4421,#4422);
#4420 = CARTESIAN_POINT('',(-13.2,42.45,-1.1));
#4421 = DIRECTION('',(0.,0.,1.));
#4422 = DIRECTION('',(1.,0.,0.));
#4423 = ORIENTED_EDGE('',*,*,#4424,.F.);
#4424 = EDGE_CURVE('',#1208,#4416,#4425,.T.);
#4425 = LINE('',#4426,#4427);
#4426 = CARTESIAN_POINT('',(-13.2,42.85,0.));
#4427 = VECTOR('',#4428,1.);
#4428 = DIRECTION('',(-0.,-0.,-1.));
#4429 = ORIENTED_EDGE('',*,*,#1215,.F.);
#4430 = CYLINDRICAL_SURFACE('',#4431,0.4);
#4431 = AXIS2_PLACEMENT_3D('',#4432,#4433,#4434);
#4432 = CARTESIAN_POINT('',(-13.2,42.45,0.));
#4433 = DIRECTION('',(0.,0.,1.));
#4434 = DIRECTION('',(1.,0.,-0.));
#4435 = ADVANCED_FACE('',(#4436),#4454,.F.);
#4436 = FACE_BOUND('',#4437,.F.);
#4437 = EDGE_LOOP('',(#4438,#4439,#4447,#4453));
#4438 = ORIENTED_EDGE('',*,*,#4424,.T.);
#4439 = ORIENTED_EDGE('',*,*,#4440,.T.);
#4440 = EDGE_CURVE('',#4416,#4441,#4443,.T.);
#4441 = VERTEX_POINT('',#4442);
#4442 = CARTESIAN_POINT('',(-13.6,42.85,-1.1));
#4443 = LINE('',#4444,#4445);
#4444 = CARTESIAN_POINT('',(-13.2,42.85,-1.1));
#4445 = VECTOR('',#4446,1.);
#4446 = DIRECTION('',(-1.,0.,0.));
#4447 = ORIENTED_EDGE('',*,*,#4448,.F.);
#4448 = EDGE_CURVE('',#1199,#4441,#4449,.T.);
#4449 = LINE('',#4450,#4451);
#4450 = CARTESIAN_POINT('',(-13.6,42.85,0.));
#4451 = VECTOR('',#4452,1.);
#4452 = DIRECTION('',(-0.,-0.,-1.));
#4453 = ORIENTED_EDGE('',*,*,#1207,.F.);
#4454 = PLANE('',#4455);
#4455 = AXIS2_PLACEMENT_3D('',#4456,#4457,#4458);
#4456 = CARTESIAN_POINT('',(-13.2,42.85,0.));
#4457 = DIRECTION('',(0.,1.,0.));
#4458 = DIRECTION('',(-1.,0.,0.));
#4459 = ADVANCED_FACE('',(#4460),#4472,.F.);
#4460 = FACE_BOUND('',#4461,.F.);
#4461 = EDGE_LOOP('',(#4462,#4463,#4470,#4471));
#4462 = ORIENTED_EDGE('',*,*,#4448,.T.);
#4463 = ORIENTED_EDGE('',*,*,#4464,.T.);
#4464 = EDGE_CURVE('',#4441,#4286,#4465,.T.);
#4465 = CIRCLE('',#4466,0.4);
#4466 = AXIS2_PLACEMENT_3D('',#4467,#4468,#4469);
#4467 = CARTESIAN_POINT('',(-13.6,42.45,-1.1));
#4468 = DIRECTION('',(0.,0.,1.));
#4469 = DIRECTION('',(1.,0.,0.));
#4470 = ORIENTED_EDGE('',*,*,#4285,.F.);
#4471 = ORIENTED_EDGE('',*,*,#1198,.F.);
#4472 = CYLINDRICAL_SURFACE('',#4473,0.4);
#4473 = AXIS2_PLACEMENT_3D('',#4474,#4475,#4476);
#4474 = CARTESIAN_POINT('',(-13.6,42.45,0.));
#4475 = DIRECTION('',(0.,0.,1.));
#4476 = DIRECTION('',(1.,0.,-0.));
#4477 = ADVANCED_FACE('',(#4478),#4503,.F.);
#4478 = FACE_BOUND('',#4479,.F.);
#4479 = EDGE_LOOP('',(#4480,#4488,#4496,#4502));
#4480 = ORIENTED_EDGE('',*,*,#4481,.T.);
#4481 = EDGE_CURVE('',#1259,#4482,#4484,.T.);
#4482 = VERTEX_POINT('',#4483);
#4483 = CARTESIAN_POINT('',(-10.8,44.35,-1.1));
#4484 = LINE('',#4485,#4486);
#4485 = CARTESIAN_POINT('',(-10.8,44.35,0.));
#4486 = VECTOR('',#4487,1.);
#4487 = DIRECTION('',(-0.,-0.,-1.));
#4488 = ORIENTED_EDGE('',*,*,#4489,.T.);
#4489 = EDGE_CURVE('',#4482,#4490,#4492,.T.);
#4490 = VERTEX_POINT('',#4491);
#4491 = CARTESIAN_POINT('',(-10.8,39.35,-1.1));
#4492 = LINE('',#4493,#4494);
#4493 = CARTESIAN_POINT('',(-10.8,44.35,-1.1));
#4494 = VECTOR('',#4495,1.);
#4495 = DIRECTION('',(0.,-1.,0.));
#4496 = ORIENTED_EDGE('',*,*,#4497,.F.);
#4497 = EDGE_CURVE('',#1261,#4490,#4498,.T.);
#4498 = LINE('',#4499,#4500);
#4499 = CARTESIAN_POINT('',(-10.8,39.35,0.));
#4500 = VECTOR('',#4501,1.);
#4501 = DIRECTION('',(-0.,-0.,-1.));
#4502 = ORIENTED_EDGE('',*,*,#1258,.F.);
#4503 = PLANE('',#4504);
#4504 = AXIS2_PLACEMENT_3D('',#4505,#4506,#4507);
#4505 = CARTESIAN_POINT('',(-10.8,44.35,0.));
#4506 = DIRECTION('',(-1.,0.,0.));
#4507 = DIRECTION('',(0.,-1.,0.));
#4508 = ADVANCED_FACE('',(#4509),#4528,.F.);
#4509 = FACE_BOUND('',#4510,.F.);
#4510 = EDGE_LOOP('',(#4511,#4512,#4521,#4527));
#4511 = ORIENTED_EDGE('',*,*,#4497,.T.);
#4512 = ORIENTED_EDGE('',*,*,#4513,.T.);
#4513 = EDGE_CURVE('',#4490,#4514,#4516,.T.);
#4514 = VERTEX_POINT('',#4515);
#4515 = CARTESIAN_POINT('',(-10.3,38.85,-1.1));
#4516 = CIRCLE('',#4517,0.5);
#4517 = AXIS2_PLACEMENT_3D('',#4518,#4519,#4520);
#4518 = CARTESIAN_POINT('',(-10.3,39.35,-1.1));
#4519 = DIRECTION('',(0.,0.,1.));
#4520 = DIRECTION('',(1.,0.,0.));
#4521 = ORIENTED_EDGE('',*,*,#4522,.F.);
#4522 = EDGE_CURVE('',#1312,#4514,#4523,.T.);
#4523 = LINE('',#4524,#4525);
#4524 = CARTESIAN_POINT('',(-10.3,38.85,0.));
#4525 = VECTOR('',#4526,1.);
#4526 = DIRECTION('',(-0.,-0.,-1.));
#4527 = ORIENTED_EDGE('',*,*,#1319,.F.);
#4528 = CYLINDRICAL_SURFACE('',#4529,0.5);
#4529 = AXIS2_PLACEMENT_3D('',#4530,#4531,#4532);
#4530 = CARTESIAN_POINT('',(-10.3,39.35,0.));
#4531 = DIRECTION('',(0.,0.,1.));
#4532 = DIRECTION('',(1.,0.,-0.));
#4533 = ADVANCED_FACE('',(#4534),#4552,.F.);
#4534 = FACE_BOUND('',#4535,.F.);
#4535 = EDGE_LOOP('',(#4536,#4537,#4545,#4551));
#4536 = ORIENTED_EDGE('',*,*,#4522,.T.);
#4537 = ORIENTED_EDGE('',*,*,#4538,.T.);
#4538 = EDGE_CURVE('',#4514,#4539,#4541,.T.);
#4539 = VERTEX_POINT('',#4540);
#4540 = CARTESIAN_POINT('',(-9.9,38.85,-1.1));
#4541 = LINE('',#4542,#4543);
#4542 = CARTESIAN_POINT('',(-10.3,38.85,-1.1));
#4543 = VECTOR('',#4544,1.);
#4544 = DIRECTION('',(1.,0.,0.));
#4545 = ORIENTED_EDGE('',*,*,#4546,.F.);
#4546 = EDGE_CURVE('',#1303,#4539,#4547,.T.);
#4547 = LINE('',#4548,#4549);
#4548 = CARTESIAN_POINT('',(-9.9,38.85,0.));
#4549 = VECTOR('',#4550,1.);
#4550 = DIRECTION('',(-0.,-0.,-1.));
#4551 = ORIENTED_EDGE('',*,*,#1311,.F.);
#4552 = PLANE('',#4553);
#4553 = AXIS2_PLACEMENT_3D('',#4554,#4555,#4556);
#4554 = CARTESIAN_POINT('',(-10.3,38.85,0.));
#4555 = DIRECTION('',(0.,-1.,0.));
#4556 = DIRECTION('',(1.,0.,0.));
#4557 = ADVANCED_FACE('',(#4558),#4577,.F.);
#4558 = FACE_BOUND('',#4559,.F.);
#4559 = EDGE_LOOP('',(#4560,#4561,#4570,#4576));
#4560 = ORIENTED_EDGE('',*,*,#4546,.T.);
#4561 = ORIENTED_EDGE('',*,*,#4562,.T.);
#4562 = EDGE_CURVE('',#4539,#4563,#4565,.T.);
#4563 = VERTEX_POINT('',#4564);
#4564 = CARTESIAN_POINT('',(-9.4,39.35,-1.1));
#4565 = CIRCLE('',#4566,0.5);
#4566 = AXIS2_PLACEMENT_3D('',#4567,#4568,#4569);
#4567 = CARTESIAN_POINT('',(-9.9,39.35,-1.1));
#4568 = DIRECTION('',(0.,0.,1.));
#4569 = DIRECTION('',(1.,0.,0.));
#4570 = ORIENTED_EDGE('',*,*,#4571,.F.);
#4571 = EDGE_CURVE('',#1295,#4563,#4572,.T.);
#4572 = LINE('',#4573,#4574);
#4573 = CARTESIAN_POINT('',(-9.4,39.35,0.));
#4574 = VECTOR('',#4575,1.);
#4575 = DIRECTION('',(-0.,-0.,-1.));
#4576 = ORIENTED_EDGE('',*,*,#1302,.F.);
#4577 = CYLINDRICAL_SURFACE('',#4578,0.5);
#4578 = AXIS2_PLACEMENT_3D('',#4579,#4580,#4581);
#4579 = CARTESIAN_POINT('',(-9.9,39.35,0.));
#4580 = DIRECTION('',(0.,0.,1.));
#4581 = DIRECTION('',(1.,0.,-0.));
#4582 = ADVANCED_FACE('',(#4583),#4601,.F.);
#4583 = FACE_BOUND('',#4584,.F.);
#4584 = EDGE_LOOP('',(#4585,#4586,#4594,#4600));
#4585 = ORIENTED_EDGE('',*,*,#4571,.T.);
#4586 = ORIENTED_EDGE('',*,*,#4587,.T.);
#4587 = EDGE_CURVE('',#4563,#4588,#4590,.T.);
#4588 = VERTEX_POINT('',#4589);
#4589 = CARTESIAN_POINT('',(-9.4,44.35,-1.1));
#4590 = LINE('',#4591,#4592);
#4591 = CARTESIAN_POINT('',(-9.4,39.35,-1.1));
#4592 = VECTOR('',#4593,1.);
#4593 = DIRECTION('',(0.,1.,0.));
#4594 = ORIENTED_EDGE('',*,*,#4595,.F.);
#4595 = EDGE_CURVE('',#1286,#4588,#4596,.T.);
#4596 = LINE('',#4597,#4598);
#4597 = CARTESIAN_POINT('',(-9.4,44.35,0.));
#4598 = VECTOR('',#4599,1.);
#4599 = DIRECTION('',(-0.,-0.,-1.));
#4600 = ORIENTED_EDGE('',*,*,#1294,.F.);
#4601 = PLANE('',#4602);
#4602 = AXIS2_PLACEMENT_3D('',#4603,#4604,#4605);
#4603 = CARTESIAN_POINT('',(-9.4,39.35,0.));
#4604 = DIRECTION('',(1.,0.,0.));
#4605 = DIRECTION('',(-0.,1.,0.));
#4606 = ADVANCED_FACE('',(#4607),#4626,.F.);
#4607 = FACE_BOUND('',#4608,.F.);
#4608 = EDGE_LOOP('',(#4609,#4610,#4619,#4625));
#4609 = ORIENTED_EDGE('',*,*,#4595,.T.);
#4610 = ORIENTED_EDGE('',*,*,#4611,.T.);
#4611 = EDGE_CURVE('',#4588,#4612,#4614,.T.);
#4612 = VERTEX_POINT('',#4613);
#4613 = CARTESIAN_POINT('',(-9.9,44.85,-1.1));
#4614 = CIRCLE('',#4615,0.5);
#4615 = AXIS2_PLACEMENT_3D('',#4616,#4617,#4618);
#4616 = CARTESIAN_POINT('',(-9.9,44.35,-1.1));
#4617 = DIRECTION('',(0.,0.,1.));
#4618 = DIRECTION('',(1.,0.,0.));
#4619 = ORIENTED_EDGE('',*,*,#4620,.F.);
#4620 = EDGE_CURVE('',#1278,#4612,#4621,.T.);
#4621 = LINE('',#4622,#4623);
#4622 = CARTESIAN_POINT('',(-9.9,44.85,0.));
#4623 = VECTOR('',#4624,1.);
#4624 = DIRECTION('',(-0.,-0.,-1.));
#4625 = ORIENTED_EDGE('',*,*,#1285,.F.);
#4626 = CYLINDRICAL_SURFACE('',#4627,0.5);
#4627 = AXIS2_PLACEMENT_3D('',#4628,#4629,#4630);
#4628 = CARTESIAN_POINT('',(-9.9,44.35,0.));
#4629 = DIRECTION('',(0.,0.,1.));
#4630 = DIRECTION('',(1.,0.,-0.));
#4631 = ADVANCED_FACE('',(#4632),#4650,.F.);
#4632 = FACE_BOUND('',#4633,.F.);
#4633 = EDGE_LOOP('',(#4634,#4635,#4643,#4649));
#4634 = ORIENTED_EDGE('',*,*,#4620,.T.);
#4635 = ORIENTED_EDGE('',*,*,#4636,.T.);
#4636 = EDGE_CURVE('',#4612,#4637,#4639,.T.);
#4637 = VERTEX_POINT('',#4638);
#4638 = CARTESIAN_POINT('',(-10.3,44.85,-1.1));
#4639 = LINE('',#4640,#4641);
#4640 = CARTESIAN_POINT('',(-9.9,44.85,-1.1));
#4641 = VECTOR('',#4642,1.);
#4642 = DIRECTION('',(-1.,0.,0.));
#4643 = ORIENTED_EDGE('',*,*,#4644,.F.);
#4644 = EDGE_CURVE('',#1269,#4637,#4645,.T.);
#4645 = LINE('',#4646,#4647);
#4646 = CARTESIAN_POINT('',(-10.3,44.85,0.));
#4647 = VECTOR('',#4648,1.);
#4648 = DIRECTION('',(-0.,-0.,-1.));
#4649 = ORIENTED_EDGE('',*,*,#1277,.F.);
#4650 = PLANE('',#4651);
#4651 = AXIS2_PLACEMENT_3D('',#4652,#4653,#4654);
#4652 = CARTESIAN_POINT('',(-9.9,44.85,0.));
#4653 = DIRECTION('',(0.,1.,0.));
#4654 = DIRECTION('',(-1.,0.,0.));
#4655 = ADVANCED_FACE('',(#4656),#4668,.F.);
#4656 = FACE_BOUND('',#4657,.F.);
#4657 = EDGE_LOOP('',(#4658,#4659,#4666,#4667));
#4658 = ORIENTED_EDGE('',*,*,#4644,.T.);
#4659 = ORIENTED_EDGE('',*,*,#4660,.T.);
#4660 = EDGE_CURVE('',#4637,#4482,#4661,.T.);
#4661 = CIRCLE('',#4662,0.5);
#4662 = AXIS2_PLACEMENT_3D('',#4663,#4664,#4665);
#4663 = CARTESIAN_POINT('',(-10.3,44.35,-1.1));
#4664 = DIRECTION('',(0.,0.,1.));
#4665 = DIRECTION('',(1.,0.,0.));
#4666 = ORIENTED_EDGE('',*,*,#4481,.F.);
#4667 = ORIENTED_EDGE('',*,*,#1268,.F.);
#4668 = CYLINDRICAL_SURFACE('',#4669,0.5);
#4669 = AXIS2_PLACEMENT_3D('',#4670,#4671,#4672);
#4670 = CARTESIAN_POINT('',(-10.3,44.35,0.));
#4671 = DIRECTION('',(0.,0.,1.));
#4672 = DIRECTION('',(1.,0.,-0.));
#4673 = ADVANCED_FACE('',(#4674),#4699,.F.);
#4674 = FACE_BOUND('',#4675,.F.);
#4675 = EDGE_LOOP('',(#4676,#4684,#4692,#4698));
#4676 = ORIENTED_EDGE('',*,*,#4677,.T.);
#4677 = EDGE_CURVE('',#1329,#4678,#4680,.T.);
#4678 = VERTEX_POINT('',#4679);
#4679 = CARTESIAN_POINT('',(-4.,44.35,-1.1));
#4680 = LINE('',#4681,#4682);
#4681 = CARTESIAN_POINT('',(-4.,44.35,0.));
#4682 = VECTOR('',#4683,1.);
#4683 = DIRECTION('',(-0.,-0.,-1.));
#4684 = ORIENTED_EDGE('',*,*,#4685,.T.);
#4685 = EDGE_CURVE('',#4678,#4686,#4688,.T.);
#4686 = VERTEX_POINT('',#4687);
#4687 = CARTESIAN_POINT('',(-4.,39.35,-1.1));
#4688 = LINE('',#4689,#4690);
#4689 = CARTESIAN_POINT('',(-4.,44.35,-1.1));
#4690 = VECTOR('',#4691,1.);
#4691 = DIRECTION('',(0.,-1.,0.));
#4692 = ORIENTED_EDGE('',*,*,#4693,.F.);
#4693 = EDGE_CURVE('',#1331,#4686,#4694,.T.);
#4694 = LINE('',#4695,#4696);
#4695 = CARTESIAN_POINT('',(-4.,39.35,0.));
#4696 = VECTOR('',#4697,1.);
#4697 = DIRECTION('',(-0.,-0.,-1.));
#4698 = ORIENTED_EDGE('',*,*,#1328,.F.);
#4699 = PLANE('',#4700);
#4700 = AXIS2_PLACEMENT_3D('',#4701,#4702,#4703);
#4701 = CARTESIAN_POINT('',(-4.,44.35,0.));
#4702 = DIRECTION('',(-1.,0.,0.));
#4703 = DIRECTION('',(0.,-1.,0.));
#4704 = ADVANCED_FACE('',(#4705),#4724,.F.);
#4705 = FACE_BOUND('',#4706,.F.);
#4706 = EDGE_LOOP('',(#4707,#4708,#4717,#4723));
#4707 = ORIENTED_EDGE('',*,*,#4693,.T.);
#4708 = ORIENTED_EDGE('',*,*,#4709,.T.);
#4709 = EDGE_CURVE('',#4686,#4710,#4712,.T.);
#4710 = VERTEX_POINT('',#4711);
#4711 = CARTESIAN_POINT('',(-3.5,38.85,-1.1));
#4712 = CIRCLE('',#4713,0.5);
#4713 = AXIS2_PLACEMENT_3D('',#4714,#4715,#4716);
#4714 = CARTESIAN_POINT('',(-3.5,39.35,-1.1));
#4715 = DIRECTION('',(0.,0.,1.));
#4716 = DIRECTION('',(1.,0.,0.));
#4717 = ORIENTED_EDGE('',*,*,#4718,.F.);
#4718 = EDGE_CURVE('',#1382,#4710,#4719,.T.);
#4719 = LINE('',#4720,#4721);
#4720 = CARTESIAN_POINT('',(-3.5,38.85,0.));
#4721 = VECTOR('',#4722,1.);
#4722 = DIRECTION('',(-0.,-0.,-1.));
#4723 = ORIENTED_EDGE('',*,*,#1389,.F.);
#4724 = CYLINDRICAL_SURFACE('',#4725,0.5);
#4725 = AXIS2_PLACEMENT_3D('',#4726,#4727,#4728);
#4726 = CARTESIAN_POINT('',(-3.5,39.35,0.));
#4727 = DIRECTION('',(0.,0.,1.));
#4728 = DIRECTION('',(1.,0.,-0.));
#4729 = ADVANCED_FACE('',(#4730),#4748,.F.);
#4730 = FACE_BOUND('',#4731,.F.);
#4731 = EDGE_LOOP('',(#4732,#4733,#4741,#4747));
#4732 = ORIENTED_EDGE('',*,*,#4718,.T.);
#4733 = ORIENTED_EDGE('',*,*,#4734,.T.);
#4734 = EDGE_CURVE('',#4710,#4735,#4737,.T.);
#4735 = VERTEX_POINT('',#4736);
#4736 = CARTESIAN_POINT('',(-3.1,38.85,-1.1));
#4737 = LINE('',#4738,#4739);
#4738 = CARTESIAN_POINT('',(-3.5,38.85,-1.1));
#4739 = VECTOR('',#4740,1.);
#4740 = DIRECTION('',(1.,0.,0.));
#4741 = ORIENTED_EDGE('',*,*,#4742,.F.);
#4742 = EDGE_CURVE('',#1373,#4735,#4743,.T.);
#4743 = LINE('',#4744,#4745);
#4744 = CARTESIAN_POINT('',(-3.1,38.85,0.));
#4745 = VECTOR('',#4746,1.);
#4746 = DIRECTION('',(-0.,-0.,-1.));
#4747 = ORIENTED_EDGE('',*,*,#1381,.F.);
#4748 = PLANE('',#4749);
#4749 = AXIS2_PLACEMENT_3D('',#4750,#4751,#4752);
#4750 = CARTESIAN_POINT('',(-3.5,38.85,0.));
#4751 = DIRECTION('',(0.,-1.,0.));
#4752 = DIRECTION('',(1.,0.,0.));
#4753 = ADVANCED_FACE('',(#4754),#4773,.F.);
#4754 = FACE_BOUND('',#4755,.F.);
#4755 = EDGE_LOOP('',(#4756,#4757,#4766,#4772));
#4756 = ORIENTED_EDGE('',*,*,#4742,.T.);
#4757 = ORIENTED_EDGE('',*,*,#4758,.T.);
#4758 = EDGE_CURVE('',#4735,#4759,#4761,.T.);
#4759 = VERTEX_POINT('',#4760);
#4760 = CARTESIAN_POINT('',(-2.6,39.35,-1.1));
#4761 = CIRCLE('',#4762,0.5);
#4762 = AXIS2_PLACEMENT_3D('',#4763,#4764,#4765);
#4763 = CARTESIAN_POINT('',(-3.1,39.35,-1.1));
#4764 = DIRECTION('',(0.,0.,1.));
#4765 = DIRECTION('',(1.,0.,0.));
#4766 = ORIENTED_EDGE('',*,*,#4767,.F.);
#4767 = EDGE_CURVE('',#1365,#4759,#4768,.T.);
#4768 = LINE('',#4769,#4770);
#4769 = CARTESIAN_POINT('',(-2.6,39.35,0.));
#4770 = VECTOR('',#4771,1.);
#4771 = DIRECTION('',(-0.,-0.,-1.));
#4772 = ORIENTED_EDGE('',*,*,#1372,.F.);
#4773 = CYLINDRICAL_SURFACE('',#4774,0.5);
#4774 = AXIS2_PLACEMENT_3D('',#4775,#4776,#4777);
#4775 = CARTESIAN_POINT('',(-3.1,39.35,0.));
#4776 = DIRECTION('',(0.,0.,1.));
#4777 = DIRECTION('',(1.,0.,-0.));
#4778 = ADVANCED_FACE('',(#4779),#4797,.F.);
#4779 = FACE_BOUND('',#4780,.F.);
#4780 = EDGE_LOOP('',(#4781,#4782,#4790,#4796));
#4781 = ORIENTED_EDGE('',*,*,#4767,.T.);
#4782 = ORIENTED_EDGE('',*,*,#4783,.T.);
#4783 = EDGE_CURVE('',#4759,#4784,#4786,.T.);
#4784 = VERTEX_POINT('',#4785);
#4785 = CARTESIAN_POINT('',(-2.6,44.35,-1.1));
#4786 = LINE('',#4787,#4788);
#4787 = CARTESIAN_POINT('',(-2.6,39.35,-1.1));
#4788 = VECTOR('',#4789,1.);
#4789 = DIRECTION('',(0.,1.,0.));
#4790 = ORIENTED_EDGE('',*,*,#4791,.F.);
#4791 = EDGE_CURVE('',#1356,#4784,#4792,.T.);
#4792 = LINE('',#4793,#4794);
#4793 = CARTESIAN_POINT('',(-2.6,44.35,0.));
#4794 = VECTOR('',#4795,1.);
#4795 = DIRECTION('',(-0.,-0.,-1.));
#4796 = ORIENTED_EDGE('',*,*,#1364,.F.);
#4797 = PLANE('',#4798);
#4798 = AXIS2_PLACEMENT_3D('',#4799,#4800,#4801);
#4799 = CARTESIAN_POINT('',(-2.6,39.35,0.));
#4800 = DIRECTION('',(1.,0.,0.));
#4801 = DIRECTION('',(-0.,1.,0.));
#4802 = ADVANCED_FACE('',(#4803),#4822,.F.);
#4803 = FACE_BOUND('',#4804,.F.);
#4804 = EDGE_LOOP('',(#4805,#4806,#4815,#4821));
#4805 = ORIENTED_EDGE('',*,*,#4791,.T.);
#4806 = ORIENTED_EDGE('',*,*,#4807,.T.);
#4807 = EDGE_CURVE('',#4784,#4808,#4810,.T.);
#4808 = VERTEX_POINT('',#4809);
#4809 = CARTESIAN_POINT('',(-3.1,44.85,-1.1));
#4810 = CIRCLE('',#4811,0.5);
#4811 = AXIS2_PLACEMENT_3D('',#4812,#4813,#4814);
#4812 = CARTESIAN_POINT('',(-3.1,44.35,-1.1));
#4813 = DIRECTION('',(0.,0.,1.));
#4814 = DIRECTION('',(1.,0.,0.));
#4815 = ORIENTED_EDGE('',*,*,#4816,.F.);
#4816 = EDGE_CURVE('',#1348,#4808,#4817,.T.);
#4817 = LINE('',#4818,#4819);
#4818 = CARTESIAN_POINT('',(-3.1,44.85,0.));
#4819 = VECTOR('',#4820,1.);
#4820 = DIRECTION('',(-0.,-0.,-1.));
#4821 = ORIENTED_EDGE('',*,*,#1355,.F.);
#4822 = CYLINDRICAL_SURFACE('',#4823,0.5);
#4823 = AXIS2_PLACEMENT_3D('',#4824,#4825,#4826);
#4824 = CARTESIAN_POINT('',(-3.1,44.35,0.));
#4825 = DIRECTION('',(0.,0.,1.));
#4826 = DIRECTION('',(1.,0.,-0.));
#4827 = ADVANCED_FACE('',(#4828),#4846,.F.);
#4828 = FACE_BOUND('',#4829,.F.);
#4829 = EDGE_LOOP('',(#4830,#4831,#4839,#4845));
#4830 = ORIENTED_EDGE('',*,*,#4816,.T.);
#4831 = ORIENTED_EDGE('',*,*,#4832,.T.);
#4832 = EDGE_CURVE('',#4808,#4833,#4835,.T.);
#4833 = VERTEX_POINT('',#4834);
#4834 = CARTESIAN_POINT('',(-3.5,44.85,-1.1));
#4835 = LINE('',#4836,#4837);
#4836 = CARTESIAN_POINT('',(-3.1,44.85,-1.1));
#4837 = VECTOR('',#4838,1.);
#4838 = DIRECTION('',(-1.,0.,0.));
#4839 = ORIENTED_EDGE('',*,*,#4840,.F.);
#4840 = EDGE_CURVE('',#1339,#4833,#4841,.T.);
#4841 = LINE('',#4842,#4843);
#4842 = CARTESIAN_POINT('',(-3.5,44.85,0.));
#4843 = VECTOR('',#4844,1.);
#4844 = DIRECTION('',(-0.,-0.,-1.));
#4845 = ORIENTED_EDGE('',*,*,#1347,.F.);
#4846 = PLANE('',#4847);
#4847 = AXIS2_PLACEMENT_3D('',#4848,#4849,#4850);
#4848 = CARTESIAN_POINT('',(-3.1,44.85,0.));
#4849 = DIRECTION('',(0.,1.,0.));
#4850 = DIRECTION('',(-1.,0.,0.));
#4851 = ADVANCED_FACE('',(#4852),#4864,.F.);
#4852 = FACE_BOUND('',#4853,.F.);
#4853 = EDGE_LOOP('',(#4854,#4855,#4862,#4863));
#4854 = ORIENTED_EDGE('',*,*,#4840,.T.);
#4855 = ORIENTED_EDGE('',*,*,#4856,.T.);
#4856 = EDGE_CURVE('',#4833,#4678,#4857,.T.);
#4857 = CIRCLE('',#4858,0.5);
#4858 = AXIS2_PLACEMENT_3D('',#4859,#4860,#4861);
#4859 = CARTESIAN_POINT('',(-3.5,44.35,-1.1));
#4860 = DIRECTION('',(0.,0.,1.));
#4861 = DIRECTION('',(1.,0.,0.));
#4862 = ORIENTED_EDGE('',*,*,#4677,.F.);
#4863 = ORIENTED_EDGE('',*,*,#1338,.F.);
#4864 = CYLINDRICAL_SURFACE('',#4865,0.5);
#4865 = AXIS2_PLACEMENT_3D('',#4866,#4867,#4868);
#4866 = CARTESIAN_POINT('',(-3.5,44.35,0.));
#4867 = DIRECTION('',(0.,0.,1.));
#4868 = DIRECTION('',(1.,0.,-0.));
#4869 = ADVANCED_FACE('',(#4870),#4895,.F.);
#4870 = FACE_BOUND('',#4871,.F.);
#4871 = EDGE_LOOP('',(#4872,#4880,#4888,#4894));
#4872 = ORIENTED_EDGE('',*,*,#4873,.T.);
#4873 = EDGE_CURVE('',#1399,#4874,#4876,.T.);
#4874 = VERTEX_POINT('',#4875);
#4875 = CARTESIAN_POINT('',(-0.6,42.45,-1.1));
#4876 = LINE('',#4877,#4878);
#4877 = CARTESIAN_POINT('',(-0.6,42.45,0.));
#4878 = VECTOR('',#4879,1.);
#4879 = DIRECTION('',(-0.,-0.,-1.));
#4880 = ORIENTED_EDGE('',*,*,#4881,.T.);
#4881 = EDGE_CURVE('',#4874,#4882,#4884,.T.);
#4882 = VERTEX_POINT('',#4883);
#4883 = CARTESIAN_POINT('',(-0.6,39.25,-1.1));
#4884 = LINE('',#4885,#4886);
#4885 = CARTESIAN_POINT('',(-0.6,42.45,-1.1));
#4886 = VECTOR('',#4887,1.);
#4887 = DIRECTION('',(0.,-1.,0.));
#4888 = ORIENTED_EDGE('',*,*,#4889,.F.);
#4889 = EDGE_CURVE('',#1401,#4882,#4890,.T.);
#4890 = LINE('',#4891,#4892);
#4891 = CARTESIAN_POINT('',(-0.6,39.25,0.));
#4892 = VECTOR('',#4893,1.);
#4893 = DIRECTION('',(-0.,-0.,-1.));
#4894 = ORIENTED_EDGE('',*,*,#1398,.F.);
#4895 = PLANE('',#4896);
#4896 = AXIS2_PLACEMENT_3D('',#4897,#4898,#4899);
#4897 = CARTESIAN_POINT('',(-0.6,42.45,0.));
#4898 = DIRECTION('',(-1.,0.,0.));
#4899 = DIRECTION('',(0.,-1.,0.));
#4900 = ADVANCED_FACE('',(#4901),#4920,.F.);
#4901 = FACE_BOUND('',#4902,.F.);
#4902 = EDGE_LOOP('',(#4903,#4904,#4913,#4919));
#4903 = ORIENTED_EDGE('',*,*,#4889,.T.);
#4904 = ORIENTED_EDGE('',*,*,#4905,.T.);
#4905 = EDGE_CURVE('',#4882,#4906,#4908,.T.);
#4906 = VERTEX_POINT('',#4907);
#4907 = CARTESIAN_POINT('',(-0.2,38.85,-1.1));
#4908 = CIRCLE('',#4909,0.4);
#4909 = AXIS2_PLACEMENT_3D('',#4910,#4911,#4912);
#4910 = CARTESIAN_POINT('',(-0.2,39.25,-1.1));
#4911 = DIRECTION('',(0.,0.,1.));
#4912 = DIRECTION('',(1.,0.,0.));
#4913 = ORIENTED_EDGE('',*,*,#4914,.F.);
#4914 = EDGE_CURVE('',#1452,#4906,#4915,.T.);
#4915 = LINE('',#4916,#4917);
#4916 = CARTESIAN_POINT('',(-0.2,38.85,0.));
#4917 = VECTOR('',#4918,1.);
#4918 = DIRECTION('',(-0.,-0.,-1.));
#4919 = ORIENTED_EDGE('',*,*,#1459,.F.);
#4920 = CYLINDRICAL_SURFACE('',#4921,0.4);
#4921 = AXIS2_PLACEMENT_3D('',#4922,#4923,#4924);
#4922 = CARTESIAN_POINT('',(-0.2,39.25,0.));
#4923 = DIRECTION('',(0.,0.,1.));
#4924 = DIRECTION('',(1.,0.,-0.));
#4925 = ADVANCED_FACE('',(#4926),#4944,.F.);
#4926 = FACE_BOUND('',#4927,.F.);
#4927 = EDGE_LOOP('',(#4928,#4929,#4937,#4943));
#4928 = ORIENTED_EDGE('',*,*,#4914,.T.);
#4929 = ORIENTED_EDGE('',*,*,#4930,.T.);
#4930 = EDGE_CURVE('',#4906,#4931,#4933,.T.);
#4931 = VERTEX_POINT('',#4932);
#4932 = CARTESIAN_POINT('',(0.2,38.85,-1.1));
#4933 = LINE('',#4934,#4935);
#4934 = CARTESIAN_POINT('',(-0.2,38.85,-1.1));
#4935 = VECTOR('',#4936,1.);
#4936 = DIRECTION('',(1.,0.,0.));
#4937 = ORIENTED_EDGE('',*,*,#4938,.F.);
#4938 = EDGE_CURVE('',#1443,#4931,#4939,.T.);
#4939 = LINE('',#4940,#4941);
#4940 = CARTESIAN_POINT('',(0.2,38.85,0.));
#4941 = VECTOR('',#4942,1.);
#4942 = DIRECTION('',(-0.,-0.,-1.));
#4943 = ORIENTED_EDGE('',*,*,#1451,.F.);
#4944 = PLANE('',#4945);
#4945 = AXIS2_PLACEMENT_3D('',#4946,#4947,#4948);
#4946 = CARTESIAN_POINT('',(-0.2,38.85,0.));
#4947 = DIRECTION('',(0.,-1.,0.));
#4948 = DIRECTION('',(1.,0.,0.));
#4949 = ADVANCED_FACE('',(#4950),#4969,.F.);
#4950 = FACE_BOUND('',#4951,.F.);
#4951 = EDGE_LOOP('',(#4952,#4953,#4962,#4968));
#4952 = ORIENTED_EDGE('',*,*,#4938,.T.);
#4953 = ORIENTED_EDGE('',*,*,#4954,.T.);
#4954 = EDGE_CURVE('',#4931,#4955,#4957,.T.);
#4955 = VERTEX_POINT('',#4956);
#4956 = CARTESIAN_POINT('',(0.6,39.25,-1.1));
#4957 = CIRCLE('',#4958,0.4);
#4958 = AXIS2_PLACEMENT_3D('',#4959,#4960,#4961);
#4959 = CARTESIAN_POINT('',(0.2,39.25,-1.1));
#4960 = DIRECTION('',(0.,0.,1.));
#4961 = DIRECTION('',(1.,0.,0.));
#4962 = ORIENTED_EDGE('',*,*,#4963,.F.);
#4963 = EDGE_CURVE('',#1435,#4955,#4964,.T.);
#4964 = LINE('',#4965,#4966);
#4965 = CARTESIAN_POINT('',(0.6,39.25,0.));
#4966 = VECTOR('',#4967,1.);
#4967 = DIRECTION('',(-0.,-0.,-1.));
#4968 = ORIENTED_EDGE('',*,*,#1442,.F.);
#4969 = CYLINDRICAL_SURFACE('',#4970,0.4);
#4970 = AXIS2_PLACEMENT_3D('',#4971,#4972,#4973);
#4971 = CARTESIAN_POINT('',(0.2,39.25,0.));
#4972 = DIRECTION('',(0.,0.,1.));
#4973 = DIRECTION('',(1.,0.,-0.));
#4974 = ADVANCED_FACE('',(#4975),#4993,.F.);
#4975 = FACE_BOUND('',#4976,.F.);
#4976 = EDGE_LOOP('',(#4977,#4978,#4986,#4992));
#4977 = ORIENTED_EDGE('',*,*,#4963,.T.);
#4978 = ORIENTED_EDGE('',*,*,#4979,.T.);
#4979 = EDGE_CURVE('',#4955,#4980,#4982,.T.);
#4980 = VERTEX_POINT('',#4981);
#4981 = CARTESIAN_POINT('',(0.6,42.45,-1.1));
#4982 = LINE('',#4983,#4984);
#4983 = CARTESIAN_POINT('',(0.6,39.25,-1.1));
#4984 = VECTOR('',#4985,1.);
#4985 = DIRECTION('',(0.,1.,0.));
#4986 = ORIENTED_EDGE('',*,*,#4987,.F.);
#4987 = EDGE_CURVE('',#1426,#4980,#4988,.T.);
#4988 = LINE('',#4989,#4990);
#4989 = CARTESIAN_POINT('',(0.6,42.45,0.));
#4990 = VECTOR('',#4991,1.);
#4991 = DIRECTION('',(-0.,-0.,-1.));
#4992 = ORIENTED_EDGE('',*,*,#1434,.F.);
#4993 = PLANE('',#4994);
#4994 = AXIS2_PLACEMENT_3D('',#4995,#4996,#4997);
#4995 = CARTESIAN_POINT('',(0.6,39.25,0.));
#4996 = DIRECTION('',(1.,0.,0.));
#4997 = DIRECTION('',(-0.,1.,0.));
#4998 = ADVANCED_FACE('',(#4999),#5018,.F.);
#4999 = FACE_BOUND('',#5000,.F.);
#5000 = EDGE_LOOP('',(#5001,#5002,#5011,#5017));
#5001 = ORIENTED_EDGE('',*,*,#4987,.T.);
#5002 = ORIENTED_EDGE('',*,*,#5003,.T.);
#5003 = EDGE_CURVE('',#4980,#5004,#5006,.T.);
#5004 = VERTEX_POINT('',#5005);
#5005 = CARTESIAN_POINT('',(0.2,42.85,-1.1));
#5006 = CIRCLE('',#5007,0.4);
#5007 = AXIS2_PLACEMENT_3D('',#5008,#5009,#5010);
#5008 = CARTESIAN_POINT('',(0.2,42.45,-1.1));
#5009 = DIRECTION('',(0.,0.,1.));
#5010 = DIRECTION('',(1.,0.,0.));
#5011 = ORIENTED_EDGE('',*,*,#5012,.F.);
#5012 = EDGE_CURVE('',#1418,#5004,#5013,.T.);
#5013 = LINE('',#5014,#5015);
#5014 = CARTESIAN_POINT('',(0.2,42.85,0.));
#5015 = VECTOR('',#5016,1.);
#5016 = DIRECTION('',(-0.,-0.,-1.));
#5017 = ORIENTED_EDGE('',*,*,#1425,.F.);
#5018 = CYLINDRICAL_SURFACE('',#5019,0.4);
#5019 = AXIS2_PLACEMENT_3D('',#5020,#5021,#5022);
#5020 = CARTESIAN_POINT('',(0.2,42.45,0.));
#5021 = DIRECTION('',(0.,0.,1.));
#5022 = DIRECTION('',(1.,0.,-0.));
#5023 = ADVANCED_FACE('',(#5024),#5042,.F.);
#5024 = FACE_BOUND('',#5025,.F.);
#5025 = EDGE_LOOP('',(#5026,#5027,#5035,#5041));
#5026 = ORIENTED_EDGE('',*,*,#5012,.T.);
#5027 = ORIENTED_EDGE('',*,*,#5028,.T.);
#5028 = EDGE_CURVE('',#5004,#5029,#5031,.T.);
#5029 = VERTEX_POINT('',#5030);
#5030 = CARTESIAN_POINT('',(-0.2,42.85,-1.1));
#5031 = LINE('',#5032,#5033);
#5032 = CARTESIAN_POINT('',(0.2,42.85,-1.1));
#5033 = VECTOR('',#5034,1.);
#5034 = DIRECTION('',(-1.,0.,0.));
#5035 = ORIENTED_EDGE('',*,*,#5036,.F.);
#5036 = EDGE_CURVE('',#1409,#5029,#5037,.T.);
#5037 = LINE('',#5038,#5039);
#5038 = CARTESIAN_POINT('',(-0.2,42.85,0.));
#5039 = VECTOR('',#5040,1.);
#5040 = DIRECTION('',(-0.,-0.,-1.));
#5041 = ORIENTED_EDGE('',*,*,#1417,.F.);
#5042 = PLANE('',#5043);
#5043 = AXIS2_PLACEMENT_3D('',#5044,#5045,#5046);
#5044 = CARTESIAN_POINT('',(0.2,42.85,0.));
#5045 = DIRECTION('',(0.,1.,0.));
#5046 = DIRECTION('',(-1.,0.,0.));
#5047 = ADVANCED_FACE('',(#5048),#5060,.F.);
#5048 = FACE_BOUND('',#5049,.F.);
#5049 = EDGE_LOOP('',(#5050,#5051,#5058,#5059));
#5050 = ORIENTED_EDGE('',*,*,#5036,.T.);
#5051 = ORIENTED_EDGE('',*,*,#5052,.T.);
#5052 = EDGE_CURVE('',#5029,#4874,#5053,.T.);
#5053 = CIRCLE('',#5054,0.4);
#5054 = AXIS2_PLACEMENT_3D('',#5055,#5056,#5057);
#5055 = CARTESIAN_POINT('',(-0.2,42.45,-1.1));
#5056 = DIRECTION('',(0.,0.,1.));
#5057 = DIRECTION('',(1.,0.,0.));
#5058 = ORIENTED_EDGE('',*,*,#4873,.F.);
#5059 = ORIENTED_EDGE('',*,*,#1408,.F.);
#5060 = CYLINDRICAL_SURFACE('',#5061,0.4);
#5061 = AXIS2_PLACEMENT_3D('',#5062,#5063,#5064);
#5062 = CARTESIAN_POINT('',(-0.2,42.45,0.));
#5063 = DIRECTION('',(0.,0.,1.));
#5064 = DIRECTION('',(1.,0.,-0.));
#5065 = ADVANCED_FACE('',(#5066),#5091,.F.);
#5066 = FACE_BOUND('',#5067,.F.);
#5067 = EDGE_LOOP('',(#5068,#5076,#5084,#5090));
#5068 = ORIENTED_EDGE('',*,*,#5069,.T.);
#5069 = EDGE_CURVE('',#1469,#5070,#5072,.T.);
#5070 = VERTEX_POINT('',#5071);
#5071 = CARTESIAN_POINT('',(2.6,44.35,-1.1));
#5072 = LINE('',#5073,#5074);
#5073 = CARTESIAN_POINT('',(2.6,44.35,0.));
#5074 = VECTOR('',#5075,1.);
#5075 = DIRECTION('',(-0.,-0.,-1.));
#5076 = ORIENTED_EDGE('',*,*,#5077,.T.);
#5077 = EDGE_CURVE('',#5070,#5078,#5080,.T.);
#5078 = VERTEX_POINT('',#5079);
#5079 = CARTESIAN_POINT('',(2.6,39.35,-1.1));
#5080 = LINE('',#5081,#5082);
#5081 = CARTESIAN_POINT('',(2.6,44.35,-1.1));
#5082 = VECTOR('',#5083,1.);
#5083 = DIRECTION('',(0.,-1.,0.));
#5084 = ORIENTED_EDGE('',*,*,#5085,.F.);
#5085 = EDGE_CURVE('',#1471,#5078,#5086,.T.);
#5086 = LINE('',#5087,#5088);
#5087 = CARTESIAN_POINT('',(2.6,39.35,0.));
#5088 = VECTOR('',#5089,1.);
#5089 = DIRECTION('',(-0.,-0.,-1.));
#5090 = ORIENTED_EDGE('',*,*,#1468,.F.);
#5091 = PLANE('',#5092);
#5092 = AXIS2_PLACEMENT_3D('',#5093,#5094,#5095);
#5093 = CARTESIAN_POINT('',(2.6,44.35,0.));
#5094 = DIRECTION('',(-1.,0.,0.));
#5095 = DIRECTION('',(0.,-1.,0.));
#5096 = ADVANCED_FACE('',(#5097),#5116,.F.);
#5097 = FACE_BOUND('',#5098,.F.);
#5098 = EDGE_LOOP('',(#5099,#5100,#5109,#5115));
#5099 = ORIENTED_EDGE('',*,*,#5085,.T.);
#5100 = ORIENTED_EDGE('',*,*,#5101,.T.);
#5101 = EDGE_CURVE('',#5078,#5102,#5104,.T.);
#5102 = VERTEX_POINT('',#5103);
#5103 = CARTESIAN_POINT('',(3.1,38.85,-1.1));
#5104 = CIRCLE('',#5105,0.5);
#5105 = AXIS2_PLACEMENT_3D('',#5106,#5107,#5108);
#5106 = CARTESIAN_POINT('',(3.1,39.35,-1.1));
#5107 = DIRECTION('',(0.,0.,1.));
#5108 = DIRECTION('',(1.,0.,0.));
#5109 = ORIENTED_EDGE('',*,*,#5110,.F.);
#5110 = EDGE_CURVE('',#1522,#5102,#5111,.T.);
#5111 = LINE('',#5112,#5113);
#5112 = CARTESIAN_POINT('',(3.1,38.85,0.));
#5113 = VECTOR('',#5114,1.);
#5114 = DIRECTION('',(-0.,-0.,-1.));
#5115 = ORIENTED_EDGE('',*,*,#1529,.F.);
#5116 = CYLINDRICAL_SURFACE('',#5117,0.5);
#5117 = AXIS2_PLACEMENT_3D('',#5118,#5119,#5120);
#5118 = CARTESIAN_POINT('',(3.1,39.35,0.));
#5119 = DIRECTION('',(0.,0.,1.));
#5120 = DIRECTION('',(1.,0.,-0.));
#5121 = ADVANCED_FACE('',(#5122),#5140,.F.);
#5122 = FACE_BOUND('',#5123,.F.);
#5123 = EDGE_LOOP('',(#5124,#5125,#5133,#5139));
#5124 = ORIENTED_EDGE('',*,*,#5110,.T.);
#5125 = ORIENTED_EDGE('',*,*,#5126,.T.);
#5126 = EDGE_CURVE('',#5102,#5127,#5129,.T.);
#5127 = VERTEX_POINT('',#5128);
#5128 = CARTESIAN_POINT('',(3.5,38.85,-1.1));
#5129 = LINE('',#5130,#5131);
#5130 = CARTESIAN_POINT('',(3.1,38.85,-1.1));
#5131 = VECTOR('',#5132,1.);
#5132 = DIRECTION('',(1.,0.,0.));
#5133 = ORIENTED_EDGE('',*,*,#5134,.F.);
#5134 = EDGE_CURVE('',#1513,#5127,#5135,.T.);
#5135 = LINE('',#5136,#5137);
#5136 = CARTESIAN_POINT('',(3.5,38.85,0.));
#5137 = VECTOR('',#5138,1.);
#5138 = DIRECTION('',(-0.,-0.,-1.));
#5139 = ORIENTED_EDGE('',*,*,#1521,.F.);
#5140 = PLANE('',#5141);
#5141 = AXIS2_PLACEMENT_3D('',#5142,#5143,#5144);
#5142 = CARTESIAN_POINT('',(3.1,38.85,0.));
#5143 = DIRECTION('',(0.,-1.,0.));
#5144 = DIRECTION('',(1.,0.,0.));
#5145 = ADVANCED_FACE('',(#5146),#5165,.F.);
#5146 = FACE_BOUND('',#5147,.F.);
#5147 = EDGE_LOOP('',(#5148,#5149,#5158,#5164));
#5148 = ORIENTED_EDGE('',*,*,#5134,.T.);
#5149 = ORIENTED_EDGE('',*,*,#5150,.T.);
#5150 = EDGE_CURVE('',#5127,#5151,#5153,.T.);
#5151 = VERTEX_POINT('',#5152);
#5152 = CARTESIAN_POINT('',(4.,39.35,-1.1));
#5153 = CIRCLE('',#5154,0.5);
#5154 = AXIS2_PLACEMENT_3D('',#5155,#5156,#5157);
#5155 = CARTESIAN_POINT('',(3.5,39.35,-1.1));
#5156 = DIRECTION('',(0.,0.,1.));
#5157 = DIRECTION('',(1.,0.,0.));
#5158 = ORIENTED_EDGE('',*,*,#5159,.F.);
#5159 = EDGE_CURVE('',#1505,#5151,#5160,.T.);
#5160 = LINE('',#5161,#5162);
#5161 = CARTESIAN_POINT('',(4.,39.35,0.));
#5162 = VECTOR('',#5163,1.);
#5163 = DIRECTION('',(-0.,-0.,-1.));
#5164 = ORIENTED_EDGE('',*,*,#1512,.F.);
#5165 = CYLINDRICAL_SURFACE('',#5166,0.5);
#5166 = AXIS2_PLACEMENT_3D('',#5167,#5168,#5169);
#5167 = CARTESIAN_POINT('',(3.5,39.35,0.));
#5168 = DIRECTION('',(0.,0.,1.));
#5169 = DIRECTION('',(1.,0.,-0.));
#5170 = ADVANCED_FACE('',(#5171),#5189,.F.);
#5171 = FACE_BOUND('',#5172,.F.);
#5172 = EDGE_LOOP('',(#5173,#5174,#5182,#5188));
#5173 = ORIENTED_EDGE('',*,*,#5159,.T.);
#5174 = ORIENTED_EDGE('',*,*,#5175,.T.);
#5175 = EDGE_CURVE('',#5151,#5176,#5178,.T.);
#5176 = VERTEX_POINT('',#5177);
#5177 = CARTESIAN_POINT('',(4.,44.35,-1.1));
#5178 = LINE('',#5179,#5180);
#5179 = CARTESIAN_POINT('',(4.,39.35,-1.1));
#5180 = VECTOR('',#5181,1.);
#5181 = DIRECTION('',(0.,1.,0.));
#5182 = ORIENTED_EDGE('',*,*,#5183,.F.);
#5183 = EDGE_CURVE('',#1496,#5176,#5184,.T.);
#5184 = LINE('',#5185,#5186);
#5185 = CARTESIAN_POINT('',(4.,44.35,0.));
#5186 = VECTOR('',#5187,1.);
#5187 = DIRECTION('',(-0.,-0.,-1.));
#5188 = ORIENTED_EDGE('',*,*,#1504,.F.);
#5189 = PLANE('',#5190);
#5190 = AXIS2_PLACEMENT_3D('',#5191,#5192,#5193);
#5191 = CARTESIAN_POINT('',(4.,39.35,0.));
#5192 = DIRECTION('',(1.,0.,0.));
#5193 = DIRECTION('',(-0.,1.,0.));
#5194 = ADVANCED_FACE('',(#5195),#5214,.F.);
#5195 = FACE_BOUND('',#5196,.F.);
#5196 = EDGE_LOOP('',(#5197,#5198,#5207,#5213));
#5197 = ORIENTED_EDGE('',*,*,#5183,.T.);
#5198 = ORIENTED_EDGE('',*,*,#5199,.T.);
#5199 = EDGE_CURVE('',#5176,#5200,#5202,.T.);
#5200 = VERTEX_POINT('',#5201);
#5201 = CARTESIAN_POINT('',(3.5,44.85,-1.1));
#5202 = CIRCLE('',#5203,0.5);
#5203 = AXIS2_PLACEMENT_3D('',#5204,#5205,#5206);
#5204 = CARTESIAN_POINT('',(3.5,44.35,-1.1));
#5205 = DIRECTION('',(0.,0.,1.));
#5206 = DIRECTION('',(1.,0.,0.));
#5207 = ORIENTED_EDGE('',*,*,#5208,.F.);
#5208 = EDGE_CURVE('',#1488,#5200,#5209,.T.);
#5209 = LINE('',#5210,#5211);
#5210 = CARTESIAN_POINT('',(3.5,44.85,0.));
#5211 = VECTOR('',#5212,1.);
#5212 = DIRECTION('',(-0.,-0.,-1.));
#5213 = ORIENTED_EDGE('',*,*,#1495,.F.);
#5214 = CYLINDRICAL_SURFACE('',#5215,0.5);
#5215 = AXIS2_PLACEMENT_3D('',#5216,#5217,#5218);
#5216 = CARTESIAN_POINT('',(3.5,44.35,0.));
#5217 = DIRECTION('',(0.,0.,1.));
#5218 = DIRECTION('',(1.,0.,-0.));
#5219 = ADVANCED_FACE('',(#5220),#5238,.F.);
#5220 = FACE_BOUND('',#5221,.F.);
#5221 = EDGE_LOOP('',(#5222,#5223,#5231,#5237));
#5222 = ORIENTED_EDGE('',*,*,#5208,.T.);
#5223 = ORIENTED_EDGE('',*,*,#5224,.T.);
#5224 = EDGE_CURVE('',#5200,#5225,#5227,.T.);
#5225 = VERTEX_POINT('',#5226);
#5226 = CARTESIAN_POINT('',(3.1,44.85,-1.1));
#5227 = LINE('',#5228,#5229);
#5228 = CARTESIAN_POINT('',(3.5,44.85,-1.1));
#5229 = VECTOR('',#5230,1.);
#5230 = DIRECTION('',(-1.,0.,0.));
#5231 = ORIENTED_EDGE('',*,*,#5232,.F.);
#5232 = EDGE_CURVE('',#1479,#5225,#5233,.T.);
#5233 = LINE('',#5234,#5235);
#5234 = CARTESIAN_POINT('',(3.1,44.85,0.));
#5235 = VECTOR('',#5236,1.);
#5236 = DIRECTION('',(-0.,-0.,-1.));
#5237 = ORIENTED_EDGE('',*,*,#1487,.F.);
#5238 = PLANE('',#5239);
#5239 = AXIS2_PLACEMENT_3D('',#5240,#5241,#5242);
#5240 = CARTESIAN_POINT('',(3.5,44.85,0.));
#5241 = DIRECTION('',(0.,1.,0.));
#5242 = DIRECTION('',(-1.,0.,0.));
#5243 = ADVANCED_FACE('',(#5244),#5256,.F.);
#5244 = FACE_BOUND('',#5245,.F.);
#5245 = EDGE_LOOP('',(#5246,#5247,#5254,#5255));
#5246 = ORIENTED_EDGE('',*,*,#5232,.T.);
#5247 = ORIENTED_EDGE('',*,*,#5248,.T.);
#5248 = EDGE_CURVE('',#5225,#5070,#5249,.T.);
#5249 = CIRCLE('',#5250,0.5);
#5250 = AXIS2_PLACEMENT_3D('',#5251,#5252,#5253);
#5251 = CARTESIAN_POINT('',(3.1,44.35,-1.1));
#5252 = DIRECTION('',(0.,0.,1.));
#5253 = DIRECTION('',(1.,0.,0.));
#5254 = ORIENTED_EDGE('',*,*,#5069,.F.);
#5255 = ORIENTED_EDGE('',*,*,#1478,.F.);
#5256 = CYLINDRICAL_SURFACE('',#5257,0.5);
#5257 = AXIS2_PLACEMENT_3D('',#5258,#5259,#5260);
#5258 = CARTESIAN_POINT('',(3.1,44.35,0.));
#5259 = DIRECTION('',(0.,0.,1.));
#5260 = DIRECTION('',(1.,0.,-0.));
#5261 = ADVANCED_FACE('',(#5262),#5287,.F.);
#5262 = FACE_BOUND('',#5263,.F.);
#5263 = EDGE_LOOP('',(#5264,#5272,#5280,#5286));
#5264 = ORIENTED_EDGE('',*,*,#5265,.T.);
#5265 = EDGE_CURVE('',#1539,#5266,#5268,.T.);
#5266 = VERTEX_POINT('',#5267);
#5267 = CARTESIAN_POINT('',(9.4,44.35,-1.1));
#5268 = LINE('',#5269,#5270);
#5269 = CARTESIAN_POINT('',(9.4,44.35,0.));
#5270 = VECTOR('',#5271,1.);
#5271 = DIRECTION('',(-0.,-0.,-1.));
#5272 = ORIENTED_EDGE('',*,*,#5273,.T.);
#5273 = EDGE_CURVE('',#5266,#5274,#5276,.T.);
#5274 = VERTEX_POINT('',#5275);
#5275 = CARTESIAN_POINT('',(9.4,39.35,-1.1));
#5276 = LINE('',#5277,#5278);
#5277 = CARTESIAN_POINT('',(9.4,44.35,-1.1));
#5278 = VECTOR('',#5279,1.);
#5279 = DIRECTION('',(0.,-1.,0.));
#5280 = ORIENTED_EDGE('',*,*,#5281,.F.);
#5281 = EDGE_CURVE('',#1541,#5274,#5282,.T.);
#5282 = LINE('',#5283,#5284);
#5283 = CARTESIAN_POINT('',(9.4,39.35,0.));
#5284 = VECTOR('',#5285,1.);
#5285 = DIRECTION('',(-0.,-0.,-1.));
#5286 = ORIENTED_EDGE('',*,*,#1538,.F.);
#5287 = PLANE('',#5288);
#5288 = AXIS2_PLACEMENT_3D('',#5289,#5290,#5291);
#5289 = CARTESIAN_POINT('',(9.4,44.35,0.));
#5290 = DIRECTION('',(-1.,0.,0.));
#5291 = DIRECTION('',(0.,-1.,0.));
#5292 = ADVANCED_FACE('',(#5293),#5312,.F.);
#5293 = FACE_BOUND('',#5294,.F.);
#5294 = EDGE_LOOP('',(#5295,#5296,#5305,#5311));
#5295 = ORIENTED_EDGE('',*,*,#5281,.T.);
#5296 = ORIENTED_EDGE('',*,*,#5297,.T.);
#5297 = EDGE_CURVE('',#5274,#5298,#5300,.T.);
#5298 = VERTEX_POINT('',#5299);
#5299 = CARTESIAN_POINT('',(9.9,38.85,-1.1));
#5300 = CIRCLE('',#5301,0.5);
#5301 = AXIS2_PLACEMENT_3D('',#5302,#5303,#5304);
#5302 = CARTESIAN_POINT('',(9.9,39.35,-1.1));
#5303 = DIRECTION('',(0.,0.,1.));
#5304 = DIRECTION('',(1.,0.,0.));
#5305 = ORIENTED_EDGE('',*,*,#5306,.F.);
#5306 = EDGE_CURVE('',#1592,#5298,#5307,.T.);
#5307 = LINE('',#5308,#5309);
#5308 = CARTESIAN_POINT('',(9.9,38.85,0.));
#5309 = VECTOR('',#5310,1.);
#5310 = DIRECTION('',(-0.,-0.,-1.));
#5311 = ORIENTED_EDGE('',*,*,#1599,.F.);
#5312 = CYLINDRICAL_SURFACE('',#5313,0.5);
#5313 = AXIS2_PLACEMENT_3D('',#5314,#5315,#5316);
#5314 = CARTESIAN_POINT('',(9.9,39.35,0.));
#5315 = DIRECTION('',(0.,0.,1.));
#5316 = DIRECTION('',(1.,0.,-0.));
#5317 = ADVANCED_FACE('',(#5318),#5336,.F.);
#5318 = FACE_BOUND('',#5319,.F.);
#5319 = EDGE_LOOP('',(#5320,#5321,#5329,#5335));
#5320 = ORIENTED_EDGE('',*,*,#5306,.T.);
#5321 = ORIENTED_EDGE('',*,*,#5322,.T.);
#5322 = EDGE_CURVE('',#5298,#5323,#5325,.T.);
#5323 = VERTEX_POINT('',#5324);
#5324 = CARTESIAN_POINT('',(10.3,38.85,-1.1));
#5325 = LINE('',#5326,#5327);
#5326 = CARTESIAN_POINT('',(9.9,38.85,-1.1));
#5327 = VECTOR('',#5328,1.);
#5328 = DIRECTION('',(1.,0.,0.));
#5329 = ORIENTED_EDGE('',*,*,#5330,.F.);
#5330 = EDGE_CURVE('',#1583,#5323,#5331,.T.);
#5331 = LINE('',#5332,#5333);
#5332 = CARTESIAN_POINT('',(10.3,38.85,0.));
#5333 = VECTOR('',#5334,1.);
#5334 = DIRECTION('',(-0.,-0.,-1.));
#5335 = ORIENTED_EDGE('',*,*,#1591,.F.);
#5336 = PLANE('',#5337);
#5337 = AXIS2_PLACEMENT_3D('',#5338,#5339,#5340);
#5338 = CARTESIAN_POINT('',(9.9,38.85,0.));
#5339 = DIRECTION('',(0.,-1.,0.));
#5340 = DIRECTION('',(1.,0.,0.));
#5341 = ADVANCED_FACE('',(#5342),#5361,.F.);
#5342 = FACE_BOUND('',#5343,.F.);
#5343 = EDGE_LOOP('',(#5344,#5345,#5354,#5360));
#5344 = ORIENTED_EDGE('',*,*,#5330,.T.);
#5345 = ORIENTED_EDGE('',*,*,#5346,.T.);
#5346 = EDGE_CURVE('',#5323,#5347,#5349,.T.);
#5347 = VERTEX_POINT('',#5348);
#5348 = CARTESIAN_POINT('',(10.8,39.35,-1.1));
#5349 = CIRCLE('',#5350,0.5);
#5350 = AXIS2_PLACEMENT_3D('',#5351,#5352,#5353);
#5351 = CARTESIAN_POINT('',(10.3,39.35,-1.1));
#5352 = DIRECTION('',(0.,0.,1.));
#5353 = DIRECTION('',(1.,0.,0.));
#5354 = ORIENTED_EDGE('',*,*,#5355,.F.);
#5355 = EDGE_CURVE('',#1575,#5347,#5356,.T.);
#5356 = LINE('',#5357,#5358);
#5357 = CARTESIAN_POINT('',(10.8,39.35,0.));
#5358 = VECTOR('',#5359,1.);
#5359 = DIRECTION('',(-0.,-0.,-1.));
#5360 = ORIENTED_EDGE('',*,*,#1582,.F.);
#5361 = CYLINDRICAL_SURFACE('',#5362,0.5);
#5362 = AXIS2_PLACEMENT_3D('',#5363,#5364,#5365);
#5363 = CARTESIAN_POINT('',(10.3,39.35,0.));
#5364 = DIRECTION('',(0.,0.,1.));
#5365 = DIRECTION('',(1.,0.,-0.));
#5366 = ADVANCED_FACE('',(#5367),#5385,.F.);
#5367 = FACE_BOUND('',#5368,.F.);
#5368 = EDGE_LOOP('',(#5369,#5370,#5378,#5384));
#5369 = ORIENTED_EDGE('',*,*,#5355,.T.);
#5370 = ORIENTED_EDGE('',*,*,#5371,.T.);
#5371 = EDGE_CURVE('',#5347,#5372,#5374,.T.);
#5372 = VERTEX_POINT('',#5373);
#5373 = CARTESIAN_POINT('',(10.8,44.35,-1.1));
#5374 = LINE('',#5375,#5376);
#5375 = CARTESIAN_POINT('',(10.8,39.35,-1.1));
#5376 = VECTOR('',#5377,1.);
#5377 = DIRECTION('',(0.,1.,0.));
#5378 = ORIENTED_EDGE('',*,*,#5379,.F.);
#5379 = EDGE_CURVE('',#1566,#5372,#5380,.T.);
#5380 = LINE('',#5381,#5382);
#5381 = CARTESIAN_POINT('',(10.8,44.35,0.));
#5382 = VECTOR('',#5383,1.);
#5383 = DIRECTION('',(-0.,-0.,-1.));
#5384 = ORIENTED_EDGE('',*,*,#1574,.F.);
#5385 = PLANE('',#5386);
#5386 = AXIS2_PLACEMENT_3D('',#5387,#5388,#5389);
#5387 = CARTESIAN_POINT('',(10.8,39.35,0.));
#5388 = DIRECTION('',(1.,0.,0.));
#5389 = DIRECTION('',(-0.,1.,0.));
#5390 = ADVANCED_FACE('',(#5391),#5410,.F.);
#5391 = FACE_BOUND('',#5392,.F.);
#5392 = EDGE_LOOP('',(#5393,#5394,#5403,#5409));
#5393 = ORIENTED_EDGE('',*,*,#5379,.T.);
#5394 = ORIENTED_EDGE('',*,*,#5395,.T.);
#5395 = EDGE_CURVE('',#5372,#5396,#5398,.T.);
#5396 = VERTEX_POINT('',#5397);
#5397 = CARTESIAN_POINT('',(10.3,44.85,-1.1));
#5398 = CIRCLE('',#5399,0.5);
#5399 = AXIS2_PLACEMENT_3D('',#5400,#5401,#5402);
#5400 = CARTESIAN_POINT('',(10.3,44.35,-1.1));
#5401 = DIRECTION('',(0.,0.,1.));
#5402 = DIRECTION('',(1.,0.,0.));
#5403 = ORIENTED_EDGE('',*,*,#5404,.F.);
#5404 = EDGE_CURVE('',#1558,#5396,#5405,.T.);
#5405 = LINE('',#5406,#5407);
#5406 = CARTESIAN_POINT('',(10.3,44.85,0.));
#5407 = VECTOR('',#5408,1.);
#5408 = DIRECTION('',(-0.,-0.,-1.));
#5409 = ORIENTED_EDGE('',*,*,#1565,.F.);
#5410 = CYLINDRICAL_SURFACE('',#5411,0.5);
#5411 = AXIS2_PLACEMENT_3D('',#5412,#5413,#5414);
#5412 = CARTESIAN_POINT('',(10.3,44.35,0.));
#5413 = DIRECTION('',(0.,0.,1.));
#5414 = DIRECTION('',(1.,0.,-0.));
#5415 = ADVANCED_FACE('',(#5416),#5434,.F.);
#5416 = FACE_BOUND('',#5417,.F.);
#5417 = EDGE_LOOP('',(#5418,#5419,#5427,#5433));
#5418 = ORIENTED_EDGE('',*,*,#5404,.T.);
#5419 = ORIENTED_EDGE('',*,*,#5420,.T.);
#5420 = EDGE_CURVE('',#5396,#5421,#5423,.T.);
#5421 = VERTEX_POINT('',#5422);
#5422 = CARTESIAN_POINT('',(9.9,44.85,-1.1));
#5423 = LINE('',#5424,#5425);
#5424 = CARTESIAN_POINT('',(10.3,44.85,-1.1));
#5425 = VECTOR('',#5426,1.);
#5426 = DIRECTION('',(-1.,0.,0.));
#5427 = ORIENTED_EDGE('',*,*,#5428,.F.);
#5428 = EDGE_CURVE('',#1549,#5421,#5429,.T.);
#5429 = LINE('',#5430,#5431);
#5430 = CARTESIAN_POINT('',(9.9,44.85,0.));
#5431 = VECTOR('',#5432,1.);
#5432 = DIRECTION('',(-0.,-0.,-1.));
#5433 = ORIENTED_EDGE('',*,*,#1557,.F.);
#5434 = PLANE('',#5435);
#5435 = AXIS2_PLACEMENT_3D('',#5436,#5437,#5438);
#5436 = CARTESIAN_POINT('',(10.3,44.85,0.));
#5437 = DIRECTION('',(0.,1.,0.));
#5438 = DIRECTION('',(-1.,0.,0.));
#5439 = ADVANCED_FACE('',(#5440),#5452,.F.);
#5440 = FACE_BOUND('',#5441,.F.);
#5441 = EDGE_LOOP('',(#5442,#5443,#5450,#5451));
#5442 = ORIENTED_EDGE('',*,*,#5428,.T.);
#5443 = ORIENTED_EDGE('',*,*,#5444,.T.);
#5444 = EDGE_CURVE('',#5421,#5266,#5445,.T.);
#5445 = CIRCLE('',#5446,0.5);
#5446 = AXIS2_PLACEMENT_3D('',#5447,#5448,#5449);
#5447 = CARTESIAN_POINT('',(9.9,44.35,-1.1));
#5448 = DIRECTION('',(0.,0.,1.));
#5449 = DIRECTION('',(1.,0.,0.));
#5450 = ORIENTED_EDGE('',*,*,#5265,.F.);
#5451 = ORIENTED_EDGE('',*,*,#1548,.F.);
#5452 = CYLINDRICAL_SURFACE('',#5453,0.5);
#5453 = AXIS2_PLACEMENT_3D('',#5454,#5455,#5456);
#5454 = CARTESIAN_POINT('',(9.9,44.35,0.));
#5455 = DIRECTION('',(0.,0.,1.));
#5456 = DIRECTION('',(1.,0.,-0.));
#5457 = ADVANCED_FACE('',(#5458),#5483,.F.);
#5458 = FACE_BOUND('',#5459,.F.);
#5459 = EDGE_LOOP('',(#5460,#5468,#5476,#5482));
#5460 = ORIENTED_EDGE('',*,*,#5461,.T.);
#5461 = EDGE_CURVE('',#1609,#5462,#5464,.T.);
#5462 = VERTEX_POINT('',#5463);
#5463 = CARTESIAN_POINT('',(12.8,42.45,-1.1));
#5464 = LINE('',#5465,#5466);
#5465 = CARTESIAN_POINT('',(12.8,42.45,0.));
#5466 = VECTOR('',#5467,1.);
#5467 = DIRECTION('',(-0.,-0.,-1.));
#5468 = ORIENTED_EDGE('',*,*,#5469,.T.);
#5469 = EDGE_CURVE('',#5462,#5470,#5472,.T.);
#5470 = VERTEX_POINT('',#5471);
#5471 = CARTESIAN_POINT('',(12.8,39.25,-1.1));
#5472 = LINE('',#5473,#5474);
#5473 = CARTESIAN_POINT('',(12.8,42.45,-1.1));
#5474 = VECTOR('',#5475,1.);
#5475 = DIRECTION('',(0.,-1.,0.));
#5476 = ORIENTED_EDGE('',*,*,#5477,.F.);
#5477 = EDGE_CURVE('',#1611,#5470,#5478,.T.);
#5478 = LINE('',#5479,#5480);
#5479 = CARTESIAN_POINT('',(12.8,39.25,0.));
#5480 = VECTOR('',#5481,1.);
#5481 = DIRECTION('',(-0.,-0.,-1.));
#5482 = ORIENTED_EDGE('',*,*,#1608,.F.);
#5483 = PLANE('',#5484);
#5484 = AXIS2_PLACEMENT_3D('',#5485,#5486,#5487);
#5485 = CARTESIAN_POINT('',(12.8,42.45,0.));
#5486 = DIRECTION('',(-1.,0.,0.));
#5487 = DIRECTION('',(0.,-1.,0.));
#5488 = ADVANCED_FACE('',(#5489),#5508,.F.);
#5489 = FACE_BOUND('',#5490,.F.);
#5490 = EDGE_LOOP('',(#5491,#5492,#5501,#5507));
#5491 = ORIENTED_EDGE('',*,*,#5477,.T.);
#5492 = ORIENTED_EDGE('',*,*,#5493,.T.);
#5493 = EDGE_CURVE('',#5470,#5494,#5496,.T.);
#5494 = VERTEX_POINT('',#5495);
#5495 = CARTESIAN_POINT('',(13.2,38.85,-1.1));
#5496 = CIRCLE('',#5497,0.4);
#5497 = AXIS2_PLACEMENT_3D('',#5498,#5499,#5500);
#5498 = CARTESIAN_POINT('',(13.2,39.25,-1.1));
#5499 = DIRECTION('',(0.,0.,1.));
#5500 = DIRECTION('',(1.,0.,0.));
#5501 = ORIENTED_EDGE('',*,*,#5502,.F.);
#5502 = EDGE_CURVE('',#1662,#5494,#5503,.T.);
#5503 = LINE('',#5504,#5505);
#5504 = CARTESIAN_POINT('',(13.2,38.85,0.));
#5505 = VECTOR('',#5506,1.);
#5506 = DIRECTION('',(-0.,-0.,-1.));
#5507 = ORIENTED_EDGE('',*,*,#1669,.F.);
#5508 = CYLINDRICAL_SURFACE('',#5509,0.4);
#5509 = AXIS2_PLACEMENT_3D('',#5510,#5511,#5512);
#5510 = CARTESIAN_POINT('',(13.2,39.25,0.));
#5511 = DIRECTION('',(0.,0.,1.));
#5512 = DIRECTION('',(1.,0.,-0.));
#5513 = ADVANCED_FACE('',(#5514),#5532,.F.);
#5514 = FACE_BOUND('',#5515,.F.);
#5515 = EDGE_LOOP('',(#5516,#5517,#5525,#5531));
#5516 = ORIENTED_EDGE('',*,*,#5502,.T.);
#5517 = ORIENTED_EDGE('',*,*,#5518,.T.);
#5518 = EDGE_CURVE('',#5494,#5519,#5521,.T.);
#5519 = VERTEX_POINT('',#5520);
#5520 = CARTESIAN_POINT('',(13.6,38.85,-1.1));
#5521 = LINE('',#5522,#5523);
#5522 = CARTESIAN_POINT('',(13.2,38.85,-1.1));
#5523 = VECTOR('',#5524,1.);
#5524 = DIRECTION('',(1.,0.,0.));
#5525 = ORIENTED_EDGE('',*,*,#5526,.F.);
#5526 = EDGE_CURVE('',#1653,#5519,#5527,.T.);
#5527 = LINE('',#5528,#5529);
#5528 = CARTESIAN_POINT('',(13.6,38.85,0.));
#5529 = VECTOR('',#5530,1.);
#5530 = DIRECTION('',(-0.,-0.,-1.));
#5531 = ORIENTED_EDGE('',*,*,#1661,.F.);
#5532 = PLANE('',#5533);
#5533 = AXIS2_PLACEMENT_3D('',#5534,#5535,#5536);
#5534 = CARTESIAN_POINT('',(13.2,38.85,0.));
#5535 = DIRECTION('',(0.,-1.,0.));
#5536 = DIRECTION('',(1.,0.,0.));
#5537 = ADVANCED_FACE('',(#5538),#5557,.F.);
#5538 = FACE_BOUND('',#5539,.F.);
#5539 = EDGE_LOOP('',(#5540,#5541,#5550,#5556));
#5540 = ORIENTED_EDGE('',*,*,#5526,.T.);
#5541 = ORIENTED_EDGE('',*,*,#5542,.T.);
#5542 = EDGE_CURVE('',#5519,#5543,#5545,.T.);
#5543 = VERTEX_POINT('',#5544);
#5544 = CARTESIAN_POINT('',(14.,39.25,-1.1));
#5545 = CIRCLE('',#5546,0.4);
#5546 = AXIS2_PLACEMENT_3D('',#5547,#5548,#5549);
#5547 = CARTESIAN_POINT('',(13.6,39.25,-1.1));
#5548 = DIRECTION('',(0.,0.,1.));
#5549 = DIRECTION('',(1.,0.,0.));
#5550 = ORIENTED_EDGE('',*,*,#5551,.F.);
#5551 = EDGE_CURVE('',#1645,#5543,#5552,.T.);
#5552 = LINE('',#5553,#5554);
#5553 = CARTESIAN_POINT('',(14.,39.25,0.));
#5554 = VECTOR('',#5555,1.);
#5555 = DIRECTION('',(-0.,-0.,-1.));
#5556 = ORIENTED_EDGE('',*,*,#1652,.F.);
#5557 = CYLINDRICAL_SURFACE('',#5558,0.4);
#5558 = AXIS2_PLACEMENT_3D('',#5559,#5560,#5561);
#5559 = CARTESIAN_POINT('',(13.6,39.25,0.));
#5560 = DIRECTION('',(0.,0.,1.));
#5561 = DIRECTION('',(1.,0.,-0.));
#5562 = ADVANCED_FACE('',(#5563),#5581,.F.);
#5563 = FACE_BOUND('',#5564,.F.);
#5564 = EDGE_LOOP('',(#5565,#5566,#5574,#5580));
#5565 = ORIENTED_EDGE('',*,*,#5551,.T.);
#5566 = ORIENTED_EDGE('',*,*,#5567,.T.);
#5567 = EDGE_CURVE('',#5543,#5568,#5570,.T.);
#5568 = VERTEX_POINT('',#5569);
#5569 = CARTESIAN_POINT('',(14.,42.45,-1.1));
#5570 = LINE('',#5571,#5572);
#5571 = CARTESIAN_POINT('',(14.,39.25,-1.1));
#5572 = VECTOR('',#5573,1.);
#5573 = DIRECTION('',(0.,1.,0.));
#5574 = ORIENTED_EDGE('',*,*,#5575,.F.);
#5575 = EDGE_CURVE('',#1636,#5568,#5576,.T.);
#5576 = LINE('',#5577,#5578);
#5577 = CARTESIAN_POINT('',(14.,42.45,0.));
#5578 = VECTOR('',#5579,1.);
#5579 = DIRECTION('',(-0.,-0.,-1.));
#5580 = ORIENTED_EDGE('',*,*,#1644,.F.);
#5581 = PLANE('',#5582);
#5582 = AXIS2_PLACEMENT_3D('',#5583,#5584,#5585);
#5583 = CARTESIAN_POINT('',(14.,39.25,0.));
#5584 = DIRECTION('',(1.,0.,0.));
#5585 = DIRECTION('',(-0.,1.,0.));
#5586 = ADVANCED_FACE('',(#5587),#5606,.F.);
#5587 = FACE_BOUND('',#5588,.F.);
#5588 = EDGE_LOOP('',(#5589,#5590,#5599,#5605));
#5589 = ORIENTED_EDGE('',*,*,#5575,.T.);
#5590 = ORIENTED_EDGE('',*,*,#5591,.T.);
#5591 = EDGE_CURVE('',#5568,#5592,#5594,.T.);
#5592 = VERTEX_POINT('',#5593);
#5593 = CARTESIAN_POINT('',(13.6,42.85,-1.1));
#5594 = CIRCLE('',#5595,0.4);
#5595 = AXIS2_PLACEMENT_3D('',#5596,#5597,#5598);
#5596 = CARTESIAN_POINT('',(13.6,42.45,-1.1));
#5597 = DIRECTION('',(0.,0.,1.));
#5598 = DIRECTION('',(1.,0.,0.));
#5599 = ORIENTED_EDGE('',*,*,#5600,.F.);
#5600 = EDGE_CURVE('',#1628,#5592,#5601,.T.);
#5601 = LINE('',#5602,#5603);
#5602 = CARTESIAN_POINT('',(13.6,42.85,0.));
#5603 = VECTOR('',#5604,1.);
#5604 = DIRECTION('',(-0.,-0.,-1.));
#5605 = ORIENTED_EDGE('',*,*,#1635,.F.);
#5606 = CYLINDRICAL_SURFACE('',#5607,0.4);
#5607 = AXIS2_PLACEMENT_3D('',#5608,#5609,#5610);
#5608 = CARTESIAN_POINT('',(13.6,42.45,0.));
#5609 = DIRECTION('',(0.,0.,1.));
#5610 = DIRECTION('',(1.,0.,-0.));
#5611 = ADVANCED_FACE('',(#5612),#5630,.F.);
#5612 = FACE_BOUND('',#5613,.F.);
#5613 = EDGE_LOOP('',(#5614,#5615,#5623,#5629));
#5614 = ORIENTED_EDGE('',*,*,#5600,.T.);
#5615 = ORIENTED_EDGE('',*,*,#5616,.T.);
#5616 = EDGE_CURVE('',#5592,#5617,#5619,.T.);
#5617 = VERTEX_POINT('',#5618);
#5618 = CARTESIAN_POINT('',(13.2,42.85,-1.1));
#5619 = LINE('',#5620,#5621);
#5620 = CARTESIAN_POINT('',(13.6,42.85,-1.1));
#5621 = VECTOR('',#5622,1.);
#5622 = DIRECTION('',(-1.,0.,0.));
#5623 = ORIENTED_EDGE('',*,*,#5624,.F.);
#5624 = EDGE_CURVE('',#1619,#5617,#5625,.T.);
#5625 = LINE('',#5626,#5627);
#5626 = CARTESIAN_POINT('',(13.2,42.85,0.));
#5627 = VECTOR('',#5628,1.);
#5628 = DIRECTION('',(-0.,-0.,-1.));
#5629 = ORIENTED_EDGE('',*,*,#1627,.F.);
#5630 = PLANE('',#5631);
#5631 = AXIS2_PLACEMENT_3D('',#5632,#5633,#5634);
#5632 = CARTESIAN_POINT('',(13.6,42.85,0.));
#5633 = DIRECTION('',(0.,1.,0.));
#5634 = DIRECTION('',(-1.,0.,0.));
#5635 = ADVANCED_FACE('',(#5636),#5648,.F.);
#5636 = FACE_BOUND('',#5637,.F.);
#5637 = EDGE_LOOP('',(#5638,#5639,#5646,#5647));
#5638 = ORIENTED_EDGE('',*,*,#5624,.T.);
#5639 = ORIENTED_EDGE('',*,*,#5640,.T.);
#5640 = EDGE_CURVE('',#5617,#5462,#5641,.T.);
#5641 = CIRCLE('',#5642,0.4);
#5642 = AXIS2_PLACEMENT_3D('',#5643,#5644,#5645);
#5643 = CARTESIAN_POINT('',(13.2,42.45,-1.1));
#5644 = DIRECTION('',(0.,0.,1.));
#5645 = DIRECTION('',(1.,0.,0.));
#5646 = ORIENTED_EDGE('',*,*,#5461,.F.);
#5647 = ORIENTED_EDGE('',*,*,#1618,.F.);
#5648 = CYLINDRICAL_SURFACE('',#5649,0.4);
#5649 = AXIS2_PLACEMENT_3D('',#5650,#5651,#5652);
#5650 = CARTESIAN_POINT('',(13.2,42.45,0.));
#5651 = DIRECTION('',(0.,0.,1.));
#5652 = DIRECTION('',(1.,0.,-0.));
#5653 = ADVANCED_FACE('',(#5654),#5672,.F.);
#5654 = FACE_BOUND('',#5655,.F.);
#5655 = EDGE_LOOP('',(#5656,#5665,#5670,#5671));
#5656 = ORIENTED_EDGE('',*,*,#5657,.T.);
#5657 = EDGE_CURVE('',#5658,#5658,#5660,.T.);
#5658 = VERTEX_POINT('',#5659);
#5659 = CARTESIAN_POINT('',(27.2,40.6,-5.3));
#5660 = CIRCLE('',#5661,0.9);
#5661 = AXIS2_PLACEMENT_3D('',#5662,#5663,#5664);
#5662 = CARTESIAN_POINT('',(26.3,40.6,-5.3));
#5663 = DIRECTION('',(0.,0.,1.));
#5664 = DIRECTION('',(1.,0.,0.));
#5665 = ORIENTED_EDGE('',*,*,#5666,.T.);
#5666 = EDGE_CURVE('',#5658,#1679,#5667,.T.);
#5667 = B_SPLINE_CURVE_WITH_KNOTS('',1,(#5668,#5669),.UNSPECIFIED.,.F.,
  .F.,(2,2),(-5.3,0.),.PIECEWISE_BEZIER_KNOTS.);
#5668 = CARTESIAN_POINT('',(27.2,40.6,-5.3));
#5669 = CARTESIAN_POINT('',(27.2,40.6,0.));
#5670 = ORIENTED_EDGE('',*,*,#1678,.F.);
#5671 = ORIENTED_EDGE('',*,*,#5666,.F.);
#5672 = CYLINDRICAL_SURFACE('',#5673,0.9);
#5673 = AXIS2_PLACEMENT_3D('',#5674,#5675,#5676);
#5674 = CARTESIAN_POINT('',(26.3,40.6,0.));
#5675 = DIRECTION('',(0.,0.,1.));
#5676 = DIRECTION('',(1.,0.,0.));
#5677 = ADVANCED_FACE('',(#5678),#5696,.F.);
#5678 = FACE_BOUND('',#5679,.F.);
#5679 = EDGE_LOOP('',(#5680,#5689,#5694,#5695));
#5680 = ORIENTED_EDGE('',*,*,#5681,.T.);
#5681 = EDGE_CURVE('',#5682,#5682,#5684,.T.);
#5682 = VERTEX_POINT('',#5683);
#5683 = CARTESIAN_POINT('',(29.4,40.6,-5.3));
#5684 = CIRCLE('',#5685,0.9);
#5685 = AXIS2_PLACEMENT_3D('',#5686,#5687,#5688);
#5686 = CARTESIAN_POINT('',(28.5,40.6,-5.3));
#5687 = DIRECTION('',(0.,0.,1.));
#5688 = DIRECTION('',(1.,0.,0.));
#5689 = ORIENTED_EDGE('',*,*,#5690,.T.);
#5690 = EDGE_CURVE('',#5682,#1690,#5691,.T.);
#5691 = B_SPLINE_CURVE_WITH_KNOTS('',1,(#5692,#5693),.UNSPECIFIED.,.F.,
  .F.,(2,2),(-5.3,0.),.PIECEWISE_BEZIER_KNOTS.);
#5692 = CARTESIAN_POINT('',(29.4,40.6,-5.3));
#5693 = CARTESIAN_POINT('',(29.4,40.6,0.));
#5694 = ORIENTED_EDGE('',*,*,#1689,.F.);
#5695 = ORIENTED_EDGE('',*,*,#5690,.F.);
#5696 = CYLINDRICAL_SURFACE('',#5697,0.9);
#5697 = AXIS2_PLACEMENT_3D('',#5698,#5699,#5700);
#5698 = CARTESIAN_POINT('',(28.5,40.6,0.));
#5699 = DIRECTION('',(0.,0.,1.));
#5700 = DIRECTION('',(1.,0.,0.));
#5701 = ADVANCED_FACE('',(#5702),#5738,.F.);
#5702 = FACE_BOUND('',#5703,.F.);
#5703 = EDGE_LOOP('',(#5704,#5714,#5720,#5721,#5722,#5723,#5724,#5732));
#5704 = ORIENTED_EDGE('',*,*,#5705,.T.);
#5705 = EDGE_CURVE('',#5706,#5708,#5710,.T.);
#5706 = VERTEX_POINT('',#5707);
#5707 = CARTESIAN_POINT('',(37.521203273864,10.83,-4.8));
#5708 = VERTEX_POINT('',#5709);
#5709 = CARTESIAN_POINT('',(37.521203273864,4.13,-4.8));
#5710 = LINE('',#5711,#5712);
#5711 = CARTESIAN_POINT('',(37.521203273864,10.83,-4.8));
#5712 = VECTOR('',#5713,1.);
#5713 = DIRECTION('',(0.,-1.,0.));
#5714 = ORIENTED_EDGE('',*,*,#5715,.T.);
#5715 = EDGE_CURVE('',#5708,#2199,#5716,.T.);
#5716 = LINE('',#5717,#5718);
#5717 = CARTESIAN_POINT('',(37.521203273864,4.13,-4.8));
#5718 = VECTOR('',#5719,1.);
#5719 = DIRECTION('',(0.,0.,-1.));
#5720 = ORIENTED_EDGE('',*,*,#2198,.T.);
#5721 = ORIENTED_EDGE('',*,*,#1836,.T.);
#5722 = ORIENTED_EDGE('',*,*,#2536,.T.);
#5723 = ORIENTED_EDGE('',*,*,#2633,.T.);
#5724 = ORIENTED_EDGE('',*,*,#5725,.T.);
#5725 = EDGE_CURVE('',#2626,#5726,#5728,.T.);
#5726 = VERTEX_POINT('',#5727);
#5727 = CARTESIAN_POINT('',(37.521203273864,10.83,-10.8));
#5728 = LINE('',#5729,#5730);
#5729 = CARTESIAN_POINT('',(37.521203273864,24.340000000005,-10.8));
#5730 = VECTOR('',#5731,1.);
#5731 = DIRECTION('',(0.,1.,0.));
#5732 = ORIENTED_EDGE('',*,*,#5733,.T.);
#5733 = EDGE_CURVE('',#5726,#5706,#5734,.T.);
#5734 = LINE('',#5735,#5736);
#5735 = CARTESIAN_POINT('',(37.521203273864,10.83,-15.3));
#5736 = VECTOR('',#5737,1.);
#5737 = DIRECTION('',(0.,0.,1.));
#5738 = PLANE('',#5739);
#5739 = AXIS2_PLACEMENT_3D('',#5740,#5741,#5742);
#5740 = CARTESIAN_POINT('',(37.521203273864,11.930000000011,-10.05));
#5741 = DIRECTION('',(1.,0.,0.));
#5742 = DIRECTION('',(0.,0.,1.));
#5743 = ADVANCED_FACE('',(#5744),#5763,.T.);
#5744 = FACE_BOUND('',#5745,.T.);
#5745 = EDGE_LOOP('',(#5746,#5754,#5761,#5762));
#5746 = ORIENTED_EDGE('',*,*,#5747,.T.);
#5747 = EDGE_CURVE('',#2667,#5748,#5750,.T.);
#5748 = VERTEX_POINT('',#5749);
#5749 = CARTESIAN_POINT('',(-27.15,47.95,-12.2));
#5750 = LINE('',#5751,#5752);
#5751 = CARTESIAN_POINT('',(-27.15,47.95,0.));
#5752 = VECTOR('',#5753,1.);
#5753 = DIRECTION('',(-0.,-0.,-1.));
#5754 = ORIENTED_EDGE('',*,*,#5755,.T.);
#5755 = EDGE_CURVE('',#5748,#1871,#5756,.T.);
#5756 = CIRCLE('',#5757,11.2);
#5757 = AXIS2_PLACEMENT_3D('',#5758,#5759,#5760);
#5758 = CARTESIAN_POINT('',(-27.15,36.75,-12.2));
#5759 = DIRECTION('',(0.,0.,1.));
#5760 = DIRECTION('',(1.,0.,0.));
#5761 = ORIENTED_EDGE('',*,*,#1870,.F.);
#5762 = ORIENTED_EDGE('',*,*,#2677,.F.);
#5763 = CYLINDRICAL_SURFACE('',#5764,11.2);
#5764 = AXIS2_PLACEMENT_3D('',#5765,#5766,#5767);
#5765 = CARTESIAN_POINT('',(-27.15,36.75,0.));
#5766 = DIRECTION('',(0.,0.,1.));
#5767 = DIRECTION('',(1.,0.,0.));
#5768 = ADVANCED_FACE('',(#5769),#5836,.F.);
#5769 = FACE_BOUND('',#5770,.F.);
#5770 = EDGE_LOOP('',(#5771,#5781,#5787,#5788,#5789,#5797,#5805,#5813,
    #5821,#5830));
#5771 = ORIENTED_EDGE('',*,*,#5772,.T.);
#5772 = EDGE_CURVE('',#5773,#5775,#5777,.T.);
#5773 = VERTEX_POINT('',#5774);
#5774 = CARTESIAN_POINT('',(4.784250700561,46.95,-12.2));
#5775 = VERTEX_POINT('',#5776);
#5776 = CARTESIAN_POINT('',(4.784250700561,47.95,-12.2));
#5777 = LINE('',#5778,#5779);
#5778 = CARTESIAN_POINT('',(4.784250700561,47.95,-12.2));
#5779 = VECTOR('',#5780,1.);
#5780 = DIRECTION('',(0.,1.,-2.2E-16));
#5781 = ORIENTED_EDGE('',*,*,#5782,.T.);
#5782 = EDGE_CURVE('',#5775,#5748,#5783,.T.);
#5783 = LINE('',#5784,#5785);
#5784 = CARTESIAN_POINT('',(27.15,47.95,-12.2));
#5785 = VECTOR('',#5786,1.);
#5786 = DIRECTION('',(-1.,0.,0.));
#5787 = ORIENTED_EDGE('',*,*,#5755,.T.);
#5788 = ORIENTED_EDGE('',*,*,#1878,.T.);
#5789 = ORIENTED_EDGE('',*,*,#5790,.T.);
#5790 = EDGE_CURVE('',#1879,#5791,#5793,.T.);
#5791 = VERTEX_POINT('',#5792);
#5792 = CARTESIAN_POINT('',(-37.52120327386,30.45,-12.2));
#5793 = LINE('',#5794,#5795);
#5794 = CARTESIAN_POINT('',(-19.175,30.45,-12.2));
#5795 = VECTOR('',#5796,1.);
#5796 = DIRECTION('',(1.,0.,0.));
#5797 = ORIENTED_EDGE('',*,*,#5798,.T.);
#5798 = EDGE_CURVE('',#5791,#5799,#5801,.T.);
#5799 = VERTEX_POINT('',#5800);
#5800 = CARTESIAN_POINT('',(-37.52120327386,32.25,-12.2));
#5801 = LINE('',#5802,#5803);
#5802 = CARTESIAN_POINT('',(-37.52120327386,8.817746858169,-12.2));
#5803 = VECTOR('',#5804,1.);
#5804 = DIRECTION('',(0.,1.,0.));
#5805 = ORIENTED_EDGE('',*,*,#5806,.F.);
#5806 = EDGE_CURVE('',#5807,#5799,#5809,.T.);
#5807 = VERTEX_POINT('',#5808);
#5808 = CARTESIAN_POINT('',(-37.35,32.25,-12.2));
#5809 = LINE('',#5810,#5811);
#5810 = CARTESIAN_POINT('',(-18.075,32.25,-12.2));
#5811 = VECTOR('',#5812,1.);
#5812 = DIRECTION('',(-1.,0.,0.));
#5813 = ORIENTED_EDGE('',*,*,#5814,.F.);
#5814 = EDGE_CURVE('',#5815,#5807,#5817,.T.);
#5815 = VERTEX_POINT('',#5816);
#5816 = CARTESIAN_POINT('',(-37.35,36.75,-12.2));
#5817 = LINE('',#5818,#5819);
#5818 = CARTESIAN_POINT('',(-37.35,36.75,-12.2));
#5819 = VECTOR('',#5820,1.);
#5820 = DIRECTION('',(0.,-1.,0.));
#5821 = ORIENTED_EDGE('',*,*,#5822,.F.);
#5822 = EDGE_CURVE('',#5823,#5815,#5825,.T.);
#5823 = VERTEX_POINT('',#5824);
#5824 = CARTESIAN_POINT('',(-27.15,46.95,-12.2));
#5825 = CIRCLE('',#5826,10.2);
#5826 = AXIS2_PLACEMENT_3D('',#5827,#5828,#5829);
#5827 = CARTESIAN_POINT('',(-27.15,36.75,-12.2));
#5828 = DIRECTION('',(0.,0.,1.));
#5829 = DIRECTION('',(1.,0.,0.));
#5830 = ORIENTED_EDGE('',*,*,#5831,.F.);
#5831 = EDGE_CURVE('',#5773,#5823,#5832,.T.);
#5832 = LINE('',#5833,#5834);
#5833 = CARTESIAN_POINT('',(27.149999999997,46.95,-12.2));
#5834 = VECTOR('',#5835,1.);
#5835 = DIRECTION('',(-1.,0.,0.));
#5836 = PLANE('',#5837);
#5837 = AXIS2_PLACEMENT_3D('',#5838,#5839,#5840);
#5838 = CARTESIAN_POINT('',(-4.63E-15,-9.7E-15,-12.2));
#5839 = DIRECTION('',(0.,0.,1.));
#5840 = DIRECTION('',(1.,0.,0.));
#5841 = ADVANCED_FACE('',(#5842),#5860,.T.);
#5842 = FACE_BOUND('',#5843,.T.);
#5843 = EDGE_LOOP('',(#5844,#5845,#5853,#5859));
#5844 = ORIENTED_EDGE('',*,*,#1958,.F.);
#5845 = ORIENTED_EDGE('',*,*,#5846,.T.);
#5846 = EDGE_CURVE('',#1951,#5847,#5849,.T.);
#5847 = VERTEX_POINT('',#5848);
#5848 = CARTESIAN_POINT('',(-37.52120327386,9.829999999951,-5.2));
#5849 = LINE('',#5850,#5851);
#5850 = CARTESIAN_POINT('',(-38.35,9.829999999951,-5.2));
#5851 = VECTOR('',#5852,1.);
#5852 = DIRECTION('',(1.,0.,0.));
#5853 = ORIENTED_EDGE('',*,*,#5854,.T.);
#5854 = EDGE_CURVE('',#5847,#2087,#5855,.T.);
#5855 = LINE('',#5856,#5857);
#5856 = CARTESIAN_POINT('',(-37.52120327386,13.732746858144,-5.2));
#5857 = VECTOR('',#5858,1.);
#5858 = DIRECTION('',(0.,-1.,0.));
#5859 = ORIENTED_EDGE('',*,*,#2086,.F.);
#5860 = PLANE('',#5861);
#5861 = AXIS2_PLACEMENT_3D('',#5862,#5863,#5864);
#5862 = CARTESIAN_POINT('',(-38.35,9.829999999951,-5.2));
#5863 = DIRECTION('',(0.,0.,-1.));
#5864 = DIRECTION('',(0.,-1.,0.));
#5865 = ADVANCED_FACE('',(#5866),#5908,.T.);
#5866 = FACE_BOUND('',#5867,.T.);
#5867 = EDGE_LOOP('',(#5868,#5869,#5870,#5878,#5886,#5894,#5902));
#5868 = ORIENTED_EDGE('',*,*,#1886,.F.);
#5869 = ORIENTED_EDGE('',*,*,#5790,.T.);
#5870 = ORIENTED_EDGE('',*,*,#5871,.T.);
#5871 = EDGE_CURVE('',#5791,#5872,#5874,.T.);
#5872 = VERTEX_POINT('',#5873);
#5873 = CARTESIAN_POINT('',(-37.52120327386,30.45,-11.55430369211));
#5874 = LINE('',#5875,#5876);
#5875 = CARTESIAN_POINT('',(-37.52120327386,30.45,-11.875));
#5876 = VECTOR('',#5877,1.);
#5877 = DIRECTION('',(0.,0.,1.));
#5878 = ORIENTED_EDGE('',*,*,#5879,.T.);
#5879 = EDGE_CURVE('',#5872,#5880,#5882,.T.);
#5880 = VERTEX_POINT('',#5881);
#5881 = CARTESIAN_POINT('',(-37.72120327386,30.45,-10.8));
#5882 = LINE('',#5883,#5884);
#5883 = CARTESIAN_POINT('',(-37.38264675766,30.45,-12.0768721508));
#5884 = VECTOR('',#5885,1.);
#5885 = DIRECTION('',(-0.256289373133,0.,0.966600102017));
#5886 = ORIENTED_EDGE('',*,*,#5887,.T.);
#5887 = EDGE_CURVE('',#5880,#5888,#5890,.T.);
#5888 = VERTEX_POINT('',#5889);
#5889 = CARTESIAN_POINT('',(-37.52120327386,30.45,-10.8));
#5890 = LINE('',#5891,#5892);
#5891 = CARTESIAN_POINT('',(-5.600000000002,30.45,-10.8));
#5892 = VECTOR('',#5893,1.);
#5893 = DIRECTION('',(1.,0.,0.));
#5894 = ORIENTED_EDGE('',*,*,#5895,.T.);
#5895 = EDGE_CURVE('',#5888,#5896,#5898,.T.);
#5896 = VERTEX_POINT('',#5897);
#5897 = CARTESIAN_POINT('',(-37.52120327386,30.45,-5.2));
#5898 = LINE('',#5899,#5900);
#5899 = CARTESIAN_POINT('',(-37.52120327386,30.45,-11.875));
#5900 = VECTOR('',#5901,1.);
#5901 = DIRECTION('',(0.,0.,1.));
#5902 = ORIENTED_EDGE('',*,*,#5903,.F.);
#5903 = EDGE_CURVE('',#1887,#5896,#5904,.T.);
#5904 = LINE('',#5905,#5906);
#5905 = CARTESIAN_POINT('',(-38.35,30.45,-5.2));
#5906 = VECTOR('',#5907,1.);
#5907 = DIRECTION('',(1.,0.,0.));
#5908 = PLANE('',#5909);
#5909 = AXIS2_PLACEMENT_3D('',#5910,#5911,#5912);
#5910 = CARTESIAN_POINT('',(-38.35,30.45,-13.7));
#5911 = DIRECTION('',(0.,-1.,0.));
#5912 = DIRECTION('',(0.,0.,1.));
#5913 = ADVANCED_FACE('',(#5914),#5956,.T.);
#5914 = FACE_BOUND('',#5915,.T.);
#5915 = EDGE_LOOP('',(#5916,#5917,#5925,#5933,#5941,#5949,#5955));
#5916 = ORIENTED_EDGE('',*,*,#1950,.F.);
#5917 = ORIENTED_EDGE('',*,*,#5918,.T.);
#5918 = EDGE_CURVE('',#1943,#5919,#5921,.T.);
#5919 = VERTEX_POINT('',#5920);
#5920 = CARTESIAN_POINT('',(-37.52120327386,9.829999999951,-12.2));
#5921 = LINE('',#5922,#5923);
#5922 = CARTESIAN_POINT('',(-19.175,9.829999999951,-12.2));
#5923 = VECTOR('',#5924,1.);
#5924 = DIRECTION('',(1.,0.,0.));
#5925 = ORIENTED_EDGE('',*,*,#5926,.T.);
#5926 = EDGE_CURVE('',#5919,#5927,#5929,.T.);
#5927 = VERTEX_POINT('',#5928);
#5928 = CARTESIAN_POINT('',(-37.52120327386,9.829999999951,
    -11.55430369211));
#5929 = LINE('',#5930,#5931);
#5930 = CARTESIAN_POINT('',(-37.52120327386,9.829999999951,-11.875));
#5931 = VECTOR('',#5932,1.);
#5932 = DIRECTION('',(0.,0.,1.));
#5933 = ORIENTED_EDGE('',*,*,#5934,.T.);
#5934 = EDGE_CURVE('',#5927,#5935,#5937,.T.);
#5935 = VERTEX_POINT('',#5936);
#5936 = CARTESIAN_POINT('',(-37.72120327386,9.829999999951,-10.8));
#5937 = LINE('',#5938,#5939);
#5938 = CARTESIAN_POINT('',(-37.38264675766,9.829999999951,
    -12.0768721508));
#5939 = VECTOR('',#5940,1.);
#5940 = DIRECTION('',(-0.256289373133,0.,0.966600102017));
#5941 = ORIENTED_EDGE('',*,*,#5942,.T.);
#5942 = EDGE_CURVE('',#5935,#5943,#5945,.T.);
#5943 = VERTEX_POINT('',#5944);
#5944 = CARTESIAN_POINT('',(-37.52120327386,9.829999999951,-10.8));
#5945 = LINE('',#5946,#5947);
#5946 = CARTESIAN_POINT('',(-5.600000000002,9.829999999951,-10.8));
#5947 = VECTOR('',#5948,1.);
#5948 = DIRECTION('',(1.,0.,0.));
#5949 = ORIENTED_EDGE('',*,*,#5950,.T.);
#5950 = EDGE_CURVE('',#5943,#5847,#5951,.T.);
#5951 = LINE('',#5952,#5953);
#5952 = CARTESIAN_POINT('',(-37.52120327386,9.829999999951,-11.875));
#5953 = VECTOR('',#5954,1.);
#5954 = DIRECTION('',(0.,0.,1.));
#5955 = ORIENTED_EDGE('',*,*,#5846,.F.);
#5956 = PLANE('',#5957);
#5957 = AXIS2_PLACEMENT_3D('',#5958,#5959,#5960);
#5958 = CARTESIAN_POINT('',(-38.35,9.829999999951,-13.7));
#5959 = DIRECTION('',(0.,-1.,0.));
#5960 = DIRECTION('',(0.,0.,1.));
#5961 = ADVANCED_FACE('',(#5962),#5980,.T.);
#5962 = FACE_BOUND('',#5963,.T.);
#5963 = EDGE_LOOP('',(#5964,#5965,#5966,#5974));
#5964 = ORIENTED_EDGE('',*,*,#1894,.F.);
#5965 = ORIENTED_EDGE('',*,*,#5903,.T.);
#5966 = ORIENTED_EDGE('',*,*,#5967,.T.);
#5967 = EDGE_CURVE('',#5896,#5968,#5970,.T.);
#5968 = VERTEX_POINT('',#5969);
#5969 = CARTESIAN_POINT('',(-37.52120327386,23.25,-5.2));
#5970 = LINE('',#5971,#5972);
#5971 = CARTESIAN_POINT('',(-37.52120327386,24.042746858169,-5.2));
#5972 = VECTOR('',#5973,1.);
#5973 = DIRECTION('',(0.,-1.,0.));
#5974 = ORIENTED_EDGE('',*,*,#5975,.F.);
#5975 = EDGE_CURVE('',#1895,#5968,#5976,.T.);
#5976 = LINE('',#5977,#5978);
#5977 = CARTESIAN_POINT('',(-38.35,23.25,-5.2));
#5978 = VECTOR('',#5979,1.);
#5979 = DIRECTION('',(1.,0.,0.));
#5980 = PLANE('',#5981);
#5981 = AXIS2_PLACEMENT_3D('',#5982,#5983,#5984);
#5982 = CARTESIAN_POINT('',(-38.35,30.45,-5.2));
#5983 = DIRECTION('',(0.,0.,-1.));
#5984 = DIRECTION('',(0.,-1.,0.));
#5985 = ADVANCED_FACE('',(#5986),#6036,.F.);
#5986 = FACE_BOUND('',#5987,.F.);
#5987 = EDGE_LOOP('',(#5988,#5996,#5997,#5998,#6006,#6014,#6022,#6030));
#5988 = ORIENTED_EDGE('',*,*,#5989,.T.);
#5989 = EDGE_CURVE('',#5990,#1935,#5992,.T.);
#5990 = VERTEX_POINT('',#5991);
#5991 = CARTESIAN_POINT('',(-37.52120327386,14.03,-12.2));
#5992 = LINE('',#5993,#5994);
#5993 = CARTESIAN_POINT('',(-19.175,14.03,-12.2));
#5994 = VECTOR('',#5995,1.);
#5995 = DIRECTION('',(-1.,0.,0.));
#5996 = ORIENTED_EDGE('',*,*,#1942,.T.);
#5997 = ORIENTED_EDGE('',*,*,#5918,.T.);
#5998 = ORIENTED_EDGE('',*,*,#5999,.T.);
#5999 = EDGE_CURVE('',#5919,#6000,#6002,.T.);
#6000 = VERTEX_POINT('',#6001);
#6001 = CARTESIAN_POINT('',(-37.52120327386,10.83,-12.2));
#6002 = LINE('',#6003,#6004);
#6003 = CARTESIAN_POINT('',(-37.52120327386,8.817746858169,-12.2));
#6004 = VECTOR('',#6005,1.);
#6005 = DIRECTION('',(0.,1.,0.));
#6006 = ORIENTED_EDGE('',*,*,#6007,.F.);
#6007 = EDGE_CURVE('',#6008,#6000,#6010,.T.);
#6008 = VERTEX_POINT('',#6009);
#6009 = CARTESIAN_POINT('',(-37.35,10.83,-12.2));
#6010 = LINE('',#6011,#6012);
#6011 = CARTESIAN_POINT('',(-18.075,10.83,-12.2));
#6012 = VECTOR('',#6013,1.);
#6013 = DIRECTION('',(-1.,0.,0.));
#6014 = ORIENTED_EDGE('',*,*,#6015,.F.);
#6015 = EDGE_CURVE('',#6016,#6008,#6018,.T.);
#6016 = VERTEX_POINT('',#6017);
#6017 = CARTESIAN_POINT('',(-37.35,13.03,-12.2));
#6018 = LINE('',#6019,#6020);
#6019 = CARTESIAN_POINT('',(-37.35,36.75,-12.2));
#6020 = VECTOR('',#6021,1.);
#6021 = DIRECTION('',(0.,-1.,0.));
#6022 = ORIENTED_EDGE('',*,*,#6023,.F.);
#6023 = EDGE_CURVE('',#6024,#6016,#6026,.T.);
#6024 = VERTEX_POINT('',#6025);
#6025 = CARTESIAN_POINT('',(-37.52120327386,13.03,-12.2));
#6026 = LINE('',#6027,#6028);
#6027 = CARTESIAN_POINT('',(-18.075,13.03,-12.2));
#6028 = VECTOR('',#6029,1.);
#6029 = DIRECTION('',(1.,0.,0.));
#6030 = ORIENTED_EDGE('',*,*,#6031,.T.);
#6031 = EDGE_CURVE('',#6024,#5990,#6032,.T.);
#6032 = LINE('',#6033,#6034);
#6033 = CARTESIAN_POINT('',(-37.52120327386,8.817746858169,-12.2));
#6034 = VECTOR('',#6035,1.);
#6035 = DIRECTION('',(0.,1.,0.));
#6036 = PLANE('',#6037);
#6037 = AXIS2_PLACEMENT_3D('',#6038,#6039,#6040);
#6038 = CARTESIAN_POINT('',(-4.63E-15,-9.7E-15,-12.2));
#6039 = DIRECTION('',(0.,0.,1.));
#6040 = DIRECTION('',(1.,0.,0.));
#6041 = ADVANCED_FACE('',(#6042),#6084,.T.);
#6042 = FACE_BOUND('',#6043,.T.);
#6043 = EDGE_LOOP('',(#6044,#6045,#6046,#6054,#6062,#6070,#6078));
#6044 = ORIENTED_EDGE('',*,*,#1902,.F.);
#6045 = ORIENTED_EDGE('',*,*,#5975,.T.);
#6046 = ORIENTED_EDGE('',*,*,#6047,.T.);
#6047 = EDGE_CURVE('',#5968,#6048,#6050,.T.);
#6048 = VERTEX_POINT('',#6049);
#6049 = CARTESIAN_POINT('',(-37.52120327386,23.25,-10.8));
#6050 = LINE('',#6051,#6052);
#6051 = CARTESIAN_POINT('',(-37.52120327386,23.25,-7.625));
#6052 = VECTOR('',#6053,1.);
#6053 = DIRECTION('',(0.,0.,-1.));
#6054 = ORIENTED_EDGE('',*,*,#6055,.T.);
#6055 = EDGE_CURVE('',#6048,#6056,#6058,.T.);
#6056 = VERTEX_POINT('',#6057);
#6057 = CARTESIAN_POINT('',(-37.72120327386,23.25,-10.8));
#6058 = LINE('',#6059,#6060);
#6059 = CARTESIAN_POINT('',(-5.600000000002,23.25,-10.8));
#6060 = VECTOR('',#6061,1.);
#6061 = DIRECTION('',(-1.,0.,0.));
#6062 = ORIENTED_EDGE('',*,*,#6063,.T.);
#6063 = EDGE_CURVE('',#6056,#6064,#6066,.T.);
#6064 = VERTEX_POINT('',#6065);
#6065 = CARTESIAN_POINT('',(-37.52120327386,23.25,-11.55430369211));
#6066 = LINE('',#6067,#6068);
#6067 = CARTESIAN_POINT('',(-38.43549642807,23.25,-8.106030182625));
#6068 = VECTOR('',#6069,1.);
#6069 = DIRECTION('',(0.256289373133,0.,-0.966600102017));
#6070 = ORIENTED_EDGE('',*,*,#6071,.T.);
#6071 = EDGE_CURVE('',#6064,#6072,#6074,.T.);
#6072 = VERTEX_POINT('',#6073);
#6073 = CARTESIAN_POINT('',(-37.52120327386,23.25,-12.2));
#6074 = LINE('',#6075,#6076);
#6075 = CARTESIAN_POINT('',(-37.52120327386,23.25,-7.625));
#6076 = VECTOR('',#6077,1.);
#6077 = DIRECTION('',(0.,0.,-1.));
#6078 = ORIENTED_EDGE('',*,*,#6079,.T.);
#6079 = EDGE_CURVE('',#6072,#1903,#6080,.T.);
#6080 = LINE('',#6081,#6082);
#6081 = CARTESIAN_POINT('',(-19.175,23.25,-12.2));
#6082 = VECTOR('',#6083,1.);
#6083 = DIRECTION('',(-1.,0.,0.));
#6084 = PLANE('',#6085);
#6085 = AXIS2_PLACEMENT_3D('',#6086,#6087,#6088);
#6086 = CARTESIAN_POINT('',(-38.35,23.25,-5.2));
#6087 = DIRECTION('',(0.,1.,0.));
#6088 = DIRECTION('',(0.,0.,-1.));
#6089 = ADVANCED_FACE('',(#6090),#6132,.T.);
#6090 = FACE_BOUND('',#6091,.T.);
#6091 = EDGE_LOOP('',(#6092,#6093,#6101,#6109,#6117,#6125,#6131));
#6092 = ORIENTED_EDGE('',*,*,#1934,.F.);
#6093 = ORIENTED_EDGE('',*,*,#6094,.T.);
#6094 = EDGE_CURVE('',#1927,#6095,#6097,.T.);
#6095 = VERTEX_POINT('',#6096);
#6096 = CARTESIAN_POINT('',(-37.52120327386,14.03,-5.2));
#6097 = LINE('',#6098,#6099);
#6098 = CARTESIAN_POINT('',(-38.35,14.03,-5.2));
#6099 = VECTOR('',#6100,1.);
#6100 = DIRECTION('',(1.,0.,0.));
#6101 = ORIENTED_EDGE('',*,*,#6102,.T.);
#6102 = EDGE_CURVE('',#6095,#6103,#6105,.T.);
#6103 = VERTEX_POINT('',#6104);
#6104 = CARTESIAN_POINT('',(-37.52120327386,14.03,-10.8));
#6105 = LINE('',#6106,#6107);
#6106 = CARTESIAN_POINT('',(-37.52120327386,14.03,-7.625));
#6107 = VECTOR('',#6108,1.);
#6108 = DIRECTION('',(0.,0.,-1.));
#6109 = ORIENTED_EDGE('',*,*,#6110,.T.);
#6110 = EDGE_CURVE('',#6103,#6111,#6113,.T.);
#6111 = VERTEX_POINT('',#6112);
#6112 = CARTESIAN_POINT('',(-37.72120327386,14.03,-10.8));
#6113 = LINE('',#6114,#6115);
#6114 = CARTESIAN_POINT('',(-5.600000000002,14.03,-10.8));
#6115 = VECTOR('',#6116,1.);
#6116 = DIRECTION('',(-1.,0.,0.));
#6117 = ORIENTED_EDGE('',*,*,#6118,.T.);
#6118 = EDGE_CURVE('',#6111,#6119,#6121,.T.);
#6119 = VERTEX_POINT('',#6120);
#6120 = CARTESIAN_POINT('',(-37.52120327386,14.03,-11.55430369211));
#6121 = LINE('',#6122,#6123);
#6122 = CARTESIAN_POINT('',(-38.43549642807,14.03,-8.106030182625));
#6123 = VECTOR('',#6124,1.);
#6124 = DIRECTION('',(0.256289373133,0.,-0.966600102017));
#6125 = ORIENTED_EDGE('',*,*,#6126,.T.);
#6126 = EDGE_CURVE('',#6119,#5990,#6127,.T.);
#6127 = LINE('',#6128,#6129);
#6128 = CARTESIAN_POINT('',(-37.52120327386,14.03,-7.625));
#6129 = VECTOR('',#6130,1.);
#6130 = DIRECTION('',(0.,0.,-1.));
#6131 = ORIENTED_EDGE('',*,*,#5989,.T.);
#6132 = PLANE('',#6133);
#6133 = AXIS2_PLACEMENT_3D('',#6134,#6135,#6136);
#6134 = CARTESIAN_POINT('',(-38.35,14.03,-5.2));
#6135 = DIRECTION('',(0.,1.,0.));
#6136 = DIRECTION('',(0.,0.,-1.));
#6137 = ADVANCED_FACE('',(#6138),#6188,.F.);
#6138 = FACE_BOUND('',#6139,.F.);
#6139 = EDGE_LOOP('',(#6140,#6141,#6142,#6150,#6158,#6166,#6174,#6182));
#6140 = ORIENTED_EDGE('',*,*,#6079,.T.);
#6141 = ORIENTED_EDGE('',*,*,#1910,.T.);
#6142 = ORIENTED_EDGE('',*,*,#6143,.T.);
#6143 = EDGE_CURVE('',#1911,#6144,#6146,.T.);
#6144 = VERTEX_POINT('',#6145);
#6145 = CARTESIAN_POINT('',(-37.52120327386,18.73,-12.2));
#6146 = LINE('',#6147,#6148);
#6147 = CARTESIAN_POINT('',(-19.175,18.73,-12.2));
#6148 = VECTOR('',#6149,1.);
#6149 = DIRECTION('',(1.,0.,0.));
#6150 = ORIENTED_EDGE('',*,*,#6151,.T.);
#6151 = EDGE_CURVE('',#6144,#6152,#6154,.T.);
#6152 = VERTEX_POINT('',#6153);
#6153 = CARTESIAN_POINT('',(-37.52120327386,19.73,-12.2));
#6154 = LINE('',#6155,#6156);
#6155 = CARTESIAN_POINT('',(-37.52120327386,8.817746858169,-12.2));
#6156 = VECTOR('',#6157,1.);
#6157 = DIRECTION('',(0.,1.,0.));
#6158 = ORIENTED_EDGE('',*,*,#6159,.F.);
#6159 = EDGE_CURVE('',#6160,#6152,#6162,.T.);
#6160 = VERTEX_POINT('',#6161);
#6161 = CARTESIAN_POINT('',(-37.35,19.73,-12.2));
#6162 = LINE('',#6163,#6164);
#6163 = CARTESIAN_POINT('',(-18.075,19.73,-12.2));
#6164 = VECTOR('',#6165,1.);
#6165 = DIRECTION('',(-1.,0.,0.));
#6166 = ORIENTED_EDGE('',*,*,#6167,.F.);
#6167 = EDGE_CURVE('',#6168,#6160,#6170,.T.);
#6168 = VERTEX_POINT('',#6169);
#6169 = CARTESIAN_POINT('',(-37.35,21.45,-12.2));
#6170 = LINE('',#6171,#6172);
#6171 = CARTESIAN_POINT('',(-37.35,36.75,-12.2));
#6172 = VECTOR('',#6173,1.);
#6173 = DIRECTION('',(0.,-1.,0.));
#6174 = ORIENTED_EDGE('',*,*,#6175,.F.);
#6175 = EDGE_CURVE('',#6176,#6168,#6178,.T.);
#6176 = VERTEX_POINT('',#6177);
#6177 = CARTESIAN_POINT('',(-37.52120327386,21.45,-12.2));
#6178 = LINE('',#6179,#6180);
#6179 = CARTESIAN_POINT('',(-18.075,21.45,-12.2));
#6180 = VECTOR('',#6181,1.);
#6181 = DIRECTION('',(1.,0.,0.));
#6182 = ORIENTED_EDGE('',*,*,#6183,.T.);
#6183 = EDGE_CURVE('',#6176,#6072,#6184,.T.);
#6184 = LINE('',#6185,#6186);
#6185 = CARTESIAN_POINT('',(-37.52120327386,8.817746858169,-12.2));
#6186 = VECTOR('',#6187,1.);
#6187 = DIRECTION('',(0.,1.,0.));
#6188 = PLANE('',#6189);
#6189 = AXIS2_PLACEMENT_3D('',#6190,#6191,#6192);
#6190 = CARTESIAN_POINT('',(-4.63E-15,-9.7E-15,-12.2));
#6191 = DIRECTION('',(0.,0.,1.));
#6192 = DIRECTION('',(1.,0.,0.));
#6193 = ADVANCED_FACE('',(#6194),#6212,.T.);
#6194 = FACE_BOUND('',#6195,.T.);
#6195 = EDGE_LOOP('',(#6196,#6197,#6205,#6211));
#6196 = ORIENTED_EDGE('',*,*,#1926,.F.);
#6197 = ORIENTED_EDGE('',*,*,#6198,.T.);
#6198 = EDGE_CURVE('',#1919,#6199,#6201,.T.);
#6199 = VERTEX_POINT('',#6200);
#6200 = CARTESIAN_POINT('',(-37.52120327386,18.73,-5.2));
#6201 = LINE('',#6202,#6203);
#6202 = CARTESIAN_POINT('',(-38.35,18.73,-5.2));
#6203 = VECTOR('',#6204,1.);
#6204 = DIRECTION('',(1.,0.,0.));
#6205 = ORIENTED_EDGE('',*,*,#6206,.T.);
#6206 = EDGE_CURVE('',#6199,#6095,#6207,.T.);
#6207 = LINE('',#6208,#6209);
#6208 = CARTESIAN_POINT('',(-37.52120327386,18.182746858169,-5.2));
#6209 = VECTOR('',#6210,1.);
#6210 = DIRECTION('',(0.,-1.,0.));
#6211 = ORIENTED_EDGE('',*,*,#6094,.F.);
#6212 = PLANE('',#6213);
#6213 = AXIS2_PLACEMENT_3D('',#6214,#6215,#6216);
#6214 = CARTESIAN_POINT('',(-38.35,18.73,-5.2));
#6215 = DIRECTION('',(0.,0.,-1.));
#6216 = DIRECTION('',(0.,-1.,0.));
#6217 = ADVANCED_FACE('',(#6218),#6253,.T.);
#6218 = FACE_BOUND('',#6219,.T.);
#6219 = EDGE_LOOP('',(#6220,#6221,#6222,#6230,#6238,#6246,#6252));
#6220 = ORIENTED_EDGE('',*,*,#1918,.F.);
#6221 = ORIENTED_EDGE('',*,*,#6143,.T.);
#6222 = ORIENTED_EDGE('',*,*,#6223,.T.);
#6223 = EDGE_CURVE('',#6144,#6224,#6226,.T.);
#6224 = VERTEX_POINT('',#6225);
#6225 = CARTESIAN_POINT('',(-37.52120327386,18.73,-11.55430369211));
#6226 = LINE('',#6227,#6228);
#6227 = CARTESIAN_POINT('',(-37.52120327386,18.73,-11.875));
#6228 = VECTOR('',#6229,1.);
#6229 = DIRECTION('',(0.,0.,1.));
#6230 = ORIENTED_EDGE('',*,*,#6231,.T.);
#6231 = EDGE_CURVE('',#6224,#6232,#6234,.T.);
#6232 = VERTEX_POINT('',#6233);
#6233 = CARTESIAN_POINT('',(-37.72120327386,18.73,-10.8));
#6234 = LINE('',#6235,#6236);
#6235 = CARTESIAN_POINT('',(-37.38264675766,18.73,-12.0768721508));
#6236 = VECTOR('',#6237,1.);
#6237 = DIRECTION('',(-0.256289373133,0.,0.966600102017));
#6238 = ORIENTED_EDGE('',*,*,#6239,.T.);
#6239 = EDGE_CURVE('',#6232,#6240,#6242,.T.);
#6240 = VERTEX_POINT('',#6241);
#6241 = CARTESIAN_POINT('',(-37.52120327386,18.73,-10.8));
#6242 = LINE('',#6243,#6244);
#6243 = CARTESIAN_POINT('',(-5.600000000002,18.73,-10.8));
#6244 = VECTOR('',#6245,1.);
#6245 = DIRECTION('',(1.,0.,0.));
#6246 = ORIENTED_EDGE('',*,*,#6247,.T.);
#6247 = EDGE_CURVE('',#6240,#6199,#6248,.T.);
#6248 = LINE('',#6249,#6250);
#6249 = CARTESIAN_POINT('',(-37.52120327386,18.73,-11.875));
#6250 = VECTOR('',#6251,1.);
#6251 = DIRECTION('',(0.,0.,1.));
#6252 = ORIENTED_EDGE('',*,*,#6198,.F.);
#6253 = PLANE('',#6254);
#6254 = AXIS2_PLACEMENT_3D('',#6255,#6256,#6257);
#6255 = CARTESIAN_POINT('',(-38.35,18.73,-13.7));
#6256 = DIRECTION('',(0.,-1.,0.));
#6257 = DIRECTION('',(0.,0.,1.));
#6258 = ADVANCED_FACE('',(#6259),#6295,.T.);
#6259 = FACE_BOUND('',#6260,.T.);
#6260 = EDGE_LOOP('',(#6261,#6271,#6279,#6285,#6286,#6287,#6288,#6289));
#6261 = ORIENTED_EDGE('',*,*,#6262,.T.);
#6262 = EDGE_CURVE('',#6263,#6265,#6267,.T.);
#6263 = VERTEX_POINT('',#6264);
#6264 = CARTESIAN_POINT('',(-37.52120327386,10.83,-10.8));
#6265 = VERTEX_POINT('',#6266);
#6266 = CARTESIAN_POINT('',(-37.52120327386,10.83,-4.8));
#6267 = LINE('',#6268,#6269);
#6268 = CARTESIAN_POINT('',(-37.52120327386,10.83,-15.3));
#6269 = VECTOR('',#6270,1.);
#6270 = DIRECTION('',(0.,0.,1.));
#6271 = ORIENTED_EDGE('',*,*,#6272,.T.);
#6272 = EDGE_CURVE('',#6265,#6273,#6275,.T.);
#6273 = VERTEX_POINT('',#6274);
#6274 = CARTESIAN_POINT('',(-37.52120327386,4.13,-4.8));
#6275 = LINE('',#6276,#6277);
#6276 = CARTESIAN_POINT('',(-37.52120327386,10.83,-4.8));
#6277 = VECTOR('',#6278,1.);
#6278 = DIRECTION('',(0.,-1.,0.));
#6279 = ORIENTED_EDGE('',*,*,#6280,.T.);
#6280 = EDGE_CURVE('',#6273,#2262,#6281,.T.);
#6281 = LINE('',#6282,#6283);
#6282 = CARTESIAN_POINT('',(-37.52120327386,4.13,-4.8));
#6283 = VECTOR('',#6284,1.);
#6284 = DIRECTION('',(0.,0.,-1.));
#6285 = ORIENTED_EDGE('',*,*,#2269,.T.);
#6286 = ORIENTED_EDGE('',*,*,#2094,.F.);
#6287 = ORIENTED_EDGE('',*,*,#5854,.F.);
#6288 = ORIENTED_EDGE('',*,*,#5950,.F.);
#6289 = ORIENTED_EDGE('',*,*,#6290,.T.);
#6290 = EDGE_CURVE('',#5943,#6263,#6291,.T.);
#6291 = LINE('',#6292,#6293);
#6292 = CARTESIAN_POINT('',(-37.52120327386,27.192746858169,-10.8));
#6293 = VECTOR('',#6294,1.);
#6294 = DIRECTION('',(0.,1.,0.));
#6295 = PLANE('',#6296);
#6296 = AXIS2_PLACEMENT_3D('',#6297,#6298,#6299);
#6297 = CARTESIAN_POINT('',(-37.52120327386,17.635493716338,-10.05));
#6298 = DIRECTION('',(1.,0.,0.));
#6299 = DIRECTION('',(0.,0.,1.));
#6300 = ADVANCED_FACE('',(#6301),#6329,.F.);
#6301 = FACE_BOUND('',#6302,.T.);
#6302 = EDGE_LOOP('',(#6303,#6304,#6312,#6321,#6328));
#6303 = ORIENTED_EDGE('',*,*,#2244,.T.);
#6304 = ORIENTED_EDGE('',*,*,#6305,.T.);
#6305 = EDGE_CURVE('',#2245,#6306,#6308,.T.);
#6306 = VERTEX_POINT('',#6307);
#6307 = CARTESIAN_POINT('',(-36.15,-36.75,-2.2));
#6308 = LINE('',#6309,#6310);
#6309 = CARTESIAN_POINT('',(-36.15,-36.75,-12.2));
#6310 = VECTOR('',#6311,1.);
#6311 = DIRECTION('',(0.,0.,1.));
#6312 = ORIENTED_EDGE('',*,*,#6313,.T.);
#6313 = EDGE_CURVE('',#6306,#6314,#6316,.T.);
#6314 = VERTEX_POINT('',#6315);
#6315 = CARTESIAN_POINT('',(-30.59130487601,-45.06609408017,-2.2));
#6316 = CIRCLE('',#6317,9.);
#6317 = AXIS2_PLACEMENT_3D('',#6318,#6319,#6320);
#6318 = CARTESIAN_POINT('',(-27.15,-36.75,-2.2));
#6319 = DIRECTION('',(0.,0.,1.));
#6320 = DIRECTION('',(1.,0.,0.));
#6321 = ORIENTED_EDGE('',*,*,#6322,.T.);
#6322 = EDGE_CURVE('',#6314,#2145,#6323,.T.);
#6323 = CIRCLE('',#6324,9.);
#6324 = AXIS2_PLACEMENT_3D('',#6325,#6326,#6327);
#6325 = CARTESIAN_POINT('',(-27.15,-36.75,-2.2));
#6326 = DIRECTION('',(0.,0.,1.));
#6327 = DIRECTION('',(1.,0.,0.));
#6328 = ORIENTED_EDGE('',*,*,#2144,.F.);
#6329 = CYLINDRICAL_SURFACE('',#6330,9.);
#6330 = AXIS2_PLACEMENT_3D('',#6331,#6332,#6333);
#6331 = CARTESIAN_POINT('',(-27.15,-36.75,-12.2));
#6332 = DIRECTION('',(-0.,-0.,-1.));
#6333 = DIRECTION('',(1.,0.,0.));
#6334 = ADVANCED_FACE('',(#6335),#6354,.F.);
#6335 = FACE_BOUND('',#6336,.T.);
#6336 = EDGE_LOOP('',(#6337,#6345,#6352,#6353));
#6337 = ORIENTED_EDGE('',*,*,#6338,.T.);
#6338 = EDGE_CURVE('',#6314,#6339,#6341,.T.);
#6339 = VERTEX_POINT('',#6340);
#6340 = CARTESIAN_POINT('',(-30.59130487601,-45.06609408017,-0.6));
#6341 = LINE('',#6342,#6343);
#6342 = CARTESIAN_POINT('',(-30.59130487601,-45.06609408017,-2.2));
#6343 = VECTOR('',#6344,1.);
#6344 = DIRECTION('',(0.,0.,1.));
#6345 = ORIENTED_EDGE('',*,*,#6346,.T.);
#6346 = EDGE_CURVE('',#6339,#2153,#6347,.T.);
#6347 = CIRCLE('',#6348,8.999972729011);
#6348 = AXIS2_PLACEMENT_3D('',#6349,#6350,#6351);
#6349 = CARTESIAN_POINT('',(-27.15000541968,-36.75002727098,-0.6));
#6350 = DIRECTION('',(0.,0.,1.));
#6351 = DIRECTION('',(1.,0.,0.));
#6352 = ORIENTED_EDGE('',*,*,#2152,.F.);
#6353 = ORIENTED_EDGE('',*,*,#6322,.F.);
#6354 = CYLINDRICAL_SURFACE('',#6355,8.999972729011);
#6355 = AXIS2_PLACEMENT_3D('',#6356,#6357,#6358);
#6356 = CARTESIAN_POINT('',(-27.15000541968,-36.75002727098,-2.2));
#6357 = DIRECTION('',(-0.,-0.,-1.));
#6358 = DIRECTION('',(1.,0.,0.));
#6359 = ADVANCED_FACE('',(#6360),#6394,.F.);
#6360 = FACE_BOUND('',#6361,.F.);
#6361 = EDGE_LOOP('',(#6362,#6363,#6372,#6378,#6379,#6380,#6381,#6382,
    #6383,#6384,#6385,#6386,#6387,#6393));
#6362 = ORIENTED_EDGE('',*,*,#2160,.F.);
#6363 = ORIENTED_EDGE('',*,*,#6364,.T.);
#6364 = EDGE_CURVE('',#2161,#6365,#6367,.T.);
#6365 = VERTEX_POINT('',#6366);
#6366 = CARTESIAN_POINT('',(30.1,-45.25279365855,-0.6));
#6367 = CIRCLE('',#6368,9.);
#6368 = AXIS2_PLACEMENT_3D('',#6369,#6370,#6371);
#6369 = CARTESIAN_POINT('',(27.15,-36.75,-0.6));
#6370 = DIRECTION('',(0.,0.,1.));
#6371 = DIRECTION('',(1.,0.,0.));
#6372 = ORIENTED_EDGE('',*,*,#6373,.T.);
#6373 = EDGE_CURVE('',#6365,#3856,#6374,.T.);
#6374 = LINE('',#6375,#6376);
#6375 = CARTESIAN_POINT('',(30.1,-45.25279365855,-0.6));
#6376 = VECTOR('',#6377,1.);
#6377 = DIRECTION('',(0.,1.,0.));
#6378 = ORIENTED_EDGE('',*,*,#3855,.T.);
#6379 = ORIENTED_EDGE('',*,*,#3935,.F.);
#6380 = ORIENTED_EDGE('',*,*,#3978,.F.);
#6381 = ORIENTED_EDGE('',*,*,#4026,.F.);
#6382 = ORIENTED_EDGE('',*,*,#4074,.T.);
#6383 = ORIENTED_EDGE('',*,*,#4050,.T.);
#6384 = ORIENTED_EDGE('',*,*,#4002,.T.);
#6385 = ORIENTED_EDGE('',*,*,#3953,.F.);
#6386 = ORIENTED_EDGE('',*,*,#3904,.T.);
#6387 = ORIENTED_EDGE('',*,*,#6388,.F.);
#6388 = EDGE_CURVE('',#6339,#3897,#6389,.T.);
#6389 = LINE('',#6390,#6391);
#6390 = CARTESIAN_POINT('',(-30.59130487601,-45.06609408017,-0.6));
#6391 = VECTOR('',#6392,1.);
#6392 = DIRECTION('',(0.,1.,0.));
#6393 = ORIENTED_EDGE('',*,*,#6346,.T.);
#6394 = PLANE('',#6395);
#6395 = AXIS2_PLACEMENT_3D('',#6396,#6397,#6398);
#6396 = CARTESIAN_POINT('',(-0.203698775639,-42.05241819691,-0.6));
#6397 = DIRECTION('',(0.,0.,1.));
#6398 = DIRECTION('',(1.,0.,0.));
#6399 = ADVANCED_FACE('',(#6400),#6462,.F.);
#6400 = FACE_BOUND('',#6401,.T.);
#6401 = EDGE_LOOP('',(#6402,#6403,#6404,#6412,#6421,#6429,#6438,#6446,
    #6455,#6461));
#6402 = ORIENTED_EDGE('',*,*,#2168,.T.);
#6403 = ORIENTED_EDGE('',*,*,#6364,.T.);
#6404 = ORIENTED_EDGE('',*,*,#6405,.F.);
#6405 = EDGE_CURVE('',#6406,#6365,#6408,.T.);
#6406 = VERTEX_POINT('',#6407);
#6407 = CARTESIAN_POINT('',(30.1,-45.25279365855,-2.2));
#6408 = LINE('',#6409,#6410);
#6409 = CARTESIAN_POINT('',(30.1,-45.25279365855,-2.2));
#6410 = VECTOR('',#6411,1.);
#6411 = DIRECTION('',(0.,0.,1.));
#6412 = ORIENTED_EDGE('',*,*,#6413,.T.);
#6413 = EDGE_CURVE('',#6406,#6414,#6416,.T.);
#6414 = VERTEX_POINT('',#6415);
#6415 = CARTESIAN_POINT('',(33.042787797876,-43.55257686242,-2.2));
#6416 = CIRCLE('',#6417,9.);
#6417 = AXIS2_PLACEMENT_3D('',#6418,#6419,#6420);
#6418 = CARTESIAN_POINT('',(27.15,-36.75,-2.2));
#6419 = DIRECTION('',(0.,0.,1.));
#6420 = DIRECTION('',(1.,0.,0.));
#6421 = ORIENTED_EDGE('',*,*,#6422,.T.);
#6422 = EDGE_CURVE('',#6414,#6423,#6425,.T.);
#6423 = VERTEX_POINT('',#6424);
#6424 = CARTESIAN_POINT('',(33.042787797876,-43.55257686242,-5.3));
#6425 = LINE('',#6426,#6427);
#6426 = CARTESIAN_POINT('',(33.042787797876,-43.55257686242,-12.2));
#6427 = VECTOR('',#6428,1.);
#6428 = DIRECTION('',(-0.,-0.,-1.));
#6429 = ORIENTED_EDGE('',*,*,#6430,.F.);
#6430 = EDGE_CURVE('',#6431,#6423,#6433,.T.);
#6431 = VERTEX_POINT('',#6432);
#6432 = CARTESIAN_POINT('',(33.77660085675,-42.84000501521,-5.3));
#6433 = CIRCLE('',#6434,9.);
#6434 = AXIS2_PLACEMENT_3D('',#6435,#6436,#6437);
#6435 = CARTESIAN_POINT('',(27.15,-36.75,-5.3));
#6436 = DIRECTION('',(0.,0.,-1.));
#6437 = DIRECTION('',(1.,0.,0.));
#6438 = ORIENTED_EDGE('',*,*,#6439,.F.);
#6439 = EDGE_CURVE('',#6440,#6431,#6442,.T.);
#6440 = VERTEX_POINT('',#6441);
#6441 = CARTESIAN_POINT('',(33.77660085675,-42.84000501521,-2.2));
#6442 = LINE('',#6443,#6444);
#6443 = CARTESIAN_POINT('',(33.77660085675,-42.84000501521,-12.2));
#6444 = VECTOR('',#6445,1.);
#6445 = DIRECTION('',(-0.,-0.,-1.));
#6446 = ORIENTED_EDGE('',*,*,#6447,.T.);
#6447 = EDGE_CURVE('',#6440,#6448,#6450,.T.);
#6448 = VERTEX_POINT('',#6449);
#6449 = CARTESIAN_POINT('',(36.15,-36.75,-2.2));
#6450 = CIRCLE('',#6451,9.);
#6451 = AXIS2_PLACEMENT_3D('',#6452,#6453,#6454);
#6452 = CARTESIAN_POINT('',(27.15,-36.75,-2.2));
#6453 = DIRECTION('',(0.,0.,1.));
#6454 = DIRECTION('',(1.,0.,0.));
#6455 = ORIENTED_EDGE('',*,*,#6456,.F.);
#6456 = EDGE_CURVE('',#2215,#6448,#6457,.T.);
#6457 = LINE('',#6458,#6459);
#6458 = CARTESIAN_POINT('',(36.15,-36.75,-12.2));
#6459 = VECTOR('',#6460,1.);
#6460 = DIRECTION('',(0.,0.,1.));
#6461 = ORIENTED_EDGE('',*,*,#2222,.T.);
#6462 = CYLINDRICAL_SURFACE('',#6463,9.);
#6463 = AXIS2_PLACEMENT_3D('',#6464,#6465,#6466);
#6464 = CARTESIAN_POINT('',(27.15,-36.75,-12.2));
#6465 = DIRECTION('',(-0.,-0.,-1.));
#6466 = DIRECTION('',(1.,0.,0.));
#6467 = ADVANCED_FACE('',(#6468),#6550,.T.);
#6468 = FACE_BOUND('',#6469,.T.);
#6469 = EDGE_LOOP('',(#6470,#6471,#6472,#6480,#6488,#6496,#6504,#6512,
    #6520,#6528,#6536,#6544));
#6470 = ORIENTED_EDGE('',*,*,#2214,.F.);
#6471 = ORIENTED_EDGE('',*,*,#6456,.T.);
#6472 = ORIENTED_EDGE('',*,*,#6473,.T.);
#6473 = EDGE_CURVE('',#6448,#6474,#6476,.T.);
#6474 = VERTEX_POINT('',#6475);
#6475 = CARTESIAN_POINT('',(36.15,36.75,-2.2));
#6476 = LINE('',#6477,#6478);
#6477 = CARTESIAN_POINT('',(36.15,-36.75,-2.2));
#6478 = VECTOR('',#6479,1.);
#6479 = DIRECTION('',(0.,1.,0.));
#6480 = ORIENTED_EDGE('',*,*,#6481,.F.);
#6481 = EDGE_CURVE('',#6482,#6474,#6484,.T.);
#6482 = VERTEX_POINT('',#6483);
#6483 = CARTESIAN_POINT('',(36.15,36.75,-10.8));
#6484 = LINE('',#6485,#6486);
#6485 = CARTESIAN_POINT('',(36.15,36.75,-12.2));
#6486 = VECTOR('',#6487,1.);
#6487 = DIRECTION('',(0.,0.,1.));
#6488 = ORIENTED_EDGE('',*,*,#6489,.F.);
#6489 = EDGE_CURVE('',#6490,#6482,#6492,.T.);
#6490 = VERTEX_POINT('',#6491);
#6491 = CARTESIAN_POINT('',(36.15,19.730000000041,-10.8));
#6492 = LINE('',#6493,#6494);
#6493 = CARTESIAN_POINT('',(36.15,7.11E-15,-10.8));
#6494 = VECTOR('',#6495,1.);
#6495 = DIRECTION('',(0.,1.,0.));
#6496 = ORIENTED_EDGE('',*,*,#6497,.T.);
#6497 = EDGE_CURVE('',#6490,#6498,#6500,.T.);
#6498 = VERTEX_POINT('',#6499);
#6499 = CARTESIAN_POINT('',(36.15,19.730000000041,-4.8));
#6500 = LINE('',#6501,#6502);
#6501 = CARTESIAN_POINT('',(36.15,19.730000000041,-15.3));
#6502 = VECTOR('',#6503,1.);
#6503 = DIRECTION('',(0.,0.,1.));
#6504 = ORIENTED_EDGE('',*,*,#6505,.T.);
#6505 = EDGE_CURVE('',#6498,#6506,#6508,.T.);
#6506 = VERTEX_POINT('',#6507);
#6507 = CARTESIAN_POINT('',(36.15,13.029999999959,-4.8));
#6508 = LINE('',#6509,#6510);
#6509 = CARTESIAN_POINT('',(36.15,19.730000000041,-4.8));
#6510 = VECTOR('',#6511,1.);
#6511 = DIRECTION('',(0.,-1.,0.));
#6512 = ORIENTED_EDGE('',*,*,#6513,.T.);
#6513 = EDGE_CURVE('',#6506,#6514,#6516,.T.);
#6514 = VERTEX_POINT('',#6515);
#6515 = CARTESIAN_POINT('',(36.15,13.029999999959,-10.8));
#6516 = LINE('',#6517,#6518);
#6517 = CARTESIAN_POINT('',(36.15,13.029999999959,-4.8));
#6518 = VECTOR('',#6519,1.);
#6519 = DIRECTION('',(0.,0.,-1.));
#6520 = ORIENTED_EDGE('',*,*,#6521,.F.);
#6521 = EDGE_CURVE('',#6522,#6514,#6524,.T.);
#6522 = VERTEX_POINT('',#6523);
#6523 = CARTESIAN_POINT('',(36.15,10.83,-10.8));
#6524 = LINE('',#6525,#6526);
#6525 = CARTESIAN_POINT('',(36.15,7.11E-15,-10.8));
#6526 = VECTOR('',#6527,1.);
#6527 = DIRECTION('',(0.,1.,0.));
#6528 = ORIENTED_EDGE('',*,*,#6529,.T.);
#6529 = EDGE_CURVE('',#6522,#6530,#6532,.T.);
#6530 = VERTEX_POINT('',#6531);
#6531 = CARTESIAN_POINT('',(36.15,10.83,-4.8));
#6532 = LINE('',#6533,#6534);
#6533 = CARTESIAN_POINT('',(36.15,10.83,-15.3));
#6534 = VECTOR('',#6535,1.);
#6535 = DIRECTION('',(0.,0.,1.));
#6536 = ORIENTED_EDGE('',*,*,#6537,.T.);
#6537 = EDGE_CURVE('',#6530,#6538,#6540,.T.);
#6538 = VERTEX_POINT('',#6539);
#6539 = CARTESIAN_POINT('',(36.15,4.13,-4.8));
#6540 = LINE('',#6541,#6542);
#6541 = CARTESIAN_POINT('',(36.15,10.83,-4.8));
#6542 = VECTOR('',#6543,1.);
#6543 = DIRECTION('',(0.,-1.,0.));
#6544 = ORIENTED_EDGE('',*,*,#6545,.T.);
#6545 = EDGE_CURVE('',#6538,#2207,#6546,.T.);
#6546 = LINE('',#6547,#6548);
#6547 = CARTESIAN_POINT('',(36.15,4.13,-4.8));
#6548 = VECTOR('',#6549,1.);
#6549 = DIRECTION('',(0.,0.,-1.));
#6550 = PLANE('',#6551);
#6551 = AXIS2_PLACEMENT_3D('',#6552,#6553,#6554);
#6552 = CARTESIAN_POINT('',(36.15,-36.75,-12.2));
#6553 = DIRECTION('',(-1.,0.,0.));
#6554 = DIRECTION('',(0.,1.,0.));
#6555 = ADVANCED_FACE('',(#6556),#6567,.T.);
#6556 = FACE_BOUND('',#6557,.T.);
#6557 = EDGE_LOOP('',(#6558,#6559,#6565,#6566));
#6558 = ORIENTED_EDGE('',*,*,#6545,.F.);
#6559 = ORIENTED_EDGE('',*,*,#6560,.T.);
#6560 = EDGE_CURVE('',#6538,#5708,#6561,.T.);
#6561 = LINE('',#6562,#6563);
#6562 = CARTESIAN_POINT('',(36.15,4.13,-4.8));
#6563 = VECTOR('',#6564,1.);
#6564 = DIRECTION('',(1.,0.,0.));
#6565 = ORIENTED_EDGE('',*,*,#5715,.T.);
#6566 = ORIENTED_EDGE('',*,*,#2206,.T.);
#6567 = PLANE('',#6568);
#6568 = AXIS2_PLACEMENT_3D('',#6569,#6570,#6571);
#6569 = CARTESIAN_POINT('',(36.15,4.13,-4.8));
#6570 = DIRECTION('',(0.,1.,0.));
#6571 = DIRECTION('',(0.,0.,-1.));
#6572 = ADVANCED_FACE('',(#6573),#6591,.F.);
#6573 = FACE_BOUND('',#6574,.F.);
#6574 = EDGE_LOOP('',(#6575,#6583,#6589,#6590));
#6575 = ORIENTED_EDGE('',*,*,#6576,.F.);
#6576 = EDGE_CURVE('',#6577,#2254,#6579,.T.);
#6577 = VERTEX_POINT('',#6578);
#6578 = CARTESIAN_POINT('',(-36.15,4.13,-4.8));
#6579 = LINE('',#6580,#6581);
#6580 = CARTESIAN_POINT('',(-36.15,4.13,-4.8));
#6581 = VECTOR('',#6582,1.);
#6582 = DIRECTION('',(0.,0.,-1.));
#6583 = ORIENTED_EDGE('',*,*,#6584,.T.);
#6584 = EDGE_CURVE('',#6577,#6273,#6585,.T.);
#6585 = LINE('',#6586,#6587);
#6586 = CARTESIAN_POINT('',(-36.15,4.13,-4.8));
#6587 = VECTOR('',#6588,1.);
#6588 = DIRECTION('',(-1.,-0.,-0.));
#6589 = ORIENTED_EDGE('',*,*,#6280,.T.);
#6590 = ORIENTED_EDGE('',*,*,#2261,.T.);
#6591 = PLANE('',#6592);
#6592 = AXIS2_PLACEMENT_3D('',#6593,#6594,#6595);
#6593 = CARTESIAN_POINT('',(-36.15,4.13,-4.8));
#6594 = DIRECTION('',(0.,-1.,0.));
#6595 = DIRECTION('',(0.,0.,-1.));
#6596 = ADVANCED_FACE('',(#6597),#6736,.T.);
#6597 = FACE_BOUND('',#6598,.T.);
#6598 = EDGE_LOOP('',(#6599,#6609,#6617,#6625,#6633,#6641,#6649,#6655,
    #6656,#6657,#6658,#6666,#6674,#6682,#6690,#6698,#6706,#6714,#6722,
    #6730));
#6599 = ORIENTED_EDGE('',*,*,#6600,.F.);
#6600 = EDGE_CURVE('',#6601,#6603,#6605,.T.);
#6601 = VERTEX_POINT('',#6602);
#6602 = CARTESIAN_POINT('',(-36.15,36.75,-10.8));
#6603 = VERTEX_POINT('',#6604);
#6604 = CARTESIAN_POINT('',(-36.15,32.25,-10.8));
#6605 = LINE('',#6606,#6607);
#6606 = CARTESIAN_POINT('',(-36.15,36.75,-10.8));
#6607 = VECTOR('',#6608,1.);
#6608 = DIRECTION('',(0.,-1.,0.));
#6609 = ORIENTED_EDGE('',*,*,#6610,.T.);
#6610 = EDGE_CURVE('',#6601,#6611,#6613,.T.);
#6611 = VERTEX_POINT('',#6612);
#6612 = CARTESIAN_POINT('',(-36.15,36.75,-2.2));
#6613 = LINE('',#6614,#6615);
#6614 = CARTESIAN_POINT('',(-36.15,36.75,-12.2));
#6615 = VECTOR('',#6616,1.);
#6616 = DIRECTION('',(0.,0.,1.));
#6617 = ORIENTED_EDGE('',*,*,#6618,.T.);
#6618 = EDGE_CURVE('',#6611,#6619,#6621,.T.);
#6619 = VERTEX_POINT('',#6620);
#6620 = CARTESIAN_POINT('',(-36.15,-34.52879435587,-2.2));
#6621 = LINE('',#6622,#6623);
#6622 = CARTESIAN_POINT('',(-36.15,36.75,-2.2));
#6623 = VECTOR('',#6624,1.);
#6624 = DIRECTION('',(0.,-1.,0.));
#6625 = ORIENTED_EDGE('',*,*,#6626,.F.);
#6626 = EDGE_CURVE('',#6627,#6619,#6629,.T.);
#6627 = VERTEX_POINT('',#6628);
#6628 = CARTESIAN_POINT('',(-36.15,-34.52879435587,-5.3));
#6629 = LINE('',#6630,#6631);
#6630 = CARTESIAN_POINT('',(-36.15,-34.52879435587,-2.2));
#6631 = VECTOR('',#6632,1.);
#6632 = DIRECTION('',(0.,0.,1.));
#6633 = ORIENTED_EDGE('',*,*,#6634,.T.);
#6634 = EDGE_CURVE('',#6627,#6635,#6637,.T.);
#6635 = VERTEX_POINT('',#6636);
#6636 = CARTESIAN_POINT('',(-36.15,-36.43520564412,-5.3));
#6637 = LINE('',#6638,#6639);
#6638 = CARTESIAN_POINT('',(-36.15,19.18125,-5.3));
#6639 = VECTOR('',#6640,1.);
#6640 = DIRECTION('',(0.,-1.,0.));
#6641 = ORIENTED_EDGE('',*,*,#6642,.T.);
#6642 = EDGE_CURVE('',#6635,#6643,#6645,.T.);
#6643 = VERTEX_POINT('',#6644);
#6644 = CARTESIAN_POINT('',(-36.15,-36.43520564412,-2.2));
#6645 = LINE('',#6646,#6647);
#6646 = CARTESIAN_POINT('',(-36.15,-36.43520564412,-2.2));
#6647 = VECTOR('',#6648,1.);
#6648 = DIRECTION('',(0.,0.,1.));
#6649 = ORIENTED_EDGE('',*,*,#6650,.T.);
#6650 = EDGE_CURVE('',#6643,#6306,#6651,.T.);
#6651 = LINE('',#6652,#6653);
#6652 = CARTESIAN_POINT('',(-36.15,36.75,-2.2));
#6653 = VECTOR('',#6654,1.);
#6654 = DIRECTION('',(0.,-1.,0.));
#6655 = ORIENTED_EDGE('',*,*,#6305,.F.);
#6656 = ORIENTED_EDGE('',*,*,#2253,.F.);
#6657 = ORIENTED_EDGE('',*,*,#6576,.F.);
#6658 = ORIENTED_EDGE('',*,*,#6659,.F.);
#6659 = EDGE_CURVE('',#6660,#6577,#6662,.T.);
#6660 = VERTEX_POINT('',#6661);
#6661 = CARTESIAN_POINT('',(-36.15,10.83,-4.8));
#6662 = LINE('',#6663,#6664);
#6663 = CARTESIAN_POINT('',(-36.15,10.83,-4.8));
#6664 = VECTOR('',#6665,1.);
#6665 = DIRECTION('',(0.,-1.,0.));
#6666 = ORIENTED_EDGE('',*,*,#6667,.F.);
#6667 = EDGE_CURVE('',#6668,#6660,#6670,.T.);
#6668 = VERTEX_POINT('',#6669);
#6669 = CARTESIAN_POINT('',(-36.15,10.83,-10.8));
#6670 = LINE('',#6671,#6672);
#6671 = CARTESIAN_POINT('',(-36.15,10.83,-15.3));
#6672 = VECTOR('',#6673,1.);
#6673 = DIRECTION('',(0.,0.,1.));
#6674 = ORIENTED_EDGE('',*,*,#6675,.F.);
#6675 = EDGE_CURVE('',#6676,#6668,#6678,.T.);
#6676 = VERTEX_POINT('',#6677);
#6677 = CARTESIAN_POINT('',(-36.15,13.03,-10.8));
#6678 = LINE('',#6679,#6680);
#6679 = CARTESIAN_POINT('',(-36.15,36.75,-10.8));
#6680 = VECTOR('',#6681,1.);
#6681 = DIRECTION('',(0.,-1.,0.));
#6682 = ORIENTED_EDGE('',*,*,#6683,.F.);
#6683 = EDGE_CURVE('',#6684,#6676,#6686,.T.);
#6684 = VERTEX_POINT('',#6685);
#6685 = CARTESIAN_POINT('',(-36.15,13.03,-4.8));
#6686 = LINE('',#6687,#6688);
#6687 = CARTESIAN_POINT('',(-36.15,13.03,-4.8));
#6688 = VECTOR('',#6689,1.);
#6689 = DIRECTION('',(0.,0.,-1.));
#6690 = ORIENTED_EDGE('',*,*,#6691,.F.);
#6691 = EDGE_CURVE('',#6692,#6684,#6694,.T.);
#6692 = VERTEX_POINT('',#6693);
#6693 = CARTESIAN_POINT('',(-36.15,19.73,-4.8));
#6694 = LINE('',#6695,#6696);
#6695 = CARTESIAN_POINT('',(-36.15,19.73,-4.8));
#6696 = VECTOR('',#6697,1.);
#6697 = DIRECTION('',(0.,-1.,0.));
#6698 = ORIENTED_EDGE('',*,*,#6699,.F.);
#6699 = EDGE_CURVE('',#6700,#6692,#6702,.T.);
#6700 = VERTEX_POINT('',#6701);
#6701 = CARTESIAN_POINT('',(-36.15,19.73,-10.8));
#6702 = LINE('',#6703,#6704);
#6703 = CARTESIAN_POINT('',(-36.15,19.73,-15.3));
#6704 = VECTOR('',#6705,1.);
#6705 = DIRECTION('',(0.,0.,1.));
#6706 = ORIENTED_EDGE('',*,*,#6707,.F.);
#6707 = EDGE_CURVE('',#6708,#6700,#6710,.T.);
#6708 = VERTEX_POINT('',#6709);
#6709 = CARTESIAN_POINT('',(-36.15,21.45,-10.8));
#6710 = LINE('',#6711,#6712);
#6711 = CARTESIAN_POINT('',(-36.15,36.75,-10.8));
#6712 = VECTOR('',#6713,1.);
#6713 = DIRECTION('',(0.,-1.,0.));
#6714 = ORIENTED_EDGE('',*,*,#6715,.F.);
#6715 = EDGE_CURVE('',#6716,#6708,#6718,.T.);
#6716 = VERTEX_POINT('',#6717);
#6717 = CARTESIAN_POINT('',(-36.15,21.45,-4.8));
#6718 = LINE('',#6719,#6720);
#6719 = CARTESIAN_POINT('',(-36.15,21.45,-4.8));
#6720 = VECTOR('',#6721,1.);
#6721 = DIRECTION('',(0.,0.,-1.));
#6722 = ORIENTED_EDGE('',*,*,#6723,.F.);
#6723 = EDGE_CURVE('',#6724,#6716,#6726,.T.);
#6724 = VERTEX_POINT('',#6725);
#6725 = CARTESIAN_POINT('',(-36.15,32.25,-4.8));
#6726 = LINE('',#6727,#6728);
#6727 = CARTESIAN_POINT('',(-36.15,32.25,-4.8));
#6728 = VECTOR('',#6729,1.);
#6729 = DIRECTION('',(0.,-1.,0.));
#6730 = ORIENTED_EDGE('',*,*,#6731,.F.);
#6731 = EDGE_CURVE('',#6603,#6724,#6732,.T.);
#6732 = LINE('',#6733,#6734);
#6733 = CARTESIAN_POINT('',(-36.15,32.25,-15.3));
#6734 = VECTOR('',#6735,1.);
#6735 = DIRECTION('',(0.,0.,1.));
#6736 = PLANE('',#6737);
#6737 = AXIS2_PLACEMENT_3D('',#6738,#6739,#6740);
#6738 = CARTESIAN_POINT('',(-36.15,36.75,-12.2));
#6739 = DIRECTION('',(1.,0.,0.));
#6740 = DIRECTION('',(0.,-1.,0.));
#6741 = ADVANCED_FACE('',(#6742),#6791,.T.);
#6742 = FACE_BOUND('',#6743,.T.);
#6743 = EDGE_LOOP('',(#6744,#6745,#6746,#6747,#6748,#6757,#6766,#6774,
    #6783,#6790));
#6744 = ORIENTED_EDGE('',*,*,#5747,.F.);
#6745 = ORIENTED_EDGE('',*,*,#2700,.F.);
#6746 = ORIENTED_EDGE('',*,*,#2311,.T.);
#6747 = ORIENTED_EDGE('',*,*,#2344,.T.);
#6748 = ORIENTED_EDGE('',*,*,#6749,.T.);
#6749 = EDGE_CURVE('',#2345,#6750,#6752,.T.);
#6750 = VERTEX_POINT('',#6751);
#6751 = CARTESIAN_POINT('',(21.1,47.95,-11.2));
#6752 = CIRCLE('',#6753,2.7);
#6753 = AXIS2_PLACEMENT_3D('',#6754,#6755,#6756);
#6754 = CARTESIAN_POINT('',(18.4,47.95,-11.2));
#6755 = DIRECTION('',(0.,-1.,0.));
#6756 = DIRECTION('',(1.,0.,0.));
#6757 = ORIENTED_EDGE('',*,*,#6758,.T.);
#6758 = EDGE_CURVE('',#6750,#6759,#6761,.T.);
#6759 = VERTEX_POINT('',#6760);
#6760 = CARTESIAN_POINT('',(15.892012759203,47.95,-12.2));
#6761 = CIRCLE('',#6762,2.7);
#6762 = AXIS2_PLACEMENT_3D('',#6763,#6764,#6765);
#6763 = CARTESIAN_POINT('',(18.4,47.95,-11.2));
#6764 = DIRECTION('',(0.,-1.,0.));
#6765 = DIRECTION('',(1.,0.,0.));
#6766 = ORIENTED_EDGE('',*,*,#6767,.T.);
#6767 = EDGE_CURVE('',#6759,#6768,#6770,.T.);
#6768 = VERTEX_POINT('',#6769);
#6769 = CARTESIAN_POINT('',(9.155749299439,47.95,-12.2));
#6770 = LINE('',#6771,#6772);
#6771 = CARTESIAN_POINT('',(27.15,47.95,-12.2));
#6772 = VECTOR('',#6773,1.);
#6773 = DIRECTION('',(-1.,0.,0.));
#6774 = ORIENTED_EDGE('',*,*,#6775,.T.);
#6775 = EDGE_CURVE('',#6768,#6776,#6778,.T.);
#6776 = VERTEX_POINT('',#6777);
#6777 = CARTESIAN_POINT('',(9.17,47.95,-11.95));
#6778 = CIRCLE('',#6779,2.2);
#6779 = AXIS2_PLACEMENT_3D('',#6780,#6781,#6782);
#6780 = CARTESIAN_POINT('',(6.97,47.95,-11.95));
#6781 = DIRECTION('',(0.,-1.,0.));
#6782 = DIRECTION('',(1.,0.,0.));
#6783 = ORIENTED_EDGE('',*,*,#6784,.T.);
#6784 = EDGE_CURVE('',#6776,#5775,#6785,.T.);
#6785 = CIRCLE('',#6786,2.2);
#6786 = AXIS2_PLACEMENT_3D('',#6787,#6788,#6789);
#6787 = CARTESIAN_POINT('',(6.97,47.95,-11.95));
#6788 = DIRECTION('',(0.,-1.,0.));
#6789 = DIRECTION('',(1.,0.,0.));
#6790 = ORIENTED_EDGE('',*,*,#5782,.T.);
#6791 = PLANE('',#6792);
#6792 = AXIS2_PLACEMENT_3D('',#6793,#6794,#6795);
#6793 = CARTESIAN_POINT('',(27.15,47.95,0.));
#6794 = DIRECTION('',(0.,1.,0.));
#6795 = DIRECTION('',(-1.,0.,0.));
#6796 = ADVANCED_FACE('',(#6797),#6815,.F.);
#6797 = FACE_BOUND('',#6798,.F.);
#6798 = EDGE_LOOP('',(#6799,#6807,#6813,#6814));
#6799 = ORIENTED_EDGE('',*,*,#6800,.T.);
#6800 = EDGE_CURVE('',#2386,#6801,#6803,.T.);
#6801 = VERTEX_POINT('',#6802);
#6802 = CARTESIAN_POINT('',(37.521203273864,19.730000000041,
    -11.5543036921));
#6803 = LINE('',#6804,#6805);
#6804 = CARTESIAN_POINT('',(37.521203273864,19.730000000041,-15.3));
#6805 = VECTOR('',#6806,1.);
#6806 = DIRECTION('',(0.,0.,1.));
#6807 = ORIENTED_EDGE('',*,*,#6808,.T.);
#6808 = EDGE_CURVE('',#6801,#2410,#6809,.T.);
#6809 = LINE('',#6810,#6811);
#6810 = CARTESIAN_POINT('',(37.521203273864,-12.40999999999,
    -11.5543036921));
#6811 = VECTOR('',#6812,1.);
#6812 = DIRECTION('',(0.,-1.,0.));
#6813 = ORIENTED_EDGE('',*,*,#2409,.T.);
#6814 = ORIENTED_EDGE('',*,*,#2393,.T.);
#6815 = PLANE('',#6816);
#6816 = AXIS2_PLACEMENT_3D('',#6817,#6818,#6819);
#6817 = CARTESIAN_POINT('',(37.521203273864,11.930000000011,-10.05));
#6818 = DIRECTION('',(1.,0.,0.));
#6819 = DIRECTION('',(0.,0.,1.));
#6820 = ADVANCED_FACE('',(#6821),#6831,.T.);
#6821 = FACE_BOUND('',#6822,.T.);
#6822 = EDGE_LOOP('',(#6823,#6824,#6825));
#6823 = ORIENTED_EDGE('',*,*,#2385,.T.);
#6824 = ORIENTED_EDGE('',*,*,#6800,.T.);
#6825 = ORIENTED_EDGE('',*,*,#6826,.T.);
#6826 = EDGE_CURVE('',#6801,#2378,#6827,.T.);
#6827 = LINE('',#6828,#6829);
#6828 = CARTESIAN_POINT('',(37.112210623225,19.730000000041,
    -13.09682702421));
#6829 = VECTOR('',#6830,1.);
#6830 = DIRECTION('',(-0.256289373133,-0.,-0.966600102017));
#6831 = PLANE('',#6832);
#6832 = AXIS2_PLACEMENT_3D('',#6833,#6834,#6835);
#6833 = CARTESIAN_POINT('',(36.15,19.730000000041,-15.3));
#6834 = DIRECTION('',(0.,-1.,0.));
#6835 = DIRECTION('',(0.,0.,1.));
#6836 = ADVANCED_FACE('',(#6837),#6856,.F.);
#6837 = FACE_BOUND('',#6838,.F.);
#6838 = EDGE_LOOP('',(#6839,#6840,#6841,#6842,#6843,#6850));
#6839 = ORIENTED_EDGE('',*,*,#2417,.F.);
#6840 = ORIENTED_EDGE('',*,*,#6808,.F.);
#6841 = ORIENTED_EDGE('',*,*,#6826,.T.);
#6842 = ORIENTED_EDGE('',*,*,#2377,.T.);
#6843 = ORIENTED_EDGE('',*,*,#6844,.T.);
#6844 = EDGE_CURVE('',#2369,#6845,#6847,.T.);
#6845 = VERTEX_POINT('',#6846);
#6846 = CARTESIAN_POINT('',(37.721203273861,36.75,-10.8));
#6847 = B_SPLINE_CURVE_WITH_KNOTS('',1,(#6848,#6849),.UNSPECIFIED.,.F.,
  .F.,(2,2),(0.,1.),.PIECEWISE_BEZIER_KNOTS.);
#6848 = CARTESIAN_POINT('',(37.349999999997,36.75,-12.2));
#6849 = CARTESIAN_POINT('',(37.721203273861,36.75,-10.8));
#6850 = ORIENTED_EDGE('',*,*,#6851,.F.);
#6851 = EDGE_CURVE('',#2418,#6845,#6852,.T.);
#6852 = LINE('',#6853,#6854);
#6853 = CARTESIAN_POINT('',(37.721203273861,-36.75,-10.8));
#6854 = VECTOR('',#6855,1.);
#6855 = DIRECTION('',(0.,1.,0.));
#6856 = PLANE('',#6857);
#6857 = AXIS2_PLACEMENT_3D('',#6858,#6859,#6860);
#6858 = CARTESIAN_POINT('',(37.721203273861,-36.75,-10.8));
#6859 = DIRECTION('',(0.966600102017,0.,-0.256289373133));
#6860 = DIRECTION('',(0.,1.,0.));
#6861 = ADVANCED_FACE('',(#6862),#6880,.F.);
#6862 = FACE_BOUND('',#6863,.F.);
#6863 = EDGE_LOOP('',(#6864,#6865,#6872,#6879));
#6864 = ORIENTED_EDGE('',*,*,#2368,.T.);
#6865 = ORIENTED_EDGE('',*,*,#6866,.T.);
#6866 = EDGE_CURVE('',#2361,#6867,#6869,.T.);
#6867 = VERTEX_POINT('',#6868);
#6868 = CARTESIAN_POINT('',(27.149999999997,47.321203273864,-10.8));
#6869 = B_SPLINE_CURVE_WITH_KNOTS('',1,(#6870,#6871),.UNSPECIFIED.,.F.,
  .F.,(2,2),(0.,1.),.PIECEWISE_BEZIER_KNOTS.);
#6870 = CARTESIAN_POINT('',(27.149999999997,46.95,-12.2));
#6871 = CARTESIAN_POINT('',(27.149999999997,47.321203273864,-10.8));
#6872 = ORIENTED_EDGE('',*,*,#6873,.F.);
#6873 = EDGE_CURVE('',#6845,#6867,#6874,.T.);
#6874 = CIRCLE('',#6875,10.571203273864);
#6875 = AXIS2_PLACEMENT_3D('',#6876,#6877,#6878);
#6876 = CARTESIAN_POINT('',(27.149999999997,36.75,-10.8));
#6877 = DIRECTION('',(0.,0.,1.));
#6878 = DIRECTION('',(1.,0.,0.));
#6879 = ORIENTED_EDGE('',*,*,#6844,.F.);
#6880 = CONICAL_SURFACE('',#6881,10.2,0.259181393921);
#6881 = AXIS2_PLACEMENT_3D('',#6882,#6883,#6884);
#6882 = CARTESIAN_POINT('',(27.149999999997,36.75,-12.2));
#6883 = DIRECTION('',(0.,0.,1.));
#6884 = DIRECTION('',(1.,0.,0.));
#6885 = ADVANCED_FACE('',(#6886),#6914,.F.);
#6886 = FACE_BOUND('',#6887,.F.);
#6887 = EDGE_LOOP('',(#6888,#6889,#6890,#6899,#6908));
#6888 = ORIENTED_EDGE('',*,*,#6866,.F.);
#6889 = ORIENTED_EDGE('',*,*,#2360,.T.);
#6890 = ORIENTED_EDGE('',*,*,#6891,.F.);
#6891 = EDGE_CURVE('',#6892,#2353,#6894,.T.);
#6892 = VERTEX_POINT('',#6893);
#6893 = CARTESIAN_POINT('',(21.1,47.215145195617,-11.2));
#6894 = ELLIPSE('',#6895,2.793295794575,2.7);
#6895 = AXIS2_PLACEMENT_3D('',#6896,#6897,#6898);
#6896 = CARTESIAN_POINT('',(18.4,47.215145195617,-11.2));
#6897 = DIRECTION('',(0.,0.966600102017,-0.256289373133));
#6898 = DIRECTION('',(0.,0.256289373133,0.966600102017));
#6899 = ORIENTED_EDGE('',*,*,#6900,.F.);
#6900 = EDGE_CURVE('',#6901,#6892,#6903,.T.);
#6901 = VERTEX_POINT('',#6902);
#6902 = CARTESIAN_POINT('',(21.070205984564,47.321203273864,-10.8));
#6903 = ELLIPSE('',#6904,2.793295794575,2.7);
#6904 = AXIS2_PLACEMENT_3D('',#6905,#6906,#6907);
#6905 = CARTESIAN_POINT('',(18.4,47.215145195617,-11.2));
#6906 = DIRECTION('',(0.,0.966600102017,-0.256289373133));
#6907 = DIRECTION('',(0.,0.256289373133,0.966600102017));
#6908 = ORIENTED_EDGE('',*,*,#6909,.F.);
#6909 = EDGE_CURVE('',#6867,#6901,#6910,.T.);
#6910 = LINE('',#6911,#6912);
#6911 = CARTESIAN_POINT('',(27.149999999997,47.321203273864,-10.8));
#6912 = VECTOR('',#6913,1.);
#6913 = DIRECTION('',(-1.,0.,0.));
#6914 = PLANE('',#6915);
#6915 = AXIS2_PLACEMENT_3D('',#6916,#6917,#6918);
#6916 = CARTESIAN_POINT('',(27.149999999997,47.321203273864,-10.8));
#6917 = DIRECTION('',(0.,0.966600102017,-0.256289373133));
#6918 = DIRECTION('',(-1.,0.,0.));
#6919 = ADVANCED_FACE('',(#6920),#6967,.F.);
#6920 = FACE_BOUND('',#6921,.T.);
#6921 = EDGE_LOOP('',(#6922,#6923,#6924,#6925,#6926,#6934,#6943,#6951,
    #6960,#6966));
#6922 = ORIENTED_EDGE('',*,*,#6749,.F.);
#6923 = ORIENTED_EDGE('',*,*,#2352,.F.);
#6924 = ORIENTED_EDGE('',*,*,#6891,.F.);
#6925 = ORIENTED_EDGE('',*,*,#6900,.F.);
#6926 = ORIENTED_EDGE('',*,*,#6927,.F.);
#6927 = EDGE_CURVE('',#6928,#6901,#6930,.T.);
#6928 = VERTEX_POINT('',#6929);
#6929 = CARTESIAN_POINT('',(21.070205984564,45.75,-10.8));
#6930 = LINE('',#6931,#6932);
#6931 = CARTESIAN_POINT('',(21.070205984564,47.95,-10.8));
#6932 = VECTOR('',#6933,1.);
#6933 = DIRECTION('',(0.,1.,-2.2E-16));
#6934 = ORIENTED_EDGE('',*,*,#6935,.T.);
#6935 = EDGE_CURVE('',#6928,#6936,#6938,.T.);
#6936 = VERTEX_POINT('',#6937);
#6937 = CARTESIAN_POINT('',(15.729794015436,45.75,-10.8));
#6938 = CIRCLE('',#6939,2.7);
#6939 = AXIS2_PLACEMENT_3D('',#6940,#6941,#6942);
#6940 = CARTESIAN_POINT('',(18.4,45.75,-11.2));
#6941 = DIRECTION('',(0.,-1.,0.));
#6942 = DIRECTION('',(1.,0.,0.));
#6943 = ORIENTED_EDGE('',*,*,#6944,.T.);
#6944 = EDGE_CURVE('',#6936,#6945,#6947,.T.);
#6945 = VERTEX_POINT('',#6946);
#6946 = CARTESIAN_POINT('',(15.729794015436,47.321203273864,-10.8));
#6947 = LINE('',#6948,#6949);
#6948 = CARTESIAN_POINT('',(15.729794015436,47.95,-10.8));
#6949 = VECTOR('',#6950,1.);
#6950 = DIRECTION('',(0.,1.,-2.2E-16));
#6951 = ORIENTED_EDGE('',*,*,#6952,.F.);
#6952 = EDGE_CURVE('',#6953,#6945,#6955,.T.);
#6953 = VERTEX_POINT('',#6954);
#6954 = CARTESIAN_POINT('',(15.892012759203,46.95,-12.2));
#6955 = ELLIPSE('',#6956,2.793295794575,2.7);
#6956 = AXIS2_PLACEMENT_3D('',#6957,#6958,#6959);
#6957 = CARTESIAN_POINT('',(18.4,47.215145195617,-11.2));
#6958 = DIRECTION('',(0.,0.966600102017,-0.256289373133));
#6959 = DIRECTION('',(0.,0.256289373133,0.966600102017));
#6960 = ORIENTED_EDGE('',*,*,#6961,.T.);
#6961 = EDGE_CURVE('',#6953,#6759,#6962,.T.);
#6962 = LINE('',#6963,#6964);
#6963 = CARTESIAN_POINT('',(15.892012759203,47.95,-12.2));
#6964 = VECTOR('',#6965,1.);
#6965 = DIRECTION('',(0.,1.,-2.2E-16));
#6966 = ORIENTED_EDGE('',*,*,#6758,.F.);
#6967 = CYLINDRICAL_SURFACE('',#6968,2.7);
#6968 = AXIS2_PLACEMENT_3D('',#6969,#6970,#6971);
#6969 = CARTESIAN_POINT('',(18.4,47.95,-11.2));
#6970 = DIRECTION('',(0.,1.,-2.2E-16));
#6971 = DIRECTION('',(1.,0.,0.));
#6972 = ADVANCED_FACE('',(#6973),#7016,.F.);
#6973 = FACE_BOUND('',#6974,.F.);
#6974 = EDGE_LOOP('',(#6975,#6985,#6993,#6999,#7000,#7001,#7002,#7010));
#6975 = ORIENTED_EDGE('',*,*,#6976,.T.);
#6976 = EDGE_CURVE('',#6977,#6979,#6981,.T.);
#6977 = VERTEX_POINT('',#6978);
#6978 = CARTESIAN_POINT('',(37.521203273864,19.730000000041,-4.8));
#6979 = VERTEX_POINT('',#6980);
#6980 = CARTESIAN_POINT('',(37.521203273864,13.029999999959,-4.8));
#6981 = LINE('',#6982,#6983);
#6982 = CARTESIAN_POINT('',(37.521203273864,19.730000000041,-4.8));
#6983 = VECTOR('',#6984,1.);
#6984 = DIRECTION('',(0.,-1.,0.));
#6985 = ORIENTED_EDGE('',*,*,#6986,.T.);
#6986 = EDGE_CURVE('',#6979,#6987,#6989,.T.);
#6987 = VERTEX_POINT('',#6988);
#6988 = CARTESIAN_POINT('',(37.521203273864,13.029999999959,-10.8));
#6989 = LINE('',#6990,#6991);
#6990 = CARTESIAN_POINT('',(37.521203273864,13.029999999959,-4.8));
#6991 = VECTOR('',#6992,1.);
#6992 = DIRECTION('',(0.,0.,-1.));
#6993 = ORIENTED_EDGE('',*,*,#6994,.T.);
#6994 = EDGE_CURVE('',#6987,#2482,#6995,.T.);
#6995 = LINE('',#6996,#6997);
#6996 = CARTESIAN_POINT('',(37.521203273864,24.340000000005,-10.8));
#6997 = VECTOR('',#6998,1.);
#6998 = DIRECTION('',(0.,1.,0.));
#6999 = ORIENTED_EDGE('',*,*,#2481,.T.);
#7000 = ORIENTED_EDGE('',*,*,#2457,.T.);
#7001 = ORIENTED_EDGE('',*,*,#2433,.T.);
#7002 = ORIENTED_EDGE('',*,*,#7003,.T.);
#7003 = EDGE_CURVE('',#2426,#7004,#7006,.T.);
#7004 = VERTEX_POINT('',#7005);
#7005 = CARTESIAN_POINT('',(37.521203273864,19.730000000041,-10.8));
#7006 = LINE('',#7007,#7008);
#7007 = CARTESIAN_POINT('',(37.521203273864,24.340000000005,-10.8));
#7008 = VECTOR('',#7009,1.);
#7009 = DIRECTION('',(0.,1.,0.));
#7010 = ORIENTED_EDGE('',*,*,#7011,.T.);
#7011 = EDGE_CURVE('',#7004,#6977,#7012,.T.);
#7012 = LINE('',#7013,#7014);
#7013 = CARTESIAN_POINT('',(37.521203273864,19.730000000041,-15.3));
#7014 = VECTOR('',#7015,1.);
#7015 = DIRECTION('',(0.,0.,1.));
#7016 = PLANE('',#7017);
#7017 = AXIS2_PLACEMENT_3D('',#7018,#7019,#7020);
#7018 = CARTESIAN_POINT('',(37.521203273864,11.930000000011,-10.05));
#7019 = DIRECTION('',(1.,0.,0.));
#7020 = DIRECTION('',(0.,0.,1.));
#7021 = ADVANCED_FACE('',(#7022),#7052,.F.);
#7022 = FACE_BOUND('',#7023,.F.);
#7023 = EDGE_LOOP('',(#7024,#7025,#7026,#7027,#7028,#7029,#7037,#7044,
    #7045,#7051));
#7024 = ORIENTED_EDGE('',*,*,#2425,.F.);
#7025 = ORIENTED_EDGE('',*,*,#6851,.T.);
#7026 = ORIENTED_EDGE('',*,*,#6873,.T.);
#7027 = ORIENTED_EDGE('',*,*,#6909,.T.);
#7028 = ORIENTED_EDGE('',*,*,#6927,.F.);
#7029 = ORIENTED_EDGE('',*,*,#7030,.F.);
#7030 = EDGE_CURVE('',#7031,#6928,#7033,.T.);
#7031 = VERTEX_POINT('',#7032);
#7032 = CARTESIAN_POINT('',(27.15,45.75,-10.8));
#7033 = LINE('',#7034,#7035);
#7034 = CARTESIAN_POINT('',(27.149999999998,45.75,-10.8));
#7035 = VECTOR('',#7036,1.);
#7036 = DIRECTION('',(-1.,0.,0.));
#7037 = ORIENTED_EDGE('',*,*,#7038,.T.);
#7038 = EDGE_CURVE('',#7031,#6482,#7039,.T.);
#7039 = CIRCLE('',#7040,9.);
#7040 = AXIS2_PLACEMENT_3D('',#7041,#7042,#7043);
#7041 = CARTESIAN_POINT('',(27.15,36.75,-10.8));
#7042 = DIRECTION('',(0.,0.,-1.));
#7043 = DIRECTION('',(1.,0.,0.));
#7044 = ORIENTED_EDGE('',*,*,#6489,.F.);
#7045 = ORIENTED_EDGE('',*,*,#7046,.T.);
#7046 = EDGE_CURVE('',#6490,#7004,#7047,.T.);
#7047 = LINE('',#7048,#7049);
#7048 = CARTESIAN_POINT('',(31.649999999998,19.730000000041,-10.8));
#7049 = VECTOR('',#7050,1.);
#7050 = DIRECTION('',(1.,0.,0.));
#7051 = ORIENTED_EDGE('',*,*,#7003,.F.);
#7052 = PLANE('',#7053);
#7053 = AXIS2_PLACEMENT_3D('',#7054,#7055,#7056);
#7054 = CARTESIAN_POINT('',(27.149999999997,36.75,-10.8));
#7055 = DIRECTION('',(0.,0.,1.));
#7056 = DIRECTION('',(1.,0.,0.));
#7057 = ADVANCED_FACE('',(#7058),#7076,.F.);
#7058 = FACE_BOUND('',#7059,.F.);
#7059 = EDGE_LOOP('',(#7060,#7068,#7074,#7075));
#7060 = ORIENTED_EDGE('',*,*,#7061,.T.);
#7061 = EDGE_CURVE('',#2498,#7062,#7064,.T.);
#7062 = VERTEX_POINT('',#7063);
#7063 = CARTESIAN_POINT('',(37.521203273864,13.029999999959,
    -11.5543036921));
#7064 = LINE('',#7065,#7066);
#7065 = CARTESIAN_POINT('',(37.521203273864,-12.40999999999,
    -11.5543036921));
#7066 = VECTOR('',#7067,1.);
#7067 = DIRECTION('',(0.,-1.,0.));
#7068 = ORIENTED_EDGE('',*,*,#7069,.T.);
#7069 = EDGE_CURVE('',#7062,#2562,#7070,.T.);
#7070 = LINE('',#7071,#7072);
#7071 = CARTESIAN_POINT('',(37.521203273864,13.029999999959,-4.8));
#7072 = VECTOR('',#7073,1.);
#7073 = DIRECTION('',(0.,0.,-1.));
#7074 = ORIENTED_EDGE('',*,*,#2561,.T.);
#7075 = ORIENTED_EDGE('',*,*,#2505,.T.);
#7076 = PLANE('',#7077);
#7077 = AXIS2_PLACEMENT_3D('',#7078,#7079,#7080);
#7078 = CARTESIAN_POINT('',(37.521203273864,11.930000000011,-10.05));
#7079 = DIRECTION('',(1.,0.,0.));
#7080 = DIRECTION('',(0.,0.,1.));
#7081 = ADVANCED_FACE('',(#7082),#7114,.F.);
#7082 = FACE_BOUND('',#7083,.F.);
#7083 = EDGE_LOOP('',(#7084,#7085,#7093,#7099,#7100,#7106,#7107,#7108));
#7084 = ORIENTED_EDGE('',*,*,#2617,.F.);
#7085 = ORIENTED_EDGE('',*,*,#7086,.F.);
#7086 = EDGE_CURVE('',#7087,#2610,#7089,.T.);
#7087 = VERTEX_POINT('',#7088);
#7088 = CARTESIAN_POINT('',(37.521203273864,10.83,-11.5543036921));
#7089 = LINE('',#7090,#7091);
#7090 = CARTESIAN_POINT('',(37.521203273864,-12.40999999999,
    -11.5543036921));
#7091 = VECTOR('',#7092,1.);
#7092 = DIRECTION('',(0.,-1.,0.));
#7093 = ORIENTED_EDGE('',*,*,#7094,.T.);
#7094 = EDGE_CURVE('',#7087,#2578,#7095,.T.);
#7095 = LINE('',#7096,#7097);
#7096 = CARTESIAN_POINT('',(37.112210623225,10.83,-13.09682702421));
#7097 = VECTOR('',#7098,1.);
#7098 = DIRECTION('',(-0.256289373133,-0.,-0.966600102017));
#7099 = ORIENTED_EDGE('',*,*,#2577,.T.);
#7100 = ORIENTED_EDGE('',*,*,#7101,.T.);
#7101 = EDGE_CURVE('',#2570,#7062,#7102,.T.);
#7102 = LINE('',#7103,#7104);
#7103 = CARTESIAN_POINT('',(38.41278962786,13.029999999959,
    -8.191669298819));
#7104 = VECTOR('',#7105,1.);
#7105 = DIRECTION('',(0.256289373133,0.,0.966600102017));
#7106 = ORIENTED_EDGE('',*,*,#7061,.F.);
#7107 = ORIENTED_EDGE('',*,*,#2497,.F.);
#7108 = ORIENTED_EDGE('',*,*,#7109,.F.);
#7109 = EDGE_CURVE('',#2618,#2490,#7110,.T.);
#7110 = LINE('',#7111,#7112);
#7111 = CARTESIAN_POINT('',(37.721203273861,-36.75,-10.8));
#7112 = VECTOR('',#7113,1.);
#7113 = DIRECTION('',(0.,1.,0.));
#7114 = PLANE('',#7115);
#7115 = AXIS2_PLACEMENT_3D('',#7116,#7117,#7118);
#7116 = CARTESIAN_POINT('',(37.721203273861,-36.75,-10.8));
#7117 = DIRECTION('',(0.966600102017,0.,-0.256289373133));
#7118 = DIRECTION('',(0.,1.,0.));
#7119 = ADVANCED_FACE('',(#7120),#7140,.F.);
#7120 = FACE_BOUND('',#7121,.F.);
#7121 = EDGE_LOOP('',(#7122,#7123,#7124,#7125,#7126,#7132,#7133,#7139));
#7122 = ORIENTED_EDGE('',*,*,#2625,.F.);
#7123 = ORIENTED_EDGE('',*,*,#7109,.T.);
#7124 = ORIENTED_EDGE('',*,*,#2489,.F.);
#7125 = ORIENTED_EDGE('',*,*,#6994,.F.);
#7126 = ORIENTED_EDGE('',*,*,#7127,.T.);
#7127 = EDGE_CURVE('',#6987,#6514,#7128,.T.);
#7128 = LINE('',#7129,#7130);
#7129 = CARTESIAN_POINT('',(31.649999999998,13.029999999959,-10.8));
#7130 = VECTOR('',#7131,1.);
#7131 = DIRECTION('',(-1.,0.,0.));
#7132 = ORIENTED_EDGE('',*,*,#6521,.F.);
#7133 = ORIENTED_EDGE('',*,*,#7134,.T.);
#7134 = EDGE_CURVE('',#6522,#5726,#7135,.T.);
#7135 = LINE('',#7136,#7137);
#7136 = CARTESIAN_POINT('',(31.649999999998,10.83,-10.8));
#7137 = VECTOR('',#7138,1.);
#7138 = DIRECTION('',(1.,0.,0.));
#7139 = ORIENTED_EDGE('',*,*,#5725,.F.);
#7140 = PLANE('',#7141);
#7141 = AXIS2_PLACEMENT_3D('',#7142,#7143,#7144);
#7142 = CARTESIAN_POINT('',(27.149999999997,36.75,-10.8));
#7143 = DIRECTION('',(0.,0.,1.));
#7144 = DIRECTION('',(1.,0.,0.));
#7145 = ADVANCED_FACE('',(#7146),#7157,.F.);
#7146 = FACE_BOUND('',#7147,.F.);
#7147 = EDGE_LOOP('',(#7148,#7154,#7155,#7156));
#7148 = ORIENTED_EDGE('',*,*,#7149,.T.);
#7149 = EDGE_CURVE('',#2586,#7087,#7150,.T.);
#7150 = LINE('',#7151,#7152);
#7151 = CARTESIAN_POINT('',(37.521203273864,10.83,-15.3));
#7152 = VECTOR('',#7153,1.);
#7153 = DIRECTION('',(0.,0.,1.));
#7154 = ORIENTED_EDGE('',*,*,#7086,.T.);
#7155 = ORIENTED_EDGE('',*,*,#2609,.T.);
#7156 = ORIENTED_EDGE('',*,*,#2593,.T.);
#7157 = PLANE('',#7158);
#7158 = AXIS2_PLACEMENT_3D('',#7159,#7160,#7161);
#7159 = CARTESIAN_POINT('',(37.521203273864,11.930000000011,-10.05));
#7160 = DIRECTION('',(1.,0.,0.));
#7161 = DIRECTION('',(0.,0.,1.));
#7162 = ADVANCED_FACE('',(#7163),#7168,.T.);
#7163 = FACE_BOUND('',#7164,.T.);
#7164 = EDGE_LOOP('',(#7165,#7166,#7167));
#7165 = ORIENTED_EDGE('',*,*,#2585,.T.);
#7166 = ORIENTED_EDGE('',*,*,#7149,.T.);
#7167 = ORIENTED_EDGE('',*,*,#7094,.T.);
#7168 = PLANE('',#7169);
#7169 = AXIS2_PLACEMENT_3D('',#7170,#7171,#7172);
#7170 = CARTESIAN_POINT('',(36.15,10.83,-15.3));
#7171 = DIRECTION('',(0.,-1.,0.));
#7172 = DIRECTION('',(0.,0.,1.));
#7173 = ADVANCED_FACE('',(#7174),#7179,.T.);
#7174 = FACE_BOUND('',#7175,.T.);
#7175 = EDGE_LOOP('',(#7176,#7177,#7178));
#7176 = ORIENTED_EDGE('',*,*,#7101,.T.);
#7177 = ORIENTED_EDGE('',*,*,#7069,.T.);
#7178 = ORIENTED_EDGE('',*,*,#2569,.T.);
#7179 = PLANE('',#7180);
#7180 = AXIS2_PLACEMENT_3D('',#7181,#7182,#7183);
#7181 = CARTESIAN_POINT('',(36.15,13.029999999959,-4.8));
#7182 = DIRECTION('',(0.,1.,0.));
#7183 = DIRECTION('',(0.,0.,-1.));
#7184 = ADVANCED_FACE('',(#7185),#7196,.F.);
#7185 = FACE_BOUND('',#7186,.F.);
#7186 = EDGE_LOOP('',(#7187,#7188,#7189,#7195));
#7187 = ORIENTED_EDGE('',*,*,#2781,.F.);
#7188 = ORIENTED_EDGE('',*,*,#3164,.T.);
#7189 = ORIENTED_EDGE('',*,*,#7190,.T.);
#7190 = EDGE_CURVE('',#3156,#3000,#7191,.T.);
#7191 = LINE('',#7192,#7193);
#7192 = CARTESIAN_POINT('',(6.9,46.85,-1.1));
#7193 = VECTOR('',#7194,1.);
#7194 = DIRECTION('',(-1.,0.,0.));
#7195 = ORIENTED_EDGE('',*,*,#2999,.F.);
#7196 = PLANE('',#7197);
#7197 = AXIS2_PLACEMENT_3D('',#7198,#7199,#7200);
#7198 = CARTESIAN_POINT('',(6.9,46.85,0.));
#7199 = DIRECTION('',(0.,1.,0.));
#7200 = DIRECTION('',(-1.,0.,0.));
#7201 = ADVANCED_FACE('',(#7202),#7213,.F.);
#7202 = FACE_BOUND('',#7203,.F.);
#7203 = EDGE_LOOP('',(#7204,#7205,#7206,#7212));
#7204 = ORIENTED_EDGE('',*,*,#2730,.F.);
#7205 = ORIENTED_EDGE('',*,*,#2983,.T.);
#7206 = ORIENTED_EDGE('',*,*,#7207,.T.);
#7207 = EDGE_CURVE('',#2975,#2819,#7208,.T.);
#7208 = LINE('',#7209,#7210);
#7209 = CARTESIAN_POINT('',(-6.5,46.85,-1.1));
#7210 = VECTOR('',#7211,1.);
#7211 = DIRECTION('',(-1.,0.,0.));
#7212 = ORIENTED_EDGE('',*,*,#2818,.F.);
#7213 = PLANE('',#7214);
#7214 = AXIS2_PLACEMENT_3D('',#7215,#7216,#7217);
#7215 = CARTESIAN_POINT('',(-6.5,46.85,0.));
#7216 = DIRECTION('',(0.,1.,0.));
#7217 = DIRECTION('',(-1.,0.,0.));
#7218 = ADVANCED_FACE('',(#7219),#7229,.T.);
#7219 = FACE_BOUND('',#7220,.T.);
#7220 = EDGE_LOOP('',(#7221,#7222,#7223,#7224,#7225,#7226,#7227,#7228));
#7221 = ORIENTED_EDGE('',*,*,#2851,.T.);
#7222 = ORIENTED_EDGE('',*,*,#2875,.T.);
#7223 = ORIENTED_EDGE('',*,*,#2900,.T.);
#7224 = ORIENTED_EDGE('',*,*,#2924,.T.);
#7225 = ORIENTED_EDGE('',*,*,#2949,.T.);
#7226 = ORIENTED_EDGE('',*,*,#2974,.T.);
#7227 = ORIENTED_EDGE('',*,*,#7207,.T.);
#7228 = ORIENTED_EDGE('',*,*,#2826,.T.);
#7229 = PLANE('',#7230);
#7230 = AXIS2_PLACEMENT_3D('',#7231,#7232,#7233);
#7231 = CARTESIAN_POINT('',(3.507E-14,41.776514287079,-1.1));
#7232 = DIRECTION('',(0.,0.,1.));
#7233 = DIRECTION('',(1.,0.,0.));
#7234 = ADVANCED_FACE('',(#7235),#7245,.T.);
#7235 = FACE_BOUND('',#7236,.T.);
#7236 = EDGE_LOOP('',(#7237,#7238,#7239,#7240,#7241,#7242,#7243,#7244));
#7237 = ORIENTED_EDGE('',*,*,#3032,.T.);
#7238 = ORIENTED_EDGE('',*,*,#3056,.T.);
#7239 = ORIENTED_EDGE('',*,*,#3081,.T.);
#7240 = ORIENTED_EDGE('',*,*,#3105,.T.);
#7241 = ORIENTED_EDGE('',*,*,#3130,.T.);
#7242 = ORIENTED_EDGE('',*,*,#3155,.T.);
#7243 = ORIENTED_EDGE('',*,*,#7190,.T.);
#7244 = ORIENTED_EDGE('',*,*,#3007,.T.);
#7245 = PLANE('',#7246);
#7246 = AXIS2_PLACEMENT_3D('',#7247,#7248,#7249);
#7247 = CARTESIAN_POINT('',(3.507E-14,41.776514287079,-1.1));
#7248 = DIRECTION('',(0.,0.,1.));
#7249 = DIRECTION('',(1.,0.,0.));
#7250 = ADVANCED_FACE('',(#7251,#7410,#7480),#7514,.F.);
#7251 = FACE_BOUND('',#7252,.F.);
#7252 = EDGE_LOOP('',(#7253,#7259,#7260,#7269,#7276,#7277,#7278,#7287,
    #7296,#7305,#7314,#7322,#7331,#7340,#7349,#7356,#7357,#7366,#7373,
    #7374,#7375,#7381,#7382,#7383,#7384,#7385,#7386,#7387,#7388,#7389,
    #7390,#7391,#7392,#7393,#7394,#7395,#7396,#7397,#7398,#7399,#7400,
    #7401,#7402,#7403,#7404,#7405,#7406,#7407,#7408,#7409));
#7253 = ORIENTED_EDGE('',*,*,#7254,.F.);
#7254 = EDGE_CURVE('',#6406,#3864,#7255,.T.);
#7255 = LINE('',#7256,#7257);
#7256 = CARTESIAN_POINT('',(30.1,-45.25279365855,-2.2));
#7257 = VECTOR('',#7258,1.);
#7258 = DIRECTION('',(0.,1.,0.));
#7259 = ORIENTED_EDGE('',*,*,#6413,.T.);
#7260 = ORIENTED_EDGE('',*,*,#7261,.F.);
#7261 = EDGE_CURVE('',#7262,#6414,#7264,.T.);
#7262 = VERTEX_POINT('',#7263);
#7263 = CARTESIAN_POINT('',(34.017,-41.932,-2.2));
#7264 = CIRCLE('',#7265,1.835);
#7265 = AXIS2_PLACEMENT_3D('',#7266,#7267,#7268);
#7266 = CARTESIAN_POINT('',(32.182,-41.932,-2.2));
#7267 = DIRECTION('',(0.,0.,1.));
#7268 = DIRECTION('',(1.,0.,0.));
#7269 = ORIENTED_EDGE('',*,*,#7270,.F.);
#7270 = EDGE_CURVE('',#6440,#7262,#7271,.T.);
#7271 = CIRCLE('',#7272,1.835);
#7272 = AXIS2_PLACEMENT_3D('',#7273,#7274,#7275);
#7273 = CARTESIAN_POINT('',(32.182,-41.932,-2.2));
#7274 = DIRECTION('',(0.,0.,1.));
#7275 = DIRECTION('',(1.,0.,0.));
#7276 = ORIENTED_EDGE('',*,*,#6447,.T.);
#7277 = ORIENTED_EDGE('',*,*,#6473,.T.);
#7278 = ORIENTED_EDGE('',*,*,#7279,.T.);
#7279 = EDGE_CURVE('',#6474,#7280,#7282,.T.);
#7280 = VERTEX_POINT('',#7281);
#7281 = CARTESIAN_POINT('',(33.77660085675,42.840005015213,-2.2));
#7282 = CIRCLE('',#7283,9.);
#7283 = AXIS2_PLACEMENT_3D('',#7284,#7285,#7286);
#7284 = CARTESIAN_POINT('',(27.15,36.75,-2.2));
#7285 = DIRECTION('',(0.,0.,1.));
#7286 = DIRECTION('',(1.,0.,0.));
#7287 = ORIENTED_EDGE('',*,*,#7288,.F.);
#7288 = EDGE_CURVE('',#7289,#7280,#7291,.T.);
#7289 = VERTEX_POINT('',#7290);
#7290 = CARTESIAN_POINT('',(34.017,41.932,-2.2));
#7291 = CIRCLE('',#7292,1.835);
#7292 = AXIS2_PLACEMENT_3D('',#7293,#7294,#7295);
#7293 = CARTESIAN_POINT('',(32.182,41.932,-2.2));
#7294 = DIRECTION('',(0.,0.,1.));
#7295 = DIRECTION('',(1.,0.,0.));
#7296 = ORIENTED_EDGE('',*,*,#7297,.F.);
#7297 = EDGE_CURVE('',#7298,#7289,#7300,.T.);
#7298 = VERTEX_POINT('',#7299);
#7299 = CARTESIAN_POINT('',(33.042787797876,43.552576862425,-2.2));
#7300 = CIRCLE('',#7301,1.835);
#7301 = AXIS2_PLACEMENT_3D('',#7302,#7303,#7304);
#7302 = CARTESIAN_POINT('',(32.182,41.932,-2.2));
#7303 = DIRECTION('',(0.,0.,1.));
#7304 = DIRECTION('',(1.,0.,0.));
#7305 = ORIENTED_EDGE('',*,*,#7306,.T.);
#7306 = EDGE_CURVE('',#7298,#7307,#7309,.T.);
#7307 = VERTEX_POINT('',#7308);
#7308 = CARTESIAN_POINT('',(27.15,45.75,-2.2));
#7309 = CIRCLE('',#7310,9.);
#7310 = AXIS2_PLACEMENT_3D('',#7311,#7312,#7313);
#7311 = CARTESIAN_POINT('',(27.15,36.75,-2.2));
#7312 = DIRECTION('',(0.,0.,1.));
#7313 = DIRECTION('',(1.,0.,0.));
#7314 = ORIENTED_EDGE('',*,*,#7315,.T.);
#7315 = EDGE_CURVE('',#7307,#7316,#7318,.T.);
#7316 = VERTEX_POINT('',#7317);
#7317 = CARTESIAN_POINT('',(-27.15,45.75,-2.2));
#7318 = LINE('',#7319,#7320);
#7319 = CARTESIAN_POINT('',(27.15,45.75,-2.2));
#7320 = VECTOR('',#7321,1.);
#7321 = DIRECTION('',(-1.,0.,0.));
#7322 = ORIENTED_EDGE('',*,*,#7323,.T.);
#7323 = EDGE_CURVE('',#7316,#7324,#7326,.T.);
#7324 = VERTEX_POINT('',#7325);
#7325 = CARTESIAN_POINT('',(-33.04278779787,43.552576862425,-2.2));
#7326 = CIRCLE('',#7327,9.);
#7327 = AXIS2_PLACEMENT_3D('',#7328,#7329,#7330);
#7328 = CARTESIAN_POINT('',(-27.15,36.75,-2.2));
#7329 = DIRECTION('',(0.,0.,1.));
#7330 = DIRECTION('',(1.,0.,0.));
#7331 = ORIENTED_EDGE('',*,*,#7332,.F.);
#7332 = EDGE_CURVE('',#7333,#7324,#7335,.T.);
#7333 = VERTEX_POINT('',#7334);
#7334 = CARTESIAN_POINT('',(-30.347,41.932,-2.2));
#7335 = CIRCLE('',#7336,1.835);
#7336 = AXIS2_PLACEMENT_3D('',#7337,#7338,#7339);
#7337 = CARTESIAN_POINT('',(-32.182,41.932,-2.2));
#7338 = DIRECTION('',(0.,0.,1.));
#7339 = DIRECTION('',(1.,0.,0.));
#7340 = ORIENTED_EDGE('',*,*,#7341,.F.);
#7341 = EDGE_CURVE('',#7342,#7333,#7344,.T.);
#7342 = VERTEX_POINT('',#7343);
#7343 = CARTESIAN_POINT('',(-33.77660085675,42.840005015213,-2.2));
#7344 = CIRCLE('',#7345,1.835);
#7345 = AXIS2_PLACEMENT_3D('',#7346,#7347,#7348);
#7346 = CARTESIAN_POINT('',(-32.182,41.932,-2.2));
#7347 = DIRECTION('',(0.,0.,1.));
#7348 = DIRECTION('',(1.,0.,0.));
#7349 = ORIENTED_EDGE('',*,*,#7350,.T.);
#7350 = EDGE_CURVE('',#7342,#6611,#7351,.T.);
#7351 = CIRCLE('',#7352,9.);
#7352 = AXIS2_PLACEMENT_3D('',#7353,#7354,#7355);
#7353 = CARTESIAN_POINT('',(-27.15,36.75,-2.2));
#7354 = DIRECTION('',(0.,0.,1.));
#7355 = DIRECTION('',(1.,0.,0.));
#7356 = ORIENTED_EDGE('',*,*,#6618,.T.);
#7357 = ORIENTED_EDGE('',*,*,#7358,.F.);
#7358 = EDGE_CURVE('',#7359,#6619,#7361,.T.);
#7359 = VERTEX_POINT('',#7360);
#7360 = CARTESIAN_POINT('',(-32.747,-35.482,-2.2));
#7361 = CIRCLE('',#7362,1.835);
#7362 = AXIS2_PLACEMENT_3D('',#7363,#7364,#7365);
#7363 = CARTESIAN_POINT('',(-34.582,-35.482,-2.2));
#7364 = DIRECTION('',(0.,0.,1.));
#7365 = DIRECTION('',(1.,0.,0.));
#7366 = ORIENTED_EDGE('',*,*,#7367,.F.);
#7367 = EDGE_CURVE('',#6643,#7359,#7368,.T.);
#7368 = CIRCLE('',#7369,1.835);
#7369 = AXIS2_PLACEMENT_3D('',#7370,#7371,#7372);
#7370 = CARTESIAN_POINT('',(-34.582,-35.482,-2.2));
#7371 = DIRECTION('',(0.,0.,1.));
#7372 = DIRECTION('',(1.,0.,0.));
#7373 = ORIENTED_EDGE('',*,*,#6650,.T.);
#7374 = ORIENTED_EDGE('',*,*,#6313,.T.);
#7375 = ORIENTED_EDGE('',*,*,#7376,.T.);
#7376 = EDGE_CURVE('',#6314,#3889,#7377,.T.);
#7377 = LINE('',#7378,#7379);
#7378 = CARTESIAN_POINT('',(-30.59130487601,-45.06609408017,-2.2));
#7379 = VECTOR('',#7380,1.);
#7380 = DIRECTION('',(0.,1.,0.));
#7381 = ORIENTED_EDGE('',*,*,#3888,.F.);
#7382 = ORIENTED_EDGE('',*,*,#3823,.F.);
#7383 = ORIENTED_EDGE('',*,*,#3775,.F.);
#7384 = ORIENTED_EDGE('',*,*,#3727,.F.);
#7385 = ORIENTED_EDGE('',*,*,#3679,.F.);
#7386 = ORIENTED_EDGE('',*,*,#3631,.F.);
#7387 = ORIENTED_EDGE('',*,*,#3583,.F.);
#7388 = ORIENTED_EDGE('',*,*,#3535,.F.);
#7389 = ORIENTED_EDGE('',*,*,#3487,.F.);
#7390 = ORIENTED_EDGE('',*,*,#3439,.F.);
#7391 = ORIENTED_EDGE('',*,*,#3391,.F.);
#7392 = ORIENTED_EDGE('',*,*,#3343,.F.);
#7393 = ORIENTED_EDGE('',*,*,#3295,.F.);
#7394 = ORIENTED_EDGE('',*,*,#3247,.F.);
#7395 = ORIENTED_EDGE('',*,*,#3199,.F.);
#7396 = ORIENTED_EDGE('',*,*,#3223,.T.);
#7397 = ORIENTED_EDGE('',*,*,#3271,.T.);
#7398 = ORIENTED_EDGE('',*,*,#3319,.T.);
#7399 = ORIENTED_EDGE('',*,*,#3367,.T.);
#7400 = ORIENTED_EDGE('',*,*,#3415,.T.);
#7401 = ORIENTED_EDGE('',*,*,#3463,.T.);
#7402 = ORIENTED_EDGE('',*,*,#3511,.T.);
#7403 = ORIENTED_EDGE('',*,*,#3559,.T.);
#7404 = ORIENTED_EDGE('',*,*,#3607,.T.);
#7405 = ORIENTED_EDGE('',*,*,#3655,.T.);
#7406 = ORIENTED_EDGE('',*,*,#3703,.T.);
#7407 = ORIENTED_EDGE('',*,*,#3751,.T.);
#7408 = ORIENTED_EDGE('',*,*,#3799,.T.);
#7409 = ORIENTED_EDGE('',*,*,#3871,.T.);
#7410 = FACE_BOUND('',#7411,.F.);
#7411 = EDGE_LOOP('',(#7412,#7422,#7431,#7439,#7448,#7456,#7465,#7473));
#7412 = ORIENTED_EDGE('',*,*,#7413,.F.);
#7413 = EDGE_CURVE('',#7414,#7416,#7418,.T.);
#7414 = VERTEX_POINT('',#7415);
#7415 = CARTESIAN_POINT('',(-29.05,37.,-2.2));
#7416 = VERTEX_POINT('',#7417);
#7417 = CARTESIAN_POINT('',(-29.05,-6.,-2.2));
#7418 = LINE('',#7419,#7420);
#7419 = CARTESIAN_POINT('',(-29.05,37.,-2.2));
#7420 = VECTOR('',#7421,1.);
#7421 = DIRECTION('',(0.,-1.,0.));
#7422 = ORIENTED_EDGE('',*,*,#7423,.F.);
#7423 = EDGE_CURVE('',#7424,#7414,#7426,.T.);
#7424 = VERTEX_POINT('',#7425);
#7425 = CARTESIAN_POINT('',(-28.7,37.35,-2.2));
#7426 = CIRCLE('',#7427,0.35);
#7427 = AXIS2_PLACEMENT_3D('',#7428,#7429,#7430);
#7428 = CARTESIAN_POINT('',(-28.7,37.,-2.2));
#7429 = DIRECTION('',(0.,0.,1.));
#7430 = DIRECTION('',(1.,0.,0.));
#7431 = ORIENTED_EDGE('',*,*,#7432,.F.);
#7432 = EDGE_CURVE('',#7433,#7424,#7435,.T.);
#7433 = VERTEX_POINT('',#7434);
#7434 = CARTESIAN_POINT('',(31.4,37.35,-2.2));
#7435 = LINE('',#7436,#7437);
#7436 = CARTESIAN_POINT('',(31.4,37.35,-2.2));
#7437 = VECTOR('',#7438,1.);
#7438 = DIRECTION('',(-1.,0.,0.));
#7439 = ORIENTED_EDGE('',*,*,#7440,.F.);
#7440 = EDGE_CURVE('',#7441,#7433,#7443,.T.);
#7441 = VERTEX_POINT('',#7442);
#7442 = CARTESIAN_POINT('',(31.75,37.,-2.2));
#7443 = CIRCLE('',#7444,0.35);
#7444 = AXIS2_PLACEMENT_3D('',#7445,#7446,#7447);
#7445 = CARTESIAN_POINT('',(31.4,37.,-2.2));
#7446 = DIRECTION('',(0.,0.,1.));
#7447 = DIRECTION('',(1.,0.,0.));
#7448 = ORIENTED_EDGE('',*,*,#7449,.F.);
#7449 = EDGE_CURVE('',#7450,#7441,#7452,.T.);
#7450 = VERTEX_POINT('',#7451);
#7451 = CARTESIAN_POINT('',(31.75,-6.,-2.2));
#7452 = LINE('',#7453,#7454);
#7453 = CARTESIAN_POINT('',(31.75,-6.,-2.2));
#7454 = VECTOR('',#7455,1.);
#7455 = DIRECTION('',(0.,1.,0.));
#7456 = ORIENTED_EDGE('',*,*,#7457,.F.);
#7457 = EDGE_CURVE('',#7458,#7450,#7460,.T.);
#7458 = VERTEX_POINT('',#7459);
#7459 = CARTESIAN_POINT('',(31.4,-6.35,-2.2));
#7460 = CIRCLE('',#7461,0.35);
#7461 = AXIS2_PLACEMENT_3D('',#7462,#7463,#7464);
#7462 = CARTESIAN_POINT('',(31.4,-6.,-2.2));
#7463 = DIRECTION('',(0.,0.,1.));
#7464 = DIRECTION('',(1.,0.,0.));
#7465 = ORIENTED_EDGE('',*,*,#7466,.F.);
#7466 = EDGE_CURVE('',#7467,#7458,#7469,.T.);
#7467 = VERTEX_POINT('',#7468);
#7468 = CARTESIAN_POINT('',(-28.7,-6.35,-2.2));
#7469 = LINE('',#7470,#7471);
#7470 = CARTESIAN_POINT('',(-28.7,-6.35,-2.2));
#7471 = VECTOR('',#7472,1.);
#7472 = DIRECTION('',(1.,0.,0.));
#7473 = ORIENTED_EDGE('',*,*,#7474,.F.);
#7474 = EDGE_CURVE('',#7416,#7467,#7475,.T.);
#7475 = CIRCLE('',#7476,0.35);
#7476 = AXIS2_PLACEMENT_3D('',#7477,#7478,#7479);
#7477 = CARTESIAN_POINT('',(-28.7,-6.,-2.2));
#7478 = DIRECTION('',(0.,0.,1.));
#7479 = DIRECTION('',(1.,0.,0.));
#7480 = FACE_BOUND('',#7481,.F.);
#7481 = EDGE_LOOP('',(#7482,#7492,#7500,#7508));
#7482 = ORIENTED_EDGE('',*,*,#7483,.F.);
#7483 = EDGE_CURVE('',#7484,#7486,#7488,.T.);
#7484 = VERTEX_POINT('',#7485);
#7485 = CARTESIAN_POINT('',(24.9,42.35,-2.2));
#7486 = VERTEX_POINT('',#7487);
#7487 = CARTESIAN_POINT('',(24.9,38.85,-2.2));
#7488 = LINE('',#7489,#7490);
#7489 = CARTESIAN_POINT('',(24.9,42.35,-2.2));
#7490 = VECTOR('',#7491,1.);
#7491 = DIRECTION('',(0.,-1.,0.));
#7492 = ORIENTED_EDGE('',*,*,#7493,.F.);
#7493 = EDGE_CURVE('',#7494,#7484,#7496,.T.);
#7494 = VERTEX_POINT('',#7495);
#7495 = CARTESIAN_POINT('',(29.9,42.35,-2.2));
#7496 = LINE('',#7497,#7498);
#7497 = CARTESIAN_POINT('',(29.9,42.35,-2.2));
#7498 = VECTOR('',#7499,1.);
#7499 = DIRECTION('',(-1.,0.,0.));
#7500 = ORIENTED_EDGE('',*,*,#7501,.F.);
#7501 = EDGE_CURVE('',#7502,#7494,#7504,.T.);
#7502 = VERTEX_POINT('',#7503);
#7503 = CARTESIAN_POINT('',(29.9,38.85,-2.2));
#7504 = LINE('',#7505,#7506);
#7505 = CARTESIAN_POINT('',(29.9,38.85,-2.2));
#7506 = VECTOR('',#7507,1.);
#7507 = DIRECTION('',(0.,1.,0.));
#7508 = ORIENTED_EDGE('',*,*,#7509,.F.);
#7509 = EDGE_CURVE('',#7486,#7502,#7510,.T.);
#7510 = LINE('',#7511,#7512);
#7511 = CARTESIAN_POINT('',(24.9,38.85,-2.2));
#7512 = VECTOR('',#7513,1.);
#7513 = DIRECTION('',(1.,0.,0.));
#7514 = PLANE('',#7515);
#7515 = AXIS2_PLACEMENT_3D('',#7516,#7517,#7518);
#7516 = CARTESIAN_POINT('',(-5.98E-15,1.32E-15,-2.2));
#7517 = DIRECTION('',(0.,0.,1.));
#7518 = DIRECTION('',(1.,0.,0.));
#7519 = ADVANCED_FACE('',(#7520),#7526,.T.);
#7520 = FACE_BOUND('',#7521,.T.);
#7521 = EDGE_LOOP('',(#7522,#7523,#7524,#7525));
#7522 = ORIENTED_EDGE('',*,*,#7254,.F.);
#7523 = ORIENTED_EDGE('',*,*,#6405,.T.);
#7524 = ORIENTED_EDGE('',*,*,#6373,.T.);
#7525 = ORIENTED_EDGE('',*,*,#3863,.T.);
#7526 = PLANE('',#7527);
#7527 = AXIS2_PLACEMENT_3D('',#7528,#7529,#7530);
#7528 = CARTESIAN_POINT('',(30.1,-45.25279365855,-2.2));
#7529 = DIRECTION('',(-1.,0.,0.));
#7530 = DIRECTION('',(0.,1.,0.));
#7531 = ADVANCED_FACE('',(#7532),#7538,.F.);
#7532 = FACE_BOUND('',#7533,.F.);
#7533 = EDGE_LOOP('',(#7534,#7535,#7536,#7537));
#7534 = ORIENTED_EDGE('',*,*,#7376,.F.);
#7535 = ORIENTED_EDGE('',*,*,#6338,.T.);
#7536 = ORIENTED_EDGE('',*,*,#6388,.T.);
#7537 = ORIENTED_EDGE('',*,*,#3896,.T.);
#7538 = PLANE('',#7539);
#7539 = AXIS2_PLACEMENT_3D('',#7540,#7541,#7542);
#7540 = CARTESIAN_POINT('',(-30.59130487601,-45.06609408017,-2.2));
#7541 = DIRECTION('',(-1.,0.,0.));
#7542 = DIRECTION('',(0.,1.,0.));
#7543 = ADVANCED_FACE('',(#7544,#7614),#7624,.F.);
#7544 = FACE_BOUND('',#7545,.F.);
#7545 = EDGE_LOOP('',(#7546,#7556,#7565,#7573,#7582,#7590,#7599,#7607));
#7546 = ORIENTED_EDGE('',*,*,#7547,.T.);
#7547 = EDGE_CURVE('',#7548,#7550,#7552,.T.);
#7548 = VERTEX_POINT('',#7549);
#7549 = CARTESIAN_POINT('',(-29.05,37.,-0.6));
#7550 = VERTEX_POINT('',#7551);
#7551 = CARTESIAN_POINT('',(-29.05,-6.,-0.6));
#7552 = LINE('',#7553,#7554);
#7553 = CARTESIAN_POINT('',(-29.05,37.,-0.6));
#7554 = VECTOR('',#7555,1.);
#7555 = DIRECTION('',(0.,-1.,0.));
#7556 = ORIENTED_EDGE('',*,*,#7557,.T.);
#7557 = EDGE_CURVE('',#7550,#7558,#7560,.T.);
#7558 = VERTEX_POINT('',#7559);
#7559 = CARTESIAN_POINT('',(-28.7,-6.35,-0.6));
#7560 = CIRCLE('',#7561,0.35);
#7561 = AXIS2_PLACEMENT_3D('',#7562,#7563,#7564);
#7562 = CARTESIAN_POINT('',(-28.7,-6.,-0.6));
#7563 = DIRECTION('',(0.,0.,1.));
#7564 = DIRECTION('',(1.,0.,0.));
#7565 = ORIENTED_EDGE('',*,*,#7566,.T.);
#7566 = EDGE_CURVE('',#7558,#7567,#7569,.T.);
#7567 = VERTEX_POINT('',#7568);
#7568 = CARTESIAN_POINT('',(31.4,-6.35,-0.6));
#7569 = LINE('',#7570,#7571);
#7570 = CARTESIAN_POINT('',(-28.7,-6.35,-0.6));
#7571 = VECTOR('',#7572,1.);
#7572 = DIRECTION('',(1.,0.,0.));
#7573 = ORIENTED_EDGE('',*,*,#7574,.T.);
#7574 = EDGE_CURVE('',#7567,#7575,#7577,.T.);
#7575 = VERTEX_POINT('',#7576);
#7576 = CARTESIAN_POINT('',(31.75,-6.,-0.6));
#7577 = CIRCLE('',#7578,0.35);
#7578 = AXIS2_PLACEMENT_3D('',#7579,#7580,#7581);
#7579 = CARTESIAN_POINT('',(31.4,-6.,-0.6));
#7580 = DIRECTION('',(0.,0.,1.));
#7581 = DIRECTION('',(1.,0.,0.));
#7582 = ORIENTED_EDGE('',*,*,#7583,.T.);
#7583 = EDGE_CURVE('',#7575,#7584,#7586,.T.);
#7584 = VERTEX_POINT('',#7585);
#7585 = CARTESIAN_POINT('',(31.75,37.,-0.6));
#7586 = LINE('',#7587,#7588);
#7587 = CARTESIAN_POINT('',(31.75,-6.,-0.6));
#7588 = VECTOR('',#7589,1.);
#7589 = DIRECTION('',(0.,1.,0.));
#7590 = ORIENTED_EDGE('',*,*,#7591,.T.);
#7591 = EDGE_CURVE('',#7584,#7592,#7594,.T.);
#7592 = VERTEX_POINT('',#7593);
#7593 = CARTESIAN_POINT('',(31.4,37.35,-0.6));
#7594 = CIRCLE('',#7595,0.35);
#7595 = AXIS2_PLACEMENT_3D('',#7596,#7597,#7598);
#7596 = CARTESIAN_POINT('',(31.4,37.,-0.6));
#7597 = DIRECTION('',(0.,0.,1.));
#7598 = DIRECTION('',(1.,0.,0.));
#7599 = ORIENTED_EDGE('',*,*,#7600,.T.);
#7600 = EDGE_CURVE('',#7592,#7601,#7603,.T.);
#7601 = VERTEX_POINT('',#7602);
#7602 = CARTESIAN_POINT('',(-28.7,37.35,-0.6));
#7603 = LINE('',#7604,#7605);
#7604 = CARTESIAN_POINT('',(31.4,37.35,-0.6));
#7605 = VECTOR('',#7606,1.);
#7606 = DIRECTION('',(-1.,0.,0.));
#7607 = ORIENTED_EDGE('',*,*,#7608,.T.);
#7608 = EDGE_CURVE('',#7601,#7548,#7609,.T.);
#7609 = CIRCLE('',#7610,0.35);
#7610 = AXIS2_PLACEMENT_3D('',#7611,#7612,#7613);
#7611 = CARTESIAN_POINT('',(-28.7,37.,-0.6));
#7612 = DIRECTION('',(0.,0.,1.));
#7613 = DIRECTION('',(1.,0.,0.));
#7614 = FACE_BOUND('',#7615,.F.);
#7615 = EDGE_LOOP('',(#7616,#7617,#7618,#7619,#7620,#7621,#7622,#7623));
#7616 = ORIENTED_EDGE('',*,*,#4147,.F.);
#7617 = ORIENTED_EDGE('',*,*,#4098,.T.);
#7618 = ORIENTED_EDGE('',*,*,#4129,.F.);
#7619 = ORIENTED_EDGE('',*,*,#4179,.T.);
#7620 = ORIENTED_EDGE('',*,*,#4227,.F.);
#7621 = ORIENTED_EDGE('',*,*,#4270,.T.);
#7622 = ORIENTED_EDGE('',*,*,#4245,.F.);
#7623 = ORIENTED_EDGE('',*,*,#4196,.T.);
#7624 = PLANE('',#7625);
#7625 = AXIS2_PLACEMENT_3D('',#7626,#7627,#7628);
#7626 = CARTESIAN_POINT('',(1.35,15.5,-0.6));
#7627 = DIRECTION('',(0.,0.,1.));
#7628 = DIRECTION('',(1.,0.,0.));
#7629 = ADVANCED_FACE('',(#7630),#7640,.T.);
#7630 = FACE_BOUND('',#7631,.T.);
#7631 = EDGE_LOOP('',(#7632,#7633,#7634,#7635,#7636,#7637,#7638,#7639));
#7632 = ORIENTED_EDGE('',*,*,#4293,.T.);
#7633 = ORIENTED_EDGE('',*,*,#4317,.T.);
#7634 = ORIENTED_EDGE('',*,*,#4342,.T.);
#7635 = ORIENTED_EDGE('',*,*,#4366,.T.);
#7636 = ORIENTED_EDGE('',*,*,#4391,.T.);
#7637 = ORIENTED_EDGE('',*,*,#4415,.T.);
#7638 = ORIENTED_EDGE('',*,*,#4440,.T.);
#7639 = ORIENTED_EDGE('',*,*,#4464,.T.);
#7640 = PLANE('',#7641);
#7641 = AXIS2_PLACEMENT_3D('',#7642,#7643,#7644);
#7642 = CARTESIAN_POINT('',(3.507E-14,41.776514287079,-1.1));
#7643 = DIRECTION('',(0.,0.,1.));
#7644 = DIRECTION('',(1.,0.,0.));
#7645 = ADVANCED_FACE('',(#7646),#7656,.T.);
#7646 = FACE_BOUND('',#7647,.T.);
#7647 = EDGE_LOOP('',(#7648,#7649,#7650,#7651,#7652,#7653,#7654,#7655));
#7648 = ORIENTED_EDGE('',*,*,#4489,.T.);
#7649 = ORIENTED_EDGE('',*,*,#4513,.T.);
#7650 = ORIENTED_EDGE('',*,*,#4538,.T.);
#7651 = ORIENTED_EDGE('',*,*,#4562,.T.);
#7652 = ORIENTED_EDGE('',*,*,#4587,.T.);
#7653 = ORIENTED_EDGE('',*,*,#4611,.T.);
#7654 = ORIENTED_EDGE('',*,*,#4636,.T.);
#7655 = ORIENTED_EDGE('',*,*,#4660,.T.);
#7656 = PLANE('',#7657);
#7657 = AXIS2_PLACEMENT_3D('',#7658,#7659,#7660);
#7658 = CARTESIAN_POINT('',(3.507E-14,41.776514287079,-1.1));
#7659 = DIRECTION('',(0.,0.,1.));
#7660 = DIRECTION('',(1.,0.,0.));
#7661 = ADVANCED_FACE('',(#7662),#7672,.T.);
#7662 = FACE_BOUND('',#7663,.T.);
#7663 = EDGE_LOOP('',(#7664,#7665,#7666,#7667,#7668,#7669,#7670,#7671));
#7664 = ORIENTED_EDGE('',*,*,#4685,.T.);
#7665 = ORIENTED_EDGE('',*,*,#4709,.T.);
#7666 = ORIENTED_EDGE('',*,*,#4734,.T.);
#7667 = ORIENTED_EDGE('',*,*,#4758,.T.);
#7668 = ORIENTED_EDGE('',*,*,#4783,.T.);
#7669 = ORIENTED_EDGE('',*,*,#4807,.T.);
#7670 = ORIENTED_EDGE('',*,*,#4832,.T.);
#7671 = ORIENTED_EDGE('',*,*,#4856,.T.);
#7672 = PLANE('',#7673);
#7673 = AXIS2_PLACEMENT_3D('',#7674,#7675,#7676);
#7674 = CARTESIAN_POINT('',(3.507E-14,41.776514287079,-1.1));
#7675 = DIRECTION('',(0.,0.,1.));
#7676 = DIRECTION('',(1.,0.,0.));
#7677 = ADVANCED_FACE('',(#7678),#7688,.T.);
#7678 = FACE_BOUND('',#7679,.T.);
#7679 = EDGE_LOOP('',(#7680,#7681,#7682,#7683,#7684,#7685,#7686,#7687));
#7680 = ORIENTED_EDGE('',*,*,#4881,.T.);
#7681 = ORIENTED_EDGE('',*,*,#4905,.T.);
#7682 = ORIENTED_EDGE('',*,*,#4930,.T.);
#7683 = ORIENTED_EDGE('',*,*,#4954,.T.);
#7684 = ORIENTED_EDGE('',*,*,#4979,.T.);
#7685 = ORIENTED_EDGE('',*,*,#5003,.T.);
#7686 = ORIENTED_EDGE('',*,*,#5028,.T.);
#7687 = ORIENTED_EDGE('',*,*,#5052,.T.);
#7688 = PLANE('',#7689);
#7689 = AXIS2_PLACEMENT_3D('',#7690,#7691,#7692);
#7690 = CARTESIAN_POINT('',(3.507E-14,41.776514287079,-1.1));
#7691 = DIRECTION('',(0.,0.,1.));
#7692 = DIRECTION('',(1.,0.,0.));
#7693 = ADVANCED_FACE('',(#7694),#7704,.T.);
#7694 = FACE_BOUND('',#7695,.T.);
#7695 = EDGE_LOOP('',(#7696,#7697,#7698,#7699,#7700,#7701,#7702,#7703));
#7696 = ORIENTED_EDGE('',*,*,#5077,.T.);
#7697 = ORIENTED_EDGE('',*,*,#5101,.T.);
#7698 = ORIENTED_EDGE('',*,*,#5126,.T.);
#7699 = ORIENTED_EDGE('',*,*,#5150,.T.);
#7700 = ORIENTED_EDGE('',*,*,#5175,.T.);
#7701 = ORIENTED_EDGE('',*,*,#5199,.T.);
#7702 = ORIENTED_EDGE('',*,*,#5224,.T.);
#7703 = ORIENTED_EDGE('',*,*,#5248,.T.);
#7704 = PLANE('',#7705);
#7705 = AXIS2_PLACEMENT_3D('',#7706,#7707,#7708);
#7706 = CARTESIAN_POINT('',(3.507E-14,41.776514287079,-1.1));
#7707 = DIRECTION('',(0.,0.,1.));
#7708 = DIRECTION('',(1.,0.,0.));
#7709 = ADVANCED_FACE('',(#7710),#7720,.T.);
#7710 = FACE_BOUND('',#7711,.T.);
#7711 = EDGE_LOOP('',(#7712,#7713,#7714,#7715,#7716,#7717,#7718,#7719));
#7712 = ORIENTED_EDGE('',*,*,#5273,.T.);
#7713 = ORIENTED_EDGE('',*,*,#5297,.T.);
#7714 = ORIENTED_EDGE('',*,*,#5322,.T.);
#7715 = ORIENTED_EDGE('',*,*,#5346,.T.);
#7716 = ORIENTED_EDGE('',*,*,#5371,.T.);
#7717 = ORIENTED_EDGE('',*,*,#5395,.T.);
#7718 = ORIENTED_EDGE('',*,*,#5420,.T.);
#7719 = ORIENTED_EDGE('',*,*,#5444,.T.);
#7720 = PLANE('',#7721);
#7721 = AXIS2_PLACEMENT_3D('',#7722,#7723,#7724);
#7722 = CARTESIAN_POINT('',(3.507E-14,41.776514287079,-1.1));
#7723 = DIRECTION('',(0.,0.,1.));
#7724 = DIRECTION('',(1.,0.,0.));
#7725 = ADVANCED_FACE('',(#7726),#7736,.T.);
#7726 = FACE_BOUND('',#7727,.T.);
#7727 = EDGE_LOOP('',(#7728,#7729,#7730,#7731,#7732,#7733,#7734,#7735));
#7728 = ORIENTED_EDGE('',*,*,#5469,.T.);
#7729 = ORIENTED_EDGE('',*,*,#5493,.T.);
#7730 = ORIENTED_EDGE('',*,*,#5518,.T.);
#7731 = ORIENTED_EDGE('',*,*,#5542,.T.);
#7732 = ORIENTED_EDGE('',*,*,#5567,.T.);
#7733 = ORIENTED_EDGE('',*,*,#5591,.T.);
#7734 = ORIENTED_EDGE('',*,*,#5616,.T.);
#7735 = ORIENTED_EDGE('',*,*,#5640,.T.);
#7736 = PLANE('',#7737);
#7737 = AXIS2_PLACEMENT_3D('',#7738,#7739,#7740);
#7738 = CARTESIAN_POINT('',(3.507E-14,41.776514287079,-1.1));
#7739 = DIRECTION('',(0.,0.,1.));
#7740 = DIRECTION('',(1.,0.,0.));
#7741 = ADVANCED_FACE('',(#7742,#7776,#7779),#7782,.F.);
#7742 = FACE_BOUND('',#7743,.F.);
#7743 = EDGE_LOOP('',(#7744,#7754,#7762,#7770));
#7744 = ORIENTED_EDGE('',*,*,#7745,.T.);
#7745 = EDGE_CURVE('',#7746,#7748,#7750,.T.);
#7746 = VERTEX_POINT('',#7747);
#7747 = CARTESIAN_POINT('',(24.9,42.35,-5.3));
#7748 = VERTEX_POINT('',#7749);
#7749 = CARTESIAN_POINT('',(24.9,38.85,-5.3));
#7750 = LINE('',#7751,#7752);
#7751 = CARTESIAN_POINT('',(24.9,42.35,-5.3));
#7752 = VECTOR('',#7753,1.);
#7753 = DIRECTION('',(0.,-1.,0.));
#7754 = ORIENTED_EDGE('',*,*,#7755,.T.);
#7755 = EDGE_CURVE('',#7748,#7756,#7758,.T.);
#7756 = VERTEX_POINT('',#7757);
#7757 = CARTESIAN_POINT('',(29.9,38.85,-5.3));
#7758 = LINE('',#7759,#7760);
#7759 = CARTESIAN_POINT('',(24.9,38.85,-5.3));
#7760 = VECTOR('',#7761,1.);
#7761 = DIRECTION('',(1.,0.,0.));
#7762 = ORIENTED_EDGE('',*,*,#7763,.T.);
#7763 = EDGE_CURVE('',#7756,#7764,#7766,.T.);
#7764 = VERTEX_POINT('',#7765);
#7765 = CARTESIAN_POINT('',(29.9,42.35,-5.3));
#7766 = LINE('',#7767,#7768);
#7767 = CARTESIAN_POINT('',(29.9,38.85,-5.3));
#7768 = VECTOR('',#7769,1.);
#7769 = DIRECTION('',(0.,1.,0.));
#7770 = ORIENTED_EDGE('',*,*,#7771,.T.);
#7771 = EDGE_CURVE('',#7764,#7746,#7772,.T.);
#7772 = LINE('',#7773,#7774);
#7773 = CARTESIAN_POINT('',(29.9,42.35,-5.3));
#7774 = VECTOR('',#7775,1.);
#7775 = DIRECTION('',(-1.,0.,0.));
#7776 = FACE_BOUND('',#7777,.T.);
#7777 = EDGE_LOOP('',(#7778));
#7778 = ORIENTED_EDGE('',*,*,#5657,.T.);
#7779 = FACE_BOUND('',#7780,.T.);
#7780 = EDGE_LOOP('',(#7781));
#7781 = ORIENTED_EDGE('',*,*,#5681,.T.);
#7782 = PLANE('',#7783);
#7783 = AXIS2_PLACEMENT_3D('',#7784,#7785,#7786);
#7784 = CARTESIAN_POINT('',(27.4,40.6,-5.3));
#7785 = DIRECTION('',(0.,0.,1.));
#7786 = DIRECTION('',(1.,0.,0.));
#7787 = ADVANCED_FACE('',(#7788),#7799,.T.);
#7788 = FACE_BOUND('',#7789,.T.);
#7789 = EDGE_LOOP('',(#7790,#7796,#7797,#7798));
#7790 = ORIENTED_EDGE('',*,*,#7791,.T.);
#7791 = EDGE_CURVE('',#6530,#5706,#7792,.T.);
#7792 = LINE('',#7793,#7794);
#7793 = CARTESIAN_POINT('',(36.15,10.83,-4.8));
#7794 = VECTOR('',#7795,1.);
#7795 = DIRECTION('',(1.,0.,0.));
#7796 = ORIENTED_EDGE('',*,*,#5705,.T.);
#7797 = ORIENTED_EDGE('',*,*,#6560,.F.);
#7798 = ORIENTED_EDGE('',*,*,#6537,.F.);
#7799 = PLANE('',#7800);
#7800 = AXIS2_PLACEMENT_3D('',#7801,#7802,#7803);
#7801 = CARTESIAN_POINT('',(36.15,10.83,-4.8));
#7802 = DIRECTION('',(0.,0.,-1.));
#7803 = DIRECTION('',(0.,-1.,0.));
#7804 = ADVANCED_FACE('',(#7805),#7811,.T.);
#7805 = FACE_BOUND('',#7806,.T.);
#7806 = EDGE_LOOP('',(#7807,#7808,#7809,#7810));
#7807 = ORIENTED_EDGE('',*,*,#6529,.F.);
#7808 = ORIENTED_EDGE('',*,*,#7134,.T.);
#7809 = ORIENTED_EDGE('',*,*,#5733,.T.);
#7810 = ORIENTED_EDGE('',*,*,#7791,.F.);
#7811 = PLANE('',#7812);
#7812 = AXIS2_PLACEMENT_3D('',#7813,#7814,#7815);
#7813 = CARTESIAN_POINT('',(36.15,10.83,-15.3));
#7814 = DIRECTION('',(0.,-1.,0.));
#7815 = DIRECTION('',(0.,0.,1.));
#7816 = ADVANCED_FACE('',(#7817),#7880,.F.);
#7817 = FACE_BOUND('',#7818,.T.);
#7818 = EDGE_LOOP('',(#7819,#7820,#7828,#7837,#7846,#7854,#7863,#7871,
    #7878,#7879));
#7819 = ORIENTED_EDGE('',*,*,#6775,.F.);
#7820 = ORIENTED_EDGE('',*,*,#7821,.F.);
#7821 = EDGE_CURVE('',#7822,#6768,#7824,.T.);
#7822 = VERTEX_POINT('',#7823);
#7823 = CARTESIAN_POINT('',(9.155749299439,46.95,-12.2));
#7824 = LINE('',#7825,#7826);
#7825 = CARTESIAN_POINT('',(9.155749299439,47.95,-12.2));
#7826 = VECTOR('',#7827,1.);
#7827 = DIRECTION('',(0.,1.,-2.2E-16));
#7828 = ORIENTED_EDGE('',*,*,#7829,.F.);
#7829 = EDGE_CURVE('',#7830,#7822,#7832,.T.);
#7830 = VERTEX_POINT('',#7831);
#7831 = CARTESIAN_POINT('',(9.17,47.016286298904,-11.95));
#7832 = ELLIPSE('',#7833,2.27601879558,2.2);
#7833 = AXIS2_PLACEMENT_3D('',#7834,#7835,#7836);
#7834 = CARTESIAN_POINT('',(6.97,47.016286298904,-11.95));
#7835 = DIRECTION('',(0.,0.966600102017,-0.256289373133));
#7836 = DIRECTION('',(0.,0.256289373133,0.966600102017));
#7837 = ORIENTED_EDGE('',*,*,#7838,.F.);
#7838 = EDGE_CURVE('',#7839,#7830,#7841,.T.);
#7839 = VERTEX_POINT('',#7840);
#7840 = CARTESIAN_POINT('',(8.845499933351,47.321203273864,-10.8));
#7841 = ELLIPSE('',#7842,2.27601879558,2.2);
#7842 = AXIS2_PLACEMENT_3D('',#7843,#7844,#7845);
#7843 = CARTESIAN_POINT('',(6.97,47.016286298904,-11.95));
#7844 = DIRECTION('',(0.,0.966600102017,-0.256289373133));
#7845 = DIRECTION('',(0.,0.256289373133,0.966600102017));
#7846 = ORIENTED_EDGE('',*,*,#7847,.F.);
#7847 = EDGE_CURVE('',#7848,#7839,#7850,.T.);
#7848 = VERTEX_POINT('',#7849);
#7849 = CARTESIAN_POINT('',(8.845499933351,45.75,-10.8));
#7850 = LINE('',#7851,#7852);
#7851 = CARTESIAN_POINT('',(8.845499933351,47.95,-10.8));
#7852 = VECTOR('',#7853,1.);
#7853 = DIRECTION('',(0.,1.,-2.2E-16));
#7854 = ORIENTED_EDGE('',*,*,#7855,.T.);
#7855 = EDGE_CURVE('',#7848,#7856,#7858,.T.);
#7856 = VERTEX_POINT('',#7857);
#7857 = CARTESIAN_POINT('',(5.094500066649,45.75,-10.8));
#7858 = CIRCLE('',#7859,2.2);
#7859 = AXIS2_PLACEMENT_3D('',#7860,#7861,#7862);
#7860 = CARTESIAN_POINT('',(6.97,45.75,-11.95));
#7861 = DIRECTION('',(0.,-1.,0.));
#7862 = DIRECTION('',(1.,0.,0.));
#7863 = ORIENTED_EDGE('',*,*,#7864,.T.);
#7864 = EDGE_CURVE('',#7856,#7865,#7867,.T.);
#7865 = VERTEX_POINT('',#7866);
#7866 = CARTESIAN_POINT('',(5.094500066649,47.321203273864,-10.8));
#7867 = LINE('',#7868,#7869);
#7868 = CARTESIAN_POINT('',(5.094500066649,47.95,-10.8));
#7869 = VECTOR('',#7870,1.);
#7870 = DIRECTION('',(0.,1.,-2.2E-16));
#7871 = ORIENTED_EDGE('',*,*,#7872,.F.);
#7872 = EDGE_CURVE('',#5773,#7865,#7873,.T.);
#7873 = ELLIPSE('',#7874,2.27601879558,2.2);
#7874 = AXIS2_PLACEMENT_3D('',#7875,#7876,#7877);
#7875 = CARTESIAN_POINT('',(6.97,47.016286298904,-11.95));
#7876 = DIRECTION('',(0.,0.966600102017,-0.256289373133));
#7877 = DIRECTION('',(0.,0.256289373133,0.966600102017));
#7878 = ORIENTED_EDGE('',*,*,#5772,.T.);
#7879 = ORIENTED_EDGE('',*,*,#6784,.F.);
#7880 = CYLINDRICAL_SURFACE('',#7881,2.2);
#7881 = AXIS2_PLACEMENT_3D('',#7882,#7883,#7884);
#7882 = CARTESIAN_POINT('',(6.97,47.95,-11.95));
#7883 = DIRECTION('',(0.,1.,-2.2E-16));
#7884 = DIRECTION('',(1.,0.,0.));
#7885 = ADVANCED_FACE('',(#7886),#7903,.F.);
#7886 = FACE_BOUND('',#7887,.F.);
#7887 = EDGE_LOOP('',(#7888,#7889,#7890,#7897));
#7888 = ORIENTED_EDGE('',*,*,#7872,.F.);
#7889 = ORIENTED_EDGE('',*,*,#5831,.T.);
#7890 = ORIENTED_EDGE('',*,*,#7891,.T.);
#7891 = EDGE_CURVE('',#5823,#7892,#7894,.T.);
#7892 = VERTEX_POINT('',#7893);
#7893 = CARTESIAN_POINT('',(-27.15,47.321203273864,-10.8));
#7894 = B_SPLINE_CURVE_WITH_KNOTS('',1,(#7895,#7896),.UNSPECIFIED.,.F.,
  .F.,(2,2),(0.,1.),.PIECEWISE_BEZIER_KNOTS.);
#7895 = CARTESIAN_POINT('',(-27.15,46.95,-12.2));
#7896 = CARTESIAN_POINT('',(-27.15,47.321203273864,-10.8));
#7897 = ORIENTED_EDGE('',*,*,#7898,.F.);
#7898 = EDGE_CURVE('',#7865,#7892,#7899,.T.);
#7899 = LINE('',#7900,#7901);
#7900 = CARTESIAN_POINT('',(27.149999999997,47.321203273864,-10.8));
#7901 = VECTOR('',#7902,1.);
#7902 = DIRECTION('',(-1.,0.,0.));
#7903 = PLANE('',#7904);
#7904 = AXIS2_PLACEMENT_3D('',#7905,#7906,#7907);
#7905 = CARTESIAN_POINT('',(27.149999999997,47.321203273864,-10.8));
#7906 = DIRECTION('',(0.,0.966600102017,-0.256289373133));
#7907 = DIRECTION('',(-1.,0.,0.));
#7908 = ADVANCED_FACE('',(#7909),#7927,.F.);
#7909 = FACE_BOUND('',#7910,.F.);
#7910 = EDGE_LOOP('',(#7911,#7912,#7919,#7926));
#7911 = ORIENTED_EDGE('',*,*,#5822,.T.);
#7912 = ORIENTED_EDGE('',*,*,#7913,.T.);
#7913 = EDGE_CURVE('',#5815,#7914,#7916,.T.);
#7914 = VERTEX_POINT('',#7915);
#7915 = CARTESIAN_POINT('',(-37.72120327386,36.75,-10.8));
#7916 = B_SPLINE_CURVE_WITH_KNOTS('',1,(#7917,#7918),.UNSPECIFIED.,.F.,
  .F.,(2,2),(0.,1.),.PIECEWISE_BEZIER_KNOTS.);
#7917 = CARTESIAN_POINT('',(-37.35,36.75,-12.2));
#7918 = CARTESIAN_POINT('',(-37.72120327386,36.75,-10.8));
#7919 = ORIENTED_EDGE('',*,*,#7920,.F.);
#7920 = EDGE_CURVE('',#7892,#7914,#7921,.T.);
#7921 = CIRCLE('',#7922,10.571203273864);
#7922 = AXIS2_PLACEMENT_3D('',#7923,#7924,#7925);
#7923 = CARTESIAN_POINT('',(-27.15,36.75,-10.8));
#7924 = DIRECTION('',(0.,0.,1.));
#7925 = DIRECTION('',(1.,0.,0.));
#7926 = ORIENTED_EDGE('',*,*,#7891,.F.);
#7927 = CONICAL_SURFACE('',#7928,10.2,0.259181393921);
#7928 = AXIS2_PLACEMENT_3D('',#7929,#7930,#7931);
#7929 = CARTESIAN_POINT('',(-27.15,36.75,-12.2));
#7930 = DIRECTION('',(0.,0.,1.));
#7931 = DIRECTION('',(1.,0.,0.));
#7932 = ADVANCED_FACE('',(#7933),#7958,.F.);
#7933 = FACE_BOUND('',#7934,.F.);
#7934 = EDGE_LOOP('',(#7935,#7936,#7937,#7945,#7951,#7952));
#7935 = ORIENTED_EDGE('',*,*,#7913,.F.);
#7936 = ORIENTED_EDGE('',*,*,#5814,.T.);
#7937 = ORIENTED_EDGE('',*,*,#7938,.F.);
#7938 = EDGE_CURVE('',#7939,#5807,#7941,.T.);
#7939 = VERTEX_POINT('',#7940);
#7940 = CARTESIAN_POINT('',(-37.52120327386,32.25,-11.55430369211));
#7941 = LINE('',#7942,#7943);
#7942 = CARTESIAN_POINT('',(-37.11221062322,32.25,-13.09682702421));
#7943 = VECTOR('',#7944,1.);
#7944 = DIRECTION('',(0.256289373133,0.,-0.966600102017));
#7945 = ORIENTED_EDGE('',*,*,#7946,.T.);
#7946 = EDGE_CURVE('',#7939,#5872,#7947,.T.);
#7947 = LINE('',#7948,#7949);
#7948 = CARTESIAN_POINT('',(-37.52120327386,27.192746858169,
    -11.55430369211));
#7949 = VECTOR('',#7950,1.);
#7950 = DIRECTION('',(0.,-1.,0.));
#7951 = ORIENTED_EDGE('',*,*,#5879,.T.);
#7952 = ORIENTED_EDGE('',*,*,#7953,.F.);
#7953 = EDGE_CURVE('',#7914,#5880,#7954,.T.);
#7954 = LINE('',#7955,#7956);
#7955 = CARTESIAN_POINT('',(-37.72120327386,36.75,-10.8));
#7956 = VECTOR('',#7957,1.);
#7957 = DIRECTION('',(0.,-1.,0.));
#7958 = PLANE('',#7959);
#7959 = AXIS2_PLACEMENT_3D('',#7960,#7961,#7962);
#7960 = CARTESIAN_POINT('',(-37.72120327386,36.75,-10.8));
#7961 = DIRECTION('',(-0.966600102017,0.,-0.256289373133));
#7962 = DIRECTION('',(0.,-1.,0.));
#7963 = ADVANCED_FACE('',(#7964),#7974,.F.);
#7964 = FACE_BOUND('',#7965,.F.);
#7965 = EDGE_LOOP('',(#7966,#7967,#7973));
#7966 = ORIENTED_EDGE('',*,*,#5806,.T.);
#7967 = ORIENTED_EDGE('',*,*,#7968,.T.);
#7968 = EDGE_CURVE('',#5799,#7939,#7969,.T.);
#7969 = LINE('',#7970,#7971);
#7970 = CARTESIAN_POINT('',(-37.52120327386,32.25,-15.3));
#7971 = VECTOR('',#7972,1.);
#7972 = DIRECTION('',(0.,0.,1.));
#7973 = ORIENTED_EDGE('',*,*,#7938,.T.);
#7974 = PLANE('',#7975);
#7975 = AXIS2_PLACEMENT_3D('',#7976,#7977,#7978);
#7976 = CARTESIAN_POINT('',(-36.15,32.25,-15.3));
#7977 = DIRECTION('',(0.,1.,0.));
#7978 = DIRECTION('',(0.,0.,1.));
#7979 = ADVANCED_FACE('',(#7980),#7986,.T.);
#7980 = FACE_BOUND('',#7981,.T.);
#7981 = EDGE_LOOP('',(#7982,#7983,#7984,#7985));
#7982 = ORIENTED_EDGE('',*,*,#7968,.T.);
#7983 = ORIENTED_EDGE('',*,*,#7946,.T.);
#7984 = ORIENTED_EDGE('',*,*,#5871,.F.);
#7985 = ORIENTED_EDGE('',*,*,#5798,.T.);
#7986 = PLANE('',#7987);
#7987 = AXIS2_PLACEMENT_3D('',#7988,#7989,#7990);
#7988 = CARTESIAN_POINT('',(-37.52120327386,17.635493716338,-10.05));
#7989 = DIRECTION('',(1.,0.,0.));
#7990 = DIRECTION('',(0.,0.,1.));
#7991 = ADVANCED_FACE('',(#7992),#8035,.T.);
#7992 = FACE_BOUND('',#7993,.T.);
#7993 = EDGE_LOOP('',(#7994,#8004,#8012,#8020,#8026,#8027,#8028,#8029));
#7994 = ORIENTED_EDGE('',*,*,#7995,.T.);
#7995 = EDGE_CURVE('',#7996,#7998,#8000,.T.);
#7996 = VERTEX_POINT('',#7997);
#7997 = CARTESIAN_POINT('',(-37.52120327386,32.25,-10.8));
#7998 = VERTEX_POINT('',#7999);
#7999 = CARTESIAN_POINT('',(-37.52120327386,32.25,-4.8));
#8000 = LINE('',#8001,#8002);
#8001 = CARTESIAN_POINT('',(-37.52120327386,32.25,-15.3));
#8002 = VECTOR('',#8003,1.);
#8003 = DIRECTION('',(0.,0.,1.));
#8004 = ORIENTED_EDGE('',*,*,#8005,.T.);
#8005 = EDGE_CURVE('',#7998,#8006,#8008,.T.);
#8006 = VERTEX_POINT('',#8007);
#8007 = CARTESIAN_POINT('',(-37.52120327386,21.45,-4.8));
#8008 = LINE('',#8009,#8010);
#8009 = CARTESIAN_POINT('',(-37.52120327386,32.25,-4.8));
#8010 = VECTOR('',#8011,1.);
#8011 = DIRECTION('',(0.,-1.,0.));
#8012 = ORIENTED_EDGE('',*,*,#8013,.T.);
#8013 = EDGE_CURVE('',#8006,#8014,#8016,.T.);
#8014 = VERTEX_POINT('',#8015);
#8015 = CARTESIAN_POINT('',(-37.52120327386,21.45,-10.8));
#8016 = LINE('',#8017,#8018);
#8017 = CARTESIAN_POINT('',(-37.52120327386,21.45,-4.8));
#8018 = VECTOR('',#8019,1.);
#8019 = DIRECTION('',(0.,0.,-1.));
#8020 = ORIENTED_EDGE('',*,*,#8021,.T.);
#8021 = EDGE_CURVE('',#8014,#6048,#8022,.T.);
#8022 = LINE('',#8023,#8024);
#8023 = CARTESIAN_POINT('',(-37.52120327386,27.192746858169,-10.8));
#8024 = VECTOR('',#8025,1.);
#8025 = DIRECTION('',(0.,1.,0.));
#8026 = ORIENTED_EDGE('',*,*,#6047,.F.);
#8027 = ORIENTED_EDGE('',*,*,#5967,.F.);
#8028 = ORIENTED_EDGE('',*,*,#5895,.F.);
#8029 = ORIENTED_EDGE('',*,*,#8030,.T.);
#8030 = EDGE_CURVE('',#5888,#7996,#8031,.T.);
#8031 = LINE('',#8032,#8033);
#8032 = CARTESIAN_POINT('',(-37.52120327386,27.192746858169,-10.8));
#8033 = VECTOR('',#8034,1.);
#8034 = DIRECTION('',(0.,1.,0.));
#8035 = PLANE('',#8036);
#8036 = AXIS2_PLACEMENT_3D('',#8037,#8038,#8039);
#8037 = CARTESIAN_POINT('',(-37.52120327386,17.635493716338,-10.05));
#8038 = DIRECTION('',(1.,0.,0.));
#8039 = DIRECTION('',(0.,0.,1.));
#8040 = ADVANCED_FACE('',(#8041),#8071,.F.);
#8041 = FACE_BOUND('',#8042,.F.);
#8042 = EDGE_LOOP('',(#8043,#8044,#8045,#8046,#8047,#8048,#8049,#8055,
    #8056,#8065));
#8043 = ORIENTED_EDGE('',*,*,#7864,.T.);
#8044 = ORIENTED_EDGE('',*,*,#7898,.T.);
#8045 = ORIENTED_EDGE('',*,*,#7920,.T.);
#8046 = ORIENTED_EDGE('',*,*,#7953,.T.);
#8047 = ORIENTED_EDGE('',*,*,#5887,.T.);
#8048 = ORIENTED_EDGE('',*,*,#8030,.T.);
#8049 = ORIENTED_EDGE('',*,*,#8050,.F.);
#8050 = EDGE_CURVE('',#6603,#7996,#8051,.T.);
#8051 = LINE('',#8052,#8053);
#8052 = CARTESIAN_POINT('',(-4.500000000002,32.25,-10.8));
#8053 = VECTOR('',#8054,1.);
#8054 = DIRECTION('',(-1.,0.,0.));
#8055 = ORIENTED_EDGE('',*,*,#6600,.F.);
#8056 = ORIENTED_EDGE('',*,*,#8057,.T.);
#8057 = EDGE_CURVE('',#6601,#8058,#8060,.T.);
#8058 = VERTEX_POINT('',#8059);
#8059 = CARTESIAN_POINT('',(-27.15,45.75,-10.8));
#8060 = CIRCLE('',#8061,9.);
#8061 = AXIS2_PLACEMENT_3D('',#8062,#8063,#8064);
#8062 = CARTESIAN_POINT('',(-27.15,36.75,-10.8));
#8063 = DIRECTION('',(0.,0.,-1.));
#8064 = DIRECTION('',(1.,0.,0.));
#8065 = ORIENTED_EDGE('',*,*,#8066,.F.);
#8066 = EDGE_CURVE('',#7856,#8058,#8067,.T.);
#8067 = LINE('',#8068,#8069);
#8068 = CARTESIAN_POINT('',(27.149999999998,45.75,-10.8));
#8069 = VECTOR('',#8070,1.);
#8070 = DIRECTION('',(-1.,0.,0.));
#8071 = PLANE('',#8072);
#8072 = AXIS2_PLACEMENT_3D('',#8073,#8074,#8075);
#8073 = CARTESIAN_POINT('',(27.149999999997,36.75,-10.8));
#8074 = DIRECTION('',(0.,0.,1.));
#8075 = DIRECTION('',(1.,0.,0.));
#8076 = ADVANCED_FACE('',(#8077),#8109,.F.);
#8077 = FACE_BOUND('',#8078,.F.);
#8078 = EDGE_LOOP('',(#8079,#8080,#8086,#8087,#8088,#8094,#8095,#8103));
#8079 = ORIENTED_EDGE('',*,*,#6110,.T.);
#8080 = ORIENTED_EDGE('',*,*,#8081,.T.);
#8081 = EDGE_CURVE('',#6111,#5935,#8082,.T.);
#8082 = LINE('',#8083,#8084);
#8083 = CARTESIAN_POINT('',(-37.72120327386,36.75,-10.8));
#8084 = VECTOR('',#8085,1.);
#8085 = DIRECTION('',(0.,-1.,0.));
#8086 = ORIENTED_EDGE('',*,*,#5942,.T.);
#8087 = ORIENTED_EDGE('',*,*,#6290,.T.);
#8088 = ORIENTED_EDGE('',*,*,#8089,.F.);
#8089 = EDGE_CURVE('',#6668,#6263,#8090,.T.);
#8090 = LINE('',#8091,#8092);
#8091 = CARTESIAN_POINT('',(-4.500000000002,10.83,-10.8));
#8092 = VECTOR('',#8093,1.);
#8093 = DIRECTION('',(-1.,0.,0.));
#8094 = ORIENTED_EDGE('',*,*,#6675,.F.);
#8095 = ORIENTED_EDGE('',*,*,#8096,.F.);
#8096 = EDGE_CURVE('',#8097,#6676,#8099,.T.);
#8097 = VERTEX_POINT('',#8098);
#8098 = CARTESIAN_POINT('',(-37.52120327386,13.03,-10.8));
#8099 = LINE('',#8100,#8101);
#8100 = CARTESIAN_POINT('',(-4.500000000002,13.03,-10.8));
#8101 = VECTOR('',#8102,1.);
#8102 = DIRECTION('',(1.,0.,0.));
#8103 = ORIENTED_EDGE('',*,*,#8104,.T.);
#8104 = EDGE_CURVE('',#8097,#6103,#8105,.T.);
#8105 = LINE('',#8106,#8107);
#8106 = CARTESIAN_POINT('',(-37.52120327386,27.192746858169,-10.8));
#8107 = VECTOR('',#8108,1.);
#8108 = DIRECTION('',(0.,1.,0.));
#8109 = PLANE('',#8110);
#8110 = AXIS2_PLACEMENT_3D('',#8111,#8112,#8113);
#8111 = CARTESIAN_POINT('',(27.149999999997,36.75,-10.8));
#8112 = DIRECTION('',(0.,0.,1.));
#8113 = DIRECTION('',(1.,0.,0.));
#8114 = ADVANCED_FACE('',(#8115),#8149,.F.);
#8115 = FACE_BOUND('',#8116,.F.);
#8116 = EDGE_LOOP('',(#8117,#8118,#8119,#8127,#8133,#8134,#8142,#8148));
#8117 = ORIENTED_EDGE('',*,*,#8081,.F.);
#8118 = ORIENTED_EDGE('',*,*,#6118,.T.);
#8119 = ORIENTED_EDGE('',*,*,#8120,.T.);
#8120 = EDGE_CURVE('',#6119,#8121,#8123,.T.);
#8121 = VERTEX_POINT('',#8122);
#8122 = CARTESIAN_POINT('',(-37.52120327386,13.03,-11.55430369211));
#8123 = LINE('',#8124,#8125);
#8124 = CARTESIAN_POINT('',(-37.52120327386,27.192746858169,
    -11.55430369211));
#8125 = VECTOR('',#8126,1.);
#8126 = DIRECTION('',(0.,-1.,0.));
#8127 = ORIENTED_EDGE('',*,*,#8128,.F.);
#8128 = EDGE_CURVE('',#6016,#8121,#8129,.T.);
#8129 = LINE('',#8130,#8131);
#8130 = CARTESIAN_POINT('',(-38.41278962786,13.03,-8.191669298819));
#8131 = VECTOR('',#8132,1.);
#8132 = DIRECTION('',(-0.256289373133,0.,0.966600102017));
#8133 = ORIENTED_EDGE('',*,*,#6015,.T.);
#8134 = ORIENTED_EDGE('',*,*,#8135,.F.);
#8135 = EDGE_CURVE('',#8136,#6008,#8138,.T.);
#8136 = VERTEX_POINT('',#8137);
#8137 = CARTESIAN_POINT('',(-37.52120327386,10.83,-11.55430369211));
#8138 = LINE('',#8139,#8140);
#8139 = CARTESIAN_POINT('',(-37.11221062322,10.83,-13.09682702421));
#8140 = VECTOR('',#8141,1.);
#8141 = DIRECTION('',(0.256289373133,0.,-0.966600102017));
#8142 = ORIENTED_EDGE('',*,*,#8143,.T.);
#8143 = EDGE_CURVE('',#8136,#5927,#8144,.T.);
#8144 = LINE('',#8145,#8146);
#8145 = CARTESIAN_POINT('',(-37.52120327386,27.192746858169,
    -11.55430369211));
#8146 = VECTOR('',#8147,1.);
#8147 = DIRECTION('',(0.,-1.,0.));
#8148 = ORIENTED_EDGE('',*,*,#5934,.T.);
#8149 = PLANE('',#8150);
#8150 = AXIS2_PLACEMENT_3D('',#8151,#8152,#8153);
#8151 = CARTESIAN_POINT('',(-37.72120327386,36.75,-10.8));
#8152 = DIRECTION('',(-0.966600102017,0.,-0.256289373133));
#8153 = DIRECTION('',(0.,-1.,0.));
#8154 = ADVANCED_FACE('',(#8155),#8166,.T.);
#8155 = FACE_BOUND('',#8156,.T.);
#8156 = EDGE_LOOP('',(#8157,#8163,#8164,#8165));
#8157 = ORIENTED_EDGE('',*,*,#8158,.T.);
#8158 = EDGE_CURVE('',#6000,#8136,#8159,.T.);
#8159 = LINE('',#8160,#8161);
#8160 = CARTESIAN_POINT('',(-37.52120327386,10.83,-15.3));
#8161 = VECTOR('',#8162,1.);
#8162 = DIRECTION('',(0.,0.,1.));
#8163 = ORIENTED_EDGE('',*,*,#8143,.T.);
#8164 = ORIENTED_EDGE('',*,*,#5926,.F.);
#8165 = ORIENTED_EDGE('',*,*,#5999,.T.);
#8166 = PLANE('',#8167);
#8167 = AXIS2_PLACEMENT_3D('',#8168,#8169,#8170);
#8168 = CARTESIAN_POINT('',(-37.52120327386,17.635493716338,-10.05));
#8169 = DIRECTION('',(1.,0.,0.));
#8170 = DIRECTION('',(0.,0.,1.));
#8171 = ADVANCED_FACE('',(#8172),#8183,.T.);
#8172 = FACE_BOUND('',#8173,.T.);
#8173 = EDGE_LOOP('',(#8174,#8175,#8181,#8182));
#8174 = ORIENTED_EDGE('',*,*,#8120,.T.);
#8175 = ORIENTED_EDGE('',*,*,#8176,.T.);
#8176 = EDGE_CURVE('',#8121,#6024,#8177,.T.);
#8177 = LINE('',#8178,#8179);
#8178 = CARTESIAN_POINT('',(-37.52120327386,13.03,-4.8));
#8179 = VECTOR('',#8180,1.);
#8180 = DIRECTION('',(0.,0.,-1.));
#8181 = ORIENTED_EDGE('',*,*,#6031,.T.);
#8182 = ORIENTED_EDGE('',*,*,#6126,.F.);
#8183 = PLANE('',#8184);
#8184 = AXIS2_PLACEMENT_3D('',#8185,#8186,#8187);
#8185 = CARTESIAN_POINT('',(-37.52120327386,17.635493716338,-10.05));
#8186 = DIRECTION('',(1.,0.,0.));
#8187 = DIRECTION('',(0.,0.,1.));
#8188 = ADVANCED_FACE('',(#8189),#8194,.F.);
#8189 = FACE_BOUND('',#8190,.F.);
#8190 = EDGE_LOOP('',(#8191,#8192,#8193));
#8191 = ORIENTED_EDGE('',*,*,#8128,.T.);
#8192 = ORIENTED_EDGE('',*,*,#8176,.T.);
#8193 = ORIENTED_EDGE('',*,*,#6023,.T.);
#8194 = PLANE('',#8195);
#8195 = AXIS2_PLACEMENT_3D('',#8196,#8197,#8198);
#8196 = CARTESIAN_POINT('',(-36.15,13.03,-4.8));
#8197 = DIRECTION('',(0.,-1.,0.));
#8198 = DIRECTION('',(0.,0.,-1.));
#8199 = ADVANCED_FACE('',(#8200),#8205,.F.);
#8200 = FACE_BOUND('',#8201,.F.);
#8201 = EDGE_LOOP('',(#8202,#8203,#8204));
#8202 = ORIENTED_EDGE('',*,*,#6007,.T.);
#8203 = ORIENTED_EDGE('',*,*,#8158,.T.);
#8204 = ORIENTED_EDGE('',*,*,#8135,.T.);
#8205 = PLANE('',#8206);
#8206 = AXIS2_PLACEMENT_3D('',#8207,#8208,#8209);
#8207 = CARTESIAN_POINT('',(-36.15,10.83,-15.3));
#8208 = DIRECTION('',(0.,1.,0.));
#8209 = DIRECTION('',(0.,0.,1.));
#8210 = ADVANCED_FACE('',(#8211),#8229,.T.);
#8211 = FACE_BOUND('',#8212,.T.);
#8212 = EDGE_LOOP('',(#8213,#8221,#8227,#8228));
#8213 = ORIENTED_EDGE('',*,*,#8214,.T.);
#8214 = EDGE_CURVE('',#6064,#8215,#8217,.T.);
#8215 = VERTEX_POINT('',#8216);
#8216 = CARTESIAN_POINT('',(-37.52120327386,21.45,-11.55430369211));
#8217 = LINE('',#8218,#8219);
#8218 = CARTESIAN_POINT('',(-37.52120327386,27.192746858169,
    -11.55430369211));
#8219 = VECTOR('',#8220,1.);
#8220 = DIRECTION('',(0.,-1.,0.));
#8221 = ORIENTED_EDGE('',*,*,#8222,.T.);
#8222 = EDGE_CURVE('',#8215,#6176,#8223,.T.);
#8223 = LINE('',#8224,#8225);
#8224 = CARTESIAN_POINT('',(-37.52120327386,21.45,-4.8));
#8225 = VECTOR('',#8226,1.);
#8226 = DIRECTION('',(0.,0.,-1.));
#8227 = ORIENTED_EDGE('',*,*,#6183,.T.);
#8228 = ORIENTED_EDGE('',*,*,#6071,.F.);
#8229 = PLANE('',#8230);
#8230 = AXIS2_PLACEMENT_3D('',#8231,#8232,#8233);
#8231 = CARTESIAN_POINT('',(-37.52120327386,17.635493716338,-10.05));
#8232 = DIRECTION('',(1.,0.,0.));
#8233 = DIRECTION('',(0.,0.,1.));
#8234 = ADVANCED_FACE('',(#8235),#8267,.F.);
#8235 = FACE_BOUND('',#8236,.F.);
#8236 = EDGE_LOOP('',(#8237,#8243,#8244,#8245,#8251,#8252,#8260,#8266));
#8237 = ORIENTED_EDGE('',*,*,#8238,.F.);
#8238 = EDGE_CURVE('',#6056,#6232,#8239,.T.);
#8239 = LINE('',#8240,#8241);
#8240 = CARTESIAN_POINT('',(-37.72120327386,36.75,-10.8));
#8241 = VECTOR('',#8242,1.);
#8242 = DIRECTION('',(0.,-1.,0.));
#8243 = ORIENTED_EDGE('',*,*,#6063,.T.);
#8244 = ORIENTED_EDGE('',*,*,#8214,.T.);
#8245 = ORIENTED_EDGE('',*,*,#8246,.F.);
#8246 = EDGE_CURVE('',#6168,#8215,#8247,.T.);
#8247 = LINE('',#8248,#8249);
#8248 = CARTESIAN_POINT('',(-38.41278962786,21.45,-8.191669298819));
#8249 = VECTOR('',#8250,1.);
#8250 = DIRECTION('',(-0.256289373133,0.,0.966600102017));
#8251 = ORIENTED_EDGE('',*,*,#6167,.T.);
#8252 = ORIENTED_EDGE('',*,*,#8253,.F.);
#8253 = EDGE_CURVE('',#8254,#6160,#8256,.T.);
#8254 = VERTEX_POINT('',#8255);
#8255 = CARTESIAN_POINT('',(-37.52120327386,19.73,-11.55430369211));
#8256 = LINE('',#8257,#8258);
#8257 = CARTESIAN_POINT('',(-37.11221062322,19.73,-13.09682702421));
#8258 = VECTOR('',#8259,1.);
#8259 = DIRECTION('',(0.256289373133,0.,-0.966600102017));
#8260 = ORIENTED_EDGE('',*,*,#8261,.T.);
#8261 = EDGE_CURVE('',#8254,#6224,#8262,.T.);
#8262 = LINE('',#8263,#8264);
#8263 = CARTESIAN_POINT('',(-37.52120327386,27.192746858169,
    -11.55430369211));
#8264 = VECTOR('',#8265,1.);
#8265 = DIRECTION('',(0.,-1.,0.));
#8266 = ORIENTED_EDGE('',*,*,#6231,.T.);
#8267 = PLANE('',#8268);
#8268 = AXIS2_PLACEMENT_3D('',#8269,#8270,#8271);
#8269 = CARTESIAN_POINT('',(-37.72120327386,36.75,-10.8));
#8270 = DIRECTION('',(-0.966600102017,0.,-0.256289373133));
#8271 = DIRECTION('',(0.,-1.,0.));
#8272 = ADVANCED_FACE('',(#8273),#8300,.F.);
#8273 = FACE_BOUND('',#8274,.F.);
#8274 = EDGE_LOOP('',(#8275,#8276,#8277,#8278,#8279,#8287,#8293,#8294));
#8275 = ORIENTED_EDGE('',*,*,#8021,.T.);
#8276 = ORIENTED_EDGE('',*,*,#6055,.T.);
#8277 = ORIENTED_EDGE('',*,*,#8238,.T.);
#8278 = ORIENTED_EDGE('',*,*,#6239,.T.);
#8279 = ORIENTED_EDGE('',*,*,#8280,.T.);
#8280 = EDGE_CURVE('',#6240,#8281,#8283,.T.);
#8281 = VERTEX_POINT('',#8282);
#8282 = CARTESIAN_POINT('',(-37.52120327386,19.73,-10.8));
#8283 = LINE('',#8284,#8285);
#8284 = CARTESIAN_POINT('',(-37.52120327386,27.192746858169,-10.8));
#8285 = VECTOR('',#8286,1.);
#8286 = DIRECTION('',(0.,1.,0.));
#8287 = ORIENTED_EDGE('',*,*,#8288,.F.);
#8288 = EDGE_CURVE('',#6700,#8281,#8289,.T.);
#8289 = LINE('',#8290,#8291);
#8290 = CARTESIAN_POINT('',(-4.500000000002,19.73,-10.8));
#8291 = VECTOR('',#8292,1.);
#8292 = DIRECTION('',(-1.,0.,0.));
#8293 = ORIENTED_EDGE('',*,*,#6707,.F.);
#8294 = ORIENTED_EDGE('',*,*,#8295,.F.);
#8295 = EDGE_CURVE('',#8014,#6708,#8296,.T.);
#8296 = LINE('',#8297,#8298);
#8297 = CARTESIAN_POINT('',(-4.500000000002,21.45,-10.8));
#8298 = VECTOR('',#8299,1.);
#8299 = DIRECTION('',(1.,0.,0.));
#8300 = PLANE('',#8301);
#8301 = AXIS2_PLACEMENT_3D('',#8302,#8303,#8304);
#8302 = CARTESIAN_POINT('',(27.149999999997,36.75,-10.8));
#8303 = DIRECTION('',(0.,0.,1.));
#8304 = DIRECTION('',(1.,0.,0.));
#8305 = ADVANCED_FACE('',(#8306),#8335,.T.);
#8306 = FACE_BOUND('',#8307,.T.);
#8307 = EDGE_LOOP('',(#8308,#8316,#8324,#8330,#8331,#8332,#8333,#8334));
#8308 = ORIENTED_EDGE('',*,*,#8309,.T.);
#8309 = EDGE_CURVE('',#8281,#8310,#8312,.T.);
#8310 = VERTEX_POINT('',#8311);
#8311 = CARTESIAN_POINT('',(-37.52120327386,19.73,-4.8));
#8312 = LINE('',#8313,#8314);
#8313 = CARTESIAN_POINT('',(-37.52120327386,19.73,-15.3));
#8314 = VECTOR('',#8315,1.);
#8315 = DIRECTION('',(0.,0.,1.));
#8316 = ORIENTED_EDGE('',*,*,#8317,.T.);
#8317 = EDGE_CURVE('',#8310,#8318,#8320,.T.);
#8318 = VERTEX_POINT('',#8319);
#8319 = CARTESIAN_POINT('',(-37.52120327386,13.03,-4.8));
#8320 = LINE('',#8321,#8322);
#8321 = CARTESIAN_POINT('',(-37.52120327386,19.73,-4.8));
#8322 = VECTOR('',#8323,1.);
#8323 = DIRECTION('',(0.,-1.,0.));
#8324 = ORIENTED_EDGE('',*,*,#8325,.T.);
#8325 = EDGE_CURVE('',#8318,#8097,#8326,.T.);
#8326 = LINE('',#8327,#8328);
#8327 = CARTESIAN_POINT('',(-37.52120327386,13.03,-4.8));
#8328 = VECTOR('',#8329,1.);
#8329 = DIRECTION('',(0.,0.,-1.));
#8330 = ORIENTED_EDGE('',*,*,#8104,.T.);
#8331 = ORIENTED_EDGE('',*,*,#6102,.F.);
#8332 = ORIENTED_EDGE('',*,*,#6206,.F.);
#8333 = ORIENTED_EDGE('',*,*,#6247,.F.);
#8334 = ORIENTED_EDGE('',*,*,#8280,.T.);
#8335 = PLANE('',#8336);
#8336 = AXIS2_PLACEMENT_3D('',#8337,#8338,#8339);
#8337 = CARTESIAN_POINT('',(-37.52120327386,17.635493716338,-10.05));
#8338 = DIRECTION('',(1.,0.,0.));
#8339 = DIRECTION('',(0.,0.,1.));
#8340 = ADVANCED_FACE('',(#8341),#8346,.F.);
#8341 = FACE_BOUND('',#8342,.F.);
#8342 = EDGE_LOOP('',(#8343,#8344,#8345));
#8343 = ORIENTED_EDGE('',*,*,#8246,.T.);
#8344 = ORIENTED_EDGE('',*,*,#8222,.T.);
#8345 = ORIENTED_EDGE('',*,*,#6175,.T.);
#8346 = PLANE('',#8347);
#8347 = AXIS2_PLACEMENT_3D('',#8348,#8349,#8350);
#8348 = CARTESIAN_POINT('',(-36.15,21.45,-4.8));
#8349 = DIRECTION('',(0.,-1.,0.));
#8350 = DIRECTION('',(0.,0.,-1.));
#8351 = ADVANCED_FACE('',(#8352),#8362,.F.);
#8352 = FACE_BOUND('',#8353,.F.);
#8353 = EDGE_LOOP('',(#8354,#8355,#8361));
#8354 = ORIENTED_EDGE('',*,*,#6159,.T.);
#8355 = ORIENTED_EDGE('',*,*,#8356,.T.);
#8356 = EDGE_CURVE('',#6152,#8254,#8357,.T.);
#8357 = LINE('',#8358,#8359);
#8358 = CARTESIAN_POINT('',(-37.52120327386,19.73,-15.3));
#8359 = VECTOR('',#8360,1.);
#8360 = DIRECTION('',(0.,0.,1.));
#8361 = ORIENTED_EDGE('',*,*,#8253,.T.);
#8362 = PLANE('',#8363);
#8363 = AXIS2_PLACEMENT_3D('',#8364,#8365,#8366);
#8364 = CARTESIAN_POINT('',(-36.15,19.73,-15.3));
#8365 = DIRECTION('',(0.,1.,0.));
#8366 = DIRECTION('',(0.,0.,1.));
#8367 = ADVANCED_FACE('',(#8368),#8374,.T.);
#8368 = FACE_BOUND('',#8369,.T.);
#8369 = EDGE_LOOP('',(#8370,#8371,#8372,#8373));
#8370 = ORIENTED_EDGE('',*,*,#8356,.T.);
#8371 = ORIENTED_EDGE('',*,*,#8261,.T.);
#8372 = ORIENTED_EDGE('',*,*,#6223,.F.);
#8373 = ORIENTED_EDGE('',*,*,#6151,.T.);
#8374 = PLANE('',#8375);
#8375 = AXIS2_PLACEMENT_3D('',#8376,#8377,#8378);
#8376 = CARTESIAN_POINT('',(-37.52120327386,17.635493716338,-10.05));
#8377 = DIRECTION('',(1.,0.,0.));
#8378 = DIRECTION('',(0.,0.,1.));
#8379 = ADVANCED_FACE('',(#8380),#8391,.F.);
#8380 = FACE_BOUND('',#8381,.F.);
#8381 = EDGE_LOOP('',(#8382,#8383,#8384,#8385));
#8382 = ORIENTED_EDGE('',*,*,#6667,.F.);
#8383 = ORIENTED_EDGE('',*,*,#8089,.T.);
#8384 = ORIENTED_EDGE('',*,*,#6262,.T.);
#8385 = ORIENTED_EDGE('',*,*,#8386,.F.);
#8386 = EDGE_CURVE('',#6660,#6265,#8387,.T.);
#8387 = LINE('',#8388,#8389);
#8388 = CARTESIAN_POINT('',(-36.15,10.83,-4.8));
#8389 = VECTOR('',#8390,1.);
#8390 = DIRECTION('',(-1.,-0.,-0.));
#8391 = PLANE('',#8392);
#8392 = AXIS2_PLACEMENT_3D('',#8393,#8394,#8395);
#8393 = CARTESIAN_POINT('',(-36.15,10.83,-15.3));
#8394 = DIRECTION('',(0.,1.,0.));
#8395 = DIRECTION('',(0.,0.,1.));
#8396 = ADVANCED_FACE('',(#8397),#8403,.F.);
#8397 = FACE_BOUND('',#8398,.F.);
#8398 = EDGE_LOOP('',(#8399,#8400,#8401,#8402));
#8399 = ORIENTED_EDGE('',*,*,#8386,.T.);
#8400 = ORIENTED_EDGE('',*,*,#6272,.T.);
#8401 = ORIENTED_EDGE('',*,*,#6584,.F.);
#8402 = ORIENTED_EDGE('',*,*,#6659,.F.);
#8403 = PLANE('',#8404);
#8404 = AXIS2_PLACEMENT_3D('',#8405,#8406,#8407);
#8405 = CARTESIAN_POINT('',(-36.15,10.83,-4.8));
#8406 = DIRECTION('',(0.,0.,1.));
#8407 = DIRECTION('',(0.,-1.,0.));
#8408 = ADVANCED_FACE('',(#8409),#8431,.T.);
#8409 = FACE_BOUND('',#8410,.T.);
#8410 = EDGE_LOOP('',(#8411,#8420,#8421,#8422,#8423,#8424));
#8411 = ORIENTED_EDGE('',*,*,#8412,.T.);
#8412 = EDGE_CURVE('',#8413,#6423,#8415,.T.);
#8413 = VERTEX_POINT('',#8414);
#8414 = CARTESIAN_POINT('',(34.017,-41.932,-5.3));
#8415 = CIRCLE('',#8416,1.835);
#8416 = AXIS2_PLACEMENT_3D('',#8417,#8418,#8419);
#8417 = CARTESIAN_POINT('',(32.182,-41.932,-5.3));
#8418 = DIRECTION('',(0.,0.,1.));
#8419 = DIRECTION('',(1.,0.,0.));
#8420 = ORIENTED_EDGE('',*,*,#6422,.F.);
#8421 = ORIENTED_EDGE('',*,*,#7261,.F.);
#8422 = ORIENTED_EDGE('',*,*,#7270,.F.);
#8423 = ORIENTED_EDGE('',*,*,#6439,.T.);
#8424 = ORIENTED_EDGE('',*,*,#8425,.T.);
#8425 = EDGE_CURVE('',#6431,#8413,#8426,.T.);
#8426 = CIRCLE('',#8427,1.835);
#8427 = AXIS2_PLACEMENT_3D('',#8428,#8429,#8430);
#8428 = CARTESIAN_POINT('',(32.182,-41.932,-5.3));
#8429 = DIRECTION('',(0.,0.,1.));
#8430 = DIRECTION('',(1.,0.,0.));
#8431 = CYLINDRICAL_SURFACE('',#8432,1.835);
#8432 = AXIS2_PLACEMENT_3D('',#8433,#8434,#8435);
#8433 = CARTESIAN_POINT('',(32.182,-41.932,-2.2));
#8434 = DIRECTION('',(0.,0.,1.));
#8435 = DIRECTION('',(1.,0.,0.));
#8436 = ADVANCED_FACE('',(#8437,#8442),#8453,.F.);
#8437 = FACE_BOUND('',#8438,.F.);
#8438 = EDGE_LOOP('',(#8439,#8440,#8441));
#8439 = ORIENTED_EDGE('',*,*,#8425,.T.);
#8440 = ORIENTED_EDGE('',*,*,#8412,.T.);
#8441 = ORIENTED_EDGE('',*,*,#6430,.F.);
#8442 = FACE_BOUND('',#8443,.F.);
#8443 = EDGE_LOOP('',(#8444));
#8444 = ORIENTED_EDGE('',*,*,#8445,.F.);
#8445 = EDGE_CURVE('',#8446,#8446,#8448,.T.);
#8446 = VERTEX_POINT('',#8447);
#8447 = CARTESIAN_POINT('',(33.132,-41.932,-5.3));
#8448 = CIRCLE('',#8449,0.95);
#8449 = AXIS2_PLACEMENT_3D('',#8450,#8451,#8452);
#8450 = CARTESIAN_POINT('',(32.182,-41.932,-5.3));
#8451 = DIRECTION('',(0.,0.,1.));
#8452 = DIRECTION('',(1.,0.,0.));
#8453 = PLANE('',#8454);
#8454 = AXIS2_PLACEMENT_3D('',#8455,#8456,#8457);
#8455 = CARTESIAN_POINT('',(-0.6,1.6125,-5.3));
#8456 = DIRECTION('',(0.,0.,1.));
#8457 = DIRECTION('',(1.,0.,0.));
#8458 = ADVANCED_FACE('',(#8459),#8470,.T.);
#8459 = FACE_BOUND('',#8460,.T.);
#8460 = EDGE_LOOP('',(#8461,#8462,#8468,#8469));
#8461 = ORIENTED_EDGE('',*,*,#6513,.F.);
#8462 = ORIENTED_EDGE('',*,*,#8463,.T.);
#8463 = EDGE_CURVE('',#6506,#6979,#8464,.T.);
#8464 = LINE('',#8465,#8466);
#8465 = CARTESIAN_POINT('',(36.15,13.029999999959,-4.8));
#8466 = VECTOR('',#8467,1.);
#8467 = DIRECTION('',(1.,0.,0.));
#8468 = ORIENTED_EDGE('',*,*,#6986,.T.);
#8469 = ORIENTED_EDGE('',*,*,#7127,.T.);
#8470 = PLANE('',#8471);
#8471 = AXIS2_PLACEMENT_3D('',#8472,#8473,#8474);
#8472 = CARTESIAN_POINT('',(36.15,13.029999999959,-4.8));
#8473 = DIRECTION('',(0.,1.,0.));
#8474 = DIRECTION('',(0.,0.,-1.));
#8475 = ADVANCED_FACE('',(#8476),#8487,.T.);
#8476 = FACE_BOUND('',#8477,.T.);
#8477 = EDGE_LOOP('',(#8478,#8484,#8485,#8486));
#8478 = ORIENTED_EDGE('',*,*,#8479,.T.);
#8479 = EDGE_CURVE('',#6498,#6977,#8480,.T.);
#8480 = LINE('',#8481,#8482);
#8481 = CARTESIAN_POINT('',(36.15,19.730000000041,-4.8));
#8482 = VECTOR('',#8483,1.);
#8483 = DIRECTION('',(1.,0.,0.));
#8484 = ORIENTED_EDGE('',*,*,#6976,.T.);
#8485 = ORIENTED_EDGE('',*,*,#8463,.F.);
#8486 = ORIENTED_EDGE('',*,*,#6505,.F.);
#8487 = PLANE('',#8488);
#8488 = AXIS2_PLACEMENT_3D('',#8489,#8490,#8491);
#8489 = CARTESIAN_POINT('',(36.15,19.730000000041,-4.8));
#8490 = DIRECTION('',(0.,0.,-1.));
#8491 = DIRECTION('',(0.,-1.,0.));
#8492 = ADVANCED_FACE('',(#8493),#8499,.T.);
#8493 = FACE_BOUND('',#8494,.T.);
#8494 = EDGE_LOOP('',(#8495,#8496,#8497,#8498));
#8495 = ORIENTED_EDGE('',*,*,#6497,.F.);
#8496 = ORIENTED_EDGE('',*,*,#7046,.T.);
#8497 = ORIENTED_EDGE('',*,*,#7011,.T.);
#8498 = ORIENTED_EDGE('',*,*,#8479,.F.);
#8499 = PLANE('',#8500);
#8500 = AXIS2_PLACEMENT_3D('',#8501,#8502,#8503);
#8501 = CARTESIAN_POINT('',(36.15,19.730000000041,-15.3));
#8502 = DIRECTION('',(0.,-1.,0.));
#8503 = DIRECTION('',(0.,0.,1.));
#8504 = ADVANCED_FACE('',(#8505),#8540,.F.);
#8505 = FACE_BOUND('',#8506,.T.);
#8506 = EDGE_LOOP('',(#8507,#8513,#8514,#8515,#8516,#8524,#8533,#8539));
#8507 = ORIENTED_EDGE('',*,*,#8508,.F.);
#8508 = EDGE_CURVE('',#7031,#7307,#8509,.T.);
#8509 = LINE('',#8510,#8511);
#8510 = CARTESIAN_POINT('',(27.15,45.75,-12.2));
#8511 = VECTOR('',#8512,1.);
#8512 = DIRECTION('',(0.,0.,1.));
#8513 = ORIENTED_EDGE('',*,*,#7038,.T.);
#8514 = ORIENTED_EDGE('',*,*,#6481,.T.);
#8515 = ORIENTED_EDGE('',*,*,#7279,.T.);
#8516 = ORIENTED_EDGE('',*,*,#8517,.T.);
#8517 = EDGE_CURVE('',#7280,#8518,#8520,.T.);
#8518 = VERTEX_POINT('',#8519);
#8519 = CARTESIAN_POINT('',(33.77660085675,42.840005015213,-5.3));
#8520 = LINE('',#8521,#8522);
#8521 = CARTESIAN_POINT('',(33.77660085675,42.840005015213,-12.2));
#8522 = VECTOR('',#8523,1.);
#8523 = DIRECTION('',(-0.,-0.,-1.));
#8524 = ORIENTED_EDGE('',*,*,#8525,.F.);
#8525 = EDGE_CURVE('',#8526,#8518,#8528,.T.);
#8526 = VERTEX_POINT('',#8527);
#8527 = CARTESIAN_POINT('',(33.042787797876,43.552576862425,-5.3));
#8528 = CIRCLE('',#8529,9.);
#8529 = AXIS2_PLACEMENT_3D('',#8530,#8531,#8532);
#8530 = CARTESIAN_POINT('',(27.15,36.75,-5.3));
#8531 = DIRECTION('',(0.,0.,-1.));
#8532 = DIRECTION('',(1.,0.,0.));
#8533 = ORIENTED_EDGE('',*,*,#8534,.F.);
#8534 = EDGE_CURVE('',#7298,#8526,#8535,.T.);
#8535 = LINE('',#8536,#8537);
#8536 = CARTESIAN_POINT('',(33.042787797876,43.552576862425,-12.2));
#8537 = VECTOR('',#8538,1.);
#8538 = DIRECTION('',(-0.,-0.,-1.));
#8539 = ORIENTED_EDGE('',*,*,#7306,.T.);
#8540 = CYLINDRICAL_SURFACE('',#8541,9.);
#8541 = AXIS2_PLACEMENT_3D('',#8542,#8543,#8544);
#8542 = CARTESIAN_POINT('',(27.15,36.75,-12.2));
#8543 = DIRECTION('',(-0.,-0.,-1.));
#8544 = DIRECTION('',(1.,0.,0.));
#8545 = ADVANCED_FACE('',(#8546),#8557,.F.);
#8546 = FACE_BOUND('',#8547,.F.);
#8547 = EDGE_LOOP('',(#8548,#8549,#8550,#8551));
#8548 = ORIENTED_EDGE('',*,*,#6731,.F.);
#8549 = ORIENTED_EDGE('',*,*,#8050,.T.);
#8550 = ORIENTED_EDGE('',*,*,#7995,.T.);
#8551 = ORIENTED_EDGE('',*,*,#8552,.F.);
#8552 = EDGE_CURVE('',#6724,#7998,#8553,.T.);
#8553 = LINE('',#8554,#8555);
#8554 = CARTESIAN_POINT('',(-36.15,32.25,-4.8));
#8555 = VECTOR('',#8556,1.);
#8556 = DIRECTION('',(-1.,-0.,-0.));
#8557 = PLANE('',#8558);
#8558 = AXIS2_PLACEMENT_3D('',#8559,#8560,#8561);
#8559 = CARTESIAN_POINT('',(-36.15,32.25,-15.3));
#8560 = DIRECTION('',(0.,1.,0.));
#8561 = DIRECTION('',(0.,0.,1.));
#8562 = ADVANCED_FACE('',(#8563),#8574,.F.);
#8563 = FACE_BOUND('',#8564,.F.);
#8564 = EDGE_LOOP('',(#8565,#8566,#8567,#8573));
#8565 = ORIENTED_EDGE('',*,*,#8552,.T.);
#8566 = ORIENTED_EDGE('',*,*,#8005,.T.);
#8567 = ORIENTED_EDGE('',*,*,#8568,.F.);
#8568 = EDGE_CURVE('',#6716,#8006,#8569,.T.);
#8569 = LINE('',#8570,#8571);
#8570 = CARTESIAN_POINT('',(-36.15,21.45,-4.8));
#8571 = VECTOR('',#8572,1.);
#8572 = DIRECTION('',(-1.,-0.,-0.));
#8573 = ORIENTED_EDGE('',*,*,#6723,.F.);
#8574 = PLANE('',#8575);
#8575 = AXIS2_PLACEMENT_3D('',#8576,#8577,#8578);
#8576 = CARTESIAN_POINT('',(-36.15,32.25,-4.8));
#8577 = DIRECTION('',(0.,0.,1.));
#8578 = DIRECTION('',(0.,-1.,0.));
#8579 = ADVANCED_FACE('',(#8580),#8586,.F.);
#8580 = FACE_BOUND('',#8581,.F.);
#8581 = EDGE_LOOP('',(#8582,#8583,#8584,#8585));
#8582 = ORIENTED_EDGE('',*,*,#6715,.F.);
#8583 = ORIENTED_EDGE('',*,*,#8568,.T.);
#8584 = ORIENTED_EDGE('',*,*,#8013,.T.);
#8585 = ORIENTED_EDGE('',*,*,#8295,.T.);
#8586 = PLANE('',#8587);
#8587 = AXIS2_PLACEMENT_3D('',#8588,#8589,#8590);
#8588 = CARTESIAN_POINT('',(-36.15,21.45,-4.8));
#8589 = DIRECTION('',(0.,-1.,0.));
#8590 = DIRECTION('',(0.,0.,-1.));
#8591 = ADVANCED_FACE('',(#8592),#8603,.F.);
#8592 = FACE_BOUND('',#8593,.F.);
#8593 = EDGE_LOOP('',(#8594,#8595,#8596,#8597));
#8594 = ORIENTED_EDGE('',*,*,#6699,.F.);
#8595 = ORIENTED_EDGE('',*,*,#8288,.T.);
#8596 = ORIENTED_EDGE('',*,*,#8309,.T.);
#8597 = ORIENTED_EDGE('',*,*,#8598,.F.);
#8598 = EDGE_CURVE('',#6692,#8310,#8599,.T.);
#8599 = LINE('',#8600,#8601);
#8600 = CARTESIAN_POINT('',(-36.15,19.73,-4.8));
#8601 = VECTOR('',#8602,1.);
#8602 = DIRECTION('',(-1.,-0.,-0.));
#8603 = PLANE('',#8604);
#8604 = AXIS2_PLACEMENT_3D('',#8605,#8606,#8607);
#8605 = CARTESIAN_POINT('',(-36.15,19.73,-15.3));
#8606 = DIRECTION('',(0.,1.,0.));
#8607 = DIRECTION('',(0.,0.,1.));
#8608 = ADVANCED_FACE('',(#8609),#8620,.F.);
#8609 = FACE_BOUND('',#8610,.F.);
#8610 = EDGE_LOOP('',(#8611,#8612,#8613,#8619));
#8611 = ORIENTED_EDGE('',*,*,#8598,.T.);
#8612 = ORIENTED_EDGE('',*,*,#8317,.T.);
#8613 = ORIENTED_EDGE('',*,*,#8614,.F.);
#8614 = EDGE_CURVE('',#6684,#8318,#8615,.T.);
#8615 = LINE('',#8616,#8617);
#8616 = CARTESIAN_POINT('',(-36.15,13.03,-4.8));
#8617 = VECTOR('',#8618,1.);
#8618 = DIRECTION('',(-1.,-0.,-0.));
#8619 = ORIENTED_EDGE('',*,*,#6691,.F.);
#8620 = PLANE('',#8621);
#8621 = AXIS2_PLACEMENT_3D('',#8622,#8623,#8624);
#8622 = CARTESIAN_POINT('',(-36.15,19.73,-4.8));
#8623 = DIRECTION('',(0.,0.,1.));
#8624 = DIRECTION('',(0.,-1.,0.));
#8625 = ADVANCED_FACE('',(#8626),#8632,.F.);
#8626 = FACE_BOUND('',#8627,.F.);
#8627 = EDGE_LOOP('',(#8628,#8629,#8630,#8631));
#8628 = ORIENTED_EDGE('',*,*,#6683,.F.);
#8629 = ORIENTED_EDGE('',*,*,#8614,.T.);
#8630 = ORIENTED_EDGE('',*,*,#8325,.T.);
#8631 = ORIENTED_EDGE('',*,*,#8096,.T.);
#8632 = PLANE('',#8633);
#8633 = AXIS2_PLACEMENT_3D('',#8634,#8635,#8636);
#8634 = CARTESIAN_POINT('',(-36.15,13.03,-4.8));
#8635 = DIRECTION('',(0.,-1.,0.));
#8636 = DIRECTION('',(0.,0.,-1.));
#8637 = ADVANCED_FACE('',(#8638),#8660,.T.);
#8638 = FACE_BOUND('',#8639,.T.);
#8639 = EDGE_LOOP('',(#8640,#8649,#8650,#8651,#8652,#8653));
#8640 = ORIENTED_EDGE('',*,*,#8641,.T.);
#8641 = EDGE_CURVE('',#8642,#6627,#8644,.T.);
#8642 = VERTEX_POINT('',#8643);
#8643 = CARTESIAN_POINT('',(-32.747,-35.482,-5.3));
#8644 = CIRCLE('',#8645,1.835);
#8645 = AXIS2_PLACEMENT_3D('',#8646,#8647,#8648);
#8646 = CARTESIAN_POINT('',(-34.582,-35.482,-5.3));
#8647 = DIRECTION('',(0.,0.,1.));
#8648 = DIRECTION('',(1.,0.,0.));
#8649 = ORIENTED_EDGE('',*,*,#6626,.T.);
#8650 = ORIENTED_EDGE('',*,*,#7358,.F.);
#8651 = ORIENTED_EDGE('',*,*,#7367,.F.);
#8652 = ORIENTED_EDGE('',*,*,#6642,.F.);
#8653 = ORIENTED_EDGE('',*,*,#8654,.T.);
#8654 = EDGE_CURVE('',#6635,#8642,#8655,.T.);
#8655 = CIRCLE('',#8656,1.835);
#8656 = AXIS2_PLACEMENT_3D('',#8657,#8658,#8659);
#8657 = CARTESIAN_POINT('',(-34.582,-35.482,-5.3));
#8658 = DIRECTION('',(0.,0.,1.));
#8659 = DIRECTION('',(1.,0.,0.));
#8660 = CYLINDRICAL_SURFACE('',#8661,1.835);
#8661 = AXIS2_PLACEMENT_3D('',#8662,#8663,#8664);
#8662 = CARTESIAN_POINT('',(-34.582,-35.482,-2.2));
#8663 = DIRECTION('',(0.,0.,1.));
#8664 = DIRECTION('',(1.,0.,0.));
#8665 = ADVANCED_FACE('',(#8666,#8671),#8682,.F.);
#8666 = FACE_BOUND('',#8667,.F.);
#8667 = EDGE_LOOP('',(#8668,#8669,#8670));
#8668 = ORIENTED_EDGE('',*,*,#8654,.T.);
#8669 = ORIENTED_EDGE('',*,*,#8641,.T.);
#8670 = ORIENTED_EDGE('',*,*,#6634,.T.);
#8671 = FACE_BOUND('',#8672,.F.);
#8672 = EDGE_LOOP('',(#8673));
#8673 = ORIENTED_EDGE('',*,*,#8674,.F.);
#8674 = EDGE_CURVE('',#8675,#8675,#8677,.T.);
#8675 = VERTEX_POINT('',#8676);
#8676 = CARTESIAN_POINT('',(-33.632,-35.482,-5.3));
#8677 = CIRCLE('',#8678,0.95);
#8678 = AXIS2_PLACEMENT_3D('',#8679,#8680,#8681);
#8679 = CARTESIAN_POINT('',(-34.582,-35.482,-5.3));
#8680 = DIRECTION('',(0.,0.,1.));
#8681 = DIRECTION('',(1.,0.,0.));
#8682 = PLANE('',#8683);
#8683 = AXIS2_PLACEMENT_3D('',#8684,#8685,#8686);
#8684 = CARTESIAN_POINT('',(-0.6,1.6125,-5.3));
#8685 = DIRECTION('',(0.,0.,1.));
#8686 = DIRECTION('',(1.,0.,0.));
#8687 = ADVANCED_FACE('',(#8688),#8723,.F.);
#8688 = FACE_BOUND('',#8689,.T.);
#8689 = EDGE_LOOP('',(#8690,#8691,#8692,#8698,#8699,#8707,#8716,#8722));
#8690 = ORIENTED_EDGE('',*,*,#6610,.F.);
#8691 = ORIENTED_EDGE('',*,*,#8057,.T.);
#8692 = ORIENTED_EDGE('',*,*,#8693,.T.);
#8693 = EDGE_CURVE('',#8058,#7316,#8694,.T.);
#8694 = LINE('',#8695,#8696);
#8695 = CARTESIAN_POINT('',(-27.15,45.75,-12.2));
#8696 = VECTOR('',#8697,1.);
#8697 = DIRECTION('',(0.,0.,1.));
#8698 = ORIENTED_EDGE('',*,*,#7323,.T.);
#8699 = ORIENTED_EDGE('',*,*,#8700,.T.);
#8700 = EDGE_CURVE('',#7324,#8701,#8703,.T.);
#8701 = VERTEX_POINT('',#8702);
#8702 = CARTESIAN_POINT('',(-33.04278779787,43.552576862425,-5.3));
#8703 = LINE('',#8704,#8705);
#8704 = CARTESIAN_POINT('',(-33.04278779787,43.552576862425,-12.2));
#8705 = VECTOR('',#8706,1.);
#8706 = DIRECTION('',(-0.,-0.,-1.));
#8707 = ORIENTED_EDGE('',*,*,#8708,.F.);
#8708 = EDGE_CURVE('',#8709,#8701,#8711,.T.);
#8709 = VERTEX_POINT('',#8710);
#8710 = CARTESIAN_POINT('',(-33.77660085675,42.840005015213,-5.3));
#8711 = CIRCLE('',#8712,9.);
#8712 = AXIS2_PLACEMENT_3D('',#8713,#8714,#8715);
#8713 = CARTESIAN_POINT('',(-27.15,36.75,-5.3));
#8714 = DIRECTION('',(0.,0.,-1.));
#8715 = DIRECTION('',(1.,0.,0.));
#8716 = ORIENTED_EDGE('',*,*,#8717,.F.);
#8717 = EDGE_CURVE('',#7342,#8709,#8718,.T.);
#8718 = LINE('',#8719,#8720);
#8719 = CARTESIAN_POINT('',(-33.77660085675,42.840005015213,-12.2));
#8720 = VECTOR('',#8721,1.);
#8721 = DIRECTION('',(-0.,-0.,-1.));
#8722 = ORIENTED_EDGE('',*,*,#7350,.T.);
#8723 = CYLINDRICAL_SURFACE('',#8724,9.);
#8724 = AXIS2_PLACEMENT_3D('',#8725,#8726,#8727);
#8725 = CARTESIAN_POINT('',(-27.15,36.75,-12.2));
#8726 = DIRECTION('',(-0.,-0.,-1.));
#8727 = DIRECTION('',(1.,0.,0.));
#8728 = ADVANCED_FACE('',(#8729),#8740,.F.);
#8729 = FACE_BOUND('',#8730,.F.);
#8730 = EDGE_LOOP('',(#8731,#8732,#8733,#8734));
#8731 = ORIENTED_EDGE('',*,*,#6961,.T.);
#8732 = ORIENTED_EDGE('',*,*,#6767,.T.);
#8733 = ORIENTED_EDGE('',*,*,#7821,.F.);
#8734 = ORIENTED_EDGE('',*,*,#8735,.F.);
#8735 = EDGE_CURVE('',#6953,#7822,#8736,.T.);
#8736 = LINE('',#8737,#8738);
#8737 = CARTESIAN_POINT('',(27.149999999997,46.95,-12.2));
#8738 = VECTOR('',#8739,1.);
#8739 = DIRECTION('',(-1.,0.,0.));
#8740 = PLANE('',#8741);
#8741 = AXIS2_PLACEMENT_3D('',#8742,#8743,#8744);
#8742 = CARTESIAN_POINT('',(-4.63E-15,-9.7E-15,-12.2));
#8743 = DIRECTION('',(0.,0.,1.));
#8744 = DIRECTION('',(1.,0.,0.));
#8745 = ADVANCED_FACE('',(#8746),#8761,.T.);
#8746 = FACE_BOUND('',#8747,.T.);
#8747 = EDGE_LOOP('',(#8748,#8749,#8750,#8751,#8752,#8753,#8754,#8760));
#8748 = ORIENTED_EDGE('',*,*,#7030,.F.);
#8749 = ORIENTED_EDGE('',*,*,#8508,.T.);
#8750 = ORIENTED_EDGE('',*,*,#7315,.T.);
#8751 = ORIENTED_EDGE('',*,*,#8693,.F.);
#8752 = ORIENTED_EDGE('',*,*,#8066,.F.);
#8753 = ORIENTED_EDGE('',*,*,#7855,.F.);
#8754 = ORIENTED_EDGE('',*,*,#8755,.F.);
#8755 = EDGE_CURVE('',#6936,#7848,#8756,.T.);
#8756 = LINE('',#8757,#8758);
#8757 = CARTESIAN_POINT('',(27.149999999998,45.75,-10.8));
#8758 = VECTOR('',#8759,1.);
#8759 = DIRECTION('',(-1.,0.,0.));
#8760 = ORIENTED_EDGE('',*,*,#6935,.F.);
#8761 = PLANE('',#8762);
#8762 = AXIS2_PLACEMENT_3D('',#8763,#8764,#8765);
#8763 = CARTESIAN_POINT('',(27.15,45.75,-12.2));
#8764 = DIRECTION('',(0.,-1.,0.));
#8765 = DIRECTION('',(-1.,0.,0.));
#8766 = ADVANCED_FACE('',(#8767),#8778,.F.);
#8767 = FACE_BOUND('',#8768,.F.);
#8768 = EDGE_LOOP('',(#8769,#8770,#8776,#8777));
#8769 = ORIENTED_EDGE('',*,*,#6944,.T.);
#8770 = ORIENTED_EDGE('',*,*,#8771,.T.);
#8771 = EDGE_CURVE('',#6945,#7839,#8772,.T.);
#8772 = LINE('',#8773,#8774);
#8773 = CARTESIAN_POINT('',(27.149999999997,47.321203273864,-10.8));
#8774 = VECTOR('',#8775,1.);
#8775 = DIRECTION('',(-1.,0.,0.));
#8776 = ORIENTED_EDGE('',*,*,#7847,.F.);
#8777 = ORIENTED_EDGE('',*,*,#8755,.F.);
#8778 = PLANE('',#8779);
#8779 = AXIS2_PLACEMENT_3D('',#8780,#8781,#8782);
#8780 = CARTESIAN_POINT('',(27.149999999997,36.75,-10.8));
#8781 = DIRECTION('',(0.,0.,1.));
#8782 = DIRECTION('',(1.,0.,0.));
#8783 = ADVANCED_FACE('',(#8784),#8791,.F.);
#8784 = FACE_BOUND('',#8785,.F.);
#8785 = EDGE_LOOP('',(#8786,#8787,#8788,#8789,#8790));
#8786 = ORIENTED_EDGE('',*,*,#6952,.F.);
#8787 = ORIENTED_EDGE('',*,*,#8735,.T.);
#8788 = ORIENTED_EDGE('',*,*,#7829,.F.);
#8789 = ORIENTED_EDGE('',*,*,#7838,.F.);
#8790 = ORIENTED_EDGE('',*,*,#8771,.F.);
#8791 = PLANE('',#8792);
#8792 = AXIS2_PLACEMENT_3D('',#8793,#8794,#8795);
#8793 = CARTESIAN_POINT('',(27.149999999997,47.321203273864,-10.8));
#8794 = DIRECTION('',(0.,0.966600102017,-0.256289373133));
#8795 = DIRECTION('',(-1.,0.,0.));
#8796 = ADVANCED_FACE('',(#8797),#8819,.T.);
#8797 = FACE_BOUND('',#8798,.T.);
#8798 = EDGE_LOOP('',(#8799,#8808,#8809,#8810,#8811,#8812));
#8799 = ORIENTED_EDGE('',*,*,#8800,.T.);
#8800 = EDGE_CURVE('',#8801,#8518,#8803,.T.);
#8801 = VERTEX_POINT('',#8802);
#8802 = CARTESIAN_POINT('',(34.017,41.932,-5.3));
#8803 = CIRCLE('',#8804,1.835);
#8804 = AXIS2_PLACEMENT_3D('',#8805,#8806,#8807);
#8805 = CARTESIAN_POINT('',(32.182,41.932,-5.3));
#8806 = DIRECTION('',(0.,0.,1.));
#8807 = DIRECTION('',(1.,0.,0.));
#8808 = ORIENTED_EDGE('',*,*,#8517,.F.);
#8809 = ORIENTED_EDGE('',*,*,#7288,.F.);
#8810 = ORIENTED_EDGE('',*,*,#7297,.F.);
#8811 = ORIENTED_EDGE('',*,*,#8534,.T.);
#8812 = ORIENTED_EDGE('',*,*,#8813,.T.);
#8813 = EDGE_CURVE('',#8526,#8801,#8814,.T.);
#8814 = CIRCLE('',#8815,1.835);
#8815 = AXIS2_PLACEMENT_3D('',#8816,#8817,#8818);
#8816 = CARTESIAN_POINT('',(32.182,41.932,-5.3));
#8817 = DIRECTION('',(0.,0.,1.));
#8818 = DIRECTION('',(1.,0.,0.));
#8819 = CYLINDRICAL_SURFACE('',#8820,1.835);
#8820 = AXIS2_PLACEMENT_3D('',#8821,#8822,#8823);
#8821 = CARTESIAN_POINT('',(32.182,41.932,-2.2));
#8822 = DIRECTION('',(0.,0.,1.));
#8823 = DIRECTION('',(1.,0.,0.));
#8824 = ADVANCED_FACE('',(#8825),#8847,.T.);
#8825 = FACE_BOUND('',#8826,.T.);
#8826 = EDGE_LOOP('',(#8827,#8836,#8837,#8838,#8839,#8840));
#8827 = ORIENTED_EDGE('',*,*,#8828,.T.);
#8828 = EDGE_CURVE('',#8829,#8701,#8831,.T.);
#8829 = VERTEX_POINT('',#8830);
#8830 = CARTESIAN_POINT('',(-30.347,41.932,-5.3));
#8831 = CIRCLE('',#8832,1.835);
#8832 = AXIS2_PLACEMENT_3D('',#8833,#8834,#8835);
#8833 = CARTESIAN_POINT('',(-32.182,41.932,-5.3));
#8834 = DIRECTION('',(0.,0.,1.));
#8835 = DIRECTION('',(1.,0.,0.));
#8836 = ORIENTED_EDGE('',*,*,#8700,.F.);
#8837 = ORIENTED_EDGE('',*,*,#7332,.F.);
#8838 = ORIENTED_EDGE('',*,*,#7341,.F.);
#8839 = ORIENTED_EDGE('',*,*,#8717,.T.);
#8840 = ORIENTED_EDGE('',*,*,#8841,.T.);
#8841 = EDGE_CURVE('',#8709,#8829,#8842,.T.);
#8842 = CIRCLE('',#8843,1.835);
#8843 = AXIS2_PLACEMENT_3D('',#8844,#8845,#8846);
#8844 = CARTESIAN_POINT('',(-32.182,41.932,-5.3));
#8845 = DIRECTION('',(0.,0.,1.));
#8846 = DIRECTION('',(1.,0.,0.));
#8847 = CYLINDRICAL_SURFACE('',#8848,1.835);
#8848 = AXIS2_PLACEMENT_3D('',#8849,#8850,#8851);
#8849 = CARTESIAN_POINT('',(-32.182,41.932,-2.2));
#8850 = DIRECTION('',(0.,0.,1.));
#8851 = DIRECTION('',(1.,0.,0.));
#8852 = ADVANCED_FACE('',(#8853),#8869,.T.);
#8853 = FACE_BOUND('',#8854,.T.);
#8854 = EDGE_LOOP('',(#8855,#8861,#8862,#8868));
#8855 = ORIENTED_EDGE('',*,*,#8856,.T.);
#8856 = EDGE_CURVE('',#7414,#7548,#8857,.T.);
#8857 = LINE('',#8858,#8859);
#8858 = CARTESIAN_POINT('',(-29.05,37.,-2.2));
#8859 = VECTOR('',#8860,1.);
#8860 = DIRECTION('',(0.,0.,1.));
#8861 = ORIENTED_EDGE('',*,*,#7547,.T.);
#8862 = ORIENTED_EDGE('',*,*,#8863,.F.);
#8863 = EDGE_CURVE('',#7416,#7550,#8864,.T.);
#8864 = LINE('',#8865,#8866);
#8865 = CARTESIAN_POINT('',(-29.05,-6.,-2.2));
#8866 = VECTOR('',#8867,1.);
#8867 = DIRECTION('',(0.,0.,1.));
#8868 = ORIENTED_EDGE('',*,*,#7413,.F.);
#8869 = PLANE('',#8870);
#8870 = AXIS2_PLACEMENT_3D('',#8871,#8872,#8873);
#8871 = CARTESIAN_POINT('',(-29.05,37.,-2.2));
#8872 = DIRECTION('',(1.,0.,0.));
#8873 = DIRECTION('',(0.,-1.,0.));
#8874 = ADVANCED_FACE('',(#8875),#8886,.F.);
#8875 = FACE_BOUND('',#8876,.T.);
#8876 = EDGE_LOOP('',(#8877,#8883,#8884,#8885));
#8877 = ORIENTED_EDGE('',*,*,#8878,.T.);
#8878 = EDGE_CURVE('',#7424,#7601,#8879,.T.);
#8879 = LINE('',#8880,#8881);
#8880 = CARTESIAN_POINT('',(-28.7,37.35,-2.2));
#8881 = VECTOR('',#8882,1.);
#8882 = DIRECTION('',(0.,0.,1.));
#8883 = ORIENTED_EDGE('',*,*,#7608,.T.);
#8884 = ORIENTED_EDGE('',*,*,#8856,.F.);
#8885 = ORIENTED_EDGE('',*,*,#7423,.F.);
#8886 = CYLINDRICAL_SURFACE('',#8887,0.35);
#8887 = AXIS2_PLACEMENT_3D('',#8888,#8889,#8890);
#8888 = CARTESIAN_POINT('',(-28.7,37.,-2.2));
#8889 = DIRECTION('',(-0.,-0.,-1.));
#8890 = DIRECTION('',(1.,0.,0.));
#8891 = ADVANCED_FACE('',(#8892),#8903,.F.);
#8892 = FACE_BOUND('',#8893,.T.);
#8893 = EDGE_LOOP('',(#8894,#8895,#8896,#8902));
#8894 = ORIENTED_EDGE('',*,*,#8863,.T.);
#8895 = ORIENTED_EDGE('',*,*,#7557,.T.);
#8896 = ORIENTED_EDGE('',*,*,#8897,.F.);
#8897 = EDGE_CURVE('',#7467,#7558,#8898,.T.);
#8898 = LINE('',#8899,#8900);
#8899 = CARTESIAN_POINT('',(-28.7,-6.35,-2.2));
#8900 = VECTOR('',#8901,1.);
#8901 = DIRECTION('',(0.,0.,1.));
#8902 = ORIENTED_EDGE('',*,*,#7474,.F.);
#8903 = CYLINDRICAL_SURFACE('',#8904,0.35);
#8904 = AXIS2_PLACEMENT_3D('',#8905,#8906,#8907);
#8905 = CARTESIAN_POINT('',(-28.7,-6.,-2.2));
#8906 = DIRECTION('',(-0.,-0.,-1.));
#8907 = DIRECTION('',(1.,0.,0.));
#8908 = ADVANCED_FACE('',(#8909),#8920,.T.);
#8909 = FACE_BOUND('',#8910,.T.);
#8910 = EDGE_LOOP('',(#8911,#8917,#8918,#8919));
#8911 = ORIENTED_EDGE('',*,*,#8912,.T.);
#8912 = EDGE_CURVE('',#7433,#7592,#8913,.T.);
#8913 = LINE('',#8914,#8915);
#8914 = CARTESIAN_POINT('',(31.4,37.35,-2.2));
#8915 = VECTOR('',#8916,1.);
#8916 = DIRECTION('',(0.,0.,1.));
#8917 = ORIENTED_EDGE('',*,*,#7600,.T.);
#8918 = ORIENTED_EDGE('',*,*,#8878,.F.);
#8919 = ORIENTED_EDGE('',*,*,#7432,.F.);
#8920 = PLANE('',#8921);
#8921 = AXIS2_PLACEMENT_3D('',#8922,#8923,#8924);
#8922 = CARTESIAN_POINT('',(31.4,37.35,-2.2));
#8923 = DIRECTION('',(0.,-1.,0.));
#8924 = DIRECTION('',(-1.,0.,0.));
#8925 = ADVANCED_FACE('',(#8926),#8937,.T.);
#8926 = FACE_BOUND('',#8927,.T.);
#8927 = EDGE_LOOP('',(#8928,#8929,#8930,#8936));
#8928 = ORIENTED_EDGE('',*,*,#8897,.T.);
#8929 = ORIENTED_EDGE('',*,*,#7566,.T.);
#8930 = ORIENTED_EDGE('',*,*,#8931,.F.);
#8931 = EDGE_CURVE('',#7458,#7567,#8932,.T.);
#8932 = LINE('',#8933,#8934);
#8933 = CARTESIAN_POINT('',(31.4,-6.35,-2.2));
#8934 = VECTOR('',#8935,1.);
#8935 = DIRECTION('',(0.,0.,1.));
#8936 = ORIENTED_EDGE('',*,*,#7466,.F.);
#8937 = PLANE('',#8938);
#8938 = AXIS2_PLACEMENT_3D('',#8939,#8940,#8941);
#8939 = CARTESIAN_POINT('',(-28.7,-6.35,-2.2));
#8940 = DIRECTION('',(0.,1.,0.));
#8941 = DIRECTION('',(1.,0.,0.));
#8942 = ADVANCED_FACE('',(#8943),#8954,.F.);
#8943 = FACE_BOUND('',#8944,.T.);
#8944 = EDGE_LOOP('',(#8945,#8951,#8952,#8953));
#8945 = ORIENTED_EDGE('',*,*,#8946,.T.);
#8946 = EDGE_CURVE('',#7441,#7584,#8947,.T.);
#8947 = LINE('',#8948,#8949);
#8948 = CARTESIAN_POINT('',(31.75,37.,-2.2));
#8949 = VECTOR('',#8950,1.);
#8950 = DIRECTION('',(0.,0.,1.));
#8951 = ORIENTED_EDGE('',*,*,#7591,.T.);
#8952 = ORIENTED_EDGE('',*,*,#8912,.F.);
#8953 = ORIENTED_EDGE('',*,*,#7440,.F.);
#8954 = CYLINDRICAL_SURFACE('',#8955,0.35);
#8955 = AXIS2_PLACEMENT_3D('',#8956,#8957,#8958);
#8956 = CARTESIAN_POINT('',(31.4,37.,-2.2));
#8957 = DIRECTION('',(-0.,-0.,-1.));
#8958 = DIRECTION('',(1.,0.,0.));
#8959 = ADVANCED_FACE('',(#8960),#8971,.F.);
#8960 = FACE_BOUND('',#8961,.T.);
#8961 = EDGE_LOOP('',(#8962,#8963,#8964,#8970));
#8962 = ORIENTED_EDGE('',*,*,#8931,.T.);
#8963 = ORIENTED_EDGE('',*,*,#7574,.T.);
#8964 = ORIENTED_EDGE('',*,*,#8965,.F.);
#8965 = EDGE_CURVE('',#7450,#7575,#8966,.T.);
#8966 = LINE('',#8967,#8968);
#8967 = CARTESIAN_POINT('',(31.75,-6.,-2.2));
#8968 = VECTOR('',#8969,1.);
#8969 = DIRECTION('',(0.,0.,1.));
#8970 = ORIENTED_EDGE('',*,*,#7457,.F.);
#8971 = CYLINDRICAL_SURFACE('',#8972,0.35);
#8972 = AXIS2_PLACEMENT_3D('',#8973,#8974,#8975);
#8973 = CARTESIAN_POINT('',(31.4,-6.,-2.2));
#8974 = DIRECTION('',(-0.,-0.,-1.));
#8975 = DIRECTION('',(1.,0.,0.));
#8976 = ADVANCED_FACE('',(#8977),#8983,.T.);
#8977 = FACE_BOUND('',#8978,.T.);
#8978 = EDGE_LOOP('',(#8979,#8980,#8981,#8982));
#8979 = ORIENTED_EDGE('',*,*,#8965,.T.);
#8980 = ORIENTED_EDGE('',*,*,#7583,.T.);
#8981 = ORIENTED_EDGE('',*,*,#8946,.F.);
#8982 = ORIENTED_EDGE('',*,*,#7449,.F.);
#8983 = PLANE('',#8984);
#8984 = AXIS2_PLACEMENT_3D('',#8985,#8986,#8987);
#8985 = CARTESIAN_POINT('',(31.75,-6.,-2.2));
#8986 = DIRECTION('',(-1.,0.,0.));
#8987 = DIRECTION('',(0.,1.,0.));
#8988 = ADVANCED_FACE('',(#8989),#9005,.T.);
#8989 = FACE_BOUND('',#8990,.T.);
#8990 = EDGE_LOOP('',(#8991,#8997,#8998,#9004));
#8991 = ORIENTED_EDGE('',*,*,#8992,.T.);
#8992 = EDGE_CURVE('',#7484,#7746,#8993,.T.);
#8993 = LINE('',#8994,#8995);
#8994 = CARTESIAN_POINT('',(24.9,42.35,-2.2));
#8995 = VECTOR('',#8996,1.);
#8996 = DIRECTION('',(-0.,-0.,-1.));
#8997 = ORIENTED_EDGE('',*,*,#7745,.T.);
#8998 = ORIENTED_EDGE('',*,*,#8999,.F.);
#8999 = EDGE_CURVE('',#7486,#7748,#9000,.T.);
#9000 = LINE('',#9001,#9002);
#9001 = CARTESIAN_POINT('',(24.9,38.85,-2.2));
#9002 = VECTOR('',#9003,1.);
#9003 = DIRECTION('',(-0.,-0.,-1.));
#9004 = ORIENTED_EDGE('',*,*,#7483,.F.);
#9005 = PLANE('',#9006);
#9006 = AXIS2_PLACEMENT_3D('',#9007,#9008,#9009);
#9007 = CARTESIAN_POINT('',(24.9,42.35,-2.2));
#9008 = DIRECTION('',(-1.,0.,0.));
#9009 = DIRECTION('',(0.,-1.,0.));
#9010 = ADVANCED_FACE('',(#9011),#9022,.T.);
#9011 = FACE_BOUND('',#9012,.T.);
#9012 = EDGE_LOOP('',(#9013,#9014,#9015,#9021));
#9013 = ORIENTED_EDGE('',*,*,#8999,.T.);
#9014 = ORIENTED_EDGE('',*,*,#7755,.T.);
#9015 = ORIENTED_EDGE('',*,*,#9016,.F.);
#9016 = EDGE_CURVE('',#7502,#7756,#9017,.T.);
#9017 = LINE('',#9018,#9019);
#9018 = CARTESIAN_POINT('',(29.9,38.85,-2.2));
#9019 = VECTOR('',#9020,1.);
#9020 = DIRECTION('',(-0.,-0.,-1.));
#9021 = ORIENTED_EDGE('',*,*,#7509,.F.);
#9022 = PLANE('',#9023);
#9023 = AXIS2_PLACEMENT_3D('',#9024,#9025,#9026);
#9024 = CARTESIAN_POINT('',(24.9,38.85,-2.2));
#9025 = DIRECTION('',(0.,-1.,0.));
#9026 = DIRECTION('',(1.,0.,0.));
#9027 = ADVANCED_FACE('',(#9028),#9039,.T.);
#9028 = FACE_BOUND('',#9029,.T.);
#9029 = EDGE_LOOP('',(#9030,#9031,#9032,#9038));
#9030 = ORIENTED_EDGE('',*,*,#9016,.T.);
#9031 = ORIENTED_EDGE('',*,*,#7763,.T.);
#9032 = ORIENTED_EDGE('',*,*,#9033,.F.);
#9033 = EDGE_CURVE('',#7494,#7764,#9034,.T.);
#9034 = LINE('',#9035,#9036);
#9035 = CARTESIAN_POINT('',(29.9,42.35,-2.2));
#9036 = VECTOR('',#9037,1.);
#9037 = DIRECTION('',(-0.,-0.,-1.));
#9038 = ORIENTED_EDGE('',*,*,#7501,.F.);
#9039 = PLANE('',#9040);
#9040 = AXIS2_PLACEMENT_3D('',#9041,#9042,#9043);
#9041 = CARTESIAN_POINT('',(29.9,38.85,-2.2));
#9042 = DIRECTION('',(1.,0.,0.));
#9043 = DIRECTION('',(0.,1.,0.));
#9044 = ADVANCED_FACE('',(#9045),#9051,.T.);
#9045 = FACE_BOUND('',#9046,.T.);
#9046 = EDGE_LOOP('',(#9047,#9048,#9049,#9050));
#9047 = ORIENTED_EDGE('',*,*,#9033,.T.);
#9048 = ORIENTED_EDGE('',*,*,#7771,.T.);
#9049 = ORIENTED_EDGE('',*,*,#8992,.F.);
#9050 = ORIENTED_EDGE('',*,*,#7493,.F.);
#9051 = PLANE('',#9052);
#9052 = AXIS2_PLACEMENT_3D('',#9053,#9054,#9055);
#9053 = CARTESIAN_POINT('',(29.9,42.35,-2.2));
#9054 = DIRECTION('',(0.,1.,0.));
#9055 = DIRECTION('',(-1.,0.,0.));
#9056 = ADVANCED_FACE('',(#9057),#9076,.F.);
#9057 = FACE_BOUND('',#9058,.F.);
#9058 = EDGE_LOOP('',(#9059,#9067,#9068,#9069));
#9059 = ORIENTED_EDGE('',*,*,#9060,.T.);
#9060 = EDGE_CURVE('',#9061,#8446,#9063,.T.);
#9061 = VERTEX_POINT('',#9062);
#9062 = CARTESIAN_POINT('',(33.132,-41.932,-1.));
#9063 = LINE('',#9064,#9065);
#9064 = CARTESIAN_POINT('',(33.132,-41.932,-1.));
#9065 = VECTOR('',#9066,1.);
#9066 = DIRECTION('',(-0.,-0.,-1.));
#9067 = ORIENTED_EDGE('',*,*,#8445,.T.);
#9068 = ORIENTED_EDGE('',*,*,#9060,.F.);
#9069 = ORIENTED_EDGE('',*,*,#9070,.F.);
#9070 = EDGE_CURVE('',#9061,#9061,#9071,.T.);
#9071 = CIRCLE('',#9072,0.95);
#9072 = AXIS2_PLACEMENT_3D('',#9073,#9074,#9075);
#9073 = CARTESIAN_POINT('',(32.182,-41.932,-1.));
#9074 = DIRECTION('',(0.,0.,1.));
#9075 = DIRECTION('',(1.,0.,0.));
#9076 = CYLINDRICAL_SURFACE('',#9077,0.95);
#9077 = AXIS2_PLACEMENT_3D('',#9078,#9079,#9080);
#9078 = CARTESIAN_POINT('',(32.182,-41.932,-1.));
#9079 = DIRECTION('',(0.,0.,1.));
#9080 = DIRECTION('',(1.,0.,0.));
#9081 = ADVANCED_FACE('',(#9082,#9087),#9098,.F.);
#9082 = FACE_BOUND('',#9083,.F.);
#9083 = EDGE_LOOP('',(#9084,#9085,#9086));
#9084 = ORIENTED_EDGE('',*,*,#8813,.T.);
#9085 = ORIENTED_EDGE('',*,*,#8800,.T.);
#9086 = ORIENTED_EDGE('',*,*,#8525,.F.);
#9087 = FACE_BOUND('',#9088,.F.);
#9088 = EDGE_LOOP('',(#9089));
#9089 = ORIENTED_EDGE('',*,*,#9090,.F.);
#9090 = EDGE_CURVE('',#9091,#9091,#9093,.T.);
#9091 = VERTEX_POINT('',#9092);
#9092 = CARTESIAN_POINT('',(33.132,41.932,-5.3));
#9093 = CIRCLE('',#9094,0.95);
#9094 = AXIS2_PLACEMENT_3D('',#9095,#9096,#9097);
#9095 = CARTESIAN_POINT('',(32.182,41.932,-5.3));
#9096 = DIRECTION('',(0.,0.,1.));
#9097 = DIRECTION('',(1.,0.,0.));
#9098 = PLANE('',#9099);
#9099 = AXIS2_PLACEMENT_3D('',#9100,#9101,#9102);
#9100 = CARTESIAN_POINT('',(-0.6,1.6125,-5.3));
#9101 = DIRECTION('',(0.,0.,1.));
#9102 = DIRECTION('',(1.,0.,0.));
#9103 = ADVANCED_FACE('',(#9104),#9123,.F.);
#9104 = FACE_BOUND('',#9105,.F.);
#9105 = EDGE_LOOP('',(#9106,#9114,#9115,#9116));
#9106 = ORIENTED_EDGE('',*,*,#9107,.T.);
#9107 = EDGE_CURVE('',#9108,#8675,#9110,.T.);
#9108 = VERTEX_POINT('',#9109);
#9109 = CARTESIAN_POINT('',(-33.632,-35.482,-1.));
#9110 = LINE('',#9111,#9112);
#9111 = CARTESIAN_POINT('',(-33.632,-35.482,-1.));
#9112 = VECTOR('',#9113,1.);
#9113 = DIRECTION('',(-0.,-0.,-1.));
#9114 = ORIENTED_EDGE('',*,*,#8674,.T.);
#9115 = ORIENTED_EDGE('',*,*,#9107,.F.);
#9116 = ORIENTED_EDGE('',*,*,#9117,.F.);
#9117 = EDGE_CURVE('',#9108,#9108,#9118,.T.);
#9118 = CIRCLE('',#9119,0.95);
#9119 = AXIS2_PLACEMENT_3D('',#9120,#9121,#9122);
#9120 = CARTESIAN_POINT('',(-34.582,-35.482,-1.));
#9121 = DIRECTION('',(0.,0.,1.));
#9122 = DIRECTION('',(1.,0.,0.));
#9123 = CYLINDRICAL_SURFACE('',#9124,0.95);
#9124 = AXIS2_PLACEMENT_3D('',#9125,#9126,#9127);
#9125 = CARTESIAN_POINT('',(-34.582,-35.482,-1.));
#9126 = DIRECTION('',(0.,0.,1.));
#9127 = DIRECTION('',(1.,0.,0.));
#9128 = ADVANCED_FACE('',(#9129,#9134),#9145,.F.);
#9129 = FACE_BOUND('',#9130,.F.);
#9130 = EDGE_LOOP('',(#9131,#9132,#9133));
#9131 = ORIENTED_EDGE('',*,*,#8841,.T.);
#9132 = ORIENTED_EDGE('',*,*,#8828,.T.);
#9133 = ORIENTED_EDGE('',*,*,#8708,.F.);
#9134 = FACE_BOUND('',#9135,.F.);
#9135 = EDGE_LOOP('',(#9136));
#9136 = ORIENTED_EDGE('',*,*,#9137,.F.);
#9137 = EDGE_CURVE('',#9138,#9138,#9140,.T.);
#9138 = VERTEX_POINT('',#9139);
#9139 = CARTESIAN_POINT('',(-31.232,41.932,-5.3));
#9140 = CIRCLE('',#9141,0.95);
#9141 = AXIS2_PLACEMENT_3D('',#9142,#9143,#9144);
#9142 = CARTESIAN_POINT('',(-32.182,41.932,-5.3));
#9143 = DIRECTION('',(0.,0.,1.));
#9144 = DIRECTION('',(1.,0.,0.));
#9145 = PLANE('',#9146);
#9146 = AXIS2_PLACEMENT_3D('',#9147,#9148,#9149);
#9147 = CARTESIAN_POINT('',(-0.6,1.6125,-5.3));
#9148 = DIRECTION('',(0.,0.,1.));
#9149 = DIRECTION('',(1.,0.,0.));
#9150 = ADVANCED_FACE('',(#9151),#9154,.F.);
#9151 = FACE_BOUND('',#9152,.F.);
#9152 = EDGE_LOOP('',(#9153));
#9153 = ORIENTED_EDGE('',*,*,#9070,.T.);
#9154 = PLANE('',#9155);
#9155 = AXIS2_PLACEMENT_3D('',#9156,#9157,#9158);
#9156 = CARTESIAN_POINT('',(-0.6,1.6125,-1.));
#9157 = DIRECTION('',(0.,0.,1.));
#9158 = DIRECTION('',(1.,0.,0.));
#9159 = ADVANCED_FACE('',(#9160),#9179,.F.);
#9160 = FACE_BOUND('',#9161,.F.);
#9161 = EDGE_LOOP('',(#9162,#9170,#9171,#9172));
#9162 = ORIENTED_EDGE('',*,*,#9163,.T.);
#9163 = EDGE_CURVE('',#9164,#9091,#9166,.T.);
#9164 = VERTEX_POINT('',#9165);
#9165 = CARTESIAN_POINT('',(33.132,41.932,-1.));
#9166 = LINE('',#9167,#9168);
#9167 = CARTESIAN_POINT('',(33.132,41.932,-1.));
#9168 = VECTOR('',#9169,1.);
#9169 = DIRECTION('',(-0.,-0.,-1.));
#9170 = ORIENTED_EDGE('',*,*,#9090,.T.);
#9171 = ORIENTED_EDGE('',*,*,#9163,.F.);
#9172 = ORIENTED_EDGE('',*,*,#9173,.F.);
#9173 = EDGE_CURVE('',#9164,#9164,#9174,.T.);
#9174 = CIRCLE('',#9175,0.95);
#9175 = AXIS2_PLACEMENT_3D('',#9176,#9177,#9178);
#9176 = CARTESIAN_POINT('',(32.182,41.932,-1.));
#9177 = DIRECTION('',(0.,0.,1.));
#9178 = DIRECTION('',(1.,0.,0.));
#9179 = CYLINDRICAL_SURFACE('',#9180,0.95);
#9180 = AXIS2_PLACEMENT_3D('',#9181,#9182,#9183);
#9181 = CARTESIAN_POINT('',(32.182,41.932,-1.));
#9182 = DIRECTION('',(0.,0.,1.));
#9183 = DIRECTION('',(1.,0.,0.));
#9184 = ADVANCED_FACE('',(#9185),#9188,.F.);
#9185 = FACE_BOUND('',#9186,.F.);
#9186 = EDGE_LOOP('',(#9187));
#9187 = ORIENTED_EDGE('',*,*,#9117,.T.);
#9188 = PLANE('',#9189);
#9189 = AXIS2_PLACEMENT_3D('',#9190,#9191,#9192);
#9190 = CARTESIAN_POINT('',(-0.6,1.6125,-1.));
#9191 = DIRECTION('',(0.,0.,1.));
#9192 = DIRECTION('',(1.,0.,0.));
#9193 = ADVANCED_FACE('',(#9194),#9213,.F.);
#9194 = FACE_BOUND('',#9195,.F.);
#9195 = EDGE_LOOP('',(#9196,#9204,#9205,#9206));
#9196 = ORIENTED_EDGE('',*,*,#9197,.T.);
#9197 = EDGE_CURVE('',#9198,#9138,#9200,.T.);
#9198 = VERTEX_POINT('',#9199);
#9199 = CARTESIAN_POINT('',(-31.232,41.932,-1.));
#9200 = LINE('',#9201,#9202);
#9201 = CARTESIAN_POINT('',(-31.232,41.932,-1.));
#9202 = VECTOR('',#9203,1.);
#9203 = DIRECTION('',(-0.,-0.,-1.));
#9204 = ORIENTED_EDGE('',*,*,#9137,.T.);
#9205 = ORIENTED_EDGE('',*,*,#9197,.F.);
#9206 = ORIENTED_EDGE('',*,*,#9207,.F.);
#9207 = EDGE_CURVE('',#9198,#9198,#9208,.T.);
#9208 = CIRCLE('',#9209,0.95);
#9209 = AXIS2_PLACEMENT_3D('',#9210,#9211,#9212);
#9210 = CARTESIAN_POINT('',(-32.182,41.932,-1.));
#9211 = DIRECTION('',(0.,0.,1.));
#9212 = DIRECTION('',(1.,0.,0.));
#9213 = CYLINDRICAL_SURFACE('',#9214,0.95);
#9214 = AXIS2_PLACEMENT_3D('',#9215,#9216,#9217);
#9215 = CARTESIAN_POINT('',(-32.182,41.932,-1.));
#9216 = DIRECTION('',(0.,0.,1.));
#9217 = DIRECTION('',(1.,0.,0.));
#9218 = ADVANCED_FACE('',(#9219),#9222,.F.);
#9219 = FACE_BOUND('',#9220,.F.);
#9220 = EDGE_LOOP('',(#9221));
#9221 = ORIENTED_EDGE('',*,*,#9173,.T.);
#9222 = PLANE('',#9223);
#9223 = AXIS2_PLACEMENT_3D('',#9224,#9225,#9226);
#9224 = CARTESIAN_POINT('',(-0.6,1.6125,-1.));
#9225 = DIRECTION('',(0.,0.,1.));
#9226 = DIRECTION('',(1.,0.,0.));
#9227 = ADVANCED_FACE('',(#9228),#9231,.F.);
#9228 = FACE_BOUND('',#9229,.F.);
#9229 = EDGE_LOOP('',(#9230));
#9230 = ORIENTED_EDGE('',*,*,#9207,.T.);
#9231 = PLANE('',#9232);
#9232 = AXIS2_PLACEMENT_3D('',#9233,#9234,#9235);
#9233 = CARTESIAN_POINT('',(-0.6,1.6125,-1.));
#9234 = DIRECTION('',(0.,0.,1.));
#9235 = DIRECTION('',(1.,0.,0.));
#9236 = ( GEOMETRIC_REPRESENTATION_CONTEXT(3) 
GLOBAL_UNCERTAINTY_ASSIGNED_CONTEXT((#9240)) 
GLOBAL_UNIT_ASSIGNED_CONTEXT((#9237,#9238,#9239)) REPRESENTATION_CONTEXT
('Context #1','3D Context with UNIT and UNCERTAINTY') );
#9237 = ( LENGTH_UNIT() NAMED_UNIT(*) SI_UNIT(.MILLI.,.METRE.) );
#9238 = ( NAMED_UNIT(*) PLANE_ANGLE_UNIT() SI_UNIT($,.RADIAN.) );
#9239 = ( NAMED_UNIT(*) SI_UNIT($,.STERADIAN.) SOLID_ANGLE_UNIT() );
#9240 = UNCERTAINTY_MEASURE_WITH_UNIT(LENGTH_MEASURE(2.E-05),#9237,
  'distance_accuracy_value','confusion accuracy');
#9241 = PRODUCT_RELATED_PRODUCT_CATEGORY('part',$,(#7));
#9242 = MECHANICAL_DESIGN_GEOMETRIC_PRESENTATION_REPRESENTATION('',(
    #9243),#9236);
#9243 = STYLED_ITEM('color',(#9244),#15);
#9244 = PRESENTATION_STYLE_ASSIGNMENT((#9245,#9253));
#9245 = SURFACE_STYLE_USAGE(.BOTH.,#9246);
#9246 = SURFACE_SIDE_STYLE('',(#9247,#9251));
#9247 = SURFACE_STYLE_FILL_AREA(#9248);
#9248 = FILL_AREA_STYLE('',(#9249));
#9249 = FILL_AREA_STYLE_COLOUR('',#9250);
#9250 = COLOUR_RGB('',0.447058818107,0.474509808674,0.501960817233);
#9251 = SURFACE_STYLE_RENDERING_WITH_PROPERTIES(.NORMAL_SHADING.,#9250,(
    #9252));
#9252 = SURFACE_STYLE_TRANSPARENT(0.699999988079);
#9253 = CURVE_STYLE('',#9254,POSITIVE_LENGTH_MEASURE(0.1),#9255);
#9254 = DRAUGHTING_PRE_DEFINED_CURVE_FONT('continuous');
#9255 = COLOUR_RGB('',9.803921802644E-02,9.803921802644E-02,
  9.803921802644E-02);
ENDSEC;
END-ISO-10303-21;
