ISO-10303-21;
HEADER;
FILE_DESCRIPTION(('FreeCAD Model'),'2;1');
FILE_NAME('Open CASCADE Shape Model','2026-09-03T14:18:45',(''),(''),
  'Open CASCADE STEP processor 7.9','FreeCAD','Unknown');
FILE_SCHEMA(('AUTOMOTIVE_DESIGN { 1 0 10303 214 1 1 1 1 }'));
ENDSEC;
DATA;
#1 = APPLICATION_PROTOCOL_DEFINITION('international standard',
  'automotive_design',2000,#2);
#2 = APPLICATION_CONTEXT(
  'core data for automotive mechanical design processes');
#3 = SHAPE_DEFINITION_REPRESENTATION(#4,#10);
#4 = PRODUCT_DEFINITION_SHAPE('','',#5);
#5 = PRODUCT_DEFINITION('design','',#6,#9);
#6 = PRODUCT_DEFINITION_FORMATION('','',#7);
#7 = PRODUCT('inner-shelf','inner-shelf','',(#8));
#8 = PRODUCT_CONTEXT('',#2,'mechanical');
#9 = PRODUCT_DEFINITION_CONTEXT('part definition',#2,'design');
#10 = ADVANCED_BREP_SHAPE_REPRESENTATION('',(#11,#15),#2890);
#11 = AXIS2_PLACEMENT_3D('',#12,#13,#14);
#12 = CARTESIAN_POINT('',(0.,0.,0.));
#13 = DIRECTION('',(0.,0.,1.));
#14 = DIRECTION('',(1.,0.,-0.));
#15 = MANIFOLD_SOLID_BREP('',#16);
#16 = CLOSED_SHELL('',(#17,#580,#611,#635,#659,#731,#755,#779,#803,#827,
    #851,#875,#899,#923,#986,#1010,#1034,#1051,#1075,#1099,#1140,#1164,
    #1188,#1212,#1236,#1260,#1292,#1323,#1372,#1412,#1436,#1460,#1484,
    #1508,#1532,#1556,#1580,#1604,#1628,#1652,#1700,#1724,#1749,#1773,
    #1790,#1814,#1847,#1864,#1889,#1914,#1945,#1969,#1993,#2010,#2035,
    #2060,#2085,#2116,#2140,#2164,#2181,#2206,#2231,#2256,#2289,#2307,
    #2317,#2478,#2490,#2514,#2554,#2578,#2603,#2625,#2647,#2683,#2707,
    #2727,#2744,#2761,#2773,#2790,#2807,#2824,#2849,#2858,#2874));
#17 = ADVANCED_FACE('',(#18,#419,#430,#441,#475,#486,#497,#508,#542,#553
    ,#564),#575,.F.);
#18 = FACE_BOUND('',#19,.F.);
#19 = EDGE_LOOP('',(#20,#30,#38,#47,#55,#63,#71,#80,#88,#97,#105,#113,
    #121,#129,#137,#146,#154,#162,#170,#178,#186,#194,#203,#211,#219,
    #227,#235,#243,#251,#259,#268,#277,#285,#293,#301,#309,#317,#325,
    #333,#341,#349,#357,#365,#373,#381,#389,#397,#405,#413));
#20 = ORIENTED_EDGE('',*,*,#21,.F.);
#21 = EDGE_CURVE('',#22,#24,#26,.T.);
#22 = VERTEX_POINT('',#23);
#23 = CARTESIAN_POINT('',(-31.45,-34.54230389551,0.));
#24 = VERTEX_POINT('',#25);
#25 = CARTESIAN_POINT('',(-33.45,-34.54230389551,0.));
#26 = LINE('',#27,#28);
#27 = CARTESIAN_POINT('',(-31.45,-34.54230389551,0.));
#28 = VECTOR('',#29,1.);
#29 = DIRECTION('',(-1.,0.,0.));
#30 = ORIENTED_EDGE('',*,*,#31,.T.);
#31 = EDGE_CURVE('',#22,#32,#34,.T.);
#32 = VERTEX_POINT('',#33);
#33 = CARTESIAN_POINT('',(-31.45,-44.54230389551,0.));
#34 = LINE('',#35,#36);
#35 = CARTESIAN_POINT('',(-31.45,-34.54230389551,0.));
#36 = VECTOR('',#37,1.);
#37 = DIRECTION('',(0.,-1.,0.));
#38 = ORIENTED_EDGE('',*,*,#39,.F.);
#39 = EDGE_CURVE('',#40,#32,#42,.T.);
#40 = VERTEX_POINT('',#41);
#41 = CARTESIAN_POINT('',(-27.15,-45.65,0.));
#42 = CIRCLE('',#43,8.9);
#43 = AXIS2_PLACEMENT_3D('',#44,#45,#46);
#44 = CARTESIAN_POINT('',(-27.15,-36.75,0.));
#45 = DIRECTION('',(0.,0.,-1.));
#46 = DIRECTION('',(-1.,0.,0.));
#47 = ORIENTED_EDGE('',*,*,#48,.F.);
#48 = EDGE_CURVE('',#49,#40,#51,.T.);
#49 = VERTEX_POINT('',#50);
#50 = CARTESIAN_POINT('',(27.15,-45.65,0.));
#51 = LINE('',#52,#53);
#52 = CARTESIAN_POINT('',(27.15,-45.65,0.));
#53 = VECTOR('',#54,1.);
#54 = DIRECTION('',(-1.,0.,0.));
#55 = ORIENTED_EDGE('',*,*,#56,.F.);
#56 = EDGE_CURVE('',#57,#49,#59,.T.);
#57 = VERTEX_POINT('',#58);
#58 = CARTESIAN_POINT('',(27.15,-41.11,0.));
#59 = LINE('',#60,#61);
#60 = CARTESIAN_POINT('',(27.15,-41.11,0.));
#61 = VECTOR('',#62,1.);
#62 = DIRECTION('',(0.,-1.,0.));
#63 = ORIENTED_EDGE('',*,*,#64,.F.);
#64 = EDGE_CURVE('',#65,#57,#67,.T.);
#65 = VERTEX_POINT('',#66);
#66 = CARTESIAN_POINT('',(30.809296098935,-41.11,0.));
#67 = LINE('',#68,#69);
#68 = CARTESIAN_POINT('',(30.809296098935,-41.11,0.));
#69 = VECTOR('',#70,1.);
#70 = DIRECTION('',(-1.,0.,0.));
#71 = ORIENTED_EDGE('',*,*,#72,.F.);
#72 = EDGE_CURVE('',#73,#65,#75,.T.);
#73 = VERTEX_POINT('',#74);
#74 = CARTESIAN_POINT('',(33.554703901065,-41.11,0.));
#75 = CIRCLE('',#76,1.6);
#76 = AXIS2_PLACEMENT_3D('',#77,#78,#79);
#77 = CARTESIAN_POINT('',(32.182,-41.932,0.));
#78 = DIRECTION('',(0.,0.,1.));
#79 = DIRECTION('',(1.,0.,0.));
#80 = ORIENTED_EDGE('',*,*,#81,.F.);
#81 = EDGE_CURVE('',#82,#73,#84,.T.);
#82 = VERTEX_POINT('',#83);
#83 = CARTESIAN_POINT('',(34.908891673429,-41.11,0.));
#84 = LINE('',#85,#86);
#85 = CARTESIAN_POINT('',(34.908891673429,-41.11,0.));
#86 = VECTOR('',#87,1.);
#87 = DIRECTION('',(-1.,0.,0.));
#88 = ORIENTED_EDGE('',*,*,#89,.F.);
#89 = EDGE_CURVE('',#90,#82,#92,.T.);
#90 = VERTEX_POINT('',#91);
#91 = CARTESIAN_POINT('',(36.05,-36.75,0.));
#92 = CIRCLE('',#93,8.9);
#93 = AXIS2_PLACEMENT_3D('',#94,#95,#96);
#94 = CARTESIAN_POINT('',(27.15,-36.75,0.));
#95 = DIRECTION('',(0.,0.,-1.));
#96 = DIRECTION('',(-1.,0.,0.));
#97 = ORIENTED_EDGE('',*,*,#98,.F.);
#98 = EDGE_CURVE('',#99,#90,#101,.T.);
#99 = VERTEX_POINT('',#100);
#100 = CARTESIAN_POINT('',(36.05,3.,0.));
#101 = LINE('',#102,#103);
#102 = CARTESIAN_POINT('',(36.05,36.75,0.));
#103 = VECTOR('',#104,1.);
#104 = DIRECTION('',(0.,-1.,0.));
#105 = ORIENTED_EDGE('',*,*,#106,.F.);
#106 = EDGE_CURVE('',#107,#99,#109,.T.);
#107 = VERTEX_POINT('',#108);
#108 = CARTESIAN_POINT('',(34.55,3.,0.));
#109 = LINE('',#110,#111);
#110 = CARTESIAN_POINT('',(34.55,3.,0.));
#111 = VECTOR('',#112,1.);
#112 = DIRECTION('',(1.,0.,0.));
#113 = ORIENTED_EDGE('',*,*,#114,.F.);
#114 = EDGE_CURVE('',#115,#107,#117,.T.);
#115 = VERTEX_POINT('',#116);
#116 = CARTESIAN_POINT('',(34.55,21.,0.));
#117 = LINE('',#118,#119);
#118 = CARTESIAN_POINT('',(34.55,21.,0.));
#119 = VECTOR('',#120,1.);
#120 = DIRECTION('',(0.,-1.,0.));
#121 = ORIENTED_EDGE('',*,*,#122,.F.);
#122 = EDGE_CURVE('',#123,#115,#125,.T.);
#123 = VERTEX_POINT('',#124);
#124 = CARTESIAN_POINT('',(36.05,21.,0.));
#125 = LINE('',#126,#127);
#126 = CARTESIAN_POINT('',(36.05,21.,0.));
#127 = VECTOR('',#128,1.);
#128 = DIRECTION('',(-1.,0.,0.));
#129 = ORIENTED_EDGE('',*,*,#130,.F.);
#130 = EDGE_CURVE('',#131,#123,#133,.T.);
#131 = VERTEX_POINT('',#132);
#132 = CARTESIAN_POINT('',(36.05,36.75,0.));
#133 = LINE('',#134,#135);
#134 = CARTESIAN_POINT('',(36.05,36.75,0.));
#135 = VECTOR('',#136,1.);
#136 = DIRECTION('',(0.,-1.,0.));
#137 = ORIENTED_EDGE('',*,*,#138,.F.);
#138 = EDGE_CURVE('',#139,#131,#141,.T.);
#139 = VERTEX_POINT('',#140);
#140 = CARTESIAN_POINT('',(35.635248427778,39.435248427778,0.));
#141 = CIRCLE('',#142,8.9);
#142 = AXIS2_PLACEMENT_3D('',#143,#144,#145);
#143 = CARTESIAN_POINT('',(27.15,36.75,0.));
#144 = DIRECTION('',(0.,0.,-1.));
#145 = DIRECTION('',(-1.,0.,0.));
#146 = ORIENTED_EDGE('',*,*,#147,.F.);
#147 = EDGE_CURVE('',#148,#139,#150,.T.);
#148 = VERTEX_POINT('',#149);
#149 = CARTESIAN_POINT('',(29.9,39.435248427778,0.));
#150 = LINE('',#151,#152);
#151 = CARTESIAN_POINT('',(29.835248427778,39.435248427778,0.));
#152 = VECTOR('',#153,1.);
#153 = DIRECTION('',(1.,0.,0.));
#154 = ORIENTED_EDGE('',*,*,#155,.F.);
#155 = EDGE_CURVE('',#156,#148,#158,.T.);
#156 = VERTEX_POINT('',#157);
#157 = CARTESIAN_POINT('',(29.9,38.85,0.));
#158 = LINE('',#159,#160);
#159 = CARTESIAN_POINT('',(29.9,38.85,0.));
#160 = VECTOR('',#161,1.);
#161 = DIRECTION('',(0.,1.,0.));
#162 = ORIENTED_EDGE('',*,*,#163,.F.);
#163 = EDGE_CURVE('',#164,#156,#166,.T.);
#164 = VERTEX_POINT('',#165);
#165 = CARTESIAN_POINT('',(24.9,38.85,0.));
#166 = LINE('',#167,#168);
#167 = CARTESIAN_POINT('',(24.9,38.85,0.));
#168 = VECTOR('',#169,1.);
#169 = DIRECTION('',(1.,0.,0.));
#170 = ORIENTED_EDGE('',*,*,#171,.F.);
#171 = EDGE_CURVE('',#172,#164,#174,.T.);
#172 = VERTEX_POINT('',#173);
#173 = CARTESIAN_POINT('',(24.9,42.35,0.));
#174 = LINE('',#175,#176);
#175 = CARTESIAN_POINT('',(24.9,42.35,0.));
#176 = VECTOR('',#177,1.);
#177 = DIRECTION('',(0.,-1.,0.));
#178 = ORIENTED_EDGE('',*,*,#179,.F.);
#179 = EDGE_CURVE('',#180,#172,#182,.T.);
#180 = VERTEX_POINT('',#181);
#181 = CARTESIAN_POINT('',(29.835248427778,42.35,0.));
#182 = LINE('',#183,#184);
#183 = CARTESIAN_POINT('',(29.9,42.35,0.));
#184 = VECTOR('',#185,1.);
#185 = DIRECTION('',(-1.,0.,0.));
#186 = ORIENTED_EDGE('',*,*,#187,.F.);
#187 = EDGE_CURVE('',#188,#180,#190,.T.);
#188 = VERTEX_POINT('',#189);
#189 = CARTESIAN_POINT('',(29.835248427778,45.235248427778,0.));
#190 = LINE('',#191,#192);
#191 = CARTESIAN_POINT('',(29.835248427778,45.235248427778,0.));
#192 = VECTOR('',#193,1.);
#193 = DIRECTION('',(0.,-1.,0.));
#194 = ORIENTED_EDGE('',*,*,#195,.F.);
#195 = EDGE_CURVE('',#196,#188,#198,.T.);
#196 = VERTEX_POINT('',#197);
#197 = CARTESIAN_POINT('',(27.15,45.65,0.));
#198 = CIRCLE('',#199,8.9);
#199 = AXIS2_PLACEMENT_3D('',#200,#201,#202);
#200 = CARTESIAN_POINT('',(27.15,36.75,0.));
#201 = DIRECTION('',(0.,0.,-1.));
#202 = DIRECTION('',(-1.,0.,0.));
#203 = ORIENTED_EDGE('',*,*,#204,.F.);
#204 = EDGE_CURVE('',#205,#196,#207,.T.);
#205 = VERTEX_POINT('',#206);
#206 = CARTESIAN_POINT('',(-27.15,45.65,0.));
#207 = LINE('',#208,#209);
#208 = CARTESIAN_POINT('',(-27.15,45.65,0.));
#209 = VECTOR('',#210,1.);
#210 = DIRECTION('',(1.,0.,0.));
#211 = ORIENTED_EDGE('',*,*,#212,.F.);
#212 = EDGE_CURVE('',#213,#205,#215,.T.);
#213 = VERTEX_POINT('',#214);
#214 = CARTESIAN_POINT('',(-27.15,36.75,0.));
#215 = LINE('',#216,#217);
#216 = CARTESIAN_POINT('',(-27.15,36.75,0.));
#217 = VECTOR('',#218,1.);
#218 = DIRECTION('',(0.,1.,0.));
#219 = ORIENTED_EDGE('',*,*,#220,.T.);
#220 = EDGE_CURVE('',#213,#221,#223,.T.);
#221 = VERTEX_POINT('',#222);
#222 = CARTESIAN_POINT('',(13.499999999987,36.75,0.));
#223 = LINE('',#224,#225);
#224 = CARTESIAN_POINT('',(-36.05,36.75,0.));
#225 = VECTOR('',#226,1.);
#226 = DIRECTION('',(1.,0.,0.));
#227 = ORIENTED_EDGE('',*,*,#228,.T.);
#228 = EDGE_CURVE('',#221,#229,#231,.T.);
#229 = VERTEX_POINT('',#230);
#230 = CARTESIAN_POINT('',(13.499999999987,14.25,0.));
#231 = LINE('',#232,#233);
#232 = CARTESIAN_POINT('',(13.499999999987,36.75,0.));
#233 = VECTOR('',#234,1.);
#234 = DIRECTION('',(0.,-1.,0.));
#235 = ORIENTED_EDGE('',*,*,#236,.T.);
#236 = EDGE_CURVE('',#229,#237,#239,.T.);
#237 = VERTEX_POINT('',#238);
#238 = CARTESIAN_POINT('',(11.999999999987,14.25,0.));
#239 = LINE('',#240,#241);
#240 = CARTESIAN_POINT('',(13.499999999987,14.25,0.));
#241 = VECTOR('',#242,1.);
#242 = DIRECTION('',(-1.,0.,0.));
#243 = ORIENTED_EDGE('',*,*,#244,.F.);
#244 = EDGE_CURVE('',#245,#237,#247,.T.);
#245 = VERTEX_POINT('',#246);
#246 = CARTESIAN_POINT('',(11.999999999987,35.25,0.));
#247 = LINE('',#248,#249);
#248 = CARTESIAN_POINT('',(11.999999999987,35.25,0.));
#249 = VECTOR('',#250,1.);
#250 = DIRECTION('',(0.,-1.,0.));
#251 = ORIENTED_EDGE('',*,*,#252,.F.);
#252 = EDGE_CURVE('',#253,#245,#255,.T.);
#253 = VERTEX_POINT('',#254);
#254 = CARTESIAN_POINT('',(-31.11345400686,35.25,0.));
#255 = LINE('',#256,#257);
#256 = CARTESIAN_POINT('',(-31.11345400686,35.25,0.));
#257 = VECTOR('',#258,1.);
#258 = DIRECTION('',(1.,0.,0.));
#259 = ORIENTED_EDGE('',*,*,#260,.F.);
#260 = EDGE_CURVE('',#261,#253,#263,.T.);
#261 = VERTEX_POINT('',#262);
#262 = CARTESIAN_POINT('',(-30.9,34.65,0.));
#263 = CIRCLE('',#264,0.95);
#264 = AXIS2_PLACEMENT_3D('',#265,#266,#267);
#265 = CARTESIAN_POINT('',(-31.85,34.65,0.));
#266 = DIRECTION('',(0.,0.,1.));
#267 = DIRECTION('',(1.,0.,0.));
#268 = ORIENTED_EDGE('',*,*,#269,.F.);
#269 = EDGE_CURVE('',#270,#261,#272,.T.);
#270 = VERTEX_POINT('',#271);
#271 = CARTESIAN_POINT('',(-32.58654599313,35.25,0.));
#272 = CIRCLE('',#273,0.95);
#273 = AXIS2_PLACEMENT_3D('',#274,#275,#276);
#274 = CARTESIAN_POINT('',(-31.85,34.65,0.));
#275 = DIRECTION('',(0.,0.,1.));
#276 = DIRECTION('',(1.,0.,0.));
#277 = ORIENTED_EDGE('',*,*,#278,.F.);
#278 = EDGE_CURVE('',#279,#270,#281,.T.);
#279 = VERTEX_POINT('',#280);
#280 = CARTESIAN_POINT('',(-34.05,35.25,0.));
#281 = LINE('',#282,#283);
#282 = CARTESIAN_POINT('',(-34.05,35.25,0.));
#283 = VECTOR('',#284,1.);
#284 = DIRECTION('',(1.,0.,0.));
#285 = ORIENTED_EDGE('',*,*,#286,.F.);
#286 = EDGE_CURVE('',#287,#279,#289,.T.);
#287 = VERTEX_POINT('',#288);
#288 = CARTESIAN_POINT('',(-34.05,25.6,0.));
#289 = LINE('',#290,#291);
#290 = CARTESIAN_POINT('',(-34.05,25.6,0.));
#291 = VECTOR('',#292,1.);
#292 = DIRECTION('',(0.,1.,0.));
#293 = ORIENTED_EDGE('',*,*,#294,.T.);
#294 = EDGE_CURVE('',#287,#295,#297,.T.);
#295 = VERTEX_POINT('',#296);
#296 = CARTESIAN_POINT('',(-28.75,25.6,0.));
#297 = LINE('',#298,#299);
#298 = CARTESIAN_POINT('',(-35.55,25.6,0.));
#299 = VECTOR('',#300,1.);
#300 = DIRECTION('',(1.,0.,0.));
#301 = ORIENTED_EDGE('',*,*,#302,.T.);
#302 = EDGE_CURVE('',#295,#303,#305,.T.);
#303 = VERTEX_POINT('',#304);
#304 = CARTESIAN_POINT('',(-28.75,27.1,0.));
#305 = LINE('',#306,#307);
#306 = CARTESIAN_POINT('',(-28.75,25.6,0.));
#307 = VECTOR('',#308,1.);
#308 = DIRECTION('',(0.,1.,0.));
#309 = ORIENTED_EDGE('',*,*,#310,.T.);
#310 = EDGE_CURVE('',#303,#311,#313,.T.);
#311 = VERTEX_POINT('',#312);
#312 = CARTESIAN_POINT('',(3.849999999987,27.1,0.));
#313 = LINE('',#314,#315);
#314 = CARTESIAN_POINT('',(-28.75,27.1,0.));
#315 = VECTOR('',#316,1.);
#316 = DIRECTION('',(1.,0.,0.));
#317 = ORIENTED_EDGE('',*,*,#318,.T.);
#318 = EDGE_CURVE('',#311,#319,#321,.T.);
#319 = VERTEX_POINT('',#320);
#320 = CARTESIAN_POINT('',(3.849999999987,25.6,0.));
#321 = LINE('',#322,#323);
#322 = CARTESIAN_POINT('',(3.849999999987,27.1,0.));
#323 = VECTOR('',#324,1.);
#324 = DIRECTION('',(0.,-1.,0.));
#325 = ORIENTED_EDGE('',*,*,#326,.F.);
#326 = EDGE_CURVE('',#327,#319,#329,.T.);
#327 = VERTEX_POINT('',#328);
#328 = CARTESIAN_POINT('',(2.35,25.6,0.));
#329 = LINE('',#330,#331);
#330 = CARTESIAN_POINT('',(-28.75,25.6,0.));
#331 = VECTOR('',#332,1.);
#332 = DIRECTION('',(1.,0.,0.));
#333 = ORIENTED_EDGE('',*,*,#334,.F.);
#334 = EDGE_CURVE('',#335,#327,#337,.T.);
#335 = VERTEX_POINT('',#336);
#336 = CARTESIAN_POINT('',(2.35,5.4,0.));
#337 = LINE('',#338,#339);
#338 = CARTESIAN_POINT('',(2.35,5.4,0.));
#339 = VECTOR('',#340,1.);
#340 = DIRECTION('',(0.,1.,0.));
#341 = ORIENTED_EDGE('',*,*,#342,.F.);
#342 = EDGE_CURVE('',#343,#335,#345,.T.);
#343 = VERTEX_POINT('',#344);
#344 = CARTESIAN_POINT('',(-34.05,5.4,0.));
#345 = LINE('',#346,#347);
#346 = CARTESIAN_POINT('',(-34.05,5.4,0.));
#347 = VECTOR('',#348,1.);
#348 = DIRECTION('',(1.,0.,0.));
#349 = ORIENTED_EDGE('',*,*,#350,.F.);
#350 = EDGE_CURVE('',#351,#343,#353,.T.);
#351 = VERTEX_POINT('',#352);
#352 = CARTESIAN_POINT('',(-34.05,3.4,0.));
#353 = LINE('',#354,#355);
#354 = CARTESIAN_POINT('',(-34.05,3.4,0.));
#355 = VECTOR('',#356,1.);
#356 = DIRECTION('',(0.,1.,0.));
#357 = ORIENTED_EDGE('',*,*,#358,.F.);
#358 = EDGE_CURVE('',#359,#351,#361,.T.);
#359 = VERTEX_POINT('',#360);
#360 = CARTESIAN_POINT('',(-36.05,3.4,0.));
#361 = LINE('',#362,#363);
#362 = CARTESIAN_POINT('',(-36.05,3.4,0.));
#363 = VECTOR('',#364,1.);
#364 = DIRECTION('',(1.,0.,0.));
#365 = ORIENTED_EDGE('',*,*,#366,.F.);
#366 = EDGE_CURVE('',#367,#359,#369,.T.);
#367 = VERTEX_POINT('',#368);
#368 = CARTESIAN_POINT('',(-36.05,-24.5,0.));
#369 = LINE('',#370,#371);
#370 = CARTESIAN_POINT('',(-36.05,-36.75,0.));
#371 = VECTOR('',#372,1.);
#372 = DIRECTION('',(0.,1.,0.));
#373 = ORIENTED_EDGE('',*,*,#374,.F.);
#374 = EDGE_CURVE('',#375,#367,#377,.T.);
#375 = VERTEX_POINT('',#376);
#376 = CARTESIAN_POINT('',(-11.,-24.5,0.));
#377 = LINE('',#378,#379);
#378 = CARTESIAN_POINT('',(-11.,-24.5,0.));
#379 = VECTOR('',#380,1.);
#380 = DIRECTION('',(-1.,0.,0.));
#381 = ORIENTED_EDGE('',*,*,#382,.F.);
#382 = EDGE_CURVE('',#383,#375,#385,.T.);
#383 = VERTEX_POINT('',#384);
#384 = CARTESIAN_POINT('',(-11.,-29.5,0.));
#385 = LINE('',#386,#387);
#386 = CARTESIAN_POINT('',(-11.,-29.5,0.));
#387 = VECTOR('',#388,1.);
#388 = DIRECTION('',(0.,1.,0.));
#389 = ORIENTED_EDGE('',*,*,#390,.F.);
#390 = EDGE_CURVE('',#391,#383,#393,.T.);
#391 = VERTEX_POINT('',#392);
#392 = CARTESIAN_POINT('',(-36.05,-29.5,0.));
#393 = LINE('',#394,#395);
#394 = CARTESIAN_POINT('',(-36.05,-29.5,0.));
#395 = VECTOR('',#396,1.);
#396 = DIRECTION('',(1.,0.,0.));
#397 = ORIENTED_EDGE('',*,*,#398,.F.);
#398 = EDGE_CURVE('',#399,#391,#401,.T.);
#399 = VERTEX_POINT('',#400);
#400 = CARTESIAN_POINT('',(-36.05,-32.04230389551,0.));
#401 = LINE('',#402,#403);
#402 = CARTESIAN_POINT('',(-36.05,-36.75,0.));
#403 = VECTOR('',#404,1.);
#404 = DIRECTION('',(0.,1.,0.));
#405 = ORIENTED_EDGE('',*,*,#406,.F.);
#406 = EDGE_CURVE('',#407,#399,#409,.T.);
#407 = VERTEX_POINT('',#408);
#408 = CARTESIAN_POINT('',(-33.45,-32.04230389551,0.));
#409 = LINE('',#410,#411);
#410 = CARTESIAN_POINT('',(-33.45,-32.04230389551,0.));
#411 = VECTOR('',#412,1.);
#412 = DIRECTION('',(-1.,0.,0.));
#413 = ORIENTED_EDGE('',*,*,#414,.F.);
#414 = EDGE_CURVE('',#24,#407,#415,.T.);
#415 = LINE('',#416,#417);
#416 = CARTESIAN_POINT('',(-33.45,-34.54230389551,0.));
#417 = VECTOR('',#418,1.);
#418 = DIRECTION('',(0.,1.,0.));
#419 = FACE_BOUND('',#420,.F.);
#420 = EDGE_LOOP('',(#421));
#421 = ORIENTED_EDGE('',*,*,#422,.F.);
#422 = EDGE_CURVE('',#423,#423,#425,.T.);
#423 = VERTEX_POINT('',#424);
#424 = CARTESIAN_POINT('',(-26.36568482815,-39.06568514555,0.));
#425 = CIRCLE('',#426,0.6);
#426 = AXIS2_PLACEMENT_3D('',#427,#428,#429);
#427 = CARTESIAN_POINT('',(-26.96568482815,-39.06568514555,0.));
#428 = DIRECTION('',(0.,0.,1.));
#429 = DIRECTION('',(1.,0.,0.));
#430 = FACE_BOUND('',#431,.F.);
#431 = EDGE_LOOP('',(#432));
#432 = ORIENTED_EDGE('',*,*,#433,.F.);
#433 = EDGE_CURVE('',#434,#434,#436,.T.);
#434 = VERTEX_POINT('',#435);
#435 = CARTESIAN_POINT('',(-33.4,-14.75,0.));
#436 = CIRCLE('',#437,0.9);
#437 = AXIS2_PLACEMENT_3D('',#438,#439,#440);
#438 = CARTESIAN_POINT('',(-34.3,-14.75,0.));
#439 = DIRECTION('',(0.,0.,1.));
#440 = DIRECTION('',(1.,0.,0.));
#441 = FACE_BOUND('',#442,.F.);
#442 = EDGE_LOOP('',(#443,#453,#461,#469));
#443 = ORIENTED_EDGE('',*,*,#444,.F.);
#444 = EDGE_CURVE('',#445,#447,#449,.T.);
#445 = VERTEX_POINT('',#446);
#446 = CARTESIAN_POINT('',(-30.24999930039,-18.00000042468,0.));
#447 = VERTEX_POINT('',#448);
#448 = CARTESIAN_POINT('',(-30.24999930039,-11.30000042468,0.));
#449 = LINE('',#450,#451);
#450 = CARTESIAN_POINT('',(-30.24999930039,-18.00000042468,0.));
#451 = VECTOR('',#452,1.);
#452 = DIRECTION('',(0.,1.,0.));
#453 = ORIENTED_EDGE('',*,*,#454,.F.);
#454 = EDGE_CURVE('',#455,#445,#457,.T.);
#455 = VERTEX_POINT('',#456);
#456 = CARTESIAN_POINT('',(-31.09999930039,-18.00000042468,0.));
#457 = LINE('',#458,#459);
#458 = CARTESIAN_POINT('',(-31.09999930039,-18.00000042468,0.));
#459 = VECTOR('',#460,1.);
#460 = DIRECTION('',(1.,0.,0.));
#461 = ORIENTED_EDGE('',*,*,#462,.F.);
#462 = EDGE_CURVE('',#463,#455,#465,.T.);
#463 = VERTEX_POINT('',#464);
#464 = CARTESIAN_POINT('',(-31.09999930039,-11.30000042468,0.));
#465 = LINE('',#466,#467);
#466 = CARTESIAN_POINT('',(-31.09999930039,-11.30000042468,0.));
#467 = VECTOR('',#468,1.);
#468 = DIRECTION('',(0.,-1.,0.));
#469 = ORIENTED_EDGE('',*,*,#470,.F.);
#470 = EDGE_CURVE('',#447,#463,#471,.T.);
#471 = LINE('',#472,#473);
#472 = CARTESIAN_POINT('',(-30.24999930039,-11.30000042468,0.));
#473 = VECTOR('',#474,1.);
#474 = DIRECTION('',(-1.,0.,0.));
#475 = FACE_BOUND('',#476,.F.);
#476 = EDGE_LOOP('',(#477));
#477 = ORIENTED_EDGE('',*,*,#478,.F.);
#478 = EDGE_CURVE('',#479,#479,#481,.T.);
#479 = VERTEX_POINT('',#480);
#480 = CARTESIAN_POINT('',(-30.9,-3.65,0.));
#481 = CIRCLE('',#482,0.95);
#482 = AXIS2_PLACEMENT_3D('',#483,#484,#485);
#483 = CARTESIAN_POINT('',(-31.85,-3.65,0.));
#484 = DIRECTION('',(0.,0.,1.));
#485 = DIRECTION('',(1.,0.,0.));
#486 = FACE_BOUND('',#487,.F.);
#487 = EDGE_LOOP('',(#488));
#488 = ORIENTED_EDGE('',*,*,#489,.F.);
#489 = EDGE_CURVE('',#490,#490,#492,.T.);
#490 = VERTEX_POINT('',#491);
#491 = CARTESIAN_POINT('',(3.,-28.25,0.));
#492 = CIRCLE('',#493,3.);
#493 = AXIS2_PLACEMENT_3D('',#494,#495,#496);
#494 = CARTESIAN_POINT('',(0.,-28.25,0.));
#495 = DIRECTION('',(0.,0.,1.));
#496 = DIRECTION('',(1.,0.,0.));
#497 = FACE_BOUND('',#498,.F.);
#498 = EDGE_LOOP('',(#499));
#499 = ORIENTED_EDGE('',*,*,#500,.F.);
#500 = EDGE_CURVE('',#501,#501,#503,.T.);
#501 = VERTEX_POINT('',#502);
#502 = CARTESIAN_POINT('',(27.548527560749,-39.14852786249,0.));
#503 = CIRCLE('',#504,0.6);
#504 = AXIS2_PLACEMENT_3D('',#505,#506,#507);
#505 = CARTESIAN_POINT('',(26.948527560749,-39.14852786249,0.));
#506 = DIRECTION('',(0.,0.,1.));
#507 = DIRECTION('',(1.,0.,0.));
#508 = FACE_BOUND('',#509,.F.);
#509 = EDGE_LOOP('',(#510,#520,#528,#536));
#510 = ORIENTED_EDGE('',*,*,#511,.F.);
#511 = EDGE_CURVE('',#512,#514,#516,.T.);
#512 = VERTEX_POINT('',#513);
#513 = CARTESIAN_POINT('',(31.099999313802,-11.80000027269,0.));
#514 = VERTEX_POINT('',#515);
#515 = CARTESIAN_POINT('',(30.249999313801,-11.80000027269,0.));
#516 = LINE('',#517,#518);
#517 = CARTESIAN_POINT('',(31.099999313802,-11.80000027269,0.));
#518 = VECTOR('',#519,1.);
#519 = DIRECTION('',(-1.,0.,0.));
#520 = ORIENTED_EDGE('',*,*,#521,.F.);
#521 = EDGE_CURVE('',#522,#512,#524,.T.);
#522 = VERTEX_POINT('',#523);
#523 = CARTESIAN_POINT('',(31.099999313802,-18.50000027269,0.));
#524 = LINE('',#525,#526);
#525 = CARTESIAN_POINT('',(31.099999313802,-18.50000027269,0.));
#526 = VECTOR('',#527,1.);
#527 = DIRECTION('',(0.,1.,0.));
#528 = ORIENTED_EDGE('',*,*,#529,.F.);
#529 = EDGE_CURVE('',#530,#522,#532,.T.);
#530 = VERTEX_POINT('',#531);
#531 = CARTESIAN_POINT('',(30.249999313801,-18.50000027269,0.));
#532 = LINE('',#533,#534);
#533 = CARTESIAN_POINT('',(30.249999313801,-18.50000027269,0.));
#534 = VECTOR('',#535,1.);
#535 = DIRECTION('',(1.,0.,0.));
#536 = ORIENTED_EDGE('',*,*,#537,.F.);
#537 = EDGE_CURVE('',#514,#530,#538,.T.);
#538 = LINE('',#539,#540);
#539 = CARTESIAN_POINT('',(30.249999313801,-11.80000027269,0.));
#540 = VECTOR('',#541,1.);
#541 = DIRECTION('',(0.,-1.,0.));
#542 = FACE_BOUND('',#543,.F.);
#543 = EDGE_LOOP('',(#544));
#544 = ORIENTED_EDGE('',*,*,#545,.F.);
#545 = EDGE_CURVE('',#546,#546,#548,.T.);
#546 = VERTEX_POINT('',#547);
#547 = CARTESIAN_POINT('',(35.2,-14.75,0.));
#548 = CIRCLE('',#549,0.9);
#549 = AXIS2_PLACEMENT_3D('',#550,#551,#552);
#550 = CARTESIAN_POINT('',(34.3,-14.75,0.));
#551 = DIRECTION('',(0.,0.,1.));
#552 = DIRECTION('',(1.,0.,0.));
#553 = FACE_BOUND('',#554,.F.);
#554 = EDGE_LOOP('',(#555));
#555 = ORIENTED_EDGE('',*,*,#556,.F.);
#556 = EDGE_CURVE('',#557,#557,#559,.T.);
#557 = VERTEX_POINT('',#558);
#558 = CARTESIAN_POINT('',(34.6,-3.65,0.));
#559 = CIRCLE('',#560,0.95);
#560 = AXIS2_PLACEMENT_3D('',#561,#562,#563);
#561 = CARTESIAN_POINT('',(33.65,-3.65,0.));
#562 = DIRECTION('',(0.,0.,1.));
#563 = DIRECTION('',(1.,0.,0.));
#564 = FACE_BOUND('',#565,.F.);
#565 = EDGE_LOOP('',(#566));
#566 = ORIENTED_EDGE('',*,*,#567,.F.);
#567 = EDGE_CURVE('',#568,#568,#570,.T.);
#568 = VERTEX_POINT('',#569);
#569 = CARTESIAN_POINT('',(34.6,34.65,0.));
#570 = CIRCLE('',#571,0.95);
#571 = AXIS2_PLACEMENT_3D('',#572,#573,#574);
#572 = CARTESIAN_POINT('',(33.65,34.65,0.));
#573 = DIRECTION('',(0.,0.,1.));
#574 = DIRECTION('',(1.,0.,0.));
#575 = PLANE('',#576);
#576 = AXIS2_PLACEMENT_3D('',#577,#578,#579);
#577 = CARTESIAN_POINT('',(-4.571115346194E-16,-4.662537653118E-15,0.));
#578 = DIRECTION('',(0.,0.,1.));
#579 = DIRECTION('',(1.,0.,0.));
#580 = ADVANCED_FACE('',(#581),#606,.T.);
#581 = FACE_BOUND('',#582,.T.);
#582 = EDGE_LOOP('',(#583,#591,#599,#605));
#583 = ORIENTED_EDGE('',*,*,#584,.T.);
#584 = EDGE_CURVE('',#22,#585,#587,.T.);
#585 = VERTEX_POINT('',#586);
#586 = CARTESIAN_POINT('',(-31.45,-34.54230389551,-6.6));
#587 = LINE('',#588,#589);
#588 = CARTESIAN_POINT('',(-31.45,-34.54230389551,0.));
#589 = VECTOR('',#590,1.);
#590 = DIRECTION('',(-0.,-0.,-1.));
#591 = ORIENTED_EDGE('',*,*,#592,.T.);
#592 = EDGE_CURVE('',#585,#593,#595,.T.);
#593 = VERTEX_POINT('',#594);
#594 = CARTESIAN_POINT('',(-33.45,-34.54230389551,-6.6));
#595 = LINE('',#596,#597);
#596 = CARTESIAN_POINT('',(-31.45,-34.54230389551,-6.6));
#597 = VECTOR('',#598,1.);
#598 = DIRECTION('',(-1.,0.,0.));
#599 = ORIENTED_EDGE('',*,*,#600,.F.);
#600 = EDGE_CURVE('',#24,#593,#601,.T.);
#601 = LINE('',#602,#603);
#602 = CARTESIAN_POINT('',(-33.45,-34.54230389551,0.));
#603 = VECTOR('',#604,1.);
#604 = DIRECTION('',(-0.,-0.,-1.));
#605 = ORIENTED_EDGE('',*,*,#21,.F.);
#606 = PLANE('',#607);
#607 = AXIS2_PLACEMENT_3D('',#608,#609,#610);
#608 = CARTESIAN_POINT('',(-31.45,-34.54230389551,0.));
#609 = DIRECTION('',(0.,1.,0.));
#610 = DIRECTION('',(-1.,0.,0.));
#611 = ADVANCED_FACE('',(#612),#630,.T.);
#612 = FACE_BOUND('',#613,.T.);
#613 = EDGE_LOOP('',(#614,#615,#623,#629));
#614 = ORIENTED_EDGE('',*,*,#600,.T.);
#615 = ORIENTED_EDGE('',*,*,#616,.T.);
#616 = EDGE_CURVE('',#593,#617,#619,.T.);
#617 = VERTEX_POINT('',#618);
#618 = CARTESIAN_POINT('',(-33.45,-32.04230389551,-6.6));
#619 = LINE('',#620,#621);
#620 = CARTESIAN_POINT('',(-33.45,-34.54230389551,-6.6));
#621 = VECTOR('',#622,1.);
#622 = DIRECTION('',(0.,1.,0.));
#623 = ORIENTED_EDGE('',*,*,#624,.F.);
#624 = EDGE_CURVE('',#407,#617,#625,.T.);
#625 = LINE('',#626,#627);
#626 = CARTESIAN_POINT('',(-33.45,-32.04230389551,0.));
#627 = VECTOR('',#628,1.);
#628 = DIRECTION('',(-0.,-0.,-1.));
#629 = ORIENTED_EDGE('',*,*,#414,.F.);
#630 = PLANE('',#631);
#631 = AXIS2_PLACEMENT_3D('',#632,#633,#634);
#632 = CARTESIAN_POINT('',(-33.45,-34.54230389551,0.));
#633 = DIRECTION('',(1.,0.,0.));
#634 = DIRECTION('',(0.,1.,0.));
#635 = ADVANCED_FACE('',(#636),#654,.T.);
#636 = FACE_BOUND('',#637,.T.);
#637 = EDGE_LOOP('',(#638,#639,#647,#653));
#638 = ORIENTED_EDGE('',*,*,#624,.T.);
#639 = ORIENTED_EDGE('',*,*,#640,.T.);
#640 = EDGE_CURVE('',#617,#641,#643,.T.);
#641 = VERTEX_POINT('',#642);
#642 = CARTESIAN_POINT('',(-36.05,-32.04230389551,-6.6));
#643 = LINE('',#644,#645);
#644 = CARTESIAN_POINT('',(-33.45,-32.04230389551,-6.6));
#645 = VECTOR('',#646,1.);
#646 = DIRECTION('',(-1.,0.,0.));
#647 = ORIENTED_EDGE('',*,*,#648,.F.);
#648 = EDGE_CURVE('',#399,#641,#649,.T.);
#649 = LINE('',#650,#651);
#650 = CARTESIAN_POINT('',(-36.05,-32.04230389551,0.));
#651 = VECTOR('',#652,1.);
#652 = DIRECTION('',(-0.,-0.,-1.));
#653 = ORIENTED_EDGE('',*,*,#406,.F.);
#654 = PLANE('',#655);
#655 = AXIS2_PLACEMENT_3D('',#656,#657,#658);
#656 = CARTESIAN_POINT('',(-33.45,-32.04230389551,0.));
#657 = DIRECTION('',(0.,1.,0.));
#658 = DIRECTION('',(-1.,0.,0.));
#659 = ADVANCED_FACE('',(#660),#726,.T.);
#660 = FACE_BOUND('',#661,.T.);
#661 = EDGE_LOOP('',(#662,#672,#680,#686,#687,#688,#696,#704,#712,#720)
  );
#662 = ORIENTED_EDGE('',*,*,#663,.F.);
#663 = EDGE_CURVE('',#664,#666,#668,.T.);
#664 = VERTEX_POINT('',#665);
#665 = CARTESIAN_POINT('',(-36.05,-36.75,1.8));
#666 = VERTEX_POINT('',#667);
#667 = CARTESIAN_POINT('',(-36.05,-36.75,-6.6));
#668 = LINE('',#669,#670);
#669 = CARTESIAN_POINT('',(-36.05,-36.75,0.));
#670 = VECTOR('',#671,1.);
#671 = DIRECTION('',(-0.,-0.,-1.));
#672 = ORIENTED_EDGE('',*,*,#673,.T.);
#673 = EDGE_CURVE('',#664,#674,#676,.T.);
#674 = VERTEX_POINT('',#675);
#675 = CARTESIAN_POINT('',(-36.05,-29.5,1.8));
#676 = LINE('',#677,#678);
#677 = CARTESIAN_POINT('',(-36.05,-36.75,1.8));
#678 = VECTOR('',#679,1.);
#679 = DIRECTION('',(0.,1.,0.));
#680 = ORIENTED_EDGE('',*,*,#681,.F.);
#681 = EDGE_CURVE('',#391,#674,#682,.T.);
#682 = LINE('',#683,#684);
#683 = CARTESIAN_POINT('',(-36.05,-29.5,0.));
#684 = VECTOR('',#685,1.);
#685 = DIRECTION('',(0.,0.,1.));
#686 = ORIENTED_EDGE('',*,*,#398,.F.);
#687 = ORIENTED_EDGE('',*,*,#648,.T.);
#688 = ORIENTED_EDGE('',*,*,#689,.F.);
#689 = EDGE_CURVE('',#690,#641,#692,.T.);
#690 = VERTEX_POINT('',#691);
#691 = CARTESIAN_POINT('',(-36.05,-35.17381823545,-6.6));
#692 = LINE('',#693,#694);
#693 = CARTESIAN_POINT('',(-36.05,-35.17381823545,-6.6));
#694 = VECTOR('',#695,1.);
#695 = DIRECTION('',(0.,1.,0.));
#696 = ORIENTED_EDGE('',*,*,#697,.F.);
#697 = EDGE_CURVE('',#698,#690,#700,.T.);
#698 = VERTEX_POINT('',#699);
#699 = CARTESIAN_POINT('',(-36.05,-35.17381823545,0.));
#700 = LINE('',#701,#702);
#701 = CARTESIAN_POINT('',(-36.05,-35.17381823545,0.));
#702 = VECTOR('',#703,1.);
#703 = DIRECTION('',(-0.,-0.,-1.));
#704 = ORIENTED_EDGE('',*,*,#705,.F.);
#705 = EDGE_CURVE('',#706,#698,#708,.T.);
#706 = VERTEX_POINT('',#707);
#707 = CARTESIAN_POINT('',(-36.05,-35.79018176454,0.));
#708 = LINE('',#709,#710);
#709 = CARTESIAN_POINT('',(-36.05,-36.75,0.));
#710 = VECTOR('',#711,1.);
#711 = DIRECTION('',(0.,1.,0.));
#712 = ORIENTED_EDGE('',*,*,#713,.T.);
#713 = EDGE_CURVE('',#706,#714,#716,.T.);
#714 = VERTEX_POINT('',#715);
#715 = CARTESIAN_POINT('',(-36.05,-35.79018176454,-6.6));
#716 = LINE('',#717,#718);
#717 = CARTESIAN_POINT('',(-36.05,-35.79018176454,0.));
#718 = VECTOR('',#719,1.);
#719 = DIRECTION('',(-0.,-0.,-1.));
#720 = ORIENTED_EDGE('',*,*,#721,.F.);
#721 = EDGE_CURVE('',#666,#714,#722,.T.);
#722 = LINE('',#723,#724);
#723 = CARTESIAN_POINT('',(-36.05,-36.75,-6.6));
#724 = VECTOR('',#725,1.);
#725 = DIRECTION('',(0.,1.,0.));
#726 = PLANE('',#727);
#727 = AXIS2_PLACEMENT_3D('',#728,#729,#730);
#728 = CARTESIAN_POINT('',(-36.05,-5.211252009663,0.121001158206));
#729 = DIRECTION('',(-1.,-0.,-0.));
#730 = DIRECTION('',(0.,0.,-1.));
#731 = ADVANCED_FACE('',(#732),#750,.T.);
#732 = FACE_BOUND('',#733,.T.);
#733 = EDGE_LOOP('',(#734,#735,#736,#744));
#734 = ORIENTED_EDGE('',*,*,#390,.F.);
#735 = ORIENTED_EDGE('',*,*,#681,.T.);
#736 = ORIENTED_EDGE('',*,*,#737,.F.);
#737 = EDGE_CURVE('',#738,#674,#740,.T.);
#738 = VERTEX_POINT('',#739);
#739 = CARTESIAN_POINT('',(-11.,-29.5,1.8));
#740 = LINE('',#741,#742);
#741 = CARTESIAN_POINT('',(-18.025,-29.5,1.8));
#742 = VECTOR('',#743,1.);
#743 = DIRECTION('',(-1.,0.,0.));
#744 = ORIENTED_EDGE('',*,*,#745,.F.);
#745 = EDGE_CURVE('',#383,#738,#746,.T.);
#746 = LINE('',#747,#748);
#747 = CARTESIAN_POINT('',(-11.,-29.5,0.));
#748 = VECTOR('',#749,1.);
#749 = DIRECTION('',(0.,0.,1.));
#750 = PLANE('',#751);
#751 = AXIS2_PLACEMENT_3D('',#752,#753,#754);
#752 = CARTESIAN_POINT('',(-36.05,-29.5,0.));
#753 = DIRECTION('',(0.,1.,0.));
#754 = DIRECTION('',(1.,0.,0.));
#755 = ADVANCED_FACE('',(#756),#774,.T.);
#756 = FACE_BOUND('',#757,.T.);
#757 = EDGE_LOOP('',(#758,#759,#760,#768));
#758 = ORIENTED_EDGE('',*,*,#382,.F.);
#759 = ORIENTED_EDGE('',*,*,#745,.T.);
#760 = ORIENTED_EDGE('',*,*,#761,.F.);
#761 = EDGE_CURVE('',#762,#738,#764,.T.);
#762 = VERTEX_POINT('',#763);
#763 = CARTESIAN_POINT('',(-11.,-24.5,1.8));
#764 = LINE('',#765,#766);
#765 = CARTESIAN_POINT('',(-11.,-14.75,1.8));
#766 = VECTOR('',#767,1.);
#767 = DIRECTION('',(0.,-1.,0.));
#768 = ORIENTED_EDGE('',*,*,#769,.F.);
#769 = EDGE_CURVE('',#375,#762,#770,.T.);
#770 = LINE('',#771,#772);
#771 = CARTESIAN_POINT('',(-11.,-24.5,0.));
#772 = VECTOR('',#773,1.);
#773 = DIRECTION('',(0.,0.,1.));
#774 = PLANE('',#775);
#775 = AXIS2_PLACEMENT_3D('',#776,#777,#778);
#776 = CARTESIAN_POINT('',(-11.,-29.5,0.));
#777 = DIRECTION('',(-1.,0.,0.));
#778 = DIRECTION('',(0.,1.,0.));
#779 = ADVANCED_FACE('',(#780),#798,.T.);
#780 = FACE_BOUND('',#781,.T.);
#781 = EDGE_LOOP('',(#782,#783,#784,#792));
#782 = ORIENTED_EDGE('',*,*,#374,.F.);
#783 = ORIENTED_EDGE('',*,*,#769,.T.);
#784 = ORIENTED_EDGE('',*,*,#785,.F.);
#785 = EDGE_CURVE('',#786,#762,#788,.T.);
#786 = VERTEX_POINT('',#787);
#787 = CARTESIAN_POINT('',(-36.05,-24.5,1.8));
#788 = LINE('',#789,#790);
#789 = CARTESIAN_POINT('',(-5.5,-24.5,1.8));
#790 = VECTOR('',#791,1.);
#791 = DIRECTION('',(1.,0.,0.));
#792 = ORIENTED_EDGE('',*,*,#793,.F.);
#793 = EDGE_CURVE('',#367,#786,#794,.T.);
#794 = LINE('',#795,#796);
#795 = CARTESIAN_POINT('',(-36.05,-24.5,0.));
#796 = VECTOR('',#797,1.);
#797 = DIRECTION('',(0.,0.,1.));
#798 = PLANE('',#799);
#799 = AXIS2_PLACEMENT_3D('',#800,#801,#802);
#800 = CARTESIAN_POINT('',(-11.,-24.5,0.));
#801 = DIRECTION('',(0.,-1.,0.));
#802 = DIRECTION('',(-1.,0.,0.));
#803 = ADVANCED_FACE('',(#804),#822,.T.);
#804 = FACE_BOUND('',#805,.T.);
#805 = EDGE_LOOP('',(#806,#807,#815,#821));
#806 = ORIENTED_EDGE('',*,*,#793,.T.);
#807 = ORIENTED_EDGE('',*,*,#808,.T.);
#808 = EDGE_CURVE('',#786,#809,#811,.T.);
#809 = VERTEX_POINT('',#810);
#810 = CARTESIAN_POINT('',(-36.05,3.4,1.8));
#811 = LINE('',#812,#813);
#812 = CARTESIAN_POINT('',(-36.05,-36.75,1.8));
#813 = VECTOR('',#814,1.);
#814 = DIRECTION('',(0.,1.,0.));
#815 = ORIENTED_EDGE('',*,*,#816,.T.);
#816 = EDGE_CURVE('',#809,#359,#817,.T.);
#817 = LINE('',#818,#819);
#818 = CARTESIAN_POINT('',(-36.05,3.4,1.8));
#819 = VECTOR('',#820,1.);
#820 = DIRECTION('',(-0.,-0.,-1.));
#821 = ORIENTED_EDGE('',*,*,#366,.F.);
#822 = PLANE('',#823);
#823 = AXIS2_PLACEMENT_3D('',#824,#825,#826);
#824 = CARTESIAN_POINT('',(-36.05,-5.211252009663,0.121001158206));
#825 = DIRECTION('',(-1.,-0.,-0.));
#826 = DIRECTION('',(0.,0.,-1.));
#827 = ADVANCED_FACE('',(#828),#846,.F.);
#828 = FACE_BOUND('',#829,.F.);
#829 = EDGE_LOOP('',(#830,#831,#832,#840));
#830 = ORIENTED_EDGE('',*,*,#816,.T.);
#831 = ORIENTED_EDGE('',*,*,#358,.T.);
#832 = ORIENTED_EDGE('',*,*,#833,.F.);
#833 = EDGE_CURVE('',#834,#351,#836,.T.);
#834 = VERTEX_POINT('',#835);
#835 = CARTESIAN_POINT('',(-34.05,3.4,1.8));
#836 = LINE('',#837,#838);
#837 = CARTESIAN_POINT('',(-34.05,3.4,1.8));
#838 = VECTOR('',#839,1.);
#839 = DIRECTION('',(-0.,-0.,-1.));
#840 = ORIENTED_EDGE('',*,*,#841,.F.);
#841 = EDGE_CURVE('',#809,#834,#842,.T.);
#842 = LINE('',#843,#844);
#843 = CARTESIAN_POINT('',(-36.05,3.4,1.8));
#844 = VECTOR('',#845,1.);
#845 = DIRECTION('',(1.,0.,0.));
#846 = PLANE('',#847);
#847 = AXIS2_PLACEMENT_3D('',#848,#849,#850);
#848 = CARTESIAN_POINT('',(-36.05,3.4,1.8));
#849 = DIRECTION('',(0.,-1.,0.));
#850 = DIRECTION('',(1.,0.,0.));
#851 = ADVANCED_FACE('',(#852),#870,.F.);
#852 = FACE_BOUND('',#853,.F.);
#853 = EDGE_LOOP('',(#854,#855,#856,#864));
#854 = ORIENTED_EDGE('',*,*,#833,.T.);
#855 = ORIENTED_EDGE('',*,*,#350,.T.);
#856 = ORIENTED_EDGE('',*,*,#857,.F.);
#857 = EDGE_CURVE('',#858,#343,#860,.T.);
#858 = VERTEX_POINT('',#859);
#859 = CARTESIAN_POINT('',(-34.05,5.4,1.8));
#860 = LINE('',#861,#862);
#861 = CARTESIAN_POINT('',(-34.05,5.4,1.8));
#862 = VECTOR('',#863,1.);
#863 = DIRECTION('',(-0.,-0.,-1.));
#864 = ORIENTED_EDGE('',*,*,#865,.F.);
#865 = EDGE_CURVE('',#834,#858,#866,.T.);
#866 = LINE('',#867,#868);
#867 = CARTESIAN_POINT('',(-34.05,3.4,1.8));
#868 = VECTOR('',#869,1.);
#869 = DIRECTION('',(0.,1.,0.));
#870 = PLANE('',#871);
#871 = AXIS2_PLACEMENT_3D('',#872,#873,#874);
#872 = CARTESIAN_POINT('',(-34.05,3.4,1.8));
#873 = DIRECTION('',(1.,0.,0.));
#874 = DIRECTION('',(0.,1.,0.));
#875 = ADVANCED_FACE('',(#876),#894,.F.);
#876 = FACE_BOUND('',#877,.F.);
#877 = EDGE_LOOP('',(#878,#879,#880,#888));
#878 = ORIENTED_EDGE('',*,*,#857,.T.);
#879 = ORIENTED_EDGE('',*,*,#342,.T.);
#880 = ORIENTED_EDGE('',*,*,#881,.F.);
#881 = EDGE_CURVE('',#882,#335,#884,.T.);
#882 = VERTEX_POINT('',#883);
#883 = CARTESIAN_POINT('',(2.35,5.4,1.8));
#884 = LINE('',#885,#886);
#885 = CARTESIAN_POINT('',(2.35,5.4,1.8));
#886 = VECTOR('',#887,1.);
#887 = DIRECTION('',(-0.,-0.,-1.));
#888 = ORIENTED_EDGE('',*,*,#889,.F.);
#889 = EDGE_CURVE('',#858,#882,#890,.T.);
#890 = LINE('',#891,#892);
#891 = CARTESIAN_POINT('',(-34.05,5.4,1.8));
#892 = VECTOR('',#893,1.);
#893 = DIRECTION('',(1.,0.,0.));
#894 = PLANE('',#895);
#895 = AXIS2_PLACEMENT_3D('',#896,#897,#898);
#896 = CARTESIAN_POINT('',(-34.05,5.4,1.8));
#897 = DIRECTION('',(0.,-1.,0.));
#898 = DIRECTION('',(1.,0.,0.));
#899 = ADVANCED_FACE('',(#900),#918,.F.);
#900 = FACE_BOUND('',#901,.F.);
#901 = EDGE_LOOP('',(#902,#903,#904,#912));
#902 = ORIENTED_EDGE('',*,*,#881,.T.);
#903 = ORIENTED_EDGE('',*,*,#334,.T.);
#904 = ORIENTED_EDGE('',*,*,#905,.F.);
#905 = EDGE_CURVE('',#906,#327,#908,.T.);
#906 = VERTEX_POINT('',#907);
#907 = CARTESIAN_POINT('',(2.35,25.6,1.8));
#908 = LINE('',#909,#910);
#909 = CARTESIAN_POINT('',(2.35,25.6,1.8));
#910 = VECTOR('',#911,1.);
#911 = DIRECTION('',(-0.,-0.,-1.));
#912 = ORIENTED_EDGE('',*,*,#913,.F.);
#913 = EDGE_CURVE('',#882,#906,#914,.T.);
#914 = LINE('',#915,#916);
#915 = CARTESIAN_POINT('',(2.35,5.4,1.8));
#916 = VECTOR('',#917,1.);
#917 = DIRECTION('',(0.,1.,0.));
#918 = PLANE('',#919);
#919 = AXIS2_PLACEMENT_3D('',#920,#921,#922);
#920 = CARTESIAN_POINT('',(2.35,5.4,1.8));
#921 = DIRECTION('',(1.,0.,0.));
#922 = DIRECTION('',(0.,1.,0.));
#923 = ADVANCED_FACE('',(#924),#981,.T.);
#924 = FACE_BOUND('',#925,.T.);
#925 = EDGE_LOOP('',(#926,#934,#942,#948,#949,#950,#958,#966,#974,#980)
  );
#926 = ORIENTED_EDGE('',*,*,#927,.T.);
#927 = EDGE_CURVE('',#295,#928,#930,.T.);
#928 = VERTEX_POINT('',#929);
#929 = CARTESIAN_POINT('',(-28.75,25.6,-3.1));
#930 = LINE('',#931,#932);
#931 = CARTESIAN_POINT('',(-28.75,25.6,0.));
#932 = VECTOR('',#933,1.);
#933 = DIRECTION('',(-0.,-0.,-1.));
#934 = ORIENTED_EDGE('',*,*,#935,.T.);
#935 = EDGE_CURVE('',#928,#936,#938,.T.);
#936 = VERTEX_POINT('',#937);
#937 = CARTESIAN_POINT('',(3.849999999987,25.6,-3.1));
#938 = LINE('',#939,#940);
#939 = CARTESIAN_POINT('',(2.35,25.6,-3.1));
#940 = VECTOR('',#941,1.);
#941 = DIRECTION('',(1.,0.,0.));
#942 = ORIENTED_EDGE('',*,*,#943,.F.);
#943 = EDGE_CURVE('',#319,#936,#944,.T.);
#944 = LINE('',#945,#946);
#945 = CARTESIAN_POINT('',(3.849999999987,25.6,0.));
#946 = VECTOR('',#947,1.);
#947 = DIRECTION('',(-0.,-0.,-1.));
#948 = ORIENTED_EDGE('',*,*,#326,.F.);
#949 = ORIENTED_EDGE('',*,*,#905,.F.);
#950 = ORIENTED_EDGE('',*,*,#951,.F.);
#951 = EDGE_CURVE('',#952,#906,#954,.T.);
#952 = VERTEX_POINT('',#953);
#953 = CARTESIAN_POINT('',(-35.55,25.6,1.8));
#954 = LINE('',#955,#956);
#955 = CARTESIAN_POINT('',(-35.55,25.6,1.8));
#956 = VECTOR('',#957,1.);
#957 = DIRECTION('',(1.,0.,0.));
#958 = ORIENTED_EDGE('',*,*,#959,.T.);
#959 = EDGE_CURVE('',#952,#960,#962,.T.);
#960 = VERTEX_POINT('',#961);
#961 = CARTESIAN_POINT('',(-35.55,25.6,-3.1));
#962 = LINE('',#963,#964);
#963 = CARTESIAN_POINT('',(-35.55,25.6,1.8));
#964 = VECTOR('',#965,1.);
#965 = DIRECTION('',(-0.,-0.,-1.));
#966 = ORIENTED_EDGE('',*,*,#967,.T.);
#967 = EDGE_CURVE('',#960,#968,#970,.T.);
#968 = VERTEX_POINT('',#969);
#969 = CARTESIAN_POINT('',(-34.05,25.6,-3.1));
#970 = LINE('',#971,#972);
#971 = CARTESIAN_POINT('',(-35.55,25.6,-3.1));
#972 = VECTOR('',#973,1.);
#973 = DIRECTION('',(1.,-2.368475785867E-15,0.));
#974 = ORIENTED_EDGE('',*,*,#975,.F.);
#975 = EDGE_CURVE('',#287,#968,#976,.T.);
#976 = LINE('',#977,#978);
#977 = CARTESIAN_POINT('',(-34.05,25.6,0.));
#978 = VECTOR('',#979,1.);
#979 = DIRECTION('',(-0.,-0.,-1.));
#980 = ORIENTED_EDGE('',*,*,#294,.T.);
#981 = PLANE('',#982);
#982 = AXIS2_PLACEMENT_3D('',#983,#984,#985);
#983 = CARTESIAN_POINT('',(-16.89546413502,25.6,-0.564029535865));
#984 = DIRECTION('',(-0.,-1.,-0.));
#985 = DIRECTION('',(0.,0.,-1.));
#986 = ADVANCED_FACE('',(#987),#1005,.F.);
#987 = FACE_BOUND('',#988,.F.);
#988 = EDGE_LOOP('',(#989,#997,#1003,#1004));
#989 = ORIENTED_EDGE('',*,*,#990,.T.);
#990 = EDGE_CURVE('',#311,#991,#993,.T.);
#991 = VERTEX_POINT('',#992);
#992 = CARTESIAN_POINT('',(3.849999999987,27.1,-3.1));
#993 = LINE('',#994,#995);
#994 = CARTESIAN_POINT('',(3.849999999987,27.1,0.));
#995 = VECTOR('',#996,1.);
#996 = DIRECTION('',(-0.,-0.,-1.));
#997 = ORIENTED_EDGE('',*,*,#998,.T.);
#998 = EDGE_CURVE('',#991,#936,#999,.T.);
#999 = LINE('',#1000,#1001);
#1000 = CARTESIAN_POINT('',(3.849999999987,27.1,-3.1));
#1001 = VECTOR('',#1002,1.);
#1002 = DIRECTION('',(0.,-1.,0.));
#1003 = ORIENTED_EDGE('',*,*,#943,.F.);
#1004 = ORIENTED_EDGE('',*,*,#318,.F.);
#1005 = PLANE('',#1006);
#1006 = AXIS2_PLACEMENT_3D('',#1007,#1008,#1009);
#1007 = CARTESIAN_POINT('',(3.849999999987,27.1,0.));
#1008 = DIRECTION('',(-1.,0.,0.));
#1009 = DIRECTION('',(0.,-1.,0.));
#1010 = ADVANCED_FACE('',(#1011),#1029,.F.);
#1011 = FACE_BOUND('',#1012,.F.);
#1012 = EDGE_LOOP('',(#1013,#1021,#1027,#1028));
#1013 = ORIENTED_EDGE('',*,*,#1014,.T.);
#1014 = EDGE_CURVE('',#303,#1015,#1017,.T.);
#1015 = VERTEX_POINT('',#1016);
#1016 = CARTESIAN_POINT('',(-28.75,27.1,-3.1));
#1017 = LINE('',#1018,#1019);
#1018 = CARTESIAN_POINT('',(-28.75,27.1,0.));
#1019 = VECTOR('',#1020,1.);
#1020 = DIRECTION('',(-0.,-0.,-1.));
#1021 = ORIENTED_EDGE('',*,*,#1022,.T.);
#1022 = EDGE_CURVE('',#1015,#991,#1023,.T.);
#1023 = LINE('',#1024,#1025);
#1024 = CARTESIAN_POINT('',(-28.75,27.1,-3.1));
#1025 = VECTOR('',#1026,1.);
#1026 = DIRECTION('',(1.,0.,0.));
#1027 = ORIENTED_EDGE('',*,*,#990,.F.);
#1028 = ORIENTED_EDGE('',*,*,#310,.F.);
#1029 = PLANE('',#1030);
#1030 = AXIS2_PLACEMENT_3D('',#1031,#1032,#1033);
#1031 = CARTESIAN_POINT('',(-28.75,27.1,0.));
#1032 = DIRECTION('',(0.,-1.,0.));
#1033 = DIRECTION('',(1.,0.,0.));
#1034 = ADVANCED_FACE('',(#1035),#1046,.F.);
#1035 = FACE_BOUND('',#1036,.F.);
#1036 = EDGE_LOOP('',(#1037,#1038,#1044,#1045));
#1037 = ORIENTED_EDGE('',*,*,#927,.T.);
#1038 = ORIENTED_EDGE('',*,*,#1039,.T.);
#1039 = EDGE_CURVE('',#928,#1015,#1040,.T.);
#1040 = LINE('',#1041,#1042);
#1041 = CARTESIAN_POINT('',(-28.75,25.6,-3.1));
#1042 = VECTOR('',#1043,1.);
#1043 = DIRECTION('',(0.,1.,0.));
#1044 = ORIENTED_EDGE('',*,*,#1014,.F.);
#1045 = ORIENTED_EDGE('',*,*,#302,.F.);
#1046 = PLANE('',#1047);
#1047 = AXIS2_PLACEMENT_3D('',#1048,#1049,#1050);
#1048 = CARTESIAN_POINT('',(-28.75,25.6,0.));
#1049 = DIRECTION('',(1.,0.,0.));
#1050 = DIRECTION('',(0.,1.,0.));
#1051 = ADVANCED_FACE('',(#1052),#1070,.T.);
#1052 = FACE_BOUND('',#1053,.T.);
#1053 = EDGE_LOOP('',(#1054,#1055,#1063,#1069));
#1054 = ORIENTED_EDGE('',*,*,#975,.T.);
#1055 = ORIENTED_EDGE('',*,*,#1056,.T.);
#1056 = EDGE_CURVE('',#968,#1057,#1059,.T.);
#1057 = VERTEX_POINT('',#1058);
#1058 = CARTESIAN_POINT('',(-34.05,35.25,-3.1));
#1059 = LINE('',#1060,#1061);
#1060 = CARTESIAN_POINT('',(-34.05,25.6,-3.1));
#1061 = VECTOR('',#1062,1.);
#1062 = DIRECTION('',(0.,1.,0.));
#1063 = ORIENTED_EDGE('',*,*,#1064,.F.);
#1064 = EDGE_CURVE('',#279,#1057,#1065,.T.);
#1065 = LINE('',#1066,#1067);
#1066 = CARTESIAN_POINT('',(-34.05,35.25,0.));
#1067 = VECTOR('',#1068,1.);
#1068 = DIRECTION('',(-0.,-0.,-1.));
#1069 = ORIENTED_EDGE('',*,*,#286,.F.);
#1070 = PLANE('',#1071);
#1071 = AXIS2_PLACEMENT_3D('',#1072,#1073,#1074);
#1072 = CARTESIAN_POINT('',(-34.05,25.6,0.));
#1073 = DIRECTION('',(1.,0.,0.));
#1074 = DIRECTION('',(0.,1.,0.));
#1075 = ADVANCED_FACE('',(#1076),#1094,.T.);
#1076 = FACE_BOUND('',#1077,.T.);
#1077 = EDGE_LOOP('',(#1078,#1079,#1087,#1093));
#1078 = ORIENTED_EDGE('',*,*,#1064,.T.);
#1079 = ORIENTED_EDGE('',*,*,#1080,.T.);
#1080 = EDGE_CURVE('',#1057,#1081,#1083,.T.);
#1081 = VERTEX_POINT('',#1082);
#1082 = CARTESIAN_POINT('',(-32.58654599313,35.25,-3.1));
#1083 = LINE('',#1084,#1085);
#1084 = CARTESIAN_POINT('',(-34.05,35.25,-3.1));
#1085 = VECTOR('',#1086,1.);
#1086 = DIRECTION('',(1.,0.,0.));
#1087 = ORIENTED_EDGE('',*,*,#1088,.F.);
#1088 = EDGE_CURVE('',#270,#1081,#1089,.T.);
#1089 = LINE('',#1090,#1091);
#1090 = CARTESIAN_POINT('',(-32.58654599313,35.25,0.));
#1091 = VECTOR('',#1092,1.);
#1092 = DIRECTION('',(-0.,-0.,-1.));
#1093 = ORIENTED_EDGE('',*,*,#278,.F.);
#1094 = PLANE('',#1095);
#1095 = AXIS2_PLACEMENT_3D('',#1096,#1097,#1098);
#1096 = CARTESIAN_POINT('',(-34.05,35.25,0.));
#1097 = DIRECTION('',(0.,-1.,0.));
#1098 = DIRECTION('',(1.,0.,0.));
#1099 = ADVANCED_FACE('',(#1100),#1135,.F.);
#1100 = FACE_BOUND('',#1101,.T.);
#1101 = EDGE_LOOP('',(#1102,#1111,#1117,#1118,#1125,#1132,#1133,#1134));
#1102 = ORIENTED_EDGE('',*,*,#1103,.F.);
#1103 = EDGE_CURVE('',#1104,#1081,#1106,.T.);
#1104 = VERTEX_POINT('',#1105);
#1105 = CARTESIAN_POINT('',(-31.11345400686,35.25,-3.1));
#1106 = CIRCLE('',#1107,0.95);
#1107 = AXIS2_PLACEMENT_3D('',#1108,#1109,#1110);
#1108 = CARTESIAN_POINT('',(-31.85,34.65,-3.1));
#1109 = DIRECTION('',(0.,0.,1.));
#1110 = DIRECTION('',(1.,0.,0.));
#1111 = ORIENTED_EDGE('',*,*,#1112,.F.);
#1112 = EDGE_CURVE('',#253,#1104,#1113,.T.);
#1113 = LINE('',#1114,#1115);
#1114 = CARTESIAN_POINT('',(-31.11345400686,35.25,0.));
#1115 = VECTOR('',#1116,1.);
#1116 = DIRECTION('',(-0.,-0.,-1.));
#1117 = ORIENTED_EDGE('',*,*,#260,.F.);
#1118 = ORIENTED_EDGE('',*,*,#1119,.F.);
#1119 = EDGE_CURVE('',#1120,#261,#1122,.T.);
#1120 = VERTEX_POINT('',#1121);
#1121 = CARTESIAN_POINT('',(-30.9,34.65,1.8));
#1122 = B_SPLINE_CURVE_WITH_KNOTS('',1,(#1123,#1124),.UNSPECIFIED.,.F.,
  .F.,(2,2),(-1.8,0.),.PIECEWISE_BEZIER_KNOTS.);
#1123 = CARTESIAN_POINT('',(-30.9,34.65,1.8));
#1124 = CARTESIAN_POINT('',(-30.9,34.65,0.));
#1125 = ORIENTED_EDGE('',*,*,#1126,.T.);
#1126 = EDGE_CURVE('',#1120,#1120,#1127,.T.);
#1127 = CIRCLE('',#1128,0.95);
#1128 = AXIS2_PLACEMENT_3D('',#1129,#1130,#1131);
#1129 = CARTESIAN_POINT('',(-31.85,34.65,1.8));
#1130 = DIRECTION('',(0.,0.,1.));
#1131 = DIRECTION('',(1.,0.,0.));
#1132 = ORIENTED_EDGE('',*,*,#1119,.T.);
#1133 = ORIENTED_EDGE('',*,*,#269,.F.);
#1134 = ORIENTED_EDGE('',*,*,#1088,.T.);
#1135 = CYLINDRICAL_SURFACE('',#1136,0.95);
#1136 = AXIS2_PLACEMENT_3D('',#1137,#1138,#1139);
#1137 = CARTESIAN_POINT('',(-31.85,34.65,0.));
#1138 = DIRECTION('',(-0.,-0.,-1.));
#1139 = DIRECTION('',(1.,0.,0.));
#1140 = ADVANCED_FACE('',(#1141),#1159,.T.);
#1141 = FACE_BOUND('',#1142,.T.);
#1142 = EDGE_LOOP('',(#1143,#1144,#1152,#1158));
#1143 = ORIENTED_EDGE('',*,*,#1112,.T.);
#1144 = ORIENTED_EDGE('',*,*,#1145,.T.);
#1145 = EDGE_CURVE('',#1104,#1146,#1148,.T.);
#1146 = VERTEX_POINT('',#1147);
#1147 = CARTESIAN_POINT('',(11.999999999987,35.25,-3.1));
#1148 = LINE('',#1149,#1150);
#1149 = CARTESIAN_POINT('',(-31.11345400686,35.25,-3.1));
#1150 = VECTOR('',#1151,1.);
#1151 = DIRECTION('',(1.,0.,0.));
#1152 = ORIENTED_EDGE('',*,*,#1153,.F.);
#1153 = EDGE_CURVE('',#245,#1146,#1154,.T.);
#1154 = LINE('',#1155,#1156);
#1155 = CARTESIAN_POINT('',(11.999999999987,35.25,0.));
#1156 = VECTOR('',#1157,1.);
#1157 = DIRECTION('',(-0.,-0.,-1.));
#1158 = ORIENTED_EDGE('',*,*,#252,.F.);
#1159 = PLANE('',#1160);
#1160 = AXIS2_PLACEMENT_3D('',#1161,#1162,#1163);
#1161 = CARTESIAN_POINT('',(-31.11345400686,35.25,0.));
#1162 = DIRECTION('',(0.,-1.,0.));
#1163 = DIRECTION('',(1.,0.,0.));
#1164 = ADVANCED_FACE('',(#1165),#1183,.T.);
#1165 = FACE_BOUND('',#1166,.T.);
#1166 = EDGE_LOOP('',(#1167,#1168,#1176,#1182));
#1167 = ORIENTED_EDGE('',*,*,#1153,.T.);
#1168 = ORIENTED_EDGE('',*,*,#1169,.T.);
#1169 = EDGE_CURVE('',#1146,#1170,#1172,.T.);
#1170 = VERTEX_POINT('',#1171);
#1171 = CARTESIAN_POINT('',(11.999999999987,14.25,-3.1));
#1172 = LINE('',#1173,#1174);
#1173 = CARTESIAN_POINT('',(11.999999999987,35.25,-3.1));
#1174 = VECTOR('',#1175,1.);
#1175 = DIRECTION('',(0.,-1.,0.));
#1176 = ORIENTED_EDGE('',*,*,#1177,.F.);
#1177 = EDGE_CURVE('',#237,#1170,#1178,.T.);
#1178 = LINE('',#1179,#1180);
#1179 = CARTESIAN_POINT('',(11.999999999987,14.25,0.));
#1180 = VECTOR('',#1181,1.);
#1181 = DIRECTION('',(-0.,-0.,-1.));
#1182 = ORIENTED_EDGE('',*,*,#244,.F.);
#1183 = PLANE('',#1184);
#1184 = AXIS2_PLACEMENT_3D('',#1185,#1186,#1187);
#1185 = CARTESIAN_POINT('',(11.999999999987,35.25,0.));
#1186 = DIRECTION('',(-1.,0.,0.));
#1187 = DIRECTION('',(0.,-1.,0.));
#1188 = ADVANCED_FACE('',(#1189),#1207,.F.);
#1189 = FACE_BOUND('',#1190,.F.);
#1190 = EDGE_LOOP('',(#1191,#1199,#1205,#1206));
#1191 = ORIENTED_EDGE('',*,*,#1192,.T.);
#1192 = EDGE_CURVE('',#229,#1193,#1195,.T.);
#1193 = VERTEX_POINT('',#1194);
#1194 = CARTESIAN_POINT('',(13.499999999987,14.25,-3.1));
#1195 = LINE('',#1196,#1197);
#1196 = CARTESIAN_POINT('',(13.499999999987,14.25,0.));
#1197 = VECTOR('',#1198,1.);
#1198 = DIRECTION('',(-0.,-0.,-1.));
#1199 = ORIENTED_EDGE('',*,*,#1200,.T.);
#1200 = EDGE_CURVE('',#1193,#1170,#1201,.T.);
#1201 = LINE('',#1202,#1203);
#1202 = CARTESIAN_POINT('',(13.499999999987,14.25,-3.1));
#1203 = VECTOR('',#1204,1.);
#1204 = DIRECTION('',(-1.,0.,0.));
#1205 = ORIENTED_EDGE('',*,*,#1177,.F.);
#1206 = ORIENTED_EDGE('',*,*,#236,.F.);
#1207 = PLANE('',#1208);
#1208 = AXIS2_PLACEMENT_3D('',#1209,#1210,#1211);
#1209 = CARTESIAN_POINT('',(13.499999999987,14.25,0.));
#1210 = DIRECTION('',(0.,1.,0.));
#1211 = DIRECTION('',(-1.,0.,0.));
#1212 = ADVANCED_FACE('',(#1213),#1231,.F.);
#1213 = FACE_BOUND('',#1214,.F.);
#1214 = EDGE_LOOP('',(#1215,#1223,#1229,#1230));
#1215 = ORIENTED_EDGE('',*,*,#1216,.T.);
#1216 = EDGE_CURVE('',#221,#1217,#1219,.T.);
#1217 = VERTEX_POINT('',#1218);
#1218 = CARTESIAN_POINT('',(13.499999999987,36.75,-3.1));
#1219 = LINE('',#1220,#1221);
#1220 = CARTESIAN_POINT('',(13.499999999987,36.75,0.));
#1221 = VECTOR('',#1222,1.);
#1222 = DIRECTION('',(-0.,-0.,-1.));
#1223 = ORIENTED_EDGE('',*,*,#1224,.T.);
#1224 = EDGE_CURVE('',#1217,#1193,#1225,.T.);
#1225 = LINE('',#1226,#1227);
#1226 = CARTESIAN_POINT('',(13.499999999987,36.75,-3.1));
#1227 = VECTOR('',#1228,1.);
#1228 = DIRECTION('',(0.,-1.,0.));
#1229 = ORIENTED_EDGE('',*,*,#1192,.F.);
#1230 = ORIENTED_EDGE('',*,*,#228,.F.);
#1231 = PLANE('',#1232);
#1232 = AXIS2_PLACEMENT_3D('',#1233,#1234,#1235);
#1233 = CARTESIAN_POINT('',(13.499999999987,36.75,0.));
#1234 = DIRECTION('',(-1.,0.,0.));
#1235 = DIRECTION('',(0.,-1.,0.));
#1236 = ADVANCED_FACE('',(#1237),#1255,.F.);
#1237 = FACE_BOUND('',#1238,.F.);
#1238 = EDGE_LOOP('',(#1239,#1240,#1248,#1254));
#1239 = ORIENTED_EDGE('',*,*,#220,.F.);
#1240 = ORIENTED_EDGE('',*,*,#1241,.T.);
#1241 = EDGE_CURVE('',#213,#1242,#1244,.T.);
#1242 = VERTEX_POINT('',#1243);
#1243 = CARTESIAN_POINT('',(-27.15,36.75,-3.1));
#1244 = LINE('',#1245,#1246);
#1245 = CARTESIAN_POINT('',(-27.15,36.75,0.));
#1246 = VECTOR('',#1247,1.);
#1247 = DIRECTION('',(-0.,-0.,-1.));
#1248 = ORIENTED_EDGE('',*,*,#1249,.T.);
#1249 = EDGE_CURVE('',#1242,#1217,#1250,.T.);
#1250 = LINE('',#1251,#1252);
#1251 = CARTESIAN_POINT('',(-36.05,36.75,-3.1));
#1252 = VECTOR('',#1253,1.);
#1253 = DIRECTION('',(1.,0.,0.));
#1254 = ORIENTED_EDGE('',*,*,#1216,.F.);
#1255 = PLANE('',#1256);
#1256 = AXIS2_PLACEMENT_3D('',#1257,#1258,#1259);
#1257 = CARTESIAN_POINT('',(-36.05,36.75,0.));
#1258 = DIRECTION('',(0.,-1.,0.));
#1259 = DIRECTION('',(1.,0.,0.));
#1260 = ADVANCED_FACE('',(#1261),#1287,.T.);
#1261 = FACE_BOUND('',#1262,.T.);
#1262 = EDGE_LOOP('',(#1263,#1264,#1272,#1280,#1286));
#1263 = ORIENTED_EDGE('',*,*,#1241,.T.);
#1264 = ORIENTED_EDGE('',*,*,#1265,.T.);
#1265 = EDGE_CURVE('',#1242,#1266,#1268,.T.);
#1266 = VERTEX_POINT('',#1267);
#1267 = CARTESIAN_POINT('',(-27.15,36.75,-6.6));
#1268 = LINE('',#1269,#1270);
#1269 = CARTESIAN_POINT('',(-27.15,36.75,0.));
#1270 = VECTOR('',#1271,1.);
#1271 = DIRECTION('',(-0.,-0.,-1.));
#1272 = ORIENTED_EDGE('',*,*,#1273,.T.);
#1273 = EDGE_CURVE('',#1266,#1274,#1276,.T.);
#1274 = VERTEX_POINT('',#1275);
#1275 = CARTESIAN_POINT('',(-27.15,45.65,-6.6));
#1276 = LINE('',#1277,#1278);
#1277 = CARTESIAN_POINT('',(-27.15,36.75,-6.6));
#1278 = VECTOR('',#1279,1.);
#1279 = DIRECTION('',(0.,1.,0.));
#1280 = ORIENTED_EDGE('',*,*,#1281,.F.);
#1281 = EDGE_CURVE('',#205,#1274,#1282,.T.);
#1282 = LINE('',#1283,#1284);
#1283 = CARTESIAN_POINT('',(-27.15,45.65,0.));
#1284 = VECTOR('',#1285,1.);
#1285 = DIRECTION('',(-0.,-0.,-1.));
#1286 = ORIENTED_EDGE('',*,*,#212,.F.);
#1287 = PLANE('',#1288);
#1288 = AXIS2_PLACEMENT_3D('',#1289,#1290,#1291);
#1289 = CARTESIAN_POINT('',(-27.15,36.75,0.));
#1290 = DIRECTION('',(1.,0.,0.));
#1291 = DIRECTION('',(0.,1.,0.));
#1292 = ADVANCED_FACE('',(#1293),#1318,.T.);
#1293 = FACE_BOUND('',#1294,.T.);
#1294 = EDGE_LOOP('',(#1295,#1303,#1311,#1317));
#1295 = ORIENTED_EDGE('',*,*,#1296,.T.);
#1296 = EDGE_CURVE('',#205,#1297,#1299,.T.);
#1297 = VERTEX_POINT('',#1298);
#1298 = CARTESIAN_POINT('',(-27.15,45.65,1.8));
#1299 = LINE('',#1300,#1301);
#1300 = CARTESIAN_POINT('',(-27.15,45.65,0.));
#1301 = VECTOR('',#1302,1.);
#1302 = DIRECTION('',(0.,0.,1.));
#1303 = ORIENTED_EDGE('',*,*,#1304,.T.);
#1304 = EDGE_CURVE('',#1297,#1305,#1307,.T.);
#1305 = VERTEX_POINT('',#1306);
#1306 = CARTESIAN_POINT('',(27.15,45.65,1.8));
#1307 = LINE('',#1308,#1309);
#1308 = CARTESIAN_POINT('',(-27.15,45.65,1.8));
#1309 = VECTOR('',#1310,1.);
#1310 = DIRECTION('',(1.,0.,0.));
#1311 = ORIENTED_EDGE('',*,*,#1312,.F.);
#1312 = EDGE_CURVE('',#196,#1305,#1313,.T.);
#1313 = LINE('',#1314,#1315);
#1314 = CARTESIAN_POINT('',(27.15,45.65,0.));
#1315 = VECTOR('',#1316,1.);
#1316 = DIRECTION('',(0.,0.,1.));
#1317 = ORIENTED_EDGE('',*,*,#204,.F.);
#1318 = PLANE('',#1319);
#1319 = AXIS2_PLACEMENT_3D('',#1320,#1321,#1322);
#1320 = CARTESIAN_POINT('',(-27.15,45.65,0.));
#1321 = DIRECTION('',(0.,1.,0.));
#1322 = DIRECTION('',(1.,0.,0.));
#1323 = ADVANCED_FACE('',(#1324),#1367,.T.);
#1324 = FACE_BOUND('',#1325,.T.);
#1325 = EDGE_LOOP('',(#1326,#1337,#1343,#1344,#1345,#1354,#1360,#1361));
#1326 = ORIENTED_EDGE('',*,*,#1327,.T.);
#1327 = EDGE_CURVE('',#1328,#1330,#1332,.T.);
#1328 = VERTEX_POINT('',#1329);
#1329 = CARTESIAN_POINT('',(35.635248427778,39.435248427778,-6.6));
#1330 = VERTEX_POINT('',#1331);
#1331 = CARTESIAN_POINT('',(29.835248427778,45.235248427778,-6.6));
#1332 = CIRCLE('',#1333,8.9);
#1333 = AXIS2_PLACEMENT_3D('',#1334,#1335,#1336);
#1334 = CARTESIAN_POINT('',(27.15,36.75,-6.6));
#1335 = DIRECTION('',(0.,0.,1.));
#1336 = DIRECTION('',(1.,0.,0.));
#1337 = ORIENTED_EDGE('',*,*,#1338,.F.);
#1338 = EDGE_CURVE('',#188,#1330,#1339,.T.);
#1339 = LINE('',#1340,#1341);
#1340 = CARTESIAN_POINT('',(29.835248427778,45.235248427778,0.));
#1341 = VECTOR('',#1342,1.);
#1342 = DIRECTION('',(-0.,-0.,-1.));
#1343 = ORIENTED_EDGE('',*,*,#195,.F.);
#1344 = ORIENTED_EDGE('',*,*,#1312,.T.);
#1345 = ORIENTED_EDGE('',*,*,#1346,.T.);
#1346 = EDGE_CURVE('',#1305,#1347,#1349,.T.);
#1347 = VERTEX_POINT('',#1348);
#1348 = CARTESIAN_POINT('',(36.05,36.75,1.8));
#1349 = CIRCLE('',#1350,8.9);
#1350 = AXIS2_PLACEMENT_3D('',#1351,#1352,#1353);
#1351 = CARTESIAN_POINT('',(27.15,36.75,1.8));
#1352 = DIRECTION('',(0.,0.,-1.));
#1353 = DIRECTION('',(-1.,0.,0.));
#1354 = ORIENTED_EDGE('',*,*,#1355,.F.);
#1355 = EDGE_CURVE('',#131,#1347,#1356,.T.);
#1356 = LINE('',#1357,#1358);
#1357 = CARTESIAN_POINT('',(36.05,36.75,0.));
#1358 = VECTOR('',#1359,1.);
#1359 = DIRECTION('',(0.,0.,1.));
#1360 = ORIENTED_EDGE('',*,*,#138,.F.);
#1361 = ORIENTED_EDGE('',*,*,#1362,.T.);
#1362 = EDGE_CURVE('',#139,#1328,#1363,.T.);
#1363 = LINE('',#1364,#1365);
#1364 = CARTESIAN_POINT('',(35.635248427778,39.435248427778,0.));
#1365 = VECTOR('',#1366,1.);
#1366 = DIRECTION('',(-0.,-0.,-1.));
#1367 = CYLINDRICAL_SURFACE('',#1368,8.9);
#1368 = AXIS2_PLACEMENT_3D('',#1369,#1370,#1371);
#1369 = CARTESIAN_POINT('',(27.15,36.75,0.));
#1370 = DIRECTION('',(0.,0.,-1.));
#1371 = DIRECTION('',(-1.,0.,0.));
#1372 = ADVANCED_FACE('',(#1373),#1407,.T.);
#1373 = FACE_BOUND('',#1374,.T.);
#1374 = EDGE_LOOP('',(#1375,#1376,#1377,#1385,#1393,#1401));
#1375 = ORIENTED_EDGE('',*,*,#187,.F.);
#1376 = ORIENTED_EDGE('',*,*,#1338,.T.);
#1377 = ORIENTED_EDGE('',*,*,#1378,.T.);
#1378 = EDGE_CURVE('',#1330,#1379,#1381,.T.);
#1379 = VERTEX_POINT('',#1380);
#1380 = CARTESIAN_POINT('',(29.835248427778,39.435248427778,-6.6));
#1381 = LINE('',#1382,#1383);
#1382 = CARTESIAN_POINT('',(29.835248427778,45.235248427778,-6.6));
#1383 = VECTOR('',#1384,1.);
#1384 = DIRECTION('',(0.,-1.,0.));
#1385 = ORIENTED_EDGE('',*,*,#1386,.F.);
#1386 = EDGE_CURVE('',#1387,#1379,#1389,.T.);
#1387 = VERTEX_POINT('',#1388);
#1388 = CARTESIAN_POINT('',(29.835248427778,39.435248427778,-5.4));
#1389 = LINE('',#1390,#1391);
#1390 = CARTESIAN_POINT('',(29.835248427778,39.435248427778,0.));
#1391 = VECTOR('',#1392,1.);
#1392 = DIRECTION('',(-0.,-0.,-1.));
#1393 = ORIENTED_EDGE('',*,*,#1394,.T.);
#1394 = EDGE_CURVE('',#1387,#1395,#1397,.T.);
#1395 = VERTEX_POINT('',#1396);
#1396 = CARTESIAN_POINT('',(29.835248427778,42.35,-5.4));
#1397 = LINE('',#1398,#1399);
#1398 = CARTESIAN_POINT('',(29.835248427778,42.917624213889,-5.4));
#1399 = VECTOR('',#1400,1.);
#1400 = DIRECTION('',(0.,1.,0.));
#1401 = ORIENTED_EDGE('',*,*,#1402,.F.);
#1402 = EDGE_CURVE('',#180,#1395,#1403,.T.);
#1403 = LINE('',#1404,#1405);
#1404 = CARTESIAN_POINT('',(29.835248427778,42.35,0.));
#1405 = VECTOR('',#1406,1.);
#1406 = DIRECTION('',(0.,0.,-1.));
#1407 = PLANE('',#1408);
#1408 = AXIS2_PLACEMENT_3D('',#1409,#1410,#1411);
#1409 = CARTESIAN_POINT('',(29.835248427778,45.235248427778,0.));
#1410 = DIRECTION('',(-1.,0.,0.));
#1411 = DIRECTION('',(0.,-1.,0.));
#1412 = ADVANCED_FACE('',(#1413),#1431,.T.);
#1413 = FACE_BOUND('',#1414,.T.);
#1414 = EDGE_LOOP('',(#1415,#1416,#1417,#1425));
#1415 = ORIENTED_EDGE('',*,*,#179,.F.);
#1416 = ORIENTED_EDGE('',*,*,#1402,.T.);
#1417 = ORIENTED_EDGE('',*,*,#1418,.T.);
#1418 = EDGE_CURVE('',#1395,#1419,#1421,.T.);
#1419 = VERTEX_POINT('',#1420);
#1420 = CARTESIAN_POINT('',(24.9,42.35,-5.4));
#1421 = LINE('',#1422,#1423);
#1422 = CARTESIAN_POINT('',(29.9,42.35,-5.4));
#1423 = VECTOR('',#1424,1.);
#1424 = DIRECTION('',(-1.,0.,0.));
#1425 = ORIENTED_EDGE('',*,*,#1426,.F.);
#1426 = EDGE_CURVE('',#172,#1419,#1427,.T.);
#1427 = LINE('',#1428,#1429);
#1428 = CARTESIAN_POINT('',(24.9,42.35,0.));
#1429 = VECTOR('',#1430,1.);
#1430 = DIRECTION('',(-0.,-0.,-1.));
#1431 = PLANE('',#1432);
#1432 = AXIS2_PLACEMENT_3D('',#1433,#1434,#1435);
#1433 = CARTESIAN_POINT('',(29.9,42.35,0.));
#1434 = DIRECTION('',(0.,1.,0.));
#1435 = DIRECTION('',(-1.,0.,0.));
#1436 = ADVANCED_FACE('',(#1437),#1455,.T.);
#1437 = FACE_BOUND('',#1438,.T.);
#1438 = EDGE_LOOP('',(#1439,#1440,#1448,#1454));
#1439 = ORIENTED_EDGE('',*,*,#1426,.T.);
#1440 = ORIENTED_EDGE('',*,*,#1441,.T.);
#1441 = EDGE_CURVE('',#1419,#1442,#1444,.T.);
#1442 = VERTEX_POINT('',#1443);
#1443 = CARTESIAN_POINT('',(24.9,38.85,-5.4));
#1444 = LINE('',#1445,#1446);
#1445 = CARTESIAN_POINT('',(24.9,42.35,-5.4));
#1446 = VECTOR('',#1447,1.);
#1447 = DIRECTION('',(0.,-1.,0.));
#1448 = ORIENTED_EDGE('',*,*,#1449,.F.);
#1449 = EDGE_CURVE('',#164,#1442,#1450,.T.);
#1450 = LINE('',#1451,#1452);
#1451 = CARTESIAN_POINT('',(24.9,38.85,0.));
#1452 = VECTOR('',#1453,1.);
#1453 = DIRECTION('',(-0.,-0.,-1.));
#1454 = ORIENTED_EDGE('',*,*,#171,.F.);
#1455 = PLANE('',#1456);
#1456 = AXIS2_PLACEMENT_3D('',#1457,#1458,#1459);
#1457 = CARTESIAN_POINT('',(24.9,42.35,0.));
#1458 = DIRECTION('',(-1.,0.,0.));
#1459 = DIRECTION('',(0.,-1.,0.));
#1460 = ADVANCED_FACE('',(#1461),#1479,.T.);
#1461 = FACE_BOUND('',#1462,.T.);
#1462 = EDGE_LOOP('',(#1463,#1464,#1472,#1478));
#1463 = ORIENTED_EDGE('',*,*,#1449,.T.);
#1464 = ORIENTED_EDGE('',*,*,#1465,.T.);
#1465 = EDGE_CURVE('',#1442,#1466,#1468,.T.);
#1466 = VERTEX_POINT('',#1467);
#1467 = CARTESIAN_POINT('',(29.9,38.85,-5.4));
#1468 = LINE('',#1469,#1470);
#1469 = CARTESIAN_POINT('',(24.9,38.85,-5.4));
#1470 = VECTOR('',#1471,1.);
#1471 = DIRECTION('',(1.,0.,0.));
#1472 = ORIENTED_EDGE('',*,*,#1473,.F.);
#1473 = EDGE_CURVE('',#156,#1466,#1474,.T.);
#1474 = LINE('',#1475,#1476);
#1475 = CARTESIAN_POINT('',(29.9,38.85,0.));
#1476 = VECTOR('',#1477,1.);
#1477 = DIRECTION('',(-0.,-0.,-1.));
#1478 = ORIENTED_EDGE('',*,*,#163,.F.);
#1479 = PLANE('',#1480);
#1480 = AXIS2_PLACEMENT_3D('',#1481,#1482,#1483);
#1481 = CARTESIAN_POINT('',(24.9,38.85,0.));
#1482 = DIRECTION('',(0.,-1.,0.));
#1483 = DIRECTION('',(1.,0.,0.));
#1484 = ADVANCED_FACE('',(#1485),#1503,.T.);
#1485 = FACE_BOUND('',#1486,.T.);
#1486 = EDGE_LOOP('',(#1487,#1488,#1489,#1497));
#1487 = ORIENTED_EDGE('',*,*,#155,.F.);
#1488 = ORIENTED_EDGE('',*,*,#1473,.T.);
#1489 = ORIENTED_EDGE('',*,*,#1490,.T.);
#1490 = EDGE_CURVE('',#1466,#1491,#1493,.T.);
#1491 = VERTEX_POINT('',#1492);
#1492 = CARTESIAN_POINT('',(29.9,39.435248427778,-5.4));
#1493 = LINE('',#1494,#1495);
#1494 = CARTESIAN_POINT('',(29.9,38.85,-5.4));
#1495 = VECTOR('',#1496,1.);
#1496 = DIRECTION('',(0.,1.,0.));
#1497 = ORIENTED_EDGE('',*,*,#1498,.T.);
#1498 = EDGE_CURVE('',#1491,#148,#1499,.T.);
#1499 = LINE('',#1500,#1501);
#1500 = CARTESIAN_POINT('',(29.9,39.435248427778,0.));
#1501 = VECTOR('',#1502,1.);
#1502 = DIRECTION('',(0.,0.,1.));
#1503 = PLANE('',#1504);
#1504 = AXIS2_PLACEMENT_3D('',#1505,#1506,#1507);
#1505 = CARTESIAN_POINT('',(29.9,38.85,0.));
#1506 = DIRECTION('',(1.,0.,0.));
#1507 = DIRECTION('',(0.,1.,0.));
#1508 = ADVANCED_FACE('',(#1509),#1527,.T.);
#1509 = FACE_BOUND('',#1510,.T.);
#1510 = EDGE_LOOP('',(#1511,#1517,#1518,#1524,#1525,#1526));
#1511 = ORIENTED_EDGE('',*,*,#1512,.T.);
#1512 = EDGE_CURVE('',#1491,#1387,#1513,.T.);
#1513 = LINE('',#1514,#1515);
#1514 = CARTESIAN_POINT('',(28.617624213889,39.435248427778,-5.4));
#1515 = VECTOR('',#1516,1.);
#1516 = DIRECTION('',(-1.,0.,0.));
#1517 = ORIENTED_EDGE('',*,*,#1386,.T.);
#1518 = ORIENTED_EDGE('',*,*,#1519,.T.);
#1519 = EDGE_CURVE('',#1379,#1328,#1520,.T.);
#1520 = LINE('',#1521,#1522);
#1521 = CARTESIAN_POINT('',(29.835248427778,39.435248427778,-6.6));
#1522 = VECTOR('',#1523,1.);
#1523 = DIRECTION('',(1.,0.,0.));
#1524 = ORIENTED_EDGE('',*,*,#1362,.F.);
#1525 = ORIENTED_EDGE('',*,*,#147,.F.);
#1526 = ORIENTED_EDGE('',*,*,#1498,.F.);
#1527 = PLANE('',#1528);
#1528 = AXIS2_PLACEMENT_3D('',#1529,#1530,#1531);
#1529 = CARTESIAN_POINT('',(29.835248427778,39.435248427778,0.));
#1530 = DIRECTION('',(0.,-1.,0.));
#1531 = DIRECTION('',(1.,0.,0.));
#1532 = ADVANCED_FACE('',(#1533),#1551,.T.);
#1533 = FACE_BOUND('',#1534,.T.);
#1534 = EDGE_LOOP('',(#1535,#1536,#1537,#1545));
#1535 = ORIENTED_EDGE('',*,*,#130,.F.);
#1536 = ORIENTED_EDGE('',*,*,#1355,.T.);
#1537 = ORIENTED_EDGE('',*,*,#1538,.T.);
#1538 = EDGE_CURVE('',#1347,#1539,#1541,.T.);
#1539 = VERTEX_POINT('',#1540);
#1540 = CARTESIAN_POINT('',(36.05,21.,1.8));
#1541 = LINE('',#1542,#1543);
#1542 = CARTESIAN_POINT('',(36.05,36.75,1.8));
#1543 = VECTOR('',#1544,1.);
#1544 = DIRECTION('',(0.,-1.,0.));
#1545 = ORIENTED_EDGE('',*,*,#1546,.T.);
#1546 = EDGE_CURVE('',#1539,#123,#1547,.T.);
#1547 = LINE('',#1548,#1549);
#1548 = CARTESIAN_POINT('',(36.05,21.,1.8));
#1549 = VECTOR('',#1550,1.);
#1550 = DIRECTION('',(-0.,-0.,-1.));
#1551 = PLANE('',#1552);
#1552 = AXIS2_PLACEMENT_3D('',#1553,#1554,#1555);
#1553 = CARTESIAN_POINT('',(36.05,36.75,0.));
#1554 = DIRECTION('',(1.,0.,0.));
#1555 = DIRECTION('',(0.,-1.,0.));
#1556 = ADVANCED_FACE('',(#1557),#1575,.F.);
#1557 = FACE_BOUND('',#1558,.F.);
#1558 = EDGE_LOOP('',(#1559,#1560,#1561,#1569));
#1559 = ORIENTED_EDGE('',*,*,#1546,.T.);
#1560 = ORIENTED_EDGE('',*,*,#122,.T.);
#1561 = ORIENTED_EDGE('',*,*,#1562,.F.);
#1562 = EDGE_CURVE('',#1563,#115,#1565,.T.);
#1563 = VERTEX_POINT('',#1564);
#1564 = CARTESIAN_POINT('',(34.55,21.,1.8));
#1565 = LINE('',#1566,#1567);
#1566 = CARTESIAN_POINT('',(34.55,21.,1.8));
#1567 = VECTOR('',#1568,1.);
#1568 = DIRECTION('',(-0.,-0.,-1.));
#1569 = ORIENTED_EDGE('',*,*,#1570,.F.);
#1570 = EDGE_CURVE('',#1539,#1563,#1571,.T.);
#1571 = LINE('',#1572,#1573);
#1572 = CARTESIAN_POINT('',(36.05,21.,1.8));
#1573 = VECTOR('',#1574,1.);
#1574 = DIRECTION('',(-1.,0.,0.));
#1575 = PLANE('',#1576);
#1576 = AXIS2_PLACEMENT_3D('',#1577,#1578,#1579);
#1577 = CARTESIAN_POINT('',(36.05,21.,1.8));
#1578 = DIRECTION('',(0.,1.,0.));
#1579 = DIRECTION('',(-1.,0.,0.));
#1580 = ADVANCED_FACE('',(#1581),#1599,.F.);
#1581 = FACE_BOUND('',#1582,.F.);
#1582 = EDGE_LOOP('',(#1583,#1584,#1585,#1593));
#1583 = ORIENTED_EDGE('',*,*,#1562,.T.);
#1584 = ORIENTED_EDGE('',*,*,#114,.T.);
#1585 = ORIENTED_EDGE('',*,*,#1586,.F.);
#1586 = EDGE_CURVE('',#1587,#107,#1589,.T.);
#1587 = VERTEX_POINT('',#1588);
#1588 = CARTESIAN_POINT('',(34.55,3.,1.8));
#1589 = LINE('',#1590,#1591);
#1590 = CARTESIAN_POINT('',(34.55,3.,1.8));
#1591 = VECTOR('',#1592,1.);
#1592 = DIRECTION('',(-0.,-0.,-1.));
#1593 = ORIENTED_EDGE('',*,*,#1594,.F.);
#1594 = EDGE_CURVE('',#1563,#1587,#1595,.T.);
#1595 = LINE('',#1596,#1597);
#1596 = CARTESIAN_POINT('',(34.55,21.,1.8));
#1597 = VECTOR('',#1598,1.);
#1598 = DIRECTION('',(0.,-1.,0.));
#1599 = PLANE('',#1600);
#1600 = AXIS2_PLACEMENT_3D('',#1601,#1602,#1603);
#1601 = CARTESIAN_POINT('',(34.55,21.,1.8));
#1602 = DIRECTION('',(-1.,0.,0.));
#1603 = DIRECTION('',(0.,-1.,0.));
#1604 = ADVANCED_FACE('',(#1605),#1623,.F.);
#1605 = FACE_BOUND('',#1606,.F.);
#1606 = EDGE_LOOP('',(#1607,#1608,#1609,#1617));
#1607 = ORIENTED_EDGE('',*,*,#1586,.T.);
#1608 = ORIENTED_EDGE('',*,*,#106,.T.);
#1609 = ORIENTED_EDGE('',*,*,#1610,.F.);
#1610 = EDGE_CURVE('',#1611,#99,#1613,.T.);
#1611 = VERTEX_POINT('',#1612);
#1612 = CARTESIAN_POINT('',(36.05,3.,1.8));
#1613 = LINE('',#1614,#1615);
#1614 = CARTESIAN_POINT('',(36.05,3.,1.8));
#1615 = VECTOR('',#1616,1.);
#1616 = DIRECTION('',(-0.,-0.,-1.));
#1617 = ORIENTED_EDGE('',*,*,#1618,.F.);
#1618 = EDGE_CURVE('',#1587,#1611,#1619,.T.);
#1619 = LINE('',#1620,#1621);
#1620 = CARTESIAN_POINT('',(34.55,3.,1.8));
#1621 = VECTOR('',#1622,1.);
#1622 = DIRECTION('',(1.,0.,0.));
#1623 = PLANE('',#1624);
#1624 = AXIS2_PLACEMENT_3D('',#1625,#1626,#1627);
#1625 = CARTESIAN_POINT('',(34.55,3.,1.8));
#1626 = DIRECTION('',(0.,-1.,0.));
#1627 = DIRECTION('',(1.,0.,0.));
#1628 = ADVANCED_FACE('',(#1629),#1647,.T.);
#1629 = FACE_BOUND('',#1630,.T.);
#1630 = EDGE_LOOP('',(#1631,#1632,#1633,#1641));
#1631 = ORIENTED_EDGE('',*,*,#98,.F.);
#1632 = ORIENTED_EDGE('',*,*,#1610,.F.);
#1633 = ORIENTED_EDGE('',*,*,#1634,.T.);
#1634 = EDGE_CURVE('',#1611,#1635,#1637,.T.);
#1635 = VERTEX_POINT('',#1636);
#1636 = CARTESIAN_POINT('',(36.05,-36.75,1.8));
#1637 = LINE('',#1638,#1639);
#1638 = CARTESIAN_POINT('',(36.05,36.75,1.8));
#1639 = VECTOR('',#1640,1.);
#1640 = DIRECTION('',(0.,-1.,0.));
#1641 = ORIENTED_EDGE('',*,*,#1642,.F.);
#1642 = EDGE_CURVE('',#90,#1635,#1643,.T.);
#1643 = LINE('',#1644,#1645);
#1644 = CARTESIAN_POINT('',(36.05,-36.75,0.));
#1645 = VECTOR('',#1646,1.);
#1646 = DIRECTION('',(0.,0.,1.));
#1647 = PLANE('',#1648);
#1648 = AXIS2_PLACEMENT_3D('',#1649,#1650,#1651);
#1649 = CARTESIAN_POINT('',(36.05,36.75,0.));
#1650 = DIRECTION('',(1.,0.,0.));
#1651 = DIRECTION('',(0.,-1.,0.));
#1652 = ADVANCED_FACE('',(#1653),#1695,.T.);
#1653 = FACE_BOUND('',#1654,.T.);
#1654 = EDGE_LOOP('',(#1655,#1666,#1672,#1673,#1674,#1683,#1689));
#1655 = ORIENTED_EDGE('',*,*,#1656,.T.);
#1656 = EDGE_CURVE('',#1657,#1659,#1661,.T.);
#1657 = VERTEX_POINT('',#1658);
#1658 = CARTESIAN_POINT('',(27.15,-45.65,-6.6));
#1659 = VERTEX_POINT('',#1660);
#1660 = CARTESIAN_POINT('',(34.908891673429,-41.11,-6.6));
#1661 = CIRCLE('',#1662,8.9);
#1662 = AXIS2_PLACEMENT_3D('',#1663,#1664,#1665);
#1663 = CARTESIAN_POINT('',(27.15,-36.75,-6.6));
#1664 = DIRECTION('',(0.,0.,1.));
#1665 = DIRECTION('',(1.,0.,0.));
#1666 = ORIENTED_EDGE('',*,*,#1667,.F.);
#1667 = EDGE_CURVE('',#82,#1659,#1668,.T.);
#1668 = LINE('',#1669,#1670);
#1669 = CARTESIAN_POINT('',(34.908891673429,-41.11,0.));
#1670 = VECTOR('',#1671,1.);
#1671 = DIRECTION('',(-0.,-0.,-1.));
#1672 = ORIENTED_EDGE('',*,*,#89,.F.);
#1673 = ORIENTED_EDGE('',*,*,#1642,.T.);
#1674 = ORIENTED_EDGE('',*,*,#1675,.T.);
#1675 = EDGE_CURVE('',#1635,#1676,#1678,.T.);
#1676 = VERTEX_POINT('',#1677);
#1677 = CARTESIAN_POINT('',(27.15,-45.65,1.8));
#1678 = CIRCLE('',#1679,8.9);
#1679 = AXIS2_PLACEMENT_3D('',#1680,#1681,#1682);
#1680 = CARTESIAN_POINT('',(27.15,-36.75,1.8));
#1681 = DIRECTION('',(0.,0.,-1.));
#1682 = DIRECTION('',(-1.,0.,0.));
#1683 = ORIENTED_EDGE('',*,*,#1684,.F.);
#1684 = EDGE_CURVE('',#49,#1676,#1685,.T.);
#1685 = LINE('',#1686,#1687);
#1686 = CARTESIAN_POINT('',(27.15,-45.65,0.));
#1687 = VECTOR('',#1688,1.);
#1688 = DIRECTION('',(0.,0.,1.));
#1689 = ORIENTED_EDGE('',*,*,#1690,.T.);
#1690 = EDGE_CURVE('',#49,#1657,#1691,.T.);
#1691 = LINE('',#1692,#1693);
#1692 = CARTESIAN_POINT('',(27.15,-45.65,0.));
#1693 = VECTOR('',#1694,1.);
#1694 = DIRECTION('',(-0.,-0.,-1.));
#1695 = CYLINDRICAL_SURFACE('',#1696,8.9);
#1696 = AXIS2_PLACEMENT_3D('',#1697,#1698,#1699);
#1697 = CARTESIAN_POINT('',(27.15,-36.75,0.));
#1698 = DIRECTION('',(0.,0.,-1.));
#1699 = DIRECTION('',(-1.,0.,0.));
#1700 = ADVANCED_FACE('',(#1701),#1719,.T.);
#1701 = FACE_BOUND('',#1702,.T.);
#1702 = EDGE_LOOP('',(#1703,#1704,#1712,#1718));
#1703 = ORIENTED_EDGE('',*,*,#1667,.T.);
#1704 = ORIENTED_EDGE('',*,*,#1705,.T.);
#1705 = EDGE_CURVE('',#1659,#1706,#1708,.T.);
#1706 = VERTEX_POINT('',#1707);
#1707 = CARTESIAN_POINT('',(33.554703901065,-41.11,-6.6));
#1708 = LINE('',#1709,#1710);
#1709 = CARTESIAN_POINT('',(34.908891673429,-41.11,-6.6));
#1710 = VECTOR('',#1711,1.);
#1711 = DIRECTION('',(-1.,0.,0.));
#1712 = ORIENTED_EDGE('',*,*,#1713,.F.);
#1713 = EDGE_CURVE('',#73,#1706,#1714,.T.);
#1714 = LINE('',#1715,#1716);
#1715 = CARTESIAN_POINT('',(33.554703901065,-41.11,0.));
#1716 = VECTOR('',#1717,1.);
#1717 = DIRECTION('',(-0.,-0.,-1.));
#1718 = ORIENTED_EDGE('',*,*,#81,.F.);
#1719 = PLANE('',#1720);
#1720 = AXIS2_PLACEMENT_3D('',#1721,#1722,#1723);
#1721 = CARTESIAN_POINT('',(34.908891673429,-41.11,0.));
#1722 = DIRECTION('',(0.,1.,0.));
#1723 = DIRECTION('',(-1.,0.,0.));
#1724 = ADVANCED_FACE('',(#1725),#1744,.T.);
#1725 = FACE_BOUND('',#1726,.T.);
#1726 = EDGE_LOOP('',(#1727,#1728,#1737,#1743));
#1727 = ORIENTED_EDGE('',*,*,#1713,.T.);
#1728 = ORIENTED_EDGE('',*,*,#1729,.T.);
#1729 = EDGE_CURVE('',#1706,#1730,#1732,.T.);
#1730 = VERTEX_POINT('',#1731);
#1731 = CARTESIAN_POINT('',(30.809296098935,-41.11,-6.6));
#1732 = CIRCLE('',#1733,1.6);
#1733 = AXIS2_PLACEMENT_3D('',#1734,#1735,#1736);
#1734 = CARTESIAN_POINT('',(32.182,-41.932,-6.6));
#1735 = DIRECTION('',(0.,0.,1.));
#1736 = DIRECTION('',(1.,0.,0.));
#1737 = ORIENTED_EDGE('',*,*,#1738,.F.);
#1738 = EDGE_CURVE('',#65,#1730,#1739,.T.);
#1739 = LINE('',#1740,#1741);
#1740 = CARTESIAN_POINT('',(30.809296098935,-41.11,0.));
#1741 = VECTOR('',#1742,1.);
#1742 = DIRECTION('',(-0.,-0.,-1.));
#1743 = ORIENTED_EDGE('',*,*,#72,.F.);
#1744 = CYLINDRICAL_SURFACE('',#1745,1.6);
#1745 = AXIS2_PLACEMENT_3D('',#1746,#1747,#1748);
#1746 = CARTESIAN_POINT('',(32.182,-41.932,0.));
#1747 = DIRECTION('',(0.,0.,1.));
#1748 = DIRECTION('',(1.,0.,0.));
#1749 = ADVANCED_FACE('',(#1750),#1768,.T.);
#1750 = FACE_BOUND('',#1751,.T.);
#1751 = EDGE_LOOP('',(#1752,#1753,#1761,#1767));
#1752 = ORIENTED_EDGE('',*,*,#1738,.T.);
#1753 = ORIENTED_EDGE('',*,*,#1754,.T.);
#1754 = EDGE_CURVE('',#1730,#1755,#1757,.T.);
#1755 = VERTEX_POINT('',#1756);
#1756 = CARTESIAN_POINT('',(27.15,-41.11,-6.6));
#1757 = LINE('',#1758,#1759);
#1758 = CARTESIAN_POINT('',(30.809296098935,-41.11,-6.6));
#1759 = VECTOR('',#1760,1.);
#1760 = DIRECTION('',(-1.,0.,0.));
#1761 = ORIENTED_EDGE('',*,*,#1762,.F.);
#1762 = EDGE_CURVE('',#57,#1755,#1763,.T.);
#1763 = LINE('',#1764,#1765);
#1764 = CARTESIAN_POINT('',(27.15,-41.11,0.));
#1765 = VECTOR('',#1766,1.);
#1766 = DIRECTION('',(-0.,-0.,-1.));
#1767 = ORIENTED_EDGE('',*,*,#64,.F.);
#1768 = PLANE('',#1769);
#1769 = AXIS2_PLACEMENT_3D('',#1770,#1771,#1772);
#1770 = CARTESIAN_POINT('',(30.809296098935,-41.11,0.));
#1771 = DIRECTION('',(0.,1.,0.));
#1772 = DIRECTION('',(-1.,0.,0.));
#1773 = ADVANCED_FACE('',(#1774),#1785,.T.);
#1774 = FACE_BOUND('',#1775,.T.);
#1775 = EDGE_LOOP('',(#1776,#1777,#1783,#1784));
#1776 = ORIENTED_EDGE('',*,*,#1762,.T.);
#1777 = ORIENTED_EDGE('',*,*,#1778,.T.);
#1778 = EDGE_CURVE('',#1755,#1657,#1779,.T.);
#1779 = LINE('',#1780,#1781);
#1780 = CARTESIAN_POINT('',(27.15,-41.11,-6.6));
#1781 = VECTOR('',#1782,1.);
#1782 = DIRECTION('',(0.,-1.,0.));
#1783 = ORIENTED_EDGE('',*,*,#1690,.F.);
#1784 = ORIENTED_EDGE('',*,*,#56,.F.);
#1785 = PLANE('',#1786);
#1786 = AXIS2_PLACEMENT_3D('',#1787,#1788,#1789);
#1787 = CARTESIAN_POINT('',(27.15,-41.11,0.));
#1788 = DIRECTION('',(-1.,0.,0.));
#1789 = DIRECTION('',(0.,-1.,0.));
#1790 = ADVANCED_FACE('',(#1791),#1809,.T.);
#1791 = FACE_BOUND('',#1792,.T.);
#1792 = EDGE_LOOP('',(#1793,#1794,#1802,#1808));
#1793 = ORIENTED_EDGE('',*,*,#1684,.T.);
#1794 = ORIENTED_EDGE('',*,*,#1795,.T.);
#1795 = EDGE_CURVE('',#1676,#1796,#1798,.T.);
#1796 = VERTEX_POINT('',#1797);
#1797 = CARTESIAN_POINT('',(-27.15,-45.65,1.8));
#1798 = LINE('',#1799,#1800);
#1799 = CARTESIAN_POINT('',(27.15,-45.65,1.8));
#1800 = VECTOR('',#1801,1.);
#1801 = DIRECTION('',(-1.,0.,0.));
#1802 = ORIENTED_EDGE('',*,*,#1803,.F.);
#1803 = EDGE_CURVE('',#40,#1796,#1804,.T.);
#1804 = LINE('',#1805,#1806);
#1805 = CARTESIAN_POINT('',(-27.15,-45.65,0.));
#1806 = VECTOR('',#1807,1.);
#1807 = DIRECTION('',(0.,0.,1.));
#1808 = ORIENTED_EDGE('',*,*,#48,.F.);
#1809 = PLANE('',#1810);
#1810 = AXIS2_PLACEMENT_3D('',#1811,#1812,#1813);
#1811 = CARTESIAN_POINT('',(27.15,-45.65,0.));
#1812 = DIRECTION('',(-0.,-1.,-0.));
#1813 = DIRECTION('',(-1.,0.,0.));
#1814 = ADVANCED_FACE('',(#1815),#1842,.T.);
#1815 = FACE_BOUND('',#1816,.T.);
#1816 = EDGE_LOOP('',(#1817,#1826,#1832,#1833,#1834,#1841));
#1817 = ORIENTED_EDGE('',*,*,#1818,.T.);
#1818 = EDGE_CURVE('',#666,#1819,#1821,.T.);
#1819 = VERTEX_POINT('',#1820);
#1820 = CARTESIAN_POINT('',(-31.45,-44.54230389551,-6.6));
#1821 = CIRCLE('',#1822,8.9);
#1822 = AXIS2_PLACEMENT_3D('',#1823,#1824,#1825);
#1823 = CARTESIAN_POINT('',(-27.15,-36.75,-6.6));
#1824 = DIRECTION('',(0.,0.,1.));
#1825 = DIRECTION('',(1.,0.,0.));
#1826 = ORIENTED_EDGE('',*,*,#1827,.F.);
#1827 = EDGE_CURVE('',#32,#1819,#1828,.T.);
#1828 = LINE('',#1829,#1830);
#1829 = CARTESIAN_POINT('',(-31.45,-44.54230389551,0.));
#1830 = VECTOR('',#1831,1.);
#1831 = DIRECTION('',(-0.,-0.,-1.));
#1832 = ORIENTED_EDGE('',*,*,#39,.F.);
#1833 = ORIENTED_EDGE('',*,*,#1803,.T.);
#1834 = ORIENTED_EDGE('',*,*,#1835,.T.);
#1835 = EDGE_CURVE('',#1796,#664,#1836,.T.);
#1836 = CIRCLE('',#1837,8.9);
#1837 = AXIS2_PLACEMENT_3D('',#1838,#1839,#1840);
#1838 = CARTESIAN_POINT('',(-27.15,-36.75,1.8));
#1839 = DIRECTION('',(0.,0.,-1.));
#1840 = DIRECTION('',(-1.,0.,0.));
#1841 = ORIENTED_EDGE('',*,*,#663,.T.);
#1842 = CYLINDRICAL_SURFACE('',#1843,8.9);
#1843 = AXIS2_PLACEMENT_3D('',#1844,#1845,#1846);
#1844 = CARTESIAN_POINT('',(-27.15,-36.75,0.));
#1845 = DIRECTION('',(0.,0.,-1.));
#1846 = DIRECTION('',(-1.,0.,0.));
#1847 = ADVANCED_FACE('',(#1848),#1859,.F.);
#1848 = FACE_BOUND('',#1849,.F.);
#1849 = EDGE_LOOP('',(#1850,#1851,#1857,#1858));
#1850 = ORIENTED_EDGE('',*,*,#584,.T.);
#1851 = ORIENTED_EDGE('',*,*,#1852,.T.);
#1852 = EDGE_CURVE('',#585,#1819,#1853,.T.);
#1853 = LINE('',#1854,#1855);
#1854 = CARTESIAN_POINT('',(-31.45,-34.54230389551,-6.6));
#1855 = VECTOR('',#1856,1.);
#1856 = DIRECTION('',(0.,-1.,0.));
#1857 = ORIENTED_EDGE('',*,*,#1827,.F.);
#1858 = ORIENTED_EDGE('',*,*,#31,.F.);
#1859 = PLANE('',#1860);
#1860 = AXIS2_PLACEMENT_3D('',#1861,#1862,#1863);
#1861 = CARTESIAN_POINT('',(-31.45,-34.54230389551,0.));
#1862 = DIRECTION('',(-1.,0.,0.));
#1863 = DIRECTION('',(0.,-1.,0.));
#1864 = ADVANCED_FACE('',(#1865),#1884,.F.);
#1865 = FACE_BOUND('',#1866,.T.);
#1866 = EDGE_LOOP('',(#1867,#1875,#1882,#1883));
#1867 = ORIENTED_EDGE('',*,*,#1868,.T.);
#1868 = EDGE_CURVE('',#423,#1869,#1871,.T.);
#1869 = VERTEX_POINT('',#1870);
#1870 = CARTESIAN_POINT('',(-26.36568482815,-39.06568514555,1.8));
#1871 = LINE('',#1872,#1873);
#1872 = CARTESIAN_POINT('',(-26.36568482815,-39.06568514555,0.));
#1873 = VECTOR('',#1874,1.);
#1874 = DIRECTION('',(0.,0.,1.));
#1875 = ORIENTED_EDGE('',*,*,#1876,.T.);
#1876 = EDGE_CURVE('',#1869,#1869,#1877,.T.);
#1877 = CIRCLE('',#1878,0.6);
#1878 = AXIS2_PLACEMENT_3D('',#1879,#1880,#1881);
#1879 = CARTESIAN_POINT('',(-26.96568482815,-39.06568514555,1.8));
#1880 = DIRECTION('',(0.,0.,1.));
#1881 = DIRECTION('',(1.,0.,0.));
#1882 = ORIENTED_EDGE('',*,*,#1868,.F.);
#1883 = ORIENTED_EDGE('',*,*,#422,.F.);
#1884 = CYLINDRICAL_SURFACE('',#1885,0.6);
#1885 = AXIS2_PLACEMENT_3D('',#1886,#1887,#1888);
#1886 = CARTESIAN_POINT('',(-26.96568482815,-39.06568514555,0.));
#1887 = DIRECTION('',(-0.,-0.,-1.));
#1888 = DIRECTION('',(1.,0.,0.));
#1889 = ADVANCED_FACE('',(#1890),#1909,.F.);
#1890 = FACE_BOUND('',#1891,.T.);
#1891 = EDGE_LOOP('',(#1892,#1900,#1907,#1908));
#1892 = ORIENTED_EDGE('',*,*,#1893,.T.);
#1893 = EDGE_CURVE('',#434,#1894,#1896,.T.);
#1894 = VERTEX_POINT('',#1895);
#1895 = CARTESIAN_POINT('',(-33.4,-14.75,1.8));
#1896 = LINE('',#1897,#1898);
#1897 = CARTESIAN_POINT('',(-33.4,-14.75,0.));
#1898 = VECTOR('',#1899,1.);
#1899 = DIRECTION('',(0.,0.,1.));
#1900 = ORIENTED_EDGE('',*,*,#1901,.T.);
#1901 = EDGE_CURVE('',#1894,#1894,#1902,.T.);
#1902 = CIRCLE('',#1903,0.9);
#1903 = AXIS2_PLACEMENT_3D('',#1904,#1905,#1906);
#1904 = CARTESIAN_POINT('',(-34.3,-14.75,1.8));
#1905 = DIRECTION('',(0.,0.,1.));
#1906 = DIRECTION('',(1.,0.,0.));
#1907 = ORIENTED_EDGE('',*,*,#1893,.F.);
#1908 = ORIENTED_EDGE('',*,*,#433,.F.);
#1909 = CYLINDRICAL_SURFACE('',#1910,0.9);
#1910 = AXIS2_PLACEMENT_3D('',#1911,#1912,#1913);
#1911 = CARTESIAN_POINT('',(-34.3,-14.75,0.));
#1912 = DIRECTION('',(-0.,-0.,-1.));
#1913 = DIRECTION('',(1.,0.,0.));
#1914 = ADVANCED_FACE('',(#1915),#1940,.T.);
#1915 = FACE_BOUND('',#1916,.T.);
#1916 = EDGE_LOOP('',(#1917,#1925,#1933,#1939));
#1917 = ORIENTED_EDGE('',*,*,#1918,.T.);
#1918 = EDGE_CURVE('',#445,#1919,#1921,.T.);
#1919 = VERTEX_POINT('',#1920);
#1920 = CARTESIAN_POINT('',(-30.24999930039,-18.00000042468,1.8));
#1921 = LINE('',#1922,#1923);
#1922 = CARTESIAN_POINT('',(-30.24999930039,-18.00000042468,0.));
#1923 = VECTOR('',#1924,1.);
#1924 = DIRECTION('',(0.,0.,1.));
#1925 = ORIENTED_EDGE('',*,*,#1926,.T.);
#1926 = EDGE_CURVE('',#1919,#1927,#1929,.T.);
#1927 = VERTEX_POINT('',#1928);
#1928 = CARTESIAN_POINT('',(-30.24999930039,-11.30000042468,1.8));
#1929 = LINE('',#1930,#1931);
#1930 = CARTESIAN_POINT('',(-30.24999930039,-18.00000042468,1.8));
#1931 = VECTOR('',#1932,1.);
#1932 = DIRECTION('',(0.,1.,0.));
#1933 = ORIENTED_EDGE('',*,*,#1934,.F.);
#1934 = EDGE_CURVE('',#447,#1927,#1935,.T.);
#1935 = LINE('',#1936,#1937);
#1936 = CARTESIAN_POINT('',(-30.24999930039,-11.30000042468,0.));
#1937 = VECTOR('',#1938,1.);
#1938 = DIRECTION('',(0.,0.,1.));
#1939 = ORIENTED_EDGE('',*,*,#444,.F.);
#1940 = PLANE('',#1941);
#1941 = AXIS2_PLACEMENT_3D('',#1942,#1943,#1944);
#1942 = CARTESIAN_POINT('',(-30.24999930039,-18.00000042468,0.));
#1943 = DIRECTION('',(-1.,0.,0.));
#1944 = DIRECTION('',(0.,1.,0.));
#1945 = ADVANCED_FACE('',(#1946),#1964,.T.);
#1946 = FACE_BOUND('',#1947,.T.);
#1947 = EDGE_LOOP('',(#1948,#1956,#1962,#1963));
#1948 = ORIENTED_EDGE('',*,*,#1949,.T.);
#1949 = EDGE_CURVE('',#455,#1950,#1952,.T.);
#1950 = VERTEX_POINT('',#1951);
#1951 = CARTESIAN_POINT('',(-31.09999930039,-18.00000042468,1.8));
#1952 = LINE('',#1953,#1954);
#1953 = CARTESIAN_POINT('',(-31.09999930039,-18.00000042468,0.));
#1954 = VECTOR('',#1955,1.);
#1955 = DIRECTION('',(0.,0.,1.));
#1956 = ORIENTED_EDGE('',*,*,#1957,.T.);
#1957 = EDGE_CURVE('',#1950,#1919,#1958,.T.);
#1958 = LINE('',#1959,#1960);
#1959 = CARTESIAN_POINT('',(-31.09999930039,-18.00000042468,1.8));
#1960 = VECTOR('',#1961,1.);
#1961 = DIRECTION('',(1.,0.,0.));
#1962 = ORIENTED_EDGE('',*,*,#1918,.F.);
#1963 = ORIENTED_EDGE('',*,*,#454,.F.);
#1964 = PLANE('',#1965);
#1965 = AXIS2_PLACEMENT_3D('',#1966,#1967,#1968);
#1966 = CARTESIAN_POINT('',(-31.09999930039,-18.00000042468,0.));
#1967 = DIRECTION('',(0.,1.,0.));
#1968 = DIRECTION('',(1.,0.,0.));
#1969 = ADVANCED_FACE('',(#1970),#1988,.T.);
#1970 = FACE_BOUND('',#1971,.T.);
#1971 = EDGE_LOOP('',(#1972,#1973,#1981,#1987));
#1972 = ORIENTED_EDGE('',*,*,#1934,.T.);
#1973 = ORIENTED_EDGE('',*,*,#1974,.T.);
#1974 = EDGE_CURVE('',#1927,#1975,#1977,.T.);
#1975 = VERTEX_POINT('',#1976);
#1976 = CARTESIAN_POINT('',(-31.09999930039,-11.30000042468,1.8));
#1977 = LINE('',#1978,#1979);
#1978 = CARTESIAN_POINT('',(-30.24999930039,-11.30000042468,1.8));
#1979 = VECTOR('',#1980,1.);
#1980 = DIRECTION('',(-1.,0.,0.));
#1981 = ORIENTED_EDGE('',*,*,#1982,.F.);
#1982 = EDGE_CURVE('',#463,#1975,#1983,.T.);
#1983 = LINE('',#1984,#1985);
#1984 = CARTESIAN_POINT('',(-31.09999930039,-11.30000042468,0.));
#1985 = VECTOR('',#1986,1.);
#1986 = DIRECTION('',(0.,0.,1.));
#1987 = ORIENTED_EDGE('',*,*,#470,.F.);
#1988 = PLANE('',#1989);
#1989 = AXIS2_PLACEMENT_3D('',#1990,#1991,#1992);
#1990 = CARTESIAN_POINT('',(-30.24999930039,-11.30000042468,0.));
#1991 = DIRECTION('',(0.,-1.,0.));
#1992 = DIRECTION('',(-1.,0.,0.));
#1993 = ADVANCED_FACE('',(#1994),#2005,.T.);
#1994 = FACE_BOUND('',#1995,.T.);
#1995 = EDGE_LOOP('',(#1996,#1997,#2003,#2004));
#1996 = ORIENTED_EDGE('',*,*,#1982,.T.);
#1997 = ORIENTED_EDGE('',*,*,#1998,.T.);
#1998 = EDGE_CURVE('',#1975,#1950,#1999,.T.);
#1999 = LINE('',#2000,#2001);
#2000 = CARTESIAN_POINT('',(-31.09999930039,-11.30000042468,1.8));
#2001 = VECTOR('',#2002,1.);
#2002 = DIRECTION('',(0.,-1.,0.));
#2003 = ORIENTED_EDGE('',*,*,#1949,.F.);
#2004 = ORIENTED_EDGE('',*,*,#462,.F.);
#2005 = PLANE('',#2006);
#2006 = AXIS2_PLACEMENT_3D('',#2007,#2008,#2009);
#2007 = CARTESIAN_POINT('',(-31.09999930039,-11.30000042468,0.));
#2008 = DIRECTION('',(1.,0.,0.));
#2009 = DIRECTION('',(0.,-1.,0.));
#2010 = ADVANCED_FACE('',(#2011),#2030,.F.);
#2011 = FACE_BOUND('',#2012,.T.);
#2012 = EDGE_LOOP('',(#2013,#2021,#2028,#2029));
#2013 = ORIENTED_EDGE('',*,*,#2014,.T.);
#2014 = EDGE_CURVE('',#479,#2015,#2017,.T.);
#2015 = VERTEX_POINT('',#2016);
#2016 = CARTESIAN_POINT('',(-30.9,-3.65,1.8));
#2017 = LINE('',#2018,#2019);
#2018 = CARTESIAN_POINT('',(-30.9,-3.65,0.));
#2019 = VECTOR('',#2020,1.);
#2020 = DIRECTION('',(0.,0.,1.));
#2021 = ORIENTED_EDGE('',*,*,#2022,.T.);
#2022 = EDGE_CURVE('',#2015,#2015,#2023,.T.);
#2023 = CIRCLE('',#2024,0.95);
#2024 = AXIS2_PLACEMENT_3D('',#2025,#2026,#2027);
#2025 = CARTESIAN_POINT('',(-31.85,-3.65,1.8));
#2026 = DIRECTION('',(0.,0.,1.));
#2027 = DIRECTION('',(1.,0.,0.));
#2028 = ORIENTED_EDGE('',*,*,#2014,.F.);
#2029 = ORIENTED_EDGE('',*,*,#478,.F.);
#2030 = CYLINDRICAL_SURFACE('',#2031,0.95);
#2031 = AXIS2_PLACEMENT_3D('',#2032,#2033,#2034);
#2032 = CARTESIAN_POINT('',(-31.85,-3.65,0.));
#2033 = DIRECTION('',(-0.,-0.,-1.));
#2034 = DIRECTION('',(1.,0.,0.));
#2035 = ADVANCED_FACE('',(#2036),#2055,.T.);
#2036 = FACE_BOUND('',#2037,.T.);
#2037 = EDGE_LOOP('',(#2038,#2046,#2053,#2054));
#2038 = ORIENTED_EDGE('',*,*,#2039,.T.);
#2039 = EDGE_CURVE('',#490,#2040,#2042,.T.);
#2040 = VERTEX_POINT('',#2041);
#2041 = CARTESIAN_POINT('',(3.,-28.25,-6.6));
#2042 = LINE('',#2043,#2044);
#2043 = CARTESIAN_POINT('',(3.,-28.25,0.));
#2044 = VECTOR('',#2045,1.);
#2045 = DIRECTION('',(-0.,-0.,-1.));
#2046 = ORIENTED_EDGE('',*,*,#2047,.T.);
#2047 = EDGE_CURVE('',#2040,#2040,#2048,.T.);
#2048 = CIRCLE('',#2049,3.);
#2049 = AXIS2_PLACEMENT_3D('',#2050,#2051,#2052);
#2050 = CARTESIAN_POINT('',(0.,-28.25,-6.6));
#2051 = DIRECTION('',(0.,0.,1.));
#2052 = DIRECTION('',(1.,0.,0.));
#2053 = ORIENTED_EDGE('',*,*,#2039,.F.);
#2054 = ORIENTED_EDGE('',*,*,#489,.F.);
#2055 = CYLINDRICAL_SURFACE('',#2056,3.);
#2056 = AXIS2_PLACEMENT_3D('',#2057,#2058,#2059);
#2057 = CARTESIAN_POINT('',(0.,-28.25,0.));
#2058 = DIRECTION('',(0.,0.,1.));
#2059 = DIRECTION('',(1.,0.,0.));
#2060 = ADVANCED_FACE('',(#2061),#2080,.F.);
#2061 = FACE_BOUND('',#2062,.T.);
#2062 = EDGE_LOOP('',(#2063,#2071,#2078,#2079));
#2063 = ORIENTED_EDGE('',*,*,#2064,.T.);
#2064 = EDGE_CURVE('',#501,#2065,#2067,.T.);
#2065 = VERTEX_POINT('',#2066);
#2066 = CARTESIAN_POINT('',(27.548527560749,-39.14852786249,1.8));
#2067 = LINE('',#2068,#2069);
#2068 = CARTESIAN_POINT('',(27.548527560749,-39.14852786249,0.));
#2069 = VECTOR('',#2070,1.);
#2070 = DIRECTION('',(0.,0.,1.));
#2071 = ORIENTED_EDGE('',*,*,#2072,.T.);
#2072 = EDGE_CURVE('',#2065,#2065,#2073,.T.);
#2073 = CIRCLE('',#2074,0.6);
#2074 = AXIS2_PLACEMENT_3D('',#2075,#2076,#2077);
#2075 = CARTESIAN_POINT('',(26.948527560749,-39.14852786249,1.8));
#2076 = DIRECTION('',(0.,0.,1.));
#2077 = DIRECTION('',(1.,0.,0.));
#2078 = ORIENTED_EDGE('',*,*,#2064,.F.);
#2079 = ORIENTED_EDGE('',*,*,#500,.F.);
#2080 = CYLINDRICAL_SURFACE('',#2081,0.6);
#2081 = AXIS2_PLACEMENT_3D('',#2082,#2083,#2084);
#2082 = CARTESIAN_POINT('',(26.948527560749,-39.14852786249,0.));
#2083 = DIRECTION('',(-0.,-0.,-1.));
#2084 = DIRECTION('',(1.,0.,0.));
#2085 = ADVANCED_FACE('',(#2086),#2111,.T.);
#2086 = FACE_BOUND('',#2087,.T.);
#2087 = EDGE_LOOP('',(#2088,#2096,#2104,#2110));
#2088 = ORIENTED_EDGE('',*,*,#2089,.T.);
#2089 = EDGE_CURVE('',#512,#2090,#2092,.T.);
#2090 = VERTEX_POINT('',#2091);
#2091 = CARTESIAN_POINT('',(31.099999313802,-11.80000027269,1.8));
#2092 = LINE('',#2093,#2094);
#2093 = CARTESIAN_POINT('',(31.099999313802,-11.80000027269,0.));
#2094 = VECTOR('',#2095,1.);
#2095 = DIRECTION('',(0.,0.,1.));
#2096 = ORIENTED_EDGE('',*,*,#2097,.T.);
#2097 = EDGE_CURVE('',#2090,#2098,#2100,.T.);
#2098 = VERTEX_POINT('',#2099);
#2099 = CARTESIAN_POINT('',(30.249999313801,-11.80000027269,1.8));
#2100 = LINE('',#2101,#2102);
#2101 = CARTESIAN_POINT('',(31.099999313802,-11.80000027269,1.8));
#2102 = VECTOR('',#2103,1.);
#2103 = DIRECTION('',(-1.,0.,0.));
#2104 = ORIENTED_EDGE('',*,*,#2105,.F.);
#2105 = EDGE_CURVE('',#514,#2098,#2106,.T.);
#2106 = LINE('',#2107,#2108);
#2107 = CARTESIAN_POINT('',(30.249999313801,-11.80000027269,0.));
#2108 = VECTOR('',#2109,1.);
#2109 = DIRECTION('',(0.,0.,1.));
#2110 = ORIENTED_EDGE('',*,*,#511,.F.);
#2111 = PLANE('',#2112);
#2112 = AXIS2_PLACEMENT_3D('',#2113,#2114,#2115);
#2113 = CARTESIAN_POINT('',(31.099999313802,-11.80000027269,0.));
#2114 = DIRECTION('',(0.,-1.,0.));
#2115 = DIRECTION('',(-1.,0.,0.));
#2116 = ADVANCED_FACE('',(#2117),#2135,.T.);
#2117 = FACE_BOUND('',#2118,.T.);
#2118 = EDGE_LOOP('',(#2119,#2127,#2133,#2134));
#2119 = ORIENTED_EDGE('',*,*,#2120,.T.);
#2120 = EDGE_CURVE('',#522,#2121,#2123,.T.);
#2121 = VERTEX_POINT('',#2122);
#2122 = CARTESIAN_POINT('',(31.099999313802,-18.50000027269,1.8));
#2123 = LINE('',#2124,#2125);
#2124 = CARTESIAN_POINT('',(31.099999313802,-18.50000027269,0.));
#2125 = VECTOR('',#2126,1.);
#2126 = DIRECTION('',(0.,0.,1.));
#2127 = ORIENTED_EDGE('',*,*,#2128,.T.);
#2128 = EDGE_CURVE('',#2121,#2090,#2129,.T.);
#2129 = LINE('',#2130,#2131);
#2130 = CARTESIAN_POINT('',(31.099999313802,-18.50000027269,1.8));
#2131 = VECTOR('',#2132,1.);
#2132 = DIRECTION('',(0.,1.,0.));
#2133 = ORIENTED_EDGE('',*,*,#2089,.F.);
#2134 = ORIENTED_EDGE('',*,*,#521,.F.);
#2135 = PLANE('',#2136);
#2136 = AXIS2_PLACEMENT_3D('',#2137,#2138,#2139);
#2137 = CARTESIAN_POINT('',(31.099999313802,-18.50000027269,0.));
#2138 = DIRECTION('',(-1.,0.,0.));
#2139 = DIRECTION('',(0.,1.,0.));
#2140 = ADVANCED_FACE('',(#2141),#2159,.T.);
#2141 = FACE_BOUND('',#2142,.T.);
#2142 = EDGE_LOOP('',(#2143,#2144,#2152,#2158));
#2143 = ORIENTED_EDGE('',*,*,#2105,.T.);
#2144 = ORIENTED_EDGE('',*,*,#2145,.T.);
#2145 = EDGE_CURVE('',#2098,#2146,#2148,.T.);
#2146 = VERTEX_POINT('',#2147);
#2147 = CARTESIAN_POINT('',(30.249999313801,-18.50000027269,1.8));
#2148 = LINE('',#2149,#2150);
#2149 = CARTESIAN_POINT('',(30.249999313801,-11.80000027269,1.8));
#2150 = VECTOR('',#2151,1.);
#2151 = DIRECTION('',(0.,-1.,0.));
#2152 = ORIENTED_EDGE('',*,*,#2153,.F.);
#2153 = EDGE_CURVE('',#530,#2146,#2154,.T.);
#2154 = LINE('',#2155,#2156);
#2155 = CARTESIAN_POINT('',(30.249999313801,-18.50000027269,0.));
#2156 = VECTOR('',#2157,1.);
#2157 = DIRECTION('',(0.,0.,1.));
#2158 = ORIENTED_EDGE('',*,*,#537,.F.);
#2159 = PLANE('',#2160);
#2160 = AXIS2_PLACEMENT_3D('',#2161,#2162,#2163);
#2161 = CARTESIAN_POINT('',(30.249999313801,-11.80000027269,0.));
#2162 = DIRECTION('',(1.,0.,0.));
#2163 = DIRECTION('',(0.,-1.,0.));
#2164 = ADVANCED_FACE('',(#2165),#2176,.T.);
#2165 = FACE_BOUND('',#2166,.T.);
#2166 = EDGE_LOOP('',(#2167,#2168,#2174,#2175));
#2167 = ORIENTED_EDGE('',*,*,#2153,.T.);
#2168 = ORIENTED_EDGE('',*,*,#2169,.T.);
#2169 = EDGE_CURVE('',#2146,#2121,#2170,.T.);
#2170 = LINE('',#2171,#2172);
#2171 = CARTESIAN_POINT('',(30.249999313801,-18.50000027269,1.8));
#2172 = VECTOR('',#2173,1.);
#2173 = DIRECTION('',(1.,0.,0.));
#2174 = ORIENTED_EDGE('',*,*,#2120,.F.);
#2175 = ORIENTED_EDGE('',*,*,#529,.F.);
#2176 = PLANE('',#2177);
#2177 = AXIS2_PLACEMENT_3D('',#2178,#2179,#2180);
#2178 = CARTESIAN_POINT('',(30.249999313801,-18.50000027269,0.));
#2179 = DIRECTION('',(0.,1.,0.));
#2180 = DIRECTION('',(1.,0.,0.));
#2181 = ADVANCED_FACE('',(#2182),#2201,.F.);
#2182 = FACE_BOUND('',#2183,.T.);
#2183 = EDGE_LOOP('',(#2184,#2192,#2199,#2200));
#2184 = ORIENTED_EDGE('',*,*,#2185,.T.);
#2185 = EDGE_CURVE('',#546,#2186,#2188,.T.);
#2186 = VERTEX_POINT('',#2187);
#2187 = CARTESIAN_POINT('',(35.2,-14.75,1.8));
#2188 = LINE('',#2189,#2190);
#2189 = CARTESIAN_POINT('',(35.2,-14.75,0.));
#2190 = VECTOR('',#2191,1.);
#2191 = DIRECTION('',(0.,0.,1.));
#2192 = ORIENTED_EDGE('',*,*,#2193,.T.);
#2193 = EDGE_CURVE('',#2186,#2186,#2194,.T.);
#2194 = CIRCLE('',#2195,0.9);
#2195 = AXIS2_PLACEMENT_3D('',#2196,#2197,#2198);
#2196 = CARTESIAN_POINT('',(34.3,-14.75,1.8));
#2197 = DIRECTION('',(0.,0.,1.));
#2198 = DIRECTION('',(1.,0.,0.));
#2199 = ORIENTED_EDGE('',*,*,#2185,.F.);
#2200 = ORIENTED_EDGE('',*,*,#545,.F.);
#2201 = CYLINDRICAL_SURFACE('',#2202,0.9);
#2202 = AXIS2_PLACEMENT_3D('',#2203,#2204,#2205);
#2203 = CARTESIAN_POINT('',(34.3,-14.75,0.));
#2204 = DIRECTION('',(-0.,-0.,-1.));
#2205 = DIRECTION('',(1.,0.,0.));
#2206 = ADVANCED_FACE('',(#2207),#2226,.F.);
#2207 = FACE_BOUND('',#2208,.T.);
#2208 = EDGE_LOOP('',(#2209,#2217,#2224,#2225));
#2209 = ORIENTED_EDGE('',*,*,#2210,.T.);
#2210 = EDGE_CURVE('',#557,#2211,#2213,.T.);
#2211 = VERTEX_POINT('',#2212);
#2212 = CARTESIAN_POINT('',(34.6,-3.65,1.8));
#2213 = LINE('',#2214,#2215);
#2214 = CARTESIAN_POINT('',(34.6,-3.65,0.));
#2215 = VECTOR('',#2216,1.);
#2216 = DIRECTION('',(0.,0.,1.));
#2217 = ORIENTED_EDGE('',*,*,#2218,.T.);
#2218 = EDGE_CURVE('',#2211,#2211,#2219,.T.);
#2219 = CIRCLE('',#2220,0.95);
#2220 = AXIS2_PLACEMENT_3D('',#2221,#2222,#2223);
#2221 = CARTESIAN_POINT('',(33.65,-3.65,1.8));
#2222 = DIRECTION('',(0.,0.,1.));
#2223 = DIRECTION('',(1.,0.,0.));
#2224 = ORIENTED_EDGE('',*,*,#2210,.F.);
#2225 = ORIENTED_EDGE('',*,*,#556,.F.);
#2226 = CYLINDRICAL_SURFACE('',#2227,0.95);
#2227 = AXIS2_PLACEMENT_3D('',#2228,#2229,#2230);
#2228 = CARTESIAN_POINT('',(33.65,-3.65,0.));
#2229 = DIRECTION('',(-0.,-0.,-1.));
#2230 = DIRECTION('',(1.,0.,0.));
#2231 = ADVANCED_FACE('',(#2232),#2251,.F.);
#2232 = FACE_BOUND('',#2233,.T.);
#2233 = EDGE_LOOP('',(#2234,#2242,#2249,#2250));
#2234 = ORIENTED_EDGE('',*,*,#2235,.T.);
#2235 = EDGE_CURVE('',#568,#2236,#2238,.T.);
#2236 = VERTEX_POINT('',#2237);
#2237 = CARTESIAN_POINT('',(34.6,34.65,1.8));
#2238 = LINE('',#2239,#2240);
#2239 = CARTESIAN_POINT('',(34.6,34.65,0.));
#2240 = VECTOR('',#2241,1.);
#2241 = DIRECTION('',(0.,0.,1.));
#2242 = ORIENTED_EDGE('',*,*,#2243,.T.);
#2243 = EDGE_CURVE('',#2236,#2236,#2244,.T.);
#2244 = CIRCLE('',#2245,0.95);
#2245 = AXIS2_PLACEMENT_3D('',#2246,#2247,#2248);
#2246 = CARTESIAN_POINT('',(33.65,34.65,1.8));
#2247 = DIRECTION('',(0.,0.,1.));
#2248 = DIRECTION('',(1.,0.,0.));
#2249 = ORIENTED_EDGE('',*,*,#2235,.F.);
#2250 = ORIENTED_EDGE('',*,*,#567,.F.);
#2251 = CYLINDRICAL_SURFACE('',#2252,0.95);
#2252 = AXIS2_PLACEMENT_3D('',#2253,#2254,#2255);
#2253 = CARTESIAN_POINT('',(33.65,34.65,0.));
#2254 = DIRECTION('',(-0.,-0.,-1.));
#2255 = DIRECTION('',(1.,0.,0.));
#2256 = ADVANCED_FACE('',(#2257,#2273),#2284,.F.);
#2257 = FACE_BOUND('',#2258,.F.);
#2258 = EDGE_LOOP('',(#2259,#2266,#2267,#2268,#2269,#2270,#2271,#2272));
#2259 = ORIENTED_EDGE('',*,*,#2260,.T.);
#2260 = EDGE_CURVE('',#690,#714,#2261,.T.);
#2261 = CIRCLE('',#2262,1.5);
#2262 = AXIS2_PLACEMENT_3D('',#2263,#2264,#2265);
#2263 = CARTESIAN_POINT('',(-34.582,-35.482,-6.6));
#2264 = DIRECTION('',(0.,0.,1.));
#2265 = DIRECTION('',(1.,0.,0.));
#2266 = ORIENTED_EDGE('',*,*,#721,.F.);
#2267 = ORIENTED_EDGE('',*,*,#1818,.T.);
#2268 = ORIENTED_EDGE('',*,*,#1852,.F.);
#2269 = ORIENTED_EDGE('',*,*,#592,.T.);
#2270 = ORIENTED_EDGE('',*,*,#616,.T.);
#2271 = ORIENTED_EDGE('',*,*,#640,.T.);
#2272 = ORIENTED_EDGE('',*,*,#689,.F.);
#2273 = FACE_BOUND('',#2274,.F.);
#2274 = EDGE_LOOP('',(#2275));
#2275 = ORIENTED_EDGE('',*,*,#2276,.F.);
#2276 = EDGE_CURVE('',#2277,#2277,#2279,.T.);
#2277 = VERTEX_POINT('',#2278);
#2278 = CARTESIAN_POINT('',(-33.382,-35.482,-6.6));
#2279 = CIRCLE('',#2280,1.2);
#2280 = AXIS2_PLACEMENT_3D('',#2281,#2282,#2283);
#2281 = CARTESIAN_POINT('',(-34.582,-35.482,-6.6));
#2282 = DIRECTION('',(0.,0.,1.));
#2283 = DIRECTION('',(1.,0.,0.));
#2284 = PLANE('',#2285);
#2285 = AXIS2_PLACEMENT_3D('',#2286,#2287,#2288);
#2286 = CARTESIAN_POINT('',(-5.832426578357,-3.748561374203,-6.6));
#2287 = DIRECTION('',(0.,0.,1.));
#2288 = DIRECTION('',(1.,0.,0.));
#2289 = ADVANCED_FACE('',(#2290),#2302,.T.);
#2290 = FACE_BOUND('',#2291,.T.);
#2291 = EDGE_LOOP('',(#2292,#2293,#2294,#2295));
#2292 = ORIENTED_EDGE('',*,*,#697,.T.);
#2293 = ORIENTED_EDGE('',*,*,#2260,.T.);
#2294 = ORIENTED_EDGE('',*,*,#713,.F.);
#2295 = ORIENTED_EDGE('',*,*,#2296,.F.);
#2296 = EDGE_CURVE('',#698,#706,#2297,.T.);
#2297 = CIRCLE('',#2298,1.5);
#2298 = AXIS2_PLACEMENT_3D('',#2299,#2300,#2301);
#2299 = CARTESIAN_POINT('',(-34.582,-35.482,0.));
#2300 = DIRECTION('',(0.,0.,1.));
#2301 = DIRECTION('',(1.,0.,0.));
#2302 = CYLINDRICAL_SURFACE('',#2303,1.5);
#2303 = AXIS2_PLACEMENT_3D('',#2304,#2305,#2306);
#2304 = CARTESIAN_POINT('',(-34.582,-35.482,0.));
#2305 = DIRECTION('',(0.,0.,1.));
#2306 = DIRECTION('',(1.,0.,0.));
#2307 = ADVANCED_FACE('',(#2308),#2312,.T.);
#2308 = FACE_BOUND('',#2309,.T.);
#2309 = EDGE_LOOP('',(#2310,#2311));
#2310 = ORIENTED_EDGE('',*,*,#705,.T.);
#2311 = ORIENTED_EDGE('',*,*,#2296,.T.);
#2312 = PLANE('',#2313);
#2313 = AXIS2_PLACEMENT_3D('',#2314,#2315,#2316);
#2314 = CARTESIAN_POINT('',(-5.832426578357,-3.748561374203,0.));
#2315 = DIRECTION('',(0.,0.,1.));
#2316 = DIRECTION('',(1.,0.,0.));
#2317 = ADVANCED_FACE('',(#2318,#2371,#2374,#2385,#2388,#2394,#2397,
    #2400,#2411,#2417,#2420,#2423,#2426,#2437,#2448,#2451,#2462),#2473,
  .T.);
#2318 = FACE_BOUND('',#2319,.T.);
#2319 = EDGE_LOOP('',(#2320,#2321,#2322,#2323,#2324,#2325,#2326,#2327,
    #2328,#2329,#2330,#2331,#2340,#2348,#2356,#2362,#2363,#2364,#2365,
    #2366,#2367,#2368,#2369,#2370));
#2320 = ORIENTED_EDGE('',*,*,#673,.F.);
#2321 = ORIENTED_EDGE('',*,*,#1835,.F.);
#2322 = ORIENTED_EDGE('',*,*,#1795,.F.);
#2323 = ORIENTED_EDGE('',*,*,#1675,.F.);
#2324 = ORIENTED_EDGE('',*,*,#1634,.F.);
#2325 = ORIENTED_EDGE('',*,*,#1618,.F.);
#2326 = ORIENTED_EDGE('',*,*,#1594,.F.);
#2327 = ORIENTED_EDGE('',*,*,#1570,.F.);
#2328 = ORIENTED_EDGE('',*,*,#1538,.F.);
#2329 = ORIENTED_EDGE('',*,*,#1346,.F.);
#2330 = ORIENTED_EDGE('',*,*,#1304,.F.);
#2331 = ORIENTED_EDGE('',*,*,#2332,.F.);
#2332 = EDGE_CURVE('',#2333,#1297,#2335,.T.);
#2333 = VERTEX_POINT('',#2334);
#2334 = CARTESIAN_POINT('',(-36.05,36.75,1.8));
#2335 = CIRCLE('',#2336,8.9);
#2336 = AXIS2_PLACEMENT_3D('',#2337,#2338,#2339);
#2337 = CARTESIAN_POINT('',(-27.15,36.75,1.8));
#2338 = DIRECTION('',(0.,0.,-1.));
#2339 = DIRECTION('',(-1.,0.,0.));
#2340 = ORIENTED_EDGE('',*,*,#2341,.F.);
#2341 = EDGE_CURVE('',#2342,#2333,#2344,.T.);
#2342 = VERTEX_POINT('',#2343);
#2343 = CARTESIAN_POINT('',(-36.05,33.6,1.8));
#2344 = LINE('',#2345,#2346);
#2345 = CARTESIAN_POINT('',(-36.05,-36.75,1.8));
#2346 = VECTOR('',#2347,1.);
#2347 = DIRECTION('',(0.,1.,0.));
#2348 = ORIENTED_EDGE('',*,*,#2349,.F.);
#2349 = EDGE_CURVE('',#2350,#2342,#2352,.T.);
#2350 = VERTEX_POINT('',#2351);
#2351 = CARTESIAN_POINT('',(-35.55,33.6,1.8));
#2352 = LINE('',#2353,#2354);
#2353 = CARTESIAN_POINT('',(-35.55,33.6,1.8));
#2354 = VECTOR('',#2355,1.);
#2355 = DIRECTION('',(-1.,0.,0.));
#2356 = ORIENTED_EDGE('',*,*,#2357,.F.);
#2357 = EDGE_CURVE('',#952,#2350,#2358,.T.);
#2358 = LINE('',#2359,#2360);
#2359 = CARTESIAN_POINT('',(-35.55,25.6,1.8));
#2360 = VECTOR('',#2361,1.);
#2361 = DIRECTION('',(0.,1.,0.));
#2362 = ORIENTED_EDGE('',*,*,#951,.T.);
#2363 = ORIENTED_EDGE('',*,*,#913,.F.);
#2364 = ORIENTED_EDGE('',*,*,#889,.F.);
#2365 = ORIENTED_EDGE('',*,*,#865,.F.);
#2366 = ORIENTED_EDGE('',*,*,#841,.F.);
#2367 = ORIENTED_EDGE('',*,*,#808,.F.);
#2368 = ORIENTED_EDGE('',*,*,#785,.T.);
#2369 = ORIENTED_EDGE('',*,*,#761,.T.);
#2370 = ORIENTED_EDGE('',*,*,#737,.T.);
#2371 = FACE_BOUND('',#2372,.T.);
#2372 = EDGE_LOOP('',(#2373));
#2373 = ORIENTED_EDGE('',*,*,#1876,.F.);
#2374 = FACE_BOUND('',#2375,.T.);
#2375 = EDGE_LOOP('',(#2376));
#2376 = ORIENTED_EDGE('',*,*,#2377,.F.);
#2377 = EDGE_CURVE('',#2378,#2378,#2380,.T.);
#2378 = VERTEX_POINT('',#2379);
#2379 = CARTESIAN_POINT('',(-33.382,-35.482,1.8));
#2380 = CIRCLE('',#2381,1.2);
#2381 = AXIS2_PLACEMENT_3D('',#2382,#2383,#2384);
#2382 = CARTESIAN_POINT('',(-34.582,-35.482,1.8));
#2383 = DIRECTION('',(0.,0.,1.));
#2384 = DIRECTION('',(1.,0.,0.));
#2385 = FACE_BOUND('',#2386,.T.);
#2386 = EDGE_LOOP('',(#2387));
#2387 = ORIENTED_EDGE('',*,*,#1901,.F.);
#2388 = FACE_BOUND('',#2389,.T.);
#2389 = EDGE_LOOP('',(#2390,#2391,#2392,#2393));
#2390 = ORIENTED_EDGE('',*,*,#1926,.F.);
#2391 = ORIENTED_EDGE('',*,*,#1957,.F.);
#2392 = ORIENTED_EDGE('',*,*,#1998,.F.);
#2393 = ORIENTED_EDGE('',*,*,#1974,.F.);
#2394 = FACE_BOUND('',#2395,.T.);
#2395 = EDGE_LOOP('',(#2396));
#2396 = ORIENTED_EDGE('',*,*,#2022,.F.);
#2397 = FACE_BOUND('',#2398,.T.);
#2398 = EDGE_LOOP('',(#2399));
#2399 = ORIENTED_EDGE('',*,*,#2072,.F.);
#2400 = FACE_BOUND('',#2401,.T.);
#2401 = EDGE_LOOP('',(#2402));
#2402 = ORIENTED_EDGE('',*,*,#2403,.F.);
#2403 = EDGE_CURVE('',#2404,#2404,#2406,.T.);
#2404 = VERTEX_POINT('',#2405);
#2405 = CARTESIAN_POINT('',(33.382,-41.932,1.8));
#2406 = CIRCLE('',#2407,1.2);
#2407 = AXIS2_PLACEMENT_3D('',#2408,#2409,#2410);
#2408 = CARTESIAN_POINT('',(32.182,-41.932,1.8));
#2409 = DIRECTION('',(0.,0.,1.));
#2410 = DIRECTION('',(1.,0.,0.));
#2411 = FACE_BOUND('',#2412,.T.);
#2412 = EDGE_LOOP('',(#2413,#2414,#2415,#2416));
#2413 = ORIENTED_EDGE('',*,*,#2097,.F.);
#2414 = ORIENTED_EDGE('',*,*,#2128,.F.);
#2415 = ORIENTED_EDGE('',*,*,#2169,.F.);
#2416 = ORIENTED_EDGE('',*,*,#2145,.F.);
#2417 = FACE_BOUND('',#2418,.T.);
#2418 = EDGE_LOOP('',(#2419));
#2419 = ORIENTED_EDGE('',*,*,#2193,.F.);
#2420 = FACE_BOUND('',#2421,.T.);
#2421 = EDGE_LOOP('',(#2422));
#2422 = ORIENTED_EDGE('',*,*,#2218,.F.);
#2423 = FACE_BOUND('',#2424,.T.);
#2424 = EDGE_LOOP('',(#2425));
#2425 = ORIENTED_EDGE('',*,*,#1126,.F.);
#2426 = FACE_BOUND('',#2427,.T.);
#2427 = EDGE_LOOP('',(#2428));
#2428 = ORIENTED_EDGE('',*,*,#2429,.F.);
#2429 = EDGE_CURVE('',#2430,#2430,#2432,.T.);
#2430 = VERTEX_POINT('',#2431);
#2431 = CARTESIAN_POINT('',(-30.982,41.932,1.8));
#2432 = CIRCLE('',#2433,1.2);
#2433 = AXIS2_PLACEMENT_3D('',#2434,#2435,#2436);
#2434 = CARTESIAN_POINT('',(-32.182,41.932,1.8));
#2435 = DIRECTION('',(0.,0.,1.));
#2436 = DIRECTION('',(1.,0.,0.));
#2437 = FACE_BOUND('',#2438,.T.);
#2438 = EDGE_LOOP('',(#2439));
#2439 = ORIENTED_EDGE('',*,*,#2440,.F.);
#2440 = EDGE_CURVE('',#2441,#2441,#2443,.T.);
#2441 = VERTEX_POINT('',#2442);
#2442 = CARTESIAN_POINT('',(27.2,40.6,1.8));
#2443 = CIRCLE('',#2444,0.9);
#2444 = AXIS2_PLACEMENT_3D('',#2445,#2446,#2447);
#2445 = CARTESIAN_POINT('',(26.3,40.6,1.8));
#2446 = DIRECTION('',(0.,0.,1.));
#2447 = DIRECTION('',(1.,0.,0.));
#2448 = FACE_BOUND('',#2449,.T.);
#2449 = EDGE_LOOP('',(#2450));
#2450 = ORIENTED_EDGE('',*,*,#2243,.F.);
#2451 = FACE_BOUND('',#2452,.T.);
#2452 = EDGE_LOOP('',(#2453));
#2453 = ORIENTED_EDGE('',*,*,#2454,.F.);
#2454 = EDGE_CURVE('',#2455,#2455,#2457,.T.);
#2455 = VERTEX_POINT('',#2456);
#2456 = CARTESIAN_POINT('',(29.4,40.6,1.8));
#2457 = CIRCLE('',#2458,0.9);
#2458 = AXIS2_PLACEMENT_3D('',#2459,#2460,#2461);
#2459 = CARTESIAN_POINT('',(28.5,40.6,1.8));
#2460 = DIRECTION('',(0.,0.,1.));
#2461 = DIRECTION('',(1.,0.,0.));
#2462 = FACE_BOUND('',#2463,.T.);
#2463 = EDGE_LOOP('',(#2464));
#2464 = ORIENTED_EDGE('',*,*,#2465,.F.);
#2465 = EDGE_CURVE('',#2466,#2466,#2468,.T.);
#2466 = VERTEX_POINT('',#2467);
#2467 = CARTESIAN_POINT('',(33.382,41.932,1.8));
#2468 = CIRCLE('',#2469,1.2);
#2469 = AXIS2_PLACEMENT_3D('',#2470,#2471,#2472);
#2470 = CARTESIAN_POINT('',(32.182,41.932,1.8));
#2471 = DIRECTION('',(0.,0.,1.));
#2472 = DIRECTION('',(1.,0.,0.));
#2473 = PLANE('',#2474);
#2474 = AXIS2_PLACEMENT_3D('',#2475,#2476,#2477);
#2475 = CARTESIAN_POINT('',(-4.571115346194E-16,-4.662537653118E-15,1.8)
  );
#2476 = DIRECTION('',(0.,0.,1.));
#2477 = DIRECTION('',(1.,0.,0.));
#2478 = ADVANCED_FACE('',(#2479),#2485,.F.);
#2479 = FACE_BOUND('',#2480,.F.);
#2480 = EDGE_LOOP('',(#2481,#2482,#2483,#2484));
#2481 = ORIENTED_EDGE('',*,*,#935,.T.);
#2482 = ORIENTED_EDGE('',*,*,#998,.F.);
#2483 = ORIENTED_EDGE('',*,*,#1022,.F.);
#2484 = ORIENTED_EDGE('',*,*,#1039,.F.);
#2485 = PLANE('',#2486);
#2486 = AXIS2_PLACEMENT_3D('',#2487,#2488,#2489);
#2487 = CARTESIAN_POINT('',(-9.246481464962,30.456892130777,-3.1));
#2488 = DIRECTION('',(0.,0.,1.));
#2489 = DIRECTION('',(1.,0.,0.));
#2490 = ADVANCED_FACE('',(#2491),#2509,.T.);
#2491 = FACE_BOUND('',#2492,.T.);
#2492 = EDGE_LOOP('',(#2493,#2494,#2495,#2503));
#2493 = ORIENTED_EDGE('',*,*,#959,.F.);
#2494 = ORIENTED_EDGE('',*,*,#2357,.T.);
#2495 = ORIENTED_EDGE('',*,*,#2496,.T.);
#2496 = EDGE_CURVE('',#2350,#2497,#2499,.T.);
#2497 = VERTEX_POINT('',#2498);
#2498 = CARTESIAN_POINT('',(-35.55,33.6,-3.1));
#2499 = LINE('',#2500,#2501);
#2500 = CARTESIAN_POINT('',(-35.55,33.6,1.8));
#2501 = VECTOR('',#2502,1.);
#2502 = DIRECTION('',(-0.,-0.,-1.));
#2503 = ORIENTED_EDGE('',*,*,#2504,.F.);
#2504 = EDGE_CURVE('',#960,#2497,#2505,.T.);
#2505 = LINE('',#2506,#2507);
#2506 = CARTESIAN_POINT('',(-35.55,25.6,-3.1));
#2507 = VECTOR('',#2508,1.);
#2508 = DIRECTION('',(8.881784197001E-16,1.,0.));
#2509 = PLANE('',#2510);
#2510 = AXIS2_PLACEMENT_3D('',#2511,#2512,#2513);
#2511 = CARTESIAN_POINT('',(-35.55,29.6,-0.65));
#2512 = DIRECTION('',(-1.,4.888423860365E-16,-7.015023265086E-16));
#2513 = DIRECTION('',(7.015023265086E-16,0.,-1.));
#2514 = ADVANCED_FACE('',(#2515),#2549,.F.);
#2515 = FACE_BOUND('',#2516,.T.);
#2516 = EDGE_LOOP('',(#2517,#2518,#2519,#2527,#2535,#2541,#2542,#2543,
    #2544,#2545,#2546,#2547,#2548));
#2517 = ORIENTED_EDGE('',*,*,#967,.F.);
#2518 = ORIENTED_EDGE('',*,*,#2504,.T.);
#2519 = ORIENTED_EDGE('',*,*,#2520,.T.);
#2520 = EDGE_CURVE('',#2497,#2521,#2523,.T.);
#2521 = VERTEX_POINT('',#2522);
#2522 = CARTESIAN_POINT('',(-36.05,33.6,-3.1));
#2523 = LINE('',#2524,#2525);
#2524 = CARTESIAN_POINT('',(-35.55,33.6,-3.1));
#2525 = VECTOR('',#2526,1.);
#2526 = DIRECTION('',(-1.,-1.42108547152E-14,0.));
#2527 = ORIENTED_EDGE('',*,*,#2528,.T.);
#2528 = EDGE_CURVE('',#2521,#2529,#2531,.T.);
#2529 = VERTEX_POINT('',#2530);
#2530 = CARTESIAN_POINT('',(-36.05,36.75,-3.1));
#2531 = LINE('',#2532,#2533);
#2532 = CARTESIAN_POINT('',(-36.05,33.6,-3.1));
#2533 = VECTOR('',#2534,1.);
#2534 = DIRECTION('',(-2.255691224635E-15,1.,0.));
#2535 = ORIENTED_EDGE('',*,*,#2536,.T.);
#2536 = EDGE_CURVE('',#2529,#1242,#2537,.T.);
#2537 = LINE('',#2538,#2539);
#2538 = CARTESIAN_POINT('',(-36.05,36.75,-3.1));
#2539 = VECTOR('',#2540,1.);
#2540 = DIRECTION('',(1.,0.,0.));
#2541 = ORIENTED_EDGE('',*,*,#1249,.T.);
#2542 = ORIENTED_EDGE('',*,*,#1224,.T.);
#2543 = ORIENTED_EDGE('',*,*,#1200,.T.);
#2544 = ORIENTED_EDGE('',*,*,#1169,.F.);
#2545 = ORIENTED_EDGE('',*,*,#1145,.F.);
#2546 = ORIENTED_EDGE('',*,*,#1103,.T.);
#2547 = ORIENTED_EDGE('',*,*,#1080,.F.);
#2548 = ORIENTED_EDGE('',*,*,#1056,.F.);
#2549 = PLANE('',#2550);
#2550 = AXIS2_PLACEMENT_3D('',#2551,#2552,#2553);
#2551 = CARTESIAN_POINT('',(-9.246481464962,30.456892130777,-3.1));
#2552 = DIRECTION('',(0.,0.,1.));
#2553 = DIRECTION('',(1.,0.,0.));
#2554 = ADVANCED_FACE('',(#2555),#2573,.F.);
#2555 = FACE_BOUND('',#2556,.F.);
#2556 = EDGE_LOOP('',(#2557,#2558,#2559,#2567));
#2557 = ORIENTED_EDGE('',*,*,#2536,.T.);
#2558 = ORIENTED_EDGE('',*,*,#1265,.T.);
#2559 = ORIENTED_EDGE('',*,*,#2560,.T.);
#2560 = EDGE_CURVE('',#1266,#2561,#2563,.T.);
#2561 = VERTEX_POINT('',#2562);
#2562 = CARTESIAN_POINT('',(-36.05,36.75,-6.6));
#2563 = LINE('',#2564,#2565);
#2564 = CARTESIAN_POINT('',(-27.15,36.75,-6.6));
#2565 = VECTOR('',#2566,1.);
#2566 = DIRECTION('',(-1.,0.,0.));
#2567 = ORIENTED_EDGE('',*,*,#2568,.F.);
#2568 = EDGE_CURVE('',#2529,#2561,#2569,.T.);
#2569 = LINE('',#2570,#2571);
#2570 = CARTESIAN_POINT('',(-36.05,36.75,0.));
#2571 = VECTOR('',#2572,1.);
#2572 = DIRECTION('',(-0.,-0.,-1.));
#2573 = PLANE('',#2574);
#2574 = AXIS2_PLACEMENT_3D('',#2575,#2576,#2577);
#2575 = CARTESIAN_POINT('',(-27.15,36.75,0.));
#2576 = DIRECTION('',(0.,1.,0.));
#2577 = DIRECTION('',(-1.,0.,0.));
#2578 = ADVANCED_FACE('',(#2579),#2598,.T.);
#2579 = FACE_BOUND('',#2580,.T.);
#2580 = EDGE_LOOP('',(#2581,#2588,#2589,#2595,#2596,#2597));
#2581 = ORIENTED_EDGE('',*,*,#2582,.T.);
#2582 = EDGE_CURVE('',#1274,#2561,#2583,.T.);
#2583 = CIRCLE('',#2584,8.9);
#2584 = AXIS2_PLACEMENT_3D('',#2585,#2586,#2587);
#2585 = CARTESIAN_POINT('',(-27.15,36.75,-6.6));
#2586 = DIRECTION('',(0.,0.,1.));
#2587 = DIRECTION('',(1.,0.,0.));
#2588 = ORIENTED_EDGE('',*,*,#2568,.F.);
#2589 = ORIENTED_EDGE('',*,*,#2590,.F.);
#2590 = EDGE_CURVE('',#2333,#2529,#2591,.T.);
#2591 = LINE('',#2592,#2593);
#2592 = CARTESIAN_POINT('',(-36.05,36.75,0.));
#2593 = VECTOR('',#2594,1.);
#2594 = DIRECTION('',(-0.,-0.,-1.));
#2595 = ORIENTED_EDGE('',*,*,#2332,.T.);
#2596 = ORIENTED_EDGE('',*,*,#1296,.F.);
#2597 = ORIENTED_EDGE('',*,*,#1281,.T.);
#2598 = CYLINDRICAL_SURFACE('',#2599,8.9);
#2599 = AXIS2_PLACEMENT_3D('',#2600,#2601,#2602);
#2600 = CARTESIAN_POINT('',(-27.15,36.75,0.));
#2601 = DIRECTION('',(0.,0.,-1.));
#2602 = DIRECTION('',(-1.,0.,0.));
#2603 = ADVANCED_FACE('',(#2604,#2609),#2620,.F.);
#2604 = FACE_BOUND('',#2605,.F.);
#2605 = EDGE_LOOP('',(#2606,#2607,#2608));
#2606 = ORIENTED_EDGE('',*,*,#2582,.T.);
#2607 = ORIENTED_EDGE('',*,*,#2560,.F.);
#2608 = ORIENTED_EDGE('',*,*,#1273,.T.);
#2609 = FACE_BOUND('',#2610,.F.);
#2610 = EDGE_LOOP('',(#2611));
#2611 = ORIENTED_EDGE('',*,*,#2612,.F.);
#2612 = EDGE_CURVE('',#2613,#2613,#2615,.T.);
#2613 = VERTEX_POINT('',#2614);
#2614 = CARTESIAN_POINT('',(-30.982,41.932,-6.6));
#2615 = CIRCLE('',#2616,1.2);
#2616 = AXIS2_PLACEMENT_3D('',#2617,#2618,#2619);
#2617 = CARTESIAN_POINT('',(-32.182,41.932,-6.6));
#2618 = DIRECTION('',(0.,0.,1.));
#2619 = DIRECTION('',(1.,0.,0.));
#2620 = PLANE('',#2621);
#2621 = AXIS2_PLACEMENT_3D('',#2622,#2623,#2624);
#2622 = CARTESIAN_POINT('',(-5.832426578357,-3.748561374203,-6.6));
#2623 = DIRECTION('',(0.,0.,1.));
#2624 = DIRECTION('',(1.,0.,0.));
#2625 = ADVANCED_FACE('',(#2626,#2631),#2642,.F.);
#2626 = FACE_BOUND('',#2627,.F.);
#2627 = EDGE_LOOP('',(#2628,#2629,#2630));
#2628 = ORIENTED_EDGE('',*,*,#1378,.T.);
#2629 = ORIENTED_EDGE('',*,*,#1519,.T.);
#2630 = ORIENTED_EDGE('',*,*,#1327,.T.);
#2631 = FACE_BOUND('',#2632,.F.);
#2632 = EDGE_LOOP('',(#2633));
#2633 = ORIENTED_EDGE('',*,*,#2634,.F.);
#2634 = EDGE_CURVE('',#2635,#2635,#2637,.T.);
#2635 = VERTEX_POINT('',#2636);
#2636 = CARTESIAN_POINT('',(33.382,41.932,-6.6));
#2637 = CIRCLE('',#2638,1.2);
#2638 = AXIS2_PLACEMENT_3D('',#2639,#2640,#2641);
#2639 = CARTESIAN_POINT('',(32.182,41.932,-6.6));
#2640 = DIRECTION('',(0.,0.,1.));
#2641 = DIRECTION('',(1.,0.,0.));
#2642 = PLANE('',#2643);
#2643 = AXIS2_PLACEMENT_3D('',#2644,#2645,#2646);
#2644 = CARTESIAN_POINT('',(-5.832426578357,-3.748561374203,-6.6));
#2645 = DIRECTION('',(0.,0.,1.));
#2646 = DIRECTION('',(1.,0.,0.));
#2647 = ADVANCED_FACE('',(#2648,#2656,#2667),#2678,.F.);
#2648 = FACE_BOUND('',#2649,.F.);
#2649 = EDGE_LOOP('',(#2650,#2651,#2652,#2653,#2654,#2655));
#2650 = ORIENTED_EDGE('',*,*,#1418,.T.);
#2651 = ORIENTED_EDGE('',*,*,#1441,.T.);
#2652 = ORIENTED_EDGE('',*,*,#1465,.T.);
#2653 = ORIENTED_EDGE('',*,*,#1490,.T.);
#2654 = ORIENTED_EDGE('',*,*,#1512,.T.);
#2655 = ORIENTED_EDGE('',*,*,#1394,.T.);
#2656 = FACE_BOUND('',#2657,.F.);
#2657 = EDGE_LOOP('',(#2658));
#2658 = ORIENTED_EDGE('',*,*,#2659,.F.);
#2659 = EDGE_CURVE('',#2660,#2660,#2662,.T.);
#2660 = VERTEX_POINT('',#2661);
#2661 = CARTESIAN_POINT('',(27.2,40.6,-5.4));
#2662 = CIRCLE('',#2663,0.9);
#2663 = AXIS2_PLACEMENT_3D('',#2664,#2665,#2666);
#2664 = CARTESIAN_POINT('',(26.3,40.6,-5.4));
#2665 = DIRECTION('',(0.,0.,1.));
#2666 = DIRECTION('',(1.,0.,0.));
#2667 = FACE_BOUND('',#2668,.F.);
#2668 = EDGE_LOOP('',(#2669));
#2669 = ORIENTED_EDGE('',*,*,#2670,.F.);
#2670 = EDGE_CURVE('',#2671,#2671,#2673,.T.);
#2671 = VERTEX_POINT('',#2672);
#2672 = CARTESIAN_POINT('',(29.4,40.6,-5.4));
#2673 = CIRCLE('',#2674,0.9);
#2674 = AXIS2_PLACEMENT_3D('',#2675,#2676,#2677);
#2675 = CARTESIAN_POINT('',(28.5,40.6,-5.4));
#2676 = DIRECTION('',(0.,0.,1.));
#2677 = DIRECTION('',(1.,0.,0.));
#2678 = PLANE('',#2679);
#2679 = AXIS2_PLACEMENT_3D('',#2680,#2681,#2682);
#2680 = CARTESIAN_POINT('',(27.4,40.6,-5.4));
#2681 = DIRECTION('',(0.,0.,1.));
#2682 = DIRECTION('',(1.,0.,0.));
#2683 = ADVANCED_FACE('',(#2684,#2691),#2702,.F.);
#2684 = FACE_BOUND('',#2685,.F.);
#2685 = EDGE_LOOP('',(#2686,#2687,#2688,#2689,#2690));
#2686 = ORIENTED_EDGE('',*,*,#1729,.T.);
#2687 = ORIENTED_EDGE('',*,*,#1754,.T.);
#2688 = ORIENTED_EDGE('',*,*,#1778,.T.);
#2689 = ORIENTED_EDGE('',*,*,#1656,.T.);
#2690 = ORIENTED_EDGE('',*,*,#1705,.T.);
#2691 = FACE_BOUND('',#2692,.F.);
#2692 = EDGE_LOOP('',(#2693));
#2693 = ORIENTED_EDGE('',*,*,#2694,.F.);
#2694 = EDGE_CURVE('',#2695,#2695,#2697,.T.);
#2695 = VERTEX_POINT('',#2696);
#2696 = CARTESIAN_POINT('',(33.382,-41.932,-6.6));
#2697 = CIRCLE('',#2698,1.2);
#2698 = AXIS2_PLACEMENT_3D('',#2699,#2700,#2701);
#2699 = CARTESIAN_POINT('',(32.182,-41.932,-6.6));
#2700 = DIRECTION('',(0.,0.,1.));
#2701 = DIRECTION('',(1.,0.,0.));
#2702 = PLANE('',#2703);
#2703 = AXIS2_PLACEMENT_3D('',#2704,#2705,#2706);
#2704 = CARTESIAN_POINT('',(-5.832426578357,-3.748561374203,-6.6));
#2705 = DIRECTION('',(0.,0.,1.));
#2706 = DIRECTION('',(1.,0.,0.));
#2707 = ADVANCED_FACE('',(#2708,#2711),#2722,.F.);
#2708 = FACE_BOUND('',#2709,.F.);
#2709 = EDGE_LOOP('',(#2710));
#2710 = ORIENTED_EDGE('',*,*,#2047,.T.);
#2711 = FACE_BOUND('',#2712,.F.);
#2712 = EDGE_LOOP('',(#2713));
#2713 = ORIENTED_EDGE('',*,*,#2714,.F.);
#2714 = EDGE_CURVE('',#2715,#2715,#2717,.T.);
#2715 = VERTEX_POINT('',#2716);
#2716 = CARTESIAN_POINT('',(1.2,-28.25,-6.6));
#2717 = CIRCLE('',#2718,1.2);
#2718 = AXIS2_PLACEMENT_3D('',#2719,#2720,#2721);
#2719 = CARTESIAN_POINT('',(0.,-28.25,-6.6));
#2720 = DIRECTION('',(0.,0.,1.));
#2721 = DIRECTION('',(1.,0.,0.));
#2722 = PLANE('',#2723);
#2723 = AXIS2_PLACEMENT_3D('',#2724,#2725,#2726);
#2724 = CARTESIAN_POINT('',(-5.832426578357,-3.748561374203,-6.6));
#2725 = DIRECTION('',(0.,0.,1.));
#2726 = DIRECTION('',(1.,0.,0.));
#2727 = ADVANCED_FACE('',(#2728),#2739,.F.);
#2728 = FACE_BOUND('',#2729,.F.);
#2729 = EDGE_LOOP('',(#2730,#2736,#2737,#2738));
#2730 = ORIENTED_EDGE('',*,*,#2731,.T.);
#2731 = EDGE_CURVE('',#2378,#2277,#2732,.T.);
#2732 = LINE('',#2733,#2734);
#2733 = CARTESIAN_POINT('',(-33.382,-35.482,1.8));
#2734 = VECTOR('',#2735,1.);
#2735 = DIRECTION('',(-0.,-0.,-1.));
#2736 = ORIENTED_EDGE('',*,*,#2276,.T.);
#2737 = ORIENTED_EDGE('',*,*,#2731,.F.);
#2738 = ORIENTED_EDGE('',*,*,#2377,.F.);
#2739 = CYLINDRICAL_SURFACE('',#2740,1.2);
#2740 = AXIS2_PLACEMENT_3D('',#2741,#2742,#2743);
#2741 = CARTESIAN_POINT('',(-34.582,-35.482,1.8));
#2742 = DIRECTION('',(0.,0.,1.));
#2743 = DIRECTION('',(1.,0.,0.));
#2744 = ADVANCED_FACE('',(#2745),#2756,.T.);
#2745 = FACE_BOUND('',#2746,.T.);
#2746 = EDGE_LOOP('',(#2747,#2748,#2749,#2755));
#2747 = ORIENTED_EDGE('',*,*,#2496,.F.);
#2748 = ORIENTED_EDGE('',*,*,#2349,.T.);
#2749 = ORIENTED_EDGE('',*,*,#2750,.T.);
#2750 = EDGE_CURVE('',#2342,#2521,#2751,.T.);
#2751 = LINE('',#2752,#2753);
#2752 = CARTESIAN_POINT('',(-36.05,33.6,0.));
#2753 = VECTOR('',#2754,1.);
#2754 = DIRECTION('',(-0.,-0.,-1.));
#2755 = ORIENTED_EDGE('',*,*,#2520,.F.);
#2756 = PLANE('',#2757);
#2757 = AXIS2_PLACEMENT_3D('',#2758,#2759,#2760);
#2758 = CARTESIAN_POINT('',(-35.8,33.6,-0.65));
#2759 = DIRECTION('',(8.81599320295E-15,-1.,6.449570917497E-16));
#2760 = DIRECTION('',(-1.,-8.81599320295E-15,0.));
#2761 = ADVANCED_FACE('',(#2762),#2768,.T.);
#2762 = FACE_BOUND('',#2763,.T.);
#2763 = EDGE_LOOP('',(#2764,#2765,#2766,#2767));
#2764 = ORIENTED_EDGE('',*,*,#2341,.T.);
#2765 = ORIENTED_EDGE('',*,*,#2590,.T.);
#2766 = ORIENTED_EDGE('',*,*,#2528,.F.);
#2767 = ORIENTED_EDGE('',*,*,#2750,.F.);
#2768 = PLANE('',#2769);
#2769 = AXIS2_PLACEMENT_3D('',#2770,#2771,#2772);
#2770 = CARTESIAN_POINT('',(-36.05,35.175,-0.65));
#2771 = DIRECTION('',(-1.,-4.413308917765E-16,-9.67792873147E-16));
#2772 = DIRECTION('',(9.67792873147E-16,0.,-1.));
#2773 = ADVANCED_FACE('',(#2774),#2785,.F.);
#2774 = FACE_BOUND('',#2775,.F.);
#2775 = EDGE_LOOP('',(#2776,#2782,#2783,#2784));
#2776 = ORIENTED_EDGE('',*,*,#2777,.T.);
#2777 = EDGE_CURVE('',#2404,#2695,#2778,.T.);
#2778 = LINE('',#2779,#2780);
#2779 = CARTESIAN_POINT('',(33.382,-41.932,1.8));
#2780 = VECTOR('',#2781,1.);
#2781 = DIRECTION('',(-0.,-0.,-1.));
#2782 = ORIENTED_EDGE('',*,*,#2694,.T.);
#2783 = ORIENTED_EDGE('',*,*,#2777,.F.);
#2784 = ORIENTED_EDGE('',*,*,#2403,.F.);
#2785 = CYLINDRICAL_SURFACE('',#2786,1.2);
#2786 = AXIS2_PLACEMENT_3D('',#2787,#2788,#2789);
#2787 = CARTESIAN_POINT('',(32.182,-41.932,1.8));
#2788 = DIRECTION('',(0.,0.,1.));
#2789 = DIRECTION('',(1.,0.,0.));
#2790 = ADVANCED_FACE('',(#2791),#2802,.F.);
#2791 = FACE_BOUND('',#2792,.F.);
#2792 = EDGE_LOOP('',(#2793,#2799,#2800,#2801));
#2793 = ORIENTED_EDGE('',*,*,#2794,.T.);
#2794 = EDGE_CURVE('',#2430,#2613,#2795,.T.);
#2795 = LINE('',#2796,#2797);
#2796 = CARTESIAN_POINT('',(-30.982,41.932,1.8));
#2797 = VECTOR('',#2798,1.);
#2798 = DIRECTION('',(-0.,-0.,-1.));
#2799 = ORIENTED_EDGE('',*,*,#2612,.T.);
#2800 = ORIENTED_EDGE('',*,*,#2794,.F.);
#2801 = ORIENTED_EDGE('',*,*,#2429,.F.);
#2802 = CYLINDRICAL_SURFACE('',#2803,1.2);
#2803 = AXIS2_PLACEMENT_3D('',#2804,#2805,#2806);
#2804 = CARTESIAN_POINT('',(-32.182,41.932,1.8));
#2805 = DIRECTION('',(0.,0.,1.));
#2806 = DIRECTION('',(1.,0.,0.));
#2807 = ADVANCED_FACE('',(#2808),#2819,.F.);
#2808 = FACE_BOUND('',#2809,.F.);
#2809 = EDGE_LOOP('',(#2810,#2816,#2817,#2818));
#2810 = ORIENTED_EDGE('',*,*,#2811,.T.);
#2811 = EDGE_CURVE('',#2466,#2635,#2812,.T.);
#2812 = LINE('',#2813,#2814);
#2813 = CARTESIAN_POINT('',(33.382,41.932,1.8));
#2814 = VECTOR('',#2815,1.);
#2815 = DIRECTION('',(-0.,-0.,-1.));
#2816 = ORIENTED_EDGE('',*,*,#2634,.T.);
#2817 = ORIENTED_EDGE('',*,*,#2811,.F.);
#2818 = ORIENTED_EDGE('',*,*,#2465,.F.);
#2819 = CYLINDRICAL_SURFACE('',#2820,1.2);
#2820 = AXIS2_PLACEMENT_3D('',#2821,#2822,#2823);
#2821 = CARTESIAN_POINT('',(32.182,41.932,1.8));
#2822 = DIRECTION('',(0.,0.,1.));
#2823 = DIRECTION('',(1.,0.,0.));
#2824 = ADVANCED_FACE('',(#2825),#2844,.T.);
#2825 = FACE_BOUND('',#2826,.T.);
#2826 = EDGE_LOOP('',(#2827,#2835,#2842,#2843));
#2827 = ORIENTED_EDGE('',*,*,#2828,.T.);
#2828 = EDGE_CURVE('',#2715,#2829,#2831,.T.);
#2829 = VERTEX_POINT('',#2830);
#2830 = CARTESIAN_POINT('',(1.2,-28.25,-7.6));
#2831 = LINE('',#2832,#2833);
#2832 = CARTESIAN_POINT('',(1.2,-28.25,-6.6));
#2833 = VECTOR('',#2834,1.);
#2834 = DIRECTION('',(-0.,-0.,-1.));
#2835 = ORIENTED_EDGE('',*,*,#2836,.T.);
#2836 = EDGE_CURVE('',#2829,#2829,#2837,.T.);
#2837 = CIRCLE('',#2838,1.2);
#2838 = AXIS2_PLACEMENT_3D('',#2839,#2840,#2841);
#2839 = CARTESIAN_POINT('',(0.,-28.25,-7.6));
#2840 = DIRECTION('',(0.,0.,1.));
#2841 = DIRECTION('',(1.,0.,0.));
#2842 = ORIENTED_EDGE('',*,*,#2828,.F.);
#2843 = ORIENTED_EDGE('',*,*,#2714,.F.);
#2844 = CYLINDRICAL_SURFACE('',#2845,1.2);
#2845 = AXIS2_PLACEMENT_3D('',#2846,#2847,#2848);
#2846 = CARTESIAN_POINT('',(0.,-28.25,-6.6));
#2847 = DIRECTION('',(0.,0.,1.));
#2848 = DIRECTION('',(1.,0.,0.));
#2849 = ADVANCED_FACE('',(#2850),#2853,.F.);
#2850 = FACE_BOUND('',#2851,.F.);
#2851 = EDGE_LOOP('',(#2852));
#2852 = ORIENTED_EDGE('',*,*,#2836,.T.);
#2853 = PLANE('',#2854);
#2854 = AXIS2_PLACEMENT_3D('',#2855,#2856,#2857);
#2855 = CARTESIAN_POINT('',(-2.848833609457E-16,-28.25,-7.6));
#2856 = DIRECTION('',(0.,0.,1.));
#2857 = DIRECTION('',(1.,0.,0.));
#2858 = ADVANCED_FACE('',(#2859),#2869,.F.);
#2859 = FACE_BOUND('',#2860,.F.);
#2860 = EDGE_LOOP('',(#2861,#2862,#2867,#2868));
#2861 = ORIENTED_EDGE('',*,*,#2659,.T.);
#2862 = ORIENTED_EDGE('',*,*,#2863,.T.);
#2863 = EDGE_CURVE('',#2660,#2441,#2864,.T.);
#2864 = B_SPLINE_CURVE_WITH_KNOTS('',1,(#2865,#2866),.UNSPECIFIED.,.F.,
  .F.,(2,2),(-7.2,0.),.PIECEWISE_BEZIER_KNOTS.);
#2865 = CARTESIAN_POINT('',(27.2,40.6,-5.4));
#2866 = CARTESIAN_POINT('',(27.2,40.6,1.8));
#2867 = ORIENTED_EDGE('',*,*,#2440,.F.);
#2868 = ORIENTED_EDGE('',*,*,#2863,.F.);
#2869 = CYLINDRICAL_SURFACE('',#2870,0.9);
#2870 = AXIS2_PLACEMENT_3D('',#2871,#2872,#2873);
#2871 = CARTESIAN_POINT('',(26.3,40.6,1.8));
#2872 = DIRECTION('',(0.,0.,1.));
#2873 = DIRECTION('',(1.,0.,0.));
#2874 = ADVANCED_FACE('',(#2875),#2885,.F.);
#2875 = FACE_BOUND('',#2876,.F.);
#2876 = EDGE_LOOP('',(#2877,#2878,#2883,#2884));
#2877 = ORIENTED_EDGE('',*,*,#2670,.T.);
#2878 = ORIENTED_EDGE('',*,*,#2879,.T.);
#2879 = EDGE_CURVE('',#2671,#2455,#2880,.T.);
#2880 = B_SPLINE_CURVE_WITH_KNOTS('',1,(#2881,#2882),.UNSPECIFIED.,.F.,
  .F.,(2,2),(-7.2,0.),.PIECEWISE_BEZIER_KNOTS.);
#2881 = CARTESIAN_POINT('',(29.4,40.6,-5.4));
#2882 = CARTESIAN_POINT('',(29.4,40.6,1.8));
#2883 = ORIENTED_EDGE('',*,*,#2454,.F.);
#2884 = ORIENTED_EDGE('',*,*,#2879,.F.);
#2885 = CYLINDRICAL_SURFACE('',#2886,0.9);
#2886 = AXIS2_PLACEMENT_3D('',#2887,#2888,#2889);
#2887 = CARTESIAN_POINT('',(28.5,40.6,1.8));
#2888 = DIRECTION('',(0.,0.,1.));
#2889 = DIRECTION('',(1.,0.,0.));
#2890 = ( GEOMETRIC_REPRESENTATION_CONTEXT(3) 
GLOBAL_UNCERTAINTY_ASSIGNED_CONTEXT((#2894)) 
GLOBAL_UNIT_ASSIGNED_CONTEXT((#2891,#2892,#2893)) REPRESENTATION_CONTEXT
('Context #1','3D Context with UNIT and UNCERTAINTY') );
#2891 = ( LENGTH_UNIT() NAMED_UNIT(*) SI_UNIT(.MILLI.,.METRE.) );
#2892 = ( NAMED_UNIT(*) PLANE_ANGLE_UNIT() SI_UNIT($,.RADIAN.) );
#2893 = ( NAMED_UNIT(*) SI_UNIT($,.STERADIAN.) SOLID_ANGLE_UNIT() );
#2894 = UNCERTAINTY_MEASURE_WITH_UNIT(LENGTH_MEASURE(2.E-06),#2891,
  'distance_accuracy_value','confusion accuracy');
#2895 = PRODUCT_RELATED_PRODUCT_CATEGORY('part',$,(#7));
#2896 = MECHANICAL_DESIGN_GEOMETRIC_PRESENTATION_REPRESENTATION('',(
    #2897),#2890);
#2897 = STYLED_ITEM('color',(#2898),#15);
#2898 = PRESENTATION_STYLE_ASSIGNMENT((#2899,#2907));
#2899 = SURFACE_STYLE_USAGE(.BOTH.,#2900);
#2900 = SURFACE_SIDE_STYLE('',(#2901,#2905));
#2901 = SURFACE_STYLE_FILL_AREA(#2902);
#2902 = FILL_AREA_STYLE('',(#2903));
#2903 = FILL_AREA_STYLE_COLOUR('',#2904);
#2904 = COLOUR_RGB('',0.447058818107,0.474509808674,0.501960817233);
#2905 = SURFACE_STYLE_RENDERING_WITH_PROPERTIES(.NORMAL_SHADING.,#2904,(
    #2906));
#2906 = SURFACE_STYLE_TRANSPARENT(0.699999988079);
#2907 = CURVE_STYLE('',#2908,POSITIVE_LENGTH_MEASURE(0.1),#2909);
#2908 = DRAUGHTING_PRE_DEFINED_CURVE_FONT('continuous');
#2909 = COLOUR_RGB('',9.803921802644E-02,9.803921802644E-02,
  9.803921802644E-02);
ENDSEC;
END-ISO-10303-21;
