ISO-10303-21;
HEADER;
FILE_DESCRIPTION(('FreeCAD Model'),'2;1');
FILE_NAME('Open CASCADE Shape Model','2026-09-03T14:18:50',(''),(''),
  'Open CASCADE STEP processor 7.9','FreeCAD','Unknown');
FILE_SCHEMA(('AUTOMOTIVE_DESIGN { 1 0 10303 214 1 1 1 1 }'));
ENDSEC;
DATA;
#1 = APPLICATION_PROTOCOL_DEFINITION('international standard',
  'automotive_design',2000,#2);
#2 = APPLICATION_CONTEXT(
  'core data for automotive mechanical design processes');
#3 = SHAPE_DEFINITION_REPRESENTATION(#4,#10);
#4 = PRODUCT_DEFINITION_SHAPE('','',#5);
#5 = PRODUCT_DEFINITION('design','',#6,#9);
#6 = PRODUCT_DEFINITION_FORMATION('','',#7);
#7 = PRODUCT('top','top','',(#8));
#8 = PRODUCT_CONTEXT('',#2,'mechanical');
#9 = PRODUCT_DEFINITION_CONTEXT('part definition',#2,'design');
#10 = ADVANCED_BREP_SHAPE_REPRESENTATION('',(#11,#15),#9458);
#11 = AXIS2_PLACEMENT_3D('',#12,#13,#14);
#12 = CARTESIAN_POINT('',(0.,0.,0.));
#13 = DIRECTION('',(0.,0.,1.));
#14 = DIRECTION('',(1.,0.,-0.));
#15 = MANIFOLD_SOLID_BREP('',#16);
#16 = CLOSED_SHELL('',(#17,#107,#1188,#1213,#1286,#1310,#1352,#1376,
    #1418,#1442,#1500,#1517,#1662,#1743,#1768,#1793,#1862,#1893,#1917,
    #1941,#1965,#1989,#2013,#2037,#2061,#2085,#2109,#2133,#2157,#2181,
    #2205,#2229,#2253,#2277,#2301,#2325,#2349,#2373,#2397,#2421,#2445,
    #2469,#2493,#2517,#2557,#2597,#2622,#2647,#2671,#2695,#2719,#2743,
    #2760,#2791,#2816,#2841,#2865,#2889,#2914,#2939,#2956,#2987,#3012,
    #3036,#3061,#3085,#3110,#3134,#3152,#3183,#3208,#3232,#3257,#3281,
    #3306,#3330,#3348,#3379,#3404,#3428,#3453,#3477,#3502,#3526,#3544,
    #3575,#3600,#3624,#3649,#3673,#3698,#3722,#3740,#3771,#3796,#3820,
    #3845,#3869,#3894,#3918,#3936,#3967,#3992,#4016,#4041,#4065,#4090,
    #4114,#4132,#4163,#4188,#4212,#4237,#4261,#4286,#4310,#4328,#4359,
    #4384,#4408,#4433,#4457,#4482,#4506,#4524,#4555,#4580,#4604,#4629,
    #4653,#4678,#4702,#4720,#4744,#4768,#4792,#4816,#4856,#4872,#4889,
    #4923,#4980,#5025,#5049,#5100,#5121,#5133,#5159,#5183,#5223,#5263,
    #5311,#5335,#5383,#5439,#5487,#5511,#5559,#5615,#5663,#5687,#5735,
    #5794,#5860,#5908,#5932,#5980,#6036,#6084,#6101,#6170,#6194,#6256,
    #6738,#6762,#6803,#6820,#6906,#6922,#6938,#6954,#6970,#6986,#7002,
    #7018,#7034,#7050,#7096,#7138,#7162,#7174,#7217,#7234,#7260,#7311,
    #7342,#7368,#7385,#7396,#7438,#7462,#7500,#7542,#7553,#7570,#7581,
    #7623,#7647,#7685,#7727,#7738,#7755,#7766,#7808,#7873,#7903,#7920,
    #7936,#7948,#7959,#7983,#7999,#8024,#8048,#8066,#8115,#8160,#8184,
    #8222,#8257,#8274,#8285,#8296,#8314,#8331,#8357,#8385,#8411,#8435,
    #8459,#8476,#8502,#8526,#8550,#8567,#8593,#8617,#8641,#8658,#8694,
    #8722,#8763,#8791,#8808,#8834,#8858,#8882,#8899,#8925,#8942,#8970,
    #8992,#9009,#9026,#9043,#9060,#9077,#9094,#9106,#9128,#9145,#9162,
    #9174,#9186,#9208,#9230,#9242,#9254,#9266,#9278,#9300,#9322,#9347,
    #9372,#9397,#9422,#9431,#9440,#9449));
#17 = ADVANCED_FACE('',(#18),#102,.T.);
#18 = FACE_BOUND('',#19,.T.);
#19 = EDGE_LOOP('',(#20,#30,#38,#46,#54,#63,#71,#80,#88,#96));
#20 = ORIENTED_EDGE('',*,*,#21,.F.);
#21 = EDGE_CURVE('',#22,#24,#26,.T.);
#22 = VERTEX_POINT('',#23);
#23 = CARTESIAN_POINT('',(-27.15,-47.95,0.));
#24 = VERTEX_POINT('',#25);
#25 = CARTESIAN_POINT('',(27.15,-47.95,0.));
#26 = LINE('',#27,#28);
#27 = CARTESIAN_POINT('',(-27.15,-47.95,0.));
#28 = VECTOR('',#29,1.);
#29 = DIRECTION('',(1.,0.,0.));
#30 = ORIENTED_EDGE('',*,*,#31,.T.);
#31 = EDGE_CURVE('',#22,#32,#34,.T.);
#32 = VERTEX_POINT('',#33);
#33 = CARTESIAN_POINT('',(-27.15,-47.95,-12.2));
#34 = LINE('',#35,#36);
#35 = CARTESIAN_POINT('',(-27.15,-47.95,0.));
#36 = VECTOR('',#37,1.);
#37 = DIRECTION('',(-0.,-0.,-1.));
#38 = ORIENTED_EDGE('',*,*,#39,.T.);
#39 = EDGE_CURVE('',#32,#40,#42,.T.);
#40 = VERTEX_POINT('',#41);
#41 = CARTESIAN_POINT('',(-4.82,-47.95,-12.2));
#42 = LINE('',#43,#44);
#43 = CARTESIAN_POINT('',(-27.15,-47.95,-12.2));
#44 = VECTOR('',#45,1.);
#45 = DIRECTION('',(1.,0.,0.));
#46 = ORIENTED_EDGE('',*,*,#47,.F.);
#47 = EDGE_CURVE('',#48,#40,#50,.T.);
#48 = VERTEX_POINT('',#49);
#49 = CARTESIAN_POINT('',(-4.82,-47.95,-11.5));
#50 = LINE('',#51,#52);
#51 = CARTESIAN_POINT('',(-4.82,-47.95,-11.5));
#52 = VECTOR('',#53,1.);
#53 = DIRECTION('',(0.,-2.22044604925E-16,-1.));
#54 = ORIENTED_EDGE('',*,*,#55,.F.);
#55 = EDGE_CURVE('',#56,#48,#58,.T.);
#56 = VERTEX_POINT('',#57);
#57 = CARTESIAN_POINT('',(-3.72,-47.95,-10.39999999999));
#58 = CIRCLE('',#59,1.1);
#59 = AXIS2_PLACEMENT_3D('',#60,#61,#62);
#60 = CARTESIAN_POINT('',(-3.72,-47.95,-11.49999999999));
#61 = DIRECTION('',(0.,-1.,2.22044604925E-16));
#62 = DIRECTION('',(1.,0.,0.));
#63 = ORIENTED_EDGE('',*,*,#64,.F.);
#64 = EDGE_CURVE('',#65,#56,#67,.T.);
#65 = VERTEX_POINT('',#66);
#66 = CARTESIAN_POINT('',(3.22,-47.95,-10.39999999999));
#67 = LINE('',#68,#69);
#68 = CARTESIAN_POINT('',(3.22,-47.95,-10.39999999999));
#69 = VECTOR('',#70,1.);
#70 = DIRECTION('',(-1.,0.,0.));
#71 = ORIENTED_EDGE('',*,*,#72,.F.);
#72 = EDGE_CURVE('',#73,#65,#75,.T.);
#73 = VERTEX_POINT('',#74);
#74 = CARTESIAN_POINT('',(4.32,-47.95,-11.49999999999));
#75 = CIRCLE('',#76,1.1);
#76 = AXIS2_PLACEMENT_3D('',#77,#78,#79);
#77 = CARTESIAN_POINT('',(3.22,-47.95,-11.49999999999));
#78 = DIRECTION('',(0.,-1.,2.22044604925E-16));
#79 = DIRECTION('',(1.,0.,0.));
#80 = ORIENTED_EDGE('',*,*,#81,.F.);
#81 = EDGE_CURVE('',#82,#73,#84,.T.);
#82 = VERTEX_POINT('',#83);
#83 = CARTESIAN_POINT('',(4.32,-47.95,-12.2));
#84 = LINE('',#85,#86);
#85 = CARTESIAN_POINT('',(4.32,-47.95,-12.69999999999));
#86 = VECTOR('',#87,1.);
#87 = DIRECTION('',(0.,2.22044604925E-16,1.));
#88 = ORIENTED_EDGE('',*,*,#89,.T.);
#89 = EDGE_CURVE('',#82,#90,#92,.T.);
#90 = VERTEX_POINT('',#91);
#91 = CARTESIAN_POINT('',(27.15,-47.95,-12.2));
#92 = LINE('',#93,#94);
#93 = CARTESIAN_POINT('',(-27.15,-47.95,-12.2));
#94 = VECTOR('',#95,1.);
#95 = DIRECTION('',(1.,0.,0.));
#96 = ORIENTED_EDGE('',*,*,#97,.F.);
#97 = EDGE_CURVE('',#24,#90,#98,.T.);
#98 = LINE('',#99,#100);
#99 = CARTESIAN_POINT('',(27.15,-47.95,0.));
#100 = VECTOR('',#101,1.);
#101 = DIRECTION('',(-0.,-0.,-1.));
#102 = PLANE('',#103);
#103 = AXIS2_PLACEMENT_3D('',#104,#105,#106);
#104 = CARTESIAN_POINT('',(-27.15,-47.95,0.));
#105 = DIRECTION('',(0.,-1.,0.));
#106 = DIRECTION('',(1.,0.,0.));
#107 = ADVANCED_FACE('',(#108,#169,#461,#531,#601,#671,#741,#811,#881,
    #951,#1021,#1091,#1161,#1172),#1183,.T.);
#108 = FACE_BOUND('',#109,.T.);
#109 = EDGE_LOOP('',(#110,#111,#120,#128,#137,#145,#154,#162));
#110 = ORIENTED_EDGE('',*,*,#21,.T.);
#111 = ORIENTED_EDGE('',*,*,#112,.T.);
#112 = EDGE_CURVE('',#24,#113,#115,.T.);
#113 = VERTEX_POINT('',#114);
#114 = CARTESIAN_POINT('',(38.35,-36.75,0.));
#115 = CIRCLE('',#116,11.2);
#116 = AXIS2_PLACEMENT_3D('',#117,#118,#119);
#117 = CARTESIAN_POINT('',(27.15,-36.75,0.));
#118 = DIRECTION('',(0.,0.,1.));
#119 = DIRECTION('',(1.,0.,0.));
#120 = ORIENTED_EDGE('',*,*,#121,.T.);
#121 = EDGE_CURVE('',#113,#122,#124,.T.);
#122 = VERTEX_POINT('',#123);
#123 = CARTESIAN_POINT('',(38.35,36.75,0.));
#124 = LINE('',#125,#126);
#125 = CARTESIAN_POINT('',(38.35,-36.75,0.));
#126 = VECTOR('',#127,1.);
#127 = DIRECTION('',(0.,1.,0.));
#128 = ORIENTED_EDGE('',*,*,#129,.T.);
#129 = EDGE_CURVE('',#122,#130,#132,.T.);
#130 = VERTEX_POINT('',#131);
#131 = CARTESIAN_POINT('',(27.15,47.95,0.));
#132 = CIRCLE('',#133,11.2);
#133 = AXIS2_PLACEMENT_3D('',#134,#135,#136);
#134 = CARTESIAN_POINT('',(27.15,36.75,0.));
#135 = DIRECTION('',(0.,0.,1.));
#136 = DIRECTION('',(1.,0.,0.));
#137 = ORIENTED_EDGE('',*,*,#138,.T.);
#138 = EDGE_CURVE('',#130,#139,#141,.T.);
#139 = VERTEX_POINT('',#140);
#140 = CARTESIAN_POINT('',(-27.15,47.95,0.));
#141 = LINE('',#142,#143);
#142 = CARTESIAN_POINT('',(27.15,47.95,0.));
#143 = VECTOR('',#144,1.);
#144 = DIRECTION('',(-1.,0.,0.));
#145 = ORIENTED_EDGE('',*,*,#146,.T.);
#146 = EDGE_CURVE('',#139,#147,#149,.T.);
#147 = VERTEX_POINT('',#148);
#148 = CARTESIAN_POINT('',(-38.35,36.75,0.));
#149 = CIRCLE('',#150,11.2);
#150 = AXIS2_PLACEMENT_3D('',#151,#152,#153);
#151 = CARTESIAN_POINT('',(-27.15,36.75,0.));
#152 = DIRECTION('',(0.,0.,1.));
#153 = DIRECTION('',(1.,0.,0.));
#154 = ORIENTED_EDGE('',*,*,#155,.T.);
#155 = EDGE_CURVE('',#147,#156,#158,.T.);
#156 = VERTEX_POINT('',#157);
#157 = CARTESIAN_POINT('',(-38.35,-36.75,0.));
#158 = LINE('',#159,#160);
#159 = CARTESIAN_POINT('',(-38.35,36.75,0.));
#160 = VECTOR('',#161,1.);
#161 = DIRECTION('',(0.,-1.,0.));
#162 = ORIENTED_EDGE('',*,*,#163,.T.);
#163 = EDGE_CURVE('',#156,#22,#164,.T.);
#164 = CIRCLE('',#165,11.2);
#165 = AXIS2_PLACEMENT_3D('',#166,#167,#168);
#166 = CARTESIAN_POINT('',(-27.15,-36.75,0.));
#167 = DIRECTION('',(0.,0.,1.));
#168 = DIRECTION('',(1.,0.,0.));
#169 = FACE_BOUND('',#170,.T.);
#170 = EDGE_LOOP('',(#171,#181,#189,#197,#205,#213,#221,#229,#237,#245,
    #253,#261,#269,#277,#285,#293,#302,#310,#318,#326,#334,#342,#351,
    #359,#367,#375,#383,#391,#399,#407,#415,#423,#431,#439,#447,#455));
#171 = ORIENTED_EDGE('',*,*,#172,.F.);
#172 = EDGE_CURVE('',#173,#175,#177,.T.);
#173 = VERTEX_POINT('',#174);
#174 = CARTESIAN_POINT('',(32.7,-10.,0.));
#175 = VERTEX_POINT('',#176);
#176 = CARTESIAN_POINT('',(-32.7,-10.,0.));
#177 = LINE('',#178,#179);
#178 = CARTESIAN_POINT('',(32.7,-10.,0.));
#179 = VECTOR('',#180,1.);
#180 = DIRECTION('',(-1.,0.,0.));
#181 = ORIENTED_EDGE('',*,*,#182,.T.);
#182 = EDGE_CURVE('',#173,#183,#185,.T.);
#183 = VERTEX_POINT('',#184);
#184 = CARTESIAN_POINT('',(32.7,-11.4,0.));
#185 = LINE('',#186,#187);
#186 = CARTESIAN_POINT('',(32.7,-10.,0.));
#187 = VECTOR('',#188,1.);
#188 = DIRECTION('',(0.,-1.,0.));
#189 = ORIENTED_EDGE('',*,*,#190,.T.);
#190 = EDGE_CURVE('',#183,#191,#193,.T.);
#191 = VERTEX_POINT('',#192);
#192 = CARTESIAN_POINT('',(31.65,-11.4,0.));
#193 = LINE('',#194,#195);
#194 = CARTESIAN_POINT('',(32.7,-11.4,0.));
#195 = VECTOR('',#196,1.);
#196 = DIRECTION('',(-1.,0.,0.));
#197 = ORIENTED_EDGE('',*,*,#198,.T.);
#198 = EDGE_CURVE('',#191,#199,#201,.T.);
#199 = VERTEX_POINT('',#200);
#200 = CARTESIAN_POINT('',(31.65,-17.6,0.));
#201 = LINE('',#202,#203);
#202 = CARTESIAN_POINT('',(31.65,-11.4,0.));
#203 = VECTOR('',#204,1.);
#204 = DIRECTION('',(0.,-1.,0.));
#205 = ORIENTED_EDGE('',*,*,#206,.T.);
#206 = EDGE_CURVE('',#199,#207,#209,.T.);
#207 = VERTEX_POINT('',#208);
#208 = CARTESIAN_POINT('',(32.700000000003,-17.6,0.));
#209 = LINE('',#210,#211);
#210 = CARTESIAN_POINT('',(31.65,-17.6,0.));
#211 = VECTOR('',#212,1.);
#212 = DIRECTION('',(1.,0.,0.));
#213 = ORIENTED_EDGE('',*,*,#214,.T.);
#214 = EDGE_CURVE('',#207,#215,#217,.T.);
#215 = VERTEX_POINT('',#216);
#216 = CARTESIAN_POINT('',(32.700000000003,-19.3,0.));
#217 = LINE('',#218,#219);
#218 = CARTESIAN_POINT('',(32.700000000003,-17.6,0.));
#219 = VECTOR('',#220,1.);
#220 = DIRECTION('',(0.,-1.,0.));
#221 = ORIENTED_EDGE('',*,*,#222,.T.);
#222 = EDGE_CURVE('',#215,#223,#225,.T.);
#223 = VERTEX_POINT('',#224);
#224 = CARTESIAN_POINT('',(31.650000000003,-19.3,0.));
#225 = LINE('',#226,#227);
#226 = CARTESIAN_POINT('',(32.700000000003,-19.3,0.));
#227 = VECTOR('',#228,1.);
#228 = DIRECTION('',(-1.,0.,0.));
#229 = ORIENTED_EDGE('',*,*,#230,.T.);
#230 = EDGE_CURVE('',#223,#231,#233,.T.);
#231 = VERTEX_POINT('',#232);
#232 = CARTESIAN_POINT('',(31.650000000003,-25.5,0.));
#233 = LINE('',#234,#235);
#234 = CARTESIAN_POINT('',(31.650000000003,-19.3,0.));
#235 = VECTOR('',#236,1.);
#236 = DIRECTION('',(0.,-1.,0.));
#237 = ORIENTED_EDGE('',*,*,#238,.T.);
#238 = EDGE_CURVE('',#231,#239,#241,.T.);
#239 = VERTEX_POINT('',#240);
#240 = CARTESIAN_POINT('',(32.700000000024,-25.5,0.));
#241 = LINE('',#242,#243);
#242 = CARTESIAN_POINT('',(31.650000000003,-25.5,0.));
#243 = VECTOR('',#244,1.);
#244 = DIRECTION('',(1.,0.,0.));
#245 = ORIENTED_EDGE('',*,*,#246,.T.);
#246 = EDGE_CURVE('',#239,#247,#249,.T.);
#247 = VERTEX_POINT('',#248);
#248 = CARTESIAN_POINT('',(32.700000000024,-27.20000000003,0.));
#249 = LINE('',#250,#251);
#250 = CARTESIAN_POINT('',(32.700000000024,-25.5,0.));
#251 = VECTOR('',#252,1.);
#252 = DIRECTION('',(0.,-1.,0.));
#253 = ORIENTED_EDGE('',*,*,#254,.T.);
#254 = EDGE_CURVE('',#247,#255,#257,.T.);
#255 = VERTEX_POINT('',#256);
#256 = CARTESIAN_POINT('',(31.650000000024,-27.20000000003,0.));
#257 = LINE('',#258,#259);
#258 = CARTESIAN_POINT('',(32.700000000024,-27.20000000003,0.));
#259 = VECTOR('',#260,1.);
#260 = DIRECTION('',(-1.,0.,0.));
#261 = ORIENTED_EDGE('',*,*,#262,.T.);
#262 = EDGE_CURVE('',#255,#263,#265,.T.);
#263 = VERTEX_POINT('',#264);
#264 = CARTESIAN_POINT('',(31.650000000024,-33.40000000003,0.));
#265 = LINE('',#266,#267);
#266 = CARTESIAN_POINT('',(31.650000000024,-27.20000000003,0.));
#267 = VECTOR('',#268,1.);
#268 = DIRECTION('',(0.,-1.,0.));
#269 = ORIENTED_EDGE('',*,*,#270,.T.);
#270 = EDGE_CURVE('',#263,#271,#273,.T.);
#271 = VERTEX_POINT('',#272);
#272 = CARTESIAN_POINT('',(32.700000000023,-33.40000000003,0.));
#273 = LINE('',#274,#275);
#274 = CARTESIAN_POINT('',(31.650000000024,-33.40000000003,0.));
#275 = VECTOR('',#276,1.);
#276 = DIRECTION('',(1.,0.,0.));
#277 = ORIENTED_EDGE('',*,*,#278,.T.);
#278 = EDGE_CURVE('',#271,#279,#281,.T.);
#279 = VERTEX_POINT('',#280);
#280 = CARTESIAN_POINT('',(32.700000000023,-35.10000000003,0.));
#281 = LINE('',#282,#283);
#282 = CARTESIAN_POINT('',(32.700000000023,-33.40000000003,0.));
#283 = VECTOR('',#284,1.);
#284 = DIRECTION('',(0.,-1.,0.));
#285 = ORIENTED_EDGE('',*,*,#286,.T.);
#286 = EDGE_CURVE('',#279,#287,#289,.T.);
#287 = VERTEX_POINT('',#288);
#288 = CARTESIAN_POINT('',(25.750000000002,-35.10000000003,0.));
#289 = LINE('',#290,#291);
#290 = CARTESIAN_POINT('',(31.650000000002,-35.10000000003,0.));
#291 = VECTOR('',#292,1.);
#292 = DIRECTION('',(-1.,0.,0.));
#293 = ORIENTED_EDGE('',*,*,#294,.F.);
#294 = EDGE_CURVE('',#295,#287,#297,.T.);
#295 = VERTEX_POINT('',#296);
#296 = CARTESIAN_POINT('',(21.013298775153,-40.52595798465,0.));
#297 = CIRCLE('',#298,5.05);
#298 = AXIS2_PLACEMENT_3D('',#299,#300,#301);
#299 = CARTESIAN_POINT('',(20.714681433023,-35.4847946583,0.));
#300 = DIRECTION('',(0.,0.,1.));
#301 = DIRECTION('',(1.,0.,0.));
#302 = ORIENTED_EDGE('',*,*,#303,.T.);
#303 = EDGE_CURVE('',#295,#304,#306,.T.);
#304 = VERTEX_POINT('',#305);
#305 = CARTESIAN_POINT('',(11.338589477194,-41.22595798465,0.));
#306 = LINE('',#307,#308);
#307 = CARTESIAN_POINT('',(21.013298775153,-40.52595798465,0.));
#308 = VECTOR('',#309,1.);
#309 = DIRECTION('',(-0.99739271113,-7.216494845361E-02,0.));
#310 = ORIENTED_EDGE('',*,*,#311,.T.);
#311 = EDGE_CURVE('',#304,#312,#314,.T.);
#312 = VERTEX_POINT('',#313);
#313 = CARTESIAN_POINT('',(2.8,-41.57595798465,0.));
#314 = LINE('',#315,#316);
#315 = CARTESIAN_POINT('',(11.338589477194,-41.22595798465,0.));
#316 = VECTOR('',#317,1.);
#317 = DIRECTION('',(-0.999160951691,-4.095598389239E-02,0.));
#318 = ORIENTED_EDGE('',*,*,#319,.F.);
#319 = EDGE_CURVE('',#320,#312,#322,.T.);
#320 = VERTEX_POINT('',#321);
#321 = CARTESIAN_POINT('',(-2.8,-41.57595798465,0.));
#322 = LINE('',#323,#324);
#323 = CARTESIAN_POINT('',(-2.8,-41.57595798465,0.));
#324 = VECTOR('',#325,1.);
#325 = DIRECTION('',(1.,0.,0.));
#326 = ORIENTED_EDGE('',*,*,#327,.F.);
#327 = EDGE_CURVE('',#328,#320,#330,.T.);
#328 = VERTEX_POINT('',#329);
#329 = CARTESIAN_POINT('',(-11.33858947721,-41.22595798449,0.));
#330 = LINE('',#331,#332);
#331 = CARTESIAN_POINT('',(-11.33858947721,-41.22595798449,0.));
#332 = VECTOR('',#333,1.);
#333 = DIRECTION('',(0.99916095169,-4.095598391172E-02,0.));
#334 = ORIENTED_EDGE('',*,*,#335,.F.);
#335 = EDGE_CURVE('',#336,#328,#338,.T.);
#336 = VERTEX_POINT('',#337);
#337 = CARTESIAN_POINT('',(-21.01329877517,-40.52595798449,0.));
#338 = LINE('',#339,#340);
#339 = CARTESIAN_POINT('',(-21.01329877517,-40.52595798449,0.));
#340 = VECTOR('',#341,1.);
#341 = DIRECTION('',(0.99739271113,-7.216494845361E-02,0.));
#342 = ORIENTED_EDGE('',*,*,#343,.F.);
#343 = EDGE_CURVE('',#344,#336,#346,.T.);
#344 = VERTEX_POINT('',#345);
#345 = CARTESIAN_POINT('',(-25.75000000002,-35.09999999986,0.));
#346 = CIRCLE('',#347,5.05);
#347 = AXIS2_PLACEMENT_3D('',#348,#349,#350);
#348 = CARTESIAN_POINT('',(-20.71468143304,-35.48479465813,0.));
#349 = DIRECTION('',(0.,0.,1.));
#350 = DIRECTION('',(1.,0.,0.));
#351 = ORIENTED_EDGE('',*,*,#352,.F.);
#352 = EDGE_CURVE('',#353,#344,#355,.T.);
#353 = VERTEX_POINT('',#354);
#354 = CARTESIAN_POINT('',(-32.7,-35.09999999986,0.));
#355 = LINE('',#356,#357);
#356 = CARTESIAN_POINT('',(-32.7,-35.09999999986,0.));
#357 = VECTOR('',#358,1.);
#358 = DIRECTION('',(1.,0.,0.));
#359 = ORIENTED_EDGE('',*,*,#360,.F.);
#360 = EDGE_CURVE('',#361,#353,#363,.T.);
#361 = VERTEX_POINT('',#362);
#362 = CARTESIAN_POINT('',(-32.7,-33.39999999994,0.));
#363 = LINE('',#364,#365);
#364 = CARTESIAN_POINT('',(-32.7,-33.39999999994,0.));
#365 = VECTOR('',#366,1.);
#366 = DIRECTION('',(0.,-1.,0.));
#367 = ORIENTED_EDGE('',*,*,#368,.F.);
#368 = EDGE_CURVE('',#369,#361,#371,.T.);
#369 = VERTEX_POINT('',#370);
#370 = CARTESIAN_POINT('',(-31.65,-33.39999999994,0.));
#371 = LINE('',#372,#373);
#372 = CARTESIAN_POINT('',(-31.65,-33.39999999994,0.));
#373 = VECTOR('',#374,1.);
#374 = DIRECTION('',(-1.,0.,0.));
#375 = ORIENTED_EDGE('',*,*,#376,.F.);
#376 = EDGE_CURVE('',#377,#369,#379,.T.);
#377 = VERTEX_POINT('',#378);
#378 = CARTESIAN_POINT('',(-31.65,-27.19999999995,0.));
#379 = LINE('',#380,#381);
#380 = CARTESIAN_POINT('',(-31.65,-27.19999999995,0.));
#381 = VECTOR('',#382,1.);
#382 = DIRECTION('',(0.,-1.,0.));
#383 = ORIENTED_EDGE('',*,*,#384,.F.);
#384 = EDGE_CURVE('',#385,#377,#387,.T.);
#385 = VERTEX_POINT('',#386);
#386 = CARTESIAN_POINT('',(-32.7,-27.19999999995,0.));
#387 = LINE('',#388,#389);
#388 = CARTESIAN_POINT('',(-32.7,-27.19999999995,0.));
#389 = VECTOR('',#390,1.);
#390 = DIRECTION('',(1.,0.,0.));
#391 = ORIENTED_EDGE('',*,*,#392,.F.);
#392 = EDGE_CURVE('',#393,#385,#395,.T.);
#393 = VERTEX_POINT('',#394);
#394 = CARTESIAN_POINT('',(-32.7,-25.49999999999,0.));
#395 = LINE('',#396,#397);
#396 = CARTESIAN_POINT('',(-32.7,-25.49999999999,0.));
#397 = VECTOR('',#398,1.);
#398 = DIRECTION('',(0.,-1.,0.));
#399 = ORIENTED_EDGE('',*,*,#400,.F.);
#400 = EDGE_CURVE('',#401,#393,#403,.T.);
#401 = VERTEX_POINT('',#402);
#402 = CARTESIAN_POINT('',(-31.64999999998,-25.49999999999,0.));
#403 = LINE('',#404,#405);
#404 = CARTESIAN_POINT('',(-31.64999999998,-25.49999999999,0.));
#405 = VECTOR('',#406,1.);
#406 = DIRECTION('',(-1.,0.,0.));
#407 = ORIENTED_EDGE('',*,*,#408,.F.);
#408 = EDGE_CURVE('',#409,#401,#411,.T.);
#409 = VERTEX_POINT('',#410);
#410 = CARTESIAN_POINT('',(-31.64999999998,-19.29999999999,0.));
#411 = LINE('',#412,#413);
#412 = CARTESIAN_POINT('',(-31.64999999998,-19.29999999999,0.));
#413 = VECTOR('',#414,1.);
#414 = DIRECTION('',(0.,-1.,0.));
#415 = ORIENTED_EDGE('',*,*,#416,.F.);
#416 = EDGE_CURVE('',#417,#409,#419,.T.);
#417 = VERTEX_POINT('',#418);
#418 = CARTESIAN_POINT('',(-32.7,-19.29999999999,0.));
#419 = LINE('',#420,#421);
#420 = CARTESIAN_POINT('',(-32.7,-19.29999999999,0.));
#421 = VECTOR('',#422,1.);
#422 = DIRECTION('',(1.,0.,0.));
#423 = ORIENTED_EDGE('',*,*,#424,.F.);
#424 = EDGE_CURVE('',#425,#417,#427,.T.);
#425 = VERTEX_POINT('',#426);
#426 = CARTESIAN_POINT('',(-32.7,-17.59999999999,0.));
#427 = LINE('',#428,#429);
#428 = CARTESIAN_POINT('',(-32.7,-17.59999999999,0.));
#429 = VECTOR('',#430,1.);
#430 = DIRECTION('',(0.,-1.,0.));
#431 = ORIENTED_EDGE('',*,*,#432,.F.);
#432 = EDGE_CURVE('',#433,#425,#435,.T.);
#433 = VERTEX_POINT('',#434);
#434 = CARTESIAN_POINT('',(-31.65,-17.59999999999,0.));
#435 = LINE('',#436,#437);
#436 = CARTESIAN_POINT('',(-31.65,-17.59999999999,0.));
#437 = VECTOR('',#438,1.);
#438 = DIRECTION('',(-1.,0.,0.));
#439 = ORIENTED_EDGE('',*,*,#440,.F.);
#440 = EDGE_CURVE('',#441,#433,#443,.T.);
#441 = VERTEX_POINT('',#442);
#442 = CARTESIAN_POINT('',(-31.65,-11.4,0.));
#443 = LINE('',#444,#445);
#444 = CARTESIAN_POINT('',(-31.65,-11.4,0.));
#445 = VECTOR('',#446,1.);
#446 = DIRECTION('',(0.,-1.,0.));
#447 = ORIENTED_EDGE('',*,*,#448,.F.);
#448 = EDGE_CURVE('',#449,#441,#451,.T.);
#449 = VERTEX_POINT('',#450);
#450 = CARTESIAN_POINT('',(-32.7,-11.4,0.));
#451 = LINE('',#452,#453);
#452 = CARTESIAN_POINT('',(-32.7,-11.4,0.));
#453 = VECTOR('',#454,1.);
#454 = DIRECTION('',(1.,0.,0.));
#455 = ORIENTED_EDGE('',*,*,#456,.F.);
#456 = EDGE_CURVE('',#175,#449,#457,.T.);
#457 = LINE('',#458,#459);
#458 = CARTESIAN_POINT('',(-32.7,-10.,0.));
#459 = VECTOR('',#460,1.);
#460 = DIRECTION('',(0.,-1.,0.));
#461 = FACE_BOUND('',#462,.T.);
#462 = EDGE_LOOP('',(#463,#473,#482,#490,#499,#507,#516,#524));
#463 = ORIENTED_EDGE('',*,*,#464,.F.);
#464 = EDGE_CURVE('',#465,#467,#469,.T.);
#465 = VERTEX_POINT('',#466);
#466 = CARTESIAN_POINT('',(-28.05,36.,0.));
#467 = VERTEX_POINT('',#468);
#468 = CARTESIAN_POINT('',(-28.05,-5.,0.));
#469 = LINE('',#470,#471);
#470 = CARTESIAN_POINT('',(-28.05,36.,0.));
#471 = VECTOR('',#472,1.);
#472 = DIRECTION('',(0.,-1.,0.));
#473 = ORIENTED_EDGE('',*,*,#474,.F.);
#474 = EDGE_CURVE('',#475,#465,#477,.T.);
#475 = VERTEX_POINT('',#476);
#476 = CARTESIAN_POINT('',(-27.7,36.35,0.));
#477 = CIRCLE('',#478,0.35);
#478 = AXIS2_PLACEMENT_3D('',#479,#480,#481);
#479 = CARTESIAN_POINT('',(-27.7,36.,0.));
#480 = DIRECTION('',(0.,0.,1.));
#481 = DIRECTION('',(1.,0.,0.));
#482 = ORIENTED_EDGE('',*,*,#483,.F.);
#483 = EDGE_CURVE('',#484,#475,#486,.T.);
#484 = VERTEX_POINT('',#485);
#485 = CARTESIAN_POINT('',(24.9,36.35,0.));
#486 = LINE('',#487,#488);
#487 = CARTESIAN_POINT('',(24.9,36.35,0.));
#488 = VECTOR('',#489,1.);
#489 = DIRECTION('',(-1.,0.,0.));
#490 = ORIENTED_EDGE('',*,*,#491,.F.);
#491 = EDGE_CURVE('',#492,#484,#494,.T.);
#492 = VERTEX_POINT('',#493);
#493 = CARTESIAN_POINT('',(25.25,36.,0.));
#494 = CIRCLE('',#495,0.35);
#495 = AXIS2_PLACEMENT_3D('',#496,#497,#498);
#496 = CARTESIAN_POINT('',(24.9,36.,0.));
#497 = DIRECTION('',(0.,0.,1.));
#498 = DIRECTION('',(1.,0.,0.));
#499 = ORIENTED_EDGE('',*,*,#500,.F.);
#500 = EDGE_CURVE('',#501,#492,#503,.T.);
#501 = VERTEX_POINT('',#502);
#502 = CARTESIAN_POINT('',(25.25,-5.,0.));
#503 = LINE('',#504,#505);
#504 = CARTESIAN_POINT('',(25.25,-5.,0.));
#505 = VECTOR('',#506,1.);
#506 = DIRECTION('',(0.,1.,0.));
#507 = ORIENTED_EDGE('',*,*,#508,.F.);
#508 = EDGE_CURVE('',#509,#501,#511,.T.);
#509 = VERTEX_POINT('',#510);
#510 = CARTESIAN_POINT('',(24.9,-5.35,0.));
#511 = CIRCLE('',#512,0.35);
#512 = AXIS2_PLACEMENT_3D('',#513,#514,#515);
#513 = CARTESIAN_POINT('',(24.9,-5.,0.));
#514 = DIRECTION('',(0.,0.,1.));
#515 = DIRECTION('',(1.,0.,0.));
#516 = ORIENTED_EDGE('',*,*,#517,.F.);
#517 = EDGE_CURVE('',#518,#509,#520,.T.);
#518 = VERTEX_POINT('',#519);
#519 = CARTESIAN_POINT('',(-27.7,-5.35,0.));
#520 = LINE('',#521,#522);
#521 = CARTESIAN_POINT('',(-27.7,-5.35,0.));
#522 = VECTOR('',#523,1.);
#523 = DIRECTION('',(1.,0.,0.));
#524 = ORIENTED_EDGE('',*,*,#525,.F.);
#525 = EDGE_CURVE('',#467,#518,#526,.T.);
#526 = CIRCLE('',#527,0.35);
#527 = AXIS2_PLACEMENT_3D('',#528,#529,#530);
#528 = CARTESIAN_POINT('',(-27.7,-5.,0.));
#529 = DIRECTION('',(0.,0.,1.));
#530 = DIRECTION('',(1.,0.,0.));
#531 = FACE_BOUND('',#532,.T.);
#532 = EDGE_LOOP('',(#533,#543,#552,#560,#569,#577,#586,#594));
#533 = ORIENTED_EDGE('',*,*,#534,.F.);
#534 = EDGE_CURVE('',#535,#537,#539,.T.);
#535 = VERTEX_POINT('',#536);
#536 = CARTESIAN_POINT('',(-14.,42.4,0.));
#537 = VERTEX_POINT('',#538);
#538 = CARTESIAN_POINT('',(-14.,39.2,0.));
#539 = LINE('',#540,#541);
#540 = CARTESIAN_POINT('',(-14.,42.4,0.));
#541 = VECTOR('',#542,1.);
#542 = DIRECTION('',(0.,-1.,0.));
#543 = ORIENTED_EDGE('',*,*,#544,.F.);
#544 = EDGE_CURVE('',#545,#535,#547,.T.);
#545 = VERTEX_POINT('',#546);
#546 = CARTESIAN_POINT('',(-13.6,42.8,0.));
#547 = CIRCLE('',#548,0.4);
#548 = AXIS2_PLACEMENT_3D('',#549,#550,#551);
#549 = CARTESIAN_POINT('',(-13.6,42.4,0.));
#550 = DIRECTION('',(0.,0.,1.));
#551 = DIRECTION('',(1.,0.,0.));
#552 = ORIENTED_EDGE('',*,*,#553,.F.);
#553 = EDGE_CURVE('',#554,#545,#556,.T.);
#554 = VERTEX_POINT('',#555);
#555 = CARTESIAN_POINT('',(-13.2,42.8,0.));
#556 = LINE('',#557,#558);
#557 = CARTESIAN_POINT('',(-13.2,42.8,0.));
#558 = VECTOR('',#559,1.);
#559 = DIRECTION('',(-1.,0.,0.));
#560 = ORIENTED_EDGE('',*,*,#561,.F.);
#561 = EDGE_CURVE('',#562,#554,#564,.T.);
#562 = VERTEX_POINT('',#563);
#563 = CARTESIAN_POINT('',(-12.8,42.4,0.));
#564 = CIRCLE('',#565,0.4);
#565 = AXIS2_PLACEMENT_3D('',#566,#567,#568);
#566 = CARTESIAN_POINT('',(-13.2,42.4,0.));
#567 = DIRECTION('',(0.,0.,1.));
#568 = DIRECTION('',(1.,0.,0.));
#569 = ORIENTED_EDGE('',*,*,#570,.F.);
#570 = EDGE_CURVE('',#571,#562,#573,.T.);
#571 = VERTEX_POINT('',#572);
#572 = CARTESIAN_POINT('',(-12.8,39.2,0.));
#573 = LINE('',#574,#575);
#574 = CARTESIAN_POINT('',(-12.8,39.2,0.));
#575 = VECTOR('',#576,1.);
#576 = DIRECTION('',(0.,1.,0.));
#577 = ORIENTED_EDGE('',*,*,#578,.F.);
#578 = EDGE_CURVE('',#579,#571,#581,.T.);
#579 = VERTEX_POINT('',#580);
#580 = CARTESIAN_POINT('',(-13.2,38.8,0.));
#581 = CIRCLE('',#582,0.4);
#582 = AXIS2_PLACEMENT_3D('',#583,#584,#585);
#583 = CARTESIAN_POINT('',(-13.2,39.2,0.));
#584 = DIRECTION('',(0.,0.,1.));
#585 = DIRECTION('',(1.,0.,0.));
#586 = ORIENTED_EDGE('',*,*,#587,.F.);
#587 = EDGE_CURVE('',#588,#579,#590,.T.);
#588 = VERTEX_POINT('',#589);
#589 = CARTESIAN_POINT('',(-13.6,38.8,0.));
#590 = LINE('',#591,#592);
#591 = CARTESIAN_POINT('',(-13.6,38.8,0.));
#592 = VECTOR('',#593,1.);
#593 = DIRECTION('',(1.,0.,0.));
#594 = ORIENTED_EDGE('',*,*,#595,.F.);
#595 = EDGE_CURVE('',#537,#588,#596,.T.);
#596 = CIRCLE('',#597,0.4);
#597 = AXIS2_PLACEMENT_3D('',#598,#599,#600);
#598 = CARTESIAN_POINT('',(-13.6,39.2,0.));
#599 = DIRECTION('',(0.,0.,1.));
#600 = DIRECTION('',(1.,0.,0.));
#601 = FACE_BOUND('',#602,.T.);
#602 = EDGE_LOOP('',(#603,#613,#622,#630,#639,#647,#656,#664));
#603 = ORIENTED_EDGE('',*,*,#604,.F.);
#604 = EDGE_CURVE('',#605,#607,#609,.T.);
#605 = VERTEX_POINT('',#606);
#606 = CARTESIAN_POINT('',(-10.8,44.3,0.));
#607 = VERTEX_POINT('',#608);
#608 = CARTESIAN_POINT('',(-10.8,39.3,0.));
#609 = LINE('',#610,#611);
#610 = CARTESIAN_POINT('',(-10.8,44.3,0.));
#611 = VECTOR('',#612,1.);
#612 = DIRECTION('',(0.,-1.,0.));
#613 = ORIENTED_EDGE('',*,*,#614,.F.);
#614 = EDGE_CURVE('',#615,#605,#617,.T.);
#615 = VERTEX_POINT('',#616);
#616 = CARTESIAN_POINT('',(-10.3,44.8,0.));
#617 = CIRCLE('',#618,0.5);
#618 = AXIS2_PLACEMENT_3D('',#619,#620,#621);
#619 = CARTESIAN_POINT('',(-10.3,44.3,0.));
#620 = DIRECTION('',(0.,0.,1.));
#621 = DIRECTION('',(1.,0.,0.));
#622 = ORIENTED_EDGE('',*,*,#623,.F.);
#623 = EDGE_CURVE('',#624,#615,#626,.T.);
#624 = VERTEX_POINT('',#625);
#625 = CARTESIAN_POINT('',(-9.9,44.8,0.));
#626 = LINE('',#627,#628);
#627 = CARTESIAN_POINT('',(-9.9,44.8,0.));
#628 = VECTOR('',#629,1.);
#629 = DIRECTION('',(-1.,0.,0.));
#630 = ORIENTED_EDGE('',*,*,#631,.F.);
#631 = EDGE_CURVE('',#632,#624,#634,.T.);
#632 = VERTEX_POINT('',#633);
#633 = CARTESIAN_POINT('',(-9.4,44.3,0.));
#634 = CIRCLE('',#635,0.5);
#635 = AXIS2_PLACEMENT_3D('',#636,#637,#638);
#636 = CARTESIAN_POINT('',(-9.9,44.3,0.));
#637 = DIRECTION('',(0.,0.,1.));
#638 = DIRECTION('',(1.,0.,0.));
#639 = ORIENTED_EDGE('',*,*,#640,.F.);
#640 = EDGE_CURVE('',#641,#632,#643,.T.);
#641 = VERTEX_POINT('',#642);
#642 = CARTESIAN_POINT('',(-9.4,39.3,0.));
#643 = LINE('',#644,#645);
#644 = CARTESIAN_POINT('',(-9.4,39.3,0.));
#645 = VECTOR('',#646,1.);
#646 = DIRECTION('',(0.,1.,0.));
#647 = ORIENTED_EDGE('',*,*,#648,.F.);
#648 = EDGE_CURVE('',#649,#641,#651,.T.);
#649 = VERTEX_POINT('',#650);
#650 = CARTESIAN_POINT('',(-9.9,38.8,0.));
#651 = CIRCLE('',#652,0.5);
#652 = AXIS2_PLACEMENT_3D('',#653,#654,#655);
#653 = CARTESIAN_POINT('',(-9.9,39.3,0.));
#654 = DIRECTION('',(0.,0.,1.));
#655 = DIRECTION('',(1.,0.,0.));
#656 = ORIENTED_EDGE('',*,*,#657,.F.);
#657 = EDGE_CURVE('',#658,#649,#660,.T.);
#658 = VERTEX_POINT('',#659);
#659 = CARTESIAN_POINT('',(-10.3,38.8,0.));
#660 = LINE('',#661,#662);
#661 = CARTESIAN_POINT('',(-10.3,38.8,0.));
#662 = VECTOR('',#663,1.);
#663 = DIRECTION('',(1.,0.,0.));
#664 = ORIENTED_EDGE('',*,*,#665,.F.);
#665 = EDGE_CURVE('',#607,#658,#666,.T.);
#666 = CIRCLE('',#667,0.5);
#667 = AXIS2_PLACEMENT_3D('',#668,#669,#670);
#668 = CARTESIAN_POINT('',(-10.3,39.3,0.));
#669 = DIRECTION('',(0.,0.,1.));
#670 = DIRECTION('',(1.,0.,0.));
#671 = FACE_BOUND('',#672,.T.);
#672 = EDGE_LOOP('',(#673,#683,#692,#700,#709,#717,#726,#734));
#673 = ORIENTED_EDGE('',*,*,#674,.F.);
#674 = EDGE_CURVE('',#675,#677,#679,.T.);
#675 = VERTEX_POINT('',#676);
#676 = CARTESIAN_POINT('',(-7.4,45.3,0.));
#677 = VERTEX_POINT('',#678);
#678 = CARTESIAN_POINT('',(-7.399999999999,38.299999999999,0.));
#679 = LINE('',#680,#681);
#680 = CARTESIAN_POINT('',(-7.399999999999,45.3,0.));
#681 = VECTOR('',#682,1.);
#682 = DIRECTION('',(0.,-1.,0.));
#683 = ORIENTED_EDGE('',*,*,#684,.F.);
#684 = EDGE_CURVE('',#685,#675,#687,.T.);
#685 = VERTEX_POINT('',#686);
#686 = CARTESIAN_POINT('',(-6.9,45.8,0.));
#687 = CIRCLE('',#688,0.5);
#688 = AXIS2_PLACEMENT_3D('',#689,#690,#691);
#689 = CARTESIAN_POINT('',(-6.9,45.3,0.));
#690 = DIRECTION('',(0.,0.,1.));
#691 = DIRECTION('',(1.,0.,0.));
#692 = ORIENTED_EDGE('',*,*,#693,.F.);
#693 = EDGE_CURVE('',#694,#685,#696,.T.);
#694 = VERTEX_POINT('',#695);
#695 = CARTESIAN_POINT('',(-6.5,45.8,0.));
#696 = LINE('',#697,#698);
#697 = CARTESIAN_POINT('',(-6.5,45.8,0.));
#698 = VECTOR('',#699,1.);
#699 = DIRECTION('',(-1.,0.,0.));
#700 = ORIENTED_EDGE('',*,*,#701,.F.);
#701 = EDGE_CURVE('',#702,#694,#704,.T.);
#702 = VERTEX_POINT('',#703);
#703 = CARTESIAN_POINT('',(-6.,45.3,0.));
#704 = CIRCLE('',#705,0.5);
#705 = AXIS2_PLACEMENT_3D('',#706,#707,#708);
#706 = CARTESIAN_POINT('',(-6.5,45.3,0.));
#707 = DIRECTION('',(0.,0.,1.));
#708 = DIRECTION('',(1.,0.,0.));
#709 = ORIENTED_EDGE('',*,*,#710,.F.);
#710 = EDGE_CURVE('',#711,#702,#713,.T.);
#711 = VERTEX_POINT('',#712);
#712 = CARTESIAN_POINT('',(-6.,38.3,0.));
#713 = LINE('',#714,#715);
#714 = CARTESIAN_POINT('',(-6.,38.3,0.));
#715 = VECTOR('',#716,1.);
#716 = DIRECTION('',(0.,1.,0.));
#717 = ORIENTED_EDGE('',*,*,#718,.F.);
#718 = EDGE_CURVE('',#719,#711,#721,.T.);
#719 = VERTEX_POINT('',#720);
#720 = CARTESIAN_POINT('',(-6.5,37.8,0.));
#721 = CIRCLE('',#722,0.5);
#722 = AXIS2_PLACEMENT_3D('',#723,#724,#725);
#723 = CARTESIAN_POINT('',(-6.5,38.3,0.));
#724 = DIRECTION('',(0.,0.,1.));
#725 = DIRECTION('',(1.,0.,0.));
#726 = ORIENTED_EDGE('',*,*,#727,.F.);
#727 = EDGE_CURVE('',#728,#719,#730,.T.);
#728 = VERTEX_POINT('',#729);
#729 = CARTESIAN_POINT('',(-6.9,37.8,0.));
#730 = LINE('',#731,#732);
#731 = CARTESIAN_POINT('',(-6.9,37.8,0.));
#732 = VECTOR('',#733,1.);
#733 = DIRECTION('',(1.,0.,0.));
#734 = ORIENTED_EDGE('',*,*,#735,.F.);
#735 = EDGE_CURVE('',#677,#728,#736,.T.);
#736 = CIRCLE('',#737,0.499999999999);
#737 = AXIS2_PLACEMENT_3D('',#738,#739,#740);
#738 = CARTESIAN_POINT('',(-6.9,38.299999999999,0.));
#739 = DIRECTION('',(0.,0.,1.));
#740 = DIRECTION('',(1.,0.,0.));
#741 = FACE_BOUND('',#742,.T.);
#742 = EDGE_LOOP('',(#743,#753,#762,#770,#779,#787,#796,#804));
#743 = ORIENTED_EDGE('',*,*,#744,.F.);
#744 = EDGE_CURVE('',#745,#747,#749,.T.);
#745 = VERTEX_POINT('',#746);
#746 = CARTESIAN_POINT('',(-4.,44.3,0.));
#747 = VERTEX_POINT('',#748);
#748 = CARTESIAN_POINT('',(-4.,39.3,0.));
#749 = LINE('',#750,#751);
#750 = CARTESIAN_POINT('',(-4.,44.3,0.));
#751 = VECTOR('',#752,1.);
#752 = DIRECTION('',(0.,-1.,0.));
#753 = ORIENTED_EDGE('',*,*,#754,.F.);
#754 = EDGE_CURVE('',#755,#745,#757,.T.);
#755 = VERTEX_POINT('',#756);
#756 = CARTESIAN_POINT('',(-3.5,44.8,0.));
#757 = CIRCLE('',#758,0.5);
#758 = AXIS2_PLACEMENT_3D('',#759,#760,#761);
#759 = CARTESIAN_POINT('',(-3.5,44.3,0.));
#760 = DIRECTION('',(0.,0.,1.));
#761 = DIRECTION('',(1.,0.,0.));
#762 = ORIENTED_EDGE('',*,*,#763,.F.);
#763 = EDGE_CURVE('',#764,#755,#766,.T.);
#764 = VERTEX_POINT('',#765);
#765 = CARTESIAN_POINT('',(-3.1,44.8,0.));
#766 = LINE('',#767,#768);
#767 = CARTESIAN_POINT('',(-3.1,44.8,0.));
#768 = VECTOR('',#769,1.);
#769 = DIRECTION('',(-1.,0.,0.));
#770 = ORIENTED_EDGE('',*,*,#771,.F.);
#771 = EDGE_CURVE('',#772,#764,#774,.T.);
#772 = VERTEX_POINT('',#773);
#773 = CARTESIAN_POINT('',(-2.6,44.3,0.));
#774 = CIRCLE('',#775,0.5);
#775 = AXIS2_PLACEMENT_3D('',#776,#777,#778);
#776 = CARTESIAN_POINT('',(-3.1,44.3,0.));
#777 = DIRECTION('',(0.,0.,1.));
#778 = DIRECTION('',(1.,0.,0.));
#779 = ORIENTED_EDGE('',*,*,#780,.F.);
#780 = EDGE_CURVE('',#781,#772,#783,.T.);
#781 = VERTEX_POINT('',#782);
#782 = CARTESIAN_POINT('',(-2.6,39.3,0.));
#783 = LINE('',#784,#785);
#784 = CARTESIAN_POINT('',(-2.6,39.3,0.));
#785 = VECTOR('',#786,1.);
#786 = DIRECTION('',(0.,1.,0.));
#787 = ORIENTED_EDGE('',*,*,#788,.F.);
#788 = EDGE_CURVE('',#789,#781,#791,.T.);
#789 = VERTEX_POINT('',#790);
#790 = CARTESIAN_POINT('',(-3.1,38.8,0.));
#791 = CIRCLE('',#792,0.5);
#792 = AXIS2_PLACEMENT_3D('',#793,#794,#795);
#793 = CARTESIAN_POINT('',(-3.1,39.3,0.));
#794 = DIRECTION('',(0.,0.,1.));
#795 = DIRECTION('',(1.,0.,0.));
#796 = ORIENTED_EDGE('',*,*,#797,.F.);
#797 = EDGE_CURVE('',#798,#789,#800,.T.);
#798 = VERTEX_POINT('',#799);
#799 = CARTESIAN_POINT('',(-3.5,38.8,0.));
#800 = LINE('',#801,#802);
#801 = CARTESIAN_POINT('',(-3.5,38.8,0.));
#802 = VECTOR('',#803,1.);
#803 = DIRECTION('',(1.,0.,0.));
#804 = ORIENTED_EDGE('',*,*,#805,.F.);
#805 = EDGE_CURVE('',#747,#798,#806,.T.);
#806 = CIRCLE('',#807,0.5);
#807 = AXIS2_PLACEMENT_3D('',#808,#809,#810);
#808 = CARTESIAN_POINT('',(-3.5,39.3,0.));
#809 = DIRECTION('',(0.,0.,1.));
#810 = DIRECTION('',(1.,0.,0.));
#811 = FACE_BOUND('',#812,.T.);
#812 = EDGE_LOOP('',(#813,#823,#832,#840,#849,#857,#866,#874));
#813 = ORIENTED_EDGE('',*,*,#814,.F.);
#814 = EDGE_CURVE('',#815,#817,#819,.T.);
#815 = VERTEX_POINT('',#816);
#816 = CARTESIAN_POINT('',(-0.6,42.4,0.));
#817 = VERTEX_POINT('',#818);
#818 = CARTESIAN_POINT('',(-0.6,39.2,0.));
#819 = LINE('',#820,#821);
#820 = CARTESIAN_POINT('',(-0.6,42.4,0.));
#821 = VECTOR('',#822,1.);
#822 = DIRECTION('',(0.,-1.,0.));
#823 = ORIENTED_EDGE('',*,*,#824,.F.);
#824 = EDGE_CURVE('',#825,#815,#827,.T.);
#825 = VERTEX_POINT('',#826);
#826 = CARTESIAN_POINT('',(-0.2,42.8,0.));
#827 = CIRCLE('',#828,0.4);
#828 = AXIS2_PLACEMENT_3D('',#829,#830,#831);
#829 = CARTESIAN_POINT('',(-0.2,42.4,0.));
#830 = DIRECTION('',(0.,0.,1.));
#831 = DIRECTION('',(1.,0.,0.));
#832 = ORIENTED_EDGE('',*,*,#833,.F.);
#833 = EDGE_CURVE('',#834,#825,#836,.T.);
#834 = VERTEX_POINT('',#835);
#835 = CARTESIAN_POINT('',(0.2,42.8,0.));
#836 = LINE('',#837,#838);
#837 = CARTESIAN_POINT('',(0.2,42.8,0.));
#838 = VECTOR('',#839,1.);
#839 = DIRECTION('',(-1.,0.,0.));
#840 = ORIENTED_EDGE('',*,*,#841,.F.);
#841 = EDGE_CURVE('',#842,#834,#844,.T.);
#842 = VERTEX_POINT('',#843);
#843 = CARTESIAN_POINT('',(0.6,42.4,0.));
#844 = CIRCLE('',#845,0.4);
#845 = AXIS2_PLACEMENT_3D('',#846,#847,#848);
#846 = CARTESIAN_POINT('',(0.2,42.4,0.));
#847 = DIRECTION('',(0.,0.,1.));
#848 = DIRECTION('',(1.,0.,0.));
#849 = ORIENTED_EDGE('',*,*,#850,.F.);
#850 = EDGE_CURVE('',#851,#842,#853,.T.);
#851 = VERTEX_POINT('',#852);
#852 = CARTESIAN_POINT('',(0.6,39.2,0.));
#853 = LINE('',#854,#855);
#854 = CARTESIAN_POINT('',(0.6,39.2,0.));
#855 = VECTOR('',#856,1.);
#856 = DIRECTION('',(0.,1.,0.));
#857 = ORIENTED_EDGE('',*,*,#858,.F.);
#858 = EDGE_CURVE('',#859,#851,#861,.T.);
#859 = VERTEX_POINT('',#860);
#860 = CARTESIAN_POINT('',(0.2,38.8,0.));
#861 = CIRCLE('',#862,0.4);
#862 = AXIS2_PLACEMENT_3D('',#863,#864,#865);
#863 = CARTESIAN_POINT('',(0.2,39.2,0.));
#864 = DIRECTION('',(0.,0.,1.));
#865 = DIRECTION('',(1.,0.,0.));
#866 = ORIENTED_EDGE('',*,*,#867,.F.);
#867 = EDGE_CURVE('',#868,#859,#870,.T.);
#868 = VERTEX_POINT('',#869);
#869 = CARTESIAN_POINT('',(-0.2,38.8,0.));
#870 = LINE('',#871,#872);
#871 = CARTESIAN_POINT('',(-0.2,38.8,0.));
#872 = VECTOR('',#873,1.);
#873 = DIRECTION('',(1.,0.,0.));
#874 = ORIENTED_EDGE('',*,*,#875,.F.);
#875 = EDGE_CURVE('',#817,#868,#876,.T.);
#876 = CIRCLE('',#877,0.4);
#877 = AXIS2_PLACEMENT_3D('',#878,#879,#880);
#878 = CARTESIAN_POINT('',(-0.2,39.2,0.));
#879 = DIRECTION('',(0.,0.,1.));
#880 = DIRECTION('',(1.,0.,0.));
#881 = FACE_BOUND('',#882,.T.);
#882 = EDGE_LOOP('',(#883,#893,#902,#910,#919,#927,#936,#944));
#883 = ORIENTED_EDGE('',*,*,#884,.F.);
#884 = EDGE_CURVE('',#885,#887,#889,.T.);
#885 = VERTEX_POINT('',#886);
#886 = CARTESIAN_POINT('',(2.6,44.3,0.));
#887 = VERTEX_POINT('',#888);
#888 = CARTESIAN_POINT('',(2.6,39.3,0.));
#889 = LINE('',#890,#891);
#890 = CARTESIAN_POINT('',(2.6,44.3,0.));
#891 = VECTOR('',#892,1.);
#892 = DIRECTION('',(0.,-1.,0.));
#893 = ORIENTED_EDGE('',*,*,#894,.F.);
#894 = EDGE_CURVE('',#895,#885,#897,.T.);
#895 = VERTEX_POINT('',#896);
#896 = CARTESIAN_POINT('',(3.1,44.8,0.));
#897 = CIRCLE('',#898,0.5);
#898 = AXIS2_PLACEMENT_3D('',#899,#900,#901);
#899 = CARTESIAN_POINT('',(3.1,44.3,0.));
#900 = DIRECTION('',(0.,0.,1.));
#901 = DIRECTION('',(1.,0.,0.));
#902 = ORIENTED_EDGE('',*,*,#903,.F.);
#903 = EDGE_CURVE('',#904,#895,#906,.T.);
#904 = VERTEX_POINT('',#905);
#905 = CARTESIAN_POINT('',(3.5,44.8,0.));
#906 = LINE('',#907,#908);
#907 = CARTESIAN_POINT('',(3.5,44.8,0.));
#908 = VECTOR('',#909,1.);
#909 = DIRECTION('',(-1.,0.,0.));
#910 = ORIENTED_EDGE('',*,*,#911,.F.);
#911 = EDGE_CURVE('',#912,#904,#914,.T.);
#912 = VERTEX_POINT('',#913);
#913 = CARTESIAN_POINT('',(4.,44.3,0.));
#914 = CIRCLE('',#915,0.5);
#915 = AXIS2_PLACEMENT_3D('',#916,#917,#918);
#916 = CARTESIAN_POINT('',(3.5,44.3,0.));
#917 = DIRECTION('',(0.,0.,1.));
#918 = DIRECTION('',(1.,0.,0.));
#919 = ORIENTED_EDGE('',*,*,#920,.F.);
#920 = EDGE_CURVE('',#921,#912,#923,.T.);
#921 = VERTEX_POINT('',#922);
#922 = CARTESIAN_POINT('',(4.,39.3,0.));
#923 = LINE('',#924,#925);
#924 = CARTESIAN_POINT('',(4.,39.3,0.));
#925 = VECTOR('',#926,1.);
#926 = DIRECTION('',(0.,1.,0.));
#927 = ORIENTED_EDGE('',*,*,#928,.F.);
#928 = EDGE_CURVE('',#929,#921,#931,.T.);
#929 = VERTEX_POINT('',#930);
#930 = CARTESIAN_POINT('',(3.5,38.8,0.));
#931 = CIRCLE('',#932,0.5);
#932 = AXIS2_PLACEMENT_3D('',#933,#934,#935);
#933 = CARTESIAN_POINT('',(3.5,39.3,0.));
#934 = DIRECTION('',(0.,0.,1.));
#935 = DIRECTION('',(1.,0.,0.));
#936 = ORIENTED_EDGE('',*,*,#937,.F.);
#937 = EDGE_CURVE('',#938,#929,#940,.T.);
#938 = VERTEX_POINT('',#939);
#939 = CARTESIAN_POINT('',(3.1,38.8,0.));
#940 = LINE('',#941,#942);
#941 = CARTESIAN_POINT('',(3.1,38.8,0.));
#942 = VECTOR('',#943,1.);
#943 = DIRECTION('',(1.,0.,0.));
#944 = ORIENTED_EDGE('',*,*,#945,.F.);
#945 = EDGE_CURVE('',#887,#938,#946,.T.);
#946 = CIRCLE('',#947,0.5);
#947 = AXIS2_PLACEMENT_3D('',#948,#949,#950);
#948 = CARTESIAN_POINT('',(3.1,39.3,0.));
#949 = DIRECTION('',(0.,0.,1.));
#950 = DIRECTION('',(1.,0.,0.));
#951 = FACE_BOUND('',#952,.T.);
#952 = EDGE_LOOP('',(#953,#963,#972,#980,#989,#997,#1006,#1014));
#953 = ORIENTED_EDGE('',*,*,#954,.F.);
#954 = EDGE_CURVE('',#955,#957,#959,.T.);
#955 = VERTEX_POINT('',#956);
#956 = CARTESIAN_POINT('',(6.,45.3,0.));
#957 = VERTEX_POINT('',#958);
#958 = CARTESIAN_POINT('',(6.,38.3,0.));
#959 = LINE('',#960,#961);
#960 = CARTESIAN_POINT('',(6.,45.3,0.));
#961 = VECTOR('',#962,1.);
#962 = DIRECTION('',(0.,-1.,0.));
#963 = ORIENTED_EDGE('',*,*,#964,.F.);
#964 = EDGE_CURVE('',#965,#955,#967,.T.);
#965 = VERTEX_POINT('',#966);
#966 = CARTESIAN_POINT('',(6.5,45.8,0.));
#967 = CIRCLE('',#968,0.5);
#968 = AXIS2_PLACEMENT_3D('',#969,#970,#971);
#969 = CARTESIAN_POINT('',(6.5,45.3,0.));
#970 = DIRECTION('',(0.,0.,1.));
#971 = DIRECTION('',(1.,0.,0.));
#972 = ORIENTED_EDGE('',*,*,#973,.F.);
#973 = EDGE_CURVE('',#974,#965,#976,.T.);
#974 = VERTEX_POINT('',#975);
#975 = CARTESIAN_POINT('',(6.9,45.8,0.));
#976 = LINE('',#977,#978);
#977 = CARTESIAN_POINT('',(6.9,45.8,0.));
#978 = VECTOR('',#979,1.);
#979 = DIRECTION('',(-1.,0.,0.));
#980 = ORIENTED_EDGE('',*,*,#981,.F.);
#981 = EDGE_CURVE('',#982,#974,#984,.T.);
#982 = VERTEX_POINT('',#983);
#983 = CARTESIAN_POINT('',(7.4,45.3,0.));
#984 = CIRCLE('',#985,0.5);
#985 = AXIS2_PLACEMENT_3D('',#986,#987,#988);
#986 = CARTESIAN_POINT('',(6.9,45.3,0.));
#987 = DIRECTION('',(0.,0.,1.));
#988 = DIRECTION('',(1.,0.,0.));
#989 = ORIENTED_EDGE('',*,*,#990,.F.);
#990 = EDGE_CURVE('',#991,#982,#993,.T.);
#991 = VERTEX_POINT('',#992);
#992 = CARTESIAN_POINT('',(7.4,38.3,0.));
#993 = LINE('',#994,#995);
#994 = CARTESIAN_POINT('',(7.4,38.3,0.));
#995 = VECTOR('',#996,1.);
#996 = DIRECTION('',(0.,1.,0.));
#997 = ORIENTED_EDGE('',*,*,#998,.F.);
#998 = EDGE_CURVE('',#999,#991,#1001,.T.);
#999 = VERTEX_POINT('',#1000);
#1000 = CARTESIAN_POINT('',(6.9,37.8,0.));
#1001 = CIRCLE('',#1002,0.5);
#1002 = AXIS2_PLACEMENT_3D('',#1003,#1004,#1005);
#1003 = CARTESIAN_POINT('',(6.9,38.3,0.));
#1004 = DIRECTION('',(0.,0.,1.));
#1005 = DIRECTION('',(1.,0.,0.));
#1006 = ORIENTED_EDGE('',*,*,#1007,.F.);
#1007 = EDGE_CURVE('',#1008,#999,#1010,.T.);
#1008 = VERTEX_POINT('',#1009);
#1009 = CARTESIAN_POINT('',(6.5,37.8,0.));
#1010 = LINE('',#1011,#1012);
#1011 = CARTESIAN_POINT('',(6.5,37.8,0.));
#1012 = VECTOR('',#1013,1.);
#1013 = DIRECTION('',(1.,0.,0.));
#1014 = ORIENTED_EDGE('',*,*,#1015,.F.);
#1015 = EDGE_CURVE('',#957,#1008,#1016,.T.);
#1016 = CIRCLE('',#1017,0.5);
#1017 = AXIS2_PLACEMENT_3D('',#1018,#1019,#1020);
#1018 = CARTESIAN_POINT('',(6.5,38.3,0.));
#1019 = DIRECTION('',(0.,0.,1.));
#1020 = DIRECTION('',(1.,0.,0.));
#1021 = FACE_BOUND('',#1022,.T.);
#1022 = EDGE_LOOP('',(#1023,#1033,#1042,#1050,#1059,#1067,#1076,#1084));
#1023 = ORIENTED_EDGE('',*,*,#1024,.F.);
#1024 = EDGE_CURVE('',#1025,#1027,#1029,.T.);
#1025 = VERTEX_POINT('',#1026);
#1026 = CARTESIAN_POINT('',(9.4,44.3,0.));
#1027 = VERTEX_POINT('',#1028);
#1028 = CARTESIAN_POINT('',(9.4,39.3,0.));
#1029 = LINE('',#1030,#1031);
#1030 = CARTESIAN_POINT('',(9.4,44.3,0.));
#1031 = VECTOR('',#1032,1.);
#1032 = DIRECTION('',(0.,-1.,0.));
#1033 = ORIENTED_EDGE('',*,*,#1034,.F.);
#1034 = EDGE_CURVE('',#1035,#1025,#1037,.T.);
#1035 = VERTEX_POINT('',#1036);
#1036 = CARTESIAN_POINT('',(9.9,44.8,0.));
#1037 = CIRCLE('',#1038,0.5);
#1038 = AXIS2_PLACEMENT_3D('',#1039,#1040,#1041);
#1039 = CARTESIAN_POINT('',(9.9,44.3,0.));
#1040 = DIRECTION('',(0.,0.,1.));
#1041 = DIRECTION('',(1.,0.,0.));
#1042 = ORIENTED_EDGE('',*,*,#1043,.F.);
#1043 = EDGE_CURVE('',#1044,#1035,#1046,.T.);
#1044 = VERTEX_POINT('',#1045);
#1045 = CARTESIAN_POINT('',(10.3,44.8,0.));
#1046 = LINE('',#1047,#1048);
#1047 = CARTESIAN_POINT('',(10.3,44.8,0.));
#1048 = VECTOR('',#1049,1.);
#1049 = DIRECTION('',(-1.,0.,0.));
#1050 = ORIENTED_EDGE('',*,*,#1051,.F.);
#1051 = EDGE_CURVE('',#1052,#1044,#1054,.T.);
#1052 = VERTEX_POINT('',#1053);
#1053 = CARTESIAN_POINT('',(10.8,44.3,0.));
#1054 = CIRCLE('',#1055,0.5);
#1055 = AXIS2_PLACEMENT_3D('',#1056,#1057,#1058);
#1056 = CARTESIAN_POINT('',(10.3,44.3,0.));
#1057 = DIRECTION('',(0.,0.,1.));
#1058 = DIRECTION('',(1.,0.,0.));
#1059 = ORIENTED_EDGE('',*,*,#1060,.F.);
#1060 = EDGE_CURVE('',#1061,#1052,#1063,.T.);
#1061 = VERTEX_POINT('',#1062);
#1062 = CARTESIAN_POINT('',(10.8,39.3,0.));
#1063 = LINE('',#1064,#1065);
#1064 = CARTESIAN_POINT('',(10.8,39.3,0.));
#1065 = VECTOR('',#1066,1.);
#1066 = DIRECTION('',(0.,1.,0.));
#1067 = ORIENTED_EDGE('',*,*,#1068,.F.);
#1068 = EDGE_CURVE('',#1069,#1061,#1071,.T.);
#1069 = VERTEX_POINT('',#1070);
#1070 = CARTESIAN_POINT('',(10.3,38.8,0.));
#1071 = CIRCLE('',#1072,0.5);
#1072 = AXIS2_PLACEMENT_3D('',#1073,#1074,#1075);
#1073 = CARTESIAN_POINT('',(10.3,39.3,0.));
#1074 = DIRECTION('',(0.,0.,1.));
#1075 = DIRECTION('',(1.,0.,0.));
#1076 = ORIENTED_EDGE('',*,*,#1077,.F.);
#1077 = EDGE_CURVE('',#1078,#1069,#1080,.T.);
#1078 = VERTEX_POINT('',#1079);
#1079 = CARTESIAN_POINT('',(9.9,38.8,0.));
#1080 = LINE('',#1081,#1082);
#1081 = CARTESIAN_POINT('',(9.9,38.8,0.));
#1082 = VECTOR('',#1083,1.);
#1083 = DIRECTION('',(1.,0.,0.));
#1084 = ORIENTED_EDGE('',*,*,#1085,.F.);
#1085 = EDGE_CURVE('',#1027,#1078,#1086,.T.);
#1086 = CIRCLE('',#1087,0.5);
#1087 = AXIS2_PLACEMENT_3D('',#1088,#1089,#1090);
#1088 = CARTESIAN_POINT('',(9.9,39.3,0.));
#1089 = DIRECTION('',(0.,0.,1.));
#1090 = DIRECTION('',(1.,0.,0.));
#1091 = FACE_BOUND('',#1092,.T.);
#1092 = EDGE_LOOP('',(#1093,#1103,#1112,#1120,#1129,#1137,#1146,#1154));
#1093 = ORIENTED_EDGE('',*,*,#1094,.F.);
#1094 = EDGE_CURVE('',#1095,#1097,#1099,.T.);
#1095 = VERTEX_POINT('',#1096);
#1096 = CARTESIAN_POINT('',(12.8,42.4,0.));
#1097 = VERTEX_POINT('',#1098);
#1098 = CARTESIAN_POINT('',(12.8,39.2,0.));
#1099 = LINE('',#1100,#1101);
#1100 = CARTESIAN_POINT('',(12.8,42.4,0.));
#1101 = VECTOR('',#1102,1.);
#1102 = DIRECTION('',(0.,-1.,0.));
#1103 = ORIENTED_EDGE('',*,*,#1104,.F.);
#1104 = EDGE_CURVE('',#1105,#1095,#1107,.T.);
#1105 = VERTEX_POINT('',#1106);
#1106 = CARTESIAN_POINT('',(13.2,42.8,0.));
#1107 = CIRCLE('',#1108,0.4);
#1108 = AXIS2_PLACEMENT_3D('',#1109,#1110,#1111);
#1109 = CARTESIAN_POINT('',(13.2,42.4,0.));
#1110 = DIRECTION('',(0.,0.,1.));
#1111 = DIRECTION('',(1.,0.,0.));
#1112 = ORIENTED_EDGE('',*,*,#1113,.F.);
#1113 = EDGE_CURVE('',#1114,#1105,#1116,.T.);
#1114 = VERTEX_POINT('',#1115);
#1115 = CARTESIAN_POINT('',(13.6,42.8,0.));
#1116 = LINE('',#1117,#1118);
#1117 = CARTESIAN_POINT('',(13.6,42.8,0.));
#1118 = VECTOR('',#1119,1.);
#1119 = DIRECTION('',(-1.,0.,0.));
#1120 = ORIENTED_EDGE('',*,*,#1121,.F.);
#1121 = EDGE_CURVE('',#1122,#1114,#1124,.T.);
#1122 = VERTEX_POINT('',#1123);
#1123 = CARTESIAN_POINT('',(14.,42.4,0.));
#1124 = CIRCLE('',#1125,0.4);
#1125 = AXIS2_PLACEMENT_3D('',#1126,#1127,#1128);
#1126 = CARTESIAN_POINT('',(13.6,42.4,0.));
#1127 = DIRECTION('',(0.,0.,1.));
#1128 = DIRECTION('',(1.,0.,0.));
#1129 = ORIENTED_EDGE('',*,*,#1130,.F.);
#1130 = EDGE_CURVE('',#1131,#1122,#1133,.T.);
#1131 = VERTEX_POINT('',#1132);
#1132 = CARTESIAN_POINT('',(14.,39.2,0.));
#1133 = LINE('',#1134,#1135);
#1134 = CARTESIAN_POINT('',(14.,39.2,0.));
#1135 = VECTOR('',#1136,1.);
#1136 = DIRECTION('',(0.,1.,0.));
#1137 = ORIENTED_EDGE('',*,*,#1138,.F.);
#1138 = EDGE_CURVE('',#1139,#1131,#1141,.T.);
#1139 = VERTEX_POINT('',#1140);
#1140 = CARTESIAN_POINT('',(13.6,38.8,0.));
#1141 = CIRCLE('',#1142,0.4);
#1142 = AXIS2_PLACEMENT_3D('',#1143,#1144,#1145);
#1143 = CARTESIAN_POINT('',(13.6,39.2,0.));
#1144 = DIRECTION('',(0.,0.,1.));
#1145 = DIRECTION('',(1.,0.,0.));
#1146 = ORIENTED_EDGE('',*,*,#1147,.F.);
#1147 = EDGE_CURVE('',#1148,#1139,#1150,.T.);
#1148 = VERTEX_POINT('',#1149);
#1149 = CARTESIAN_POINT('',(13.2,38.8,0.));
#1150 = LINE('',#1151,#1152);
#1151 = CARTESIAN_POINT('',(13.2,38.8,0.));
#1152 = VECTOR('',#1153,1.);
#1153 = DIRECTION('',(1.,0.,0.));
#1154 = ORIENTED_EDGE('',*,*,#1155,.F.);
#1155 = EDGE_CURVE('',#1097,#1148,#1156,.T.);
#1156 = CIRCLE('',#1157,0.4);
#1157 = AXIS2_PLACEMENT_3D('',#1158,#1159,#1160);
#1158 = CARTESIAN_POINT('',(13.2,39.2,0.));
#1159 = DIRECTION('',(0.,0.,1.));
#1160 = DIRECTION('',(1.,0.,0.));
#1161 = FACE_BOUND('',#1162,.T.);
#1162 = EDGE_LOOP('',(#1163));
#1163 = ORIENTED_EDGE('',*,*,#1164,.F.);
#1164 = EDGE_CURVE('',#1165,#1165,#1167,.T.);
#1165 = VERTEX_POINT('',#1166);
#1166 = CARTESIAN_POINT('',(27.2,40.6,0.));
#1167 = CIRCLE('',#1168,0.9);
#1168 = AXIS2_PLACEMENT_3D('',#1169,#1170,#1171);
#1169 = CARTESIAN_POINT('',(26.3,40.6,0.));
#1170 = DIRECTION('',(0.,0.,1.));
#1171 = DIRECTION('',(1.,0.,0.));
#1172 = FACE_BOUND('',#1173,.T.);
#1173 = EDGE_LOOP('',(#1174));
#1174 = ORIENTED_EDGE('',*,*,#1175,.F.);
#1175 = EDGE_CURVE('',#1176,#1176,#1178,.T.);
#1176 = VERTEX_POINT('',#1177);
#1177 = CARTESIAN_POINT('',(29.4,40.6,0.));
#1178 = CIRCLE('',#1179,0.9);
#1179 = AXIS2_PLACEMENT_3D('',#1180,#1181,#1182);
#1180 = CARTESIAN_POINT('',(28.5,40.6,0.));
#1181 = DIRECTION('',(0.,0.,1.));
#1182 = DIRECTION('',(1.,0.,0.));
#1183 = PLANE('',#1184);
#1184 = AXIS2_PLACEMENT_3D('',#1185,#1186,#1187);
#1185 = CARTESIAN_POINT('',(-4.632493799393E-15,-9.702015315709E-15,0.)
  );
#1186 = DIRECTION('',(0.,0.,1.));
#1187 = DIRECTION('',(1.,0.,0.));
#1188 = ADVANCED_FACE('',(#1189),#1208,.T.);
#1189 = FACE_BOUND('',#1190,.T.);
#1190 = EDGE_LOOP('',(#1191,#1192,#1201,#1207));
#1191 = ORIENTED_EDGE('',*,*,#97,.T.);
#1192 = ORIENTED_EDGE('',*,*,#1193,.T.);
#1193 = EDGE_CURVE('',#90,#1194,#1196,.T.);
#1194 = VERTEX_POINT('',#1195);
#1195 = CARTESIAN_POINT('',(38.35,-36.75,-12.2));
#1196 = CIRCLE('',#1197,11.2);
#1197 = AXIS2_PLACEMENT_3D('',#1198,#1199,#1200);
#1198 = CARTESIAN_POINT('',(27.15,-36.75,-12.2));
#1199 = DIRECTION('',(0.,0.,1.));
#1200 = DIRECTION('',(1.,0.,0.));
#1201 = ORIENTED_EDGE('',*,*,#1202,.F.);
#1202 = EDGE_CURVE('',#113,#1194,#1203,.T.);
#1203 = LINE('',#1204,#1205);
#1204 = CARTESIAN_POINT('',(38.35,-36.75,0.));
#1205 = VECTOR('',#1206,1.);
#1206 = DIRECTION('',(-0.,-0.,-1.));
#1207 = ORIENTED_EDGE('',*,*,#112,.F.);
#1208 = CYLINDRICAL_SURFACE('',#1209,11.2);
#1209 = AXIS2_PLACEMENT_3D('',#1210,#1211,#1212);
#1210 = CARTESIAN_POINT('',(27.15,-36.75,0.));
#1211 = DIRECTION('',(0.,0.,1.));
#1212 = DIRECTION('',(1.,0.,0.));
#1213 = ADVANCED_FACE('',(#1214),#1281,.F.);
#1214 = FACE_BOUND('',#1215,.F.);
#1215 = EDGE_LOOP('',(#1216,#1226,#1232,#1233,#1234,#1242,#1250,#1258,
    #1266,#1274));
#1216 = ORIENTED_EDGE('',*,*,#1217,.F.);
#1217 = EDGE_CURVE('',#1218,#1220,#1222,.T.);
#1218 = VERTEX_POINT('',#1219);
#1219 = CARTESIAN_POINT('',(4.32,-46.95,-12.2));
#1220 = VERTEX_POINT('',#1221);
#1221 = CARTESIAN_POINT('',(27.149999999997,-46.95,-12.2));
#1222 = LINE('',#1223,#1224);
#1223 = CARTESIAN_POINT('',(-27.15,-46.95,-12.2));
#1224 = VECTOR('',#1225,1.);
#1225 = DIRECTION('',(1.,0.,0.));
#1226 = ORIENTED_EDGE('',*,*,#1227,.F.);
#1227 = EDGE_CURVE('',#82,#1218,#1228,.T.);
#1228 = LINE('',#1229,#1230);
#1229 = CARTESIAN_POINT('',(4.32,-23.975,-12.2));
#1230 = VECTOR('',#1231,1.);
#1231 = DIRECTION('',(0.,1.,0.));
#1232 = ORIENTED_EDGE('',*,*,#89,.T.);
#1233 = ORIENTED_EDGE('',*,*,#1193,.T.);
#1234 = ORIENTED_EDGE('',*,*,#1235,.T.);
#1235 = EDGE_CURVE('',#1194,#1236,#1238,.T.);
#1236 = VERTEX_POINT('',#1237);
#1237 = CARTESIAN_POINT('',(38.35,5.13,-12.2));
#1238 = LINE('',#1239,#1240);
#1239 = CARTESIAN_POINT('',(38.35,-36.75,-12.2));
#1240 = VECTOR('',#1241,1.);
#1241 = DIRECTION('',(0.,1.,0.));
#1242 = ORIENTED_EDGE('',*,*,#1243,.F.);
#1243 = EDGE_CURVE('',#1244,#1236,#1246,.T.);
#1244 = VERTEX_POINT('',#1245);
#1245 = CARTESIAN_POINT('',(37.521203273864,5.13,-12.2));
#1246 = LINE('',#1247,#1248);
#1247 = CARTESIAN_POINT('',(19.175,5.13,-12.2));
#1248 = VECTOR('',#1249,1.);
#1249 = DIRECTION('',(1.,0.,0.));
#1250 = ORIENTED_EDGE('',*,*,#1251,.F.);
#1251 = EDGE_CURVE('',#1252,#1244,#1254,.T.);
#1252 = VERTEX_POINT('',#1253);
#1253 = CARTESIAN_POINT('',(37.521203273864,4.13,-12.2));
#1254 = LINE('',#1255,#1256);
#1255 = CARTESIAN_POINT('',(37.521203273864,5.965,-12.2));
#1256 = VECTOR('',#1257,1.);
#1257 = DIRECTION('',(0.,1.,0.));
#1258 = ORIENTED_EDGE('',*,*,#1259,.F.);
#1259 = EDGE_CURVE('',#1260,#1252,#1262,.T.);
#1260 = VERTEX_POINT('',#1261);
#1261 = CARTESIAN_POINT('',(37.349999999997,4.13,-12.2));
#1262 = LINE('',#1263,#1264);
#1263 = CARTESIAN_POINT('',(18.760601636932,4.13,-12.2));
#1264 = VECTOR('',#1265,1.);
#1265 = DIRECTION('',(1.,0.,0.));
#1266 = ORIENTED_EDGE('',*,*,#1267,.F.);
#1267 = EDGE_CURVE('',#1268,#1260,#1270,.T.);
#1268 = VERTEX_POINT('',#1269);
#1269 = CARTESIAN_POINT('',(37.349999999997,-36.75,-12.2));
#1270 = LINE('',#1271,#1272);
#1271 = CARTESIAN_POINT('',(37.349999999997,-36.75,-12.2));
#1272 = VECTOR('',#1273,1.);
#1273 = DIRECTION('',(0.,1.,0.));
#1274 = ORIENTED_EDGE('',*,*,#1275,.F.);
#1275 = EDGE_CURVE('',#1220,#1268,#1276,.T.);
#1276 = CIRCLE('',#1277,10.2);
#1277 = AXIS2_PLACEMENT_3D('',#1278,#1279,#1280);
#1278 = CARTESIAN_POINT('',(27.149999999997,-36.75,-12.2));
#1279 = DIRECTION('',(0.,0.,1.));
#1280 = DIRECTION('',(1.,0.,0.));
#1281 = PLANE('',#1282);
#1282 = AXIS2_PLACEMENT_3D('',#1283,#1284,#1285);
#1283 = CARTESIAN_POINT('',(-4.632493799393E-15,-9.702015315709E-15,
    -12.2));
#1284 = DIRECTION('',(0.,0.,1.));
#1285 = DIRECTION('',(1.,0.,0.));
#1286 = ADVANCED_FACE('',(#1287),#1305,.F.);
#1287 = FACE_BOUND('',#1288,.F.);
#1288 = EDGE_LOOP('',(#1289,#1290,#1291,#1299));
#1289 = ORIENTED_EDGE('',*,*,#81,.F.);
#1290 = ORIENTED_EDGE('',*,*,#1227,.T.);
#1291 = ORIENTED_EDGE('',*,*,#1292,.T.);
#1292 = EDGE_CURVE('',#1218,#1293,#1295,.T.);
#1293 = VERTEX_POINT('',#1294);
#1294 = CARTESIAN_POINT('',(4.32,-47.13560163693,-11.49999999999));
#1295 = LINE('',#1296,#1297);
#1296 = CARTESIAN_POINT('',(4.32,-47.10651142477,-11.60971427219));
#1297 = VECTOR('',#1298,1.);
#1298 = DIRECTION('',(0.,-0.256289373133,0.966600102017));
#1299 = ORIENTED_EDGE('',*,*,#1300,.F.);
#1300 = EDGE_CURVE('',#73,#1293,#1301,.T.);
#1301 = LINE('',#1302,#1303);
#1302 = CARTESIAN_POINT('',(4.32,-47.95,-11.49999999999));
#1303 = VECTOR('',#1304,1.);
#1304 = DIRECTION('',(0.,1.,-2.22044604925E-16));
#1305 = PLANE('',#1306);
#1306 = AXIS2_PLACEMENT_3D('',#1307,#1308,#1309);
#1307 = CARTESIAN_POINT('',(4.32,-47.95,-12.69999999999));
#1308 = DIRECTION('',(1.,0.,0.));
#1309 = DIRECTION('',(0.,2.22044604925E-16,1.));
#1310 = ADVANCED_FACE('',(#1311),#1347,.F.);
#1311 = FACE_BOUND('',#1312,.F.);
#1312 = EDGE_LOOP('',(#1313,#1314,#1315,#1324,#1332,#1341));
#1313 = ORIENTED_EDGE('',*,*,#72,.F.);
#1314 = ORIENTED_EDGE('',*,*,#1300,.T.);
#1315 = ORIENTED_EDGE('',*,*,#1316,.T.);
#1316 = EDGE_CURVE('',#1293,#1317,#1319,.T.);
#1317 = VERTEX_POINT('',#1318);
#1318 = CARTESIAN_POINT('',(4.068528137426,-47.32120327387,-10.8));
#1319 = ELLIPSE('',#1320,1.13800939779,1.1);
#1320 = AXIS2_PLACEMENT_3D('',#1321,#1322,#1323);
#1321 = CARTESIAN_POINT('',(3.22,-47.13560163693,-11.49999999999));
#1322 = DIRECTION('',(-0.,-0.966600102017,-0.256289373133));
#1323 = DIRECTION('',(0.,-0.256289373133,0.966600102017));
#1324 = ORIENTED_EDGE('',*,*,#1325,.F.);
#1325 = EDGE_CURVE('',#1326,#1317,#1328,.T.);
#1326 = VERTEX_POINT('',#1327);
#1327 = CARTESIAN_POINT('',(4.068528137426,-45.75,-10.8));
#1328 = LINE('',#1329,#1330);
#1329 = CARTESIAN_POINT('',(4.068528137426,-47.95,-10.8));
#1330 = VECTOR('',#1331,1.);
#1331 = DIRECTION('',(0.,-1.,2.22044604925E-16));
#1332 = ORIENTED_EDGE('',*,*,#1333,.T.);
#1333 = EDGE_CURVE('',#1326,#1334,#1336,.T.);
#1334 = VERTEX_POINT('',#1335);
#1335 = CARTESIAN_POINT('',(3.22,-45.75,-10.39999999999));
#1336 = CIRCLE('',#1337,1.1);
#1337 = AXIS2_PLACEMENT_3D('',#1338,#1339,#1340);
#1338 = CARTESIAN_POINT('',(3.22,-45.75,-11.49999999999));
#1339 = DIRECTION('',(0.,-1.,2.22044604925E-16));
#1340 = DIRECTION('',(1.,0.,0.));
#1341 = ORIENTED_EDGE('',*,*,#1342,.F.);
#1342 = EDGE_CURVE('',#65,#1334,#1343,.T.);
#1343 = LINE('',#1344,#1345);
#1344 = CARTESIAN_POINT('',(3.22,-47.95,-10.39999999999));
#1345 = VECTOR('',#1346,1.);
#1346 = DIRECTION('',(0.,1.,-2.22044604925E-16));
#1347 = CYLINDRICAL_SURFACE('',#1348,1.1);
#1348 = AXIS2_PLACEMENT_3D('',#1349,#1350,#1351);
#1349 = CARTESIAN_POINT('',(3.22,-47.95,-11.49999999999));
#1350 = DIRECTION('',(0.,-1.,2.22044604925E-16));
#1351 = DIRECTION('',(1.,0.,0.));
#1352 = ADVANCED_FACE('',(#1353),#1371,.F.);
#1353 = FACE_BOUND('',#1354,.F.);
#1354 = EDGE_LOOP('',(#1355,#1356,#1364,#1370));
#1355 = ORIENTED_EDGE('',*,*,#1342,.T.);
#1356 = ORIENTED_EDGE('',*,*,#1357,.T.);
#1357 = EDGE_CURVE('',#1334,#1358,#1360,.T.);
#1358 = VERTEX_POINT('',#1359);
#1359 = CARTESIAN_POINT('',(-3.72,-45.75,-10.39999999999));
#1360 = LINE('',#1361,#1362);
#1361 = CARTESIAN_POINT('',(3.22,-45.75,-10.39999999999));
#1362 = VECTOR('',#1363,1.);
#1363 = DIRECTION('',(-1.,0.,0.));
#1364 = ORIENTED_EDGE('',*,*,#1365,.F.);
#1365 = EDGE_CURVE('',#56,#1358,#1366,.T.);
#1366 = LINE('',#1367,#1368);
#1367 = CARTESIAN_POINT('',(-3.72,-47.95,-10.39999999999));
#1368 = VECTOR('',#1369,1.);
#1369 = DIRECTION('',(0.,1.,-2.22044604925E-16));
#1370 = ORIENTED_EDGE('',*,*,#64,.F.);
#1371 = PLANE('',#1372);
#1372 = AXIS2_PLACEMENT_3D('',#1373,#1374,#1375);
#1373 = CARTESIAN_POINT('',(3.22,-47.95,-10.39999999999));
#1374 = DIRECTION('',(0.,2.22044604925E-16,1.));
#1375 = DIRECTION('',(-1.,0.,0.));
#1376 = ADVANCED_FACE('',(#1377),#1413,.F.);
#1377 = FACE_BOUND('',#1378,.F.);
#1378 = EDGE_LOOP('',(#1379,#1380,#1381,#1390,#1398,#1407));
#1379 = ORIENTED_EDGE('',*,*,#55,.F.);
#1380 = ORIENTED_EDGE('',*,*,#1365,.T.);
#1381 = ORIENTED_EDGE('',*,*,#1382,.T.);
#1382 = EDGE_CURVE('',#1358,#1383,#1385,.T.);
#1383 = VERTEX_POINT('',#1384);
#1384 = CARTESIAN_POINT('',(-4.568528137426,-45.75,-10.8));
#1385 = CIRCLE('',#1386,1.1);
#1386 = AXIS2_PLACEMENT_3D('',#1387,#1388,#1389);
#1387 = CARTESIAN_POINT('',(-3.72,-45.75,-11.49999999999));
#1388 = DIRECTION('',(0.,-1.,2.22044604925E-16));
#1389 = DIRECTION('',(1.,0.,0.));
#1390 = ORIENTED_EDGE('',*,*,#1391,.T.);
#1391 = EDGE_CURVE('',#1383,#1392,#1394,.T.);
#1392 = VERTEX_POINT('',#1393);
#1393 = CARTESIAN_POINT('',(-4.568528137426,-47.32120327387,-10.8));
#1394 = LINE('',#1395,#1396);
#1395 = CARTESIAN_POINT('',(-4.568528137426,-47.95,-10.8));
#1396 = VECTOR('',#1397,1.);
#1397 = DIRECTION('',(0.,-1.,2.22044604925E-16));
#1398 = ORIENTED_EDGE('',*,*,#1399,.T.);
#1399 = EDGE_CURVE('',#1392,#1400,#1402,.T.);
#1400 = VERTEX_POINT('',#1401);
#1401 = CARTESIAN_POINT('',(-4.82,-47.13560163693,-11.5));
#1402 = ELLIPSE('',#1403,1.13800939779,1.1);
#1403 = AXIS2_PLACEMENT_3D('',#1404,#1405,#1406);
#1404 = CARTESIAN_POINT('',(-3.72,-47.13560163693,-11.49999999999));
#1405 = DIRECTION('',(-0.,-0.966600102017,-0.256289373133));
#1406 = DIRECTION('',(0.,-0.256289373133,0.966600102017));
#1407 = ORIENTED_EDGE('',*,*,#1408,.F.);
#1408 = EDGE_CURVE('',#48,#1400,#1409,.T.);
#1409 = LINE('',#1410,#1411);
#1410 = CARTESIAN_POINT('',(-4.82,-47.95,-11.5));
#1411 = VECTOR('',#1412,1.);
#1412 = DIRECTION('',(0.,1.,-2.22044604925E-16));
#1413 = CYLINDRICAL_SURFACE('',#1414,1.1);
#1414 = AXIS2_PLACEMENT_3D('',#1415,#1416,#1417);
#1415 = CARTESIAN_POINT('',(-3.72,-47.95,-11.49999999999));
#1416 = DIRECTION('',(0.,-1.,2.22044604925E-16));
#1417 = DIRECTION('',(1.,0.,0.));
#1418 = ADVANCED_FACE('',(#1419),#1437,.F.);
#1419 = FACE_BOUND('',#1420,.F.);
#1420 = EDGE_LOOP('',(#1421,#1422,#1423,#1431));
#1421 = ORIENTED_EDGE('',*,*,#47,.F.);
#1422 = ORIENTED_EDGE('',*,*,#1408,.T.);
#1423 = ORIENTED_EDGE('',*,*,#1424,.T.);
#1424 = EDGE_CURVE('',#1400,#1425,#1427,.T.);
#1425 = VERTEX_POINT('',#1426);
#1426 = CARTESIAN_POINT('',(-4.82,-46.95,-12.2));
#1427 = LINE('',#1428,#1429);
#1428 = CARTESIAN_POINT('',(-4.82,-47.2551490253,-11.04912481786));
#1429 = VECTOR('',#1430,1.);
#1430 = DIRECTION('',(0.,0.256289373133,-0.966600102017));
#1431 = ORIENTED_EDGE('',*,*,#1432,.T.);
#1432 = EDGE_CURVE('',#1425,#40,#1433,.T.);
#1433 = LINE('',#1434,#1435);
#1434 = CARTESIAN_POINT('',(-4.82,-23.975,-12.2));
#1435 = VECTOR('',#1436,1.);
#1436 = DIRECTION('',(0.,-1.,0.));
#1437 = PLANE('',#1438);
#1438 = AXIS2_PLACEMENT_3D('',#1439,#1440,#1441);
#1439 = CARTESIAN_POINT('',(-4.82,-47.95,-11.5));
#1440 = DIRECTION('',(-1.,0.,0.));
#1441 = DIRECTION('',(0.,-2.22044604925E-16,-1.));
#1442 = ADVANCED_FACE('',(#1443),#1495,.F.);
#1443 = FACE_BOUND('',#1444,.F.);
#1444 = EDGE_LOOP('',(#1445,#1455,#1463,#1471,#1478,#1479,#1480,#1488));
#1445 = ORIENTED_EDGE('',*,*,#1446,.F.);
#1446 = EDGE_CURVE('',#1447,#1449,#1451,.T.);
#1447 = VERTEX_POINT('',#1448);
#1448 = CARTESIAN_POINT('',(-37.35,-20.,-12.2));
#1449 = VERTEX_POINT('',#1450);
#1450 = CARTESIAN_POINT('',(-37.35,-36.75,-12.2));
#1451 = LINE('',#1452,#1453);
#1452 = CARTESIAN_POINT('',(-37.35,36.75,-12.2));
#1453 = VECTOR('',#1454,1.);
#1454 = DIRECTION('',(0.,-1.,0.));
#1455 = ORIENTED_EDGE('',*,*,#1456,.F.);
#1456 = EDGE_CURVE('',#1457,#1447,#1459,.T.);
#1457 = VERTEX_POINT('',#1458);
#1458 = CARTESIAN_POINT('',(-38.35,-20.,-12.2));
#1459 = LINE('',#1460,#1461);
#1460 = CARTESIAN_POINT('',(-38.35,-20.,-12.2));
#1461 = VECTOR('',#1462,1.);
#1462 = DIRECTION('',(1.,0.,0.));
#1463 = ORIENTED_EDGE('',*,*,#1464,.T.);
#1464 = EDGE_CURVE('',#1457,#1465,#1467,.T.);
#1465 = VERTEX_POINT('',#1466);
#1466 = CARTESIAN_POINT('',(-38.35,-36.75,-12.2));
#1467 = LINE('',#1468,#1469);
#1468 = CARTESIAN_POINT('',(-38.35,36.75,-12.2));
#1469 = VECTOR('',#1470,1.);
#1470 = DIRECTION('',(0.,-1.,0.));
#1471 = ORIENTED_EDGE('',*,*,#1472,.T.);
#1472 = EDGE_CURVE('',#1465,#32,#1473,.T.);
#1473 = CIRCLE('',#1474,11.2);
#1474 = AXIS2_PLACEMENT_3D('',#1475,#1476,#1477);
#1475 = CARTESIAN_POINT('',(-27.15,-36.75,-12.2));
#1476 = DIRECTION('',(0.,0.,1.));
#1477 = DIRECTION('',(1.,0.,0.));
#1478 = ORIENTED_EDGE('',*,*,#39,.T.);
#1479 = ORIENTED_EDGE('',*,*,#1432,.F.);
#1480 = ORIENTED_EDGE('',*,*,#1481,.F.);
#1481 = EDGE_CURVE('',#1482,#1425,#1484,.T.);
#1482 = VERTEX_POINT('',#1483);
#1483 = CARTESIAN_POINT('',(-27.15,-46.95,-12.2));
#1484 = LINE('',#1485,#1486);
#1485 = CARTESIAN_POINT('',(-27.15,-46.95,-12.2));
#1486 = VECTOR('',#1487,1.);
#1487 = DIRECTION('',(1.,0.,0.));
#1488 = ORIENTED_EDGE('',*,*,#1489,.F.);
#1489 = EDGE_CURVE('',#1449,#1482,#1490,.T.);
#1490 = CIRCLE('',#1491,10.2);
#1491 = AXIS2_PLACEMENT_3D('',#1492,#1493,#1494);
#1492 = CARTESIAN_POINT('',(-27.15,-36.75,-12.2));
#1493 = DIRECTION('',(0.,0.,1.));
#1494 = DIRECTION('',(1.,0.,0.));
#1495 = PLANE('',#1496);
#1496 = AXIS2_PLACEMENT_3D('',#1497,#1498,#1499);
#1497 = CARTESIAN_POINT('',(-4.632493799393E-15,-9.702015315709E-15,
    -12.2));
#1498 = DIRECTION('',(0.,0.,1.));
#1499 = DIRECTION('',(1.,0.,0.));
#1500 = ADVANCED_FACE('',(#1501),#1512,.T.);
#1501 = FACE_BOUND('',#1502,.T.);
#1502 = EDGE_LOOP('',(#1503,#1509,#1510,#1511));
#1503 = ORIENTED_EDGE('',*,*,#1504,.T.);
#1504 = EDGE_CURVE('',#156,#1465,#1505,.T.);
#1505 = LINE('',#1506,#1507);
#1506 = CARTESIAN_POINT('',(-38.35,-36.75,0.));
#1507 = VECTOR('',#1508,1.);
#1508 = DIRECTION('',(-0.,-0.,-1.));
#1509 = ORIENTED_EDGE('',*,*,#1472,.T.);
#1510 = ORIENTED_EDGE('',*,*,#31,.F.);
#1511 = ORIENTED_EDGE('',*,*,#163,.F.);
#1512 = CYLINDRICAL_SURFACE('',#1513,11.2);
#1513 = AXIS2_PLACEMENT_3D('',#1514,#1515,#1516);
#1514 = CARTESIAN_POINT('',(-27.15,-36.75,0.));
#1515 = DIRECTION('',(0.,0.,1.));
#1516 = DIRECTION('',(1.,0.,0.));
#1517 = ADVANCED_FACE('',(#1518),#1657,.T.);
#1518 = FACE_BOUND('',#1519,.T.);
#1519 = EDGE_LOOP('',(#1520,#1521,#1529,#1537,#1545,#1553,#1561,#1569,
    #1577,#1585,#1593,#1601,#1609,#1617,#1625,#1633,#1641,#1649,#1655,
    #1656));
#1520 = ORIENTED_EDGE('',*,*,#155,.F.);
#1521 = ORIENTED_EDGE('',*,*,#1522,.T.);
#1522 = EDGE_CURVE('',#147,#1523,#1525,.T.);
#1523 = VERTEX_POINT('',#1524);
#1524 = CARTESIAN_POINT('',(-38.35,36.75,-12.2));
#1525 = LINE('',#1526,#1527);
#1526 = CARTESIAN_POINT('',(-38.35,36.75,0.));
#1527 = VECTOR('',#1528,1.);
#1528 = DIRECTION('',(-0.,-0.,-1.));
#1529 = ORIENTED_EDGE('',*,*,#1530,.T.);
#1530 = EDGE_CURVE('',#1523,#1531,#1533,.T.);
#1531 = VERTEX_POINT('',#1532);
#1532 = CARTESIAN_POINT('',(-38.35,30.45,-12.2));
#1533 = LINE('',#1534,#1535);
#1534 = CARTESIAN_POINT('',(-38.35,36.75,-12.2));
#1535 = VECTOR('',#1536,1.);
#1536 = DIRECTION('',(0.,-1.,0.));
#1537 = ORIENTED_EDGE('',*,*,#1538,.T.);
#1538 = EDGE_CURVE('',#1531,#1539,#1541,.T.);
#1539 = VERTEX_POINT('',#1540);
#1540 = CARTESIAN_POINT('',(-38.35,30.45,-3.2));
#1541 = LINE('',#1542,#1543);
#1542 = CARTESIAN_POINT('',(-38.35,30.45,-14.3));
#1543 = VECTOR('',#1544,1.);
#1544 = DIRECTION('',(0.,0.,1.));
#1545 = ORIENTED_EDGE('',*,*,#1546,.T.);
#1546 = EDGE_CURVE('',#1539,#1547,#1549,.T.);
#1547 = VERTEX_POINT('',#1548);
#1548 = CARTESIAN_POINT('',(-38.35,23.25,-3.2));
#1549 = LINE('',#1550,#1551);
#1550 = CARTESIAN_POINT('',(-38.35,30.45,-3.2));
#1551 = VECTOR('',#1552,1.);
#1552 = DIRECTION('',(0.,-1.,0.));
#1553 = ORIENTED_EDGE('',*,*,#1554,.T.);
#1554 = EDGE_CURVE('',#1547,#1555,#1557,.T.);
#1555 = VERTEX_POINT('',#1556);
#1556 = CARTESIAN_POINT('',(-38.35,23.25,-12.2));
#1557 = LINE('',#1558,#1559);
#1558 = CARTESIAN_POINT('',(-38.35,23.25,-3.2));
#1559 = VECTOR('',#1560,1.);
#1560 = DIRECTION('',(0.,0.,-1.));
#1561 = ORIENTED_EDGE('',*,*,#1562,.T.);
#1562 = EDGE_CURVE('',#1555,#1563,#1565,.T.);
#1563 = VERTEX_POINT('',#1564);
#1564 = CARTESIAN_POINT('',(-38.35,18.73,-12.2));
#1565 = LINE('',#1566,#1567);
#1566 = CARTESIAN_POINT('',(-38.35,36.75,-12.2));
#1567 = VECTOR('',#1568,1.);
#1568 = DIRECTION('',(0.,-1.,0.));
#1569 = ORIENTED_EDGE('',*,*,#1570,.F.);
#1570 = EDGE_CURVE('',#1571,#1563,#1573,.T.);
#1571 = VERTEX_POINT('',#1572);
#1572 = CARTESIAN_POINT('',(-38.35,18.73,-3.2));
#1573 = LINE('',#1574,#1575);
#1574 = CARTESIAN_POINT('',(-38.35,18.73,-7.15));
#1575 = VECTOR('',#1576,1.);
#1576 = DIRECTION('',(0.,0.,-1.));
#1577 = ORIENTED_EDGE('',*,*,#1578,.F.);
#1578 = EDGE_CURVE('',#1579,#1571,#1581,.T.);
#1579 = VERTEX_POINT('',#1580);
#1580 = CARTESIAN_POINT('',(-38.35,14.03,-3.2));
#1581 = LINE('',#1582,#1583);
#1582 = CARTESIAN_POINT('',(-38.35,27.74,-3.2));
#1583 = VECTOR('',#1584,1.);
#1584 = DIRECTION('',(0.,1.,0.));
#1585 = ORIENTED_EDGE('',*,*,#1586,.F.);
#1586 = EDGE_CURVE('',#1587,#1579,#1589,.T.);
#1587 = VERTEX_POINT('',#1588);
#1588 = CARTESIAN_POINT('',(-38.35,14.03,-12.2));
#1589 = LINE('',#1590,#1591);
#1590 = CARTESIAN_POINT('',(-38.35,14.03,-1.6));
#1591 = VECTOR('',#1592,1.);
#1592 = DIRECTION('',(0.,0.,1.));
#1593 = ORIENTED_EDGE('',*,*,#1594,.T.);
#1594 = EDGE_CURVE('',#1587,#1595,#1597,.T.);
#1595 = VERTEX_POINT('',#1596);
#1596 = CARTESIAN_POINT('',(-38.35,9.83,-12.2));
#1597 = LINE('',#1598,#1599);
#1598 = CARTESIAN_POINT('',(-38.35,36.75,-12.2));
#1599 = VECTOR('',#1600,1.);
#1600 = DIRECTION('',(0.,-1.,0.));
#1601 = ORIENTED_EDGE('',*,*,#1602,.F.);
#1602 = EDGE_CURVE('',#1603,#1595,#1605,.T.);
#1603 = VERTEX_POINT('',#1604);
#1604 = CARTESIAN_POINT('',(-38.35,9.83,-3.2));
#1605 = LINE('',#1606,#1607);
#1606 = CARTESIAN_POINT('',(-38.35,9.83,-7.15));
#1607 = VECTOR('',#1608,1.);
#1608 = DIRECTION('',(0.,0.,-1.));
#1609 = ORIENTED_EDGE('',*,*,#1610,.F.);
#1610 = EDGE_CURVE('',#1611,#1603,#1613,.T.);
#1611 = VERTEX_POINT('',#1612);
#1612 = CARTESIAN_POINT('',(-38.35,5.13,-3.2));
#1613 = LINE('',#1614,#1615);
#1614 = CARTESIAN_POINT('',(-38.35,23.29,-3.2));
#1615 = VECTOR('',#1616,1.);
#1616 = DIRECTION('',(0.,1.,0.));
#1617 = ORIENTED_EDGE('',*,*,#1618,.F.);
#1618 = EDGE_CURVE('',#1619,#1611,#1621,.T.);
#1619 = VERTEX_POINT('',#1620);
#1620 = CARTESIAN_POINT('',(-38.35,5.13,-12.2));
#1621 = LINE('',#1622,#1623);
#1622 = CARTESIAN_POINT('',(-38.35,5.13,-1.6));
#1623 = VECTOR('',#1624,1.);
#1624 = DIRECTION('',(0.,0.,1.));
#1625 = ORIENTED_EDGE('',*,*,#1626,.T.);
#1626 = EDGE_CURVE('',#1619,#1627,#1629,.T.);
#1627 = VERTEX_POINT('',#1628);
#1628 = CARTESIAN_POINT('',(-38.35,-1.765825467009E-17,-12.2));
#1629 = LINE('',#1630,#1631);
#1630 = CARTESIAN_POINT('',(-38.35,36.75,-12.2));
#1631 = VECTOR('',#1632,1.);
#1632 = DIRECTION('',(0.,-1.,0.));
#1633 = ORIENTED_EDGE('',*,*,#1634,.T.);
#1634 = EDGE_CURVE('',#1627,#1635,#1637,.T.);
#1635 = VERTEX_POINT('',#1636);
#1636 = CARTESIAN_POINT('',(-38.35,-3.531649969973E-17,-8.2));
#1637 = LINE('',#1638,#1639);
#1638 = CARTESIAN_POINT('',(-38.35,-3.531649969973E-17,-12.2));
#1639 = VECTOR('',#1640,1.);
#1640 = DIRECTION('',(0.,0.,1.));
#1641 = ORIENTED_EDGE('',*,*,#1642,.T.);
#1642 = EDGE_CURVE('',#1635,#1643,#1645,.T.);
#1643 = VERTEX_POINT('',#1644);
#1644 = CARTESIAN_POINT('',(-38.35,-20.,-8.2));
#1645 = LINE('',#1646,#1647);
#1646 = CARTESIAN_POINT('',(-38.35,-3.531649969973E-17,-8.2));
#1647 = VECTOR('',#1648,1.);
#1648 = DIRECTION('',(0.,-1.,0.));
#1649 = ORIENTED_EDGE('',*,*,#1650,.T.);
#1650 = EDGE_CURVE('',#1643,#1457,#1651,.T.);
#1651 = LINE('',#1652,#1653);
#1652 = CARTESIAN_POINT('',(-38.35,-20.,-8.2));
#1653 = VECTOR('',#1654,1.);
#1654 = DIRECTION('',(0.,0.,-1.));
#1655 = ORIENTED_EDGE('',*,*,#1464,.T.);
#1656 = ORIENTED_EDGE('',*,*,#1504,.F.);
#1657 = PLANE('',#1658);
#1658 = AXIS2_PLACEMENT_3D('',#1659,#1660,#1661);
#1659 = CARTESIAN_POINT('',(-38.35,36.75,0.));
#1660 = DIRECTION('',(-1.,0.,0.));
#1661 = DIRECTION('',(0.,-1.,0.));
#1662 = ADVANCED_FACE('',(#1663),#1738,.T.);
#1663 = FACE_BOUND('',#1664,.T.);
#1664 = EDGE_LOOP('',(#1665,#1666,#1667,#1668,#1676,#1684,#1692,#1700,
    #1708,#1716,#1724,#1732));
#1665 = ORIENTED_EDGE('',*,*,#121,.F.);
#1666 = ORIENTED_EDGE('',*,*,#1202,.T.);
#1667 = ORIENTED_EDGE('',*,*,#1235,.T.);
#1668 = ORIENTED_EDGE('',*,*,#1669,.F.);
#1669 = EDGE_CURVE('',#1670,#1236,#1672,.T.);
#1670 = VERTEX_POINT('',#1671);
#1671 = CARTESIAN_POINT('',(38.35,5.13,-2.6));
#1672 = LINE('',#1673,#1674);
#1673 = CARTESIAN_POINT('',(38.35,5.13,-2.6));
#1674 = VECTOR('',#1675,1.);
#1675 = DIRECTION('',(0.,0.,-1.));
#1676 = ORIENTED_EDGE('',*,*,#1677,.F.);
#1677 = EDGE_CURVE('',#1678,#1670,#1680,.T.);
#1678 = VERTEX_POINT('',#1679);
#1679 = CARTESIAN_POINT('',(38.35,9.83,-2.6));
#1680 = LINE('',#1681,#1682);
#1681 = CARTESIAN_POINT('',(38.35,9.83,-2.6));
#1682 = VECTOR('',#1683,1.);
#1683 = DIRECTION('',(0.,-1.,0.));
#1684 = ORIENTED_EDGE('',*,*,#1685,.F.);
#1685 = EDGE_CURVE('',#1686,#1678,#1688,.T.);
#1686 = VERTEX_POINT('',#1687);
#1687 = CARTESIAN_POINT('',(38.35,9.83,-12.2));
#1688 = LINE('',#1689,#1690);
#1689 = CARTESIAN_POINT('',(38.35,9.83,-13.7));
#1690 = VECTOR('',#1691,1.);
#1691 = DIRECTION('',(0.,0.,1.));
#1692 = ORIENTED_EDGE('',*,*,#1693,.T.);
#1693 = EDGE_CURVE('',#1686,#1694,#1696,.T.);
#1694 = VERTEX_POINT('',#1695);
#1695 = CARTESIAN_POINT('',(38.35,14.029999999994,-12.2));
#1696 = LINE('',#1697,#1698);
#1697 = CARTESIAN_POINT('',(38.35,-36.75,-12.2));
#1698 = VECTOR('',#1699,1.);
#1699 = DIRECTION('',(0.,1.,0.));
#1700 = ORIENTED_EDGE('',*,*,#1701,.F.);
#1701 = EDGE_CURVE('',#1702,#1694,#1704,.T.);
#1702 = VERTEX_POINT('',#1703);
#1703 = CARTESIAN_POINT('',(38.35,14.029999999994,-2.6));
#1704 = LINE('',#1705,#1706);
#1705 = CARTESIAN_POINT('',(38.35,14.029999999994,-2.6));
#1706 = VECTOR('',#1707,1.);
#1707 = DIRECTION('',(0.,0.,-1.));
#1708 = ORIENTED_EDGE('',*,*,#1709,.F.);
#1709 = EDGE_CURVE('',#1710,#1702,#1712,.T.);
#1710 = VERTEX_POINT('',#1711);
#1711 = CARTESIAN_POINT('',(38.35,18.730000000006,-2.6));
#1712 = LINE('',#1713,#1714);
#1713 = CARTESIAN_POINT('',(38.35,18.730000000006,-2.6));
#1714 = VECTOR('',#1715,1.);
#1715 = DIRECTION('',(0.,-1.,0.));
#1716 = ORIENTED_EDGE('',*,*,#1717,.F.);
#1717 = EDGE_CURVE('',#1718,#1710,#1720,.T.);
#1718 = VERTEX_POINT('',#1719);
#1719 = CARTESIAN_POINT('',(38.35,18.730000000006,-12.2));
#1720 = LINE('',#1721,#1722);
#1721 = CARTESIAN_POINT('',(38.35,18.730000000006,-13.69999999998));
#1722 = VECTOR('',#1723,1.);
#1723 = DIRECTION('',(0.,0.,1.));
#1724 = ORIENTED_EDGE('',*,*,#1725,.T.);
#1725 = EDGE_CURVE('',#1718,#1726,#1728,.T.);
#1726 = VERTEX_POINT('',#1727);
#1727 = CARTESIAN_POINT('',(38.35,36.75,-12.2));
#1728 = LINE('',#1729,#1730);
#1729 = CARTESIAN_POINT('',(38.35,-36.75,-12.2));
#1730 = VECTOR('',#1731,1.);
#1731 = DIRECTION('',(0.,1.,0.));
#1732 = ORIENTED_EDGE('',*,*,#1733,.F.);
#1733 = EDGE_CURVE('',#122,#1726,#1734,.T.);
#1734 = LINE('',#1735,#1736);
#1735 = CARTESIAN_POINT('',(38.35,36.75,0.));
#1736 = VECTOR('',#1737,1.);
#1737 = DIRECTION('',(-0.,-0.,-1.));
#1738 = PLANE('',#1739);
#1739 = AXIS2_PLACEMENT_3D('',#1740,#1741,#1742);
#1740 = CARTESIAN_POINT('',(38.35,-36.75,0.));
#1741 = DIRECTION('',(1.,0.,0.));
#1742 = DIRECTION('',(0.,1.,0.));
#1743 = ADVANCED_FACE('',(#1744),#1763,.T.);
#1744 = FACE_BOUND('',#1745,.T.);
#1745 = EDGE_LOOP('',(#1746,#1754,#1761,#1762));
#1746 = ORIENTED_EDGE('',*,*,#1747,.T.);
#1747 = EDGE_CURVE('',#139,#1748,#1750,.T.);
#1748 = VERTEX_POINT('',#1749);
#1749 = CARTESIAN_POINT('',(-27.15,47.95,-12.2));
#1750 = LINE('',#1751,#1752);
#1751 = CARTESIAN_POINT('',(-27.15,47.95,0.));
#1752 = VECTOR('',#1753,1.);
#1753 = DIRECTION('',(-0.,-0.,-1.));
#1754 = ORIENTED_EDGE('',*,*,#1755,.T.);
#1755 = EDGE_CURVE('',#1748,#1523,#1756,.T.);
#1756 = CIRCLE('',#1757,11.2);
#1757 = AXIS2_PLACEMENT_3D('',#1758,#1759,#1760);
#1758 = CARTESIAN_POINT('',(-27.15,36.75,-12.2));
#1759 = DIRECTION('',(0.,0.,1.));
#1760 = DIRECTION('',(1.,0.,0.));
#1761 = ORIENTED_EDGE('',*,*,#1522,.F.);
#1762 = ORIENTED_EDGE('',*,*,#146,.F.);
#1763 = CYLINDRICAL_SURFACE('',#1764,11.2);
#1764 = AXIS2_PLACEMENT_3D('',#1765,#1766,#1767);
#1765 = CARTESIAN_POINT('',(-27.15,36.75,0.));
#1766 = DIRECTION('',(0.,0.,1.));
#1767 = DIRECTION('',(1.,0.,0.));
#1768 = ADVANCED_FACE('',(#1769),#1788,.T.);
#1769 = FACE_BOUND('',#1770,.T.);
#1770 = EDGE_LOOP('',(#1771,#1772,#1781,#1787));
#1771 = ORIENTED_EDGE('',*,*,#1733,.T.);
#1772 = ORIENTED_EDGE('',*,*,#1773,.T.);
#1773 = EDGE_CURVE('',#1726,#1774,#1776,.T.);
#1774 = VERTEX_POINT('',#1775);
#1775 = CARTESIAN_POINT('',(27.15,47.95,-12.2));
#1776 = CIRCLE('',#1777,11.2);
#1777 = AXIS2_PLACEMENT_3D('',#1778,#1779,#1780);
#1778 = CARTESIAN_POINT('',(27.15,36.75,-12.2));
#1779 = DIRECTION('',(0.,0.,1.));
#1780 = DIRECTION('',(1.,0.,0.));
#1781 = ORIENTED_EDGE('',*,*,#1782,.F.);
#1782 = EDGE_CURVE('',#130,#1774,#1783,.T.);
#1783 = LINE('',#1784,#1785);
#1784 = CARTESIAN_POINT('',(27.15,47.95,0.));
#1785 = VECTOR('',#1786,1.);
#1786 = DIRECTION('',(-0.,-0.,-1.));
#1787 = ORIENTED_EDGE('',*,*,#129,.F.);
#1788 = CYLINDRICAL_SURFACE('',#1789,11.2);
#1789 = AXIS2_PLACEMENT_3D('',#1790,#1791,#1792);
#1790 = CARTESIAN_POINT('',(27.15,36.75,0.));
#1791 = DIRECTION('',(0.,0.,1.));
#1792 = DIRECTION('',(1.,0.,0.));
#1793 = ADVANCED_FACE('',(#1794),#1857,.T.);
#1794 = FACE_BOUND('',#1795,.T.);
#1795 = EDGE_LOOP('',(#1796,#1797,#1798,#1806,#1815,#1824,#1832,#1841,
    #1850,#1856));
#1796 = ORIENTED_EDGE('',*,*,#138,.F.);
#1797 = ORIENTED_EDGE('',*,*,#1782,.T.);
#1798 = ORIENTED_EDGE('',*,*,#1799,.T.);
#1799 = EDGE_CURVE('',#1774,#1800,#1802,.T.);
#1800 = VERTEX_POINT('',#1801);
#1801 = CARTESIAN_POINT('',(20.907987240797,47.95,-12.2));
#1802 = LINE('',#1803,#1804);
#1803 = CARTESIAN_POINT('',(27.15,47.95,-12.2));
#1804 = VECTOR('',#1805,1.);
#1805 = DIRECTION('',(-1.,0.,0.));
#1806 = ORIENTED_EDGE('',*,*,#1807,.T.);
#1807 = EDGE_CURVE('',#1800,#1808,#1810,.T.);
#1808 = VERTEX_POINT('',#1809);
#1809 = CARTESIAN_POINT('',(21.1,47.95,-11.2));
#1810 = CIRCLE('',#1811,2.7);
#1811 = AXIS2_PLACEMENT_3D('',#1812,#1813,#1814);
#1812 = CARTESIAN_POINT('',(18.4,47.95,-11.2));
#1813 = DIRECTION('',(0.,-1.,2.22044604925E-16));
#1814 = DIRECTION('',(1.,0.,0.));
#1815 = ORIENTED_EDGE('',*,*,#1816,.T.);
#1816 = EDGE_CURVE('',#1808,#1817,#1819,.T.);
#1817 = VERTEX_POINT('',#1818);
#1818 = CARTESIAN_POINT('',(15.892012759203,47.95,-12.2));
#1819 = CIRCLE('',#1820,2.7);
#1820 = AXIS2_PLACEMENT_3D('',#1821,#1822,#1823);
#1821 = CARTESIAN_POINT('',(18.4,47.95,-11.2));
#1822 = DIRECTION('',(0.,-1.,2.22044604925E-16));
#1823 = DIRECTION('',(1.,0.,0.));
#1824 = ORIENTED_EDGE('',*,*,#1825,.T.);
#1825 = EDGE_CURVE('',#1817,#1826,#1828,.T.);
#1826 = VERTEX_POINT('',#1827);
#1827 = CARTESIAN_POINT('',(9.155749299439,47.95,-12.2));
#1828 = LINE('',#1829,#1830);
#1829 = CARTESIAN_POINT('',(27.15,47.95,-12.2));
#1830 = VECTOR('',#1831,1.);
#1831 = DIRECTION('',(-1.,0.,0.));
#1832 = ORIENTED_EDGE('',*,*,#1833,.T.);
#1833 = EDGE_CURVE('',#1826,#1834,#1836,.T.);
#1834 = VERTEX_POINT('',#1835);
#1835 = CARTESIAN_POINT('',(9.17,47.95,-11.95));
#1836 = CIRCLE('',#1837,2.2);
#1837 = AXIS2_PLACEMENT_3D('',#1838,#1839,#1840);
#1838 = CARTESIAN_POINT('',(6.97,47.95,-11.95));
#1839 = DIRECTION('',(0.,-1.,2.22044604925E-16));
#1840 = DIRECTION('',(1.,0.,0.));
#1841 = ORIENTED_EDGE('',*,*,#1842,.T.);
#1842 = EDGE_CURVE('',#1834,#1843,#1845,.T.);
#1843 = VERTEX_POINT('',#1844);
#1844 = CARTESIAN_POINT('',(4.784250700561,47.95,-12.2));
#1845 = CIRCLE('',#1846,2.2);
#1846 = AXIS2_PLACEMENT_3D('',#1847,#1848,#1849);
#1847 = CARTESIAN_POINT('',(6.97,47.95,-11.95));
#1848 = DIRECTION('',(0.,-1.,2.22044604925E-16));
#1849 = DIRECTION('',(1.,0.,0.));
#1850 = ORIENTED_EDGE('',*,*,#1851,.T.);
#1851 = EDGE_CURVE('',#1843,#1748,#1852,.T.);
#1852 = LINE('',#1853,#1854);
#1853 = CARTESIAN_POINT('',(27.15,47.95,-12.2));
#1854 = VECTOR('',#1855,1.);
#1855 = DIRECTION('',(-1.,0.,0.));
#1856 = ORIENTED_EDGE('',*,*,#1747,.F.);
#1857 = PLANE('',#1858);
#1858 = AXIS2_PLACEMENT_3D('',#1859,#1860,#1861);
#1859 = CARTESIAN_POINT('',(27.15,47.95,0.));
#1860 = DIRECTION('',(0.,1.,0.));
#1861 = DIRECTION('',(-1.,0.,0.));
#1862 = ADVANCED_FACE('',(#1863),#1888,.F.);
#1863 = FACE_BOUND('',#1864,.F.);
#1864 = EDGE_LOOP('',(#1865,#1873,#1881,#1887));
#1865 = ORIENTED_EDGE('',*,*,#1866,.T.);
#1866 = EDGE_CURVE('',#173,#1867,#1869,.T.);
#1867 = VERTEX_POINT('',#1868);
#1868 = CARTESIAN_POINT('',(32.7,-10.,-2.2));
#1869 = LINE('',#1870,#1871);
#1870 = CARTESIAN_POINT('',(32.7,-10.,0.));
#1871 = VECTOR('',#1872,1.);
#1872 = DIRECTION('',(-0.,-0.,-1.));
#1873 = ORIENTED_EDGE('',*,*,#1874,.T.);
#1874 = EDGE_CURVE('',#1867,#1875,#1877,.T.);
#1875 = VERTEX_POINT('',#1876);
#1876 = CARTESIAN_POINT('',(-32.7,-10.,-2.2));
#1877 = LINE('',#1878,#1879);
#1878 = CARTESIAN_POINT('',(32.7,-10.,-2.2));
#1879 = VECTOR('',#1880,1.);
#1880 = DIRECTION('',(-1.,0.,0.));
#1881 = ORIENTED_EDGE('',*,*,#1882,.F.);
#1882 = EDGE_CURVE('',#175,#1875,#1883,.T.);
#1883 = LINE('',#1884,#1885);
#1884 = CARTESIAN_POINT('',(-32.7,-10.,0.));
#1885 = VECTOR('',#1886,1.);
#1886 = DIRECTION('',(-0.,-0.,-1.));
#1887 = ORIENTED_EDGE('',*,*,#172,.F.);
#1888 = PLANE('',#1889);
#1889 = AXIS2_PLACEMENT_3D('',#1890,#1891,#1892);
#1890 = CARTESIAN_POINT('',(32.7,-10.,0.));
#1891 = DIRECTION('',(0.,1.,0.));
#1892 = DIRECTION('',(-1.,0.,0.));
#1893 = ADVANCED_FACE('',(#1894),#1912,.T.);
#1894 = FACE_BOUND('',#1895,.T.);
#1895 = EDGE_LOOP('',(#1896,#1897,#1905,#1911));
#1896 = ORIENTED_EDGE('',*,*,#1866,.T.);
#1897 = ORIENTED_EDGE('',*,*,#1898,.T.);
#1898 = EDGE_CURVE('',#1867,#1899,#1901,.T.);
#1899 = VERTEX_POINT('',#1900);
#1900 = CARTESIAN_POINT('',(32.7,-11.4,-2.2));
#1901 = LINE('',#1902,#1903);
#1902 = CARTESIAN_POINT('',(32.7,-10.,-2.2));
#1903 = VECTOR('',#1904,1.);
#1904 = DIRECTION('',(0.,-1.,0.));
#1905 = ORIENTED_EDGE('',*,*,#1906,.F.);
#1906 = EDGE_CURVE('',#183,#1899,#1907,.T.);
#1907 = LINE('',#1908,#1909);
#1908 = CARTESIAN_POINT('',(32.7,-11.4,0.));
#1909 = VECTOR('',#1910,1.);
#1910 = DIRECTION('',(-0.,-0.,-1.));
#1911 = ORIENTED_EDGE('',*,*,#182,.F.);
#1912 = PLANE('',#1913);
#1913 = AXIS2_PLACEMENT_3D('',#1914,#1915,#1916);
#1914 = CARTESIAN_POINT('',(32.7,-10.,0.));
#1915 = DIRECTION('',(-1.,0.,0.));
#1916 = DIRECTION('',(0.,-1.,0.));
#1917 = ADVANCED_FACE('',(#1918),#1936,.F.);
#1918 = FACE_BOUND('',#1919,.F.);
#1919 = EDGE_LOOP('',(#1920,#1921,#1929,#1935));
#1920 = ORIENTED_EDGE('',*,*,#1882,.T.);
#1921 = ORIENTED_EDGE('',*,*,#1922,.T.);
#1922 = EDGE_CURVE('',#1875,#1923,#1925,.T.);
#1923 = VERTEX_POINT('',#1924);
#1924 = CARTESIAN_POINT('',(-32.7,-11.4,-2.2));
#1925 = LINE('',#1926,#1927);
#1926 = CARTESIAN_POINT('',(-32.7,-10.,-2.2));
#1927 = VECTOR('',#1928,1.);
#1928 = DIRECTION('',(0.,-1.,0.));
#1929 = ORIENTED_EDGE('',*,*,#1930,.F.);
#1930 = EDGE_CURVE('',#449,#1923,#1931,.T.);
#1931 = LINE('',#1932,#1933);
#1932 = CARTESIAN_POINT('',(-32.7,-11.4,0.));
#1933 = VECTOR('',#1934,1.);
#1934 = DIRECTION('',(-0.,-0.,-1.));
#1935 = ORIENTED_EDGE('',*,*,#456,.F.);
#1936 = PLANE('',#1937);
#1937 = AXIS2_PLACEMENT_3D('',#1938,#1939,#1940);
#1938 = CARTESIAN_POINT('',(-32.7,-10.,0.));
#1939 = DIRECTION('',(-1.,0.,0.));
#1940 = DIRECTION('',(0.,-1.,0.));
#1941 = ADVANCED_FACE('',(#1942),#1960,.T.);
#1942 = FACE_BOUND('',#1943,.T.);
#1943 = EDGE_LOOP('',(#1944,#1945,#1953,#1959));
#1944 = ORIENTED_EDGE('',*,*,#1906,.T.);
#1945 = ORIENTED_EDGE('',*,*,#1946,.T.);
#1946 = EDGE_CURVE('',#1899,#1947,#1949,.T.);
#1947 = VERTEX_POINT('',#1948);
#1948 = CARTESIAN_POINT('',(31.65,-11.4,-2.2));
#1949 = LINE('',#1950,#1951);
#1950 = CARTESIAN_POINT('',(32.7,-11.4,-2.2));
#1951 = VECTOR('',#1952,1.);
#1952 = DIRECTION('',(-1.,0.,0.));
#1953 = ORIENTED_EDGE('',*,*,#1954,.F.);
#1954 = EDGE_CURVE('',#191,#1947,#1955,.T.);
#1955 = LINE('',#1956,#1957);
#1956 = CARTESIAN_POINT('',(31.65,-11.4,0.));
#1957 = VECTOR('',#1958,1.);
#1958 = DIRECTION('',(-0.,-0.,-1.));
#1959 = ORIENTED_EDGE('',*,*,#190,.F.);
#1960 = PLANE('',#1961);
#1961 = AXIS2_PLACEMENT_3D('',#1962,#1963,#1964);
#1962 = CARTESIAN_POINT('',(32.7,-11.4,0.));
#1963 = DIRECTION('',(0.,1.,0.));
#1964 = DIRECTION('',(-1.,0.,0.));
#1965 = ADVANCED_FACE('',(#1966),#1984,.F.);
#1966 = FACE_BOUND('',#1967,.F.);
#1967 = EDGE_LOOP('',(#1968,#1969,#1977,#1983));
#1968 = ORIENTED_EDGE('',*,*,#1930,.T.);
#1969 = ORIENTED_EDGE('',*,*,#1970,.T.);
#1970 = EDGE_CURVE('',#1923,#1971,#1973,.T.);
#1971 = VERTEX_POINT('',#1972);
#1972 = CARTESIAN_POINT('',(-31.65,-11.4,-2.2));
#1973 = LINE('',#1974,#1975);
#1974 = CARTESIAN_POINT('',(-32.7,-11.4,-2.2));
#1975 = VECTOR('',#1976,1.);
#1976 = DIRECTION('',(1.,0.,0.));
#1977 = ORIENTED_EDGE('',*,*,#1978,.F.);
#1978 = EDGE_CURVE('',#441,#1971,#1979,.T.);
#1979 = LINE('',#1980,#1981);
#1980 = CARTESIAN_POINT('',(-31.65,-11.4,0.));
#1981 = VECTOR('',#1982,1.);
#1982 = DIRECTION('',(-0.,-0.,-1.));
#1983 = ORIENTED_EDGE('',*,*,#448,.F.);
#1984 = PLANE('',#1985);
#1985 = AXIS2_PLACEMENT_3D('',#1986,#1987,#1988);
#1986 = CARTESIAN_POINT('',(-32.7,-11.4,0.));
#1987 = DIRECTION('',(0.,-1.,0.));
#1988 = DIRECTION('',(1.,0.,0.));
#1989 = ADVANCED_FACE('',(#1990),#2008,.T.);
#1990 = FACE_BOUND('',#1991,.T.);
#1991 = EDGE_LOOP('',(#1992,#1993,#2001,#2007));
#1992 = ORIENTED_EDGE('',*,*,#1954,.T.);
#1993 = ORIENTED_EDGE('',*,*,#1994,.T.);
#1994 = EDGE_CURVE('',#1947,#1995,#1997,.T.);
#1995 = VERTEX_POINT('',#1996);
#1996 = CARTESIAN_POINT('',(31.65,-17.6,-2.2));
#1997 = LINE('',#1998,#1999);
#1998 = CARTESIAN_POINT('',(31.65,-11.4,-2.2));
#1999 = VECTOR('',#2000,1.);
#2000 = DIRECTION('',(0.,-1.,0.));
#2001 = ORIENTED_EDGE('',*,*,#2002,.F.);
#2002 = EDGE_CURVE('',#199,#1995,#2003,.T.);
#2003 = LINE('',#2004,#2005);
#2004 = CARTESIAN_POINT('',(31.65,-17.6,0.));
#2005 = VECTOR('',#2006,1.);
#2006 = DIRECTION('',(-0.,-0.,-1.));
#2007 = ORIENTED_EDGE('',*,*,#198,.F.);
#2008 = PLANE('',#2009);
#2009 = AXIS2_PLACEMENT_3D('',#2010,#2011,#2012);
#2010 = CARTESIAN_POINT('',(31.65,-11.4,0.));
#2011 = DIRECTION('',(-1.,0.,0.));
#2012 = DIRECTION('',(0.,-1.,0.));
#2013 = ADVANCED_FACE('',(#2014),#2032,.F.);
#2014 = FACE_BOUND('',#2015,.F.);
#2015 = EDGE_LOOP('',(#2016,#2017,#2025,#2031));
#2016 = ORIENTED_EDGE('',*,*,#1978,.T.);
#2017 = ORIENTED_EDGE('',*,*,#2018,.T.);
#2018 = EDGE_CURVE('',#1971,#2019,#2021,.T.);
#2019 = VERTEX_POINT('',#2020);
#2020 = CARTESIAN_POINT('',(-31.65,-17.59999999999,-2.2));
#2021 = LINE('',#2022,#2023);
#2022 = CARTESIAN_POINT('',(-31.65,-11.4,-2.2));
#2023 = VECTOR('',#2024,1.);
#2024 = DIRECTION('',(0.,-1.,0.));
#2025 = ORIENTED_EDGE('',*,*,#2026,.F.);
#2026 = EDGE_CURVE('',#433,#2019,#2027,.T.);
#2027 = LINE('',#2028,#2029);
#2028 = CARTESIAN_POINT('',(-31.65,-17.59999999999,0.));
#2029 = VECTOR('',#2030,1.);
#2030 = DIRECTION('',(-0.,-0.,-1.));
#2031 = ORIENTED_EDGE('',*,*,#440,.F.);
#2032 = PLANE('',#2033);
#2033 = AXIS2_PLACEMENT_3D('',#2034,#2035,#2036);
#2034 = CARTESIAN_POINT('',(-31.65,-11.4,0.));
#2035 = DIRECTION('',(-1.,0.,0.));
#2036 = DIRECTION('',(0.,-1.,0.));
#2037 = ADVANCED_FACE('',(#2038),#2056,.T.);
#2038 = FACE_BOUND('',#2039,.T.);
#2039 = EDGE_LOOP('',(#2040,#2041,#2049,#2055));
#2040 = ORIENTED_EDGE('',*,*,#2002,.T.);
#2041 = ORIENTED_EDGE('',*,*,#2042,.T.);
#2042 = EDGE_CURVE('',#1995,#2043,#2045,.T.);
#2043 = VERTEX_POINT('',#2044);
#2044 = CARTESIAN_POINT('',(32.700000000003,-17.6,-2.2));
#2045 = LINE('',#2046,#2047);
#2046 = CARTESIAN_POINT('',(31.65,-17.6,-2.2));
#2047 = VECTOR('',#2048,1.);
#2048 = DIRECTION('',(1.,0.,0.));
#2049 = ORIENTED_EDGE('',*,*,#2050,.F.);
#2050 = EDGE_CURVE('',#207,#2043,#2051,.T.);
#2051 = LINE('',#2052,#2053);
#2052 = CARTESIAN_POINT('',(32.700000000003,-17.6,0.));
#2053 = VECTOR('',#2054,1.);
#2054 = DIRECTION('',(-0.,-0.,-1.));
#2055 = ORIENTED_EDGE('',*,*,#206,.F.);
#2056 = PLANE('',#2057);
#2057 = AXIS2_PLACEMENT_3D('',#2058,#2059,#2060);
#2058 = CARTESIAN_POINT('',(31.65,-17.6,0.));
#2059 = DIRECTION('',(0.,-1.,0.));
#2060 = DIRECTION('',(1.,0.,0.));
#2061 = ADVANCED_FACE('',(#2062),#2080,.F.);
#2062 = FACE_BOUND('',#2063,.F.);
#2063 = EDGE_LOOP('',(#2064,#2065,#2073,#2079));
#2064 = ORIENTED_EDGE('',*,*,#2026,.T.);
#2065 = ORIENTED_EDGE('',*,*,#2066,.T.);
#2066 = EDGE_CURVE('',#2019,#2067,#2069,.T.);
#2067 = VERTEX_POINT('',#2068);
#2068 = CARTESIAN_POINT('',(-32.7,-17.59999999999,-2.2));
#2069 = LINE('',#2070,#2071);
#2070 = CARTESIAN_POINT('',(-31.65,-17.59999999999,-2.2));
#2071 = VECTOR('',#2072,1.);
#2072 = DIRECTION('',(-1.,0.,0.));
#2073 = ORIENTED_EDGE('',*,*,#2074,.F.);
#2074 = EDGE_CURVE('',#425,#2067,#2075,.T.);
#2075 = LINE('',#2076,#2077);
#2076 = CARTESIAN_POINT('',(-32.7,-17.59999999999,0.));
#2077 = VECTOR('',#2078,1.);
#2078 = DIRECTION('',(-0.,-0.,-1.));
#2079 = ORIENTED_EDGE('',*,*,#432,.F.);
#2080 = PLANE('',#2081);
#2081 = AXIS2_PLACEMENT_3D('',#2082,#2083,#2084);
#2082 = CARTESIAN_POINT('',(-31.65,-17.59999999999,0.));
#2083 = DIRECTION('',(0.,1.,0.));
#2084 = DIRECTION('',(-1.,0.,0.));
#2085 = ADVANCED_FACE('',(#2086),#2104,.T.);
#2086 = FACE_BOUND('',#2087,.T.);
#2087 = EDGE_LOOP('',(#2088,#2089,#2097,#2103));
#2088 = ORIENTED_EDGE('',*,*,#2050,.T.);
#2089 = ORIENTED_EDGE('',*,*,#2090,.T.);
#2090 = EDGE_CURVE('',#2043,#2091,#2093,.T.);
#2091 = VERTEX_POINT('',#2092);
#2092 = CARTESIAN_POINT('',(32.700000000003,-19.3,-2.2));
#2093 = LINE('',#2094,#2095);
#2094 = CARTESIAN_POINT('',(32.700000000003,-17.6,-2.2));
#2095 = VECTOR('',#2096,1.);
#2096 = DIRECTION('',(0.,-1.,0.));
#2097 = ORIENTED_EDGE('',*,*,#2098,.F.);
#2098 = EDGE_CURVE('',#215,#2091,#2099,.T.);
#2099 = LINE('',#2100,#2101);
#2100 = CARTESIAN_POINT('',(32.700000000003,-19.3,0.));
#2101 = VECTOR('',#2102,1.);
#2102 = DIRECTION('',(-0.,-0.,-1.));
#2103 = ORIENTED_EDGE('',*,*,#214,.F.);
#2104 = PLANE('',#2105);
#2105 = AXIS2_PLACEMENT_3D('',#2106,#2107,#2108);
#2106 = CARTESIAN_POINT('',(32.700000000003,-17.6,0.));
#2107 = DIRECTION('',(-1.,0.,0.));
#2108 = DIRECTION('',(0.,-1.,0.));
#2109 = ADVANCED_FACE('',(#2110),#2128,.F.);
#2110 = FACE_BOUND('',#2111,.F.);
#2111 = EDGE_LOOP('',(#2112,#2113,#2121,#2127));
#2112 = ORIENTED_EDGE('',*,*,#2074,.T.);
#2113 = ORIENTED_EDGE('',*,*,#2114,.T.);
#2114 = EDGE_CURVE('',#2067,#2115,#2117,.T.);
#2115 = VERTEX_POINT('',#2116);
#2116 = CARTESIAN_POINT('',(-32.7,-19.29999999999,-2.2));
#2117 = LINE('',#2118,#2119);
#2118 = CARTESIAN_POINT('',(-32.7,-17.59999999999,-2.2));
#2119 = VECTOR('',#2120,1.);
#2120 = DIRECTION('',(0.,-1.,0.));
#2121 = ORIENTED_EDGE('',*,*,#2122,.F.);
#2122 = EDGE_CURVE('',#417,#2115,#2123,.T.);
#2123 = LINE('',#2124,#2125);
#2124 = CARTESIAN_POINT('',(-32.7,-19.29999999999,0.));
#2125 = VECTOR('',#2126,1.);
#2126 = DIRECTION('',(-0.,-0.,-1.));
#2127 = ORIENTED_EDGE('',*,*,#424,.F.);
#2128 = PLANE('',#2129);
#2129 = AXIS2_PLACEMENT_3D('',#2130,#2131,#2132);
#2130 = CARTESIAN_POINT('',(-32.7,-17.59999999999,0.));
#2131 = DIRECTION('',(-1.,0.,0.));
#2132 = DIRECTION('',(0.,-1.,0.));
#2133 = ADVANCED_FACE('',(#2134),#2152,.T.);
#2134 = FACE_BOUND('',#2135,.T.);
#2135 = EDGE_LOOP('',(#2136,#2137,#2145,#2151));
#2136 = ORIENTED_EDGE('',*,*,#2098,.T.);
#2137 = ORIENTED_EDGE('',*,*,#2138,.T.);
#2138 = EDGE_CURVE('',#2091,#2139,#2141,.T.);
#2139 = VERTEX_POINT('',#2140);
#2140 = CARTESIAN_POINT('',(31.650000000003,-19.3,-2.2));
#2141 = LINE('',#2142,#2143);
#2142 = CARTESIAN_POINT('',(32.700000000003,-19.3,-2.2));
#2143 = VECTOR('',#2144,1.);
#2144 = DIRECTION('',(-1.,0.,0.));
#2145 = ORIENTED_EDGE('',*,*,#2146,.F.);
#2146 = EDGE_CURVE('',#223,#2139,#2147,.T.);
#2147 = LINE('',#2148,#2149);
#2148 = CARTESIAN_POINT('',(31.650000000003,-19.3,0.));
#2149 = VECTOR('',#2150,1.);
#2150 = DIRECTION('',(-0.,-0.,-1.));
#2151 = ORIENTED_EDGE('',*,*,#222,.F.);
#2152 = PLANE('',#2153);
#2153 = AXIS2_PLACEMENT_3D('',#2154,#2155,#2156);
#2154 = CARTESIAN_POINT('',(32.700000000003,-19.3,0.));
#2155 = DIRECTION('',(0.,1.,0.));
#2156 = DIRECTION('',(-1.,0.,0.));
#2157 = ADVANCED_FACE('',(#2158),#2176,.F.);
#2158 = FACE_BOUND('',#2159,.F.);
#2159 = EDGE_LOOP('',(#2160,#2161,#2169,#2175));
#2160 = ORIENTED_EDGE('',*,*,#2122,.T.);
#2161 = ORIENTED_EDGE('',*,*,#2162,.T.);
#2162 = EDGE_CURVE('',#2115,#2163,#2165,.T.);
#2163 = VERTEX_POINT('',#2164);
#2164 = CARTESIAN_POINT('',(-31.64999999998,-19.29999999999,-2.2));
#2165 = LINE('',#2166,#2167);
#2166 = CARTESIAN_POINT('',(-32.7,-19.29999999999,-2.2));
#2167 = VECTOR('',#2168,1.);
#2168 = DIRECTION('',(1.,0.,0.));
#2169 = ORIENTED_EDGE('',*,*,#2170,.F.);
#2170 = EDGE_CURVE('',#409,#2163,#2171,.T.);
#2171 = LINE('',#2172,#2173);
#2172 = CARTESIAN_POINT('',(-31.64999999998,-19.29999999999,0.));
#2173 = VECTOR('',#2174,1.);
#2174 = DIRECTION('',(-0.,-0.,-1.));
#2175 = ORIENTED_EDGE('',*,*,#416,.F.);
#2176 = PLANE('',#2177);
#2177 = AXIS2_PLACEMENT_3D('',#2178,#2179,#2180);
#2178 = CARTESIAN_POINT('',(-32.7,-19.29999999999,0.));
#2179 = DIRECTION('',(0.,-1.,0.));
#2180 = DIRECTION('',(1.,0.,0.));
#2181 = ADVANCED_FACE('',(#2182),#2200,.T.);
#2182 = FACE_BOUND('',#2183,.T.);
#2183 = EDGE_LOOP('',(#2184,#2185,#2193,#2199));
#2184 = ORIENTED_EDGE('',*,*,#2146,.T.);
#2185 = ORIENTED_EDGE('',*,*,#2186,.T.);
#2186 = EDGE_CURVE('',#2139,#2187,#2189,.T.);
#2187 = VERTEX_POINT('',#2188);
#2188 = CARTESIAN_POINT('',(31.650000000003,-25.5,-2.2));
#2189 = LINE('',#2190,#2191);
#2190 = CARTESIAN_POINT('',(31.650000000003,-19.3,-2.2));
#2191 = VECTOR('',#2192,1.);
#2192 = DIRECTION('',(0.,-1.,0.));
#2193 = ORIENTED_EDGE('',*,*,#2194,.F.);
#2194 = EDGE_CURVE('',#231,#2187,#2195,.T.);
#2195 = LINE('',#2196,#2197);
#2196 = CARTESIAN_POINT('',(31.650000000003,-25.5,0.));
#2197 = VECTOR('',#2198,1.);
#2198 = DIRECTION('',(-0.,-0.,-1.));
#2199 = ORIENTED_EDGE('',*,*,#230,.F.);
#2200 = PLANE('',#2201);
#2201 = AXIS2_PLACEMENT_3D('',#2202,#2203,#2204);
#2202 = CARTESIAN_POINT('',(31.650000000003,-19.3,0.));
#2203 = DIRECTION('',(-1.,0.,0.));
#2204 = DIRECTION('',(0.,-1.,0.));
#2205 = ADVANCED_FACE('',(#2206),#2224,.F.);
#2206 = FACE_BOUND('',#2207,.F.);
#2207 = EDGE_LOOP('',(#2208,#2209,#2217,#2223));
#2208 = ORIENTED_EDGE('',*,*,#2170,.T.);
#2209 = ORIENTED_EDGE('',*,*,#2210,.T.);
#2210 = EDGE_CURVE('',#2163,#2211,#2213,.T.);
#2211 = VERTEX_POINT('',#2212);
#2212 = CARTESIAN_POINT('',(-31.64999999998,-25.49999999999,-2.2));
#2213 = LINE('',#2214,#2215);
#2214 = CARTESIAN_POINT('',(-31.64999999998,-19.29999999999,-2.2));
#2215 = VECTOR('',#2216,1.);
#2216 = DIRECTION('',(0.,-1.,0.));
#2217 = ORIENTED_EDGE('',*,*,#2218,.F.);
#2218 = EDGE_CURVE('',#401,#2211,#2219,.T.);
#2219 = LINE('',#2220,#2221);
#2220 = CARTESIAN_POINT('',(-31.64999999998,-25.49999999999,0.));
#2221 = VECTOR('',#2222,1.);
#2222 = DIRECTION('',(-0.,-0.,-1.));
#2223 = ORIENTED_EDGE('',*,*,#408,.F.);
#2224 = PLANE('',#2225);
#2225 = AXIS2_PLACEMENT_3D('',#2226,#2227,#2228);
#2226 = CARTESIAN_POINT('',(-31.64999999998,-19.29999999999,0.));
#2227 = DIRECTION('',(-1.,0.,0.));
#2228 = DIRECTION('',(0.,-1.,0.));
#2229 = ADVANCED_FACE('',(#2230),#2248,.T.);
#2230 = FACE_BOUND('',#2231,.T.);
#2231 = EDGE_LOOP('',(#2232,#2233,#2241,#2247));
#2232 = ORIENTED_EDGE('',*,*,#2194,.T.);
#2233 = ORIENTED_EDGE('',*,*,#2234,.T.);
#2234 = EDGE_CURVE('',#2187,#2235,#2237,.T.);
#2235 = VERTEX_POINT('',#2236);
#2236 = CARTESIAN_POINT('',(32.700000000024,-25.5,-2.2));
#2237 = LINE('',#2238,#2239);
#2238 = CARTESIAN_POINT('',(31.650000000003,-25.5,-2.2));
#2239 = VECTOR('',#2240,1.);
#2240 = DIRECTION('',(1.,0.,0.));
#2241 = ORIENTED_EDGE('',*,*,#2242,.F.);
#2242 = EDGE_CURVE('',#239,#2235,#2243,.T.);
#2243 = LINE('',#2244,#2245);
#2244 = CARTESIAN_POINT('',(32.700000000024,-25.5,0.));
#2245 = VECTOR('',#2246,1.);
#2246 = DIRECTION('',(-0.,-0.,-1.));
#2247 = ORIENTED_EDGE('',*,*,#238,.F.);
#2248 = PLANE('',#2249);
#2249 = AXIS2_PLACEMENT_3D('',#2250,#2251,#2252);
#2250 = CARTESIAN_POINT('',(31.650000000003,-25.5,0.));
#2251 = DIRECTION('',(0.,-1.,0.));
#2252 = DIRECTION('',(1.,0.,0.));
#2253 = ADVANCED_FACE('',(#2254),#2272,.F.);
#2254 = FACE_BOUND('',#2255,.F.);
#2255 = EDGE_LOOP('',(#2256,#2257,#2265,#2271));
#2256 = ORIENTED_EDGE('',*,*,#2218,.T.);
#2257 = ORIENTED_EDGE('',*,*,#2258,.T.);
#2258 = EDGE_CURVE('',#2211,#2259,#2261,.T.);
#2259 = VERTEX_POINT('',#2260);
#2260 = CARTESIAN_POINT('',(-32.7,-25.49999999999,-2.2));
#2261 = LINE('',#2262,#2263);
#2262 = CARTESIAN_POINT('',(-31.64999999998,-25.49999999999,-2.2));
#2263 = VECTOR('',#2264,1.);
#2264 = DIRECTION('',(-1.,0.,0.));
#2265 = ORIENTED_EDGE('',*,*,#2266,.F.);
#2266 = EDGE_CURVE('',#393,#2259,#2267,.T.);
#2267 = LINE('',#2268,#2269);
#2268 = CARTESIAN_POINT('',(-32.7,-25.49999999999,0.));
#2269 = VECTOR('',#2270,1.);
#2270 = DIRECTION('',(-0.,-0.,-1.));
#2271 = ORIENTED_EDGE('',*,*,#400,.F.);
#2272 = PLANE('',#2273);
#2273 = AXIS2_PLACEMENT_3D('',#2274,#2275,#2276);
#2274 = CARTESIAN_POINT('',(-31.64999999998,-25.49999999999,0.));
#2275 = DIRECTION('',(0.,1.,0.));
#2276 = DIRECTION('',(-1.,0.,0.));
#2277 = ADVANCED_FACE('',(#2278),#2296,.T.);
#2278 = FACE_BOUND('',#2279,.T.);
#2279 = EDGE_LOOP('',(#2280,#2281,#2289,#2295));
#2280 = ORIENTED_EDGE('',*,*,#2242,.T.);
#2281 = ORIENTED_EDGE('',*,*,#2282,.T.);
#2282 = EDGE_CURVE('',#2235,#2283,#2285,.T.);
#2283 = VERTEX_POINT('',#2284);
#2284 = CARTESIAN_POINT('',(32.700000000024,-27.20000000003,-2.2));
#2285 = LINE('',#2286,#2287);
#2286 = CARTESIAN_POINT('',(32.700000000024,-25.5,-2.2));
#2287 = VECTOR('',#2288,1.);
#2288 = DIRECTION('',(0.,-1.,0.));
#2289 = ORIENTED_EDGE('',*,*,#2290,.F.);
#2290 = EDGE_CURVE('',#247,#2283,#2291,.T.);
#2291 = LINE('',#2292,#2293);
#2292 = CARTESIAN_POINT('',(32.700000000024,-27.20000000003,0.));
#2293 = VECTOR('',#2294,1.);
#2294 = DIRECTION('',(-0.,-0.,-1.));
#2295 = ORIENTED_EDGE('',*,*,#246,.F.);
#2296 = PLANE('',#2297);
#2297 = AXIS2_PLACEMENT_3D('',#2298,#2299,#2300);
#2298 = CARTESIAN_POINT('',(32.700000000024,-25.5,0.));
#2299 = DIRECTION('',(-1.,0.,0.));
#2300 = DIRECTION('',(0.,-1.,0.));
#2301 = ADVANCED_FACE('',(#2302),#2320,.F.);
#2302 = FACE_BOUND('',#2303,.F.);
#2303 = EDGE_LOOP('',(#2304,#2305,#2313,#2319));
#2304 = ORIENTED_EDGE('',*,*,#2266,.T.);
#2305 = ORIENTED_EDGE('',*,*,#2306,.T.);
#2306 = EDGE_CURVE('',#2259,#2307,#2309,.T.);
#2307 = VERTEX_POINT('',#2308);
#2308 = CARTESIAN_POINT('',(-32.7,-27.19999999995,-2.2));
#2309 = LINE('',#2310,#2311);
#2310 = CARTESIAN_POINT('',(-32.7,-25.49999999999,-2.2));
#2311 = VECTOR('',#2312,1.);
#2312 = DIRECTION('',(0.,-1.,0.));
#2313 = ORIENTED_EDGE('',*,*,#2314,.F.);
#2314 = EDGE_CURVE('',#385,#2307,#2315,.T.);
#2315 = LINE('',#2316,#2317);
#2316 = CARTESIAN_POINT('',(-32.7,-27.19999999995,0.));
#2317 = VECTOR('',#2318,1.);
#2318 = DIRECTION('',(-0.,-0.,-1.));
#2319 = ORIENTED_EDGE('',*,*,#392,.F.);
#2320 = PLANE('',#2321);
#2321 = AXIS2_PLACEMENT_3D('',#2322,#2323,#2324);
#2322 = CARTESIAN_POINT('',(-32.7,-25.49999999999,0.));
#2323 = DIRECTION('',(-1.,0.,0.));
#2324 = DIRECTION('',(0.,-1.,0.));
#2325 = ADVANCED_FACE('',(#2326),#2344,.T.);
#2326 = FACE_BOUND('',#2327,.T.);
#2327 = EDGE_LOOP('',(#2328,#2329,#2337,#2343));
#2328 = ORIENTED_EDGE('',*,*,#2290,.T.);
#2329 = ORIENTED_EDGE('',*,*,#2330,.T.);
#2330 = EDGE_CURVE('',#2283,#2331,#2333,.T.);
#2331 = VERTEX_POINT('',#2332);
#2332 = CARTESIAN_POINT('',(31.650000000024,-27.20000000003,-2.2));
#2333 = LINE('',#2334,#2335);
#2334 = CARTESIAN_POINT('',(32.700000000024,-27.20000000003,-2.2));
#2335 = VECTOR('',#2336,1.);
#2336 = DIRECTION('',(-1.,0.,0.));
#2337 = ORIENTED_EDGE('',*,*,#2338,.F.);
#2338 = EDGE_CURVE('',#255,#2331,#2339,.T.);
#2339 = LINE('',#2340,#2341);
#2340 = CARTESIAN_POINT('',(31.650000000024,-27.20000000003,0.));
#2341 = VECTOR('',#2342,1.);
#2342 = DIRECTION('',(-0.,-0.,-1.));
#2343 = ORIENTED_EDGE('',*,*,#254,.F.);
#2344 = PLANE('',#2345);
#2345 = AXIS2_PLACEMENT_3D('',#2346,#2347,#2348);
#2346 = CARTESIAN_POINT('',(32.700000000024,-27.20000000003,0.));
#2347 = DIRECTION('',(0.,1.,0.));
#2348 = DIRECTION('',(-1.,0.,0.));
#2349 = ADVANCED_FACE('',(#2350),#2368,.F.);
#2350 = FACE_BOUND('',#2351,.F.);
#2351 = EDGE_LOOP('',(#2352,#2353,#2361,#2367));
#2352 = ORIENTED_EDGE('',*,*,#2314,.T.);
#2353 = ORIENTED_EDGE('',*,*,#2354,.T.);
#2354 = EDGE_CURVE('',#2307,#2355,#2357,.T.);
#2355 = VERTEX_POINT('',#2356);
#2356 = CARTESIAN_POINT('',(-31.65,-27.19999999995,-2.2));
#2357 = LINE('',#2358,#2359);
#2358 = CARTESIAN_POINT('',(-32.7,-27.19999999995,-2.2));
#2359 = VECTOR('',#2360,1.);
#2360 = DIRECTION('',(1.,0.,0.));
#2361 = ORIENTED_EDGE('',*,*,#2362,.F.);
#2362 = EDGE_CURVE('',#377,#2355,#2363,.T.);
#2363 = LINE('',#2364,#2365);
#2364 = CARTESIAN_POINT('',(-31.65,-27.19999999995,0.));
#2365 = VECTOR('',#2366,1.);
#2366 = DIRECTION('',(-0.,-0.,-1.));
#2367 = ORIENTED_EDGE('',*,*,#384,.F.);
#2368 = PLANE('',#2369);
#2369 = AXIS2_PLACEMENT_3D('',#2370,#2371,#2372);
#2370 = CARTESIAN_POINT('',(-32.7,-27.19999999995,0.));
#2371 = DIRECTION('',(0.,-1.,0.));
#2372 = DIRECTION('',(1.,0.,0.));
#2373 = ADVANCED_FACE('',(#2374),#2392,.T.);
#2374 = FACE_BOUND('',#2375,.T.);
#2375 = EDGE_LOOP('',(#2376,#2377,#2385,#2391));
#2376 = ORIENTED_EDGE('',*,*,#2338,.T.);
#2377 = ORIENTED_EDGE('',*,*,#2378,.T.);
#2378 = EDGE_CURVE('',#2331,#2379,#2381,.T.);
#2379 = VERTEX_POINT('',#2380);
#2380 = CARTESIAN_POINT('',(31.650000000024,-33.40000000003,-2.2));
#2381 = LINE('',#2382,#2383);
#2382 = CARTESIAN_POINT('',(31.650000000024,-27.20000000003,-2.2));
#2383 = VECTOR('',#2384,1.);
#2384 = DIRECTION('',(0.,-1.,0.));
#2385 = ORIENTED_EDGE('',*,*,#2386,.F.);
#2386 = EDGE_CURVE('',#263,#2379,#2387,.T.);
#2387 = LINE('',#2388,#2389);
#2388 = CARTESIAN_POINT('',(31.650000000024,-33.40000000003,0.));
#2389 = VECTOR('',#2390,1.);
#2390 = DIRECTION('',(-0.,-0.,-1.));
#2391 = ORIENTED_EDGE('',*,*,#262,.F.);
#2392 = PLANE('',#2393);
#2393 = AXIS2_PLACEMENT_3D('',#2394,#2395,#2396);
#2394 = CARTESIAN_POINT('',(31.650000000024,-27.20000000003,0.));
#2395 = DIRECTION('',(-1.,0.,0.));
#2396 = DIRECTION('',(0.,-1.,0.));
#2397 = ADVANCED_FACE('',(#2398),#2416,.F.);
#2398 = FACE_BOUND('',#2399,.F.);
#2399 = EDGE_LOOP('',(#2400,#2401,#2409,#2415));
#2400 = ORIENTED_EDGE('',*,*,#2362,.T.);
#2401 = ORIENTED_EDGE('',*,*,#2402,.T.);
#2402 = EDGE_CURVE('',#2355,#2403,#2405,.T.);
#2403 = VERTEX_POINT('',#2404);
#2404 = CARTESIAN_POINT('',(-31.65,-33.39999999994,-2.2));
#2405 = LINE('',#2406,#2407);
#2406 = CARTESIAN_POINT('',(-31.65,-27.19999999995,-2.2));
#2407 = VECTOR('',#2408,1.);
#2408 = DIRECTION('',(0.,-1.,0.));
#2409 = ORIENTED_EDGE('',*,*,#2410,.F.);
#2410 = EDGE_CURVE('',#369,#2403,#2411,.T.);
#2411 = LINE('',#2412,#2413);
#2412 = CARTESIAN_POINT('',(-31.65,-33.39999999994,0.));
#2413 = VECTOR('',#2414,1.);
#2414 = DIRECTION('',(-0.,-0.,-1.));
#2415 = ORIENTED_EDGE('',*,*,#376,.F.);
#2416 = PLANE('',#2417);
#2417 = AXIS2_PLACEMENT_3D('',#2418,#2419,#2420);
#2418 = CARTESIAN_POINT('',(-31.65,-27.19999999995,0.));
#2419 = DIRECTION('',(-1.,0.,0.));
#2420 = DIRECTION('',(0.,-1.,0.));
#2421 = ADVANCED_FACE('',(#2422),#2440,.T.);
#2422 = FACE_BOUND('',#2423,.T.);
#2423 = EDGE_LOOP('',(#2424,#2425,#2433,#2439));
#2424 = ORIENTED_EDGE('',*,*,#2386,.T.);
#2425 = ORIENTED_EDGE('',*,*,#2426,.T.);
#2426 = EDGE_CURVE('',#2379,#2427,#2429,.T.);
#2427 = VERTEX_POINT('',#2428);
#2428 = CARTESIAN_POINT('',(32.700000000023,-33.40000000003,-2.2));
#2429 = LINE('',#2430,#2431);
#2430 = CARTESIAN_POINT('',(31.650000000024,-33.40000000003,-2.2));
#2431 = VECTOR('',#2432,1.);
#2432 = DIRECTION('',(1.,0.,0.));
#2433 = ORIENTED_EDGE('',*,*,#2434,.F.);
#2434 = EDGE_CURVE('',#271,#2427,#2435,.T.);
#2435 = LINE('',#2436,#2437);
#2436 = CARTESIAN_POINT('',(32.700000000023,-33.40000000003,0.));
#2437 = VECTOR('',#2438,1.);
#2438 = DIRECTION('',(-0.,-0.,-1.));
#2439 = ORIENTED_EDGE('',*,*,#270,.F.);
#2440 = PLANE('',#2441);
#2441 = AXIS2_PLACEMENT_3D('',#2442,#2443,#2444);
#2442 = CARTESIAN_POINT('',(31.650000000024,-33.40000000003,0.));
#2443 = DIRECTION('',(0.,-1.,0.));
#2444 = DIRECTION('',(1.,0.,0.));
#2445 = ADVANCED_FACE('',(#2446),#2464,.F.);
#2446 = FACE_BOUND('',#2447,.F.);
#2447 = EDGE_LOOP('',(#2448,#2449,#2457,#2463));
#2448 = ORIENTED_EDGE('',*,*,#2410,.T.);
#2449 = ORIENTED_EDGE('',*,*,#2450,.T.);
#2450 = EDGE_CURVE('',#2403,#2451,#2453,.T.);
#2451 = VERTEX_POINT('',#2452);
#2452 = CARTESIAN_POINT('',(-32.7,-33.39999999994,-2.2));
#2453 = LINE('',#2454,#2455);
#2454 = CARTESIAN_POINT('',(-31.65,-33.39999999994,-2.2));
#2455 = VECTOR('',#2456,1.);
#2456 = DIRECTION('',(-1.,0.,0.));
#2457 = ORIENTED_EDGE('',*,*,#2458,.F.);
#2458 = EDGE_CURVE('',#361,#2451,#2459,.T.);
#2459 = LINE('',#2460,#2461);
#2460 = CARTESIAN_POINT('',(-32.7,-33.39999999994,0.));
#2461 = VECTOR('',#2462,1.);
#2462 = DIRECTION('',(-0.,-0.,-1.));
#2463 = ORIENTED_EDGE('',*,*,#368,.F.);
#2464 = PLANE('',#2465);
#2465 = AXIS2_PLACEMENT_3D('',#2466,#2467,#2468);
#2466 = CARTESIAN_POINT('',(-31.65,-33.39999999994,0.));
#2467 = DIRECTION('',(0.,1.,0.));
#2468 = DIRECTION('',(-1.,0.,0.));
#2469 = ADVANCED_FACE('',(#2470),#2488,.T.);
#2470 = FACE_BOUND('',#2471,.T.);
#2471 = EDGE_LOOP('',(#2472,#2473,#2481,#2487));
#2472 = ORIENTED_EDGE('',*,*,#2434,.T.);
#2473 = ORIENTED_EDGE('',*,*,#2474,.T.);
#2474 = EDGE_CURVE('',#2427,#2475,#2477,.T.);
#2475 = VERTEX_POINT('',#2476);
#2476 = CARTESIAN_POINT('',(32.700000000023,-35.10000000003,-2.2));
#2477 = LINE('',#2478,#2479);
#2478 = CARTESIAN_POINT('',(32.700000000023,-33.40000000003,-2.2));
#2479 = VECTOR('',#2480,1.);
#2480 = DIRECTION('',(0.,-1.,0.));
#2481 = ORIENTED_EDGE('',*,*,#2482,.F.);
#2482 = EDGE_CURVE('',#279,#2475,#2483,.T.);
#2483 = LINE('',#2484,#2485);
#2484 = CARTESIAN_POINT('',(32.700000000023,-35.10000000003,0.));
#2485 = VECTOR('',#2486,1.);
#2486 = DIRECTION('',(-0.,-0.,-1.));
#2487 = ORIENTED_EDGE('',*,*,#278,.F.);
#2488 = PLANE('',#2489);
#2489 = AXIS2_PLACEMENT_3D('',#2490,#2491,#2492);
#2490 = CARTESIAN_POINT('',(32.700000000023,-33.40000000003,0.));
#2491 = DIRECTION('',(-1.,0.,0.));
#2492 = DIRECTION('',(0.,-1.,0.));
#2493 = ADVANCED_FACE('',(#2494),#2512,.F.);
#2494 = FACE_BOUND('',#2495,.F.);
#2495 = EDGE_LOOP('',(#2496,#2497,#2505,#2511));
#2496 = ORIENTED_EDGE('',*,*,#2458,.T.);
#2497 = ORIENTED_EDGE('',*,*,#2498,.T.);
#2498 = EDGE_CURVE('',#2451,#2499,#2501,.T.);
#2499 = VERTEX_POINT('',#2500);
#2500 = CARTESIAN_POINT('',(-32.7,-35.09999999986,-2.2));
#2501 = LINE('',#2502,#2503);
#2502 = CARTESIAN_POINT('',(-32.7,-33.39999999994,-2.2));
#2503 = VECTOR('',#2504,1.);
#2504 = DIRECTION('',(0.,-1.,0.));
#2505 = ORIENTED_EDGE('',*,*,#2506,.F.);
#2506 = EDGE_CURVE('',#353,#2499,#2507,.T.);
#2507 = LINE('',#2508,#2509);
#2508 = CARTESIAN_POINT('',(-32.7,-35.09999999986,0.));
#2509 = VECTOR('',#2510,1.);
#2510 = DIRECTION('',(-0.,-0.,-1.));
#2511 = ORIENTED_EDGE('',*,*,#360,.F.);
#2512 = PLANE('',#2513);
#2513 = AXIS2_PLACEMENT_3D('',#2514,#2515,#2516);
#2514 = CARTESIAN_POINT('',(-32.7,-33.39999999994,0.));
#2515 = DIRECTION('',(-1.,0.,0.));
#2516 = DIRECTION('',(0.,-1.,0.));
#2517 = ADVANCED_FACE('',(#2518),#2552,.F.);
#2518 = FACE_BOUND('',#2519,.F.);
#2519 = EDGE_LOOP('',(#2520,#2521,#2529,#2537,#2545,#2551));
#2520 = ORIENTED_EDGE('',*,*,#286,.T.);
#2521 = ORIENTED_EDGE('',*,*,#2522,.T.);
#2522 = EDGE_CURVE('',#287,#2523,#2525,.T.);
#2523 = VERTEX_POINT('',#2524);
#2524 = CARTESIAN_POINT('',(25.750000000002,-35.10000000003,-0.6));
#2525 = LINE('',#2526,#2527);
#2526 = CARTESIAN_POINT('',(25.750000000002,-35.10000000003,0.));
#2527 = VECTOR('',#2528,1.);
#2528 = DIRECTION('',(-0.,-0.,-1.));
#2529 = ORIENTED_EDGE('',*,*,#2530,.F.);
#2530 = EDGE_CURVE('',#2531,#2523,#2533,.T.);
#2531 = VERTEX_POINT('',#2532);
#2532 = CARTESIAN_POINT('',(30.1,-35.10000000003,-0.6));
#2533 = LINE('',#2534,#2535);
#2534 = CARTESIAN_POINT('',(14.510650612187,-35.10000000003,-0.6));
#2535 = VECTOR('',#2536,1.);
#2536 = DIRECTION('',(-1.,0.,0.));
#2537 = ORIENTED_EDGE('',*,*,#2538,.T.);
#2538 = EDGE_CURVE('',#2531,#2539,#2541,.T.);
#2539 = VERTEX_POINT('',#2540);
#2540 = CARTESIAN_POINT('',(30.1,-35.10000000003,-2.2));
#2541 = LINE('',#2542,#2543);
#2542 = CARTESIAN_POINT('',(30.1,-35.10000000003,-1.65));
#2543 = VECTOR('',#2544,1.);
#2544 = DIRECTION('',(0.,0.,-1.));
#2545 = ORIENTED_EDGE('',*,*,#2546,.F.);
#2546 = EDGE_CURVE('',#2475,#2539,#2547,.T.);
#2547 = LINE('',#2548,#2549);
#2548 = CARTESIAN_POINT('',(32.700000000023,-35.10000000003,-2.2));
#2549 = VECTOR('',#2550,1.);
#2550 = DIRECTION('',(-1.,0.,0.));
#2551 = ORIENTED_EDGE('',*,*,#2482,.F.);
#2552 = PLANE('',#2553);
#2553 = AXIS2_PLACEMENT_3D('',#2554,#2555,#2556);
#2554 = CARTESIAN_POINT('',(29.225000000013,-35.10000000003,-1.1));
#2555 = DIRECTION('',(-0.,-1.,-0.));
#2556 = DIRECTION('',(0.,0.,-1.));
#2557 = ADVANCED_FACE('',(#2558),#2592,.F.);
#2558 = FACE_BOUND('',#2559,.F.);
#2559 = EDGE_LOOP('',(#2560,#2561,#2562,#2570,#2578,#2586));
#2560 = ORIENTED_EDGE('',*,*,#352,.F.);
#2561 = ORIENTED_EDGE('',*,*,#2506,.T.);
#2562 = ORIENTED_EDGE('',*,*,#2563,.T.);
#2563 = EDGE_CURVE('',#2499,#2564,#2566,.T.);
#2564 = VERTEX_POINT('',#2565);
#2565 = CARTESIAN_POINT('',(-30.59130487601,-35.09999999986,-2.2));
#2566 = LINE('',#2567,#2568);
#2567 = CARTESIAN_POINT('',(-31.65000000002,-35.09999999986,-2.2));
#2568 = VECTOR('',#2569,1.);
#2569 = DIRECTION('',(1.,0.,0.));
#2570 = ORIENTED_EDGE('',*,*,#2571,.F.);
#2571 = EDGE_CURVE('',#2572,#2564,#2574,.T.);
#2572 = VERTEX_POINT('',#2573);
#2573 = CARTESIAN_POINT('',(-30.59130487601,-35.09999999986,-0.6));
#2574 = LINE('',#2575,#2576);
#2575 = CARTESIAN_POINT('',(-30.59130487601,-35.09999999986,-1.65));
#2576 = VECTOR('',#2577,1.);
#2577 = DIRECTION('',(0.,0.,-1.));
#2578 = ORIENTED_EDGE('',*,*,#2579,.F.);
#2579 = EDGE_CURVE('',#2580,#2572,#2582,.T.);
#2580 = VERTEX_POINT('',#2581);
#2581 = CARTESIAN_POINT('',(-25.75000000002,-35.09999999986,-0.6));
#2582 = LINE('',#2583,#2584);
#2583 = CARTESIAN_POINT('',(-14.71434938782,-35.09999999986,-0.6));
#2584 = VECTOR('',#2585,1.);
#2585 = DIRECTION('',(-1.,3.052964247206E-16,0.));
#2586 = ORIENTED_EDGE('',*,*,#2587,.F.);
#2587 = EDGE_CURVE('',#344,#2580,#2588,.T.);
#2588 = LINE('',#2589,#2590);
#2589 = CARTESIAN_POINT('',(-25.75000000002,-35.09999999986,0.));
#2590 = VECTOR('',#2591,1.);
#2591 = DIRECTION('',(-0.,-0.,-1.));
#2592 = PLANE('',#2593);
#2593 = AXIS2_PLACEMENT_3D('',#2594,#2595,#2596);
#2594 = CARTESIAN_POINT('',(-29.22500000001,-35.09999999986,-1.1));
#2595 = DIRECTION('',(-3.052964247206E-16,-1.,-0.));
#2596 = DIRECTION('',(-1.,3.052964247206E-16,0.));
#2597 = ADVANCED_FACE('',(#2598),#2617,.F.);
#2598 = FACE_BOUND('',#2599,.F.);
#2599 = EDGE_LOOP('',(#2600,#2601,#2609,#2616));
#2600 = ORIENTED_EDGE('',*,*,#294,.F.);
#2601 = ORIENTED_EDGE('',*,*,#2602,.T.);
#2602 = EDGE_CURVE('',#295,#2603,#2605,.T.);
#2603 = VERTEX_POINT('',#2604);
#2604 = CARTESIAN_POINT('',(21.013298775153,-40.52595798465,-0.6));
#2605 = LINE('',#2606,#2607);
#2606 = CARTESIAN_POINT('',(21.013298775153,-40.52595798465,0.));
#2607 = VECTOR('',#2608,1.);
#2608 = DIRECTION('',(-0.,-0.,-1.));
#2609 = ORIENTED_EDGE('',*,*,#2610,.T.);
#2610 = EDGE_CURVE('',#2603,#2523,#2611,.T.);
#2611 = CIRCLE('',#2612,5.05);
#2612 = AXIS2_PLACEMENT_3D('',#2613,#2614,#2615);
#2613 = CARTESIAN_POINT('',(20.714681433023,-35.4847946583,-0.6));
#2614 = DIRECTION('',(0.,0.,1.));
#2615 = DIRECTION('',(1.,0.,0.));
#2616 = ORIENTED_EDGE('',*,*,#2522,.F.);
#2617 = CYLINDRICAL_SURFACE('',#2618,5.05);
#2618 = AXIS2_PLACEMENT_3D('',#2619,#2620,#2621);
#2619 = CARTESIAN_POINT('',(20.714681433023,-35.4847946583,0.));
#2620 = DIRECTION('',(0.,0.,1.));
#2621 = DIRECTION('',(1.,0.,0.));
#2622 = ADVANCED_FACE('',(#2623),#2642,.F.);
#2623 = FACE_BOUND('',#2624,.F.);
#2624 = EDGE_LOOP('',(#2625,#2626,#2627,#2636));
#2625 = ORIENTED_EDGE('',*,*,#343,.F.);
#2626 = ORIENTED_EDGE('',*,*,#2587,.T.);
#2627 = ORIENTED_EDGE('',*,*,#2628,.T.);
#2628 = EDGE_CURVE('',#2580,#2629,#2631,.T.);
#2629 = VERTEX_POINT('',#2630);
#2630 = CARTESIAN_POINT('',(-21.01329877517,-40.52595798449,-0.6));
#2631 = CIRCLE('',#2632,5.05);
#2632 = AXIS2_PLACEMENT_3D('',#2633,#2634,#2635);
#2633 = CARTESIAN_POINT('',(-20.71468143304,-35.48479465813,-0.6));
#2634 = DIRECTION('',(0.,0.,1.));
#2635 = DIRECTION('',(1.,0.,0.));
#2636 = ORIENTED_EDGE('',*,*,#2637,.F.);
#2637 = EDGE_CURVE('',#336,#2629,#2638,.T.);
#2638 = LINE('',#2639,#2640);
#2639 = CARTESIAN_POINT('',(-21.01329877517,-40.52595798449,0.));
#2640 = VECTOR('',#2641,1.);
#2641 = DIRECTION('',(-0.,-0.,-1.));
#2642 = CYLINDRICAL_SURFACE('',#2643,5.05);
#2643 = AXIS2_PLACEMENT_3D('',#2644,#2645,#2646);
#2644 = CARTESIAN_POINT('',(-20.71468143304,-35.48479465813,0.));
#2645 = DIRECTION('',(0.,0.,1.));
#2646 = DIRECTION('',(1.,0.,0.));
#2647 = ADVANCED_FACE('',(#2648),#2666,.T.);
#2648 = FACE_BOUND('',#2649,.T.);
#2649 = EDGE_LOOP('',(#2650,#2651,#2652,#2660));
#2650 = ORIENTED_EDGE('',*,*,#303,.F.);
#2651 = ORIENTED_EDGE('',*,*,#2602,.T.);
#2652 = ORIENTED_EDGE('',*,*,#2653,.F.);
#2653 = EDGE_CURVE('',#2654,#2603,#2656,.T.);
#2654 = VERTEX_POINT('',#2655);
#2655 = CARTESIAN_POINT('',(11.338589477194,-41.22595798465,-0.6));
#2656 = LINE('',#2657,#2658);
#2657 = CARTESIAN_POINT('',(10.405111869424,-41.29349844559,-0.6));
#2658 = VECTOR('',#2659,1.);
#2659 = DIRECTION('',(0.99739271113,7.216494845361E-02,0.));
#2660 = ORIENTED_EDGE('',*,*,#2661,.F.);
#2661 = EDGE_CURVE('',#304,#2654,#2662,.T.);
#2662 = LINE('',#2663,#2664);
#2663 = CARTESIAN_POINT('',(11.338589477194,-41.22595798465,0.));
#2664 = VECTOR('',#2665,1.);
#2665 = DIRECTION('',(-0.,-0.,-1.));
#2666 = PLANE('',#2667);
#2667 = AXIS2_PLACEMENT_3D('',#2668,#2669,#2670);
#2668 = CARTESIAN_POINT('',(21.013298775153,-40.52595798465,0.));
#2669 = DIRECTION('',(-7.216494845361E-02,0.99739271113,0.));
#2670 = DIRECTION('',(-0.99739271113,-7.216494845361E-02,0.));
#2671 = ADVANCED_FACE('',(#2672),#2690,.F.);
#2672 = FACE_BOUND('',#2673,.F.);
#2673 = EDGE_LOOP('',(#2674,#2675,#2676,#2684));
#2674 = ORIENTED_EDGE('',*,*,#335,.F.);
#2675 = ORIENTED_EDGE('',*,*,#2637,.T.);
#2676 = ORIENTED_EDGE('',*,*,#2677,.F.);
#2677 = EDGE_CURVE('',#2678,#2629,#2680,.T.);
#2678 = VERTEX_POINT('',#2679);
#2679 = CARTESIAN_POINT('',(-11.33858947721,-41.22595798449,-0.6));
#2680 = LINE('',#2681,#2682);
#2681 = CARTESIAN_POINT('',(-10.6077498267,-41.2788368607,-0.6));
#2682 = VECTOR('',#2683,1.);
#2683 = DIRECTION('',(-0.99739271113,7.216494845361E-02,0.));
#2684 = ORIENTED_EDGE('',*,*,#2685,.F.);
#2685 = EDGE_CURVE('',#328,#2678,#2686,.T.);
#2686 = LINE('',#2687,#2688);
#2687 = CARTESIAN_POINT('',(-11.33858947721,-41.22595798449,0.));
#2688 = VECTOR('',#2689,1.);
#2689 = DIRECTION('',(-0.,-0.,-1.));
#2690 = PLANE('',#2691);
#2691 = AXIS2_PLACEMENT_3D('',#2692,#2693,#2694);
#2692 = CARTESIAN_POINT('',(-21.01329877517,-40.52595798449,0.));
#2693 = DIRECTION('',(-7.216494845361E-02,-0.99739271113,0.));
#2694 = DIRECTION('',(0.99739271113,-7.216494845361E-02,0.));
#2695 = ADVANCED_FACE('',(#2696),#2714,.T.);
#2696 = FACE_BOUND('',#2697,.T.);
#2697 = EDGE_LOOP('',(#2698,#2699,#2700,#2708));
#2698 = ORIENTED_EDGE('',*,*,#311,.F.);
#2699 = ORIENTED_EDGE('',*,*,#2661,.T.);
#2700 = ORIENTED_EDGE('',*,*,#2701,.F.);
#2701 = EDGE_CURVE('',#2702,#2654,#2704,.T.);
#2702 = VERTEX_POINT('',#2703);
#2703 = CARTESIAN_POINT('',(2.8,-41.57595798465,-0.6));
#2704 = LINE('',#2705,#2706);
#2705 = CARTESIAN_POINT('',(5.560215780014,-41.46281569978,-0.6));
#2706 = VECTOR('',#2707,1.);
#2707 = DIRECTION('',(0.999160951691,4.095598389239E-02,0.));
#2708 = ORIENTED_EDGE('',*,*,#2709,.F.);
#2709 = EDGE_CURVE('',#312,#2702,#2710,.T.);
#2710 = LINE('',#2711,#2712);
#2711 = CARTESIAN_POINT('',(2.8,-41.57595798465,0.));
#2712 = VECTOR('',#2713,1.);
#2713 = DIRECTION('',(-0.,-0.,-1.));
#2714 = PLANE('',#2715);
#2715 = AXIS2_PLACEMENT_3D('',#2716,#2717,#2718);
#2716 = CARTESIAN_POINT('',(11.338589477194,-41.22595798465,0.));
#2717 = DIRECTION('',(-4.095598389239E-02,0.999160951691,0.));
#2718 = DIRECTION('',(-0.999160951691,-4.095598389239E-02,0.));
#2719 = ADVANCED_FACE('',(#2720),#2738,.F.);
#2720 = FACE_BOUND('',#2721,.F.);
#2721 = EDGE_LOOP('',(#2722,#2723,#2724,#2732));
#2722 = ORIENTED_EDGE('',*,*,#327,.F.);
#2723 = ORIENTED_EDGE('',*,*,#2685,.T.);
#2724 = ORIENTED_EDGE('',*,*,#2725,.F.);
#2725 = EDGE_CURVE('',#2726,#2678,#2728,.T.);
#2726 = VERTEX_POINT('',#2727);
#2727 = CARTESIAN_POINT('',(-2.8,-41.57595798465,-0.6));
#2728 = LINE('',#2729,#2730);
#2729 = CARTESIAN_POINT('',(-5.76357287284,-41.45448001587,-0.6));
#2730 = VECTOR('',#2731,1.);
#2731 = DIRECTION('',(-0.99916095169,4.095598391172E-02,0.));
#2732 = ORIENTED_EDGE('',*,*,#2733,.F.);
#2733 = EDGE_CURVE('',#320,#2726,#2734,.T.);
#2734 = LINE('',#2735,#2736);
#2735 = CARTESIAN_POINT('',(-2.8,-41.57595798465,0.));
#2736 = VECTOR('',#2737,1.);
#2737 = DIRECTION('',(-0.,-0.,-1.));
#2738 = PLANE('',#2739);
#2739 = AXIS2_PLACEMENT_3D('',#2740,#2741,#2742);
#2740 = CARTESIAN_POINT('',(-11.33858947721,-41.22595798449,0.));
#2741 = DIRECTION('',(-4.095598391172E-02,-0.99916095169,0.));
#2742 = DIRECTION('',(0.99916095169,-4.095598391172E-02,0.));
#2743 = ADVANCED_FACE('',(#2744),#2755,.F.);
#2744 = FACE_BOUND('',#2745,.F.);
#2745 = EDGE_LOOP('',(#2746,#2747,#2748,#2754));
#2746 = ORIENTED_EDGE('',*,*,#319,.F.);
#2747 = ORIENTED_EDGE('',*,*,#2733,.T.);
#2748 = ORIENTED_EDGE('',*,*,#2749,.F.);
#2749 = EDGE_CURVE('',#2702,#2726,#2750,.T.);
#2750 = LINE('',#2751,#2752);
#2751 = CARTESIAN_POINT('',(-1.50184938782,-41.57595798465,-0.6));
#2752 = VECTOR('',#2753,1.);
#2753 = DIRECTION('',(-1.,0.,0.));
#2754 = ORIENTED_EDGE('',*,*,#2709,.F.);
#2755 = PLANE('',#2756);
#2756 = AXIS2_PLACEMENT_3D('',#2757,#2758,#2759);
#2757 = CARTESIAN_POINT('',(-2.8,-41.57595798465,0.));
#2758 = DIRECTION('',(0.,-1.,0.));
#2759 = DIRECTION('',(1.,0.,0.));
#2760 = ADVANCED_FACE('',(#2761),#2786,.F.);
#2761 = FACE_BOUND('',#2762,.F.);
#2762 = EDGE_LOOP('',(#2763,#2764,#2772,#2780));
#2763 = ORIENTED_EDGE('',*,*,#464,.F.);
#2764 = ORIENTED_EDGE('',*,*,#2765,.T.);
#2765 = EDGE_CURVE('',#465,#2766,#2768,.T.);
#2766 = VERTEX_POINT('',#2767);
#2767 = CARTESIAN_POINT('',(-28.05,36.,-0.6));
#2768 = LINE('',#2769,#2770);
#2769 = CARTESIAN_POINT('',(-28.05,36.,0.));
#2770 = VECTOR('',#2771,1.);
#2771 = DIRECTION('',(-0.,-0.,-1.));
#2772 = ORIENTED_EDGE('',*,*,#2773,.F.);
#2773 = EDGE_CURVE('',#2774,#2766,#2776,.T.);
#2774 = VERTEX_POINT('',#2775);
#2775 = CARTESIAN_POINT('',(-28.05,-5.,-0.6));
#2776 = LINE('',#2777,#2778);
#2777 = CARTESIAN_POINT('',(-28.05,25.75,-0.6));
#2778 = VECTOR('',#2779,1.);
#2779 = DIRECTION('',(0.,1.,0.));
#2780 = ORIENTED_EDGE('',*,*,#2781,.F.);
#2781 = EDGE_CURVE('',#467,#2774,#2782,.T.);
#2782 = LINE('',#2783,#2784);
#2783 = CARTESIAN_POINT('',(-28.05,-5.,0.));
#2784 = VECTOR('',#2785,1.);
#2785 = DIRECTION('',(-0.,-0.,-1.));
#2786 = PLANE('',#2787);
#2787 = AXIS2_PLACEMENT_3D('',#2788,#2789,#2790);
#2788 = CARTESIAN_POINT('',(-28.05,36.,0.));
#2789 = DIRECTION('',(-1.,0.,0.));
#2790 = DIRECTION('',(0.,-1.,0.));
#2791 = ADVANCED_FACE('',(#2792),#2811,.F.);
#2792 = FACE_BOUND('',#2793,.F.);
#2793 = EDGE_LOOP('',(#2794,#2795,#2803,#2810));
#2794 = ORIENTED_EDGE('',*,*,#474,.F.);
#2795 = ORIENTED_EDGE('',*,*,#2796,.T.);
#2796 = EDGE_CURVE('',#475,#2797,#2799,.T.);
#2797 = VERTEX_POINT('',#2798);
#2798 = CARTESIAN_POINT('',(-27.7,36.35,-0.6));
#2799 = LINE('',#2800,#2801);
#2800 = CARTESIAN_POINT('',(-27.7,36.35,0.));
#2801 = VECTOR('',#2802,1.);
#2802 = DIRECTION('',(-0.,-0.,-1.));
#2803 = ORIENTED_EDGE('',*,*,#2804,.T.);
#2804 = EDGE_CURVE('',#2797,#2766,#2805,.T.);
#2805 = CIRCLE('',#2806,0.35);
#2806 = AXIS2_PLACEMENT_3D('',#2807,#2808,#2809);
#2807 = CARTESIAN_POINT('',(-27.7,36.,-0.6));
#2808 = DIRECTION('',(0.,0.,1.));
#2809 = DIRECTION('',(1.,0.,0.));
#2810 = ORIENTED_EDGE('',*,*,#2765,.F.);
#2811 = CYLINDRICAL_SURFACE('',#2812,0.35);
#2812 = AXIS2_PLACEMENT_3D('',#2813,#2814,#2815);
#2813 = CARTESIAN_POINT('',(-27.7,36.,0.));
#2814 = DIRECTION('',(0.,0.,1.));
#2815 = DIRECTION('',(1.,0.,0.));
#2816 = ADVANCED_FACE('',(#2817),#2836,.F.);
#2817 = FACE_BOUND('',#2818,.F.);
#2818 = EDGE_LOOP('',(#2819,#2820,#2821,#2830));
#2819 = ORIENTED_EDGE('',*,*,#525,.F.);
#2820 = ORIENTED_EDGE('',*,*,#2781,.T.);
#2821 = ORIENTED_EDGE('',*,*,#2822,.T.);
#2822 = EDGE_CURVE('',#2774,#2823,#2825,.T.);
#2823 = VERTEX_POINT('',#2824);
#2824 = CARTESIAN_POINT('',(-27.7,-5.35,-0.6));
#2825 = CIRCLE('',#2826,0.35);
#2826 = AXIS2_PLACEMENT_3D('',#2827,#2828,#2829);
#2827 = CARTESIAN_POINT('',(-27.7,-5.,-0.6));
#2828 = DIRECTION('',(0.,0.,1.));
#2829 = DIRECTION('',(1.,0.,0.));
#2830 = ORIENTED_EDGE('',*,*,#2831,.F.);
#2831 = EDGE_CURVE('',#518,#2823,#2832,.T.);
#2832 = LINE('',#2833,#2834);
#2833 = CARTESIAN_POINT('',(-27.7,-5.35,0.));
#2834 = VECTOR('',#2835,1.);
#2835 = DIRECTION('',(-0.,-0.,-1.));
#2836 = CYLINDRICAL_SURFACE('',#2837,0.35);
#2837 = AXIS2_PLACEMENT_3D('',#2838,#2839,#2840);
#2838 = CARTESIAN_POINT('',(-27.7,-5.,0.));
#2839 = DIRECTION('',(0.,0.,1.));
#2840 = DIRECTION('',(1.,0.,0.));
#2841 = ADVANCED_FACE('',(#2842),#2860,.F.);
#2842 = FACE_BOUND('',#2843,.F.);
#2843 = EDGE_LOOP('',(#2844,#2845,#2853,#2859));
#2844 = ORIENTED_EDGE('',*,*,#483,.F.);
#2845 = ORIENTED_EDGE('',*,*,#2846,.T.);
#2846 = EDGE_CURVE('',#484,#2847,#2849,.T.);
#2847 = VERTEX_POINT('',#2848);
#2848 = CARTESIAN_POINT('',(24.9,36.35,-0.6));
#2849 = LINE('',#2850,#2851);
#2850 = CARTESIAN_POINT('',(24.9,36.35,0.));
#2851 = VECTOR('',#2852,1.);
#2852 = DIRECTION('',(-0.,-0.,-1.));
#2853 = ORIENTED_EDGE('',*,*,#2854,.F.);
#2854 = EDGE_CURVE('',#2797,#2847,#2855,.T.);
#2855 = LINE('',#2856,#2857);
#2856 = CARTESIAN_POINT('',(13.125,36.35,-0.6));
#2857 = VECTOR('',#2858,1.);
#2858 = DIRECTION('',(1.,0.,0.));
#2859 = ORIENTED_EDGE('',*,*,#2796,.F.);
#2860 = PLANE('',#2861);
#2861 = AXIS2_PLACEMENT_3D('',#2862,#2863,#2864);
#2862 = CARTESIAN_POINT('',(24.9,36.35,0.));
#2863 = DIRECTION('',(0.,1.,0.));
#2864 = DIRECTION('',(-1.,0.,0.));
#2865 = ADVANCED_FACE('',(#2866),#2884,.F.);
#2866 = FACE_BOUND('',#2867,.F.);
#2867 = EDGE_LOOP('',(#2868,#2869,#2870,#2878));
#2868 = ORIENTED_EDGE('',*,*,#517,.F.);
#2869 = ORIENTED_EDGE('',*,*,#2831,.T.);
#2870 = ORIENTED_EDGE('',*,*,#2871,.F.);
#2871 = EDGE_CURVE('',#2872,#2823,#2874,.T.);
#2872 = VERTEX_POINT('',#2873);
#2873 = CARTESIAN_POINT('',(24.9,-5.35,-0.6));
#2874 = LINE('',#2875,#2876);
#2875 = CARTESIAN_POINT('',(-13.175,-5.35,-0.6));
#2876 = VECTOR('',#2877,1.);
#2877 = DIRECTION('',(-1.,0.,0.));
#2878 = ORIENTED_EDGE('',*,*,#2879,.F.);
#2879 = EDGE_CURVE('',#509,#2872,#2880,.T.);
#2880 = LINE('',#2881,#2882);
#2881 = CARTESIAN_POINT('',(24.9,-5.35,0.));
#2882 = VECTOR('',#2883,1.);
#2883 = DIRECTION('',(-0.,-0.,-1.));
#2884 = PLANE('',#2885);
#2885 = AXIS2_PLACEMENT_3D('',#2886,#2887,#2888);
#2886 = CARTESIAN_POINT('',(-27.7,-5.35,0.));
#2887 = DIRECTION('',(0.,-1.,0.));
#2888 = DIRECTION('',(1.,0.,0.));
#2889 = ADVANCED_FACE('',(#2890),#2909,.F.);
#2890 = FACE_BOUND('',#2891,.F.);
#2891 = EDGE_LOOP('',(#2892,#2893,#2901,#2908));
#2892 = ORIENTED_EDGE('',*,*,#491,.F.);
#2893 = ORIENTED_EDGE('',*,*,#2894,.T.);
#2894 = EDGE_CURVE('',#492,#2895,#2897,.T.);
#2895 = VERTEX_POINT('',#2896);
#2896 = CARTESIAN_POINT('',(25.25,36.,-0.6));
#2897 = LINE('',#2898,#2899);
#2898 = CARTESIAN_POINT('',(25.25,36.,0.));
#2899 = VECTOR('',#2900,1.);
#2900 = DIRECTION('',(-0.,-0.,-1.));
#2901 = ORIENTED_EDGE('',*,*,#2902,.T.);
#2902 = EDGE_CURVE('',#2895,#2847,#2903,.T.);
#2903 = CIRCLE('',#2904,0.35);
#2904 = AXIS2_PLACEMENT_3D('',#2905,#2906,#2907);
#2905 = CARTESIAN_POINT('',(24.9,36.,-0.6));
#2906 = DIRECTION('',(0.,0.,1.));
#2907 = DIRECTION('',(1.,0.,0.));
#2908 = ORIENTED_EDGE('',*,*,#2846,.F.);
#2909 = CYLINDRICAL_SURFACE('',#2910,0.35);
#2910 = AXIS2_PLACEMENT_3D('',#2911,#2912,#2913);
#2911 = CARTESIAN_POINT('',(24.9,36.,0.));
#2912 = DIRECTION('',(0.,0.,1.));
#2913 = DIRECTION('',(1.,0.,0.));
#2914 = ADVANCED_FACE('',(#2915),#2934,.F.);
#2915 = FACE_BOUND('',#2916,.F.);
#2916 = EDGE_LOOP('',(#2917,#2918,#2919,#2928));
#2917 = ORIENTED_EDGE('',*,*,#508,.F.);
#2918 = ORIENTED_EDGE('',*,*,#2879,.T.);
#2919 = ORIENTED_EDGE('',*,*,#2920,.T.);
#2920 = EDGE_CURVE('',#2872,#2921,#2923,.T.);
#2921 = VERTEX_POINT('',#2922);
#2922 = CARTESIAN_POINT('',(25.25,-5.,-0.6));
#2923 = CIRCLE('',#2924,0.35);
#2924 = AXIS2_PLACEMENT_3D('',#2925,#2926,#2927);
#2925 = CARTESIAN_POINT('',(24.9,-5.,-0.6));
#2926 = DIRECTION('',(0.,0.,1.));
#2927 = DIRECTION('',(1.,0.,0.));
#2928 = ORIENTED_EDGE('',*,*,#2929,.F.);
#2929 = EDGE_CURVE('',#501,#2921,#2930,.T.);
#2930 = LINE('',#2931,#2932);
#2931 = CARTESIAN_POINT('',(25.25,-5.,0.));
#2932 = VECTOR('',#2933,1.);
#2933 = DIRECTION('',(-0.,-0.,-1.));
#2934 = CYLINDRICAL_SURFACE('',#2935,0.35);
#2935 = AXIS2_PLACEMENT_3D('',#2936,#2937,#2938);
#2936 = CARTESIAN_POINT('',(24.9,-5.,0.));
#2937 = DIRECTION('',(0.,0.,1.));
#2938 = DIRECTION('',(1.,0.,0.));
#2939 = ADVANCED_FACE('',(#2940),#2951,.F.);
#2940 = FACE_BOUND('',#2941,.F.);
#2941 = EDGE_LOOP('',(#2942,#2943,#2944,#2950));
#2942 = ORIENTED_EDGE('',*,*,#500,.F.);
#2943 = ORIENTED_EDGE('',*,*,#2929,.T.);
#2944 = ORIENTED_EDGE('',*,*,#2945,.F.);
#2945 = EDGE_CURVE('',#2895,#2921,#2946,.T.);
#2946 = LINE('',#2947,#2948);
#2947 = CARTESIAN_POINT('',(25.25,5.25,-0.6));
#2948 = VECTOR('',#2949,1.);
#2949 = DIRECTION('',(0.,-1.,0.));
#2950 = ORIENTED_EDGE('',*,*,#2894,.F.);
#2951 = PLANE('',#2952);
#2952 = AXIS2_PLACEMENT_3D('',#2953,#2954,#2955);
#2953 = CARTESIAN_POINT('',(25.25,-5.,0.));
#2954 = DIRECTION('',(1.,0.,0.));
#2955 = DIRECTION('',(0.,1.,0.));
#2956 = ADVANCED_FACE('',(#2957),#2982,.F.);
#2957 = FACE_BOUND('',#2958,.F.);
#2958 = EDGE_LOOP('',(#2959,#2967,#2975,#2981));
#2959 = ORIENTED_EDGE('',*,*,#2960,.T.);
#2960 = EDGE_CURVE('',#535,#2961,#2963,.T.);
#2961 = VERTEX_POINT('',#2962);
#2962 = CARTESIAN_POINT('',(-14.,42.4,-1.1));
#2963 = LINE('',#2964,#2965);
#2964 = CARTESIAN_POINT('',(-14.,42.4,0.));
#2965 = VECTOR('',#2966,1.);
#2966 = DIRECTION('',(-0.,-0.,-1.));
#2967 = ORIENTED_EDGE('',*,*,#2968,.T.);
#2968 = EDGE_CURVE('',#2961,#2969,#2971,.T.);
#2969 = VERTEX_POINT('',#2970);
#2970 = CARTESIAN_POINT('',(-14.,39.2,-1.1));
#2971 = LINE('',#2972,#2973);
#2972 = CARTESIAN_POINT('',(-14.,42.4,-1.1));
#2973 = VECTOR('',#2974,1.);
#2974 = DIRECTION('',(0.,-1.,0.));
#2975 = ORIENTED_EDGE('',*,*,#2976,.F.);
#2976 = EDGE_CURVE('',#537,#2969,#2977,.T.);
#2977 = LINE('',#2978,#2979);
#2978 = CARTESIAN_POINT('',(-14.,39.2,0.));
#2979 = VECTOR('',#2980,1.);
#2980 = DIRECTION('',(-0.,-0.,-1.));
#2981 = ORIENTED_EDGE('',*,*,#534,.F.);
#2982 = PLANE('',#2983);
#2983 = AXIS2_PLACEMENT_3D('',#2984,#2985,#2986);
#2984 = CARTESIAN_POINT('',(-14.,42.4,0.));
#2985 = DIRECTION('',(-1.,0.,0.));
#2986 = DIRECTION('',(0.,-1.,0.));
#2987 = ADVANCED_FACE('',(#2988),#3007,.F.);
#2988 = FACE_BOUND('',#2989,.F.);
#2989 = EDGE_LOOP('',(#2990,#2991,#3000,#3006));
#2990 = ORIENTED_EDGE('',*,*,#2976,.T.);
#2991 = ORIENTED_EDGE('',*,*,#2992,.T.);
#2992 = EDGE_CURVE('',#2969,#2993,#2995,.T.);
#2993 = VERTEX_POINT('',#2994);
#2994 = CARTESIAN_POINT('',(-13.6,38.8,-1.1));
#2995 = CIRCLE('',#2996,0.4);
#2996 = AXIS2_PLACEMENT_3D('',#2997,#2998,#2999);
#2997 = CARTESIAN_POINT('',(-13.6,39.2,-1.1));
#2998 = DIRECTION('',(0.,0.,1.));
#2999 = DIRECTION('',(1.,0.,0.));
#3000 = ORIENTED_EDGE('',*,*,#3001,.F.);
#3001 = EDGE_CURVE('',#588,#2993,#3002,.T.);
#3002 = LINE('',#3003,#3004);
#3003 = CARTESIAN_POINT('',(-13.6,38.8,0.));
#3004 = VECTOR('',#3005,1.);
#3005 = DIRECTION('',(-0.,-0.,-1.));
#3006 = ORIENTED_EDGE('',*,*,#595,.F.);
#3007 = CYLINDRICAL_SURFACE('',#3008,0.4);
#3008 = AXIS2_PLACEMENT_3D('',#3009,#3010,#3011);
#3009 = CARTESIAN_POINT('',(-13.6,39.2,0.));
#3010 = DIRECTION('',(0.,0.,1.));
#3011 = DIRECTION('',(1.,0.,0.));
#3012 = ADVANCED_FACE('',(#3013),#3031,.F.);
#3013 = FACE_BOUND('',#3014,.F.);
#3014 = EDGE_LOOP('',(#3015,#3016,#3024,#3030));
#3015 = ORIENTED_EDGE('',*,*,#3001,.T.);
#3016 = ORIENTED_EDGE('',*,*,#3017,.T.);
#3017 = EDGE_CURVE('',#2993,#3018,#3020,.T.);
#3018 = VERTEX_POINT('',#3019);
#3019 = CARTESIAN_POINT('',(-13.2,38.8,-1.1));
#3020 = LINE('',#3021,#3022);
#3021 = CARTESIAN_POINT('',(-13.6,38.8,-1.1));
#3022 = VECTOR('',#3023,1.);
#3023 = DIRECTION('',(1.,0.,0.));
#3024 = ORIENTED_EDGE('',*,*,#3025,.F.);
#3025 = EDGE_CURVE('',#579,#3018,#3026,.T.);
#3026 = LINE('',#3027,#3028);
#3027 = CARTESIAN_POINT('',(-13.2,38.8,0.));
#3028 = VECTOR('',#3029,1.);
#3029 = DIRECTION('',(-0.,-0.,-1.));
#3030 = ORIENTED_EDGE('',*,*,#587,.F.);
#3031 = PLANE('',#3032);
#3032 = AXIS2_PLACEMENT_3D('',#3033,#3034,#3035);
#3033 = CARTESIAN_POINT('',(-13.6,38.8,0.));
#3034 = DIRECTION('',(0.,-1.,0.));
#3035 = DIRECTION('',(1.,0.,0.));
#3036 = ADVANCED_FACE('',(#3037),#3056,.F.);
#3037 = FACE_BOUND('',#3038,.F.);
#3038 = EDGE_LOOP('',(#3039,#3040,#3049,#3055));
#3039 = ORIENTED_EDGE('',*,*,#3025,.T.);
#3040 = ORIENTED_EDGE('',*,*,#3041,.T.);
#3041 = EDGE_CURVE('',#3018,#3042,#3044,.T.);
#3042 = VERTEX_POINT('',#3043);
#3043 = CARTESIAN_POINT('',(-12.8,39.2,-1.1));
#3044 = CIRCLE('',#3045,0.4);
#3045 = AXIS2_PLACEMENT_3D('',#3046,#3047,#3048);
#3046 = CARTESIAN_POINT('',(-13.2,39.2,-1.1));
#3047 = DIRECTION('',(0.,0.,1.));
#3048 = DIRECTION('',(1.,0.,0.));
#3049 = ORIENTED_EDGE('',*,*,#3050,.F.);
#3050 = EDGE_CURVE('',#571,#3042,#3051,.T.);
#3051 = LINE('',#3052,#3053);
#3052 = CARTESIAN_POINT('',(-12.8,39.2,0.));
#3053 = VECTOR('',#3054,1.);
#3054 = DIRECTION('',(-0.,-0.,-1.));
#3055 = ORIENTED_EDGE('',*,*,#578,.F.);
#3056 = CYLINDRICAL_SURFACE('',#3057,0.4);
#3057 = AXIS2_PLACEMENT_3D('',#3058,#3059,#3060);
#3058 = CARTESIAN_POINT('',(-13.2,39.2,0.));
#3059 = DIRECTION('',(0.,0.,1.));
#3060 = DIRECTION('',(1.,0.,0.));
#3061 = ADVANCED_FACE('',(#3062),#3080,.F.);
#3062 = FACE_BOUND('',#3063,.F.);
#3063 = EDGE_LOOP('',(#3064,#3065,#3073,#3079));
#3064 = ORIENTED_EDGE('',*,*,#3050,.T.);
#3065 = ORIENTED_EDGE('',*,*,#3066,.T.);
#3066 = EDGE_CURVE('',#3042,#3067,#3069,.T.);
#3067 = VERTEX_POINT('',#3068);
#3068 = CARTESIAN_POINT('',(-12.8,42.4,-1.1));
#3069 = LINE('',#3070,#3071);
#3070 = CARTESIAN_POINT('',(-12.8,39.2,-1.1));
#3071 = VECTOR('',#3072,1.);
#3072 = DIRECTION('',(0.,1.,0.));
#3073 = ORIENTED_EDGE('',*,*,#3074,.F.);
#3074 = EDGE_CURVE('',#562,#3067,#3075,.T.);
#3075 = LINE('',#3076,#3077);
#3076 = CARTESIAN_POINT('',(-12.8,42.4,0.));
#3077 = VECTOR('',#3078,1.);
#3078 = DIRECTION('',(-0.,-0.,-1.));
#3079 = ORIENTED_EDGE('',*,*,#570,.F.);
#3080 = PLANE('',#3081);
#3081 = AXIS2_PLACEMENT_3D('',#3082,#3083,#3084);
#3082 = CARTESIAN_POINT('',(-12.8,39.2,0.));
#3083 = DIRECTION('',(1.,0.,0.));
#3084 = DIRECTION('',(0.,1.,0.));
#3085 = ADVANCED_FACE('',(#3086),#3105,.F.);
#3086 = FACE_BOUND('',#3087,.F.);
#3087 = EDGE_LOOP('',(#3088,#3089,#3098,#3104));
#3088 = ORIENTED_EDGE('',*,*,#3074,.T.);
#3089 = ORIENTED_EDGE('',*,*,#3090,.T.);
#3090 = EDGE_CURVE('',#3067,#3091,#3093,.T.);
#3091 = VERTEX_POINT('',#3092);
#3092 = CARTESIAN_POINT('',(-13.2,42.8,-1.1));
#3093 = CIRCLE('',#3094,0.4);
#3094 = AXIS2_PLACEMENT_3D('',#3095,#3096,#3097);
#3095 = CARTESIAN_POINT('',(-13.2,42.4,-1.1));
#3096 = DIRECTION('',(0.,0.,1.));
#3097 = DIRECTION('',(1.,0.,0.));
#3098 = ORIENTED_EDGE('',*,*,#3099,.F.);
#3099 = EDGE_CURVE('',#554,#3091,#3100,.T.);
#3100 = LINE('',#3101,#3102);
#3101 = CARTESIAN_POINT('',(-13.2,42.8,0.));
#3102 = VECTOR('',#3103,1.);
#3103 = DIRECTION('',(-0.,-0.,-1.));
#3104 = ORIENTED_EDGE('',*,*,#561,.F.);
#3105 = CYLINDRICAL_SURFACE('',#3106,0.4);
#3106 = AXIS2_PLACEMENT_3D('',#3107,#3108,#3109);
#3107 = CARTESIAN_POINT('',(-13.2,42.4,0.));
#3108 = DIRECTION('',(0.,0.,1.));
#3109 = DIRECTION('',(1.,0.,0.));
#3110 = ADVANCED_FACE('',(#3111),#3129,.F.);
#3111 = FACE_BOUND('',#3112,.F.);
#3112 = EDGE_LOOP('',(#3113,#3114,#3122,#3128));
#3113 = ORIENTED_EDGE('',*,*,#3099,.T.);
#3114 = ORIENTED_EDGE('',*,*,#3115,.T.);
#3115 = EDGE_CURVE('',#3091,#3116,#3118,.T.);
#3116 = VERTEX_POINT('',#3117);
#3117 = CARTESIAN_POINT('',(-13.6,42.8,-1.1));
#3118 = LINE('',#3119,#3120);
#3119 = CARTESIAN_POINT('',(-13.2,42.8,-1.1));
#3120 = VECTOR('',#3121,1.);
#3121 = DIRECTION('',(-1.,0.,0.));
#3122 = ORIENTED_EDGE('',*,*,#3123,.F.);
#3123 = EDGE_CURVE('',#545,#3116,#3124,.T.);
#3124 = LINE('',#3125,#3126);
#3125 = CARTESIAN_POINT('',(-13.6,42.8,0.));
#3126 = VECTOR('',#3127,1.);
#3127 = DIRECTION('',(-0.,-0.,-1.));
#3128 = ORIENTED_EDGE('',*,*,#553,.F.);
#3129 = PLANE('',#3130);
#3130 = AXIS2_PLACEMENT_3D('',#3131,#3132,#3133);
#3131 = CARTESIAN_POINT('',(-13.2,42.8,0.));
#3132 = DIRECTION('',(0.,1.,0.));
#3133 = DIRECTION('',(-1.,0.,0.));
#3134 = ADVANCED_FACE('',(#3135),#3147,.F.);
#3135 = FACE_BOUND('',#3136,.F.);
#3136 = EDGE_LOOP('',(#3137,#3138,#3145,#3146));
#3137 = ORIENTED_EDGE('',*,*,#3123,.T.);
#3138 = ORIENTED_EDGE('',*,*,#3139,.T.);
#3139 = EDGE_CURVE('',#3116,#2961,#3140,.T.);
#3140 = CIRCLE('',#3141,0.4);
#3141 = AXIS2_PLACEMENT_3D('',#3142,#3143,#3144);
#3142 = CARTESIAN_POINT('',(-13.6,42.4,-1.1));
#3143 = DIRECTION('',(0.,0.,1.));
#3144 = DIRECTION('',(1.,0.,0.));
#3145 = ORIENTED_EDGE('',*,*,#2960,.F.);
#3146 = ORIENTED_EDGE('',*,*,#544,.F.);
#3147 = CYLINDRICAL_SURFACE('',#3148,0.4);
#3148 = AXIS2_PLACEMENT_3D('',#3149,#3150,#3151);
#3149 = CARTESIAN_POINT('',(-13.6,42.4,0.));
#3150 = DIRECTION('',(0.,0.,1.));
#3151 = DIRECTION('',(1.,0.,0.));
#3152 = ADVANCED_FACE('',(#3153),#3178,.F.);
#3153 = FACE_BOUND('',#3154,.F.);
#3154 = EDGE_LOOP('',(#3155,#3163,#3171,#3177));
#3155 = ORIENTED_EDGE('',*,*,#3156,.T.);
#3156 = EDGE_CURVE('',#605,#3157,#3159,.T.);
#3157 = VERTEX_POINT('',#3158);
#3158 = CARTESIAN_POINT('',(-10.8,44.3,-1.1));
#3159 = LINE('',#3160,#3161);
#3160 = CARTESIAN_POINT('',(-10.8,44.3,0.));
#3161 = VECTOR('',#3162,1.);
#3162 = DIRECTION('',(-0.,-0.,-1.));
#3163 = ORIENTED_EDGE('',*,*,#3164,.T.);
#3164 = EDGE_CURVE('',#3157,#3165,#3167,.T.);
#3165 = VERTEX_POINT('',#3166);
#3166 = CARTESIAN_POINT('',(-10.8,39.3,-1.1));
#3167 = LINE('',#3168,#3169);
#3168 = CARTESIAN_POINT('',(-10.8,44.3,-1.1));
#3169 = VECTOR('',#3170,1.);
#3170 = DIRECTION('',(0.,-1.,0.));
#3171 = ORIENTED_EDGE('',*,*,#3172,.F.);
#3172 = EDGE_CURVE('',#607,#3165,#3173,.T.);
#3173 = LINE('',#3174,#3175);
#3174 = CARTESIAN_POINT('',(-10.8,39.3,0.));
#3175 = VECTOR('',#3176,1.);
#3176 = DIRECTION('',(-0.,-0.,-1.));
#3177 = ORIENTED_EDGE('',*,*,#604,.F.);
#3178 = PLANE('',#3179);
#3179 = AXIS2_PLACEMENT_3D('',#3180,#3181,#3182);
#3180 = CARTESIAN_POINT('',(-10.8,44.3,0.));
#3181 = DIRECTION('',(-1.,0.,0.));
#3182 = DIRECTION('',(0.,-1.,0.));
#3183 = ADVANCED_FACE('',(#3184),#3203,.F.);
#3184 = FACE_BOUND('',#3185,.F.);
#3185 = EDGE_LOOP('',(#3186,#3187,#3196,#3202));
#3186 = ORIENTED_EDGE('',*,*,#3172,.T.);
#3187 = ORIENTED_EDGE('',*,*,#3188,.T.);
#3188 = EDGE_CURVE('',#3165,#3189,#3191,.T.);
#3189 = VERTEX_POINT('',#3190);
#3190 = CARTESIAN_POINT('',(-10.3,38.8,-1.1));
#3191 = CIRCLE('',#3192,0.5);
#3192 = AXIS2_PLACEMENT_3D('',#3193,#3194,#3195);
#3193 = CARTESIAN_POINT('',(-10.3,39.3,-1.1));
#3194 = DIRECTION('',(0.,0.,1.));
#3195 = DIRECTION('',(1.,0.,0.));
#3196 = ORIENTED_EDGE('',*,*,#3197,.F.);
#3197 = EDGE_CURVE('',#658,#3189,#3198,.T.);
#3198 = LINE('',#3199,#3200);
#3199 = CARTESIAN_POINT('',(-10.3,38.8,0.));
#3200 = VECTOR('',#3201,1.);
#3201 = DIRECTION('',(-0.,-0.,-1.));
#3202 = ORIENTED_EDGE('',*,*,#665,.F.);
#3203 = CYLINDRICAL_SURFACE('',#3204,0.5);
#3204 = AXIS2_PLACEMENT_3D('',#3205,#3206,#3207);
#3205 = CARTESIAN_POINT('',(-10.3,39.3,0.));
#3206 = DIRECTION('',(0.,0.,1.));
#3207 = DIRECTION('',(1.,0.,0.));
#3208 = ADVANCED_FACE('',(#3209),#3227,.F.);
#3209 = FACE_BOUND('',#3210,.F.);
#3210 = EDGE_LOOP('',(#3211,#3212,#3220,#3226));
#3211 = ORIENTED_EDGE('',*,*,#3197,.T.);
#3212 = ORIENTED_EDGE('',*,*,#3213,.T.);
#3213 = EDGE_CURVE('',#3189,#3214,#3216,.T.);
#3214 = VERTEX_POINT('',#3215);
#3215 = CARTESIAN_POINT('',(-9.9,38.8,-1.1));
#3216 = LINE('',#3217,#3218);
#3217 = CARTESIAN_POINT('',(-10.3,38.8,-1.1));
#3218 = VECTOR('',#3219,1.);
#3219 = DIRECTION('',(1.,0.,0.));
#3220 = ORIENTED_EDGE('',*,*,#3221,.F.);
#3221 = EDGE_CURVE('',#649,#3214,#3222,.T.);
#3222 = LINE('',#3223,#3224);
#3223 = CARTESIAN_POINT('',(-9.9,38.8,0.));
#3224 = VECTOR('',#3225,1.);
#3225 = DIRECTION('',(-0.,-0.,-1.));
#3226 = ORIENTED_EDGE('',*,*,#657,.F.);
#3227 = PLANE('',#3228);
#3228 = AXIS2_PLACEMENT_3D('',#3229,#3230,#3231);
#3229 = CARTESIAN_POINT('',(-10.3,38.8,0.));
#3230 = DIRECTION('',(0.,-1.,0.));
#3231 = DIRECTION('',(1.,0.,0.));
#3232 = ADVANCED_FACE('',(#3233),#3252,.F.);
#3233 = FACE_BOUND('',#3234,.F.);
#3234 = EDGE_LOOP('',(#3235,#3236,#3245,#3251));
#3235 = ORIENTED_EDGE('',*,*,#3221,.T.);
#3236 = ORIENTED_EDGE('',*,*,#3237,.T.);
#3237 = EDGE_CURVE('',#3214,#3238,#3240,.T.);
#3238 = VERTEX_POINT('',#3239);
#3239 = CARTESIAN_POINT('',(-9.4,39.3,-1.1));
#3240 = CIRCLE('',#3241,0.5);
#3241 = AXIS2_PLACEMENT_3D('',#3242,#3243,#3244);
#3242 = CARTESIAN_POINT('',(-9.9,39.3,-1.1));
#3243 = DIRECTION('',(0.,0.,1.));
#3244 = DIRECTION('',(1.,0.,0.));
#3245 = ORIENTED_EDGE('',*,*,#3246,.F.);
#3246 = EDGE_CURVE('',#641,#3238,#3247,.T.);
#3247 = LINE('',#3248,#3249);
#3248 = CARTESIAN_POINT('',(-9.4,39.3,0.));
#3249 = VECTOR('',#3250,1.);
#3250 = DIRECTION('',(-0.,-0.,-1.));
#3251 = ORIENTED_EDGE('',*,*,#648,.F.);
#3252 = CYLINDRICAL_SURFACE('',#3253,0.5);
#3253 = AXIS2_PLACEMENT_3D('',#3254,#3255,#3256);
#3254 = CARTESIAN_POINT('',(-9.9,39.3,0.));
#3255 = DIRECTION('',(0.,0.,1.));
#3256 = DIRECTION('',(1.,0.,0.));
#3257 = ADVANCED_FACE('',(#3258),#3276,.F.);
#3258 = FACE_BOUND('',#3259,.F.);
#3259 = EDGE_LOOP('',(#3260,#3261,#3269,#3275));
#3260 = ORIENTED_EDGE('',*,*,#3246,.T.);
#3261 = ORIENTED_EDGE('',*,*,#3262,.T.);
#3262 = EDGE_CURVE('',#3238,#3263,#3265,.T.);
#3263 = VERTEX_POINT('',#3264);
#3264 = CARTESIAN_POINT('',(-9.4,44.3,-1.1));
#3265 = LINE('',#3266,#3267);
#3266 = CARTESIAN_POINT('',(-9.4,39.3,-1.1));
#3267 = VECTOR('',#3268,1.);
#3268 = DIRECTION('',(0.,1.,0.));
#3269 = ORIENTED_EDGE('',*,*,#3270,.F.);
#3270 = EDGE_CURVE('',#632,#3263,#3271,.T.);
#3271 = LINE('',#3272,#3273);
#3272 = CARTESIAN_POINT('',(-9.4,44.3,0.));
#3273 = VECTOR('',#3274,1.);
#3274 = DIRECTION('',(-0.,-0.,-1.));
#3275 = ORIENTED_EDGE('',*,*,#640,.F.);
#3276 = PLANE('',#3277);
#3277 = AXIS2_PLACEMENT_3D('',#3278,#3279,#3280);
#3278 = CARTESIAN_POINT('',(-9.4,39.3,0.));
#3279 = DIRECTION('',(1.,0.,0.));
#3280 = DIRECTION('',(0.,1.,0.));
#3281 = ADVANCED_FACE('',(#3282),#3301,.F.);
#3282 = FACE_BOUND('',#3283,.F.);
#3283 = EDGE_LOOP('',(#3284,#3285,#3294,#3300));
#3284 = ORIENTED_EDGE('',*,*,#3270,.T.);
#3285 = ORIENTED_EDGE('',*,*,#3286,.T.);
#3286 = EDGE_CURVE('',#3263,#3287,#3289,.T.);
#3287 = VERTEX_POINT('',#3288);
#3288 = CARTESIAN_POINT('',(-9.9,44.8,-1.1));
#3289 = CIRCLE('',#3290,0.5);
#3290 = AXIS2_PLACEMENT_3D('',#3291,#3292,#3293);
#3291 = CARTESIAN_POINT('',(-9.9,44.3,-1.1));
#3292 = DIRECTION('',(0.,0.,1.));
#3293 = DIRECTION('',(1.,0.,0.));
#3294 = ORIENTED_EDGE('',*,*,#3295,.F.);
#3295 = EDGE_CURVE('',#624,#3287,#3296,.T.);
#3296 = LINE('',#3297,#3298);
#3297 = CARTESIAN_POINT('',(-9.9,44.8,0.));
#3298 = VECTOR('',#3299,1.);
#3299 = DIRECTION('',(-0.,-0.,-1.));
#3300 = ORIENTED_EDGE('',*,*,#631,.F.);
#3301 = CYLINDRICAL_SURFACE('',#3302,0.5);
#3302 = AXIS2_PLACEMENT_3D('',#3303,#3304,#3305);
#3303 = CARTESIAN_POINT('',(-9.9,44.3,0.));
#3304 = DIRECTION('',(0.,0.,1.));
#3305 = DIRECTION('',(1.,0.,0.));
#3306 = ADVANCED_FACE('',(#3307),#3325,.F.);
#3307 = FACE_BOUND('',#3308,.F.);
#3308 = EDGE_LOOP('',(#3309,#3310,#3318,#3324));
#3309 = ORIENTED_EDGE('',*,*,#3295,.T.);
#3310 = ORIENTED_EDGE('',*,*,#3311,.T.);
#3311 = EDGE_CURVE('',#3287,#3312,#3314,.T.);
#3312 = VERTEX_POINT('',#3313);
#3313 = CARTESIAN_POINT('',(-10.3,44.8,-1.1));
#3314 = LINE('',#3315,#3316);
#3315 = CARTESIAN_POINT('',(-9.9,44.8,-1.1));
#3316 = VECTOR('',#3317,1.);
#3317 = DIRECTION('',(-1.,0.,0.));
#3318 = ORIENTED_EDGE('',*,*,#3319,.F.);
#3319 = EDGE_CURVE('',#615,#3312,#3320,.T.);
#3320 = LINE('',#3321,#3322);
#3321 = CARTESIAN_POINT('',(-10.3,44.8,0.));
#3322 = VECTOR('',#3323,1.);
#3323 = DIRECTION('',(-0.,-0.,-1.));
#3324 = ORIENTED_EDGE('',*,*,#623,.F.);
#3325 = PLANE('',#3326);
#3326 = AXIS2_PLACEMENT_3D('',#3327,#3328,#3329);
#3327 = CARTESIAN_POINT('',(-9.9,44.8,0.));
#3328 = DIRECTION('',(0.,1.,0.));
#3329 = DIRECTION('',(-1.,0.,0.));
#3330 = ADVANCED_FACE('',(#3331),#3343,.F.);
#3331 = FACE_BOUND('',#3332,.F.);
#3332 = EDGE_LOOP('',(#3333,#3334,#3341,#3342));
#3333 = ORIENTED_EDGE('',*,*,#3319,.T.);
#3334 = ORIENTED_EDGE('',*,*,#3335,.T.);
#3335 = EDGE_CURVE('',#3312,#3157,#3336,.T.);
#3336 = CIRCLE('',#3337,0.5);
#3337 = AXIS2_PLACEMENT_3D('',#3338,#3339,#3340);
#3338 = CARTESIAN_POINT('',(-10.3,44.3,-1.1));
#3339 = DIRECTION('',(0.,0.,1.));
#3340 = DIRECTION('',(1.,0.,0.));
#3341 = ORIENTED_EDGE('',*,*,#3156,.F.);
#3342 = ORIENTED_EDGE('',*,*,#614,.F.);
#3343 = CYLINDRICAL_SURFACE('',#3344,0.5);
#3344 = AXIS2_PLACEMENT_3D('',#3345,#3346,#3347);
#3345 = CARTESIAN_POINT('',(-10.3,44.3,0.));
#3346 = DIRECTION('',(0.,0.,1.));
#3347 = DIRECTION('',(1.,0.,0.));
#3348 = ADVANCED_FACE('',(#3349),#3374,.F.);
#3349 = FACE_BOUND('',#3350,.F.);
#3350 = EDGE_LOOP('',(#3351,#3359,#3367,#3373));
#3351 = ORIENTED_EDGE('',*,*,#3352,.T.);
#3352 = EDGE_CURVE('',#675,#3353,#3355,.T.);
#3353 = VERTEX_POINT('',#3354);
#3354 = CARTESIAN_POINT('',(-7.4,45.3,-1.1));
#3355 = LINE('',#3356,#3357);
#3356 = CARTESIAN_POINT('',(-7.4,45.3,0.));
#3357 = VECTOR('',#3358,1.);
#3358 = DIRECTION('',(-0.,-0.,-1.));
#3359 = ORIENTED_EDGE('',*,*,#3360,.T.);
#3360 = EDGE_CURVE('',#3353,#3361,#3363,.T.);
#3361 = VERTEX_POINT('',#3362);
#3362 = CARTESIAN_POINT('',(-7.399999999999,38.299999999999,-1.1));
#3363 = LINE('',#3364,#3365);
#3364 = CARTESIAN_POINT('',(-7.399999999999,45.3,-1.1));
#3365 = VECTOR('',#3366,1.);
#3366 = DIRECTION('',(0.,-1.,0.));
#3367 = ORIENTED_EDGE('',*,*,#3368,.F.);
#3368 = EDGE_CURVE('',#677,#3361,#3369,.T.);
#3369 = LINE('',#3370,#3371);
#3370 = CARTESIAN_POINT('',(-7.399999999999,38.299999999999,0.));
#3371 = VECTOR('',#3372,1.);
#3372 = DIRECTION('',(-0.,-0.,-1.));
#3373 = ORIENTED_EDGE('',*,*,#674,.F.);
#3374 = PLANE('',#3375);
#3375 = AXIS2_PLACEMENT_3D('',#3376,#3377,#3378);
#3376 = CARTESIAN_POINT('',(-7.399999999999,45.3,0.));
#3377 = DIRECTION('',(-1.,0.,0.));
#3378 = DIRECTION('',(0.,-1.,0.));
#3379 = ADVANCED_FACE('',(#3380),#3399,.F.);
#3380 = FACE_BOUND('',#3381,.F.);
#3381 = EDGE_LOOP('',(#3382,#3383,#3392,#3398));
#3382 = ORIENTED_EDGE('',*,*,#3368,.T.);
#3383 = ORIENTED_EDGE('',*,*,#3384,.T.);
#3384 = EDGE_CURVE('',#3361,#3385,#3387,.T.);
#3385 = VERTEX_POINT('',#3386);
#3386 = CARTESIAN_POINT('',(-6.9,37.8,-1.1));
#3387 = CIRCLE('',#3388,0.499999999999);
#3388 = AXIS2_PLACEMENT_3D('',#3389,#3390,#3391);
#3389 = CARTESIAN_POINT('',(-6.9,38.299999999999,-1.1));
#3390 = DIRECTION('',(0.,0.,1.));
#3391 = DIRECTION('',(1.,0.,0.));
#3392 = ORIENTED_EDGE('',*,*,#3393,.F.);
#3393 = EDGE_CURVE('',#728,#3385,#3394,.T.);
#3394 = LINE('',#3395,#3396);
#3395 = CARTESIAN_POINT('',(-6.9,37.8,0.));
#3396 = VECTOR('',#3397,1.);
#3397 = DIRECTION('',(-0.,-0.,-1.));
#3398 = ORIENTED_EDGE('',*,*,#735,.F.);
#3399 = CYLINDRICAL_SURFACE('',#3400,0.499999999999);
#3400 = AXIS2_PLACEMENT_3D('',#3401,#3402,#3403);
#3401 = CARTESIAN_POINT('',(-6.9,38.299999999999,0.));
#3402 = DIRECTION('',(0.,0.,1.));
#3403 = DIRECTION('',(1.,0.,0.));
#3404 = ADVANCED_FACE('',(#3405),#3423,.F.);
#3405 = FACE_BOUND('',#3406,.F.);
#3406 = EDGE_LOOP('',(#3407,#3408,#3416,#3422));
#3407 = ORIENTED_EDGE('',*,*,#3393,.T.);
#3408 = ORIENTED_EDGE('',*,*,#3409,.T.);
#3409 = EDGE_CURVE('',#3385,#3410,#3412,.T.);
#3410 = VERTEX_POINT('',#3411);
#3411 = CARTESIAN_POINT('',(-6.5,37.8,-1.1));
#3412 = LINE('',#3413,#3414);
#3413 = CARTESIAN_POINT('',(-6.9,37.8,-1.1));
#3414 = VECTOR('',#3415,1.);
#3415 = DIRECTION('',(1.,0.,0.));
#3416 = ORIENTED_EDGE('',*,*,#3417,.F.);
#3417 = EDGE_CURVE('',#719,#3410,#3418,.T.);
#3418 = LINE('',#3419,#3420);
#3419 = CARTESIAN_POINT('',(-6.5,37.8,0.));
#3420 = VECTOR('',#3421,1.);
#3421 = DIRECTION('',(-0.,-0.,-1.));
#3422 = ORIENTED_EDGE('',*,*,#727,.F.);
#3423 = PLANE('',#3424);
#3424 = AXIS2_PLACEMENT_3D('',#3425,#3426,#3427);
#3425 = CARTESIAN_POINT('',(-6.9,37.8,0.));
#3426 = DIRECTION('',(0.,-1.,0.));
#3427 = DIRECTION('',(1.,0.,0.));
#3428 = ADVANCED_FACE('',(#3429),#3448,.F.);
#3429 = FACE_BOUND('',#3430,.F.);
#3430 = EDGE_LOOP('',(#3431,#3432,#3441,#3447));
#3431 = ORIENTED_EDGE('',*,*,#3417,.T.);
#3432 = ORIENTED_EDGE('',*,*,#3433,.T.);
#3433 = EDGE_CURVE('',#3410,#3434,#3436,.T.);
#3434 = VERTEX_POINT('',#3435);
#3435 = CARTESIAN_POINT('',(-6.,38.3,-1.1));
#3436 = CIRCLE('',#3437,0.5);
#3437 = AXIS2_PLACEMENT_3D('',#3438,#3439,#3440);
#3438 = CARTESIAN_POINT('',(-6.5,38.3,-1.1));
#3439 = DIRECTION('',(0.,0.,1.));
#3440 = DIRECTION('',(1.,0.,0.));
#3441 = ORIENTED_EDGE('',*,*,#3442,.F.);
#3442 = EDGE_CURVE('',#711,#3434,#3443,.T.);
#3443 = LINE('',#3444,#3445);
#3444 = CARTESIAN_POINT('',(-6.,38.3,0.));
#3445 = VECTOR('',#3446,1.);
#3446 = DIRECTION('',(-0.,-0.,-1.));
#3447 = ORIENTED_EDGE('',*,*,#718,.F.);
#3448 = CYLINDRICAL_SURFACE('',#3449,0.5);
#3449 = AXIS2_PLACEMENT_3D('',#3450,#3451,#3452);
#3450 = CARTESIAN_POINT('',(-6.5,38.3,0.));
#3451 = DIRECTION('',(0.,0.,1.));
#3452 = DIRECTION('',(1.,0.,0.));
#3453 = ADVANCED_FACE('',(#3454),#3472,.F.);
#3454 = FACE_BOUND('',#3455,.F.);
#3455 = EDGE_LOOP('',(#3456,#3457,#3465,#3471));
#3456 = ORIENTED_EDGE('',*,*,#3442,.T.);
#3457 = ORIENTED_EDGE('',*,*,#3458,.T.);
#3458 = EDGE_CURVE('',#3434,#3459,#3461,.T.);
#3459 = VERTEX_POINT('',#3460);
#3460 = CARTESIAN_POINT('',(-6.,45.3,-1.1));
#3461 = LINE('',#3462,#3463);
#3462 = CARTESIAN_POINT('',(-6.,38.3,-1.1));
#3463 = VECTOR('',#3464,1.);
#3464 = DIRECTION('',(0.,1.,0.));
#3465 = ORIENTED_EDGE('',*,*,#3466,.F.);
#3466 = EDGE_CURVE('',#702,#3459,#3467,.T.);
#3467 = LINE('',#3468,#3469);
#3468 = CARTESIAN_POINT('',(-6.,45.3,0.));
#3469 = VECTOR('',#3470,1.);
#3470 = DIRECTION('',(-0.,-0.,-1.));
#3471 = ORIENTED_EDGE('',*,*,#710,.F.);
#3472 = PLANE('',#3473);
#3473 = AXIS2_PLACEMENT_3D('',#3474,#3475,#3476);
#3474 = CARTESIAN_POINT('',(-6.,38.3,0.));
#3475 = DIRECTION('',(1.,0.,0.));
#3476 = DIRECTION('',(0.,1.,0.));
#3477 = ADVANCED_FACE('',(#3478),#3497,.F.);
#3478 = FACE_BOUND('',#3479,.F.);
#3479 = EDGE_LOOP('',(#3480,#3481,#3490,#3496));
#3480 = ORIENTED_EDGE('',*,*,#3466,.T.);
#3481 = ORIENTED_EDGE('',*,*,#3482,.T.);
#3482 = EDGE_CURVE('',#3459,#3483,#3485,.T.);
#3483 = VERTEX_POINT('',#3484);
#3484 = CARTESIAN_POINT('',(-6.5,45.8,-1.1));
#3485 = CIRCLE('',#3486,0.5);
#3486 = AXIS2_PLACEMENT_3D('',#3487,#3488,#3489);
#3487 = CARTESIAN_POINT('',(-6.5,45.3,-1.1));
#3488 = DIRECTION('',(0.,0.,1.));
#3489 = DIRECTION('',(1.,0.,0.));
#3490 = ORIENTED_EDGE('',*,*,#3491,.F.);
#3491 = EDGE_CURVE('',#694,#3483,#3492,.T.);
#3492 = LINE('',#3493,#3494);
#3493 = CARTESIAN_POINT('',(-6.5,45.8,0.));
#3494 = VECTOR('',#3495,1.);
#3495 = DIRECTION('',(-0.,-0.,-1.));
#3496 = ORIENTED_EDGE('',*,*,#701,.F.);
#3497 = CYLINDRICAL_SURFACE('',#3498,0.5);
#3498 = AXIS2_PLACEMENT_3D('',#3499,#3500,#3501);
#3499 = CARTESIAN_POINT('',(-6.5,45.3,0.));
#3500 = DIRECTION('',(0.,0.,1.));
#3501 = DIRECTION('',(1.,0.,0.));
#3502 = ADVANCED_FACE('',(#3503),#3521,.F.);
#3503 = FACE_BOUND('',#3504,.F.);
#3504 = EDGE_LOOP('',(#3505,#3506,#3514,#3520));
#3505 = ORIENTED_EDGE('',*,*,#3491,.T.);
#3506 = ORIENTED_EDGE('',*,*,#3507,.T.);
#3507 = EDGE_CURVE('',#3483,#3508,#3510,.T.);
#3508 = VERTEX_POINT('',#3509);
#3509 = CARTESIAN_POINT('',(-6.9,45.8,-1.1));
#3510 = LINE('',#3511,#3512);
#3511 = CARTESIAN_POINT('',(-6.5,45.8,-1.1));
#3512 = VECTOR('',#3513,1.);
#3513 = DIRECTION('',(-1.,0.,0.));
#3514 = ORIENTED_EDGE('',*,*,#3515,.F.);
#3515 = EDGE_CURVE('',#685,#3508,#3516,.T.);
#3516 = LINE('',#3517,#3518);
#3517 = CARTESIAN_POINT('',(-6.9,45.8,0.));
#3518 = VECTOR('',#3519,1.);
#3519 = DIRECTION('',(-0.,-0.,-1.));
#3520 = ORIENTED_EDGE('',*,*,#693,.F.);
#3521 = PLANE('',#3522);
#3522 = AXIS2_PLACEMENT_3D('',#3523,#3524,#3525);
#3523 = CARTESIAN_POINT('',(-6.5,45.8,0.));
#3524 = DIRECTION('',(0.,1.,0.));
#3525 = DIRECTION('',(-1.,0.,0.));
#3526 = ADVANCED_FACE('',(#3527),#3539,.F.);
#3527 = FACE_BOUND('',#3528,.F.);
#3528 = EDGE_LOOP('',(#3529,#3530,#3537,#3538));
#3529 = ORIENTED_EDGE('',*,*,#3515,.T.);
#3530 = ORIENTED_EDGE('',*,*,#3531,.T.);
#3531 = EDGE_CURVE('',#3508,#3353,#3532,.T.);
#3532 = CIRCLE('',#3533,0.5);
#3533 = AXIS2_PLACEMENT_3D('',#3534,#3535,#3536);
#3534 = CARTESIAN_POINT('',(-6.9,45.3,-1.1));
#3535 = DIRECTION('',(0.,0.,1.));
#3536 = DIRECTION('',(1.,0.,0.));
#3537 = ORIENTED_EDGE('',*,*,#3352,.F.);
#3538 = ORIENTED_EDGE('',*,*,#684,.F.);
#3539 = CYLINDRICAL_SURFACE('',#3540,0.5);
#3540 = AXIS2_PLACEMENT_3D('',#3541,#3542,#3543);
#3541 = CARTESIAN_POINT('',(-6.9,45.3,0.));
#3542 = DIRECTION('',(0.,0.,1.));
#3543 = DIRECTION('',(1.,0.,0.));
#3544 = ADVANCED_FACE('',(#3545),#3570,.F.);
#3545 = FACE_BOUND('',#3546,.F.);
#3546 = EDGE_LOOP('',(#3547,#3555,#3563,#3569));
#3547 = ORIENTED_EDGE('',*,*,#3548,.T.);
#3548 = EDGE_CURVE('',#745,#3549,#3551,.T.);
#3549 = VERTEX_POINT('',#3550);
#3550 = CARTESIAN_POINT('',(-4.,44.3,-1.1));
#3551 = LINE('',#3552,#3553);
#3552 = CARTESIAN_POINT('',(-4.,44.3,0.));
#3553 = VECTOR('',#3554,1.);
#3554 = DIRECTION('',(-0.,-0.,-1.));
#3555 = ORIENTED_EDGE('',*,*,#3556,.T.);
#3556 = EDGE_CURVE('',#3549,#3557,#3559,.T.);
#3557 = VERTEX_POINT('',#3558);
#3558 = CARTESIAN_POINT('',(-4.,39.3,-1.1));
#3559 = LINE('',#3560,#3561);
#3560 = CARTESIAN_POINT('',(-4.,44.3,-1.1));
#3561 = VECTOR('',#3562,1.);
#3562 = DIRECTION('',(0.,-1.,0.));
#3563 = ORIENTED_EDGE('',*,*,#3564,.F.);
#3564 = EDGE_CURVE('',#747,#3557,#3565,.T.);
#3565 = LINE('',#3566,#3567);
#3566 = CARTESIAN_POINT('',(-4.,39.3,0.));
#3567 = VECTOR('',#3568,1.);
#3568 = DIRECTION('',(-0.,-0.,-1.));
#3569 = ORIENTED_EDGE('',*,*,#744,.F.);
#3570 = PLANE('',#3571);
#3571 = AXIS2_PLACEMENT_3D('',#3572,#3573,#3574);
#3572 = CARTESIAN_POINT('',(-4.,44.3,0.));
#3573 = DIRECTION('',(-1.,0.,0.));
#3574 = DIRECTION('',(0.,-1.,0.));
#3575 = ADVANCED_FACE('',(#3576),#3595,.F.);
#3576 = FACE_BOUND('',#3577,.F.);
#3577 = EDGE_LOOP('',(#3578,#3579,#3588,#3594));
#3578 = ORIENTED_EDGE('',*,*,#3564,.T.);
#3579 = ORIENTED_EDGE('',*,*,#3580,.T.);
#3580 = EDGE_CURVE('',#3557,#3581,#3583,.T.);
#3581 = VERTEX_POINT('',#3582);
#3582 = CARTESIAN_POINT('',(-3.5,38.8,-1.1));
#3583 = CIRCLE('',#3584,0.5);
#3584 = AXIS2_PLACEMENT_3D('',#3585,#3586,#3587);
#3585 = CARTESIAN_POINT('',(-3.5,39.3,-1.1));
#3586 = DIRECTION('',(0.,0.,1.));
#3587 = DIRECTION('',(1.,0.,0.));
#3588 = ORIENTED_EDGE('',*,*,#3589,.F.);
#3589 = EDGE_CURVE('',#798,#3581,#3590,.T.);
#3590 = LINE('',#3591,#3592);
#3591 = CARTESIAN_POINT('',(-3.5,38.8,0.));
#3592 = VECTOR('',#3593,1.);
#3593 = DIRECTION('',(-0.,-0.,-1.));
#3594 = ORIENTED_EDGE('',*,*,#805,.F.);
#3595 = CYLINDRICAL_SURFACE('',#3596,0.5);
#3596 = AXIS2_PLACEMENT_3D('',#3597,#3598,#3599);
#3597 = CARTESIAN_POINT('',(-3.5,39.3,0.));
#3598 = DIRECTION('',(0.,0.,1.));
#3599 = DIRECTION('',(1.,0.,0.));
#3600 = ADVANCED_FACE('',(#3601),#3619,.F.);
#3601 = FACE_BOUND('',#3602,.F.);
#3602 = EDGE_LOOP('',(#3603,#3604,#3612,#3618));
#3603 = ORIENTED_EDGE('',*,*,#3589,.T.);
#3604 = ORIENTED_EDGE('',*,*,#3605,.T.);
#3605 = EDGE_CURVE('',#3581,#3606,#3608,.T.);
#3606 = VERTEX_POINT('',#3607);
#3607 = CARTESIAN_POINT('',(-3.1,38.8,-1.1));
#3608 = LINE('',#3609,#3610);
#3609 = CARTESIAN_POINT('',(-3.5,38.8,-1.1));
#3610 = VECTOR('',#3611,1.);
#3611 = DIRECTION('',(1.,0.,0.));
#3612 = ORIENTED_EDGE('',*,*,#3613,.F.);
#3613 = EDGE_CURVE('',#789,#3606,#3614,.T.);
#3614 = LINE('',#3615,#3616);
#3615 = CARTESIAN_POINT('',(-3.1,38.8,0.));
#3616 = VECTOR('',#3617,1.);
#3617 = DIRECTION('',(-0.,-0.,-1.));
#3618 = ORIENTED_EDGE('',*,*,#797,.F.);
#3619 = PLANE('',#3620);
#3620 = AXIS2_PLACEMENT_3D('',#3621,#3622,#3623);
#3621 = CARTESIAN_POINT('',(-3.5,38.8,0.));
#3622 = DIRECTION('',(0.,-1.,0.));
#3623 = DIRECTION('',(1.,0.,0.));
#3624 = ADVANCED_FACE('',(#3625),#3644,.F.);
#3625 = FACE_BOUND('',#3626,.F.);
#3626 = EDGE_LOOP('',(#3627,#3628,#3637,#3643));
#3627 = ORIENTED_EDGE('',*,*,#3613,.T.);
#3628 = ORIENTED_EDGE('',*,*,#3629,.T.);
#3629 = EDGE_CURVE('',#3606,#3630,#3632,.T.);
#3630 = VERTEX_POINT('',#3631);
#3631 = CARTESIAN_POINT('',(-2.6,39.3,-1.1));
#3632 = CIRCLE('',#3633,0.5);
#3633 = AXIS2_PLACEMENT_3D('',#3634,#3635,#3636);
#3634 = CARTESIAN_POINT('',(-3.1,39.3,-1.1));
#3635 = DIRECTION('',(0.,0.,1.));
#3636 = DIRECTION('',(1.,0.,0.));
#3637 = ORIENTED_EDGE('',*,*,#3638,.F.);
#3638 = EDGE_CURVE('',#781,#3630,#3639,.T.);
#3639 = LINE('',#3640,#3641);
#3640 = CARTESIAN_POINT('',(-2.6,39.3,0.));
#3641 = VECTOR('',#3642,1.);
#3642 = DIRECTION('',(-0.,-0.,-1.));
#3643 = ORIENTED_EDGE('',*,*,#788,.F.);
#3644 = CYLINDRICAL_SURFACE('',#3645,0.5);
#3645 = AXIS2_PLACEMENT_3D('',#3646,#3647,#3648);
#3646 = CARTESIAN_POINT('',(-3.1,39.3,0.));
#3647 = DIRECTION('',(0.,0.,1.));
#3648 = DIRECTION('',(1.,0.,0.));
#3649 = ADVANCED_FACE('',(#3650),#3668,.F.);
#3650 = FACE_BOUND('',#3651,.F.);
#3651 = EDGE_LOOP('',(#3652,#3653,#3661,#3667));
#3652 = ORIENTED_EDGE('',*,*,#3638,.T.);
#3653 = ORIENTED_EDGE('',*,*,#3654,.T.);
#3654 = EDGE_CURVE('',#3630,#3655,#3657,.T.);
#3655 = VERTEX_POINT('',#3656);
#3656 = CARTESIAN_POINT('',(-2.6,44.3,-1.1));
#3657 = LINE('',#3658,#3659);
#3658 = CARTESIAN_POINT('',(-2.6,39.3,-1.1));
#3659 = VECTOR('',#3660,1.);
#3660 = DIRECTION('',(0.,1.,0.));
#3661 = ORIENTED_EDGE('',*,*,#3662,.F.);
#3662 = EDGE_CURVE('',#772,#3655,#3663,.T.);
#3663 = LINE('',#3664,#3665);
#3664 = CARTESIAN_POINT('',(-2.6,44.3,0.));
#3665 = VECTOR('',#3666,1.);
#3666 = DIRECTION('',(-0.,-0.,-1.));
#3667 = ORIENTED_EDGE('',*,*,#780,.F.);
#3668 = PLANE('',#3669);
#3669 = AXIS2_PLACEMENT_3D('',#3670,#3671,#3672);
#3670 = CARTESIAN_POINT('',(-2.6,39.3,0.));
#3671 = DIRECTION('',(1.,0.,0.));
#3672 = DIRECTION('',(0.,1.,0.));
#3673 = ADVANCED_FACE('',(#3674),#3693,.F.);
#3674 = FACE_BOUND('',#3675,.F.);
#3675 = EDGE_LOOP('',(#3676,#3677,#3686,#3692));
#3676 = ORIENTED_EDGE('',*,*,#3662,.T.);
#3677 = ORIENTED_EDGE('',*,*,#3678,.T.);
#3678 = EDGE_CURVE('',#3655,#3679,#3681,.T.);
#3679 = VERTEX_POINT('',#3680);
#3680 = CARTESIAN_POINT('',(-3.1,44.8,-1.1));
#3681 = CIRCLE('',#3682,0.5);
#3682 = AXIS2_PLACEMENT_3D('',#3683,#3684,#3685);
#3683 = CARTESIAN_POINT('',(-3.1,44.3,-1.1));
#3684 = DIRECTION('',(0.,0.,1.));
#3685 = DIRECTION('',(1.,0.,0.));
#3686 = ORIENTED_EDGE('',*,*,#3687,.F.);
#3687 = EDGE_CURVE('',#764,#3679,#3688,.T.);
#3688 = LINE('',#3689,#3690);
#3689 = CARTESIAN_POINT('',(-3.1,44.8,0.));
#3690 = VECTOR('',#3691,1.);
#3691 = DIRECTION('',(-0.,-0.,-1.));
#3692 = ORIENTED_EDGE('',*,*,#771,.F.);
#3693 = CYLINDRICAL_SURFACE('',#3694,0.5);
#3694 = AXIS2_PLACEMENT_3D('',#3695,#3696,#3697);
#3695 = CARTESIAN_POINT('',(-3.1,44.3,0.));
#3696 = DIRECTION('',(0.,0.,1.));
#3697 = DIRECTION('',(1.,0.,0.));
#3698 = ADVANCED_FACE('',(#3699),#3717,.F.);
#3699 = FACE_BOUND('',#3700,.F.);
#3700 = EDGE_LOOP('',(#3701,#3702,#3710,#3716));
#3701 = ORIENTED_EDGE('',*,*,#3687,.T.);
#3702 = ORIENTED_EDGE('',*,*,#3703,.T.);
#3703 = EDGE_CURVE('',#3679,#3704,#3706,.T.);
#3704 = VERTEX_POINT('',#3705);
#3705 = CARTESIAN_POINT('',(-3.5,44.8,-1.1));
#3706 = LINE('',#3707,#3708);
#3707 = CARTESIAN_POINT('',(-3.1,44.8,-1.1));
#3708 = VECTOR('',#3709,1.);
#3709 = DIRECTION('',(-1.,0.,0.));
#3710 = ORIENTED_EDGE('',*,*,#3711,.F.);
#3711 = EDGE_CURVE('',#755,#3704,#3712,.T.);
#3712 = LINE('',#3713,#3714);
#3713 = CARTESIAN_POINT('',(-3.5,44.8,0.));
#3714 = VECTOR('',#3715,1.);
#3715 = DIRECTION('',(-0.,-0.,-1.));
#3716 = ORIENTED_EDGE('',*,*,#763,.F.);
#3717 = PLANE('',#3718);
#3718 = AXIS2_PLACEMENT_3D('',#3719,#3720,#3721);
#3719 = CARTESIAN_POINT('',(-3.1,44.8,0.));
#3720 = DIRECTION('',(0.,1.,0.));
#3721 = DIRECTION('',(-1.,0.,0.));
#3722 = ADVANCED_FACE('',(#3723),#3735,.F.);
#3723 = FACE_BOUND('',#3724,.F.);
#3724 = EDGE_LOOP('',(#3725,#3726,#3733,#3734));
#3725 = ORIENTED_EDGE('',*,*,#3711,.T.);
#3726 = ORIENTED_EDGE('',*,*,#3727,.T.);
#3727 = EDGE_CURVE('',#3704,#3549,#3728,.T.);
#3728 = CIRCLE('',#3729,0.5);
#3729 = AXIS2_PLACEMENT_3D('',#3730,#3731,#3732);
#3730 = CARTESIAN_POINT('',(-3.5,44.3,-1.1));
#3731 = DIRECTION('',(0.,0.,1.));
#3732 = DIRECTION('',(1.,0.,0.));
#3733 = ORIENTED_EDGE('',*,*,#3548,.F.);
#3734 = ORIENTED_EDGE('',*,*,#754,.F.);
#3735 = CYLINDRICAL_SURFACE('',#3736,0.5);
#3736 = AXIS2_PLACEMENT_3D('',#3737,#3738,#3739);
#3737 = CARTESIAN_POINT('',(-3.5,44.3,0.));
#3738 = DIRECTION('',(0.,0.,1.));
#3739 = DIRECTION('',(1.,0.,0.));
#3740 = ADVANCED_FACE('',(#3741),#3766,.F.);
#3741 = FACE_BOUND('',#3742,.F.);
#3742 = EDGE_LOOP('',(#3743,#3751,#3759,#3765));
#3743 = ORIENTED_EDGE('',*,*,#3744,.T.);
#3744 = EDGE_CURVE('',#815,#3745,#3747,.T.);
#3745 = VERTEX_POINT('',#3746);
#3746 = CARTESIAN_POINT('',(-0.6,42.4,-1.1));
#3747 = LINE('',#3748,#3749);
#3748 = CARTESIAN_POINT('',(-0.6,42.4,0.));
#3749 = VECTOR('',#3750,1.);
#3750 = DIRECTION('',(-0.,-0.,-1.));
#3751 = ORIENTED_EDGE('',*,*,#3752,.T.);
#3752 = EDGE_CURVE('',#3745,#3753,#3755,.T.);
#3753 = VERTEX_POINT('',#3754);
#3754 = CARTESIAN_POINT('',(-0.6,39.2,-1.1));
#3755 = LINE('',#3756,#3757);
#3756 = CARTESIAN_POINT('',(-0.6,42.4,-1.1));
#3757 = VECTOR('',#3758,1.);
#3758 = DIRECTION('',(0.,-1.,0.));
#3759 = ORIENTED_EDGE('',*,*,#3760,.F.);
#3760 = EDGE_CURVE('',#817,#3753,#3761,.T.);
#3761 = LINE('',#3762,#3763);
#3762 = CARTESIAN_POINT('',(-0.6,39.2,0.));
#3763 = VECTOR('',#3764,1.);
#3764 = DIRECTION('',(-0.,-0.,-1.));
#3765 = ORIENTED_EDGE('',*,*,#814,.F.);
#3766 = PLANE('',#3767);
#3767 = AXIS2_PLACEMENT_3D('',#3768,#3769,#3770);
#3768 = CARTESIAN_POINT('',(-0.6,42.4,0.));
#3769 = DIRECTION('',(-1.,0.,0.));
#3770 = DIRECTION('',(0.,-1.,0.));
#3771 = ADVANCED_FACE('',(#3772),#3791,.F.);
#3772 = FACE_BOUND('',#3773,.F.);
#3773 = EDGE_LOOP('',(#3774,#3775,#3784,#3790));
#3774 = ORIENTED_EDGE('',*,*,#3760,.T.);
#3775 = ORIENTED_EDGE('',*,*,#3776,.T.);
#3776 = EDGE_CURVE('',#3753,#3777,#3779,.T.);
#3777 = VERTEX_POINT('',#3778);
#3778 = CARTESIAN_POINT('',(-0.2,38.8,-1.1));
#3779 = CIRCLE('',#3780,0.4);
#3780 = AXIS2_PLACEMENT_3D('',#3781,#3782,#3783);
#3781 = CARTESIAN_POINT('',(-0.2,39.2,-1.1));
#3782 = DIRECTION('',(0.,0.,1.));
#3783 = DIRECTION('',(1.,0.,0.));
#3784 = ORIENTED_EDGE('',*,*,#3785,.F.);
#3785 = EDGE_CURVE('',#868,#3777,#3786,.T.);
#3786 = LINE('',#3787,#3788);
#3787 = CARTESIAN_POINT('',(-0.2,38.8,0.));
#3788 = VECTOR('',#3789,1.);
#3789 = DIRECTION('',(-0.,-0.,-1.));
#3790 = ORIENTED_EDGE('',*,*,#875,.F.);
#3791 = CYLINDRICAL_SURFACE('',#3792,0.4);
#3792 = AXIS2_PLACEMENT_3D('',#3793,#3794,#3795);
#3793 = CARTESIAN_POINT('',(-0.2,39.2,0.));
#3794 = DIRECTION('',(0.,0.,1.));
#3795 = DIRECTION('',(1.,0.,0.));
#3796 = ADVANCED_FACE('',(#3797),#3815,.F.);
#3797 = FACE_BOUND('',#3798,.F.);
#3798 = EDGE_LOOP('',(#3799,#3800,#3808,#3814));
#3799 = ORIENTED_EDGE('',*,*,#3785,.T.);
#3800 = ORIENTED_EDGE('',*,*,#3801,.T.);
#3801 = EDGE_CURVE('',#3777,#3802,#3804,.T.);
#3802 = VERTEX_POINT('',#3803);
#3803 = CARTESIAN_POINT('',(0.2,38.8,-1.1));
#3804 = LINE('',#3805,#3806);
#3805 = CARTESIAN_POINT('',(-0.2,38.8,-1.1));
#3806 = VECTOR('',#3807,1.);
#3807 = DIRECTION('',(1.,0.,0.));
#3808 = ORIENTED_EDGE('',*,*,#3809,.F.);
#3809 = EDGE_CURVE('',#859,#3802,#3810,.T.);
#3810 = LINE('',#3811,#3812);
#3811 = CARTESIAN_POINT('',(0.2,38.8,0.));
#3812 = VECTOR('',#3813,1.);
#3813 = DIRECTION('',(-0.,-0.,-1.));
#3814 = ORIENTED_EDGE('',*,*,#867,.F.);
#3815 = PLANE('',#3816);
#3816 = AXIS2_PLACEMENT_3D('',#3817,#3818,#3819);
#3817 = CARTESIAN_POINT('',(-0.2,38.8,0.));
#3818 = DIRECTION('',(0.,-1.,0.));
#3819 = DIRECTION('',(1.,0.,0.));
#3820 = ADVANCED_FACE('',(#3821),#3840,.F.);
#3821 = FACE_BOUND('',#3822,.F.);
#3822 = EDGE_LOOP('',(#3823,#3824,#3833,#3839));
#3823 = ORIENTED_EDGE('',*,*,#3809,.T.);
#3824 = ORIENTED_EDGE('',*,*,#3825,.T.);
#3825 = EDGE_CURVE('',#3802,#3826,#3828,.T.);
#3826 = VERTEX_POINT('',#3827);
#3827 = CARTESIAN_POINT('',(0.6,39.2,-1.1));
#3828 = CIRCLE('',#3829,0.4);
#3829 = AXIS2_PLACEMENT_3D('',#3830,#3831,#3832);
#3830 = CARTESIAN_POINT('',(0.2,39.2,-1.1));
#3831 = DIRECTION('',(0.,0.,1.));
#3832 = DIRECTION('',(1.,0.,0.));
#3833 = ORIENTED_EDGE('',*,*,#3834,.F.);
#3834 = EDGE_CURVE('',#851,#3826,#3835,.T.);
#3835 = LINE('',#3836,#3837);
#3836 = CARTESIAN_POINT('',(0.6,39.2,0.));
#3837 = VECTOR('',#3838,1.);
#3838 = DIRECTION('',(-0.,-0.,-1.));
#3839 = ORIENTED_EDGE('',*,*,#858,.F.);
#3840 = CYLINDRICAL_SURFACE('',#3841,0.4);
#3841 = AXIS2_PLACEMENT_3D('',#3842,#3843,#3844);
#3842 = CARTESIAN_POINT('',(0.2,39.2,0.));
#3843 = DIRECTION('',(0.,0.,1.));
#3844 = DIRECTION('',(1.,0.,0.));
#3845 = ADVANCED_FACE('',(#3846),#3864,.F.);
#3846 = FACE_BOUND('',#3847,.F.);
#3847 = EDGE_LOOP('',(#3848,#3849,#3857,#3863));
#3848 = ORIENTED_EDGE('',*,*,#3834,.T.);
#3849 = ORIENTED_EDGE('',*,*,#3850,.T.);
#3850 = EDGE_CURVE('',#3826,#3851,#3853,.T.);
#3851 = VERTEX_POINT('',#3852);
#3852 = CARTESIAN_POINT('',(0.6,42.4,-1.1));
#3853 = LINE('',#3854,#3855);
#3854 = CARTESIAN_POINT('',(0.6,39.2,-1.1));
#3855 = VECTOR('',#3856,1.);
#3856 = DIRECTION('',(0.,1.,0.));
#3857 = ORIENTED_EDGE('',*,*,#3858,.F.);
#3858 = EDGE_CURVE('',#842,#3851,#3859,.T.);
#3859 = LINE('',#3860,#3861);
#3860 = CARTESIAN_POINT('',(0.6,42.4,0.));
#3861 = VECTOR('',#3862,1.);
#3862 = DIRECTION('',(-0.,-0.,-1.));
#3863 = ORIENTED_EDGE('',*,*,#850,.F.);
#3864 = PLANE('',#3865);
#3865 = AXIS2_PLACEMENT_3D('',#3866,#3867,#3868);
#3866 = CARTESIAN_POINT('',(0.6,39.2,0.));
#3867 = DIRECTION('',(1.,0.,0.));
#3868 = DIRECTION('',(0.,1.,0.));
#3869 = ADVANCED_FACE('',(#3870),#3889,.F.);
#3870 = FACE_BOUND('',#3871,.F.);
#3871 = EDGE_LOOP('',(#3872,#3873,#3882,#3888));
#3872 = ORIENTED_EDGE('',*,*,#3858,.T.);
#3873 = ORIENTED_EDGE('',*,*,#3874,.T.);
#3874 = EDGE_CURVE('',#3851,#3875,#3877,.T.);
#3875 = VERTEX_POINT('',#3876);
#3876 = CARTESIAN_POINT('',(0.2,42.8,-1.1));
#3877 = CIRCLE('',#3878,0.4);
#3878 = AXIS2_PLACEMENT_3D('',#3879,#3880,#3881);
#3879 = CARTESIAN_POINT('',(0.2,42.4,-1.1));
#3880 = DIRECTION('',(0.,0.,1.));
#3881 = DIRECTION('',(1.,0.,0.));
#3882 = ORIENTED_EDGE('',*,*,#3883,.F.);
#3883 = EDGE_CURVE('',#834,#3875,#3884,.T.);
#3884 = LINE('',#3885,#3886);
#3885 = CARTESIAN_POINT('',(0.2,42.8,0.));
#3886 = VECTOR('',#3887,1.);
#3887 = DIRECTION('',(-0.,-0.,-1.));
#3888 = ORIENTED_EDGE('',*,*,#841,.F.);
#3889 = CYLINDRICAL_SURFACE('',#3890,0.4);
#3890 = AXIS2_PLACEMENT_3D('',#3891,#3892,#3893);
#3891 = CARTESIAN_POINT('',(0.2,42.4,0.));
#3892 = DIRECTION('',(0.,0.,1.));
#3893 = DIRECTION('',(1.,0.,0.));
#3894 = ADVANCED_FACE('',(#3895),#3913,.F.);
#3895 = FACE_BOUND('',#3896,.F.);
#3896 = EDGE_LOOP('',(#3897,#3898,#3906,#3912));
#3897 = ORIENTED_EDGE('',*,*,#3883,.T.);
#3898 = ORIENTED_EDGE('',*,*,#3899,.T.);
#3899 = EDGE_CURVE('',#3875,#3900,#3902,.T.);
#3900 = VERTEX_POINT('',#3901);
#3901 = CARTESIAN_POINT('',(-0.2,42.8,-1.1));
#3902 = LINE('',#3903,#3904);
#3903 = CARTESIAN_POINT('',(0.2,42.8,-1.1));
#3904 = VECTOR('',#3905,1.);
#3905 = DIRECTION('',(-1.,0.,0.));
#3906 = ORIENTED_EDGE('',*,*,#3907,.F.);
#3907 = EDGE_CURVE('',#825,#3900,#3908,.T.);
#3908 = LINE('',#3909,#3910);
#3909 = CARTESIAN_POINT('',(-0.2,42.8,0.));
#3910 = VECTOR('',#3911,1.);
#3911 = DIRECTION('',(-0.,-0.,-1.));
#3912 = ORIENTED_EDGE('',*,*,#833,.F.);
#3913 = PLANE('',#3914);
#3914 = AXIS2_PLACEMENT_3D('',#3915,#3916,#3917);
#3915 = CARTESIAN_POINT('',(0.2,42.8,0.));
#3916 = DIRECTION('',(0.,1.,0.));
#3917 = DIRECTION('',(-1.,0.,0.));
#3918 = ADVANCED_FACE('',(#3919),#3931,.F.);
#3919 = FACE_BOUND('',#3920,.F.);
#3920 = EDGE_LOOP('',(#3921,#3922,#3929,#3930));
#3921 = ORIENTED_EDGE('',*,*,#3907,.T.);
#3922 = ORIENTED_EDGE('',*,*,#3923,.T.);
#3923 = EDGE_CURVE('',#3900,#3745,#3924,.T.);
#3924 = CIRCLE('',#3925,0.4);
#3925 = AXIS2_PLACEMENT_3D('',#3926,#3927,#3928);
#3926 = CARTESIAN_POINT('',(-0.2,42.4,-1.1));
#3927 = DIRECTION('',(0.,0.,1.));
#3928 = DIRECTION('',(1.,0.,0.));
#3929 = ORIENTED_EDGE('',*,*,#3744,.F.);
#3930 = ORIENTED_EDGE('',*,*,#824,.F.);
#3931 = CYLINDRICAL_SURFACE('',#3932,0.4);
#3932 = AXIS2_PLACEMENT_3D('',#3933,#3934,#3935);
#3933 = CARTESIAN_POINT('',(-0.2,42.4,0.));
#3934 = DIRECTION('',(0.,0.,1.));
#3935 = DIRECTION('',(1.,0.,0.));
#3936 = ADVANCED_FACE('',(#3937),#3962,.F.);
#3937 = FACE_BOUND('',#3938,.F.);
#3938 = EDGE_LOOP('',(#3939,#3947,#3955,#3961));
#3939 = ORIENTED_EDGE('',*,*,#3940,.T.);
#3940 = EDGE_CURVE('',#885,#3941,#3943,.T.);
#3941 = VERTEX_POINT('',#3942);
#3942 = CARTESIAN_POINT('',(2.6,44.3,-1.1));
#3943 = LINE('',#3944,#3945);
#3944 = CARTESIAN_POINT('',(2.6,44.3,0.));
#3945 = VECTOR('',#3946,1.);
#3946 = DIRECTION('',(-0.,-0.,-1.));
#3947 = ORIENTED_EDGE('',*,*,#3948,.T.);
#3948 = EDGE_CURVE('',#3941,#3949,#3951,.T.);
#3949 = VERTEX_POINT('',#3950);
#3950 = CARTESIAN_POINT('',(2.6,39.3,-1.1));
#3951 = LINE('',#3952,#3953);
#3952 = CARTESIAN_POINT('',(2.6,44.3,-1.1));
#3953 = VECTOR('',#3954,1.);
#3954 = DIRECTION('',(0.,-1.,0.));
#3955 = ORIENTED_EDGE('',*,*,#3956,.F.);
#3956 = EDGE_CURVE('',#887,#3949,#3957,.T.);
#3957 = LINE('',#3958,#3959);
#3958 = CARTESIAN_POINT('',(2.6,39.3,0.));
#3959 = VECTOR('',#3960,1.);
#3960 = DIRECTION('',(-0.,-0.,-1.));
#3961 = ORIENTED_EDGE('',*,*,#884,.F.);
#3962 = PLANE('',#3963);
#3963 = AXIS2_PLACEMENT_3D('',#3964,#3965,#3966);
#3964 = CARTESIAN_POINT('',(2.6,44.3,0.));
#3965 = DIRECTION('',(-1.,0.,0.));
#3966 = DIRECTION('',(0.,-1.,0.));
#3967 = ADVANCED_FACE('',(#3968),#3987,.F.);
#3968 = FACE_BOUND('',#3969,.F.);
#3969 = EDGE_LOOP('',(#3970,#3971,#3980,#3986));
#3970 = ORIENTED_EDGE('',*,*,#3956,.T.);
#3971 = ORIENTED_EDGE('',*,*,#3972,.T.);
#3972 = EDGE_CURVE('',#3949,#3973,#3975,.T.);
#3973 = VERTEX_POINT('',#3974);
#3974 = CARTESIAN_POINT('',(3.1,38.8,-1.1));
#3975 = CIRCLE('',#3976,0.5);
#3976 = AXIS2_PLACEMENT_3D('',#3977,#3978,#3979);
#3977 = CARTESIAN_POINT('',(3.1,39.3,-1.1));
#3978 = DIRECTION('',(0.,0.,1.));
#3979 = DIRECTION('',(1.,0.,0.));
#3980 = ORIENTED_EDGE('',*,*,#3981,.F.);
#3981 = EDGE_CURVE('',#938,#3973,#3982,.T.);
#3982 = LINE('',#3983,#3984);
#3983 = CARTESIAN_POINT('',(3.1,38.8,0.));
#3984 = VECTOR('',#3985,1.);
#3985 = DIRECTION('',(-0.,-0.,-1.));
#3986 = ORIENTED_EDGE('',*,*,#945,.F.);
#3987 = CYLINDRICAL_SURFACE('',#3988,0.5);
#3988 = AXIS2_PLACEMENT_3D('',#3989,#3990,#3991);
#3989 = CARTESIAN_POINT('',(3.1,39.3,0.));
#3990 = DIRECTION('',(0.,0.,1.));
#3991 = DIRECTION('',(1.,0.,0.));
#3992 = ADVANCED_FACE('',(#3993),#4011,.F.);
#3993 = FACE_BOUND('',#3994,.F.);
#3994 = EDGE_LOOP('',(#3995,#3996,#4004,#4010));
#3995 = ORIENTED_EDGE('',*,*,#3981,.T.);
#3996 = ORIENTED_EDGE('',*,*,#3997,.T.);
#3997 = EDGE_CURVE('',#3973,#3998,#4000,.T.);
#3998 = VERTEX_POINT('',#3999);
#3999 = CARTESIAN_POINT('',(3.5,38.8,-1.1));
#4000 = LINE('',#4001,#4002);
#4001 = CARTESIAN_POINT('',(3.1,38.8,-1.1));
#4002 = VECTOR('',#4003,1.);
#4003 = DIRECTION('',(1.,0.,0.));
#4004 = ORIENTED_EDGE('',*,*,#4005,.F.);
#4005 = EDGE_CURVE('',#929,#3998,#4006,.T.);
#4006 = LINE('',#4007,#4008);
#4007 = CARTESIAN_POINT('',(3.5,38.8,0.));
#4008 = VECTOR('',#4009,1.);
#4009 = DIRECTION('',(-0.,-0.,-1.));
#4010 = ORIENTED_EDGE('',*,*,#937,.F.);
#4011 = PLANE('',#4012);
#4012 = AXIS2_PLACEMENT_3D('',#4013,#4014,#4015);
#4013 = CARTESIAN_POINT('',(3.1,38.8,0.));
#4014 = DIRECTION('',(0.,-1.,0.));
#4015 = DIRECTION('',(1.,0.,0.));
#4016 = ADVANCED_FACE('',(#4017),#4036,.F.);
#4017 = FACE_BOUND('',#4018,.F.);
#4018 = EDGE_LOOP('',(#4019,#4020,#4029,#4035));
#4019 = ORIENTED_EDGE('',*,*,#4005,.T.);
#4020 = ORIENTED_EDGE('',*,*,#4021,.T.);
#4021 = EDGE_CURVE('',#3998,#4022,#4024,.T.);
#4022 = VERTEX_POINT('',#4023);
#4023 = CARTESIAN_POINT('',(4.,39.3,-1.1));
#4024 = CIRCLE('',#4025,0.5);
#4025 = AXIS2_PLACEMENT_3D('',#4026,#4027,#4028);
#4026 = CARTESIAN_POINT('',(3.5,39.3,-1.1));
#4027 = DIRECTION('',(0.,0.,1.));
#4028 = DIRECTION('',(1.,0.,0.));
#4029 = ORIENTED_EDGE('',*,*,#4030,.F.);
#4030 = EDGE_CURVE('',#921,#4022,#4031,.T.);
#4031 = LINE('',#4032,#4033);
#4032 = CARTESIAN_POINT('',(4.,39.3,0.));
#4033 = VECTOR('',#4034,1.);
#4034 = DIRECTION('',(-0.,-0.,-1.));
#4035 = ORIENTED_EDGE('',*,*,#928,.F.);
#4036 = CYLINDRICAL_SURFACE('',#4037,0.5);
#4037 = AXIS2_PLACEMENT_3D('',#4038,#4039,#4040);
#4038 = CARTESIAN_POINT('',(3.5,39.3,0.));
#4039 = DIRECTION('',(0.,0.,1.));
#4040 = DIRECTION('',(1.,0.,0.));
#4041 = ADVANCED_FACE('',(#4042),#4060,.F.);
#4042 = FACE_BOUND('',#4043,.F.);
#4043 = EDGE_LOOP('',(#4044,#4045,#4053,#4059));
#4044 = ORIENTED_EDGE('',*,*,#4030,.T.);
#4045 = ORIENTED_EDGE('',*,*,#4046,.T.);
#4046 = EDGE_CURVE('',#4022,#4047,#4049,.T.);
#4047 = VERTEX_POINT('',#4048);
#4048 = CARTESIAN_POINT('',(4.,44.3,-1.1));
#4049 = LINE('',#4050,#4051);
#4050 = CARTESIAN_POINT('',(4.,39.3,-1.1));
#4051 = VECTOR('',#4052,1.);
#4052 = DIRECTION('',(0.,1.,0.));
#4053 = ORIENTED_EDGE('',*,*,#4054,.F.);
#4054 = EDGE_CURVE('',#912,#4047,#4055,.T.);
#4055 = LINE('',#4056,#4057);
#4056 = CARTESIAN_POINT('',(4.,44.3,0.));
#4057 = VECTOR('',#4058,1.);
#4058 = DIRECTION('',(-0.,-0.,-1.));
#4059 = ORIENTED_EDGE('',*,*,#920,.F.);
#4060 = PLANE('',#4061);
#4061 = AXIS2_PLACEMENT_3D('',#4062,#4063,#4064);
#4062 = CARTESIAN_POINT('',(4.,39.3,0.));
#4063 = DIRECTION('',(1.,0.,0.));
#4064 = DIRECTION('',(0.,1.,0.));
#4065 = ADVANCED_FACE('',(#4066),#4085,.F.);
#4066 = FACE_BOUND('',#4067,.F.);
#4067 = EDGE_LOOP('',(#4068,#4069,#4078,#4084));
#4068 = ORIENTED_EDGE('',*,*,#4054,.T.);
#4069 = ORIENTED_EDGE('',*,*,#4070,.T.);
#4070 = EDGE_CURVE('',#4047,#4071,#4073,.T.);
#4071 = VERTEX_POINT('',#4072);
#4072 = CARTESIAN_POINT('',(3.5,44.8,-1.1));
#4073 = CIRCLE('',#4074,0.5);
#4074 = AXIS2_PLACEMENT_3D('',#4075,#4076,#4077);
#4075 = CARTESIAN_POINT('',(3.5,44.3,-1.1));
#4076 = DIRECTION('',(0.,0.,1.));
#4077 = DIRECTION('',(1.,0.,0.));
#4078 = ORIENTED_EDGE('',*,*,#4079,.F.);
#4079 = EDGE_CURVE('',#904,#4071,#4080,.T.);
#4080 = LINE('',#4081,#4082);
#4081 = CARTESIAN_POINT('',(3.5,44.8,0.));
#4082 = VECTOR('',#4083,1.);
#4083 = DIRECTION('',(-0.,-0.,-1.));
#4084 = ORIENTED_EDGE('',*,*,#911,.F.);
#4085 = CYLINDRICAL_SURFACE('',#4086,0.5);
#4086 = AXIS2_PLACEMENT_3D('',#4087,#4088,#4089);
#4087 = CARTESIAN_POINT('',(3.5,44.3,0.));
#4088 = DIRECTION('',(0.,0.,1.));
#4089 = DIRECTION('',(1.,0.,0.));
#4090 = ADVANCED_FACE('',(#4091),#4109,.F.);
#4091 = FACE_BOUND('',#4092,.F.);
#4092 = EDGE_LOOP('',(#4093,#4094,#4102,#4108));
#4093 = ORIENTED_EDGE('',*,*,#4079,.T.);
#4094 = ORIENTED_EDGE('',*,*,#4095,.T.);
#4095 = EDGE_CURVE('',#4071,#4096,#4098,.T.);
#4096 = VERTEX_POINT('',#4097);
#4097 = CARTESIAN_POINT('',(3.1,44.8,-1.1));
#4098 = LINE('',#4099,#4100);
#4099 = CARTESIAN_POINT('',(3.5,44.8,-1.1));
#4100 = VECTOR('',#4101,1.);
#4101 = DIRECTION('',(-1.,0.,0.));
#4102 = ORIENTED_EDGE('',*,*,#4103,.F.);
#4103 = EDGE_CURVE('',#895,#4096,#4104,.T.);
#4104 = LINE('',#4105,#4106);
#4105 = CARTESIAN_POINT('',(3.1,44.8,0.));
#4106 = VECTOR('',#4107,1.);
#4107 = DIRECTION('',(-0.,-0.,-1.));
#4108 = ORIENTED_EDGE('',*,*,#903,.F.);
#4109 = PLANE('',#4110);
#4110 = AXIS2_PLACEMENT_3D('',#4111,#4112,#4113);
#4111 = CARTESIAN_POINT('',(3.5,44.8,0.));
#4112 = DIRECTION('',(0.,1.,0.));
#4113 = DIRECTION('',(-1.,0.,0.));
#4114 = ADVANCED_FACE('',(#4115),#4127,.F.);
#4115 = FACE_BOUND('',#4116,.F.);
#4116 = EDGE_LOOP('',(#4117,#4118,#4125,#4126));
#4117 = ORIENTED_EDGE('',*,*,#4103,.T.);
#4118 = ORIENTED_EDGE('',*,*,#4119,.T.);
#4119 = EDGE_CURVE('',#4096,#3941,#4120,.T.);
#4120 = CIRCLE('',#4121,0.5);
#4121 = AXIS2_PLACEMENT_3D('',#4122,#4123,#4124);
#4122 = CARTESIAN_POINT('',(3.1,44.3,-1.1));
#4123 = DIRECTION('',(0.,0.,1.));
#4124 = DIRECTION('',(1.,0.,0.));
#4125 = ORIENTED_EDGE('',*,*,#3940,.F.);
#4126 = ORIENTED_EDGE('',*,*,#894,.F.);
#4127 = CYLINDRICAL_SURFACE('',#4128,0.5);
#4128 = AXIS2_PLACEMENT_3D('',#4129,#4130,#4131);
#4129 = CARTESIAN_POINT('',(3.1,44.3,0.));
#4130 = DIRECTION('',(0.,0.,1.));
#4131 = DIRECTION('',(1.,0.,0.));
#4132 = ADVANCED_FACE('',(#4133),#4158,.F.);
#4133 = FACE_BOUND('',#4134,.F.);
#4134 = EDGE_LOOP('',(#4135,#4143,#4151,#4157));
#4135 = ORIENTED_EDGE('',*,*,#4136,.T.);
#4136 = EDGE_CURVE('',#955,#4137,#4139,.T.);
#4137 = VERTEX_POINT('',#4138);
#4138 = CARTESIAN_POINT('',(6.,45.3,-1.1));
#4139 = LINE('',#4140,#4141);
#4140 = CARTESIAN_POINT('',(6.,45.3,0.));
#4141 = VECTOR('',#4142,1.);
#4142 = DIRECTION('',(-0.,-0.,-1.));
#4143 = ORIENTED_EDGE('',*,*,#4144,.T.);
#4144 = EDGE_CURVE('',#4137,#4145,#4147,.T.);
#4145 = VERTEX_POINT('',#4146);
#4146 = CARTESIAN_POINT('',(6.,38.3,-1.1));
#4147 = LINE('',#4148,#4149);
#4148 = CARTESIAN_POINT('',(6.,45.3,-1.1));
#4149 = VECTOR('',#4150,1.);
#4150 = DIRECTION('',(0.,-1.,0.));
#4151 = ORIENTED_EDGE('',*,*,#4152,.F.);
#4152 = EDGE_CURVE('',#957,#4145,#4153,.T.);
#4153 = LINE('',#4154,#4155);
#4154 = CARTESIAN_POINT('',(6.,38.3,0.));
#4155 = VECTOR('',#4156,1.);
#4156 = DIRECTION('',(-0.,-0.,-1.));
#4157 = ORIENTED_EDGE('',*,*,#954,.F.);
#4158 = PLANE('',#4159);
#4159 = AXIS2_PLACEMENT_3D('',#4160,#4161,#4162);
#4160 = CARTESIAN_POINT('',(6.,45.3,0.));
#4161 = DIRECTION('',(-1.,0.,0.));
#4162 = DIRECTION('',(0.,-1.,0.));
#4163 = ADVANCED_FACE('',(#4164),#4183,.F.);
#4164 = FACE_BOUND('',#4165,.F.);
#4165 = EDGE_LOOP('',(#4166,#4167,#4176,#4182));
#4166 = ORIENTED_EDGE('',*,*,#4152,.T.);
#4167 = ORIENTED_EDGE('',*,*,#4168,.T.);
#4168 = EDGE_CURVE('',#4145,#4169,#4171,.T.);
#4169 = VERTEX_POINT('',#4170);
#4170 = CARTESIAN_POINT('',(6.5,37.8,-1.1));
#4171 = CIRCLE('',#4172,0.5);
#4172 = AXIS2_PLACEMENT_3D('',#4173,#4174,#4175);
#4173 = CARTESIAN_POINT('',(6.5,38.3,-1.1));
#4174 = DIRECTION('',(0.,0.,1.));
#4175 = DIRECTION('',(1.,0.,0.));
#4176 = ORIENTED_EDGE('',*,*,#4177,.F.);
#4177 = EDGE_CURVE('',#1008,#4169,#4178,.T.);
#4178 = LINE('',#4179,#4180);
#4179 = CARTESIAN_POINT('',(6.5,37.8,0.));
#4180 = VECTOR('',#4181,1.);
#4181 = DIRECTION('',(-0.,-0.,-1.));
#4182 = ORIENTED_EDGE('',*,*,#1015,.F.);
#4183 = CYLINDRICAL_SURFACE('',#4184,0.5);
#4184 = AXIS2_PLACEMENT_3D('',#4185,#4186,#4187);
#4185 = CARTESIAN_POINT('',(6.5,38.3,0.));
#4186 = DIRECTION('',(0.,0.,1.));
#4187 = DIRECTION('',(1.,0.,0.));
#4188 = ADVANCED_FACE('',(#4189),#4207,.F.);
#4189 = FACE_BOUND('',#4190,.F.);
#4190 = EDGE_LOOP('',(#4191,#4192,#4200,#4206));
#4191 = ORIENTED_EDGE('',*,*,#4177,.T.);
#4192 = ORIENTED_EDGE('',*,*,#4193,.T.);
#4193 = EDGE_CURVE('',#4169,#4194,#4196,.T.);
#4194 = VERTEX_POINT('',#4195);
#4195 = CARTESIAN_POINT('',(6.9,37.8,-1.1));
#4196 = LINE('',#4197,#4198);
#4197 = CARTESIAN_POINT('',(6.5,37.8,-1.1));
#4198 = VECTOR('',#4199,1.);
#4199 = DIRECTION('',(1.,0.,0.));
#4200 = ORIENTED_EDGE('',*,*,#4201,.F.);
#4201 = EDGE_CURVE('',#999,#4194,#4202,.T.);
#4202 = LINE('',#4203,#4204);
#4203 = CARTESIAN_POINT('',(6.9,37.8,0.));
#4204 = VECTOR('',#4205,1.);
#4205 = DIRECTION('',(-0.,-0.,-1.));
#4206 = ORIENTED_EDGE('',*,*,#1007,.F.);
#4207 = PLANE('',#4208);
#4208 = AXIS2_PLACEMENT_3D('',#4209,#4210,#4211);
#4209 = CARTESIAN_POINT('',(6.5,37.8,0.));
#4210 = DIRECTION('',(0.,-1.,0.));
#4211 = DIRECTION('',(1.,0.,0.));
#4212 = ADVANCED_FACE('',(#4213),#4232,.F.);
#4213 = FACE_BOUND('',#4214,.F.);
#4214 = EDGE_LOOP('',(#4215,#4216,#4225,#4231));
#4215 = ORIENTED_EDGE('',*,*,#4201,.T.);
#4216 = ORIENTED_EDGE('',*,*,#4217,.T.);
#4217 = EDGE_CURVE('',#4194,#4218,#4220,.T.);
#4218 = VERTEX_POINT('',#4219);
#4219 = CARTESIAN_POINT('',(7.4,38.3,-1.1));
#4220 = CIRCLE('',#4221,0.5);
#4221 = AXIS2_PLACEMENT_3D('',#4222,#4223,#4224);
#4222 = CARTESIAN_POINT('',(6.9,38.3,-1.1));
#4223 = DIRECTION('',(0.,0.,1.));
#4224 = DIRECTION('',(1.,0.,0.));
#4225 = ORIENTED_EDGE('',*,*,#4226,.F.);
#4226 = EDGE_CURVE('',#991,#4218,#4227,.T.);
#4227 = LINE('',#4228,#4229);
#4228 = CARTESIAN_POINT('',(7.4,38.3,0.));
#4229 = VECTOR('',#4230,1.);
#4230 = DIRECTION('',(-0.,-0.,-1.));
#4231 = ORIENTED_EDGE('',*,*,#998,.F.);
#4232 = CYLINDRICAL_SURFACE('',#4233,0.5);
#4233 = AXIS2_PLACEMENT_3D('',#4234,#4235,#4236);
#4234 = CARTESIAN_POINT('',(6.9,38.3,0.));
#4235 = DIRECTION('',(0.,0.,1.));
#4236 = DIRECTION('',(1.,0.,0.));
#4237 = ADVANCED_FACE('',(#4238),#4256,.F.);
#4238 = FACE_BOUND('',#4239,.F.);
#4239 = EDGE_LOOP('',(#4240,#4241,#4249,#4255));
#4240 = ORIENTED_EDGE('',*,*,#4226,.T.);
#4241 = ORIENTED_EDGE('',*,*,#4242,.T.);
#4242 = EDGE_CURVE('',#4218,#4243,#4245,.T.);
#4243 = VERTEX_POINT('',#4244);
#4244 = CARTESIAN_POINT('',(7.4,45.3,-1.1));
#4245 = LINE('',#4246,#4247);
#4246 = CARTESIAN_POINT('',(7.4,38.3,-1.1));
#4247 = VECTOR('',#4248,1.);
#4248 = DIRECTION('',(0.,1.,0.));
#4249 = ORIENTED_EDGE('',*,*,#4250,.F.);
#4250 = EDGE_CURVE('',#982,#4243,#4251,.T.);
#4251 = LINE('',#4252,#4253);
#4252 = CARTESIAN_POINT('',(7.4,45.3,0.));
#4253 = VECTOR('',#4254,1.);
#4254 = DIRECTION('',(-0.,-0.,-1.));
#4255 = ORIENTED_EDGE('',*,*,#990,.F.);
#4256 = PLANE('',#4257);
#4257 = AXIS2_PLACEMENT_3D('',#4258,#4259,#4260);
#4258 = CARTESIAN_POINT('',(7.4,38.3,0.));
#4259 = DIRECTION('',(1.,0.,0.));
#4260 = DIRECTION('',(0.,1.,0.));
#4261 = ADVANCED_FACE('',(#4262),#4281,.F.);
#4262 = FACE_BOUND('',#4263,.F.);
#4263 = EDGE_LOOP('',(#4264,#4265,#4274,#4280));
#4264 = ORIENTED_EDGE('',*,*,#4250,.T.);
#4265 = ORIENTED_EDGE('',*,*,#4266,.T.);
#4266 = EDGE_CURVE('',#4243,#4267,#4269,.T.);
#4267 = VERTEX_POINT('',#4268);
#4268 = CARTESIAN_POINT('',(6.9,45.8,-1.1));
#4269 = CIRCLE('',#4270,0.5);
#4270 = AXIS2_PLACEMENT_3D('',#4271,#4272,#4273);
#4271 = CARTESIAN_POINT('',(6.9,45.3,-1.1));
#4272 = DIRECTION('',(0.,0.,1.));
#4273 = DIRECTION('',(1.,0.,0.));
#4274 = ORIENTED_EDGE('',*,*,#4275,.F.);
#4275 = EDGE_CURVE('',#974,#4267,#4276,.T.);
#4276 = LINE('',#4277,#4278);
#4277 = CARTESIAN_POINT('',(6.9,45.8,0.));
#4278 = VECTOR('',#4279,1.);
#4279 = DIRECTION('',(-0.,-0.,-1.));
#4280 = ORIENTED_EDGE('',*,*,#981,.F.);
#4281 = CYLINDRICAL_SURFACE('',#4282,0.5);
#4282 = AXIS2_PLACEMENT_3D('',#4283,#4284,#4285);
#4283 = CARTESIAN_POINT('',(6.9,45.3,0.));
#4284 = DIRECTION('',(0.,0.,1.));
#4285 = DIRECTION('',(1.,0.,0.));
#4286 = ADVANCED_FACE('',(#4287),#4305,.F.);
#4287 = FACE_BOUND('',#4288,.F.);
#4288 = EDGE_LOOP('',(#4289,#4290,#4298,#4304));
#4289 = ORIENTED_EDGE('',*,*,#4275,.T.);
#4290 = ORIENTED_EDGE('',*,*,#4291,.T.);
#4291 = EDGE_CURVE('',#4267,#4292,#4294,.T.);
#4292 = VERTEX_POINT('',#4293);
#4293 = CARTESIAN_POINT('',(6.5,45.8,-1.1));
#4294 = LINE('',#4295,#4296);
#4295 = CARTESIAN_POINT('',(6.9,45.8,-1.1));
#4296 = VECTOR('',#4297,1.);
#4297 = DIRECTION('',(-1.,0.,0.));
#4298 = ORIENTED_EDGE('',*,*,#4299,.F.);
#4299 = EDGE_CURVE('',#965,#4292,#4300,.T.);
#4300 = LINE('',#4301,#4302);
#4301 = CARTESIAN_POINT('',(6.5,45.8,0.));
#4302 = VECTOR('',#4303,1.);
#4303 = DIRECTION('',(-0.,-0.,-1.));
#4304 = ORIENTED_EDGE('',*,*,#973,.F.);
#4305 = PLANE('',#4306);
#4306 = AXIS2_PLACEMENT_3D('',#4307,#4308,#4309);
#4307 = CARTESIAN_POINT('',(6.9,45.8,0.));
#4308 = DIRECTION('',(0.,1.,0.));
#4309 = DIRECTION('',(-1.,0.,0.));
#4310 = ADVANCED_FACE('',(#4311),#4323,.F.);
#4311 = FACE_BOUND('',#4312,.F.);
#4312 = EDGE_LOOP('',(#4313,#4314,#4321,#4322));
#4313 = ORIENTED_EDGE('',*,*,#4299,.T.);
#4314 = ORIENTED_EDGE('',*,*,#4315,.T.);
#4315 = EDGE_CURVE('',#4292,#4137,#4316,.T.);
#4316 = CIRCLE('',#4317,0.5);
#4317 = AXIS2_PLACEMENT_3D('',#4318,#4319,#4320);
#4318 = CARTESIAN_POINT('',(6.5,45.3,-1.1));
#4319 = DIRECTION('',(0.,0.,1.));
#4320 = DIRECTION('',(1.,0.,0.));
#4321 = ORIENTED_EDGE('',*,*,#4136,.F.);
#4322 = ORIENTED_EDGE('',*,*,#964,.F.);
#4323 = CYLINDRICAL_SURFACE('',#4324,0.5);
#4324 = AXIS2_PLACEMENT_3D('',#4325,#4326,#4327);
#4325 = CARTESIAN_POINT('',(6.5,45.3,0.));
#4326 = DIRECTION('',(0.,0.,1.));
#4327 = DIRECTION('',(1.,0.,0.));
#4328 = ADVANCED_FACE('',(#4329),#4354,.F.);
#4329 = FACE_BOUND('',#4330,.F.);
#4330 = EDGE_LOOP('',(#4331,#4339,#4347,#4353));
#4331 = ORIENTED_EDGE('',*,*,#4332,.T.);
#4332 = EDGE_CURVE('',#1025,#4333,#4335,.T.);
#4333 = VERTEX_POINT('',#4334);
#4334 = CARTESIAN_POINT('',(9.4,44.3,-1.1));
#4335 = LINE('',#4336,#4337);
#4336 = CARTESIAN_POINT('',(9.4,44.3,0.));
#4337 = VECTOR('',#4338,1.);
#4338 = DIRECTION('',(-0.,-0.,-1.));
#4339 = ORIENTED_EDGE('',*,*,#4340,.T.);
#4340 = EDGE_CURVE('',#4333,#4341,#4343,.T.);
#4341 = VERTEX_POINT('',#4342);
#4342 = CARTESIAN_POINT('',(9.4,39.3,-1.1));
#4343 = LINE('',#4344,#4345);
#4344 = CARTESIAN_POINT('',(9.4,44.3,-1.1));
#4345 = VECTOR('',#4346,1.);
#4346 = DIRECTION('',(0.,-1.,0.));
#4347 = ORIENTED_EDGE('',*,*,#4348,.F.);
#4348 = EDGE_CURVE('',#1027,#4341,#4349,.T.);
#4349 = LINE('',#4350,#4351);
#4350 = CARTESIAN_POINT('',(9.4,39.3,0.));
#4351 = VECTOR('',#4352,1.);
#4352 = DIRECTION('',(-0.,-0.,-1.));
#4353 = ORIENTED_EDGE('',*,*,#1024,.F.);
#4354 = PLANE('',#4355);
#4355 = AXIS2_PLACEMENT_3D('',#4356,#4357,#4358);
#4356 = CARTESIAN_POINT('',(9.4,44.3,0.));
#4357 = DIRECTION('',(-1.,0.,0.));
#4358 = DIRECTION('',(0.,-1.,0.));
#4359 = ADVANCED_FACE('',(#4360),#4379,.F.);
#4360 = FACE_BOUND('',#4361,.F.);
#4361 = EDGE_LOOP('',(#4362,#4363,#4372,#4378));
#4362 = ORIENTED_EDGE('',*,*,#4348,.T.);
#4363 = ORIENTED_EDGE('',*,*,#4364,.T.);
#4364 = EDGE_CURVE('',#4341,#4365,#4367,.T.);
#4365 = VERTEX_POINT('',#4366);
#4366 = CARTESIAN_POINT('',(9.9,38.8,-1.1));
#4367 = CIRCLE('',#4368,0.5);
#4368 = AXIS2_PLACEMENT_3D('',#4369,#4370,#4371);
#4369 = CARTESIAN_POINT('',(9.9,39.3,-1.1));
#4370 = DIRECTION('',(0.,0.,1.));
#4371 = DIRECTION('',(1.,0.,0.));
#4372 = ORIENTED_EDGE('',*,*,#4373,.F.);
#4373 = EDGE_CURVE('',#1078,#4365,#4374,.T.);
#4374 = LINE('',#4375,#4376);
#4375 = CARTESIAN_POINT('',(9.9,38.8,0.));
#4376 = VECTOR('',#4377,1.);
#4377 = DIRECTION('',(-0.,-0.,-1.));
#4378 = ORIENTED_EDGE('',*,*,#1085,.F.);
#4379 = CYLINDRICAL_SURFACE('',#4380,0.5);
#4380 = AXIS2_PLACEMENT_3D('',#4381,#4382,#4383);
#4381 = CARTESIAN_POINT('',(9.9,39.3,0.));
#4382 = DIRECTION('',(0.,0.,1.));
#4383 = DIRECTION('',(1.,0.,0.));
#4384 = ADVANCED_FACE('',(#4385),#4403,.F.);
#4385 = FACE_BOUND('',#4386,.F.);
#4386 = EDGE_LOOP('',(#4387,#4388,#4396,#4402));
#4387 = ORIENTED_EDGE('',*,*,#4373,.T.);
#4388 = ORIENTED_EDGE('',*,*,#4389,.T.);
#4389 = EDGE_CURVE('',#4365,#4390,#4392,.T.);
#4390 = VERTEX_POINT('',#4391);
#4391 = CARTESIAN_POINT('',(10.3,38.8,-1.1));
#4392 = LINE('',#4393,#4394);
#4393 = CARTESIAN_POINT('',(9.9,38.8,-1.1));
#4394 = VECTOR('',#4395,1.);
#4395 = DIRECTION('',(1.,0.,0.));
#4396 = ORIENTED_EDGE('',*,*,#4397,.F.);
#4397 = EDGE_CURVE('',#1069,#4390,#4398,.T.);
#4398 = LINE('',#4399,#4400);
#4399 = CARTESIAN_POINT('',(10.3,38.8,0.));
#4400 = VECTOR('',#4401,1.);
#4401 = DIRECTION('',(-0.,-0.,-1.));
#4402 = ORIENTED_EDGE('',*,*,#1077,.F.);
#4403 = PLANE('',#4404);
#4404 = AXIS2_PLACEMENT_3D('',#4405,#4406,#4407);
#4405 = CARTESIAN_POINT('',(9.9,38.8,0.));
#4406 = DIRECTION('',(0.,-1.,0.));
#4407 = DIRECTION('',(1.,0.,0.));
#4408 = ADVANCED_FACE('',(#4409),#4428,.F.);
#4409 = FACE_BOUND('',#4410,.F.);
#4410 = EDGE_LOOP('',(#4411,#4412,#4421,#4427));
#4411 = ORIENTED_EDGE('',*,*,#4397,.T.);
#4412 = ORIENTED_EDGE('',*,*,#4413,.T.);
#4413 = EDGE_CURVE('',#4390,#4414,#4416,.T.);
#4414 = VERTEX_POINT('',#4415);
#4415 = CARTESIAN_POINT('',(10.8,39.3,-1.1));
#4416 = CIRCLE('',#4417,0.5);
#4417 = AXIS2_PLACEMENT_3D('',#4418,#4419,#4420);
#4418 = CARTESIAN_POINT('',(10.3,39.3,-1.1));
#4419 = DIRECTION('',(0.,0.,1.));
#4420 = DIRECTION('',(1.,0.,0.));
#4421 = ORIENTED_EDGE('',*,*,#4422,.F.);
#4422 = EDGE_CURVE('',#1061,#4414,#4423,.T.);
#4423 = LINE('',#4424,#4425);
#4424 = CARTESIAN_POINT('',(10.8,39.3,0.));
#4425 = VECTOR('',#4426,1.);
#4426 = DIRECTION('',(-0.,-0.,-1.));
#4427 = ORIENTED_EDGE('',*,*,#1068,.F.);
#4428 = CYLINDRICAL_SURFACE('',#4429,0.5);
#4429 = AXIS2_PLACEMENT_3D('',#4430,#4431,#4432);
#4430 = CARTESIAN_POINT('',(10.3,39.3,0.));
#4431 = DIRECTION('',(0.,0.,1.));
#4432 = DIRECTION('',(1.,0.,0.));
#4433 = ADVANCED_FACE('',(#4434),#4452,.F.);
#4434 = FACE_BOUND('',#4435,.F.);
#4435 = EDGE_LOOP('',(#4436,#4437,#4445,#4451));
#4436 = ORIENTED_EDGE('',*,*,#4422,.T.);
#4437 = ORIENTED_EDGE('',*,*,#4438,.T.);
#4438 = EDGE_CURVE('',#4414,#4439,#4441,.T.);
#4439 = VERTEX_POINT('',#4440);
#4440 = CARTESIAN_POINT('',(10.8,44.3,-1.1));
#4441 = LINE('',#4442,#4443);
#4442 = CARTESIAN_POINT('',(10.8,39.3,-1.1));
#4443 = VECTOR('',#4444,1.);
#4444 = DIRECTION('',(0.,1.,0.));
#4445 = ORIENTED_EDGE('',*,*,#4446,.F.);
#4446 = EDGE_CURVE('',#1052,#4439,#4447,.T.);
#4447 = LINE('',#4448,#4449);
#4448 = CARTESIAN_POINT('',(10.8,44.3,0.));
#4449 = VECTOR('',#4450,1.);
#4450 = DIRECTION('',(-0.,-0.,-1.));
#4451 = ORIENTED_EDGE('',*,*,#1060,.F.);
#4452 = PLANE('',#4453);
#4453 = AXIS2_PLACEMENT_3D('',#4454,#4455,#4456);
#4454 = CARTESIAN_POINT('',(10.8,39.3,0.));
#4455 = DIRECTION('',(1.,0.,0.));
#4456 = DIRECTION('',(0.,1.,0.));
#4457 = ADVANCED_FACE('',(#4458),#4477,.F.);
#4458 = FACE_BOUND('',#4459,.F.);
#4459 = EDGE_LOOP('',(#4460,#4461,#4470,#4476));
#4460 = ORIENTED_EDGE('',*,*,#4446,.T.);
#4461 = ORIENTED_EDGE('',*,*,#4462,.T.);
#4462 = EDGE_CURVE('',#4439,#4463,#4465,.T.);
#4463 = VERTEX_POINT('',#4464);
#4464 = CARTESIAN_POINT('',(10.3,44.8,-1.1));
#4465 = CIRCLE('',#4466,0.5);
#4466 = AXIS2_PLACEMENT_3D('',#4467,#4468,#4469);
#4467 = CARTESIAN_POINT('',(10.3,44.3,-1.1));
#4468 = DIRECTION('',(0.,0.,1.));
#4469 = DIRECTION('',(1.,0.,0.));
#4470 = ORIENTED_EDGE('',*,*,#4471,.F.);
#4471 = EDGE_CURVE('',#1044,#4463,#4472,.T.);
#4472 = LINE('',#4473,#4474);
#4473 = CARTESIAN_POINT('',(10.3,44.8,0.));
#4474 = VECTOR('',#4475,1.);
#4475 = DIRECTION('',(-0.,-0.,-1.));
#4476 = ORIENTED_EDGE('',*,*,#1051,.F.);
#4477 = CYLINDRICAL_SURFACE('',#4478,0.5);
#4478 = AXIS2_PLACEMENT_3D('',#4479,#4480,#4481);
#4479 = CARTESIAN_POINT('',(10.3,44.3,0.));
#4480 = DIRECTION('',(0.,0.,1.));
#4481 = DIRECTION('',(1.,0.,0.));
#4482 = ADVANCED_FACE('',(#4483),#4501,.F.);
#4483 = FACE_BOUND('',#4484,.F.);
#4484 = EDGE_LOOP('',(#4485,#4486,#4494,#4500));
#4485 = ORIENTED_EDGE('',*,*,#4471,.T.);
#4486 = ORIENTED_EDGE('',*,*,#4487,.T.);
#4487 = EDGE_CURVE('',#4463,#4488,#4490,.T.);
#4488 = VERTEX_POINT('',#4489);
#4489 = CARTESIAN_POINT('',(9.9,44.8,-1.1));
#4490 = LINE('',#4491,#4492);
#4491 = CARTESIAN_POINT('',(10.3,44.8,-1.1));
#4492 = VECTOR('',#4493,1.);
#4493 = DIRECTION('',(-1.,0.,0.));
#4494 = ORIENTED_EDGE('',*,*,#4495,.F.);
#4495 = EDGE_CURVE('',#1035,#4488,#4496,.T.);
#4496 = LINE('',#4497,#4498);
#4497 = CARTESIAN_POINT('',(9.9,44.8,0.));
#4498 = VECTOR('',#4499,1.);
#4499 = DIRECTION('',(-0.,-0.,-1.));
#4500 = ORIENTED_EDGE('',*,*,#1043,.F.);
#4501 = PLANE('',#4502);
#4502 = AXIS2_PLACEMENT_3D('',#4503,#4504,#4505);
#4503 = CARTESIAN_POINT('',(10.3,44.8,0.));
#4504 = DIRECTION('',(0.,1.,0.));
#4505 = DIRECTION('',(-1.,0.,0.));
#4506 = ADVANCED_FACE('',(#4507),#4519,.F.);
#4507 = FACE_BOUND('',#4508,.F.);
#4508 = EDGE_LOOP('',(#4509,#4510,#4517,#4518));
#4509 = ORIENTED_EDGE('',*,*,#4495,.T.);
#4510 = ORIENTED_EDGE('',*,*,#4511,.T.);
#4511 = EDGE_CURVE('',#4488,#4333,#4512,.T.);
#4512 = CIRCLE('',#4513,0.5);
#4513 = AXIS2_PLACEMENT_3D('',#4514,#4515,#4516);
#4514 = CARTESIAN_POINT('',(9.9,44.3,-1.1));
#4515 = DIRECTION('',(0.,0.,1.));
#4516 = DIRECTION('',(1.,0.,0.));
#4517 = ORIENTED_EDGE('',*,*,#4332,.F.);
#4518 = ORIENTED_EDGE('',*,*,#1034,.F.);
#4519 = CYLINDRICAL_SURFACE('',#4520,0.5);
#4520 = AXIS2_PLACEMENT_3D('',#4521,#4522,#4523);
#4521 = CARTESIAN_POINT('',(9.9,44.3,0.));
#4522 = DIRECTION('',(0.,0.,1.));
#4523 = DIRECTION('',(1.,0.,0.));
#4524 = ADVANCED_FACE('',(#4525),#4550,.F.);
#4525 = FACE_BOUND('',#4526,.F.);
#4526 = EDGE_LOOP('',(#4527,#4535,#4543,#4549));
#4527 = ORIENTED_EDGE('',*,*,#4528,.T.);
#4528 = EDGE_CURVE('',#1095,#4529,#4531,.T.);
#4529 = VERTEX_POINT('',#4530);
#4530 = CARTESIAN_POINT('',(12.8,42.4,-1.1));
#4531 = LINE('',#4532,#4533);
#4532 = CARTESIAN_POINT('',(12.8,42.4,0.));
#4533 = VECTOR('',#4534,1.);
#4534 = DIRECTION('',(-0.,-0.,-1.));
#4535 = ORIENTED_EDGE('',*,*,#4536,.T.);
#4536 = EDGE_CURVE('',#4529,#4537,#4539,.T.);
#4537 = VERTEX_POINT('',#4538);
#4538 = CARTESIAN_POINT('',(12.8,39.2,-1.1));
#4539 = LINE('',#4540,#4541);
#4540 = CARTESIAN_POINT('',(12.8,42.4,-1.1));
#4541 = VECTOR('',#4542,1.);
#4542 = DIRECTION('',(0.,-1.,0.));
#4543 = ORIENTED_EDGE('',*,*,#4544,.F.);
#4544 = EDGE_CURVE('',#1097,#4537,#4545,.T.);
#4545 = LINE('',#4546,#4547);
#4546 = CARTESIAN_POINT('',(12.8,39.2,0.));
#4547 = VECTOR('',#4548,1.);
#4548 = DIRECTION('',(-0.,-0.,-1.));
#4549 = ORIENTED_EDGE('',*,*,#1094,.F.);
#4550 = PLANE('',#4551);
#4551 = AXIS2_PLACEMENT_3D('',#4552,#4553,#4554);
#4552 = CARTESIAN_POINT('',(12.8,42.4,0.));
#4553 = DIRECTION('',(-1.,0.,0.));
#4554 = DIRECTION('',(0.,-1.,0.));
#4555 = ADVANCED_FACE('',(#4556),#4575,.F.);
#4556 = FACE_BOUND('',#4557,.F.);
#4557 = EDGE_LOOP('',(#4558,#4559,#4568,#4574));
#4558 = ORIENTED_EDGE('',*,*,#4544,.T.);
#4559 = ORIENTED_EDGE('',*,*,#4560,.T.);
#4560 = EDGE_CURVE('',#4537,#4561,#4563,.T.);
#4561 = VERTEX_POINT('',#4562);
#4562 = CARTESIAN_POINT('',(13.2,38.8,-1.1));
#4563 = CIRCLE('',#4564,0.4);
#4564 = AXIS2_PLACEMENT_3D('',#4565,#4566,#4567);
#4565 = CARTESIAN_POINT('',(13.2,39.2,-1.1));
#4566 = DIRECTION('',(0.,0.,1.));
#4567 = DIRECTION('',(1.,0.,0.));
#4568 = ORIENTED_EDGE('',*,*,#4569,.F.);
#4569 = EDGE_CURVE('',#1148,#4561,#4570,.T.);
#4570 = LINE('',#4571,#4572);
#4571 = CARTESIAN_POINT('',(13.2,38.8,0.));
#4572 = VECTOR('',#4573,1.);
#4573 = DIRECTION('',(-0.,-0.,-1.));
#4574 = ORIENTED_EDGE('',*,*,#1155,.F.);
#4575 = CYLINDRICAL_SURFACE('',#4576,0.4);
#4576 = AXIS2_PLACEMENT_3D('',#4577,#4578,#4579);
#4577 = CARTESIAN_POINT('',(13.2,39.2,0.));
#4578 = DIRECTION('',(0.,0.,1.));
#4579 = DIRECTION('',(1.,0.,0.));
#4580 = ADVANCED_FACE('',(#4581),#4599,.F.);
#4581 = FACE_BOUND('',#4582,.F.);
#4582 = EDGE_LOOP('',(#4583,#4584,#4592,#4598));
#4583 = ORIENTED_EDGE('',*,*,#4569,.T.);
#4584 = ORIENTED_EDGE('',*,*,#4585,.T.);
#4585 = EDGE_CURVE('',#4561,#4586,#4588,.T.);
#4586 = VERTEX_POINT('',#4587);
#4587 = CARTESIAN_POINT('',(13.6,38.8,-1.1));
#4588 = LINE('',#4589,#4590);
#4589 = CARTESIAN_POINT('',(13.2,38.8,-1.1));
#4590 = VECTOR('',#4591,1.);
#4591 = DIRECTION('',(1.,0.,0.));
#4592 = ORIENTED_EDGE('',*,*,#4593,.F.);
#4593 = EDGE_CURVE('',#1139,#4586,#4594,.T.);
#4594 = LINE('',#4595,#4596);
#4595 = CARTESIAN_POINT('',(13.6,38.8,0.));
#4596 = VECTOR('',#4597,1.);
#4597 = DIRECTION('',(-0.,-0.,-1.));
#4598 = ORIENTED_EDGE('',*,*,#1147,.F.);
#4599 = PLANE('',#4600);
#4600 = AXIS2_PLACEMENT_3D('',#4601,#4602,#4603);
#4601 = CARTESIAN_POINT('',(13.2,38.8,0.));
#4602 = DIRECTION('',(0.,-1.,0.));
#4603 = DIRECTION('',(1.,0.,0.));
#4604 = ADVANCED_FACE('',(#4605),#4624,.F.);
#4605 = FACE_BOUND('',#4606,.F.);
#4606 = EDGE_LOOP('',(#4607,#4608,#4617,#4623));
#4607 = ORIENTED_EDGE('',*,*,#4593,.T.);
#4608 = ORIENTED_EDGE('',*,*,#4609,.T.);
#4609 = EDGE_CURVE('',#4586,#4610,#4612,.T.);
#4610 = VERTEX_POINT('',#4611);
#4611 = CARTESIAN_POINT('',(14.,39.2,-1.1));
#4612 = CIRCLE('',#4613,0.4);
#4613 = AXIS2_PLACEMENT_3D('',#4614,#4615,#4616);
#4614 = CARTESIAN_POINT('',(13.6,39.2,-1.1));
#4615 = DIRECTION('',(0.,0.,1.));
#4616 = DIRECTION('',(1.,0.,0.));
#4617 = ORIENTED_EDGE('',*,*,#4618,.F.);
#4618 = EDGE_CURVE('',#1131,#4610,#4619,.T.);
#4619 = LINE('',#4620,#4621);
#4620 = CARTESIAN_POINT('',(14.,39.2,0.));
#4621 = VECTOR('',#4622,1.);
#4622 = DIRECTION('',(-0.,-0.,-1.));
#4623 = ORIENTED_EDGE('',*,*,#1138,.F.);
#4624 = CYLINDRICAL_SURFACE('',#4625,0.4);
#4625 = AXIS2_PLACEMENT_3D('',#4626,#4627,#4628);
#4626 = CARTESIAN_POINT('',(13.6,39.2,0.));
#4627 = DIRECTION('',(0.,0.,1.));
#4628 = DIRECTION('',(1.,0.,0.));
#4629 = ADVANCED_FACE('',(#4630),#4648,.F.);
#4630 = FACE_BOUND('',#4631,.F.);
#4631 = EDGE_LOOP('',(#4632,#4633,#4641,#4647));
#4632 = ORIENTED_EDGE('',*,*,#4618,.T.);
#4633 = ORIENTED_EDGE('',*,*,#4634,.T.);
#4634 = EDGE_CURVE('',#4610,#4635,#4637,.T.);
#4635 = VERTEX_POINT('',#4636);
#4636 = CARTESIAN_POINT('',(14.,42.4,-1.1));
#4637 = LINE('',#4638,#4639);
#4638 = CARTESIAN_POINT('',(14.,39.2,-1.1));
#4639 = VECTOR('',#4640,1.);
#4640 = DIRECTION('',(0.,1.,0.));
#4641 = ORIENTED_EDGE('',*,*,#4642,.F.);
#4642 = EDGE_CURVE('',#1122,#4635,#4643,.T.);
#4643 = LINE('',#4644,#4645);
#4644 = CARTESIAN_POINT('',(14.,42.4,0.));
#4645 = VECTOR('',#4646,1.);
#4646 = DIRECTION('',(-0.,-0.,-1.));
#4647 = ORIENTED_EDGE('',*,*,#1130,.F.);
#4648 = PLANE('',#4649);
#4649 = AXIS2_PLACEMENT_3D('',#4650,#4651,#4652);
#4650 = CARTESIAN_POINT('',(14.,39.2,0.));
#4651 = DIRECTION('',(1.,0.,0.));
#4652 = DIRECTION('',(0.,1.,0.));
#4653 = ADVANCED_FACE('',(#4654),#4673,.F.);
#4654 = FACE_BOUND('',#4655,.F.);
#4655 = EDGE_LOOP('',(#4656,#4657,#4666,#4672));
#4656 = ORIENTED_EDGE('',*,*,#4642,.T.);
#4657 = ORIENTED_EDGE('',*,*,#4658,.T.);
#4658 = EDGE_CURVE('',#4635,#4659,#4661,.T.);
#4659 = VERTEX_POINT('',#4660);
#4660 = CARTESIAN_POINT('',(13.6,42.8,-1.1));
#4661 = CIRCLE('',#4662,0.4);
#4662 = AXIS2_PLACEMENT_3D('',#4663,#4664,#4665);
#4663 = CARTESIAN_POINT('',(13.6,42.4,-1.1));
#4664 = DIRECTION('',(0.,0.,1.));
#4665 = DIRECTION('',(1.,0.,0.));
#4666 = ORIENTED_EDGE('',*,*,#4667,.F.);
#4667 = EDGE_CURVE('',#1114,#4659,#4668,.T.);
#4668 = LINE('',#4669,#4670);
#4669 = CARTESIAN_POINT('',(13.6,42.8,0.));
#4670 = VECTOR('',#4671,1.);
#4671 = DIRECTION('',(-0.,-0.,-1.));
#4672 = ORIENTED_EDGE('',*,*,#1121,.F.);
#4673 = CYLINDRICAL_SURFACE('',#4674,0.4);
#4674 = AXIS2_PLACEMENT_3D('',#4675,#4676,#4677);
#4675 = CARTESIAN_POINT('',(13.6,42.4,0.));
#4676 = DIRECTION('',(0.,0.,1.));
#4677 = DIRECTION('',(1.,0.,0.));
#4678 = ADVANCED_FACE('',(#4679),#4697,.F.);
#4679 = FACE_BOUND('',#4680,.F.);
#4680 = EDGE_LOOP('',(#4681,#4682,#4690,#4696));
#4681 = ORIENTED_EDGE('',*,*,#4667,.T.);
#4682 = ORIENTED_EDGE('',*,*,#4683,.T.);
#4683 = EDGE_CURVE('',#4659,#4684,#4686,.T.);
#4684 = VERTEX_POINT('',#4685);
#4685 = CARTESIAN_POINT('',(13.2,42.8,-1.1));
#4686 = LINE('',#4687,#4688);
#4687 = CARTESIAN_POINT('',(13.6,42.8,-1.1));
#4688 = VECTOR('',#4689,1.);
#4689 = DIRECTION('',(-1.,0.,0.));
#4690 = ORIENTED_EDGE('',*,*,#4691,.F.);
#4691 = EDGE_CURVE('',#1105,#4684,#4692,.T.);
#4692 = LINE('',#4693,#4694);
#4693 = CARTESIAN_POINT('',(13.2,42.8,0.));
#4694 = VECTOR('',#4695,1.);
#4695 = DIRECTION('',(-0.,-0.,-1.));
#4696 = ORIENTED_EDGE('',*,*,#1113,.F.);
#4697 = PLANE('',#4698);
#4698 = AXIS2_PLACEMENT_3D('',#4699,#4700,#4701);
#4699 = CARTESIAN_POINT('',(13.6,42.8,0.));
#4700 = DIRECTION('',(0.,1.,0.));
#4701 = DIRECTION('',(-1.,0.,0.));
#4702 = ADVANCED_FACE('',(#4703),#4715,.F.);
#4703 = FACE_BOUND('',#4704,.F.);
#4704 = EDGE_LOOP('',(#4705,#4706,#4713,#4714));
#4705 = ORIENTED_EDGE('',*,*,#4691,.T.);
#4706 = ORIENTED_EDGE('',*,*,#4707,.T.);
#4707 = EDGE_CURVE('',#4684,#4529,#4708,.T.);
#4708 = CIRCLE('',#4709,0.4);
#4709 = AXIS2_PLACEMENT_3D('',#4710,#4711,#4712);
#4710 = CARTESIAN_POINT('',(13.2,42.4,-1.1));
#4711 = DIRECTION('',(0.,0.,1.));
#4712 = DIRECTION('',(1.,0.,0.));
#4713 = ORIENTED_EDGE('',*,*,#4528,.F.);
#4714 = ORIENTED_EDGE('',*,*,#1104,.F.);
#4715 = CYLINDRICAL_SURFACE('',#4716,0.4);
#4716 = AXIS2_PLACEMENT_3D('',#4717,#4718,#4719);
#4717 = CARTESIAN_POINT('',(13.2,42.4,0.));
#4718 = DIRECTION('',(0.,0.,1.));
#4719 = DIRECTION('',(1.,0.,0.));
#4720 = ADVANCED_FACE('',(#4721),#4739,.F.);
#4721 = FACE_BOUND('',#4722,.F.);
#4722 = EDGE_LOOP('',(#4723,#4732,#4737,#4738));
#4723 = ORIENTED_EDGE('',*,*,#4724,.T.);
#4724 = EDGE_CURVE('',#4725,#4725,#4727,.T.);
#4725 = VERTEX_POINT('',#4726);
#4726 = CARTESIAN_POINT('',(27.2,40.6,-5.3));
#4727 = CIRCLE('',#4728,0.9);
#4728 = AXIS2_PLACEMENT_3D('',#4729,#4730,#4731);
#4729 = CARTESIAN_POINT('',(26.3,40.6,-5.3));
#4730 = DIRECTION('',(0.,0.,1.));
#4731 = DIRECTION('',(1.,0.,0.));
#4732 = ORIENTED_EDGE('',*,*,#4733,.T.);
#4733 = EDGE_CURVE('',#4725,#1165,#4734,.T.);
#4734 = B_SPLINE_CURVE_WITH_KNOTS('',1,(#4735,#4736),.UNSPECIFIED.,.F.,
  .F.,(2,2),(-5.3,0.),.PIECEWISE_BEZIER_KNOTS.);
#4735 = CARTESIAN_POINT('',(27.2,40.6,-5.3));
#4736 = CARTESIAN_POINT('',(27.2,40.6,0.));
#4737 = ORIENTED_EDGE('',*,*,#1164,.F.);
#4738 = ORIENTED_EDGE('',*,*,#4733,.F.);
#4739 = CYLINDRICAL_SURFACE('',#4740,0.9);
#4740 = AXIS2_PLACEMENT_3D('',#4741,#4742,#4743);
#4741 = CARTESIAN_POINT('',(26.3,40.6,0.));
#4742 = DIRECTION('',(0.,0.,1.));
#4743 = DIRECTION('',(1.,0.,0.));
#4744 = ADVANCED_FACE('',(#4745),#4763,.F.);
#4745 = FACE_BOUND('',#4746,.F.);
#4746 = EDGE_LOOP('',(#4747,#4756,#4761,#4762));
#4747 = ORIENTED_EDGE('',*,*,#4748,.T.);
#4748 = EDGE_CURVE('',#4749,#4749,#4751,.T.);
#4749 = VERTEX_POINT('',#4750);
#4750 = CARTESIAN_POINT('',(29.4,40.6,-5.3));
#4751 = CIRCLE('',#4752,0.9);
#4752 = AXIS2_PLACEMENT_3D('',#4753,#4754,#4755);
#4753 = CARTESIAN_POINT('',(28.5,40.6,-5.3));
#4754 = DIRECTION('',(0.,0.,1.));
#4755 = DIRECTION('',(1.,0.,0.));
#4756 = ORIENTED_EDGE('',*,*,#4757,.T.);
#4757 = EDGE_CURVE('',#4749,#1176,#4758,.T.);
#4758 = B_SPLINE_CURVE_WITH_KNOTS('',1,(#4759,#4760),.UNSPECIFIED.,.F.,
  .F.,(2,2),(-5.3,0.),.PIECEWISE_BEZIER_KNOTS.);
#4759 = CARTESIAN_POINT('',(29.4,40.6,-5.3));
#4760 = CARTESIAN_POINT('',(29.4,40.6,0.));
#4761 = ORIENTED_EDGE('',*,*,#1175,.F.);
#4762 = ORIENTED_EDGE('',*,*,#4757,.F.);
#4763 = CYLINDRICAL_SURFACE('',#4764,0.9);
#4764 = AXIS2_PLACEMENT_3D('',#4765,#4766,#4767);
#4765 = CARTESIAN_POINT('',(28.5,40.6,0.));
#4766 = DIRECTION('',(0.,0.,1.));
#4767 = DIRECTION('',(1.,0.,0.));
#4768 = ADVANCED_FACE('',(#4769),#4787,.F.);
#4769 = FACE_BOUND('',#4770,.F.);
#4770 = EDGE_LOOP('',(#4771,#4772,#4773,#4780,#4786));
#4771 = ORIENTED_EDGE('',*,*,#1292,.F.);
#4772 = ORIENTED_EDGE('',*,*,#1217,.T.);
#4773 = ORIENTED_EDGE('',*,*,#4774,.T.);
#4774 = EDGE_CURVE('',#1220,#4775,#4777,.T.);
#4775 = VERTEX_POINT('',#4776);
#4776 = CARTESIAN_POINT('',(27.149999999997,-47.32120327387,-10.8));
#4777 = B_SPLINE_CURVE_WITH_KNOTS('',1,(#4778,#4779),.UNSPECIFIED.,.F.,
  .F.,(2,2),(0.,1.),.PIECEWISE_BEZIER_KNOTS.);
#4778 = CARTESIAN_POINT('',(27.149999999997,-46.95,-12.2));
#4779 = CARTESIAN_POINT('',(27.149999999997,-47.32120327387,-10.8));
#4780 = ORIENTED_EDGE('',*,*,#4781,.F.);
#4781 = EDGE_CURVE('',#1317,#4775,#4782,.T.);
#4782 = LINE('',#4783,#4784);
#4783 = CARTESIAN_POINT('',(-27.15,-47.32120327387,-10.8));
#4784 = VECTOR('',#4785,1.);
#4785 = DIRECTION('',(1.,0.,0.));
#4786 = ORIENTED_EDGE('',*,*,#1316,.F.);
#4787 = PLANE('',#4788);
#4788 = AXIS2_PLACEMENT_3D('',#4789,#4790,#4791);
#4789 = CARTESIAN_POINT('',(-27.15,-47.32120327387,-10.8));
#4790 = DIRECTION('',(0.,-0.966600102017,-0.256289373133));
#4791 = DIRECTION('',(1.,0.,0.));
#4792 = ADVANCED_FACE('',(#4793),#4811,.F.);
#4793 = FACE_BOUND('',#4794,.F.);
#4794 = EDGE_LOOP('',(#4795,#4796,#4803,#4810));
#4795 = ORIENTED_EDGE('',*,*,#1275,.T.);
#4796 = ORIENTED_EDGE('',*,*,#4797,.T.);
#4797 = EDGE_CURVE('',#1268,#4798,#4800,.T.);
#4798 = VERTEX_POINT('',#4799);
#4799 = CARTESIAN_POINT('',(37.721203273861,-36.75,-10.8));
#4800 = B_SPLINE_CURVE_WITH_KNOTS('',1,(#4801,#4802),.UNSPECIFIED.,.F.,
  .F.,(2,2),(0.,1.),.PIECEWISE_BEZIER_KNOTS.);
#4801 = CARTESIAN_POINT('',(37.349999999997,-36.75,-12.2));
#4802 = CARTESIAN_POINT('',(37.721203273861,-36.75,-10.8));
#4803 = ORIENTED_EDGE('',*,*,#4804,.F.);
#4804 = EDGE_CURVE('',#4775,#4798,#4805,.T.);
#4805 = CIRCLE('',#4806,10.571203273864);
#4806 = AXIS2_PLACEMENT_3D('',#4807,#4808,#4809);
#4807 = CARTESIAN_POINT('',(27.149999999997,-36.75,-10.8));
#4808 = DIRECTION('',(0.,0.,1.));
#4809 = DIRECTION('',(1.,0.,0.));
#4810 = ORIENTED_EDGE('',*,*,#4774,.F.);
#4811 = CONICAL_SURFACE('',#4812,10.2,0.259181393921);
#4812 = AXIS2_PLACEMENT_3D('',#4813,#4814,#4815);
#4813 = CARTESIAN_POINT('',(27.149999999997,-36.75,-12.2));
#4814 = DIRECTION('',(0.,0.,1.));
#4815 = DIRECTION('',(1.,0.,0.));
#4816 = ADVANCED_FACE('',(#4817),#4851,.F.);
#4817 = FACE_BOUND('',#4818,.F.);
#4818 = EDGE_LOOP('',(#4819,#4820,#4821,#4829,#4837,#4845));
#4819 = ORIENTED_EDGE('',*,*,#4797,.F.);
#4820 = ORIENTED_EDGE('',*,*,#1267,.T.);
#4821 = ORIENTED_EDGE('',*,*,#4822,.F.);
#4822 = EDGE_CURVE('',#4823,#1260,#4825,.T.);
#4823 = VERTEX_POINT('',#4824);
#4824 = CARTESIAN_POINT('',(37.521203273864,4.13,-11.5543036921));
#4825 = LINE('',#4826,#4827);
#4826 = CARTESIAN_POINT('',(38.916122120531,4.13,-6.293341510909));
#4827 = VECTOR('',#4828,1.);
#4828 = DIRECTION('',(-0.256289373133,-0.,-0.966600102017));
#4829 = ORIENTED_EDGE('',*,*,#4830,.F.);
#4830 = EDGE_CURVE('',#4831,#4823,#4833,.T.);
#4831 = VERTEX_POINT('',#4832);
#4832 = CARTESIAN_POINT('',(37.521203273864,5.13,-11.5543036921));
#4833 = LINE('',#4834,#4835);
#4834 = CARTESIAN_POINT('',(37.521203273864,-12.41,-11.5543036921));
#4835 = VECTOR('',#4836,1.);
#4836 = DIRECTION('',(0.,-1.,0.));
#4837 = ORIENTED_EDGE('',*,*,#4838,.F.);
#4838 = EDGE_CURVE('',#4839,#4831,#4841,.T.);
#4839 = VERTEX_POINT('',#4840);
#4840 = CARTESIAN_POINT('',(37.721203273861,5.13,-10.8));
#4841 = LINE('',#4842,#4843);
#4842 = CARTESIAN_POINT('',(38.757544562557,5.13,-6.89141969824));
#4843 = VECTOR('',#4844,1.);
#4844 = DIRECTION('',(-0.256289373133,-0.,-0.966600102017));
#4845 = ORIENTED_EDGE('',*,*,#4846,.F.);
#4846 = EDGE_CURVE('',#4798,#4839,#4847,.T.);
#4847 = LINE('',#4848,#4849);
#4848 = CARTESIAN_POINT('',(37.721203273861,-36.75,-10.8));
#4849 = VECTOR('',#4850,1.);
#4850 = DIRECTION('',(0.,1.,0.));
#4851 = PLANE('',#4852);
#4852 = AXIS2_PLACEMENT_3D('',#4853,#4854,#4855);
#4853 = CARTESIAN_POINT('',(37.721203273861,-36.75,-10.8));
#4854 = DIRECTION('',(0.966600102017,0.,-0.256289373133));
#4855 = DIRECTION('',(0.,1.,0.));
#4856 = ADVANCED_FACE('',(#4857),#4867,.F.);
#4857 = FACE_BOUND('',#4858,.F.);
#4858 = EDGE_LOOP('',(#4859,#4865,#4866));
#4859 = ORIENTED_EDGE('',*,*,#4860,.F.);
#4860 = EDGE_CURVE('',#4823,#1252,#4861,.T.);
#4861 = LINE('',#4862,#4863);
#4862 = CARTESIAN_POINT('',(37.521203273864,4.13,-1.1));
#4863 = VECTOR('',#4864,1.);
#4864 = DIRECTION('',(0.,0.,-1.));
#4865 = ORIENTED_EDGE('',*,*,#4822,.T.);
#4866 = ORIENTED_EDGE('',*,*,#1259,.T.);
#4867 = PLANE('',#4868);
#4868 = AXIS2_PLACEMENT_3D('',#4869,#4870,#4871);
#4869 = CARTESIAN_POINT('',(37.521203273864,4.13,-1.1));
#4870 = DIRECTION('',(0.,-1.,0.));
#4871 = DIRECTION('',(0.,0.,-1.));
#4872 = ADVANCED_FACE('',(#4873),#4884,.F.);
#4873 = FACE_BOUND('',#4874,.F.);
#4874 = EDGE_LOOP('',(#4875,#4876,#4877,#4878));
#4875 = ORIENTED_EDGE('',*,*,#4830,.T.);
#4876 = ORIENTED_EDGE('',*,*,#4860,.T.);
#4877 = ORIENTED_EDGE('',*,*,#1251,.T.);
#4878 = ORIENTED_EDGE('',*,*,#4879,.T.);
#4879 = EDGE_CURVE('',#1244,#4831,#4880,.T.);
#4880 = LINE('',#4881,#4882);
#4881 = CARTESIAN_POINT('',(37.521203273864,5.13,-5.675));
#4882 = VECTOR('',#4883,1.);
#4883 = DIRECTION('',(0.,0.,1.));
#4884 = PLANE('',#4885);
#4885 = AXIS2_PLACEMENT_3D('',#4886,#4887,#4888);
#4886 = CARTESIAN_POINT('',(37.521203273864,11.93,-8.75));
#4887 = DIRECTION('',(1.,0.,0.));
#4888 = DIRECTION('',(0.,0.,1.));
#4889 = ADVANCED_FACE('',(#4890),#4918,.F.);
#4890 = FACE_BOUND('',#4891,.F.);
#4891 = EDGE_LOOP('',(#4892,#4893,#4901,#4909,#4915,#4916,#4917));
#4892 = ORIENTED_EDGE('',*,*,#1669,.F.);
#4893 = ORIENTED_EDGE('',*,*,#4894,.T.);
#4894 = EDGE_CURVE('',#1670,#4895,#4897,.T.);
#4895 = VERTEX_POINT('',#4896);
#4896 = CARTESIAN_POINT('',(37.521203273864,5.13,-2.6));
#4897 = LINE('',#4898,#4899);
#4898 = CARTESIAN_POINT('',(38.35,5.13,-2.6));
#4899 = VECTOR('',#4900,1.);
#4900 = DIRECTION('',(-1.,-0.,-0.));
#4901 = ORIENTED_EDGE('',*,*,#4902,.F.);
#4902 = EDGE_CURVE('',#4903,#4895,#4905,.T.);
#4903 = VERTEX_POINT('',#4904);
#4904 = CARTESIAN_POINT('',(37.521203273864,5.13,-10.8));
#4905 = LINE('',#4906,#4907);
#4906 = CARTESIAN_POINT('',(37.521203273864,5.13,-5.675));
#4907 = VECTOR('',#4908,1.);
#4908 = DIRECTION('',(0.,0.,1.));
#4909 = ORIENTED_EDGE('',*,*,#4910,.T.);
#4910 = EDGE_CURVE('',#4903,#4839,#4911,.T.);
#4911 = LINE('',#4912,#4913);
#4912 = CARTESIAN_POINT('',(32.749999999998,5.13,-10.8));
#4913 = VECTOR('',#4914,1.);
#4914 = DIRECTION('',(1.,0.,0.));
#4915 = ORIENTED_EDGE('',*,*,#4838,.T.);
#4916 = ORIENTED_EDGE('',*,*,#4879,.F.);
#4917 = ORIENTED_EDGE('',*,*,#1243,.T.);
#4918 = PLANE('',#4919);
#4919 = AXIS2_PLACEMENT_3D('',#4920,#4921,#4922);
#4920 = CARTESIAN_POINT('',(38.35,5.13,-2.6));
#4921 = DIRECTION('',(0.,-1.,0.));
#4922 = DIRECTION('',(0.,0.,-1.));
#4923 = ADVANCED_FACE('',(#4924),#4975,.T.);
#4924 = FACE_BOUND('',#4925,.T.);
#4925 = EDGE_LOOP('',(#4926,#4934,#4942,#4950,#4958,#4966,#4972,#4973,
    #4974));
#4926 = ORIENTED_EDGE('',*,*,#4927,.F.);
#4927 = EDGE_CURVE('',#4928,#1383,#4930,.T.);
#4928 = VERTEX_POINT('',#4929);
#4929 = CARTESIAN_POINT('',(-27.15,-45.75,-10.8));
#4930 = LINE('',#4931,#4932);
#4931 = CARTESIAN_POINT('',(-1.696420781627E-12,-45.75,-10.8));
#4932 = VECTOR('',#4933,1.);
#4933 = DIRECTION('',(1.,0.,0.));
#4934 = ORIENTED_EDGE('',*,*,#4935,.T.);
#4935 = EDGE_CURVE('',#4928,#4936,#4938,.T.);
#4936 = VERTEX_POINT('',#4937);
#4937 = CARTESIAN_POINT('',(-27.15,-45.74999999999,-2.2));
#4938 = LINE('',#4939,#4940);
#4939 = CARTESIAN_POINT('',(-27.15,-45.75,-12.2));
#4940 = VECTOR('',#4941,1.);
#4941 = DIRECTION('',(0.,0.,1.));
#4942 = ORIENTED_EDGE('',*,*,#4943,.T.);
#4943 = EDGE_CURVE('',#4936,#4944,#4946,.T.);
#4944 = VERTEX_POINT('',#4945);
#4945 = CARTESIAN_POINT('',(-27.15000000001,-45.74999999999,-0.6));
#4946 = LINE('',#4947,#4948);
#4947 = CARTESIAN_POINT('',(-27.15000000001,-45.74999999999,-2.2));
#4948 = VECTOR('',#4949,1.);
#4949 = DIRECTION('',(0.,0.,1.));
#4950 = ORIENTED_EDGE('',*,*,#4951,.F.);
#4951 = EDGE_CURVE('',#4952,#4944,#4954,.T.);
#4952 = VERTEX_POINT('',#4953);
#4953 = CARTESIAN_POINT('',(27.15,-45.75,-0.6));
#4954 = LINE('',#4955,#4956);
#4955 = CARTESIAN_POINT('',(27.15,-45.75,-0.6));
#4956 = VECTOR('',#4957,1.);
#4957 = DIRECTION('',(-1.,3.009665363255E-14,0.));
#4958 = ORIENTED_EDGE('',*,*,#4959,.F.);
#4959 = EDGE_CURVE('',#4960,#4952,#4962,.T.);
#4960 = VERTEX_POINT('',#4961);
#4961 = CARTESIAN_POINT('',(27.15,-45.75,-10.8));
#4962 = LINE('',#4963,#4964);
#4963 = CARTESIAN_POINT('',(27.15,-45.75,-2.2));
#4964 = VECTOR('',#4965,1.);
#4965 = DIRECTION('',(0.,0.,1.));
#4966 = ORIENTED_EDGE('',*,*,#4967,.F.);
#4967 = EDGE_CURVE('',#1326,#4960,#4968,.T.);
#4968 = LINE('',#4969,#4970);
#4969 = CARTESIAN_POINT('',(-1.696420781627E-12,-45.75,-10.8));
#4970 = VECTOR('',#4971,1.);
#4971 = DIRECTION('',(1.,0.,0.));
#4972 = ORIENTED_EDGE('',*,*,#1333,.T.);
#4973 = ORIENTED_EDGE('',*,*,#1357,.T.);
#4974 = ORIENTED_EDGE('',*,*,#1382,.T.);
#4975 = PLANE('',#4976);
#4976 = AXIS2_PLACEMENT_3D('',#4977,#4978,#4979);
#4977 = CARTESIAN_POINT('',(-4.531172396397E-04,-45.75,-5.68393473382));
#4978 = DIRECTION('',(1.761010851934E-14,1.,-7.369490330099E-14));
#4979 = DIRECTION('',(0.,7.369490330099E-14,1.));
#4980 = ADVANCED_FACE('',(#4981),#5020,.F.);
#4981 = FACE_BOUND('',#4982,.F.);
#4982 = EDGE_LOOP('',(#4983,#4984,#4985,#4986,#4987,#4988,#4996,#5004,
    #5012,#5019));
#4983 = ORIENTED_EDGE('',*,*,#1325,.T.);
#4984 = ORIENTED_EDGE('',*,*,#4781,.T.);
#4985 = ORIENTED_EDGE('',*,*,#4804,.T.);
#4986 = ORIENTED_EDGE('',*,*,#4846,.T.);
#4987 = ORIENTED_EDGE('',*,*,#4910,.F.);
#4988 = ORIENTED_EDGE('',*,*,#4989,.F.);
#4989 = EDGE_CURVE('',#4990,#4903,#4992,.T.);
#4990 = VERTEX_POINT('',#4991);
#4991 = CARTESIAN_POINT('',(37.521203273864,4.13,-10.8));
#4992 = LINE('',#4993,#4994);
#4993 = CARTESIAN_POINT('',(37.521203273864,24.34,-10.8));
#4994 = VECTOR('',#4995,1.);
#4995 = DIRECTION('',(0.,1.,0.));
#4996 = ORIENTED_EDGE('',*,*,#4997,.F.);
#4997 = EDGE_CURVE('',#4998,#4990,#5000,.T.);
#4998 = VERTEX_POINT('',#4999);
#4999 = CARTESIAN_POINT('',(36.15,4.13,-10.8));
#5000 = LINE('',#5001,#5002);
#5001 = CARTESIAN_POINT('',(32.33560163693,4.13,-10.8));
#5002 = VECTOR('',#5003,1.);
#5003 = DIRECTION('',(1.,0.,0.));
#5004 = ORIENTED_EDGE('',*,*,#5005,.F.);
#5005 = EDGE_CURVE('',#5006,#4998,#5008,.T.);
#5006 = VERTEX_POINT('',#5007);
#5007 = CARTESIAN_POINT('',(36.15,-36.75,-10.8));
#5008 = LINE('',#5009,#5010);
#5009 = CARTESIAN_POINT('',(36.15,7.105427357601E-15,-10.8));
#5010 = VECTOR('',#5011,1.);
#5011 = DIRECTION('',(0.,1.,0.));
#5012 = ORIENTED_EDGE('',*,*,#5013,.T.);
#5013 = EDGE_CURVE('',#5006,#4960,#5014,.T.);
#5014 = CIRCLE('',#5015,9.);
#5015 = AXIS2_PLACEMENT_3D('',#5016,#5017,#5018);
#5016 = CARTESIAN_POINT('',(27.15,-36.75,-10.8));
#5017 = DIRECTION('',(0.,0.,-1.));
#5018 = DIRECTION('',(1.,0.,0.));
#5019 = ORIENTED_EDGE('',*,*,#4967,.F.);
#5020 = PLANE('',#5021);
#5021 = AXIS2_PLACEMENT_3D('',#5022,#5023,#5024);
#5022 = CARTESIAN_POINT('',(27.149999999997,36.75,-10.8));
#5023 = DIRECTION('',(0.,0.,1.));
#5024 = DIRECTION('',(1.,0.,0.));
#5025 = ADVANCED_FACE('',(#5026),#5044,.F.);
#5026 = FACE_BOUND('',#5027,.F.);
#5027 = EDGE_LOOP('',(#5028,#5035,#5036,#5037,#5038));
#5028 = ORIENTED_EDGE('',*,*,#5029,.F.);
#5029 = EDGE_CURVE('',#1482,#5030,#5032,.T.);
#5030 = VERTEX_POINT('',#5031);
#5031 = CARTESIAN_POINT('',(-27.15,-47.32120327387,-10.8));
#5032 = B_SPLINE_CURVE_WITH_KNOTS('',1,(#5033,#5034),.UNSPECIFIED.,.F.,
  .F.,(2,2),(0.,1.),.PIECEWISE_BEZIER_KNOTS.);
#5033 = CARTESIAN_POINT('',(-27.15,-46.95,-12.2));
#5034 = CARTESIAN_POINT('',(-27.15,-47.32120327387,-10.8));
#5035 = ORIENTED_EDGE('',*,*,#1481,.T.);
#5036 = ORIENTED_EDGE('',*,*,#1424,.F.);
#5037 = ORIENTED_EDGE('',*,*,#1399,.F.);
#5038 = ORIENTED_EDGE('',*,*,#5039,.F.);
#5039 = EDGE_CURVE('',#5030,#1392,#5040,.T.);
#5040 = LINE('',#5041,#5042);
#5041 = CARTESIAN_POINT('',(-27.15,-47.32120327387,-10.8));
#5042 = VECTOR('',#5043,1.);
#5043 = DIRECTION('',(1.,0.,0.));
#5044 = PLANE('',#5045);
#5045 = AXIS2_PLACEMENT_3D('',#5046,#5047,#5048);
#5046 = CARTESIAN_POINT('',(-27.15,-47.32120327387,-10.8));
#5047 = DIRECTION('',(0.,-0.966600102017,-0.256289373133));
#5048 = DIRECTION('',(1.,0.,0.));
#5049 = ADVANCED_FACE('',(#5050),#5095,.F.);
#5050 = FACE_BOUND('',#5051,.F.);
#5051 = EDGE_LOOP('',(#5052,#5062,#5070,#5077,#5078,#5079,#5080,#5089));
#5052 = ORIENTED_EDGE('',*,*,#5053,.T.);
#5053 = EDGE_CURVE('',#5054,#5056,#5058,.T.);
#5054 = VERTEX_POINT('',#5055);
#5055 = CARTESIAN_POINT('',(-36.15,-20.,-10.8));
#5056 = VERTEX_POINT('',#5057);
#5057 = CARTESIAN_POINT('',(-37.72120327386,-20.,-10.8));
#5058 = LINE('',#5059,#5060);
#5059 = CARTESIAN_POINT('',(-5.600000000002,-20.,-10.8));
#5060 = VECTOR('',#5061,1.);
#5061 = DIRECTION('',(-1.,0.,0.));
#5062 = ORIENTED_EDGE('',*,*,#5063,.T.);
#5063 = EDGE_CURVE('',#5056,#5064,#5066,.T.);
#5064 = VERTEX_POINT('',#5065);
#5065 = CARTESIAN_POINT('',(-37.72120327386,-36.75,-10.8));
#5066 = LINE('',#5067,#5068);
#5067 = CARTESIAN_POINT('',(-37.72120327386,36.75,-10.8));
#5068 = VECTOR('',#5069,1.);
#5069 = DIRECTION('',(0.,-1.,0.));
#5070 = ORIENTED_EDGE('',*,*,#5071,.T.);
#5071 = EDGE_CURVE('',#5064,#5030,#5072,.T.);
#5072 = CIRCLE('',#5073,10.571203273864);
#5073 = AXIS2_PLACEMENT_3D('',#5074,#5075,#5076);
#5074 = CARTESIAN_POINT('',(-27.15,-36.75,-10.8));
#5075 = DIRECTION('',(0.,0.,1.));
#5076 = DIRECTION('',(1.,0.,0.));
#5077 = ORIENTED_EDGE('',*,*,#5039,.T.);
#5078 = ORIENTED_EDGE('',*,*,#1391,.F.);
#5079 = ORIENTED_EDGE('',*,*,#4927,.F.);
#5080 = ORIENTED_EDGE('',*,*,#5081,.T.);
#5081 = EDGE_CURVE('',#4928,#5082,#5084,.T.);
#5082 = VERTEX_POINT('',#5083);
#5083 = CARTESIAN_POINT('',(-36.15,-36.75,-10.8));
#5084 = CIRCLE('',#5085,9.);
#5085 = AXIS2_PLACEMENT_3D('',#5086,#5087,#5088);
#5086 = CARTESIAN_POINT('',(-27.15,-36.75,-10.8));
#5087 = DIRECTION('',(0.,0.,-1.));
#5088 = DIRECTION('',(1.,0.,0.));
#5089 = ORIENTED_EDGE('',*,*,#5090,.F.);
#5090 = EDGE_CURVE('',#5054,#5082,#5091,.T.);
#5091 = LINE('',#5092,#5093);
#5092 = CARTESIAN_POINT('',(-36.15,36.75,-10.8));
#5093 = VECTOR('',#5094,1.);
#5094 = DIRECTION('',(0.,-1.,0.));
#5095 = PLANE('',#5096);
#5096 = AXIS2_PLACEMENT_3D('',#5097,#5098,#5099);
#5097 = CARTESIAN_POINT('',(27.149999999997,36.75,-10.8));
#5098 = DIRECTION('',(0.,0.,1.));
#5099 = DIRECTION('',(1.,0.,0.));
#5100 = ADVANCED_FACE('',(#5101),#5116,.F.);
#5101 = FACE_BOUND('',#5102,.F.);
#5102 = EDGE_LOOP('',(#5103,#5104,#5110,#5111));
#5103 = ORIENTED_EDGE('',*,*,#5063,.F.);
#5104 = ORIENTED_EDGE('',*,*,#5105,.T.);
#5105 = EDGE_CURVE('',#5056,#1447,#5106,.T.);
#5106 = LINE('',#5107,#5108);
#5107 = CARTESIAN_POINT('',(-38.06390242675,-20.,-9.507503818454));
#5108 = VECTOR('',#5109,1.);
#5109 = DIRECTION('',(0.256289373133,0.,-0.966600102017));
#5110 = ORIENTED_EDGE('',*,*,#1446,.T.);
#5111 = ORIENTED_EDGE('',*,*,#5112,.T.);
#5112 = EDGE_CURVE('',#1449,#5064,#5113,.T.);
#5113 = B_SPLINE_CURVE_WITH_KNOTS('',1,(#5114,#5115),.UNSPECIFIED.,.F.,
  .F.,(2,2),(0.,1.),.PIECEWISE_BEZIER_KNOTS.);
#5114 = CARTESIAN_POINT('',(-37.35,-36.75,-12.2));
#5115 = CARTESIAN_POINT('',(-37.72120327386,-36.75,-10.8));
#5116 = PLANE('',#5117);
#5117 = AXIS2_PLACEMENT_3D('',#5118,#5119,#5120);
#5118 = CARTESIAN_POINT('',(-37.72120327386,36.75,-10.8));
#5119 = DIRECTION('',(-0.966600102017,0.,-0.256289373133));
#5120 = DIRECTION('',(0.,-1.,0.));
#5121 = ADVANCED_FACE('',(#5122),#5128,.F.);
#5122 = FACE_BOUND('',#5123,.F.);
#5123 = EDGE_LOOP('',(#5124,#5125,#5126,#5127));
#5124 = ORIENTED_EDGE('',*,*,#1489,.T.);
#5125 = ORIENTED_EDGE('',*,*,#5029,.T.);
#5126 = ORIENTED_EDGE('',*,*,#5071,.F.);
#5127 = ORIENTED_EDGE('',*,*,#5112,.F.);
#5128 = CONICAL_SURFACE('',#5129,10.2,0.259181393921);
#5129 = AXIS2_PLACEMENT_3D('',#5130,#5131,#5132);
#5130 = CARTESIAN_POINT('',(-27.15,-36.75,-12.2));
#5131 = DIRECTION('',(0.,0.,1.));
#5132 = DIRECTION('',(1.,0.,0.));
#5133 = ADVANCED_FACE('',(#5134),#5154,.T.);
#5134 = FACE_BOUND('',#5135,.T.);
#5135 = EDGE_LOOP('',(#5136,#5137,#5145,#5151,#5152,#5153));
#5136 = ORIENTED_EDGE('',*,*,#1650,.F.);
#5137 = ORIENTED_EDGE('',*,*,#5138,.T.);
#5138 = EDGE_CURVE('',#1643,#5139,#5141,.T.);
#5139 = VERTEX_POINT('',#5140);
#5140 = CARTESIAN_POINT('',(-36.15,-20.,-8.2));
#5141 = LINE('',#5142,#5143);
#5142 = CARTESIAN_POINT('',(-38.35,-20.,-8.2));
#5143 = VECTOR('',#5144,1.);
#5144 = DIRECTION('',(1.,0.,0.));
#5145 = ORIENTED_EDGE('',*,*,#5146,.T.);
#5146 = EDGE_CURVE('',#5139,#5054,#5147,.T.);
#5147 = LINE('',#5148,#5149);
#5148 = CARTESIAN_POINT('',(-36.15,-20.,-8.2));
#5149 = VECTOR('',#5150,1.);
#5150 = DIRECTION('',(0.,0.,-1.));
#5151 = ORIENTED_EDGE('',*,*,#5053,.T.);
#5152 = ORIENTED_EDGE('',*,*,#5105,.T.);
#5153 = ORIENTED_EDGE('',*,*,#1456,.F.);
#5154 = PLANE('',#5155);
#5155 = AXIS2_PLACEMENT_3D('',#5156,#5157,#5158);
#5156 = CARTESIAN_POINT('',(-38.35,-20.,-8.2));
#5157 = DIRECTION('',(0.,1.,0.));
#5158 = DIRECTION('',(0.,0.,-1.));
#5159 = ADVANCED_FACE('',(#5160),#5178,.T.);
#5160 = FACE_BOUND('',#5161,.T.);
#5161 = EDGE_LOOP('',(#5162,#5170,#5176,#5177));
#5162 = ORIENTED_EDGE('',*,*,#5163,.T.);
#5163 = EDGE_CURVE('',#1635,#5164,#5166,.T.);
#5164 = VERTEX_POINT('',#5165);
#5165 = CARTESIAN_POINT('',(-36.15,-3.531649969973E-17,-8.2));
#5166 = LINE('',#5167,#5168);
#5167 = CARTESIAN_POINT('',(-38.35,-3.531649969973E-17,-8.2));
#5168 = VECTOR('',#5169,1.);
#5169 = DIRECTION('',(1.,0.,0.));
#5170 = ORIENTED_EDGE('',*,*,#5171,.T.);
#5171 = EDGE_CURVE('',#5164,#5139,#5172,.T.);
#5172 = LINE('',#5173,#5174);
#5173 = CARTESIAN_POINT('',(-36.15,-3.531649969973E-17,-8.2));
#5174 = VECTOR('',#5175,1.);
#5175 = DIRECTION('',(0.,-1.,0.));
#5176 = ORIENTED_EDGE('',*,*,#5138,.F.);
#5177 = ORIENTED_EDGE('',*,*,#1642,.F.);
#5178 = PLANE('',#5179);
#5179 = AXIS2_PLACEMENT_3D('',#5180,#5181,#5182);
#5180 = CARTESIAN_POINT('',(-38.35,-3.531649969973E-17,-8.2));
#5181 = DIRECTION('',(0.,0.,-1.));
#5182 = DIRECTION('',(0.,-1.,0.));
#5183 = ADVANCED_FACE('',(#5184),#5218,.T.);
#5184 = FACE_BOUND('',#5185,.T.);
#5185 = EDGE_LOOP('',(#5186,#5187,#5195,#5203,#5211,#5217));
#5186 = ORIENTED_EDGE('',*,*,#1634,.F.);
#5187 = ORIENTED_EDGE('',*,*,#5188,.T.);
#5188 = EDGE_CURVE('',#1627,#5189,#5191,.T.);
#5189 = VERTEX_POINT('',#5190);
#5190 = CARTESIAN_POINT('',(-37.35,-8.829127335044E-18,-12.2));
#5191 = LINE('',#5192,#5193);
#5192 = CARTESIAN_POINT('',(-38.35,-1.765825467009E-17,-12.2));
#5193 = VECTOR('',#5194,1.);
#5194 = DIRECTION('',(1.,0.,0.));
#5195 = ORIENTED_EDGE('',*,*,#5196,.T.);
#5196 = EDGE_CURVE('',#5189,#5197,#5199,.T.);
#5197 = VERTEX_POINT('',#5198);
#5198 = CARTESIAN_POINT('',(-37.72120327386,0.,-10.8));
#5199 = LINE('',#5200,#5201);
#5200 = CARTESIAN_POINT('',(-37.56844375832,-1.765824984986E-17,
    -11.37613533289));
#5201 = VECTOR('',#5202,1.);
#5202 = DIRECTION('',(-0.256289373133,0.,0.966600102017));
#5203 = ORIENTED_EDGE('',*,*,#5204,.T.);
#5204 = EDGE_CURVE('',#5197,#5205,#5207,.T.);
#5205 = VERTEX_POINT('',#5206);
#5206 = CARTESIAN_POINT('',(-36.15,-1.765824984986E-17,-10.8));
#5207 = LINE('',#5208,#5209);
#5208 = CARTESIAN_POINT('',(-5.600000000002,-1.765824984986E-17,-10.8));
#5209 = VECTOR('',#5210,1.);
#5210 = DIRECTION('',(1.,0.,0.));
#5211 = ORIENTED_EDGE('',*,*,#5212,.T.);
#5212 = EDGE_CURVE('',#5205,#5164,#5213,.T.);
#5213 = LINE('',#5214,#5215);
#5214 = CARTESIAN_POINT('',(-36.15,-3.531649969973E-17,-12.2));
#5215 = VECTOR('',#5216,1.);
#5216 = DIRECTION('',(0.,0.,1.));
#5217 = ORIENTED_EDGE('',*,*,#5163,.F.);
#5218 = PLANE('',#5219);
#5219 = AXIS2_PLACEMENT_3D('',#5220,#5221,#5222);
#5220 = CARTESIAN_POINT('',(-38.35,-3.531649969973E-17,-12.2));
#5221 = DIRECTION('',(0.,-1.,0.));
#5222 = DIRECTION('',(0.,0.,1.));
#5223 = ADVANCED_FACE('',(#5224),#5258,.F.);
#5224 = FACE_BOUND('',#5225,.F.);
#5225 = EDGE_LOOP('',(#5226,#5234,#5242,#5250,#5256,#5257));
#5226 = ORIENTED_EDGE('',*,*,#5227,.F.);
#5227 = EDGE_CURVE('',#5228,#5189,#5230,.T.);
#5228 = VERTEX_POINT('',#5229);
#5229 = CARTESIAN_POINT('',(-37.35,4.130000000002,-12.2));
#5230 = LINE('',#5231,#5232);
#5231 = CARTESIAN_POINT('',(-37.35,36.75,-12.2));
#5232 = VECTOR('',#5233,1.);
#5233 = DIRECTION('',(0.,-1.,0.));
#5234 = ORIENTED_EDGE('',*,*,#5235,.T.);
#5235 = EDGE_CURVE('',#5228,#5236,#5238,.T.);
#5236 = VERTEX_POINT('',#5237);
#5237 = CARTESIAN_POINT('',(-37.52120327386,4.130000000002,-12.2));
#5238 = LINE('',#5239,#5240);
#5239 = CARTESIAN_POINT('',(-18.76060163693,4.130000000002,-12.2));
#5240 = VECTOR('',#5241,1.);
#5241 = DIRECTION('',(-1.,0.,0.));
#5242 = ORIENTED_EDGE('',*,*,#5243,.T.);
#5243 = EDGE_CURVE('',#5236,#5244,#5246,.T.);
#5244 = VERTEX_POINT('',#5245);
#5245 = CARTESIAN_POINT('',(-37.52120327386,5.13,-12.2));
#5246 = LINE('',#5247,#5248);
#5247 = CARTESIAN_POINT('',(-37.52120327386,5.965,-12.2));
#5248 = VECTOR('',#5249,1.);
#5249 = DIRECTION('',(0.,1.,0.));
#5250 = ORIENTED_EDGE('',*,*,#5251,.F.);
#5251 = EDGE_CURVE('',#1619,#5244,#5252,.T.);
#5252 = LINE('',#5253,#5254);
#5253 = CARTESIAN_POINT('',(-18.075,5.13,-12.2));
#5254 = VECTOR('',#5255,1.);
#5255 = DIRECTION('',(1.,0.,0.));
#5256 = ORIENTED_EDGE('',*,*,#1626,.T.);
#5257 = ORIENTED_EDGE('',*,*,#5188,.T.);
#5258 = PLANE('',#5259);
#5259 = AXIS2_PLACEMENT_3D('',#5260,#5261,#5262);
#5260 = CARTESIAN_POINT('',(-4.632493799393E-15,-9.702015315709E-15,
    -12.2));
#5261 = DIRECTION('',(0.,0.,1.));
#5262 = DIRECTION('',(1.,0.,0.));
#5263 = ADVANCED_FACE('',(#5264),#5306,.F.);
#5264 = FACE_BOUND('',#5265,.F.);
#5265 = EDGE_LOOP('',(#5266,#5276,#5282,#5283,#5284,#5292,#5300));
#5266 = ORIENTED_EDGE('',*,*,#5267,.T.);
#5267 = EDGE_CURVE('',#5268,#5270,#5272,.T.);
#5268 = VERTEX_POINT('',#5269);
#5269 = CARTESIAN_POINT('',(-37.52120327386,5.13,-10.8));
#5270 = VERTEX_POINT('',#5271);
#5271 = CARTESIAN_POINT('',(-37.52120327386,5.13,-3.2));
#5272 = LINE('',#5273,#5274);
#5273 = CARTESIAN_POINT('',(-37.52120327386,5.13,-5.975));
#5274 = VECTOR('',#5275,1.);
#5275 = DIRECTION('',(0.,0.,1.));
#5276 = ORIENTED_EDGE('',*,*,#5277,.T.);
#5277 = EDGE_CURVE('',#5270,#1611,#5278,.T.);
#5278 = LINE('',#5279,#5280);
#5279 = CARTESIAN_POINT('',(-36.15,5.13,-3.2));
#5280 = VECTOR('',#5281,1.);
#5281 = DIRECTION('',(-1.,-0.,-0.));
#5282 = ORIENTED_EDGE('',*,*,#1618,.F.);
#5283 = ORIENTED_EDGE('',*,*,#5251,.T.);
#5284 = ORIENTED_EDGE('',*,*,#5285,.T.);
#5285 = EDGE_CURVE('',#5244,#5286,#5288,.T.);
#5286 = VERTEX_POINT('',#5287);
#5287 = CARTESIAN_POINT('',(-37.52120327386,5.13,-11.55430369211));
#5288 = LINE('',#5289,#5290);
#5289 = CARTESIAN_POINT('',(-37.52120327386,5.13,-5.975));
#5290 = VECTOR('',#5291,1.);
#5291 = DIRECTION('',(0.,0.,1.));
#5292 = ORIENTED_EDGE('',*,*,#5293,.T.);
#5293 = EDGE_CURVE('',#5286,#5294,#5296,.T.);
#5294 = VERTEX_POINT('',#5295);
#5295 = CARTESIAN_POINT('',(-37.72120327386,5.13,-10.8));
#5296 = LINE('',#5297,#5298);
#5297 = CARTESIAN_POINT('',(-38.61097309523,5.13,-7.444216693044));
#5298 = VECTOR('',#5299,1.);
#5299 = DIRECTION('',(-0.256289373133,0.,0.966600102017));
#5300 = ORIENTED_EDGE('',*,*,#5301,.T.);
#5301 = EDGE_CURVE('',#5294,#5268,#5302,.T.);
#5302 = LINE('',#5303,#5304);
#5303 = CARTESIAN_POINT('',(-4.500000000002,5.13,-10.8));
#5304 = VECTOR('',#5305,1.);
#5305 = DIRECTION('',(1.,0.,0.));
#5306 = PLANE('',#5307);
#5307 = AXIS2_PLACEMENT_3D('',#5308,#5309,#5310);
#5308 = CARTESIAN_POINT('',(-36.15,5.13,-3.2));
#5309 = DIRECTION('',(0.,-1.,0.));
#5310 = DIRECTION('',(0.,0.,-1.));
#5311 = ADVANCED_FACE('',(#5312),#5330,.F.);
#5312 = FACE_BOUND('',#5313,.F.);
#5313 = EDGE_LOOP('',(#5314,#5322,#5328,#5329));
#5314 = ORIENTED_EDGE('',*,*,#5315,.T.);
#5315 = EDGE_CURVE('',#5270,#5316,#5318,.T.);
#5316 = VERTEX_POINT('',#5317);
#5317 = CARTESIAN_POINT('',(-37.52120327386,9.83,-3.2));
#5318 = LINE('',#5319,#5320);
#5319 = CARTESIAN_POINT('',(-37.52120327386,10.88,-3.2));
#5320 = VECTOR('',#5321,1.);
#5321 = DIRECTION('',(0.,1.,0.));
#5322 = ORIENTED_EDGE('',*,*,#5323,.T.);
#5323 = EDGE_CURVE('',#5316,#1603,#5324,.T.);
#5324 = LINE('',#5325,#5326);
#5325 = CARTESIAN_POINT('',(-36.15,9.83,-3.2));
#5326 = VECTOR('',#5327,1.);
#5327 = DIRECTION('',(-1.,-0.,-0.));
#5328 = ORIENTED_EDGE('',*,*,#1610,.F.);
#5329 = ORIENTED_EDGE('',*,*,#5277,.F.);
#5330 = PLANE('',#5331);
#5331 = AXIS2_PLACEMENT_3D('',#5332,#5333,#5334);
#5332 = CARTESIAN_POINT('',(-36.15,9.83,-3.2));
#5333 = DIRECTION('',(0.,0.,1.));
#5334 = DIRECTION('',(0.,-1.,0.));
#5335 = ADVANCED_FACE('',(#5336),#5378,.F.);
#5336 = FACE_BOUND('',#5337,.F.);
#5337 = EDGE_LOOP('',(#5338,#5346,#5354,#5362,#5370,#5376,#5377));
#5338 = ORIENTED_EDGE('',*,*,#5339,.T.);
#5339 = EDGE_CURVE('',#5316,#5340,#5342,.T.);
#5340 = VERTEX_POINT('',#5341);
#5341 = CARTESIAN_POINT('',(-37.52120327386,9.83,-10.8));
#5342 = LINE('',#5343,#5344);
#5343 = CARTESIAN_POINT('',(-37.52120327386,9.83,-11.525));
#5344 = VECTOR('',#5345,1.);
#5345 = DIRECTION('',(0.,0.,-1.));
#5346 = ORIENTED_EDGE('',*,*,#5347,.T.);
#5347 = EDGE_CURVE('',#5340,#5348,#5350,.T.);
#5348 = VERTEX_POINT('',#5349);
#5349 = CARTESIAN_POINT('',(-37.72120327386,9.83,-10.8));
#5350 = LINE('',#5351,#5352);
#5351 = CARTESIAN_POINT('',(-4.500000000002,9.83,-10.8));
#5352 = VECTOR('',#5353,1.);
#5353 = DIRECTION('',(-1.,0.,0.));
#5354 = ORIENTED_EDGE('',*,*,#5355,.T.);
#5355 = EDGE_CURVE('',#5348,#5356,#5358,.T.);
#5356 = VERTEX_POINT('',#5357);
#5357 = CARTESIAN_POINT('',(-37.52120327386,9.83,-11.55430369211));
#5358 = LINE('',#5359,#5360);
#5359 = CARTESIAN_POINT('',(-37.23607529033,9.83,-12.62966914561));
#5360 = VECTOR('',#5361,1.);
#5361 = DIRECTION('',(0.256289373133,0.,-0.966600102017));
#5362 = ORIENTED_EDGE('',*,*,#5363,.T.);
#5363 = EDGE_CURVE('',#5356,#5364,#5366,.T.);
#5364 = VERTEX_POINT('',#5365);
#5365 = CARTESIAN_POINT('',(-37.52120327386,9.83,-12.2));
#5366 = LINE('',#5367,#5368);
#5367 = CARTESIAN_POINT('',(-37.52120327386,9.83,-11.525));
#5368 = VECTOR('',#5369,1.);
#5369 = DIRECTION('',(0.,0.,-1.));
#5370 = ORIENTED_EDGE('',*,*,#5371,.T.);
#5371 = EDGE_CURVE('',#5364,#1595,#5372,.T.);
#5372 = LINE('',#5373,#5374);
#5373 = CARTESIAN_POINT('',(-18.075,9.83,-12.2));
#5374 = VECTOR('',#5375,1.);
#5375 = DIRECTION('',(-1.,0.,0.));
#5376 = ORIENTED_EDGE('',*,*,#1602,.F.);
#5377 = ORIENTED_EDGE('',*,*,#5323,.F.);
#5378 = PLANE('',#5379);
#5379 = AXIS2_PLACEMENT_3D('',#5380,#5381,#5382);
#5380 = CARTESIAN_POINT('',(-36.15,9.83,-14.3));
#5381 = DIRECTION('',(0.,1.,0.));
#5382 = DIRECTION('',(0.,0.,1.));
#5383 = ADVANCED_FACE('',(#5384),#5434,.F.);
#5384 = FACE_BOUND('',#5385,.F.);
#5385 = EDGE_LOOP('',(#5386,#5396,#5404,#5412,#5418,#5419,#5420,#5428));
#5386 = ORIENTED_EDGE('',*,*,#5387,.F.);
#5387 = EDGE_CURVE('',#5388,#5390,#5392,.T.);
#5388 = VERTEX_POINT('',#5389);
#5389 = CARTESIAN_POINT('',(-37.35,13.03,-12.2));
#5390 = VERTEX_POINT('',#5391);
#5391 = CARTESIAN_POINT('',(-37.35,10.829999999998,-12.2));
#5392 = LINE('',#5393,#5394);
#5393 = CARTESIAN_POINT('',(-37.35,36.75,-12.2));
#5394 = VECTOR('',#5395,1.);
#5395 = DIRECTION('',(0.,-1.,0.));
#5396 = ORIENTED_EDGE('',*,*,#5397,.T.);
#5397 = EDGE_CURVE('',#5388,#5398,#5400,.T.);
#5398 = VERTEX_POINT('',#5399);
#5399 = CARTESIAN_POINT('',(-37.52120327386,13.03,-12.2));
#5400 = LINE('',#5401,#5402);
#5401 = CARTESIAN_POINT('',(-18.76060163693,13.03,-12.2));
#5402 = VECTOR('',#5403,1.);
#5403 = DIRECTION('',(-1.,0.,0.));
#5404 = ORIENTED_EDGE('',*,*,#5405,.T.);
#5405 = EDGE_CURVE('',#5398,#5406,#5408,.T.);
#5406 = VERTEX_POINT('',#5407);
#5407 = CARTESIAN_POINT('',(-37.52120327386,14.03,-12.2));
#5408 = LINE('',#5409,#5410);
#5409 = CARTESIAN_POINT('',(-37.52120327386,5.965,-12.2));
#5410 = VECTOR('',#5411,1.);
#5411 = DIRECTION('',(0.,1.,0.));
#5412 = ORIENTED_EDGE('',*,*,#5413,.F.);
#5413 = EDGE_CURVE('',#1587,#5406,#5414,.T.);
#5414 = LINE('',#5415,#5416);
#5415 = CARTESIAN_POINT('',(-18.075,14.03,-12.2));
#5416 = VECTOR('',#5417,1.);
#5417 = DIRECTION('',(1.,0.,0.));
#5418 = ORIENTED_EDGE('',*,*,#1594,.T.);
#5419 = ORIENTED_EDGE('',*,*,#5371,.F.);
#5420 = ORIENTED_EDGE('',*,*,#5421,.T.);
#5421 = EDGE_CURVE('',#5364,#5422,#5424,.T.);
#5422 = VERTEX_POINT('',#5423);
#5423 = CARTESIAN_POINT('',(-37.52120327386,10.829999999998,-12.2));
#5424 = LINE('',#5425,#5426);
#5425 = CARTESIAN_POINT('',(-37.52120327386,5.965,-12.2));
#5426 = VECTOR('',#5427,1.);
#5427 = DIRECTION('',(0.,1.,0.));
#5428 = ORIENTED_EDGE('',*,*,#5429,.T.);
#5429 = EDGE_CURVE('',#5422,#5390,#5430,.T.);
#5430 = LINE('',#5431,#5432);
#5431 = CARTESIAN_POINT('',(-18.76060163693,10.829999999998,-12.2));
#5432 = VECTOR('',#5433,1.);
#5433 = DIRECTION('',(1.,0.,0.));
#5434 = PLANE('',#5435);
#5435 = AXIS2_PLACEMENT_3D('',#5436,#5437,#5438);
#5436 = CARTESIAN_POINT('',(-4.632493799393E-15,-9.702015315709E-15,
    -12.2));
#5437 = DIRECTION('',(0.,0.,1.));
#5438 = DIRECTION('',(1.,0.,0.));
#5439 = ADVANCED_FACE('',(#5440),#5482,.F.);
#5440 = FACE_BOUND('',#5441,.F.);
#5441 = EDGE_LOOP('',(#5442,#5452,#5458,#5459,#5460,#5468,#5476));
#5442 = ORIENTED_EDGE('',*,*,#5443,.T.);
#5443 = EDGE_CURVE('',#5444,#5446,#5448,.T.);
#5444 = VERTEX_POINT('',#5445);
#5445 = CARTESIAN_POINT('',(-37.52120327386,14.03,-10.8));
#5446 = VERTEX_POINT('',#5447);
#5447 = CARTESIAN_POINT('',(-37.52120327386,14.03,-3.2));
#5448 = LINE('',#5449,#5450);
#5449 = CARTESIAN_POINT('',(-37.52120327386,14.03,-5.975));
#5450 = VECTOR('',#5451,1.);
#5451 = DIRECTION('',(0.,0.,1.));
#5452 = ORIENTED_EDGE('',*,*,#5453,.T.);
#5453 = EDGE_CURVE('',#5446,#1579,#5454,.T.);
#5454 = LINE('',#5455,#5456);
#5455 = CARTESIAN_POINT('',(-36.15,14.03,-3.2));
#5456 = VECTOR('',#5457,1.);
#5457 = DIRECTION('',(-1.,-0.,-0.));
#5458 = ORIENTED_EDGE('',*,*,#1586,.F.);
#5459 = ORIENTED_EDGE('',*,*,#5413,.T.);
#5460 = ORIENTED_EDGE('',*,*,#5461,.T.);
#5461 = EDGE_CURVE('',#5406,#5462,#5464,.T.);
#5462 = VERTEX_POINT('',#5463);
#5463 = CARTESIAN_POINT('',(-37.52120327386,14.03,-11.55430369211));
#5464 = LINE('',#5465,#5466);
#5465 = CARTESIAN_POINT('',(-37.52120327386,14.03,-5.975));
#5466 = VECTOR('',#5467,1.);
#5467 = DIRECTION('',(0.,0.,1.));
#5468 = ORIENTED_EDGE('',*,*,#5469,.T.);
#5469 = EDGE_CURVE('',#5462,#5470,#5472,.T.);
#5470 = VERTEX_POINT('',#5471);
#5471 = CARTESIAN_POINT('',(-37.72120327386,14.03,-10.8));
#5472 = LINE('',#5473,#5474);
#5473 = CARTESIAN_POINT('',(-38.61097309523,14.03,-7.444216693044));
#5474 = VECTOR('',#5475,1.);
#5475 = DIRECTION('',(-0.256289373133,0.,0.966600102017));
#5476 = ORIENTED_EDGE('',*,*,#5477,.T.);
#5477 = EDGE_CURVE('',#5470,#5444,#5478,.T.);
#5478 = LINE('',#5479,#5480);
#5479 = CARTESIAN_POINT('',(-4.500000000002,14.03,-10.8));
#5480 = VECTOR('',#5481,1.);
#5481 = DIRECTION('',(1.,0.,0.));
#5482 = PLANE('',#5483);
#5483 = AXIS2_PLACEMENT_3D('',#5484,#5485,#5486);
#5484 = CARTESIAN_POINT('',(-36.15,14.03,-3.2));
#5485 = DIRECTION('',(0.,-1.,0.));
#5486 = DIRECTION('',(0.,0.,-1.));
#5487 = ADVANCED_FACE('',(#5488),#5506,.F.);
#5488 = FACE_BOUND('',#5489,.F.);
#5489 = EDGE_LOOP('',(#5490,#5498,#5504,#5505));
#5490 = ORIENTED_EDGE('',*,*,#5491,.T.);
#5491 = EDGE_CURVE('',#5446,#5492,#5494,.T.);
#5492 = VERTEX_POINT('',#5493);
#5493 = CARTESIAN_POINT('',(-37.52120327386,18.73,-3.2));
#5494 = LINE('',#5495,#5496);
#5495 = CARTESIAN_POINT('',(-37.52120327386,15.33,-3.2));
#5496 = VECTOR('',#5497,1.);
#5497 = DIRECTION('',(0.,1.,0.));
#5498 = ORIENTED_EDGE('',*,*,#5499,.T.);
#5499 = EDGE_CURVE('',#5492,#1571,#5500,.T.);
#5500 = LINE('',#5501,#5502);
#5501 = CARTESIAN_POINT('',(-36.15,18.73,-3.2));
#5502 = VECTOR('',#5503,1.);
#5503 = DIRECTION('',(-1.,-0.,-0.));
#5504 = ORIENTED_EDGE('',*,*,#1578,.F.);
#5505 = ORIENTED_EDGE('',*,*,#5453,.F.);
#5506 = PLANE('',#5507);
#5507 = AXIS2_PLACEMENT_3D('',#5508,#5509,#5510);
#5508 = CARTESIAN_POINT('',(-36.15,18.73,-3.2));
#5509 = DIRECTION('',(0.,0.,1.));
#5510 = DIRECTION('',(0.,-1.,0.));
#5511 = ADVANCED_FACE('',(#5512),#5554,.F.);
#5512 = FACE_BOUND('',#5513,.F.);
#5513 = EDGE_LOOP('',(#5514,#5522,#5530,#5538,#5546,#5552,#5553));
#5514 = ORIENTED_EDGE('',*,*,#5515,.T.);
#5515 = EDGE_CURVE('',#5492,#5516,#5518,.T.);
#5516 = VERTEX_POINT('',#5517);
#5517 = CARTESIAN_POINT('',(-37.52120327386,18.73,-10.8));
#5518 = LINE('',#5519,#5520);
#5519 = CARTESIAN_POINT('',(-37.52120327386,18.73,-11.525));
#5520 = VECTOR('',#5521,1.);
#5521 = DIRECTION('',(0.,0.,-1.));
#5522 = ORIENTED_EDGE('',*,*,#5523,.T.);
#5523 = EDGE_CURVE('',#5516,#5524,#5526,.T.);
#5524 = VERTEX_POINT('',#5525);
#5525 = CARTESIAN_POINT('',(-37.72120327386,18.73,-10.8));
#5526 = LINE('',#5527,#5528);
#5527 = CARTESIAN_POINT('',(-4.500000000002,18.73,-10.8));
#5528 = VECTOR('',#5529,1.);
#5529 = DIRECTION('',(-1.,0.,0.));
#5530 = ORIENTED_EDGE('',*,*,#5531,.T.);
#5531 = EDGE_CURVE('',#5524,#5532,#5534,.T.);
#5532 = VERTEX_POINT('',#5533);
#5533 = CARTESIAN_POINT('',(-37.52120327386,18.73,-11.55430369211));
#5534 = LINE('',#5535,#5536);
#5535 = CARTESIAN_POINT('',(-37.23607529033,18.73,-12.62966914561));
#5536 = VECTOR('',#5537,1.);
#5537 = DIRECTION('',(0.256289373133,0.,-0.966600102017));
#5538 = ORIENTED_EDGE('',*,*,#5539,.T.);
#5539 = EDGE_CURVE('',#5532,#5540,#5542,.T.);
#5540 = VERTEX_POINT('',#5541);
#5541 = CARTESIAN_POINT('',(-37.52120327386,18.73,-12.2));
#5542 = LINE('',#5543,#5544);
#5543 = CARTESIAN_POINT('',(-37.52120327386,18.73,-11.525));
#5544 = VECTOR('',#5545,1.);
#5545 = DIRECTION('',(0.,0.,-1.));
#5546 = ORIENTED_EDGE('',*,*,#5547,.T.);
#5547 = EDGE_CURVE('',#5540,#1563,#5548,.T.);
#5548 = LINE('',#5549,#5550);
#5549 = CARTESIAN_POINT('',(-18.075,18.73,-12.2));
#5550 = VECTOR('',#5551,1.);
#5551 = DIRECTION('',(-1.,0.,0.));
#5552 = ORIENTED_EDGE('',*,*,#1570,.F.);
#5553 = ORIENTED_EDGE('',*,*,#5499,.F.);
#5554 = PLANE('',#5555);
#5555 = AXIS2_PLACEMENT_3D('',#5556,#5557,#5558);
#5556 = CARTESIAN_POINT('',(-36.15,18.73,-14.3));
#5557 = DIRECTION('',(0.,1.,0.));
#5558 = DIRECTION('',(0.,0.,1.));
#5559 = ADVANCED_FACE('',(#5560),#5610,.F.);
#5560 = FACE_BOUND('',#5561,.F.);
#5561 = EDGE_LOOP('',(#5562,#5572,#5580,#5588,#5594,#5595,#5596,#5604));
#5562 = ORIENTED_EDGE('',*,*,#5563,.F.);
#5563 = EDGE_CURVE('',#5564,#5566,#5568,.T.);
#5564 = VERTEX_POINT('',#5565);
#5565 = CARTESIAN_POINT('',(-37.35,21.15,-12.2));
#5566 = VERTEX_POINT('',#5567);
#5567 = CARTESIAN_POINT('',(-37.35,19.73,-12.2));
#5568 = LINE('',#5569,#5570);
#5569 = CARTESIAN_POINT('',(-37.35,36.75,-12.2));
#5570 = VECTOR('',#5571,1.);
#5571 = DIRECTION('',(0.,-1.,0.));
#5572 = ORIENTED_EDGE('',*,*,#5573,.T.);
#5573 = EDGE_CURVE('',#5564,#5574,#5576,.T.);
#5574 = VERTEX_POINT('',#5575);
#5575 = CARTESIAN_POINT('',(-37.52120327386,21.15,-12.2));
#5576 = LINE('',#5577,#5578);
#5577 = CARTESIAN_POINT('',(-18.76060163693,21.15,-12.2));
#5578 = VECTOR('',#5579,1.);
#5579 = DIRECTION('',(-1.,0.,0.));
#5580 = ORIENTED_EDGE('',*,*,#5581,.T.);
#5581 = EDGE_CURVE('',#5574,#5582,#5584,.T.);
#5582 = VERTEX_POINT('',#5583);
#5583 = CARTESIAN_POINT('',(-37.52120327386,23.25,-12.2));
#5584 = LINE('',#5585,#5586);
#5585 = CARTESIAN_POINT('',(-37.52120327386,13.425,-12.2));
#5586 = VECTOR('',#5587,1.);
#5587 = DIRECTION('',(0.,1.,0.));
#5588 = ORIENTED_EDGE('',*,*,#5589,.T.);
#5589 = EDGE_CURVE('',#5582,#1555,#5590,.T.);
#5590 = LINE('',#5591,#5592);
#5591 = CARTESIAN_POINT('',(-19.175,23.25,-12.2));
#5592 = VECTOR('',#5593,1.);
#5593 = DIRECTION('',(-1.,0.,0.));
#5594 = ORIENTED_EDGE('',*,*,#1562,.T.);
#5595 = ORIENTED_EDGE('',*,*,#5547,.F.);
#5596 = ORIENTED_EDGE('',*,*,#5597,.T.);
#5597 = EDGE_CURVE('',#5540,#5598,#5600,.T.);
#5598 = VERTEX_POINT('',#5599);
#5599 = CARTESIAN_POINT('',(-37.52120327386,19.73,-12.2));
#5600 = LINE('',#5601,#5602);
#5601 = CARTESIAN_POINT('',(-37.52120327386,5.965,-12.2));
#5602 = VECTOR('',#5603,1.);
#5603 = DIRECTION('',(0.,1.,0.));
#5604 = ORIENTED_EDGE('',*,*,#5605,.T.);
#5605 = EDGE_CURVE('',#5598,#5566,#5606,.T.);
#5606 = LINE('',#5607,#5608);
#5607 = CARTESIAN_POINT('',(-18.76060163693,19.73,-12.2));
#5608 = VECTOR('',#5609,1.);
#5609 = DIRECTION('',(1.,0.,0.));
#5610 = PLANE('',#5611);
#5611 = AXIS2_PLACEMENT_3D('',#5612,#5613,#5614);
#5612 = CARTESIAN_POINT('',(-4.632493799393E-15,-9.702015315709E-15,
    -12.2));
#5613 = DIRECTION('',(0.,0.,1.));
#5614 = DIRECTION('',(1.,0.,0.));
#5615 = ADVANCED_FACE('',(#5616),#5658,.T.);
#5616 = FACE_BOUND('',#5617,.T.);
#5617 = EDGE_LOOP('',(#5618,#5619,#5627,#5635,#5643,#5651,#5657));
#5618 = ORIENTED_EDGE('',*,*,#1554,.F.);
#5619 = ORIENTED_EDGE('',*,*,#5620,.T.);
#5620 = EDGE_CURVE('',#1547,#5621,#5623,.T.);
#5621 = VERTEX_POINT('',#5622);
#5622 = CARTESIAN_POINT('',(-37.52120327386,23.25,-3.2));
#5623 = LINE('',#5624,#5625);
#5624 = CARTESIAN_POINT('',(-38.35,23.25,-3.2));
#5625 = VECTOR('',#5626,1.);
#5626 = DIRECTION('',(1.,0.,0.));
#5627 = ORIENTED_EDGE('',*,*,#5628,.T.);
#5628 = EDGE_CURVE('',#5621,#5629,#5631,.T.);
#5629 = VERTEX_POINT('',#5630);
#5630 = CARTESIAN_POINT('',(-37.52120327386,23.25,-10.8));
#5631 = LINE('',#5632,#5633);
#5632 = CARTESIAN_POINT('',(-37.52120327386,23.25,-5.975));
#5633 = VECTOR('',#5634,1.);
#5634 = DIRECTION('',(0.,0.,-1.));
#5635 = ORIENTED_EDGE('',*,*,#5636,.T.);
#5636 = EDGE_CURVE('',#5629,#5637,#5639,.T.);
#5637 = VERTEX_POINT('',#5638);
#5638 = CARTESIAN_POINT('',(-37.72120327386,23.25,-10.8));
#5639 = LINE('',#5640,#5641);
#5640 = CARTESIAN_POINT('',(-5.600000000002,23.25,-10.8));
#5641 = VECTOR('',#5642,1.);
#5642 = DIRECTION('',(-1.,0.,0.));
#5643 = ORIENTED_EDGE('',*,*,#5644,.T.);
#5644 = EDGE_CURVE('',#5637,#5645,#5647,.T.);
#5645 = VERTEX_POINT('',#5646);
#5646 = CARTESIAN_POINT('',(-37.52120327386,23.25,-11.55430369211));
#5647 = LINE('',#5648,#5649);
#5648 = CARTESIAN_POINT('',(-38.68322576229,23.25,-7.171714425406));
#5649 = VECTOR('',#5650,1.);
#5650 = DIRECTION('',(0.256289373133,0.,-0.966600102017));
#5651 = ORIENTED_EDGE('',*,*,#5652,.T.);
#5652 = EDGE_CURVE('',#5645,#5582,#5653,.T.);
#5653 = LINE('',#5654,#5655);
#5654 = CARTESIAN_POINT('',(-37.52120327386,23.25,-5.975));
#5655 = VECTOR('',#5656,1.);
#5656 = DIRECTION('',(0.,0.,-1.));
#5657 = ORIENTED_EDGE('',*,*,#5589,.T.);
#5658 = PLANE('',#5659);
#5659 = AXIS2_PLACEMENT_3D('',#5660,#5661,#5662);
#5660 = CARTESIAN_POINT('',(-38.35,23.25,-3.2));
#5661 = DIRECTION('',(0.,1.,0.));
#5662 = DIRECTION('',(0.,0.,-1.));
#5663 = ADVANCED_FACE('',(#5664),#5682,.T.);
#5664 = FACE_BOUND('',#5665,.T.);
#5665 = EDGE_LOOP('',(#5666,#5667,#5675,#5681));
#5666 = ORIENTED_EDGE('',*,*,#1546,.F.);
#5667 = ORIENTED_EDGE('',*,*,#5668,.T.);
#5668 = EDGE_CURVE('',#1539,#5669,#5671,.T.);
#5669 = VERTEX_POINT('',#5670);
#5670 = CARTESIAN_POINT('',(-37.52120327386,30.45,-3.2));
#5671 = LINE('',#5672,#5673);
#5672 = CARTESIAN_POINT('',(-38.35,30.45,-3.2));
#5673 = VECTOR('',#5674,1.);
#5674 = DIRECTION('',(1.,0.,0.));
#5675 = ORIENTED_EDGE('',*,*,#5676,.T.);
#5676 = EDGE_CURVE('',#5669,#5621,#5677,.T.);
#5677 = LINE('',#5678,#5679);
#5678 = CARTESIAN_POINT('',(-37.52120327386,28.65,-3.2));
#5679 = VECTOR('',#5680,1.);
#5680 = DIRECTION('',(0.,-1.,0.));
#5681 = ORIENTED_EDGE('',*,*,#5620,.F.);
#5682 = PLANE('',#5683);
#5683 = AXIS2_PLACEMENT_3D('',#5684,#5685,#5686);
#5684 = CARTESIAN_POINT('',(-38.35,30.45,-3.2));
#5685 = DIRECTION('',(0.,0.,-1.));
#5686 = DIRECTION('',(0.,-1.,0.));
#5687 = ADVANCED_FACE('',(#5688),#5730,.T.);
#5688 = FACE_BOUND('',#5689,.T.);
#5689 = EDGE_LOOP('',(#5690,#5691,#5699,#5707,#5715,#5723,#5729));
#5690 = ORIENTED_EDGE('',*,*,#1538,.F.);
#5691 = ORIENTED_EDGE('',*,*,#5692,.T.);
#5692 = EDGE_CURVE('',#1531,#5693,#5695,.T.);
#5693 = VERTEX_POINT('',#5694);
#5694 = CARTESIAN_POINT('',(-37.52120327386,30.45,-12.2));
#5695 = LINE('',#5696,#5697);
#5696 = CARTESIAN_POINT('',(-19.175,30.45,-12.2));
#5697 = VECTOR('',#5698,1.);
#5698 = DIRECTION('',(1.,0.,0.));
#5699 = ORIENTED_EDGE('',*,*,#5700,.T.);
#5700 = EDGE_CURVE('',#5693,#5701,#5703,.T.);
#5701 = VERTEX_POINT('',#5702);
#5702 = CARTESIAN_POINT('',(-37.52120327386,30.45,-11.55430369211));
#5703 = LINE('',#5704,#5705);
#5704 = CARTESIAN_POINT('',(-37.52120327386,30.45,-11.525));
#5705 = VECTOR('',#5706,1.);
#5706 = DIRECTION('',(0.,0.,1.));
#5707 = ORIENTED_EDGE('',*,*,#5708,.T.);
#5708 = EDGE_CURVE('',#5701,#5709,#5711,.T.);
#5709 = VERTEX_POINT('',#5710);
#5710 = CARTESIAN_POINT('',(-37.72120327386,30.45,-10.8));
#5711 = LINE('',#5712,#5713);
#5712 = CARTESIAN_POINT('',(-37.30832795739,30.45,-12.35716687797));
#5713 = VECTOR('',#5714,1.);
#5714 = DIRECTION('',(-0.256289373133,0.,0.966600102017));
#5715 = ORIENTED_EDGE('',*,*,#5716,.T.);
#5716 = EDGE_CURVE('',#5709,#5717,#5719,.T.);
#5717 = VERTEX_POINT('',#5718);
#5718 = CARTESIAN_POINT('',(-37.52120327386,30.45,-10.8));
#5719 = LINE('',#5720,#5721);
#5720 = CARTESIAN_POINT('',(-5.600000000002,30.45,-10.8));
#5721 = VECTOR('',#5722,1.);
#5722 = DIRECTION('',(1.,0.,0.));
#5723 = ORIENTED_EDGE('',*,*,#5724,.T.);
#5724 = EDGE_CURVE('',#5717,#5669,#5725,.T.);
#5725 = LINE('',#5726,#5727);
#5726 = CARTESIAN_POINT('',(-37.52120327386,30.45,-11.525));
#5727 = VECTOR('',#5728,1.);
#5728 = DIRECTION('',(0.,0.,1.));
#5729 = ORIENTED_EDGE('',*,*,#5668,.F.);
#5730 = PLANE('',#5731);
#5731 = AXIS2_PLACEMENT_3D('',#5732,#5733,#5734);
#5732 = CARTESIAN_POINT('',(-38.35,30.45,-14.3));
#5733 = DIRECTION('',(0.,-1.,0.));
#5734 = DIRECTION('',(0.,0.,1.));
#5735 = ADVANCED_FACE('',(#5736),#5789,.F.);
#5736 = FACE_BOUND('',#5737,.F.);
#5737 = EDGE_LOOP('',(#5738,#5746,#5747,#5748,#5749,#5750,#5758,#5766,
    #5774,#5783));
#5738 = ORIENTED_EDGE('',*,*,#5739,.T.);
#5739 = EDGE_CURVE('',#5740,#1843,#5742,.T.);
#5740 = VERTEX_POINT('',#5741);
#5741 = CARTESIAN_POINT('',(4.784250700561,46.95,-12.2));
#5742 = LINE('',#5743,#5744);
#5743 = CARTESIAN_POINT('',(4.784250700561,47.95,-12.2));
#5744 = VECTOR('',#5745,1.);
#5745 = DIRECTION('',(0.,1.,-2.22044604925E-16));
#5746 = ORIENTED_EDGE('',*,*,#1851,.T.);
#5747 = ORIENTED_EDGE('',*,*,#1755,.T.);
#5748 = ORIENTED_EDGE('',*,*,#1530,.T.);
#5749 = ORIENTED_EDGE('',*,*,#5692,.T.);
#5750 = ORIENTED_EDGE('',*,*,#5751,.T.);
#5751 = EDGE_CURVE('',#5693,#5752,#5754,.T.);
#5752 = VERTEX_POINT('',#5753);
#5753 = CARTESIAN_POINT('',(-37.52120327386,32.55,-12.2));
#5754 = LINE('',#5755,#5756);
#5755 = CARTESIAN_POINT('',(-37.52120327386,13.425,-12.2));
#5756 = VECTOR('',#5757,1.);
#5757 = DIRECTION('',(0.,1.,0.));
#5758 = ORIENTED_EDGE('',*,*,#5759,.T.);
#5759 = EDGE_CURVE('',#5752,#5760,#5762,.T.);
#5760 = VERTEX_POINT('',#5761);
#5761 = CARTESIAN_POINT('',(-37.35,32.55,-12.2));
#5762 = LINE('',#5763,#5764);
#5763 = CARTESIAN_POINT('',(-18.76060163693,32.55,-12.2));
#5764 = VECTOR('',#5765,1.);
#5765 = DIRECTION('',(1.,0.,0.));
#5766 = ORIENTED_EDGE('',*,*,#5767,.F.);
#5767 = EDGE_CURVE('',#5768,#5760,#5770,.T.);
#5768 = VERTEX_POINT('',#5769);
#5769 = CARTESIAN_POINT('',(-37.35,36.75,-12.2));
#5770 = LINE('',#5771,#5772);
#5771 = CARTESIAN_POINT('',(-37.35,36.75,-12.2));
#5772 = VECTOR('',#5773,1.);
#5773 = DIRECTION('',(0.,-1.,0.));
#5774 = ORIENTED_EDGE('',*,*,#5775,.F.);
#5775 = EDGE_CURVE('',#5776,#5768,#5778,.T.);
#5776 = VERTEX_POINT('',#5777);
#5777 = CARTESIAN_POINT('',(-27.15,46.95,-12.2));
#5778 = CIRCLE('',#5779,10.2);
#5779 = AXIS2_PLACEMENT_3D('',#5780,#5781,#5782);
#5780 = CARTESIAN_POINT('',(-27.15,36.75,-12.2));
#5781 = DIRECTION('',(0.,0.,1.));
#5782 = DIRECTION('',(1.,0.,0.));
#5783 = ORIENTED_EDGE('',*,*,#5784,.F.);
#5784 = EDGE_CURVE('',#5740,#5776,#5785,.T.);
#5785 = LINE('',#5786,#5787);
#5786 = CARTESIAN_POINT('',(27.149999999997,46.95,-12.2));
#5787 = VECTOR('',#5788,1.);
#5788 = DIRECTION('',(-1.,0.,0.));
#5789 = PLANE('',#5790);
#5790 = AXIS2_PLACEMENT_3D('',#5791,#5792,#5793);
#5791 = CARTESIAN_POINT('',(-4.632493799393E-15,-9.702015315709E-15,
    -12.2));
#5792 = DIRECTION('',(0.,0.,1.));
#5793 = DIRECTION('',(1.,0.,0.));
#5794 = ADVANCED_FACE('',(#5795),#5855,.F.);
#5795 = FACE_BOUND('',#5796,.F.);
#5796 = EDGE_LOOP('',(#5797,#5805,#5806,#5807,#5808,#5816,#5824,#5833,
    #5841,#5849));
#5797 = ORIENTED_EDGE('',*,*,#5798,.F.);
#5798 = EDGE_CURVE('',#1718,#5799,#5801,.T.);
#5799 = VERTEX_POINT('',#5800);
#5800 = CARTESIAN_POINT('',(37.521203273864,18.730000000006,-12.2));
#5801 = LINE('',#5802,#5803);
#5802 = CARTESIAN_POINT('',(19.175,18.730000000006,-12.2));
#5803 = VECTOR('',#5804,1.);
#5804 = DIRECTION('',(-1.,0.,0.));
#5805 = ORIENTED_EDGE('',*,*,#1725,.T.);
#5806 = ORIENTED_EDGE('',*,*,#1773,.T.);
#5807 = ORIENTED_EDGE('',*,*,#1799,.T.);
#5808 = ORIENTED_EDGE('',*,*,#5809,.F.);
#5809 = EDGE_CURVE('',#5810,#1800,#5812,.T.);
#5810 = VERTEX_POINT('',#5811);
#5811 = CARTESIAN_POINT('',(20.907987240797,46.95,-12.2));
#5812 = LINE('',#5813,#5814);
#5813 = CARTESIAN_POINT('',(20.907987240797,47.95,-12.2));
#5814 = VECTOR('',#5815,1.);
#5815 = DIRECTION('',(0.,1.,-2.22044604925E-16));
#5816 = ORIENTED_EDGE('',*,*,#5817,.F.);
#5817 = EDGE_CURVE('',#5818,#5810,#5820,.T.);
#5818 = VERTEX_POINT('',#5819);
#5819 = CARTESIAN_POINT('',(27.149999999997,46.95,-12.2));
#5820 = LINE('',#5821,#5822);
#5821 = CARTESIAN_POINT('',(27.149999999997,46.95,-12.2));
#5822 = VECTOR('',#5823,1.);
#5823 = DIRECTION('',(-1.,0.,0.));
#5824 = ORIENTED_EDGE('',*,*,#5825,.F.);
#5825 = EDGE_CURVE('',#5826,#5818,#5828,.T.);
#5826 = VERTEX_POINT('',#5827);
#5827 = CARTESIAN_POINT('',(37.349999999997,36.75,-12.2));
#5828 = CIRCLE('',#5829,10.2);
#5829 = AXIS2_PLACEMENT_3D('',#5830,#5831,#5832);
#5830 = CARTESIAN_POINT('',(27.149999999997,36.75,-12.2));
#5831 = DIRECTION('',(0.,0.,1.));
#5832 = DIRECTION('',(1.,0.,0.));
#5833 = ORIENTED_EDGE('',*,*,#5834,.F.);
#5834 = EDGE_CURVE('',#5835,#5826,#5837,.T.);
#5835 = VERTEX_POINT('',#5836);
#5836 = CARTESIAN_POINT('',(37.349999999997,19.73,-12.2));
#5837 = LINE('',#5838,#5839);
#5838 = CARTESIAN_POINT('',(37.349999999997,-36.75,-12.2));
#5839 = VECTOR('',#5840,1.);
#5840 = DIRECTION('',(0.,1.,0.));
#5841 = ORIENTED_EDGE('',*,*,#5842,.F.);
#5842 = EDGE_CURVE('',#5843,#5835,#5845,.T.);
#5843 = VERTEX_POINT('',#5844);
#5844 = CARTESIAN_POINT('',(37.521203273864,19.73,-12.2));
#5845 = LINE('',#5846,#5847);
#5846 = CARTESIAN_POINT('',(18.760601636932,19.73,-12.2));
#5847 = VECTOR('',#5848,1.);
#5848 = DIRECTION('',(-1.,0.,0.));
#5849 = ORIENTED_EDGE('',*,*,#5850,.F.);
#5850 = EDGE_CURVE('',#5799,#5843,#5851,.T.);
#5851 = LINE('',#5852,#5853);
#5852 = CARTESIAN_POINT('',(37.521203273864,5.965,-12.2));
#5853 = VECTOR('',#5854,1.);
#5854 = DIRECTION('',(0.,1.,0.));
#5855 = PLANE('',#5856);
#5856 = AXIS2_PLACEMENT_3D('',#5857,#5858,#5859);
#5857 = CARTESIAN_POINT('',(-4.632493799393E-15,-9.702015315709E-15,
    -12.2));
#5858 = DIRECTION('',(0.,0.,1.));
#5859 = DIRECTION('',(1.,0.,0.));
#5860 = ADVANCED_FACE('',(#5861),#5903,.F.);
#5861 = FACE_BOUND('',#5862,.F.);
#5862 = EDGE_LOOP('',(#5863,#5864,#5865,#5873,#5881,#5889,#5897));
#5863 = ORIENTED_EDGE('',*,*,#1717,.F.);
#5864 = ORIENTED_EDGE('',*,*,#5798,.T.);
#5865 = ORIENTED_EDGE('',*,*,#5866,.F.);
#5866 = EDGE_CURVE('',#5867,#5799,#5869,.T.);
#5867 = VERTEX_POINT('',#5868);
#5868 = CARTESIAN_POINT('',(37.521203273864,18.730000000006,
    -11.5543036921));
#5869 = LINE('',#5870,#5871);
#5870 = CARTESIAN_POINT('',(37.521203273864,18.730000000006,
    -11.22499999999));
#5871 = VECTOR('',#5872,1.);
#5872 = DIRECTION('',(0.,0.,-1.));
#5873 = ORIENTED_EDGE('',*,*,#5874,.T.);
#5874 = EDGE_CURVE('',#5867,#5875,#5877,.T.);
#5875 = VERTEX_POINT('',#5876);
#5876 = CARTESIAN_POINT('',(37.721203273861,18.730000000006,-10.8));
#5877 = LINE('',#5878,#5879);
#5878 = CARTESIAN_POINT('',(37.382646757659,18.730000000006,
    -12.0768721508));
#5879 = VECTOR('',#5880,1.);
#5880 = DIRECTION('',(0.256289373133,0.,0.966600102017));
#5881 = ORIENTED_EDGE('',*,*,#5882,.T.);
#5882 = EDGE_CURVE('',#5875,#5883,#5885,.T.);
#5883 = VERTEX_POINT('',#5884);
#5884 = CARTESIAN_POINT('',(37.521203273864,18.730000000006,-10.8));
#5885 = LINE('',#5886,#5887);
#5886 = CARTESIAN_POINT('',(32.749999999998,18.730000000006,-10.8));
#5887 = VECTOR('',#5888,1.);
#5888 = DIRECTION('',(-1.,0.,0.));
#5889 = ORIENTED_EDGE('',*,*,#5890,.F.);
#5890 = EDGE_CURVE('',#5891,#5883,#5893,.T.);
#5891 = VERTEX_POINT('',#5892);
#5892 = CARTESIAN_POINT('',(37.521203273864,18.730000000006,-2.6));
#5893 = LINE('',#5894,#5895);
#5894 = CARTESIAN_POINT('',(37.521203273864,18.730000000006,
    -11.22499999999));
#5895 = VECTOR('',#5896,1.);
#5896 = DIRECTION('',(0.,0.,-1.));
#5897 = ORIENTED_EDGE('',*,*,#5898,.F.);
#5898 = EDGE_CURVE('',#1710,#5891,#5899,.T.);
#5899 = LINE('',#5900,#5901);
#5900 = CARTESIAN_POINT('',(38.35,18.730000000006,-2.6));
#5901 = VECTOR('',#5902,1.);
#5902 = DIRECTION('',(-1.,-0.,-0.));
#5903 = PLANE('',#5904);
#5904 = AXIS2_PLACEMENT_3D('',#5905,#5906,#5907);
#5905 = CARTESIAN_POINT('',(38.35,18.730000000006,-13.69999999998));
#5906 = DIRECTION('',(0.,1.,0.));
#5907 = DIRECTION('',(0.,0.,1.));
#5908 = ADVANCED_FACE('',(#5909),#5927,.F.);
#5909 = FACE_BOUND('',#5910,.F.);
#5910 = EDGE_LOOP('',(#5911,#5912,#5913,#5921));
#5911 = ORIENTED_EDGE('',*,*,#1709,.F.);
#5912 = ORIENTED_EDGE('',*,*,#5898,.T.);
#5913 = ORIENTED_EDGE('',*,*,#5914,.F.);
#5914 = EDGE_CURVE('',#5915,#5891,#5917,.T.);
#5915 = VERTEX_POINT('',#5916);
#5916 = CARTESIAN_POINT('',(37.521203273864,14.029999999994,-2.6));
#5917 = LINE('',#5918,#5919);
#5918 = CARTESIAN_POINT('',(37.521203273864,15.330000000003,-2.6));
#5919 = VECTOR('',#5920,1.);
#5920 = DIRECTION('',(0.,1.,0.));
#5921 = ORIENTED_EDGE('',*,*,#5922,.F.);
#5922 = EDGE_CURVE('',#1702,#5915,#5923,.T.);
#5923 = LINE('',#5924,#5925);
#5924 = CARTESIAN_POINT('',(38.35,14.029999999994,-2.6));
#5925 = VECTOR('',#5926,1.);
#5926 = DIRECTION('',(-1.,-0.,-0.));
#5927 = PLANE('',#5928);
#5928 = AXIS2_PLACEMENT_3D('',#5929,#5930,#5931);
#5929 = CARTESIAN_POINT('',(38.35,18.730000000006,-2.6));
#5930 = DIRECTION('',(0.,0.,1.));
#5931 = DIRECTION('',(0.,-1.,0.));
#5932 = ADVANCED_FACE('',(#5933),#5975,.F.);
#5933 = FACE_BOUND('',#5934,.F.);
#5934 = EDGE_LOOP('',(#5935,#5936,#5937,#5945,#5953,#5961,#5969));
#5935 = ORIENTED_EDGE('',*,*,#1701,.F.);
#5936 = ORIENTED_EDGE('',*,*,#5922,.T.);
#5937 = ORIENTED_EDGE('',*,*,#5938,.F.);
#5938 = EDGE_CURVE('',#5939,#5915,#5941,.T.);
#5939 = VERTEX_POINT('',#5940);
#5940 = CARTESIAN_POINT('',(37.521203273864,14.029999999994,-10.8));
#5941 = LINE('',#5942,#5943);
#5942 = CARTESIAN_POINT('',(37.521203273864,14.029999999994,-5.675));
#5943 = VECTOR('',#5944,1.);
#5944 = DIRECTION('',(0.,0.,1.));
#5945 = ORIENTED_EDGE('',*,*,#5946,.T.);
#5946 = EDGE_CURVE('',#5939,#5947,#5949,.T.);
#5947 = VERTEX_POINT('',#5948);
#5948 = CARTESIAN_POINT('',(37.721203273861,14.029999999994,-10.8));
#5949 = LINE('',#5950,#5951);
#5950 = CARTESIAN_POINT('',(32.749999999998,14.029999999994,-10.8));
#5951 = VECTOR('',#5952,1.);
#5952 = DIRECTION('',(1.,0.,0.));
#5953 = ORIENTED_EDGE('',*,*,#5954,.T.);
#5954 = EDGE_CURVE('',#5947,#5955,#5957,.T.);
#5955 = VERTEX_POINT('',#5956);
#5956 = CARTESIAN_POINT('',(37.521203273864,14.029999999994,
    -11.5543036921));
#5957 = LINE('',#5958,#5959);
#5958 = CARTESIAN_POINT('',(38.757544562557,14.029999999994,
    -6.89141969824));
#5959 = VECTOR('',#5960,1.);
#5960 = DIRECTION('',(-0.256289373133,-0.,-0.966600102017));
#5961 = ORIENTED_EDGE('',*,*,#5962,.F.);
#5962 = EDGE_CURVE('',#5963,#5955,#5965,.T.);
#5963 = VERTEX_POINT('',#5964);
#5964 = CARTESIAN_POINT('',(37.521203273864,14.029999999994,-12.2));
#5965 = LINE('',#5966,#5967);
#5966 = CARTESIAN_POINT('',(37.521203273864,14.029999999994,-5.675));
#5967 = VECTOR('',#5968,1.);
#5968 = DIRECTION('',(0.,0.,1.));
#5969 = ORIENTED_EDGE('',*,*,#5970,.T.);
#5970 = EDGE_CURVE('',#5963,#1694,#5971,.T.);
#5971 = LINE('',#5972,#5973);
#5972 = CARTESIAN_POINT('',(19.175,14.029999999994,-12.2));
#5973 = VECTOR('',#5974,1.);
#5974 = DIRECTION('',(1.,0.,0.));
#5975 = PLANE('',#5976);
#5976 = AXIS2_PLACEMENT_3D('',#5977,#5978,#5979);
#5977 = CARTESIAN_POINT('',(38.35,14.029999999994,-2.6));
#5978 = DIRECTION('',(0.,-1.,0.));
#5979 = DIRECTION('',(0.,0.,-1.));
#5980 = ADVANCED_FACE('',(#5981),#6031,.F.);
#5981 = FACE_BOUND('',#5982,.F.);
#5982 = EDGE_LOOP('',(#5983,#5991,#5992,#5993,#6001,#6009,#6017,#6025));
#5983 = ORIENTED_EDGE('',*,*,#5984,.F.);
#5984 = EDGE_CURVE('',#1686,#5985,#5987,.T.);
#5985 = VERTEX_POINT('',#5986);
#5986 = CARTESIAN_POINT('',(37.521203273864,9.83,-12.2));
#5987 = LINE('',#5988,#5989);
#5988 = CARTESIAN_POINT('',(19.175,9.83,-12.2));
#5989 = VECTOR('',#5990,1.);
#5990 = DIRECTION('',(-1.,0.,0.));
#5991 = ORIENTED_EDGE('',*,*,#1693,.T.);
#5992 = ORIENTED_EDGE('',*,*,#5970,.F.);
#5993 = ORIENTED_EDGE('',*,*,#5994,.F.);
#5994 = EDGE_CURVE('',#5995,#5963,#5997,.T.);
#5995 = VERTEX_POINT('',#5996);
#5996 = CARTESIAN_POINT('',(37.521203273864,13.03,-12.2));
#5997 = LINE('',#5998,#5999);
#5998 = CARTESIAN_POINT('',(37.521203273864,5.965,-12.2));
#5999 = VECTOR('',#6000,1.);
#6000 = DIRECTION('',(0.,1.,0.));
#6001 = ORIENTED_EDGE('',*,*,#6002,.F.);
#6002 = EDGE_CURVE('',#6003,#5995,#6005,.T.);
#6003 = VERTEX_POINT('',#6004);
#6004 = CARTESIAN_POINT('',(37.349999999997,13.03,-12.2));
#6005 = LINE('',#6006,#6007);
#6006 = CARTESIAN_POINT('',(18.760601636932,13.03,-12.2));
#6007 = VECTOR('',#6008,1.);
#6008 = DIRECTION('',(1.,0.,0.));
#6009 = ORIENTED_EDGE('',*,*,#6010,.F.);
#6010 = EDGE_CURVE('',#6011,#6003,#6013,.T.);
#6011 = VERTEX_POINT('',#6012);
#6012 = CARTESIAN_POINT('',(37.349999999997,10.83,-12.2));
#6013 = LINE('',#6014,#6015);
#6014 = CARTESIAN_POINT('',(37.349999999997,-36.75,-12.2));
#6015 = VECTOR('',#6016,1.);
#6016 = DIRECTION('',(0.,1.,0.));
#6017 = ORIENTED_EDGE('',*,*,#6018,.F.);
#6018 = EDGE_CURVE('',#6019,#6011,#6021,.T.);
#6019 = VERTEX_POINT('',#6020);
#6020 = CARTESIAN_POINT('',(37.521203273864,10.83,-12.2));
#6021 = LINE('',#6022,#6023);
#6022 = CARTESIAN_POINT('',(18.760601636932,10.83,-12.2));
#6023 = VECTOR('',#6024,1.);
#6024 = DIRECTION('',(-1.,0.,0.));
#6025 = ORIENTED_EDGE('',*,*,#6026,.F.);
#6026 = EDGE_CURVE('',#5985,#6019,#6027,.T.);
#6027 = LINE('',#6028,#6029);
#6028 = CARTESIAN_POINT('',(37.521203273864,5.965,-12.2));
#6029 = VECTOR('',#6030,1.);
#6030 = DIRECTION('',(0.,1.,0.));
#6031 = PLANE('',#6032);
#6032 = AXIS2_PLACEMENT_3D('',#6033,#6034,#6035);
#6033 = CARTESIAN_POINT('',(-4.632493799393E-15,-9.702015315709E-15,
    -12.2));
#6034 = DIRECTION('',(0.,0.,1.));
#6035 = DIRECTION('',(1.,0.,0.));
#6036 = ADVANCED_FACE('',(#6037),#6079,.F.);
#6037 = FACE_BOUND('',#6038,.F.);
#6038 = EDGE_LOOP('',(#6039,#6040,#6041,#6049,#6057,#6065,#6073));
#6039 = ORIENTED_EDGE('',*,*,#1685,.F.);
#6040 = ORIENTED_EDGE('',*,*,#5984,.T.);
#6041 = ORIENTED_EDGE('',*,*,#6042,.F.);
#6042 = EDGE_CURVE('',#6043,#5985,#6045,.T.);
#6043 = VERTEX_POINT('',#6044);
#6044 = CARTESIAN_POINT('',(37.521203273864,9.83,-11.5543036921));
#6045 = LINE('',#6046,#6047);
#6046 = CARTESIAN_POINT('',(37.521203273864,9.83,-11.225));
#6047 = VECTOR('',#6048,1.);
#6048 = DIRECTION('',(0.,0.,-1.));
#6049 = ORIENTED_EDGE('',*,*,#6050,.T.);
#6050 = EDGE_CURVE('',#6043,#6051,#6053,.T.);
#6051 = VERTEX_POINT('',#6052);
#6052 = CARTESIAN_POINT('',(37.721203273861,9.83,-10.8));
#6053 = LINE('',#6054,#6055);
#6054 = CARTESIAN_POINT('',(37.382646757657,9.83,-12.0768721508));
#6055 = VECTOR('',#6056,1.);
#6056 = DIRECTION('',(0.256289373133,0.,0.966600102017));
#6057 = ORIENTED_EDGE('',*,*,#6058,.T.);
#6058 = EDGE_CURVE('',#6051,#6059,#6061,.T.);
#6059 = VERTEX_POINT('',#6060);
#6060 = CARTESIAN_POINT('',(37.521203273864,9.83,-10.8));
#6061 = LINE('',#6062,#6063);
#6062 = CARTESIAN_POINT('',(32.749999999998,9.83,-10.8));
#6063 = VECTOR('',#6064,1.);
#6064 = DIRECTION('',(-1.,0.,0.));
#6065 = ORIENTED_EDGE('',*,*,#6066,.F.);
#6066 = EDGE_CURVE('',#6067,#6059,#6069,.T.);
#6067 = VERTEX_POINT('',#6068);
#6068 = CARTESIAN_POINT('',(37.521203273864,9.83,-2.6));
#6069 = LINE('',#6070,#6071);
#6070 = CARTESIAN_POINT('',(37.521203273864,9.83,-11.225));
#6071 = VECTOR('',#6072,1.);
#6072 = DIRECTION('',(0.,0.,-1.));
#6073 = ORIENTED_EDGE('',*,*,#6074,.F.);
#6074 = EDGE_CURVE('',#1678,#6067,#6075,.T.);
#6075 = LINE('',#6076,#6077);
#6076 = CARTESIAN_POINT('',(38.35,9.83,-2.6));
#6077 = VECTOR('',#6078,1.);
#6078 = DIRECTION('',(-1.,-0.,-0.));
#6079 = PLANE('',#6080);
#6080 = AXIS2_PLACEMENT_3D('',#6081,#6082,#6083);
#6081 = CARTESIAN_POINT('',(38.35,9.83,-13.7));
#6082 = DIRECTION('',(0.,1.,0.));
#6083 = DIRECTION('',(0.,0.,1.));
#6084 = ADVANCED_FACE('',(#6085),#6096,.F.);
#6085 = FACE_BOUND('',#6086,.F.);
#6086 = EDGE_LOOP('',(#6087,#6088,#6089,#6095));
#6087 = ORIENTED_EDGE('',*,*,#1677,.F.);
#6088 = ORIENTED_EDGE('',*,*,#6074,.T.);
#6089 = ORIENTED_EDGE('',*,*,#6090,.F.);
#6090 = EDGE_CURVE('',#4895,#6067,#6091,.T.);
#6091 = LINE('',#6092,#6093);
#6092 = CARTESIAN_POINT('',(37.521203273864,10.88,-2.6));
#6093 = VECTOR('',#6094,1.);
#6094 = DIRECTION('',(0.,1.,0.));
#6095 = ORIENTED_EDGE('',*,*,#4894,.F.);
#6096 = PLANE('',#6097);
#6097 = AXIS2_PLACEMENT_3D('',#6098,#6099,#6100);
#6098 = CARTESIAN_POINT('',(38.35,9.83,-2.6));
#6099 = DIRECTION('',(0.,0.,1.));
#6100 = DIRECTION('',(0.,-1.,0.));
#6101 = ADVANCED_FACE('',(#6102),#6165,.F.);
#6102 = FACE_BOUND('',#6103,.T.);
#6103 = EDGE_LOOP('',(#6104,#6105,#6113,#6122,#6131,#6139,#6148,#6156,
    #6163,#6164));
#6104 = ORIENTED_EDGE('',*,*,#1833,.F.);
#6105 = ORIENTED_EDGE('',*,*,#6106,.F.);
#6106 = EDGE_CURVE('',#6107,#1826,#6109,.T.);
#6107 = VERTEX_POINT('',#6108);
#6108 = CARTESIAN_POINT('',(9.155749299439,46.95,-12.2));
#6109 = LINE('',#6110,#6111);
#6110 = CARTESIAN_POINT('',(9.155749299439,47.95,-12.2));
#6111 = VECTOR('',#6112,1.);
#6112 = DIRECTION('',(0.,1.,-2.22044604925E-16));
#6113 = ORIENTED_EDGE('',*,*,#6114,.F.);
#6114 = EDGE_CURVE('',#6115,#6107,#6117,.T.);
#6115 = VERTEX_POINT('',#6116);
#6116 = CARTESIAN_POINT('',(9.17,47.016286298904,-11.95));
#6117 = ELLIPSE('',#6118,2.27601879558,2.2);
#6118 = AXIS2_PLACEMENT_3D('',#6119,#6120,#6121);
#6119 = CARTESIAN_POINT('',(6.97,47.016286298904,-11.95));
#6120 = DIRECTION('',(0.,0.966600102017,-0.256289373133));
#6121 = DIRECTION('',(0.,0.256289373133,0.966600102017));
#6122 = ORIENTED_EDGE('',*,*,#6123,.F.);
#6123 = EDGE_CURVE('',#6124,#6115,#6126,.T.);
#6124 = VERTEX_POINT('',#6125);
#6125 = CARTESIAN_POINT('',(8.845499933351,47.321203273864,-10.8));
#6126 = ELLIPSE('',#6127,2.27601879558,2.2);
#6127 = AXIS2_PLACEMENT_3D('',#6128,#6129,#6130);
#6128 = CARTESIAN_POINT('',(6.97,47.016286298904,-11.95));
#6129 = DIRECTION('',(0.,0.966600102017,-0.256289373133));
#6130 = DIRECTION('',(0.,0.256289373133,0.966600102017));
#6131 = ORIENTED_EDGE('',*,*,#6132,.F.);
#6132 = EDGE_CURVE('',#6133,#6124,#6135,.T.);
#6133 = VERTEX_POINT('',#6134);
#6134 = CARTESIAN_POINT('',(8.845499933351,45.75,-10.8));
#6135 = LINE('',#6136,#6137);
#6136 = CARTESIAN_POINT('',(8.845499933351,47.95,-10.8));
#6137 = VECTOR('',#6138,1.);
#6138 = DIRECTION('',(0.,1.,-2.22044604925E-16));
#6139 = ORIENTED_EDGE('',*,*,#6140,.T.);
#6140 = EDGE_CURVE('',#6133,#6141,#6143,.T.);
#6141 = VERTEX_POINT('',#6142);
#6142 = CARTESIAN_POINT('',(5.094500066649,45.75,-10.8));
#6143 = CIRCLE('',#6144,2.2);
#6144 = AXIS2_PLACEMENT_3D('',#6145,#6146,#6147);
#6145 = CARTESIAN_POINT('',(6.97,45.75,-11.95));
#6146 = DIRECTION('',(0.,-1.,2.22044604925E-16));
#6147 = DIRECTION('',(1.,0.,0.));
#6148 = ORIENTED_EDGE('',*,*,#6149,.T.);
#6149 = EDGE_CURVE('',#6141,#6150,#6152,.T.);
#6150 = VERTEX_POINT('',#6151);
#6151 = CARTESIAN_POINT('',(5.094500066649,47.321203273864,-10.8));
#6152 = LINE('',#6153,#6154);
#6153 = CARTESIAN_POINT('',(5.094500066649,47.95,-10.8));
#6154 = VECTOR('',#6155,1.);
#6155 = DIRECTION('',(0.,1.,-2.22044604925E-16));
#6156 = ORIENTED_EDGE('',*,*,#6157,.F.);
#6157 = EDGE_CURVE('',#5740,#6150,#6158,.T.);
#6158 = ELLIPSE('',#6159,2.27601879558,2.2);
#6159 = AXIS2_PLACEMENT_3D('',#6160,#6161,#6162);
#6160 = CARTESIAN_POINT('',(6.97,47.016286298904,-11.95));
#6161 = DIRECTION('',(0.,0.966600102017,-0.256289373133));
#6162 = DIRECTION('',(0.,0.256289373133,0.966600102017));
#6163 = ORIENTED_EDGE('',*,*,#5739,.T.);
#6164 = ORIENTED_EDGE('',*,*,#1842,.F.);
#6165 = CYLINDRICAL_SURFACE('',#6166,2.2);
#6166 = AXIS2_PLACEMENT_3D('',#6167,#6168,#6169);
#6167 = CARTESIAN_POINT('',(6.97,47.95,-11.95));
#6168 = DIRECTION('',(0.,1.,-2.22044604925E-16));
#6169 = DIRECTION('',(1.,0.,0.));
#6170 = ADVANCED_FACE('',(#6171),#6189,.F.);
#6171 = FACE_BOUND('',#6172,.F.);
#6172 = EDGE_LOOP('',(#6173,#6181,#6182,#6183));
#6173 = ORIENTED_EDGE('',*,*,#6174,.T.);
#6174 = EDGE_CURVE('',#6175,#1817,#6177,.T.);
#6175 = VERTEX_POINT('',#6176);
#6176 = CARTESIAN_POINT('',(15.892012759203,46.95,-12.2));
#6177 = LINE('',#6178,#6179);
#6178 = CARTESIAN_POINT('',(15.892012759203,47.95,-12.2));
#6179 = VECTOR('',#6180,1.);
#6180 = DIRECTION('',(0.,1.,-2.22044604925E-16));
#6181 = ORIENTED_EDGE('',*,*,#1825,.T.);
#6182 = ORIENTED_EDGE('',*,*,#6106,.F.);
#6183 = ORIENTED_EDGE('',*,*,#6184,.F.);
#6184 = EDGE_CURVE('',#6175,#6107,#6185,.T.);
#6185 = LINE('',#6186,#6187);
#6186 = CARTESIAN_POINT('',(27.149999999997,46.95,-12.2));
#6187 = VECTOR('',#6188,1.);
#6188 = DIRECTION('',(-1.,0.,0.));
#6189 = PLANE('',#6190);
#6190 = AXIS2_PLACEMENT_3D('',#6191,#6192,#6193);
#6191 = CARTESIAN_POINT('',(-4.632493799393E-15,-9.702015315709E-15,
    -12.2));
#6192 = DIRECTION('',(0.,0.,1.));
#6193 = DIRECTION('',(1.,0.,0.));
#6194 = ADVANCED_FACE('',(#6195),#6251,.F.);
#6195 = FACE_BOUND('',#6196,.T.);
#6196 = EDGE_LOOP('',(#6197,#6198,#6199,#6208,#6217,#6225,#6234,#6242,
    #6249,#6250));
#6197 = ORIENTED_EDGE('',*,*,#1807,.F.);
#6198 = ORIENTED_EDGE('',*,*,#5809,.F.);
#6199 = ORIENTED_EDGE('',*,*,#6200,.F.);
#6200 = EDGE_CURVE('',#6201,#5810,#6203,.T.);
#6201 = VERTEX_POINT('',#6202);
#6202 = CARTESIAN_POINT('',(21.1,47.215145195617,-11.2));
#6203 = ELLIPSE('',#6204,2.793295794575,2.7);
#6204 = AXIS2_PLACEMENT_3D('',#6205,#6206,#6207);
#6205 = CARTESIAN_POINT('',(18.4,47.215145195617,-11.2));
#6206 = DIRECTION('',(0.,0.966600102017,-0.256289373133));
#6207 = DIRECTION('',(0.,0.256289373133,0.966600102017));
#6208 = ORIENTED_EDGE('',*,*,#6209,.F.);
#6209 = EDGE_CURVE('',#6210,#6201,#6212,.T.);
#6210 = VERTEX_POINT('',#6211);
#6211 = CARTESIAN_POINT('',(21.070205984564,47.321203273864,-10.8));
#6212 = ELLIPSE('',#6213,2.793295794575,2.7);
#6213 = AXIS2_PLACEMENT_3D('',#6214,#6215,#6216);
#6214 = CARTESIAN_POINT('',(18.4,47.215145195617,-11.2));
#6215 = DIRECTION('',(0.,0.966600102017,-0.256289373133));
#6216 = DIRECTION('',(0.,0.256289373133,0.966600102017));
#6217 = ORIENTED_EDGE('',*,*,#6218,.F.);
#6218 = EDGE_CURVE('',#6219,#6210,#6221,.T.);
#6219 = VERTEX_POINT('',#6220);
#6220 = CARTESIAN_POINT('',(21.070205984564,45.75,-10.8));
#6221 = LINE('',#6222,#6223);
#6222 = CARTESIAN_POINT('',(21.070205984564,47.95,-10.8));
#6223 = VECTOR('',#6224,1.);
#6224 = DIRECTION('',(0.,1.,-2.22044604925E-16));
#6225 = ORIENTED_EDGE('',*,*,#6226,.T.);
#6226 = EDGE_CURVE('',#6219,#6227,#6229,.T.);
#6227 = VERTEX_POINT('',#6228);
#6228 = CARTESIAN_POINT('',(15.729794015436,45.75,-10.8));
#6229 = CIRCLE('',#6230,2.7);
#6230 = AXIS2_PLACEMENT_3D('',#6231,#6232,#6233);
#6231 = CARTESIAN_POINT('',(18.4,45.75,-11.2));
#6232 = DIRECTION('',(0.,-1.,2.22044604925E-16));
#6233 = DIRECTION('',(1.,0.,0.));
#6234 = ORIENTED_EDGE('',*,*,#6235,.T.);
#6235 = EDGE_CURVE('',#6227,#6236,#6238,.T.);
#6236 = VERTEX_POINT('',#6237);
#6237 = CARTESIAN_POINT('',(15.729794015436,47.321203273864,-10.8));
#6238 = LINE('',#6239,#6240);
#6239 = CARTESIAN_POINT('',(15.729794015436,47.95,-10.8));
#6240 = VECTOR('',#6241,1.);
#6241 = DIRECTION('',(0.,1.,-2.22044604925E-16));
#6242 = ORIENTED_EDGE('',*,*,#6243,.F.);
#6243 = EDGE_CURVE('',#6175,#6236,#6244,.T.);
#6244 = ELLIPSE('',#6245,2.793295794575,2.7);
#6245 = AXIS2_PLACEMENT_3D('',#6246,#6247,#6248);
#6246 = CARTESIAN_POINT('',(18.4,47.215145195617,-11.2));
#6247 = DIRECTION('',(0.,0.966600102017,-0.256289373133));
#6248 = DIRECTION('',(0.,0.256289373133,0.966600102017));
#6249 = ORIENTED_EDGE('',*,*,#6174,.T.);
#6250 = ORIENTED_EDGE('',*,*,#1816,.F.);
#6251 = CYLINDRICAL_SURFACE('',#6252,2.7);
#6252 = AXIS2_PLACEMENT_3D('',#6253,#6254,#6255);
#6253 = CARTESIAN_POINT('',(18.4,47.95,-11.2));
#6254 = DIRECTION('',(0.,1.,-2.22044604925E-16));
#6255 = DIRECTION('',(1.,0.,0.));
#6256 = ADVANCED_FACE('',(#6257,#6629,#6699),#6733,.F.);
#6257 = FACE_BOUND('',#6258,.F.);
#6258 = EDGE_LOOP('',(#6259,#6270,#6278,#6287,#6293,#6294,#6295,#6296,
    #6297,#6298,#6299,#6300,#6301,#6302,#6303,#6304,#6305,#6306,#6307,
    #6308,#6309,#6310,#6311,#6312,#6313,#6314,#6315,#6316,#6317,#6318,
    #6319,#6320,#6321,#6322,#6330,#6339,#6348,#6357,#6366,#6374,#6382,
    #6390,#6398,#6406,#6414,#6422,#6430,#6438,#6447,#6456,#6465,#6474,
    #6482,#6491,#6500,#6509,#6518,#6526,#6534,#6542,#6550,#6558,#6566,
    #6574,#6582,#6590,#6598,#6606,#6614,#6622));
#6259 = ORIENTED_EDGE('',*,*,#6260,.F.);
#6260 = EDGE_CURVE('',#6261,#6263,#6265,.T.);
#6261 = VERTEX_POINT('',#6262);
#6262 = CARTESIAN_POINT('',(-36.15,-36.43520564412,-2.2));
#6263 = VERTEX_POINT('',#6264);
#6264 = CARTESIAN_POINT('',(-32.747,-35.482,-2.2));
#6265 = CIRCLE('',#6266,1.835);
#6266 = AXIS2_PLACEMENT_3D('',#6267,#6268,#6269);
#6267 = CARTESIAN_POINT('',(-34.582,-35.482,-2.2));
#6268 = DIRECTION('',(0.,0.,1.));
#6269 = DIRECTION('',(1.,0.,0.));
#6270 = ORIENTED_EDGE('',*,*,#6271,.T.);
#6271 = EDGE_CURVE('',#6261,#6272,#6274,.T.);
#6272 = VERTEX_POINT('',#6273);
#6273 = CARTESIAN_POINT('',(-36.15,-36.75,-2.2));
#6274 = LINE('',#6275,#6276);
#6275 = CARTESIAN_POINT('',(-36.15,36.75,-2.2));
#6276 = VECTOR('',#6277,1.);
#6277 = DIRECTION('',(0.,-1.,0.));
#6278 = ORIENTED_EDGE('',*,*,#6279,.T.);
#6279 = EDGE_CURVE('',#6272,#6280,#6282,.T.);
#6280 = VERTEX_POINT('',#6281);
#6281 = CARTESIAN_POINT('',(-30.59130487601,-45.06609408017,-2.2));
#6282 = CIRCLE('',#6283,9.);
#6283 = AXIS2_PLACEMENT_3D('',#6284,#6285,#6286);
#6284 = CARTESIAN_POINT('',(-27.15,-36.75,-2.2));
#6285 = DIRECTION('',(0.,0.,1.));
#6286 = DIRECTION('',(1.,0.,0.));
#6287 = ORIENTED_EDGE('',*,*,#6288,.T.);
#6288 = EDGE_CURVE('',#6280,#2564,#6289,.T.);
#6289 = LINE('',#6290,#6291);
#6290 = CARTESIAN_POINT('',(-30.59130487601,-45.06609408017,-2.2));
#6291 = VECTOR('',#6292,1.);
#6292 = DIRECTION('',(0.,1.,0.));
#6293 = ORIENTED_EDGE('',*,*,#2563,.F.);
#6294 = ORIENTED_EDGE('',*,*,#2498,.F.);
#6295 = ORIENTED_EDGE('',*,*,#2450,.F.);
#6296 = ORIENTED_EDGE('',*,*,#2402,.F.);
#6297 = ORIENTED_EDGE('',*,*,#2354,.F.);
#6298 = ORIENTED_EDGE('',*,*,#2306,.F.);
#6299 = ORIENTED_EDGE('',*,*,#2258,.F.);
#6300 = ORIENTED_EDGE('',*,*,#2210,.F.);
#6301 = ORIENTED_EDGE('',*,*,#2162,.F.);
#6302 = ORIENTED_EDGE('',*,*,#2114,.F.);
#6303 = ORIENTED_EDGE('',*,*,#2066,.F.);
#6304 = ORIENTED_EDGE('',*,*,#2018,.F.);
#6305 = ORIENTED_EDGE('',*,*,#1970,.F.);
#6306 = ORIENTED_EDGE('',*,*,#1922,.F.);
#6307 = ORIENTED_EDGE('',*,*,#1874,.F.);
#6308 = ORIENTED_EDGE('',*,*,#1898,.T.);
#6309 = ORIENTED_EDGE('',*,*,#1946,.T.);
#6310 = ORIENTED_EDGE('',*,*,#1994,.T.);
#6311 = ORIENTED_EDGE('',*,*,#2042,.T.);
#6312 = ORIENTED_EDGE('',*,*,#2090,.T.);
#6313 = ORIENTED_EDGE('',*,*,#2138,.T.);
#6314 = ORIENTED_EDGE('',*,*,#2186,.T.);
#6315 = ORIENTED_EDGE('',*,*,#2234,.T.);
#6316 = ORIENTED_EDGE('',*,*,#2282,.T.);
#6317 = ORIENTED_EDGE('',*,*,#2330,.T.);
#6318 = ORIENTED_EDGE('',*,*,#2378,.T.);
#6319 = ORIENTED_EDGE('',*,*,#2426,.T.);
#6320 = ORIENTED_EDGE('',*,*,#2474,.T.);
#6321 = ORIENTED_EDGE('',*,*,#2546,.T.);
#6322 = ORIENTED_EDGE('',*,*,#6323,.F.);
#6323 = EDGE_CURVE('',#6324,#2539,#6326,.T.);
#6324 = VERTEX_POINT('',#6325);
#6325 = CARTESIAN_POINT('',(30.1,-45.25279365855,-2.2));
#6326 = LINE('',#6327,#6328);
#6327 = CARTESIAN_POINT('',(30.1,-45.25279365855,-2.2));
#6328 = VECTOR('',#6329,1.);
#6329 = DIRECTION('',(0.,1.,0.));
#6330 = ORIENTED_EDGE('',*,*,#6331,.T.);
#6331 = EDGE_CURVE('',#6324,#6332,#6334,.T.);
#6332 = VERTEX_POINT('',#6333);
#6333 = CARTESIAN_POINT('',(33.042787797876,-43.55257686242,-2.2));
#6334 = CIRCLE('',#6335,9.);
#6335 = AXIS2_PLACEMENT_3D('',#6336,#6337,#6338);
#6336 = CARTESIAN_POINT('',(27.15,-36.75,-2.2));
#6337 = DIRECTION('',(0.,0.,1.));
#6338 = DIRECTION('',(1.,0.,0.));
#6339 = ORIENTED_EDGE('',*,*,#6340,.F.);
#6340 = EDGE_CURVE('',#6341,#6332,#6343,.T.);
#6341 = VERTEX_POINT('',#6342);
#6342 = CARTESIAN_POINT('',(34.017,-41.932,-2.2));
#6343 = CIRCLE('',#6344,1.835);
#6344 = AXIS2_PLACEMENT_3D('',#6345,#6346,#6347);
#6345 = CARTESIAN_POINT('',(32.182,-41.932,-2.2));
#6346 = DIRECTION('',(0.,0.,1.));
#6347 = DIRECTION('',(1.,0.,0.));
#6348 = ORIENTED_EDGE('',*,*,#6349,.F.);
#6349 = EDGE_CURVE('',#6350,#6341,#6352,.T.);
#6350 = VERTEX_POINT('',#6351);
#6351 = CARTESIAN_POINT('',(33.77660085675,-42.84000501521,-2.2));
#6352 = CIRCLE('',#6353,1.835);
#6353 = AXIS2_PLACEMENT_3D('',#6354,#6355,#6356);
#6354 = CARTESIAN_POINT('',(32.182,-41.932,-2.2));
#6355 = DIRECTION('',(0.,0.,1.));
#6356 = DIRECTION('',(1.,0.,0.));
#6357 = ORIENTED_EDGE('',*,*,#6358,.T.);
#6358 = EDGE_CURVE('',#6350,#6359,#6361,.T.);
#6359 = VERTEX_POINT('',#6360);
#6360 = CARTESIAN_POINT('',(36.15,-36.75,-2.2));
#6361 = CIRCLE('',#6362,9.);
#6362 = AXIS2_PLACEMENT_3D('',#6363,#6364,#6365);
#6363 = CARTESIAN_POINT('',(27.15,-36.75,-2.2));
#6364 = DIRECTION('',(0.,0.,1.));
#6365 = DIRECTION('',(1.,0.,0.));
#6366 = ORIENTED_EDGE('',*,*,#6367,.T.);
#6367 = EDGE_CURVE('',#6359,#6368,#6370,.T.);
#6368 = VERTEX_POINT('',#6369);
#6369 = CARTESIAN_POINT('',(36.15,4.13,-2.2));
#6370 = LINE('',#6371,#6372);
#6371 = CARTESIAN_POINT('',(36.15,-36.75,-2.2));
#6372 = VECTOR('',#6373,1.);
#6373 = DIRECTION('',(0.,1.,0.));
#6374 = ORIENTED_EDGE('',*,*,#6375,.F.);
#6375 = EDGE_CURVE('',#6376,#6368,#6378,.T.);
#6376 = VERTEX_POINT('',#6377);
#6377 = CARTESIAN_POINT('',(35.75,4.13,-2.2));
#6378 = LINE('',#6379,#6380);
#6379 = CARTESIAN_POINT('',(18.760601636932,4.13,-2.2));
#6380 = VECTOR('',#6381,1.);
#6381 = DIRECTION('',(1.,0.,0.));
#6382 = ORIENTED_EDGE('',*,*,#6383,.T.);
#6383 = EDGE_CURVE('',#6376,#6384,#6386,.T.);
#6384 = VERTEX_POINT('',#6385);
#6385 = CARTESIAN_POINT('',(35.75,10.83,-2.2));
#6386 = LINE('',#6387,#6388);
#6387 = CARTESIAN_POINT('',(35.75,5.965,-2.2));
#6388 = VECTOR('',#6389,1.);
#6389 = DIRECTION('',(0.,1.,0.));
#6390 = ORIENTED_EDGE('',*,*,#6391,.F.);
#6391 = EDGE_CURVE('',#6392,#6384,#6394,.T.);
#6392 = VERTEX_POINT('',#6393);
#6393 = CARTESIAN_POINT('',(36.15,10.83,-2.2));
#6394 = LINE('',#6395,#6396);
#6395 = CARTESIAN_POINT('',(18.760601636932,10.83,-2.2));
#6396 = VECTOR('',#6397,1.);
#6397 = DIRECTION('',(-1.,0.,0.));
#6398 = ORIENTED_EDGE('',*,*,#6399,.T.);
#6399 = EDGE_CURVE('',#6392,#6400,#6402,.T.);
#6400 = VERTEX_POINT('',#6401);
#6401 = CARTESIAN_POINT('',(36.15,13.03,-2.2));
#6402 = LINE('',#6403,#6404);
#6403 = CARTESIAN_POINT('',(36.15,-36.75,-2.2));
#6404 = VECTOR('',#6405,1.);
#6405 = DIRECTION('',(0.,1.,0.));
#6406 = ORIENTED_EDGE('',*,*,#6407,.F.);
#6407 = EDGE_CURVE('',#6408,#6400,#6410,.T.);
#6408 = VERTEX_POINT('',#6409);
#6409 = CARTESIAN_POINT('',(35.75,13.03,-2.2));
#6410 = LINE('',#6411,#6412);
#6411 = CARTESIAN_POINT('',(18.760601636932,13.03,-2.2));
#6412 = VECTOR('',#6413,1.);
#6413 = DIRECTION('',(1.,0.,0.));
#6414 = ORIENTED_EDGE('',*,*,#6415,.T.);
#6415 = EDGE_CURVE('',#6408,#6416,#6418,.T.);
#6416 = VERTEX_POINT('',#6417);
#6417 = CARTESIAN_POINT('',(35.75,19.73,-2.2));
#6418 = LINE('',#6419,#6420);
#6419 = CARTESIAN_POINT('',(35.75,5.965,-2.2));
#6420 = VECTOR('',#6421,1.);
#6421 = DIRECTION('',(0.,1.,0.));
#6422 = ORIENTED_EDGE('',*,*,#6423,.F.);
#6423 = EDGE_CURVE('',#6424,#6416,#6426,.T.);
#6424 = VERTEX_POINT('',#6425);
#6425 = CARTESIAN_POINT('',(36.15,19.73,-2.2));
#6426 = LINE('',#6427,#6428);
#6427 = CARTESIAN_POINT('',(18.760601636932,19.73,-2.2));
#6428 = VECTOR('',#6429,1.);
#6429 = DIRECTION('',(-1.,0.,0.));
#6430 = ORIENTED_EDGE('',*,*,#6431,.T.);
#6431 = EDGE_CURVE('',#6424,#6432,#6434,.T.);
#6432 = VERTEX_POINT('',#6433);
#6433 = CARTESIAN_POINT('',(36.15,36.75,-2.2));
#6434 = LINE('',#6435,#6436);
#6435 = CARTESIAN_POINT('',(36.15,-36.75,-2.2));
#6436 = VECTOR('',#6437,1.);
#6437 = DIRECTION('',(0.,1.,0.));
#6438 = ORIENTED_EDGE('',*,*,#6439,.T.);
#6439 = EDGE_CURVE('',#6432,#6440,#6442,.T.);
#6440 = VERTEX_POINT('',#6441);
#6441 = CARTESIAN_POINT('',(33.77660085675,42.840005015213,-2.2));
#6442 = CIRCLE('',#6443,9.);
#6443 = AXIS2_PLACEMENT_3D('',#6444,#6445,#6446);
#6444 = CARTESIAN_POINT('',(27.15,36.75,-2.2));
#6445 = DIRECTION('',(0.,0.,1.));
#6446 = DIRECTION('',(1.,0.,0.));
#6447 = ORIENTED_EDGE('',*,*,#6448,.F.);
#6448 = EDGE_CURVE('',#6449,#6440,#6451,.T.);
#6449 = VERTEX_POINT('',#6450);
#6450 = CARTESIAN_POINT('',(34.017,41.932,-2.2));
#6451 = CIRCLE('',#6452,1.835);
#6452 = AXIS2_PLACEMENT_3D('',#6453,#6454,#6455);
#6453 = CARTESIAN_POINT('',(32.182,41.932,-2.2));
#6454 = DIRECTION('',(0.,0.,1.));
#6455 = DIRECTION('',(1.,0.,0.));
#6456 = ORIENTED_EDGE('',*,*,#6457,.F.);
#6457 = EDGE_CURVE('',#6458,#6449,#6460,.T.);
#6458 = VERTEX_POINT('',#6459);
#6459 = CARTESIAN_POINT('',(33.042787797876,43.552576862425,-2.2));
#6460 = CIRCLE('',#6461,1.835);
#6461 = AXIS2_PLACEMENT_3D('',#6462,#6463,#6464);
#6462 = CARTESIAN_POINT('',(32.182,41.932,-2.2));
#6463 = DIRECTION('',(0.,0.,1.));
#6464 = DIRECTION('',(1.,0.,0.));
#6465 = ORIENTED_EDGE('',*,*,#6466,.T.);
#6466 = EDGE_CURVE('',#6458,#6467,#6469,.T.);
#6467 = VERTEX_POINT('',#6468);
#6468 = CARTESIAN_POINT('',(27.15,45.75,-2.2));
#6469 = CIRCLE('',#6470,9.);
#6470 = AXIS2_PLACEMENT_3D('',#6471,#6472,#6473);
#6471 = CARTESIAN_POINT('',(27.15,36.75,-2.2));
#6472 = DIRECTION('',(0.,0.,1.));
#6473 = DIRECTION('',(1.,0.,0.));
#6474 = ORIENTED_EDGE('',*,*,#6475,.T.);
#6475 = EDGE_CURVE('',#6467,#6476,#6478,.T.);
#6476 = VERTEX_POINT('',#6477);
#6477 = CARTESIAN_POINT('',(-27.15,45.75,-2.2));
#6478 = LINE('',#6479,#6480);
#6479 = CARTESIAN_POINT('',(27.15,45.75,-2.2));
#6480 = VECTOR('',#6481,1.);
#6481 = DIRECTION('',(-1.,0.,0.));
#6482 = ORIENTED_EDGE('',*,*,#6483,.T.);
#6483 = EDGE_CURVE('',#6476,#6484,#6486,.T.);
#6484 = VERTEX_POINT('',#6485);
#6485 = CARTESIAN_POINT('',(-33.04278779787,43.552576862425,-2.2));
#6486 = CIRCLE('',#6487,9.);
#6487 = AXIS2_PLACEMENT_3D('',#6488,#6489,#6490);
#6488 = CARTESIAN_POINT('',(-27.15,36.75,-2.2));
#6489 = DIRECTION('',(0.,0.,1.));
#6490 = DIRECTION('',(1.,0.,0.));
#6491 = ORIENTED_EDGE('',*,*,#6492,.F.);
#6492 = EDGE_CURVE('',#6493,#6484,#6495,.T.);
#6493 = VERTEX_POINT('',#6494);
#6494 = CARTESIAN_POINT('',(-30.347,41.932,-2.2));
#6495 = CIRCLE('',#6496,1.835);
#6496 = AXIS2_PLACEMENT_3D('',#6497,#6498,#6499);
#6497 = CARTESIAN_POINT('',(-32.182,41.932,-2.2));
#6498 = DIRECTION('',(0.,0.,1.));
#6499 = DIRECTION('',(1.,0.,0.));
#6500 = ORIENTED_EDGE('',*,*,#6501,.F.);
#6501 = EDGE_CURVE('',#6502,#6493,#6504,.T.);
#6502 = VERTEX_POINT('',#6503);
#6503 = CARTESIAN_POINT('',(-33.77660085675,42.840005015213,-2.2));
#6504 = CIRCLE('',#6505,1.835);
#6505 = AXIS2_PLACEMENT_3D('',#6506,#6507,#6508);
#6506 = CARTESIAN_POINT('',(-32.182,41.932,-2.2));
#6507 = DIRECTION('',(0.,0.,1.));
#6508 = DIRECTION('',(1.,0.,0.));
#6509 = ORIENTED_EDGE('',*,*,#6510,.T.);
#6510 = EDGE_CURVE('',#6502,#6511,#6513,.T.);
#6511 = VERTEX_POINT('',#6512);
#6512 = CARTESIAN_POINT('',(-36.15,36.75,-2.2));
#6513 = CIRCLE('',#6514,9.);
#6514 = AXIS2_PLACEMENT_3D('',#6515,#6516,#6517);
#6515 = CARTESIAN_POINT('',(-27.15,36.75,-2.2));
#6516 = DIRECTION('',(0.,0.,1.));
#6517 = DIRECTION('',(1.,0.,0.));
#6518 = ORIENTED_EDGE('',*,*,#6519,.T.);
#6519 = EDGE_CURVE('',#6511,#6520,#6522,.T.);
#6520 = VERTEX_POINT('',#6521);
#6521 = CARTESIAN_POINT('',(-36.15,32.55,-2.2));
#6522 = LINE('',#6523,#6524);
#6523 = CARTESIAN_POINT('',(-36.15,36.75,-2.2));
#6524 = VECTOR('',#6525,1.);
#6525 = DIRECTION('',(0.,-1.,0.));
#6526 = ORIENTED_EDGE('',*,*,#6527,.T.);
#6527 = EDGE_CURVE('',#6520,#6528,#6530,.T.);
#6528 = VERTEX_POINT('',#6529);
#6529 = CARTESIAN_POINT('',(-35.72120327386,32.55,-2.2));
#6530 = LINE('',#6531,#6532);
#6531 = CARTESIAN_POINT('',(-18.76060163693,32.55,-2.2));
#6532 = VECTOR('',#6533,1.);
#6533 = DIRECTION('',(1.,0.,0.));
#6534 = ORIENTED_EDGE('',*,*,#6535,.F.);
#6535 = EDGE_CURVE('',#6536,#6528,#6538,.T.);
#6536 = VERTEX_POINT('',#6537);
#6537 = CARTESIAN_POINT('',(-35.72120327386,21.15,-2.2));
#6538 = LINE('',#6539,#6540);
#6539 = CARTESIAN_POINT('',(-35.72120327386,13.425,-2.2));
#6540 = VECTOR('',#6541,1.);
#6541 = DIRECTION('',(0.,1.,0.));
#6542 = ORIENTED_EDGE('',*,*,#6543,.T.);
#6543 = EDGE_CURVE('',#6536,#6544,#6546,.T.);
#6544 = VERTEX_POINT('',#6545);
#6545 = CARTESIAN_POINT('',(-36.15,21.15,-2.2));
#6546 = LINE('',#6547,#6548);
#6547 = CARTESIAN_POINT('',(-18.76060163693,21.15,-2.2));
#6548 = VECTOR('',#6549,1.);
#6549 = DIRECTION('',(-1.,0.,0.));
#6550 = ORIENTED_EDGE('',*,*,#6551,.T.);
#6551 = EDGE_CURVE('',#6544,#6552,#6554,.T.);
#6552 = VERTEX_POINT('',#6553);
#6553 = CARTESIAN_POINT('',(-36.15,19.73,-2.2));
#6554 = LINE('',#6555,#6556);
#6555 = CARTESIAN_POINT('',(-36.15,36.75,-2.2));
#6556 = VECTOR('',#6557,1.);
#6557 = DIRECTION('',(0.,-1.,0.));
#6558 = ORIENTED_EDGE('',*,*,#6559,.T.);
#6559 = EDGE_CURVE('',#6552,#6560,#6562,.T.);
#6560 = VERTEX_POINT('',#6561);
#6561 = CARTESIAN_POINT('',(-35.75,19.73,-2.2));
#6562 = LINE('',#6563,#6564);
#6563 = CARTESIAN_POINT('',(-18.76060163693,19.73,-2.2));
#6564 = VECTOR('',#6565,1.);
#6565 = DIRECTION('',(1.,0.,0.));
#6566 = ORIENTED_EDGE('',*,*,#6567,.F.);
#6567 = EDGE_CURVE('',#6568,#6560,#6570,.T.);
#6568 = VERTEX_POINT('',#6569);
#6569 = CARTESIAN_POINT('',(-35.75,13.03,-2.2));
#6570 = LINE('',#6571,#6572);
#6571 = CARTESIAN_POINT('',(-35.75,5.965,-2.2));
#6572 = VECTOR('',#6573,1.);
#6573 = DIRECTION('',(0.,1.,0.));
#6574 = ORIENTED_EDGE('',*,*,#6575,.T.);
#6575 = EDGE_CURVE('',#6568,#6576,#6578,.T.);
#6576 = VERTEX_POINT('',#6577);
#6577 = CARTESIAN_POINT('',(-36.15,13.03,-2.2));
#6578 = LINE('',#6579,#6580);
#6579 = CARTESIAN_POINT('',(-18.76060163693,13.03,-2.2));
#6580 = VECTOR('',#6581,1.);
#6581 = DIRECTION('',(-1.,0.,0.));
#6582 = ORIENTED_EDGE('',*,*,#6583,.T.);
#6583 = EDGE_CURVE('',#6576,#6584,#6586,.T.);
#6584 = VERTEX_POINT('',#6585);
#6585 = CARTESIAN_POINT('',(-36.15,10.829999999998,-2.2));
#6586 = LINE('',#6587,#6588);
#6587 = CARTESIAN_POINT('',(-36.15,36.75,-2.2));
#6588 = VECTOR('',#6589,1.);
#6589 = DIRECTION('',(0.,-1.,0.));
#6590 = ORIENTED_EDGE('',*,*,#6591,.T.);
#6591 = EDGE_CURVE('',#6584,#6592,#6594,.T.);
#6592 = VERTEX_POINT('',#6593);
#6593 = CARTESIAN_POINT('',(-35.75,10.829999999998,-2.2));
#6594 = LINE('',#6595,#6596);
#6595 = CARTESIAN_POINT('',(-18.76060163693,10.829999999998,-2.2));
#6596 = VECTOR('',#6597,1.);
#6597 = DIRECTION('',(1.,0.,0.));
#6598 = ORIENTED_EDGE('',*,*,#6599,.F.);
#6599 = EDGE_CURVE('',#6600,#6592,#6602,.T.);
#6600 = VERTEX_POINT('',#6601);
#6601 = CARTESIAN_POINT('',(-35.75,4.130000000002,-2.2));
#6602 = LINE('',#6603,#6604);
#6603 = CARTESIAN_POINT('',(-35.75,5.965,-2.2));
#6604 = VECTOR('',#6605,1.);
#6605 = DIRECTION('',(0.,1.,0.));
#6606 = ORIENTED_EDGE('',*,*,#6607,.T.);
#6607 = EDGE_CURVE('',#6600,#6608,#6610,.T.);
#6608 = VERTEX_POINT('',#6609);
#6609 = CARTESIAN_POINT('',(-36.15,4.130000000002,-2.2));
#6610 = LINE('',#6611,#6612);
#6611 = CARTESIAN_POINT('',(-18.76060163693,4.130000000002,-2.2));
#6612 = VECTOR('',#6613,1.);
#6613 = DIRECTION('',(-1.,0.,0.));
#6614 = ORIENTED_EDGE('',*,*,#6615,.T.);
#6615 = EDGE_CURVE('',#6608,#6616,#6618,.T.);
#6616 = VERTEX_POINT('',#6617);
#6617 = CARTESIAN_POINT('',(-36.15,-34.52879435587,-2.2));
#6618 = LINE('',#6619,#6620);
#6619 = CARTESIAN_POINT('',(-36.15,36.75,-2.2));
#6620 = VECTOR('',#6621,1.);
#6621 = DIRECTION('',(0.,-1.,0.));
#6622 = ORIENTED_EDGE('',*,*,#6623,.F.);
#6623 = EDGE_CURVE('',#6263,#6616,#6624,.T.);
#6624 = CIRCLE('',#6625,1.835);
#6625 = AXIS2_PLACEMENT_3D('',#6626,#6627,#6628);
#6626 = CARTESIAN_POINT('',(-34.582,-35.482,-2.2));
#6627 = DIRECTION('',(0.,0.,1.));
#6628 = DIRECTION('',(1.,0.,0.));
#6629 = FACE_BOUND('',#6630,.F.);
#6630 = EDGE_LOOP('',(#6631,#6641,#6650,#6658,#6667,#6675,#6684,#6692));
#6631 = ORIENTED_EDGE('',*,*,#6632,.F.);
#6632 = EDGE_CURVE('',#6633,#6635,#6637,.T.);
#6633 = VERTEX_POINT('',#6634);
#6634 = CARTESIAN_POINT('',(-29.05,37.,-2.2));
#6635 = VERTEX_POINT('',#6636);
#6636 = CARTESIAN_POINT('',(-29.05,-6.,-2.2));
#6637 = LINE('',#6638,#6639);
#6638 = CARTESIAN_POINT('',(-29.05,37.,-2.2));
#6639 = VECTOR('',#6640,1.);
#6640 = DIRECTION('',(0.,-1.,0.));
#6641 = ORIENTED_EDGE('',*,*,#6642,.F.);
#6642 = EDGE_CURVE('',#6643,#6633,#6645,.T.);
#6643 = VERTEX_POINT('',#6644);
#6644 = CARTESIAN_POINT('',(-28.7,37.35,-2.2));
#6645 = CIRCLE('',#6646,0.35);
#6646 = AXIS2_PLACEMENT_3D('',#6647,#6648,#6649);
#6647 = CARTESIAN_POINT('',(-28.7,37.,-2.2));
#6648 = DIRECTION('',(0.,0.,1.));
#6649 = DIRECTION('',(1.,0.,0.));
#6650 = ORIENTED_EDGE('',*,*,#6651,.F.);
#6651 = EDGE_CURVE('',#6652,#6643,#6654,.T.);
#6652 = VERTEX_POINT('',#6653);
#6653 = CARTESIAN_POINT('',(31.4,37.35,-2.2));
#6654 = LINE('',#6655,#6656);
#6655 = CARTESIAN_POINT('',(31.4,37.35,-2.2));
#6656 = VECTOR('',#6657,1.);
#6657 = DIRECTION('',(-1.,0.,0.));
#6658 = ORIENTED_EDGE('',*,*,#6659,.F.);
#6659 = EDGE_CURVE('',#6660,#6652,#6662,.T.);
#6660 = VERTEX_POINT('',#6661);
#6661 = CARTESIAN_POINT('',(31.75,37.,-2.2));
#6662 = CIRCLE('',#6663,0.35);
#6663 = AXIS2_PLACEMENT_3D('',#6664,#6665,#6666);
#6664 = CARTESIAN_POINT('',(31.4,37.,-2.2));
#6665 = DIRECTION('',(0.,0.,1.));
#6666 = DIRECTION('',(1.,0.,0.));
#6667 = ORIENTED_EDGE('',*,*,#6668,.F.);
#6668 = EDGE_CURVE('',#6669,#6660,#6671,.T.);
#6669 = VERTEX_POINT('',#6670);
#6670 = CARTESIAN_POINT('',(31.75,-6.,-2.2));
#6671 = LINE('',#6672,#6673);
#6672 = CARTESIAN_POINT('',(31.75,-6.,-2.2));
#6673 = VECTOR('',#6674,1.);
#6674 = DIRECTION('',(0.,1.,0.));
#6675 = ORIENTED_EDGE('',*,*,#6676,.F.);
#6676 = EDGE_CURVE('',#6677,#6669,#6679,.T.);
#6677 = VERTEX_POINT('',#6678);
#6678 = CARTESIAN_POINT('',(31.4,-6.35,-2.2));
#6679 = CIRCLE('',#6680,0.35);
#6680 = AXIS2_PLACEMENT_3D('',#6681,#6682,#6683);
#6681 = CARTESIAN_POINT('',(31.4,-6.,-2.2));
#6682 = DIRECTION('',(0.,0.,1.));
#6683 = DIRECTION('',(1.,0.,0.));
#6684 = ORIENTED_EDGE('',*,*,#6685,.F.);
#6685 = EDGE_CURVE('',#6686,#6677,#6688,.T.);
#6686 = VERTEX_POINT('',#6687);
#6687 = CARTESIAN_POINT('',(-28.7,-6.35,-2.2));
#6688 = LINE('',#6689,#6690);
#6689 = CARTESIAN_POINT('',(-28.7,-6.35,-2.2));
#6690 = VECTOR('',#6691,1.);
#6691 = DIRECTION('',(1.,0.,0.));
#6692 = ORIENTED_EDGE('',*,*,#6693,.F.);
#6693 = EDGE_CURVE('',#6635,#6686,#6694,.T.);
#6694 = CIRCLE('',#6695,0.35);
#6695 = AXIS2_PLACEMENT_3D('',#6696,#6697,#6698);
#6696 = CARTESIAN_POINT('',(-28.7,-6.,-2.2));
#6697 = DIRECTION('',(0.,0.,1.));
#6698 = DIRECTION('',(1.,0.,0.));
#6699 = FACE_BOUND('',#6700,.F.);
#6700 = EDGE_LOOP('',(#6701,#6711,#6719,#6727));
#6701 = ORIENTED_EDGE('',*,*,#6702,.F.);
#6702 = EDGE_CURVE('',#6703,#6705,#6707,.T.);
#6703 = VERTEX_POINT('',#6704);
#6704 = CARTESIAN_POINT('',(24.9,42.35,-2.2));
#6705 = VERTEX_POINT('',#6706);
#6706 = CARTESIAN_POINT('',(24.9,38.85,-2.2));
#6707 = LINE('',#6708,#6709);
#6708 = CARTESIAN_POINT('',(24.9,42.35,-2.2));
#6709 = VECTOR('',#6710,1.);
#6710 = DIRECTION('',(0.,-1.,0.));
#6711 = ORIENTED_EDGE('',*,*,#6712,.F.);
#6712 = EDGE_CURVE('',#6713,#6703,#6715,.T.);
#6713 = VERTEX_POINT('',#6714);
#6714 = CARTESIAN_POINT('',(29.9,42.35,-2.2));
#6715 = LINE('',#6716,#6717);
#6716 = CARTESIAN_POINT('',(29.9,42.35,-2.2));
#6717 = VECTOR('',#6718,1.);
#6718 = DIRECTION('',(-1.,0.,0.));
#6719 = ORIENTED_EDGE('',*,*,#6720,.F.);
#6720 = EDGE_CURVE('',#6721,#6713,#6723,.T.);
#6721 = VERTEX_POINT('',#6722);
#6722 = CARTESIAN_POINT('',(29.9,38.85,-2.2));
#6723 = LINE('',#6724,#6725);
#6724 = CARTESIAN_POINT('',(29.9,38.85,-2.2));
#6725 = VECTOR('',#6726,1.);
#6726 = DIRECTION('',(0.,1.,0.));
#6727 = ORIENTED_EDGE('',*,*,#6728,.F.);
#6728 = EDGE_CURVE('',#6705,#6721,#6729,.T.);
#6729 = LINE('',#6730,#6731);
#6730 = CARTESIAN_POINT('',(24.9,38.85,-2.2));
#6731 = VECTOR('',#6732,1.);
#6732 = DIRECTION('',(1.,0.,0.));
#6733 = PLANE('',#6734);
#6734 = AXIS2_PLACEMENT_3D('',#6735,#6736,#6737);
#6735 = CARTESIAN_POINT('',(-5.976220231417E-15,1.32298005123E-15,-2.2)
  );
#6736 = DIRECTION('',(0.,0.,1.));
#6737 = DIRECTION('',(1.,0.,0.));
#6738 = ADVANCED_FACE('',(#6739),#6757,.T.);
#6739 = FACE_BOUND('',#6740,.T.);
#6740 = EDGE_LOOP('',(#6741,#6742,#6750,#6756));
#6741 = ORIENTED_EDGE('',*,*,#6323,.F.);
#6742 = ORIENTED_EDGE('',*,*,#6743,.T.);
#6743 = EDGE_CURVE('',#6324,#6744,#6746,.T.);
#6744 = VERTEX_POINT('',#6745);
#6745 = CARTESIAN_POINT('',(30.1,-45.25279365855,-0.6));
#6746 = LINE('',#6747,#6748);
#6747 = CARTESIAN_POINT('',(30.1,-45.25279365855,-2.2));
#6748 = VECTOR('',#6749,1.);
#6749 = DIRECTION('',(0.,0.,1.));
#6750 = ORIENTED_EDGE('',*,*,#6751,.T.);
#6751 = EDGE_CURVE('',#6744,#2531,#6752,.T.);
#6752 = LINE('',#6753,#6754);
#6753 = CARTESIAN_POINT('',(30.1,-45.25279365855,-0.6));
#6754 = VECTOR('',#6755,1.);
#6755 = DIRECTION('',(0.,1.,0.));
#6756 = ORIENTED_EDGE('',*,*,#2538,.T.);
#6757 = PLANE('',#6758);
#6758 = AXIS2_PLACEMENT_3D('',#6759,#6760,#6761);
#6759 = CARTESIAN_POINT('',(30.1,-45.25279365855,-2.2));
#6760 = DIRECTION('',(-1.,0.,0.));
#6761 = DIRECTION('',(0.,1.,0.));
#6762 = ADVANCED_FACE('',(#6763),#6798,.F.);
#6763 = FACE_BOUND('',#6764,.F.);
#6764 = EDGE_LOOP('',(#6765,#6766,#6773,#6774,#6775,#6776,#6777,#6778,
    #6779,#6780,#6781,#6782,#6783,#6791));
#6765 = ORIENTED_EDGE('',*,*,#4951,.F.);
#6766 = ORIENTED_EDGE('',*,*,#6767,.T.);
#6767 = EDGE_CURVE('',#4952,#6744,#6768,.T.);
#6768 = CIRCLE('',#6769,9.);
#6769 = AXIS2_PLACEMENT_3D('',#6770,#6771,#6772);
#6770 = CARTESIAN_POINT('',(27.15,-36.75,-0.6));
#6771 = DIRECTION('',(0.,0.,1.));
#6772 = DIRECTION('',(1.,0.,0.));
#6773 = ORIENTED_EDGE('',*,*,#6751,.T.);
#6774 = ORIENTED_EDGE('',*,*,#2530,.T.);
#6775 = ORIENTED_EDGE('',*,*,#2610,.F.);
#6776 = ORIENTED_EDGE('',*,*,#2653,.F.);
#6777 = ORIENTED_EDGE('',*,*,#2701,.F.);
#6778 = ORIENTED_EDGE('',*,*,#2749,.T.);
#6779 = ORIENTED_EDGE('',*,*,#2725,.T.);
#6780 = ORIENTED_EDGE('',*,*,#2677,.T.);
#6781 = ORIENTED_EDGE('',*,*,#2628,.F.);
#6782 = ORIENTED_EDGE('',*,*,#2579,.T.);
#6783 = ORIENTED_EDGE('',*,*,#6784,.F.);
#6784 = EDGE_CURVE('',#6785,#2572,#6787,.T.);
#6785 = VERTEX_POINT('',#6786);
#6786 = CARTESIAN_POINT('',(-30.59130487601,-45.06609408017,-0.6));
#6787 = LINE('',#6788,#6789);
#6788 = CARTESIAN_POINT('',(-30.59130487601,-45.06609408017,-0.6));
#6789 = VECTOR('',#6790,1.);
#6790 = DIRECTION('',(0.,1.,0.));
#6791 = ORIENTED_EDGE('',*,*,#6792,.T.);
#6792 = EDGE_CURVE('',#6785,#4944,#6793,.T.);
#6793 = CIRCLE('',#6794,8.999972729011);
#6794 = AXIS2_PLACEMENT_3D('',#6795,#6796,#6797);
#6795 = CARTESIAN_POINT('',(-27.15000541968,-36.75002727098,-0.6));
#6796 = DIRECTION('',(0.,0.,1.));
#6797 = DIRECTION('',(1.,0.,0.));
#6798 = PLANE('',#6799);
#6799 = AXIS2_PLACEMENT_3D('',#6800,#6801,#6802);
#6800 = CARTESIAN_POINT('',(-0.203698775639,-42.05241819691,-0.6));
#6801 = DIRECTION('',(0.,0.,1.));
#6802 = DIRECTION('',(1.,0.,0.));
#6803 = ADVANCED_FACE('',(#6804),#6815,.F.);
#6804 = FACE_BOUND('',#6805,.F.);
#6805 = EDGE_LOOP('',(#6806,#6807,#6813,#6814));
#6806 = ORIENTED_EDGE('',*,*,#6288,.F.);
#6807 = ORIENTED_EDGE('',*,*,#6808,.T.);
#6808 = EDGE_CURVE('',#6280,#6785,#6809,.T.);
#6809 = LINE('',#6810,#6811);
#6810 = CARTESIAN_POINT('',(-30.59130487601,-45.06609408017,-2.2));
#6811 = VECTOR('',#6812,1.);
#6812 = DIRECTION('',(0.,0.,1.));
#6813 = ORIENTED_EDGE('',*,*,#6784,.T.);
#6814 = ORIENTED_EDGE('',*,*,#2571,.T.);
#6815 = PLANE('',#6816);
#6816 = AXIS2_PLACEMENT_3D('',#6817,#6818,#6819);
#6817 = CARTESIAN_POINT('',(-30.59130487601,-45.06609408017,-2.2));
#6818 = DIRECTION('',(-1.,0.,0.));
#6819 = DIRECTION('',(0.,1.,0.));
#6820 = ADVANCED_FACE('',(#6821,#6891),#6901,.F.);
#6821 = FACE_BOUND('',#6822,.F.);
#6822 = EDGE_LOOP('',(#6823,#6833,#6842,#6850,#6859,#6867,#6876,#6884));
#6823 = ORIENTED_EDGE('',*,*,#6824,.T.);
#6824 = EDGE_CURVE('',#6825,#6827,#6829,.T.);
#6825 = VERTEX_POINT('',#6826);
#6826 = CARTESIAN_POINT('',(-29.05,37.,-0.6));
#6827 = VERTEX_POINT('',#6828);
#6828 = CARTESIAN_POINT('',(-29.05,-6.,-0.6));
#6829 = LINE('',#6830,#6831);
#6830 = CARTESIAN_POINT('',(-29.05,37.,-0.6));
#6831 = VECTOR('',#6832,1.);
#6832 = DIRECTION('',(0.,-1.,0.));
#6833 = ORIENTED_EDGE('',*,*,#6834,.T.);
#6834 = EDGE_CURVE('',#6827,#6835,#6837,.T.);
#6835 = VERTEX_POINT('',#6836);
#6836 = CARTESIAN_POINT('',(-28.7,-6.35,-0.6));
#6837 = CIRCLE('',#6838,0.35);
#6838 = AXIS2_PLACEMENT_3D('',#6839,#6840,#6841);
#6839 = CARTESIAN_POINT('',(-28.7,-6.,-0.6));
#6840 = DIRECTION('',(0.,0.,1.));
#6841 = DIRECTION('',(1.,0.,0.));
#6842 = ORIENTED_EDGE('',*,*,#6843,.T.);
#6843 = EDGE_CURVE('',#6835,#6844,#6846,.T.);
#6844 = VERTEX_POINT('',#6845);
#6845 = CARTESIAN_POINT('',(31.4,-6.35,-0.6));
#6846 = LINE('',#6847,#6848);
#6847 = CARTESIAN_POINT('',(-28.7,-6.35,-0.6));
#6848 = VECTOR('',#6849,1.);
#6849 = DIRECTION('',(1.,0.,0.));
#6850 = ORIENTED_EDGE('',*,*,#6851,.T.);
#6851 = EDGE_CURVE('',#6844,#6852,#6854,.T.);
#6852 = VERTEX_POINT('',#6853);
#6853 = CARTESIAN_POINT('',(31.75,-6.,-0.6));
#6854 = CIRCLE('',#6855,0.35);
#6855 = AXIS2_PLACEMENT_3D('',#6856,#6857,#6858);
#6856 = CARTESIAN_POINT('',(31.4,-6.,-0.6));
#6857 = DIRECTION('',(0.,0.,1.));
#6858 = DIRECTION('',(1.,0.,0.));
#6859 = ORIENTED_EDGE('',*,*,#6860,.T.);
#6860 = EDGE_CURVE('',#6852,#6861,#6863,.T.);
#6861 = VERTEX_POINT('',#6862);
#6862 = CARTESIAN_POINT('',(31.75,37.,-0.6));
#6863 = LINE('',#6864,#6865);
#6864 = CARTESIAN_POINT('',(31.75,-6.,-0.6));
#6865 = VECTOR('',#6866,1.);
#6866 = DIRECTION('',(0.,1.,0.));
#6867 = ORIENTED_EDGE('',*,*,#6868,.T.);
#6868 = EDGE_CURVE('',#6861,#6869,#6871,.T.);
#6869 = VERTEX_POINT('',#6870);
#6870 = CARTESIAN_POINT('',(31.4,37.35,-0.6));
#6871 = CIRCLE('',#6872,0.35);
#6872 = AXIS2_PLACEMENT_3D('',#6873,#6874,#6875);
#6873 = CARTESIAN_POINT('',(31.4,37.,-0.6));
#6874 = DIRECTION('',(0.,0.,1.));
#6875 = DIRECTION('',(1.,0.,0.));
#6876 = ORIENTED_EDGE('',*,*,#6877,.T.);
#6877 = EDGE_CURVE('',#6869,#6878,#6880,.T.);
#6878 = VERTEX_POINT('',#6879);
#6879 = CARTESIAN_POINT('',(-28.7,37.35,-0.6));
#6880 = LINE('',#6881,#6882);
#6881 = CARTESIAN_POINT('',(31.4,37.35,-0.6));
#6882 = VECTOR('',#6883,1.);
#6883 = DIRECTION('',(-1.,0.,0.));
#6884 = ORIENTED_EDGE('',*,*,#6885,.T.);
#6885 = EDGE_CURVE('',#6878,#6825,#6886,.T.);
#6886 = CIRCLE('',#6887,0.35);
#6887 = AXIS2_PLACEMENT_3D('',#6888,#6889,#6890);
#6888 = CARTESIAN_POINT('',(-28.7,37.,-0.6));
#6889 = DIRECTION('',(0.,0.,1.));
#6890 = DIRECTION('',(1.,0.,0.));
#6891 = FACE_BOUND('',#6892,.F.);
#6892 = EDGE_LOOP('',(#6893,#6894,#6895,#6896,#6897,#6898,#6899,#6900));
#6893 = ORIENTED_EDGE('',*,*,#2822,.F.);
#6894 = ORIENTED_EDGE('',*,*,#2773,.T.);
#6895 = ORIENTED_EDGE('',*,*,#2804,.F.);
#6896 = ORIENTED_EDGE('',*,*,#2854,.T.);
#6897 = ORIENTED_EDGE('',*,*,#2902,.F.);
#6898 = ORIENTED_EDGE('',*,*,#2945,.T.);
#6899 = ORIENTED_EDGE('',*,*,#2920,.F.);
#6900 = ORIENTED_EDGE('',*,*,#2871,.T.);
#6901 = PLANE('',#6902);
#6902 = AXIS2_PLACEMENT_3D('',#6903,#6904,#6905);
#6903 = CARTESIAN_POINT('',(1.35,15.5,-0.6));
#6904 = DIRECTION('',(0.,0.,1.));
#6905 = DIRECTION('',(1.,0.,0.));
#6906 = ADVANCED_FACE('',(#6907),#6917,.T.);
#6907 = FACE_BOUND('',#6908,.T.);
#6908 = EDGE_LOOP('',(#6909,#6910,#6911,#6912,#6913,#6914,#6915,#6916));
#6909 = ORIENTED_EDGE('',*,*,#2968,.T.);
#6910 = ORIENTED_EDGE('',*,*,#2992,.T.);
#6911 = ORIENTED_EDGE('',*,*,#3017,.T.);
#6912 = ORIENTED_EDGE('',*,*,#3041,.T.);
#6913 = ORIENTED_EDGE('',*,*,#3066,.T.);
#6914 = ORIENTED_EDGE('',*,*,#3090,.T.);
#6915 = ORIENTED_EDGE('',*,*,#3115,.T.);
#6916 = ORIENTED_EDGE('',*,*,#3139,.T.);
#6917 = PLANE('',#6918);
#6918 = AXIS2_PLACEMENT_3D('',#6919,#6920,#6921);
#6919 = CARTESIAN_POINT('',(1.286815709982E-13,41.558865969462,-1.1));
#6920 = DIRECTION('',(0.,0.,1.));
#6921 = DIRECTION('',(1.,0.,0.));
#6922 = ADVANCED_FACE('',(#6923),#6933,.T.);
#6923 = FACE_BOUND('',#6924,.T.);
#6924 = EDGE_LOOP('',(#6925,#6926,#6927,#6928,#6929,#6930,#6931,#6932));
#6925 = ORIENTED_EDGE('',*,*,#3164,.T.);
#6926 = ORIENTED_EDGE('',*,*,#3188,.T.);
#6927 = ORIENTED_EDGE('',*,*,#3213,.T.);
#6928 = ORIENTED_EDGE('',*,*,#3237,.T.);
#6929 = ORIENTED_EDGE('',*,*,#3262,.T.);
#6930 = ORIENTED_EDGE('',*,*,#3286,.T.);
#6931 = ORIENTED_EDGE('',*,*,#3311,.T.);
#6932 = ORIENTED_EDGE('',*,*,#3335,.T.);
#6933 = PLANE('',#6934);
#6934 = AXIS2_PLACEMENT_3D('',#6935,#6936,#6937);
#6935 = CARTESIAN_POINT('',(1.286815709982E-13,41.558865969462,-1.1));
#6936 = DIRECTION('',(0.,0.,1.));
#6937 = DIRECTION('',(1.,0.,0.));
#6938 = ADVANCED_FACE('',(#6939),#6949,.T.);
#6939 = FACE_BOUND('',#6940,.T.);
#6940 = EDGE_LOOP('',(#6941,#6942,#6943,#6944,#6945,#6946,#6947,#6948));
#6941 = ORIENTED_EDGE('',*,*,#3360,.T.);
#6942 = ORIENTED_EDGE('',*,*,#3384,.T.);
#6943 = ORIENTED_EDGE('',*,*,#3409,.T.);
#6944 = ORIENTED_EDGE('',*,*,#3433,.T.);
#6945 = ORIENTED_EDGE('',*,*,#3458,.T.);
#6946 = ORIENTED_EDGE('',*,*,#3482,.T.);
#6947 = ORIENTED_EDGE('',*,*,#3507,.T.);
#6948 = ORIENTED_EDGE('',*,*,#3531,.T.);
#6949 = PLANE('',#6950);
#6950 = AXIS2_PLACEMENT_3D('',#6951,#6952,#6953);
#6951 = CARTESIAN_POINT('',(1.286815709982E-13,41.558865969462,-1.1));
#6952 = DIRECTION('',(0.,0.,1.));
#6953 = DIRECTION('',(1.,0.,0.));
#6954 = ADVANCED_FACE('',(#6955),#6965,.T.);
#6955 = FACE_BOUND('',#6956,.T.);
#6956 = EDGE_LOOP('',(#6957,#6958,#6959,#6960,#6961,#6962,#6963,#6964));
#6957 = ORIENTED_EDGE('',*,*,#3556,.T.);
#6958 = ORIENTED_EDGE('',*,*,#3580,.T.);
#6959 = ORIENTED_EDGE('',*,*,#3605,.T.);
#6960 = ORIENTED_EDGE('',*,*,#3629,.T.);
#6961 = ORIENTED_EDGE('',*,*,#3654,.T.);
#6962 = ORIENTED_EDGE('',*,*,#3678,.T.);
#6963 = ORIENTED_EDGE('',*,*,#3703,.T.);
#6964 = ORIENTED_EDGE('',*,*,#3727,.T.);
#6965 = PLANE('',#6966);
#6966 = AXIS2_PLACEMENT_3D('',#6967,#6968,#6969);
#6967 = CARTESIAN_POINT('',(1.286815709982E-13,41.558865969462,-1.1));
#6968 = DIRECTION('',(0.,0.,1.));
#6969 = DIRECTION('',(1.,0.,0.));
#6970 = ADVANCED_FACE('',(#6971),#6981,.T.);
#6971 = FACE_BOUND('',#6972,.T.);
#6972 = EDGE_LOOP('',(#6973,#6974,#6975,#6976,#6977,#6978,#6979,#6980));
#6973 = ORIENTED_EDGE('',*,*,#3752,.T.);
#6974 = ORIENTED_EDGE('',*,*,#3776,.T.);
#6975 = ORIENTED_EDGE('',*,*,#3801,.T.);
#6976 = ORIENTED_EDGE('',*,*,#3825,.T.);
#6977 = ORIENTED_EDGE('',*,*,#3850,.T.);
#6978 = ORIENTED_EDGE('',*,*,#3874,.T.);
#6979 = ORIENTED_EDGE('',*,*,#3899,.T.);
#6980 = ORIENTED_EDGE('',*,*,#3923,.T.);
#6981 = PLANE('',#6982);
#6982 = AXIS2_PLACEMENT_3D('',#6983,#6984,#6985);
#6983 = CARTESIAN_POINT('',(1.286815709982E-13,41.558865969462,-1.1));
#6984 = DIRECTION('',(0.,0.,1.));
#6985 = DIRECTION('',(1.,0.,0.));
#6986 = ADVANCED_FACE('',(#6987),#6997,.T.);
#6987 = FACE_BOUND('',#6988,.T.);
#6988 = EDGE_LOOP('',(#6989,#6990,#6991,#6992,#6993,#6994,#6995,#6996));
#6989 = ORIENTED_EDGE('',*,*,#3948,.T.);
#6990 = ORIENTED_EDGE('',*,*,#3972,.T.);
#6991 = ORIENTED_EDGE('',*,*,#3997,.T.);
#6992 = ORIENTED_EDGE('',*,*,#4021,.T.);
#6993 = ORIENTED_EDGE('',*,*,#4046,.T.);
#6994 = ORIENTED_EDGE('',*,*,#4070,.T.);
#6995 = ORIENTED_EDGE('',*,*,#4095,.T.);
#6996 = ORIENTED_EDGE('',*,*,#4119,.T.);
#6997 = PLANE('',#6998);
#6998 = AXIS2_PLACEMENT_3D('',#6999,#7000,#7001);
#6999 = CARTESIAN_POINT('',(1.286815709982E-13,41.558865969462,-1.1));
#7000 = DIRECTION('',(0.,0.,1.));
#7001 = DIRECTION('',(1.,0.,0.));
#7002 = ADVANCED_FACE('',(#7003),#7013,.T.);
#7003 = FACE_BOUND('',#7004,.T.);
#7004 = EDGE_LOOP('',(#7005,#7006,#7007,#7008,#7009,#7010,#7011,#7012));
#7005 = ORIENTED_EDGE('',*,*,#4144,.T.);
#7006 = ORIENTED_EDGE('',*,*,#4168,.T.);
#7007 = ORIENTED_EDGE('',*,*,#4193,.T.);
#7008 = ORIENTED_EDGE('',*,*,#4217,.T.);
#7009 = ORIENTED_EDGE('',*,*,#4242,.T.);
#7010 = ORIENTED_EDGE('',*,*,#4266,.T.);
#7011 = ORIENTED_EDGE('',*,*,#4291,.T.);
#7012 = ORIENTED_EDGE('',*,*,#4315,.T.);
#7013 = PLANE('',#7014);
#7014 = AXIS2_PLACEMENT_3D('',#7015,#7016,#7017);
#7015 = CARTESIAN_POINT('',(1.286815709982E-13,41.558865969462,-1.1));
#7016 = DIRECTION('',(0.,0.,1.));
#7017 = DIRECTION('',(1.,0.,0.));
#7018 = ADVANCED_FACE('',(#7019),#7029,.T.);
#7019 = FACE_BOUND('',#7020,.T.);
#7020 = EDGE_LOOP('',(#7021,#7022,#7023,#7024,#7025,#7026,#7027,#7028));
#7021 = ORIENTED_EDGE('',*,*,#4340,.T.);
#7022 = ORIENTED_EDGE('',*,*,#4364,.T.);
#7023 = ORIENTED_EDGE('',*,*,#4389,.T.);
#7024 = ORIENTED_EDGE('',*,*,#4413,.T.);
#7025 = ORIENTED_EDGE('',*,*,#4438,.T.);
#7026 = ORIENTED_EDGE('',*,*,#4462,.T.);
#7027 = ORIENTED_EDGE('',*,*,#4487,.T.);
#7028 = ORIENTED_EDGE('',*,*,#4511,.T.);
#7029 = PLANE('',#7030);
#7030 = AXIS2_PLACEMENT_3D('',#7031,#7032,#7033);
#7031 = CARTESIAN_POINT('',(1.286815709982E-13,41.558865969462,-1.1));
#7032 = DIRECTION('',(0.,0.,1.));
#7033 = DIRECTION('',(1.,0.,0.));
#7034 = ADVANCED_FACE('',(#7035),#7045,.T.);
#7035 = FACE_BOUND('',#7036,.T.);
#7036 = EDGE_LOOP('',(#7037,#7038,#7039,#7040,#7041,#7042,#7043,#7044));
#7037 = ORIENTED_EDGE('',*,*,#4536,.T.);
#7038 = ORIENTED_EDGE('',*,*,#4560,.T.);
#7039 = ORIENTED_EDGE('',*,*,#4585,.T.);
#7040 = ORIENTED_EDGE('',*,*,#4609,.T.);
#7041 = ORIENTED_EDGE('',*,*,#4634,.T.);
#7042 = ORIENTED_EDGE('',*,*,#4658,.T.);
#7043 = ORIENTED_EDGE('',*,*,#4683,.T.);
#7044 = ORIENTED_EDGE('',*,*,#4707,.T.);
#7045 = PLANE('',#7046);
#7046 = AXIS2_PLACEMENT_3D('',#7047,#7048,#7049);
#7047 = CARTESIAN_POINT('',(1.286815709982E-13,41.558865969462,-1.1));
#7048 = DIRECTION('',(0.,0.,1.));
#7049 = DIRECTION('',(1.,0.,0.));
#7050 = ADVANCED_FACE('',(#7051,#7085,#7088),#7091,.F.);
#7051 = FACE_BOUND('',#7052,.F.);
#7052 = EDGE_LOOP('',(#7053,#7063,#7071,#7079));
#7053 = ORIENTED_EDGE('',*,*,#7054,.T.);
#7054 = EDGE_CURVE('',#7055,#7057,#7059,.T.);
#7055 = VERTEX_POINT('',#7056);
#7056 = CARTESIAN_POINT('',(24.9,42.35,-5.3));
#7057 = VERTEX_POINT('',#7058);
#7058 = CARTESIAN_POINT('',(24.9,38.85,-5.3));
#7059 = LINE('',#7060,#7061);
#7060 = CARTESIAN_POINT('',(24.9,42.35,-5.3));
#7061 = VECTOR('',#7062,1.);
#7062 = DIRECTION('',(0.,-1.,0.));
#7063 = ORIENTED_EDGE('',*,*,#7064,.T.);
#7064 = EDGE_CURVE('',#7057,#7065,#7067,.T.);
#7065 = VERTEX_POINT('',#7066);
#7066 = CARTESIAN_POINT('',(29.9,38.85,-5.3));
#7067 = LINE('',#7068,#7069);
#7068 = CARTESIAN_POINT('',(24.9,38.85,-5.3));
#7069 = VECTOR('',#7070,1.);
#7070 = DIRECTION('',(1.,0.,0.));
#7071 = ORIENTED_EDGE('',*,*,#7072,.T.);
#7072 = EDGE_CURVE('',#7065,#7073,#7075,.T.);
#7073 = VERTEX_POINT('',#7074);
#7074 = CARTESIAN_POINT('',(29.9,42.35,-5.3));
#7075 = LINE('',#7076,#7077);
#7076 = CARTESIAN_POINT('',(29.9,38.85,-5.3));
#7077 = VECTOR('',#7078,1.);
#7078 = DIRECTION('',(0.,1.,0.));
#7079 = ORIENTED_EDGE('',*,*,#7080,.T.);
#7080 = EDGE_CURVE('',#7073,#7055,#7081,.T.);
#7081 = LINE('',#7082,#7083);
#7082 = CARTESIAN_POINT('',(29.9,42.35,-5.3));
#7083 = VECTOR('',#7084,1.);
#7084 = DIRECTION('',(-1.,0.,0.));
#7085 = FACE_BOUND('',#7086,.T.);
#7086 = EDGE_LOOP('',(#7087));
#7087 = ORIENTED_EDGE('',*,*,#4724,.T.);
#7088 = FACE_BOUND('',#7089,.T.);
#7089 = EDGE_LOOP('',(#7090));
#7090 = ORIENTED_EDGE('',*,*,#4748,.T.);
#7091 = PLANE('',#7092);
#7092 = AXIS2_PLACEMENT_3D('',#7093,#7094,#7095);
#7093 = CARTESIAN_POINT('',(27.4,40.6,-5.3));
#7094 = DIRECTION('',(0.,0.,1.));
#7095 = DIRECTION('',(1.,0.,0.));
#7096 = ADVANCED_FACE('',(#7097),#7133,.F.);
#7097 = FACE_BOUND('',#7098,.F.);
#7098 = EDGE_LOOP('',(#7099,#7109,#7115,#7116,#7117,#7118,#7119,#7127));
#7099 = ORIENTED_EDGE('',*,*,#7100,.T.);
#7100 = EDGE_CURVE('',#7101,#7103,#7105,.T.);
#7101 = VERTEX_POINT('',#7102);
#7102 = CARTESIAN_POINT('',(37.521203273864,10.83,-1.1));
#7103 = VERTEX_POINT('',#7104);
#7104 = CARTESIAN_POINT('',(37.521203273864,4.13,-1.1));
#7105 = LINE('',#7106,#7107);
#7106 = CARTESIAN_POINT('',(37.521203273864,10.83,-1.1));
#7107 = VECTOR('',#7108,1.);
#7108 = DIRECTION('',(0.,-1.,0.));
#7109 = ORIENTED_EDGE('',*,*,#7110,.T.);
#7110 = EDGE_CURVE('',#7103,#4990,#7111,.T.);
#7111 = LINE('',#7112,#7113);
#7112 = CARTESIAN_POINT('',(37.521203273864,4.13,-1.1));
#7113 = VECTOR('',#7114,1.);
#7114 = DIRECTION('',(0.,0.,-1.));
#7115 = ORIENTED_EDGE('',*,*,#4989,.T.);
#7116 = ORIENTED_EDGE('',*,*,#4902,.T.);
#7117 = ORIENTED_EDGE('',*,*,#6090,.T.);
#7118 = ORIENTED_EDGE('',*,*,#6066,.T.);
#7119 = ORIENTED_EDGE('',*,*,#7120,.T.);
#7120 = EDGE_CURVE('',#6059,#7121,#7123,.T.);
#7121 = VERTEX_POINT('',#7122);
#7122 = CARTESIAN_POINT('',(37.521203273864,10.83,-10.8));
#7123 = LINE('',#7124,#7125);
#7124 = CARTESIAN_POINT('',(37.521203273864,24.34,-10.8));
#7125 = VECTOR('',#7126,1.);
#7126 = DIRECTION('',(0.,1.,0.));
#7127 = ORIENTED_EDGE('',*,*,#7128,.T.);
#7128 = EDGE_CURVE('',#7121,#7101,#7129,.T.);
#7129 = LINE('',#7130,#7131);
#7130 = CARTESIAN_POINT('',(37.521203273864,10.83,-16.4));
#7131 = VECTOR('',#7132,1.);
#7132 = DIRECTION('',(0.,0.,1.));
#7133 = PLANE('',#7134);
#7134 = AXIS2_PLACEMENT_3D('',#7135,#7136,#7137);
#7135 = CARTESIAN_POINT('',(37.521203273864,11.93,-8.75));
#7136 = DIRECTION('',(1.,0.,0.));
#7137 = DIRECTION('',(0.,0.,1.));
#7138 = ADVANCED_FACE('',(#7139),#7157,.F.);
#7139 = FACE_BOUND('',#7140,.T.);
#7140 = EDGE_LOOP('',(#7141,#7142,#7148,#7149,#7156));
#7141 = ORIENTED_EDGE('',*,*,#5081,.T.);
#7142 = ORIENTED_EDGE('',*,*,#7143,.T.);
#7143 = EDGE_CURVE('',#5082,#6272,#7144,.T.);
#7144 = LINE('',#7145,#7146);
#7145 = CARTESIAN_POINT('',(-36.15,-36.75,-12.2));
#7146 = VECTOR('',#7147,1.);
#7147 = DIRECTION('',(0.,0.,1.));
#7148 = ORIENTED_EDGE('',*,*,#6279,.T.);
#7149 = ORIENTED_EDGE('',*,*,#7150,.T.);
#7150 = EDGE_CURVE('',#6280,#4936,#7151,.T.);
#7151 = CIRCLE('',#7152,9.);
#7152 = AXIS2_PLACEMENT_3D('',#7153,#7154,#7155);
#7153 = CARTESIAN_POINT('',(-27.15,-36.75,-2.2));
#7154 = DIRECTION('',(0.,0.,1.));
#7155 = DIRECTION('',(1.,0.,0.));
#7156 = ORIENTED_EDGE('',*,*,#4935,.F.);
#7157 = CYLINDRICAL_SURFACE('',#7158,9.);
#7158 = AXIS2_PLACEMENT_3D('',#7159,#7160,#7161);
#7159 = CARTESIAN_POINT('',(-27.15,-36.75,-12.2));
#7160 = DIRECTION('',(-0.,-0.,-1.));
#7161 = DIRECTION('',(1.,0.,0.));
#7162 = ADVANCED_FACE('',(#7163),#7169,.F.);
#7163 = FACE_BOUND('',#7164,.T.);
#7164 = EDGE_LOOP('',(#7165,#7166,#7167,#7168));
#7165 = ORIENTED_EDGE('',*,*,#6808,.T.);
#7166 = ORIENTED_EDGE('',*,*,#6792,.T.);
#7167 = ORIENTED_EDGE('',*,*,#4943,.F.);
#7168 = ORIENTED_EDGE('',*,*,#7150,.F.);
#7169 = CYLINDRICAL_SURFACE('',#7170,8.999972729011);
#7170 = AXIS2_PLACEMENT_3D('',#7171,#7172,#7173);
#7171 = CARTESIAN_POINT('',(-27.15000541968,-36.75002727098,-2.2));
#7172 = DIRECTION('',(-0.,-0.,-1.));
#7173 = DIRECTION('',(1.,0.,0.));
#7174 = ADVANCED_FACE('',(#7175),#7212,.F.);
#7175 = FACE_BOUND('',#7176,.T.);
#7176 = EDGE_LOOP('',(#7177,#7178,#7179,#7180,#7181,#7189,#7198,#7204,
    #7205,#7211));
#7177 = ORIENTED_EDGE('',*,*,#4959,.T.);
#7178 = ORIENTED_EDGE('',*,*,#6767,.T.);
#7179 = ORIENTED_EDGE('',*,*,#6743,.F.);
#7180 = ORIENTED_EDGE('',*,*,#6331,.T.);
#7181 = ORIENTED_EDGE('',*,*,#7182,.T.);
#7182 = EDGE_CURVE('',#6332,#7183,#7185,.T.);
#7183 = VERTEX_POINT('',#7184);
#7184 = CARTESIAN_POINT('',(33.042787797876,-43.55257686242,-5.3));
#7185 = LINE('',#7186,#7187);
#7186 = CARTESIAN_POINT('',(33.042787797876,-43.55257686242,-12.2));
#7187 = VECTOR('',#7188,1.);
#7188 = DIRECTION('',(-0.,-0.,-1.));
#7189 = ORIENTED_EDGE('',*,*,#7190,.F.);
#7190 = EDGE_CURVE('',#7191,#7183,#7193,.T.);
#7191 = VERTEX_POINT('',#7192);
#7192 = CARTESIAN_POINT('',(33.77660085675,-42.84000501521,-5.3));
#7193 = CIRCLE('',#7194,9.);
#7194 = AXIS2_PLACEMENT_3D('',#7195,#7196,#7197);
#7195 = CARTESIAN_POINT('',(27.15,-36.75,-5.3));
#7196 = DIRECTION('',(0.,0.,-1.));
#7197 = DIRECTION('',(1.,0.,0.));
#7198 = ORIENTED_EDGE('',*,*,#7199,.F.);
#7199 = EDGE_CURVE('',#6350,#7191,#7200,.T.);
#7200 = LINE('',#7201,#7202);
#7201 = CARTESIAN_POINT('',(33.77660085675,-42.84000501521,-12.2));
#7202 = VECTOR('',#7203,1.);
#7203 = DIRECTION('',(-0.,-0.,-1.));
#7204 = ORIENTED_EDGE('',*,*,#6358,.T.);
#7205 = ORIENTED_EDGE('',*,*,#7206,.F.);
#7206 = EDGE_CURVE('',#5006,#6359,#7207,.T.);
#7207 = LINE('',#7208,#7209);
#7208 = CARTESIAN_POINT('',(36.15,-36.75,-12.2));
#7209 = VECTOR('',#7210,1.);
#7210 = DIRECTION('',(0.,0.,1.));
#7211 = ORIENTED_EDGE('',*,*,#5013,.T.);
#7212 = CYLINDRICAL_SURFACE('',#7213,9.);
#7213 = AXIS2_PLACEMENT_3D('',#7214,#7215,#7216);
#7214 = CARTESIAN_POINT('',(27.15,-36.75,-12.2));
#7215 = DIRECTION('',(-0.,-0.,-1.));
#7216 = DIRECTION('',(1.,0.,0.));
#7217 = ADVANCED_FACE('',(#7218),#7229,.T.);
#7218 = FACE_BOUND('',#7219,.T.);
#7219 = EDGE_LOOP('',(#7220,#7221,#7222,#7223));
#7220 = ORIENTED_EDGE('',*,*,#5005,.F.);
#7221 = ORIENTED_EDGE('',*,*,#7206,.T.);
#7222 = ORIENTED_EDGE('',*,*,#6367,.T.);
#7223 = ORIENTED_EDGE('',*,*,#7224,.F.);
#7224 = EDGE_CURVE('',#4998,#6368,#7225,.T.);
#7225 = LINE('',#7226,#7227);
#7226 = CARTESIAN_POINT('',(36.15,4.13,-6.65));
#7227 = VECTOR('',#7228,1.);
#7228 = DIRECTION('',(0.,0.,1.));
#7229 = PLANE('',#7230);
#7230 = AXIS2_PLACEMENT_3D('',#7231,#7232,#7233);
#7231 = CARTESIAN_POINT('',(36.15,-36.75,-12.2));
#7232 = DIRECTION('',(-1.,0.,0.));
#7233 = DIRECTION('',(0.,1.,0.));
#7234 = ADVANCED_FACE('',(#7235),#7255,.F.);
#7235 = FACE_BOUND('',#7236,.F.);
#7236 = EDGE_LOOP('',(#7237,#7238,#7246,#7252,#7253,#7254));
#7237 = ORIENTED_EDGE('',*,*,#7110,.F.);
#7238 = ORIENTED_EDGE('',*,*,#7239,.T.);
#7239 = EDGE_CURVE('',#7103,#7240,#7242,.T.);
#7240 = VERTEX_POINT('',#7241);
#7241 = CARTESIAN_POINT('',(35.75,4.13,-1.1));
#7242 = LINE('',#7243,#7244);
#7243 = CARTESIAN_POINT('',(37.521203273864,4.13,-1.1));
#7244 = VECTOR('',#7245,1.);
#7245 = DIRECTION('',(-1.,-0.,-0.));
#7246 = ORIENTED_EDGE('',*,*,#7247,.T.);
#7247 = EDGE_CURVE('',#7240,#6376,#7248,.T.);
#7248 = LINE('',#7249,#7250);
#7249 = CARTESIAN_POINT('',(35.75,4.13,-1.1));
#7250 = VECTOR('',#7251,1.);
#7251 = DIRECTION('',(0.,0.,-1.));
#7252 = ORIENTED_EDGE('',*,*,#6375,.T.);
#7253 = ORIENTED_EDGE('',*,*,#7224,.F.);
#7254 = ORIENTED_EDGE('',*,*,#4997,.T.);
#7255 = PLANE('',#7256);
#7256 = AXIS2_PLACEMENT_3D('',#7257,#7258,#7259);
#7257 = CARTESIAN_POINT('',(37.521203273864,4.13,-1.1));
#7258 = DIRECTION('',(0.,-1.,0.));
#7259 = DIRECTION('',(0.,0.,-1.));
#7260 = ADVANCED_FACE('',(#7261),#7306,.T.);
#7261 = FACE_BOUND('',#7262,.T.);
#7262 = EDGE_LOOP('',(#7263,#7271,#7272,#7280,#7288,#7294,#7295,#7296,
    #7297,#7298,#7299,#7300));
#7263 = ORIENTED_EDGE('',*,*,#7264,.T.);
#7264 = EDGE_CURVE('',#7265,#6608,#7267,.T.);
#7265 = VERTEX_POINT('',#7266);
#7266 = CARTESIAN_POINT('',(-36.15,4.130000000002,-10.8));
#7267 = LINE('',#7268,#7269);
#7268 = CARTESIAN_POINT('',(-36.15,4.130000000002,-6.649999999999));
#7269 = VECTOR('',#7270,1.);
#7270 = DIRECTION('',(0.,0.,1.));
#7271 = ORIENTED_EDGE('',*,*,#6615,.T.);
#7272 = ORIENTED_EDGE('',*,*,#7273,.F.);
#7273 = EDGE_CURVE('',#7274,#6616,#7276,.T.);
#7274 = VERTEX_POINT('',#7275);
#7275 = CARTESIAN_POINT('',(-36.15,-34.52879435587,-5.3));
#7276 = LINE('',#7277,#7278);
#7277 = CARTESIAN_POINT('',(-36.15,-34.52879435587,-2.2));
#7278 = VECTOR('',#7279,1.);
#7279 = DIRECTION('',(0.,0.,1.));
#7280 = ORIENTED_EDGE('',*,*,#7281,.T.);
#7281 = EDGE_CURVE('',#7274,#7282,#7284,.T.);
#7282 = VERTEX_POINT('',#7283);
#7283 = CARTESIAN_POINT('',(-36.15,-36.43520564412,-5.3));
#7284 = LINE('',#7285,#7286);
#7285 = CARTESIAN_POINT('',(-36.15,19.18125,-5.3));
#7286 = VECTOR('',#7287,1.);
#7287 = DIRECTION('',(0.,-1.,0.));
#7288 = ORIENTED_EDGE('',*,*,#7289,.T.);
#7289 = EDGE_CURVE('',#7282,#6261,#7290,.T.);
#7290 = LINE('',#7291,#7292);
#7291 = CARTESIAN_POINT('',(-36.15,-36.43520564412,-2.2));
#7292 = VECTOR('',#7293,1.);
#7293 = DIRECTION('',(0.,0.,1.));
#7294 = ORIENTED_EDGE('',*,*,#6271,.T.);
#7295 = ORIENTED_EDGE('',*,*,#7143,.F.);
#7296 = ORIENTED_EDGE('',*,*,#5090,.F.);
#7297 = ORIENTED_EDGE('',*,*,#5146,.F.);
#7298 = ORIENTED_EDGE('',*,*,#5171,.F.);
#7299 = ORIENTED_EDGE('',*,*,#5212,.F.);
#7300 = ORIENTED_EDGE('',*,*,#7301,.F.);
#7301 = EDGE_CURVE('',#7265,#5205,#7302,.T.);
#7302 = LINE('',#7303,#7304);
#7303 = CARTESIAN_POINT('',(-36.15,36.75,-10.8));
#7304 = VECTOR('',#7305,1.);
#7305 = DIRECTION('',(0.,-1.,0.));
#7306 = PLANE('',#7307);
#7307 = AXIS2_PLACEMENT_3D('',#7308,#7309,#7310);
#7308 = CARTESIAN_POINT('',(-36.15,36.75,-12.2));
#7309 = DIRECTION('',(1.,0.,0.));
#7310 = DIRECTION('',(0.,-1.,0.));
#7311 = ADVANCED_FACE('',(#7312),#7337,.F.);
#7312 = FACE_BOUND('',#7313,.F.);
#7313 = EDGE_LOOP('',(#7314,#7315,#7323,#7329,#7330,#7336));
#7314 = ORIENTED_EDGE('',*,*,#7301,.F.);
#7315 = ORIENTED_EDGE('',*,*,#7316,.T.);
#7316 = EDGE_CURVE('',#7265,#7317,#7319,.T.);
#7317 = VERTEX_POINT('',#7318);
#7318 = CARTESIAN_POINT('',(-37.52120327386,4.130000000002,-10.8));
#7319 = LINE('',#7320,#7321);
#7320 = CARTESIAN_POINT('',(-5.185601636934,4.130000000002,-10.8));
#7321 = VECTOR('',#7322,1.);
#7322 = DIRECTION('',(-1.,0.,0.));
#7323 = ORIENTED_EDGE('',*,*,#7324,.T.);
#7324 = EDGE_CURVE('',#7317,#5268,#7325,.T.);
#7325 = LINE('',#7326,#7327);
#7326 = CARTESIAN_POINT('',(-37.52120327386,24.34,-10.8));
#7327 = VECTOR('',#7328,1.);
#7328 = DIRECTION('',(0.,1.,0.));
#7329 = ORIENTED_EDGE('',*,*,#5301,.F.);
#7330 = ORIENTED_EDGE('',*,*,#7331,.T.);
#7331 = EDGE_CURVE('',#5294,#5197,#7332,.T.);
#7332 = LINE('',#7333,#7334);
#7333 = CARTESIAN_POINT('',(-37.72120327386,36.75,-10.8));
#7334 = VECTOR('',#7335,1.);
#7335 = DIRECTION('',(0.,-1.,0.));
#7336 = ORIENTED_EDGE('',*,*,#5204,.T.);
#7337 = PLANE('',#7338);
#7338 = AXIS2_PLACEMENT_3D('',#7339,#7340,#7341);
#7339 = CARTESIAN_POINT('',(27.149999999997,36.75,-10.8));
#7340 = DIRECTION('',(0.,0.,1.));
#7341 = DIRECTION('',(1.,0.,0.));
#7342 = ADVANCED_FACE('',(#7343),#7363,.F.);
#7343 = FACE_BOUND('',#7344,.F.);
#7344 = EDGE_LOOP('',(#7345,#7346,#7347,#7355,#7361,#7362));
#7345 = ORIENTED_EDGE('',*,*,#7331,.F.);
#7346 = ORIENTED_EDGE('',*,*,#5293,.F.);
#7347 = ORIENTED_EDGE('',*,*,#7348,.T.);
#7348 = EDGE_CURVE('',#5286,#7349,#7351,.T.);
#7349 = VERTEX_POINT('',#7350);
#7350 = CARTESIAN_POINT('',(-37.52120327386,4.130000000002,
    -11.55430369211));
#7351 = LINE('',#7352,#7353);
#7352 = CARTESIAN_POINT('',(-37.52120327386,24.34,-11.55430369211));
#7353 = VECTOR('',#7354,1.);
#7354 = DIRECTION('',(0.,-1.,0.));
#7355 = ORIENTED_EDGE('',*,*,#7356,.T.);
#7356 = EDGE_CURVE('',#7349,#5228,#7357,.T.);
#7357 = LINE('',#7358,#7359);
#7358 = CARTESIAN_POINT('',(-38.91612212053,4.130000000002,
    -6.293341510908));
#7359 = VECTOR('',#7360,1.);
#7360 = DIRECTION('',(0.256289373133,0.,-0.966600102017));
#7361 = ORIENTED_EDGE('',*,*,#5227,.T.);
#7362 = ORIENTED_EDGE('',*,*,#5196,.T.);
#7363 = PLANE('',#7364);
#7364 = AXIS2_PLACEMENT_3D('',#7365,#7366,#7367);
#7365 = CARTESIAN_POINT('',(-37.72120327386,36.75,-10.8));
#7366 = DIRECTION('',(-0.966600102017,0.,-0.256289373133));
#7367 = DIRECTION('',(0.,-1.,0.));
#7368 = ADVANCED_FACE('',(#7369),#7380,.T.);
#7369 = FACE_BOUND('',#7370,.T.);
#7370 = EDGE_LOOP('',(#7371,#7372,#7378,#7379));
#7371 = ORIENTED_EDGE('',*,*,#7348,.T.);
#7372 = ORIENTED_EDGE('',*,*,#7373,.T.);
#7373 = EDGE_CURVE('',#7349,#5236,#7374,.T.);
#7374 = LINE('',#7375,#7376);
#7375 = CARTESIAN_POINT('',(-37.52120327386,4.130000000002,
    -1.099999999998));
#7376 = VECTOR('',#7377,1.);
#7377 = DIRECTION('',(0.,0.,-1.));
#7378 = ORIENTED_EDGE('',*,*,#5243,.T.);
#7379 = ORIENTED_EDGE('',*,*,#5285,.T.);
#7380 = PLANE('',#7381);
#7381 = AXIS2_PLACEMENT_3D('',#7382,#7383,#7384);
#7382 = CARTESIAN_POINT('',(-37.52120327386,11.93,-8.749999999999));
#7383 = DIRECTION('',(1.,0.,0.));
#7384 = DIRECTION('',(0.,0.,1.));
#7385 = ADVANCED_FACE('',(#7386),#7391,.T.);
#7386 = FACE_BOUND('',#7387,.T.);
#7387 = EDGE_LOOP('',(#7388,#7389,#7390));
#7388 = ORIENTED_EDGE('',*,*,#7373,.F.);
#7389 = ORIENTED_EDGE('',*,*,#7356,.T.);
#7390 = ORIENTED_EDGE('',*,*,#5235,.T.);
#7391 = PLANE('',#7392);
#7392 = AXIS2_PLACEMENT_3D('',#7393,#7394,#7395);
#7393 = CARTESIAN_POINT('',(-37.52120327386,4.130000000002,
    -1.099999999998));
#7394 = DIRECTION('',(0.,1.,0.));
#7395 = DIRECTION('',(0.,0.,-1.));
#7396 = ADVANCED_FACE('',(#7397),#7433,.T.);
#7397 = FACE_BOUND('',#7398,.T.);
#7398 = EDGE_LOOP('',(#7399,#7409,#7417,#7423,#7424,#7425,#7426,#7427));
#7399 = ORIENTED_EDGE('',*,*,#7400,.T.);
#7400 = EDGE_CURVE('',#7401,#7403,#7405,.T.);
#7401 = VERTEX_POINT('',#7402);
#7402 = CARTESIAN_POINT('',(-37.52120327386,10.829999999998,-10.8));
#7403 = VERTEX_POINT('',#7404);
#7404 = CARTESIAN_POINT('',(-37.52120327386,10.829999999998,
    -1.099999999998));
#7405 = LINE('',#7406,#7407);
#7406 = CARTESIAN_POINT('',(-37.52120327386,10.829999999998,-16.4));
#7407 = VECTOR('',#7408,1.);
#7408 = DIRECTION('',(0.,0.,1.));
#7409 = ORIENTED_EDGE('',*,*,#7410,.T.);
#7410 = EDGE_CURVE('',#7403,#7411,#7413,.T.);
#7411 = VERTEX_POINT('',#7412);
#7412 = CARTESIAN_POINT('',(-37.52120327386,4.130000000002,
    -1.099999999998));
#7413 = LINE('',#7414,#7415);
#7414 = CARTESIAN_POINT('',(-37.52120327386,10.829999999998,
    -1.099999999998));
#7415 = VECTOR('',#7416,1.);
#7416 = DIRECTION('',(0.,-1.,0.));
#7417 = ORIENTED_EDGE('',*,*,#7418,.T.);
#7418 = EDGE_CURVE('',#7411,#7317,#7419,.T.);
#7419 = LINE('',#7420,#7421);
#7420 = CARTESIAN_POINT('',(-37.52120327386,4.130000000002,
    -1.099999999998));
#7421 = VECTOR('',#7422,1.);
#7422 = DIRECTION('',(0.,0.,-1.));
#7423 = ORIENTED_EDGE('',*,*,#7324,.T.);
#7424 = ORIENTED_EDGE('',*,*,#5267,.T.);
#7425 = ORIENTED_EDGE('',*,*,#5315,.T.);
#7426 = ORIENTED_EDGE('',*,*,#5339,.T.);
#7427 = ORIENTED_EDGE('',*,*,#7428,.T.);
#7428 = EDGE_CURVE('',#5340,#7401,#7429,.T.);
#7429 = LINE('',#7430,#7431);
#7430 = CARTESIAN_POINT('',(-37.52120327386,24.34,-10.8));
#7431 = VECTOR('',#7432,1.);
#7432 = DIRECTION('',(0.,1.,0.));
#7433 = PLANE('',#7434);
#7434 = AXIS2_PLACEMENT_3D('',#7435,#7436,#7437);
#7435 = CARTESIAN_POINT('',(-37.52120327386,11.93,-8.749999999999));
#7436 = DIRECTION('',(1.,0.,0.));
#7437 = DIRECTION('',(0.,0.,1.));
#7438 = ADVANCED_FACE('',(#7439),#7457,.T.);
#7439 = FACE_BOUND('',#7440,.T.);
#7440 = EDGE_LOOP('',(#7441,#7449,#7455,#7456));
#7441 = ORIENTED_EDGE('',*,*,#7442,.T.);
#7442 = EDGE_CURVE('',#5422,#7443,#7445,.T.);
#7443 = VERTEX_POINT('',#7444);
#7444 = CARTESIAN_POINT('',(-37.52120327386,10.829999999998,
    -11.55430369211));
#7445 = LINE('',#7446,#7447);
#7446 = CARTESIAN_POINT('',(-37.52120327386,10.829999999998,-16.4));
#7447 = VECTOR('',#7448,1.);
#7448 = DIRECTION('',(0.,0.,1.));
#7449 = ORIENTED_EDGE('',*,*,#7450,.T.);
#7450 = EDGE_CURVE('',#7443,#5356,#7451,.T.);
#7451 = LINE('',#7452,#7453);
#7452 = CARTESIAN_POINT('',(-37.52120327386,24.34,-11.55430369211));
#7453 = VECTOR('',#7454,1.);
#7454 = DIRECTION('',(0.,-1.,0.));
#7455 = ORIENTED_EDGE('',*,*,#5363,.T.);
#7456 = ORIENTED_EDGE('',*,*,#5421,.T.);
#7457 = PLANE('',#7458);
#7458 = AXIS2_PLACEMENT_3D('',#7459,#7460,#7461);
#7459 = CARTESIAN_POINT('',(-37.52120327386,11.93,-8.749999999999));
#7460 = DIRECTION('',(1.,0.,0.));
#7461 = DIRECTION('',(0.,0.,1.));
#7462 = ADVANCED_FACE('',(#7463),#7495,.F.);
#7463 = FACE_BOUND('',#7464,.F.);
#7464 = EDGE_LOOP('',(#7465,#7471,#7472,#7480,#7486,#7487,#7493,#7494));
#7465 = ORIENTED_EDGE('',*,*,#7466,.F.);
#7466 = EDGE_CURVE('',#5470,#5348,#7467,.T.);
#7467 = LINE('',#7468,#7469);
#7468 = CARTESIAN_POINT('',(-37.72120327386,36.75,-10.8));
#7469 = VECTOR('',#7470,1.);
#7470 = DIRECTION('',(0.,-1.,0.));
#7471 = ORIENTED_EDGE('',*,*,#5469,.F.);
#7472 = ORIENTED_EDGE('',*,*,#7473,.T.);
#7473 = EDGE_CURVE('',#5462,#7474,#7476,.T.);
#7474 = VERTEX_POINT('',#7475);
#7475 = CARTESIAN_POINT('',(-37.52120327386,13.03,-11.55430369211));
#7476 = LINE('',#7477,#7478);
#7477 = CARTESIAN_POINT('',(-37.52120327386,24.34,-11.55430369211));
#7478 = VECTOR('',#7479,1.);
#7479 = DIRECTION('',(0.,-1.,0.));
#7480 = ORIENTED_EDGE('',*,*,#7481,.T.);
#7481 = EDGE_CURVE('',#7474,#5388,#7482,.T.);
#7482 = LINE('',#7483,#7484);
#7483 = CARTESIAN_POINT('',(-38.91612212053,13.03,-6.293341510908));
#7484 = VECTOR('',#7485,1.);
#7485 = DIRECTION('',(0.256289373133,0.,-0.966600102017));
#7486 = ORIENTED_EDGE('',*,*,#5387,.T.);
#7487 = ORIENTED_EDGE('',*,*,#7488,.T.);
#7488 = EDGE_CURVE('',#5390,#7443,#7489,.T.);
#7489 = LINE('',#7490,#7491);
#7490 = CARTESIAN_POINT('',(-37.02099271378,10.829999999998,
    -13.44085705363));
#7491 = VECTOR('',#7492,1.);
#7492 = DIRECTION('',(-0.256289373133,0.,0.966600102017));
#7493 = ORIENTED_EDGE('',*,*,#7450,.T.);
#7494 = ORIENTED_EDGE('',*,*,#5355,.F.);
#7495 = PLANE('',#7496);
#7496 = AXIS2_PLACEMENT_3D('',#7497,#7498,#7499);
#7497 = CARTESIAN_POINT('',(-37.72120327386,36.75,-10.8));
#7498 = DIRECTION('',(-0.966600102017,0.,-0.256289373133));
#7499 = DIRECTION('',(0.,-1.,0.));
#7500 = ADVANCED_FACE('',(#7501),#7537,.F.);
#7501 = FACE_BOUND('',#7502,.F.);
#7502 = EDGE_LOOP('',(#7503,#7513,#7521,#7527,#7528,#7529,#7530,#7531));
#7503 = ORIENTED_EDGE('',*,*,#7504,.F.);
#7504 = EDGE_CURVE('',#7505,#7507,#7509,.T.);
#7505 = VERTEX_POINT('',#7506);
#7506 = CARTESIAN_POINT('',(-36.15,13.03,-10.8));
#7507 = VERTEX_POINT('',#7508);
#7508 = CARTESIAN_POINT('',(-36.15,10.829999999998,-10.8));
#7509 = LINE('',#7510,#7511);
#7510 = CARTESIAN_POINT('',(-36.15,36.75,-10.8));
#7511 = VECTOR('',#7512,1.);
#7512 = DIRECTION('',(0.,-1.,0.));
#7513 = ORIENTED_EDGE('',*,*,#7514,.T.);
#7514 = EDGE_CURVE('',#7505,#7515,#7517,.T.);
#7515 = VERTEX_POINT('',#7516);
#7516 = CARTESIAN_POINT('',(-37.52120327386,13.03,-10.8));
#7517 = LINE('',#7518,#7519);
#7518 = CARTESIAN_POINT('',(-5.185601636934,13.03,-10.8));
#7519 = VECTOR('',#7520,1.);
#7520 = DIRECTION('',(-1.,0.,0.));
#7521 = ORIENTED_EDGE('',*,*,#7522,.T.);
#7522 = EDGE_CURVE('',#7515,#5444,#7523,.T.);
#7523 = LINE('',#7524,#7525);
#7524 = CARTESIAN_POINT('',(-37.52120327386,24.34,-10.8));
#7525 = VECTOR('',#7526,1.);
#7526 = DIRECTION('',(0.,1.,0.));
#7527 = ORIENTED_EDGE('',*,*,#5477,.F.);
#7528 = ORIENTED_EDGE('',*,*,#7466,.T.);
#7529 = ORIENTED_EDGE('',*,*,#5347,.F.);
#7530 = ORIENTED_EDGE('',*,*,#7428,.T.);
#7531 = ORIENTED_EDGE('',*,*,#7532,.T.);
#7532 = EDGE_CURVE('',#7401,#7507,#7533,.T.);
#7533 = LINE('',#7534,#7535);
#7534 = CARTESIAN_POINT('',(-5.185601636934,10.829999999998,-10.8));
#7535 = VECTOR('',#7536,1.);
#7536 = DIRECTION('',(1.,0.,0.));
#7537 = PLANE('',#7538);
#7538 = AXIS2_PLACEMENT_3D('',#7539,#7540,#7541);
#7539 = CARTESIAN_POINT('',(27.149999999997,36.75,-10.8));
#7540 = DIRECTION('',(0.,0.,1.));
#7541 = DIRECTION('',(1.,0.,0.));
#7542 = ADVANCED_FACE('',(#7543),#7548,.T.);
#7543 = FACE_BOUND('',#7544,.T.);
#7544 = EDGE_LOOP('',(#7545,#7546,#7547));
#7545 = ORIENTED_EDGE('',*,*,#7442,.F.);
#7546 = ORIENTED_EDGE('',*,*,#5429,.T.);
#7547 = ORIENTED_EDGE('',*,*,#7488,.T.);
#7548 = PLANE('',#7549);
#7549 = AXIS2_PLACEMENT_3D('',#7550,#7551,#7552);
#7550 = CARTESIAN_POINT('',(-37.52120327386,10.829999999998,-16.4));
#7551 = DIRECTION('',(0.,-1.,0.));
#7552 = DIRECTION('',(0.,0.,1.));
#7553 = ADVANCED_FACE('',(#7554),#7565,.T.);
#7554 = FACE_BOUND('',#7555,.T.);
#7555 = EDGE_LOOP('',(#7556,#7557,#7563,#7564));
#7556 = ORIENTED_EDGE('',*,*,#7473,.T.);
#7557 = ORIENTED_EDGE('',*,*,#7558,.T.);
#7558 = EDGE_CURVE('',#7474,#5398,#7559,.T.);
#7559 = LINE('',#7560,#7561);
#7560 = CARTESIAN_POINT('',(-37.52120327386,13.03,-1.099999999998));
#7561 = VECTOR('',#7562,1.);
#7562 = DIRECTION('',(0.,0.,-1.));
#7563 = ORIENTED_EDGE('',*,*,#5405,.T.);
#7564 = ORIENTED_EDGE('',*,*,#5461,.T.);
#7565 = PLANE('',#7566);
#7566 = AXIS2_PLACEMENT_3D('',#7567,#7568,#7569);
#7567 = CARTESIAN_POINT('',(-37.52120327386,11.93,-8.749999999999));
#7568 = DIRECTION('',(1.,0.,0.));
#7569 = DIRECTION('',(0.,0.,1.));
#7570 = ADVANCED_FACE('',(#7571),#7576,.T.);
#7571 = FACE_BOUND('',#7572,.T.);
#7572 = EDGE_LOOP('',(#7573,#7574,#7575));
#7573 = ORIENTED_EDGE('',*,*,#7558,.F.);
#7574 = ORIENTED_EDGE('',*,*,#7481,.T.);
#7575 = ORIENTED_EDGE('',*,*,#5397,.T.);
#7576 = PLANE('',#7577);
#7577 = AXIS2_PLACEMENT_3D('',#7578,#7579,#7580);
#7578 = CARTESIAN_POINT('',(-37.52120327386,13.03,-1.099999999998));
#7579 = DIRECTION('',(0.,1.,0.));
#7580 = DIRECTION('',(0.,0.,-1.));
#7581 = ADVANCED_FACE('',(#7582),#7618,.T.);
#7582 = FACE_BOUND('',#7583,.T.);
#7583 = EDGE_LOOP('',(#7584,#7594,#7602,#7608,#7609,#7610,#7611,#7612));
#7584 = ORIENTED_EDGE('',*,*,#7585,.T.);
#7585 = EDGE_CURVE('',#7586,#7588,#7590,.T.);
#7586 = VERTEX_POINT('',#7587);
#7587 = CARTESIAN_POINT('',(-37.52120327386,19.73,-10.8));
#7588 = VERTEX_POINT('',#7589);
#7589 = CARTESIAN_POINT('',(-37.52120327386,19.73,-1.099999999998));
#7590 = LINE('',#7591,#7592);
#7591 = CARTESIAN_POINT('',(-37.52120327386,19.73,-16.39999999999));
#7592 = VECTOR('',#7593,1.);
#7593 = DIRECTION('',(0.,0.,1.));
#7594 = ORIENTED_EDGE('',*,*,#7595,.T.);
#7595 = EDGE_CURVE('',#7588,#7596,#7598,.T.);
#7596 = VERTEX_POINT('',#7597);
#7597 = CARTESIAN_POINT('',(-37.52120327386,13.03,-1.099999999998));
#7598 = LINE('',#7599,#7600);
#7599 = CARTESIAN_POINT('',(-37.52120327386,19.73,-1.099999999998));
#7600 = VECTOR('',#7601,1.);
#7601 = DIRECTION('',(0.,-1.,0.));
#7602 = ORIENTED_EDGE('',*,*,#7603,.T.);
#7603 = EDGE_CURVE('',#7596,#7515,#7604,.T.);
#7604 = LINE('',#7605,#7606);
#7605 = CARTESIAN_POINT('',(-37.52120327386,13.03,-1.099999999998));
#7606 = VECTOR('',#7607,1.);
#7607 = DIRECTION('',(0.,0.,-1.));
#7608 = ORIENTED_EDGE('',*,*,#7522,.T.);
#7609 = ORIENTED_EDGE('',*,*,#5443,.T.);
#7610 = ORIENTED_EDGE('',*,*,#5491,.T.);
#7611 = ORIENTED_EDGE('',*,*,#5515,.T.);
#7612 = ORIENTED_EDGE('',*,*,#7613,.T.);
#7613 = EDGE_CURVE('',#5516,#7586,#7614,.T.);
#7614 = LINE('',#7615,#7616);
#7615 = CARTESIAN_POINT('',(-37.52120327386,24.34,-10.8));
#7616 = VECTOR('',#7617,1.);
#7617 = DIRECTION('',(0.,1.,0.));
#7618 = PLANE('',#7619);
#7619 = AXIS2_PLACEMENT_3D('',#7620,#7621,#7622);
#7620 = CARTESIAN_POINT('',(-37.52120327386,11.93,-8.749999999999));
#7621 = DIRECTION('',(1.,0.,0.));
#7622 = DIRECTION('',(0.,0.,1.));
#7623 = ADVANCED_FACE('',(#7624),#7642,.T.);
#7624 = FACE_BOUND('',#7625,.T.);
#7625 = EDGE_LOOP('',(#7626,#7634,#7640,#7641));
#7626 = ORIENTED_EDGE('',*,*,#7627,.T.);
#7627 = EDGE_CURVE('',#5598,#7628,#7630,.T.);
#7628 = VERTEX_POINT('',#7629);
#7629 = CARTESIAN_POINT('',(-37.52120327386,19.73,-11.55430369211));
#7630 = LINE('',#7631,#7632);
#7631 = CARTESIAN_POINT('',(-37.52120327386,19.73,-16.39999999999));
#7632 = VECTOR('',#7633,1.);
#7633 = DIRECTION('',(0.,0.,1.));
#7634 = ORIENTED_EDGE('',*,*,#7635,.T.);
#7635 = EDGE_CURVE('',#7628,#5532,#7636,.T.);
#7636 = LINE('',#7637,#7638);
#7637 = CARTESIAN_POINT('',(-37.52120327386,24.34,-11.55430369211));
#7638 = VECTOR('',#7639,1.);
#7639 = DIRECTION('',(0.,-1.,0.));
#7640 = ORIENTED_EDGE('',*,*,#5539,.T.);
#7641 = ORIENTED_EDGE('',*,*,#5597,.T.);
#7642 = PLANE('',#7643);
#7643 = AXIS2_PLACEMENT_3D('',#7644,#7645,#7646);
#7644 = CARTESIAN_POINT('',(-37.52120327386,11.93,-8.749999999999));
#7645 = DIRECTION('',(1.,0.,0.));
#7646 = DIRECTION('',(0.,0.,1.));
#7647 = ADVANCED_FACE('',(#7648),#7680,.F.);
#7648 = FACE_BOUND('',#7649,.F.);
#7649 = EDGE_LOOP('',(#7650,#7656,#7657,#7665,#7671,#7672,#7678,#7679));
#7650 = ORIENTED_EDGE('',*,*,#7651,.F.);
#7651 = EDGE_CURVE('',#5637,#5524,#7652,.T.);
#7652 = LINE('',#7653,#7654);
#7653 = CARTESIAN_POINT('',(-37.72120327386,36.75,-10.8));
#7654 = VECTOR('',#7655,1.);
#7655 = DIRECTION('',(0.,-1.,0.));
#7656 = ORIENTED_EDGE('',*,*,#5644,.T.);
#7657 = ORIENTED_EDGE('',*,*,#7658,.T.);
#7658 = EDGE_CURVE('',#5645,#7659,#7661,.T.);
#7659 = VERTEX_POINT('',#7660);
#7660 = CARTESIAN_POINT('',(-37.52120327386,21.15,-11.55430369211));
#7661 = LINE('',#7662,#7663);
#7662 = CARTESIAN_POINT('',(-37.52120327386,31.8,-11.55430369211));
#7663 = VECTOR('',#7664,1.);
#7664 = DIRECTION('',(0.,-1.,0.));
#7665 = ORIENTED_EDGE('',*,*,#7666,.T.);
#7666 = EDGE_CURVE('',#7659,#5564,#7667,.T.);
#7667 = LINE('',#7668,#7669);
#7668 = CARTESIAN_POINT('',(-38.91612212053,21.15,-6.293341510909));
#7669 = VECTOR('',#7670,1.);
#7670 = DIRECTION('',(0.256289373133,0.,-0.966600102017));
#7671 = ORIENTED_EDGE('',*,*,#5563,.T.);
#7672 = ORIENTED_EDGE('',*,*,#7673,.T.);
#7673 = EDGE_CURVE('',#5566,#7628,#7674,.T.);
#7674 = LINE('',#7675,#7676);
#7675 = CARTESIAN_POINT('',(-37.02099271378,19.73,-13.44085705363));
#7676 = VECTOR('',#7677,1.);
#7677 = DIRECTION('',(-0.256289373133,0.,0.966600102017));
#7678 = ORIENTED_EDGE('',*,*,#7635,.T.);
#7679 = ORIENTED_EDGE('',*,*,#5531,.F.);
#7680 = PLANE('',#7681);
#7681 = AXIS2_PLACEMENT_3D('',#7682,#7683,#7684);
#7682 = CARTESIAN_POINT('',(-37.72120327386,36.75,-10.8));
#7683 = DIRECTION('',(-0.966600102017,0.,-0.256289373133));
#7684 = DIRECTION('',(0.,-1.,0.));
#7685 = ADVANCED_FACE('',(#7686),#7722,.F.);
#7686 = FACE_BOUND('',#7687,.F.);
#7687 = EDGE_LOOP('',(#7688,#7698,#7706,#7712,#7713,#7714,#7715,#7716));
#7688 = ORIENTED_EDGE('',*,*,#7689,.F.);
#7689 = EDGE_CURVE('',#7690,#7692,#7694,.T.);
#7690 = VERTEX_POINT('',#7691);
#7691 = CARTESIAN_POINT('',(-36.15,21.15,-10.8));
#7692 = VERTEX_POINT('',#7693);
#7693 = CARTESIAN_POINT('',(-36.15,19.73,-10.8));
#7694 = LINE('',#7695,#7696);
#7695 = CARTESIAN_POINT('',(-36.15,36.75,-10.8));
#7696 = VECTOR('',#7697,1.);
#7697 = DIRECTION('',(0.,-1.,0.));
#7698 = ORIENTED_EDGE('',*,*,#7699,.T.);
#7699 = EDGE_CURVE('',#7690,#7700,#7702,.T.);
#7700 = VERTEX_POINT('',#7701);
#7701 = CARTESIAN_POINT('',(-37.52120327386,21.15,-10.8));
#7702 = LINE('',#7703,#7704);
#7703 = CARTESIAN_POINT('',(-5.185601636934,21.15,-10.8));
#7704 = VECTOR('',#7705,1.);
#7705 = DIRECTION('',(-1.,0.,0.));
#7706 = ORIENTED_EDGE('',*,*,#7707,.T.);
#7707 = EDGE_CURVE('',#7700,#5629,#7708,.T.);
#7708 = LINE('',#7709,#7710);
#7709 = CARTESIAN_POINT('',(-37.52120327386,31.8,-10.8));
#7710 = VECTOR('',#7711,1.);
#7711 = DIRECTION('',(0.,1.,0.));
#7712 = ORIENTED_EDGE('',*,*,#5636,.T.);
#7713 = ORIENTED_EDGE('',*,*,#7651,.T.);
#7714 = ORIENTED_EDGE('',*,*,#5523,.F.);
#7715 = ORIENTED_EDGE('',*,*,#7613,.T.);
#7716 = ORIENTED_EDGE('',*,*,#7717,.T.);
#7717 = EDGE_CURVE('',#7586,#7692,#7718,.T.);
#7718 = LINE('',#7719,#7720);
#7719 = CARTESIAN_POINT('',(-5.185601636934,19.73,-10.8));
#7720 = VECTOR('',#7721,1.);
#7721 = DIRECTION('',(1.,0.,0.));
#7722 = PLANE('',#7723);
#7723 = AXIS2_PLACEMENT_3D('',#7724,#7725,#7726);
#7724 = CARTESIAN_POINT('',(27.149999999997,36.75,-10.8));
#7725 = DIRECTION('',(0.,0.,1.));
#7726 = DIRECTION('',(1.,0.,0.));
#7727 = ADVANCED_FACE('',(#7728),#7733,.T.);
#7728 = FACE_BOUND('',#7729,.T.);
#7729 = EDGE_LOOP('',(#7730,#7731,#7732));
#7730 = ORIENTED_EDGE('',*,*,#7627,.F.);
#7731 = ORIENTED_EDGE('',*,*,#5605,.T.);
#7732 = ORIENTED_EDGE('',*,*,#7673,.T.);
#7733 = PLANE('',#7734);
#7734 = AXIS2_PLACEMENT_3D('',#7735,#7736,#7737);
#7735 = CARTESIAN_POINT('',(-37.52120327386,19.73,-16.39999999999));
#7736 = DIRECTION('',(0.,-1.,0.));
#7737 = DIRECTION('',(0.,0.,1.));
#7738 = ADVANCED_FACE('',(#7739),#7750,.T.);
#7739 = FACE_BOUND('',#7740,.T.);
#7740 = EDGE_LOOP('',(#7741,#7742,#7748,#7749));
#7741 = ORIENTED_EDGE('',*,*,#7658,.T.);
#7742 = ORIENTED_EDGE('',*,*,#7743,.T.);
#7743 = EDGE_CURVE('',#7659,#5574,#7744,.T.);
#7744 = LINE('',#7745,#7746);
#7745 = CARTESIAN_POINT('',(-37.52120327386,21.15,-1.1));
#7746 = VECTOR('',#7747,1.);
#7747 = DIRECTION('',(0.,0.,-1.));
#7748 = ORIENTED_EDGE('',*,*,#5581,.T.);
#7749 = ORIENTED_EDGE('',*,*,#5652,.F.);
#7750 = PLANE('',#7751);
#7751 = AXIS2_PLACEMENT_3D('',#7752,#7753,#7754);
#7752 = CARTESIAN_POINT('',(-37.52120327386,26.85,-8.75));
#7753 = DIRECTION('',(1.,0.,0.));
#7754 = DIRECTION('',(0.,0.,1.));
#7755 = ADVANCED_FACE('',(#7756),#7761,.T.);
#7756 = FACE_BOUND('',#7757,.T.);
#7757 = EDGE_LOOP('',(#7758,#7759,#7760));
#7758 = ORIENTED_EDGE('',*,*,#7743,.F.);
#7759 = ORIENTED_EDGE('',*,*,#7666,.T.);
#7760 = ORIENTED_EDGE('',*,*,#5573,.T.);
#7761 = PLANE('',#7762);
#7762 = AXIS2_PLACEMENT_3D('',#7763,#7764,#7765);
#7763 = CARTESIAN_POINT('',(-37.52120327386,21.15,-1.1));
#7764 = DIRECTION('',(0.,1.,0.));
#7765 = DIRECTION('',(0.,0.,-1.));
#7766 = ADVANCED_FACE('',(#7767),#7803,.T.);
#7767 = FACE_BOUND('',#7768,.T.);
#7768 = EDGE_LOOP('',(#7769,#7779,#7787,#7793,#7794,#7795,#7796,#7797));
#7769 = ORIENTED_EDGE('',*,*,#7770,.T.);
#7770 = EDGE_CURVE('',#7771,#7773,#7775,.T.);
#7771 = VERTEX_POINT('',#7772);
#7772 = CARTESIAN_POINT('',(-37.52120327386,32.55,-10.8));
#7773 = VERTEX_POINT('',#7774);
#7774 = CARTESIAN_POINT('',(-37.52120327386,32.55,-1.1));
#7775 = LINE('',#7776,#7777);
#7776 = CARTESIAN_POINT('',(-37.52120327386,32.55,-16.4));
#7777 = VECTOR('',#7778,1.);
#7778 = DIRECTION('',(0.,0.,1.));
#7779 = ORIENTED_EDGE('',*,*,#7780,.T.);
#7780 = EDGE_CURVE('',#7773,#7781,#7783,.T.);
#7781 = VERTEX_POINT('',#7782);
#7782 = CARTESIAN_POINT('',(-37.52120327386,21.15,-1.1));
#7783 = LINE('',#7784,#7785);
#7784 = CARTESIAN_POINT('',(-37.52120327386,32.55,-1.1));
#7785 = VECTOR('',#7786,1.);
#7786 = DIRECTION('',(0.,-1.,0.));
#7787 = ORIENTED_EDGE('',*,*,#7788,.T.);
#7788 = EDGE_CURVE('',#7781,#7700,#7789,.T.);
#7789 = LINE('',#7790,#7791);
#7790 = CARTESIAN_POINT('',(-37.52120327386,21.15,-1.1));
#7791 = VECTOR('',#7792,1.);
#7792 = DIRECTION('',(0.,0.,-1.));
#7793 = ORIENTED_EDGE('',*,*,#7707,.T.);
#7794 = ORIENTED_EDGE('',*,*,#5628,.F.);
#7795 = ORIENTED_EDGE('',*,*,#5676,.F.);
#7796 = ORIENTED_EDGE('',*,*,#5724,.F.);
#7797 = ORIENTED_EDGE('',*,*,#7798,.T.);
#7798 = EDGE_CURVE('',#5717,#7771,#7799,.T.);
#7799 = LINE('',#7800,#7801);
#7800 = CARTESIAN_POINT('',(-37.52120327386,31.8,-10.8));
#7801 = VECTOR('',#7802,1.);
#7802 = DIRECTION('',(0.,1.,0.));
#7803 = PLANE('',#7804);
#7804 = AXIS2_PLACEMENT_3D('',#7805,#7806,#7807);
#7805 = CARTESIAN_POINT('',(-37.52120327386,26.85,-8.75));
#7806 = DIRECTION('',(1.,0.,0.));
#7807 = DIRECTION('',(0.,0.,1.));
#7808 = ADVANCED_FACE('',(#7809),#7868,.F.);
#7809 = FACE_BOUND('',#7810,.F.);
#7810 = EDGE_LOOP('',(#7811,#7812,#7820,#7829,#7835,#7836,#7837,#7845,
    #7853,#7862));
#7811 = ORIENTED_EDGE('',*,*,#6149,.T.);
#7812 = ORIENTED_EDGE('',*,*,#7813,.T.);
#7813 = EDGE_CURVE('',#6150,#7814,#7816,.T.);
#7814 = VERTEX_POINT('',#7815);
#7815 = CARTESIAN_POINT('',(-27.15,47.321203273864,-10.8));
#7816 = LINE('',#7817,#7818);
#7817 = CARTESIAN_POINT('',(27.149999999997,47.321203273864,-10.8));
#7818 = VECTOR('',#7819,1.);
#7819 = DIRECTION('',(-1.,0.,0.));
#7820 = ORIENTED_EDGE('',*,*,#7821,.T.);
#7821 = EDGE_CURVE('',#7814,#7822,#7824,.T.);
#7822 = VERTEX_POINT('',#7823);
#7823 = CARTESIAN_POINT('',(-37.72120327386,36.75,-10.8));
#7824 = CIRCLE('',#7825,10.571203273864);
#7825 = AXIS2_PLACEMENT_3D('',#7826,#7827,#7828);
#7826 = CARTESIAN_POINT('',(-27.15,36.75,-10.8));
#7827 = DIRECTION('',(0.,0.,1.));
#7828 = DIRECTION('',(1.,0.,0.));
#7829 = ORIENTED_EDGE('',*,*,#7830,.T.);
#7830 = EDGE_CURVE('',#7822,#5709,#7831,.T.);
#7831 = LINE('',#7832,#7833);
#7832 = CARTESIAN_POINT('',(-37.72120327386,36.75,-10.8));
#7833 = VECTOR('',#7834,1.);
#7834 = DIRECTION('',(0.,-1.,0.));
#7835 = ORIENTED_EDGE('',*,*,#5716,.T.);
#7836 = ORIENTED_EDGE('',*,*,#7798,.T.);
#7837 = ORIENTED_EDGE('',*,*,#7838,.T.);
#7838 = EDGE_CURVE('',#7771,#7839,#7841,.T.);
#7839 = VERTEX_POINT('',#7840);
#7840 = CARTESIAN_POINT('',(-36.15,32.55,-10.8));
#7841 = LINE('',#7842,#7843);
#7842 = CARTESIAN_POINT('',(-5.185601636934,32.55,-10.8));
#7843 = VECTOR('',#7844,1.);
#7844 = DIRECTION('',(1.,0.,0.));
#7845 = ORIENTED_EDGE('',*,*,#7846,.F.);
#7846 = EDGE_CURVE('',#7847,#7839,#7849,.T.);
#7847 = VERTEX_POINT('',#7848);
#7848 = CARTESIAN_POINT('',(-36.15,36.75,-10.8));
#7849 = LINE('',#7850,#7851);
#7850 = CARTESIAN_POINT('',(-36.15,36.75,-10.8));
#7851 = VECTOR('',#7852,1.);
#7852 = DIRECTION('',(0.,-1.,0.));
#7853 = ORIENTED_EDGE('',*,*,#7854,.T.);
#7854 = EDGE_CURVE('',#7847,#7855,#7857,.T.);
#7855 = VERTEX_POINT('',#7856);
#7856 = CARTESIAN_POINT('',(-27.15,45.75,-10.8));
#7857 = CIRCLE('',#7858,9.);
#7858 = AXIS2_PLACEMENT_3D('',#7859,#7860,#7861);
#7859 = CARTESIAN_POINT('',(-27.15,36.75,-10.8));
#7860 = DIRECTION('',(0.,0.,-1.));
#7861 = DIRECTION('',(1.,0.,0.));
#7862 = ORIENTED_EDGE('',*,*,#7863,.F.);
#7863 = EDGE_CURVE('',#6141,#7855,#7864,.T.);
#7864 = LINE('',#7865,#7866);
#7865 = CARTESIAN_POINT('',(27.149999999998,45.75,-10.8));
#7866 = VECTOR('',#7867,1.);
#7867 = DIRECTION('',(-1.,0.,0.));
#7868 = PLANE('',#7869);
#7869 = AXIS2_PLACEMENT_3D('',#7870,#7871,#7872);
#7870 = CARTESIAN_POINT('',(27.149999999997,36.75,-10.8));
#7871 = DIRECTION('',(0.,0.,1.));
#7872 = DIRECTION('',(1.,0.,0.));
#7873 = ADVANCED_FACE('',(#7874),#7898,.F.);
#7874 = FACE_BOUND('',#7875,.F.);
#7875 = EDGE_LOOP('',(#7876,#7881,#7882,#7890,#7896,#7897));
#7876 = ORIENTED_EDGE('',*,*,#7877,.F.);
#7877 = EDGE_CURVE('',#5768,#7822,#7878,.T.);
#7878 = B_SPLINE_CURVE_WITH_KNOTS('',1,(#7879,#7880),.UNSPECIFIED.,.F.,
  .F.,(2,2),(0.,1.),.PIECEWISE_BEZIER_KNOTS.);
#7879 = CARTESIAN_POINT('',(-37.35,36.75,-12.2));
#7880 = CARTESIAN_POINT('',(-37.72120327386,36.75,-10.8));
#7881 = ORIENTED_EDGE('',*,*,#5767,.T.);
#7882 = ORIENTED_EDGE('',*,*,#7883,.T.);
#7883 = EDGE_CURVE('',#5760,#7884,#7886,.T.);
#7884 = VERTEX_POINT('',#7885);
#7885 = CARTESIAN_POINT('',(-37.52120327386,32.55,-11.55430369211));
#7886 = LINE('',#7887,#7888);
#7887 = CARTESIAN_POINT('',(-37.02099271378,32.55,-13.44085705363));
#7888 = VECTOR('',#7889,1.);
#7889 = DIRECTION('',(-0.256289373133,0.,0.966600102017));
#7890 = ORIENTED_EDGE('',*,*,#7891,.T.);
#7891 = EDGE_CURVE('',#7884,#5701,#7892,.T.);
#7892 = LINE('',#7893,#7894);
#7893 = CARTESIAN_POINT('',(-37.52120327386,31.8,-11.55430369211));
#7894 = VECTOR('',#7895,1.);
#7895 = DIRECTION('',(0.,-1.,0.));
#7896 = ORIENTED_EDGE('',*,*,#5708,.T.);
#7897 = ORIENTED_EDGE('',*,*,#7830,.F.);
#7898 = PLANE('',#7899);
#7899 = AXIS2_PLACEMENT_3D('',#7900,#7901,#7902);
#7900 = CARTESIAN_POINT('',(-37.72120327386,36.75,-10.8));
#7901 = DIRECTION('',(-0.966600102017,0.,-0.256289373133));
#7902 = DIRECTION('',(0.,-1.,0.));
#7903 = ADVANCED_FACE('',(#7904),#7915,.T.);
#7904 = FACE_BOUND('',#7905,.T.);
#7905 = EDGE_LOOP('',(#7906,#7912,#7913,#7914));
#7906 = ORIENTED_EDGE('',*,*,#7907,.T.);
#7907 = EDGE_CURVE('',#5752,#7884,#7908,.T.);
#7908 = LINE('',#7909,#7910);
#7909 = CARTESIAN_POINT('',(-37.52120327386,32.55,-16.4));
#7910 = VECTOR('',#7911,1.);
#7911 = DIRECTION('',(0.,0.,1.));
#7912 = ORIENTED_EDGE('',*,*,#7891,.T.);
#7913 = ORIENTED_EDGE('',*,*,#5700,.F.);
#7914 = ORIENTED_EDGE('',*,*,#5751,.T.);
#7915 = PLANE('',#7916);
#7916 = AXIS2_PLACEMENT_3D('',#7917,#7918,#7919);
#7917 = CARTESIAN_POINT('',(-37.52120327386,26.85,-8.75));
#7918 = DIRECTION('',(1.,0.,0.));
#7919 = DIRECTION('',(0.,0.,1.));
#7920 = ADVANCED_FACE('',(#7921),#7931,.F.);
#7921 = FACE_BOUND('',#7922,.F.);
#7922 = EDGE_LOOP('',(#7923,#7924,#7925,#7930));
#7923 = ORIENTED_EDGE('',*,*,#6157,.F.);
#7924 = ORIENTED_EDGE('',*,*,#5784,.T.);
#7925 = ORIENTED_EDGE('',*,*,#7926,.T.);
#7926 = EDGE_CURVE('',#5776,#7814,#7927,.T.);
#7927 = B_SPLINE_CURVE_WITH_KNOTS('',1,(#7928,#7929),.UNSPECIFIED.,.F.,
  .F.,(2,2),(0.,1.),.PIECEWISE_BEZIER_KNOTS.);
#7928 = CARTESIAN_POINT('',(-27.15,46.95,-12.2));
#7929 = CARTESIAN_POINT('',(-27.15,47.321203273864,-10.8));
#7930 = ORIENTED_EDGE('',*,*,#7813,.F.);
#7931 = PLANE('',#7932);
#7932 = AXIS2_PLACEMENT_3D('',#7933,#7934,#7935);
#7933 = CARTESIAN_POINT('',(27.149999999997,47.321203273864,-10.8));
#7934 = DIRECTION('',(0.,0.966600102017,-0.256289373133));
#7935 = DIRECTION('',(-1.,0.,0.));
#7936 = ADVANCED_FACE('',(#7937),#7943,.F.);
#7937 = FACE_BOUND('',#7938,.F.);
#7938 = EDGE_LOOP('',(#7939,#7940,#7941,#7942));
#7939 = ORIENTED_EDGE('',*,*,#5775,.T.);
#7940 = ORIENTED_EDGE('',*,*,#7877,.T.);
#7941 = ORIENTED_EDGE('',*,*,#7821,.F.);
#7942 = ORIENTED_EDGE('',*,*,#7926,.F.);
#7943 = CONICAL_SURFACE('',#7944,10.2,0.259181393921);
#7944 = AXIS2_PLACEMENT_3D('',#7945,#7946,#7947);
#7945 = CARTESIAN_POINT('',(-27.15,36.75,-12.2));
#7946 = DIRECTION('',(0.,0.,1.));
#7947 = DIRECTION('',(1.,0.,0.));
#7948 = ADVANCED_FACE('',(#7949),#7954,.T.);
#7949 = FACE_BOUND('',#7950,.T.);
#7950 = EDGE_LOOP('',(#7951,#7952,#7953));
#7951 = ORIENTED_EDGE('',*,*,#7907,.F.);
#7952 = ORIENTED_EDGE('',*,*,#5759,.T.);
#7953 = ORIENTED_EDGE('',*,*,#7883,.T.);
#7954 = PLANE('',#7955);
#7955 = AXIS2_PLACEMENT_3D('',#7956,#7957,#7958);
#7956 = CARTESIAN_POINT('',(-37.52120327386,32.55,-16.4));
#7957 = DIRECTION('',(0.,-1.,0.));
#7958 = DIRECTION('',(0.,0.,1.));
#7959 = ADVANCED_FACE('',(#7960),#7978,.F.);
#7960 = FACE_BOUND('',#7961,.F.);
#7961 = EDGE_LOOP('',(#7962,#7970,#7976,#7977));
#7962 = ORIENTED_EDGE('',*,*,#7963,.T.);
#7963 = EDGE_CURVE('',#5843,#7964,#7966,.T.);
#7964 = VERTEX_POINT('',#7965);
#7965 = CARTESIAN_POINT('',(37.521203273864,19.73,-11.5543036921));
#7966 = LINE('',#7967,#7968);
#7967 = CARTESIAN_POINT('',(37.521203273864,19.73,-16.4));
#7968 = VECTOR('',#7969,1.);
#7969 = DIRECTION('',(0.,0.,1.));
#7970 = ORIENTED_EDGE('',*,*,#7971,.T.);
#7971 = EDGE_CURVE('',#7964,#5867,#7972,.T.);
#7972 = LINE('',#7973,#7974);
#7973 = CARTESIAN_POINT('',(37.521203273864,-12.41,-11.5543036921));
#7974 = VECTOR('',#7975,1.);
#7975 = DIRECTION('',(0.,-1.,0.));
#7976 = ORIENTED_EDGE('',*,*,#5866,.T.);
#7977 = ORIENTED_EDGE('',*,*,#5850,.T.);
#7978 = PLANE('',#7979);
#7979 = AXIS2_PLACEMENT_3D('',#7980,#7981,#7982);
#7980 = CARTESIAN_POINT('',(37.521203273864,11.93,-8.75));
#7981 = DIRECTION('',(1.,0.,0.));
#7982 = DIRECTION('',(0.,0.,1.));
#7983 = ADVANCED_FACE('',(#7984),#7994,.F.);
#7984 = FACE_BOUND('',#7985,.F.);
#7985 = EDGE_LOOP('',(#7986,#7987,#7988));
#7986 = ORIENTED_EDGE('',*,*,#7963,.F.);
#7987 = ORIENTED_EDGE('',*,*,#5842,.T.);
#7988 = ORIENTED_EDGE('',*,*,#7989,.T.);
#7989 = EDGE_CURVE('',#5835,#7964,#7990,.T.);
#7990 = LINE('',#7991,#7992);
#7991 = CARTESIAN_POINT('',(37.020992713778,19.73,-13.44085705363));
#7992 = VECTOR('',#7993,1.);
#7993 = DIRECTION('',(0.256289373133,0.,0.966600102017));
#7994 = PLANE('',#7995);
#7995 = AXIS2_PLACEMENT_3D('',#7996,#7997,#7998);
#7996 = CARTESIAN_POINT('',(37.521203273864,19.73,-16.4));
#7997 = DIRECTION('',(0.,1.,0.));
#7998 = DIRECTION('',(0.,0.,1.));
#7999 = ADVANCED_FACE('',(#8000),#8019,.F.);
#8000 = FACE_BOUND('',#8001,.F.);
#8001 = EDGE_LOOP('',(#8002,#8003,#8004,#8005,#8006,#8013));
#8002 = ORIENTED_EDGE('',*,*,#5874,.F.);
#8003 = ORIENTED_EDGE('',*,*,#7971,.F.);
#8004 = ORIENTED_EDGE('',*,*,#7989,.F.);
#8005 = ORIENTED_EDGE('',*,*,#5834,.T.);
#8006 = ORIENTED_EDGE('',*,*,#8007,.T.);
#8007 = EDGE_CURVE('',#5826,#8008,#8010,.T.);
#8008 = VERTEX_POINT('',#8009);
#8009 = CARTESIAN_POINT('',(37.721203273861,36.75,-10.8));
#8010 = B_SPLINE_CURVE_WITH_KNOTS('',1,(#8011,#8012),.UNSPECIFIED.,.F.,
  .F.,(2,2),(0.,1.),.PIECEWISE_BEZIER_KNOTS.);
#8011 = CARTESIAN_POINT('',(37.349999999997,36.75,-12.2));
#8012 = CARTESIAN_POINT('',(37.721203273861,36.75,-10.8));
#8013 = ORIENTED_EDGE('',*,*,#8014,.F.);
#8014 = EDGE_CURVE('',#5875,#8008,#8015,.T.);
#8015 = LINE('',#8016,#8017);
#8016 = CARTESIAN_POINT('',(37.721203273861,-36.75,-10.8));
#8017 = VECTOR('',#8018,1.);
#8018 = DIRECTION('',(0.,1.,0.));
#8019 = PLANE('',#8020);
#8020 = AXIS2_PLACEMENT_3D('',#8021,#8022,#8023);
#8021 = CARTESIAN_POINT('',(37.721203273861,-36.75,-10.8));
#8022 = DIRECTION('',(0.966600102017,0.,-0.256289373133));
#8023 = DIRECTION('',(0.,1.,0.));
#8024 = ADVANCED_FACE('',(#8025),#8043,.F.);
#8025 = FACE_BOUND('',#8026,.F.);
#8026 = EDGE_LOOP('',(#8027,#8028,#8035,#8042));
#8027 = ORIENTED_EDGE('',*,*,#5825,.T.);
#8028 = ORIENTED_EDGE('',*,*,#8029,.T.);
#8029 = EDGE_CURVE('',#5818,#8030,#8032,.T.);
#8030 = VERTEX_POINT('',#8031);
#8031 = CARTESIAN_POINT('',(27.149999999997,47.321203273864,-10.8));
#8032 = B_SPLINE_CURVE_WITH_KNOTS('',1,(#8033,#8034),.UNSPECIFIED.,.F.,
  .F.,(2,2),(0.,1.),.PIECEWISE_BEZIER_KNOTS.);
#8033 = CARTESIAN_POINT('',(27.149999999997,46.95,-12.2));
#8034 = CARTESIAN_POINT('',(27.149999999997,47.321203273864,-10.8));
#8035 = ORIENTED_EDGE('',*,*,#8036,.F.);
#8036 = EDGE_CURVE('',#8008,#8030,#8037,.T.);
#8037 = CIRCLE('',#8038,10.571203273864);
#8038 = AXIS2_PLACEMENT_3D('',#8039,#8040,#8041);
#8039 = CARTESIAN_POINT('',(27.149999999997,36.75,-10.8));
#8040 = DIRECTION('',(0.,0.,1.));
#8041 = DIRECTION('',(1.,0.,0.));
#8042 = ORIENTED_EDGE('',*,*,#8007,.F.);
#8043 = CONICAL_SURFACE('',#8044,10.2,0.259181393921);
#8044 = AXIS2_PLACEMENT_3D('',#8045,#8046,#8047);
#8045 = CARTESIAN_POINT('',(27.149999999997,36.75,-12.2));
#8046 = DIRECTION('',(0.,0.,1.));
#8047 = DIRECTION('',(1.,0.,0.));
#8048 = ADVANCED_FACE('',(#8049),#8061,.F.);
#8049 = FACE_BOUND('',#8050,.F.);
#8050 = EDGE_LOOP('',(#8051,#8052,#8053,#8054,#8055));
#8051 = ORIENTED_EDGE('',*,*,#8029,.F.);
#8052 = ORIENTED_EDGE('',*,*,#5817,.T.);
#8053 = ORIENTED_EDGE('',*,*,#6200,.F.);
#8054 = ORIENTED_EDGE('',*,*,#6209,.F.);
#8055 = ORIENTED_EDGE('',*,*,#8056,.F.);
#8056 = EDGE_CURVE('',#8030,#6210,#8057,.T.);
#8057 = LINE('',#8058,#8059);
#8058 = CARTESIAN_POINT('',(27.149999999997,47.321203273864,-10.8));
#8059 = VECTOR('',#8060,1.);
#8060 = DIRECTION('',(-1.,0.,0.));
#8061 = PLANE('',#8062);
#8062 = AXIS2_PLACEMENT_3D('',#8063,#8064,#8065);
#8063 = CARTESIAN_POINT('',(27.149999999997,47.321203273864,-10.8));
#8064 = DIRECTION('',(0.,0.966600102017,-0.256289373133));
#8065 = DIRECTION('',(-1.,0.,0.));
#8066 = ADVANCED_FACE('',(#8067),#8110,.F.);
#8067 = FACE_BOUND('',#8068,.F.);
#8068 = EDGE_LOOP('',(#8069,#8079,#8087,#8093,#8094,#8095,#8096,#8104));
#8069 = ORIENTED_EDGE('',*,*,#8070,.T.);
#8070 = EDGE_CURVE('',#8071,#8073,#8075,.T.);
#8071 = VERTEX_POINT('',#8072);
#8072 = CARTESIAN_POINT('',(37.521203273864,19.73,-1.1));
#8073 = VERTEX_POINT('',#8074);
#8074 = CARTESIAN_POINT('',(37.521203273864,13.03,-1.1));
#8075 = LINE('',#8076,#8077);
#8076 = CARTESIAN_POINT('',(37.521203273864,19.73,-1.1));
#8077 = VECTOR('',#8078,1.);
#8078 = DIRECTION('',(0.,-1.,0.));
#8079 = ORIENTED_EDGE('',*,*,#8080,.T.);
#8080 = EDGE_CURVE('',#8073,#8081,#8083,.T.);
#8081 = VERTEX_POINT('',#8082);
#8082 = CARTESIAN_POINT('',(37.521203273864,13.03,-10.8));
#8083 = LINE('',#8084,#8085);
#8084 = CARTESIAN_POINT('',(37.521203273864,13.03,-1.1));
#8085 = VECTOR('',#8086,1.);
#8086 = DIRECTION('',(0.,0.,-1.));
#8087 = ORIENTED_EDGE('',*,*,#8088,.T.);
#8088 = EDGE_CURVE('',#8081,#5939,#8089,.T.);
#8089 = LINE('',#8090,#8091);
#8090 = CARTESIAN_POINT('',(37.521203273864,24.34,-10.8));
#8091 = VECTOR('',#8092,1.);
#8092 = DIRECTION('',(0.,1.,0.));
#8093 = ORIENTED_EDGE('',*,*,#5938,.T.);
#8094 = ORIENTED_EDGE('',*,*,#5914,.T.);
#8095 = ORIENTED_EDGE('',*,*,#5890,.T.);
#8096 = ORIENTED_EDGE('',*,*,#8097,.T.);
#8097 = EDGE_CURVE('',#5883,#8098,#8100,.T.);
#8098 = VERTEX_POINT('',#8099);
#8099 = CARTESIAN_POINT('',(37.521203273864,19.73,-10.8));
#8100 = LINE('',#8101,#8102);
#8101 = CARTESIAN_POINT('',(37.521203273864,24.34,-10.8));
#8102 = VECTOR('',#8103,1.);
#8103 = DIRECTION('',(0.,1.,0.));
#8104 = ORIENTED_EDGE('',*,*,#8105,.T.);
#8105 = EDGE_CURVE('',#8098,#8071,#8106,.T.);
#8106 = LINE('',#8107,#8108);
#8107 = CARTESIAN_POINT('',(37.521203273864,19.73,-16.4));
#8108 = VECTOR('',#8109,1.);
#8109 = DIRECTION('',(0.,0.,1.));
#8110 = PLANE('',#8111);
#8111 = AXIS2_PLACEMENT_3D('',#8112,#8113,#8114);
#8112 = CARTESIAN_POINT('',(37.521203273864,11.93,-8.75));
#8113 = DIRECTION('',(1.,0.,0.));
#8114 = DIRECTION('',(0.,0.,1.));
#8115 = ADVANCED_FACE('',(#8116),#8155,.F.);
#8116 = FACE_BOUND('',#8117,.F.);
#8117 = EDGE_LOOP('',(#8118,#8119,#8120,#8121,#8122,#8123,#8131,#8140,
    #8148,#8154));
#8118 = ORIENTED_EDGE('',*,*,#5882,.F.);
#8119 = ORIENTED_EDGE('',*,*,#8014,.T.);
#8120 = ORIENTED_EDGE('',*,*,#8036,.T.);
#8121 = ORIENTED_EDGE('',*,*,#8056,.T.);
#8122 = ORIENTED_EDGE('',*,*,#6218,.F.);
#8123 = ORIENTED_EDGE('',*,*,#8124,.F.);
#8124 = EDGE_CURVE('',#8125,#6219,#8127,.T.);
#8125 = VERTEX_POINT('',#8126);
#8126 = CARTESIAN_POINT('',(27.15,45.75,-10.8));
#8127 = LINE('',#8128,#8129);
#8128 = CARTESIAN_POINT('',(27.149999999998,45.75,-10.8));
#8129 = VECTOR('',#8130,1.);
#8130 = DIRECTION('',(-1.,0.,0.));
#8131 = ORIENTED_EDGE('',*,*,#8132,.T.);
#8132 = EDGE_CURVE('',#8125,#8133,#8135,.T.);
#8133 = VERTEX_POINT('',#8134);
#8134 = CARTESIAN_POINT('',(36.15,36.75,-10.8));
#8135 = CIRCLE('',#8136,9.);
#8136 = AXIS2_PLACEMENT_3D('',#8137,#8138,#8139);
#8137 = CARTESIAN_POINT('',(27.15,36.75,-10.8));
#8138 = DIRECTION('',(0.,0.,-1.));
#8139 = DIRECTION('',(1.,0.,0.));
#8140 = ORIENTED_EDGE('',*,*,#8141,.F.);
#8141 = EDGE_CURVE('',#8142,#8133,#8144,.T.);
#8142 = VERTEX_POINT('',#8143);
#8143 = CARTESIAN_POINT('',(36.15,19.73,-10.8));
#8144 = LINE('',#8145,#8146);
#8145 = CARTESIAN_POINT('',(36.15,7.105427357601E-15,-10.8));
#8146 = VECTOR('',#8147,1.);
#8147 = DIRECTION('',(0.,1.,0.));
#8148 = ORIENTED_EDGE('',*,*,#8149,.F.);
#8149 = EDGE_CURVE('',#8098,#8142,#8150,.T.);
#8150 = LINE('',#8151,#8152);
#8151 = CARTESIAN_POINT('',(32.33560163693,19.73,-10.8));
#8152 = VECTOR('',#8153,1.);
#8153 = DIRECTION('',(-1.,0.,0.));
#8154 = ORIENTED_EDGE('',*,*,#8097,.F.);
#8155 = PLANE('',#8156);
#8156 = AXIS2_PLACEMENT_3D('',#8157,#8158,#8159);
#8157 = CARTESIAN_POINT('',(27.149999999997,36.75,-10.8));
#8158 = DIRECTION('',(0.,0.,1.));
#8159 = DIRECTION('',(1.,0.,0.));
#8160 = ADVANCED_FACE('',(#8161),#8179,.F.);
#8161 = FACE_BOUND('',#8162,.F.);
#8162 = EDGE_LOOP('',(#8163,#8171,#8177,#8178));
#8163 = ORIENTED_EDGE('',*,*,#8164,.T.);
#8164 = EDGE_CURVE('',#5955,#8165,#8167,.T.);
#8165 = VERTEX_POINT('',#8166);
#8166 = CARTESIAN_POINT('',(37.521203273864,13.03,-11.5543036921));
#8167 = LINE('',#8168,#8169);
#8168 = CARTESIAN_POINT('',(37.521203273864,-12.41,-11.5543036921));
#8169 = VECTOR('',#8170,1.);
#8170 = DIRECTION('',(0.,-1.,0.));
#8171 = ORIENTED_EDGE('',*,*,#8172,.T.);
#8172 = EDGE_CURVE('',#8165,#5995,#8173,.T.);
#8173 = LINE('',#8174,#8175);
#8174 = CARTESIAN_POINT('',(37.521203273864,13.03,-1.1));
#8175 = VECTOR('',#8176,1.);
#8176 = DIRECTION('',(0.,0.,-1.));
#8177 = ORIENTED_EDGE('',*,*,#5994,.T.);
#8178 = ORIENTED_EDGE('',*,*,#5962,.T.);
#8179 = PLANE('',#8180);
#8180 = AXIS2_PLACEMENT_3D('',#8181,#8182,#8183);
#8181 = CARTESIAN_POINT('',(37.521203273864,11.93,-8.75));
#8182 = DIRECTION('',(1.,0.,0.));
#8183 = DIRECTION('',(0.,0.,1.));
#8184 = ADVANCED_FACE('',(#8185),#8217,.F.);
#8185 = FACE_BOUND('',#8186,.F.);
#8186 = EDGE_LOOP('',(#8187,#8188,#8196,#8202,#8203,#8209,#8210,#8211));
#8187 = ORIENTED_EDGE('',*,*,#6050,.F.);
#8188 = ORIENTED_EDGE('',*,*,#8189,.F.);
#8189 = EDGE_CURVE('',#8190,#6043,#8192,.T.);
#8190 = VERTEX_POINT('',#8191);
#8191 = CARTESIAN_POINT('',(37.521203273864,10.83,-11.5543036921));
#8192 = LINE('',#8193,#8194);
#8193 = CARTESIAN_POINT('',(37.521203273864,-12.41,-11.5543036921));
#8194 = VECTOR('',#8195,1.);
#8195 = DIRECTION('',(0.,-1.,0.));
#8196 = ORIENTED_EDGE('',*,*,#8197,.F.);
#8197 = EDGE_CURVE('',#6011,#8190,#8198,.T.);
#8198 = LINE('',#8199,#8200);
#8199 = CARTESIAN_POINT('',(37.020992713778,10.83,-13.44085705363));
#8200 = VECTOR('',#8201,1.);
#8201 = DIRECTION('',(0.256289373133,0.,0.966600102017));
#8202 = ORIENTED_EDGE('',*,*,#6010,.T.);
#8203 = ORIENTED_EDGE('',*,*,#8204,.F.);
#8204 = EDGE_CURVE('',#8165,#6003,#8205,.T.);
#8205 = LINE('',#8206,#8207);
#8206 = CARTESIAN_POINT('',(38.916122120531,13.03,-6.293341510909));
#8207 = VECTOR('',#8208,1.);
#8208 = DIRECTION('',(-0.256289373133,-0.,-0.966600102017));
#8209 = ORIENTED_EDGE('',*,*,#8164,.F.);
#8210 = ORIENTED_EDGE('',*,*,#5954,.F.);
#8211 = ORIENTED_EDGE('',*,*,#8212,.F.);
#8212 = EDGE_CURVE('',#6051,#5947,#8213,.T.);
#8213 = LINE('',#8214,#8215);
#8214 = CARTESIAN_POINT('',(37.721203273861,-36.75,-10.8));
#8215 = VECTOR('',#8216,1.);
#8216 = DIRECTION('',(0.,1.,0.));
#8217 = PLANE('',#8218);
#8218 = AXIS2_PLACEMENT_3D('',#8219,#8220,#8221);
#8219 = CARTESIAN_POINT('',(37.721203273861,-36.75,-10.8));
#8220 = DIRECTION('',(0.966600102017,0.,-0.256289373133));
#8221 = DIRECTION('',(0.,1.,0.));
#8222 = ADVANCED_FACE('',(#8223),#8252,.F.);
#8223 = FACE_BOUND('',#8224,.F.);
#8224 = EDGE_LOOP('',(#8225,#8226,#8227,#8228,#8229,#8237,#8245,#8251));
#8225 = ORIENTED_EDGE('',*,*,#6058,.F.);
#8226 = ORIENTED_EDGE('',*,*,#8212,.T.);
#8227 = ORIENTED_EDGE('',*,*,#5946,.F.);
#8228 = ORIENTED_EDGE('',*,*,#8088,.F.);
#8229 = ORIENTED_EDGE('',*,*,#8230,.F.);
#8230 = EDGE_CURVE('',#8231,#8081,#8233,.T.);
#8231 = VERTEX_POINT('',#8232);
#8232 = CARTESIAN_POINT('',(36.15,13.03,-10.8));
#8233 = LINE('',#8234,#8235);
#8234 = CARTESIAN_POINT('',(32.33560163693,13.03,-10.8));
#8235 = VECTOR('',#8236,1.);
#8236 = DIRECTION('',(1.,0.,0.));
#8237 = ORIENTED_EDGE('',*,*,#8238,.F.);
#8238 = EDGE_CURVE('',#8239,#8231,#8241,.T.);
#8239 = VERTEX_POINT('',#8240);
#8240 = CARTESIAN_POINT('',(36.15,10.83,-10.8));
#8241 = LINE('',#8242,#8243);
#8242 = CARTESIAN_POINT('',(36.15,7.105427357601E-15,-10.8));
#8243 = VECTOR('',#8244,1.);
#8244 = DIRECTION('',(0.,1.,0.));
#8245 = ORIENTED_EDGE('',*,*,#8246,.F.);
#8246 = EDGE_CURVE('',#7121,#8239,#8247,.T.);
#8247 = LINE('',#8248,#8249);
#8248 = CARTESIAN_POINT('',(32.33560163693,10.83,-10.8));
#8249 = VECTOR('',#8250,1.);
#8250 = DIRECTION('',(-1.,0.,0.));
#8251 = ORIENTED_EDGE('',*,*,#7120,.F.);
#8252 = PLANE('',#8253);
#8253 = AXIS2_PLACEMENT_3D('',#8254,#8255,#8256);
#8254 = CARTESIAN_POINT('',(27.149999999997,36.75,-10.8));
#8255 = DIRECTION('',(0.,0.,1.));
#8256 = DIRECTION('',(1.,0.,0.));
#8257 = ADVANCED_FACE('',(#8258),#8269,.F.);
#8258 = FACE_BOUND('',#8259,.F.);
#8259 = EDGE_LOOP('',(#8260,#8266,#8267,#8268));
#8260 = ORIENTED_EDGE('',*,*,#8261,.T.);
#8261 = EDGE_CURVE('',#6019,#8190,#8262,.T.);
#8262 = LINE('',#8263,#8264);
#8263 = CARTESIAN_POINT('',(37.521203273864,10.83,-16.4));
#8264 = VECTOR('',#8265,1.);
#8265 = DIRECTION('',(0.,0.,1.));
#8266 = ORIENTED_EDGE('',*,*,#8189,.T.);
#8267 = ORIENTED_EDGE('',*,*,#6042,.T.);
#8268 = ORIENTED_EDGE('',*,*,#6026,.T.);
#8269 = PLANE('',#8270);
#8270 = AXIS2_PLACEMENT_3D('',#8271,#8272,#8273);
#8271 = CARTESIAN_POINT('',(37.521203273864,11.93,-8.75));
#8272 = DIRECTION('',(1.,0.,0.));
#8273 = DIRECTION('',(0.,0.,1.));
#8274 = ADVANCED_FACE('',(#8275),#8280,.F.);
#8275 = FACE_BOUND('',#8276,.F.);
#8276 = EDGE_LOOP('',(#8277,#8278,#8279));
#8277 = ORIENTED_EDGE('',*,*,#8261,.F.);
#8278 = ORIENTED_EDGE('',*,*,#6018,.T.);
#8279 = ORIENTED_EDGE('',*,*,#8197,.T.);
#8280 = PLANE('',#8281);
#8281 = AXIS2_PLACEMENT_3D('',#8282,#8283,#8284);
#8282 = CARTESIAN_POINT('',(37.521203273864,10.83,-16.4));
#8283 = DIRECTION('',(0.,1.,0.));
#8284 = DIRECTION('',(0.,0.,1.));
#8285 = ADVANCED_FACE('',(#8286),#8291,.F.);
#8286 = FACE_BOUND('',#8287,.F.);
#8287 = EDGE_LOOP('',(#8288,#8289,#8290));
#8288 = ORIENTED_EDGE('',*,*,#8172,.F.);
#8289 = ORIENTED_EDGE('',*,*,#8204,.T.);
#8290 = ORIENTED_EDGE('',*,*,#6002,.T.);
#8291 = PLANE('',#8292);
#8292 = AXIS2_PLACEMENT_3D('',#8293,#8294,#8295);
#8293 = CARTESIAN_POINT('',(37.521203273864,13.03,-1.1));
#8294 = DIRECTION('',(0.,-1.,0.));
#8295 = DIRECTION('',(0.,0.,-1.));
#8296 = ADVANCED_FACE('',(#8297),#8309,.F.);
#8297 = FACE_BOUND('',#8298,.F.);
#8298 = EDGE_LOOP('',(#8299,#8300,#8301,#8302,#8303));
#8299 = ORIENTED_EDGE('',*,*,#6243,.F.);
#8300 = ORIENTED_EDGE('',*,*,#6184,.T.);
#8301 = ORIENTED_EDGE('',*,*,#6114,.F.);
#8302 = ORIENTED_EDGE('',*,*,#6123,.F.);
#8303 = ORIENTED_EDGE('',*,*,#8304,.F.);
#8304 = EDGE_CURVE('',#6236,#6124,#8305,.T.);
#8305 = LINE('',#8306,#8307);
#8306 = CARTESIAN_POINT('',(27.149999999997,47.321203273864,-10.8));
#8307 = VECTOR('',#8308,1.);
#8308 = DIRECTION('',(-1.,0.,0.));
#8309 = PLANE('',#8310);
#8310 = AXIS2_PLACEMENT_3D('',#8311,#8312,#8313);
#8311 = CARTESIAN_POINT('',(27.149999999997,47.321203273864,-10.8));
#8312 = DIRECTION('',(0.,0.966600102017,-0.256289373133));
#8313 = DIRECTION('',(-1.,0.,0.));
#8314 = ADVANCED_FACE('',(#8315),#8326,.F.);
#8315 = FACE_BOUND('',#8316,.F.);
#8316 = EDGE_LOOP('',(#8317,#8318,#8319,#8320));
#8317 = ORIENTED_EDGE('',*,*,#6235,.T.);
#8318 = ORIENTED_EDGE('',*,*,#8304,.T.);
#8319 = ORIENTED_EDGE('',*,*,#6132,.F.);
#8320 = ORIENTED_EDGE('',*,*,#8321,.F.);
#8321 = EDGE_CURVE('',#6227,#6133,#8322,.T.);
#8322 = LINE('',#8323,#8324);
#8323 = CARTESIAN_POINT('',(27.149999999998,45.75,-10.8));
#8324 = VECTOR('',#8325,1.);
#8325 = DIRECTION('',(-1.,0.,0.));
#8326 = PLANE('',#8327);
#8327 = AXIS2_PLACEMENT_3D('',#8328,#8329,#8330);
#8328 = CARTESIAN_POINT('',(27.149999999997,36.75,-10.8));
#8329 = DIRECTION('',(0.,0.,1.));
#8330 = DIRECTION('',(1.,0.,0.));
#8331 = ADVANCED_FACE('',(#8332),#8352,.T.);
#8332 = FACE_BOUND('',#8333,.T.);
#8333 = EDGE_LOOP('',(#8334,#8335,#8341,#8342,#8348,#8349,#8350,#8351));
#8334 = ORIENTED_EDGE('',*,*,#8124,.F.);
#8335 = ORIENTED_EDGE('',*,*,#8336,.T.);
#8336 = EDGE_CURVE('',#8125,#6467,#8337,.T.);
#8337 = LINE('',#8338,#8339);
#8338 = CARTESIAN_POINT('',(27.15,45.75,-12.2));
#8339 = VECTOR('',#8340,1.);
#8340 = DIRECTION('',(0.,0.,1.));
#8341 = ORIENTED_EDGE('',*,*,#6475,.T.);
#8342 = ORIENTED_EDGE('',*,*,#8343,.F.);
#8343 = EDGE_CURVE('',#7855,#6476,#8344,.T.);
#8344 = LINE('',#8345,#8346);
#8345 = CARTESIAN_POINT('',(-27.15,45.75,-12.2));
#8346 = VECTOR('',#8347,1.);
#8347 = DIRECTION('',(0.,0.,1.));
#8348 = ORIENTED_EDGE('',*,*,#7863,.F.);
#8349 = ORIENTED_EDGE('',*,*,#6140,.F.);
#8350 = ORIENTED_EDGE('',*,*,#8321,.F.);
#8351 = ORIENTED_EDGE('',*,*,#6226,.F.);
#8352 = PLANE('',#8353);
#8353 = AXIS2_PLACEMENT_3D('',#8354,#8355,#8356);
#8354 = CARTESIAN_POINT('',(27.15,45.75,-12.2));
#8355 = DIRECTION('',(0.,-1.,0.));
#8356 = DIRECTION('',(-1.,0.,0.));
#8357 = ADVANCED_FACE('',(#8358),#8380,.T.);
#8358 = FACE_BOUND('',#8359,.T.);
#8359 = EDGE_LOOP('',(#8360,#8369,#8370,#8371,#8372,#8373));
#8360 = ORIENTED_EDGE('',*,*,#8361,.T.);
#8361 = EDGE_CURVE('',#8362,#7274,#8364,.T.);
#8362 = VERTEX_POINT('',#8363);
#8363 = CARTESIAN_POINT('',(-32.747,-35.482,-5.3));
#8364 = CIRCLE('',#8365,1.835);
#8365 = AXIS2_PLACEMENT_3D('',#8366,#8367,#8368);
#8366 = CARTESIAN_POINT('',(-34.582,-35.482,-5.3));
#8367 = DIRECTION('',(0.,0.,1.));
#8368 = DIRECTION('',(1.,0.,0.));
#8369 = ORIENTED_EDGE('',*,*,#7273,.T.);
#8370 = ORIENTED_EDGE('',*,*,#6623,.F.);
#8371 = ORIENTED_EDGE('',*,*,#6260,.F.);
#8372 = ORIENTED_EDGE('',*,*,#7289,.F.);
#8373 = ORIENTED_EDGE('',*,*,#8374,.T.);
#8374 = EDGE_CURVE('',#7282,#8362,#8375,.T.);
#8375 = CIRCLE('',#8376,1.835);
#8376 = AXIS2_PLACEMENT_3D('',#8377,#8378,#8379);
#8377 = CARTESIAN_POINT('',(-34.582,-35.482,-5.3));
#8378 = DIRECTION('',(0.,0.,1.));
#8379 = DIRECTION('',(1.,0.,0.));
#8380 = CYLINDRICAL_SURFACE('',#8381,1.835);
#8381 = AXIS2_PLACEMENT_3D('',#8382,#8383,#8384);
#8382 = CARTESIAN_POINT('',(-34.582,-35.482,-2.2));
#8383 = DIRECTION('',(0.,0.,1.));
#8384 = DIRECTION('',(1.,0.,0.));
#8385 = ADVANCED_FACE('',(#8386),#8406,.T.);
#8386 = FACE_BOUND('',#8387,.T.);
#8387 = EDGE_LOOP('',(#8388,#8389,#8397,#8403,#8404,#8405));
#8388 = ORIENTED_EDGE('',*,*,#7418,.F.);
#8389 = ORIENTED_EDGE('',*,*,#8390,.T.);
#8390 = EDGE_CURVE('',#7411,#8391,#8393,.T.);
#8391 = VERTEX_POINT('',#8392);
#8392 = CARTESIAN_POINT('',(-35.75,4.130000000002,-1.099999999998));
#8393 = LINE('',#8394,#8395);
#8394 = CARTESIAN_POINT('',(-37.52120327386,4.130000000002,
    -1.099999999998));
#8395 = VECTOR('',#8396,1.);
#8396 = DIRECTION('',(1.,0.,0.));
#8397 = ORIENTED_EDGE('',*,*,#8398,.T.);
#8398 = EDGE_CURVE('',#8391,#6600,#8399,.T.);
#8399 = LINE('',#8400,#8401);
#8400 = CARTESIAN_POINT('',(-35.75,4.130000000002,-1.099999999998));
#8401 = VECTOR('',#8402,1.);
#8402 = DIRECTION('',(0.,0.,-1.));
#8403 = ORIENTED_EDGE('',*,*,#6607,.T.);
#8404 = ORIENTED_EDGE('',*,*,#7264,.F.);
#8405 = ORIENTED_EDGE('',*,*,#7316,.T.);
#8406 = PLANE('',#8407);
#8407 = AXIS2_PLACEMENT_3D('',#8408,#8409,#8410);
#8408 = CARTESIAN_POINT('',(-37.52120327386,4.130000000002,
    -1.099999999998));
#8409 = DIRECTION('',(0.,1.,0.));
#8410 = DIRECTION('',(0.,0.,-1.));
#8411 = ADVANCED_FACE('',(#8412),#8430,.F.);
#8412 = FACE_BOUND('',#8413,.F.);
#8413 = EDGE_LOOP('',(#8414,#8422,#8428,#8429));
#8414 = ORIENTED_EDGE('',*,*,#8415,.T.);
#8415 = EDGE_CURVE('',#6592,#8416,#8418,.T.);
#8416 = VERTEX_POINT('',#8417);
#8417 = CARTESIAN_POINT('',(-35.75,10.829999999998,-1.099999999998));
#8418 = LINE('',#8419,#8420);
#8419 = CARTESIAN_POINT('',(-35.75,10.829999999998,-16.4));
#8420 = VECTOR('',#8421,1.);
#8421 = DIRECTION('',(0.,0.,1.));
#8422 = ORIENTED_EDGE('',*,*,#8423,.T.);
#8423 = EDGE_CURVE('',#8416,#8391,#8424,.T.);
#8424 = LINE('',#8425,#8426);
#8425 = CARTESIAN_POINT('',(-35.75,10.829999999998,-1.099999999998));
#8426 = VECTOR('',#8427,1.);
#8427 = DIRECTION('',(0.,-1.,0.));
#8428 = ORIENTED_EDGE('',*,*,#8398,.T.);
#8429 = ORIENTED_EDGE('',*,*,#6599,.T.);
#8430 = PLANE('',#8431);
#8431 = AXIS2_PLACEMENT_3D('',#8432,#8433,#8434);
#8432 = CARTESIAN_POINT('',(-35.75,11.93,-8.749999999999));
#8433 = DIRECTION('',(1.,0.,0.));
#8434 = DIRECTION('',(0.,0.,1.));
#8435 = ADVANCED_FACE('',(#8436),#8454,.T.);
#8436 = FACE_BOUND('',#8437,.T.);
#8437 = EDGE_LOOP('',(#8438,#8439,#8440,#8446,#8447,#8448));
#8438 = ORIENTED_EDGE('',*,*,#6591,.T.);
#8439 = ORIENTED_EDGE('',*,*,#8415,.T.);
#8440 = ORIENTED_EDGE('',*,*,#8441,.F.);
#8441 = EDGE_CURVE('',#7403,#8416,#8442,.T.);
#8442 = LINE('',#8443,#8444);
#8443 = CARTESIAN_POINT('',(-37.52120327386,10.829999999998,
    -1.099999999998));
#8444 = VECTOR('',#8445,1.);
#8445 = DIRECTION('',(1.,0.,0.));
#8446 = ORIENTED_EDGE('',*,*,#7400,.F.);
#8447 = ORIENTED_EDGE('',*,*,#7532,.T.);
#8448 = ORIENTED_EDGE('',*,*,#8449,.F.);
#8449 = EDGE_CURVE('',#6584,#7507,#8450,.T.);
#8450 = LINE('',#8451,#8452);
#8451 = CARTESIAN_POINT('',(-36.15,10.829999999998,-14.3));
#8452 = VECTOR('',#8453,1.);
#8453 = DIRECTION('',(0.,0.,-1.));
#8454 = PLANE('',#8455);
#8455 = AXIS2_PLACEMENT_3D('',#8456,#8457,#8458);
#8456 = CARTESIAN_POINT('',(-37.52120327386,10.829999999998,-16.4));
#8457 = DIRECTION('',(0.,-1.,0.));
#8458 = DIRECTION('',(0.,0.,1.));
#8459 = ADVANCED_FACE('',(#8460),#8471,.T.);
#8460 = FACE_BOUND('',#8461,.T.);
#8461 = EDGE_LOOP('',(#8462,#8468,#8469,#8470));
#8462 = ORIENTED_EDGE('',*,*,#8463,.T.);
#8463 = EDGE_CURVE('',#7505,#6576,#8464,.T.);
#8464 = LINE('',#8465,#8466);
#8465 = CARTESIAN_POINT('',(-36.15,13.03,-6.649999999999));
#8466 = VECTOR('',#8467,1.);
#8467 = DIRECTION('',(0.,0.,1.));
#8468 = ORIENTED_EDGE('',*,*,#6583,.T.);
#8469 = ORIENTED_EDGE('',*,*,#8449,.T.);
#8470 = ORIENTED_EDGE('',*,*,#7504,.F.);
#8471 = PLANE('',#8472);
#8472 = AXIS2_PLACEMENT_3D('',#8473,#8474,#8475);
#8473 = CARTESIAN_POINT('',(-36.15,36.75,-12.2));
#8474 = DIRECTION('',(1.,0.,0.));
#8475 = DIRECTION('',(0.,-1.,0.));
#8476 = ADVANCED_FACE('',(#8477),#8497,.T.);
#8477 = FACE_BOUND('',#8478,.T.);
#8478 = EDGE_LOOP('',(#8479,#8480,#8488,#8494,#8495,#8496));
#8479 = ORIENTED_EDGE('',*,*,#7603,.F.);
#8480 = ORIENTED_EDGE('',*,*,#8481,.T.);
#8481 = EDGE_CURVE('',#7596,#8482,#8484,.T.);
#8482 = VERTEX_POINT('',#8483);
#8483 = CARTESIAN_POINT('',(-35.75,13.03,-1.099999999998));
#8484 = LINE('',#8485,#8486);
#8485 = CARTESIAN_POINT('',(-37.52120327386,13.03,-1.099999999998));
#8486 = VECTOR('',#8487,1.);
#8487 = DIRECTION('',(1.,0.,0.));
#8488 = ORIENTED_EDGE('',*,*,#8489,.T.);
#8489 = EDGE_CURVE('',#8482,#6568,#8490,.T.);
#8490 = LINE('',#8491,#8492);
#8491 = CARTESIAN_POINT('',(-35.75,13.03,-1.099999999998));
#8492 = VECTOR('',#8493,1.);
#8493 = DIRECTION('',(0.,0.,-1.));
#8494 = ORIENTED_EDGE('',*,*,#6575,.T.);
#8495 = ORIENTED_EDGE('',*,*,#8463,.F.);
#8496 = ORIENTED_EDGE('',*,*,#7514,.T.);
#8497 = PLANE('',#8498);
#8498 = AXIS2_PLACEMENT_3D('',#8499,#8500,#8501);
#8499 = CARTESIAN_POINT('',(-37.52120327386,13.03,-1.099999999998));
#8500 = DIRECTION('',(0.,1.,0.));
#8501 = DIRECTION('',(0.,0.,-1.));
#8502 = ADVANCED_FACE('',(#8503),#8521,.F.);
#8503 = FACE_BOUND('',#8504,.F.);
#8504 = EDGE_LOOP('',(#8505,#8513,#8519,#8520));
#8505 = ORIENTED_EDGE('',*,*,#8506,.T.);
#8506 = EDGE_CURVE('',#6560,#8507,#8509,.T.);
#8507 = VERTEX_POINT('',#8508);
#8508 = CARTESIAN_POINT('',(-35.75,19.73,-1.099999999998));
#8509 = LINE('',#8510,#8511);
#8510 = CARTESIAN_POINT('',(-35.75,19.73,-16.39999999999));
#8511 = VECTOR('',#8512,1.);
#8512 = DIRECTION('',(0.,0.,1.));
#8513 = ORIENTED_EDGE('',*,*,#8514,.T.);
#8514 = EDGE_CURVE('',#8507,#8482,#8515,.T.);
#8515 = LINE('',#8516,#8517);
#8516 = CARTESIAN_POINT('',(-35.75,19.73,-1.099999999998));
#8517 = VECTOR('',#8518,1.);
#8518 = DIRECTION('',(0.,-1.,0.));
#8519 = ORIENTED_EDGE('',*,*,#8489,.T.);
#8520 = ORIENTED_EDGE('',*,*,#6567,.T.);
#8521 = PLANE('',#8522);
#8522 = AXIS2_PLACEMENT_3D('',#8523,#8524,#8525);
#8523 = CARTESIAN_POINT('',(-35.75,11.93,-8.749999999999));
#8524 = DIRECTION('',(1.,0.,0.));
#8525 = DIRECTION('',(0.,0.,1.));
#8526 = ADVANCED_FACE('',(#8527),#8545,.T.);
#8527 = FACE_BOUND('',#8528,.T.);
#8528 = EDGE_LOOP('',(#8529,#8530,#8531,#8537,#8538,#8539));
#8529 = ORIENTED_EDGE('',*,*,#6559,.T.);
#8530 = ORIENTED_EDGE('',*,*,#8506,.T.);
#8531 = ORIENTED_EDGE('',*,*,#8532,.F.);
#8532 = EDGE_CURVE('',#7588,#8507,#8533,.T.);
#8533 = LINE('',#8534,#8535);
#8534 = CARTESIAN_POINT('',(-37.52120327386,19.73,-1.099999999998));
#8535 = VECTOR('',#8536,1.);
#8536 = DIRECTION('',(1.,0.,0.));
#8537 = ORIENTED_EDGE('',*,*,#7585,.F.);
#8538 = ORIENTED_EDGE('',*,*,#7717,.T.);
#8539 = ORIENTED_EDGE('',*,*,#8540,.F.);
#8540 = EDGE_CURVE('',#6552,#7692,#8541,.T.);
#8541 = LINE('',#8542,#8543);
#8542 = CARTESIAN_POINT('',(-36.15,19.73,-14.29999999999));
#8543 = VECTOR('',#8544,1.);
#8544 = DIRECTION('',(0.,0.,-1.));
#8545 = PLANE('',#8546);
#8546 = AXIS2_PLACEMENT_3D('',#8547,#8548,#8549);
#8547 = CARTESIAN_POINT('',(-37.52120327386,19.73,-16.39999999999));
#8548 = DIRECTION('',(0.,-1.,0.));
#8549 = DIRECTION('',(0.,0.,1.));
#8550 = ADVANCED_FACE('',(#8551),#8562,.T.);
#8551 = FACE_BOUND('',#8552,.T.);
#8552 = EDGE_LOOP('',(#8553,#8554,#8560,#8561));
#8553 = ORIENTED_EDGE('',*,*,#7689,.F.);
#8554 = ORIENTED_EDGE('',*,*,#8555,.T.);
#8555 = EDGE_CURVE('',#7690,#6544,#8556,.T.);
#8556 = LINE('',#8557,#8558);
#8557 = CARTESIAN_POINT('',(-36.15,21.15,-6.65));
#8558 = VECTOR('',#8559,1.);
#8559 = DIRECTION('',(0.,0.,1.));
#8560 = ORIENTED_EDGE('',*,*,#6551,.T.);
#8561 = ORIENTED_EDGE('',*,*,#8540,.T.);
#8562 = PLANE('',#8563);
#8563 = AXIS2_PLACEMENT_3D('',#8564,#8565,#8566);
#8564 = CARTESIAN_POINT('',(-36.15,36.75,-12.2));
#8565 = DIRECTION('',(1.,0.,0.));
#8566 = DIRECTION('',(0.,-1.,0.));
#8567 = ADVANCED_FACE('',(#8568),#8588,.T.);
#8568 = FACE_BOUND('',#8569,.T.);
#8569 = EDGE_LOOP('',(#8570,#8571,#8579,#8585,#8586,#8587));
#8570 = ORIENTED_EDGE('',*,*,#7788,.F.);
#8571 = ORIENTED_EDGE('',*,*,#8572,.T.);
#8572 = EDGE_CURVE('',#7781,#8573,#8575,.T.);
#8573 = VERTEX_POINT('',#8574);
#8574 = CARTESIAN_POINT('',(-35.72120327386,21.15,-1.1));
#8575 = LINE('',#8576,#8577);
#8576 = CARTESIAN_POINT('',(-37.52120327386,21.15,-1.1));
#8577 = VECTOR('',#8578,1.);
#8578 = DIRECTION('',(1.,0.,0.));
#8579 = ORIENTED_EDGE('',*,*,#8580,.T.);
#8580 = EDGE_CURVE('',#8573,#6536,#8581,.T.);
#8581 = LINE('',#8582,#8583);
#8582 = CARTESIAN_POINT('',(-35.72120327386,21.15,-1.1));
#8583 = VECTOR('',#8584,1.);
#8584 = DIRECTION('',(0.,0.,-1.));
#8585 = ORIENTED_EDGE('',*,*,#6543,.T.);
#8586 = ORIENTED_EDGE('',*,*,#8555,.F.);
#8587 = ORIENTED_EDGE('',*,*,#7699,.T.);
#8588 = PLANE('',#8589);
#8589 = AXIS2_PLACEMENT_3D('',#8590,#8591,#8592);
#8590 = CARTESIAN_POINT('',(-37.52120327386,21.15,-1.1));
#8591 = DIRECTION('',(0.,1.,0.));
#8592 = DIRECTION('',(0.,0.,-1.));
#8593 = ADVANCED_FACE('',(#8594),#8612,.F.);
#8594 = FACE_BOUND('',#8595,.F.);
#8595 = EDGE_LOOP('',(#8596,#8604,#8610,#8611));
#8596 = ORIENTED_EDGE('',*,*,#8597,.T.);
#8597 = EDGE_CURVE('',#6528,#8598,#8600,.T.);
#8598 = VERTEX_POINT('',#8599);
#8599 = CARTESIAN_POINT('',(-35.72120327386,32.55,-1.1));
#8600 = LINE('',#8601,#8602);
#8601 = CARTESIAN_POINT('',(-35.72120327386,32.55,-16.4));
#8602 = VECTOR('',#8603,1.);
#8603 = DIRECTION('',(0.,0.,1.));
#8604 = ORIENTED_EDGE('',*,*,#8605,.T.);
#8605 = EDGE_CURVE('',#8598,#8573,#8606,.T.);
#8606 = LINE('',#8607,#8608);
#8607 = CARTESIAN_POINT('',(-35.72120327386,32.55,-1.1));
#8608 = VECTOR('',#8609,1.);
#8609 = DIRECTION('',(0.,-1.,0.));
#8610 = ORIENTED_EDGE('',*,*,#8580,.T.);
#8611 = ORIENTED_EDGE('',*,*,#6535,.T.);
#8612 = PLANE('',#8613);
#8613 = AXIS2_PLACEMENT_3D('',#8614,#8615,#8616);
#8614 = CARTESIAN_POINT('',(-35.72120327386,26.85,-8.75));
#8615 = DIRECTION('',(1.,0.,0.));
#8616 = DIRECTION('',(0.,0.,1.));
#8617 = ADVANCED_FACE('',(#8618),#8636,.T.);
#8618 = FACE_BOUND('',#8619,.T.);
#8619 = EDGE_LOOP('',(#8620,#8621,#8622,#8628,#8629,#8630));
#8620 = ORIENTED_EDGE('',*,*,#6527,.T.);
#8621 = ORIENTED_EDGE('',*,*,#8597,.T.);
#8622 = ORIENTED_EDGE('',*,*,#8623,.F.);
#8623 = EDGE_CURVE('',#7773,#8598,#8624,.T.);
#8624 = LINE('',#8625,#8626);
#8625 = CARTESIAN_POINT('',(-37.52120327386,32.55,-1.1));
#8626 = VECTOR('',#8627,1.);
#8627 = DIRECTION('',(1.,0.,0.));
#8628 = ORIENTED_EDGE('',*,*,#7770,.F.);
#8629 = ORIENTED_EDGE('',*,*,#7838,.T.);
#8630 = ORIENTED_EDGE('',*,*,#8631,.F.);
#8631 = EDGE_CURVE('',#6520,#7839,#8632,.T.);
#8632 = LINE('',#8633,#8634);
#8633 = CARTESIAN_POINT('',(-36.15,32.55,-14.3));
#8634 = VECTOR('',#8635,1.);
#8635 = DIRECTION('',(0.,0.,-1.));
#8636 = PLANE('',#8637);
#8637 = AXIS2_PLACEMENT_3D('',#8638,#8639,#8640);
#8638 = CARTESIAN_POINT('',(-37.52120327386,32.55,-16.4));
#8639 = DIRECTION('',(0.,-1.,0.));
#8640 = DIRECTION('',(0.,0.,1.));
#8641 = ADVANCED_FACE('',(#8642),#8653,.T.);
#8642 = FACE_BOUND('',#8643,.T.);
#8643 = EDGE_LOOP('',(#8644,#8645,#8651,#8652));
#8644 = ORIENTED_EDGE('',*,*,#7846,.F.);
#8645 = ORIENTED_EDGE('',*,*,#8646,.T.);
#8646 = EDGE_CURVE('',#7847,#6511,#8647,.T.);
#8647 = LINE('',#8648,#8649);
#8648 = CARTESIAN_POINT('',(-36.15,36.75,-12.2));
#8649 = VECTOR('',#8650,1.);
#8650 = DIRECTION('',(0.,0.,1.));
#8651 = ORIENTED_EDGE('',*,*,#6519,.T.);
#8652 = ORIENTED_EDGE('',*,*,#8631,.T.);
#8653 = PLANE('',#8654);
#8654 = AXIS2_PLACEMENT_3D('',#8655,#8656,#8657);
#8655 = CARTESIAN_POINT('',(-36.15,36.75,-12.2));
#8656 = DIRECTION('',(1.,0.,0.));
#8657 = DIRECTION('',(0.,-1.,0.));
#8658 = ADVANCED_FACE('',(#8659),#8689,.F.);
#8659 = FACE_BOUND('',#8660,.T.);
#8660 = EDGE_LOOP('',(#8661,#8662,#8663,#8664,#8665,#8673,#8682,#8688));
#8661 = ORIENTED_EDGE('',*,*,#8646,.F.);
#8662 = ORIENTED_EDGE('',*,*,#7854,.T.);
#8663 = ORIENTED_EDGE('',*,*,#8343,.T.);
#8664 = ORIENTED_EDGE('',*,*,#6483,.T.);
#8665 = ORIENTED_EDGE('',*,*,#8666,.T.);
#8666 = EDGE_CURVE('',#6484,#8667,#8669,.T.);
#8667 = VERTEX_POINT('',#8668);
#8668 = CARTESIAN_POINT('',(-33.04278779787,43.552576862425,-5.3));
#8669 = LINE('',#8670,#8671);
#8670 = CARTESIAN_POINT('',(-33.04278779787,43.552576862425,-12.2));
#8671 = VECTOR('',#8672,1.);
#8672 = DIRECTION('',(-0.,-0.,-1.));
#8673 = ORIENTED_EDGE('',*,*,#8674,.F.);
#8674 = EDGE_CURVE('',#8675,#8667,#8677,.T.);
#8675 = VERTEX_POINT('',#8676);
#8676 = CARTESIAN_POINT('',(-33.77660085675,42.840005015213,-5.3));
#8677 = CIRCLE('',#8678,9.);
#8678 = AXIS2_PLACEMENT_3D('',#8679,#8680,#8681);
#8679 = CARTESIAN_POINT('',(-27.15,36.75,-5.3));
#8680 = DIRECTION('',(0.,0.,-1.));
#8681 = DIRECTION('',(1.,0.,0.));
#8682 = ORIENTED_EDGE('',*,*,#8683,.F.);
#8683 = EDGE_CURVE('',#6502,#8675,#8684,.T.);
#8684 = LINE('',#8685,#8686);
#8685 = CARTESIAN_POINT('',(-33.77660085675,42.840005015213,-12.2));
#8686 = VECTOR('',#8687,1.);
#8687 = DIRECTION('',(-0.,-0.,-1.));
#8688 = ORIENTED_EDGE('',*,*,#6510,.T.);
#8689 = CYLINDRICAL_SURFACE('',#8690,9.);
#8690 = AXIS2_PLACEMENT_3D('',#8691,#8692,#8693);
#8691 = CARTESIAN_POINT('',(-27.15,36.75,-12.2));
#8692 = DIRECTION('',(-0.,-0.,-1.));
#8693 = DIRECTION('',(1.,0.,0.));
#8694 = ADVANCED_FACE('',(#8695),#8717,.T.);
#8695 = FACE_BOUND('',#8696,.T.);
#8696 = EDGE_LOOP('',(#8697,#8706,#8707,#8708,#8709,#8710));
#8697 = ORIENTED_EDGE('',*,*,#8698,.T.);
#8698 = EDGE_CURVE('',#8699,#8667,#8701,.T.);
#8699 = VERTEX_POINT('',#8700);
#8700 = CARTESIAN_POINT('',(-30.347,41.932,-5.3));
#8701 = CIRCLE('',#8702,1.835);
#8702 = AXIS2_PLACEMENT_3D('',#8703,#8704,#8705);
#8703 = CARTESIAN_POINT('',(-32.182,41.932,-5.3));
#8704 = DIRECTION('',(0.,0.,1.));
#8705 = DIRECTION('',(1.,0.,0.));
#8706 = ORIENTED_EDGE('',*,*,#8666,.F.);
#8707 = ORIENTED_EDGE('',*,*,#6492,.F.);
#8708 = ORIENTED_EDGE('',*,*,#6501,.F.);
#8709 = ORIENTED_EDGE('',*,*,#8683,.T.);
#8710 = ORIENTED_EDGE('',*,*,#8711,.T.);
#8711 = EDGE_CURVE('',#8675,#8699,#8712,.T.);
#8712 = CIRCLE('',#8713,1.835);
#8713 = AXIS2_PLACEMENT_3D('',#8714,#8715,#8716);
#8714 = CARTESIAN_POINT('',(-32.182,41.932,-5.3));
#8715 = DIRECTION('',(0.,0.,1.));
#8716 = DIRECTION('',(1.,0.,0.));
#8717 = CYLINDRICAL_SURFACE('',#8718,1.835);
#8718 = AXIS2_PLACEMENT_3D('',#8719,#8720,#8721);
#8719 = CARTESIAN_POINT('',(-32.182,41.932,-2.2));
#8720 = DIRECTION('',(0.,0.,1.));
#8721 = DIRECTION('',(1.,0.,0.));
#8722 = ADVANCED_FACE('',(#8723),#8758,.F.);
#8723 = FACE_BOUND('',#8724,.T.);
#8724 = EDGE_LOOP('',(#8725,#8726,#8727,#8733,#8734,#8742,#8751,#8757));
#8725 = ORIENTED_EDGE('',*,*,#8336,.F.);
#8726 = ORIENTED_EDGE('',*,*,#8132,.T.);
#8727 = ORIENTED_EDGE('',*,*,#8728,.T.);
#8728 = EDGE_CURVE('',#8133,#6432,#8729,.T.);
#8729 = LINE('',#8730,#8731);
#8730 = CARTESIAN_POINT('',(36.15,36.75,-12.2));
#8731 = VECTOR('',#8732,1.);
#8732 = DIRECTION('',(0.,0.,1.));
#8733 = ORIENTED_EDGE('',*,*,#6439,.T.);
#8734 = ORIENTED_EDGE('',*,*,#8735,.T.);
#8735 = EDGE_CURVE('',#6440,#8736,#8738,.T.);
#8736 = VERTEX_POINT('',#8737);
#8737 = CARTESIAN_POINT('',(33.77660085675,42.840005015213,-5.3));
#8738 = LINE('',#8739,#8740);
#8739 = CARTESIAN_POINT('',(33.77660085675,42.840005015213,-12.2));
#8740 = VECTOR('',#8741,1.);
#8741 = DIRECTION('',(-0.,-0.,-1.));
#8742 = ORIENTED_EDGE('',*,*,#8743,.F.);
#8743 = EDGE_CURVE('',#8744,#8736,#8746,.T.);
#8744 = VERTEX_POINT('',#8745);
#8745 = CARTESIAN_POINT('',(33.042787797876,43.552576862425,-5.3));
#8746 = CIRCLE('',#8747,9.);
#8747 = AXIS2_PLACEMENT_3D('',#8748,#8749,#8750);
#8748 = CARTESIAN_POINT('',(27.15,36.75,-5.3));
#8749 = DIRECTION('',(0.,0.,-1.));
#8750 = DIRECTION('',(1.,0.,0.));
#8751 = ORIENTED_EDGE('',*,*,#8752,.F.);
#8752 = EDGE_CURVE('',#6458,#8744,#8753,.T.);
#8753 = LINE('',#8754,#8755);
#8754 = CARTESIAN_POINT('',(33.042787797876,43.552576862425,-12.2));
#8755 = VECTOR('',#8756,1.);
#8756 = DIRECTION('',(-0.,-0.,-1.));
#8757 = ORIENTED_EDGE('',*,*,#6466,.T.);
#8758 = CYLINDRICAL_SURFACE('',#8759,9.);
#8759 = AXIS2_PLACEMENT_3D('',#8760,#8761,#8762);
#8760 = CARTESIAN_POINT('',(27.15,36.75,-12.2));
#8761 = DIRECTION('',(-0.,-0.,-1.));
#8762 = DIRECTION('',(1.,0.,0.));
#8763 = ADVANCED_FACE('',(#8764),#8786,.T.);
#8764 = FACE_BOUND('',#8765,.T.);
#8765 = EDGE_LOOP('',(#8766,#8775,#8776,#8777,#8778,#8779));
#8766 = ORIENTED_EDGE('',*,*,#8767,.T.);
#8767 = EDGE_CURVE('',#8768,#8736,#8770,.T.);
#8768 = VERTEX_POINT('',#8769);
#8769 = CARTESIAN_POINT('',(34.017,41.932,-5.3));
#8770 = CIRCLE('',#8771,1.835);
#8771 = AXIS2_PLACEMENT_3D('',#8772,#8773,#8774);
#8772 = CARTESIAN_POINT('',(32.182,41.932,-5.3));
#8773 = DIRECTION('',(0.,0.,1.));
#8774 = DIRECTION('',(1.,0.,0.));
#8775 = ORIENTED_EDGE('',*,*,#8735,.F.);
#8776 = ORIENTED_EDGE('',*,*,#6448,.F.);
#8777 = ORIENTED_EDGE('',*,*,#6457,.F.);
#8778 = ORIENTED_EDGE('',*,*,#8752,.T.);
#8779 = ORIENTED_EDGE('',*,*,#8780,.T.);
#8780 = EDGE_CURVE('',#8744,#8768,#8781,.T.);
#8781 = CIRCLE('',#8782,1.835);
#8782 = AXIS2_PLACEMENT_3D('',#8783,#8784,#8785);
#8783 = CARTESIAN_POINT('',(32.182,41.932,-5.3));
#8784 = DIRECTION('',(0.,0.,1.));
#8785 = DIRECTION('',(1.,0.,0.));
#8786 = CYLINDRICAL_SURFACE('',#8787,1.835);
#8787 = AXIS2_PLACEMENT_3D('',#8788,#8789,#8790);
#8788 = CARTESIAN_POINT('',(32.182,41.932,-2.2));
#8789 = DIRECTION('',(0.,0.,1.));
#8790 = DIRECTION('',(1.,0.,0.));
#8791 = ADVANCED_FACE('',(#8792),#8803,.T.);
#8792 = FACE_BOUND('',#8793,.T.);
#8793 = EDGE_LOOP('',(#8794,#8800,#8801,#8802));
#8794 = ORIENTED_EDGE('',*,*,#8795,.F.);
#8795 = EDGE_CURVE('',#6424,#8142,#8796,.T.);
#8796 = LINE('',#8797,#8798);
#8797 = CARTESIAN_POINT('',(36.15,19.73,-14.3));
#8798 = VECTOR('',#8799,1.);
#8799 = DIRECTION('',(0.,0.,-1.));
#8800 = ORIENTED_EDGE('',*,*,#6431,.T.);
#8801 = ORIENTED_EDGE('',*,*,#8728,.F.);
#8802 = ORIENTED_EDGE('',*,*,#8141,.F.);
#8803 = PLANE('',#8804);
#8804 = AXIS2_PLACEMENT_3D('',#8805,#8806,#8807);
#8805 = CARTESIAN_POINT('',(36.15,-36.75,-12.2));
#8806 = DIRECTION('',(-1.,0.,0.));
#8807 = DIRECTION('',(0.,1.,0.));
#8808 = ADVANCED_FACE('',(#8809),#8829,.F.);
#8809 = FACE_BOUND('',#8810,.F.);
#8810 = EDGE_LOOP('',(#8811,#8812,#8820,#8826,#8827,#8828));
#8811 = ORIENTED_EDGE('',*,*,#6423,.T.);
#8812 = ORIENTED_EDGE('',*,*,#8813,.T.);
#8813 = EDGE_CURVE('',#6416,#8814,#8816,.T.);
#8814 = VERTEX_POINT('',#8815);
#8815 = CARTESIAN_POINT('',(35.75,19.73,-1.1));
#8816 = LINE('',#8817,#8818);
#8817 = CARTESIAN_POINT('',(35.75,19.73,-16.4));
#8818 = VECTOR('',#8819,1.);
#8819 = DIRECTION('',(0.,0.,1.));
#8820 = ORIENTED_EDGE('',*,*,#8821,.F.);
#8821 = EDGE_CURVE('',#8071,#8814,#8822,.T.);
#8822 = LINE('',#8823,#8824);
#8823 = CARTESIAN_POINT('',(37.521203273864,19.73,-1.1));
#8824 = VECTOR('',#8825,1.);
#8825 = DIRECTION('',(-1.,-0.,-0.));
#8826 = ORIENTED_EDGE('',*,*,#8105,.F.);
#8827 = ORIENTED_EDGE('',*,*,#8149,.T.);
#8828 = ORIENTED_EDGE('',*,*,#8795,.F.);
#8829 = PLANE('',#8830);
#8830 = AXIS2_PLACEMENT_3D('',#8831,#8832,#8833);
#8831 = CARTESIAN_POINT('',(37.521203273864,19.73,-16.4));
#8832 = DIRECTION('',(0.,1.,0.));
#8833 = DIRECTION('',(0.,0.,1.));
#8834 = ADVANCED_FACE('',(#8835),#8853,.T.);
#8835 = FACE_BOUND('',#8836,.T.);
#8836 = EDGE_LOOP('',(#8837,#8845,#8851,#8852));
#8837 = ORIENTED_EDGE('',*,*,#8838,.T.);
#8838 = EDGE_CURVE('',#8814,#8839,#8841,.T.);
#8839 = VERTEX_POINT('',#8840);
#8840 = CARTESIAN_POINT('',(35.75,13.03,-1.1));
#8841 = LINE('',#8842,#8843);
#8842 = CARTESIAN_POINT('',(35.75,19.73,-1.1));
#8843 = VECTOR('',#8844,1.);
#8844 = DIRECTION('',(0.,-1.,0.));
#8845 = ORIENTED_EDGE('',*,*,#8846,.T.);
#8846 = EDGE_CURVE('',#8839,#6408,#8847,.T.);
#8847 = LINE('',#8848,#8849);
#8848 = CARTESIAN_POINT('',(35.75,13.03,-1.1));
#8849 = VECTOR('',#8850,1.);
#8850 = DIRECTION('',(0.,0.,-1.));
#8851 = ORIENTED_EDGE('',*,*,#6415,.T.);
#8852 = ORIENTED_EDGE('',*,*,#8813,.T.);
#8853 = PLANE('',#8854);
#8854 = AXIS2_PLACEMENT_3D('',#8855,#8856,#8857);
#8855 = CARTESIAN_POINT('',(35.75,11.93,-8.75));
#8856 = DIRECTION('',(1.,0.,0.));
#8857 = DIRECTION('',(0.,0.,1.));
#8858 = ADVANCED_FACE('',(#8859),#8877,.F.);
#8859 = FACE_BOUND('',#8860,.F.);
#8860 = EDGE_LOOP('',(#8861,#8862,#8868,#8869,#8870,#8876));
#8861 = ORIENTED_EDGE('',*,*,#8080,.F.);
#8862 = ORIENTED_EDGE('',*,*,#8863,.T.);
#8863 = EDGE_CURVE('',#8073,#8839,#8864,.T.);
#8864 = LINE('',#8865,#8866);
#8865 = CARTESIAN_POINT('',(37.521203273864,13.03,-1.1));
#8866 = VECTOR('',#8867,1.);
#8867 = DIRECTION('',(-1.,-0.,-0.));
#8868 = ORIENTED_EDGE('',*,*,#8846,.T.);
#8869 = ORIENTED_EDGE('',*,*,#6407,.T.);
#8870 = ORIENTED_EDGE('',*,*,#8871,.F.);
#8871 = EDGE_CURVE('',#8231,#6400,#8872,.T.);
#8872 = LINE('',#8873,#8874);
#8873 = CARTESIAN_POINT('',(36.15,13.03,-6.65));
#8874 = VECTOR('',#8875,1.);
#8875 = DIRECTION('',(0.,0.,1.));
#8876 = ORIENTED_EDGE('',*,*,#8230,.T.);
#8877 = PLANE('',#8878);
#8878 = AXIS2_PLACEMENT_3D('',#8879,#8880,#8881);
#8879 = CARTESIAN_POINT('',(37.521203273864,13.03,-1.1));
#8880 = DIRECTION('',(0.,-1.,0.));
#8881 = DIRECTION('',(0.,0.,-1.));
#8882 = ADVANCED_FACE('',(#8883),#8894,.T.);
#8883 = FACE_BOUND('',#8884,.T.);
#8884 = EDGE_LOOP('',(#8885,#8891,#8892,#8893));
#8885 = ORIENTED_EDGE('',*,*,#8886,.F.);
#8886 = EDGE_CURVE('',#6392,#8239,#8887,.T.);
#8887 = LINE('',#8888,#8889);
#8888 = CARTESIAN_POINT('',(36.15,10.83,-14.3));
#8889 = VECTOR('',#8890,1.);
#8890 = DIRECTION('',(0.,0.,-1.));
#8891 = ORIENTED_EDGE('',*,*,#6399,.T.);
#8892 = ORIENTED_EDGE('',*,*,#8871,.F.);
#8893 = ORIENTED_EDGE('',*,*,#8238,.F.);
#8894 = PLANE('',#8895);
#8895 = AXIS2_PLACEMENT_3D('',#8896,#8897,#8898);
#8896 = CARTESIAN_POINT('',(36.15,-36.75,-12.2));
#8897 = DIRECTION('',(-1.,0.,0.));
#8898 = DIRECTION('',(0.,1.,0.));
#8899 = ADVANCED_FACE('',(#8900),#8920,.F.);
#8900 = FACE_BOUND('',#8901,.F.);
#8901 = EDGE_LOOP('',(#8902,#8903,#8911,#8917,#8918,#8919));
#8902 = ORIENTED_EDGE('',*,*,#6391,.T.);
#8903 = ORIENTED_EDGE('',*,*,#8904,.T.);
#8904 = EDGE_CURVE('',#6384,#8905,#8907,.T.);
#8905 = VERTEX_POINT('',#8906);
#8906 = CARTESIAN_POINT('',(35.75,10.83,-1.1));
#8907 = LINE('',#8908,#8909);
#8908 = CARTESIAN_POINT('',(35.75,10.83,-16.4));
#8909 = VECTOR('',#8910,1.);
#8910 = DIRECTION('',(0.,0.,1.));
#8911 = ORIENTED_EDGE('',*,*,#8912,.F.);
#8912 = EDGE_CURVE('',#7101,#8905,#8913,.T.);
#8913 = LINE('',#8914,#8915);
#8914 = CARTESIAN_POINT('',(37.521203273864,10.83,-1.1));
#8915 = VECTOR('',#8916,1.);
#8916 = DIRECTION('',(-1.,-0.,-0.));
#8917 = ORIENTED_EDGE('',*,*,#7128,.F.);
#8918 = ORIENTED_EDGE('',*,*,#8246,.T.);
#8919 = ORIENTED_EDGE('',*,*,#8886,.F.);
#8920 = PLANE('',#8921);
#8921 = AXIS2_PLACEMENT_3D('',#8922,#8923,#8924);
#8922 = CARTESIAN_POINT('',(37.521203273864,10.83,-16.4));
#8923 = DIRECTION('',(0.,1.,0.));
#8924 = DIRECTION('',(0.,0.,1.));
#8925 = ADVANCED_FACE('',(#8926),#8937,.T.);
#8926 = FACE_BOUND('',#8927,.T.);
#8927 = EDGE_LOOP('',(#8928,#8934,#8935,#8936));
#8928 = ORIENTED_EDGE('',*,*,#8929,.T.);
#8929 = EDGE_CURVE('',#8905,#7240,#8930,.T.);
#8930 = LINE('',#8931,#8932);
#8931 = CARTESIAN_POINT('',(35.75,10.83,-1.1));
#8932 = VECTOR('',#8933,1.);
#8933 = DIRECTION('',(0.,-1.,0.));
#8934 = ORIENTED_EDGE('',*,*,#7247,.T.);
#8935 = ORIENTED_EDGE('',*,*,#6383,.T.);
#8936 = ORIENTED_EDGE('',*,*,#8904,.T.);
#8937 = PLANE('',#8938);
#8938 = AXIS2_PLACEMENT_3D('',#8939,#8940,#8941);
#8939 = CARTESIAN_POINT('',(35.75,11.93,-8.75));
#8940 = DIRECTION('',(1.,0.,0.));
#8941 = DIRECTION('',(0.,0.,1.));
#8942 = ADVANCED_FACE('',(#8943),#8965,.T.);
#8943 = FACE_BOUND('',#8944,.T.);
#8944 = EDGE_LOOP('',(#8945,#8954,#8955,#8956,#8957,#8958));
#8945 = ORIENTED_EDGE('',*,*,#8946,.T.);
#8946 = EDGE_CURVE('',#8947,#7183,#8949,.T.);
#8947 = VERTEX_POINT('',#8948);
#8948 = CARTESIAN_POINT('',(34.017,-41.932,-5.3));
#8949 = CIRCLE('',#8950,1.835);
#8950 = AXIS2_PLACEMENT_3D('',#8951,#8952,#8953);
#8951 = CARTESIAN_POINT('',(32.182,-41.932,-5.3));
#8952 = DIRECTION('',(0.,0.,1.));
#8953 = DIRECTION('',(1.,0.,0.));
#8954 = ORIENTED_EDGE('',*,*,#7182,.F.);
#8955 = ORIENTED_EDGE('',*,*,#6340,.F.);
#8956 = ORIENTED_EDGE('',*,*,#6349,.F.);
#8957 = ORIENTED_EDGE('',*,*,#7199,.T.);
#8958 = ORIENTED_EDGE('',*,*,#8959,.T.);
#8959 = EDGE_CURVE('',#7191,#8947,#8960,.T.);
#8960 = CIRCLE('',#8961,1.835);
#8961 = AXIS2_PLACEMENT_3D('',#8962,#8963,#8964);
#8962 = CARTESIAN_POINT('',(32.182,-41.932,-5.3));
#8963 = DIRECTION('',(0.,0.,1.));
#8964 = DIRECTION('',(1.,0.,0.));
#8965 = CYLINDRICAL_SURFACE('',#8966,1.835);
#8966 = AXIS2_PLACEMENT_3D('',#8967,#8968,#8969);
#8967 = CARTESIAN_POINT('',(32.182,-41.932,-2.2));
#8968 = DIRECTION('',(0.,0.,1.));
#8969 = DIRECTION('',(1.,0.,0.));
#8970 = ADVANCED_FACE('',(#8971),#8987,.T.);
#8971 = FACE_BOUND('',#8972,.T.);
#8972 = EDGE_LOOP('',(#8973,#8979,#8980,#8986));
#8973 = ORIENTED_EDGE('',*,*,#8974,.T.);
#8974 = EDGE_CURVE('',#6633,#6825,#8975,.T.);
#8975 = LINE('',#8976,#8977);
#8976 = CARTESIAN_POINT('',(-29.05,37.,-2.2));
#8977 = VECTOR('',#8978,1.);
#8978 = DIRECTION('',(0.,0.,1.));
#8979 = ORIENTED_EDGE('',*,*,#6824,.T.);
#8980 = ORIENTED_EDGE('',*,*,#8981,.F.);
#8981 = EDGE_CURVE('',#6635,#6827,#8982,.T.);
#8982 = LINE('',#8983,#8984);
#8983 = CARTESIAN_POINT('',(-29.05,-6.,-2.2));
#8984 = VECTOR('',#8985,1.);
#8985 = DIRECTION('',(0.,0.,1.));
#8986 = ORIENTED_EDGE('',*,*,#6632,.F.);
#8987 = PLANE('',#8988);
#8988 = AXIS2_PLACEMENT_3D('',#8989,#8990,#8991);
#8989 = CARTESIAN_POINT('',(-29.05,37.,-2.2));
#8990 = DIRECTION('',(1.,0.,0.));
#8991 = DIRECTION('',(0.,-1.,0.));
#8992 = ADVANCED_FACE('',(#8993),#9004,.F.);
#8993 = FACE_BOUND('',#8994,.T.);
#8994 = EDGE_LOOP('',(#8995,#9001,#9002,#9003));
#8995 = ORIENTED_EDGE('',*,*,#8996,.T.);
#8996 = EDGE_CURVE('',#6643,#6878,#8997,.T.);
#8997 = LINE('',#8998,#8999);
#8998 = CARTESIAN_POINT('',(-28.7,37.35,-2.2));
#8999 = VECTOR('',#9000,1.);
#9000 = DIRECTION('',(0.,0.,1.));
#9001 = ORIENTED_EDGE('',*,*,#6885,.T.);
#9002 = ORIENTED_EDGE('',*,*,#8974,.F.);
#9003 = ORIENTED_EDGE('',*,*,#6642,.F.);
#9004 = CYLINDRICAL_SURFACE('',#9005,0.35);
#9005 = AXIS2_PLACEMENT_3D('',#9006,#9007,#9008);
#9006 = CARTESIAN_POINT('',(-28.7,37.,-2.2));
#9007 = DIRECTION('',(-0.,-0.,-1.));
#9008 = DIRECTION('',(1.,0.,0.));
#9009 = ADVANCED_FACE('',(#9010),#9021,.F.);
#9010 = FACE_BOUND('',#9011,.T.);
#9011 = EDGE_LOOP('',(#9012,#9013,#9014,#9020));
#9012 = ORIENTED_EDGE('',*,*,#8981,.T.);
#9013 = ORIENTED_EDGE('',*,*,#6834,.T.);
#9014 = ORIENTED_EDGE('',*,*,#9015,.F.);
#9015 = EDGE_CURVE('',#6686,#6835,#9016,.T.);
#9016 = LINE('',#9017,#9018);
#9017 = CARTESIAN_POINT('',(-28.7,-6.35,-2.2));
#9018 = VECTOR('',#9019,1.);
#9019 = DIRECTION('',(0.,0.,1.));
#9020 = ORIENTED_EDGE('',*,*,#6693,.F.);
#9021 = CYLINDRICAL_SURFACE('',#9022,0.35);
#9022 = AXIS2_PLACEMENT_3D('',#9023,#9024,#9025);
#9023 = CARTESIAN_POINT('',(-28.7,-6.,-2.2));
#9024 = DIRECTION('',(-0.,-0.,-1.));
#9025 = DIRECTION('',(1.,0.,0.));
#9026 = ADVANCED_FACE('',(#9027),#9038,.T.);
#9027 = FACE_BOUND('',#9028,.T.);
#9028 = EDGE_LOOP('',(#9029,#9035,#9036,#9037));
#9029 = ORIENTED_EDGE('',*,*,#9030,.T.);
#9030 = EDGE_CURVE('',#6652,#6869,#9031,.T.);
#9031 = LINE('',#9032,#9033);
#9032 = CARTESIAN_POINT('',(31.4,37.35,-2.2));
#9033 = VECTOR('',#9034,1.);
#9034 = DIRECTION('',(0.,0.,1.));
#9035 = ORIENTED_EDGE('',*,*,#6877,.T.);
#9036 = ORIENTED_EDGE('',*,*,#8996,.F.);
#9037 = ORIENTED_EDGE('',*,*,#6651,.F.);
#9038 = PLANE('',#9039);
#9039 = AXIS2_PLACEMENT_3D('',#9040,#9041,#9042);
#9040 = CARTESIAN_POINT('',(31.4,37.35,-2.2));
#9041 = DIRECTION('',(0.,-1.,0.));
#9042 = DIRECTION('',(-1.,0.,0.));
#9043 = ADVANCED_FACE('',(#9044),#9055,.T.);
#9044 = FACE_BOUND('',#9045,.T.);
#9045 = EDGE_LOOP('',(#9046,#9047,#9048,#9054));
#9046 = ORIENTED_EDGE('',*,*,#9015,.T.);
#9047 = ORIENTED_EDGE('',*,*,#6843,.T.);
#9048 = ORIENTED_EDGE('',*,*,#9049,.F.);
#9049 = EDGE_CURVE('',#6677,#6844,#9050,.T.);
#9050 = LINE('',#9051,#9052);
#9051 = CARTESIAN_POINT('',(31.4,-6.35,-2.2));
#9052 = VECTOR('',#9053,1.);
#9053 = DIRECTION('',(0.,0.,1.));
#9054 = ORIENTED_EDGE('',*,*,#6685,.F.);
#9055 = PLANE('',#9056);
#9056 = AXIS2_PLACEMENT_3D('',#9057,#9058,#9059);
#9057 = CARTESIAN_POINT('',(-28.7,-6.35,-2.2));
#9058 = DIRECTION('',(0.,1.,0.));
#9059 = DIRECTION('',(1.,0.,0.));
#9060 = ADVANCED_FACE('',(#9061),#9072,.F.);
#9061 = FACE_BOUND('',#9062,.T.);
#9062 = EDGE_LOOP('',(#9063,#9069,#9070,#9071));
#9063 = ORIENTED_EDGE('',*,*,#9064,.T.);
#9064 = EDGE_CURVE('',#6660,#6861,#9065,.T.);
#9065 = LINE('',#9066,#9067);
#9066 = CARTESIAN_POINT('',(31.75,37.,-2.2));
#9067 = VECTOR('',#9068,1.);
#9068 = DIRECTION('',(0.,0.,1.));
#9069 = ORIENTED_EDGE('',*,*,#6868,.T.);
#9070 = ORIENTED_EDGE('',*,*,#9030,.F.);
#9071 = ORIENTED_EDGE('',*,*,#6659,.F.);
#9072 = CYLINDRICAL_SURFACE('',#9073,0.35);
#9073 = AXIS2_PLACEMENT_3D('',#9074,#9075,#9076);
#9074 = CARTESIAN_POINT('',(31.4,37.,-2.2));
#9075 = DIRECTION('',(-0.,-0.,-1.));
#9076 = DIRECTION('',(1.,0.,0.));
#9077 = ADVANCED_FACE('',(#9078),#9089,.F.);
#9078 = FACE_BOUND('',#9079,.T.);
#9079 = EDGE_LOOP('',(#9080,#9081,#9082,#9088));
#9080 = ORIENTED_EDGE('',*,*,#9049,.T.);
#9081 = ORIENTED_EDGE('',*,*,#6851,.T.);
#9082 = ORIENTED_EDGE('',*,*,#9083,.F.);
#9083 = EDGE_CURVE('',#6669,#6852,#9084,.T.);
#9084 = LINE('',#9085,#9086);
#9085 = CARTESIAN_POINT('',(31.75,-6.,-2.2));
#9086 = VECTOR('',#9087,1.);
#9087 = DIRECTION('',(0.,0.,1.));
#9088 = ORIENTED_EDGE('',*,*,#6676,.F.);
#9089 = CYLINDRICAL_SURFACE('',#9090,0.35);
#9090 = AXIS2_PLACEMENT_3D('',#9091,#9092,#9093);
#9091 = CARTESIAN_POINT('',(31.4,-6.,-2.2));
#9092 = DIRECTION('',(-0.,-0.,-1.));
#9093 = DIRECTION('',(1.,0.,0.));
#9094 = ADVANCED_FACE('',(#9095),#9101,.T.);
#9095 = FACE_BOUND('',#9096,.T.);
#9096 = EDGE_LOOP('',(#9097,#9098,#9099,#9100));
#9097 = ORIENTED_EDGE('',*,*,#9083,.T.);
#9098 = ORIENTED_EDGE('',*,*,#6860,.T.);
#9099 = ORIENTED_EDGE('',*,*,#9064,.F.);
#9100 = ORIENTED_EDGE('',*,*,#6668,.F.);
#9101 = PLANE('',#9102);
#9102 = AXIS2_PLACEMENT_3D('',#9103,#9104,#9105);
#9103 = CARTESIAN_POINT('',(31.75,-6.,-2.2));
#9104 = DIRECTION('',(-1.,0.,0.));
#9105 = DIRECTION('',(0.,1.,0.));
#9106 = ADVANCED_FACE('',(#9107),#9123,.T.);
#9107 = FACE_BOUND('',#9108,.T.);
#9108 = EDGE_LOOP('',(#9109,#9115,#9116,#9122));
#9109 = ORIENTED_EDGE('',*,*,#9110,.T.);
#9110 = EDGE_CURVE('',#6703,#7055,#9111,.T.);
#9111 = LINE('',#9112,#9113);
#9112 = CARTESIAN_POINT('',(24.9,42.35,-2.2));
#9113 = VECTOR('',#9114,1.);
#9114 = DIRECTION('',(-0.,-0.,-1.));
#9115 = ORIENTED_EDGE('',*,*,#7054,.T.);
#9116 = ORIENTED_EDGE('',*,*,#9117,.F.);
#9117 = EDGE_CURVE('',#6705,#7057,#9118,.T.);
#9118 = LINE('',#9119,#9120);
#9119 = CARTESIAN_POINT('',(24.9,38.85,-2.2));
#9120 = VECTOR('',#9121,1.);
#9121 = DIRECTION('',(-0.,-0.,-1.));
#9122 = ORIENTED_EDGE('',*,*,#6702,.F.);
#9123 = PLANE('',#9124);
#9124 = AXIS2_PLACEMENT_3D('',#9125,#9126,#9127);
#9125 = CARTESIAN_POINT('',(24.9,42.35,-2.2));
#9126 = DIRECTION('',(-1.,0.,0.));
#9127 = DIRECTION('',(0.,-1.,0.));
#9128 = ADVANCED_FACE('',(#9129),#9140,.T.);
#9129 = FACE_BOUND('',#9130,.T.);
#9130 = EDGE_LOOP('',(#9131,#9137,#9138,#9139));
#9131 = ORIENTED_EDGE('',*,*,#9132,.T.);
#9132 = EDGE_CURVE('',#6713,#7073,#9133,.T.);
#9133 = LINE('',#9134,#9135);
#9134 = CARTESIAN_POINT('',(29.9,42.35,-2.2));
#9135 = VECTOR('',#9136,1.);
#9136 = DIRECTION('',(-0.,-0.,-1.));
#9137 = ORIENTED_EDGE('',*,*,#7080,.T.);
#9138 = ORIENTED_EDGE('',*,*,#9110,.F.);
#9139 = ORIENTED_EDGE('',*,*,#6712,.F.);
#9140 = PLANE('',#9141);
#9141 = AXIS2_PLACEMENT_3D('',#9142,#9143,#9144);
#9142 = CARTESIAN_POINT('',(29.9,42.35,-2.2));
#9143 = DIRECTION('',(0.,1.,0.));
#9144 = DIRECTION('',(-1.,0.,0.));
#9145 = ADVANCED_FACE('',(#9146),#9157,.T.);
#9146 = FACE_BOUND('',#9147,.T.);
#9147 = EDGE_LOOP('',(#9148,#9149,#9150,#9156));
#9148 = ORIENTED_EDGE('',*,*,#9117,.T.);
#9149 = ORIENTED_EDGE('',*,*,#7064,.T.);
#9150 = ORIENTED_EDGE('',*,*,#9151,.F.);
#9151 = EDGE_CURVE('',#6721,#7065,#9152,.T.);
#9152 = LINE('',#9153,#9154);
#9153 = CARTESIAN_POINT('',(29.9,38.85,-2.2));
#9154 = VECTOR('',#9155,1.);
#9155 = DIRECTION('',(-0.,-0.,-1.));
#9156 = ORIENTED_EDGE('',*,*,#6728,.F.);
#9157 = PLANE('',#9158);
#9158 = AXIS2_PLACEMENT_3D('',#9159,#9160,#9161);
#9159 = CARTESIAN_POINT('',(24.9,38.85,-2.2));
#9160 = DIRECTION('',(0.,-1.,0.));
#9161 = DIRECTION('',(1.,0.,0.));
#9162 = ADVANCED_FACE('',(#9163),#9169,.T.);
#9163 = FACE_BOUND('',#9164,.T.);
#9164 = EDGE_LOOP('',(#9165,#9166,#9167,#9168));
#9165 = ORIENTED_EDGE('',*,*,#9151,.T.);
#9166 = ORIENTED_EDGE('',*,*,#7072,.T.);
#9167 = ORIENTED_EDGE('',*,*,#9132,.F.);
#9168 = ORIENTED_EDGE('',*,*,#6720,.F.);
#9169 = PLANE('',#9170);
#9170 = AXIS2_PLACEMENT_3D('',#9171,#9172,#9173);
#9171 = CARTESIAN_POINT('',(29.9,38.85,-2.2));
#9172 = DIRECTION('',(1.,0.,0.));
#9173 = DIRECTION('',(0.,1.,0.));
#9174 = ADVANCED_FACE('',(#9175),#9181,.F.);
#9175 = FACE_BOUND('',#9176,.F.);
#9176 = EDGE_LOOP('',(#9177,#9178,#9179,#9180));
#9177 = ORIENTED_EDGE('',*,*,#8912,.T.);
#9178 = ORIENTED_EDGE('',*,*,#8929,.T.);
#9179 = ORIENTED_EDGE('',*,*,#7239,.F.);
#9180 = ORIENTED_EDGE('',*,*,#7100,.F.);
#9181 = PLANE('',#9182);
#9182 = AXIS2_PLACEMENT_3D('',#9183,#9184,#9185);
#9183 = CARTESIAN_POINT('',(37.521203273864,10.83,-1.1));
#9184 = DIRECTION('',(0.,0.,1.));
#9185 = DIRECTION('',(0.,-1.,0.));
#9186 = ADVANCED_FACE('',(#9187,#9192),#9203,.F.);
#9187 = FACE_BOUND('',#9188,.F.);
#9188 = EDGE_LOOP('',(#9189,#9190,#9191));
#9189 = ORIENTED_EDGE('',*,*,#8959,.T.);
#9190 = ORIENTED_EDGE('',*,*,#8946,.T.);
#9191 = ORIENTED_EDGE('',*,*,#7190,.F.);
#9192 = FACE_BOUND('',#9193,.F.);
#9193 = EDGE_LOOP('',(#9194));
#9194 = ORIENTED_EDGE('',*,*,#9195,.F.);
#9195 = EDGE_CURVE('',#9196,#9196,#9198,.T.);
#9196 = VERTEX_POINT('',#9197);
#9197 = CARTESIAN_POINT('',(33.132,-41.932,-5.3));
#9198 = CIRCLE('',#9199,0.95);
#9199 = AXIS2_PLACEMENT_3D('',#9200,#9201,#9202);
#9200 = CARTESIAN_POINT('',(32.182,-41.932,-5.3));
#9201 = DIRECTION('',(0.,0.,1.));
#9202 = DIRECTION('',(1.,0.,0.));
#9203 = PLANE('',#9204);
#9204 = AXIS2_PLACEMENT_3D('',#9205,#9206,#9207);
#9205 = CARTESIAN_POINT('',(-0.6,1.6125,-5.3));
#9206 = DIRECTION('',(0.,0.,1.));
#9207 = DIRECTION('',(1.,0.,0.));
#9208 = ADVANCED_FACE('',(#9209,#9214),#9225,.F.);
#9209 = FACE_BOUND('',#9210,.F.);
#9210 = EDGE_LOOP('',(#9211,#9212,#9213));
#9211 = ORIENTED_EDGE('',*,*,#8374,.T.);
#9212 = ORIENTED_EDGE('',*,*,#8361,.T.);
#9213 = ORIENTED_EDGE('',*,*,#7281,.T.);
#9214 = FACE_BOUND('',#9215,.F.);
#9215 = EDGE_LOOP('',(#9216));
#9216 = ORIENTED_EDGE('',*,*,#9217,.F.);
#9217 = EDGE_CURVE('',#9218,#9218,#9220,.T.);
#9218 = VERTEX_POINT('',#9219);
#9219 = CARTESIAN_POINT('',(-33.632,-35.482,-5.3));
#9220 = CIRCLE('',#9221,0.95);
#9221 = AXIS2_PLACEMENT_3D('',#9222,#9223,#9224);
#9222 = CARTESIAN_POINT('',(-34.582,-35.482,-5.3));
#9223 = DIRECTION('',(0.,0.,1.));
#9224 = DIRECTION('',(1.,0.,0.));
#9225 = PLANE('',#9226);
#9226 = AXIS2_PLACEMENT_3D('',#9227,#9228,#9229);
#9227 = CARTESIAN_POINT('',(-0.6,1.6125,-5.3));
#9228 = DIRECTION('',(0.,0.,1.));
#9229 = DIRECTION('',(1.,0.,0.));
#9230 = ADVANCED_FACE('',(#9231),#9237,.T.);
#9231 = FACE_BOUND('',#9232,.T.);
#9232 = EDGE_LOOP('',(#9233,#9234,#9235,#9236));
#9233 = ORIENTED_EDGE('',*,*,#8441,.T.);
#9234 = ORIENTED_EDGE('',*,*,#8423,.T.);
#9235 = ORIENTED_EDGE('',*,*,#8390,.F.);
#9236 = ORIENTED_EDGE('',*,*,#7410,.F.);
#9237 = PLANE('',#9238);
#9238 = AXIS2_PLACEMENT_3D('',#9239,#9240,#9241);
#9239 = CARTESIAN_POINT('',(-37.52120327386,10.829999999998,
    -1.099999999998));
#9240 = DIRECTION('',(0.,0.,-1.));
#9241 = DIRECTION('',(0.,-1.,0.));
#9242 = ADVANCED_FACE('',(#9243),#9249,.T.);
#9243 = FACE_BOUND('',#9244,.T.);
#9244 = EDGE_LOOP('',(#9245,#9246,#9247,#9248));
#9245 = ORIENTED_EDGE('',*,*,#8532,.T.);
#9246 = ORIENTED_EDGE('',*,*,#8514,.T.);
#9247 = ORIENTED_EDGE('',*,*,#8481,.F.);
#9248 = ORIENTED_EDGE('',*,*,#7595,.F.);
#9249 = PLANE('',#9250);
#9250 = AXIS2_PLACEMENT_3D('',#9251,#9252,#9253);
#9251 = CARTESIAN_POINT('',(-37.52120327386,19.73,-1.099999999998));
#9252 = DIRECTION('',(0.,0.,-1.));
#9253 = DIRECTION('',(0.,-1.,0.));
#9254 = ADVANCED_FACE('',(#9255),#9261,.T.);
#9255 = FACE_BOUND('',#9256,.T.);
#9256 = EDGE_LOOP('',(#9257,#9258,#9259,#9260));
#9257 = ORIENTED_EDGE('',*,*,#8623,.T.);
#9258 = ORIENTED_EDGE('',*,*,#8605,.T.);
#9259 = ORIENTED_EDGE('',*,*,#8572,.F.);
#9260 = ORIENTED_EDGE('',*,*,#7780,.F.);
#9261 = PLANE('',#9262);
#9262 = AXIS2_PLACEMENT_3D('',#9263,#9264,#9265);
#9263 = CARTESIAN_POINT('',(-37.52120327386,32.55,-1.1));
#9264 = DIRECTION('',(0.,0.,-1.));
#9265 = DIRECTION('',(0.,-1.,0.));
#9266 = ADVANCED_FACE('',(#9267),#9273,.F.);
#9267 = FACE_BOUND('',#9268,.F.);
#9268 = EDGE_LOOP('',(#9269,#9270,#9271,#9272));
#9269 = ORIENTED_EDGE('',*,*,#8821,.T.);
#9270 = ORIENTED_EDGE('',*,*,#8838,.T.);
#9271 = ORIENTED_EDGE('',*,*,#8863,.F.);
#9272 = ORIENTED_EDGE('',*,*,#8070,.F.);
#9273 = PLANE('',#9274);
#9274 = AXIS2_PLACEMENT_3D('',#9275,#9276,#9277);
#9275 = CARTESIAN_POINT('',(37.521203273864,19.73,-1.1));
#9276 = DIRECTION('',(0.,0.,1.));
#9277 = DIRECTION('',(0.,-1.,0.));
#9278 = ADVANCED_FACE('',(#9279,#9284),#9295,.F.);
#9279 = FACE_BOUND('',#9280,.F.);
#9280 = EDGE_LOOP('',(#9281,#9282,#9283));
#9281 = ORIENTED_EDGE('',*,*,#8711,.T.);
#9282 = ORIENTED_EDGE('',*,*,#8698,.T.);
#9283 = ORIENTED_EDGE('',*,*,#8674,.F.);
#9284 = FACE_BOUND('',#9285,.F.);
#9285 = EDGE_LOOP('',(#9286));
#9286 = ORIENTED_EDGE('',*,*,#9287,.F.);
#9287 = EDGE_CURVE('',#9288,#9288,#9290,.T.);
#9288 = VERTEX_POINT('',#9289);
#9289 = CARTESIAN_POINT('',(-31.232,41.932,-5.3));
#9290 = CIRCLE('',#9291,0.95);
#9291 = AXIS2_PLACEMENT_3D('',#9292,#9293,#9294);
#9292 = CARTESIAN_POINT('',(-32.182,41.932,-5.3));
#9293 = DIRECTION('',(0.,0.,1.));
#9294 = DIRECTION('',(1.,0.,0.));
#9295 = PLANE('',#9296);
#9296 = AXIS2_PLACEMENT_3D('',#9297,#9298,#9299);
#9297 = CARTESIAN_POINT('',(-0.6,1.6125,-5.3));
#9298 = DIRECTION('',(0.,0.,1.));
#9299 = DIRECTION('',(1.,0.,0.));
#9300 = ADVANCED_FACE('',(#9301,#9306),#9317,.F.);
#9301 = FACE_BOUND('',#9302,.F.);
#9302 = EDGE_LOOP('',(#9303,#9304,#9305));
#9303 = ORIENTED_EDGE('',*,*,#8780,.T.);
#9304 = ORIENTED_EDGE('',*,*,#8767,.T.);
#9305 = ORIENTED_EDGE('',*,*,#8743,.F.);
#9306 = FACE_BOUND('',#9307,.F.);
#9307 = EDGE_LOOP('',(#9308));
#9308 = ORIENTED_EDGE('',*,*,#9309,.F.);
#9309 = EDGE_CURVE('',#9310,#9310,#9312,.T.);
#9310 = VERTEX_POINT('',#9311);
#9311 = CARTESIAN_POINT('',(33.132,41.932,-5.3));
#9312 = CIRCLE('',#9313,0.95);
#9313 = AXIS2_PLACEMENT_3D('',#9314,#9315,#9316);
#9314 = CARTESIAN_POINT('',(32.182,41.932,-5.3));
#9315 = DIRECTION('',(0.,0.,1.));
#9316 = DIRECTION('',(1.,0.,0.));
#9317 = PLANE('',#9318);
#9318 = AXIS2_PLACEMENT_3D('',#9319,#9320,#9321);
#9319 = CARTESIAN_POINT('',(-0.6,1.6125,-5.3));
#9320 = DIRECTION('',(0.,0.,1.));
#9321 = DIRECTION('',(1.,0.,0.));
#9322 = ADVANCED_FACE('',(#9323),#9342,.F.);
#9323 = FACE_BOUND('',#9324,.F.);
#9324 = EDGE_LOOP('',(#9325,#9333,#9334,#9335));
#9325 = ORIENTED_EDGE('',*,*,#9326,.T.);
#9326 = EDGE_CURVE('',#9327,#9196,#9329,.T.);
#9327 = VERTEX_POINT('',#9328);
#9328 = CARTESIAN_POINT('',(33.132,-41.932,-1.));
#9329 = LINE('',#9330,#9331);
#9330 = CARTESIAN_POINT('',(33.132,-41.932,-1.));
#9331 = VECTOR('',#9332,1.);
#9332 = DIRECTION('',(-0.,-0.,-1.));
#9333 = ORIENTED_EDGE('',*,*,#9195,.T.);
#9334 = ORIENTED_EDGE('',*,*,#9326,.F.);
#9335 = ORIENTED_EDGE('',*,*,#9336,.F.);
#9336 = EDGE_CURVE('',#9327,#9327,#9337,.T.);
#9337 = CIRCLE('',#9338,0.95);
#9338 = AXIS2_PLACEMENT_3D('',#9339,#9340,#9341);
#9339 = CARTESIAN_POINT('',(32.182,-41.932,-1.));
#9340 = DIRECTION('',(0.,0.,1.));
#9341 = DIRECTION('',(1.,0.,0.));
#9342 = CYLINDRICAL_SURFACE('',#9343,0.95);
#9343 = AXIS2_PLACEMENT_3D('',#9344,#9345,#9346);
#9344 = CARTESIAN_POINT('',(32.182,-41.932,-1.));
#9345 = DIRECTION('',(0.,0.,1.));
#9346 = DIRECTION('',(1.,0.,0.));
#9347 = ADVANCED_FACE('',(#9348),#9367,.F.);
#9348 = FACE_BOUND('',#9349,.F.);
#9349 = EDGE_LOOP('',(#9350,#9358,#9359,#9360));
#9350 = ORIENTED_EDGE('',*,*,#9351,.T.);
#9351 = EDGE_CURVE('',#9352,#9218,#9354,.T.);
#9352 = VERTEX_POINT('',#9353);
#9353 = CARTESIAN_POINT('',(-33.632,-35.482,-1.));
#9354 = LINE('',#9355,#9356);
#9355 = CARTESIAN_POINT('',(-33.632,-35.482,-1.));
#9356 = VECTOR('',#9357,1.);
#9357 = DIRECTION('',(-0.,-0.,-1.));
#9358 = ORIENTED_EDGE('',*,*,#9217,.T.);
#9359 = ORIENTED_EDGE('',*,*,#9351,.F.);
#9360 = ORIENTED_EDGE('',*,*,#9361,.F.);
#9361 = EDGE_CURVE('',#9352,#9352,#9362,.T.);
#9362 = CIRCLE('',#9363,0.95);
#9363 = AXIS2_PLACEMENT_3D('',#9364,#9365,#9366);
#9364 = CARTESIAN_POINT('',(-34.582,-35.482,-1.));
#9365 = DIRECTION('',(0.,0.,1.));
#9366 = DIRECTION('',(1.,0.,0.));
#9367 = CYLINDRICAL_SURFACE('',#9368,0.95);
#9368 = AXIS2_PLACEMENT_3D('',#9369,#9370,#9371);
#9369 = CARTESIAN_POINT('',(-34.582,-35.482,-1.));
#9370 = DIRECTION('',(0.,0.,1.));
#9371 = DIRECTION('',(1.,0.,0.));
#9372 = ADVANCED_FACE('',(#9373),#9392,.F.);
#9373 = FACE_BOUND('',#9374,.F.);
#9374 = EDGE_LOOP('',(#9375,#9383,#9384,#9385));
#9375 = ORIENTED_EDGE('',*,*,#9376,.T.);
#9376 = EDGE_CURVE('',#9377,#9288,#9379,.T.);
#9377 = VERTEX_POINT('',#9378);
#9378 = CARTESIAN_POINT('',(-31.232,41.932,-1.));
#9379 = LINE('',#9380,#9381);
#9380 = CARTESIAN_POINT('',(-31.232,41.932,-1.));
#9381 = VECTOR('',#9382,1.);
#9382 = DIRECTION('',(-0.,-0.,-1.));
#9383 = ORIENTED_EDGE('',*,*,#9287,.T.);
#9384 = ORIENTED_EDGE('',*,*,#9376,.F.);
#9385 = ORIENTED_EDGE('',*,*,#9386,.F.);
#9386 = EDGE_CURVE('',#9377,#9377,#9387,.T.);
#9387 = CIRCLE('',#9388,0.95);
#9388 = AXIS2_PLACEMENT_3D('',#9389,#9390,#9391);
#9389 = CARTESIAN_POINT('',(-32.182,41.932,-1.));
#9390 = DIRECTION('',(0.,0.,1.));
#9391 = DIRECTION('',(1.,0.,0.));
#9392 = CYLINDRICAL_SURFACE('',#9393,0.95);
#9393 = AXIS2_PLACEMENT_3D('',#9394,#9395,#9396);
#9394 = CARTESIAN_POINT('',(-32.182,41.932,-1.));
#9395 = DIRECTION('',(0.,0.,1.));
#9396 = DIRECTION('',(1.,0.,0.));
#9397 = ADVANCED_FACE('',(#9398),#9417,.F.);
#9398 = FACE_BOUND('',#9399,.F.);
#9399 = EDGE_LOOP('',(#9400,#9408,#9409,#9410));
#9400 = ORIENTED_EDGE('',*,*,#9401,.T.);
#9401 = EDGE_CURVE('',#9402,#9310,#9404,.T.);
#9402 = VERTEX_POINT('',#9403);
#9403 = CARTESIAN_POINT('',(33.132,41.932,-1.));
#9404 = LINE('',#9405,#9406);
#9405 = CARTESIAN_POINT('',(33.132,41.932,-1.));
#9406 = VECTOR('',#9407,1.);
#9407 = DIRECTION('',(-0.,-0.,-1.));
#9408 = ORIENTED_EDGE('',*,*,#9309,.T.);
#9409 = ORIENTED_EDGE('',*,*,#9401,.F.);
#9410 = ORIENTED_EDGE('',*,*,#9411,.F.);
#9411 = EDGE_CURVE('',#9402,#9402,#9412,.T.);
#9412 = CIRCLE('',#9413,0.95);
#9413 = AXIS2_PLACEMENT_3D('',#9414,#9415,#9416);
#9414 = CARTESIAN_POINT('',(32.182,41.932,-1.));
#9415 = DIRECTION('',(0.,0.,1.));
#9416 = DIRECTION('',(1.,0.,0.));
#9417 = CYLINDRICAL_SURFACE('',#9418,0.95);
#9418 = AXIS2_PLACEMENT_3D('',#9419,#9420,#9421);
#9419 = CARTESIAN_POINT('',(32.182,41.932,-1.));
#9420 = DIRECTION('',(0.,0.,1.));
#9421 = DIRECTION('',(1.,0.,0.));
#9422 = ADVANCED_FACE('',(#9423),#9426,.F.);
#9423 = FACE_BOUND('',#9424,.F.);
#9424 = EDGE_LOOP('',(#9425));
#9425 = ORIENTED_EDGE('',*,*,#9336,.T.);
#9426 = PLANE('',#9427);
#9427 = AXIS2_PLACEMENT_3D('',#9428,#9429,#9430);
#9428 = CARTESIAN_POINT('',(-0.6,1.6125,-1.));
#9429 = DIRECTION('',(0.,0.,1.));
#9430 = DIRECTION('',(1.,0.,0.));
#9431 = ADVANCED_FACE('',(#9432),#9435,.F.);
#9432 = FACE_BOUND('',#9433,.F.);
#9433 = EDGE_LOOP('',(#9434));
#9434 = ORIENTED_EDGE('',*,*,#9361,.T.);
#9435 = PLANE('',#9436);
#9436 = AXIS2_PLACEMENT_3D('',#9437,#9438,#9439);
#9437 = CARTESIAN_POINT('',(-0.6,1.6125,-1.));
#9438 = DIRECTION('',(0.,0.,1.));
#9439 = DIRECTION('',(1.,0.,0.));
#9440 = ADVANCED_FACE('',(#9441),#9444,.F.);
#9441 = FACE_BOUND('',#9442,.F.);
#9442 = EDGE_LOOP('',(#9443));
#9443 = ORIENTED_EDGE('',*,*,#9386,.T.);
#9444 = PLANE('',#9445);
#9445 = AXIS2_PLACEMENT_3D('',#9446,#9447,#9448);
#9446 = CARTESIAN_POINT('',(-0.6,1.6125,-1.));
#9447 = DIRECTION('',(0.,0.,1.));
#9448 = DIRECTION('',(1.,0.,0.));
#9449 = ADVANCED_FACE('',(#9450),#9453,.F.);
#9450 = FACE_BOUND('',#9451,.F.);
#9451 = EDGE_LOOP('',(#9452));
#9452 = ORIENTED_EDGE('',*,*,#9411,.T.);
#9453 = PLANE('',#9454);
#9454 = AXIS2_PLACEMENT_3D('',#9455,#9456,#9457);
#9455 = CARTESIAN_POINT('',(-0.6,1.6125,-1.));
#9456 = DIRECTION('',(0.,0.,1.));
#9457 = DIRECTION('',(1.,0.,0.));
#9458 = ( GEOMETRIC_REPRESENTATION_CONTEXT(3) 
GLOBAL_UNCERTAINTY_ASSIGNED_CONTEXT((#9462)) 
GLOBAL_UNIT_ASSIGNED_CONTEXT((#9459,#9460,#9461)) REPRESENTATION_CONTEXT
('Context #1','3D Context with UNIT and UNCERTAINTY') );
#9459 = ( LENGTH_UNIT() NAMED_UNIT(*) SI_UNIT(.MILLI.,.METRE.) );
#9460 = ( NAMED_UNIT(*) PLANE_ANGLE_UNIT() SI_UNIT($,.RADIAN.) );
#9461 = ( NAMED_UNIT(*) SI_UNIT($,.STERADIAN.) SOLID_ANGLE_UNIT() );
#9462 = UNCERTAINTY_MEASURE_WITH_UNIT(LENGTH_MEASURE(2.E-05),#9459,
  'distance_accuracy_value','confusion accuracy');
#9463 = PRODUCT_RELATED_PRODUCT_CATEGORY('part',$,(#7));
#9464 = MECHANICAL_DESIGN_GEOMETRIC_PRESENTATION_REPRESENTATION('',(
    #9465),#9458);
#9465 = STYLED_ITEM('color',(#9466),#15);
#9466 = PRESENTATION_STYLE_ASSIGNMENT((#9467,#9475));
#9467 = SURFACE_STYLE_USAGE(.BOTH.,#9468);
#9468 = SURFACE_SIDE_STYLE('',(#9469,#9473));
#9469 = SURFACE_STYLE_FILL_AREA(#9470);
#9470 = FILL_AREA_STYLE('',(#9471));
#9471 = FILL_AREA_STYLE_COLOUR('',#9472);
#9472 = COLOUR_RGB('',0.447058818107,0.474509808674,0.501960817233);
#9473 = SURFACE_STYLE_RENDERING_WITH_PROPERTIES(.NORMAL_SHADING.,#9472,(
    #9474));
#9474 = SURFACE_STYLE_TRANSPARENT(0.699999988079);
#9475 = CURVE_STYLE('',#9476,POSITIVE_LENGTH_MEASURE(0.1),#9477);
#9476 = DRAUGHTING_PRE_DEFINED_CURVE_FONT('continuous');
#9477 = COLOUR_RGB('',9.803921802644E-02,9.803921802644E-02,
  9.803921802644E-02);
ENDSEC;
END-ISO-10303-21;
