ISO-10303-21;
HEADER;
FILE_DESCRIPTION(('FreeCAD Model'),'2;1');
FILE_NAME('Open CASCADE Shape Model','2026-08-28T16:45:58',(''),(''),
  'Open CASCADE STEP processor 7.9','FreeCAD','Unknown');
FILE_SCHEMA(('AUTOMOTIVE_DESIGN { 1 0 10303 214 1 1 1 1 }'));
ENDSEC;
DATA;
#1 = APPLICATION_PROTOCOL_DEFINITION('international standard',
  'automotive_design',2000,#2);
#2 = APPLICATION_CONTEXT(
  'core data for automotive mechanical design processes');
#3 = SHAPE_DEFINITION_REPRESENTATION(#4,#10);
#4 = PRODUCT_DEFINITION_SHAPE('','',#5);
#5 = PRODUCT_DEFINITION('design','',#6,#9);
#6 = PRODUCT_DEFINITION_FORMATION('','',#7);
#7 = PRODUCT('bottom','bottom','',(#8));
#8 = PRODUCT_CONTEXT('',#2,'mechanical');
#9 = PRODUCT_DEFINITION_CONTEXT('part definition',#2,'design');
#10 = ADVANCED_BREP_SHAPE_REPRESENTATION('',(#11,#15),#3681);
#11 = AXIS2_PLACEMENT_3D('',#12,#13,#14);
#12 = CARTESIAN_POINT('',(0.,0.,0.));
#13 = DIRECTION('',(0.,0.,1.));
#14 = DIRECTION('',(1.,0.,-0.));
#15 = MANIFOLD_SOLID_BREP('',#16);
#16 = CLOSED_SHELL('',(#17,#107,#140,#173,#246,#279,#319,#392,#417,#457,
    #481,#499,#587,#613,#639,#734,#766,#790,#814,#854,#910,#927,#1047,
    #1072,#1133,#1196,#1236,#1259,#1283,#1309,#1326,#1343,#1376,#1394,
    #1467,#1491,#1515,#1539,#1556,#1603,#1615,#1633,#1659,#1682,#1694,
    #1719,#1744,#1769,#1794,#1823,#1847,#2079,#2112,#2137,#2210,#2227,
    #2251,#2268,#2292,#2341,#2365,#2389,#2445,#2469,#2486,#2515,#2527,
    #2544,#2577,#2589,#2626,#2652,#2685,#2708,#2732,#2766,#2827,#2851,
    #2877,#2897,#2917,#2937,#2957,#2974,#2998,#3023,#3047,#3105,#3136,
    #3161,#3182,#3206,#3239,#3270,#3294,#3315,#3341,#3358,#3375,#3392,
    #3409,#3421,#3452,#3476,#3493,#3544,#3561,#3578,#3590,#3607,#3623,
    #3641,#3653,#3669));
#17 = ADVANCED_FACE('',(#18),#102,.F.);
#18 = FACE_BOUND('',#19,.F.);
#19 = EDGE_LOOP('',(#20,#30,#38,#46,#54,#62,#71,#79,#88,#96));
#20 = ORIENTED_EDGE('',*,*,#21,.F.);
#21 = EDGE_CURVE('',#22,#24,#26,.T.);
#22 = VERTEX_POINT('',#23);
#23 = CARTESIAN_POINT('',(27.15,-47.95,1.5));
#24 = VERTEX_POINT('',#25);
#25 = CARTESIAN_POINT('',(27.15,-47.95,5.3));
#26 = LINE('',#27,#28);
#27 = CARTESIAN_POINT('',(27.15,-47.95,0.));
#28 = VECTOR('',#29,1.);
#29 = DIRECTION('',(0.,0.,1.));
#30 = ORIENTED_EDGE('',*,*,#31,.F.);
#31 = EDGE_CURVE('',#32,#22,#34,.T.);
#32 = VERTEX_POINT('',#33);
#33 = CARTESIAN_POINT('',(-27.15,-47.95,1.5));
#34 = LINE('',#35,#36);
#35 = CARTESIAN_POINT('',(-27.15,-47.95,1.5));
#36 = VECTOR('',#37,1.);
#37 = DIRECTION('',(1.,0.,0.));
#38 = ORIENTED_EDGE('',*,*,#39,.T.);
#39 = EDGE_CURVE('',#32,#40,#42,.T.);
#40 = VERTEX_POINT('',#41);
#41 = CARTESIAN_POINT('',(-27.15,-47.95,5.3));
#42 = LINE('',#43,#44);
#43 = CARTESIAN_POINT('',(-27.15,-47.95,0.));
#44 = VECTOR('',#45,1.);
#45 = DIRECTION('',(0.,0.,1.));
#46 = ORIENTED_EDGE('',*,*,#47,.T.);
#47 = EDGE_CURVE('',#40,#48,#50,.T.);
#48 = VERTEX_POINT('',#49);
#49 = CARTESIAN_POINT('',(-4.82,-47.95,5.3));
#50 = LINE('',#51,#52);
#51 = CARTESIAN_POINT('',(-27.15,-47.95,5.3));
#52 = VECTOR('',#53,1.);
#53 = DIRECTION('',(1.,0.,0.));
#54 = ORIENTED_EDGE('',*,*,#55,.T.);
#55 = EDGE_CURVE('',#48,#56,#58,.T.);
#56 = VERTEX_POINT('',#57);
#57 = CARTESIAN_POINT('',(-4.82,-47.95,4.8));
#58 = LINE('',#59,#60);
#59 = CARTESIAN_POINT('',(-4.82,-47.95,6.));
#60 = VECTOR('',#61,1.);
#61 = DIRECTION('',(0.,0.,-1.));
#62 = ORIENTED_EDGE('',*,*,#63,.T.);
#63 = EDGE_CURVE('',#56,#64,#66,.T.);
#64 = VERTEX_POINT('',#65);
#65 = CARTESIAN_POINT('',(-3.72,-47.95,3.7));
#66 = CIRCLE('',#67,1.1);
#67 = AXIS2_PLACEMENT_3D('',#68,#69,#70);
#68 = CARTESIAN_POINT('',(-3.72,-47.95,4.8));
#69 = DIRECTION('',(0.,-1.,0.));
#70 = DIRECTION('',(1.,0.,0.));
#71 = ORIENTED_EDGE('',*,*,#72,.T.);
#72 = EDGE_CURVE('',#64,#73,#75,.T.);
#73 = VERTEX_POINT('',#74);
#74 = CARTESIAN_POINT('',(3.22,-47.95,3.7));
#75 = LINE('',#76,#77);
#76 = CARTESIAN_POINT('',(-3.72,-47.95,3.7));
#77 = VECTOR('',#78,1.);
#78 = DIRECTION('',(1.,0.,0.));
#79 = ORIENTED_EDGE('',*,*,#80,.T.);
#80 = EDGE_CURVE('',#73,#81,#83,.T.);
#81 = VERTEX_POINT('',#82);
#82 = CARTESIAN_POINT('',(4.32,-47.95,4.8));
#83 = CIRCLE('',#84,1.1);
#84 = AXIS2_PLACEMENT_3D('',#85,#86,#87);
#85 = CARTESIAN_POINT('',(3.22,-47.95,4.8));
#86 = DIRECTION('',(0.,-1.,0.));
#87 = DIRECTION('',(1.,0.,0.));
#88 = ORIENTED_EDGE('',*,*,#89,.T.);
#89 = EDGE_CURVE('',#81,#90,#92,.T.);
#90 = VERTEX_POINT('',#91);
#91 = CARTESIAN_POINT('',(4.32,-47.95,5.3));
#92 = LINE('',#93,#94);
#93 = CARTESIAN_POINT('',(4.32,-47.95,4.8));
#94 = VECTOR('',#95,1.);
#95 = DIRECTION('',(0.,0.,1.));
#96 = ORIENTED_EDGE('',*,*,#97,.T.);
#97 = EDGE_CURVE('',#90,#24,#98,.T.);
#98 = LINE('',#99,#100);
#99 = CARTESIAN_POINT('',(-27.15,-47.95,5.3));
#100 = VECTOR('',#101,1.);
#101 = DIRECTION('',(1.,0.,0.));
#102 = PLANE('',#103);
#103 = AXIS2_PLACEMENT_3D('',#104,#105,#106);
#104 = CARTESIAN_POINT('',(-27.15,-47.95,0.));
#105 = DIRECTION('',(0.,1.,0.));
#106 = DIRECTION('',(1.,0.,0.));
#107 = ADVANCED_FACE('',(#108),#135,.T.);
#108 = FACE_BOUND('',#109,.F.);
#109 = EDGE_LOOP('',(#110,#120,#127,#128));
#110 = ORIENTED_EDGE('',*,*,#111,.F.);
#111 = EDGE_CURVE('',#112,#114,#116,.T.);
#112 = VERTEX_POINT('',#113);
#113 = CARTESIAN_POINT('',(38.35,-36.75,1.5));
#114 = VERTEX_POINT('',#115);
#115 = CARTESIAN_POINT('',(38.35,-36.75,5.3));
#116 = LINE('',#117,#118);
#117 = CARTESIAN_POINT('',(38.35,-36.75,0.));
#118 = VECTOR('',#119,1.);
#119 = DIRECTION('',(0.,0.,1.));
#120 = ORIENTED_EDGE('',*,*,#121,.F.);
#121 = EDGE_CURVE('',#22,#112,#122,.T.);
#122 = CIRCLE('',#123,11.2);
#123 = AXIS2_PLACEMENT_3D('',#124,#125,#126);
#124 = CARTESIAN_POINT('',(27.15,-36.75,1.5));
#125 = DIRECTION('',(0.,0.,1.));
#126 = DIRECTION('',(-3.2E-16,-1.,0.));
#127 = ORIENTED_EDGE('',*,*,#21,.T.);
#128 = ORIENTED_EDGE('',*,*,#129,.T.);
#129 = EDGE_CURVE('',#24,#114,#130,.T.);
#130 = CIRCLE('',#131,11.2);
#131 = AXIS2_PLACEMENT_3D('',#132,#133,#134);
#132 = CARTESIAN_POINT('',(27.15,-36.75,5.3));
#133 = DIRECTION('',(0.,0.,1.));
#134 = DIRECTION('',(1.,0.,0.));
#135 = CYLINDRICAL_SURFACE('',#136,11.2);
#136 = AXIS2_PLACEMENT_3D('',#137,#138,#139);
#137 = CARTESIAN_POINT('',(27.15,-36.75,0.));
#138 = DIRECTION('',(-0.,-0.,-1.));
#139 = DIRECTION('',(1.,0.,0.));
#140 = ADVANCED_FACE('',(#141),#168,.T.);
#141 = FACE_BOUND('',#142,.F.);
#142 = EDGE_LOOP('',(#143,#152,#153,#162));
#143 = ORIENTED_EDGE('',*,*,#144,.T.);
#144 = EDGE_CURVE('',#145,#32,#147,.T.);
#145 = VERTEX_POINT('',#146);
#146 = CARTESIAN_POINT('',(-27.15,-46.45,0.));
#147 = CIRCLE('',#148,1.5);
#148 = AXIS2_PLACEMENT_3D('',#149,#150,#151);
#149 = CARTESIAN_POINT('',(-27.15,-46.45,1.5));
#150 = DIRECTION('',(-1.,6.E-17,0.));
#151 = DIRECTION('',(-6.E-17,-1.,0.));
#152 = ORIENTED_EDGE('',*,*,#31,.T.);
#153 = ORIENTED_EDGE('',*,*,#154,.F.);
#154 = EDGE_CURVE('',#155,#22,#157,.T.);
#155 = VERTEX_POINT('',#156);
#156 = CARTESIAN_POINT('',(27.15,-46.45,0.));
#157 = CIRCLE('',#158,1.5);
#158 = AXIS2_PLACEMENT_3D('',#159,#160,#161);
#159 = CARTESIAN_POINT('',(27.15,-46.45,1.5));
#160 = DIRECTION('',(-1.,-0.,-0.));
#161 = DIRECTION('',(0.,0.,-1.));
#162 = ORIENTED_EDGE('',*,*,#163,.F.);
#163 = EDGE_CURVE('',#145,#155,#164,.T.);
#164 = LINE('',#165,#166);
#165 = CARTESIAN_POINT('',(-27.15,-46.45,-2.2E-16));
#166 = VECTOR('',#167,1.);
#167 = DIRECTION('',(1.,0.,0.));
#168 = CYLINDRICAL_SURFACE('',#169,1.5);
#169 = AXIS2_PLACEMENT_3D('',#170,#171,#172);
#170 = CARTESIAN_POINT('',(-27.15,-46.45,1.5));
#171 = DIRECTION('',(1.,0.,0.));
#172 = DIRECTION('',(0.,0.,-1.));
#173 = ADVANCED_FACE('',(#174),#241,.T.);
#174 = FACE_BOUND('',#175,.T.);
#175 = EDGE_LOOP('',(#176,#184,#185,#186,#194,#202,#210,#218,#226,#235)
  );
#176 = ORIENTED_EDGE('',*,*,#177,.F.);
#177 = EDGE_CURVE('',#90,#178,#180,.T.);
#178 = VERTEX_POINT('',#179);
#179 = CARTESIAN_POINT('',(4.32,-46.75000000005,5.3));
#180 = LINE('',#181,#182);
#181 = CARTESIAN_POINT('',(4.32,-42.35,5.3));
#182 = VECTOR('',#183,1.);
#183 = DIRECTION('',(0.,1.,0.));
#184 = ORIENTED_EDGE('',*,*,#97,.T.);
#185 = ORIENTED_EDGE('',*,*,#129,.T.);
#186 = ORIENTED_EDGE('',*,*,#187,.T.);
#187 = EDGE_CURVE('',#114,#188,#190,.T.);
#188 = VERTEX_POINT('',#189);
#189 = CARTESIAN_POINT('',(38.35,5.13,5.3));
#190 = LINE('',#191,#192);
#191 = CARTESIAN_POINT('',(38.35,-36.75,5.3));
#192 = VECTOR('',#193,1.);
#193 = DIRECTION('',(0.,1.,0.));
#194 = ORIENTED_EDGE('',*,*,#195,.F.);
#195 = EDGE_CURVE('',#196,#188,#198,.T.);
#196 = VERTEX_POINT('',#197);
#197 = CARTESIAN_POINT('',(37.521203273864,5.13,5.3));
#198 = LINE('',#199,#200);
#199 = CARTESIAN_POINT('',(5.6,5.13,5.3));
#200 = VECTOR('',#201,1.);
#201 = DIRECTION('',(1.,0.,0.));
#202 = ORIENTED_EDGE('',*,*,#203,.F.);
#203 = EDGE_CURVE('',#204,#196,#206,.T.);
#204 = VERTEX_POINT('',#205);
#205 = CARTESIAN_POINT('',(37.521203273864,4.13,5.3));
#206 = LINE('',#207,#208);
#207 = CARTESIAN_POINT('',(37.521203273864,-12.40999999999,5.3));
#208 = VECTOR('',#209,1.);
#209 = DIRECTION('',(0.,1.,0.));
#210 = ORIENTED_EDGE('',*,*,#211,.T.);
#211 = EDGE_CURVE('',#204,#212,#214,.T.);
#212 = VERTEX_POINT('',#213);
#213 = CARTESIAN_POINT('',(37.150000000027,4.13,5.3));
#214 = LINE('',#215,#216);
#215 = CARTESIAN_POINT('',(4.5,4.13,5.3));
#216 = VECTOR('',#217,1.);
#217 = DIRECTION('',(-1.,0.,0.));
#218 = ORIENTED_EDGE('',*,*,#219,.F.);
#219 = EDGE_CURVE('',#220,#212,#222,.T.);
#220 = VERTEX_POINT('',#221);
#221 = CARTESIAN_POINT('',(37.150000000027,-36.75000000002,5.3));
#222 = LINE('',#223,#224);
#223 = CARTESIAN_POINT('',(37.150000000027,-36.75000000002,5.3));
#224 = VECTOR('',#225,1.);
#225 = DIRECTION('',(0.,1.,0.));
#226 = ORIENTED_EDGE('',*,*,#227,.F.);
#227 = EDGE_CURVE('',#228,#220,#230,.T.);
#228 = VERTEX_POINT('',#229);
#229 = CARTESIAN_POINT('',(27.15,-46.75000000005,5.3));
#230 = CIRCLE('',#231,10.000000000027);
#231 = AXIS2_PLACEMENT_3D('',#232,#233,#234);
#232 = CARTESIAN_POINT('',(27.15,-36.75000000002,5.3));
#233 = DIRECTION('',(0.,0.,1.));
#234 = DIRECTION('',(1.,0.,0.));
#235 = ORIENTED_EDGE('',*,*,#236,.F.);
#236 = EDGE_CURVE('',#178,#228,#237,.T.);
#237 = LINE('',#238,#239);
#238 = CARTESIAN_POINT('',(-27.15000000001,-46.75000000005,5.3));
#239 = VECTOR('',#240,1.);
#240 = DIRECTION('',(1.,0.,0.));
#241 = PLANE('',#242);
#242 = AXIS2_PLACEMENT_3D('',#243,#244,#245);
#243 = CARTESIAN_POINT('',(-27.15,-36.75,5.3));
#244 = DIRECTION('',(0.,0.,1.));
#245 = DIRECTION('',(1.,0.,0.));
#246 = ADVANCED_FACE('',(#247),#274,.T.);
#247 = FACE_BOUND('',#248,.F.);
#248 = EDGE_LOOP('',(#249,#250,#259,#267));
#249 = ORIENTED_EDGE('',*,*,#39,.F.);
#250 = ORIENTED_EDGE('',*,*,#251,.F.);
#251 = EDGE_CURVE('',#252,#32,#254,.T.);
#252 = VERTEX_POINT('',#253);
#253 = CARTESIAN_POINT('',(-38.35,-36.75,1.5));
#254 = CIRCLE('',#255,11.2);
#255 = AXIS2_PLACEMENT_3D('',#256,#257,#258);
#256 = CARTESIAN_POINT('',(-27.15,-36.75,1.5));
#257 = DIRECTION('',(0.,0.,1.));
#258 = DIRECTION('',(-1.,0.,0.));
#259 = ORIENTED_EDGE('',*,*,#260,.T.);
#260 = EDGE_CURVE('',#252,#261,#263,.T.);
#261 = VERTEX_POINT('',#262);
#262 = CARTESIAN_POINT('',(-38.35,-36.75,5.3));
#263 = LINE('',#264,#265);
#264 = CARTESIAN_POINT('',(-38.35,-36.75,0.));
#265 = VECTOR('',#266,1.);
#266 = DIRECTION('',(0.,0.,1.));
#267 = ORIENTED_EDGE('',*,*,#268,.T.);
#268 = EDGE_CURVE('',#261,#40,#269,.T.);
#269 = CIRCLE('',#270,11.2);
#270 = AXIS2_PLACEMENT_3D('',#271,#272,#273);
#271 = CARTESIAN_POINT('',(-27.15,-36.75,5.3));
#272 = DIRECTION('',(0.,0.,1.));
#273 = DIRECTION('',(1.,0.,0.));
#274 = CYLINDRICAL_SURFACE('',#275,11.2);
#275 = AXIS2_PLACEMENT_3D('',#276,#277,#278);
#276 = CARTESIAN_POINT('',(-27.15,-36.75,0.));
#277 = DIRECTION('',(-0.,-0.,-1.));
#278 = DIRECTION('',(1.,0.,0.));
#279 = ADVANCED_FACE('',(#280),#314,.F.);
#280 = FACE_BOUND('',#281,.F.);
#281 = EDGE_LOOP('',(#282,#283,#291,#299,#307,#313));
#282 = ORIENTED_EDGE('',*,*,#89,.F.);
#283 = ORIENTED_EDGE('',*,*,#284,.T.);
#284 = EDGE_CURVE('',#81,#285,#287,.T.);
#285 = VERTEX_POINT('',#286);
#286 = CARTESIAN_POINT('',(4.32,-45.75,4.8));
#287 = LINE('',#288,#289);
#288 = CARTESIAN_POINT('',(4.32,-47.95,4.8));
#289 = VECTOR('',#290,1.);
#290 = DIRECTION('',(0.,1.,-2.2E-16));
#291 = ORIENTED_EDGE('',*,*,#292,.T.);
#292 = EDGE_CURVE('',#285,#293,#295,.T.);
#293 = VERTEX_POINT('',#294);
#294 = CARTESIAN_POINT('',(4.32,-45.75,6.));
#295 = LINE('',#296,#297);
#296 = CARTESIAN_POINT('',(4.32,-45.75,4.8));
#297 = VECTOR('',#298,1.);
#298 = DIRECTION('',(0.,0.,1.));
#299 = ORIENTED_EDGE('',*,*,#300,.F.);
#300 = EDGE_CURVE('',#301,#293,#303,.T.);
#301 = VERTEX_POINT('',#302);
#302 = CARTESIAN_POINT('',(4.32,-46.93560163698,6.));
#303 = LINE('',#304,#305);
#304 = CARTESIAN_POINT('',(4.32,-47.95,6.));
#305 = VECTOR('',#306,1.);
#306 = DIRECTION('',(0.,1.,-2.2E-16));
#307 = ORIENTED_EDGE('',*,*,#308,.F.);
#308 = EDGE_CURVE('',#178,#301,#309,.T.);
#309 = LINE('',#310,#311);
#310 = CARTESIAN_POINT('',(4.32,-46.91307984909,5.915058661218));
#311 = VECTOR('',#312,1.);
#312 = DIRECTION('',(0.,-0.256289373133,0.966600102017));
#313 = ORIENTED_EDGE('',*,*,#177,.F.);
#314 = PLANE('',#315);
#315 = AXIS2_PLACEMENT_3D('',#316,#317,#318);
#316 = CARTESIAN_POINT('',(4.32,-47.95,4.8));
#317 = DIRECTION('',(1.,0.,0.));
#318 = DIRECTION('',(0.,2.2E-16,1.));
#319 = ADVANCED_FACE('',(#320),#387,.T.);
#320 = FACE_BOUND('',#321,.T.);
#321 = EDGE_LOOP('',(#322,#332,#340,#346,#347,#348,#356,#364,#373,#381)
  );
#322 = ORIENTED_EDGE('',*,*,#323,.T.);
#323 = EDGE_CURVE('',#324,#326,#328,.T.);
#324 = VERTEX_POINT('',#325);
#325 = CARTESIAN_POINT('',(-37.52120327386,4.130000000041,5.3));
#326 = VERTEX_POINT('',#327);
#327 = CARTESIAN_POINT('',(-37.52120327386,5.13,5.3));
#328 = LINE('',#329,#330);
#329 = CARTESIAN_POINT('',(-37.52120327386,-9.557253141824,5.3));
#330 = VECTOR('',#331,1.);
#331 = DIRECTION('',(0.,1.,0.));
#332 = ORIENTED_EDGE('',*,*,#333,.T.);
#333 = EDGE_CURVE('',#326,#334,#336,.T.);
#334 = VERTEX_POINT('',#335);
#335 = CARTESIAN_POINT('',(-38.35,5.13,5.3));
#336 = LINE('',#337,#338);
#337 = CARTESIAN_POINT('',(-32.75,5.13,5.3));
#338 = VECTOR('',#339,1.);
#339 = DIRECTION('',(-1.,0.,0.));
#340 = ORIENTED_EDGE('',*,*,#341,.T.);
#341 = EDGE_CURVE('',#334,#261,#342,.T.);
#342 = LINE('',#343,#344);
#343 = CARTESIAN_POINT('',(-38.35,36.75,5.3));
#344 = VECTOR('',#345,1.);
#345 = DIRECTION('',(0.,-1.,0.));
#346 = ORIENTED_EDGE('',*,*,#268,.T.);
#347 = ORIENTED_EDGE('',*,*,#47,.T.);
#348 = ORIENTED_EDGE('',*,*,#349,.F.);
#349 = EDGE_CURVE('',#350,#48,#352,.T.);
#350 = VERTEX_POINT('',#351);
#351 = CARTESIAN_POINT('',(-4.82,-46.75000000005,5.3));
#352 = LINE('',#353,#354);
#353 = CARTESIAN_POINT('',(-4.82,-42.35,5.3));
#354 = VECTOR('',#355,1.);
#355 = DIRECTION('',(0.,-1.,0.));
#356 = ORIENTED_EDGE('',*,*,#357,.F.);
#357 = EDGE_CURVE('',#358,#350,#360,.T.);
#358 = VERTEX_POINT('',#359);
#359 = CARTESIAN_POINT('',(-27.15000000001,-46.75000000005,5.3));
#360 = LINE('',#361,#362);
#361 = CARTESIAN_POINT('',(-27.15000000001,-46.75000000005,5.3));
#362 = VECTOR('',#363,1.);
#363 = DIRECTION('',(1.,0.,0.));
#364 = ORIENTED_EDGE('',*,*,#365,.F.);
#365 = EDGE_CURVE('',#366,#358,#368,.T.);
#366 = VERTEX_POINT('',#367);
#367 = CARTESIAN_POINT('',(-37.15000000004,-36.75000000002,5.3));
#368 = CIRCLE('',#369,10.000000000027);
#369 = AXIS2_PLACEMENT_3D('',#370,#371,#372);
#370 = CARTESIAN_POINT('',(-27.15000000001,-36.75000000002,5.3));
#371 = DIRECTION('',(0.,0.,1.));
#372 = DIRECTION('',(1.,0.,0.));
#373 = ORIENTED_EDGE('',*,*,#374,.F.);
#374 = EDGE_CURVE('',#375,#366,#377,.T.);
#375 = VERTEX_POINT('',#376);
#376 = CARTESIAN_POINT('',(-37.15000000004,4.130000000041,5.3));
#377 = LINE('',#378,#379);
#378 = CARTESIAN_POINT('',(-37.15000000004,36.75,5.3));
#379 = VECTOR('',#380,1.);
#380 = DIRECTION('',(0.,-1.,0.));
#381 = ORIENTED_EDGE('',*,*,#382,.F.);
#382 = EDGE_CURVE('',#324,#375,#383,.T.);
#383 = LINE('',#384,#385);
#384 = CARTESIAN_POINT('',(-31.65,4.130000000041,5.3));
#385 = VECTOR('',#386,1.);
#386 = DIRECTION('',(1.,0.,0.));
#387 = PLANE('',#388);
#388 = AXIS2_PLACEMENT_3D('',#389,#390,#391);
#389 = CARTESIAN_POINT('',(-27.15,-36.75,5.3));
#390 = DIRECTION('',(0.,0.,1.));
#391 = DIRECTION('',(1.,0.,0.));
#392 = ADVANCED_FACE('',(#393),#412,.F.);
#393 = FACE_BOUND('',#394,.F.);
#394 = EDGE_LOOP('',(#395,#403,#410,#411));
#395 = ORIENTED_EDGE('',*,*,#396,.T.);
#396 = EDGE_CURVE('',#73,#397,#399,.T.);
#397 = VERTEX_POINT('',#398);
#398 = CARTESIAN_POINT('',(3.22,-45.75,3.7));
#399 = LINE('',#400,#401);
#400 = CARTESIAN_POINT('',(3.22,-47.95,3.7));
#401 = VECTOR('',#402,1.);
#402 = DIRECTION('',(0.,1.,-2.2E-16));
#403 = ORIENTED_EDGE('',*,*,#404,.T.);
#404 = EDGE_CURVE('',#397,#285,#405,.T.);
#405 = CIRCLE('',#406,1.1);
#406 = AXIS2_PLACEMENT_3D('',#407,#408,#409);
#407 = CARTESIAN_POINT('',(3.22,-45.75,4.8));
#408 = DIRECTION('',(0.,-1.,0.));
#409 = DIRECTION('',(1.,0.,0.));
#410 = ORIENTED_EDGE('',*,*,#284,.F.);
#411 = ORIENTED_EDGE('',*,*,#80,.F.);
#412 = CYLINDRICAL_SURFACE('',#413,1.1);
#413 = AXIS2_PLACEMENT_3D('',#414,#415,#416);
#414 = CARTESIAN_POINT('',(3.22,-47.95,4.8));
#415 = DIRECTION('',(0.,-1.,2.2E-16));
#416 = DIRECTION('',(1.,0.,0.));
#417 = ADVANCED_FACE('',(#418),#452,.F.);
#418 = FACE_BOUND('',#419,.F.);
#419 = EDGE_LOOP('',(#420,#428,#436,#444,#450,#451));
#420 = ORIENTED_EDGE('',*,*,#421,.F.);
#421 = EDGE_CURVE('',#422,#350,#424,.T.);
#422 = VERTEX_POINT('',#423);
#423 = CARTESIAN_POINT('',(-4.82,-46.93560163698,6.));
#424 = LINE('',#425,#426);
#425 = CARTESIAN_POINT('',(-4.82,-47.06171744962,6.47564811555));
#426 = VECTOR('',#427,1.);
#427 = DIRECTION('',(0.,0.256289373133,-0.966600102017));
#428 = ORIENTED_EDGE('',*,*,#429,.T.);
#429 = EDGE_CURVE('',#422,#430,#432,.T.);
#430 = VERTEX_POINT('',#431);
#431 = CARTESIAN_POINT('',(-4.82,-45.75,6.));
#432 = LINE('',#433,#434);
#433 = CARTESIAN_POINT('',(-4.82,-47.95,6.));
#434 = VECTOR('',#435,1.);
#435 = DIRECTION('',(0.,1.,-2.2E-16));
#436 = ORIENTED_EDGE('',*,*,#437,.T.);
#437 = EDGE_CURVE('',#430,#438,#440,.T.);
#438 = VERTEX_POINT('',#439);
#439 = CARTESIAN_POINT('',(-4.82,-45.75,4.8));
#440 = LINE('',#441,#442);
#441 = CARTESIAN_POINT('',(-4.82,-45.75,6.));
#442 = VECTOR('',#443,1.);
#443 = DIRECTION('',(0.,0.,-1.));
#444 = ORIENTED_EDGE('',*,*,#445,.F.);
#445 = EDGE_CURVE('',#56,#438,#446,.T.);
#446 = LINE('',#447,#448);
#447 = CARTESIAN_POINT('',(-4.82,-47.95,4.8));
#448 = VECTOR('',#449,1.);
#449 = DIRECTION('',(0.,1.,-2.2E-16));
#450 = ORIENTED_EDGE('',*,*,#55,.F.);
#451 = ORIENTED_EDGE('',*,*,#349,.F.);
#452 = PLANE('',#453);
#453 = AXIS2_PLACEMENT_3D('',#454,#455,#456);
#454 = CARTESIAN_POINT('',(-4.82,-47.95,6.));
#455 = DIRECTION('',(-1.,0.,0.));
#456 = DIRECTION('',(-0.,-2.2E-16,-1.));
#457 = ADVANCED_FACE('',(#458),#476,.F.);
#458 = FACE_BOUND('',#459,.F.);
#459 = EDGE_LOOP('',(#460,#468,#474,#475));
#460 = ORIENTED_EDGE('',*,*,#461,.T.);
#461 = EDGE_CURVE('',#64,#462,#464,.T.);
#462 = VERTEX_POINT('',#463);
#463 = CARTESIAN_POINT('',(-3.72,-45.75,3.7));
#464 = LINE('',#465,#466);
#465 = CARTESIAN_POINT('',(-3.72,-47.95,3.7));
#466 = VECTOR('',#467,1.);
#467 = DIRECTION('',(0.,1.,-2.2E-16));
#468 = ORIENTED_EDGE('',*,*,#469,.T.);
#469 = EDGE_CURVE('',#462,#397,#470,.T.);
#470 = LINE('',#471,#472);
#471 = CARTESIAN_POINT('',(-3.72,-45.75,3.7));
#472 = VECTOR('',#473,1.);
#473 = DIRECTION('',(1.,0.,0.));
#474 = ORIENTED_EDGE('',*,*,#396,.F.);
#475 = ORIENTED_EDGE('',*,*,#72,.F.);
#476 = PLANE('',#477);
#477 = AXIS2_PLACEMENT_3D('',#478,#479,#480);
#478 = CARTESIAN_POINT('',(-3.72,-47.95,3.7));
#479 = DIRECTION('',(0.,-2.2E-16,-1.));
#480 = DIRECTION('',(1.,0.,0.));
#481 = ADVANCED_FACE('',(#482),#494,.F.);
#482 = FACE_BOUND('',#483,.F.);
#483 = EDGE_LOOP('',(#484,#485,#492,#493));
#484 = ORIENTED_EDGE('',*,*,#445,.T.);
#485 = ORIENTED_EDGE('',*,*,#486,.T.);
#486 = EDGE_CURVE('',#438,#462,#487,.T.);
#487 = CIRCLE('',#488,1.1);
#488 = AXIS2_PLACEMENT_3D('',#489,#490,#491);
#489 = CARTESIAN_POINT('',(-3.72,-45.75,4.8));
#490 = DIRECTION('',(0.,-1.,0.));
#491 = DIRECTION('',(1.,0.,0.));
#492 = ORIENTED_EDGE('',*,*,#461,.F.);
#493 = ORIENTED_EDGE('',*,*,#63,.F.);
#494 = CYLINDRICAL_SURFACE('',#495,1.1);
#495 = AXIS2_PLACEMENT_3D('',#496,#497,#498);
#496 = CARTESIAN_POINT('',(-3.72,-47.95,4.8));
#497 = DIRECTION('',(0.,-1.,2.2E-16));
#498 = DIRECTION('',(1.,0.,0.));
#499 = ADVANCED_FACE('',(#500),#582,.F.);
#500 = FACE_BOUND('',#501,.F.);
#501 = EDGE_LOOP('',(#502,#512,#518,#519,#520,#528,#536,#544,#552,#560,
    #568,#576));
#502 = ORIENTED_EDGE('',*,*,#503,.F.);
#503 = EDGE_CURVE('',#504,#506,#508,.T.);
#504 = VERTEX_POINT('',#505);
#505 = CARTESIAN_POINT('',(38.35,36.75,1.5));
#506 = VERTEX_POINT('',#507);
#507 = CARTESIAN_POINT('',(38.35,36.75,5.3));
#508 = LINE('',#509,#510);
#509 = CARTESIAN_POINT('',(38.35,36.75,0.));
#510 = VECTOR('',#511,1.);
#511 = DIRECTION('',(0.,0.,1.));
#512 = ORIENTED_EDGE('',*,*,#513,.F.);
#513 = EDGE_CURVE('',#112,#504,#514,.T.);
#514 = LINE('',#515,#516);
#515 = CARTESIAN_POINT('',(38.35,-36.75,1.5));
#516 = VECTOR('',#517,1.);
#517 = DIRECTION('',(0.,1.,0.));
#518 = ORIENTED_EDGE('',*,*,#111,.T.);
#519 = ORIENTED_EDGE('',*,*,#187,.T.);
#520 = ORIENTED_EDGE('',*,*,#521,.T.);
#521 = EDGE_CURVE('',#188,#522,#524,.T.);
#522 = VERTEX_POINT('',#523);
#523 = CARTESIAN_POINT('',(38.35,5.13,3.8));
#524 = LINE('',#525,#526);
#525 = CARTESIAN_POINT('',(38.35,5.13,12.3));
#526 = VECTOR('',#527,1.);
#527 = DIRECTION('',(0.,0.,-1.));
#528 = ORIENTED_EDGE('',*,*,#529,.T.);
#529 = EDGE_CURVE('',#522,#530,#532,.T.);
#530 = VERTEX_POINT('',#531);
#531 = CARTESIAN_POINT('',(38.35,9.83,3.8));
#532 = LINE('',#533,#534);
#533 = CARTESIAN_POINT('',(38.35,5.13,3.8));
#534 = VECTOR('',#535,1.);
#535 = DIRECTION('',(0.,1.,0.));
#536 = ORIENTED_EDGE('',*,*,#537,.T.);
#537 = EDGE_CURVE('',#530,#538,#540,.T.);
#538 = VERTEX_POINT('',#539);
#539 = CARTESIAN_POINT('',(38.35,9.83,5.3));
#540 = LINE('',#541,#542);
#541 = CARTESIAN_POINT('',(38.35,9.83,3.8));
#542 = VECTOR('',#543,1.);
#543 = DIRECTION('',(0.,0.,1.));
#544 = ORIENTED_EDGE('',*,*,#545,.T.);
#545 = EDGE_CURVE('',#538,#546,#548,.T.);
#546 = VERTEX_POINT('',#547);
#547 = CARTESIAN_POINT('',(38.35,14.029999999995,5.3));
#548 = LINE('',#549,#550);
#549 = CARTESIAN_POINT('',(38.35,-36.75,5.3));
#550 = VECTOR('',#551,1.);
#551 = DIRECTION('',(0.,1.,0.));
#552 = ORIENTED_EDGE('',*,*,#553,.T.);
#553 = EDGE_CURVE('',#546,#554,#556,.T.);
#554 = VERTEX_POINT('',#555);
#555 = CARTESIAN_POINT('',(38.35,14.029999999995,3.8));
#556 = LINE('',#557,#558);
#557 = CARTESIAN_POINT('',(38.35,14.029999999995,12.3));
#558 = VECTOR('',#559,1.);
#559 = DIRECTION('',(0.,0.,-1.));
#560 = ORIENTED_EDGE('',*,*,#561,.T.);
#561 = EDGE_CURVE('',#554,#562,#564,.T.);
#562 = VERTEX_POINT('',#563);
#563 = CARTESIAN_POINT('',(38.35,18.730000000005,3.8));
#564 = LINE('',#565,#566);
#565 = CARTESIAN_POINT('',(38.35,14.029999999995,3.8));
#566 = VECTOR('',#567,1.);
#567 = DIRECTION('',(0.,1.,0.));
#568 = ORIENTED_EDGE('',*,*,#569,.T.);
#569 = EDGE_CURVE('',#562,#570,#572,.T.);
#570 = VERTEX_POINT('',#571);
#571 = CARTESIAN_POINT('',(38.35,18.730000000005,5.3));
#572 = LINE('',#573,#574);
#573 = CARTESIAN_POINT('',(38.35,18.730000000005,3.8));
#574 = VECTOR('',#575,1.);
#575 = DIRECTION('',(0.,0.,1.));
#576 = ORIENTED_EDGE('',*,*,#577,.T.);
#577 = EDGE_CURVE('',#570,#506,#578,.T.);
#578 = LINE('',#579,#580);
#579 = CARTESIAN_POINT('',(38.35,-36.75,5.3));
#580 = VECTOR('',#581,1.);
#581 = DIRECTION('',(0.,1.,0.));
#582 = PLANE('',#583);
#583 = AXIS2_PLACEMENT_3D('',#584,#585,#586);
#584 = CARTESIAN_POINT('',(38.35,-36.75,0.));
#585 = DIRECTION('',(-1.,0.,0.));
#586 = DIRECTION('',(0.,1.,0.));
#587 = ADVANCED_FACE('',(#588),#608,.T.);
#588 = FACE_BOUND('',#589,.T.);
#589 = EDGE_LOOP('',(#590,#591,#600,#607));
#590 = ORIENTED_EDGE('',*,*,#154,.F.);
#591 = ORIENTED_EDGE('',*,*,#592,.T.);
#592 = EDGE_CURVE('',#155,#593,#595,.T.);
#593 = VERTEX_POINT('',#594);
#594 = CARTESIAN_POINT('',(36.85,-36.75,0.));
#595 = CIRCLE('',#596,9.7);
#596 = AXIS2_PLACEMENT_3D('',#597,#598,#599);
#597 = CARTESIAN_POINT('',(27.15,-36.75,0.));
#598 = DIRECTION('',(0.,0.,1.));
#599 = DIRECTION('',(-3.2E-16,-1.,0.));
#600 = ORIENTED_EDGE('',*,*,#601,.T.);
#601 = EDGE_CURVE('',#593,#112,#602,.T.);
#602 = CIRCLE('',#603,1.5);
#603 = AXIS2_PLACEMENT_3D('',#604,#605,#606);
#604 = CARTESIAN_POINT('',(36.85,-36.75,1.5));
#605 = DIRECTION('',(-3.8E-16,-1.,0.));
#606 = DIRECTION('',(1.,-3.8E-16,0.));
#607 = ORIENTED_EDGE('',*,*,#121,.F.);
#608 = TOROIDAL_SURFACE('',#609,9.7,1.5);
#609 = AXIS2_PLACEMENT_3D('',#610,#611,#612);
#610 = CARTESIAN_POINT('',(27.15,-36.75,1.5));
#611 = DIRECTION('',(0.,0.,1.));
#612 = DIRECTION('',(-3.2E-16,-1.,0.));
#613 = ADVANCED_FACE('',(#614),#634,.T.);
#614 = FACE_BOUND('',#615,.T.);
#615 = EDGE_LOOP('',(#616,#625,#632,#633));
#616 = ORIENTED_EDGE('',*,*,#617,.F.);
#617 = EDGE_CURVE('',#618,#252,#620,.T.);
#618 = VERTEX_POINT('',#619);
#619 = CARTESIAN_POINT('',(-36.85,-36.75,-0.));
#620 = CIRCLE('',#621,1.5);
#621 = AXIS2_PLACEMENT_3D('',#622,#623,#624);
#622 = CARTESIAN_POINT('',(-36.85,-36.75,1.5));
#623 = DIRECTION('',(0.,1.,0.));
#624 = DIRECTION('',(0.,0.,-1.));
#625 = ORIENTED_EDGE('',*,*,#626,.T.);
#626 = EDGE_CURVE('',#618,#145,#627,.T.);
#627 = CIRCLE('',#628,9.7);
#628 = AXIS2_PLACEMENT_3D('',#629,#630,#631);
#629 = CARTESIAN_POINT('',(-27.15,-36.75,0.));
#630 = DIRECTION('',(0.,0.,1.));
#631 = DIRECTION('',(-1.,0.,0.));
#632 = ORIENTED_EDGE('',*,*,#144,.T.);
#633 = ORIENTED_EDGE('',*,*,#251,.F.);
#634 = TOROIDAL_SURFACE('',#635,9.7,1.5);
#635 = AXIS2_PLACEMENT_3D('',#636,#637,#638);
#636 = CARTESIAN_POINT('',(-27.15,-36.75,1.5));
#637 = DIRECTION('',(0.,0.,1.));
#638 = DIRECTION('',(-1.,0.,0.));
#639 = ADVANCED_FACE('',(#640,#685,#696,#707,#718),#729,.F.);
#640 = FACE_BOUND('',#641,.F.);
#641 = EDGE_LOOP('',(#642,#650,#651,#652,#653,#661,#670,#678));
#642 = ORIENTED_EDGE('',*,*,#643,.T.);
#643 = EDGE_CURVE('',#644,#618,#646,.T.);
#644 = VERTEX_POINT('',#645);
#645 = CARTESIAN_POINT('',(-36.85,36.75,0.));
#646 = LINE('',#647,#648);
#647 = CARTESIAN_POINT('',(-36.85,36.75,-2.2E-16));
#648 = VECTOR('',#649,1.);
#649 = DIRECTION('',(0.,-1.,0.));
#650 = ORIENTED_EDGE('',*,*,#626,.T.);
#651 = ORIENTED_EDGE('',*,*,#163,.T.);
#652 = ORIENTED_EDGE('',*,*,#592,.T.);
#653 = ORIENTED_EDGE('',*,*,#654,.T.);
#654 = EDGE_CURVE('',#593,#655,#657,.T.);
#655 = VERTEX_POINT('',#656);
#656 = CARTESIAN_POINT('',(36.85,36.75,0.));
#657 = LINE('',#658,#659);
#658 = CARTESIAN_POINT('',(36.85,-36.75,-2.2E-16));
#659 = VECTOR('',#660,1.);
#660 = DIRECTION('',(0.,1.,0.));
#661 = ORIENTED_EDGE('',*,*,#662,.T.);
#662 = EDGE_CURVE('',#655,#663,#665,.T.);
#663 = VERTEX_POINT('',#664);
#664 = CARTESIAN_POINT('',(27.15,46.45,0.));
#665 = CIRCLE('',#666,9.7);
#666 = AXIS2_PLACEMENT_3D('',#667,#668,#669);
#667 = CARTESIAN_POINT('',(27.15,36.75,0.));
#668 = DIRECTION('',(0.,0.,1.));
#669 = DIRECTION('',(1.,0.,-0.));
#670 = ORIENTED_EDGE('',*,*,#671,.T.);
#671 = EDGE_CURVE('',#663,#672,#674,.T.);
#672 = VERTEX_POINT('',#673);
#673 = CARTESIAN_POINT('',(-27.15,46.45,0.));
#674 = LINE('',#675,#676);
#675 = CARTESIAN_POINT('',(27.15,46.45,-2.2E-16));
#676 = VECTOR('',#677,1.);
#677 = DIRECTION('',(-1.,0.,0.));
#678 = ORIENTED_EDGE('',*,*,#679,.T.);
#679 = EDGE_CURVE('',#672,#644,#680,.T.);
#680 = CIRCLE('',#681,9.7);
#681 = AXIS2_PLACEMENT_3D('',#682,#683,#684);
#682 = CARTESIAN_POINT('',(-27.15,36.75,0.));
#683 = DIRECTION('',(0.,-0.,1.));
#684 = DIRECTION('',(0.,1.,0.));
#685 = FACE_BOUND('',#686,.F.);
#686 = EDGE_LOOP('',(#687));
#687 = ORIENTED_EDGE('',*,*,#688,.T.);
#688 = EDGE_CURVE('',#689,#689,#691,.T.);
#689 = VERTEX_POINT('',#690);
#690 = CARTESIAN_POINT('',(-36.732,-35.482,0.));
#691 = CIRCLE('',#692,2.15);
#692 = AXIS2_PLACEMENT_3D('',#693,#694,#695);
#693 = CARTESIAN_POINT('',(-34.582,-35.482,0.));
#694 = DIRECTION('',(0.,0.,-1.));
#695 = DIRECTION('',(-1.,0.,0.));
#696 = FACE_BOUND('',#697,.F.);
#697 = EDGE_LOOP('',(#698));
#698 = ORIENTED_EDGE('',*,*,#699,.T.);
#699 = EDGE_CURVE('',#700,#700,#702,.T.);
#700 = VERTEX_POINT('',#701);
#701 = CARTESIAN_POINT('',(30.032,-41.932,0.));
#702 = CIRCLE('',#703,2.15);
#703 = AXIS2_PLACEMENT_3D('',#704,#705,#706);
#704 = CARTESIAN_POINT('',(32.182,-41.932,0.));
#705 = DIRECTION('',(0.,0.,-1.));
#706 = DIRECTION('',(-1.,0.,0.));
#707 = FACE_BOUND('',#708,.F.);
#708 = EDGE_LOOP('',(#709));
#709 = ORIENTED_EDGE('',*,*,#710,.T.);
#710 = EDGE_CURVE('',#711,#711,#713,.T.);
#711 = VERTEX_POINT('',#712);
#712 = CARTESIAN_POINT('',(-34.332,41.932,0.));
#713 = CIRCLE('',#714,2.15);
#714 = AXIS2_PLACEMENT_3D('',#715,#716,#717);
#715 = CARTESIAN_POINT('',(-32.182,41.932,0.));
#716 = DIRECTION('',(0.,0.,-1.));
#717 = DIRECTION('',(-1.,0.,0.));
#718 = FACE_BOUND('',#719,.F.);
#719 = EDGE_LOOP('',(#720));
#720 = ORIENTED_EDGE('',*,*,#721,.T.);
#721 = EDGE_CURVE('',#722,#722,#724,.T.);
#722 = VERTEX_POINT('',#723);
#723 = CARTESIAN_POINT('',(30.032,41.932,0.));
#724 = CIRCLE('',#725,2.15);
#725 = AXIS2_PLACEMENT_3D('',#726,#727,#728);
#726 = CARTESIAN_POINT('',(32.182,41.932,0.));
#727 = DIRECTION('',(0.,0.,-1.));
#728 = DIRECTION('',(-1.,0.,0.));
#729 = PLANE('',#730);
#730 = AXIS2_PLACEMENT_3D('',#731,#732,#733);
#731 = CARTESIAN_POINT('',(-6.86E-15,0.,0.));
#732 = DIRECTION('',(0.,0.,1.));
#733 = DIRECTION('',(1.,0.,0.));
#734 = ADVANCED_FACE('',(#735),#761,.T.);
#735 = FACE_BOUND('',#736,.T.);
#736 = EDGE_LOOP('',(#737,#738,#739,#746,#754));
#737 = ORIENTED_EDGE('',*,*,#308,.F.);
#738 = ORIENTED_EDGE('',*,*,#236,.T.);
#739 = ORIENTED_EDGE('',*,*,#740,.T.);
#740 = EDGE_CURVE('',#228,#741,#743,.T.);
#741 = VERTEX_POINT('',#742);
#742 = CARTESIAN_POINT('',(27.15,-47.12120327391,6.7));
#743 = B_SPLINE_CURVE_WITH_KNOTS('',1,(#744,#745),.UNSPECIFIED.,.F.,.F.,
  (2,2),(0.,1.),.PIECEWISE_BEZIER_KNOTS.);
#744 = CARTESIAN_POINT('',(27.15,-46.75000000005,5.3));
#745 = CARTESIAN_POINT('',(27.15,-47.12120327391,6.7));
#746 = ORIENTED_EDGE('',*,*,#747,.F.);
#747 = EDGE_CURVE('',#748,#741,#750,.T.);
#748 = VERTEX_POINT('',#749);
#749 = CARTESIAN_POINT('',(4.068528137424,-47.12120327391,6.7));
#750 = LINE('',#751,#752);
#751 = CARTESIAN_POINT('',(-27.15000000001,-47.12120327391,6.7));
#752 = VECTOR('',#753,1.);
#753 = DIRECTION('',(1.,0.,0.));
#754 = ORIENTED_EDGE('',*,*,#755,.F.);
#755 = EDGE_CURVE('',#301,#748,#756,.T.);
#756 = ELLIPSE('',#757,1.13800939779,1.1);
#757 = AXIS2_PLACEMENT_3D('',#758,#759,#760);
#758 = CARTESIAN_POINT('',(3.22,-46.93560163698,6.));
#759 = DIRECTION('',(-0.,-0.966600102017,-0.256289373133));
#760 = DIRECTION('',(0.,-0.256289373133,0.966600102017));
#761 = PLANE('',#762);
#762 = AXIS2_PLACEMENT_3D('',#763,#764,#765);
#763 = CARTESIAN_POINT('',(-27.15000000001,-47.12120327391,6.7));
#764 = DIRECTION('',(0.,-0.966600102017,-0.256289373133));
#765 = DIRECTION('',(1.,0.,0.));
#766 = ADVANCED_FACE('',(#767),#785,.T.);
#767 = FACE_BOUND('',#768,.T.);
#768 = EDGE_LOOP('',(#769,#770,#777,#784));
#769 = ORIENTED_EDGE('',*,*,#227,.T.);
#770 = ORIENTED_EDGE('',*,*,#771,.T.);
#771 = EDGE_CURVE('',#220,#772,#774,.T.);
#772 = VERTEX_POINT('',#773);
#773 = CARTESIAN_POINT('',(37.521203273892,-36.75000000002,6.7));
#774 = B_SPLINE_CURVE_WITH_KNOTS('',1,(#775,#776),.UNSPECIFIED.,.F.,.F.,
  (2,2),(0.,1.),.PIECEWISE_BEZIER_KNOTS.);
#775 = CARTESIAN_POINT('',(37.150000000027,-36.75000000002,5.3));
#776 = CARTESIAN_POINT('',(37.521203273892,-36.75000000002,6.7));
#777 = ORIENTED_EDGE('',*,*,#778,.F.);
#778 = EDGE_CURVE('',#741,#772,#779,.T.);
#779 = CIRCLE('',#780,10.371203273892);
#780 = AXIS2_PLACEMENT_3D('',#781,#782,#783);
#781 = CARTESIAN_POINT('',(27.15,-36.75000000002,6.7));
#782 = DIRECTION('',(0.,0.,1.));
#783 = DIRECTION('',(1.,0.,0.));
#784 = ORIENTED_EDGE('',*,*,#740,.F.);
#785 = CONICAL_SURFACE('',#786,10.000000000027,0.259181393921);
#786 = AXIS2_PLACEMENT_3D('',#787,#788,#789);
#787 = CARTESIAN_POINT('',(27.15,-36.75000000002,5.3));
#788 = DIRECTION('',(0.,0.,1.));
#789 = DIRECTION('',(1.,0.,0.));
#790 = ADVANCED_FACE('',(#791),#809,.T.);
#791 = FACE_BOUND('',#792,.T.);
#792 = EDGE_LOOP('',(#793,#794,#795,#803));
#793 = ORIENTED_EDGE('',*,*,#771,.F.);
#794 = ORIENTED_EDGE('',*,*,#219,.T.);
#795 = ORIENTED_EDGE('',*,*,#796,.T.);
#796 = EDGE_CURVE('',#212,#797,#799,.T.);
#797 = VERTEX_POINT('',#798);
#798 = CARTESIAN_POINT('',(37.521203273878,4.13,6.7));
#799 = LINE('',#800,#801);
#800 = CARTESIAN_POINT('',(38.219358052168,4.13,9.333103634599));
#801 = VECTOR('',#802,1.);
#802 = DIRECTION('',(0.256289373133,0.,0.966600102017));
#803 = ORIENTED_EDGE('',*,*,#804,.F.);
#804 = EDGE_CURVE('',#772,#797,#805,.T.);
#805 = LINE('',#806,#807);
#806 = CARTESIAN_POINT('',(37.521203273892,-36.75000000002,6.7));
#807 = VECTOR('',#808,1.);
#808 = DIRECTION('',(0.,1.,0.));
#809 = PLANE('',#810);
#810 = AXIS2_PLACEMENT_3D('',#811,#812,#813);
#811 = CARTESIAN_POINT('',(37.521203273892,-36.75000000002,6.7));
#812 = DIRECTION('',(0.966600102017,0.,-0.256289373133));
#813 = DIRECTION('',(0.,1.,0.));
#814 = ADVANCED_FACE('',(#815),#849,.T.);
#815 = FACE_BOUND('',#816,.T.);
#816 = EDGE_LOOP('',(#817,#827,#833,#834,#835,#843));
#817 = ORIENTED_EDGE('',*,*,#818,.F.);
#818 = EDGE_CURVE('',#819,#821,#823,.T.);
#819 = VERTEX_POINT('',#820);
#820 = CARTESIAN_POINT('',(36.15,4.13,6.7));
#821 = VERTEX_POINT('',#822);
#822 = CARTESIAN_POINT('',(36.15,4.13,2.2));
#823 = LINE('',#824,#825);
#824 = CARTESIAN_POINT('',(36.15,4.13,12.7));
#825 = VECTOR('',#826,1.);
#826 = DIRECTION('',(0.,0.,-1.));
#827 = ORIENTED_EDGE('',*,*,#828,.F.);
#828 = EDGE_CURVE('',#797,#819,#829,.T.);
#829 = LINE('',#830,#831);
#830 = CARTESIAN_POINT('',(18.075,4.13,6.7));
#831 = VECTOR('',#832,1.);
#832 = DIRECTION('',(-1.,0.,0.));
#833 = ORIENTED_EDGE('',*,*,#796,.F.);
#834 = ORIENTED_EDGE('',*,*,#211,.F.);
#835 = ORIENTED_EDGE('',*,*,#836,.T.);
#836 = EDGE_CURVE('',#204,#837,#839,.T.);
#837 = VERTEX_POINT('',#838);
#838 = CARTESIAN_POINT('',(37.521203273864,4.13,2.2));
#839 = LINE('',#840,#841);
#840 = CARTESIAN_POINT('',(37.521203273864,4.13,12.7));
#841 = VECTOR('',#842,1.);
#842 = DIRECTION('',(0.,0.,-1.));
#843 = ORIENTED_EDGE('',*,*,#844,.F.);
#844 = EDGE_CURVE('',#821,#837,#845,.T.);
#845 = LINE('',#846,#847);
#846 = CARTESIAN_POINT('',(36.15,4.13,2.2));
#847 = VECTOR('',#848,1.);
#848 = DIRECTION('',(1.,0.,0.));
#849 = PLANE('',#850);
#850 = AXIS2_PLACEMENT_3D('',#851,#852,#853);
#851 = CARTESIAN_POINT('',(36.15,4.13,12.7));
#852 = DIRECTION('',(0.,1.,0.));
#853 = DIRECTION('',(0.,0.,-1.));
#854 = ADVANCED_FACE('',(#855),#905,.F.);
#855 = FACE_BOUND('',#856,.F.);
#856 = EDGE_LOOP('',(#857,#858,#866,#874,#882,#890,#898,#904));
#857 = ORIENTED_EDGE('',*,*,#836,.T.);
#858 = ORIENTED_EDGE('',*,*,#859,.T.);
#859 = EDGE_CURVE('',#837,#860,#862,.T.);
#860 = VERTEX_POINT('',#861);
#861 = CARTESIAN_POINT('',(37.521203273864,10.83,2.2));
#862 = LINE('',#863,#864);
#863 = CARTESIAN_POINT('',(37.521203273864,4.13,2.2));
#864 = VECTOR('',#865,1.);
#865 = DIRECTION('',(0.,1.,0.));
#866 = ORIENTED_EDGE('',*,*,#867,.T.);
#867 = EDGE_CURVE('',#860,#868,#870,.T.);
#868 = VERTEX_POINT('',#869);
#869 = CARTESIAN_POINT('',(37.521203273864,10.83,5.3));
#870 = LINE('',#871,#872);
#871 = CARTESIAN_POINT('',(37.521203273864,10.83,2.2));
#872 = VECTOR('',#873,1.);
#873 = DIRECTION('',(0.,0.,1.));
#874 = ORIENTED_EDGE('',*,*,#875,.F.);
#875 = EDGE_CURVE('',#876,#868,#878,.T.);
#876 = VERTEX_POINT('',#877);
#877 = CARTESIAN_POINT('',(37.521203273864,9.83,5.3));
#878 = LINE('',#879,#880);
#879 = CARTESIAN_POINT('',(37.521203273864,-12.40999999999,5.3));
#880 = VECTOR('',#881,1.);
#881 = DIRECTION('',(0.,1.,0.));
#882 = ORIENTED_EDGE('',*,*,#883,.T.);
#883 = EDGE_CURVE('',#876,#884,#886,.T.);
#884 = VERTEX_POINT('',#885);
#885 = CARTESIAN_POINT('',(37.521203273864,9.83,3.8));
#886 = LINE('',#887,#888);
#887 = CARTESIAN_POINT('',(37.521203273864,9.83,5.625));
#888 = VECTOR('',#889,1.);
#889 = DIRECTION('',(0.,0.,-1.));
#890 = ORIENTED_EDGE('',*,*,#891,.T.);
#891 = EDGE_CURVE('',#884,#892,#894,.T.);
#892 = VERTEX_POINT('',#893);
#893 = CARTESIAN_POINT('',(37.521203273864,5.13,3.8));
#894 = LINE('',#895,#896);
#895 = CARTESIAN_POINT('',(37.521203273864,8.530000000005,3.8));
#896 = VECTOR('',#897,1.);
#897 = DIRECTION('',(0.,-1.,0.));
#898 = ORIENTED_EDGE('',*,*,#899,.T.);
#899 = EDGE_CURVE('',#892,#196,#900,.T.);
#900 = LINE('',#901,#902);
#901 = CARTESIAN_POINT('',(37.521203273864,5.13,9.875));
#902 = VECTOR('',#903,1.);
#903 = DIRECTION('',(0.,0.,1.));
#904 = ORIENTED_EDGE('',*,*,#203,.F.);
#905 = PLANE('',#906);
#906 = AXIS2_PLACEMENT_3D('',#907,#908,#909);
#907 = CARTESIAN_POINT('',(37.521203273864,11.930000000011,7.45));
#908 = DIRECTION('',(1.,0.,0.));
#909 = DIRECTION('',(0.,0.,1.));
#910 = ADVANCED_FACE('',(#911),#922,.F.);
#911 = FACE_BOUND('',#912,.F.);
#912 = EDGE_LOOP('',(#913,#914,#915,#916));
#913 = ORIENTED_EDGE('',*,*,#521,.F.);
#914 = ORIENTED_EDGE('',*,*,#195,.F.);
#915 = ORIENTED_EDGE('',*,*,#899,.F.);
#916 = ORIENTED_EDGE('',*,*,#917,.F.);
#917 = EDGE_CURVE('',#522,#892,#918,.T.);
#918 = LINE('',#919,#920);
#919 = CARTESIAN_POINT('',(38.35,5.13,3.8));
#920 = VECTOR('',#921,1.);
#921 = DIRECTION('',(-1.,-0.,-0.));
#922 = PLANE('',#923);
#923 = AXIS2_PLACEMENT_3D('',#924,#925,#926);
#924 = CARTESIAN_POINT('',(38.35,5.13,12.3));
#925 = DIRECTION('',(0.,-1.,0.));
#926 = DIRECTION('',(0.,0.,-1.));
#927 = ADVANCED_FACE('',(#928),#1042,.F.);
#928 = FACE_BOUND('',#929,.F.);
#929 = EDGE_LOOP('',(#930,#931,#939,#947,#955,#963,#971,#979,#987,#995,
    #1003,#1011,#1019,#1027,#1035,#1041));
#930 = ORIENTED_EDGE('',*,*,#260,.F.);
#931 = ORIENTED_EDGE('',*,*,#932,.F.);
#932 = EDGE_CURVE('',#933,#252,#935,.T.);
#933 = VERTEX_POINT('',#934);
#934 = CARTESIAN_POINT('',(-38.35,36.75,1.5));
#935 = LINE('',#936,#937);
#936 = CARTESIAN_POINT('',(-38.35,36.75,1.5));
#937 = VECTOR('',#938,1.);
#938 = DIRECTION('',(0.,-1.,0.));
#939 = ORIENTED_EDGE('',*,*,#940,.T.);
#940 = EDGE_CURVE('',#933,#941,#943,.T.);
#941 = VERTEX_POINT('',#942);
#942 = CARTESIAN_POINT('',(-38.35,36.75,5.3));
#943 = LINE('',#944,#945);
#944 = CARTESIAN_POINT('',(-38.35,36.75,0.));
#945 = VECTOR('',#946,1.);
#946 = DIRECTION('',(0.,0.,1.));
#947 = ORIENTED_EDGE('',*,*,#948,.T.);
#948 = EDGE_CURVE('',#941,#949,#951,.T.);
#949 = VERTEX_POINT('',#950);
#950 = CARTESIAN_POINT('',(-38.35,30.45,5.3));
#951 = LINE('',#952,#953);
#952 = CARTESIAN_POINT('',(-38.35,36.75,5.3));
#953 = VECTOR('',#954,1.);
#954 = DIRECTION('',(0.,-1.,0.));
#955 = ORIENTED_EDGE('',*,*,#956,.F.);
#956 = EDGE_CURVE('',#957,#949,#959,.T.);
#957 = VERTEX_POINT('',#958);
#958 = CARTESIAN_POINT('',(-38.35,30.45,3.8));
#959 = LINE('',#960,#961);
#960 = CARTESIAN_POINT('',(-38.35,30.45,3.8));
#961 = VECTOR('',#962,1.);
#962 = DIRECTION('',(0.,0.,1.));
#963 = ORIENTED_EDGE('',*,*,#964,.F.);
#964 = EDGE_CURVE('',#965,#957,#967,.T.);
#965 = VERTEX_POINT('',#966);
#966 = CARTESIAN_POINT('',(-38.35,23.25,3.8));
#967 = LINE('',#968,#969);
#968 = CARTESIAN_POINT('',(-38.35,23.25,3.8));
#969 = VECTOR('',#970,1.);
#970 = DIRECTION('',(0.,1.,0.));
#971 = ORIENTED_EDGE('',*,*,#972,.F.);
#972 = EDGE_CURVE('',#973,#965,#975,.T.);
#973 = VERTEX_POINT('',#974);
#974 = CARTESIAN_POINT('',(-38.35,23.25,5.3));
#975 = LINE('',#976,#977);
#976 = CARTESIAN_POINT('',(-38.35,23.25,12.3));
#977 = VECTOR('',#978,1.);
#978 = DIRECTION('',(0.,0.,-1.));
#979 = ORIENTED_EDGE('',*,*,#980,.T.);
#980 = EDGE_CURVE('',#973,#981,#983,.T.);
#981 = VERTEX_POINT('',#982);
#982 = CARTESIAN_POINT('',(-38.35,18.729999999997,5.3));
#983 = LINE('',#984,#985);
#984 = CARTESIAN_POINT('',(-38.35,36.75,5.3));
#985 = VECTOR('',#986,1.);
#986 = DIRECTION('',(0.,-1.,0.));
#987 = ORIENTED_EDGE('',*,*,#988,.F.);
#988 = EDGE_CURVE('',#989,#981,#991,.T.);
#989 = VERTEX_POINT('',#990);
#990 = CARTESIAN_POINT('',(-38.35,18.729999999997,3.8));
#991 = LINE('',#992,#993);
#992 = CARTESIAN_POINT('',(-38.35,18.729999999997,3.8));
#993 = VECTOR('',#994,1.);
#994 = DIRECTION('',(0.,0.,1.));
#995 = ORIENTED_EDGE('',*,*,#996,.F.);
#996 = EDGE_CURVE('',#997,#989,#999,.T.);
#997 = VERTEX_POINT('',#998);
#998 = CARTESIAN_POINT('',(-38.35,14.030000000003,3.8));
#999 = LINE('',#1000,#1001);
#1000 = CARTESIAN_POINT('',(-38.35,14.030000000003,3.8));
#1001 = VECTOR('',#1002,1.);
#1002 = DIRECTION('',(0.,1.,0.));
#1003 = ORIENTED_EDGE('',*,*,#1004,.F.);
#1004 = EDGE_CURVE('',#1005,#997,#1007,.T.);
#1005 = VERTEX_POINT('',#1006);
#1006 = CARTESIAN_POINT('',(-38.35,14.030000000003,5.3));
#1007 = LINE('',#1008,#1009);
#1008 = CARTESIAN_POINT('',(-38.35,14.030000000003,12.3));
#1009 = VECTOR('',#1010,1.);
#1010 = DIRECTION('',(0.,0.,-1.));
#1011 = ORIENTED_EDGE('',*,*,#1012,.T.);
#1012 = EDGE_CURVE('',#1005,#1013,#1015,.T.);
#1013 = VERTEX_POINT('',#1014);
#1014 = CARTESIAN_POINT('',(-38.35,9.83,5.3));
#1015 = LINE('',#1016,#1017);
#1016 = CARTESIAN_POINT('',(-38.35,36.75,5.3));
#1017 = VECTOR('',#1018,1.);
#1018 = DIRECTION('',(0.,-1.,0.));
#1019 = ORIENTED_EDGE('',*,*,#1020,.F.);
#1020 = EDGE_CURVE('',#1021,#1013,#1023,.T.);
#1021 = VERTEX_POINT('',#1022);
#1022 = CARTESIAN_POINT('',(-38.35,9.83,3.8));
#1023 = LINE('',#1024,#1025);
#1024 = CARTESIAN_POINT('',(-38.35,9.83,3.8));
#1025 = VECTOR('',#1026,1.);
#1026 = DIRECTION('',(0.,0.,1.));
#1027 = ORIENTED_EDGE('',*,*,#1028,.F.);
#1028 = EDGE_CURVE('',#1029,#1021,#1031,.T.);
#1029 = VERTEX_POINT('',#1030);
#1030 = CARTESIAN_POINT('',(-38.35,5.13,3.8));
#1031 = LINE('',#1032,#1033);
#1032 = CARTESIAN_POINT('',(-38.35,5.13,3.8));
#1033 = VECTOR('',#1034,1.);
#1034 = DIRECTION('',(0.,1.,0.));
#1035 = ORIENTED_EDGE('',*,*,#1036,.F.);
#1036 = EDGE_CURVE('',#334,#1029,#1037,.T.);
#1037 = LINE('',#1038,#1039);
#1038 = CARTESIAN_POINT('',(-38.35,5.13,12.3));
#1039 = VECTOR('',#1040,1.);
#1040 = DIRECTION('',(0.,0.,-1.));
#1041 = ORIENTED_EDGE('',*,*,#341,.T.);
#1042 = PLANE('',#1043);
#1043 = AXIS2_PLACEMENT_3D('',#1044,#1045,#1046);
#1044 = CARTESIAN_POINT('',(-38.35,36.75,0.));
#1045 = DIRECTION('',(1.,0.,0.));
#1046 = DIRECTION('',(0.,-1.,0.));
#1047 = ADVANCED_FACE('',(#1048),#1067,.F.);
#1048 = FACE_BOUND('',#1049,.F.);
#1049 = EDGE_LOOP('',(#1050,#1051,#1052,#1061));
#1050 = ORIENTED_EDGE('',*,*,#755,.F.);
#1051 = ORIENTED_EDGE('',*,*,#300,.T.);
#1052 = ORIENTED_EDGE('',*,*,#1053,.T.);
#1053 = EDGE_CURVE('',#293,#1054,#1056,.T.);
#1054 = VERTEX_POINT('',#1055);
#1055 = CARTESIAN_POINT('',(4.068528137424,-45.75,6.7));
#1056 = CIRCLE('',#1057,1.1);
#1057 = AXIS2_PLACEMENT_3D('',#1058,#1059,#1060);
#1058 = CARTESIAN_POINT('',(3.22,-45.75,6.));
#1059 = DIRECTION('',(0.,-1.,0.));
#1060 = DIRECTION('',(1.,0.,0.));
#1061 = ORIENTED_EDGE('',*,*,#1062,.T.);
#1062 = EDGE_CURVE('',#1054,#748,#1063,.T.);
#1063 = LINE('',#1064,#1065);
#1064 = CARTESIAN_POINT('',(4.068528137424,-47.95,6.7));
#1065 = VECTOR('',#1066,1.);
#1066 = DIRECTION('',(0.,-1.,2.2E-16));
#1067 = CYLINDRICAL_SURFACE('',#1068,1.1);
#1068 = AXIS2_PLACEMENT_3D('',#1069,#1070,#1071);
#1069 = CARTESIAN_POINT('',(3.22,-47.95,6.));
#1070 = DIRECTION('',(0.,-1.,2.2E-16));
#1071 = DIRECTION('',(1.,0.,0.));
#1072 = ADVANCED_FACE('',(#1073),#1128,.F.);
#1073 = FACE_BOUND('',#1074,.F.);
#1074 = EDGE_LOOP('',(#1075,#1085,#1093,#1101,#1109,#1115,#1116,#1117,
    #1118,#1119,#1120,#1121));
#1075 = ORIENTED_EDGE('',*,*,#1076,.F.);
#1076 = EDGE_CURVE('',#1077,#1079,#1081,.T.);
#1077 = VERTEX_POINT('',#1078);
#1078 = CARTESIAN_POINT('',(-27.15,-45.75,6.7));
#1079 = VERTEX_POINT('',#1080);
#1080 = CARTESIAN_POINT('',(-4.568528137424,-45.75,6.7));
#1081 = LINE('',#1082,#1083);
#1082 = CARTESIAN_POINT('',(-27.15,-45.75,6.7));
#1083 = VECTOR('',#1084,1.);
#1084 = DIRECTION('',(1.,0.,0.));
#1085 = ORIENTED_EDGE('',*,*,#1086,.T.);
#1086 = EDGE_CURVE('',#1077,#1087,#1089,.T.);
#1087 = VERTEX_POINT('',#1088);
#1088 = CARTESIAN_POINT('',(-27.15,-45.75,2.2));
#1089 = LINE('',#1090,#1091);
#1090 = CARTESIAN_POINT('',(-27.15,-45.75,6.7));
#1091 = VECTOR('',#1092,1.);
#1092 = DIRECTION('',(-0.,-0.,-1.));
#1093 = ORIENTED_EDGE('',*,*,#1094,.T.);
#1094 = EDGE_CURVE('',#1087,#1095,#1097,.T.);
#1095 = VERTEX_POINT('',#1096);
#1096 = CARTESIAN_POINT('',(27.15,-45.75,2.2));
#1097 = LINE('',#1098,#1099);
#1098 = CARTESIAN_POINT('',(-27.15,-45.75,2.2));
#1099 = VECTOR('',#1100,1.);
#1100 = DIRECTION('',(1.,0.,0.));
#1101 = ORIENTED_EDGE('',*,*,#1102,.F.);
#1102 = EDGE_CURVE('',#1103,#1095,#1105,.T.);
#1103 = VERTEX_POINT('',#1104);
#1104 = CARTESIAN_POINT('',(27.15,-45.75,6.7));
#1105 = LINE('',#1106,#1107);
#1106 = CARTESIAN_POINT('',(27.15,-45.75,6.7));
#1107 = VECTOR('',#1108,1.);
#1108 = DIRECTION('',(-0.,-0.,-1.));
#1109 = ORIENTED_EDGE('',*,*,#1110,.F.);
#1110 = EDGE_CURVE('',#1054,#1103,#1111,.T.);
#1111 = LINE('',#1112,#1113);
#1112 = CARTESIAN_POINT('',(-27.15,-45.75,6.7));
#1113 = VECTOR('',#1114,1.);
#1114 = DIRECTION('',(1.,0.,0.));
#1115 = ORIENTED_EDGE('',*,*,#1053,.F.);
#1116 = ORIENTED_EDGE('',*,*,#292,.F.);
#1117 = ORIENTED_EDGE('',*,*,#404,.F.);
#1118 = ORIENTED_EDGE('',*,*,#469,.F.);
#1119 = ORIENTED_EDGE('',*,*,#486,.F.);
#1120 = ORIENTED_EDGE('',*,*,#437,.F.);
#1121 = ORIENTED_EDGE('',*,*,#1122,.F.);
#1122 = EDGE_CURVE('',#1079,#430,#1123,.T.);
#1123 = CIRCLE('',#1124,1.1);
#1124 = AXIS2_PLACEMENT_3D('',#1125,#1126,#1127);
#1125 = CARTESIAN_POINT('',(-3.72,-45.75,6.));
#1126 = DIRECTION('',(0.,-1.,0.));
#1127 = DIRECTION('',(1.,0.,0.));
#1128 = PLANE('',#1129);
#1129 = AXIS2_PLACEMENT_3D('',#1130,#1131,#1132);
#1130 = CARTESIAN_POINT('',(-27.15,-45.75,6.7));
#1131 = DIRECTION('',(0.,-1.,0.));
#1132 = DIRECTION('',(1.,0.,0.));
#1133 = ADVANCED_FACE('',(#1134),#1191,.T.);
#1134 = FACE_BOUND('',#1135,.T.);
#1135 = EDGE_LOOP('',(#1136,#1146,#1154,#1162,#1170,#1176,#1177,#1185));
#1136 = ORIENTED_EDGE('',*,*,#1137,.T.);
#1137 = EDGE_CURVE('',#1138,#1140,#1142,.T.);
#1138 = VERTEX_POINT('',#1139);
#1139 = CARTESIAN_POINT('',(-37.52120327386,10.829999999959,2.2));
#1140 = VERTEX_POINT('',#1141);
#1141 = CARTESIAN_POINT('',(-37.52120327386,10.829999999959,5.3));
#1142 = LINE('',#1143,#1144);
#1143 = CARTESIAN_POINT('',(-37.52120327386,10.829999999959,2.2));
#1144 = VECTOR('',#1145,1.);
#1145 = DIRECTION('',(0.,0.,1.));
#1146 = ORIENTED_EDGE('',*,*,#1147,.F.);
#1147 = EDGE_CURVE('',#1148,#1140,#1150,.T.);
#1148 = VERTEX_POINT('',#1149);
#1149 = CARTESIAN_POINT('',(-37.52120327386,9.83,5.3));
#1150 = LINE('',#1151,#1152);
#1151 = CARTESIAN_POINT('',(-37.52120327386,-9.557253141824,5.3));
#1152 = VECTOR('',#1153,1.);
#1153 = DIRECTION('',(0.,1.,0.));
#1154 = ORIENTED_EDGE('',*,*,#1155,.F.);
#1155 = EDGE_CURVE('',#1156,#1148,#1158,.T.);
#1156 = VERTEX_POINT('',#1157);
#1157 = CARTESIAN_POINT('',(-37.52120327386,9.83,3.8));
#1158 = LINE('',#1159,#1160);
#1159 = CARTESIAN_POINT('',(-37.52120327386,9.83,5.625));
#1160 = VECTOR('',#1161,1.);
#1161 = DIRECTION('',(0.,0.,1.));
#1162 = ORIENTED_EDGE('',*,*,#1163,.F.);
#1163 = EDGE_CURVE('',#1164,#1156,#1166,.T.);
#1164 = VERTEX_POINT('',#1165);
#1165 = CARTESIAN_POINT('',(-37.52120327386,5.13,3.8));
#1166 = LINE('',#1167,#1168);
#1167 = CARTESIAN_POINT('',(-37.52120327386,11.382746858176,3.8));
#1168 = VECTOR('',#1169,1.);
#1169 = DIRECTION('',(0.,1.,0.));
#1170 = ORIENTED_EDGE('',*,*,#1171,.F.);
#1171 = EDGE_CURVE('',#326,#1164,#1172,.T.);
#1172 = LINE('',#1173,#1174);
#1173 = CARTESIAN_POINT('',(-37.52120327386,5.13,9.875));
#1174 = VECTOR('',#1175,1.);
#1175 = DIRECTION('',(0.,0.,-1.));
#1176 = ORIENTED_EDGE('',*,*,#323,.F.);
#1177 = ORIENTED_EDGE('',*,*,#1178,.T.);
#1178 = EDGE_CURVE('',#324,#1179,#1181,.T.);
#1179 = VERTEX_POINT('',#1180);
#1180 = CARTESIAN_POINT('',(-37.52120327386,4.130000000041,2.2));
#1181 = LINE('',#1182,#1183);
#1182 = CARTESIAN_POINT('',(-37.52120327386,4.130000000041,12.7));
#1183 = VECTOR('',#1184,1.);
#1184 = DIRECTION('',(0.,0.,-1.));
#1185 = ORIENTED_EDGE('',*,*,#1186,.T.);
#1186 = EDGE_CURVE('',#1179,#1138,#1187,.T.);
#1187 = LINE('',#1188,#1189);
#1188 = CARTESIAN_POINT('',(-37.52120327386,4.130000000041,2.2));
#1189 = VECTOR('',#1190,1.);
#1190 = DIRECTION('',(0.,1.,0.));
#1191 = PLANE('',#1192);
#1192 = AXIS2_PLACEMENT_3D('',#1193,#1194,#1195);
#1193 = CARTESIAN_POINT('',(-37.52120327386,17.635493716352,7.45));
#1194 = DIRECTION('',(1.,0.,0.));
#1195 = DIRECTION('',(0.,0.,1.));
#1196 = ADVANCED_FACE('',(#1197),#1231,.F.);
#1197 = FACE_BOUND('',#1198,.F.);
#1198 = EDGE_LOOP('',(#1199,#1209,#1217,#1223,#1224,#1225));
#1199 = ORIENTED_EDGE('',*,*,#1200,.F.);
#1200 = EDGE_CURVE('',#1201,#1203,#1205,.T.);
#1201 = VERTEX_POINT('',#1202);
#1202 = CARTESIAN_POINT('',(-36.15,4.130000000041,6.7));
#1203 = VERTEX_POINT('',#1204);
#1204 = CARTESIAN_POINT('',(-36.15,4.130000000041,2.2));
#1205 = LINE('',#1206,#1207);
#1206 = CARTESIAN_POINT('',(-36.15,4.130000000041,12.7));
#1207 = VECTOR('',#1208,1.);
#1208 = DIRECTION('',(0.,0.,-1.));
#1209 = ORIENTED_EDGE('',*,*,#1210,.F.);
#1210 = EDGE_CURVE('',#1211,#1201,#1213,.T.);
#1211 = VERTEX_POINT('',#1212);
#1212 = CARTESIAN_POINT('',(-37.52120327388,4.130000000041,6.7));
#1213 = LINE('',#1214,#1215);
#1214 = CARTESIAN_POINT('',(-18.075,4.130000000041,6.7));
#1215 = VECTOR('',#1216,1.);
#1216 = DIRECTION('',(1.,0.,0.));
#1217 = ORIENTED_EDGE('',*,*,#1218,.F.);
#1218 = EDGE_CURVE('',#375,#1211,#1219,.T.);
#1219 = LINE('',#1220,#1221);
#1220 = CARTESIAN_POINT('',(-38.21935805218,4.130000000041,
    9.333103634598));
#1221 = VECTOR('',#1222,1.);
#1222 = DIRECTION('',(-0.256289373133,0.,0.966600102017));
#1223 = ORIENTED_EDGE('',*,*,#382,.F.);
#1224 = ORIENTED_EDGE('',*,*,#1178,.T.);
#1225 = ORIENTED_EDGE('',*,*,#1226,.F.);
#1226 = EDGE_CURVE('',#1203,#1179,#1227,.T.);
#1227 = LINE('',#1228,#1229);
#1228 = CARTESIAN_POINT('',(-36.15,4.130000000041,2.2));
#1229 = VECTOR('',#1230,1.);
#1230 = DIRECTION('',(-1.,-0.,-0.));
#1231 = PLANE('',#1232);
#1232 = AXIS2_PLACEMENT_3D('',#1233,#1234,#1235);
#1233 = CARTESIAN_POINT('',(-36.15,4.130000000041,12.7));
#1234 = DIRECTION('',(0.,-1.,0.));
#1235 = DIRECTION('',(0.,0.,-1.));
#1236 = ADVANCED_FACE('',(#1237),#1254,.T.);
#1237 = FACE_BOUND('',#1238,.T.);
#1238 = EDGE_LOOP('',(#1239,#1247,#1248,#1249));
#1239 = ORIENTED_EDGE('',*,*,#1240,.F.);
#1240 = EDGE_CURVE('',#1211,#1241,#1243,.T.);
#1241 = VERTEX_POINT('',#1242);
#1242 = CARTESIAN_POINT('',(-37.5212032739,-36.75000000002,6.7));
#1243 = LINE('',#1244,#1245);
#1244 = CARTESIAN_POINT('',(-37.5212032739,36.75,6.7));
#1245 = VECTOR('',#1246,1.);
#1246 = DIRECTION('',(0.,-1.,0.));
#1247 = ORIENTED_EDGE('',*,*,#1218,.F.);
#1248 = ORIENTED_EDGE('',*,*,#374,.T.);
#1249 = ORIENTED_EDGE('',*,*,#1250,.T.);
#1250 = EDGE_CURVE('',#366,#1241,#1251,.T.);
#1251 = B_SPLINE_CURVE_WITH_KNOTS('',1,(#1252,#1253),.UNSPECIFIED.,.F.,
  .F.,(2,2),(0.,1.),.PIECEWISE_BEZIER_KNOTS.);
#1252 = CARTESIAN_POINT('',(-37.15000000004,-36.75000000002,5.3));
#1253 = CARTESIAN_POINT('',(-37.5212032739,-36.75000000002,6.7));
#1254 = PLANE('',#1255);
#1255 = AXIS2_PLACEMENT_3D('',#1256,#1257,#1258);
#1256 = CARTESIAN_POINT('',(-37.5212032739,36.75,6.7));
#1257 = DIRECTION('',(-0.966600102017,0.,-0.256289373133));
#1258 = DIRECTION('',(0.,-1.,0.));
#1259 = ADVANCED_FACE('',(#1260),#1278,.T.);
#1260 = FACE_BOUND('',#1261,.T.);
#1261 = EDGE_LOOP('',(#1262,#1263,#1270,#1277));
#1262 = ORIENTED_EDGE('',*,*,#365,.T.);
#1263 = ORIENTED_EDGE('',*,*,#1264,.T.);
#1264 = EDGE_CURVE('',#358,#1265,#1267,.T.);
#1265 = VERTEX_POINT('',#1266);
#1266 = CARTESIAN_POINT('',(-27.15000000001,-47.12120327391,6.7));
#1267 = B_SPLINE_CURVE_WITH_KNOTS('',1,(#1268,#1269),.UNSPECIFIED.,.F.,
  .F.,(2,2),(0.,1.),.PIECEWISE_BEZIER_KNOTS.);
#1268 = CARTESIAN_POINT('',(-27.15000000001,-46.75000000005,5.3));
#1269 = CARTESIAN_POINT('',(-27.15000000001,-47.12120327391,6.7));
#1270 = ORIENTED_EDGE('',*,*,#1271,.F.);
#1271 = EDGE_CURVE('',#1241,#1265,#1272,.T.);
#1272 = CIRCLE('',#1273,10.371203273892);
#1273 = AXIS2_PLACEMENT_3D('',#1274,#1275,#1276);
#1274 = CARTESIAN_POINT('',(-27.15000000001,-36.75000000002,6.7));
#1275 = DIRECTION('',(0.,0.,1.));
#1276 = DIRECTION('',(1.,0.,0.));
#1277 = ORIENTED_EDGE('',*,*,#1250,.F.);
#1278 = CONICAL_SURFACE('',#1279,10.000000000027,0.259181393921);
#1279 = AXIS2_PLACEMENT_3D('',#1280,#1281,#1282);
#1280 = CARTESIAN_POINT('',(-27.15000000001,-36.75000000002,5.3));
#1281 = DIRECTION('',(0.,0.,1.));
#1282 = DIRECTION('',(1.,0.,0.));
#1283 = ADVANCED_FACE('',(#1284),#1304,.T.);
#1284 = FACE_BOUND('',#1285,.T.);
#1285 = EDGE_LOOP('',(#1286,#1287,#1288,#1289,#1298));
#1286 = ORIENTED_EDGE('',*,*,#1264,.F.);
#1287 = ORIENTED_EDGE('',*,*,#357,.T.);
#1288 = ORIENTED_EDGE('',*,*,#421,.F.);
#1289 = ORIENTED_EDGE('',*,*,#1290,.F.);
#1290 = EDGE_CURVE('',#1291,#422,#1293,.T.);
#1291 = VERTEX_POINT('',#1292);
#1292 = CARTESIAN_POINT('',(-4.568528137424,-47.12120327391,6.7));
#1293 = ELLIPSE('',#1294,1.13800939779,1.1);
#1294 = AXIS2_PLACEMENT_3D('',#1295,#1296,#1297);
#1295 = CARTESIAN_POINT('',(-3.72,-46.93560163698,6.));
#1296 = DIRECTION('',(-0.,-0.966600102017,-0.256289373133));
#1297 = DIRECTION('',(0.,-0.256289373133,0.966600102017));
#1298 = ORIENTED_EDGE('',*,*,#1299,.F.);
#1299 = EDGE_CURVE('',#1265,#1291,#1300,.T.);
#1300 = LINE('',#1301,#1302);
#1301 = CARTESIAN_POINT('',(-27.15000000001,-47.12120327391,6.7));
#1302 = VECTOR('',#1303,1.);
#1303 = DIRECTION('',(1.,0.,0.));
#1304 = PLANE('',#1305);
#1305 = AXIS2_PLACEMENT_3D('',#1306,#1307,#1308);
#1306 = CARTESIAN_POINT('',(-27.15000000001,-47.12120327391,6.7));
#1307 = DIRECTION('',(0.,-0.966600102017,-0.256289373133));
#1308 = DIRECTION('',(1.,0.,0.));
#1309 = ADVANCED_FACE('',(#1310),#1321,.T.);
#1310 = FACE_BOUND('',#1311,.T.);
#1311 = EDGE_LOOP('',(#1312,#1313,#1314,#1315));
#1312 = ORIENTED_EDGE('',*,*,#1036,.F.);
#1313 = ORIENTED_EDGE('',*,*,#333,.F.);
#1314 = ORIENTED_EDGE('',*,*,#1171,.T.);
#1315 = ORIENTED_EDGE('',*,*,#1316,.F.);
#1316 = EDGE_CURVE('',#1029,#1164,#1317,.T.);
#1317 = LINE('',#1318,#1319);
#1318 = CARTESIAN_POINT('',(-38.35,5.13,3.8));
#1319 = VECTOR('',#1320,1.);
#1320 = DIRECTION('',(1.,0.,0.));
#1321 = PLANE('',#1322);
#1322 = AXIS2_PLACEMENT_3D('',#1323,#1324,#1325);
#1323 = CARTESIAN_POINT('',(-38.35,5.13,12.3));
#1324 = DIRECTION('',(0.,1.,0.));
#1325 = DIRECTION('',(0.,0.,-1.));
#1326 = ADVANCED_FACE('',(#1327),#1338,.F.);
#1327 = FACE_BOUND('',#1328,.F.);
#1328 = EDGE_LOOP('',(#1329,#1335,#1336,#1337));
#1329 = ORIENTED_EDGE('',*,*,#1330,.F.);
#1330 = EDGE_CURVE('',#1079,#1291,#1331,.T.);
#1331 = LINE('',#1332,#1333);
#1332 = CARTESIAN_POINT('',(-4.568528137424,-47.95,6.7));
#1333 = VECTOR('',#1334,1.);
#1334 = DIRECTION('',(0.,-1.,2.2E-16));
#1335 = ORIENTED_EDGE('',*,*,#1122,.T.);
#1336 = ORIENTED_EDGE('',*,*,#429,.F.);
#1337 = ORIENTED_EDGE('',*,*,#1290,.F.);
#1338 = CYLINDRICAL_SURFACE('',#1339,1.1);
#1339 = AXIS2_PLACEMENT_3D('',#1340,#1341,#1342);
#1340 = CARTESIAN_POINT('',(-3.72,-47.95,6.));
#1341 = DIRECTION('',(0.,-1.,2.2E-16));
#1342 = DIRECTION('',(1.,0.,0.));
#1343 = ADVANCED_FACE('',(#1344),#1371,.T.);
#1344 = FACE_BOUND('',#1345,.F.);
#1345 = EDGE_LOOP('',(#1346,#1356,#1363,#1364));
#1346 = ORIENTED_EDGE('',*,*,#1347,.F.);
#1347 = EDGE_CURVE('',#1348,#1350,#1352,.T.);
#1348 = VERTEX_POINT('',#1349);
#1349 = CARTESIAN_POINT('',(27.15,47.95,1.5));
#1350 = VERTEX_POINT('',#1351);
#1351 = CARTESIAN_POINT('',(27.15,47.95,5.3));
#1352 = LINE('',#1353,#1354);
#1353 = CARTESIAN_POINT('',(27.15,47.95,0.));
#1354 = VECTOR('',#1355,1.);
#1355 = DIRECTION('',(0.,0.,1.));
#1356 = ORIENTED_EDGE('',*,*,#1357,.F.);
#1357 = EDGE_CURVE('',#504,#1348,#1358,.T.);
#1358 = CIRCLE('',#1359,11.2);
#1359 = AXIS2_PLACEMENT_3D('',#1360,#1361,#1362);
#1360 = CARTESIAN_POINT('',(27.15,36.75,1.5));
#1361 = DIRECTION('',(0.,0.,1.));
#1362 = DIRECTION('',(1.,0.,-0.));
#1363 = ORIENTED_EDGE('',*,*,#503,.T.);
#1364 = ORIENTED_EDGE('',*,*,#1365,.T.);
#1365 = EDGE_CURVE('',#506,#1350,#1366,.T.);
#1366 = CIRCLE('',#1367,11.2);
#1367 = AXIS2_PLACEMENT_3D('',#1368,#1369,#1370);
#1368 = CARTESIAN_POINT('',(27.15,36.75,5.3));
#1369 = DIRECTION('',(0.,0.,1.));
#1370 = DIRECTION('',(1.,0.,0.));
#1371 = CYLINDRICAL_SURFACE('',#1372,11.2);
#1372 = AXIS2_PLACEMENT_3D('',#1373,#1374,#1375);
#1373 = CARTESIAN_POINT('',(27.15,36.75,0.));
#1374 = DIRECTION('',(-0.,-0.,-1.));
#1375 = DIRECTION('',(1.,0.,0.));
#1376 = ADVANCED_FACE('',(#1377),#1389,.T.);
#1377 = FACE_BOUND('',#1378,.F.);
#1378 = EDGE_LOOP('',(#1379,#1380,#1381,#1388));
#1379 = ORIENTED_EDGE('',*,*,#601,.T.);
#1380 = ORIENTED_EDGE('',*,*,#513,.T.);
#1381 = ORIENTED_EDGE('',*,*,#1382,.F.);
#1382 = EDGE_CURVE('',#655,#504,#1383,.T.);
#1383 = CIRCLE('',#1384,1.5);
#1384 = AXIS2_PLACEMENT_3D('',#1385,#1386,#1387);
#1385 = CARTESIAN_POINT('',(36.85,36.75,1.5));
#1386 = DIRECTION('',(0.,-1.,0.));
#1387 = DIRECTION('',(0.,0.,-1.));
#1388 = ORIENTED_EDGE('',*,*,#654,.F.);
#1389 = CYLINDRICAL_SURFACE('',#1390,1.5);
#1390 = AXIS2_PLACEMENT_3D('',#1391,#1392,#1393);
#1391 = CARTESIAN_POINT('',(36.85,-36.75,1.5));
#1392 = DIRECTION('',(0.,1.,0.));
#1393 = DIRECTION('',(0.,0.,-1.));
#1394 = ADVANCED_FACE('',(#1395),#1462,.T.);
#1395 = FACE_BOUND('',#1396,.T.);
#1396 = EDGE_LOOP('',(#1397,#1405,#1406,#1407,#1415,#1423,#1431,#1440,
    #1448,#1456));
#1397 = ORIENTED_EDGE('',*,*,#1398,.F.);
#1398 = EDGE_CURVE('',#570,#1399,#1401,.T.);
#1399 = VERTEX_POINT('',#1400);
#1400 = CARTESIAN_POINT('',(37.521203273864,18.730000000005,5.3));
#1401 = LINE('',#1402,#1403);
#1402 = CARTESIAN_POINT('',(5.6,18.730000000005,5.3));
#1403 = VECTOR('',#1404,1.);
#1404 = DIRECTION('',(-1.,0.,0.));
#1405 = ORIENTED_EDGE('',*,*,#577,.T.);
#1406 = ORIENTED_EDGE('',*,*,#1365,.T.);
#1407 = ORIENTED_EDGE('',*,*,#1408,.T.);
#1408 = EDGE_CURVE('',#1350,#1409,#1411,.T.);
#1409 = VERTEX_POINT('',#1410);
#1410 = CARTESIAN_POINT('',(20.907987240797,47.95,5.3));
#1411 = LINE('',#1412,#1413);
#1412 = CARTESIAN_POINT('',(27.15,47.95,5.3));
#1413 = VECTOR('',#1414,1.);
#1414 = DIRECTION('',(-1.,0.,0.));
#1415 = ORIENTED_EDGE('',*,*,#1416,.F.);
#1416 = EDGE_CURVE('',#1417,#1409,#1419,.T.);
#1417 = VERTEX_POINT('',#1418);
#1418 = CARTESIAN_POINT('',(20.907987240797,46.750000000027,5.3));
#1419 = LINE('',#1420,#1421);
#1420 = CARTESIAN_POINT('',(20.907987240797,47.95,5.3));
#1421 = VECTOR('',#1422,1.);
#1422 = DIRECTION('',(0.,1.,-2.2E-16));
#1423 = ORIENTED_EDGE('',*,*,#1424,.F.);
#1424 = EDGE_CURVE('',#1425,#1417,#1427,.T.);
#1425 = VERTEX_POINT('',#1426);
#1426 = CARTESIAN_POINT('',(27.15,46.750000000027,5.3));
#1427 = LINE('',#1428,#1429);
#1428 = CARTESIAN_POINT('',(27.15,46.750000000027,5.3));
#1429 = VECTOR('',#1430,1.);
#1430 = DIRECTION('',(-1.,0.,0.));
#1431 = ORIENTED_EDGE('',*,*,#1432,.F.);
#1432 = EDGE_CURVE('',#1433,#1425,#1435,.T.);
#1433 = VERTEX_POINT('',#1434);
#1434 = CARTESIAN_POINT('',(37.150000000027,36.75,5.3));
#1435 = CIRCLE('',#1436,10.000000000027);
#1436 = AXIS2_PLACEMENT_3D('',#1437,#1438,#1439);
#1437 = CARTESIAN_POINT('',(27.15,36.75,5.3));
#1438 = DIRECTION('',(0.,0.,1.));
#1439 = DIRECTION('',(1.,0.,0.));
#1440 = ORIENTED_EDGE('',*,*,#1441,.F.);
#1441 = EDGE_CURVE('',#1442,#1433,#1444,.T.);
#1442 = VERTEX_POINT('',#1443);
#1443 = CARTESIAN_POINT('',(37.150000000027,19.730000000042,5.3));
#1444 = LINE('',#1445,#1446);
#1445 = CARTESIAN_POINT('',(37.150000000027,-36.75000000002,5.3));
#1446 = VECTOR('',#1447,1.);
#1447 = DIRECTION('',(0.,1.,0.));
#1448 = ORIENTED_EDGE('',*,*,#1449,.T.);
#1449 = EDGE_CURVE('',#1442,#1450,#1452,.T.);
#1450 = VERTEX_POINT('',#1451);
#1451 = CARTESIAN_POINT('',(37.521203273864,19.730000000042,5.3));
#1452 = LINE('',#1453,#1454);
#1453 = CARTESIAN_POINT('',(4.5,19.730000000042,5.3));
#1454 = VECTOR('',#1455,1.);
#1455 = DIRECTION('',(1.,0.,0.));
#1456 = ORIENTED_EDGE('',*,*,#1457,.F.);
#1457 = EDGE_CURVE('',#1399,#1450,#1458,.T.);
#1458 = LINE('',#1459,#1460);
#1459 = CARTESIAN_POINT('',(37.521203273864,-12.40999999999,5.3));
#1460 = VECTOR('',#1461,1.);
#1461 = DIRECTION('',(0.,1.,0.));
#1462 = PLANE('',#1463);
#1463 = AXIS2_PLACEMENT_3D('',#1464,#1465,#1466);
#1464 = CARTESIAN_POINT('',(-27.15,-36.75,5.3));
#1465 = DIRECTION('',(0.,0.,1.));
#1466 = DIRECTION('',(1.,0.,0.));
#1467 = ADVANCED_FACE('',(#1468),#1486,.F.);
#1468 = FACE_BOUND('',#1469,.F.);
#1469 = EDGE_LOOP('',(#1470,#1471,#1479,#1485));
#1470 = ORIENTED_EDGE('',*,*,#569,.F.);
#1471 = ORIENTED_EDGE('',*,*,#1472,.T.);
#1472 = EDGE_CURVE('',#562,#1473,#1475,.T.);
#1473 = VERTEX_POINT('',#1474);
#1474 = CARTESIAN_POINT('',(37.521203273864,18.730000000005,3.8));
#1475 = LINE('',#1476,#1477);
#1476 = CARTESIAN_POINT('',(38.35,18.730000000005,3.8));
#1477 = VECTOR('',#1478,1.);
#1478 = DIRECTION('',(-1.,-0.,-0.));
#1479 = ORIENTED_EDGE('',*,*,#1480,.F.);
#1480 = EDGE_CURVE('',#1399,#1473,#1481,.T.);
#1481 = LINE('',#1482,#1483);
#1482 = CARTESIAN_POINT('',(37.521203273864,18.730000000005,5.625));
#1483 = VECTOR('',#1484,1.);
#1484 = DIRECTION('',(0.,0.,-1.));
#1485 = ORIENTED_EDGE('',*,*,#1398,.F.);
#1486 = PLANE('',#1487);
#1487 = AXIS2_PLACEMENT_3D('',#1488,#1489,#1490);
#1488 = CARTESIAN_POINT('',(38.35,18.730000000005,3.8));
#1489 = DIRECTION('',(0.,1.,0.));
#1490 = DIRECTION('',(0.,0.,1.));
#1491 = ADVANCED_FACE('',(#1492),#1510,.F.);
#1492 = FACE_BOUND('',#1493,.F.);
#1493 = EDGE_LOOP('',(#1494,#1495,#1503,#1509));
#1494 = ORIENTED_EDGE('',*,*,#561,.F.);
#1495 = ORIENTED_EDGE('',*,*,#1496,.T.);
#1496 = EDGE_CURVE('',#554,#1497,#1499,.T.);
#1497 = VERTEX_POINT('',#1498);
#1498 = CARTESIAN_POINT('',(37.521203273864,14.029999999995,3.8));
#1499 = LINE('',#1500,#1501);
#1500 = CARTESIAN_POINT('',(38.35,14.029999999995,3.8));
#1501 = VECTOR('',#1502,1.);
#1502 = DIRECTION('',(-1.,-0.,-0.));
#1503 = ORIENTED_EDGE('',*,*,#1504,.F.);
#1504 = EDGE_CURVE('',#1473,#1497,#1505,.T.);
#1505 = LINE('',#1506,#1507);
#1506 = CARTESIAN_POINT('',(37.521203273864,12.980000000003,3.8));
#1507 = VECTOR('',#1508,1.);
#1508 = DIRECTION('',(0.,-1.,0.));
#1509 = ORIENTED_EDGE('',*,*,#1472,.F.);
#1510 = PLANE('',#1511);
#1511 = AXIS2_PLACEMENT_3D('',#1512,#1513,#1514);
#1512 = CARTESIAN_POINT('',(38.35,14.029999999995,3.8));
#1513 = DIRECTION('',(0.,0.,-1.));
#1514 = DIRECTION('',(0.,1.,0.));
#1515 = ADVANCED_FACE('',(#1516),#1534,.F.);
#1516 = FACE_BOUND('',#1517,.F.);
#1517 = EDGE_LOOP('',(#1518,#1519,#1527,#1533));
#1518 = ORIENTED_EDGE('',*,*,#553,.F.);
#1519 = ORIENTED_EDGE('',*,*,#1520,.F.);
#1520 = EDGE_CURVE('',#1521,#546,#1523,.T.);
#1521 = VERTEX_POINT('',#1522);
#1522 = CARTESIAN_POINT('',(37.521203273864,14.029999999995,5.3));
#1523 = LINE('',#1524,#1525);
#1524 = CARTESIAN_POINT('',(5.6,14.029999999995,5.3));
#1525 = VECTOR('',#1526,1.);
#1526 = DIRECTION('',(1.,0.,0.));
#1527 = ORIENTED_EDGE('',*,*,#1528,.F.);
#1528 = EDGE_CURVE('',#1497,#1521,#1529,.T.);
#1529 = LINE('',#1530,#1531);
#1530 = CARTESIAN_POINT('',(37.521203273864,14.029999999995,9.875));
#1531 = VECTOR('',#1532,1.);
#1532 = DIRECTION('',(0.,0.,1.));
#1533 = ORIENTED_EDGE('',*,*,#1496,.F.);
#1534 = PLANE('',#1535);
#1535 = AXIS2_PLACEMENT_3D('',#1536,#1537,#1538);
#1536 = CARTESIAN_POINT('',(38.35,14.029999999995,12.3));
#1537 = DIRECTION('',(0.,-1.,0.));
#1538 = DIRECTION('',(0.,0.,-1.));
#1539 = ADVANCED_FACE('',(#1540),#1551,.F.);
#1540 = FACE_BOUND('',#1541,.F.);
#1541 = EDGE_LOOP('',(#1542,#1543,#1544,#1545));
#1542 = ORIENTED_EDGE('',*,*,#529,.F.);
#1543 = ORIENTED_EDGE('',*,*,#917,.T.);
#1544 = ORIENTED_EDGE('',*,*,#891,.F.);
#1545 = ORIENTED_EDGE('',*,*,#1546,.F.);
#1546 = EDGE_CURVE('',#530,#884,#1547,.T.);
#1547 = LINE('',#1548,#1549);
#1548 = CARTESIAN_POINT('',(38.35,9.83,3.8));
#1549 = VECTOR('',#1550,1.);
#1550 = DIRECTION('',(-1.,-0.,-0.));
#1551 = PLANE('',#1552);
#1552 = AXIS2_PLACEMENT_3D('',#1553,#1554,#1555);
#1553 = CARTESIAN_POINT('',(38.35,5.13,3.8));
#1554 = DIRECTION('',(0.,0.,-1.));
#1555 = DIRECTION('',(0.,1.,0.));
#1556 = ADVANCED_FACE('',(#1557),#1598,.T.);
#1557 = FACE_BOUND('',#1558,.T.);
#1558 = EDGE_LOOP('',(#1559,#1565,#1566,#1567,#1575,#1583,#1591,#1597));
#1559 = ORIENTED_EDGE('',*,*,#1560,.F.);
#1560 = EDGE_CURVE('',#538,#876,#1561,.T.);
#1561 = LINE('',#1562,#1563);
#1562 = CARTESIAN_POINT('',(5.6,9.83,5.3));
#1563 = VECTOR('',#1564,1.);
#1564 = DIRECTION('',(-1.,0.,0.));
#1565 = ORIENTED_EDGE('',*,*,#545,.T.);
#1566 = ORIENTED_EDGE('',*,*,#1520,.F.);
#1567 = ORIENTED_EDGE('',*,*,#1568,.F.);
#1568 = EDGE_CURVE('',#1569,#1521,#1571,.T.);
#1569 = VERTEX_POINT('',#1570);
#1570 = CARTESIAN_POINT('',(37.521203273864,13.029999999958,5.3));
#1571 = LINE('',#1572,#1573);
#1572 = CARTESIAN_POINT('',(37.521203273864,-12.40999999999,5.3));
#1573 = VECTOR('',#1574,1.);
#1574 = DIRECTION('',(0.,1.,0.));
#1575 = ORIENTED_EDGE('',*,*,#1576,.T.);
#1576 = EDGE_CURVE('',#1569,#1577,#1579,.T.);
#1577 = VERTEX_POINT('',#1578);
#1578 = CARTESIAN_POINT('',(37.150000000027,13.029999999958,5.3));
#1579 = LINE('',#1580,#1581);
#1580 = CARTESIAN_POINT('',(4.5,13.029999999958,5.3));
#1581 = VECTOR('',#1582,1.);
#1582 = DIRECTION('',(-1.,0.,0.));
#1583 = ORIENTED_EDGE('',*,*,#1584,.F.);
#1584 = EDGE_CURVE('',#1585,#1577,#1587,.T.);
#1585 = VERTEX_POINT('',#1586);
#1586 = CARTESIAN_POINT('',(37.150000000027,10.83,5.3));
#1587 = LINE('',#1588,#1589);
#1588 = CARTESIAN_POINT('',(37.150000000027,-36.75000000002,5.3));
#1589 = VECTOR('',#1590,1.);
#1590 = DIRECTION('',(0.,1.,0.));
#1591 = ORIENTED_EDGE('',*,*,#1592,.T.);
#1592 = EDGE_CURVE('',#1585,#868,#1593,.T.);
#1593 = LINE('',#1594,#1595);
#1594 = CARTESIAN_POINT('',(4.5,10.83,5.3));
#1595 = VECTOR('',#1596,1.);
#1596 = DIRECTION('',(1.,0.,0.));
#1597 = ORIENTED_EDGE('',*,*,#875,.F.);
#1598 = PLANE('',#1599);
#1599 = AXIS2_PLACEMENT_3D('',#1600,#1601,#1602);
#1600 = CARTESIAN_POINT('',(-27.15,-36.75,5.3));
#1601 = DIRECTION('',(0.,0.,1.));
#1602 = DIRECTION('',(1.,0.,0.));
#1603 = ADVANCED_FACE('',(#1604),#1610,.F.);
#1604 = FACE_BOUND('',#1605,.F.);
#1605 = EDGE_LOOP('',(#1606,#1607,#1608,#1609));
#1606 = ORIENTED_EDGE('',*,*,#537,.F.);
#1607 = ORIENTED_EDGE('',*,*,#1546,.T.);
#1608 = ORIENTED_EDGE('',*,*,#883,.F.);
#1609 = ORIENTED_EDGE('',*,*,#1560,.F.);
#1610 = PLANE('',#1611);
#1611 = AXIS2_PLACEMENT_3D('',#1612,#1613,#1614);
#1612 = CARTESIAN_POINT('',(38.35,9.83,3.8));
#1613 = DIRECTION('',(0.,1.,0.));
#1614 = DIRECTION('',(0.,0.,1.));
#1615 = ADVANCED_FACE('',(#1616),#1628,.T.);
#1616 = FACE_BOUND('',#1617,.F.);
#1617 = EDGE_LOOP('',(#1618,#1625,#1626,#1627));
#1618 = ORIENTED_EDGE('',*,*,#1619,.T.);
#1619 = EDGE_CURVE('',#644,#933,#1620,.T.);
#1620 = CIRCLE('',#1621,1.5);
#1621 = AXIS2_PLACEMENT_3D('',#1622,#1623,#1624);
#1622 = CARTESIAN_POINT('',(-36.85,36.75,1.5));
#1623 = DIRECTION('',(0.,1.,0.));
#1624 = DIRECTION('',(0.,0.,-1.));
#1625 = ORIENTED_EDGE('',*,*,#932,.T.);
#1626 = ORIENTED_EDGE('',*,*,#617,.F.);
#1627 = ORIENTED_EDGE('',*,*,#643,.F.);
#1628 = CYLINDRICAL_SURFACE('',#1629,1.5);
#1629 = AXIS2_PLACEMENT_3D('',#1630,#1631,#1632);
#1630 = CARTESIAN_POINT('',(-36.85,36.75,1.5));
#1631 = DIRECTION('',(0.,-1.,0.));
#1632 = DIRECTION('',(-0.,-0.,-1.));
#1633 = ADVANCED_FACE('',(#1634),#1654,.T.);
#1634 = FACE_BOUND('',#1635,.T.);
#1635 = EDGE_LOOP('',(#1636,#1645,#1646,#1647));
#1636 = ORIENTED_EDGE('',*,*,#1637,.F.);
#1637 = EDGE_CURVE('',#672,#1638,#1640,.T.);
#1638 = VERTEX_POINT('',#1639);
#1639 = CARTESIAN_POINT('',(-27.15,47.95,1.5));
#1640 = CIRCLE('',#1641,1.5);
#1641 = AXIS2_PLACEMENT_3D('',#1642,#1643,#1644);
#1642 = CARTESIAN_POINT('',(-27.15,46.45,1.5));
#1643 = DIRECTION('',(1.,-0.,0.));
#1644 = DIRECTION('',(0.,0.,-1.));
#1645 = ORIENTED_EDGE('',*,*,#679,.T.);
#1646 = ORIENTED_EDGE('',*,*,#1619,.T.);
#1647 = ORIENTED_EDGE('',*,*,#1648,.F.);
#1648 = EDGE_CURVE('',#1638,#933,#1649,.T.);
#1649 = CIRCLE('',#1650,11.2);
#1650 = AXIS2_PLACEMENT_3D('',#1651,#1652,#1653);
#1651 = CARTESIAN_POINT('',(-27.15,36.75,1.5));
#1652 = DIRECTION('',(0.,-0.,1.));
#1653 = DIRECTION('',(0.,1.,0.));
#1654 = TOROIDAL_SURFACE('',#1655,9.7,1.5);
#1655 = AXIS2_PLACEMENT_3D('',#1656,#1657,#1658);
#1656 = CARTESIAN_POINT('',(-27.15,36.75,1.5));
#1657 = DIRECTION('',(0.,0.,1.));
#1658 = DIRECTION('',(0.,1.,0.));
#1659 = ADVANCED_FACE('',(#1660),#1677,.T.);
#1660 = FACE_BOUND('',#1661,.F.);
#1661 = EDGE_LOOP('',(#1662,#1669,#1675,#1676));
#1662 = ORIENTED_EDGE('',*,*,#1663,.T.);
#1663 = EDGE_CURVE('',#663,#1348,#1664,.T.);
#1664 = CIRCLE('',#1665,1.5);
#1665 = AXIS2_PLACEMENT_3D('',#1666,#1667,#1668);
#1666 = CARTESIAN_POINT('',(27.15,46.45,1.5));
#1667 = DIRECTION('',(1.,-6.E-17,0.));
#1668 = DIRECTION('',(6.E-17,1.,0.));
#1669 = ORIENTED_EDGE('',*,*,#1670,.T.);
#1670 = EDGE_CURVE('',#1348,#1638,#1671,.T.);
#1671 = LINE('',#1672,#1673);
#1672 = CARTESIAN_POINT('',(27.15,47.95,1.5));
#1673 = VECTOR('',#1674,1.);
#1674 = DIRECTION('',(-1.,0.,0.));
#1675 = ORIENTED_EDGE('',*,*,#1637,.F.);
#1676 = ORIENTED_EDGE('',*,*,#671,.F.);
#1677 = CYLINDRICAL_SURFACE('',#1678,1.5);
#1678 = AXIS2_PLACEMENT_3D('',#1679,#1680,#1681);
#1679 = CARTESIAN_POINT('',(27.15,46.45,1.5));
#1680 = DIRECTION('',(-1.,0.,0.));
#1681 = DIRECTION('',(0.,0.,-1.));
#1682 = ADVANCED_FACE('',(#1683),#1689,.T.);
#1683 = FACE_BOUND('',#1684,.T.);
#1684 = EDGE_LOOP('',(#1685,#1686,#1687,#1688));
#1685 = ORIENTED_EDGE('',*,*,#1382,.F.);
#1686 = ORIENTED_EDGE('',*,*,#662,.T.);
#1687 = ORIENTED_EDGE('',*,*,#1663,.T.);
#1688 = ORIENTED_EDGE('',*,*,#1357,.F.);
#1689 = TOROIDAL_SURFACE('',#1690,9.7,1.5);
#1690 = AXIS2_PLACEMENT_3D('',#1691,#1692,#1693);
#1691 = CARTESIAN_POINT('',(27.15,36.75,1.5));
#1692 = DIRECTION('',(0.,0.,1.));
#1693 = DIRECTION('',(1.,0.,-0.));
#1694 = ADVANCED_FACE('',(#1695),#1714,.F.);
#1695 = FACE_BOUND('',#1696,.T.);
#1696 = EDGE_LOOP('',(#1697,#1705,#1706,#1707));
#1697 = ORIENTED_EDGE('',*,*,#1698,.F.);
#1698 = EDGE_CURVE('',#689,#1699,#1701,.T.);
#1699 = VERTEX_POINT('',#1700);
#1700 = CARTESIAN_POINT('',(-36.732,-35.482,0.8));
#1701 = LINE('',#1702,#1703);
#1702 = CARTESIAN_POINT('',(-36.732,-35.482,0.));
#1703 = VECTOR('',#1704,1.);
#1704 = DIRECTION('',(0.,0.,1.));
#1705 = ORIENTED_EDGE('',*,*,#688,.T.);
#1706 = ORIENTED_EDGE('',*,*,#1698,.T.);
#1707 = ORIENTED_EDGE('',*,*,#1708,.F.);
#1708 = EDGE_CURVE('',#1699,#1699,#1709,.T.);
#1709 = CIRCLE('',#1710,2.15);
#1710 = AXIS2_PLACEMENT_3D('',#1711,#1712,#1713);
#1711 = CARTESIAN_POINT('',(-34.582,-35.482,0.8));
#1712 = DIRECTION('',(0.,0.,-1.));
#1713 = DIRECTION('',(-1.,0.,0.));
#1714 = CYLINDRICAL_SURFACE('',#1715,2.15);
#1715 = AXIS2_PLACEMENT_3D('',#1716,#1717,#1718);
#1716 = CARTESIAN_POINT('',(-34.582,-35.482,0.));
#1717 = DIRECTION('',(0.,0.,1.));
#1718 = DIRECTION('',(-1.,0.,0.));
#1719 = ADVANCED_FACE('',(#1720),#1739,.F.);
#1720 = FACE_BOUND('',#1721,.T.);
#1721 = EDGE_LOOP('',(#1722,#1730,#1731,#1732));
#1722 = ORIENTED_EDGE('',*,*,#1723,.F.);
#1723 = EDGE_CURVE('',#700,#1724,#1726,.T.);
#1724 = VERTEX_POINT('',#1725);
#1725 = CARTESIAN_POINT('',(30.032,-41.932,0.8));
#1726 = LINE('',#1727,#1728);
#1727 = CARTESIAN_POINT('',(30.032,-41.932,0.));
#1728 = VECTOR('',#1729,1.);
#1729 = DIRECTION('',(0.,0.,1.));
#1730 = ORIENTED_EDGE('',*,*,#699,.T.);
#1731 = ORIENTED_EDGE('',*,*,#1723,.T.);
#1732 = ORIENTED_EDGE('',*,*,#1733,.F.);
#1733 = EDGE_CURVE('',#1724,#1724,#1734,.T.);
#1734 = CIRCLE('',#1735,2.15);
#1735 = AXIS2_PLACEMENT_3D('',#1736,#1737,#1738);
#1736 = CARTESIAN_POINT('',(32.182,-41.932,0.8));
#1737 = DIRECTION('',(0.,0.,-1.));
#1738 = DIRECTION('',(-1.,0.,0.));
#1739 = CYLINDRICAL_SURFACE('',#1740,2.15);
#1740 = AXIS2_PLACEMENT_3D('',#1741,#1742,#1743);
#1741 = CARTESIAN_POINT('',(32.182,-41.932,0.));
#1742 = DIRECTION('',(0.,0.,1.));
#1743 = DIRECTION('',(-1.,0.,0.));
#1744 = ADVANCED_FACE('',(#1745),#1764,.F.);
#1745 = FACE_BOUND('',#1746,.T.);
#1746 = EDGE_LOOP('',(#1747,#1755,#1756,#1757));
#1747 = ORIENTED_EDGE('',*,*,#1748,.F.);
#1748 = EDGE_CURVE('',#711,#1749,#1751,.T.);
#1749 = VERTEX_POINT('',#1750);
#1750 = CARTESIAN_POINT('',(-34.332,41.932,0.8));
#1751 = LINE('',#1752,#1753);
#1752 = CARTESIAN_POINT('',(-34.332,41.932,0.));
#1753 = VECTOR('',#1754,1.);
#1754 = DIRECTION('',(0.,0.,1.));
#1755 = ORIENTED_EDGE('',*,*,#710,.T.);
#1756 = ORIENTED_EDGE('',*,*,#1748,.T.);
#1757 = ORIENTED_EDGE('',*,*,#1758,.F.);
#1758 = EDGE_CURVE('',#1749,#1749,#1759,.T.);
#1759 = CIRCLE('',#1760,2.15);
#1760 = AXIS2_PLACEMENT_3D('',#1761,#1762,#1763);
#1761 = CARTESIAN_POINT('',(-32.182,41.932,0.8));
#1762 = DIRECTION('',(0.,0.,-1.));
#1763 = DIRECTION('',(-1.,0.,0.));
#1764 = CYLINDRICAL_SURFACE('',#1765,2.15);
#1765 = AXIS2_PLACEMENT_3D('',#1766,#1767,#1768);
#1766 = CARTESIAN_POINT('',(-32.182,41.932,0.));
#1767 = DIRECTION('',(0.,0.,1.));
#1768 = DIRECTION('',(-1.,0.,0.));
#1769 = ADVANCED_FACE('',(#1770),#1789,.F.);
#1770 = FACE_BOUND('',#1771,.T.);
#1771 = EDGE_LOOP('',(#1772,#1780,#1781,#1782));
#1772 = ORIENTED_EDGE('',*,*,#1773,.F.);
#1773 = EDGE_CURVE('',#722,#1774,#1776,.T.);
#1774 = VERTEX_POINT('',#1775);
#1775 = CARTESIAN_POINT('',(30.032,41.932,0.8));
#1776 = LINE('',#1777,#1778);
#1777 = CARTESIAN_POINT('',(30.032,41.932,0.));
#1778 = VECTOR('',#1779,1.);
#1779 = DIRECTION('',(0.,0.,1.));
#1780 = ORIENTED_EDGE('',*,*,#721,.T.);
#1781 = ORIENTED_EDGE('',*,*,#1773,.T.);
#1782 = ORIENTED_EDGE('',*,*,#1783,.F.);
#1783 = EDGE_CURVE('',#1774,#1774,#1784,.T.);
#1784 = CIRCLE('',#1785,2.15);
#1785 = AXIS2_PLACEMENT_3D('',#1786,#1787,#1788);
#1786 = CARTESIAN_POINT('',(32.182,41.932,0.8));
#1787 = DIRECTION('',(0.,0.,-1.));
#1788 = DIRECTION('',(-1.,0.,0.));
#1789 = CYLINDRICAL_SURFACE('',#1790,2.15);
#1790 = AXIS2_PLACEMENT_3D('',#1791,#1792,#1793);
#1791 = CARTESIAN_POINT('',(32.182,41.932,0.));
#1792 = DIRECTION('',(0.,0.,1.));
#1793 = DIRECTION('',(-1.,0.,0.));
#1794 = ADVANCED_FACE('',(#1795),#1818,.T.);
#1795 = FACE_BOUND('',#1796,.T.);
#1796 = EDGE_LOOP('',(#1797,#1798,#1799,#1800,#1801,#1802,#1803,#1811));
#1797 = ORIENTED_EDGE('',*,*,#1110,.F.);
#1798 = ORIENTED_EDGE('',*,*,#1062,.T.);
#1799 = ORIENTED_EDGE('',*,*,#747,.T.);
#1800 = ORIENTED_EDGE('',*,*,#778,.T.);
#1801 = ORIENTED_EDGE('',*,*,#804,.T.);
#1802 = ORIENTED_EDGE('',*,*,#828,.T.);
#1803 = ORIENTED_EDGE('',*,*,#1804,.F.);
#1804 = EDGE_CURVE('',#1805,#819,#1807,.T.);
#1805 = VERTEX_POINT('',#1806);
#1806 = CARTESIAN_POINT('',(36.15,-36.75,6.7));
#1807 = LINE('',#1808,#1809);
#1808 = CARTESIAN_POINT('',(36.15,-36.75,6.7));
#1809 = VECTOR('',#1810,1.);
#1810 = DIRECTION('',(0.,1.,0.));
#1811 = ORIENTED_EDGE('',*,*,#1812,.F.);
#1812 = EDGE_CURVE('',#1103,#1805,#1813,.T.);
#1813 = CIRCLE('',#1814,9.);
#1814 = AXIS2_PLACEMENT_3D('',#1815,#1816,#1817);
#1815 = CARTESIAN_POINT('',(27.15,-36.75,6.7));
#1816 = DIRECTION('',(0.,0.,1.));
#1817 = DIRECTION('',(1.,0.,0.));
#1818 = PLANE('',#1819);
#1819 = AXIS2_PLACEMENT_3D('',#1820,#1821,#1822);
#1820 = CARTESIAN_POINT('',(-6.86E-15,0.,6.7));
#1821 = DIRECTION('',(0.,0.,1.));
#1822 = DIRECTION('',(1.,0.,0.));
#1823 = ADVANCED_FACE('',(#1824),#1842,.F.);
#1824 = FACE_BOUND('',#1825,.F.);
#1825 = EDGE_LOOP('',(#1826,#1827,#1835,#1841));
#1826 = ORIENTED_EDGE('',*,*,#1804,.F.);
#1827 = ORIENTED_EDGE('',*,*,#1828,.T.);
#1828 = EDGE_CURVE('',#1805,#1829,#1831,.T.);
#1829 = VERTEX_POINT('',#1830);
#1830 = CARTESIAN_POINT('',(36.15,-36.75,2.2));
#1831 = LINE('',#1832,#1833);
#1832 = CARTESIAN_POINT('',(36.15,-36.75,6.7));
#1833 = VECTOR('',#1834,1.);
#1834 = DIRECTION('',(-0.,-0.,-1.));
#1835 = ORIENTED_EDGE('',*,*,#1836,.T.);
#1836 = EDGE_CURVE('',#1829,#821,#1837,.T.);
#1837 = LINE('',#1838,#1839);
#1838 = CARTESIAN_POINT('',(36.15,-36.75,2.2));
#1839 = VECTOR('',#1840,1.);
#1840 = DIRECTION('',(0.,1.,0.));
#1841 = ORIENTED_EDGE('',*,*,#818,.F.);
#1842 = PLANE('',#1843);
#1843 = AXIS2_PLACEMENT_3D('',#1844,#1845,#1846);
#1844 = CARTESIAN_POINT('',(36.15,-36.75,6.7));
#1845 = DIRECTION('',(1.,0.,0.));
#1846 = DIRECTION('',(0.,1.,0.));
#1847 = ADVANCED_FACE('',(#1848,#2030,#2041,#2052,#2063),#2074,.T.);
#1848 = FACE_BOUND('',#1849,.T.);
#1849 = EDGE_LOOP('',(#1850,#1851,#1852,#1860,#1868,#1876,#1884,#1892,
    #1900,#1909,#1917,#1926,#1934,#1942,#1950,#1958,#1966,#1974,#1982,
    #1990,#1998,#2004,#2005,#2006,#2014,#2021,#2022,#2029));
#1850 = ORIENTED_EDGE('',*,*,#844,.T.);
#1851 = ORIENTED_EDGE('',*,*,#859,.T.);
#1852 = ORIENTED_EDGE('',*,*,#1853,.F.);
#1853 = EDGE_CURVE('',#1854,#860,#1856,.T.);
#1854 = VERTEX_POINT('',#1855);
#1855 = CARTESIAN_POINT('',(36.15,10.83,2.2));
#1856 = LINE('',#1857,#1858);
#1857 = CARTESIAN_POINT('',(36.15,10.83,2.2));
#1858 = VECTOR('',#1859,1.);
#1859 = DIRECTION('',(1.,0.,0.));
#1860 = ORIENTED_EDGE('',*,*,#1861,.T.);
#1861 = EDGE_CURVE('',#1854,#1862,#1864,.T.);
#1862 = VERTEX_POINT('',#1863);
#1863 = CARTESIAN_POINT('',(36.15,13.029999999958,2.2));
#1864 = LINE('',#1865,#1866);
#1865 = CARTESIAN_POINT('',(36.15,-36.75,2.2));
#1866 = VECTOR('',#1867,1.);
#1867 = DIRECTION('',(0.,1.,0.));
#1868 = ORIENTED_EDGE('',*,*,#1869,.T.);
#1869 = EDGE_CURVE('',#1862,#1870,#1872,.T.);
#1870 = VERTEX_POINT('',#1871);
#1871 = CARTESIAN_POINT('',(37.521203273864,13.029999999958,2.2));
#1872 = LINE('',#1873,#1874);
#1873 = CARTESIAN_POINT('',(36.15,13.029999999958,2.2));
#1874 = VECTOR('',#1875,1.);
#1875 = DIRECTION('',(1.,0.,0.));
#1876 = ORIENTED_EDGE('',*,*,#1877,.T.);
#1877 = EDGE_CURVE('',#1870,#1878,#1880,.T.);
#1878 = VERTEX_POINT('',#1879);
#1879 = CARTESIAN_POINT('',(37.521203273864,19.730000000042,2.2));
#1880 = LINE('',#1881,#1882);
#1881 = CARTESIAN_POINT('',(37.521203273864,13.029999999958,2.2));
#1882 = VECTOR('',#1883,1.);
#1883 = DIRECTION('',(0.,1.,0.));
#1884 = ORIENTED_EDGE('',*,*,#1885,.F.);
#1885 = EDGE_CURVE('',#1886,#1878,#1888,.T.);
#1886 = VERTEX_POINT('',#1887);
#1887 = CARTESIAN_POINT('',(36.15,19.730000000042,2.2));
#1888 = LINE('',#1889,#1890);
#1889 = CARTESIAN_POINT('',(36.15,19.730000000042,2.2));
#1890 = VECTOR('',#1891,1.);
#1891 = DIRECTION('',(1.,0.,0.));
#1892 = ORIENTED_EDGE('',*,*,#1893,.T.);
#1893 = EDGE_CURVE('',#1886,#1894,#1896,.T.);
#1894 = VERTEX_POINT('',#1895);
#1895 = CARTESIAN_POINT('',(36.15,36.75,2.2));
#1896 = LINE('',#1897,#1898);
#1897 = CARTESIAN_POINT('',(36.15,-36.75,2.2));
#1898 = VECTOR('',#1899,1.);
#1899 = DIRECTION('',(0.,1.,0.));
#1900 = ORIENTED_EDGE('',*,*,#1901,.T.);
#1901 = EDGE_CURVE('',#1894,#1902,#1904,.T.);
#1902 = VERTEX_POINT('',#1903);
#1903 = CARTESIAN_POINT('',(27.15,45.75,2.2));
#1904 = CIRCLE('',#1905,9.);
#1905 = AXIS2_PLACEMENT_3D('',#1906,#1907,#1908);
#1906 = CARTESIAN_POINT('',(27.15,36.75,2.2));
#1907 = DIRECTION('',(0.,0.,1.));
#1908 = DIRECTION('',(1.,0.,0.));
#1909 = ORIENTED_EDGE('',*,*,#1910,.T.);
#1910 = EDGE_CURVE('',#1902,#1911,#1913,.T.);
#1911 = VERTEX_POINT('',#1912);
#1912 = CARTESIAN_POINT('',(-27.15,45.75,2.2));
#1913 = LINE('',#1914,#1915);
#1914 = CARTESIAN_POINT('',(27.15,45.75,2.2));
#1915 = VECTOR('',#1916,1.);
#1916 = DIRECTION('',(-1.,0.,0.));
#1917 = ORIENTED_EDGE('',*,*,#1918,.T.);
#1918 = EDGE_CURVE('',#1911,#1919,#1921,.T.);
#1919 = VERTEX_POINT('',#1920);
#1920 = CARTESIAN_POINT('',(-36.15,36.75,2.2));
#1921 = CIRCLE('',#1922,9.);
#1922 = AXIS2_PLACEMENT_3D('',#1923,#1924,#1925);
#1923 = CARTESIAN_POINT('',(-27.15,36.75,2.2));
#1924 = DIRECTION('',(0.,0.,1.));
#1925 = DIRECTION('',(1.,0.,0.));
#1926 = ORIENTED_EDGE('',*,*,#1927,.T.);
#1927 = EDGE_CURVE('',#1919,#1928,#1930,.T.);
#1928 = VERTEX_POINT('',#1929);
#1929 = CARTESIAN_POINT('',(-36.15,32.25,2.2));
#1930 = LINE('',#1931,#1932);
#1931 = CARTESIAN_POINT('',(-36.15,36.75,2.2));
#1932 = VECTOR('',#1933,1.);
#1933 = DIRECTION('',(0.,-1.,0.));
#1934 = ORIENTED_EDGE('',*,*,#1935,.T.);
#1935 = EDGE_CURVE('',#1928,#1936,#1938,.T.);
#1936 = VERTEX_POINT('',#1937);
#1937 = CARTESIAN_POINT('',(-37.52120327386,32.25,2.2));
#1938 = LINE('',#1939,#1940);
#1939 = CARTESIAN_POINT('',(-36.15,32.25,2.2));
#1940 = VECTOR('',#1941,1.);
#1941 = DIRECTION('',(-1.,-0.,-0.));
#1942 = ORIENTED_EDGE('',*,*,#1943,.F.);
#1943 = EDGE_CURVE('',#1944,#1936,#1946,.T.);
#1944 = VERTEX_POINT('',#1945);
#1945 = CARTESIAN_POINT('',(-37.52120327386,21.45,2.2));
#1946 = LINE('',#1947,#1948);
#1947 = CARTESIAN_POINT('',(-37.52120327386,21.45,2.2));
#1948 = VECTOR('',#1949,1.);
#1949 = DIRECTION('',(0.,1.,0.));
#1950 = ORIENTED_EDGE('',*,*,#1951,.F.);
#1951 = EDGE_CURVE('',#1952,#1944,#1954,.T.);
#1952 = VERTEX_POINT('',#1953);
#1953 = CARTESIAN_POINT('',(-36.15,21.45,2.2));
#1954 = LINE('',#1955,#1956);
#1955 = CARTESIAN_POINT('',(-36.15,21.45,2.2));
#1956 = VECTOR('',#1957,1.);
#1957 = DIRECTION('',(-1.,-0.,-0.));
#1958 = ORIENTED_EDGE('',*,*,#1959,.T.);
#1959 = EDGE_CURVE('',#1952,#1960,#1962,.T.);
#1960 = VERTEX_POINT('',#1961);
#1961 = CARTESIAN_POINT('',(-36.15,19.73,2.2));
#1962 = LINE('',#1963,#1964);
#1963 = CARTESIAN_POINT('',(-36.15,36.75,2.2));
#1964 = VECTOR('',#1965,1.);
#1965 = DIRECTION('',(0.,-1.,0.));
#1966 = ORIENTED_EDGE('',*,*,#1967,.T.);
#1967 = EDGE_CURVE('',#1960,#1968,#1970,.T.);
#1968 = VERTEX_POINT('',#1969);
#1969 = CARTESIAN_POINT('',(-37.52120327386,19.73,2.2));
#1970 = LINE('',#1971,#1972);
#1971 = CARTESIAN_POINT('',(-36.15,19.73,2.2));
#1972 = VECTOR('',#1973,1.);
#1973 = DIRECTION('',(-1.,-0.,-0.));
#1974 = ORIENTED_EDGE('',*,*,#1975,.F.);
#1975 = EDGE_CURVE('',#1976,#1968,#1978,.T.);
#1976 = VERTEX_POINT('',#1977);
#1977 = CARTESIAN_POINT('',(-37.52120327386,13.03,2.2));
#1978 = LINE('',#1979,#1980);
#1979 = CARTESIAN_POINT('',(-37.52120327386,13.03,2.2));
#1980 = VECTOR('',#1981,1.);
#1981 = DIRECTION('',(0.,1.,0.));
#1982 = ORIENTED_EDGE('',*,*,#1983,.F.);
#1983 = EDGE_CURVE('',#1984,#1976,#1986,.T.);
#1984 = VERTEX_POINT('',#1985);
#1985 = CARTESIAN_POINT('',(-36.15,13.03,2.2));
#1986 = LINE('',#1987,#1988);
#1987 = CARTESIAN_POINT('',(-36.15,13.03,2.2));
#1988 = VECTOR('',#1989,1.);
#1989 = DIRECTION('',(-1.,-0.,-0.));
#1990 = ORIENTED_EDGE('',*,*,#1991,.T.);
#1991 = EDGE_CURVE('',#1984,#1992,#1994,.T.);
#1992 = VERTEX_POINT('',#1993);
#1993 = CARTESIAN_POINT('',(-36.15,10.829999999959,2.2));
#1994 = LINE('',#1995,#1996);
#1995 = CARTESIAN_POINT('',(-36.15,36.75,2.2));
#1996 = VECTOR('',#1997,1.);
#1997 = DIRECTION('',(0.,-1.,0.));
#1998 = ORIENTED_EDGE('',*,*,#1999,.T.);
#1999 = EDGE_CURVE('',#1992,#1138,#2000,.T.);
#2000 = LINE('',#2001,#2002);
#2001 = CARTESIAN_POINT('',(-36.15,10.829999999959,2.2));
#2002 = VECTOR('',#2003,1.);
#2003 = DIRECTION('',(-1.,-0.,-0.));
#2004 = ORIENTED_EDGE('',*,*,#1186,.F.);
#2005 = ORIENTED_EDGE('',*,*,#1226,.F.);
#2006 = ORIENTED_EDGE('',*,*,#2007,.T.);
#2007 = EDGE_CURVE('',#1203,#2008,#2010,.T.);
#2008 = VERTEX_POINT('',#2009);
#2009 = CARTESIAN_POINT('',(-36.15,-36.75,2.2));
#2010 = LINE('',#2011,#2012);
#2011 = CARTESIAN_POINT('',(-36.15,36.75,2.2));
#2012 = VECTOR('',#2013,1.);
#2013 = DIRECTION('',(0.,-1.,0.));
#2014 = ORIENTED_EDGE('',*,*,#2015,.T.);
#2015 = EDGE_CURVE('',#2008,#1087,#2016,.T.);
#2016 = CIRCLE('',#2017,9.);
#2017 = AXIS2_PLACEMENT_3D('',#2018,#2019,#2020);
#2018 = CARTESIAN_POINT('',(-27.15,-36.75,2.2));
#2019 = DIRECTION('',(0.,0.,1.));
#2020 = DIRECTION('',(1.,0.,0.));
#2021 = ORIENTED_EDGE('',*,*,#1094,.T.);
#2022 = ORIENTED_EDGE('',*,*,#2023,.T.);
#2023 = EDGE_CURVE('',#1095,#1829,#2024,.T.);
#2024 = CIRCLE('',#2025,9.);
#2025 = AXIS2_PLACEMENT_3D('',#2026,#2027,#2028);
#2026 = CARTESIAN_POINT('',(27.15,-36.75,2.2));
#2027 = DIRECTION('',(0.,0.,1.));
#2028 = DIRECTION('',(1.,0.,0.));
#2029 = ORIENTED_EDGE('',*,*,#1836,.T.);
#2030 = FACE_BOUND('',#2031,.T.);
#2031 = EDGE_LOOP('',(#2032));
#2032 = ORIENTED_EDGE('',*,*,#2033,.F.);
#2033 = EDGE_CURVE('',#2034,#2034,#2036,.T.);
#2034 = VERTEX_POINT('',#2035);
#2035 = CARTESIAN_POINT('',(-35.782,-35.482,2.2));
#2036 = CIRCLE('',#2037,1.2);
#2037 = AXIS2_PLACEMENT_3D('',#2038,#2039,#2040);
#2038 = CARTESIAN_POINT('',(-34.582,-35.482,2.2));
#2039 = DIRECTION('',(0.,0.,1.));
#2040 = DIRECTION('',(-1.,0.,0.));
#2041 = FACE_BOUND('',#2042,.T.);
#2042 = EDGE_LOOP('',(#2043));
#2043 = ORIENTED_EDGE('',*,*,#2044,.F.);
#2044 = EDGE_CURVE('',#2045,#2045,#2047,.T.);
#2045 = VERTEX_POINT('',#2046);
#2046 = CARTESIAN_POINT('',(30.982,-41.932,2.2));
#2047 = CIRCLE('',#2048,1.2);
#2048 = AXIS2_PLACEMENT_3D('',#2049,#2050,#2051);
#2049 = CARTESIAN_POINT('',(32.182,-41.932,2.2));
#2050 = DIRECTION('',(0.,0.,1.));
#2051 = DIRECTION('',(-1.,0.,0.));
#2052 = FACE_BOUND('',#2053,.T.);
#2053 = EDGE_LOOP('',(#2054));
#2054 = ORIENTED_EDGE('',*,*,#2055,.F.);
#2055 = EDGE_CURVE('',#2056,#2056,#2058,.T.);
#2056 = VERTEX_POINT('',#2057);
#2057 = CARTESIAN_POINT('',(-33.382,41.932,2.2));
#2058 = CIRCLE('',#2059,1.2);
#2059 = AXIS2_PLACEMENT_3D('',#2060,#2061,#2062);
#2060 = CARTESIAN_POINT('',(-32.182,41.932,2.2));
#2061 = DIRECTION('',(0.,0.,1.));
#2062 = DIRECTION('',(-1.,0.,0.));
#2063 = FACE_BOUND('',#2064,.T.);
#2064 = EDGE_LOOP('',(#2065));
#2065 = ORIENTED_EDGE('',*,*,#2066,.F.);
#2066 = EDGE_CURVE('',#2067,#2067,#2069,.T.);
#2067 = VERTEX_POINT('',#2068);
#2068 = CARTESIAN_POINT('',(30.982,41.932,2.2));
#2069 = CIRCLE('',#2070,1.2);
#2070 = AXIS2_PLACEMENT_3D('',#2071,#2072,#2073);
#2071 = CARTESIAN_POINT('',(32.182,41.932,2.2));
#2072 = DIRECTION('',(0.,0.,1.));
#2073 = DIRECTION('',(-1.,0.,0.));
#2074 = PLANE('',#2075);
#2075 = AXIS2_PLACEMENT_3D('',#2076,#2077,#2078);
#2076 = CARTESIAN_POINT('',(-0.356153612933,0.628814883348,2.2));
#2077 = DIRECTION('',(0.,0.,1.));
#2078 = DIRECTION('',(1.,0.,0.));
#2079 = ADVANCED_FACE('',(#2080),#2107,.T.);
#2080 = FACE_BOUND('',#2081,.T.);
#2081 = EDGE_LOOP('',(#2082,#2090,#2091,#2092,#2093,#2101));
#2082 = ORIENTED_EDGE('',*,*,#2083,.F.);
#2083 = EDGE_CURVE('',#1854,#2084,#2086,.T.);
#2084 = VERTEX_POINT('',#2085);
#2085 = CARTESIAN_POINT('',(36.15,10.83,6.7));
#2086 = LINE('',#2087,#2088);
#2087 = CARTESIAN_POINT('',(36.15,10.83,2.2));
#2088 = VECTOR('',#2089,1.);
#2089 = DIRECTION('',(0.,0.,1.));
#2090 = ORIENTED_EDGE('',*,*,#1853,.T.);
#2091 = ORIENTED_EDGE('',*,*,#867,.T.);
#2092 = ORIENTED_EDGE('',*,*,#1592,.F.);
#2093 = ORIENTED_EDGE('',*,*,#2094,.F.);
#2094 = EDGE_CURVE('',#2095,#1585,#2097,.T.);
#2095 = VERTEX_POINT('',#2096);
#2096 = CARTESIAN_POINT('',(37.521203273878,10.83,6.7));
#2097 = LINE('',#2098,#2099);
#2098 = CARTESIAN_POINT('',(36.918779047533,10.83,4.427945909199));
#2099 = VECTOR('',#2100,1.);
#2100 = DIRECTION('',(-0.256289373133,-0.,-0.966600102017));
#2101 = ORIENTED_EDGE('',*,*,#2102,.F.);
#2102 = EDGE_CURVE('',#2084,#2095,#2103,.T.);
#2103 = LINE('',#2104,#2105);
#2104 = CARTESIAN_POINT('',(18.075,10.83,6.7));
#2105 = VECTOR('',#2106,1.);
#2106 = DIRECTION('',(1.,0.,0.));
#2107 = PLANE('',#2108);
#2108 = AXIS2_PLACEMENT_3D('',#2109,#2110,#2111);
#2109 = CARTESIAN_POINT('',(36.15,10.83,2.2));
#2110 = DIRECTION('',(0.,-1.,0.));
#2111 = DIRECTION('',(0.,0.,1.));
#2112 = ADVANCED_FACE('',(#2113),#2132,.T.);
#2113 = FACE_BOUND('',#2114,.F.);
#2114 = EDGE_LOOP('',(#2115,#2116,#2117,#2125));
#2115 = ORIENTED_EDGE('',*,*,#940,.F.);
#2116 = ORIENTED_EDGE('',*,*,#1648,.F.);
#2117 = ORIENTED_EDGE('',*,*,#2118,.T.);
#2118 = EDGE_CURVE('',#1638,#2119,#2121,.T.);
#2119 = VERTEX_POINT('',#2120);
#2120 = CARTESIAN_POINT('',(-27.15,47.95,5.3));
#2121 = LINE('',#2122,#2123);
#2122 = CARTESIAN_POINT('',(-27.15,47.95,0.));
#2123 = VECTOR('',#2124,1.);
#2124 = DIRECTION('',(0.,0.,1.));
#2125 = ORIENTED_EDGE('',*,*,#2126,.T.);
#2126 = EDGE_CURVE('',#2119,#941,#2127,.T.);
#2127 = CIRCLE('',#2128,11.2);
#2128 = AXIS2_PLACEMENT_3D('',#2129,#2130,#2131);
#2129 = CARTESIAN_POINT('',(-27.15,36.75,5.3));
#2130 = DIRECTION('',(0.,0.,1.));
#2131 = DIRECTION('',(1.,0.,0.));
#2132 = CYLINDRICAL_SURFACE('',#2133,11.2);
#2133 = AXIS2_PLACEMENT_3D('',#2134,#2135,#2136);
#2134 = CARTESIAN_POINT('',(-27.15,36.75,0.));
#2135 = DIRECTION('',(-0.,-0.,-1.));
#2136 = DIRECTION('',(1.,0.,0.));
#2137 = ADVANCED_FACE('',(#2138),#2205,.T.);
#2138 = FACE_BOUND('',#2139,.T.);
#2139 = EDGE_LOOP('',(#2140,#2150,#2158,#2164,#2165,#2166,#2174,#2182,
    #2190,#2198));
#2140 = ORIENTED_EDGE('',*,*,#2141,.F.);
#2141 = EDGE_CURVE('',#2142,#2144,#2146,.T.);
#2142 = VERTEX_POINT('',#2143);
#2143 = CARTESIAN_POINT('',(4.784250700561,46.750000000027,5.3));
#2144 = VERTEX_POINT('',#2145);
#2145 = CARTESIAN_POINT('',(-27.15000000001,46.750000000027,5.3));
#2146 = LINE('',#2147,#2148);
#2147 = CARTESIAN_POINT('',(27.15,46.750000000027,5.3));
#2148 = VECTOR('',#2149,1.);
#2149 = DIRECTION('',(-1.,0.,0.));
#2150 = ORIENTED_EDGE('',*,*,#2151,.T.);
#2151 = EDGE_CURVE('',#2142,#2152,#2154,.T.);
#2152 = VERTEX_POINT('',#2153);
#2153 = CARTESIAN_POINT('',(4.784250700561,47.95,5.3));
#2154 = LINE('',#2155,#2156);
#2155 = CARTESIAN_POINT('',(4.784250700561,47.95,5.3));
#2156 = VECTOR('',#2157,1.);
#2157 = DIRECTION('',(0.,1.,-2.2E-16));
#2158 = ORIENTED_EDGE('',*,*,#2159,.T.);
#2159 = EDGE_CURVE('',#2152,#2119,#2160,.T.);
#2160 = LINE('',#2161,#2162);
#2161 = CARTESIAN_POINT('',(27.15,47.95,5.3));
#2162 = VECTOR('',#2163,1.);
#2163 = DIRECTION('',(-1.,0.,0.));
#2164 = ORIENTED_EDGE('',*,*,#2126,.T.);
#2165 = ORIENTED_EDGE('',*,*,#948,.T.);
#2166 = ORIENTED_EDGE('',*,*,#2167,.T.);
#2167 = EDGE_CURVE('',#949,#2168,#2170,.T.);
#2168 = VERTEX_POINT('',#2169);
#2169 = CARTESIAN_POINT('',(-37.52120327386,30.45,5.3));
#2170 = LINE('',#2171,#2172);
#2171 = CARTESIAN_POINT('',(-32.75,30.45,5.3));
#2172 = VECTOR('',#2173,1.);
#2173 = DIRECTION('',(1.,0.,0.));
#2174 = ORIENTED_EDGE('',*,*,#2175,.T.);
#2175 = EDGE_CURVE('',#2168,#2176,#2178,.T.);
#2176 = VERTEX_POINT('',#2177);
#2177 = CARTESIAN_POINT('',(-37.52120327386,32.25,5.3));
#2178 = LINE('',#2179,#2180);
#2179 = CARTESIAN_POINT('',(-37.52120327386,-9.557253141824,5.3));
#2180 = VECTOR('',#2181,1.);
#2181 = DIRECTION('',(0.,1.,0.));
#2182 = ORIENTED_EDGE('',*,*,#2183,.F.);
#2183 = EDGE_CURVE('',#2184,#2176,#2186,.T.);
#2184 = VERTEX_POINT('',#2185);
#2185 = CARTESIAN_POINT('',(-37.15000000004,32.25,5.3));
#2186 = LINE('',#2187,#2188);
#2187 = CARTESIAN_POINT('',(-31.65,32.25,5.3));
#2188 = VECTOR('',#2189,1.);
#2189 = DIRECTION('',(-1.,0.,0.));
#2190 = ORIENTED_EDGE('',*,*,#2191,.F.);
#2191 = EDGE_CURVE('',#2192,#2184,#2194,.T.);
#2192 = VERTEX_POINT('',#2193);
#2193 = CARTESIAN_POINT('',(-37.15000000004,36.75,5.3));
#2194 = LINE('',#2195,#2196);
#2195 = CARTESIAN_POINT('',(-37.15000000004,36.75,5.3));
#2196 = VECTOR('',#2197,1.);
#2197 = DIRECTION('',(0.,-1.,0.));
#2198 = ORIENTED_EDGE('',*,*,#2199,.F.);
#2199 = EDGE_CURVE('',#2144,#2192,#2200,.T.);
#2200 = CIRCLE('',#2201,10.000000000027);
#2201 = AXIS2_PLACEMENT_3D('',#2202,#2203,#2204);
#2202 = CARTESIAN_POINT('',(-27.15000000001,36.75,5.3));
#2203 = DIRECTION('',(0.,0.,1.));
#2204 = DIRECTION('',(1.,0.,0.));
#2205 = PLANE('',#2206);
#2206 = AXIS2_PLACEMENT_3D('',#2207,#2208,#2209);
#2207 = CARTESIAN_POINT('',(-27.15,-36.75,5.3));
#2208 = DIRECTION('',(0.,0.,1.));
#2209 = DIRECTION('',(1.,0.,0.));
#2210 = ADVANCED_FACE('',(#2211),#2222,.T.);
#2211 = FACE_BOUND('',#2212,.T.);
#2212 = EDGE_LOOP('',(#2213,#2214,#2215,#2216));
#2213 = ORIENTED_EDGE('',*,*,#1028,.F.);
#2214 = ORIENTED_EDGE('',*,*,#1316,.T.);
#2215 = ORIENTED_EDGE('',*,*,#1163,.T.);
#2216 = ORIENTED_EDGE('',*,*,#2217,.F.);
#2217 = EDGE_CURVE('',#1021,#1156,#2218,.T.);
#2218 = LINE('',#2219,#2220);
#2219 = CARTESIAN_POINT('',(-38.35,9.83,3.8));
#2220 = VECTOR('',#2221,1.);
#2221 = DIRECTION('',(1.,0.,0.));
#2222 = PLANE('',#2223);
#2223 = AXIS2_PLACEMENT_3D('',#2224,#2225,#2226);
#2224 = CARTESIAN_POINT('',(-38.35,5.13,3.8));
#2225 = DIRECTION('',(0.,0.,1.));
#2226 = DIRECTION('',(0.,1.,0.));
#2227 = ADVANCED_FACE('',(#2228),#2246,.T.);
#2228 = FACE_BOUND('',#2229,.T.);
#2229 = EDGE_LOOP('',(#2230,#2231,#2239,#2245));
#2230 = ORIENTED_EDGE('',*,*,#956,.F.);
#2231 = ORIENTED_EDGE('',*,*,#2232,.T.);
#2232 = EDGE_CURVE('',#957,#2233,#2235,.T.);
#2233 = VERTEX_POINT('',#2234);
#2234 = CARTESIAN_POINT('',(-37.52120327386,30.45,3.8));
#2235 = LINE('',#2236,#2237);
#2236 = CARTESIAN_POINT('',(-38.35,30.45,3.8));
#2237 = VECTOR('',#2238,1.);
#2238 = DIRECTION('',(1.,0.,0.));
#2239 = ORIENTED_EDGE('',*,*,#2240,.T.);
#2240 = EDGE_CURVE('',#2233,#2168,#2241,.T.);
#2241 = LINE('',#2242,#2243);
#2242 = CARTESIAN_POINT('',(-37.52120327386,30.45,5.625));
#2243 = VECTOR('',#2244,1.);
#2244 = DIRECTION('',(0.,0.,1.));
#2245 = ORIENTED_EDGE('',*,*,#2167,.F.);
#2246 = PLANE('',#2247);
#2247 = AXIS2_PLACEMENT_3D('',#2248,#2249,#2250);
#2248 = CARTESIAN_POINT('',(-38.35,30.45,3.8));
#2249 = DIRECTION('',(0.,-1.,0.));
#2250 = DIRECTION('',(0.,0.,1.));
#2251 = ADVANCED_FACE('',(#2252),#2263,.T.);
#2252 = FACE_BOUND('',#2253,.T.);
#2253 = EDGE_LOOP('',(#2254,#2255,#2256,#2257));
#2254 = ORIENTED_EDGE('',*,*,#1020,.F.);
#2255 = ORIENTED_EDGE('',*,*,#2217,.T.);
#2256 = ORIENTED_EDGE('',*,*,#1155,.T.);
#2257 = ORIENTED_EDGE('',*,*,#2258,.F.);
#2258 = EDGE_CURVE('',#1013,#1148,#2259,.T.);
#2259 = LINE('',#2260,#2261);
#2260 = CARTESIAN_POINT('',(-32.75,9.83,5.3));
#2261 = VECTOR('',#2262,1.);
#2262 = DIRECTION('',(1.,0.,0.));
#2263 = PLANE('',#2264);
#2264 = AXIS2_PLACEMENT_3D('',#2265,#2266,#2267);
#2265 = CARTESIAN_POINT('',(-38.35,9.83,3.8));
#2266 = DIRECTION('',(0.,-1.,0.));
#2267 = DIRECTION('',(0.,0.,1.));
#2268 = ADVANCED_FACE('',(#2269),#2287,.T.);
#2269 = FACE_BOUND('',#2270,.T.);
#2270 = EDGE_LOOP('',(#2271,#2272,#2280,#2286));
#2271 = ORIENTED_EDGE('',*,*,#964,.F.);
#2272 = ORIENTED_EDGE('',*,*,#2273,.T.);
#2273 = EDGE_CURVE('',#965,#2274,#2276,.T.);
#2274 = VERTEX_POINT('',#2275);
#2275 = CARTESIAN_POINT('',(-37.52120327386,23.25,3.8));
#2276 = LINE('',#2277,#2278);
#2277 = CARTESIAN_POINT('',(-38.35,23.25,3.8));
#2278 = VECTOR('',#2279,1.);
#2279 = DIRECTION('',(1.,0.,0.));
#2280 = ORIENTED_EDGE('',*,*,#2281,.T.);
#2281 = EDGE_CURVE('',#2274,#2233,#2282,.T.);
#2282 = LINE('',#2283,#2284);
#2283 = CARTESIAN_POINT('',(-37.52120327386,20.442746858176,3.8));
#2284 = VECTOR('',#2285,1.);
#2285 = DIRECTION('',(0.,1.,0.));
#2286 = ORIENTED_EDGE('',*,*,#2232,.F.);
#2287 = PLANE('',#2288);
#2288 = AXIS2_PLACEMENT_3D('',#2289,#2290,#2291);
#2289 = CARTESIAN_POINT('',(-38.35,23.25,3.8));
#2290 = DIRECTION('',(0.,0.,1.));
#2291 = DIRECTION('',(0.,1.,0.));
#2292 = ADVANCED_FACE('',(#2293),#2336,.T.);
#2293 = FACE_BOUND('',#2294,.T.);
#2294 = EDGE_LOOP('',(#2295,#2305,#2311,#2312,#2313,#2314,#2322,#2330));
#2295 = ORIENTED_EDGE('',*,*,#2296,.T.);
#2296 = EDGE_CURVE('',#2297,#2299,#2301,.T.);
#2297 = VERTEX_POINT('',#2298);
#2298 = CARTESIAN_POINT('',(-37.52120327386,13.03,5.3));
#2299 = VERTEX_POINT('',#2300);
#2300 = CARTESIAN_POINT('',(-37.52120327386,14.030000000003,5.3));
#2301 = LINE('',#2302,#2303);
#2302 = CARTESIAN_POINT('',(-37.52120327386,-9.557253141824,5.3));
#2303 = VECTOR('',#2304,1.);
#2304 = DIRECTION('',(0.,1.,0.));
#2305 = ORIENTED_EDGE('',*,*,#2306,.T.);
#2306 = EDGE_CURVE('',#2299,#1005,#2307,.T.);
#2307 = LINE('',#2308,#2309);
#2308 = CARTESIAN_POINT('',(-32.75,14.030000000003,5.3));
#2309 = VECTOR('',#2310,1.);
#2310 = DIRECTION('',(-1.,0.,0.));
#2311 = ORIENTED_EDGE('',*,*,#1012,.T.);
#2312 = ORIENTED_EDGE('',*,*,#2258,.T.);
#2313 = ORIENTED_EDGE('',*,*,#1147,.T.);
#2314 = ORIENTED_EDGE('',*,*,#2315,.F.);
#2315 = EDGE_CURVE('',#2316,#1140,#2318,.T.);
#2316 = VERTEX_POINT('',#2317);
#2317 = CARTESIAN_POINT('',(-37.15000000004,10.829999999959,5.3));
#2318 = LINE('',#2319,#2320);
#2319 = CARTESIAN_POINT('',(-31.65,10.829999999959,5.3));
#2320 = VECTOR('',#2321,1.);
#2321 = DIRECTION('',(-1.,0.,0.));
#2322 = ORIENTED_EDGE('',*,*,#2323,.F.);
#2323 = EDGE_CURVE('',#2324,#2316,#2326,.T.);
#2324 = VERTEX_POINT('',#2325);
#2325 = CARTESIAN_POINT('',(-37.15000000004,13.03,5.3));
#2326 = LINE('',#2327,#2328);
#2327 = CARTESIAN_POINT('',(-37.15000000004,36.75,5.3));
#2328 = VECTOR('',#2329,1.);
#2329 = DIRECTION('',(0.,-1.,0.));
#2330 = ORIENTED_EDGE('',*,*,#2331,.F.);
#2331 = EDGE_CURVE('',#2297,#2324,#2332,.T.);
#2332 = LINE('',#2333,#2334);
#2333 = CARTESIAN_POINT('',(-31.65,13.03,5.3));
#2334 = VECTOR('',#2335,1.);
#2335 = DIRECTION('',(1.,0.,0.));
#2336 = PLANE('',#2337);
#2337 = AXIS2_PLACEMENT_3D('',#2338,#2339,#2340);
#2338 = CARTESIAN_POINT('',(-27.15,-36.75,5.3));
#2339 = DIRECTION('',(0.,0.,1.));
#2340 = DIRECTION('',(1.,0.,0.));
#2341 = ADVANCED_FACE('',(#2342),#2360,.T.);
#2342 = FACE_BOUND('',#2343,.T.);
#2343 = EDGE_LOOP('',(#2344,#2345,#2353,#2359));
#2344 = ORIENTED_EDGE('',*,*,#972,.F.);
#2345 = ORIENTED_EDGE('',*,*,#2346,.F.);
#2346 = EDGE_CURVE('',#2347,#973,#2349,.T.);
#2347 = VERTEX_POINT('',#2348);
#2348 = CARTESIAN_POINT('',(-37.52120327386,23.25,5.3));
#2349 = LINE('',#2350,#2351);
#2350 = CARTESIAN_POINT('',(-32.75,23.25,5.3));
#2351 = VECTOR('',#2352,1.);
#2352 = DIRECTION('',(-1.,0.,0.));
#2353 = ORIENTED_EDGE('',*,*,#2354,.T.);
#2354 = EDGE_CURVE('',#2347,#2274,#2355,.T.);
#2355 = LINE('',#2356,#2357);
#2356 = CARTESIAN_POINT('',(-37.52120327386,23.25,9.875));
#2357 = VECTOR('',#2358,1.);
#2358 = DIRECTION('',(0.,0.,-1.));
#2359 = ORIENTED_EDGE('',*,*,#2273,.F.);
#2360 = PLANE('',#2361);
#2361 = AXIS2_PLACEMENT_3D('',#2362,#2363,#2364);
#2362 = CARTESIAN_POINT('',(-38.35,23.25,12.3));
#2363 = DIRECTION('',(0.,1.,0.));
#2364 = DIRECTION('',(0.,0.,-1.));
#2365 = ADVANCED_FACE('',(#2366),#2384,.T.);
#2366 = FACE_BOUND('',#2367,.T.);
#2367 = EDGE_LOOP('',(#2368,#2369,#2370,#2378));
#2368 = ORIENTED_EDGE('',*,*,#1004,.F.);
#2369 = ORIENTED_EDGE('',*,*,#2306,.F.);
#2370 = ORIENTED_EDGE('',*,*,#2371,.T.);
#2371 = EDGE_CURVE('',#2299,#2372,#2374,.T.);
#2372 = VERTEX_POINT('',#2373);
#2373 = CARTESIAN_POINT('',(-37.52120327386,14.030000000003,3.8));
#2374 = LINE('',#2375,#2376);
#2375 = CARTESIAN_POINT('',(-37.52120327386,14.030000000003,9.875));
#2376 = VECTOR('',#2377,1.);
#2377 = DIRECTION('',(0.,0.,-1.));
#2378 = ORIENTED_EDGE('',*,*,#2379,.F.);
#2379 = EDGE_CURVE('',#997,#2372,#2380,.T.);
#2380 = LINE('',#2381,#2382);
#2381 = CARTESIAN_POINT('',(-38.35,14.030000000003,3.8));
#2382 = VECTOR('',#2383,1.);
#2383 = DIRECTION('',(1.,0.,0.));
#2384 = PLANE('',#2385);
#2385 = AXIS2_PLACEMENT_3D('',#2386,#2387,#2388);
#2386 = CARTESIAN_POINT('',(-38.35,14.030000000003,12.3));
#2387 = DIRECTION('',(0.,1.,0.));
#2388 = DIRECTION('',(0.,0.,-1.));
#2389 = ADVANCED_FACE('',(#2390),#2440,.T.);
#2390 = FACE_BOUND('',#2391,.T.);
#2391 = EDGE_LOOP('',(#2392,#2400,#2401,#2402,#2410,#2418,#2426,#2434));
#2392 = ORIENTED_EDGE('',*,*,#2393,.T.);
#2393 = EDGE_CURVE('',#2394,#2347,#2396,.T.);
#2394 = VERTEX_POINT('',#2395);
#2395 = CARTESIAN_POINT('',(-37.52120327386,21.45,5.3));
#2396 = LINE('',#2397,#2398);
#2397 = CARTESIAN_POINT('',(-37.52120327386,-9.557253141824,5.3));
#2398 = VECTOR('',#2399,1.);
#2399 = DIRECTION('',(0.,1.,0.));
#2400 = ORIENTED_EDGE('',*,*,#2346,.T.);
#2401 = ORIENTED_EDGE('',*,*,#980,.T.);
#2402 = ORIENTED_EDGE('',*,*,#2403,.T.);
#2403 = EDGE_CURVE('',#981,#2404,#2406,.T.);
#2404 = VERTEX_POINT('',#2405);
#2405 = CARTESIAN_POINT('',(-37.52120327386,18.729999999997,5.3));
#2406 = LINE('',#2407,#2408);
#2407 = CARTESIAN_POINT('',(-32.75,18.729999999997,5.3));
#2408 = VECTOR('',#2409,1.);
#2409 = DIRECTION('',(1.,0.,0.));
#2410 = ORIENTED_EDGE('',*,*,#2411,.T.);
#2411 = EDGE_CURVE('',#2404,#2412,#2414,.T.);
#2412 = VERTEX_POINT('',#2413);
#2413 = CARTESIAN_POINT('',(-37.52120327386,19.73,5.3));
#2414 = LINE('',#2415,#2416);
#2415 = CARTESIAN_POINT('',(-37.52120327386,-9.557253141824,5.3));
#2416 = VECTOR('',#2417,1.);
#2417 = DIRECTION('',(0.,1.,0.));
#2418 = ORIENTED_EDGE('',*,*,#2419,.F.);
#2419 = EDGE_CURVE('',#2420,#2412,#2422,.T.);
#2420 = VERTEX_POINT('',#2421);
#2421 = CARTESIAN_POINT('',(-37.15000000004,19.73,5.3));
#2422 = LINE('',#2423,#2424);
#2423 = CARTESIAN_POINT('',(-31.65,19.73,5.3));
#2424 = VECTOR('',#2425,1.);
#2425 = DIRECTION('',(-1.,0.,0.));
#2426 = ORIENTED_EDGE('',*,*,#2427,.F.);
#2427 = EDGE_CURVE('',#2428,#2420,#2430,.T.);
#2428 = VERTEX_POINT('',#2429);
#2429 = CARTESIAN_POINT('',(-37.15000000004,21.45,5.3));
#2430 = LINE('',#2431,#2432);
#2431 = CARTESIAN_POINT('',(-37.15000000004,36.75,5.3));
#2432 = VECTOR('',#2433,1.);
#2433 = DIRECTION('',(0.,-1.,0.));
#2434 = ORIENTED_EDGE('',*,*,#2435,.F.);
#2435 = EDGE_CURVE('',#2394,#2428,#2436,.T.);
#2436 = LINE('',#2437,#2438);
#2437 = CARTESIAN_POINT('',(-31.65,21.45,5.3));
#2438 = VECTOR('',#2439,1.);
#2439 = DIRECTION('',(1.,0.,0.));
#2440 = PLANE('',#2441);
#2441 = AXIS2_PLACEMENT_3D('',#2442,#2443,#2444);
#2442 = CARTESIAN_POINT('',(-27.15,-36.75,5.3));
#2443 = DIRECTION('',(0.,0.,1.));
#2444 = DIRECTION('',(1.,0.,0.));
#2445 = ADVANCED_FACE('',(#2446),#2464,.T.);
#2446 = FACE_BOUND('',#2447,.T.);
#2447 = EDGE_LOOP('',(#2448,#2449,#2450,#2458));
#2448 = ORIENTED_EDGE('',*,*,#996,.F.);
#2449 = ORIENTED_EDGE('',*,*,#2379,.T.);
#2450 = ORIENTED_EDGE('',*,*,#2451,.T.);
#2451 = EDGE_CURVE('',#2372,#2452,#2454,.T.);
#2452 = VERTEX_POINT('',#2453);
#2453 = CARTESIAN_POINT('',(-37.52120327386,18.729999999997,3.8));
#2454 = LINE('',#2455,#2456);
#2455 = CARTESIAN_POINT('',(-37.52120327386,15.832746858178,3.8));
#2456 = VECTOR('',#2457,1.);
#2457 = DIRECTION('',(0.,1.,0.));
#2458 = ORIENTED_EDGE('',*,*,#2459,.F.);
#2459 = EDGE_CURVE('',#989,#2452,#2460,.T.);
#2460 = LINE('',#2461,#2462);
#2461 = CARTESIAN_POINT('',(-38.35,18.729999999997,3.8));
#2462 = VECTOR('',#2463,1.);
#2463 = DIRECTION('',(1.,0.,0.));
#2464 = PLANE('',#2465);
#2465 = AXIS2_PLACEMENT_3D('',#2466,#2467,#2468);
#2466 = CARTESIAN_POINT('',(-38.35,14.030000000003,3.8));
#2467 = DIRECTION('',(0.,0.,1.));
#2468 = DIRECTION('',(0.,1.,0.));
#2469 = ADVANCED_FACE('',(#2470),#2481,.T.);
#2470 = FACE_BOUND('',#2471,.T.);
#2471 = EDGE_LOOP('',(#2472,#2473,#2474,#2480));
#2472 = ORIENTED_EDGE('',*,*,#988,.F.);
#2473 = ORIENTED_EDGE('',*,*,#2459,.T.);
#2474 = ORIENTED_EDGE('',*,*,#2475,.T.);
#2475 = EDGE_CURVE('',#2452,#2404,#2476,.T.);
#2476 = LINE('',#2477,#2478);
#2477 = CARTESIAN_POINT('',(-37.52120327386,18.729999999997,5.625));
#2478 = VECTOR('',#2479,1.);
#2479 = DIRECTION('',(0.,0.,1.));
#2480 = ORIENTED_EDGE('',*,*,#2403,.F.);
#2481 = PLANE('',#2482);
#2482 = AXIS2_PLACEMENT_3D('',#2483,#2484,#2485);
#2483 = CARTESIAN_POINT('',(-38.35,18.729999999997,3.8));
#2484 = DIRECTION('',(0.,-1.,0.));
#2485 = DIRECTION('',(0.,0.,1.));
#2486 = ADVANCED_FACE('',(#2487),#2510,.T.);
#2487 = FACE_BOUND('',#2488,.T.);
#2488 = EDGE_LOOP('',(#2489,#2497,#2498,#2499,#2500,#2501,#2502,#2503));
#2489 = ORIENTED_EDGE('',*,*,#2490,.F.);
#2490 = EDGE_CURVE('',#1201,#2491,#2493,.T.);
#2491 = VERTEX_POINT('',#2492);
#2492 = CARTESIAN_POINT('',(-36.15,-36.75,6.7));
#2493 = LINE('',#2494,#2495);
#2494 = CARTESIAN_POINT('',(-36.15,36.75,6.7));
#2495 = VECTOR('',#2496,1.);
#2496 = DIRECTION('',(0.,-1.,0.));
#2497 = ORIENTED_EDGE('',*,*,#1210,.F.);
#2498 = ORIENTED_EDGE('',*,*,#1240,.T.);
#2499 = ORIENTED_EDGE('',*,*,#1271,.T.);
#2500 = ORIENTED_EDGE('',*,*,#1299,.T.);
#2501 = ORIENTED_EDGE('',*,*,#1330,.F.);
#2502 = ORIENTED_EDGE('',*,*,#1076,.F.);
#2503 = ORIENTED_EDGE('',*,*,#2504,.F.);
#2504 = EDGE_CURVE('',#2491,#1077,#2505,.T.);
#2505 = CIRCLE('',#2506,9.);
#2506 = AXIS2_PLACEMENT_3D('',#2507,#2508,#2509);
#2507 = CARTESIAN_POINT('',(-27.15,-36.75,6.7));
#2508 = DIRECTION('',(0.,0.,1.));
#2509 = DIRECTION('',(1.,0.,0.));
#2510 = PLANE('',#2511);
#2511 = AXIS2_PLACEMENT_3D('',#2512,#2513,#2514);
#2512 = CARTESIAN_POINT('',(-6.86E-15,0.,6.7));
#2513 = DIRECTION('',(0.,0.,1.));
#2514 = DIRECTION('',(1.,0.,0.));
#2515 = ADVANCED_FACE('',(#2516),#2522,.F.);
#2516 = FACE_BOUND('',#2517,.F.);
#2517 = EDGE_LOOP('',(#2518,#2519,#2520,#2521));
#2518 = ORIENTED_EDGE('',*,*,#1102,.T.);
#2519 = ORIENTED_EDGE('',*,*,#2023,.T.);
#2520 = ORIENTED_EDGE('',*,*,#1828,.F.);
#2521 = ORIENTED_EDGE('',*,*,#1812,.F.);
#2522 = CYLINDRICAL_SURFACE('',#2523,9.);
#2523 = AXIS2_PLACEMENT_3D('',#2524,#2525,#2526);
#2524 = CARTESIAN_POINT('',(27.15,-36.75,6.7));
#2525 = DIRECTION('',(0.,0.,1.));
#2526 = DIRECTION('',(1.,0.,0.));
#2527 = ADVANCED_FACE('',(#2528),#2539,.F.);
#2528 = FACE_BOUND('',#2529,.F.);
#2529 = EDGE_LOOP('',(#2530,#2536,#2537,#2538));
#2530 = ORIENTED_EDGE('',*,*,#2531,.T.);
#2531 = EDGE_CURVE('',#2491,#2008,#2532,.T.);
#2532 = LINE('',#2533,#2534);
#2533 = CARTESIAN_POINT('',(-36.15,-36.75,6.7));
#2534 = VECTOR('',#2535,1.);
#2535 = DIRECTION('',(-0.,-0.,-1.));
#2536 = ORIENTED_EDGE('',*,*,#2015,.T.);
#2537 = ORIENTED_EDGE('',*,*,#1086,.F.);
#2538 = ORIENTED_EDGE('',*,*,#2504,.F.);
#2539 = CYLINDRICAL_SURFACE('',#2540,9.);
#2540 = AXIS2_PLACEMENT_3D('',#2541,#2542,#2543);
#2541 = CARTESIAN_POINT('',(-27.15,-36.75,6.7));
#2542 = DIRECTION('',(0.,0.,1.));
#2543 = DIRECTION('',(1.,0.,0.));
#2544 = ADVANCED_FACE('',(#2545),#2572,.F.);
#2545 = FACE_BOUND('',#2546,.F.);
#2546 = EDGE_LOOP('',(#2547,#2555,#2556,#2557,#2558,#2566));
#2547 = ORIENTED_EDGE('',*,*,#2548,.F.);
#2548 = EDGE_CURVE('',#1992,#2549,#2551,.T.);
#2549 = VERTEX_POINT('',#2550);
#2550 = CARTESIAN_POINT('',(-36.15,10.829999999959,6.7));
#2551 = LINE('',#2552,#2553);
#2552 = CARTESIAN_POINT('',(-36.15,10.829999999959,2.2));
#2553 = VECTOR('',#2554,1.);
#2554 = DIRECTION('',(0.,0.,1.));
#2555 = ORIENTED_EDGE('',*,*,#1999,.T.);
#2556 = ORIENTED_EDGE('',*,*,#1137,.T.);
#2557 = ORIENTED_EDGE('',*,*,#2315,.F.);
#2558 = ORIENTED_EDGE('',*,*,#2559,.F.);
#2559 = EDGE_CURVE('',#2560,#2316,#2562,.T.);
#2560 = VERTEX_POINT('',#2561);
#2561 = CARTESIAN_POINT('',(-37.52120327388,10.829999999959,6.7));
#2562 = LINE('',#2563,#2564);
#2563 = CARTESIAN_POINT('',(-36.91877904754,10.829999999959,
    4.427945909197));
#2564 = VECTOR('',#2565,1.);
#2565 = DIRECTION('',(0.256289373133,0.,-0.966600102017));
#2566 = ORIENTED_EDGE('',*,*,#2567,.F.);
#2567 = EDGE_CURVE('',#2549,#2560,#2568,.T.);
#2568 = LINE('',#2569,#2570);
#2569 = CARTESIAN_POINT('',(-18.075,10.829999999959,6.7));
#2570 = VECTOR('',#2571,1.);
#2571 = DIRECTION('',(-1.,0.,0.));
#2572 = PLANE('',#2573);
#2573 = AXIS2_PLACEMENT_3D('',#2574,#2575,#2576);
#2574 = CARTESIAN_POINT('',(-36.15,10.829999999959,2.2));
#2575 = DIRECTION('',(0.,1.,0.));
#2576 = DIRECTION('',(0.,0.,1.));
#2577 = ADVANCED_FACE('',(#2578),#2584,.F.);
#2578 = FACE_BOUND('',#2579,.F.);
#2579 = EDGE_LOOP('',(#2580,#2581,#2582,#2583));
#2580 = ORIENTED_EDGE('',*,*,#1200,.T.);
#2581 = ORIENTED_EDGE('',*,*,#2007,.T.);
#2582 = ORIENTED_EDGE('',*,*,#2531,.F.);
#2583 = ORIENTED_EDGE('',*,*,#2490,.F.);
#2584 = PLANE('',#2585);
#2585 = AXIS2_PLACEMENT_3D('',#2586,#2587,#2588);
#2586 = CARTESIAN_POINT('',(-36.15,36.75,6.7));
#2587 = DIRECTION('',(-1.,0.,0.));
#2588 = DIRECTION('',(0.,-1.,0.));
#2589 = ADVANCED_FACE('',(#2590),#2621,.F.);
#2590 = FACE_BOUND('',#2591,.F.);
#2591 = EDGE_LOOP('',(#2592,#2593,#2594,#2595,#2596,#2605,#2613,#2620));
#2592 = ORIENTED_EDGE('',*,*,#2118,.F.);
#2593 = ORIENTED_EDGE('',*,*,#1670,.F.);
#2594 = ORIENTED_EDGE('',*,*,#1347,.T.);
#2595 = ORIENTED_EDGE('',*,*,#1408,.T.);
#2596 = ORIENTED_EDGE('',*,*,#2597,.F.);
#2597 = EDGE_CURVE('',#2598,#1409,#2600,.T.);
#2598 = VERTEX_POINT('',#2599);
#2599 = CARTESIAN_POINT('',(15.892012759203,47.95,5.3));
#2600 = CIRCLE('',#2601,2.7);
#2601 = AXIS2_PLACEMENT_3D('',#2602,#2603,#2604);
#2602 = CARTESIAN_POINT('',(18.4,47.95,6.3));
#2603 = DIRECTION('',(0.,-1.,0.));
#2604 = DIRECTION('',(1.,0.,0.));
#2605 = ORIENTED_EDGE('',*,*,#2606,.T.);
#2606 = EDGE_CURVE('',#2598,#2607,#2609,.T.);
#2607 = VERTEX_POINT('',#2608);
#2608 = CARTESIAN_POINT('',(9.155749299439,47.95,5.3));
#2609 = LINE('',#2610,#2611);
#2610 = CARTESIAN_POINT('',(27.15,47.95,5.3));
#2611 = VECTOR('',#2612,1.);
#2612 = DIRECTION('',(-1.,0.,0.));
#2613 = ORIENTED_EDGE('',*,*,#2614,.F.);
#2614 = EDGE_CURVE('',#2152,#2607,#2615,.T.);
#2615 = CIRCLE('',#2616,2.2);
#2616 = AXIS2_PLACEMENT_3D('',#2617,#2618,#2619);
#2617 = CARTESIAN_POINT('',(6.97,47.95,5.55));
#2618 = DIRECTION('',(0.,-1.,0.));
#2619 = DIRECTION('',(1.,0.,0.));
#2620 = ORIENTED_EDGE('',*,*,#2159,.T.);
#2621 = PLANE('',#2622);
#2622 = AXIS2_PLACEMENT_3D('',#2623,#2624,#2625);
#2623 = CARTESIAN_POINT('',(27.15,47.95,0.));
#2624 = DIRECTION('',(0.,-1.,0.));
#2625 = DIRECTION('',(-1.,0.,0.));
#2626 = ADVANCED_FACE('',(#2627),#2647,.F.);
#2627 = FACE_BOUND('',#2628,.F.);
#2628 = EDGE_LOOP('',(#2629,#2635,#2636,#2642,#2643,#2644,#2645,#2646));
#2629 = ORIENTED_EDGE('',*,*,#2630,.T.);
#2630 = EDGE_CURVE('',#1569,#1870,#2631,.T.);
#2631 = LINE('',#2632,#2633);
#2632 = CARTESIAN_POINT('',(37.521203273864,13.029999999958,12.7));
#2633 = VECTOR('',#2634,1.);
#2634 = DIRECTION('',(0.,0.,-1.));
#2635 = ORIENTED_EDGE('',*,*,#1877,.T.);
#2636 = ORIENTED_EDGE('',*,*,#2637,.T.);
#2637 = EDGE_CURVE('',#1878,#1450,#2638,.T.);
#2638 = LINE('',#2639,#2640);
#2639 = CARTESIAN_POINT('',(37.521203273864,19.730000000042,2.2));
#2640 = VECTOR('',#2641,1.);
#2641 = DIRECTION('',(0.,0.,1.));
#2642 = ORIENTED_EDGE('',*,*,#1457,.F.);
#2643 = ORIENTED_EDGE('',*,*,#1480,.T.);
#2644 = ORIENTED_EDGE('',*,*,#1504,.T.);
#2645 = ORIENTED_EDGE('',*,*,#1528,.T.);
#2646 = ORIENTED_EDGE('',*,*,#1568,.F.);
#2647 = PLANE('',#2648);
#2648 = AXIS2_PLACEMENT_3D('',#2649,#2650,#2651);
#2649 = CARTESIAN_POINT('',(37.521203273864,11.930000000011,7.45));
#2650 = DIRECTION('',(1.,0.,0.));
#2651 = DIRECTION('',(0.,0.,1.));
#2652 = ADVANCED_FACE('',(#2653),#2680,.T.);
#2653 = FACE_BOUND('',#2654,.T.);
#2654 = EDGE_LOOP('',(#2655,#2663,#2664,#2665,#2666,#2674));
#2655 = ORIENTED_EDGE('',*,*,#2656,.F.);
#2656 = EDGE_CURVE('',#1886,#2657,#2659,.T.);
#2657 = VERTEX_POINT('',#2658);
#2658 = CARTESIAN_POINT('',(36.15,19.730000000042,6.7));
#2659 = LINE('',#2660,#2661);
#2660 = CARTESIAN_POINT('',(36.15,19.730000000042,2.2));
#2661 = VECTOR('',#2662,1.);
#2662 = DIRECTION('',(0.,0.,1.));
#2663 = ORIENTED_EDGE('',*,*,#1885,.T.);
#2664 = ORIENTED_EDGE('',*,*,#2637,.T.);
#2665 = ORIENTED_EDGE('',*,*,#1449,.F.);
#2666 = ORIENTED_EDGE('',*,*,#2667,.F.);
#2667 = EDGE_CURVE('',#2668,#1442,#2670,.T.);
#2668 = VERTEX_POINT('',#2669);
#2669 = CARTESIAN_POINT('',(37.521203273878,19.730000000042,6.7));
#2670 = LINE('',#2671,#2672);
#2671 = CARTESIAN_POINT('',(36.918779047533,19.730000000042,
    4.427945909199));
#2672 = VECTOR('',#2673,1.);
#2673 = DIRECTION('',(-0.256289373133,-0.,-0.966600102017));
#2674 = ORIENTED_EDGE('',*,*,#2675,.F.);
#2675 = EDGE_CURVE('',#2657,#2668,#2676,.T.);
#2676 = LINE('',#2677,#2678);
#2677 = CARTESIAN_POINT('',(18.075,19.730000000042,6.7));
#2678 = VECTOR('',#2679,1.);
#2679 = DIRECTION('',(1.,0.,0.));
#2680 = PLANE('',#2681);
#2681 = AXIS2_PLACEMENT_3D('',#2682,#2683,#2684);
#2682 = CARTESIAN_POINT('',(36.15,19.730000000042,2.2));
#2683 = DIRECTION('',(0.,-1.,0.));
#2684 = DIRECTION('',(0.,0.,1.));
#2685 = ADVANCED_FACE('',(#2686),#2703,.T.);
#2686 = FACE_BOUND('',#2687,.T.);
#2687 = EDGE_LOOP('',(#2688,#2689,#2690,#2697));
#2688 = ORIENTED_EDGE('',*,*,#2667,.T.);
#2689 = ORIENTED_EDGE('',*,*,#1441,.T.);
#2690 = ORIENTED_EDGE('',*,*,#2691,.T.);
#2691 = EDGE_CURVE('',#1433,#2692,#2694,.T.);
#2692 = VERTEX_POINT('',#2693);
#2693 = CARTESIAN_POINT('',(37.521203273892,36.75,6.7));
#2694 = B_SPLINE_CURVE_WITH_KNOTS('',1,(#2695,#2696),.UNSPECIFIED.,.F.,
  .F.,(2,2),(0.,1.),.PIECEWISE_BEZIER_KNOTS.);
#2695 = CARTESIAN_POINT('',(37.150000000027,36.75,5.3));
#2696 = CARTESIAN_POINT('',(37.521203273892,36.75,6.7));
#2697 = ORIENTED_EDGE('',*,*,#2698,.F.);
#2698 = EDGE_CURVE('',#2668,#2692,#2699,.T.);
#2699 = LINE('',#2700,#2701);
#2700 = CARTESIAN_POINT('',(37.521203273892,-36.75000000002,6.7));
#2701 = VECTOR('',#2702,1.);
#2702 = DIRECTION('',(0.,1.,0.));
#2703 = PLANE('',#2704);
#2704 = AXIS2_PLACEMENT_3D('',#2705,#2706,#2707);
#2705 = CARTESIAN_POINT('',(37.521203273892,-36.75000000002,6.7));
#2706 = DIRECTION('',(0.966600102017,0.,-0.256289373133));
#2707 = DIRECTION('',(0.,1.,0.));
#2708 = ADVANCED_FACE('',(#2709),#2727,.T.);
#2709 = FACE_BOUND('',#2710,.T.);
#2710 = EDGE_LOOP('',(#2711,#2712,#2719,#2726));
#2711 = ORIENTED_EDGE('',*,*,#1432,.T.);
#2712 = ORIENTED_EDGE('',*,*,#2713,.T.);
#2713 = EDGE_CURVE('',#1425,#2714,#2716,.T.);
#2714 = VERTEX_POINT('',#2715);
#2715 = CARTESIAN_POINT('',(27.15,47.121203273892,6.7));
#2716 = B_SPLINE_CURVE_WITH_KNOTS('',1,(#2717,#2718),.UNSPECIFIED.,.F.,
  .F.,(2,2),(0.,1.),.PIECEWISE_BEZIER_KNOTS.);
#2717 = CARTESIAN_POINT('',(27.15,46.750000000027,5.3));
#2718 = CARTESIAN_POINT('',(27.15,47.121203273892,6.7));
#2719 = ORIENTED_EDGE('',*,*,#2720,.F.);
#2720 = EDGE_CURVE('',#2692,#2714,#2721,.T.);
#2721 = CIRCLE('',#2722,10.371203273892);
#2722 = AXIS2_PLACEMENT_3D('',#2723,#2724,#2725);
#2723 = CARTESIAN_POINT('',(27.15,36.75,6.7));
#2724 = DIRECTION('',(0.,0.,1.));
#2725 = DIRECTION('',(1.,0.,0.));
#2726 = ORIENTED_EDGE('',*,*,#2691,.F.);
#2727 = CONICAL_SURFACE('',#2728,10.000000000027,0.259181393921);
#2728 = AXIS2_PLACEMENT_3D('',#2729,#2730,#2731);
#2729 = CARTESIAN_POINT('',(27.15,36.75,5.3));
#2730 = DIRECTION('',(0.,0.,1.));
#2731 = DIRECTION('',(1.,0.,0.));
#2732 = ADVANCED_FACE('',(#2733),#2761,.T.);
#2733 = FACE_BOUND('',#2734,.T.);
#2734 = EDGE_LOOP('',(#2735,#2736,#2737,#2746,#2755));
#2735 = ORIENTED_EDGE('',*,*,#2713,.F.);
#2736 = ORIENTED_EDGE('',*,*,#1424,.T.);
#2737 = ORIENTED_EDGE('',*,*,#2738,.F.);
#2738 = EDGE_CURVE('',#2739,#1417,#2741,.T.);
#2739 = VERTEX_POINT('',#2740);
#2740 = CARTESIAN_POINT('',(21.1,47.015145195645,6.3));
#2741 = ELLIPSE('',#2742,2.793295794575,2.7);
#2742 = AXIS2_PLACEMENT_3D('',#2743,#2744,#2745);
#2743 = CARTESIAN_POINT('',(18.4,47.015145195645,6.3));
#2744 = DIRECTION('',(0.,0.966600102017,-0.256289373133));
#2745 = DIRECTION('',(0.,0.256289373133,0.966600102017));
#2746 = ORIENTED_EDGE('',*,*,#2747,.F.);
#2747 = EDGE_CURVE('',#2748,#2739,#2750,.T.);
#2748 = VERTEX_POINT('',#2749);
#2749 = CARTESIAN_POINT('',(21.070205984564,47.121203273892,6.7));
#2750 = ELLIPSE('',#2751,2.793295794575,2.7);
#2751 = AXIS2_PLACEMENT_3D('',#2752,#2753,#2754);
#2752 = CARTESIAN_POINT('',(18.4,47.015145195645,6.3));
#2753 = DIRECTION('',(0.,0.966600102017,-0.256289373133));
#2754 = DIRECTION('',(0.,0.256289373133,0.966600102017));
#2755 = ORIENTED_EDGE('',*,*,#2756,.F.);
#2756 = EDGE_CURVE('',#2714,#2748,#2757,.T.);
#2757 = LINE('',#2758,#2759);
#2758 = CARTESIAN_POINT('',(27.15,47.121203273892,6.7));
#2759 = VECTOR('',#2760,1.);
#2760 = DIRECTION('',(-1.,0.,0.));
#2761 = PLANE('',#2762);
#2762 = AXIS2_PLACEMENT_3D('',#2763,#2764,#2765);
#2763 = CARTESIAN_POINT('',(27.15,47.121203273892,6.7));
#2764 = DIRECTION('',(0.,0.966600102017,-0.256289373133));
#2765 = DIRECTION('',(-1.,0.,0.));
#2766 = ADVANCED_FACE('',(#2767),#2822,.F.);
#2767 = FACE_BOUND('',#2768,.T.);
#2768 = EDGE_LOOP('',(#2769,#2780,#2786,#2787,#2788,#2789,#2790,#2798,
    #2807,#2815));
#2769 = ORIENTED_EDGE('',*,*,#2770,.T.);
#2770 = EDGE_CURVE('',#2771,#2773,#2775,.T.);
#2771 = VERTEX_POINT('',#2772);
#2772 = CARTESIAN_POINT('',(21.1,45.75,6.3));
#2773 = VERTEX_POINT('',#2774);
#2774 = CARTESIAN_POINT('',(21.070205984564,45.75,6.7));
#2775 = CIRCLE('',#2776,2.7);
#2776 = AXIS2_PLACEMENT_3D('',#2777,#2778,#2779);
#2777 = CARTESIAN_POINT('',(18.4,45.75,6.3));
#2778 = DIRECTION('',(0.,-1.,0.));
#2779 = DIRECTION('',(1.,0.,0.));
#2780 = ORIENTED_EDGE('',*,*,#2781,.T.);
#2781 = EDGE_CURVE('',#2773,#2748,#2782,.T.);
#2782 = LINE('',#2783,#2784);
#2783 = CARTESIAN_POINT('',(21.070205984564,47.95,6.7));
#2784 = VECTOR('',#2785,1.);
#2785 = DIRECTION('',(0.,1.,-2.2E-16));
#2786 = ORIENTED_EDGE('',*,*,#2747,.T.);
#2787 = ORIENTED_EDGE('',*,*,#2738,.T.);
#2788 = ORIENTED_EDGE('',*,*,#1416,.T.);
#2789 = ORIENTED_EDGE('',*,*,#2597,.F.);
#2790 = ORIENTED_EDGE('',*,*,#2791,.F.);
#2791 = EDGE_CURVE('',#2792,#2598,#2794,.T.);
#2792 = VERTEX_POINT('',#2793);
#2793 = CARTESIAN_POINT('',(15.892012759203,46.750000000027,5.3));
#2794 = LINE('',#2795,#2796);
#2795 = CARTESIAN_POINT('',(15.892012759203,47.95,5.3));
#2796 = VECTOR('',#2797,1.);
#2797 = DIRECTION('',(0.,1.,-2.2E-16));
#2798 = ORIENTED_EDGE('',*,*,#2799,.T.);
#2799 = EDGE_CURVE('',#2792,#2800,#2802,.T.);
#2800 = VERTEX_POINT('',#2801);
#2801 = CARTESIAN_POINT('',(15.729794015436,47.121203273892,6.7));
#2802 = ELLIPSE('',#2803,2.793295794575,2.7);
#2803 = AXIS2_PLACEMENT_3D('',#2804,#2805,#2806);
#2804 = CARTESIAN_POINT('',(18.4,47.015145195645,6.3));
#2805 = DIRECTION('',(0.,0.966600102017,-0.256289373133));
#2806 = DIRECTION('',(0.,0.256289373133,0.966600102017));
#2807 = ORIENTED_EDGE('',*,*,#2808,.F.);
#2808 = EDGE_CURVE('',#2809,#2800,#2811,.T.);
#2809 = VERTEX_POINT('',#2810);
#2810 = CARTESIAN_POINT('',(15.729794015436,45.75,6.7));
#2811 = LINE('',#2812,#2813);
#2812 = CARTESIAN_POINT('',(15.729794015436,47.95,6.7));
#2813 = VECTOR('',#2814,1.);
#2814 = DIRECTION('',(0.,1.,-2.2E-16));
#2815 = ORIENTED_EDGE('',*,*,#2816,.T.);
#2816 = EDGE_CURVE('',#2809,#2771,#2817,.T.);
#2817 = CIRCLE('',#2818,2.7);
#2818 = AXIS2_PLACEMENT_3D('',#2819,#2820,#2821);
#2819 = CARTESIAN_POINT('',(18.4,45.75,6.3));
#2820 = DIRECTION('',(0.,-1.,0.));
#2821 = DIRECTION('',(1.,0.,0.));
#2822 = CYLINDRICAL_SURFACE('',#2823,2.7);
#2823 = AXIS2_PLACEMENT_3D('',#2824,#2825,#2826);
#2824 = CARTESIAN_POINT('',(18.4,47.95,6.3));
#2825 = DIRECTION('',(0.,1.,-2.2E-16));
#2826 = DIRECTION('',(1.,0.,0.));
#2827 = ADVANCED_FACE('',(#2828),#2846,.T.);
#2828 = FACE_BOUND('',#2829,.T.);
#2829 = EDGE_LOOP('',(#2830,#2831,#2832,#2840));
#2830 = ORIENTED_EDGE('',*,*,#2094,.T.);
#2831 = ORIENTED_EDGE('',*,*,#1584,.T.);
#2832 = ORIENTED_EDGE('',*,*,#2833,.T.);
#2833 = EDGE_CURVE('',#1577,#2834,#2836,.T.);
#2834 = VERTEX_POINT('',#2835);
#2835 = CARTESIAN_POINT('',(37.521203273878,13.029999999958,6.7));
#2836 = LINE('',#2837,#2838);
#2837 = CARTESIAN_POINT('',(38.219358052168,13.029999999958,
    9.333103634599));
#2838 = VECTOR('',#2839,1.);
#2839 = DIRECTION('',(0.256289373133,0.,0.966600102017));
#2840 = ORIENTED_EDGE('',*,*,#2841,.F.);
#2841 = EDGE_CURVE('',#2095,#2834,#2842,.T.);
#2842 = LINE('',#2843,#2844);
#2843 = CARTESIAN_POINT('',(37.521203273892,-36.75000000002,6.7));
#2844 = VECTOR('',#2845,1.);
#2845 = DIRECTION('',(0.,1.,0.));
#2846 = PLANE('',#2847);
#2847 = AXIS2_PLACEMENT_3D('',#2848,#2849,#2850);
#2848 = CARTESIAN_POINT('',(37.521203273892,-36.75000000002,6.7));
#2849 = DIRECTION('',(0.966600102017,0.,-0.256289373133));
#2850 = DIRECTION('',(0.,1.,0.));
#2851 = ADVANCED_FACE('',(#2852),#2872,.T.);
#2852 = FACE_BOUND('',#2853,.T.);
#2853 = EDGE_LOOP('',(#2854,#2862,#2868,#2869,#2870,#2871));
#2854 = ORIENTED_EDGE('',*,*,#2855,.F.);
#2855 = EDGE_CURVE('',#2856,#1862,#2858,.T.);
#2856 = VERTEX_POINT('',#2857);
#2857 = CARTESIAN_POINT('',(36.15,13.029999999958,6.7));
#2858 = LINE('',#2859,#2860);
#2859 = CARTESIAN_POINT('',(36.15,13.029999999958,12.7));
#2860 = VECTOR('',#2861,1.);
#2861 = DIRECTION('',(0.,0.,-1.));
#2862 = ORIENTED_EDGE('',*,*,#2863,.F.);
#2863 = EDGE_CURVE('',#2834,#2856,#2864,.T.);
#2864 = LINE('',#2865,#2866);
#2865 = CARTESIAN_POINT('',(18.075,13.029999999958,6.7));
#2866 = VECTOR('',#2867,1.);
#2867 = DIRECTION('',(-1.,0.,0.));
#2868 = ORIENTED_EDGE('',*,*,#2833,.F.);
#2869 = ORIENTED_EDGE('',*,*,#1576,.F.);
#2870 = ORIENTED_EDGE('',*,*,#2630,.T.);
#2871 = ORIENTED_EDGE('',*,*,#1869,.F.);
#2872 = PLANE('',#2873);
#2873 = AXIS2_PLACEMENT_3D('',#2874,#2875,#2876);
#2874 = CARTESIAN_POINT('',(36.15,13.029999999958,12.7));
#2875 = DIRECTION('',(0.,1.,0.));
#2876 = DIRECTION('',(0.,0.,-1.));
#2877 = ADVANCED_FACE('',(#2878,#2881),#2892,.F.);
#2878 = FACE_BOUND('',#2879,.T.);
#2879 = EDGE_LOOP('',(#2880));
#2880 = ORIENTED_EDGE('',*,*,#1708,.T.);
#2881 = FACE_BOUND('',#2882,.T.);
#2882 = EDGE_LOOP('',(#2883));
#2883 = ORIENTED_EDGE('',*,*,#2884,.F.);
#2884 = EDGE_CURVE('',#2885,#2885,#2887,.T.);
#2885 = VERTEX_POINT('',#2886);
#2886 = CARTESIAN_POINT('',(-35.782,-35.482,0.8));
#2887 = CIRCLE('',#2888,1.2);
#2888 = AXIS2_PLACEMENT_3D('',#2889,#2890,#2891);
#2889 = CARTESIAN_POINT('',(-34.582,-35.482,0.8));
#2890 = DIRECTION('',(0.,0.,-1.));
#2891 = DIRECTION('',(-1.,0.,0.));
#2892 = PLANE('',#2893);
#2893 = AXIS2_PLACEMENT_3D('',#2894,#2895,#2896);
#2894 = CARTESIAN_POINT('',(-34.582,-35.482,0.8));
#2895 = DIRECTION('',(0.,0.,1.));
#2896 = DIRECTION('',(1.,0.,0.));
#2897 = ADVANCED_FACE('',(#2898,#2901),#2912,.F.);
#2898 = FACE_BOUND('',#2899,.T.);
#2899 = EDGE_LOOP('',(#2900));
#2900 = ORIENTED_EDGE('',*,*,#1733,.T.);
#2901 = FACE_BOUND('',#2902,.T.);
#2902 = EDGE_LOOP('',(#2903));
#2903 = ORIENTED_EDGE('',*,*,#2904,.F.);
#2904 = EDGE_CURVE('',#2905,#2905,#2907,.T.);
#2905 = VERTEX_POINT('',#2906);
#2906 = CARTESIAN_POINT('',(30.982,-41.932,0.8));
#2907 = CIRCLE('',#2908,1.2);
#2908 = AXIS2_PLACEMENT_3D('',#2909,#2910,#2911);
#2909 = CARTESIAN_POINT('',(32.182,-41.932,0.8));
#2910 = DIRECTION('',(0.,0.,-1.));
#2911 = DIRECTION('',(-1.,0.,0.));
#2912 = PLANE('',#2913);
#2913 = AXIS2_PLACEMENT_3D('',#2914,#2915,#2916);
#2914 = CARTESIAN_POINT('',(32.182,-41.932,0.8));
#2915 = DIRECTION('',(0.,0.,1.));
#2916 = DIRECTION('',(1.,0.,0.));
#2917 = ADVANCED_FACE('',(#2918,#2921),#2932,.F.);
#2918 = FACE_BOUND('',#2919,.T.);
#2919 = EDGE_LOOP('',(#2920));
#2920 = ORIENTED_EDGE('',*,*,#1758,.T.);
#2921 = FACE_BOUND('',#2922,.T.);
#2922 = EDGE_LOOP('',(#2923));
#2923 = ORIENTED_EDGE('',*,*,#2924,.F.);
#2924 = EDGE_CURVE('',#2925,#2925,#2927,.T.);
#2925 = VERTEX_POINT('',#2926);
#2926 = CARTESIAN_POINT('',(-33.382,41.932,0.8));
#2927 = CIRCLE('',#2928,1.2);
#2928 = AXIS2_PLACEMENT_3D('',#2929,#2930,#2931);
#2929 = CARTESIAN_POINT('',(-32.182,41.932,0.8));
#2930 = DIRECTION('',(0.,0.,-1.));
#2931 = DIRECTION('',(-1.,0.,0.));
#2932 = PLANE('',#2933);
#2933 = AXIS2_PLACEMENT_3D('',#2934,#2935,#2936);
#2934 = CARTESIAN_POINT('',(-32.182,41.932,0.8));
#2935 = DIRECTION('',(0.,0.,1.));
#2936 = DIRECTION('',(1.,0.,0.));
#2937 = ADVANCED_FACE('',(#2938,#2941),#2952,.F.);
#2938 = FACE_BOUND('',#2939,.T.);
#2939 = EDGE_LOOP('',(#2940));
#2940 = ORIENTED_EDGE('',*,*,#1783,.T.);
#2941 = FACE_BOUND('',#2942,.T.);
#2942 = EDGE_LOOP('',(#2943));
#2943 = ORIENTED_EDGE('',*,*,#2944,.F.);
#2944 = EDGE_CURVE('',#2945,#2945,#2947,.T.);
#2945 = VERTEX_POINT('',#2946);
#2946 = CARTESIAN_POINT('',(30.982,41.932,0.8));
#2947 = CIRCLE('',#2948,1.2);
#2948 = AXIS2_PLACEMENT_3D('',#2949,#2950,#2951);
#2949 = CARTESIAN_POINT('',(32.182,41.932,0.8));
#2950 = DIRECTION('',(0.,0.,-1.));
#2951 = DIRECTION('',(-1.,0.,0.));
#2952 = PLANE('',#2953);
#2953 = AXIS2_PLACEMENT_3D('',#2954,#2955,#2956);
#2954 = CARTESIAN_POINT('',(32.182,41.932,0.8));
#2955 = DIRECTION('',(0.,0.,1.));
#2956 = DIRECTION('',(1.,0.,0.));
#2957 = ADVANCED_FACE('',(#2958),#2969,.F.);
#2958 = FACE_BOUND('',#2959,.F.);
#2959 = EDGE_LOOP('',(#2960,#2961,#2962,#2963));
#2960 = ORIENTED_EDGE('',*,*,#2083,.F.);
#2961 = ORIENTED_EDGE('',*,*,#1861,.T.);
#2962 = ORIENTED_EDGE('',*,*,#2855,.F.);
#2963 = ORIENTED_EDGE('',*,*,#2964,.F.);
#2964 = EDGE_CURVE('',#2084,#2856,#2965,.T.);
#2965 = LINE('',#2966,#2967);
#2966 = CARTESIAN_POINT('',(36.15,-36.75,6.7));
#2967 = VECTOR('',#2968,1.);
#2968 = DIRECTION('',(0.,1.,0.));
#2969 = PLANE('',#2970);
#2970 = AXIS2_PLACEMENT_3D('',#2971,#2972,#2973);
#2971 = CARTESIAN_POINT('',(36.15,-36.75,6.7));
#2972 = DIRECTION('',(1.,0.,0.));
#2973 = DIRECTION('',(0.,1.,0.));
#2974 = ADVANCED_FACE('',(#2975),#2993,.F.);
#2975 = FACE_BOUND('',#2976,.F.);
#2976 = EDGE_LOOP('',(#2977,#2978,#2979,#2987));
#2977 = ORIENTED_EDGE('',*,*,#2656,.F.);
#2978 = ORIENTED_EDGE('',*,*,#1893,.T.);
#2979 = ORIENTED_EDGE('',*,*,#2980,.F.);
#2980 = EDGE_CURVE('',#2981,#1894,#2983,.T.);
#2981 = VERTEX_POINT('',#2982);
#2982 = CARTESIAN_POINT('',(36.15,36.75,6.7));
#2983 = LINE('',#2984,#2985);
#2984 = CARTESIAN_POINT('',(36.15,36.75,6.7));
#2985 = VECTOR('',#2986,1.);
#2986 = DIRECTION('',(-0.,-0.,-1.));
#2987 = ORIENTED_EDGE('',*,*,#2988,.F.);
#2988 = EDGE_CURVE('',#2657,#2981,#2989,.T.);
#2989 = LINE('',#2990,#2991);
#2990 = CARTESIAN_POINT('',(36.15,-36.75,6.7));
#2991 = VECTOR('',#2992,1.);
#2992 = DIRECTION('',(0.,1.,0.));
#2993 = PLANE('',#2994);
#2994 = AXIS2_PLACEMENT_3D('',#2995,#2996,#2997);
#2995 = CARTESIAN_POINT('',(36.15,-36.75,6.7));
#2996 = DIRECTION('',(1.,0.,0.));
#2997 = DIRECTION('',(0.,1.,0.));
#2998 = ADVANCED_FACE('',(#2999),#3018,.F.);
#2999 = FACE_BOUND('',#3000,.F.);
#3000 = EDGE_LOOP('',(#3001,#3002,#3003,#3011));
#3001 = ORIENTED_EDGE('',*,*,#2980,.T.);
#3002 = ORIENTED_EDGE('',*,*,#1901,.T.);
#3003 = ORIENTED_EDGE('',*,*,#3004,.F.);
#3004 = EDGE_CURVE('',#3005,#1902,#3007,.T.);
#3005 = VERTEX_POINT('',#3006);
#3006 = CARTESIAN_POINT('',(27.15,45.75,6.7));
#3007 = LINE('',#3008,#3009);
#3008 = CARTESIAN_POINT('',(27.15,45.75,6.7));
#3009 = VECTOR('',#3010,1.);
#3010 = DIRECTION('',(-0.,-0.,-1.));
#3011 = ORIENTED_EDGE('',*,*,#3012,.F.);
#3012 = EDGE_CURVE('',#2981,#3005,#3013,.T.);
#3013 = CIRCLE('',#3014,9.);
#3014 = AXIS2_PLACEMENT_3D('',#3015,#3016,#3017);
#3015 = CARTESIAN_POINT('',(27.15,36.75,6.7));
#3016 = DIRECTION('',(0.,0.,1.));
#3017 = DIRECTION('',(1.,0.,0.));
#3018 = CYLINDRICAL_SURFACE('',#3019,9.);
#3019 = AXIS2_PLACEMENT_3D('',#3020,#3021,#3022);
#3020 = CARTESIAN_POINT('',(27.15,36.75,6.7));
#3021 = DIRECTION('',(0.,0.,1.));
#3022 = DIRECTION('',(1.,0.,0.));
#3023 = ADVANCED_FACE('',(#3024),#3042,.F.);
#3024 = FACE_BOUND('',#3025,.F.);
#3025 = EDGE_LOOP('',(#3026,#3034,#3035,#3036));
#3026 = ORIENTED_EDGE('',*,*,#3027,.T.);
#3027 = EDGE_CURVE('',#3028,#1984,#3030,.T.);
#3028 = VERTEX_POINT('',#3029);
#3029 = CARTESIAN_POINT('',(-36.15,13.03,6.7));
#3030 = LINE('',#3031,#3032);
#3031 = CARTESIAN_POINT('',(-36.15,13.03,12.7));
#3032 = VECTOR('',#3033,1.);
#3033 = DIRECTION('',(0.,0.,-1.));
#3034 = ORIENTED_EDGE('',*,*,#1991,.T.);
#3035 = ORIENTED_EDGE('',*,*,#2548,.T.);
#3036 = ORIENTED_EDGE('',*,*,#3037,.F.);
#3037 = EDGE_CURVE('',#3028,#2549,#3038,.T.);
#3038 = LINE('',#3039,#3040);
#3039 = CARTESIAN_POINT('',(-36.15,36.75,6.7));
#3040 = VECTOR('',#3041,1.);
#3041 = DIRECTION('',(0.,-1.,0.));
#3042 = PLANE('',#3043);
#3043 = AXIS2_PLACEMENT_3D('',#3044,#3045,#3046);
#3044 = CARTESIAN_POINT('',(-36.15,36.75,6.7));
#3045 = DIRECTION('',(-1.,0.,0.));
#3046 = DIRECTION('',(0.,-1.,0.));
#3047 = ADVANCED_FACE('',(#3048),#3100,.F.);
#3048 = FACE_BOUND('',#3049,.F.);
#3049 = EDGE_LOOP('',(#3050,#3056,#3057,#3058,#3066,#3074,#3083,#3092,
    #3098,#3099));
#3050 = ORIENTED_EDGE('',*,*,#3051,.F.);
#3051 = EDGE_CURVE('',#3005,#2773,#3052,.T.);
#3052 = LINE('',#3053,#3054);
#3053 = CARTESIAN_POINT('',(27.15,45.75,6.7));
#3054 = VECTOR('',#3055,1.);
#3055 = DIRECTION('',(-1.,0.,0.));
#3056 = ORIENTED_EDGE('',*,*,#3004,.T.);
#3057 = ORIENTED_EDGE('',*,*,#1910,.T.);
#3058 = ORIENTED_EDGE('',*,*,#3059,.F.);
#3059 = EDGE_CURVE('',#3060,#1911,#3062,.T.);
#3060 = VERTEX_POINT('',#3061);
#3061 = CARTESIAN_POINT('',(-27.15,45.75,6.7));
#3062 = LINE('',#3063,#3064);
#3063 = CARTESIAN_POINT('',(-27.15,45.75,6.7));
#3064 = VECTOR('',#3065,1.);
#3065 = DIRECTION('',(-0.,-0.,-1.));
#3066 = ORIENTED_EDGE('',*,*,#3067,.F.);
#3067 = EDGE_CURVE('',#3068,#3060,#3070,.T.);
#3068 = VERTEX_POINT('',#3069);
#3069 = CARTESIAN_POINT('',(5.094500066649,45.75,6.7));
#3070 = LINE('',#3071,#3072);
#3071 = CARTESIAN_POINT('',(27.15,45.75,6.7));
#3072 = VECTOR('',#3073,1.);
#3073 = DIRECTION('',(-1.,0.,0.));
#3074 = ORIENTED_EDGE('',*,*,#3075,.T.);
#3075 = EDGE_CURVE('',#3068,#3076,#3078,.T.);
#3076 = VERTEX_POINT('',#3077);
#3077 = CARTESIAN_POINT('',(9.17,45.75,5.55));
#3078 = CIRCLE('',#3079,2.2);
#3079 = AXIS2_PLACEMENT_3D('',#3080,#3081,#3082);
#3080 = CARTESIAN_POINT('',(6.97,45.75,5.55));
#3081 = DIRECTION('',(0.,-1.,0.));
#3082 = DIRECTION('',(1.,0.,0.));
#3083 = ORIENTED_EDGE('',*,*,#3084,.T.);
#3084 = EDGE_CURVE('',#3076,#3085,#3087,.T.);
#3085 = VERTEX_POINT('',#3086);
#3086 = CARTESIAN_POINT('',(8.845499933351,45.75,6.7));
#3087 = CIRCLE('',#3088,2.2);
#3088 = AXIS2_PLACEMENT_3D('',#3089,#3090,#3091);
#3089 = CARTESIAN_POINT('',(6.97,45.75,5.55));
#3090 = DIRECTION('',(0.,-1.,0.));
#3091 = DIRECTION('',(1.,0.,0.));
#3092 = ORIENTED_EDGE('',*,*,#3093,.F.);
#3093 = EDGE_CURVE('',#2809,#3085,#3094,.T.);
#3094 = LINE('',#3095,#3096);
#3095 = CARTESIAN_POINT('',(27.15,45.75,6.7));
#3096 = VECTOR('',#3097,1.);
#3097 = DIRECTION('',(-1.,0.,0.));
#3098 = ORIENTED_EDGE('',*,*,#2816,.T.);
#3099 = ORIENTED_EDGE('',*,*,#2770,.T.);
#3100 = PLANE('',#3101);
#3101 = AXIS2_PLACEMENT_3D('',#3102,#3103,#3104);
#3102 = CARTESIAN_POINT('',(27.15,45.75,6.7));
#3103 = DIRECTION('',(0.,1.,0.));
#3104 = DIRECTION('',(-1.,0.,0.));
#3105 = ADVANCED_FACE('',(#3106),#3131,.F.);
#3106 = FACE_BOUND('',#3107,.F.);
#3107 = EDGE_LOOP('',(#3108,#3109,#3117,#3123,#3124,#3130));
#3108 = ORIENTED_EDGE('',*,*,#3027,.F.);
#3109 = ORIENTED_EDGE('',*,*,#3110,.F.);
#3110 = EDGE_CURVE('',#3111,#3028,#3113,.T.);
#3111 = VERTEX_POINT('',#3112);
#3112 = CARTESIAN_POINT('',(-37.52120327388,13.03,6.7));
#3113 = LINE('',#3114,#3115);
#3114 = CARTESIAN_POINT('',(-18.075,13.03,6.7));
#3115 = VECTOR('',#3116,1.);
#3116 = DIRECTION('',(1.,0.,0.));
#3117 = ORIENTED_EDGE('',*,*,#3118,.F.);
#3118 = EDGE_CURVE('',#2324,#3111,#3119,.T.);
#3119 = LINE('',#3120,#3121);
#3120 = CARTESIAN_POINT('',(-38.21935805218,13.03,9.333103634598));
#3121 = VECTOR('',#3122,1.);
#3122 = DIRECTION('',(-0.256289373133,0.,0.966600102017));
#3123 = ORIENTED_EDGE('',*,*,#2331,.F.);
#3124 = ORIENTED_EDGE('',*,*,#3125,.T.);
#3125 = EDGE_CURVE('',#2297,#1976,#3126,.T.);
#3126 = LINE('',#3127,#3128);
#3127 = CARTESIAN_POINT('',(-37.52120327386,13.03,12.7));
#3128 = VECTOR('',#3129,1.);
#3129 = DIRECTION('',(0.,0.,-1.));
#3130 = ORIENTED_EDGE('',*,*,#1983,.F.);
#3131 = PLANE('',#3132);
#3132 = AXIS2_PLACEMENT_3D('',#3133,#3134,#3135);
#3133 = CARTESIAN_POINT('',(-36.15,13.03,12.7));
#3134 = DIRECTION('',(0.,-1.,0.));
#3135 = DIRECTION('',(0.,0.,-1.));
#3136 = ADVANCED_FACE('',(#3137),#3156,.F.);
#3137 = FACE_BOUND('',#3138,.F.);
#3138 = EDGE_LOOP('',(#3139,#3140,#3141,#3149));
#3139 = ORIENTED_EDGE('',*,*,#3059,.T.);
#3140 = ORIENTED_EDGE('',*,*,#1918,.T.);
#3141 = ORIENTED_EDGE('',*,*,#3142,.F.);
#3142 = EDGE_CURVE('',#3143,#1919,#3145,.T.);
#3143 = VERTEX_POINT('',#3144);
#3144 = CARTESIAN_POINT('',(-36.15,36.75,6.7));
#3145 = LINE('',#3146,#3147);
#3146 = CARTESIAN_POINT('',(-36.15,36.75,6.7));
#3147 = VECTOR('',#3148,1.);
#3148 = DIRECTION('',(-0.,-0.,-1.));
#3149 = ORIENTED_EDGE('',*,*,#3150,.F.);
#3150 = EDGE_CURVE('',#3060,#3143,#3151,.T.);
#3151 = CIRCLE('',#3152,9.);
#3152 = AXIS2_PLACEMENT_3D('',#3153,#3154,#3155);
#3153 = CARTESIAN_POINT('',(-27.15,36.75,6.7));
#3154 = DIRECTION('',(0.,0.,1.));
#3155 = DIRECTION('',(1.,0.,0.));
#3156 = CYLINDRICAL_SURFACE('',#3157,9.);
#3157 = AXIS2_PLACEMENT_3D('',#3158,#3159,#3160);
#3158 = CARTESIAN_POINT('',(-27.15,36.75,6.7));
#3159 = DIRECTION('',(0.,0.,1.));
#3160 = DIRECTION('',(1.,0.,0.));
#3161 = ADVANCED_FACE('',(#3162),#3177,.T.);
#3162 = FACE_BOUND('',#3163,.T.);
#3163 = EDGE_LOOP('',(#3164,#3170,#3171,#3172,#3173,#3174,#3175,#3176));
#3164 = ORIENTED_EDGE('',*,*,#3165,.T.);
#3165 = EDGE_CURVE('',#1968,#2412,#3166,.T.);
#3166 = LINE('',#3167,#3168);
#3167 = CARTESIAN_POINT('',(-37.52120327386,19.73,2.2));
#3168 = VECTOR('',#3169,1.);
#3169 = DIRECTION('',(0.,0.,1.));
#3170 = ORIENTED_EDGE('',*,*,#2411,.F.);
#3171 = ORIENTED_EDGE('',*,*,#2475,.F.);
#3172 = ORIENTED_EDGE('',*,*,#2451,.F.);
#3173 = ORIENTED_EDGE('',*,*,#2371,.F.);
#3174 = ORIENTED_EDGE('',*,*,#2296,.F.);
#3175 = ORIENTED_EDGE('',*,*,#3125,.T.);
#3176 = ORIENTED_EDGE('',*,*,#1975,.T.);
#3177 = PLANE('',#3178);
#3178 = AXIS2_PLACEMENT_3D('',#3179,#3180,#3181);
#3179 = CARTESIAN_POINT('',(-37.52120327386,17.635493716352,7.45));
#3180 = DIRECTION('',(1.,0.,0.));
#3181 = DIRECTION('',(0.,0.,1.));
#3182 = ADVANCED_FACE('',(#3183),#3201,.F.);
#3183 = FACE_BOUND('',#3184,.F.);
#3184 = EDGE_LOOP('',(#3185,#3193,#3194,#3195));
#3185 = ORIENTED_EDGE('',*,*,#3186,.F.);
#3186 = EDGE_CURVE('',#3143,#3187,#3189,.T.);
#3187 = VERTEX_POINT('',#3188);
#3188 = CARTESIAN_POINT('',(-36.15,32.25,6.7));
#3189 = LINE('',#3190,#3191);
#3190 = CARTESIAN_POINT('',(-36.15,36.75,6.7));
#3191 = VECTOR('',#3192,1.);
#3192 = DIRECTION('',(0.,-1.,0.));
#3193 = ORIENTED_EDGE('',*,*,#3142,.T.);
#3194 = ORIENTED_EDGE('',*,*,#1927,.T.);
#3195 = ORIENTED_EDGE('',*,*,#3196,.T.);
#3196 = EDGE_CURVE('',#1928,#3187,#3197,.T.);
#3197 = LINE('',#3198,#3199);
#3198 = CARTESIAN_POINT('',(-36.15,32.25,2.2));
#3199 = VECTOR('',#3200,1.);
#3200 = DIRECTION('',(0.,0.,1.));
#3201 = PLANE('',#3202);
#3202 = AXIS2_PLACEMENT_3D('',#3203,#3204,#3205);
#3203 = CARTESIAN_POINT('',(-36.15,36.75,6.7));
#3204 = DIRECTION('',(-1.,0.,0.));
#3205 = DIRECTION('',(0.,-1.,0.));
#3206 = ADVANCED_FACE('',(#3207),#3234,.F.);
#3207 = FACE_BOUND('',#3208,.F.);
#3208 = EDGE_LOOP('',(#3209,#3217,#3218,#3219,#3220,#3228));
#3209 = ORIENTED_EDGE('',*,*,#3210,.F.);
#3210 = EDGE_CURVE('',#1960,#3211,#3213,.T.);
#3211 = VERTEX_POINT('',#3212);
#3212 = CARTESIAN_POINT('',(-36.15,19.73,6.7));
#3213 = LINE('',#3214,#3215);
#3214 = CARTESIAN_POINT('',(-36.15,19.73,2.2));
#3215 = VECTOR('',#3216,1.);
#3216 = DIRECTION('',(0.,0.,1.));
#3217 = ORIENTED_EDGE('',*,*,#1967,.T.);
#3218 = ORIENTED_EDGE('',*,*,#3165,.T.);
#3219 = ORIENTED_EDGE('',*,*,#2419,.F.);
#3220 = ORIENTED_EDGE('',*,*,#3221,.F.);
#3221 = EDGE_CURVE('',#3222,#2420,#3224,.T.);
#3222 = VERTEX_POINT('',#3223);
#3223 = CARTESIAN_POINT('',(-37.52120327388,19.73,6.7));
#3224 = LINE('',#3225,#3226);
#3225 = CARTESIAN_POINT('',(-36.91877904754,19.73,4.427945909197));
#3226 = VECTOR('',#3227,1.);
#3227 = DIRECTION('',(0.256289373133,0.,-0.966600102017));
#3228 = ORIENTED_EDGE('',*,*,#3229,.F.);
#3229 = EDGE_CURVE('',#3211,#3222,#3230,.T.);
#3230 = LINE('',#3231,#3232);
#3231 = CARTESIAN_POINT('',(-18.075,19.73,6.7));
#3232 = VECTOR('',#3233,1.);
#3233 = DIRECTION('',(-1.,0.,0.));
#3234 = PLANE('',#3235);
#3235 = AXIS2_PLACEMENT_3D('',#3236,#3237,#3238);
#3236 = CARTESIAN_POINT('',(-36.15,19.73,2.2));
#3237 = DIRECTION('',(0.,1.,0.));
#3238 = DIRECTION('',(0.,0.,1.));
#3239 = ADVANCED_FACE('',(#3240),#3265,.F.);
#3240 = FACE_BOUND('',#3241,.F.);
#3241 = EDGE_LOOP('',(#3242,#3243,#3244,#3250,#3251,#3259));
#3242 = ORIENTED_EDGE('',*,*,#3196,.F.);
#3243 = ORIENTED_EDGE('',*,*,#1935,.T.);
#3244 = ORIENTED_EDGE('',*,*,#3245,.T.);
#3245 = EDGE_CURVE('',#1936,#2176,#3246,.T.);
#3246 = LINE('',#3247,#3248);
#3247 = CARTESIAN_POINT('',(-37.52120327386,32.25,2.2));
#3248 = VECTOR('',#3249,1.);
#3249 = DIRECTION('',(0.,0.,1.));
#3250 = ORIENTED_EDGE('',*,*,#2183,.F.);
#3251 = ORIENTED_EDGE('',*,*,#3252,.F.);
#3252 = EDGE_CURVE('',#3253,#2184,#3255,.T.);
#3253 = VERTEX_POINT('',#3254);
#3254 = CARTESIAN_POINT('',(-37.52120327388,32.25,6.7));
#3255 = LINE('',#3256,#3257);
#3256 = CARTESIAN_POINT('',(-36.91877904754,32.25,4.427945909197));
#3257 = VECTOR('',#3258,1.);
#3258 = DIRECTION('',(0.256289373133,0.,-0.966600102017));
#3259 = ORIENTED_EDGE('',*,*,#3260,.F.);
#3260 = EDGE_CURVE('',#3187,#3253,#3261,.T.);
#3261 = LINE('',#3262,#3263);
#3262 = CARTESIAN_POINT('',(-18.075,32.25,6.7));
#3263 = VECTOR('',#3264,1.);
#3264 = DIRECTION('',(-1.,0.,0.));
#3265 = PLANE('',#3266);
#3266 = AXIS2_PLACEMENT_3D('',#3267,#3268,#3269);
#3267 = CARTESIAN_POINT('',(-36.15,32.25,2.2));
#3268 = DIRECTION('',(0.,1.,0.));
#3269 = DIRECTION('',(0.,0.,1.));
#3270 = ADVANCED_FACE('',(#3271),#3289,.F.);
#3271 = FACE_BOUND('',#3272,.F.);
#3272 = EDGE_LOOP('',(#3273,#3281,#3282,#3283));
#3273 = ORIENTED_EDGE('',*,*,#3274,.T.);
#3274 = EDGE_CURVE('',#3275,#1952,#3277,.T.);
#3275 = VERTEX_POINT('',#3276);
#3276 = CARTESIAN_POINT('',(-36.15,21.45,6.7));
#3277 = LINE('',#3278,#3279);
#3278 = CARTESIAN_POINT('',(-36.15,21.45,12.7));
#3279 = VECTOR('',#3280,1.);
#3280 = DIRECTION('',(0.,0.,-1.));
#3281 = ORIENTED_EDGE('',*,*,#1959,.T.);
#3282 = ORIENTED_EDGE('',*,*,#3210,.T.);
#3283 = ORIENTED_EDGE('',*,*,#3284,.F.);
#3284 = EDGE_CURVE('',#3275,#3211,#3285,.T.);
#3285 = LINE('',#3286,#3287);
#3286 = CARTESIAN_POINT('',(-36.15,36.75,6.7));
#3287 = VECTOR('',#3288,1.);
#3288 = DIRECTION('',(0.,-1.,0.));
#3289 = PLANE('',#3290);
#3290 = AXIS2_PLACEMENT_3D('',#3291,#3292,#3293);
#3291 = CARTESIAN_POINT('',(-36.15,36.75,6.7));
#3292 = DIRECTION('',(-1.,0.,0.));
#3293 = DIRECTION('',(0.,-1.,0.));
#3294 = ADVANCED_FACE('',(#3295),#3310,.T.);
#3295 = FACE_BOUND('',#3296,.T.);
#3296 = EDGE_LOOP('',(#3297,#3298,#3299,#3300,#3301,#3302,#3303,#3309));
#3297 = ORIENTED_EDGE('',*,*,#3245,.T.);
#3298 = ORIENTED_EDGE('',*,*,#2175,.F.);
#3299 = ORIENTED_EDGE('',*,*,#2240,.F.);
#3300 = ORIENTED_EDGE('',*,*,#2281,.F.);
#3301 = ORIENTED_EDGE('',*,*,#2354,.F.);
#3302 = ORIENTED_EDGE('',*,*,#2393,.F.);
#3303 = ORIENTED_EDGE('',*,*,#3304,.T.);
#3304 = EDGE_CURVE('',#2394,#1944,#3305,.T.);
#3305 = LINE('',#3306,#3307);
#3306 = CARTESIAN_POINT('',(-37.52120327386,21.45,12.7));
#3307 = VECTOR('',#3308,1.);
#3308 = DIRECTION('',(0.,0.,-1.));
#3309 = ORIENTED_EDGE('',*,*,#1943,.T.);
#3310 = PLANE('',#3311);
#3311 = AXIS2_PLACEMENT_3D('',#3312,#3313,#3314);
#3312 = CARTESIAN_POINT('',(-37.52120327386,17.635493716352,7.45));
#3313 = DIRECTION('',(1.,0.,0.));
#3314 = DIRECTION('',(0.,0.,1.));
#3315 = ADVANCED_FACE('',(#3316),#3336,.F.);
#3316 = FACE_BOUND('',#3317,.F.);
#3317 = EDGE_LOOP('',(#3318,#3319,#3327,#3333,#3334,#3335));
#3318 = ORIENTED_EDGE('',*,*,#3274,.F.);
#3319 = ORIENTED_EDGE('',*,*,#3320,.F.);
#3320 = EDGE_CURVE('',#3321,#3275,#3323,.T.);
#3321 = VERTEX_POINT('',#3322);
#3322 = CARTESIAN_POINT('',(-37.52120327388,21.45,6.7));
#3323 = LINE('',#3324,#3325);
#3324 = CARTESIAN_POINT('',(-18.075,21.45,6.7));
#3325 = VECTOR('',#3326,1.);
#3326 = DIRECTION('',(1.,0.,0.));
#3327 = ORIENTED_EDGE('',*,*,#3328,.F.);
#3328 = EDGE_CURVE('',#2428,#3321,#3329,.T.);
#3329 = LINE('',#3330,#3331);
#3330 = CARTESIAN_POINT('',(-38.21935805218,21.45,9.333103634598));
#3331 = VECTOR('',#3332,1.);
#3332 = DIRECTION('',(-0.256289373133,0.,0.966600102017));
#3333 = ORIENTED_EDGE('',*,*,#2435,.F.);
#3334 = ORIENTED_EDGE('',*,*,#3304,.T.);
#3335 = ORIENTED_EDGE('',*,*,#1951,.F.);
#3336 = PLANE('',#3337);
#3337 = AXIS2_PLACEMENT_3D('',#3338,#3339,#3340);
#3338 = CARTESIAN_POINT('',(-36.15,21.45,12.7));
#3339 = DIRECTION('',(0.,-1.,0.));
#3340 = DIRECTION('',(0.,0.,-1.));
#3341 = ADVANCED_FACE('',(#3342),#3353,.F.);
#3342 = FACE_BOUND('',#3343,.T.);
#3343 = EDGE_LOOP('',(#3344,#3350,#3351,#3352));
#3344 = ORIENTED_EDGE('',*,*,#3345,.F.);
#3345 = EDGE_CURVE('',#2885,#2034,#3346,.T.);
#3346 = LINE('',#3347,#3348);
#3347 = CARTESIAN_POINT('',(-35.782,-35.482,0.8));
#3348 = VECTOR('',#3349,1.);
#3349 = DIRECTION('',(7.E-17,0.,1.));
#3350 = ORIENTED_EDGE('',*,*,#2884,.T.);
#3351 = ORIENTED_EDGE('',*,*,#3345,.T.);
#3352 = ORIENTED_EDGE('',*,*,#2033,.T.);
#3353 = CYLINDRICAL_SURFACE('',#3354,1.2);
#3354 = AXIS2_PLACEMENT_3D('',#3355,#3356,#3357);
#3355 = CARTESIAN_POINT('',(-34.582,-35.482,0.8));
#3356 = DIRECTION('',(0.,0.,1.));
#3357 = DIRECTION('',(-1.,0.,0.));
#3358 = ADVANCED_FACE('',(#3359),#3370,.F.);
#3359 = FACE_BOUND('',#3360,.T.);
#3360 = EDGE_LOOP('',(#3361,#3367,#3368,#3369));
#3361 = ORIENTED_EDGE('',*,*,#3362,.F.);
#3362 = EDGE_CURVE('',#2905,#2045,#3363,.T.);
#3363 = LINE('',#3364,#3365);
#3364 = CARTESIAN_POINT('',(30.982,-41.932,0.8));
#3365 = VECTOR('',#3366,1.);
#3366 = DIRECTION('',(7.E-17,0.,1.));
#3367 = ORIENTED_EDGE('',*,*,#2904,.T.);
#3368 = ORIENTED_EDGE('',*,*,#3362,.T.);
#3369 = ORIENTED_EDGE('',*,*,#2044,.T.);
#3370 = CYLINDRICAL_SURFACE('',#3371,1.2);
#3371 = AXIS2_PLACEMENT_3D('',#3372,#3373,#3374);
#3372 = CARTESIAN_POINT('',(32.182,-41.932,0.8));
#3373 = DIRECTION('',(0.,0.,1.));
#3374 = DIRECTION('',(-1.,0.,0.));
#3375 = ADVANCED_FACE('',(#3376),#3387,.F.);
#3376 = FACE_BOUND('',#3377,.T.);
#3377 = EDGE_LOOP('',(#3378,#3384,#3385,#3386));
#3378 = ORIENTED_EDGE('',*,*,#3379,.F.);
#3379 = EDGE_CURVE('',#2925,#2056,#3380,.T.);
#3380 = LINE('',#3381,#3382);
#3381 = CARTESIAN_POINT('',(-33.382,41.932,0.8));
#3382 = VECTOR('',#3383,1.);
#3383 = DIRECTION('',(7.E-17,0.,1.));
#3384 = ORIENTED_EDGE('',*,*,#2924,.T.);
#3385 = ORIENTED_EDGE('',*,*,#3379,.T.);
#3386 = ORIENTED_EDGE('',*,*,#2055,.T.);
#3387 = CYLINDRICAL_SURFACE('',#3388,1.2);
#3388 = AXIS2_PLACEMENT_3D('',#3389,#3390,#3391);
#3389 = CARTESIAN_POINT('',(-32.182,41.932,0.8));
#3390 = DIRECTION('',(0.,0.,1.));
#3391 = DIRECTION('',(-1.,0.,0.));
#3392 = ADVANCED_FACE('',(#3393),#3404,.F.);
#3393 = FACE_BOUND('',#3394,.T.);
#3394 = EDGE_LOOP('',(#3395,#3401,#3402,#3403));
#3395 = ORIENTED_EDGE('',*,*,#3396,.F.);
#3396 = EDGE_CURVE('',#2945,#2067,#3397,.T.);
#3397 = LINE('',#3398,#3399);
#3398 = CARTESIAN_POINT('',(30.982,41.932,0.8));
#3399 = VECTOR('',#3400,1.);
#3400 = DIRECTION('',(7.E-17,0.,1.));
#3401 = ORIENTED_EDGE('',*,*,#2944,.T.);
#3402 = ORIENTED_EDGE('',*,*,#3396,.T.);
#3403 = ORIENTED_EDGE('',*,*,#2066,.T.);
#3404 = CYLINDRICAL_SURFACE('',#3405,1.2);
#3405 = AXIS2_PLACEMENT_3D('',#3406,#3407,#3408);
#3406 = CARTESIAN_POINT('',(32.182,41.932,0.8));
#3407 = DIRECTION('',(0.,0.,1.));
#3408 = DIRECTION('',(-1.,0.,0.));
#3409 = ADVANCED_FACE('',(#3410),#3416,.T.);
#3410 = FACE_BOUND('',#3411,.T.);
#3411 = EDGE_LOOP('',(#3412,#3413,#3414,#3415));
#3412 = ORIENTED_EDGE('',*,*,#2964,.F.);
#3413 = ORIENTED_EDGE('',*,*,#2102,.T.);
#3414 = ORIENTED_EDGE('',*,*,#2841,.T.);
#3415 = ORIENTED_EDGE('',*,*,#2863,.T.);
#3416 = PLANE('',#3417);
#3417 = AXIS2_PLACEMENT_3D('',#3418,#3419,#3420);
#3418 = CARTESIAN_POINT('',(-6.86E-15,0.,6.7));
#3419 = DIRECTION('',(0.,0.,1.));
#3420 = DIRECTION('',(1.,0.,0.));
#3421 = ADVANCED_FACE('',(#3422),#3447,.T.);
#3422 = FACE_BOUND('',#3423,.T.);
#3423 = EDGE_LOOP('',(#3424,#3433,#3434,#3441));
#3424 = ORIENTED_EDGE('',*,*,#3425,.F.);
#3425 = EDGE_CURVE('',#2142,#3426,#3428,.T.);
#3426 = VERTEX_POINT('',#3427);
#3427 = CARTESIAN_POINT('',(5.094500066649,47.121203273892,6.7));
#3428 = ELLIPSE('',#3429,2.27601879558,2.2);
#3429 = AXIS2_PLACEMENT_3D('',#3430,#3431,#3432);
#3430 = CARTESIAN_POINT('',(6.97,46.816286298932,5.55));
#3431 = DIRECTION('',(0.,0.966600102017,-0.256289373133));
#3432 = DIRECTION('',(0.,0.256289373133,0.966600102017));
#3433 = ORIENTED_EDGE('',*,*,#2141,.T.);
#3434 = ORIENTED_EDGE('',*,*,#3435,.T.);
#3435 = EDGE_CURVE('',#2144,#3436,#3438,.T.);
#3436 = VERTEX_POINT('',#3437);
#3437 = CARTESIAN_POINT('',(-27.15000000001,47.121203273892,6.7));
#3438 = B_SPLINE_CURVE_WITH_KNOTS('',1,(#3439,#3440),.UNSPECIFIED.,.F.,
  .F.,(2,2),(0.,1.),.PIECEWISE_BEZIER_KNOTS.);
#3439 = CARTESIAN_POINT('',(-27.15000000001,46.750000000027,5.3));
#3440 = CARTESIAN_POINT('',(-27.15000000001,47.121203273892,6.7));
#3441 = ORIENTED_EDGE('',*,*,#3442,.F.);
#3442 = EDGE_CURVE('',#3426,#3436,#3443,.T.);
#3443 = LINE('',#3444,#3445);
#3444 = CARTESIAN_POINT('',(27.15,47.121203273892,6.7));
#3445 = VECTOR('',#3446,1.);
#3446 = DIRECTION('',(-1.,0.,0.));
#3447 = PLANE('',#3448);
#3448 = AXIS2_PLACEMENT_3D('',#3449,#3450,#3451);
#3449 = CARTESIAN_POINT('',(27.15,47.121203273892,6.7));
#3450 = DIRECTION('',(0.,0.966600102017,-0.256289373133));
#3451 = DIRECTION('',(-1.,0.,0.));
#3452 = ADVANCED_FACE('',(#3453),#3471,.T.);
#3453 = FACE_BOUND('',#3454,.T.);
#3454 = EDGE_LOOP('',(#3455,#3456,#3463,#3470));
#3455 = ORIENTED_EDGE('',*,*,#2199,.T.);
#3456 = ORIENTED_EDGE('',*,*,#3457,.T.);
#3457 = EDGE_CURVE('',#2192,#3458,#3460,.T.);
#3458 = VERTEX_POINT('',#3459);
#3459 = CARTESIAN_POINT('',(-37.5212032739,36.75,6.7));
#3460 = B_SPLINE_CURVE_WITH_KNOTS('',1,(#3461,#3462),.UNSPECIFIED.,.F.,
  .F.,(2,2),(0.,1.),.PIECEWISE_BEZIER_KNOTS.);
#3461 = CARTESIAN_POINT('',(-37.15000000004,36.75,5.3));
#3462 = CARTESIAN_POINT('',(-37.5212032739,36.75,6.7));
#3463 = ORIENTED_EDGE('',*,*,#3464,.F.);
#3464 = EDGE_CURVE('',#3436,#3458,#3465,.T.);
#3465 = CIRCLE('',#3466,10.371203273892);
#3466 = AXIS2_PLACEMENT_3D('',#3467,#3468,#3469);
#3467 = CARTESIAN_POINT('',(-27.15000000001,36.75,6.7));
#3468 = DIRECTION('',(0.,0.,1.));
#3469 = DIRECTION('',(1.,0.,0.));
#3470 = ORIENTED_EDGE('',*,*,#3435,.F.);
#3471 = CONICAL_SURFACE('',#3472,10.000000000027,0.259181393921);
#3472 = AXIS2_PLACEMENT_3D('',#3473,#3474,#3475);
#3473 = CARTESIAN_POINT('',(-27.15000000001,36.75,5.3));
#3474 = DIRECTION('',(0.,0.,1.));
#3475 = DIRECTION('',(1.,0.,0.));
#3476 = ADVANCED_FACE('',(#3477),#3488,.T.);
#3477 = FACE_BOUND('',#3478,.T.);
#3478 = EDGE_LOOP('',(#3479,#3480,#3481,#3482));
#3479 = ORIENTED_EDGE('',*,*,#3457,.F.);
#3480 = ORIENTED_EDGE('',*,*,#2191,.T.);
#3481 = ORIENTED_EDGE('',*,*,#3252,.F.);
#3482 = ORIENTED_EDGE('',*,*,#3483,.F.);
#3483 = EDGE_CURVE('',#3458,#3253,#3484,.T.);
#3484 = LINE('',#3485,#3486);
#3485 = CARTESIAN_POINT('',(-37.5212032739,36.75,6.7));
#3486 = VECTOR('',#3487,1.);
#3487 = DIRECTION('',(0.,-1.,0.));
#3488 = PLANE('',#3489);
#3489 = AXIS2_PLACEMENT_3D('',#3490,#3491,#3492);
#3490 = CARTESIAN_POINT('',(-37.5212032739,36.75,6.7));
#3491 = DIRECTION('',(-0.966600102017,0.,-0.256289373133));
#3492 = DIRECTION('',(0.,-1.,0.));
#3493 = ADVANCED_FACE('',(#3494),#3539,.F.);
#3494 = FACE_BOUND('',#3495,.T.);
#3495 = EDGE_LOOP('',(#3496,#3497,#3505,#3514,#3523,#3529,#3530,#3531,
    #3532,#3538));
#3496 = ORIENTED_EDGE('',*,*,#3084,.T.);
#3497 = ORIENTED_EDGE('',*,*,#3498,.T.);
#3498 = EDGE_CURVE('',#3085,#3499,#3501,.T.);
#3499 = VERTEX_POINT('',#3500);
#3500 = CARTESIAN_POINT('',(8.845499933351,47.121203273892,6.7));
#3501 = LINE('',#3502,#3503);
#3502 = CARTESIAN_POINT('',(8.845499933351,47.95,6.7));
#3503 = VECTOR('',#3504,1.);
#3504 = DIRECTION('',(0.,1.,-2.2E-16));
#3505 = ORIENTED_EDGE('',*,*,#3506,.T.);
#3506 = EDGE_CURVE('',#3499,#3507,#3509,.T.);
#3507 = VERTEX_POINT('',#3508);
#3508 = CARTESIAN_POINT('',(9.17,46.816286298932,5.55));
#3509 = ELLIPSE('',#3510,2.27601879558,2.2);
#3510 = AXIS2_PLACEMENT_3D('',#3511,#3512,#3513);
#3511 = CARTESIAN_POINT('',(6.97,46.816286298932,5.55));
#3512 = DIRECTION('',(0.,0.966600102017,-0.256289373133));
#3513 = DIRECTION('',(0.,0.256289373133,0.966600102017));
#3514 = ORIENTED_EDGE('',*,*,#3515,.T.);
#3515 = EDGE_CURVE('',#3507,#3516,#3518,.T.);
#3516 = VERTEX_POINT('',#3517);
#3517 = CARTESIAN_POINT('',(9.155749299439,46.750000000027,5.3));
#3518 = ELLIPSE('',#3519,2.27601879558,2.2);
#3519 = AXIS2_PLACEMENT_3D('',#3520,#3521,#3522);
#3520 = CARTESIAN_POINT('',(6.97,46.816286298932,5.55));
#3521 = DIRECTION('',(0.,0.966600102017,-0.256289373133));
#3522 = DIRECTION('',(0.,0.256289373133,0.966600102017));
#3523 = ORIENTED_EDGE('',*,*,#3524,.T.);
#3524 = EDGE_CURVE('',#3516,#2607,#3525,.T.);
#3525 = LINE('',#3526,#3527);
#3526 = CARTESIAN_POINT('',(9.155749299439,47.95,5.3));
#3527 = VECTOR('',#3528,1.);
#3528 = DIRECTION('',(0.,1.,-2.2E-16));
#3529 = ORIENTED_EDGE('',*,*,#2614,.F.);
#3530 = ORIENTED_EDGE('',*,*,#2151,.F.);
#3531 = ORIENTED_EDGE('',*,*,#3425,.T.);
#3532 = ORIENTED_EDGE('',*,*,#3533,.F.);
#3533 = EDGE_CURVE('',#3068,#3426,#3534,.T.);
#3534 = LINE('',#3535,#3536);
#3535 = CARTESIAN_POINT('',(5.094500066649,47.95,6.7));
#3536 = VECTOR('',#3537,1.);
#3537 = DIRECTION('',(0.,1.,-2.2E-16));
#3538 = ORIENTED_EDGE('',*,*,#3075,.T.);
#3539 = CYLINDRICAL_SURFACE('',#3540,2.2);
#3540 = AXIS2_PLACEMENT_3D('',#3541,#3542,#3543);
#3541 = CARTESIAN_POINT('',(6.97,47.95,5.55));
#3542 = DIRECTION('',(0.,1.,-2.2E-16));
#3543 = DIRECTION('',(1.,0.,0.));
#3544 = ADVANCED_FACE('',(#3545),#3556,.T.);
#3545 = FACE_BOUND('',#3546,.T.);
#3546 = EDGE_LOOP('',(#3547,#3553,#3554,#3555));
#3547 = ORIENTED_EDGE('',*,*,#3548,.F.);
#3548 = EDGE_CURVE('',#3111,#2560,#3549,.T.);
#3549 = LINE('',#3550,#3551);
#3550 = CARTESIAN_POINT('',(-37.5212032739,36.75,6.7));
#3551 = VECTOR('',#3552,1.);
#3552 = DIRECTION('',(0.,-1.,0.));
#3553 = ORIENTED_EDGE('',*,*,#3118,.F.);
#3554 = ORIENTED_EDGE('',*,*,#2323,.T.);
#3555 = ORIENTED_EDGE('',*,*,#2559,.F.);
#3556 = PLANE('',#3557);
#3557 = AXIS2_PLACEMENT_3D('',#3558,#3559,#3560);
#3558 = CARTESIAN_POINT('',(-37.5212032739,36.75,6.7));
#3559 = DIRECTION('',(-0.966600102017,0.,-0.256289373133));
#3560 = DIRECTION('',(0.,-1.,0.));
#3561 = ADVANCED_FACE('',(#3562),#3573,.T.);
#3562 = FACE_BOUND('',#3563,.T.);
#3563 = EDGE_LOOP('',(#3564,#3570,#3571,#3572));
#3564 = ORIENTED_EDGE('',*,*,#3565,.F.);
#3565 = EDGE_CURVE('',#3321,#3222,#3566,.T.);
#3566 = LINE('',#3567,#3568);
#3567 = CARTESIAN_POINT('',(-37.5212032739,36.75,6.7));
#3568 = VECTOR('',#3569,1.);
#3569 = DIRECTION('',(0.,-1.,0.));
#3570 = ORIENTED_EDGE('',*,*,#3328,.F.);
#3571 = ORIENTED_EDGE('',*,*,#2427,.T.);
#3572 = ORIENTED_EDGE('',*,*,#3221,.F.);
#3573 = PLANE('',#3574);
#3574 = AXIS2_PLACEMENT_3D('',#3575,#3576,#3577);
#3575 = CARTESIAN_POINT('',(-37.5212032739,36.75,6.7));
#3576 = DIRECTION('',(-0.966600102017,0.,-0.256289373133));
#3577 = DIRECTION('',(0.,-1.,0.));
#3578 = ADVANCED_FACE('',(#3579),#3585,.T.);
#3579 = FACE_BOUND('',#3580,.T.);
#3580 = EDGE_LOOP('',(#3581,#3582,#3583,#3584));
#3581 = ORIENTED_EDGE('',*,*,#3037,.F.);
#3582 = ORIENTED_EDGE('',*,*,#3110,.F.);
#3583 = ORIENTED_EDGE('',*,*,#3548,.T.);
#3584 = ORIENTED_EDGE('',*,*,#2567,.F.);
#3585 = PLANE('',#3586);
#3586 = AXIS2_PLACEMENT_3D('',#3587,#3588,#3589);
#3587 = CARTESIAN_POINT('',(-6.86E-15,0.,6.7));
#3588 = DIRECTION('',(0.,0.,1.));
#3589 = DIRECTION('',(1.,0.,0.));
#3590 = ADVANCED_FACE('',(#3591),#3602,.T.);
#3591 = FACE_BOUND('',#3592,.T.);
#3592 = EDGE_LOOP('',(#3593,#3594,#3595,#3601));
#3593 = ORIENTED_EDGE('',*,*,#2606,.T.);
#3594 = ORIENTED_EDGE('',*,*,#3524,.F.);
#3595 = ORIENTED_EDGE('',*,*,#3596,.F.);
#3596 = EDGE_CURVE('',#2792,#3516,#3597,.T.);
#3597 = LINE('',#3598,#3599);
#3598 = CARTESIAN_POINT('',(27.15,46.750000000027,5.3));
#3599 = VECTOR('',#3600,1.);
#3600 = DIRECTION('',(-1.,0.,0.));
#3601 = ORIENTED_EDGE('',*,*,#2791,.T.);
#3602 = PLANE('',#3603);
#3603 = AXIS2_PLACEMENT_3D('',#3604,#3605,#3606);
#3604 = CARTESIAN_POINT('',(-27.15,-36.75,5.3));
#3605 = DIRECTION('',(0.,0.,1.));
#3606 = DIRECTION('',(1.,0.,0.));
#3607 = ADVANCED_FACE('',(#3608),#3618,.T.);
#3608 = FACE_BOUND('',#3609,.T.);
#3609 = EDGE_LOOP('',(#3610,#3611,#3612,#3613,#3614,#3615,#3616,#3617));
#3610 = ORIENTED_EDGE('',*,*,#2988,.F.);
#3611 = ORIENTED_EDGE('',*,*,#2675,.T.);
#3612 = ORIENTED_EDGE('',*,*,#2698,.T.);
#3613 = ORIENTED_EDGE('',*,*,#2720,.T.);
#3614 = ORIENTED_EDGE('',*,*,#2756,.T.);
#3615 = ORIENTED_EDGE('',*,*,#2781,.F.);
#3616 = ORIENTED_EDGE('',*,*,#3051,.F.);
#3617 = ORIENTED_EDGE('',*,*,#3012,.F.);
#3618 = PLANE('',#3619);
#3619 = AXIS2_PLACEMENT_3D('',#3620,#3621,#3622);
#3620 = CARTESIAN_POINT('',(-6.86E-15,0.,6.7));
#3621 = DIRECTION('',(0.,0.,1.));
#3622 = DIRECTION('',(1.,0.,0.));
#3623 = ADVANCED_FACE('',(#3624),#3636,.T.);
#3624 = FACE_BOUND('',#3625,.T.);
#3625 = EDGE_LOOP('',(#3626,#3627,#3628,#3629,#3630));
#3626 = ORIENTED_EDGE('',*,*,#2799,.F.);
#3627 = ORIENTED_EDGE('',*,*,#3596,.T.);
#3628 = ORIENTED_EDGE('',*,*,#3515,.F.);
#3629 = ORIENTED_EDGE('',*,*,#3506,.F.);
#3630 = ORIENTED_EDGE('',*,*,#3631,.F.);
#3631 = EDGE_CURVE('',#2800,#3499,#3632,.T.);
#3632 = LINE('',#3633,#3634);
#3633 = CARTESIAN_POINT('',(27.15,47.121203273892,6.7));
#3634 = VECTOR('',#3635,1.);
#3635 = DIRECTION('',(-1.,0.,0.));
#3636 = PLANE('',#3637);
#3637 = AXIS2_PLACEMENT_3D('',#3638,#3639,#3640);
#3638 = CARTESIAN_POINT('',(27.15,47.121203273892,6.7));
#3639 = DIRECTION('',(0.,0.966600102017,-0.256289373133));
#3640 = DIRECTION('',(-1.,0.,0.));
#3641 = ADVANCED_FACE('',(#3642),#3648,.T.);
#3642 = FACE_BOUND('',#3643,.T.);
#3643 = EDGE_LOOP('',(#3644,#3645,#3646,#3647));
#3644 = ORIENTED_EDGE('',*,*,#3631,.T.);
#3645 = ORIENTED_EDGE('',*,*,#3498,.F.);
#3646 = ORIENTED_EDGE('',*,*,#3093,.F.);
#3647 = ORIENTED_EDGE('',*,*,#2808,.T.);
#3648 = PLANE('',#3649);
#3649 = AXIS2_PLACEMENT_3D('',#3650,#3651,#3652);
#3650 = CARTESIAN_POINT('',(-6.86E-15,0.,6.7));
#3651 = DIRECTION('',(0.,0.,1.));
#3652 = DIRECTION('',(1.,0.,0.));
#3653 = ADVANCED_FACE('',(#3654),#3664,.T.);
#3654 = FACE_BOUND('',#3655,.T.);
#3655 = EDGE_LOOP('',(#3656,#3657,#3658,#3659,#3660,#3661,#3662,#3663));
#3656 = ORIENTED_EDGE('',*,*,#3533,.T.);
#3657 = ORIENTED_EDGE('',*,*,#3442,.T.);
#3658 = ORIENTED_EDGE('',*,*,#3464,.T.);
#3659 = ORIENTED_EDGE('',*,*,#3483,.T.);
#3660 = ORIENTED_EDGE('',*,*,#3260,.F.);
#3661 = ORIENTED_EDGE('',*,*,#3186,.F.);
#3662 = ORIENTED_EDGE('',*,*,#3150,.F.);
#3663 = ORIENTED_EDGE('',*,*,#3067,.F.);
#3664 = PLANE('',#3665);
#3665 = AXIS2_PLACEMENT_3D('',#3666,#3667,#3668);
#3666 = CARTESIAN_POINT('',(-6.86E-15,0.,6.7));
#3667 = DIRECTION('',(0.,0.,1.));
#3668 = DIRECTION('',(1.,0.,0.));
#3669 = ADVANCED_FACE('',(#3670),#3676,.T.);
#3670 = FACE_BOUND('',#3671,.T.);
#3671 = EDGE_LOOP('',(#3672,#3673,#3674,#3675));
#3672 = ORIENTED_EDGE('',*,*,#3284,.F.);
#3673 = ORIENTED_EDGE('',*,*,#3320,.F.);
#3674 = ORIENTED_EDGE('',*,*,#3565,.T.);
#3675 = ORIENTED_EDGE('',*,*,#3229,.F.);
#3676 = PLANE('',#3677);
#3677 = AXIS2_PLACEMENT_3D('',#3678,#3679,#3680);
#3678 = CARTESIAN_POINT('',(-6.86E-15,0.,6.7));
#3679 = DIRECTION('',(0.,0.,1.));
#3680 = DIRECTION('',(1.,0.,0.));
#3681 = ( GEOMETRIC_REPRESENTATION_CONTEXT(3) 
GLOBAL_UNCERTAINTY_ASSIGNED_CONTEXT((#3685)) 
GLOBAL_UNIT_ASSIGNED_CONTEXT((#3682,#3683,#3684)) REPRESENTATION_CONTEXT
('Context #1','3D Context with UNIT and UNCERTAINTY') );
#3682 = ( LENGTH_UNIT() NAMED_UNIT(*) SI_UNIT(.MILLI.,.METRE.) );
#3683 = ( NAMED_UNIT(*) PLANE_ANGLE_UNIT() SI_UNIT($,.RADIAN.) );
#3684 = ( NAMED_UNIT(*) SI_UNIT($,.STERADIAN.) SOLID_ANGLE_UNIT() );
#3685 = UNCERTAINTY_MEASURE_WITH_UNIT(LENGTH_MEASURE(2.E-05),#3682,
  'distance_accuracy_value','confusion accuracy');
#3686 = PRODUCT_RELATED_PRODUCT_CATEGORY('part',$,(#7));
#3687 = MECHANICAL_DESIGN_GEOMETRIC_PRESENTATION_REPRESENTATION('',(
    #3688),#3681);
#3688 = STYLED_ITEM('color',(#3689),#15);
#3689 = PRESENTATION_STYLE_ASSIGNMENT((#3690,#3698));
#3690 = SURFACE_STYLE_USAGE(.BOTH.,#3691);
#3691 = SURFACE_SIDE_STYLE('',(#3692,#3696));
#3692 = SURFACE_STYLE_FILL_AREA(#3693);
#3693 = FILL_AREA_STYLE('',(#3694));
#3694 = FILL_AREA_STYLE_COLOUR('',#3695);
#3695 = COLOUR_RGB('',0.447058818107,0.474509808674,0.501960817233);
#3696 = SURFACE_STYLE_RENDERING_WITH_PROPERTIES(.NORMAL_SHADING.,#3695,(
    #3697));
#3697 = SURFACE_STYLE_TRANSPARENT(0.699999988079);
#3698 = CURVE_STYLE('',#3699,POSITIVE_LENGTH_MEASURE(0.1),#3700);
#3699 = DRAUGHTING_PRE_DEFINED_CURVE_FONT('continuous');
#3700 = COLOUR_RGB('',9.803921802644E-02,9.803921802644E-02,
  9.803921802644E-02);
ENDSEC;
END-ISO-10303-21;
