ISO-10303-21;
HEADER;
FILE_DESCRIPTION(('FreeCAD Model'),'2;1');
FILE_NAME('Open CASCADE Shape Model','2026-08-31T16:57:42',(''),(''),
  'Open CASCADE STEP processor 7.9','FreeCAD','Unknown');
FILE_SCHEMA(('AUTOMOTIVE_DESIGN { 1 0 10303 214 1 1 1 1 }'));
ENDSEC;
DATA;
#1 = APPLICATION_PROTOCOL_DEFINITION('international standard',
  'automotive_design',2000,#2);
#2 = APPLICATION_CONTEXT(
  'core data for automotive mechanical design processes');
#3 = SHAPE_DEFINITION_REPRESENTATION(#4,#10);
#4 = PRODUCT_DEFINITION_SHAPE('','',#5);
#5 = PRODUCT_DEFINITION('design','',#6,#9);
#6 = PRODUCT_DEFINITION_FORMATION('','',#7);
#7 = PRODUCT('top','top','',(#8));
#8 = PRODUCT_CONTEXT('',#2,'mechanical');
#9 = PRODUCT_DEFINITION_CONTEXT('part definition',#2,'design');
#10 = ADVANCED_BREP_SHAPE_REPRESENTATION('',(#11,#15),#8057);
#11 = AXIS2_PLACEMENT_3D('',#12,#13,#14);
#12 = CARTESIAN_POINT('',(0.,0.,0.));
#13 = DIRECTION('',(0.,0.,1.));
#14 = DIRECTION('',(1.,0.,-0.));
#15 = MANIFOLD_SOLID_BREP('',#16);
#16 = CLOSED_SHELL('',(#17,#107,#140,#173,#246,#279,#303,#376,#418,#442,
    #466,#501,#527,#615,#641,#1424,#1448,#1472,#1512,#1528,#1545,#1579,
    #1699,#1722,#1761,#1785,#1803,#1842,#1854,#1911,#1956,#2001,#2019,
    #2052,#2125,#2173,#2197,#2245,#2269,#2325,#2366,#2384,#2410,#2484,
    #2517,#2541,#2566,#2590,#2615,#2639,#2665,#2677,#2708,#2732,#2756,
    #2780,#2804,#2828,#2852,#2876,#2900,#2924,#2948,#2972,#2996,#3020,
    #3044,#3068,#3092,#3116,#3140,#3164,#3188,#3212,#3236,#3260,#3284,
    #3308,#3332,#3372,#3412,#3437,#3462,#3486,#3510,#3534,#3558,#3575,
    #3606,#3631,#3656,#3680,#3704,#3729,#3754,#3771,#3802,#3827,#3851,
    #3876,#3900,#3925,#3949,#3967,#3998,#4023,#4047,#4072,#4096,#4121,
    #4145,#4163,#4194,#4219,#4243,#4268,#4292,#4317,#4341,#4359,#4390,
    #4415,#4439,#4464,#4488,#4513,#4537,#4555,#4579,#4603,#4645,#4670,
    #4743,#4767,#4815,#4863,#4887,#4943,#4991,#5039,#5095,#5119,#5160,
    #5202,#5236,#5261,#5301,#5369,#5457,#5474,#5498,#5643,#5698,#5722,
    #5738,#5763,#5787,#5821,#5874,#5923,#5959,#5983,#6021,#6047,#6064,
    #6075,#6086,#6103,#6119,#6388,#6400,#6412,#6498,#6514,#6530,#6546,
    #6562,#6608,#6625,#6637,#6706,#6729,#6753,#6784,#6800,#6812,#6861,
    #6897,#6935,#6975,#6992,#7009,#7020,#7031,#7055,#7093,#7126,#7161,
    #7172,#7188,#7200,#7217,#7229,#7257,#7279,#7296,#7313,#7325,#7366,
    #7383,#7400,#7412,#7429,#7446,#7458,#7486,#7508,#7549,#7566,#7587,
    #7604,#7617,#7645,#7673,#7695,#7712,#7729,#7746,#7763,#7780,#7797,
    #7809,#7831,#7848,#7865,#7877,#7902,#7924,#7949,#7971,#7980,#8005,
    #8014,#8039,#8048));
#17 = ADVANCED_FACE('',(#18),#102,.T.);
#18 = FACE_BOUND('',#19,.T.);
#19 = EDGE_LOOP('',(#20,#30,#38,#46,#54,#62,#71,#79,#88,#96));
#20 = ORIENTED_EDGE('',*,*,#21,.F.);
#21 = EDGE_CURVE('',#22,#24,#26,.T.);
#22 = VERTEX_POINT('',#23);
#23 = CARTESIAN_POINT('',(27.15,-47.95,-1.5));
#24 = VERTEX_POINT('',#25);
#25 = CARTESIAN_POINT('',(27.15,-47.95,-12.2));
#26 = LINE('',#27,#28);
#27 = CARTESIAN_POINT('',(27.15,-47.95,0.));
#28 = VECTOR('',#29,1.);
#29 = DIRECTION('',(-0.,-0.,-1.));
#30 = ORIENTED_EDGE('',*,*,#31,.F.);
#31 = EDGE_CURVE('',#32,#22,#34,.T.);
#32 = VERTEX_POINT('',#33);
#33 = CARTESIAN_POINT('',(-27.15,-47.95,-1.5));
#34 = LINE('',#35,#36);
#35 = CARTESIAN_POINT('',(-27.15,-47.95,-1.5));
#36 = VECTOR('',#37,1.);
#37 = DIRECTION('',(1.,0.,0.));
#38 = ORIENTED_EDGE('',*,*,#39,.T.);
#39 = EDGE_CURVE('',#32,#40,#42,.T.);
#40 = VERTEX_POINT('',#41);
#41 = CARTESIAN_POINT('',(-27.15,-47.95,-12.2));
#42 = LINE('',#43,#44);
#43 = CARTESIAN_POINT('',(-27.15,-47.95,0.));
#44 = VECTOR('',#45,1.);
#45 = DIRECTION('',(-0.,-0.,-1.));
#46 = ORIENTED_EDGE('',*,*,#47,.T.);
#47 = EDGE_CURVE('',#40,#48,#50,.T.);
#48 = VERTEX_POINT('',#49);
#49 = CARTESIAN_POINT('',(-4.82,-47.95,-12.2));
#50 = LINE('',#51,#52);
#51 = CARTESIAN_POINT('',(-27.15,-47.95,-12.2));
#52 = VECTOR('',#53,1.);
#53 = DIRECTION('',(1.,0.,0.));
#54 = ORIENTED_EDGE('',*,*,#55,.F.);
#55 = EDGE_CURVE('',#56,#48,#58,.T.);
#56 = VERTEX_POINT('',#57);
#57 = CARTESIAN_POINT('',(-4.82,-47.95,-11.5));
#58 = LINE('',#59,#60);
#59 = CARTESIAN_POINT('',(-4.82,-47.95,-11.5));
#60 = VECTOR('',#61,1.);
#61 = DIRECTION('',(0.,-2.22044604925E-16,-1.));
#62 = ORIENTED_EDGE('',*,*,#63,.F.);
#63 = EDGE_CURVE('',#64,#56,#66,.T.);
#64 = VERTEX_POINT('',#65);
#65 = CARTESIAN_POINT('',(-3.72,-47.95,-10.39999999999));
#66 = CIRCLE('',#67,1.1);
#67 = AXIS2_PLACEMENT_3D('',#68,#69,#70);
#68 = CARTESIAN_POINT('',(-3.72,-47.95,-11.49999999999));
#69 = DIRECTION('',(0.,-1.,2.22044604925E-16));
#70 = DIRECTION('',(1.,0.,0.));
#71 = ORIENTED_EDGE('',*,*,#72,.F.);
#72 = EDGE_CURVE('',#73,#64,#75,.T.);
#73 = VERTEX_POINT('',#74);
#74 = CARTESIAN_POINT('',(3.22,-47.95,-10.39999999999));
#75 = LINE('',#76,#77);
#76 = CARTESIAN_POINT('',(3.22,-47.95,-10.39999999999));
#77 = VECTOR('',#78,1.);
#78 = DIRECTION('',(-1.,0.,0.));
#79 = ORIENTED_EDGE('',*,*,#80,.F.);
#80 = EDGE_CURVE('',#81,#73,#83,.T.);
#81 = VERTEX_POINT('',#82);
#82 = CARTESIAN_POINT('',(4.32,-47.95,-11.49999999999));
#83 = CIRCLE('',#84,1.1);
#84 = AXIS2_PLACEMENT_3D('',#85,#86,#87);
#85 = CARTESIAN_POINT('',(3.22,-47.95,-11.49999999999));
#86 = DIRECTION('',(0.,-1.,2.22044604925E-16));
#87 = DIRECTION('',(1.,0.,0.));
#88 = ORIENTED_EDGE('',*,*,#89,.F.);
#89 = EDGE_CURVE('',#90,#81,#92,.T.);
#90 = VERTEX_POINT('',#91);
#91 = CARTESIAN_POINT('',(4.32,-47.95,-12.2));
#92 = LINE('',#93,#94);
#93 = CARTESIAN_POINT('',(4.32,-47.95,-12.69999999999));
#94 = VECTOR('',#95,1.);
#95 = DIRECTION('',(0.,2.22044604925E-16,1.));
#96 = ORIENTED_EDGE('',*,*,#97,.T.);
#97 = EDGE_CURVE('',#90,#24,#98,.T.);
#98 = LINE('',#99,#100);
#99 = CARTESIAN_POINT('',(-27.15,-47.95,-12.2));
#100 = VECTOR('',#101,1.);
#101 = DIRECTION('',(1.,0.,0.));
#102 = PLANE('',#103);
#103 = AXIS2_PLACEMENT_3D('',#104,#105,#106);
#104 = CARTESIAN_POINT('',(-27.15,-47.95,0.));
#105 = DIRECTION('',(0.,-1.,0.));
#106 = DIRECTION('',(1.,0.,0.));
#107 = ADVANCED_FACE('',(#108),#135,.T.);
#108 = FACE_BOUND('',#109,.T.);
#109 = EDGE_LOOP('',(#110,#111,#120,#128));
#110 = ORIENTED_EDGE('',*,*,#21,.T.);
#111 = ORIENTED_EDGE('',*,*,#112,.T.);
#112 = EDGE_CURVE('',#24,#113,#115,.T.);
#113 = VERTEX_POINT('',#114);
#114 = CARTESIAN_POINT('',(38.35,-36.75,-12.2));
#115 = CIRCLE('',#116,11.2);
#116 = AXIS2_PLACEMENT_3D('',#117,#118,#119);
#117 = CARTESIAN_POINT('',(27.15,-36.75,-12.2));
#118 = DIRECTION('',(0.,0.,1.));
#119 = DIRECTION('',(1.,0.,0.));
#120 = ORIENTED_EDGE('',*,*,#121,.F.);
#121 = EDGE_CURVE('',#122,#113,#124,.T.);
#122 = VERTEX_POINT('',#123);
#123 = CARTESIAN_POINT('',(38.35,-36.75,-1.5));
#124 = LINE('',#125,#126);
#125 = CARTESIAN_POINT('',(38.35,-36.75,0.));
#126 = VECTOR('',#127,1.);
#127 = DIRECTION('',(-0.,-0.,-1.));
#128 = ORIENTED_EDGE('',*,*,#129,.F.);
#129 = EDGE_CURVE('',#22,#122,#130,.T.);
#130 = CIRCLE('',#131,11.2);
#131 = AXIS2_PLACEMENT_3D('',#132,#133,#134);
#132 = CARTESIAN_POINT('',(27.15,-36.75,-1.5));
#133 = DIRECTION('',(0.,0.,1.));
#134 = DIRECTION('',(-3.172065784643E-16,-1.,0.));
#135 = CYLINDRICAL_SURFACE('',#136,11.2);
#136 = AXIS2_PLACEMENT_3D('',#137,#138,#139);
#137 = CARTESIAN_POINT('',(27.15,-36.75,0.));
#138 = DIRECTION('',(0.,0.,1.));
#139 = DIRECTION('',(1.,0.,0.));
#140 = ADVANCED_FACE('',(#141),#168,.T.);
#141 = FACE_BOUND('',#142,.T.);
#142 = EDGE_LOOP('',(#143,#152,#153,#162));
#143 = ORIENTED_EDGE('',*,*,#144,.T.);
#144 = EDGE_CURVE('',#145,#32,#147,.T.);
#145 = VERTEX_POINT('',#146);
#146 = CARTESIAN_POINT('',(-27.15,-46.45,0.));
#147 = CIRCLE('',#148,1.5);
#148 = AXIS2_PLACEMENT_3D('',#149,#150,#151);
#149 = CARTESIAN_POINT('',(-27.15,-46.45,-1.5));
#150 = DIRECTION('',(1.,-6.123233995737E-17,0.));
#151 = DIRECTION('',(-6.123233995737E-17,-1.,0.));
#152 = ORIENTED_EDGE('',*,*,#31,.T.);
#153 = ORIENTED_EDGE('',*,*,#154,.F.);
#154 = EDGE_CURVE('',#155,#22,#157,.T.);
#155 = VERTEX_POINT('',#156);
#156 = CARTESIAN_POINT('',(27.15,-46.45,2.22044604925E-16));
#157 = CIRCLE('',#158,1.5);
#158 = AXIS2_PLACEMENT_3D('',#159,#160,#161);
#159 = CARTESIAN_POINT('',(27.15,-46.45,-1.5));
#160 = DIRECTION('',(1.,0.,-0.));
#161 = DIRECTION('',(0.,0.,1.));
#162 = ORIENTED_EDGE('',*,*,#163,.F.);
#163 = EDGE_CURVE('',#145,#155,#164,.T.);
#164 = LINE('',#165,#166);
#165 = CARTESIAN_POINT('',(-27.15,-46.45,2.22044604925E-16));
#166 = VECTOR('',#167,1.);
#167 = DIRECTION('',(1.,0.,0.));
#168 = CYLINDRICAL_SURFACE('',#169,1.5);
#169 = AXIS2_PLACEMENT_3D('',#170,#171,#172);
#170 = CARTESIAN_POINT('',(-27.15,-46.45,-1.5));
#171 = DIRECTION('',(1.,0.,0.));
#172 = DIRECTION('',(0.,0.,1.));
#173 = ADVANCED_FACE('',(#174),#241,.F.);
#174 = FACE_BOUND('',#175,.F.);
#175 = EDGE_LOOP('',(#176,#186,#192,#193,#194,#202,#210,#218,#226,#234)
  );
#176 = ORIENTED_EDGE('',*,*,#177,.F.);
#177 = EDGE_CURVE('',#178,#180,#182,.T.);
#178 = VERTEX_POINT('',#179);
#179 = CARTESIAN_POINT('',(4.32,-46.95,-12.2));
#180 = VERTEX_POINT('',#181);
#181 = CARTESIAN_POINT('',(27.149999999997,-46.95,-12.2));
#182 = LINE('',#183,#184);
#183 = CARTESIAN_POINT('',(-27.15,-46.95,-12.2));
#184 = VECTOR('',#185,1.);
#185 = DIRECTION('',(1.,0.,0.));
#186 = ORIENTED_EDGE('',*,*,#187,.F.);
#187 = EDGE_CURVE('',#90,#178,#188,.T.);
#188 = LINE('',#189,#190);
#189 = CARTESIAN_POINT('',(4.32,-23.975,-12.2));
#190 = VECTOR('',#191,1.);
#191 = DIRECTION('',(0.,1.,0.));
#192 = ORIENTED_EDGE('',*,*,#97,.T.);
#193 = ORIENTED_EDGE('',*,*,#112,.T.);
#194 = ORIENTED_EDGE('',*,*,#195,.T.);
#195 = EDGE_CURVE('',#113,#196,#198,.T.);
#196 = VERTEX_POINT('',#197);
#197 = CARTESIAN_POINT('',(38.35,5.13,-12.2));
#198 = LINE('',#199,#200);
#199 = CARTESIAN_POINT('',(38.35,-36.75,-12.2));
#200 = VECTOR('',#201,1.);
#201 = DIRECTION('',(0.,1.,0.));
#202 = ORIENTED_EDGE('',*,*,#203,.F.);
#203 = EDGE_CURVE('',#204,#196,#206,.T.);
#204 = VERTEX_POINT('',#205);
#205 = CARTESIAN_POINT('',(37.521203273864,5.13,-12.2));
#206 = LINE('',#207,#208);
#207 = CARTESIAN_POINT('',(19.175,5.13,-12.2));
#208 = VECTOR('',#209,1.);
#209 = DIRECTION('',(1.,0.,0.));
#210 = ORIENTED_EDGE('',*,*,#211,.F.);
#211 = EDGE_CURVE('',#212,#204,#214,.T.);
#212 = VERTEX_POINT('',#213);
#213 = CARTESIAN_POINT('',(37.521203273864,4.13,-12.2));
#214 = LINE('',#215,#216);
#215 = CARTESIAN_POINT('',(37.521203273864,5.965000000005,-12.2));
#216 = VECTOR('',#217,1.);
#217 = DIRECTION('',(0.,1.,0.));
#218 = ORIENTED_EDGE('',*,*,#219,.T.);
#219 = EDGE_CURVE('',#212,#220,#222,.T.);
#220 = VERTEX_POINT('',#221);
#221 = CARTESIAN_POINT('',(37.349999999997,4.13,-12.2));
#222 = LINE('',#223,#224);
#223 = CARTESIAN_POINT('',(18.075,4.13,-12.2));
#224 = VECTOR('',#225,1.);
#225 = DIRECTION('',(-1.,0.,0.));
#226 = ORIENTED_EDGE('',*,*,#227,.F.);
#227 = EDGE_CURVE('',#228,#220,#230,.T.);
#228 = VERTEX_POINT('',#229);
#229 = CARTESIAN_POINT('',(37.349999999997,-36.75,-12.2));
#230 = LINE('',#231,#232);
#231 = CARTESIAN_POINT('',(37.349999999997,-36.75,-12.2));
#232 = VECTOR('',#233,1.);
#233 = DIRECTION('',(0.,1.,0.));
#234 = ORIENTED_EDGE('',*,*,#235,.F.);
#235 = EDGE_CURVE('',#180,#228,#236,.T.);
#236 = CIRCLE('',#237,10.2);
#237 = AXIS2_PLACEMENT_3D('',#238,#239,#240);
#238 = CARTESIAN_POINT('',(27.149999999997,-36.75,-12.2));
#239 = DIRECTION('',(0.,0.,1.));
#240 = DIRECTION('',(1.,0.,0.));
#241 = PLANE('',#242);
#242 = AXIS2_PLACEMENT_3D('',#243,#244,#245);
#243 = CARTESIAN_POINT('',(-4.632493799393E-15,-9.702015315709E-15,-12.2
    ));
#244 = DIRECTION('',(0.,0.,1.));
#245 = DIRECTION('',(1.,0.,0.));
#246 = ADVANCED_FACE('',(#247),#274,.T.);
#247 = FACE_BOUND('',#248,.T.);
#248 = EDGE_LOOP('',(#249,#259,#266,#267));
#249 = ORIENTED_EDGE('',*,*,#250,.T.);
#250 = EDGE_CURVE('',#251,#253,#255,.T.);
#251 = VERTEX_POINT('',#252);
#252 = CARTESIAN_POINT('',(-38.35,-36.75,-1.5));
#253 = VERTEX_POINT('',#254);
#254 = CARTESIAN_POINT('',(-38.35,-36.75,-12.2));
#255 = LINE('',#256,#257);
#256 = CARTESIAN_POINT('',(-38.35,-36.75,0.));
#257 = VECTOR('',#258,1.);
#258 = DIRECTION('',(-0.,-0.,-1.));
#259 = ORIENTED_EDGE('',*,*,#260,.T.);
#260 = EDGE_CURVE('',#253,#40,#261,.T.);
#261 = CIRCLE('',#262,11.2);
#262 = AXIS2_PLACEMENT_3D('',#263,#264,#265);
#263 = CARTESIAN_POINT('',(-27.15,-36.75,-12.2));
#264 = DIRECTION('',(0.,0.,1.));
#265 = DIRECTION('',(1.,0.,0.));
#266 = ORIENTED_EDGE('',*,*,#39,.F.);
#267 = ORIENTED_EDGE('',*,*,#268,.F.);
#268 = EDGE_CURVE('',#251,#32,#269,.T.);
#269 = CIRCLE('',#270,11.2);
#270 = AXIS2_PLACEMENT_3D('',#271,#272,#273);
#271 = CARTESIAN_POINT('',(-27.15,-36.75,-1.5));
#272 = DIRECTION('',(0.,0.,1.));
#273 = DIRECTION('',(-1.,0.,0.));
#274 = CYLINDRICAL_SURFACE('',#275,11.2);
#275 = AXIS2_PLACEMENT_3D('',#276,#277,#278);
#276 = CARTESIAN_POINT('',(-27.15,-36.75,0.));
#277 = DIRECTION('',(0.,0.,1.));
#278 = DIRECTION('',(1.,0.,0.));
#279 = ADVANCED_FACE('',(#280),#298,.F.);
#280 = FACE_BOUND('',#281,.F.);
#281 = EDGE_LOOP('',(#282,#283,#284,#292));
#282 = ORIENTED_EDGE('',*,*,#89,.F.);
#283 = ORIENTED_EDGE('',*,*,#187,.T.);
#284 = ORIENTED_EDGE('',*,*,#285,.T.);
#285 = EDGE_CURVE('',#178,#286,#288,.T.);
#286 = VERTEX_POINT('',#287);
#287 = CARTESIAN_POINT('',(4.32,-47.13560163693,-11.49999999999));
#288 = LINE('',#289,#290);
#289 = CARTESIAN_POINT('',(4.32,-47.10651142477,-11.60971427219));
#290 = VECTOR('',#291,1.);
#291 = DIRECTION('',(0.,-0.256289373133,0.966600102017));
#292 = ORIENTED_EDGE('',*,*,#293,.F.);
#293 = EDGE_CURVE('',#81,#286,#294,.T.);
#294 = LINE('',#295,#296);
#295 = CARTESIAN_POINT('',(4.32,-47.95,-11.49999999999));
#296 = VECTOR('',#297,1.);
#297 = DIRECTION('',(0.,1.,-2.22044604925E-16));
#298 = PLANE('',#299);
#299 = AXIS2_PLACEMENT_3D('',#300,#301,#302);
#300 = CARTESIAN_POINT('',(4.32,-47.95,-12.69999999999));
#301 = DIRECTION('',(1.,0.,0.));
#302 = DIRECTION('',(0.,2.22044604925E-16,1.));
#303 = ADVANCED_FACE('',(#304),#371,.F.);
#304 = FACE_BOUND('',#305,.F.);
#305 = EDGE_LOOP('',(#306,#316,#324,#332,#338,#339,#340,#348,#356,#365)
  );
#306 = ORIENTED_EDGE('',*,*,#307,.F.);
#307 = EDGE_CURVE('',#308,#310,#312,.T.);
#308 = VERTEX_POINT('',#309);
#309 = CARTESIAN_POINT('',(-37.52120327386,4.13,-12.2));
#310 = VERTEX_POINT('',#311);
#311 = CARTESIAN_POINT('',(-37.35,4.13,-12.2));
#312 = LINE('',#313,#314);
#313 = CARTESIAN_POINT('',(-18.075,4.13,-12.2));
#314 = VECTOR('',#315,1.);
#315 = DIRECTION('',(1.,0.,0.));
#316 = ORIENTED_EDGE('',*,*,#317,.T.);
#317 = EDGE_CURVE('',#308,#318,#320,.T.);
#318 = VERTEX_POINT('',#319);
#319 = CARTESIAN_POINT('',(-37.52120327386,5.130000000049,-12.2));
#320 = LINE('',#321,#322);
#321 = CARTESIAN_POINT('',(-37.52120327386,8.817746858169,-12.2));
#322 = VECTOR('',#323,1.);
#323 = DIRECTION('',(0.,1.,0.));
#324 = ORIENTED_EDGE('',*,*,#325,.T.);
#325 = EDGE_CURVE('',#318,#326,#328,.T.);
#326 = VERTEX_POINT('',#327);
#327 = CARTESIAN_POINT('',(-38.35,5.130000000049,-12.2));
#328 = LINE('',#329,#330);
#329 = CARTESIAN_POINT('',(-19.175,5.130000000049,-12.2));
#330 = VECTOR('',#331,1.);
#331 = DIRECTION('',(-1.,0.,0.));
#332 = ORIENTED_EDGE('',*,*,#333,.T.);
#333 = EDGE_CURVE('',#326,#253,#334,.T.);
#334 = LINE('',#335,#336);
#335 = CARTESIAN_POINT('',(-38.35,36.75,-12.2));
#336 = VECTOR('',#337,1.);
#337 = DIRECTION('',(0.,-1.,0.));
#338 = ORIENTED_EDGE('',*,*,#260,.T.);
#339 = ORIENTED_EDGE('',*,*,#47,.T.);
#340 = ORIENTED_EDGE('',*,*,#341,.F.);
#341 = EDGE_CURVE('',#342,#48,#344,.T.);
#342 = VERTEX_POINT('',#343);
#343 = CARTESIAN_POINT('',(-4.82,-46.95,-12.2));
#344 = LINE('',#345,#346);
#345 = CARTESIAN_POINT('',(-4.82,-23.975,-12.2));
#346 = VECTOR('',#347,1.);
#347 = DIRECTION('',(0.,-1.,0.));
#348 = ORIENTED_EDGE('',*,*,#349,.F.);
#349 = EDGE_CURVE('',#350,#342,#352,.T.);
#350 = VERTEX_POINT('',#351);
#351 = CARTESIAN_POINT('',(-27.15,-46.95,-12.2));
#352 = LINE('',#353,#354);
#353 = CARTESIAN_POINT('',(-27.15,-46.95,-12.2));
#354 = VECTOR('',#355,1.);
#355 = DIRECTION('',(1.,0.,0.));
#356 = ORIENTED_EDGE('',*,*,#357,.F.);
#357 = EDGE_CURVE('',#358,#350,#360,.T.);
#358 = VERTEX_POINT('',#359);
#359 = CARTESIAN_POINT('',(-37.35,-36.75,-12.2));
#360 = CIRCLE('',#361,10.2);
#361 = AXIS2_PLACEMENT_3D('',#362,#363,#364);
#362 = CARTESIAN_POINT('',(-27.15,-36.75,-12.2));
#363 = DIRECTION('',(0.,0.,1.));
#364 = DIRECTION('',(1.,0.,0.));
#365 = ORIENTED_EDGE('',*,*,#366,.F.);
#366 = EDGE_CURVE('',#310,#358,#367,.T.);
#367 = LINE('',#368,#369);
#368 = CARTESIAN_POINT('',(-37.35,36.75,-12.2));
#369 = VECTOR('',#370,1.);
#370 = DIRECTION('',(0.,-1.,0.));
#371 = PLANE('',#372);
#372 = AXIS2_PLACEMENT_3D('',#373,#374,#375);
#373 = CARTESIAN_POINT('',(-4.632493799393E-15,-9.702015315709E-15,-12.2
    ));
#374 = DIRECTION('',(0.,0.,1.));
#375 = DIRECTION('',(1.,0.,0.));
#376 = ADVANCED_FACE('',(#377),#413,.F.);
#377 = FACE_BOUND('',#378,.F.);
#378 = EDGE_LOOP('',(#379,#380,#381,#390,#398,#407));
#379 = ORIENTED_EDGE('',*,*,#80,.F.);
#380 = ORIENTED_EDGE('',*,*,#293,.T.);
#381 = ORIENTED_EDGE('',*,*,#382,.T.);
#382 = EDGE_CURVE('',#286,#383,#385,.T.);
#383 = VERTEX_POINT('',#384);
#384 = CARTESIAN_POINT('',(4.068528137426,-47.32120327387,-10.8));
#385 = ELLIPSE('',#386,1.13800939779,1.1);
#386 = AXIS2_PLACEMENT_3D('',#387,#388,#389);
#387 = CARTESIAN_POINT('',(3.22,-47.13560163693,-11.49999999999));
#388 = DIRECTION('',(-0.,-0.966600102017,-0.256289373133));
#389 = DIRECTION('',(0.,-0.256289373133,0.966600102017));
#390 = ORIENTED_EDGE('',*,*,#391,.F.);
#391 = EDGE_CURVE('',#392,#383,#394,.T.);
#392 = VERTEX_POINT('',#393);
#393 = CARTESIAN_POINT('',(4.068528137426,-45.75,-10.8));
#394 = LINE('',#395,#396);
#395 = CARTESIAN_POINT('',(4.068528137426,-47.95,-10.8));
#396 = VECTOR('',#397,1.);
#397 = DIRECTION('',(0.,-1.,2.22044604925E-16));
#398 = ORIENTED_EDGE('',*,*,#399,.T.);
#399 = EDGE_CURVE('',#392,#400,#402,.T.);
#400 = VERTEX_POINT('',#401);
#401 = CARTESIAN_POINT('',(3.22,-45.75,-10.39999999999));
#402 = CIRCLE('',#403,1.1);
#403 = AXIS2_PLACEMENT_3D('',#404,#405,#406);
#404 = CARTESIAN_POINT('',(3.22,-45.75,-11.49999999999));
#405 = DIRECTION('',(0.,-1.,2.22044604925E-16));
#406 = DIRECTION('',(1.,0.,0.));
#407 = ORIENTED_EDGE('',*,*,#408,.F.);
#408 = EDGE_CURVE('',#73,#400,#409,.T.);
#409 = LINE('',#410,#411);
#410 = CARTESIAN_POINT('',(3.22,-47.95,-10.39999999999));
#411 = VECTOR('',#412,1.);
#412 = DIRECTION('',(0.,1.,-2.22044604925E-16));
#413 = CYLINDRICAL_SURFACE('',#414,1.1);
#414 = AXIS2_PLACEMENT_3D('',#415,#416,#417);
#415 = CARTESIAN_POINT('',(3.22,-47.95,-11.49999999999));
#416 = DIRECTION('',(0.,-1.,2.22044604925E-16));
#417 = DIRECTION('',(1.,0.,0.));
#418 = ADVANCED_FACE('',(#419),#437,.F.);
#419 = FACE_BOUND('',#420,.F.);
#420 = EDGE_LOOP('',(#421,#422,#430,#436));
#421 = ORIENTED_EDGE('',*,*,#55,.F.);
#422 = ORIENTED_EDGE('',*,*,#423,.T.);
#423 = EDGE_CURVE('',#56,#424,#426,.T.);
#424 = VERTEX_POINT('',#425);
#425 = CARTESIAN_POINT('',(-4.82,-47.13560163693,-11.5));
#426 = LINE('',#427,#428);
#427 = CARTESIAN_POINT('',(-4.82,-47.95,-11.5));
#428 = VECTOR('',#429,1.);
#429 = DIRECTION('',(0.,1.,-2.22044604925E-16));
#430 = ORIENTED_EDGE('',*,*,#431,.T.);
#431 = EDGE_CURVE('',#424,#342,#432,.T.);
#432 = LINE('',#433,#434);
#433 = CARTESIAN_POINT('',(-4.82,-47.2551490253,-11.04912481786));
#434 = VECTOR('',#435,1.);
#435 = DIRECTION('',(0.,0.256289373133,-0.966600102017));
#436 = ORIENTED_EDGE('',*,*,#341,.T.);
#437 = PLANE('',#438);
#438 = AXIS2_PLACEMENT_3D('',#439,#440,#441);
#439 = CARTESIAN_POINT('',(-4.82,-47.95,-11.5));
#440 = DIRECTION('',(-1.,0.,0.));
#441 = DIRECTION('',(0.,-2.22044604925E-16,-1.));
#442 = ADVANCED_FACE('',(#443),#461,.F.);
#443 = FACE_BOUND('',#444,.F.);
#444 = EDGE_LOOP('',(#445,#446,#454,#460));
#445 = ORIENTED_EDGE('',*,*,#408,.T.);
#446 = ORIENTED_EDGE('',*,*,#447,.T.);
#447 = EDGE_CURVE('',#400,#448,#450,.T.);
#448 = VERTEX_POINT('',#449);
#449 = CARTESIAN_POINT('',(-3.72,-45.75,-10.39999999999));
#450 = LINE('',#451,#452);
#451 = CARTESIAN_POINT('',(3.22,-45.75,-10.39999999999));
#452 = VECTOR('',#453,1.);
#453 = DIRECTION('',(-1.,0.,0.));
#454 = ORIENTED_EDGE('',*,*,#455,.F.);
#455 = EDGE_CURVE('',#64,#448,#456,.T.);
#456 = LINE('',#457,#458);
#457 = CARTESIAN_POINT('',(-3.72,-47.95,-10.39999999999));
#458 = VECTOR('',#459,1.);
#459 = DIRECTION('',(0.,1.,-2.22044604925E-16));
#460 = ORIENTED_EDGE('',*,*,#72,.F.);
#461 = PLANE('',#462);
#462 = AXIS2_PLACEMENT_3D('',#463,#464,#465);
#463 = CARTESIAN_POINT('',(3.22,-47.95,-10.39999999999));
#464 = DIRECTION('',(0.,2.22044604925E-16,1.));
#465 = DIRECTION('',(-1.,0.,0.));
#466 = ADVANCED_FACE('',(#467),#496,.F.);
#467 = FACE_BOUND('',#468,.F.);
#468 = EDGE_LOOP('',(#469,#470,#471,#480,#488,#495));
#469 = ORIENTED_EDGE('',*,*,#63,.F.);
#470 = ORIENTED_EDGE('',*,*,#455,.T.);
#471 = ORIENTED_EDGE('',*,*,#472,.T.);
#472 = EDGE_CURVE('',#448,#473,#475,.T.);
#473 = VERTEX_POINT('',#474);
#474 = CARTESIAN_POINT('',(-4.568528137426,-45.75,-10.8));
#475 = CIRCLE('',#476,1.1);
#476 = AXIS2_PLACEMENT_3D('',#477,#478,#479);
#477 = CARTESIAN_POINT('',(-3.72,-45.75,-11.49999999999));
#478 = DIRECTION('',(0.,-1.,2.22044604925E-16));
#479 = DIRECTION('',(1.,0.,0.));
#480 = ORIENTED_EDGE('',*,*,#481,.T.);
#481 = EDGE_CURVE('',#473,#482,#484,.T.);
#482 = VERTEX_POINT('',#483);
#483 = CARTESIAN_POINT('',(-4.568528137426,-47.32120327387,-10.8));
#484 = LINE('',#485,#486);
#485 = CARTESIAN_POINT('',(-4.568528137426,-47.95,-10.8));
#486 = VECTOR('',#487,1.);
#487 = DIRECTION('',(0.,-1.,2.22044604925E-16));
#488 = ORIENTED_EDGE('',*,*,#489,.T.);
#489 = EDGE_CURVE('',#482,#424,#490,.T.);
#490 = ELLIPSE('',#491,1.13800939779,1.1);
#491 = AXIS2_PLACEMENT_3D('',#492,#493,#494);
#492 = CARTESIAN_POINT('',(-3.72,-47.13560163693,-11.49999999999));
#493 = DIRECTION('',(-0.,-0.966600102017,-0.256289373133));
#494 = DIRECTION('',(0.,-0.256289373133,0.966600102017));
#495 = ORIENTED_EDGE('',*,*,#423,.F.);
#496 = CYLINDRICAL_SURFACE('',#497,1.1);
#497 = AXIS2_PLACEMENT_3D('',#498,#499,#500);
#498 = CARTESIAN_POINT('',(-3.72,-47.95,-11.49999999999));
#499 = DIRECTION('',(0.,-1.,2.22044604925E-16));
#500 = DIRECTION('',(1.,0.,0.));
#501 = ADVANCED_FACE('',(#502),#522,.T.);
#502 = FACE_BOUND('',#503,.F.);
#503 = EDGE_LOOP('',(#504,#505,#514,#521));
#504 = ORIENTED_EDGE('',*,*,#154,.F.);
#505 = ORIENTED_EDGE('',*,*,#506,.T.);
#506 = EDGE_CURVE('',#155,#507,#509,.T.);
#507 = VERTEX_POINT('',#508);
#508 = CARTESIAN_POINT('',(36.85,-36.75,2.22044604925E-16));
#509 = CIRCLE('',#510,9.7);
#510 = AXIS2_PLACEMENT_3D('',#511,#512,#513);
#511 = CARTESIAN_POINT('',(27.15,-36.75,0.));
#512 = DIRECTION('',(0.,0.,1.));
#513 = DIRECTION('',(-3.172065784643E-16,-1.,0.));
#514 = ORIENTED_EDGE('',*,*,#515,.T.);
#515 = EDGE_CURVE('',#507,#122,#516,.T.);
#516 = CIRCLE('',#517,1.5);
#517 = AXIS2_PLACEMENT_3D('',#518,#519,#520);
#518 = CARTESIAN_POINT('',(36.85,-36.75,-1.5));
#519 = DIRECTION('',(0.,1.,0.));
#520 = DIRECTION('',(0.,0.,1.));
#521 = ORIENTED_EDGE('',*,*,#129,.F.);
#522 = TOROIDAL_SURFACE('',#523,9.7,1.5);
#523 = AXIS2_PLACEMENT_3D('',#524,#525,#526);
#524 = CARTESIAN_POINT('',(27.15,-36.75,-1.5));
#525 = DIRECTION('',(-0.,-0.,-1.));
#526 = DIRECTION('',(-3.172065784643E-16,-1.,0.));
#527 = ADVANCED_FACE('',(#528),#610,.T.);
#528 = FACE_BOUND('',#529,.T.);
#529 = EDGE_LOOP('',(#530,#540,#546,#547,#548,#556,#564,#572,#580,#588,
    #596,#604));
#530 = ORIENTED_EDGE('',*,*,#531,.F.);
#531 = EDGE_CURVE('',#532,#534,#536,.T.);
#532 = VERTEX_POINT('',#533);
#533 = CARTESIAN_POINT('',(38.35,36.75,-1.5));
#534 = VERTEX_POINT('',#535);
#535 = CARTESIAN_POINT('',(38.35,36.75,-12.2));
#536 = LINE('',#537,#538);
#537 = CARTESIAN_POINT('',(38.35,36.75,0.));
#538 = VECTOR('',#539,1.);
#539 = DIRECTION('',(-0.,-0.,-1.));
#540 = ORIENTED_EDGE('',*,*,#541,.F.);
#541 = EDGE_CURVE('',#122,#532,#542,.T.);
#542 = LINE('',#543,#544);
#543 = CARTESIAN_POINT('',(38.35,-36.75,-1.5));
#544 = VECTOR('',#545,1.);
#545 = DIRECTION('',(0.,1.,0.));
#546 = ORIENTED_EDGE('',*,*,#121,.T.);
#547 = ORIENTED_EDGE('',*,*,#195,.T.);
#548 = ORIENTED_EDGE('',*,*,#549,.F.);
#549 = EDGE_CURVE('',#550,#196,#552,.T.);
#550 = VERTEX_POINT('',#551);
#551 = CARTESIAN_POINT('',(38.35,5.13,-5.2));
#552 = LINE('',#553,#554);
#553 = CARTESIAN_POINT('',(38.35,5.13,-5.2));
#554 = VECTOR('',#555,1.);
#555 = DIRECTION('',(0.,0.,-1.));
#556 = ORIENTED_EDGE('',*,*,#557,.F.);
#557 = EDGE_CURVE('',#558,#550,#560,.T.);
#558 = VERTEX_POINT('',#559);
#559 = CARTESIAN_POINT('',(38.35,9.83,-5.2));
#560 = LINE('',#561,#562);
#561 = CARTESIAN_POINT('',(38.35,9.83,-5.2));
#562 = VECTOR('',#563,1.);
#563 = DIRECTION('',(0.,-1.,0.));
#564 = ORIENTED_EDGE('',*,*,#565,.F.);
#565 = EDGE_CURVE('',#566,#558,#568,.T.);
#566 = VERTEX_POINT('',#567);
#567 = CARTESIAN_POINT('',(38.35,9.83,-12.2));
#568 = LINE('',#569,#570);
#569 = CARTESIAN_POINT('',(38.35,9.83,-13.7));
#570 = VECTOR('',#571,1.);
#571 = DIRECTION('',(0.,0.,1.));
#572 = ORIENTED_EDGE('',*,*,#573,.T.);
#573 = EDGE_CURVE('',#566,#574,#576,.T.);
#574 = VERTEX_POINT('',#575);
#575 = CARTESIAN_POINT('',(38.35,14.029999999976,-12.2));
#576 = LINE('',#577,#578);
#577 = CARTESIAN_POINT('',(38.35,-36.75,-12.2));
#578 = VECTOR('',#579,1.);
#579 = DIRECTION('',(0.,1.,0.));
#580 = ORIENTED_EDGE('',*,*,#581,.F.);
#581 = EDGE_CURVE('',#582,#574,#584,.T.);
#582 = VERTEX_POINT('',#583);
#583 = CARTESIAN_POINT('',(38.35,14.029999999976,-5.2));
#584 = LINE('',#585,#586);
#585 = CARTESIAN_POINT('',(38.35,14.029999999976,-5.2));
#586 = VECTOR('',#587,1.);
#587 = DIRECTION('',(0.,0.,-1.));
#588 = ORIENTED_EDGE('',*,*,#589,.F.);
#589 = EDGE_CURVE('',#590,#582,#592,.T.);
#590 = VERTEX_POINT('',#591);
#591 = CARTESIAN_POINT('',(38.35,18.730000000024,-5.2));
#592 = LINE('',#593,#594);
#593 = CARTESIAN_POINT('',(38.35,18.730000000024,-5.2));
#594 = VECTOR('',#595,1.);
#595 = DIRECTION('',(0.,-1.,0.));
#596 = ORIENTED_EDGE('',*,*,#597,.F.);
#597 = EDGE_CURVE('',#598,#590,#600,.T.);
#598 = VERTEX_POINT('',#599);
#599 = CARTESIAN_POINT('',(38.35,18.730000000024,-12.2));
#600 = LINE('',#601,#602);
#601 = CARTESIAN_POINT('',(38.35,18.730000000024,-13.69999999995));
#602 = VECTOR('',#603,1.);
#603 = DIRECTION('',(0.,0.,1.));
#604 = ORIENTED_EDGE('',*,*,#605,.T.);
#605 = EDGE_CURVE('',#598,#534,#606,.T.);
#606 = LINE('',#607,#608);
#607 = CARTESIAN_POINT('',(38.35,-36.75,-12.2));
#608 = VECTOR('',#609,1.);
#609 = DIRECTION('',(0.,1.,0.));
#610 = PLANE('',#611);
#611 = AXIS2_PLACEMENT_3D('',#612,#613,#614);
#612 = CARTESIAN_POINT('',(38.35,-36.75,0.));
#613 = DIRECTION('',(1.,0.,0.));
#614 = DIRECTION('',(0.,1.,0.));
#615 = ADVANCED_FACE('',(#616),#636,.T.);
#616 = FACE_BOUND('',#617,.F.);
#617 = EDGE_LOOP('',(#618,#627,#634,#635));
#618 = ORIENTED_EDGE('',*,*,#619,.F.);
#619 = EDGE_CURVE('',#620,#251,#622,.T.);
#620 = VERTEX_POINT('',#621);
#621 = CARTESIAN_POINT('',(-36.85,-36.75,2.22044604925E-16));
#622 = CIRCLE('',#623,1.5);
#623 = AXIS2_PLACEMENT_3D('',#624,#625,#626);
#624 = CARTESIAN_POINT('',(-36.85,-36.75,-1.5));
#625 = DIRECTION('',(0.,-1.,0.));
#626 = DIRECTION('',(0.,0.,1.));
#627 = ORIENTED_EDGE('',*,*,#628,.T.);
#628 = EDGE_CURVE('',#620,#145,#629,.T.);
#629 = CIRCLE('',#630,9.7);
#630 = AXIS2_PLACEMENT_3D('',#631,#632,#633);
#631 = CARTESIAN_POINT('',(-27.15,-36.75,0.));
#632 = DIRECTION('',(0.,0.,1.));
#633 = DIRECTION('',(-1.,0.,0.));
#634 = ORIENTED_EDGE('',*,*,#144,.T.);
#635 = ORIENTED_EDGE('',*,*,#268,.F.);
#636 = TOROIDAL_SURFACE('',#637,9.7,1.5);
#637 = AXIS2_PLACEMENT_3D('',#638,#639,#640);
#638 = CARTESIAN_POINT('',(-27.15,-36.75,-1.5));
#639 = DIRECTION('',(-0.,-0.,-1.));
#640 = DIRECTION('',(-1.,0.,0.));
#641 = ADVANCED_FACE('',(#642,#755,#1047,#1117,#1187,#1257,#1327,#1397,
    #1408),#1419,.T.);
#642 = FACE_BOUND('',#643,.T.);
#643 = EDGE_LOOP('',(#644,#645,#653,#662,#670,#679,#687,#696,#704,#713,
    #721,#730,#738,#747,#753,#754));
#644 = ORIENTED_EDGE('',*,*,#506,.T.);
#645 = ORIENTED_EDGE('',*,*,#646,.T.);
#646 = EDGE_CURVE('',#507,#647,#649,.T.);
#647 = VERTEX_POINT('',#648);
#648 = CARTESIAN_POINT('',(36.85,36.75,2.22044604925E-16));
#649 = LINE('',#650,#651);
#650 = CARTESIAN_POINT('',(36.85,-36.75,2.22044604925E-16));
#651 = VECTOR('',#652,1.);
#652 = DIRECTION('',(0.,1.,0.));
#653 = ORIENTED_EDGE('',*,*,#654,.T.);
#654 = EDGE_CURVE('',#647,#655,#657,.T.);
#655 = VERTEX_POINT('',#656);
#656 = CARTESIAN_POINT('',(27.15,46.45,0.));
#657 = CIRCLE('',#658,9.7);
#658 = AXIS2_PLACEMENT_3D('',#659,#660,#661);
#659 = CARTESIAN_POINT('',(27.15,36.75,0.));
#660 = DIRECTION('',(0.,0.,1.));
#661 = DIRECTION('',(1.,0.,0.));
#662 = ORIENTED_EDGE('',*,*,#663,.T.);
#663 = EDGE_CURVE('',#655,#664,#666,.T.);
#664 = VERTEX_POINT('',#665);
#665 = CARTESIAN_POINT('',(-14.31010205144,46.45,1.110223024625E-16));
#666 = LINE('',#667,#668);
#667 = CARTESIAN_POINT('',(27.15,46.45,2.22044604925E-16));
#668 = VECTOR('',#669,1.);
#669 = DIRECTION('',(-1.,0.,0.));
#670 = ORIENTED_EDGE('',*,*,#671,.F.);
#671 = EDGE_CURVE('',#672,#664,#674,.T.);
#672 = VERTEX_POINT('',#673);
#673 = CARTESIAN_POINT('',(-14.3,46.35,0.));
#674 = CIRCLE('',#675,0.5);
#675 = AXIS2_PLACEMENT_3D('',#676,#677,#678);
#676 = CARTESIAN_POINT('',(-14.8,46.35,0.));
#677 = DIRECTION('',(0.,0.,1.));
#678 = DIRECTION('',(1.,0.,0.));
#679 = ORIENTED_EDGE('',*,*,#680,.F.);
#680 = EDGE_CURVE('',#681,#672,#683,.T.);
#681 = VERTEX_POINT('',#682);
#682 = CARTESIAN_POINT('',(-14.3,38.35,0.));
#683 = LINE('',#684,#685);
#684 = CARTESIAN_POINT('',(-14.3,38.35,0.));
#685 = VECTOR('',#686,1.);
#686 = DIRECTION('',(0.,1.,0.));
#687 = ORIENTED_EDGE('',*,*,#688,.F.);
#688 = EDGE_CURVE('',#689,#681,#691,.T.);
#689 = VERTEX_POINT('',#690);
#690 = CARTESIAN_POINT('',(-14.8,37.85,0.));
#691 = CIRCLE('',#692,0.5);
#692 = AXIS2_PLACEMENT_3D('',#693,#694,#695);
#693 = CARTESIAN_POINT('',(-14.8,38.35,0.));
#694 = DIRECTION('',(0.,0.,1.));
#695 = DIRECTION('',(1.,0.,0.));
#696 = ORIENTED_EDGE('',*,*,#697,.F.);
#697 = EDGE_CURVE('',#698,#689,#700,.T.);
#698 = VERTEX_POINT('',#699);
#699 = CARTESIAN_POINT('',(-15.2,37.85,0.));
#700 = LINE('',#701,#702);
#701 = CARTESIAN_POINT('',(-15.2,37.85,0.));
#702 = VECTOR('',#703,1.);
#703 = DIRECTION('',(1.,0.,0.));
#704 = ORIENTED_EDGE('',*,*,#705,.F.);
#705 = EDGE_CURVE('',#706,#698,#708,.T.);
#706 = VERTEX_POINT('',#707);
#707 = CARTESIAN_POINT('',(-15.7,38.35,0.));
#708 = CIRCLE('',#709,0.5);
#709 = AXIS2_PLACEMENT_3D('',#710,#711,#712);
#710 = CARTESIAN_POINT('',(-15.2,38.35,0.));
#711 = DIRECTION('',(0.,0.,1.));
#712 = DIRECTION('',(1.,0.,0.));
#713 = ORIENTED_EDGE('',*,*,#714,.F.);
#714 = EDGE_CURVE('',#715,#706,#717,.T.);
#715 = VERTEX_POINT('',#716);
#716 = CARTESIAN_POINT('',(-15.7,46.35,0.));
#717 = LINE('',#718,#719);
#718 = CARTESIAN_POINT('',(-15.7,46.35,0.));
#719 = VECTOR('',#720,1.);
#720 = DIRECTION('',(0.,-1.,0.));
#721 = ORIENTED_EDGE('',*,*,#722,.F.);
#722 = EDGE_CURVE('',#723,#715,#725,.T.);
#723 = VERTEX_POINT('',#724);
#724 = CARTESIAN_POINT('',(-15.68989794855,46.45,1.110223024625E-16));
#725 = CIRCLE('',#726,0.5);
#726 = AXIS2_PLACEMENT_3D('',#727,#728,#729);
#727 = CARTESIAN_POINT('',(-15.2,46.35,0.));
#728 = DIRECTION('',(0.,0.,1.));
#729 = DIRECTION('',(1.,0.,0.));
#730 = ORIENTED_EDGE('',*,*,#731,.T.);
#731 = EDGE_CURVE('',#723,#732,#734,.T.);
#732 = VERTEX_POINT('',#733);
#733 = CARTESIAN_POINT('',(-27.15,46.45,2.22044604925E-16));
#734 = LINE('',#735,#736);
#735 = CARTESIAN_POINT('',(27.15,46.45,2.22044604925E-16));
#736 = VECTOR('',#737,1.);
#737 = DIRECTION('',(-1.,0.,0.));
#738 = ORIENTED_EDGE('',*,*,#739,.T.);
#739 = EDGE_CURVE('',#732,#740,#742,.T.);
#740 = VERTEX_POINT('',#741);
#741 = CARTESIAN_POINT('',(-36.85,36.75,0.));
#742 = CIRCLE('',#743,9.7);
#743 = AXIS2_PLACEMENT_3D('',#744,#745,#746);
#744 = CARTESIAN_POINT('',(-27.15,36.75,0.));
#745 = DIRECTION('',(0.,-0.,1.));
#746 = DIRECTION('',(0.,1.,0.));
#747 = ORIENTED_EDGE('',*,*,#748,.T.);
#748 = EDGE_CURVE('',#740,#620,#749,.T.);
#749 = LINE('',#750,#751);
#750 = CARTESIAN_POINT('',(-36.85,36.75,2.22044604925E-16));
#751 = VECTOR('',#752,1.);
#752 = DIRECTION('',(0.,-1.,0.));
#753 = ORIENTED_EDGE('',*,*,#628,.T.);
#754 = ORIENTED_EDGE('',*,*,#163,.T.);
#755 = FACE_BOUND('',#756,.T.);
#756 = EDGE_LOOP('',(#757,#767,#775,#783,#791,#799,#807,#815,#823,#831,
    #839,#847,#855,#863,#871,#879,#888,#896,#904,#912,#920,#928,#937,
    #945,#953,#961,#969,#977,#985,#993,#1001,#1009,#1017,#1025,#1033,
    #1041));
#757 = ORIENTED_EDGE('',*,*,#758,.F.);
#758 = EDGE_CURVE('',#759,#761,#763,.T.);
#759 = VERTEX_POINT('',#760);
#760 = CARTESIAN_POINT('',(32.7,-10.,0.));
#761 = VERTEX_POINT('',#762);
#762 = CARTESIAN_POINT('',(-32.7,-10.,0.));
#763 = LINE('',#764,#765);
#764 = CARTESIAN_POINT('',(32.7,-10.,0.));
#765 = VECTOR('',#766,1.);
#766 = DIRECTION('',(-1.,0.,0.));
#767 = ORIENTED_EDGE('',*,*,#768,.T.);
#768 = EDGE_CURVE('',#759,#769,#771,.T.);
#769 = VERTEX_POINT('',#770);
#770 = CARTESIAN_POINT('',(32.7,-11.4,0.));
#771 = LINE('',#772,#773);
#772 = CARTESIAN_POINT('',(32.7,-10.,0.));
#773 = VECTOR('',#774,1.);
#774 = DIRECTION('',(0.,-1.,0.));
#775 = ORIENTED_EDGE('',*,*,#776,.T.);
#776 = EDGE_CURVE('',#769,#777,#779,.T.);
#777 = VERTEX_POINT('',#778);
#778 = CARTESIAN_POINT('',(31.65,-11.4,0.));
#779 = LINE('',#780,#781);
#780 = CARTESIAN_POINT('',(32.7,-11.4,0.));
#781 = VECTOR('',#782,1.);
#782 = DIRECTION('',(-1.,0.,0.));
#783 = ORIENTED_EDGE('',*,*,#784,.T.);
#784 = EDGE_CURVE('',#777,#785,#787,.T.);
#785 = VERTEX_POINT('',#786);
#786 = CARTESIAN_POINT('',(31.65,-17.6,0.));
#787 = LINE('',#788,#789);
#788 = CARTESIAN_POINT('',(31.65,-11.4,0.));
#789 = VECTOR('',#790,1.);
#790 = DIRECTION('',(0.,-1.,0.));
#791 = ORIENTED_EDGE('',*,*,#792,.T.);
#792 = EDGE_CURVE('',#785,#793,#795,.T.);
#793 = VERTEX_POINT('',#794);
#794 = CARTESIAN_POINT('',(32.700000000003,-17.6,0.));
#795 = LINE('',#796,#797);
#796 = CARTESIAN_POINT('',(31.65,-17.6,0.));
#797 = VECTOR('',#798,1.);
#798 = DIRECTION('',(1.,0.,0.));
#799 = ORIENTED_EDGE('',*,*,#800,.T.);
#800 = EDGE_CURVE('',#793,#801,#803,.T.);
#801 = VERTEX_POINT('',#802);
#802 = CARTESIAN_POINT('',(32.700000000003,-19.3,0.));
#803 = LINE('',#804,#805);
#804 = CARTESIAN_POINT('',(32.700000000003,-17.6,0.));
#805 = VECTOR('',#806,1.);
#806 = DIRECTION('',(0.,-1.,0.));
#807 = ORIENTED_EDGE('',*,*,#808,.T.);
#808 = EDGE_CURVE('',#801,#809,#811,.T.);
#809 = VERTEX_POINT('',#810);
#810 = CARTESIAN_POINT('',(31.650000000003,-19.3,0.));
#811 = LINE('',#812,#813);
#812 = CARTESIAN_POINT('',(32.700000000003,-19.3,0.));
#813 = VECTOR('',#814,1.);
#814 = DIRECTION('',(-1.,0.,0.));
#815 = ORIENTED_EDGE('',*,*,#816,.T.);
#816 = EDGE_CURVE('',#809,#817,#819,.T.);
#817 = VERTEX_POINT('',#818);
#818 = CARTESIAN_POINT('',(31.650000000003,-25.5,0.));
#819 = LINE('',#820,#821);
#820 = CARTESIAN_POINT('',(31.650000000003,-19.3,0.));
#821 = VECTOR('',#822,1.);
#822 = DIRECTION('',(0.,-1.,0.));
#823 = ORIENTED_EDGE('',*,*,#824,.T.);
#824 = EDGE_CURVE('',#817,#825,#827,.T.);
#825 = VERTEX_POINT('',#826);
#826 = CARTESIAN_POINT('',(32.700000000024,-25.5,0.));
#827 = LINE('',#828,#829);
#828 = CARTESIAN_POINT('',(31.650000000003,-25.5,0.));
#829 = VECTOR('',#830,1.);
#830 = DIRECTION('',(1.,0.,0.));
#831 = ORIENTED_EDGE('',*,*,#832,.T.);
#832 = EDGE_CURVE('',#825,#833,#835,.T.);
#833 = VERTEX_POINT('',#834);
#834 = CARTESIAN_POINT('',(32.700000000024,-27.20000000003,0.));
#835 = LINE('',#836,#837);
#836 = CARTESIAN_POINT('',(32.700000000024,-25.5,0.));
#837 = VECTOR('',#838,1.);
#838 = DIRECTION('',(0.,-1.,0.));
#839 = ORIENTED_EDGE('',*,*,#840,.T.);
#840 = EDGE_CURVE('',#833,#841,#843,.T.);
#841 = VERTEX_POINT('',#842);
#842 = CARTESIAN_POINT('',(31.650000000024,-27.20000000003,0.));
#843 = LINE('',#844,#845);
#844 = CARTESIAN_POINT('',(32.700000000024,-27.20000000003,0.));
#845 = VECTOR('',#846,1.);
#846 = DIRECTION('',(-1.,0.,0.));
#847 = ORIENTED_EDGE('',*,*,#848,.T.);
#848 = EDGE_CURVE('',#841,#849,#851,.T.);
#849 = VERTEX_POINT('',#850);
#850 = CARTESIAN_POINT('',(31.650000000024,-33.40000000003,0.));
#851 = LINE('',#852,#853);
#852 = CARTESIAN_POINT('',(31.650000000024,-27.20000000003,0.));
#853 = VECTOR('',#854,1.);
#854 = DIRECTION('',(0.,-1.,0.));
#855 = ORIENTED_EDGE('',*,*,#856,.T.);
#856 = EDGE_CURVE('',#849,#857,#859,.T.);
#857 = VERTEX_POINT('',#858);
#858 = CARTESIAN_POINT('',(32.700000000023,-33.40000000003,0.));
#859 = LINE('',#860,#861);
#860 = CARTESIAN_POINT('',(31.650000000024,-33.40000000003,0.));
#861 = VECTOR('',#862,1.);
#862 = DIRECTION('',(1.,0.,0.));
#863 = ORIENTED_EDGE('',*,*,#864,.T.);
#864 = EDGE_CURVE('',#857,#865,#867,.T.);
#865 = VERTEX_POINT('',#866);
#866 = CARTESIAN_POINT('',(32.700000000023,-35.10000000003,0.));
#867 = LINE('',#868,#869);
#868 = CARTESIAN_POINT('',(32.700000000023,-33.40000000003,0.));
#869 = VECTOR('',#870,1.);
#870 = DIRECTION('',(0.,-1.,0.));
#871 = ORIENTED_EDGE('',*,*,#872,.T.);
#872 = EDGE_CURVE('',#865,#873,#875,.T.);
#873 = VERTEX_POINT('',#874);
#874 = CARTESIAN_POINT('',(25.750000000002,-35.10000000003,0.));
#875 = LINE('',#876,#877);
#876 = CARTESIAN_POINT('',(31.650000000002,-35.10000000003,0.));
#877 = VECTOR('',#878,1.);
#878 = DIRECTION('',(-1.,0.,0.));
#879 = ORIENTED_EDGE('',*,*,#880,.F.);
#880 = EDGE_CURVE('',#881,#873,#883,.T.);
#881 = VERTEX_POINT('',#882);
#882 = CARTESIAN_POINT('',(21.013298775153,-40.52595798465,0.));
#883 = CIRCLE('',#884,5.05);
#884 = AXIS2_PLACEMENT_3D('',#885,#886,#887);
#885 = CARTESIAN_POINT('',(20.714681433023,-35.4847946583,0.));
#886 = DIRECTION('',(0.,0.,1.));
#887 = DIRECTION('',(1.,0.,0.));
#888 = ORIENTED_EDGE('',*,*,#889,.T.);
#889 = EDGE_CURVE('',#881,#890,#892,.T.);
#890 = VERTEX_POINT('',#891);
#891 = CARTESIAN_POINT('',(11.338589477194,-41.22595798465,0.));
#892 = LINE('',#893,#894);
#893 = CARTESIAN_POINT('',(21.013298775153,-40.52595798465,0.));
#894 = VECTOR('',#895,1.);
#895 = DIRECTION('',(-0.99739271113,-7.216494845361E-02,0.));
#896 = ORIENTED_EDGE('',*,*,#897,.T.);
#897 = EDGE_CURVE('',#890,#898,#900,.T.);
#898 = VERTEX_POINT('',#899);
#899 = CARTESIAN_POINT('',(2.8,-41.57595798465,0.));
#900 = LINE('',#901,#902);
#901 = CARTESIAN_POINT('',(11.338589477194,-41.22595798465,0.));
#902 = VECTOR('',#903,1.);
#903 = DIRECTION('',(-0.999160951691,-4.095598389239E-02,0.));
#904 = ORIENTED_EDGE('',*,*,#905,.F.);
#905 = EDGE_CURVE('',#906,#898,#908,.T.);
#906 = VERTEX_POINT('',#907);
#907 = CARTESIAN_POINT('',(-2.8,-41.57595798465,0.));
#908 = LINE('',#909,#910);
#909 = CARTESIAN_POINT('',(-2.8,-41.57595798465,0.));
#910 = VECTOR('',#911,1.);
#911 = DIRECTION('',(1.,0.,0.));
#912 = ORIENTED_EDGE('',*,*,#913,.F.);
#913 = EDGE_CURVE('',#914,#906,#916,.T.);
#914 = VERTEX_POINT('',#915);
#915 = CARTESIAN_POINT('',(-11.33858947721,-41.22595798449,0.));
#916 = LINE('',#917,#918);
#917 = CARTESIAN_POINT('',(-11.33858947721,-41.22595798449,0.));
#918 = VECTOR('',#919,1.);
#919 = DIRECTION('',(0.99916095169,-4.095598391172E-02,0.));
#920 = ORIENTED_EDGE('',*,*,#921,.F.);
#921 = EDGE_CURVE('',#922,#914,#924,.T.);
#922 = VERTEX_POINT('',#923);
#923 = CARTESIAN_POINT('',(-21.01329877517,-40.52595798449,0.));
#924 = LINE('',#925,#926);
#925 = CARTESIAN_POINT('',(-21.01329877517,-40.52595798449,0.));
#926 = VECTOR('',#927,1.);
#927 = DIRECTION('',(0.99739271113,-7.216494845361E-02,0.));
#928 = ORIENTED_EDGE('',*,*,#929,.F.);
#929 = EDGE_CURVE('',#930,#922,#932,.T.);
#930 = VERTEX_POINT('',#931);
#931 = CARTESIAN_POINT('',(-25.75000000002,-35.09999999986,0.));
#932 = CIRCLE('',#933,5.05);
#933 = AXIS2_PLACEMENT_3D('',#934,#935,#936);
#934 = CARTESIAN_POINT('',(-20.71468143304,-35.48479465813,0.));
#935 = DIRECTION('',(0.,0.,1.));
#936 = DIRECTION('',(1.,0.,0.));
#937 = ORIENTED_EDGE('',*,*,#938,.F.);
#938 = EDGE_CURVE('',#939,#930,#941,.T.);
#939 = VERTEX_POINT('',#940);
#940 = CARTESIAN_POINT('',(-32.7,-35.09999999986,0.));
#941 = LINE('',#942,#943);
#942 = CARTESIAN_POINT('',(-32.7,-35.09999999986,0.));
#943 = VECTOR('',#944,1.);
#944 = DIRECTION('',(1.,0.,0.));
#945 = ORIENTED_EDGE('',*,*,#946,.F.);
#946 = EDGE_CURVE('',#947,#939,#949,.T.);
#947 = VERTEX_POINT('',#948);
#948 = CARTESIAN_POINT('',(-32.7,-33.39999999994,0.));
#949 = LINE('',#950,#951);
#950 = CARTESIAN_POINT('',(-32.7,-33.39999999994,0.));
#951 = VECTOR('',#952,1.);
#952 = DIRECTION('',(0.,-1.,0.));
#953 = ORIENTED_EDGE('',*,*,#954,.F.);
#954 = EDGE_CURVE('',#955,#947,#957,.T.);
#955 = VERTEX_POINT('',#956);
#956 = CARTESIAN_POINT('',(-31.65,-33.39999999994,0.));
#957 = LINE('',#958,#959);
#958 = CARTESIAN_POINT('',(-31.65,-33.39999999994,0.));
#959 = VECTOR('',#960,1.);
#960 = DIRECTION('',(-1.,0.,0.));
#961 = ORIENTED_EDGE('',*,*,#962,.F.);
#962 = EDGE_CURVE('',#963,#955,#965,.T.);
#963 = VERTEX_POINT('',#964);
#964 = CARTESIAN_POINT('',(-31.65,-27.19999999995,0.));
#965 = LINE('',#966,#967);
#966 = CARTESIAN_POINT('',(-31.65,-27.19999999995,0.));
#967 = VECTOR('',#968,1.);
#968 = DIRECTION('',(0.,-1.,0.));
#969 = ORIENTED_EDGE('',*,*,#970,.F.);
#970 = EDGE_CURVE('',#971,#963,#973,.T.);
#971 = VERTEX_POINT('',#972);
#972 = CARTESIAN_POINT('',(-32.7,-27.19999999995,0.));
#973 = LINE('',#974,#975);
#974 = CARTESIAN_POINT('',(-32.7,-27.19999999995,0.));
#975 = VECTOR('',#976,1.);
#976 = DIRECTION('',(1.,0.,0.));
#977 = ORIENTED_EDGE('',*,*,#978,.F.);
#978 = EDGE_CURVE('',#979,#971,#981,.T.);
#979 = VERTEX_POINT('',#980);
#980 = CARTESIAN_POINT('',(-32.7,-25.49999999999,0.));
#981 = LINE('',#982,#983);
#982 = CARTESIAN_POINT('',(-32.7,-25.49999999999,0.));
#983 = VECTOR('',#984,1.);
#984 = DIRECTION('',(0.,-1.,0.));
#985 = ORIENTED_EDGE('',*,*,#986,.F.);
#986 = EDGE_CURVE('',#987,#979,#989,.T.);
#987 = VERTEX_POINT('',#988);
#988 = CARTESIAN_POINT('',(-31.64999999998,-25.49999999999,0.));
#989 = LINE('',#990,#991);
#990 = CARTESIAN_POINT('',(-31.64999999998,-25.49999999999,0.));
#991 = VECTOR('',#992,1.);
#992 = DIRECTION('',(-1.,0.,0.));
#993 = ORIENTED_EDGE('',*,*,#994,.F.);
#994 = EDGE_CURVE('',#995,#987,#997,.T.);
#995 = VERTEX_POINT('',#996);
#996 = CARTESIAN_POINT('',(-31.64999999998,-19.29999999999,0.));
#997 = LINE('',#998,#999);
#998 = CARTESIAN_POINT('',(-31.64999999998,-19.29999999999,0.));
#999 = VECTOR('',#1000,1.);
#1000 = DIRECTION('',(0.,-1.,0.));
#1001 = ORIENTED_EDGE('',*,*,#1002,.F.);
#1002 = EDGE_CURVE('',#1003,#995,#1005,.T.);
#1003 = VERTEX_POINT('',#1004);
#1004 = CARTESIAN_POINT('',(-32.7,-19.29999999999,0.));
#1005 = LINE('',#1006,#1007);
#1006 = CARTESIAN_POINT('',(-32.7,-19.29999999999,0.));
#1007 = VECTOR('',#1008,1.);
#1008 = DIRECTION('',(1.,0.,0.));
#1009 = ORIENTED_EDGE('',*,*,#1010,.F.);
#1010 = EDGE_CURVE('',#1011,#1003,#1013,.T.);
#1011 = VERTEX_POINT('',#1012);
#1012 = CARTESIAN_POINT('',(-32.7,-17.59999999999,0.));
#1013 = LINE('',#1014,#1015);
#1014 = CARTESIAN_POINT('',(-32.7,-17.59999999999,0.));
#1015 = VECTOR('',#1016,1.);
#1016 = DIRECTION('',(0.,-1.,0.));
#1017 = ORIENTED_EDGE('',*,*,#1018,.F.);
#1018 = EDGE_CURVE('',#1019,#1011,#1021,.T.);
#1019 = VERTEX_POINT('',#1020);
#1020 = CARTESIAN_POINT('',(-31.65,-17.59999999999,0.));
#1021 = LINE('',#1022,#1023);
#1022 = CARTESIAN_POINT('',(-31.65,-17.59999999999,0.));
#1023 = VECTOR('',#1024,1.);
#1024 = DIRECTION('',(-1.,0.,0.));
#1025 = ORIENTED_EDGE('',*,*,#1026,.F.);
#1026 = EDGE_CURVE('',#1027,#1019,#1029,.T.);
#1027 = VERTEX_POINT('',#1028);
#1028 = CARTESIAN_POINT('',(-31.65,-11.4,0.));
#1029 = LINE('',#1030,#1031);
#1030 = CARTESIAN_POINT('',(-31.65,-11.4,0.));
#1031 = VECTOR('',#1032,1.);
#1032 = DIRECTION('',(0.,-1.,0.));
#1033 = ORIENTED_EDGE('',*,*,#1034,.F.);
#1034 = EDGE_CURVE('',#1035,#1027,#1037,.T.);
#1035 = VERTEX_POINT('',#1036);
#1036 = CARTESIAN_POINT('',(-32.7,-11.4,0.));
#1037 = LINE('',#1038,#1039);
#1038 = CARTESIAN_POINT('',(-32.7,-11.4,0.));
#1039 = VECTOR('',#1040,1.);
#1040 = DIRECTION('',(1.,0.,0.));
#1041 = ORIENTED_EDGE('',*,*,#1042,.F.);
#1042 = EDGE_CURVE('',#761,#1035,#1043,.T.);
#1043 = LINE('',#1044,#1045);
#1044 = CARTESIAN_POINT('',(-32.7,-10.,0.));
#1045 = VECTOR('',#1046,1.);
#1046 = DIRECTION('',(0.,-1.,0.));
#1047 = FACE_BOUND('',#1048,.T.);
#1048 = EDGE_LOOP('',(#1049,#1059,#1068,#1076,#1085,#1093,#1102,#1110));
#1049 = ORIENTED_EDGE('',*,*,#1050,.F.);
#1050 = EDGE_CURVE('',#1051,#1053,#1055,.T.);
#1051 = VERTEX_POINT('',#1052);
#1052 = CARTESIAN_POINT('',(-28.05,36.,0.));
#1053 = VERTEX_POINT('',#1054);
#1054 = CARTESIAN_POINT('',(-28.05,-5.,0.));
#1055 = LINE('',#1056,#1057);
#1056 = CARTESIAN_POINT('',(-28.05,36.,0.));
#1057 = VECTOR('',#1058,1.);
#1058 = DIRECTION('',(0.,-1.,0.));
#1059 = ORIENTED_EDGE('',*,*,#1060,.F.);
#1060 = EDGE_CURVE('',#1061,#1051,#1063,.T.);
#1061 = VERTEX_POINT('',#1062);
#1062 = CARTESIAN_POINT('',(-27.7,36.35,0.));
#1063 = CIRCLE('',#1064,0.35);
#1064 = AXIS2_PLACEMENT_3D('',#1065,#1066,#1067);
#1065 = CARTESIAN_POINT('',(-27.7,36.,0.));
#1066 = DIRECTION('',(0.,0.,1.));
#1067 = DIRECTION('',(1.,0.,0.));
#1068 = ORIENTED_EDGE('',*,*,#1069,.F.);
#1069 = EDGE_CURVE('',#1070,#1061,#1072,.T.);
#1070 = VERTEX_POINT('',#1071);
#1071 = CARTESIAN_POINT('',(24.9,36.35,0.));
#1072 = LINE('',#1073,#1074);
#1073 = CARTESIAN_POINT('',(24.9,36.35,0.));
#1074 = VECTOR('',#1075,1.);
#1075 = DIRECTION('',(-1.,0.,0.));
#1076 = ORIENTED_EDGE('',*,*,#1077,.F.);
#1077 = EDGE_CURVE('',#1078,#1070,#1080,.T.);
#1078 = VERTEX_POINT('',#1079);
#1079 = CARTESIAN_POINT('',(25.25,36.,0.));
#1080 = CIRCLE('',#1081,0.35);
#1081 = AXIS2_PLACEMENT_3D('',#1082,#1083,#1084);
#1082 = CARTESIAN_POINT('',(24.9,36.,0.));
#1083 = DIRECTION('',(0.,0.,1.));
#1084 = DIRECTION('',(1.,0.,0.));
#1085 = ORIENTED_EDGE('',*,*,#1086,.F.);
#1086 = EDGE_CURVE('',#1087,#1078,#1089,.T.);
#1087 = VERTEX_POINT('',#1088);
#1088 = CARTESIAN_POINT('',(25.25,-5.,0.));
#1089 = LINE('',#1090,#1091);
#1090 = CARTESIAN_POINT('',(25.25,-5.,0.));
#1091 = VECTOR('',#1092,1.);
#1092 = DIRECTION('',(0.,1.,0.));
#1093 = ORIENTED_EDGE('',*,*,#1094,.F.);
#1094 = EDGE_CURVE('',#1095,#1087,#1097,.T.);
#1095 = VERTEX_POINT('',#1096);
#1096 = CARTESIAN_POINT('',(24.9,-5.35,0.));
#1097 = CIRCLE('',#1098,0.35);
#1098 = AXIS2_PLACEMENT_3D('',#1099,#1100,#1101);
#1099 = CARTESIAN_POINT('',(24.9,-5.,0.));
#1100 = DIRECTION('',(0.,0.,1.));
#1101 = DIRECTION('',(1.,0.,0.));
#1102 = ORIENTED_EDGE('',*,*,#1103,.F.);
#1103 = EDGE_CURVE('',#1104,#1095,#1106,.T.);
#1104 = VERTEX_POINT('',#1105);
#1105 = CARTESIAN_POINT('',(-27.7,-5.35,0.));
#1106 = LINE('',#1107,#1108);
#1107 = CARTESIAN_POINT('',(-27.7,-5.35,0.));
#1108 = VECTOR('',#1109,1.);
#1109 = DIRECTION('',(1.,0.,0.));
#1110 = ORIENTED_EDGE('',*,*,#1111,.F.);
#1111 = EDGE_CURVE('',#1053,#1104,#1112,.T.);
#1112 = CIRCLE('',#1113,0.35);
#1113 = AXIS2_PLACEMENT_3D('',#1114,#1115,#1116);
#1114 = CARTESIAN_POINT('',(-27.7,-5.,0.));
#1115 = DIRECTION('',(0.,0.,1.));
#1116 = DIRECTION('',(1.,0.,0.));
#1117 = FACE_BOUND('',#1118,.T.);
#1118 = EDGE_LOOP('',(#1119,#1129,#1138,#1146,#1155,#1163,#1172,#1180));
#1119 = ORIENTED_EDGE('',*,*,#1120,.F.);
#1120 = EDGE_CURVE('',#1121,#1123,#1125,.T.);
#1121 = VERTEX_POINT('',#1122);
#1122 = CARTESIAN_POINT('',(-22.3,42.45,0.));
#1123 = VERTEX_POINT('',#1124);
#1124 = CARTESIAN_POINT('',(-22.3,39.25,0.));
#1125 = LINE('',#1126,#1127);
#1126 = CARTESIAN_POINT('',(-22.3,42.45,0.));
#1127 = VECTOR('',#1128,1.);
#1128 = DIRECTION('',(0.,-1.,0.));
#1129 = ORIENTED_EDGE('',*,*,#1130,.F.);
#1130 = EDGE_CURVE('',#1131,#1121,#1133,.T.);
#1131 = VERTEX_POINT('',#1132);
#1132 = CARTESIAN_POINT('',(-21.9,42.85,0.));
#1133 = CIRCLE('',#1134,0.4);
#1134 = AXIS2_PLACEMENT_3D('',#1135,#1136,#1137);
#1135 = CARTESIAN_POINT('',(-21.9,42.45,0.));
#1136 = DIRECTION('',(0.,0.,1.));
#1137 = DIRECTION('',(1.,0.,0.));
#1138 = ORIENTED_EDGE('',*,*,#1139,.F.);
#1139 = EDGE_CURVE('',#1140,#1131,#1142,.T.);
#1140 = VERTEX_POINT('',#1141);
#1141 = CARTESIAN_POINT('',(-21.5,42.85,0.));
#1142 = LINE('',#1143,#1144);
#1143 = CARTESIAN_POINT('',(-21.5,42.85,0.));
#1144 = VECTOR('',#1145,1.);
#1145 = DIRECTION('',(-1.,0.,0.));
#1146 = ORIENTED_EDGE('',*,*,#1147,.F.);
#1147 = EDGE_CURVE('',#1148,#1140,#1150,.T.);
#1148 = VERTEX_POINT('',#1149);
#1149 = CARTESIAN_POINT('',(-21.1,42.45,0.));
#1150 = CIRCLE('',#1151,0.4);
#1151 = AXIS2_PLACEMENT_3D('',#1152,#1153,#1154);
#1152 = CARTESIAN_POINT('',(-21.5,42.45,0.));
#1153 = DIRECTION('',(0.,0.,1.));
#1154 = DIRECTION('',(1.,0.,0.));
#1155 = ORIENTED_EDGE('',*,*,#1156,.F.);
#1156 = EDGE_CURVE('',#1157,#1148,#1159,.T.);
#1157 = VERTEX_POINT('',#1158);
#1158 = CARTESIAN_POINT('',(-21.1,39.25,0.));
#1159 = LINE('',#1160,#1161);
#1160 = CARTESIAN_POINT('',(-21.1,39.25,0.));
#1161 = VECTOR('',#1162,1.);
#1162 = DIRECTION('',(0.,1.,0.));
#1163 = ORIENTED_EDGE('',*,*,#1164,.F.);
#1164 = EDGE_CURVE('',#1165,#1157,#1167,.T.);
#1165 = VERTEX_POINT('',#1166);
#1166 = CARTESIAN_POINT('',(-21.5,38.85,0.));
#1167 = CIRCLE('',#1168,0.4);
#1168 = AXIS2_PLACEMENT_3D('',#1169,#1170,#1171);
#1169 = CARTESIAN_POINT('',(-21.5,39.25,0.));
#1170 = DIRECTION('',(0.,0.,1.));
#1171 = DIRECTION('',(1.,0.,0.));
#1172 = ORIENTED_EDGE('',*,*,#1173,.F.);
#1173 = EDGE_CURVE('',#1174,#1165,#1176,.T.);
#1174 = VERTEX_POINT('',#1175);
#1175 = CARTESIAN_POINT('',(-21.9,38.85,0.));
#1176 = LINE('',#1177,#1178);
#1177 = CARTESIAN_POINT('',(-21.9,38.85,0.));
#1178 = VECTOR('',#1179,1.);
#1179 = DIRECTION('',(1.,0.,0.));
#1180 = ORIENTED_EDGE('',*,*,#1181,.F.);
#1181 = EDGE_CURVE('',#1123,#1174,#1182,.T.);
#1182 = CIRCLE('',#1183,0.4);
#1183 = AXIS2_PLACEMENT_3D('',#1184,#1185,#1186);
#1184 = CARTESIAN_POINT('',(-21.9,39.25,0.));
#1185 = DIRECTION('',(0.,0.,1.));
#1186 = DIRECTION('',(1.,0.,0.));
#1187 = FACE_BOUND('',#1188,.T.);
#1188 = EDGE_LOOP('',(#1189,#1199,#1208,#1216,#1225,#1233,#1242,#1250));
#1189 = ORIENTED_EDGE('',*,*,#1190,.F.);
#1190 = EDGE_CURVE('',#1191,#1193,#1195,.T.);
#1191 = VERTEX_POINT('',#1192);
#1192 = CARTESIAN_POINT('',(-19.1,44.35,0.));
#1193 = VERTEX_POINT('',#1194);
#1194 = CARTESIAN_POINT('',(-19.1,39.35,0.));
#1195 = LINE('',#1196,#1197);
#1196 = CARTESIAN_POINT('',(-19.1,44.35,0.));
#1197 = VECTOR('',#1198,1.);
#1198 = DIRECTION('',(0.,-1.,0.));
#1199 = ORIENTED_EDGE('',*,*,#1200,.F.);
#1200 = EDGE_CURVE('',#1201,#1191,#1203,.T.);
#1201 = VERTEX_POINT('',#1202);
#1202 = CARTESIAN_POINT('',(-18.6,44.85,0.));
#1203 = CIRCLE('',#1204,0.5);
#1204 = AXIS2_PLACEMENT_3D('',#1205,#1206,#1207);
#1205 = CARTESIAN_POINT('',(-18.6,44.35,0.));
#1206 = DIRECTION('',(0.,0.,1.));
#1207 = DIRECTION('',(1.,0.,0.));
#1208 = ORIENTED_EDGE('',*,*,#1209,.F.);
#1209 = EDGE_CURVE('',#1210,#1201,#1212,.T.);
#1210 = VERTEX_POINT('',#1211);
#1211 = CARTESIAN_POINT('',(-18.2,44.85,0.));
#1212 = LINE('',#1213,#1214);
#1213 = CARTESIAN_POINT('',(-18.2,44.85,0.));
#1214 = VECTOR('',#1215,1.);
#1215 = DIRECTION('',(-1.,0.,0.));
#1216 = ORIENTED_EDGE('',*,*,#1217,.F.);
#1217 = EDGE_CURVE('',#1218,#1210,#1220,.T.);
#1218 = VERTEX_POINT('',#1219);
#1219 = CARTESIAN_POINT('',(-17.7,44.35,0.));
#1220 = CIRCLE('',#1221,0.5);
#1221 = AXIS2_PLACEMENT_3D('',#1222,#1223,#1224);
#1222 = CARTESIAN_POINT('',(-18.2,44.35,0.));
#1223 = DIRECTION('',(0.,0.,1.));
#1224 = DIRECTION('',(1.,0.,0.));
#1225 = ORIENTED_EDGE('',*,*,#1226,.F.);
#1226 = EDGE_CURVE('',#1227,#1218,#1229,.T.);
#1227 = VERTEX_POINT('',#1228);
#1228 = CARTESIAN_POINT('',(-17.7,39.35,0.));
#1229 = LINE('',#1230,#1231);
#1230 = CARTESIAN_POINT('',(-17.7,39.35,0.));
#1231 = VECTOR('',#1232,1.);
#1232 = DIRECTION('',(0.,1.,0.));
#1233 = ORIENTED_EDGE('',*,*,#1234,.F.);
#1234 = EDGE_CURVE('',#1235,#1227,#1237,.T.);
#1235 = VERTEX_POINT('',#1236);
#1236 = CARTESIAN_POINT('',(-18.2,38.85,0.));
#1237 = CIRCLE('',#1238,0.5);
#1238 = AXIS2_PLACEMENT_3D('',#1239,#1240,#1241);
#1239 = CARTESIAN_POINT('',(-18.2,39.35,0.));
#1240 = DIRECTION('',(0.,0.,1.));
#1241 = DIRECTION('',(1.,0.,0.));
#1242 = ORIENTED_EDGE('',*,*,#1243,.F.);
#1243 = EDGE_CURVE('',#1244,#1235,#1246,.T.);
#1244 = VERTEX_POINT('',#1245);
#1245 = CARTESIAN_POINT('',(-18.6,38.85,0.));
#1246 = LINE('',#1247,#1248);
#1247 = CARTESIAN_POINT('',(-18.6,38.85,0.));
#1248 = VECTOR('',#1249,1.);
#1249 = DIRECTION('',(1.,0.,0.));
#1250 = ORIENTED_EDGE('',*,*,#1251,.F.);
#1251 = EDGE_CURVE('',#1193,#1244,#1252,.T.);
#1252 = CIRCLE('',#1253,0.5);
#1253 = AXIS2_PLACEMENT_3D('',#1254,#1255,#1256);
#1254 = CARTESIAN_POINT('',(-18.6,39.35,0.));
#1255 = DIRECTION('',(0.,0.,1.));
#1256 = DIRECTION('',(1.,0.,0.));
#1257 = FACE_BOUND('',#1258,.T.);
#1258 = EDGE_LOOP('',(#1259,#1269,#1278,#1286,#1295,#1303,#1312,#1320));
#1259 = ORIENTED_EDGE('',*,*,#1260,.F.);
#1260 = EDGE_CURVE('',#1261,#1263,#1265,.T.);
#1261 = VERTEX_POINT('',#1262);
#1262 = CARTESIAN_POINT('',(-12.3,44.35,0.));
#1263 = VERTEX_POINT('',#1264);
#1264 = CARTESIAN_POINT('',(-12.3,39.35,0.));
#1265 = LINE('',#1266,#1267);
#1266 = CARTESIAN_POINT('',(-12.3,44.35,0.));
#1267 = VECTOR('',#1268,1.);
#1268 = DIRECTION('',(0.,-1.,0.));
#1269 = ORIENTED_EDGE('',*,*,#1270,.F.);
#1270 = EDGE_CURVE('',#1271,#1261,#1273,.T.);
#1271 = VERTEX_POINT('',#1272);
#1272 = CARTESIAN_POINT('',(-11.8,44.85,0.));
#1273 = CIRCLE('',#1274,0.5);
#1274 = AXIS2_PLACEMENT_3D('',#1275,#1276,#1277);
#1275 = CARTESIAN_POINT('',(-11.8,44.35,0.));
#1276 = DIRECTION('',(0.,0.,1.));
#1277 = DIRECTION('',(1.,0.,0.));
#1278 = ORIENTED_EDGE('',*,*,#1279,.F.);
#1279 = EDGE_CURVE('',#1280,#1271,#1282,.T.);
#1280 = VERTEX_POINT('',#1281);
#1281 = CARTESIAN_POINT('',(-11.4,44.85,0.));
#1282 = LINE('',#1283,#1284);
#1283 = CARTESIAN_POINT('',(-11.4,44.85,0.));
#1284 = VECTOR('',#1285,1.);
#1285 = DIRECTION('',(-1.,0.,0.));
#1286 = ORIENTED_EDGE('',*,*,#1287,.F.);
#1287 = EDGE_CURVE('',#1288,#1280,#1290,.T.);
#1288 = VERTEX_POINT('',#1289);
#1289 = CARTESIAN_POINT('',(-10.9,44.35,0.));
#1290 = CIRCLE('',#1291,0.5);
#1291 = AXIS2_PLACEMENT_3D('',#1292,#1293,#1294);
#1292 = CARTESIAN_POINT('',(-11.4,44.35,0.));
#1293 = DIRECTION('',(0.,0.,1.));
#1294 = DIRECTION('',(1.,0.,0.));
#1295 = ORIENTED_EDGE('',*,*,#1296,.F.);
#1296 = EDGE_CURVE('',#1297,#1288,#1299,.T.);
#1297 = VERTEX_POINT('',#1298);
#1298 = CARTESIAN_POINT('',(-10.9,39.35,0.));
#1299 = LINE('',#1300,#1301);
#1300 = CARTESIAN_POINT('',(-10.9,39.35,0.));
#1301 = VECTOR('',#1302,1.);
#1302 = DIRECTION('',(0.,1.,0.));
#1303 = ORIENTED_EDGE('',*,*,#1304,.F.);
#1304 = EDGE_CURVE('',#1305,#1297,#1307,.T.);
#1305 = VERTEX_POINT('',#1306);
#1306 = CARTESIAN_POINT('',(-11.4,38.85,0.));
#1307 = CIRCLE('',#1308,0.5);
#1308 = AXIS2_PLACEMENT_3D('',#1309,#1310,#1311);
#1309 = CARTESIAN_POINT('',(-11.4,39.35,0.));
#1310 = DIRECTION('',(0.,0.,1.));
#1311 = DIRECTION('',(1.,0.,0.));
#1312 = ORIENTED_EDGE('',*,*,#1313,.F.);
#1313 = EDGE_CURVE('',#1314,#1305,#1316,.T.);
#1314 = VERTEX_POINT('',#1315);
#1315 = CARTESIAN_POINT('',(-11.8,38.85,0.));
#1316 = LINE('',#1317,#1318);
#1317 = CARTESIAN_POINT('',(-11.8,38.85,0.));
#1318 = VECTOR('',#1319,1.);
#1319 = DIRECTION('',(1.,0.,0.));
#1320 = ORIENTED_EDGE('',*,*,#1321,.F.);
#1321 = EDGE_CURVE('',#1263,#1314,#1322,.T.);
#1322 = CIRCLE('',#1323,0.5);
#1323 = AXIS2_PLACEMENT_3D('',#1324,#1325,#1326);
#1324 = CARTESIAN_POINT('',(-11.8,39.35,0.));
#1325 = DIRECTION('',(0.,0.,1.));
#1326 = DIRECTION('',(1.,0.,0.));
#1327 = FACE_BOUND('',#1328,.T.);
#1328 = EDGE_LOOP('',(#1329,#1339,#1348,#1356,#1365,#1373,#1382,#1390));
#1329 = ORIENTED_EDGE('',*,*,#1330,.F.);
#1330 = EDGE_CURVE('',#1331,#1333,#1335,.T.);
#1331 = VERTEX_POINT('',#1332);
#1332 = CARTESIAN_POINT('',(-8.9,42.45,0.));
#1333 = VERTEX_POINT('',#1334);
#1334 = CARTESIAN_POINT('',(-8.9,39.25,0.));
#1335 = LINE('',#1336,#1337);
#1336 = CARTESIAN_POINT('',(-8.9,42.45,0.));
#1337 = VECTOR('',#1338,1.);
#1338 = DIRECTION('',(0.,-1.,0.));
#1339 = ORIENTED_EDGE('',*,*,#1340,.F.);
#1340 = EDGE_CURVE('',#1341,#1331,#1343,.T.);
#1341 = VERTEX_POINT('',#1342);
#1342 = CARTESIAN_POINT('',(-8.5,42.85,0.));
#1343 = CIRCLE('',#1344,0.4);
#1344 = AXIS2_PLACEMENT_3D('',#1345,#1346,#1347);
#1345 = CARTESIAN_POINT('',(-8.5,42.45,0.));
#1346 = DIRECTION('',(0.,0.,1.));
#1347 = DIRECTION('',(1.,0.,0.));
#1348 = ORIENTED_EDGE('',*,*,#1349,.F.);
#1349 = EDGE_CURVE('',#1350,#1341,#1352,.T.);
#1350 = VERTEX_POINT('',#1351);
#1351 = CARTESIAN_POINT('',(-8.1,42.85,0.));
#1352 = LINE('',#1353,#1354);
#1353 = CARTESIAN_POINT('',(-8.1,42.85,0.));
#1354 = VECTOR('',#1355,1.);
#1355 = DIRECTION('',(-1.,0.,0.));
#1356 = ORIENTED_EDGE('',*,*,#1357,.F.);
#1357 = EDGE_CURVE('',#1358,#1350,#1360,.T.);
#1358 = VERTEX_POINT('',#1359);
#1359 = CARTESIAN_POINT('',(-7.7,42.45,0.));
#1360 = CIRCLE('',#1361,0.4);
#1361 = AXIS2_PLACEMENT_3D('',#1362,#1363,#1364);
#1362 = CARTESIAN_POINT('',(-8.1,42.45,0.));
#1363 = DIRECTION('',(0.,0.,1.));
#1364 = DIRECTION('',(1.,0.,0.));
#1365 = ORIENTED_EDGE('',*,*,#1366,.F.);
#1366 = EDGE_CURVE('',#1367,#1358,#1369,.T.);
#1367 = VERTEX_POINT('',#1368);
#1368 = CARTESIAN_POINT('',(-7.7,39.25,0.));
#1369 = LINE('',#1370,#1371);
#1370 = CARTESIAN_POINT('',(-7.7,39.25,0.));
#1371 = VECTOR('',#1372,1.);
#1372 = DIRECTION('',(0.,1.,0.));
#1373 = ORIENTED_EDGE('',*,*,#1374,.F.);
#1374 = EDGE_CURVE('',#1375,#1367,#1377,.T.);
#1375 = VERTEX_POINT('',#1376);
#1376 = CARTESIAN_POINT('',(-8.1,38.85,0.));
#1377 = CIRCLE('',#1378,0.4);
#1378 = AXIS2_PLACEMENT_3D('',#1379,#1380,#1381);
#1379 = CARTESIAN_POINT('',(-8.1,39.25,0.));
#1380 = DIRECTION('',(0.,0.,1.));
#1381 = DIRECTION('',(1.,0.,0.));
#1382 = ORIENTED_EDGE('',*,*,#1383,.F.);
#1383 = EDGE_CURVE('',#1384,#1375,#1386,.T.);
#1384 = VERTEX_POINT('',#1385);
#1385 = CARTESIAN_POINT('',(-8.5,38.85,0.));
#1386 = LINE('',#1387,#1388);
#1387 = CARTESIAN_POINT('',(-8.5,38.85,0.));
#1388 = VECTOR('',#1389,1.);
#1389 = DIRECTION('',(1.,0.,0.));
#1390 = ORIENTED_EDGE('',*,*,#1391,.F.);
#1391 = EDGE_CURVE('',#1333,#1384,#1392,.T.);
#1392 = CIRCLE('',#1393,0.4);
#1393 = AXIS2_PLACEMENT_3D('',#1394,#1395,#1396);
#1394 = CARTESIAN_POINT('',(-8.5,39.25,0.));
#1395 = DIRECTION('',(0.,0.,1.));
#1396 = DIRECTION('',(1.,0.,0.));
#1397 = FACE_BOUND('',#1398,.T.);
#1398 = EDGE_LOOP('',(#1399));
#1399 = ORIENTED_EDGE('',*,*,#1400,.F.);
#1400 = EDGE_CURVE('',#1401,#1401,#1403,.T.);
#1401 = VERTEX_POINT('',#1402);
#1402 = CARTESIAN_POINT('',(27.2,40.6,0.));
#1403 = CIRCLE('',#1404,0.9);
#1404 = AXIS2_PLACEMENT_3D('',#1405,#1406,#1407);
#1405 = CARTESIAN_POINT('',(26.3,40.6,0.));
#1406 = DIRECTION('',(0.,0.,1.));
#1407 = DIRECTION('',(1.,0.,0.));
#1408 = FACE_BOUND('',#1409,.T.);
#1409 = EDGE_LOOP('',(#1410));
#1410 = ORIENTED_EDGE('',*,*,#1411,.F.);
#1411 = EDGE_CURVE('',#1412,#1412,#1414,.T.);
#1412 = VERTEX_POINT('',#1413);
#1413 = CARTESIAN_POINT('',(29.4,40.6,0.));
#1414 = CIRCLE('',#1415,0.9);
#1415 = AXIS2_PLACEMENT_3D('',#1416,#1417,#1418);
#1416 = CARTESIAN_POINT('',(28.5,40.6,0.));
#1417 = DIRECTION('',(0.,0.,1.));
#1418 = DIRECTION('',(1.,0.,0.));
#1419 = PLANE('',#1420);
#1420 = AXIS2_PLACEMENT_3D('',#1421,#1422,#1423);
#1421 = CARTESIAN_POINT('',(-4.632493799393E-15,-9.702015315709E-15,0.)
  );
#1422 = DIRECTION('',(0.,0.,1.));
#1423 = DIRECTION('',(1.,0.,0.));
#1424 = ADVANCED_FACE('',(#1425),#1443,.F.);
#1425 = FACE_BOUND('',#1426,.F.);
#1426 = EDGE_LOOP('',(#1427,#1428,#1429,#1436,#1442));
#1427 = ORIENTED_EDGE('',*,*,#285,.F.);
#1428 = ORIENTED_EDGE('',*,*,#177,.T.);
#1429 = ORIENTED_EDGE('',*,*,#1430,.T.);
#1430 = EDGE_CURVE('',#180,#1431,#1433,.T.);
#1431 = VERTEX_POINT('',#1432);
#1432 = CARTESIAN_POINT('',(27.149999999997,-47.32120327387,-10.8));
#1433 = B_SPLINE_CURVE_WITH_KNOTS('',1,(#1434,#1435),.UNSPECIFIED.,.F.,
  .F.,(2,2),(0.,1.),.PIECEWISE_BEZIER_KNOTS.);
#1434 = CARTESIAN_POINT('',(27.149999999997,-46.95,-12.2));
#1435 = CARTESIAN_POINT('',(27.149999999997,-47.32120327387,-10.8));
#1436 = ORIENTED_EDGE('',*,*,#1437,.F.);
#1437 = EDGE_CURVE('',#383,#1431,#1438,.T.);
#1438 = LINE('',#1439,#1440);
#1439 = CARTESIAN_POINT('',(-27.15,-47.32120327387,-10.8));
#1440 = VECTOR('',#1441,1.);
#1441 = DIRECTION('',(1.,0.,0.));
#1442 = ORIENTED_EDGE('',*,*,#382,.F.);
#1443 = PLANE('',#1444);
#1444 = AXIS2_PLACEMENT_3D('',#1445,#1446,#1447);
#1445 = CARTESIAN_POINT('',(-27.15,-47.32120327387,-10.8));
#1446 = DIRECTION('',(0.,-0.966600102017,-0.256289373133));
#1447 = DIRECTION('',(1.,0.,0.));
#1448 = ADVANCED_FACE('',(#1449),#1467,.F.);
#1449 = FACE_BOUND('',#1450,.F.);
#1450 = EDGE_LOOP('',(#1451,#1452,#1459,#1466));
#1451 = ORIENTED_EDGE('',*,*,#235,.T.);
#1452 = ORIENTED_EDGE('',*,*,#1453,.T.);
#1453 = EDGE_CURVE('',#228,#1454,#1456,.T.);
#1454 = VERTEX_POINT('',#1455);
#1455 = CARTESIAN_POINT('',(37.721203273861,-36.75,-10.8));
#1456 = B_SPLINE_CURVE_WITH_KNOTS('',1,(#1457,#1458),.UNSPECIFIED.,.F.,
  .F.,(2,2),(0.,1.),.PIECEWISE_BEZIER_KNOTS.);
#1457 = CARTESIAN_POINT('',(37.349999999997,-36.75,-12.2));
#1458 = CARTESIAN_POINT('',(37.721203273861,-36.75,-10.8));
#1459 = ORIENTED_EDGE('',*,*,#1460,.F.);
#1460 = EDGE_CURVE('',#1431,#1454,#1461,.T.);
#1461 = CIRCLE('',#1462,10.571203273864);
#1462 = AXIS2_PLACEMENT_3D('',#1463,#1464,#1465);
#1463 = CARTESIAN_POINT('',(27.149999999997,-36.75,-10.8));
#1464 = DIRECTION('',(0.,0.,1.));
#1465 = DIRECTION('',(1.,0.,0.));
#1466 = ORIENTED_EDGE('',*,*,#1430,.F.);
#1467 = CONICAL_SURFACE('',#1468,10.2,0.259181393921);
#1468 = AXIS2_PLACEMENT_3D('',#1469,#1470,#1471);
#1469 = CARTESIAN_POINT('',(27.149999999997,-36.75,-12.2));
#1470 = DIRECTION('',(0.,0.,1.));
#1471 = DIRECTION('',(1.,0.,0.));
#1472 = ADVANCED_FACE('',(#1473),#1507,.F.);
#1473 = FACE_BOUND('',#1474,.F.);
#1474 = EDGE_LOOP('',(#1475,#1476,#1477,#1485,#1493,#1501));
#1475 = ORIENTED_EDGE('',*,*,#1453,.F.);
#1476 = ORIENTED_EDGE('',*,*,#227,.T.);
#1477 = ORIENTED_EDGE('',*,*,#1478,.T.);
#1478 = EDGE_CURVE('',#220,#1479,#1481,.T.);
#1479 = VERTEX_POINT('',#1480);
#1480 = CARTESIAN_POINT('',(37.521203273864,4.13,-11.5543036921));
#1481 = LINE('',#1482,#1483);
#1482 = CARTESIAN_POINT('',(38.41278962786,4.13,-8.191669298819));
#1483 = VECTOR('',#1484,1.);
#1484 = DIRECTION('',(0.256289373133,0.,0.966600102017));
#1485 = ORIENTED_EDGE('',*,*,#1486,.F.);
#1486 = EDGE_CURVE('',#1487,#1479,#1489,.T.);
#1487 = VERTEX_POINT('',#1488);
#1488 = CARTESIAN_POINT('',(37.521203273864,5.13,-11.5543036921));
#1489 = LINE('',#1490,#1491);
#1490 = CARTESIAN_POINT('',(37.521203273864,-12.40999999999,
    -11.5543036921));
#1491 = VECTOR('',#1492,1.);
#1492 = DIRECTION('',(0.,-1.,0.));
#1493 = ORIENTED_EDGE('',*,*,#1494,.F.);
#1494 = EDGE_CURVE('',#1495,#1487,#1497,.T.);
#1495 = VERTEX_POINT('',#1496);
#1496 = CARTESIAN_POINT('',(37.721203273861,5.13,-10.8));
#1497 = LINE('',#1498,#1499);
#1498 = CARTESIAN_POINT('',(38.435496428076,5.13,-8.106030182625));
#1499 = VECTOR('',#1500,1.);
#1500 = DIRECTION('',(-0.256289373133,-0.,-0.966600102017));
#1501 = ORIENTED_EDGE('',*,*,#1502,.F.);
#1502 = EDGE_CURVE('',#1454,#1495,#1503,.T.);
#1503 = LINE('',#1504,#1505);
#1504 = CARTESIAN_POINT('',(37.721203273861,-36.75,-10.8));
#1505 = VECTOR('',#1506,1.);
#1506 = DIRECTION('',(0.,1.,0.));
#1507 = PLANE('',#1508);
#1508 = AXIS2_PLACEMENT_3D('',#1509,#1510,#1511);
#1509 = CARTESIAN_POINT('',(37.721203273861,-36.75,-10.8));
#1510 = DIRECTION('',(0.966600102017,0.,-0.256289373133));
#1511 = DIRECTION('',(0.,1.,0.));
#1512 = ADVANCED_FACE('',(#1513),#1523,.T.);
#1513 = FACE_BOUND('',#1514,.T.);
#1514 = EDGE_LOOP('',(#1515,#1516,#1522));
#1515 = ORIENTED_EDGE('',*,*,#1478,.T.);
#1516 = ORIENTED_EDGE('',*,*,#1517,.T.);
#1517 = EDGE_CURVE('',#1479,#212,#1518,.T.);
#1518 = LINE('',#1519,#1520);
#1519 = CARTESIAN_POINT('',(37.521203273864,4.13,-4.8));
#1520 = VECTOR('',#1521,1.);
#1521 = DIRECTION('',(0.,0.,-1.));
#1522 = ORIENTED_EDGE('',*,*,#219,.T.);
#1523 = PLANE('',#1524);
#1524 = AXIS2_PLACEMENT_3D('',#1525,#1526,#1527);
#1525 = CARTESIAN_POINT('',(36.15,4.13,-4.8));
#1526 = DIRECTION('',(0.,1.,0.));
#1527 = DIRECTION('',(0.,0.,-1.));
#1528 = ADVANCED_FACE('',(#1529),#1540,.F.);
#1529 = FACE_BOUND('',#1530,.F.);
#1530 = EDGE_LOOP('',(#1531,#1532,#1533,#1534));
#1531 = ORIENTED_EDGE('',*,*,#1486,.T.);
#1532 = ORIENTED_EDGE('',*,*,#1517,.T.);
#1533 = ORIENTED_EDGE('',*,*,#211,.T.);
#1534 = ORIENTED_EDGE('',*,*,#1535,.T.);
#1535 = EDGE_CURVE('',#204,#1487,#1536,.T.);
#1536 = LINE('',#1537,#1538);
#1537 = CARTESIAN_POINT('',(37.521203273864,5.13,-7.625));
#1538 = VECTOR('',#1539,1.);
#1539 = DIRECTION('',(0.,0.,1.));
#1540 = PLANE('',#1541);
#1541 = AXIS2_PLACEMENT_3D('',#1542,#1543,#1544);
#1542 = CARTESIAN_POINT('',(37.521203273864,11.930000000011,-10.05));
#1543 = DIRECTION('',(1.,0.,0.));
#1544 = DIRECTION('',(0.,0.,1.));
#1545 = ADVANCED_FACE('',(#1546),#1574,.F.);
#1546 = FACE_BOUND('',#1547,.F.);
#1547 = EDGE_LOOP('',(#1548,#1549,#1557,#1565,#1571,#1572,#1573));
#1548 = ORIENTED_EDGE('',*,*,#549,.F.);
#1549 = ORIENTED_EDGE('',*,*,#1550,.T.);
#1550 = EDGE_CURVE('',#550,#1551,#1553,.T.);
#1551 = VERTEX_POINT('',#1552);
#1552 = CARTESIAN_POINT('',(37.521203273864,5.13,-5.2));
#1553 = LINE('',#1554,#1555);
#1554 = CARTESIAN_POINT('',(38.35,5.13,-5.2));
#1555 = VECTOR('',#1556,1.);
#1556 = DIRECTION('',(-1.,-0.,-0.));
#1557 = ORIENTED_EDGE('',*,*,#1558,.F.);
#1558 = EDGE_CURVE('',#1559,#1551,#1561,.T.);
#1559 = VERTEX_POINT('',#1560);
#1560 = CARTESIAN_POINT('',(37.521203273864,5.13,-10.8));
#1561 = LINE('',#1562,#1563);
#1562 = CARTESIAN_POINT('',(37.521203273864,5.13,-7.625));
#1563 = VECTOR('',#1564,1.);
#1564 = DIRECTION('',(0.,0.,1.));
#1565 = ORIENTED_EDGE('',*,*,#1566,.T.);
#1566 = EDGE_CURVE('',#1559,#1495,#1567,.T.);
#1567 = LINE('',#1568,#1569);
#1568 = CARTESIAN_POINT('',(32.749999999998,5.13,-10.8));
#1569 = VECTOR('',#1570,1.);
#1570 = DIRECTION('',(1.,0.,0.));
#1571 = ORIENTED_EDGE('',*,*,#1494,.T.);
#1572 = ORIENTED_EDGE('',*,*,#1535,.F.);
#1573 = ORIENTED_EDGE('',*,*,#203,.T.);
#1574 = PLANE('',#1575);
#1575 = AXIS2_PLACEMENT_3D('',#1576,#1577,#1578);
#1576 = CARTESIAN_POINT('',(38.35,5.13,-5.2));
#1577 = DIRECTION('',(0.,-1.,0.));
#1578 = DIRECTION('',(0.,0.,-1.));
#1579 = ADVANCED_FACE('',(#1580),#1694,.T.);
#1580 = FACE_BOUND('',#1581,.T.);
#1581 = EDGE_LOOP('',(#1582,#1583,#1591,#1599,#1607,#1615,#1623,#1631,
    #1639,#1647,#1655,#1663,#1671,#1679,#1687,#1693));
#1582 = ORIENTED_EDGE('',*,*,#250,.F.);
#1583 = ORIENTED_EDGE('',*,*,#1584,.F.);
#1584 = EDGE_CURVE('',#1585,#251,#1587,.T.);
#1585 = VERTEX_POINT('',#1586);
#1586 = CARTESIAN_POINT('',(-38.35,36.75,-1.5));
#1587 = LINE('',#1588,#1589);
#1588 = CARTESIAN_POINT('',(-38.35,36.75,-1.5));
#1589 = VECTOR('',#1590,1.);
#1590 = DIRECTION('',(0.,-1.,0.));
#1591 = ORIENTED_EDGE('',*,*,#1592,.T.);
#1592 = EDGE_CURVE('',#1585,#1593,#1595,.T.);
#1593 = VERTEX_POINT('',#1594);
#1594 = CARTESIAN_POINT('',(-38.35,36.75,-12.2));
#1595 = LINE('',#1596,#1597);
#1596 = CARTESIAN_POINT('',(-38.35,36.75,0.));
#1597 = VECTOR('',#1598,1.);
#1598 = DIRECTION('',(-0.,-0.,-1.));
#1599 = ORIENTED_EDGE('',*,*,#1600,.T.);
#1600 = EDGE_CURVE('',#1593,#1601,#1603,.T.);
#1601 = VERTEX_POINT('',#1602);
#1602 = CARTESIAN_POINT('',(-38.35,30.45,-12.2));
#1603 = LINE('',#1604,#1605);
#1604 = CARTESIAN_POINT('',(-38.35,36.75,-12.2));
#1605 = VECTOR('',#1606,1.);
#1606 = DIRECTION('',(0.,-1.,0.));
#1607 = ORIENTED_EDGE('',*,*,#1608,.T.);
#1608 = EDGE_CURVE('',#1601,#1609,#1611,.T.);
#1609 = VERTEX_POINT('',#1610);
#1610 = CARTESIAN_POINT('',(-38.35,30.45,-5.2));
#1611 = LINE('',#1612,#1613);
#1612 = CARTESIAN_POINT('',(-38.35,30.45,-13.7));
#1613 = VECTOR('',#1614,1.);
#1614 = DIRECTION('',(0.,0.,1.));
#1615 = ORIENTED_EDGE('',*,*,#1616,.T.);
#1616 = EDGE_CURVE('',#1609,#1617,#1619,.T.);
#1617 = VERTEX_POINT('',#1618);
#1618 = CARTESIAN_POINT('',(-38.35,23.25,-5.2));
#1619 = LINE('',#1620,#1621);
#1620 = CARTESIAN_POINT('',(-38.35,30.45,-5.2));
#1621 = VECTOR('',#1622,1.);
#1622 = DIRECTION('',(0.,-1.,0.));
#1623 = ORIENTED_EDGE('',*,*,#1624,.T.);
#1624 = EDGE_CURVE('',#1617,#1625,#1627,.T.);
#1625 = VERTEX_POINT('',#1626);
#1626 = CARTESIAN_POINT('',(-38.35,23.25,-12.2));
#1627 = LINE('',#1628,#1629);
#1628 = CARTESIAN_POINT('',(-38.35,23.25,-5.2));
#1629 = VECTOR('',#1630,1.);
#1630 = DIRECTION('',(0.,0.,-1.));
#1631 = ORIENTED_EDGE('',*,*,#1632,.T.);
#1632 = EDGE_CURVE('',#1625,#1633,#1635,.T.);
#1633 = VERTEX_POINT('',#1634);
#1634 = CARTESIAN_POINT('',(-38.35,18.73,-12.2));
#1635 = LINE('',#1636,#1637);
#1636 = CARTESIAN_POINT('',(-38.35,36.75,-12.2));
#1637 = VECTOR('',#1638,1.);
#1638 = DIRECTION('',(0.,-1.,0.));
#1639 = ORIENTED_EDGE('',*,*,#1640,.T.);
#1640 = EDGE_CURVE('',#1633,#1641,#1643,.T.);
#1641 = VERTEX_POINT('',#1642);
#1642 = CARTESIAN_POINT('',(-38.35,18.73,-5.2));
#1643 = LINE('',#1644,#1645);
#1644 = CARTESIAN_POINT('',(-38.35,18.73,-13.7));
#1645 = VECTOR('',#1646,1.);
#1646 = DIRECTION('',(0.,0.,1.));
#1647 = ORIENTED_EDGE('',*,*,#1648,.T.);
#1648 = EDGE_CURVE('',#1641,#1649,#1651,.T.);
#1649 = VERTEX_POINT('',#1650);
#1650 = CARTESIAN_POINT('',(-38.35,14.03,-5.2));
#1651 = LINE('',#1652,#1653);
#1652 = CARTESIAN_POINT('',(-38.35,18.73,-5.2));
#1653 = VECTOR('',#1654,1.);
#1654 = DIRECTION('',(0.,-1.,0.));
#1655 = ORIENTED_EDGE('',*,*,#1656,.T.);
#1656 = EDGE_CURVE('',#1649,#1657,#1659,.T.);
#1657 = VERTEX_POINT('',#1658);
#1658 = CARTESIAN_POINT('',(-38.35,14.03,-12.2));
#1659 = LINE('',#1660,#1661);
#1660 = CARTESIAN_POINT('',(-38.35,14.03,-5.2));
#1661 = VECTOR('',#1662,1.);
#1662 = DIRECTION('',(0.,0.,-1.));
#1663 = ORIENTED_EDGE('',*,*,#1664,.T.);
#1664 = EDGE_CURVE('',#1657,#1665,#1667,.T.);
#1665 = VERTEX_POINT('',#1666);
#1666 = CARTESIAN_POINT('',(-38.35,9.829999999951,-12.2));
#1667 = LINE('',#1668,#1669);
#1668 = CARTESIAN_POINT('',(-38.35,36.75,-12.2));
#1669 = VECTOR('',#1670,1.);
#1670 = DIRECTION('',(0.,-1.,0.));
#1671 = ORIENTED_EDGE('',*,*,#1672,.T.);
#1672 = EDGE_CURVE('',#1665,#1673,#1675,.T.);
#1673 = VERTEX_POINT('',#1674);
#1674 = CARTESIAN_POINT('',(-38.35,9.829999999951,-5.2));
#1675 = LINE('',#1676,#1677);
#1676 = CARTESIAN_POINT('',(-38.35,9.829999999951,-13.7));
#1677 = VECTOR('',#1678,1.);
#1678 = DIRECTION('',(0.,0.,1.));
#1679 = ORIENTED_EDGE('',*,*,#1680,.T.);
#1680 = EDGE_CURVE('',#1673,#1681,#1683,.T.);
#1681 = VERTEX_POINT('',#1682);
#1682 = CARTESIAN_POINT('',(-38.35,5.130000000049,-5.2));
#1683 = LINE('',#1684,#1685);
#1684 = CARTESIAN_POINT('',(-38.35,9.829999999951,-5.2));
#1685 = VECTOR('',#1686,1.);
#1686 = DIRECTION('',(0.,-1.,0.));
#1687 = ORIENTED_EDGE('',*,*,#1688,.T.);
#1688 = EDGE_CURVE('',#1681,#326,#1689,.T.);
#1689 = LINE('',#1690,#1691);
#1690 = CARTESIAN_POINT('',(-38.35,5.130000000049,-5.2));
#1691 = VECTOR('',#1692,1.);
#1692 = DIRECTION('',(0.,0.,-1.));
#1693 = ORIENTED_EDGE('',*,*,#333,.T.);
#1694 = PLANE('',#1695);
#1695 = AXIS2_PLACEMENT_3D('',#1696,#1697,#1698);
#1696 = CARTESIAN_POINT('',(-38.35,36.75,0.));
#1697 = DIRECTION('',(-1.,0.,0.));
#1698 = DIRECTION('',(0.,-1.,0.));
#1699 = ADVANCED_FACE('',(#1700),#1717,.F.);
#1700 = FACE_BOUND('',#1701,.F.);
#1701 = EDGE_LOOP('',(#1702,#1710,#1716));
#1702 = ORIENTED_EDGE('',*,*,#1703,.T.);
#1703 = EDGE_CURVE('',#310,#1704,#1706,.T.);
#1704 = VERTEX_POINT('',#1705);
#1705 = CARTESIAN_POINT('',(-37.52120327386,4.13,-11.55430369211));
#1706 = LINE('',#1707,#1708);
#1707 = CARTESIAN_POINT('',(-38.41278962786,4.13,-8.191669298819));
#1708 = VECTOR('',#1709,1.);
#1709 = DIRECTION('',(-0.256289373133,0.,0.966600102017));
#1710 = ORIENTED_EDGE('',*,*,#1711,.T.);
#1711 = EDGE_CURVE('',#1704,#308,#1712,.T.);
#1712 = LINE('',#1713,#1714);
#1713 = CARTESIAN_POINT('',(-37.52120327386,4.13,-4.8));
#1714 = VECTOR('',#1715,1.);
#1715 = DIRECTION('',(0.,0.,-1.));
#1716 = ORIENTED_EDGE('',*,*,#307,.T.);
#1717 = PLANE('',#1718);
#1718 = AXIS2_PLACEMENT_3D('',#1719,#1720,#1721);
#1719 = CARTESIAN_POINT('',(-36.15,4.13,-4.8));
#1720 = DIRECTION('',(0.,-1.,0.));
#1721 = DIRECTION('',(0.,0.,-1.));
#1722 = ADVANCED_FACE('',(#1723),#1756,.F.);
#1723 = FACE_BOUND('',#1724,.F.);
#1724 = EDGE_LOOP('',(#1725,#1735,#1743,#1749,#1750,#1751));
#1725 = ORIENTED_EDGE('',*,*,#1726,.F.);
#1726 = EDGE_CURVE('',#1727,#1729,#1731,.T.);
#1727 = VERTEX_POINT('',#1728);
#1728 = CARTESIAN_POINT('',(-37.72120327386,5.130000000049,-10.8));
#1729 = VERTEX_POINT('',#1730);
#1730 = CARTESIAN_POINT('',(-37.72120327386,-36.75,-10.8));
#1731 = LINE('',#1732,#1733);
#1732 = CARTESIAN_POINT('',(-37.72120327386,36.75,-10.8));
#1733 = VECTOR('',#1734,1.);
#1734 = DIRECTION('',(0.,-1.,0.));
#1735 = ORIENTED_EDGE('',*,*,#1736,.T.);
#1736 = EDGE_CURVE('',#1727,#1737,#1739,.T.);
#1737 = VERTEX_POINT('',#1738);
#1738 = CARTESIAN_POINT('',(-37.52120327386,5.130000000049,
    -11.55430369211));
#1739 = LINE('',#1740,#1741);
#1740 = CARTESIAN_POINT('',(-38.43549642807,5.130000000049,
    -8.106030182625));
#1741 = VECTOR('',#1742,1.);
#1742 = DIRECTION('',(0.256289373133,0.,-0.966600102017));
#1743 = ORIENTED_EDGE('',*,*,#1744,.T.);
#1744 = EDGE_CURVE('',#1737,#1704,#1745,.T.);
#1745 = LINE('',#1746,#1747);
#1746 = CARTESIAN_POINT('',(-37.52120327386,27.192746858169,
    -11.55430369211));
#1747 = VECTOR('',#1748,1.);
#1748 = DIRECTION('',(0.,-1.,0.));
#1749 = ORIENTED_EDGE('',*,*,#1703,.F.);
#1750 = ORIENTED_EDGE('',*,*,#366,.T.);
#1751 = ORIENTED_EDGE('',*,*,#1752,.T.);
#1752 = EDGE_CURVE('',#358,#1729,#1753,.T.);
#1753 = B_SPLINE_CURVE_WITH_KNOTS('',1,(#1754,#1755),.UNSPECIFIED.,.F.,
  .F.,(2,2),(0.,1.),.PIECEWISE_BEZIER_KNOTS.);
#1754 = CARTESIAN_POINT('',(-37.35,-36.75,-12.2));
#1755 = CARTESIAN_POINT('',(-37.72120327386,-36.75,-10.8));
#1756 = PLANE('',#1757);
#1757 = AXIS2_PLACEMENT_3D('',#1758,#1759,#1760);
#1758 = CARTESIAN_POINT('',(-37.72120327386,36.75,-10.8));
#1759 = DIRECTION('',(-0.966600102017,0.,-0.256289373133));
#1760 = DIRECTION('',(0.,-1.,0.));
#1761 = ADVANCED_FACE('',(#1762),#1780,.F.);
#1762 = FACE_BOUND('',#1763,.F.);
#1763 = EDGE_LOOP('',(#1764,#1765,#1772,#1779));
#1764 = ORIENTED_EDGE('',*,*,#357,.T.);
#1765 = ORIENTED_EDGE('',*,*,#1766,.T.);
#1766 = EDGE_CURVE('',#350,#1767,#1769,.T.);
#1767 = VERTEX_POINT('',#1768);
#1768 = CARTESIAN_POINT('',(-27.15,-47.32120327387,-10.8));
#1769 = B_SPLINE_CURVE_WITH_KNOTS('',1,(#1770,#1771),.UNSPECIFIED.,.F.,
  .F.,(2,2),(0.,1.),.PIECEWISE_BEZIER_KNOTS.);
#1770 = CARTESIAN_POINT('',(-27.15,-46.95,-12.2));
#1771 = CARTESIAN_POINT('',(-27.15,-47.32120327387,-10.8));
#1772 = ORIENTED_EDGE('',*,*,#1773,.F.);
#1773 = EDGE_CURVE('',#1729,#1767,#1774,.T.);
#1774 = CIRCLE('',#1775,10.571203273864);
#1775 = AXIS2_PLACEMENT_3D('',#1776,#1777,#1778);
#1776 = CARTESIAN_POINT('',(-27.15,-36.75,-10.8));
#1777 = DIRECTION('',(0.,0.,1.));
#1778 = DIRECTION('',(1.,0.,0.));
#1779 = ORIENTED_EDGE('',*,*,#1752,.F.);
#1780 = CONICAL_SURFACE('',#1781,10.2,0.259181393921);
#1781 = AXIS2_PLACEMENT_3D('',#1782,#1783,#1784);
#1782 = CARTESIAN_POINT('',(-27.15,-36.75,-12.2));
#1783 = DIRECTION('',(0.,0.,1.));
#1784 = DIRECTION('',(1.,0.,0.));
#1785 = ADVANCED_FACE('',(#1786),#1798,.F.);
#1786 = FACE_BOUND('',#1787,.F.);
#1787 = EDGE_LOOP('',(#1788,#1789,#1790,#1791,#1792));
#1788 = ORIENTED_EDGE('',*,*,#1766,.F.);
#1789 = ORIENTED_EDGE('',*,*,#349,.T.);
#1790 = ORIENTED_EDGE('',*,*,#431,.F.);
#1791 = ORIENTED_EDGE('',*,*,#489,.F.);
#1792 = ORIENTED_EDGE('',*,*,#1793,.F.);
#1793 = EDGE_CURVE('',#1767,#482,#1794,.T.);
#1794 = LINE('',#1795,#1796);
#1795 = CARTESIAN_POINT('',(-27.15,-47.32120327387,-10.8));
#1796 = VECTOR('',#1797,1.);
#1797 = DIRECTION('',(1.,0.,0.));
#1798 = PLANE('',#1799);
#1799 = AXIS2_PLACEMENT_3D('',#1800,#1801,#1802);
#1800 = CARTESIAN_POINT('',(-27.15,-47.32120327387,-10.8));
#1801 = DIRECTION('',(0.,-0.966600102017,-0.256289373133));
#1802 = DIRECTION('',(1.,0.,0.));
#1803 = ADVANCED_FACE('',(#1804),#1837,.T.);
#1804 = FACE_BOUND('',#1805,.T.);
#1805 = EDGE_LOOP('',(#1806,#1807,#1815,#1823,#1829,#1830,#1836));
#1806 = ORIENTED_EDGE('',*,*,#1688,.F.);
#1807 = ORIENTED_EDGE('',*,*,#1808,.T.);
#1808 = EDGE_CURVE('',#1681,#1809,#1811,.T.);
#1809 = VERTEX_POINT('',#1810);
#1810 = CARTESIAN_POINT('',(-37.52120327386,5.130000000049,-5.2));
#1811 = LINE('',#1812,#1813);
#1812 = CARTESIAN_POINT('',(-38.35,5.130000000049,-5.2));
#1813 = VECTOR('',#1814,1.);
#1814 = DIRECTION('',(1.,0.,0.));
#1815 = ORIENTED_EDGE('',*,*,#1816,.T.);
#1816 = EDGE_CURVE('',#1809,#1817,#1819,.T.);
#1817 = VERTEX_POINT('',#1818);
#1818 = CARTESIAN_POINT('',(-37.52120327386,5.130000000049,-10.8));
#1819 = LINE('',#1820,#1821);
#1820 = CARTESIAN_POINT('',(-37.52120327386,5.130000000049,-7.625));
#1821 = VECTOR('',#1822,1.);
#1822 = DIRECTION('',(0.,0.,-1.));
#1823 = ORIENTED_EDGE('',*,*,#1824,.T.);
#1824 = EDGE_CURVE('',#1817,#1727,#1825,.T.);
#1825 = LINE('',#1826,#1827);
#1826 = CARTESIAN_POINT('',(-5.600000000002,5.130000000049,-10.8));
#1827 = VECTOR('',#1828,1.);
#1828 = DIRECTION('',(-1.,0.,0.));
#1829 = ORIENTED_EDGE('',*,*,#1736,.T.);
#1830 = ORIENTED_EDGE('',*,*,#1831,.T.);
#1831 = EDGE_CURVE('',#1737,#318,#1832,.T.);
#1832 = LINE('',#1833,#1834);
#1833 = CARTESIAN_POINT('',(-37.52120327386,5.130000000049,-7.625));
#1834 = VECTOR('',#1835,1.);
#1835 = DIRECTION('',(0.,0.,-1.));
#1836 = ORIENTED_EDGE('',*,*,#325,.T.);
#1837 = PLANE('',#1838);
#1838 = AXIS2_PLACEMENT_3D('',#1839,#1840,#1841);
#1839 = CARTESIAN_POINT('',(-38.35,5.130000000049,-5.2));
#1840 = DIRECTION('',(0.,1.,0.));
#1841 = DIRECTION('',(0.,0.,-1.));
#1842 = ADVANCED_FACE('',(#1843),#1849,.T.);
#1843 = FACE_BOUND('',#1844,.T.);
#1844 = EDGE_LOOP('',(#1845,#1846,#1847,#1848));
#1845 = ORIENTED_EDGE('',*,*,#1744,.T.);
#1846 = ORIENTED_EDGE('',*,*,#1711,.T.);
#1847 = ORIENTED_EDGE('',*,*,#317,.T.);
#1848 = ORIENTED_EDGE('',*,*,#1831,.F.);
#1849 = PLANE('',#1850);
#1850 = AXIS2_PLACEMENT_3D('',#1851,#1852,#1853);
#1851 = CARTESIAN_POINT('',(-37.52120327386,17.635493716338,-10.05));
#1852 = DIRECTION('',(1.,0.,0.));
#1853 = DIRECTION('',(0.,0.,1.));
#1854 = ADVANCED_FACE('',(#1855),#1906,.T.);
#1855 = FACE_BOUND('',#1856,.T.);
#1856 = EDGE_LOOP('',(#1857,#1865,#1873,#1881,#1889,#1897,#1903,#1904,
    #1905));
#1857 = ORIENTED_EDGE('',*,*,#1858,.F.);
#1858 = EDGE_CURVE('',#1859,#473,#1861,.T.);
#1859 = VERTEX_POINT('',#1860);
#1860 = CARTESIAN_POINT('',(-27.15,-45.75,-10.8));
#1861 = LINE('',#1862,#1863);
#1862 = CARTESIAN_POINT('',(-1.696420781627E-12,-45.75,-10.8));
#1863 = VECTOR('',#1864,1.);
#1864 = DIRECTION('',(1.,0.,0.));
#1865 = ORIENTED_EDGE('',*,*,#1866,.T.);
#1866 = EDGE_CURVE('',#1859,#1867,#1869,.T.);
#1867 = VERTEX_POINT('',#1868);
#1868 = CARTESIAN_POINT('',(-27.15,-45.74999999999,-2.2));
#1869 = LINE('',#1870,#1871);
#1870 = CARTESIAN_POINT('',(-27.15,-45.75,-12.2));
#1871 = VECTOR('',#1872,1.);
#1872 = DIRECTION('',(0.,0.,1.));
#1873 = ORIENTED_EDGE('',*,*,#1874,.T.);
#1874 = EDGE_CURVE('',#1867,#1875,#1877,.T.);
#1875 = VERTEX_POINT('',#1876);
#1876 = CARTESIAN_POINT('',(-27.15000000001,-45.74999999999,-0.6));
#1877 = LINE('',#1878,#1879);
#1878 = CARTESIAN_POINT('',(-27.15000000001,-45.74999999999,-2.2));
#1879 = VECTOR('',#1880,1.);
#1880 = DIRECTION('',(0.,0.,1.));
#1881 = ORIENTED_EDGE('',*,*,#1882,.F.);
#1882 = EDGE_CURVE('',#1883,#1875,#1885,.T.);
#1883 = VERTEX_POINT('',#1884);
#1884 = CARTESIAN_POINT('',(27.15,-45.75,-0.6));
#1885 = LINE('',#1886,#1887);
#1886 = CARTESIAN_POINT('',(27.15,-45.75,-0.6));
#1887 = VECTOR('',#1888,1.);
#1888 = DIRECTION('',(-1.,3.009665363255E-14,0.));
#1889 = ORIENTED_EDGE('',*,*,#1890,.F.);
#1890 = EDGE_CURVE('',#1891,#1883,#1893,.T.);
#1891 = VERTEX_POINT('',#1892);
#1892 = CARTESIAN_POINT('',(27.15,-45.75,-10.8));
#1893 = LINE('',#1894,#1895);
#1894 = CARTESIAN_POINT('',(27.15,-45.75,-2.2));
#1895 = VECTOR('',#1896,1.);
#1896 = DIRECTION('',(0.,0.,1.));
#1897 = ORIENTED_EDGE('',*,*,#1898,.F.);
#1898 = EDGE_CURVE('',#392,#1891,#1899,.T.);
#1899 = LINE('',#1900,#1901);
#1900 = CARTESIAN_POINT('',(-1.696420781627E-12,-45.75,-10.8));
#1901 = VECTOR('',#1902,1.);
#1902 = DIRECTION('',(1.,0.,0.));
#1903 = ORIENTED_EDGE('',*,*,#399,.T.);
#1904 = ORIENTED_EDGE('',*,*,#447,.T.);
#1905 = ORIENTED_EDGE('',*,*,#472,.T.);
#1906 = PLANE('',#1907);
#1907 = AXIS2_PLACEMENT_3D('',#1908,#1909,#1910);
#1908 = CARTESIAN_POINT('',(-4.531172396397E-04,-45.75,-5.68393473382));
#1909 = DIRECTION('',(1.761010851934E-14,1.,-7.369490330099E-14));
#1910 = DIRECTION('',(0.,7.369490330099E-14,1.));
#1911 = ADVANCED_FACE('',(#1912),#1951,.F.);
#1912 = FACE_BOUND('',#1913,.F.);
#1913 = EDGE_LOOP('',(#1914,#1915,#1916,#1917,#1918,#1919,#1927,#1935,
    #1943,#1950));
#1914 = ORIENTED_EDGE('',*,*,#391,.T.);
#1915 = ORIENTED_EDGE('',*,*,#1437,.T.);
#1916 = ORIENTED_EDGE('',*,*,#1460,.T.);
#1917 = ORIENTED_EDGE('',*,*,#1502,.T.);
#1918 = ORIENTED_EDGE('',*,*,#1566,.F.);
#1919 = ORIENTED_EDGE('',*,*,#1920,.F.);
#1920 = EDGE_CURVE('',#1921,#1559,#1923,.T.);
#1921 = VERTEX_POINT('',#1922);
#1922 = CARTESIAN_POINT('',(37.521203273864,4.13,-10.8));
#1923 = LINE('',#1924,#1925);
#1924 = CARTESIAN_POINT('',(37.521203273864,24.340000000005,-10.8));
#1925 = VECTOR('',#1926,1.);
#1926 = DIRECTION('',(0.,1.,0.));
#1927 = ORIENTED_EDGE('',*,*,#1928,.T.);
#1928 = EDGE_CURVE('',#1921,#1929,#1931,.T.);
#1929 = VERTEX_POINT('',#1930);
#1930 = CARTESIAN_POINT('',(36.15,4.13,-10.8));
#1931 = LINE('',#1932,#1933);
#1932 = CARTESIAN_POINT('',(31.649999999998,4.13,-10.8));
#1933 = VECTOR('',#1934,1.);
#1934 = DIRECTION('',(-1.,0.,0.));
#1935 = ORIENTED_EDGE('',*,*,#1936,.F.);
#1936 = EDGE_CURVE('',#1937,#1929,#1939,.T.);
#1937 = VERTEX_POINT('',#1938);
#1938 = CARTESIAN_POINT('',(36.15,-36.75,-10.8));
#1939 = LINE('',#1940,#1941);
#1940 = CARTESIAN_POINT('',(36.15,7.105427357601E-15,-10.8));
#1941 = VECTOR('',#1942,1.);
#1942 = DIRECTION('',(0.,1.,0.));
#1943 = ORIENTED_EDGE('',*,*,#1944,.T.);
#1944 = EDGE_CURVE('',#1937,#1891,#1945,.T.);
#1945 = CIRCLE('',#1946,9.);
#1946 = AXIS2_PLACEMENT_3D('',#1947,#1948,#1949);
#1947 = CARTESIAN_POINT('',(27.15,-36.75,-10.8));
#1948 = DIRECTION('',(0.,0.,-1.));
#1949 = DIRECTION('',(1.,0.,0.));
#1950 = ORIENTED_EDGE('',*,*,#1898,.F.);
#1951 = PLANE('',#1952);
#1952 = AXIS2_PLACEMENT_3D('',#1953,#1954,#1955);
#1953 = CARTESIAN_POINT('',(27.149999999997,36.75,-10.8));
#1954 = DIRECTION('',(0.,0.,1.));
#1955 = DIRECTION('',(1.,0.,0.));
#1956 = ADVANCED_FACE('',(#1957),#1996,.F.);
#1957 = FACE_BOUND('',#1958,.F.);
#1958 = EDGE_LOOP('',(#1959,#1960,#1961,#1962,#1963,#1964,#1965,#1974,
    #1982,#1990));
#1959 = ORIENTED_EDGE('',*,*,#1824,.T.);
#1960 = ORIENTED_EDGE('',*,*,#1726,.T.);
#1961 = ORIENTED_EDGE('',*,*,#1773,.T.);
#1962 = ORIENTED_EDGE('',*,*,#1793,.T.);
#1963 = ORIENTED_EDGE('',*,*,#481,.F.);
#1964 = ORIENTED_EDGE('',*,*,#1858,.F.);
#1965 = ORIENTED_EDGE('',*,*,#1966,.T.);
#1966 = EDGE_CURVE('',#1859,#1967,#1969,.T.);
#1967 = VERTEX_POINT('',#1968);
#1968 = CARTESIAN_POINT('',(-36.15,-36.75,-10.8));
#1969 = CIRCLE('',#1970,9.);
#1970 = AXIS2_PLACEMENT_3D('',#1971,#1972,#1973);
#1971 = CARTESIAN_POINT('',(-27.15,-36.75,-10.8));
#1972 = DIRECTION('',(0.,0.,-1.));
#1973 = DIRECTION('',(1.,0.,0.));
#1974 = ORIENTED_EDGE('',*,*,#1975,.F.);
#1975 = EDGE_CURVE('',#1976,#1967,#1978,.T.);
#1976 = VERTEX_POINT('',#1977);
#1977 = CARTESIAN_POINT('',(-36.15,4.13,-10.8));
#1978 = LINE('',#1979,#1980);
#1979 = CARTESIAN_POINT('',(-36.15,36.75,-10.8));
#1980 = VECTOR('',#1981,1.);
#1981 = DIRECTION('',(0.,-1.,0.));
#1982 = ORIENTED_EDGE('',*,*,#1983,.F.);
#1983 = EDGE_CURVE('',#1984,#1976,#1986,.T.);
#1984 = VERTEX_POINT('',#1985);
#1985 = CARTESIAN_POINT('',(-37.52120327386,4.13,-10.8));
#1986 = LINE('',#1987,#1988);
#1987 = CARTESIAN_POINT('',(-4.500000000002,4.13,-10.8));
#1988 = VECTOR('',#1989,1.);
#1989 = DIRECTION('',(1.,0.,0.));
#1990 = ORIENTED_EDGE('',*,*,#1991,.T.);
#1991 = EDGE_CURVE('',#1984,#1817,#1992,.T.);
#1992 = LINE('',#1993,#1994);
#1993 = CARTESIAN_POINT('',(-37.52120327386,27.192746858169,-10.8));
#1994 = VECTOR('',#1995,1.);
#1995 = DIRECTION('',(0.,1.,0.));
#1996 = PLANE('',#1997);
#1997 = AXIS2_PLACEMENT_3D('',#1998,#1999,#2000);
#1998 = CARTESIAN_POINT('',(27.149999999997,36.75,-10.8));
#1999 = DIRECTION('',(0.,0.,1.));
#2000 = DIRECTION('',(1.,0.,0.));
#2001 = ADVANCED_FACE('',(#2002),#2014,.T.);
#2002 = FACE_BOUND('',#2003,.T.);
#2003 = EDGE_LOOP('',(#2004,#2005,#2006,#2013));
#2004 = ORIENTED_EDGE('',*,*,#515,.T.);
#2005 = ORIENTED_EDGE('',*,*,#541,.T.);
#2006 = ORIENTED_EDGE('',*,*,#2007,.F.);
#2007 = EDGE_CURVE('',#647,#532,#2008,.T.);
#2008 = CIRCLE('',#2009,1.5);
#2009 = AXIS2_PLACEMENT_3D('',#2010,#2011,#2012);
#2010 = CARTESIAN_POINT('',(36.85,36.75,-1.5));
#2011 = DIRECTION('',(0.,1.,0.));
#2012 = DIRECTION('',(0.,0.,1.));
#2013 = ORIENTED_EDGE('',*,*,#646,.F.);
#2014 = CYLINDRICAL_SURFACE('',#2015,1.5);
#2015 = AXIS2_PLACEMENT_3D('',#2016,#2017,#2018);
#2016 = CARTESIAN_POINT('',(36.85,-36.75,-1.5));
#2017 = DIRECTION('',(0.,1.,0.));
#2018 = DIRECTION('',(0.,0.,1.));
#2019 = ADVANCED_FACE('',(#2020),#2047,.T.);
#2020 = FACE_BOUND('',#2021,.T.);
#2021 = EDGE_LOOP('',(#2022,#2023,#2032,#2040));
#2022 = ORIENTED_EDGE('',*,*,#531,.T.);
#2023 = ORIENTED_EDGE('',*,*,#2024,.T.);
#2024 = EDGE_CURVE('',#534,#2025,#2027,.T.);
#2025 = VERTEX_POINT('',#2026);
#2026 = CARTESIAN_POINT('',(27.15,47.95,-12.2));
#2027 = CIRCLE('',#2028,11.2);
#2028 = AXIS2_PLACEMENT_3D('',#2029,#2030,#2031);
#2029 = CARTESIAN_POINT('',(27.15,36.75,-12.2));
#2030 = DIRECTION('',(0.,0.,1.));
#2031 = DIRECTION('',(1.,0.,0.));
#2032 = ORIENTED_EDGE('',*,*,#2033,.F.);
#2033 = EDGE_CURVE('',#2034,#2025,#2036,.T.);
#2034 = VERTEX_POINT('',#2035);
#2035 = CARTESIAN_POINT('',(27.15,47.95,-1.5));
#2036 = LINE('',#2037,#2038);
#2037 = CARTESIAN_POINT('',(27.15,47.95,0.));
#2038 = VECTOR('',#2039,1.);
#2039 = DIRECTION('',(-0.,-0.,-1.));
#2040 = ORIENTED_EDGE('',*,*,#2041,.F.);
#2041 = EDGE_CURVE('',#532,#2034,#2042,.T.);
#2042 = CIRCLE('',#2043,11.2);
#2043 = AXIS2_PLACEMENT_3D('',#2044,#2045,#2046);
#2044 = CARTESIAN_POINT('',(27.15,36.75,-1.5));
#2045 = DIRECTION('',(0.,0.,1.));
#2046 = DIRECTION('',(1.,0.,0.));
#2047 = CYLINDRICAL_SURFACE('',#2048,11.2);
#2048 = AXIS2_PLACEMENT_3D('',#2049,#2050,#2051);
#2049 = CARTESIAN_POINT('',(27.15,36.75,0.));
#2050 = DIRECTION('',(0.,0.,1.));
#2051 = DIRECTION('',(1.,0.,0.));
#2052 = ADVANCED_FACE('',(#2053),#2120,.F.);
#2053 = FACE_BOUND('',#2054,.F.);
#2054 = EDGE_LOOP('',(#2055,#2063,#2064,#2065,#2073,#2081,#2089,#2098,
    #2106,#2114));
#2055 = ORIENTED_EDGE('',*,*,#2056,.F.);
#2056 = EDGE_CURVE('',#598,#2057,#2059,.T.);
#2057 = VERTEX_POINT('',#2058);
#2058 = CARTESIAN_POINT('',(37.521203273864,18.730000000024,-12.2));
#2059 = LINE('',#2060,#2061);
#2060 = CARTESIAN_POINT('',(19.175,18.730000000024,-12.2));
#2061 = VECTOR('',#2062,1.);
#2062 = DIRECTION('',(-1.,0.,0.));
#2063 = ORIENTED_EDGE('',*,*,#605,.T.);
#2064 = ORIENTED_EDGE('',*,*,#2024,.T.);
#2065 = ORIENTED_EDGE('',*,*,#2066,.T.);
#2066 = EDGE_CURVE('',#2025,#2067,#2069,.T.);
#2067 = VERTEX_POINT('',#2068);
#2068 = CARTESIAN_POINT('',(20.907987240797,47.95,-12.2));
#2069 = LINE('',#2070,#2071);
#2070 = CARTESIAN_POINT('',(27.15,47.95,-12.2));
#2071 = VECTOR('',#2072,1.);
#2072 = DIRECTION('',(-1.,0.,0.));
#2073 = ORIENTED_EDGE('',*,*,#2074,.F.);
#2074 = EDGE_CURVE('',#2075,#2067,#2077,.T.);
#2075 = VERTEX_POINT('',#2076);
#2076 = CARTESIAN_POINT('',(20.907987240797,46.95,-12.2));
#2077 = LINE('',#2078,#2079);
#2078 = CARTESIAN_POINT('',(20.907987240797,47.95,-12.2));
#2079 = VECTOR('',#2080,1.);
#2080 = DIRECTION('',(0.,1.,-2.22044604925E-16));
#2081 = ORIENTED_EDGE('',*,*,#2082,.F.);
#2082 = EDGE_CURVE('',#2083,#2075,#2085,.T.);
#2083 = VERTEX_POINT('',#2084);
#2084 = CARTESIAN_POINT('',(27.149999999997,46.95,-12.2));
#2085 = LINE('',#2086,#2087);
#2086 = CARTESIAN_POINT('',(27.149999999997,46.95,-12.2));
#2087 = VECTOR('',#2088,1.);
#2088 = DIRECTION('',(-1.,0.,0.));
#2089 = ORIENTED_EDGE('',*,*,#2090,.F.);
#2090 = EDGE_CURVE('',#2091,#2083,#2093,.T.);
#2091 = VERTEX_POINT('',#2092);
#2092 = CARTESIAN_POINT('',(37.349999999997,36.75,-12.2));
#2093 = CIRCLE('',#2094,10.2);
#2094 = AXIS2_PLACEMENT_3D('',#2095,#2096,#2097);
#2095 = CARTESIAN_POINT('',(27.149999999997,36.75,-12.2));
#2096 = DIRECTION('',(0.,0.,1.));
#2097 = DIRECTION('',(1.,0.,0.));
#2098 = ORIENTED_EDGE('',*,*,#2099,.F.);
#2099 = EDGE_CURVE('',#2100,#2091,#2102,.T.);
#2100 = VERTEX_POINT('',#2101);
#2101 = CARTESIAN_POINT('',(37.349999999997,19.730000000041,-12.2));
#2102 = LINE('',#2103,#2104);
#2103 = CARTESIAN_POINT('',(37.349999999997,-36.75,-12.2));
#2104 = VECTOR('',#2105,1.);
#2105 = DIRECTION('',(0.,1.,0.));
#2106 = ORIENTED_EDGE('',*,*,#2107,.T.);
#2107 = EDGE_CURVE('',#2100,#2108,#2110,.T.);
#2108 = VERTEX_POINT('',#2109);
#2109 = CARTESIAN_POINT('',(37.521203273864,19.730000000041,-12.2));
#2110 = LINE('',#2111,#2112);
#2111 = CARTESIAN_POINT('',(18.075,19.730000000041,-12.2));
#2112 = VECTOR('',#2113,1.);
#2113 = DIRECTION('',(1.,0.,0.));
#2114 = ORIENTED_EDGE('',*,*,#2115,.F.);
#2115 = EDGE_CURVE('',#2057,#2108,#2116,.T.);
#2116 = LINE('',#2117,#2118);
#2117 = CARTESIAN_POINT('',(37.521203273864,5.965000000005,-12.2));
#2118 = VECTOR('',#2119,1.);
#2119 = DIRECTION('',(0.,1.,0.));
#2120 = PLANE('',#2121);
#2121 = AXIS2_PLACEMENT_3D('',#2122,#2123,#2124);
#2122 = CARTESIAN_POINT('',(-4.632493799393E-15,-9.702015315709E-15,
    -12.2));
#2123 = DIRECTION('',(0.,0.,1.));
#2124 = DIRECTION('',(1.,0.,0.));
#2125 = ADVANCED_FACE('',(#2126),#2168,.F.);
#2126 = FACE_BOUND('',#2127,.F.);
#2127 = EDGE_LOOP('',(#2128,#2129,#2130,#2138,#2146,#2154,#2162));
#2128 = ORIENTED_EDGE('',*,*,#597,.F.);
#2129 = ORIENTED_EDGE('',*,*,#2056,.T.);
#2130 = ORIENTED_EDGE('',*,*,#2131,.F.);
#2131 = EDGE_CURVE('',#2132,#2057,#2134,.T.);
#2132 = VERTEX_POINT('',#2133);
#2133 = CARTESIAN_POINT('',(37.521203273864,18.730000000024,
    -11.5543036921));
#2134 = LINE('',#2135,#2136);
#2135 = CARTESIAN_POINT('',(37.521203273864,18.730000000024,
    -11.87499999997));
#2136 = VECTOR('',#2137,1.);
#2137 = DIRECTION('',(0.,0.,-1.));
#2138 = ORIENTED_EDGE('',*,*,#2139,.T.);
#2139 = EDGE_CURVE('',#2132,#2140,#2142,.T.);
#2140 = VERTEX_POINT('',#2141);
#2141 = CARTESIAN_POINT('',(37.721203273861,18.730000000024,-10.8));
#2142 = LINE('',#2143,#2144);
#2143 = CARTESIAN_POINT('',(37.382646757663,18.730000000024,
    -12.07687215078));
#2144 = VECTOR('',#2145,1.);
#2145 = DIRECTION('',(0.256289373133,0.,0.966600102017));
#2146 = ORIENTED_EDGE('',*,*,#2147,.T.);
#2147 = EDGE_CURVE('',#2140,#2148,#2150,.T.);
#2148 = VERTEX_POINT('',#2149);
#2149 = CARTESIAN_POINT('',(37.521203273864,18.730000000024,-10.8));
#2150 = LINE('',#2151,#2152);
#2151 = CARTESIAN_POINT('',(32.749999999998,18.730000000024,-10.8));
#2152 = VECTOR('',#2153,1.);
#2153 = DIRECTION('',(-1.,0.,0.));
#2154 = ORIENTED_EDGE('',*,*,#2155,.F.);
#2155 = EDGE_CURVE('',#2156,#2148,#2158,.T.);
#2156 = VERTEX_POINT('',#2157);
#2157 = CARTESIAN_POINT('',(37.521203273864,18.730000000024,-5.2));
#2158 = LINE('',#2159,#2160);
#2159 = CARTESIAN_POINT('',(37.521203273864,18.730000000024,
    -11.87499999997));
#2160 = VECTOR('',#2161,1.);
#2161 = DIRECTION('',(0.,0.,-1.));
#2162 = ORIENTED_EDGE('',*,*,#2163,.F.);
#2163 = EDGE_CURVE('',#590,#2156,#2164,.T.);
#2164 = LINE('',#2165,#2166);
#2165 = CARTESIAN_POINT('',(38.35,18.730000000024,-5.2));
#2166 = VECTOR('',#2167,1.);
#2167 = DIRECTION('',(-1.,-0.,-0.));
#2168 = PLANE('',#2169);
#2169 = AXIS2_PLACEMENT_3D('',#2170,#2171,#2172);
#2170 = CARTESIAN_POINT('',(38.35,18.730000000024,-13.69999999995));
#2171 = DIRECTION('',(0.,1.,0.));
#2172 = DIRECTION('',(0.,0.,1.));
#2173 = ADVANCED_FACE('',(#2174),#2192,.F.);
#2174 = FACE_BOUND('',#2175,.F.);
#2175 = EDGE_LOOP('',(#2176,#2177,#2178,#2186));
#2176 = ORIENTED_EDGE('',*,*,#589,.F.);
#2177 = ORIENTED_EDGE('',*,*,#2163,.T.);
#2178 = ORIENTED_EDGE('',*,*,#2179,.F.);
#2179 = EDGE_CURVE('',#2180,#2156,#2182,.T.);
#2180 = VERTEX_POINT('',#2181);
#2181 = CARTESIAN_POINT('',(37.521203273864,14.029999999976,-5.2));
#2182 = LINE('',#2183,#2184);
#2183 = CARTESIAN_POINT('',(37.521203273864,15.330000000017,-5.2));
#2184 = VECTOR('',#2185,1.);
#2185 = DIRECTION('',(0.,1.,0.));
#2186 = ORIENTED_EDGE('',*,*,#2187,.F.);
#2187 = EDGE_CURVE('',#582,#2180,#2188,.T.);
#2188 = LINE('',#2189,#2190);
#2189 = CARTESIAN_POINT('',(38.35,14.029999999976,-5.2));
#2190 = VECTOR('',#2191,1.);
#2191 = DIRECTION('',(-1.,-0.,-0.));
#2192 = PLANE('',#2193);
#2193 = AXIS2_PLACEMENT_3D('',#2194,#2195,#2196);
#2194 = CARTESIAN_POINT('',(38.35,18.730000000024,-5.2));
#2195 = DIRECTION('',(0.,0.,1.));
#2196 = DIRECTION('',(0.,-1.,0.));
#2197 = ADVANCED_FACE('',(#2198),#2240,.F.);
#2198 = FACE_BOUND('',#2199,.F.);
#2199 = EDGE_LOOP('',(#2200,#2201,#2202,#2210,#2218,#2226,#2234));
#2200 = ORIENTED_EDGE('',*,*,#581,.F.);
#2201 = ORIENTED_EDGE('',*,*,#2187,.T.);
#2202 = ORIENTED_EDGE('',*,*,#2203,.F.);
#2203 = EDGE_CURVE('',#2204,#2180,#2206,.T.);
#2204 = VERTEX_POINT('',#2205);
#2205 = CARTESIAN_POINT('',(37.521203273864,14.029999999976,-10.8));
#2206 = LINE('',#2207,#2208);
#2207 = CARTESIAN_POINT('',(37.521203273864,14.029999999976,-7.625));
#2208 = VECTOR('',#2209,1.);
#2209 = DIRECTION('',(0.,0.,1.));
#2210 = ORIENTED_EDGE('',*,*,#2211,.T.);
#2211 = EDGE_CURVE('',#2204,#2212,#2214,.T.);
#2212 = VERTEX_POINT('',#2213);
#2213 = CARTESIAN_POINT('',(37.721203273861,14.029999999976,-10.8));
#2214 = LINE('',#2215,#2216);
#2215 = CARTESIAN_POINT('',(32.749999999998,14.029999999976,-10.8));
#2216 = VECTOR('',#2217,1.);
#2217 = DIRECTION('',(1.,0.,0.));
#2218 = ORIENTED_EDGE('',*,*,#2219,.T.);
#2219 = EDGE_CURVE('',#2212,#2220,#2222,.T.);
#2220 = VERTEX_POINT('',#2221);
#2221 = CARTESIAN_POINT('',(37.521203273864,14.029999999976,
    -11.5543036921));
#2222 = LINE('',#2223,#2224);
#2223 = CARTESIAN_POINT('',(38.435496428076,14.029999999976,
    -8.106030182625));
#2224 = VECTOR('',#2225,1.);
#2225 = DIRECTION('',(-0.256289373133,-0.,-0.966600102017));
#2226 = ORIENTED_EDGE('',*,*,#2227,.F.);
#2227 = EDGE_CURVE('',#2228,#2220,#2230,.T.);
#2228 = VERTEX_POINT('',#2229);
#2229 = CARTESIAN_POINT('',(37.521203273864,14.029999999976,-12.2));
#2230 = LINE('',#2231,#2232);
#2231 = CARTESIAN_POINT('',(37.521203273864,14.029999999976,-7.625));
#2232 = VECTOR('',#2233,1.);
#2233 = DIRECTION('',(0.,0.,1.));
#2234 = ORIENTED_EDGE('',*,*,#2235,.T.);
#2235 = EDGE_CURVE('',#2228,#574,#2236,.T.);
#2236 = LINE('',#2237,#2238);
#2237 = CARTESIAN_POINT('',(19.175,14.029999999976,-12.2));
#2238 = VECTOR('',#2239,1.);
#2239 = DIRECTION('',(1.,0.,0.));
#2240 = PLANE('',#2241);
#2241 = AXIS2_PLACEMENT_3D('',#2242,#2243,#2244);
#2242 = CARTESIAN_POINT('',(38.35,14.029999999976,-5.2));
#2243 = DIRECTION('',(0.,-1.,0.));
#2244 = DIRECTION('',(0.,0.,-1.));
#2245 = ADVANCED_FACE('',(#2246),#2264,.F.);
#2246 = FACE_BOUND('',#2247,.F.);
#2247 = EDGE_LOOP('',(#2248,#2249,#2257,#2263));
#2248 = ORIENTED_EDGE('',*,*,#557,.F.);
#2249 = ORIENTED_EDGE('',*,*,#2250,.T.);
#2250 = EDGE_CURVE('',#558,#2251,#2253,.T.);
#2251 = VERTEX_POINT('',#2252);
#2252 = CARTESIAN_POINT('',(37.521203273864,9.83,-5.2));
#2253 = LINE('',#2254,#2255);
#2254 = CARTESIAN_POINT('',(38.35,9.83,-5.2));
#2255 = VECTOR('',#2256,1.);
#2256 = DIRECTION('',(-1.,-0.,-0.));
#2257 = ORIENTED_EDGE('',*,*,#2258,.F.);
#2258 = EDGE_CURVE('',#1551,#2251,#2259,.T.);
#2259 = LINE('',#2260,#2261);
#2260 = CARTESIAN_POINT('',(37.521203273864,10.880000000005,-5.2));
#2261 = VECTOR('',#2262,1.);
#2262 = DIRECTION('',(0.,1.,0.));
#2263 = ORIENTED_EDGE('',*,*,#1550,.F.);
#2264 = PLANE('',#2265);
#2265 = AXIS2_PLACEMENT_3D('',#2266,#2267,#2268);
#2266 = CARTESIAN_POINT('',(38.35,9.83,-5.2));
#2267 = DIRECTION('',(0.,0.,1.));
#2268 = DIRECTION('',(0.,-1.,0.));
#2269 = ADVANCED_FACE('',(#2270),#2320,.F.);
#2270 = FACE_BOUND('',#2271,.F.);
#2271 = EDGE_LOOP('',(#2272,#2280,#2281,#2282,#2290,#2298,#2306,#2314));
#2272 = ORIENTED_EDGE('',*,*,#2273,.F.);
#2273 = EDGE_CURVE('',#566,#2274,#2276,.T.);
#2274 = VERTEX_POINT('',#2275);
#2275 = CARTESIAN_POINT('',(37.521203273864,9.83,-12.2));
#2276 = LINE('',#2277,#2278);
#2277 = CARTESIAN_POINT('',(19.175,9.83,-12.2));
#2278 = VECTOR('',#2279,1.);
#2279 = DIRECTION('',(-1.,0.,0.));
#2280 = ORIENTED_EDGE('',*,*,#573,.T.);
#2281 = ORIENTED_EDGE('',*,*,#2235,.F.);
#2282 = ORIENTED_EDGE('',*,*,#2283,.F.);
#2283 = EDGE_CURVE('',#2284,#2228,#2286,.T.);
#2284 = VERTEX_POINT('',#2285);
#2285 = CARTESIAN_POINT('',(37.521203273864,13.029999999959,-12.2));
#2286 = LINE('',#2287,#2288);
#2287 = CARTESIAN_POINT('',(37.521203273864,5.965000000005,-12.2));
#2288 = VECTOR('',#2289,1.);
#2289 = DIRECTION('',(0.,1.,0.));
#2290 = ORIENTED_EDGE('',*,*,#2291,.T.);
#2291 = EDGE_CURVE('',#2284,#2292,#2294,.T.);
#2292 = VERTEX_POINT('',#2293);
#2293 = CARTESIAN_POINT('',(37.349999999997,13.029999999959,-12.2));
#2294 = LINE('',#2295,#2296);
#2295 = CARTESIAN_POINT('',(18.075,13.029999999959,-12.2));
#2296 = VECTOR('',#2297,1.);
#2297 = DIRECTION('',(-1.,0.,0.));
#2298 = ORIENTED_EDGE('',*,*,#2299,.F.);
#2299 = EDGE_CURVE('',#2300,#2292,#2302,.T.);
#2300 = VERTEX_POINT('',#2301);
#2301 = CARTESIAN_POINT('',(37.349999999997,10.83,-12.2));
#2302 = LINE('',#2303,#2304);
#2303 = CARTESIAN_POINT('',(37.349999999997,-36.75,-12.2));
#2304 = VECTOR('',#2305,1.);
#2305 = DIRECTION('',(0.,1.,0.));
#2306 = ORIENTED_EDGE('',*,*,#2307,.T.);
#2307 = EDGE_CURVE('',#2300,#2308,#2310,.T.);
#2308 = VERTEX_POINT('',#2309);
#2309 = CARTESIAN_POINT('',(37.521203273864,10.83,-12.2));
#2310 = LINE('',#2311,#2312);
#2311 = CARTESIAN_POINT('',(18.075,10.83,-12.2));
#2312 = VECTOR('',#2313,1.);
#2313 = DIRECTION('',(1.,0.,0.));
#2314 = ORIENTED_EDGE('',*,*,#2315,.F.);
#2315 = EDGE_CURVE('',#2274,#2308,#2316,.T.);
#2316 = LINE('',#2317,#2318);
#2317 = CARTESIAN_POINT('',(37.521203273864,5.965000000005,-12.2));
#2318 = VECTOR('',#2319,1.);
#2319 = DIRECTION('',(0.,1.,0.));
#2320 = PLANE('',#2321);
#2321 = AXIS2_PLACEMENT_3D('',#2322,#2323,#2324);
#2322 = CARTESIAN_POINT('',(-4.632493799393E-15,-9.702015315709E-15,
    -12.2));
#2323 = DIRECTION('',(0.,0.,1.));
#2324 = DIRECTION('',(1.,0.,0.));
#2325 = ADVANCED_FACE('',(#2326),#2361,.F.);
#2326 = FACE_BOUND('',#2327,.F.);
#2327 = EDGE_LOOP('',(#2328,#2329,#2330,#2338,#2346,#2354,#2360));
#2328 = ORIENTED_EDGE('',*,*,#565,.F.);
#2329 = ORIENTED_EDGE('',*,*,#2273,.T.);
#2330 = ORIENTED_EDGE('',*,*,#2331,.F.);
#2331 = EDGE_CURVE('',#2332,#2274,#2334,.T.);
#2332 = VERTEX_POINT('',#2333);
#2333 = CARTESIAN_POINT('',(37.521203273864,9.83,-11.5543036921));
#2334 = LINE('',#2335,#2336);
#2335 = CARTESIAN_POINT('',(37.521203273864,9.83,-11.875));
#2336 = VECTOR('',#2337,1.);
#2337 = DIRECTION('',(0.,0.,-1.));
#2338 = ORIENTED_EDGE('',*,*,#2339,.T.);
#2339 = EDGE_CURVE('',#2332,#2340,#2342,.T.);
#2340 = VERTEX_POINT('',#2341);
#2341 = CARTESIAN_POINT('',(37.721203273861,9.83,-10.8));
#2342 = LINE('',#2343,#2344);
#2343 = CARTESIAN_POINT('',(37.382646757657,9.83,-12.0768721508));
#2344 = VECTOR('',#2345,1.);
#2345 = DIRECTION('',(0.256289373133,0.,0.966600102017));
#2346 = ORIENTED_EDGE('',*,*,#2347,.T.);
#2347 = EDGE_CURVE('',#2340,#2348,#2350,.T.);
#2348 = VERTEX_POINT('',#2349);
#2349 = CARTESIAN_POINT('',(37.521203273864,9.83,-10.8));
#2350 = LINE('',#2351,#2352);
#2351 = CARTESIAN_POINT('',(32.749999999998,9.83,-10.8));
#2352 = VECTOR('',#2353,1.);
#2353 = DIRECTION('',(-1.,0.,0.));
#2354 = ORIENTED_EDGE('',*,*,#2355,.F.);
#2355 = EDGE_CURVE('',#2251,#2348,#2356,.T.);
#2356 = LINE('',#2357,#2358);
#2357 = CARTESIAN_POINT('',(37.521203273864,9.83,-11.875));
#2358 = VECTOR('',#2359,1.);
#2359 = DIRECTION('',(0.,0.,-1.));
#2360 = ORIENTED_EDGE('',*,*,#2250,.F.);
#2361 = PLANE('',#2362);
#2362 = AXIS2_PLACEMENT_3D('',#2363,#2364,#2365);
#2363 = CARTESIAN_POINT('',(38.35,9.83,-13.7));
#2364 = DIRECTION('',(0.,1.,0.));
#2365 = DIRECTION('',(0.,0.,1.));
#2366 = ADVANCED_FACE('',(#2367),#2379,.T.);
#2367 = FACE_BOUND('',#2368,.T.);
#2368 = EDGE_LOOP('',(#2369,#2376,#2377,#2378));
#2369 = ORIENTED_EDGE('',*,*,#2370,.T.);
#2370 = EDGE_CURVE('',#740,#1585,#2371,.T.);
#2371 = CIRCLE('',#2372,1.5);
#2372 = AXIS2_PLACEMENT_3D('',#2373,#2374,#2375);
#2373 = CARTESIAN_POINT('',(-36.85,36.75,-1.5));
#2374 = DIRECTION('',(-6.123233995737E-17,-1.,-0.));
#2375 = DIRECTION('',(-1.,6.123233995737E-17,0.));
#2376 = ORIENTED_EDGE('',*,*,#1584,.T.);
#2377 = ORIENTED_EDGE('',*,*,#619,.F.);
#2378 = ORIENTED_EDGE('',*,*,#748,.F.);
#2379 = CYLINDRICAL_SURFACE('',#2380,1.5);
#2380 = AXIS2_PLACEMENT_3D('',#2381,#2382,#2383);
#2381 = CARTESIAN_POINT('',(-36.85,36.75,-1.5));
#2382 = DIRECTION('',(0.,-1.,0.));
#2383 = DIRECTION('',(0.,0.,1.));
#2384 = ADVANCED_FACE('',(#2385),#2405,.T.);
#2385 = FACE_BOUND('',#2386,.F.);
#2386 = EDGE_LOOP('',(#2387,#2396,#2397,#2398));
#2387 = ORIENTED_EDGE('',*,*,#2388,.F.);
#2388 = EDGE_CURVE('',#732,#2389,#2391,.T.);
#2389 = VERTEX_POINT('',#2390);
#2390 = CARTESIAN_POINT('',(-27.15,47.95,-1.5));
#2391 = CIRCLE('',#2392,1.5);
#2392 = AXIS2_PLACEMENT_3D('',#2393,#2394,#2395);
#2393 = CARTESIAN_POINT('',(-27.15,46.45,-1.5));
#2394 = DIRECTION('',(-1.,0.,0.));
#2395 = DIRECTION('',(0.,0.,1.));
#2396 = ORIENTED_EDGE('',*,*,#739,.T.);
#2397 = ORIENTED_EDGE('',*,*,#2370,.T.);
#2398 = ORIENTED_EDGE('',*,*,#2399,.F.);
#2399 = EDGE_CURVE('',#2389,#1585,#2400,.T.);
#2400 = CIRCLE('',#2401,11.2);
#2401 = AXIS2_PLACEMENT_3D('',#2402,#2403,#2404);
#2402 = CARTESIAN_POINT('',(-27.15,36.75,-1.5));
#2403 = DIRECTION('',(0.,-0.,1.));
#2404 = DIRECTION('',(0.,1.,0.));
#2405 = TOROIDAL_SURFACE('',#2406,9.7,1.5);
#2406 = AXIS2_PLACEMENT_3D('',#2407,#2408,#2409);
#2407 = CARTESIAN_POINT('',(-27.15,36.75,-1.5));
#2408 = DIRECTION('',(-0.,-0.,-1.));
#2409 = DIRECTION('',(0.,1.,0.));
#2410 = ADVANCED_FACE('',(#2411),#2479,.T.);
#2411 = FACE_BOUND('',#2412,.T.);
#2412 = EDGE_LOOP('',(#2413,#2414,#2421,#2427,#2428,#2429,#2451,#2459));
#2413 = ORIENTED_EDGE('',*,*,#663,.F.);
#2414 = ORIENTED_EDGE('',*,*,#2415,.T.);
#2415 = EDGE_CURVE('',#655,#2034,#2416,.T.);
#2416 = CIRCLE('',#2417,1.5);
#2417 = AXIS2_PLACEMENT_3D('',#2418,#2419,#2420);
#2418 = CARTESIAN_POINT('',(27.15,46.45,-1.5));
#2419 = DIRECTION('',(-1.,6.123233995737E-17,0.));
#2420 = DIRECTION('',(6.123233995737E-17,1.,0.));
#2421 = ORIENTED_EDGE('',*,*,#2422,.T.);
#2422 = EDGE_CURVE('',#2034,#2389,#2423,.T.);
#2423 = LINE('',#2424,#2425);
#2424 = CARTESIAN_POINT('',(27.15,47.95,-1.5));
#2425 = VECTOR('',#2426,1.);
#2426 = DIRECTION('',(-1.,0.,0.));
#2427 = ORIENTED_EDGE('',*,*,#2388,.F.);
#2428 = ORIENTED_EDGE('',*,*,#731,.F.);
#2429 = ORIENTED_EDGE('',*,*,#2430,.F.);
#2430 = EDGE_CURVE('',#2431,#723,#2433,.T.);
#2431 = VERTEX_POINT('',#2432);
#2432 = CARTESIAN_POINT('',(-15.2,46.85,-5.431677052017E-02));
#2433 = B_SPLINE_CURVE_WITH_KNOTS('',6,(#2434,#2435,#2436,#2437,#2438,
    #2439,#2440,#2441,#2442,#2443,#2444,#2445,#2446,#2447,#2448,#2449,
    #2450),.UNSPECIFIED.,.F.,.F.,(7,5,5,7),(0.,0.216114088908,
    0.717330543727,1.),.UNSPECIFIED.);
#2434 = CARTESIAN_POINT('',(-15.2,46.85,-5.431677051998E-02));
#2435 = CARTESIAN_POINT('',(-15.22419563955,46.85,-5.431677051998E-02));
#2436 = CARTESIAN_POINT('',(-15.24839025311,46.848594964045,
    -5.392805164061E-02));
#2437 = CARTESIAN_POINT('',(-15.27248923889,46.8457851453,
    -5.315051741726E-02));
#2438 = CARTESIAN_POINT('',(-15.29639756732,46.841577726119,
    -5.19975085061E-02));
#2439 = CARTESIAN_POINT('',(-15.32002016127,46.835987316031,
    -5.049477343369E-02));
#2440 = CARTESIAN_POINT('',(-15.39716589081,46.812915850735,
    -4.446927739017E-02));
#2441 = CARTESIAN_POINT('',(-15.44905503825,46.789468119459,
    -3.857542493359E-02));
#2442 = CARTESIAN_POINT('',(-15.49774541487,46.758957792859,
    -3.145250098239E-02));
#2443 = CARTESIAN_POINT('',(-15.54208316267,46.721874110041,
    -2.38841629515E-02));
#2444 = CARTESIAN_POINT('',(-15.58099644296,46.678928501433,
    -1.678767991009E-02));
#2445 = CARTESIAN_POINT('',(-15.63189393584,46.604035114973,
    -7.681897155765E-03));
#2446 = CARTESIAN_POINT('',(-15.64822113735,46.575457794119,
    -4.803676593151E-03));
#2447 = CARTESIAN_POINT('',(-15.66232253303,46.545519556266,
    -2.481262562536E-03));
#2448 = CARTESIAN_POINT('',(-15.6740403615,46.514458311562,
    -8.464027057185E-04));
#2449 = CARTESIAN_POINT('',(-15.68325774047,46.482530243164,
    2.22044604925E-16));
#2450 = CARTESIAN_POINT('',(-15.68989794855,46.45,2.22044604925E-16));
#2451 = ORIENTED_EDGE('',*,*,#2452,.F.);
#2452 = EDGE_CURVE('',#2453,#2431,#2455,.T.);
#2453 = VERTEX_POINT('',#2454);
#2454 = CARTESIAN_POINT('',(-14.8,46.85,-5.431677052017E-02));
#2455 = LINE('',#2456,#2457);
#2456 = CARTESIAN_POINT('',(27.15,46.85,-5.431677051999E-02));
#2457 = VECTOR('',#2458,1.);
#2458 = DIRECTION('',(-1.,0.,0.));
#2459 = ORIENTED_EDGE('',*,*,#2460,.F.);
#2460 = EDGE_CURVE('',#664,#2453,#2461,.T.);
#2461 = B_SPLINE_CURVE_WITH_KNOTS('',6,(#2462,#2463,#2464,#2465,#2466,
    #2467,#2468,#2469,#2470,#2471,#2472,#2473,#2474,#2475,#2476,#2477,
    #2478),.UNSPECIFIED.,.F.,.F.,(7,5,5,7),(0.,0.280615065657,
    0.784687427085,1.),.UNSPECIFIED.);
#2462 = CARTESIAN_POINT('',(-14.31010205144,46.45,2.22044604925E-16));
#2463 = CARTESIAN_POINT('',(-14.31669401092,46.482293874267,
    2.22044604925E-16));
#2464 = CARTESIAN_POINT('',(-14.32582589116,46.513994615919,
    -8.3415157888E-04));
#2465 = CARTESIAN_POINT('',(-14.33742268707,46.5448430895,
    -2.445779478834E-03));
#2466 = CARTESIAN_POINT('',(-14.35137028123,46.574588381104,
    -4.736474504286E-03));
#2467 = CARTESIAN_POINT('',(-14.36751474766,46.602997283576,
    -7.577750883253E-03));
#2468 = CARTESIAN_POINT('',(-14.41825917374,46.67812440923,
    -1.665165293791E-02));
#2469 = CARTESIAN_POINT('',(-14.45731462981,46.721403124631,
    -2.378273159731E-02));
#2470 = CARTESIAN_POINT('',(-14.50186862759,46.758760680091,
    -3.140119994715E-02));
#2471 = CARTESIAN_POINT('',(-14.55083145529,46.78947158866,
    -3.857278880147E-02));
#2472 = CARTESIAN_POINT('',(-14.60302898039,46.813037688868,
    -4.449926757714E-02));
#2473 = CARTESIAN_POINT('',(-14.68041862351,46.836090955921,
    -5.05226348902E-02));
#2474 = CARTESIAN_POINT('',(-14.7039577604,46.841640027698,
    -5.201481103583E-02));
#2475 = CARTESIAN_POINT('',(-14.7277793193,46.845816399594,
    -5.315916635854E-02));
#2476 = CARTESIAN_POINT('',(-14.75178942383,46.848605481337,
    -5.393073253764E-02));
#2477 = CARTESIAN_POINT('',(-14.77589424477,46.85,-5.431677051998E-02));
#2478 = CARTESIAN_POINT('',(-14.8,46.85,-5.431677051998E-02));
#2479 = CYLINDRICAL_SURFACE('',#2480,1.5);
#2480 = AXIS2_PLACEMENT_3D('',#2481,#2482,#2483);
#2481 = CARTESIAN_POINT('',(27.15,46.45,-1.5));
#2482 = DIRECTION('',(-1.,0.,0.));
#2483 = DIRECTION('',(0.,0.,1.));
#2484 = ADVANCED_FACE('',(#2485),#2512,.F.);
#2485 = FACE_BOUND('',#2486,.F.);
#2486 = EDGE_LOOP('',(#2487,#2488,#2496,#2505,#2511));
#2487 = ORIENTED_EDGE('',*,*,#2430,.F.);
#2488 = ORIENTED_EDGE('',*,*,#2489,.T.);
#2489 = EDGE_CURVE('',#2431,#2490,#2492,.T.);
#2490 = VERTEX_POINT('',#2491);
#2491 = CARTESIAN_POINT('',(-15.2,46.85,-1.1));
#2492 = LINE('',#2493,#2494);
#2493 = CARTESIAN_POINT('',(-15.2,46.85,0.));
#2494 = VECTOR('',#2495,1.);
#2495 = DIRECTION('',(-0.,-0.,-1.));
#2496 = ORIENTED_EDGE('',*,*,#2497,.T.);
#2497 = EDGE_CURVE('',#2490,#2498,#2500,.T.);
#2498 = VERTEX_POINT('',#2499);
#2499 = CARTESIAN_POINT('',(-15.7,46.35,-1.1));
#2500 = CIRCLE('',#2501,0.5);
#2501 = AXIS2_PLACEMENT_3D('',#2502,#2503,#2504);
#2502 = CARTESIAN_POINT('',(-15.2,46.35,-1.1));
#2503 = DIRECTION('',(0.,0.,1.));
#2504 = DIRECTION('',(1.,0.,0.));
#2505 = ORIENTED_EDGE('',*,*,#2506,.F.);
#2506 = EDGE_CURVE('',#715,#2498,#2507,.T.);
#2507 = LINE('',#2508,#2509);
#2508 = CARTESIAN_POINT('',(-15.7,46.35,0.));
#2509 = VECTOR('',#2510,1.);
#2510 = DIRECTION('',(-0.,-0.,-1.));
#2511 = ORIENTED_EDGE('',*,*,#722,.F.);
#2512 = CYLINDRICAL_SURFACE('',#2513,0.5);
#2513 = AXIS2_PLACEMENT_3D('',#2514,#2515,#2516);
#2514 = CARTESIAN_POINT('',(-15.2,46.35,0.));
#2515 = DIRECTION('',(0.,0.,1.));
#2516 = DIRECTION('',(1.,0.,0.));
#2517 = ADVANCED_FACE('',(#2518),#2536,.F.);
#2518 = FACE_BOUND('',#2519,.F.);
#2519 = EDGE_LOOP('',(#2520,#2521,#2529,#2535));
#2520 = ORIENTED_EDGE('',*,*,#2506,.T.);
#2521 = ORIENTED_EDGE('',*,*,#2522,.T.);
#2522 = EDGE_CURVE('',#2498,#2523,#2525,.T.);
#2523 = VERTEX_POINT('',#2524);
#2524 = CARTESIAN_POINT('',(-15.7,38.35,-1.1));
#2525 = LINE('',#2526,#2527);
#2526 = CARTESIAN_POINT('',(-15.7,46.35,-1.1));
#2527 = VECTOR('',#2528,1.);
#2528 = DIRECTION('',(0.,-1.,0.));
#2529 = ORIENTED_EDGE('',*,*,#2530,.F.);
#2530 = EDGE_CURVE('',#706,#2523,#2531,.T.);
#2531 = LINE('',#2532,#2533);
#2532 = CARTESIAN_POINT('',(-15.7,38.35,0.));
#2533 = VECTOR('',#2534,1.);
#2534 = DIRECTION('',(-0.,-0.,-1.));
#2535 = ORIENTED_EDGE('',*,*,#714,.F.);
#2536 = PLANE('',#2537);
#2537 = AXIS2_PLACEMENT_3D('',#2538,#2539,#2540);
#2538 = CARTESIAN_POINT('',(-15.7,46.35,0.));
#2539 = DIRECTION('',(-1.,0.,0.));
#2540 = DIRECTION('',(0.,-1.,0.));
#2541 = ADVANCED_FACE('',(#2542),#2561,.F.);
#2542 = FACE_BOUND('',#2543,.F.);
#2543 = EDGE_LOOP('',(#2544,#2545,#2554,#2560));
#2544 = ORIENTED_EDGE('',*,*,#2530,.T.);
#2545 = ORIENTED_EDGE('',*,*,#2546,.T.);
#2546 = EDGE_CURVE('',#2523,#2547,#2549,.T.);
#2547 = VERTEX_POINT('',#2548);
#2548 = CARTESIAN_POINT('',(-15.2,37.85,-1.1));
#2549 = CIRCLE('',#2550,0.5);
#2550 = AXIS2_PLACEMENT_3D('',#2551,#2552,#2553);
#2551 = CARTESIAN_POINT('',(-15.2,38.35,-1.1));
#2552 = DIRECTION('',(0.,0.,1.));
#2553 = DIRECTION('',(1.,0.,0.));
#2554 = ORIENTED_EDGE('',*,*,#2555,.F.);
#2555 = EDGE_CURVE('',#698,#2547,#2556,.T.);
#2556 = LINE('',#2557,#2558);
#2557 = CARTESIAN_POINT('',(-15.2,37.85,0.));
#2558 = VECTOR('',#2559,1.);
#2559 = DIRECTION('',(-0.,-0.,-1.));
#2560 = ORIENTED_EDGE('',*,*,#705,.F.);
#2561 = CYLINDRICAL_SURFACE('',#2562,0.5);
#2562 = AXIS2_PLACEMENT_3D('',#2563,#2564,#2565);
#2563 = CARTESIAN_POINT('',(-15.2,38.35,0.));
#2564 = DIRECTION('',(0.,0.,1.));
#2565 = DIRECTION('',(1.,0.,0.));
#2566 = ADVANCED_FACE('',(#2567),#2585,.F.);
#2567 = FACE_BOUND('',#2568,.F.);
#2568 = EDGE_LOOP('',(#2569,#2570,#2578,#2584));
#2569 = ORIENTED_EDGE('',*,*,#2555,.T.);
#2570 = ORIENTED_EDGE('',*,*,#2571,.T.);
#2571 = EDGE_CURVE('',#2547,#2572,#2574,.T.);
#2572 = VERTEX_POINT('',#2573);
#2573 = CARTESIAN_POINT('',(-14.8,37.85,-1.1));
#2574 = LINE('',#2575,#2576);
#2575 = CARTESIAN_POINT('',(-15.2,37.85,-1.1));
#2576 = VECTOR('',#2577,1.);
#2577 = DIRECTION('',(1.,0.,0.));
#2578 = ORIENTED_EDGE('',*,*,#2579,.F.);
#2579 = EDGE_CURVE('',#689,#2572,#2580,.T.);
#2580 = LINE('',#2581,#2582);
#2581 = CARTESIAN_POINT('',(-14.8,37.85,0.));
#2582 = VECTOR('',#2583,1.);
#2583 = DIRECTION('',(-0.,-0.,-1.));
#2584 = ORIENTED_EDGE('',*,*,#697,.F.);
#2585 = PLANE('',#2586);
#2586 = AXIS2_PLACEMENT_3D('',#2587,#2588,#2589);
#2587 = CARTESIAN_POINT('',(-15.2,37.85,0.));
#2588 = DIRECTION('',(0.,-1.,0.));
#2589 = DIRECTION('',(1.,0.,0.));
#2590 = ADVANCED_FACE('',(#2591),#2610,.F.);
#2591 = FACE_BOUND('',#2592,.F.);
#2592 = EDGE_LOOP('',(#2593,#2594,#2603,#2609));
#2593 = ORIENTED_EDGE('',*,*,#2579,.T.);
#2594 = ORIENTED_EDGE('',*,*,#2595,.T.);
#2595 = EDGE_CURVE('',#2572,#2596,#2598,.T.);
#2596 = VERTEX_POINT('',#2597);
#2597 = CARTESIAN_POINT('',(-14.3,38.35,-1.1));
#2598 = CIRCLE('',#2599,0.5);
#2599 = AXIS2_PLACEMENT_3D('',#2600,#2601,#2602);
#2600 = CARTESIAN_POINT('',(-14.8,38.35,-1.1));
#2601 = DIRECTION('',(0.,0.,1.));
#2602 = DIRECTION('',(1.,0.,0.));
#2603 = ORIENTED_EDGE('',*,*,#2604,.F.);
#2604 = EDGE_CURVE('',#681,#2596,#2605,.T.);
#2605 = LINE('',#2606,#2607);
#2606 = CARTESIAN_POINT('',(-14.3,38.35,0.));
#2607 = VECTOR('',#2608,1.);
#2608 = DIRECTION('',(-0.,-0.,-1.));
#2609 = ORIENTED_EDGE('',*,*,#688,.F.);
#2610 = CYLINDRICAL_SURFACE('',#2611,0.5);
#2611 = AXIS2_PLACEMENT_3D('',#2612,#2613,#2614);
#2612 = CARTESIAN_POINT('',(-14.8,38.35,0.));
#2613 = DIRECTION('',(0.,0.,1.));
#2614 = DIRECTION('',(1.,0.,0.));
#2615 = ADVANCED_FACE('',(#2616),#2634,.F.);
#2616 = FACE_BOUND('',#2617,.F.);
#2617 = EDGE_LOOP('',(#2618,#2619,#2627,#2633));
#2618 = ORIENTED_EDGE('',*,*,#2604,.T.);
#2619 = ORIENTED_EDGE('',*,*,#2620,.T.);
#2620 = EDGE_CURVE('',#2596,#2621,#2623,.T.);
#2621 = VERTEX_POINT('',#2622);
#2622 = CARTESIAN_POINT('',(-14.3,46.35,-1.1));
#2623 = LINE('',#2624,#2625);
#2624 = CARTESIAN_POINT('',(-14.3,38.35,-1.1));
#2625 = VECTOR('',#2626,1.);
#2626 = DIRECTION('',(0.,1.,0.));
#2627 = ORIENTED_EDGE('',*,*,#2628,.F.);
#2628 = EDGE_CURVE('',#672,#2621,#2629,.T.);
#2629 = LINE('',#2630,#2631);
#2630 = CARTESIAN_POINT('',(-14.3,46.35,0.));
#2631 = VECTOR('',#2632,1.);
#2632 = DIRECTION('',(-0.,-0.,-1.));
#2633 = ORIENTED_EDGE('',*,*,#680,.F.);
#2634 = PLANE('',#2635);
#2635 = AXIS2_PLACEMENT_3D('',#2636,#2637,#2638);
#2636 = CARTESIAN_POINT('',(-14.3,38.35,0.));
#2637 = DIRECTION('',(1.,0.,0.));
#2638 = DIRECTION('',(0.,1.,0.));
#2639 = ADVANCED_FACE('',(#2640),#2660,.F.);
#2640 = FACE_BOUND('',#2641,.F.);
#2641 = EDGE_LOOP('',(#2642,#2643,#2644,#2653,#2659));
#2642 = ORIENTED_EDGE('',*,*,#671,.F.);
#2643 = ORIENTED_EDGE('',*,*,#2628,.T.);
#2644 = ORIENTED_EDGE('',*,*,#2645,.T.);
#2645 = EDGE_CURVE('',#2621,#2646,#2648,.T.);
#2646 = VERTEX_POINT('',#2647);
#2647 = CARTESIAN_POINT('',(-14.8,46.85,-1.1));
#2648 = CIRCLE('',#2649,0.5);
#2649 = AXIS2_PLACEMENT_3D('',#2650,#2651,#2652);
#2650 = CARTESIAN_POINT('',(-14.8,46.35,-1.1));
#2651 = DIRECTION('',(0.,0.,1.));
#2652 = DIRECTION('',(1.,0.,0.));
#2653 = ORIENTED_EDGE('',*,*,#2654,.F.);
#2654 = EDGE_CURVE('',#2453,#2646,#2655,.T.);
#2655 = LINE('',#2656,#2657);
#2656 = CARTESIAN_POINT('',(-14.8,46.85,0.));
#2657 = VECTOR('',#2658,1.);
#2658 = DIRECTION('',(-0.,-0.,-1.));
#2659 = ORIENTED_EDGE('',*,*,#2460,.F.);
#2660 = CYLINDRICAL_SURFACE('',#2661,0.5);
#2661 = AXIS2_PLACEMENT_3D('',#2662,#2663,#2664);
#2662 = CARTESIAN_POINT('',(-14.8,46.35,0.));
#2663 = DIRECTION('',(0.,0.,1.));
#2664 = DIRECTION('',(1.,0.,0.));
#2665 = ADVANCED_FACE('',(#2666),#2672,.T.);
#2666 = FACE_BOUND('',#2667,.F.);
#2667 = EDGE_LOOP('',(#2668,#2669,#2670,#2671));
#2668 = ORIENTED_EDGE('',*,*,#2007,.F.);
#2669 = ORIENTED_EDGE('',*,*,#654,.T.);
#2670 = ORIENTED_EDGE('',*,*,#2415,.T.);
#2671 = ORIENTED_EDGE('',*,*,#2041,.F.);
#2672 = TOROIDAL_SURFACE('',#2673,9.7,1.5);
#2673 = AXIS2_PLACEMENT_3D('',#2674,#2675,#2676);
#2674 = CARTESIAN_POINT('',(27.15,36.75,-1.5));
#2675 = DIRECTION('',(-0.,-0.,-1.));
#2676 = DIRECTION('',(1.,0.,0.));
#2677 = ADVANCED_FACE('',(#2678),#2703,.F.);
#2678 = FACE_BOUND('',#2679,.F.);
#2679 = EDGE_LOOP('',(#2680,#2688,#2696,#2702));
#2680 = ORIENTED_EDGE('',*,*,#2681,.T.);
#2681 = EDGE_CURVE('',#759,#2682,#2684,.T.);
#2682 = VERTEX_POINT('',#2683);
#2683 = CARTESIAN_POINT('',(32.7,-10.,-2.2));
#2684 = LINE('',#2685,#2686);
#2685 = CARTESIAN_POINT('',(32.7,-10.,0.));
#2686 = VECTOR('',#2687,1.);
#2687 = DIRECTION('',(-0.,-0.,-1.));
#2688 = ORIENTED_EDGE('',*,*,#2689,.T.);
#2689 = EDGE_CURVE('',#2682,#2690,#2692,.T.);
#2690 = VERTEX_POINT('',#2691);
#2691 = CARTESIAN_POINT('',(-32.7,-10.,-2.2));
#2692 = LINE('',#2693,#2694);
#2693 = CARTESIAN_POINT('',(32.7,-10.,-2.2));
#2694 = VECTOR('',#2695,1.);
#2695 = DIRECTION('',(-1.,0.,0.));
#2696 = ORIENTED_EDGE('',*,*,#2697,.F.);
#2697 = EDGE_CURVE('',#761,#2690,#2698,.T.);
#2698 = LINE('',#2699,#2700);
#2699 = CARTESIAN_POINT('',(-32.7,-10.,0.));
#2700 = VECTOR('',#2701,1.);
#2701 = DIRECTION('',(-0.,-0.,-1.));
#2702 = ORIENTED_EDGE('',*,*,#758,.F.);
#2703 = PLANE('',#2704);
#2704 = AXIS2_PLACEMENT_3D('',#2705,#2706,#2707);
#2705 = CARTESIAN_POINT('',(32.7,-10.,0.));
#2706 = DIRECTION('',(0.,1.,0.));
#2707 = DIRECTION('',(-1.,0.,0.));
#2708 = ADVANCED_FACE('',(#2709),#2727,.T.);
#2709 = FACE_BOUND('',#2710,.T.);
#2710 = EDGE_LOOP('',(#2711,#2712,#2720,#2726));
#2711 = ORIENTED_EDGE('',*,*,#2681,.T.);
#2712 = ORIENTED_EDGE('',*,*,#2713,.T.);
#2713 = EDGE_CURVE('',#2682,#2714,#2716,.T.);
#2714 = VERTEX_POINT('',#2715);
#2715 = CARTESIAN_POINT('',(32.7,-11.4,-2.2));
#2716 = LINE('',#2717,#2718);
#2717 = CARTESIAN_POINT('',(32.7,-10.,-2.2));
#2718 = VECTOR('',#2719,1.);
#2719 = DIRECTION('',(0.,-1.,0.));
#2720 = ORIENTED_EDGE('',*,*,#2721,.F.);
#2721 = EDGE_CURVE('',#769,#2714,#2722,.T.);
#2722 = LINE('',#2723,#2724);
#2723 = CARTESIAN_POINT('',(32.7,-11.4,0.));
#2724 = VECTOR('',#2725,1.);
#2725 = DIRECTION('',(-0.,-0.,-1.));
#2726 = ORIENTED_EDGE('',*,*,#768,.F.);
#2727 = PLANE('',#2728);
#2728 = AXIS2_PLACEMENT_3D('',#2729,#2730,#2731);
#2729 = CARTESIAN_POINT('',(32.7,-10.,0.));
#2730 = DIRECTION('',(-1.,0.,0.));
#2731 = DIRECTION('',(0.,-1.,0.));
#2732 = ADVANCED_FACE('',(#2733),#2751,.F.);
#2733 = FACE_BOUND('',#2734,.F.);
#2734 = EDGE_LOOP('',(#2735,#2736,#2744,#2750));
#2735 = ORIENTED_EDGE('',*,*,#2697,.T.);
#2736 = ORIENTED_EDGE('',*,*,#2737,.T.);
#2737 = EDGE_CURVE('',#2690,#2738,#2740,.T.);
#2738 = VERTEX_POINT('',#2739);
#2739 = CARTESIAN_POINT('',(-32.7,-11.4,-2.2));
#2740 = LINE('',#2741,#2742);
#2741 = CARTESIAN_POINT('',(-32.7,-10.,-2.2));
#2742 = VECTOR('',#2743,1.);
#2743 = DIRECTION('',(0.,-1.,0.));
#2744 = ORIENTED_EDGE('',*,*,#2745,.F.);
#2745 = EDGE_CURVE('',#1035,#2738,#2746,.T.);
#2746 = LINE('',#2747,#2748);
#2747 = CARTESIAN_POINT('',(-32.7,-11.4,0.));
#2748 = VECTOR('',#2749,1.);
#2749 = DIRECTION('',(-0.,-0.,-1.));
#2750 = ORIENTED_EDGE('',*,*,#1042,.F.);
#2751 = PLANE('',#2752);
#2752 = AXIS2_PLACEMENT_3D('',#2753,#2754,#2755);
#2753 = CARTESIAN_POINT('',(-32.7,-10.,0.));
#2754 = DIRECTION('',(-1.,0.,0.));
#2755 = DIRECTION('',(0.,-1.,0.));
#2756 = ADVANCED_FACE('',(#2757),#2775,.T.);
#2757 = FACE_BOUND('',#2758,.T.);
#2758 = EDGE_LOOP('',(#2759,#2760,#2768,#2774));
#2759 = ORIENTED_EDGE('',*,*,#2721,.T.);
#2760 = ORIENTED_EDGE('',*,*,#2761,.T.);
#2761 = EDGE_CURVE('',#2714,#2762,#2764,.T.);
#2762 = VERTEX_POINT('',#2763);
#2763 = CARTESIAN_POINT('',(31.65,-11.4,-2.2));
#2764 = LINE('',#2765,#2766);
#2765 = CARTESIAN_POINT('',(32.7,-11.4,-2.2));
#2766 = VECTOR('',#2767,1.);
#2767 = DIRECTION('',(-1.,0.,0.));
#2768 = ORIENTED_EDGE('',*,*,#2769,.F.);
#2769 = EDGE_CURVE('',#777,#2762,#2770,.T.);
#2770 = LINE('',#2771,#2772);
#2771 = CARTESIAN_POINT('',(31.65,-11.4,0.));
#2772 = VECTOR('',#2773,1.);
#2773 = DIRECTION('',(-0.,-0.,-1.));
#2774 = ORIENTED_EDGE('',*,*,#776,.F.);
#2775 = PLANE('',#2776);
#2776 = AXIS2_PLACEMENT_3D('',#2777,#2778,#2779);
#2777 = CARTESIAN_POINT('',(32.7,-11.4,0.));
#2778 = DIRECTION('',(0.,1.,0.));
#2779 = DIRECTION('',(-1.,0.,0.));
#2780 = ADVANCED_FACE('',(#2781),#2799,.F.);
#2781 = FACE_BOUND('',#2782,.F.);
#2782 = EDGE_LOOP('',(#2783,#2784,#2792,#2798));
#2783 = ORIENTED_EDGE('',*,*,#2745,.T.);
#2784 = ORIENTED_EDGE('',*,*,#2785,.T.);
#2785 = EDGE_CURVE('',#2738,#2786,#2788,.T.);
#2786 = VERTEX_POINT('',#2787);
#2787 = CARTESIAN_POINT('',(-31.65,-11.4,-2.2));
#2788 = LINE('',#2789,#2790);
#2789 = CARTESIAN_POINT('',(-32.7,-11.4,-2.2));
#2790 = VECTOR('',#2791,1.);
#2791 = DIRECTION('',(1.,0.,0.));
#2792 = ORIENTED_EDGE('',*,*,#2793,.F.);
#2793 = EDGE_CURVE('',#1027,#2786,#2794,.T.);
#2794 = LINE('',#2795,#2796);
#2795 = CARTESIAN_POINT('',(-31.65,-11.4,0.));
#2796 = VECTOR('',#2797,1.);
#2797 = DIRECTION('',(-0.,-0.,-1.));
#2798 = ORIENTED_EDGE('',*,*,#1034,.F.);
#2799 = PLANE('',#2800);
#2800 = AXIS2_PLACEMENT_3D('',#2801,#2802,#2803);
#2801 = CARTESIAN_POINT('',(-32.7,-11.4,0.));
#2802 = DIRECTION('',(0.,-1.,0.));
#2803 = DIRECTION('',(1.,0.,0.));
#2804 = ADVANCED_FACE('',(#2805),#2823,.T.);
#2805 = FACE_BOUND('',#2806,.T.);
#2806 = EDGE_LOOP('',(#2807,#2808,#2816,#2822));
#2807 = ORIENTED_EDGE('',*,*,#2769,.T.);
#2808 = ORIENTED_EDGE('',*,*,#2809,.T.);
#2809 = EDGE_CURVE('',#2762,#2810,#2812,.T.);
#2810 = VERTEX_POINT('',#2811);
#2811 = CARTESIAN_POINT('',(31.65,-17.6,-2.2));
#2812 = LINE('',#2813,#2814);
#2813 = CARTESIAN_POINT('',(31.65,-11.4,-2.2));
#2814 = VECTOR('',#2815,1.);
#2815 = DIRECTION('',(0.,-1.,0.));
#2816 = ORIENTED_EDGE('',*,*,#2817,.F.);
#2817 = EDGE_CURVE('',#785,#2810,#2818,.T.);
#2818 = LINE('',#2819,#2820);
#2819 = CARTESIAN_POINT('',(31.65,-17.6,0.));
#2820 = VECTOR('',#2821,1.);
#2821 = DIRECTION('',(-0.,-0.,-1.));
#2822 = ORIENTED_EDGE('',*,*,#784,.F.);
#2823 = PLANE('',#2824);
#2824 = AXIS2_PLACEMENT_3D('',#2825,#2826,#2827);
#2825 = CARTESIAN_POINT('',(31.65,-11.4,0.));
#2826 = DIRECTION('',(-1.,0.,0.));
#2827 = DIRECTION('',(0.,-1.,0.));
#2828 = ADVANCED_FACE('',(#2829),#2847,.F.);
#2829 = FACE_BOUND('',#2830,.F.);
#2830 = EDGE_LOOP('',(#2831,#2832,#2840,#2846));
#2831 = ORIENTED_EDGE('',*,*,#2793,.T.);
#2832 = ORIENTED_EDGE('',*,*,#2833,.T.);
#2833 = EDGE_CURVE('',#2786,#2834,#2836,.T.);
#2834 = VERTEX_POINT('',#2835);
#2835 = CARTESIAN_POINT('',(-31.65,-17.59999999999,-2.2));
#2836 = LINE('',#2837,#2838);
#2837 = CARTESIAN_POINT('',(-31.65,-11.4,-2.2));
#2838 = VECTOR('',#2839,1.);
#2839 = DIRECTION('',(0.,-1.,0.));
#2840 = ORIENTED_EDGE('',*,*,#2841,.F.);
#2841 = EDGE_CURVE('',#1019,#2834,#2842,.T.);
#2842 = LINE('',#2843,#2844);
#2843 = CARTESIAN_POINT('',(-31.65,-17.59999999999,0.));
#2844 = VECTOR('',#2845,1.);
#2845 = DIRECTION('',(-0.,-0.,-1.));
#2846 = ORIENTED_EDGE('',*,*,#1026,.F.);
#2847 = PLANE('',#2848);
#2848 = AXIS2_PLACEMENT_3D('',#2849,#2850,#2851);
#2849 = CARTESIAN_POINT('',(-31.65,-11.4,0.));
#2850 = DIRECTION('',(-1.,0.,0.));
#2851 = DIRECTION('',(0.,-1.,0.));
#2852 = ADVANCED_FACE('',(#2853),#2871,.T.);
#2853 = FACE_BOUND('',#2854,.T.);
#2854 = EDGE_LOOP('',(#2855,#2856,#2864,#2870));
#2855 = ORIENTED_EDGE('',*,*,#2817,.T.);
#2856 = ORIENTED_EDGE('',*,*,#2857,.T.);
#2857 = EDGE_CURVE('',#2810,#2858,#2860,.T.);
#2858 = VERTEX_POINT('',#2859);
#2859 = CARTESIAN_POINT('',(32.700000000003,-17.6,-2.2));
#2860 = LINE('',#2861,#2862);
#2861 = CARTESIAN_POINT('',(31.65,-17.6,-2.2));
#2862 = VECTOR('',#2863,1.);
#2863 = DIRECTION('',(1.,0.,0.));
#2864 = ORIENTED_EDGE('',*,*,#2865,.F.);
#2865 = EDGE_CURVE('',#793,#2858,#2866,.T.);
#2866 = LINE('',#2867,#2868);
#2867 = CARTESIAN_POINT('',(32.700000000003,-17.6,0.));
#2868 = VECTOR('',#2869,1.);
#2869 = DIRECTION('',(-0.,-0.,-1.));
#2870 = ORIENTED_EDGE('',*,*,#792,.F.);
#2871 = PLANE('',#2872);
#2872 = AXIS2_PLACEMENT_3D('',#2873,#2874,#2875);
#2873 = CARTESIAN_POINT('',(31.65,-17.6,0.));
#2874 = DIRECTION('',(0.,-1.,0.));
#2875 = DIRECTION('',(1.,0.,0.));
#2876 = ADVANCED_FACE('',(#2877),#2895,.F.);
#2877 = FACE_BOUND('',#2878,.F.);
#2878 = EDGE_LOOP('',(#2879,#2880,#2888,#2894));
#2879 = ORIENTED_EDGE('',*,*,#2841,.T.);
#2880 = ORIENTED_EDGE('',*,*,#2881,.T.);
#2881 = EDGE_CURVE('',#2834,#2882,#2884,.T.);
#2882 = VERTEX_POINT('',#2883);
#2883 = CARTESIAN_POINT('',(-32.7,-17.59999999999,-2.2));
#2884 = LINE('',#2885,#2886);
#2885 = CARTESIAN_POINT('',(-31.65,-17.59999999999,-2.2));
#2886 = VECTOR('',#2887,1.);
#2887 = DIRECTION('',(-1.,0.,0.));
#2888 = ORIENTED_EDGE('',*,*,#2889,.F.);
#2889 = EDGE_CURVE('',#1011,#2882,#2890,.T.);
#2890 = LINE('',#2891,#2892);
#2891 = CARTESIAN_POINT('',(-32.7,-17.59999999999,0.));
#2892 = VECTOR('',#2893,1.);
#2893 = DIRECTION('',(-0.,-0.,-1.));
#2894 = ORIENTED_EDGE('',*,*,#1018,.F.);
#2895 = PLANE('',#2896);
#2896 = AXIS2_PLACEMENT_3D('',#2897,#2898,#2899);
#2897 = CARTESIAN_POINT('',(-31.65,-17.59999999999,0.));
#2898 = DIRECTION('',(0.,1.,0.));
#2899 = DIRECTION('',(-1.,0.,0.));
#2900 = ADVANCED_FACE('',(#2901),#2919,.T.);
#2901 = FACE_BOUND('',#2902,.T.);
#2902 = EDGE_LOOP('',(#2903,#2904,#2912,#2918));
#2903 = ORIENTED_EDGE('',*,*,#2865,.T.);
#2904 = ORIENTED_EDGE('',*,*,#2905,.T.);
#2905 = EDGE_CURVE('',#2858,#2906,#2908,.T.);
#2906 = VERTEX_POINT('',#2907);
#2907 = CARTESIAN_POINT('',(32.700000000003,-19.3,-2.2));
#2908 = LINE('',#2909,#2910);
#2909 = CARTESIAN_POINT('',(32.700000000003,-17.6,-2.2));
#2910 = VECTOR('',#2911,1.);
#2911 = DIRECTION('',(0.,-1.,0.));
#2912 = ORIENTED_EDGE('',*,*,#2913,.F.);
#2913 = EDGE_CURVE('',#801,#2906,#2914,.T.);
#2914 = LINE('',#2915,#2916);
#2915 = CARTESIAN_POINT('',(32.700000000003,-19.3,0.));
#2916 = VECTOR('',#2917,1.);
#2917 = DIRECTION('',(-0.,-0.,-1.));
#2918 = ORIENTED_EDGE('',*,*,#800,.F.);
#2919 = PLANE('',#2920);
#2920 = AXIS2_PLACEMENT_3D('',#2921,#2922,#2923);
#2921 = CARTESIAN_POINT('',(32.700000000003,-17.6,0.));
#2922 = DIRECTION('',(-1.,0.,0.));
#2923 = DIRECTION('',(0.,-1.,0.));
#2924 = ADVANCED_FACE('',(#2925),#2943,.F.);
#2925 = FACE_BOUND('',#2926,.F.);
#2926 = EDGE_LOOP('',(#2927,#2928,#2936,#2942));
#2927 = ORIENTED_EDGE('',*,*,#2889,.T.);
#2928 = ORIENTED_EDGE('',*,*,#2929,.T.);
#2929 = EDGE_CURVE('',#2882,#2930,#2932,.T.);
#2930 = VERTEX_POINT('',#2931);
#2931 = CARTESIAN_POINT('',(-32.7,-19.29999999999,-2.2));
#2932 = LINE('',#2933,#2934);
#2933 = CARTESIAN_POINT('',(-32.7,-17.59999999999,-2.2));
#2934 = VECTOR('',#2935,1.);
#2935 = DIRECTION('',(0.,-1.,0.));
#2936 = ORIENTED_EDGE('',*,*,#2937,.F.);
#2937 = EDGE_CURVE('',#1003,#2930,#2938,.T.);
#2938 = LINE('',#2939,#2940);
#2939 = CARTESIAN_POINT('',(-32.7,-19.29999999999,0.));
#2940 = VECTOR('',#2941,1.);
#2941 = DIRECTION('',(-0.,-0.,-1.));
#2942 = ORIENTED_EDGE('',*,*,#1010,.F.);
#2943 = PLANE('',#2944);
#2944 = AXIS2_PLACEMENT_3D('',#2945,#2946,#2947);
#2945 = CARTESIAN_POINT('',(-32.7,-17.59999999999,0.));
#2946 = DIRECTION('',(-1.,0.,0.));
#2947 = DIRECTION('',(0.,-1.,0.));
#2948 = ADVANCED_FACE('',(#2949),#2967,.T.);
#2949 = FACE_BOUND('',#2950,.T.);
#2950 = EDGE_LOOP('',(#2951,#2952,#2960,#2966));
#2951 = ORIENTED_EDGE('',*,*,#2913,.T.);
#2952 = ORIENTED_EDGE('',*,*,#2953,.T.);
#2953 = EDGE_CURVE('',#2906,#2954,#2956,.T.);
#2954 = VERTEX_POINT('',#2955);
#2955 = CARTESIAN_POINT('',(31.650000000003,-19.3,-2.2));
#2956 = LINE('',#2957,#2958);
#2957 = CARTESIAN_POINT('',(32.700000000003,-19.3,-2.2));
#2958 = VECTOR('',#2959,1.);
#2959 = DIRECTION('',(-1.,0.,0.));
#2960 = ORIENTED_EDGE('',*,*,#2961,.F.);
#2961 = EDGE_CURVE('',#809,#2954,#2962,.T.);
#2962 = LINE('',#2963,#2964);
#2963 = CARTESIAN_POINT('',(31.650000000003,-19.3,0.));
#2964 = VECTOR('',#2965,1.);
#2965 = DIRECTION('',(-0.,-0.,-1.));
#2966 = ORIENTED_EDGE('',*,*,#808,.F.);
#2967 = PLANE('',#2968);
#2968 = AXIS2_PLACEMENT_3D('',#2969,#2970,#2971);
#2969 = CARTESIAN_POINT('',(32.700000000003,-19.3,0.));
#2970 = DIRECTION('',(0.,1.,0.));
#2971 = DIRECTION('',(-1.,0.,0.));
#2972 = ADVANCED_FACE('',(#2973),#2991,.F.);
#2973 = FACE_BOUND('',#2974,.F.);
#2974 = EDGE_LOOP('',(#2975,#2976,#2984,#2990));
#2975 = ORIENTED_EDGE('',*,*,#2937,.T.);
#2976 = ORIENTED_EDGE('',*,*,#2977,.T.);
#2977 = EDGE_CURVE('',#2930,#2978,#2980,.T.);
#2978 = VERTEX_POINT('',#2979);
#2979 = CARTESIAN_POINT('',(-31.64999999998,-19.29999999999,-2.2));
#2980 = LINE('',#2981,#2982);
#2981 = CARTESIAN_POINT('',(-32.7,-19.29999999999,-2.2));
#2982 = VECTOR('',#2983,1.);
#2983 = DIRECTION('',(1.,0.,0.));
#2984 = ORIENTED_EDGE('',*,*,#2985,.F.);
#2985 = EDGE_CURVE('',#995,#2978,#2986,.T.);
#2986 = LINE('',#2987,#2988);
#2987 = CARTESIAN_POINT('',(-31.64999999998,-19.29999999999,0.));
#2988 = VECTOR('',#2989,1.);
#2989 = DIRECTION('',(-0.,-0.,-1.));
#2990 = ORIENTED_EDGE('',*,*,#1002,.F.);
#2991 = PLANE('',#2992);
#2992 = AXIS2_PLACEMENT_3D('',#2993,#2994,#2995);
#2993 = CARTESIAN_POINT('',(-32.7,-19.29999999999,0.));
#2994 = DIRECTION('',(0.,-1.,0.));
#2995 = DIRECTION('',(1.,0.,0.));
#2996 = ADVANCED_FACE('',(#2997),#3015,.T.);
#2997 = FACE_BOUND('',#2998,.T.);
#2998 = EDGE_LOOP('',(#2999,#3000,#3008,#3014));
#2999 = ORIENTED_EDGE('',*,*,#2961,.T.);
#3000 = ORIENTED_EDGE('',*,*,#3001,.T.);
#3001 = EDGE_CURVE('',#2954,#3002,#3004,.T.);
#3002 = VERTEX_POINT('',#3003);
#3003 = CARTESIAN_POINT('',(31.650000000003,-25.5,-2.2));
#3004 = LINE('',#3005,#3006);
#3005 = CARTESIAN_POINT('',(31.650000000003,-19.3,-2.2));
#3006 = VECTOR('',#3007,1.);
#3007 = DIRECTION('',(0.,-1.,0.));
#3008 = ORIENTED_EDGE('',*,*,#3009,.F.);
#3009 = EDGE_CURVE('',#817,#3002,#3010,.T.);
#3010 = LINE('',#3011,#3012);
#3011 = CARTESIAN_POINT('',(31.650000000003,-25.5,0.));
#3012 = VECTOR('',#3013,1.);
#3013 = DIRECTION('',(-0.,-0.,-1.));
#3014 = ORIENTED_EDGE('',*,*,#816,.F.);
#3015 = PLANE('',#3016);
#3016 = AXIS2_PLACEMENT_3D('',#3017,#3018,#3019);
#3017 = CARTESIAN_POINT('',(31.650000000003,-19.3,0.));
#3018 = DIRECTION('',(-1.,0.,0.));
#3019 = DIRECTION('',(0.,-1.,0.));
#3020 = ADVANCED_FACE('',(#3021),#3039,.F.);
#3021 = FACE_BOUND('',#3022,.F.);
#3022 = EDGE_LOOP('',(#3023,#3024,#3032,#3038));
#3023 = ORIENTED_EDGE('',*,*,#2985,.T.);
#3024 = ORIENTED_EDGE('',*,*,#3025,.T.);
#3025 = EDGE_CURVE('',#2978,#3026,#3028,.T.);
#3026 = VERTEX_POINT('',#3027);
#3027 = CARTESIAN_POINT('',(-31.64999999998,-25.49999999999,-2.2));
#3028 = LINE('',#3029,#3030);
#3029 = CARTESIAN_POINT('',(-31.64999999998,-19.29999999999,-2.2));
#3030 = VECTOR('',#3031,1.);
#3031 = DIRECTION('',(0.,-1.,0.));
#3032 = ORIENTED_EDGE('',*,*,#3033,.F.);
#3033 = EDGE_CURVE('',#987,#3026,#3034,.T.);
#3034 = LINE('',#3035,#3036);
#3035 = CARTESIAN_POINT('',(-31.64999999998,-25.49999999999,0.));
#3036 = VECTOR('',#3037,1.);
#3037 = DIRECTION('',(-0.,-0.,-1.));
#3038 = ORIENTED_EDGE('',*,*,#994,.F.);
#3039 = PLANE('',#3040);
#3040 = AXIS2_PLACEMENT_3D('',#3041,#3042,#3043);
#3041 = CARTESIAN_POINT('',(-31.64999999998,-19.29999999999,0.));
#3042 = DIRECTION('',(-1.,0.,0.));
#3043 = DIRECTION('',(0.,-1.,0.));
#3044 = ADVANCED_FACE('',(#3045),#3063,.T.);
#3045 = FACE_BOUND('',#3046,.T.);
#3046 = EDGE_LOOP('',(#3047,#3048,#3056,#3062));
#3047 = ORIENTED_EDGE('',*,*,#3009,.T.);
#3048 = ORIENTED_EDGE('',*,*,#3049,.T.);
#3049 = EDGE_CURVE('',#3002,#3050,#3052,.T.);
#3050 = VERTEX_POINT('',#3051);
#3051 = CARTESIAN_POINT('',(32.700000000024,-25.5,-2.2));
#3052 = LINE('',#3053,#3054);
#3053 = CARTESIAN_POINT('',(31.650000000003,-25.5,-2.2));
#3054 = VECTOR('',#3055,1.);
#3055 = DIRECTION('',(1.,0.,0.));
#3056 = ORIENTED_EDGE('',*,*,#3057,.F.);
#3057 = EDGE_CURVE('',#825,#3050,#3058,.T.);
#3058 = LINE('',#3059,#3060);
#3059 = CARTESIAN_POINT('',(32.700000000024,-25.5,0.));
#3060 = VECTOR('',#3061,1.);
#3061 = DIRECTION('',(-0.,-0.,-1.));
#3062 = ORIENTED_EDGE('',*,*,#824,.F.);
#3063 = PLANE('',#3064);
#3064 = AXIS2_PLACEMENT_3D('',#3065,#3066,#3067);
#3065 = CARTESIAN_POINT('',(31.650000000003,-25.5,0.));
#3066 = DIRECTION('',(0.,-1.,0.));
#3067 = DIRECTION('',(1.,0.,0.));
#3068 = ADVANCED_FACE('',(#3069),#3087,.F.);
#3069 = FACE_BOUND('',#3070,.F.);
#3070 = EDGE_LOOP('',(#3071,#3072,#3080,#3086));
#3071 = ORIENTED_EDGE('',*,*,#3033,.T.);
#3072 = ORIENTED_EDGE('',*,*,#3073,.T.);
#3073 = EDGE_CURVE('',#3026,#3074,#3076,.T.);
#3074 = VERTEX_POINT('',#3075);
#3075 = CARTESIAN_POINT('',(-32.7,-25.49999999999,-2.2));
#3076 = LINE('',#3077,#3078);
#3077 = CARTESIAN_POINT('',(-31.64999999998,-25.49999999999,-2.2));
#3078 = VECTOR('',#3079,1.);
#3079 = DIRECTION('',(-1.,0.,0.));
#3080 = ORIENTED_EDGE('',*,*,#3081,.F.);
#3081 = EDGE_CURVE('',#979,#3074,#3082,.T.);
#3082 = LINE('',#3083,#3084);
#3083 = CARTESIAN_POINT('',(-32.7,-25.49999999999,0.));
#3084 = VECTOR('',#3085,1.);
#3085 = DIRECTION('',(-0.,-0.,-1.));
#3086 = ORIENTED_EDGE('',*,*,#986,.F.);
#3087 = PLANE('',#3088);
#3088 = AXIS2_PLACEMENT_3D('',#3089,#3090,#3091);
#3089 = CARTESIAN_POINT('',(-31.64999999998,-25.49999999999,0.));
#3090 = DIRECTION('',(0.,1.,0.));
#3091 = DIRECTION('',(-1.,0.,0.));
#3092 = ADVANCED_FACE('',(#3093),#3111,.T.);
#3093 = FACE_BOUND('',#3094,.T.);
#3094 = EDGE_LOOP('',(#3095,#3096,#3104,#3110));
#3095 = ORIENTED_EDGE('',*,*,#3057,.T.);
#3096 = ORIENTED_EDGE('',*,*,#3097,.T.);
#3097 = EDGE_CURVE('',#3050,#3098,#3100,.T.);
#3098 = VERTEX_POINT('',#3099);
#3099 = CARTESIAN_POINT('',(32.700000000024,-27.20000000003,-2.2));
#3100 = LINE('',#3101,#3102);
#3101 = CARTESIAN_POINT('',(32.700000000024,-25.5,-2.2));
#3102 = VECTOR('',#3103,1.);
#3103 = DIRECTION('',(0.,-1.,0.));
#3104 = ORIENTED_EDGE('',*,*,#3105,.F.);
#3105 = EDGE_CURVE('',#833,#3098,#3106,.T.);
#3106 = LINE('',#3107,#3108);
#3107 = CARTESIAN_POINT('',(32.700000000024,-27.20000000003,0.));
#3108 = VECTOR('',#3109,1.);
#3109 = DIRECTION('',(-0.,-0.,-1.));
#3110 = ORIENTED_EDGE('',*,*,#832,.F.);
#3111 = PLANE('',#3112);
#3112 = AXIS2_PLACEMENT_3D('',#3113,#3114,#3115);
#3113 = CARTESIAN_POINT('',(32.700000000024,-25.5,0.));
#3114 = DIRECTION('',(-1.,0.,0.));
#3115 = DIRECTION('',(0.,-1.,0.));
#3116 = ADVANCED_FACE('',(#3117),#3135,.F.);
#3117 = FACE_BOUND('',#3118,.F.);
#3118 = EDGE_LOOP('',(#3119,#3120,#3128,#3134));
#3119 = ORIENTED_EDGE('',*,*,#3081,.T.);
#3120 = ORIENTED_EDGE('',*,*,#3121,.T.);
#3121 = EDGE_CURVE('',#3074,#3122,#3124,.T.);
#3122 = VERTEX_POINT('',#3123);
#3123 = CARTESIAN_POINT('',(-32.7,-27.19999999995,-2.2));
#3124 = LINE('',#3125,#3126);
#3125 = CARTESIAN_POINT('',(-32.7,-25.49999999999,-2.2));
#3126 = VECTOR('',#3127,1.);
#3127 = DIRECTION('',(0.,-1.,0.));
#3128 = ORIENTED_EDGE('',*,*,#3129,.F.);
#3129 = EDGE_CURVE('',#971,#3122,#3130,.T.);
#3130 = LINE('',#3131,#3132);
#3131 = CARTESIAN_POINT('',(-32.7,-27.19999999995,0.));
#3132 = VECTOR('',#3133,1.);
#3133 = DIRECTION('',(-0.,-0.,-1.));
#3134 = ORIENTED_EDGE('',*,*,#978,.F.);
#3135 = PLANE('',#3136);
#3136 = AXIS2_PLACEMENT_3D('',#3137,#3138,#3139);
#3137 = CARTESIAN_POINT('',(-32.7,-25.49999999999,0.));
#3138 = DIRECTION('',(-1.,0.,0.));
#3139 = DIRECTION('',(0.,-1.,0.));
#3140 = ADVANCED_FACE('',(#3141),#3159,.T.);
#3141 = FACE_BOUND('',#3142,.T.);
#3142 = EDGE_LOOP('',(#3143,#3144,#3152,#3158));
#3143 = ORIENTED_EDGE('',*,*,#3105,.T.);
#3144 = ORIENTED_EDGE('',*,*,#3145,.T.);
#3145 = EDGE_CURVE('',#3098,#3146,#3148,.T.);
#3146 = VERTEX_POINT('',#3147);
#3147 = CARTESIAN_POINT('',(31.650000000024,-27.20000000003,-2.2));
#3148 = LINE('',#3149,#3150);
#3149 = CARTESIAN_POINT('',(32.700000000024,-27.20000000003,-2.2));
#3150 = VECTOR('',#3151,1.);
#3151 = DIRECTION('',(-1.,0.,0.));
#3152 = ORIENTED_EDGE('',*,*,#3153,.F.);
#3153 = EDGE_CURVE('',#841,#3146,#3154,.T.);
#3154 = LINE('',#3155,#3156);
#3155 = CARTESIAN_POINT('',(31.650000000024,-27.20000000003,0.));
#3156 = VECTOR('',#3157,1.);
#3157 = DIRECTION('',(-0.,-0.,-1.));
#3158 = ORIENTED_EDGE('',*,*,#840,.F.);
#3159 = PLANE('',#3160);
#3160 = AXIS2_PLACEMENT_3D('',#3161,#3162,#3163);
#3161 = CARTESIAN_POINT('',(32.700000000024,-27.20000000003,0.));
#3162 = DIRECTION('',(0.,1.,0.));
#3163 = DIRECTION('',(-1.,0.,0.));
#3164 = ADVANCED_FACE('',(#3165),#3183,.F.);
#3165 = FACE_BOUND('',#3166,.F.);
#3166 = EDGE_LOOP('',(#3167,#3168,#3176,#3182));
#3167 = ORIENTED_EDGE('',*,*,#3129,.T.);
#3168 = ORIENTED_EDGE('',*,*,#3169,.T.);
#3169 = EDGE_CURVE('',#3122,#3170,#3172,.T.);
#3170 = VERTEX_POINT('',#3171);
#3171 = CARTESIAN_POINT('',(-31.65,-27.19999999995,-2.2));
#3172 = LINE('',#3173,#3174);
#3173 = CARTESIAN_POINT('',(-32.7,-27.19999999995,-2.2));
#3174 = VECTOR('',#3175,1.);
#3175 = DIRECTION('',(1.,0.,0.));
#3176 = ORIENTED_EDGE('',*,*,#3177,.F.);
#3177 = EDGE_CURVE('',#963,#3170,#3178,.T.);
#3178 = LINE('',#3179,#3180);
#3179 = CARTESIAN_POINT('',(-31.65,-27.19999999995,0.));
#3180 = VECTOR('',#3181,1.);
#3181 = DIRECTION('',(-0.,-0.,-1.));
#3182 = ORIENTED_EDGE('',*,*,#970,.F.);
#3183 = PLANE('',#3184);
#3184 = AXIS2_PLACEMENT_3D('',#3185,#3186,#3187);
#3185 = CARTESIAN_POINT('',(-32.7,-27.19999999995,0.));
#3186 = DIRECTION('',(0.,-1.,0.));
#3187 = DIRECTION('',(1.,0.,0.));
#3188 = ADVANCED_FACE('',(#3189),#3207,.T.);
#3189 = FACE_BOUND('',#3190,.T.);
#3190 = EDGE_LOOP('',(#3191,#3192,#3200,#3206));
#3191 = ORIENTED_EDGE('',*,*,#3153,.T.);
#3192 = ORIENTED_EDGE('',*,*,#3193,.T.);
#3193 = EDGE_CURVE('',#3146,#3194,#3196,.T.);
#3194 = VERTEX_POINT('',#3195);
#3195 = CARTESIAN_POINT('',(31.650000000024,-33.40000000003,-2.2));
#3196 = LINE('',#3197,#3198);
#3197 = CARTESIAN_POINT('',(31.650000000024,-27.20000000003,-2.2));
#3198 = VECTOR('',#3199,1.);
#3199 = DIRECTION('',(0.,-1.,0.));
#3200 = ORIENTED_EDGE('',*,*,#3201,.F.);
#3201 = EDGE_CURVE('',#849,#3194,#3202,.T.);
#3202 = LINE('',#3203,#3204);
#3203 = CARTESIAN_POINT('',(31.650000000024,-33.40000000003,0.));
#3204 = VECTOR('',#3205,1.);
#3205 = DIRECTION('',(-0.,-0.,-1.));
#3206 = ORIENTED_EDGE('',*,*,#848,.F.);
#3207 = PLANE('',#3208);
#3208 = AXIS2_PLACEMENT_3D('',#3209,#3210,#3211);
#3209 = CARTESIAN_POINT('',(31.650000000024,-27.20000000003,0.));
#3210 = DIRECTION('',(-1.,0.,0.));
#3211 = DIRECTION('',(0.,-1.,0.));
#3212 = ADVANCED_FACE('',(#3213),#3231,.F.);
#3213 = FACE_BOUND('',#3214,.F.);
#3214 = EDGE_LOOP('',(#3215,#3216,#3224,#3230));
#3215 = ORIENTED_EDGE('',*,*,#3177,.T.);
#3216 = ORIENTED_EDGE('',*,*,#3217,.T.);
#3217 = EDGE_CURVE('',#3170,#3218,#3220,.T.);
#3218 = VERTEX_POINT('',#3219);
#3219 = CARTESIAN_POINT('',(-31.65,-33.39999999994,-2.2));
#3220 = LINE('',#3221,#3222);
#3221 = CARTESIAN_POINT('',(-31.65,-27.19999999995,-2.2));
#3222 = VECTOR('',#3223,1.);
#3223 = DIRECTION('',(0.,-1.,0.));
#3224 = ORIENTED_EDGE('',*,*,#3225,.F.);
#3225 = EDGE_CURVE('',#955,#3218,#3226,.T.);
#3226 = LINE('',#3227,#3228);
#3227 = CARTESIAN_POINT('',(-31.65,-33.39999999994,0.));
#3228 = VECTOR('',#3229,1.);
#3229 = DIRECTION('',(-0.,-0.,-1.));
#3230 = ORIENTED_EDGE('',*,*,#962,.F.);
#3231 = PLANE('',#3232);
#3232 = AXIS2_PLACEMENT_3D('',#3233,#3234,#3235);
#3233 = CARTESIAN_POINT('',(-31.65,-27.19999999995,0.));
#3234 = DIRECTION('',(-1.,0.,0.));
#3235 = DIRECTION('',(0.,-1.,0.));
#3236 = ADVANCED_FACE('',(#3237),#3255,.T.);
#3237 = FACE_BOUND('',#3238,.T.);
#3238 = EDGE_LOOP('',(#3239,#3240,#3248,#3254));
#3239 = ORIENTED_EDGE('',*,*,#3201,.T.);
#3240 = ORIENTED_EDGE('',*,*,#3241,.T.);
#3241 = EDGE_CURVE('',#3194,#3242,#3244,.T.);
#3242 = VERTEX_POINT('',#3243);
#3243 = CARTESIAN_POINT('',(32.700000000023,-33.40000000003,-2.2));
#3244 = LINE('',#3245,#3246);
#3245 = CARTESIAN_POINT('',(31.650000000024,-33.40000000003,-2.2));
#3246 = VECTOR('',#3247,1.);
#3247 = DIRECTION('',(1.,0.,0.));
#3248 = ORIENTED_EDGE('',*,*,#3249,.F.);
#3249 = EDGE_CURVE('',#857,#3242,#3250,.T.);
#3250 = LINE('',#3251,#3252);
#3251 = CARTESIAN_POINT('',(32.700000000023,-33.40000000003,0.));
#3252 = VECTOR('',#3253,1.);
#3253 = DIRECTION('',(-0.,-0.,-1.));
#3254 = ORIENTED_EDGE('',*,*,#856,.F.);
#3255 = PLANE('',#3256);
#3256 = AXIS2_PLACEMENT_3D('',#3257,#3258,#3259);
#3257 = CARTESIAN_POINT('',(31.650000000024,-33.40000000003,0.));
#3258 = DIRECTION('',(0.,-1.,0.));
#3259 = DIRECTION('',(1.,0.,0.));
#3260 = ADVANCED_FACE('',(#3261),#3279,.F.);
#3261 = FACE_BOUND('',#3262,.F.);
#3262 = EDGE_LOOP('',(#3263,#3264,#3272,#3278));
#3263 = ORIENTED_EDGE('',*,*,#3225,.T.);
#3264 = ORIENTED_EDGE('',*,*,#3265,.T.);
#3265 = EDGE_CURVE('',#3218,#3266,#3268,.T.);
#3266 = VERTEX_POINT('',#3267);
#3267 = CARTESIAN_POINT('',(-32.7,-33.39999999994,-2.2));
#3268 = LINE('',#3269,#3270);
#3269 = CARTESIAN_POINT('',(-31.65,-33.39999999994,-2.2));
#3270 = VECTOR('',#3271,1.);
#3271 = DIRECTION('',(-1.,0.,0.));
#3272 = ORIENTED_EDGE('',*,*,#3273,.F.);
#3273 = EDGE_CURVE('',#947,#3266,#3274,.T.);
#3274 = LINE('',#3275,#3276);
#3275 = CARTESIAN_POINT('',(-32.7,-33.39999999994,0.));
#3276 = VECTOR('',#3277,1.);
#3277 = DIRECTION('',(-0.,-0.,-1.));
#3278 = ORIENTED_EDGE('',*,*,#954,.F.);
#3279 = PLANE('',#3280);
#3280 = AXIS2_PLACEMENT_3D('',#3281,#3282,#3283);
#3281 = CARTESIAN_POINT('',(-31.65,-33.39999999994,0.));
#3282 = DIRECTION('',(0.,1.,0.));
#3283 = DIRECTION('',(-1.,0.,0.));
#3284 = ADVANCED_FACE('',(#3285),#3303,.T.);
#3285 = FACE_BOUND('',#3286,.T.);
#3286 = EDGE_LOOP('',(#3287,#3288,#3296,#3302));
#3287 = ORIENTED_EDGE('',*,*,#3249,.T.);
#3288 = ORIENTED_EDGE('',*,*,#3289,.T.);
#3289 = EDGE_CURVE('',#3242,#3290,#3292,.T.);
#3290 = VERTEX_POINT('',#3291);
#3291 = CARTESIAN_POINT('',(32.700000000023,-35.10000000003,-2.2));
#3292 = LINE('',#3293,#3294);
#3293 = CARTESIAN_POINT('',(32.700000000023,-33.40000000003,-2.2));
#3294 = VECTOR('',#3295,1.);
#3295 = DIRECTION('',(0.,-1.,0.));
#3296 = ORIENTED_EDGE('',*,*,#3297,.F.);
#3297 = EDGE_CURVE('',#865,#3290,#3298,.T.);
#3298 = LINE('',#3299,#3300);
#3299 = CARTESIAN_POINT('',(32.700000000023,-35.10000000003,0.));
#3300 = VECTOR('',#3301,1.);
#3301 = DIRECTION('',(-0.,-0.,-1.));
#3302 = ORIENTED_EDGE('',*,*,#864,.F.);
#3303 = PLANE('',#3304);
#3304 = AXIS2_PLACEMENT_3D('',#3305,#3306,#3307);
#3305 = CARTESIAN_POINT('',(32.700000000023,-33.40000000003,0.));
#3306 = DIRECTION('',(-1.,0.,0.));
#3307 = DIRECTION('',(0.,-1.,0.));
#3308 = ADVANCED_FACE('',(#3309),#3327,.F.);
#3309 = FACE_BOUND('',#3310,.F.);
#3310 = EDGE_LOOP('',(#3311,#3312,#3320,#3326));
#3311 = ORIENTED_EDGE('',*,*,#3273,.T.);
#3312 = ORIENTED_EDGE('',*,*,#3313,.T.);
#3313 = EDGE_CURVE('',#3266,#3314,#3316,.T.);
#3314 = VERTEX_POINT('',#3315);
#3315 = CARTESIAN_POINT('',(-32.7,-35.09999999986,-2.2));
#3316 = LINE('',#3317,#3318);
#3317 = CARTESIAN_POINT('',(-32.7,-33.39999999994,-2.2));
#3318 = VECTOR('',#3319,1.);
#3319 = DIRECTION('',(0.,-1.,0.));
#3320 = ORIENTED_EDGE('',*,*,#3321,.F.);
#3321 = EDGE_CURVE('',#939,#3314,#3322,.T.);
#3322 = LINE('',#3323,#3324);
#3323 = CARTESIAN_POINT('',(-32.7,-35.09999999986,0.));
#3324 = VECTOR('',#3325,1.);
#3325 = DIRECTION('',(-0.,-0.,-1.));
#3326 = ORIENTED_EDGE('',*,*,#946,.F.);
#3327 = PLANE('',#3328);
#3328 = AXIS2_PLACEMENT_3D('',#3329,#3330,#3331);
#3329 = CARTESIAN_POINT('',(-32.7,-33.39999999994,0.));
#3330 = DIRECTION('',(-1.,0.,0.));
#3331 = DIRECTION('',(0.,-1.,0.));
#3332 = ADVANCED_FACE('',(#3333),#3367,.F.);
#3333 = FACE_BOUND('',#3334,.F.);
#3334 = EDGE_LOOP('',(#3335,#3336,#3344,#3352,#3360,#3366));
#3335 = ORIENTED_EDGE('',*,*,#872,.T.);
#3336 = ORIENTED_EDGE('',*,*,#3337,.T.);
#3337 = EDGE_CURVE('',#873,#3338,#3340,.T.);
#3338 = VERTEX_POINT('',#3339);
#3339 = CARTESIAN_POINT('',(25.750000000002,-35.10000000003,-0.6));
#3340 = LINE('',#3341,#3342);
#3341 = CARTESIAN_POINT('',(25.750000000002,-35.10000000003,0.));
#3342 = VECTOR('',#3343,1.);
#3343 = DIRECTION('',(-0.,-0.,-1.));
#3344 = ORIENTED_EDGE('',*,*,#3345,.F.);
#3345 = EDGE_CURVE('',#3346,#3338,#3348,.T.);
#3346 = VERTEX_POINT('',#3347);
#3347 = CARTESIAN_POINT('',(30.1,-35.10000000003,-0.6));
#3348 = LINE('',#3349,#3350);
#3349 = CARTESIAN_POINT('',(14.510650612187,-35.10000000003,-0.6));
#3350 = VECTOR('',#3351,1.);
#3351 = DIRECTION('',(-1.,0.,0.));
#3352 = ORIENTED_EDGE('',*,*,#3353,.T.);
#3353 = EDGE_CURVE('',#3346,#3354,#3356,.T.);
#3354 = VERTEX_POINT('',#3355);
#3355 = CARTESIAN_POINT('',(30.1,-35.10000000003,-2.2));
#3356 = LINE('',#3357,#3358);
#3357 = CARTESIAN_POINT('',(30.1,-35.10000000003,-1.65));
#3358 = VECTOR('',#3359,1.);
#3359 = DIRECTION('',(0.,0.,-1.));
#3360 = ORIENTED_EDGE('',*,*,#3361,.F.);
#3361 = EDGE_CURVE('',#3290,#3354,#3362,.T.);
#3362 = LINE('',#3363,#3364);
#3363 = CARTESIAN_POINT('',(32.700000000023,-35.10000000003,-2.2));
#3364 = VECTOR('',#3365,1.);
#3365 = DIRECTION('',(-1.,0.,0.));
#3366 = ORIENTED_EDGE('',*,*,#3297,.F.);
#3367 = PLANE('',#3368);
#3368 = AXIS2_PLACEMENT_3D('',#3369,#3370,#3371);
#3369 = CARTESIAN_POINT('',(29.225000000013,-35.10000000003,-1.1));
#3370 = DIRECTION('',(-0.,-1.,-0.));
#3371 = DIRECTION('',(0.,0.,-1.));
#3372 = ADVANCED_FACE('',(#3373),#3407,.F.);
#3373 = FACE_BOUND('',#3374,.F.);
#3374 = EDGE_LOOP('',(#3375,#3376,#3377,#3385,#3393,#3401));
#3375 = ORIENTED_EDGE('',*,*,#938,.F.);
#3376 = ORIENTED_EDGE('',*,*,#3321,.T.);
#3377 = ORIENTED_EDGE('',*,*,#3378,.T.);
#3378 = EDGE_CURVE('',#3314,#3379,#3381,.T.);
#3379 = VERTEX_POINT('',#3380);
#3380 = CARTESIAN_POINT('',(-30.59130487601,-35.09999999986,-2.2));
#3381 = LINE('',#3382,#3383);
#3382 = CARTESIAN_POINT('',(-31.65000000002,-35.09999999986,-2.2));
#3383 = VECTOR('',#3384,1.);
#3384 = DIRECTION('',(1.,0.,0.));
#3385 = ORIENTED_EDGE('',*,*,#3386,.F.);
#3386 = EDGE_CURVE('',#3387,#3379,#3389,.T.);
#3387 = VERTEX_POINT('',#3388);
#3388 = CARTESIAN_POINT('',(-30.59130487601,-35.09999999986,-0.6));
#3389 = LINE('',#3390,#3391);
#3390 = CARTESIAN_POINT('',(-30.59130487601,-35.09999999986,-1.65));
#3391 = VECTOR('',#3392,1.);
#3392 = DIRECTION('',(0.,0.,-1.));
#3393 = ORIENTED_EDGE('',*,*,#3394,.F.);
#3394 = EDGE_CURVE('',#3395,#3387,#3397,.T.);
#3395 = VERTEX_POINT('',#3396);
#3396 = CARTESIAN_POINT('',(-25.75000000002,-35.09999999986,-0.6));
#3397 = LINE('',#3398,#3399);
#3398 = CARTESIAN_POINT('',(-14.71434938782,-35.09999999986,-0.6));
#3399 = VECTOR('',#3400,1.);
#3400 = DIRECTION('',(-1.,3.052964247206E-16,0.));
#3401 = ORIENTED_EDGE('',*,*,#3402,.F.);
#3402 = EDGE_CURVE('',#930,#3395,#3403,.T.);
#3403 = LINE('',#3404,#3405);
#3404 = CARTESIAN_POINT('',(-25.75000000002,-35.09999999986,0.));
#3405 = VECTOR('',#3406,1.);
#3406 = DIRECTION('',(-0.,-0.,-1.));
#3407 = PLANE('',#3408);
#3408 = AXIS2_PLACEMENT_3D('',#3409,#3410,#3411);
#3409 = CARTESIAN_POINT('',(-29.22500000001,-35.09999999986,-1.1));
#3410 = DIRECTION('',(-3.052964247206E-16,-1.,-0.));
#3411 = DIRECTION('',(-1.,3.052964247206E-16,0.));
#3412 = ADVANCED_FACE('',(#3413),#3432,.F.);
#3413 = FACE_BOUND('',#3414,.F.);
#3414 = EDGE_LOOP('',(#3415,#3416,#3424,#3431));
#3415 = ORIENTED_EDGE('',*,*,#880,.F.);
#3416 = ORIENTED_EDGE('',*,*,#3417,.T.);
#3417 = EDGE_CURVE('',#881,#3418,#3420,.T.);
#3418 = VERTEX_POINT('',#3419);
#3419 = CARTESIAN_POINT('',(21.013298775153,-40.52595798465,-0.6));
#3420 = LINE('',#3421,#3422);
#3421 = CARTESIAN_POINT('',(21.013298775153,-40.52595798465,0.));
#3422 = VECTOR('',#3423,1.);
#3423 = DIRECTION('',(-0.,-0.,-1.));
#3424 = ORIENTED_EDGE('',*,*,#3425,.T.);
#3425 = EDGE_CURVE('',#3418,#3338,#3426,.T.);
#3426 = CIRCLE('',#3427,5.05);
#3427 = AXIS2_PLACEMENT_3D('',#3428,#3429,#3430);
#3428 = CARTESIAN_POINT('',(20.714681433023,-35.4847946583,-0.6));
#3429 = DIRECTION('',(0.,0.,1.));
#3430 = DIRECTION('',(1.,0.,0.));
#3431 = ORIENTED_EDGE('',*,*,#3337,.F.);
#3432 = CYLINDRICAL_SURFACE('',#3433,5.05);
#3433 = AXIS2_PLACEMENT_3D('',#3434,#3435,#3436);
#3434 = CARTESIAN_POINT('',(20.714681433023,-35.4847946583,0.));
#3435 = DIRECTION('',(0.,0.,1.));
#3436 = DIRECTION('',(1.,0.,0.));
#3437 = ADVANCED_FACE('',(#3438),#3457,.F.);
#3438 = FACE_BOUND('',#3439,.F.);
#3439 = EDGE_LOOP('',(#3440,#3441,#3442,#3451));
#3440 = ORIENTED_EDGE('',*,*,#929,.F.);
#3441 = ORIENTED_EDGE('',*,*,#3402,.T.);
#3442 = ORIENTED_EDGE('',*,*,#3443,.T.);
#3443 = EDGE_CURVE('',#3395,#3444,#3446,.T.);
#3444 = VERTEX_POINT('',#3445);
#3445 = CARTESIAN_POINT('',(-21.01329877517,-40.52595798449,-0.6));
#3446 = CIRCLE('',#3447,5.05);
#3447 = AXIS2_PLACEMENT_3D('',#3448,#3449,#3450);
#3448 = CARTESIAN_POINT('',(-20.71468143304,-35.48479465813,-0.6));
#3449 = DIRECTION('',(0.,0.,1.));
#3450 = DIRECTION('',(1.,0.,0.));
#3451 = ORIENTED_EDGE('',*,*,#3452,.F.);
#3452 = EDGE_CURVE('',#922,#3444,#3453,.T.);
#3453 = LINE('',#3454,#3455);
#3454 = CARTESIAN_POINT('',(-21.01329877517,-40.52595798449,0.));
#3455 = VECTOR('',#3456,1.);
#3456 = DIRECTION('',(-0.,-0.,-1.));
#3457 = CYLINDRICAL_SURFACE('',#3458,5.05);
#3458 = AXIS2_PLACEMENT_3D('',#3459,#3460,#3461);
#3459 = CARTESIAN_POINT('',(-20.71468143304,-35.48479465813,0.));
#3460 = DIRECTION('',(0.,0.,1.));
#3461 = DIRECTION('',(1.,0.,0.));
#3462 = ADVANCED_FACE('',(#3463),#3481,.T.);
#3463 = FACE_BOUND('',#3464,.T.);
#3464 = EDGE_LOOP('',(#3465,#3466,#3467,#3475));
#3465 = ORIENTED_EDGE('',*,*,#889,.F.);
#3466 = ORIENTED_EDGE('',*,*,#3417,.T.);
#3467 = ORIENTED_EDGE('',*,*,#3468,.F.);
#3468 = EDGE_CURVE('',#3469,#3418,#3471,.T.);
#3469 = VERTEX_POINT('',#3470);
#3470 = CARTESIAN_POINT('',(11.338589477194,-41.22595798465,-0.6));
#3471 = LINE('',#3472,#3473);
#3472 = CARTESIAN_POINT('',(10.405111869424,-41.29349844559,-0.6));
#3473 = VECTOR('',#3474,1.);
#3474 = DIRECTION('',(0.99739271113,7.216494845361E-02,0.));
#3475 = ORIENTED_EDGE('',*,*,#3476,.F.);
#3476 = EDGE_CURVE('',#890,#3469,#3477,.T.);
#3477 = LINE('',#3478,#3479);
#3478 = CARTESIAN_POINT('',(11.338589477194,-41.22595798465,0.));
#3479 = VECTOR('',#3480,1.);
#3480 = DIRECTION('',(-0.,-0.,-1.));
#3481 = PLANE('',#3482);
#3482 = AXIS2_PLACEMENT_3D('',#3483,#3484,#3485);
#3483 = CARTESIAN_POINT('',(21.013298775153,-40.52595798465,0.));
#3484 = DIRECTION('',(-7.216494845361E-02,0.99739271113,0.));
#3485 = DIRECTION('',(-0.99739271113,-7.216494845361E-02,0.));
#3486 = ADVANCED_FACE('',(#3487),#3505,.F.);
#3487 = FACE_BOUND('',#3488,.F.);
#3488 = EDGE_LOOP('',(#3489,#3490,#3491,#3499));
#3489 = ORIENTED_EDGE('',*,*,#921,.F.);
#3490 = ORIENTED_EDGE('',*,*,#3452,.T.);
#3491 = ORIENTED_EDGE('',*,*,#3492,.F.);
#3492 = EDGE_CURVE('',#3493,#3444,#3495,.T.);
#3493 = VERTEX_POINT('',#3494);
#3494 = CARTESIAN_POINT('',(-11.33858947721,-41.22595798449,-0.6));
#3495 = LINE('',#3496,#3497);
#3496 = CARTESIAN_POINT('',(-10.6077498267,-41.2788368607,-0.6));
#3497 = VECTOR('',#3498,1.);
#3498 = DIRECTION('',(-0.99739271113,7.216494845361E-02,0.));
#3499 = ORIENTED_EDGE('',*,*,#3500,.F.);
#3500 = EDGE_CURVE('',#914,#3493,#3501,.T.);
#3501 = LINE('',#3502,#3503);
#3502 = CARTESIAN_POINT('',(-11.33858947721,-41.22595798449,0.));
#3503 = VECTOR('',#3504,1.);
#3504 = DIRECTION('',(-0.,-0.,-1.));
#3505 = PLANE('',#3506);
#3506 = AXIS2_PLACEMENT_3D('',#3507,#3508,#3509);
#3507 = CARTESIAN_POINT('',(-21.01329877517,-40.52595798449,0.));
#3508 = DIRECTION('',(-7.216494845361E-02,-0.99739271113,0.));
#3509 = DIRECTION('',(0.99739271113,-7.216494845361E-02,0.));
#3510 = ADVANCED_FACE('',(#3511),#3529,.T.);
#3511 = FACE_BOUND('',#3512,.T.);
#3512 = EDGE_LOOP('',(#3513,#3514,#3515,#3523));
#3513 = ORIENTED_EDGE('',*,*,#897,.F.);
#3514 = ORIENTED_EDGE('',*,*,#3476,.T.);
#3515 = ORIENTED_EDGE('',*,*,#3516,.F.);
#3516 = EDGE_CURVE('',#3517,#3469,#3519,.T.);
#3517 = VERTEX_POINT('',#3518);
#3518 = CARTESIAN_POINT('',(2.8,-41.57595798465,-0.6));
#3519 = LINE('',#3520,#3521);
#3520 = CARTESIAN_POINT('',(5.560215780014,-41.46281569978,-0.6));
#3521 = VECTOR('',#3522,1.);
#3522 = DIRECTION('',(0.999160951691,4.095598389239E-02,0.));
#3523 = ORIENTED_EDGE('',*,*,#3524,.F.);
#3524 = EDGE_CURVE('',#898,#3517,#3525,.T.);
#3525 = LINE('',#3526,#3527);
#3526 = CARTESIAN_POINT('',(2.8,-41.57595798465,0.));
#3527 = VECTOR('',#3528,1.);
#3528 = DIRECTION('',(-0.,-0.,-1.));
#3529 = PLANE('',#3530);
#3530 = AXIS2_PLACEMENT_3D('',#3531,#3532,#3533);
#3531 = CARTESIAN_POINT('',(11.338589477194,-41.22595798465,0.));
#3532 = DIRECTION('',(-4.095598389239E-02,0.999160951691,0.));
#3533 = DIRECTION('',(-0.999160951691,-4.095598389239E-02,0.));
#3534 = ADVANCED_FACE('',(#3535),#3553,.F.);
#3535 = FACE_BOUND('',#3536,.F.);
#3536 = EDGE_LOOP('',(#3537,#3538,#3539,#3547));
#3537 = ORIENTED_EDGE('',*,*,#913,.F.);
#3538 = ORIENTED_EDGE('',*,*,#3500,.T.);
#3539 = ORIENTED_EDGE('',*,*,#3540,.F.);
#3540 = EDGE_CURVE('',#3541,#3493,#3543,.T.);
#3541 = VERTEX_POINT('',#3542);
#3542 = CARTESIAN_POINT('',(-2.8,-41.57595798465,-0.6));
#3543 = LINE('',#3544,#3545);
#3544 = CARTESIAN_POINT('',(-5.76357287284,-41.45448001587,-0.6));
#3545 = VECTOR('',#3546,1.);
#3546 = DIRECTION('',(-0.99916095169,4.095598391172E-02,0.));
#3547 = ORIENTED_EDGE('',*,*,#3548,.F.);
#3548 = EDGE_CURVE('',#906,#3541,#3549,.T.);
#3549 = LINE('',#3550,#3551);
#3550 = CARTESIAN_POINT('',(-2.8,-41.57595798465,0.));
#3551 = VECTOR('',#3552,1.);
#3552 = DIRECTION('',(-0.,-0.,-1.));
#3553 = PLANE('',#3554);
#3554 = AXIS2_PLACEMENT_3D('',#3555,#3556,#3557);
#3555 = CARTESIAN_POINT('',(-11.33858947721,-41.22595798449,0.));
#3556 = DIRECTION('',(-4.095598391172E-02,-0.99916095169,0.));
#3557 = DIRECTION('',(0.99916095169,-4.095598391172E-02,0.));
#3558 = ADVANCED_FACE('',(#3559),#3570,.F.);
#3559 = FACE_BOUND('',#3560,.F.);
#3560 = EDGE_LOOP('',(#3561,#3562,#3563,#3569));
#3561 = ORIENTED_EDGE('',*,*,#905,.F.);
#3562 = ORIENTED_EDGE('',*,*,#3548,.T.);
#3563 = ORIENTED_EDGE('',*,*,#3564,.F.);
#3564 = EDGE_CURVE('',#3517,#3541,#3565,.T.);
#3565 = LINE('',#3566,#3567);
#3566 = CARTESIAN_POINT('',(-1.50184938782,-41.57595798465,-0.6));
#3567 = VECTOR('',#3568,1.);
#3568 = DIRECTION('',(-1.,0.,0.));
#3569 = ORIENTED_EDGE('',*,*,#3524,.F.);
#3570 = PLANE('',#3571);
#3571 = AXIS2_PLACEMENT_3D('',#3572,#3573,#3574);
#3572 = CARTESIAN_POINT('',(-2.8,-41.57595798465,0.));
#3573 = DIRECTION('',(0.,-1.,0.));
#3574 = DIRECTION('',(1.,0.,0.));
#3575 = ADVANCED_FACE('',(#3576),#3601,.F.);
#3576 = FACE_BOUND('',#3577,.F.);
#3577 = EDGE_LOOP('',(#3578,#3579,#3587,#3595));
#3578 = ORIENTED_EDGE('',*,*,#1050,.F.);
#3579 = ORIENTED_EDGE('',*,*,#3580,.T.);
#3580 = EDGE_CURVE('',#1051,#3581,#3583,.T.);
#3581 = VERTEX_POINT('',#3582);
#3582 = CARTESIAN_POINT('',(-28.05,36.,-0.6));
#3583 = LINE('',#3584,#3585);
#3584 = CARTESIAN_POINT('',(-28.05,36.,0.));
#3585 = VECTOR('',#3586,1.);
#3586 = DIRECTION('',(-0.,-0.,-1.));
#3587 = ORIENTED_EDGE('',*,*,#3588,.F.);
#3588 = EDGE_CURVE('',#3589,#3581,#3591,.T.);
#3589 = VERTEX_POINT('',#3590);
#3590 = CARTESIAN_POINT('',(-28.05,-5.,-0.6));
#3591 = LINE('',#3592,#3593);
#3592 = CARTESIAN_POINT('',(-28.05,25.75,-0.6));
#3593 = VECTOR('',#3594,1.);
#3594 = DIRECTION('',(0.,1.,0.));
#3595 = ORIENTED_EDGE('',*,*,#3596,.F.);
#3596 = EDGE_CURVE('',#1053,#3589,#3597,.T.);
#3597 = LINE('',#3598,#3599);
#3598 = CARTESIAN_POINT('',(-28.05,-5.,0.));
#3599 = VECTOR('',#3600,1.);
#3600 = DIRECTION('',(-0.,-0.,-1.));
#3601 = PLANE('',#3602);
#3602 = AXIS2_PLACEMENT_3D('',#3603,#3604,#3605);
#3603 = CARTESIAN_POINT('',(-28.05,36.,0.));
#3604 = DIRECTION('',(-1.,0.,0.));
#3605 = DIRECTION('',(0.,-1.,0.));
#3606 = ADVANCED_FACE('',(#3607),#3626,.F.);
#3607 = FACE_BOUND('',#3608,.F.);
#3608 = EDGE_LOOP('',(#3609,#3610,#3618,#3625));
#3609 = ORIENTED_EDGE('',*,*,#1060,.F.);
#3610 = ORIENTED_EDGE('',*,*,#3611,.T.);
#3611 = EDGE_CURVE('',#1061,#3612,#3614,.T.);
#3612 = VERTEX_POINT('',#3613);
#3613 = CARTESIAN_POINT('',(-27.7,36.35,-0.6));
#3614 = LINE('',#3615,#3616);
#3615 = CARTESIAN_POINT('',(-27.7,36.35,0.));
#3616 = VECTOR('',#3617,1.);
#3617 = DIRECTION('',(-0.,-0.,-1.));
#3618 = ORIENTED_EDGE('',*,*,#3619,.T.);
#3619 = EDGE_CURVE('',#3612,#3581,#3620,.T.);
#3620 = CIRCLE('',#3621,0.35);
#3621 = AXIS2_PLACEMENT_3D('',#3622,#3623,#3624);
#3622 = CARTESIAN_POINT('',(-27.7,36.,-0.6));
#3623 = DIRECTION('',(0.,0.,1.));
#3624 = DIRECTION('',(1.,0.,0.));
#3625 = ORIENTED_EDGE('',*,*,#3580,.F.);
#3626 = CYLINDRICAL_SURFACE('',#3627,0.35);
#3627 = AXIS2_PLACEMENT_3D('',#3628,#3629,#3630);
#3628 = CARTESIAN_POINT('',(-27.7,36.,0.));
#3629 = DIRECTION('',(0.,0.,1.));
#3630 = DIRECTION('',(1.,0.,0.));
#3631 = ADVANCED_FACE('',(#3632),#3651,.F.);
#3632 = FACE_BOUND('',#3633,.F.);
#3633 = EDGE_LOOP('',(#3634,#3635,#3636,#3645));
#3634 = ORIENTED_EDGE('',*,*,#1111,.F.);
#3635 = ORIENTED_EDGE('',*,*,#3596,.T.);
#3636 = ORIENTED_EDGE('',*,*,#3637,.T.);
#3637 = EDGE_CURVE('',#3589,#3638,#3640,.T.);
#3638 = VERTEX_POINT('',#3639);
#3639 = CARTESIAN_POINT('',(-27.7,-5.35,-0.6));
#3640 = CIRCLE('',#3641,0.35);
#3641 = AXIS2_PLACEMENT_3D('',#3642,#3643,#3644);
#3642 = CARTESIAN_POINT('',(-27.7,-5.,-0.6));
#3643 = DIRECTION('',(0.,0.,1.));
#3644 = DIRECTION('',(1.,0.,0.));
#3645 = ORIENTED_EDGE('',*,*,#3646,.F.);
#3646 = EDGE_CURVE('',#1104,#3638,#3647,.T.);
#3647 = LINE('',#3648,#3649);
#3648 = CARTESIAN_POINT('',(-27.7,-5.35,0.));
#3649 = VECTOR('',#3650,1.);
#3650 = DIRECTION('',(-0.,-0.,-1.));
#3651 = CYLINDRICAL_SURFACE('',#3652,0.35);
#3652 = AXIS2_PLACEMENT_3D('',#3653,#3654,#3655);
#3653 = CARTESIAN_POINT('',(-27.7,-5.,0.));
#3654 = DIRECTION('',(0.,0.,1.));
#3655 = DIRECTION('',(1.,0.,0.));
#3656 = ADVANCED_FACE('',(#3657),#3675,.F.);
#3657 = FACE_BOUND('',#3658,.F.);
#3658 = EDGE_LOOP('',(#3659,#3660,#3668,#3674));
#3659 = ORIENTED_EDGE('',*,*,#1069,.F.);
#3660 = ORIENTED_EDGE('',*,*,#3661,.T.);
#3661 = EDGE_CURVE('',#1070,#3662,#3664,.T.);
#3662 = VERTEX_POINT('',#3663);
#3663 = CARTESIAN_POINT('',(24.9,36.35,-0.6));
#3664 = LINE('',#3665,#3666);
#3665 = CARTESIAN_POINT('',(24.9,36.35,0.));
#3666 = VECTOR('',#3667,1.);
#3667 = DIRECTION('',(-0.,-0.,-1.));
#3668 = ORIENTED_EDGE('',*,*,#3669,.F.);
#3669 = EDGE_CURVE('',#3612,#3662,#3670,.T.);
#3670 = LINE('',#3671,#3672);
#3671 = CARTESIAN_POINT('',(13.125,36.35,-0.6));
#3672 = VECTOR('',#3673,1.);
#3673 = DIRECTION('',(1.,0.,0.));
#3674 = ORIENTED_EDGE('',*,*,#3611,.F.);
#3675 = PLANE('',#3676);
#3676 = AXIS2_PLACEMENT_3D('',#3677,#3678,#3679);
#3677 = CARTESIAN_POINT('',(24.9,36.35,0.));
#3678 = DIRECTION('',(0.,1.,0.));
#3679 = DIRECTION('',(-1.,0.,0.));
#3680 = ADVANCED_FACE('',(#3681),#3699,.F.);
#3681 = FACE_BOUND('',#3682,.F.);
#3682 = EDGE_LOOP('',(#3683,#3684,#3685,#3693));
#3683 = ORIENTED_EDGE('',*,*,#1103,.F.);
#3684 = ORIENTED_EDGE('',*,*,#3646,.T.);
#3685 = ORIENTED_EDGE('',*,*,#3686,.F.);
#3686 = EDGE_CURVE('',#3687,#3638,#3689,.T.);
#3687 = VERTEX_POINT('',#3688);
#3688 = CARTESIAN_POINT('',(24.9,-5.35,-0.6));
#3689 = LINE('',#3690,#3691);
#3690 = CARTESIAN_POINT('',(-13.175,-5.35,-0.6));
#3691 = VECTOR('',#3692,1.);
#3692 = DIRECTION('',(-1.,0.,0.));
#3693 = ORIENTED_EDGE('',*,*,#3694,.F.);
#3694 = EDGE_CURVE('',#1095,#3687,#3695,.T.);
#3695 = LINE('',#3696,#3697);
#3696 = CARTESIAN_POINT('',(24.9,-5.35,0.));
#3697 = VECTOR('',#3698,1.);
#3698 = DIRECTION('',(-0.,-0.,-1.));
#3699 = PLANE('',#3700);
#3700 = AXIS2_PLACEMENT_3D('',#3701,#3702,#3703);
#3701 = CARTESIAN_POINT('',(-27.7,-5.35,0.));
#3702 = DIRECTION('',(0.,-1.,0.));
#3703 = DIRECTION('',(1.,0.,0.));
#3704 = ADVANCED_FACE('',(#3705),#3724,.F.);
#3705 = FACE_BOUND('',#3706,.F.);
#3706 = EDGE_LOOP('',(#3707,#3708,#3716,#3723));
#3707 = ORIENTED_EDGE('',*,*,#1077,.F.);
#3708 = ORIENTED_EDGE('',*,*,#3709,.T.);
#3709 = EDGE_CURVE('',#1078,#3710,#3712,.T.);
#3710 = VERTEX_POINT('',#3711);
#3711 = CARTESIAN_POINT('',(25.25,36.,-0.6));
#3712 = LINE('',#3713,#3714);
#3713 = CARTESIAN_POINT('',(25.25,36.,0.));
#3714 = VECTOR('',#3715,1.);
#3715 = DIRECTION('',(-0.,-0.,-1.));
#3716 = ORIENTED_EDGE('',*,*,#3717,.T.);
#3717 = EDGE_CURVE('',#3710,#3662,#3718,.T.);
#3718 = CIRCLE('',#3719,0.35);
#3719 = AXIS2_PLACEMENT_3D('',#3720,#3721,#3722);
#3720 = CARTESIAN_POINT('',(24.9,36.,-0.6));
#3721 = DIRECTION('',(0.,0.,1.));
#3722 = DIRECTION('',(1.,0.,0.));
#3723 = ORIENTED_EDGE('',*,*,#3661,.F.);
#3724 = CYLINDRICAL_SURFACE('',#3725,0.35);
#3725 = AXIS2_PLACEMENT_3D('',#3726,#3727,#3728);
#3726 = CARTESIAN_POINT('',(24.9,36.,0.));
#3727 = DIRECTION('',(0.,0.,1.));
#3728 = DIRECTION('',(1.,0.,0.));
#3729 = ADVANCED_FACE('',(#3730),#3749,.F.);
#3730 = FACE_BOUND('',#3731,.F.);
#3731 = EDGE_LOOP('',(#3732,#3733,#3734,#3743));
#3732 = ORIENTED_EDGE('',*,*,#1094,.F.);
#3733 = ORIENTED_EDGE('',*,*,#3694,.T.);
#3734 = ORIENTED_EDGE('',*,*,#3735,.T.);
#3735 = EDGE_CURVE('',#3687,#3736,#3738,.T.);
#3736 = VERTEX_POINT('',#3737);
#3737 = CARTESIAN_POINT('',(25.25,-5.,-0.6));
#3738 = CIRCLE('',#3739,0.35);
#3739 = AXIS2_PLACEMENT_3D('',#3740,#3741,#3742);
#3740 = CARTESIAN_POINT('',(24.9,-5.,-0.6));
#3741 = DIRECTION('',(0.,0.,1.));
#3742 = DIRECTION('',(1.,0.,0.));
#3743 = ORIENTED_EDGE('',*,*,#3744,.F.);
#3744 = EDGE_CURVE('',#1087,#3736,#3745,.T.);
#3745 = LINE('',#3746,#3747);
#3746 = CARTESIAN_POINT('',(25.25,-5.,0.));
#3747 = VECTOR('',#3748,1.);
#3748 = DIRECTION('',(-0.,-0.,-1.));
#3749 = CYLINDRICAL_SURFACE('',#3750,0.35);
#3750 = AXIS2_PLACEMENT_3D('',#3751,#3752,#3753);
#3751 = CARTESIAN_POINT('',(24.9,-5.,0.));
#3752 = DIRECTION('',(0.,0.,1.));
#3753 = DIRECTION('',(1.,0.,0.));
#3754 = ADVANCED_FACE('',(#3755),#3766,.F.);
#3755 = FACE_BOUND('',#3756,.F.);
#3756 = EDGE_LOOP('',(#3757,#3758,#3759,#3765));
#3757 = ORIENTED_EDGE('',*,*,#1086,.F.);
#3758 = ORIENTED_EDGE('',*,*,#3744,.T.);
#3759 = ORIENTED_EDGE('',*,*,#3760,.F.);
#3760 = EDGE_CURVE('',#3710,#3736,#3761,.T.);
#3761 = LINE('',#3762,#3763);
#3762 = CARTESIAN_POINT('',(25.25,5.25,-0.6));
#3763 = VECTOR('',#3764,1.);
#3764 = DIRECTION('',(0.,-1.,0.));
#3765 = ORIENTED_EDGE('',*,*,#3709,.F.);
#3766 = PLANE('',#3767);
#3767 = AXIS2_PLACEMENT_3D('',#3768,#3769,#3770);
#3768 = CARTESIAN_POINT('',(25.25,-5.,0.));
#3769 = DIRECTION('',(1.,0.,0.));
#3770 = DIRECTION('',(0.,1.,0.));
#3771 = ADVANCED_FACE('',(#3772),#3797,.F.);
#3772 = FACE_BOUND('',#3773,.F.);
#3773 = EDGE_LOOP('',(#3774,#3782,#3790,#3796));
#3774 = ORIENTED_EDGE('',*,*,#3775,.T.);
#3775 = EDGE_CURVE('',#1121,#3776,#3778,.T.);
#3776 = VERTEX_POINT('',#3777);
#3777 = CARTESIAN_POINT('',(-22.3,42.45,-1.1));
#3778 = LINE('',#3779,#3780);
#3779 = CARTESIAN_POINT('',(-22.3,42.45,0.));
#3780 = VECTOR('',#3781,1.);
#3781 = DIRECTION('',(-0.,-0.,-1.));
#3782 = ORIENTED_EDGE('',*,*,#3783,.T.);
#3783 = EDGE_CURVE('',#3776,#3784,#3786,.T.);
#3784 = VERTEX_POINT('',#3785);
#3785 = CARTESIAN_POINT('',(-22.3,39.25,-1.1));
#3786 = LINE('',#3787,#3788);
#3787 = CARTESIAN_POINT('',(-22.3,42.45,-1.1));
#3788 = VECTOR('',#3789,1.);
#3789 = DIRECTION('',(0.,-1.,0.));
#3790 = ORIENTED_EDGE('',*,*,#3791,.F.);
#3791 = EDGE_CURVE('',#1123,#3784,#3792,.T.);
#3792 = LINE('',#3793,#3794);
#3793 = CARTESIAN_POINT('',(-22.3,39.25,0.));
#3794 = VECTOR('',#3795,1.);
#3795 = DIRECTION('',(-0.,-0.,-1.));
#3796 = ORIENTED_EDGE('',*,*,#1120,.F.);
#3797 = PLANE('',#3798);
#3798 = AXIS2_PLACEMENT_3D('',#3799,#3800,#3801);
#3799 = CARTESIAN_POINT('',(-22.3,42.45,0.));
#3800 = DIRECTION('',(-1.,0.,0.));
#3801 = DIRECTION('',(0.,-1.,0.));
#3802 = ADVANCED_FACE('',(#3803),#3822,.F.);
#3803 = FACE_BOUND('',#3804,.F.);
#3804 = EDGE_LOOP('',(#3805,#3806,#3815,#3821));
#3805 = ORIENTED_EDGE('',*,*,#3791,.T.);
#3806 = ORIENTED_EDGE('',*,*,#3807,.T.);
#3807 = EDGE_CURVE('',#3784,#3808,#3810,.T.);
#3808 = VERTEX_POINT('',#3809);
#3809 = CARTESIAN_POINT('',(-21.9,38.85,-1.1));
#3810 = CIRCLE('',#3811,0.4);
#3811 = AXIS2_PLACEMENT_3D('',#3812,#3813,#3814);
#3812 = CARTESIAN_POINT('',(-21.9,39.25,-1.1));
#3813 = DIRECTION('',(0.,0.,1.));
#3814 = DIRECTION('',(1.,0.,0.));
#3815 = ORIENTED_EDGE('',*,*,#3816,.F.);
#3816 = EDGE_CURVE('',#1174,#3808,#3817,.T.);
#3817 = LINE('',#3818,#3819);
#3818 = CARTESIAN_POINT('',(-21.9,38.85,0.));
#3819 = VECTOR('',#3820,1.);
#3820 = DIRECTION('',(-0.,-0.,-1.));
#3821 = ORIENTED_EDGE('',*,*,#1181,.F.);
#3822 = CYLINDRICAL_SURFACE('',#3823,0.4);
#3823 = AXIS2_PLACEMENT_3D('',#3824,#3825,#3826);
#3824 = CARTESIAN_POINT('',(-21.9,39.25,0.));
#3825 = DIRECTION('',(0.,0.,1.));
#3826 = DIRECTION('',(1.,0.,0.));
#3827 = ADVANCED_FACE('',(#3828),#3846,.F.);
#3828 = FACE_BOUND('',#3829,.F.);
#3829 = EDGE_LOOP('',(#3830,#3831,#3839,#3845));
#3830 = ORIENTED_EDGE('',*,*,#3816,.T.);
#3831 = ORIENTED_EDGE('',*,*,#3832,.T.);
#3832 = EDGE_CURVE('',#3808,#3833,#3835,.T.);
#3833 = VERTEX_POINT('',#3834);
#3834 = CARTESIAN_POINT('',(-21.5,38.85,-1.1));
#3835 = LINE('',#3836,#3837);
#3836 = CARTESIAN_POINT('',(-21.9,38.85,-1.1));
#3837 = VECTOR('',#3838,1.);
#3838 = DIRECTION('',(1.,0.,0.));
#3839 = ORIENTED_EDGE('',*,*,#3840,.F.);
#3840 = EDGE_CURVE('',#1165,#3833,#3841,.T.);
#3841 = LINE('',#3842,#3843);
#3842 = CARTESIAN_POINT('',(-21.5,38.85,0.));
#3843 = VECTOR('',#3844,1.);
#3844 = DIRECTION('',(-0.,-0.,-1.));
#3845 = ORIENTED_EDGE('',*,*,#1173,.F.);
#3846 = PLANE('',#3847);
#3847 = AXIS2_PLACEMENT_3D('',#3848,#3849,#3850);
#3848 = CARTESIAN_POINT('',(-21.9,38.85,0.));
#3849 = DIRECTION('',(0.,-1.,0.));
#3850 = DIRECTION('',(1.,0.,0.));
#3851 = ADVANCED_FACE('',(#3852),#3871,.F.);
#3852 = FACE_BOUND('',#3853,.F.);
#3853 = EDGE_LOOP('',(#3854,#3855,#3864,#3870));
#3854 = ORIENTED_EDGE('',*,*,#3840,.T.);
#3855 = ORIENTED_EDGE('',*,*,#3856,.T.);
#3856 = EDGE_CURVE('',#3833,#3857,#3859,.T.);
#3857 = VERTEX_POINT('',#3858);
#3858 = CARTESIAN_POINT('',(-21.1,39.25,-1.1));
#3859 = CIRCLE('',#3860,0.4);
#3860 = AXIS2_PLACEMENT_3D('',#3861,#3862,#3863);
#3861 = CARTESIAN_POINT('',(-21.5,39.25,-1.1));
#3862 = DIRECTION('',(0.,0.,1.));
#3863 = DIRECTION('',(1.,0.,0.));
#3864 = ORIENTED_EDGE('',*,*,#3865,.F.);
#3865 = EDGE_CURVE('',#1157,#3857,#3866,.T.);
#3866 = LINE('',#3867,#3868);
#3867 = CARTESIAN_POINT('',(-21.1,39.25,0.));
#3868 = VECTOR('',#3869,1.);
#3869 = DIRECTION('',(-0.,-0.,-1.));
#3870 = ORIENTED_EDGE('',*,*,#1164,.F.);
#3871 = CYLINDRICAL_SURFACE('',#3872,0.4);
#3872 = AXIS2_PLACEMENT_3D('',#3873,#3874,#3875);
#3873 = CARTESIAN_POINT('',(-21.5,39.25,0.));
#3874 = DIRECTION('',(0.,0.,1.));
#3875 = DIRECTION('',(1.,0.,0.));
#3876 = ADVANCED_FACE('',(#3877),#3895,.F.);
#3877 = FACE_BOUND('',#3878,.F.);
#3878 = EDGE_LOOP('',(#3879,#3880,#3888,#3894));
#3879 = ORIENTED_EDGE('',*,*,#3865,.T.);
#3880 = ORIENTED_EDGE('',*,*,#3881,.T.);
#3881 = EDGE_CURVE('',#3857,#3882,#3884,.T.);
#3882 = VERTEX_POINT('',#3883);
#3883 = CARTESIAN_POINT('',(-21.1,42.45,-1.1));
#3884 = LINE('',#3885,#3886);
#3885 = CARTESIAN_POINT('',(-21.1,39.25,-1.1));
#3886 = VECTOR('',#3887,1.);
#3887 = DIRECTION('',(0.,1.,0.));
#3888 = ORIENTED_EDGE('',*,*,#3889,.F.);
#3889 = EDGE_CURVE('',#1148,#3882,#3890,.T.);
#3890 = LINE('',#3891,#3892);
#3891 = CARTESIAN_POINT('',(-21.1,42.45,0.));
#3892 = VECTOR('',#3893,1.);
#3893 = DIRECTION('',(-0.,-0.,-1.));
#3894 = ORIENTED_EDGE('',*,*,#1156,.F.);
#3895 = PLANE('',#3896);
#3896 = AXIS2_PLACEMENT_3D('',#3897,#3898,#3899);
#3897 = CARTESIAN_POINT('',(-21.1,39.25,0.));
#3898 = DIRECTION('',(1.,0.,0.));
#3899 = DIRECTION('',(0.,1.,0.));
#3900 = ADVANCED_FACE('',(#3901),#3920,.F.);
#3901 = FACE_BOUND('',#3902,.F.);
#3902 = EDGE_LOOP('',(#3903,#3904,#3913,#3919));
#3903 = ORIENTED_EDGE('',*,*,#3889,.T.);
#3904 = ORIENTED_EDGE('',*,*,#3905,.T.);
#3905 = EDGE_CURVE('',#3882,#3906,#3908,.T.);
#3906 = VERTEX_POINT('',#3907);
#3907 = CARTESIAN_POINT('',(-21.5,42.85,-1.1));
#3908 = CIRCLE('',#3909,0.4);
#3909 = AXIS2_PLACEMENT_3D('',#3910,#3911,#3912);
#3910 = CARTESIAN_POINT('',(-21.5,42.45,-1.1));
#3911 = DIRECTION('',(0.,0.,1.));
#3912 = DIRECTION('',(1.,0.,0.));
#3913 = ORIENTED_EDGE('',*,*,#3914,.F.);
#3914 = EDGE_CURVE('',#1140,#3906,#3915,.T.);
#3915 = LINE('',#3916,#3917);
#3916 = CARTESIAN_POINT('',(-21.5,42.85,0.));
#3917 = VECTOR('',#3918,1.);
#3918 = DIRECTION('',(-0.,-0.,-1.));
#3919 = ORIENTED_EDGE('',*,*,#1147,.F.);
#3920 = CYLINDRICAL_SURFACE('',#3921,0.4);
#3921 = AXIS2_PLACEMENT_3D('',#3922,#3923,#3924);
#3922 = CARTESIAN_POINT('',(-21.5,42.45,0.));
#3923 = DIRECTION('',(0.,0.,1.));
#3924 = DIRECTION('',(1.,0.,0.));
#3925 = ADVANCED_FACE('',(#3926),#3944,.F.);
#3926 = FACE_BOUND('',#3927,.F.);
#3927 = EDGE_LOOP('',(#3928,#3929,#3937,#3943));
#3928 = ORIENTED_EDGE('',*,*,#3914,.T.);
#3929 = ORIENTED_EDGE('',*,*,#3930,.T.);
#3930 = EDGE_CURVE('',#3906,#3931,#3933,.T.);
#3931 = VERTEX_POINT('',#3932);
#3932 = CARTESIAN_POINT('',(-21.9,42.85,-1.1));
#3933 = LINE('',#3934,#3935);
#3934 = CARTESIAN_POINT('',(-21.5,42.85,-1.1));
#3935 = VECTOR('',#3936,1.);
#3936 = DIRECTION('',(-1.,0.,0.));
#3937 = ORIENTED_EDGE('',*,*,#3938,.F.);
#3938 = EDGE_CURVE('',#1131,#3931,#3939,.T.);
#3939 = LINE('',#3940,#3941);
#3940 = CARTESIAN_POINT('',(-21.9,42.85,0.));
#3941 = VECTOR('',#3942,1.);
#3942 = DIRECTION('',(-0.,-0.,-1.));
#3943 = ORIENTED_EDGE('',*,*,#1139,.F.);
#3944 = PLANE('',#3945);
#3945 = AXIS2_PLACEMENT_3D('',#3946,#3947,#3948);
#3946 = CARTESIAN_POINT('',(-21.5,42.85,0.));
#3947 = DIRECTION('',(0.,1.,0.));
#3948 = DIRECTION('',(-1.,0.,0.));
#3949 = ADVANCED_FACE('',(#3950),#3962,.F.);
#3950 = FACE_BOUND('',#3951,.F.);
#3951 = EDGE_LOOP('',(#3952,#3953,#3960,#3961));
#3952 = ORIENTED_EDGE('',*,*,#3938,.T.);
#3953 = ORIENTED_EDGE('',*,*,#3954,.T.);
#3954 = EDGE_CURVE('',#3931,#3776,#3955,.T.);
#3955 = CIRCLE('',#3956,0.4);
#3956 = AXIS2_PLACEMENT_3D('',#3957,#3958,#3959);
#3957 = CARTESIAN_POINT('',(-21.9,42.45,-1.1));
#3958 = DIRECTION('',(0.,0.,1.));
#3959 = DIRECTION('',(1.,0.,0.));
#3960 = ORIENTED_EDGE('',*,*,#3775,.F.);
#3961 = ORIENTED_EDGE('',*,*,#1130,.F.);
#3962 = CYLINDRICAL_SURFACE('',#3963,0.4);
#3963 = AXIS2_PLACEMENT_3D('',#3964,#3965,#3966);
#3964 = CARTESIAN_POINT('',(-21.9,42.45,0.));
#3965 = DIRECTION('',(0.,0.,1.));
#3966 = DIRECTION('',(1.,0.,0.));
#3967 = ADVANCED_FACE('',(#3968),#3993,.F.);
#3968 = FACE_BOUND('',#3969,.F.);
#3969 = EDGE_LOOP('',(#3970,#3978,#3986,#3992));
#3970 = ORIENTED_EDGE('',*,*,#3971,.T.);
#3971 = EDGE_CURVE('',#1191,#3972,#3974,.T.);
#3972 = VERTEX_POINT('',#3973);
#3973 = CARTESIAN_POINT('',(-19.1,44.35,-1.1));
#3974 = LINE('',#3975,#3976);
#3975 = CARTESIAN_POINT('',(-19.1,44.35,0.));
#3976 = VECTOR('',#3977,1.);
#3977 = DIRECTION('',(-0.,-0.,-1.));
#3978 = ORIENTED_EDGE('',*,*,#3979,.T.);
#3979 = EDGE_CURVE('',#3972,#3980,#3982,.T.);
#3980 = VERTEX_POINT('',#3981);
#3981 = CARTESIAN_POINT('',(-19.1,39.35,-1.1));
#3982 = LINE('',#3983,#3984);
#3983 = CARTESIAN_POINT('',(-19.1,44.35,-1.1));
#3984 = VECTOR('',#3985,1.);
#3985 = DIRECTION('',(0.,-1.,0.));
#3986 = ORIENTED_EDGE('',*,*,#3987,.F.);
#3987 = EDGE_CURVE('',#1193,#3980,#3988,.T.);
#3988 = LINE('',#3989,#3990);
#3989 = CARTESIAN_POINT('',(-19.1,39.35,0.));
#3990 = VECTOR('',#3991,1.);
#3991 = DIRECTION('',(-0.,-0.,-1.));
#3992 = ORIENTED_EDGE('',*,*,#1190,.F.);
#3993 = PLANE('',#3994);
#3994 = AXIS2_PLACEMENT_3D('',#3995,#3996,#3997);
#3995 = CARTESIAN_POINT('',(-19.1,44.35,0.));
#3996 = DIRECTION('',(-1.,0.,0.));
#3997 = DIRECTION('',(0.,-1.,0.));
#3998 = ADVANCED_FACE('',(#3999),#4018,.F.);
#3999 = FACE_BOUND('',#4000,.F.);
#4000 = EDGE_LOOP('',(#4001,#4002,#4011,#4017));
#4001 = ORIENTED_EDGE('',*,*,#3987,.T.);
#4002 = ORIENTED_EDGE('',*,*,#4003,.T.);
#4003 = EDGE_CURVE('',#3980,#4004,#4006,.T.);
#4004 = VERTEX_POINT('',#4005);
#4005 = CARTESIAN_POINT('',(-18.6,38.85,-1.1));
#4006 = CIRCLE('',#4007,0.5);
#4007 = AXIS2_PLACEMENT_3D('',#4008,#4009,#4010);
#4008 = CARTESIAN_POINT('',(-18.6,39.35,-1.1));
#4009 = DIRECTION('',(0.,0.,1.));
#4010 = DIRECTION('',(1.,0.,0.));
#4011 = ORIENTED_EDGE('',*,*,#4012,.F.);
#4012 = EDGE_CURVE('',#1244,#4004,#4013,.T.);
#4013 = LINE('',#4014,#4015);
#4014 = CARTESIAN_POINT('',(-18.6,38.85,0.));
#4015 = VECTOR('',#4016,1.);
#4016 = DIRECTION('',(-0.,-0.,-1.));
#4017 = ORIENTED_EDGE('',*,*,#1251,.F.);
#4018 = CYLINDRICAL_SURFACE('',#4019,0.5);
#4019 = AXIS2_PLACEMENT_3D('',#4020,#4021,#4022);
#4020 = CARTESIAN_POINT('',(-18.6,39.35,0.));
#4021 = DIRECTION('',(0.,0.,1.));
#4022 = DIRECTION('',(1.,0.,0.));
#4023 = ADVANCED_FACE('',(#4024),#4042,.F.);
#4024 = FACE_BOUND('',#4025,.F.);
#4025 = EDGE_LOOP('',(#4026,#4027,#4035,#4041));
#4026 = ORIENTED_EDGE('',*,*,#4012,.T.);
#4027 = ORIENTED_EDGE('',*,*,#4028,.T.);
#4028 = EDGE_CURVE('',#4004,#4029,#4031,.T.);
#4029 = VERTEX_POINT('',#4030);
#4030 = CARTESIAN_POINT('',(-18.2,38.85,-1.1));
#4031 = LINE('',#4032,#4033);
#4032 = CARTESIAN_POINT('',(-18.6,38.85,-1.1));
#4033 = VECTOR('',#4034,1.);
#4034 = DIRECTION('',(1.,0.,0.));
#4035 = ORIENTED_EDGE('',*,*,#4036,.F.);
#4036 = EDGE_CURVE('',#1235,#4029,#4037,.T.);
#4037 = LINE('',#4038,#4039);
#4038 = CARTESIAN_POINT('',(-18.2,38.85,0.));
#4039 = VECTOR('',#4040,1.);
#4040 = DIRECTION('',(-0.,-0.,-1.));
#4041 = ORIENTED_EDGE('',*,*,#1243,.F.);
#4042 = PLANE('',#4043);
#4043 = AXIS2_PLACEMENT_3D('',#4044,#4045,#4046);
#4044 = CARTESIAN_POINT('',(-18.6,38.85,0.));
#4045 = DIRECTION('',(0.,-1.,0.));
#4046 = DIRECTION('',(1.,0.,0.));
#4047 = ADVANCED_FACE('',(#4048),#4067,.F.);
#4048 = FACE_BOUND('',#4049,.F.);
#4049 = EDGE_LOOP('',(#4050,#4051,#4060,#4066));
#4050 = ORIENTED_EDGE('',*,*,#4036,.T.);
#4051 = ORIENTED_EDGE('',*,*,#4052,.T.);
#4052 = EDGE_CURVE('',#4029,#4053,#4055,.T.);
#4053 = VERTEX_POINT('',#4054);
#4054 = CARTESIAN_POINT('',(-17.7,39.35,-1.1));
#4055 = CIRCLE('',#4056,0.5);
#4056 = AXIS2_PLACEMENT_3D('',#4057,#4058,#4059);
#4057 = CARTESIAN_POINT('',(-18.2,39.35,-1.1));
#4058 = DIRECTION('',(0.,0.,1.));
#4059 = DIRECTION('',(1.,0.,0.));
#4060 = ORIENTED_EDGE('',*,*,#4061,.F.);
#4061 = EDGE_CURVE('',#1227,#4053,#4062,.T.);
#4062 = LINE('',#4063,#4064);
#4063 = CARTESIAN_POINT('',(-17.7,39.35,0.));
#4064 = VECTOR('',#4065,1.);
#4065 = DIRECTION('',(-0.,-0.,-1.));
#4066 = ORIENTED_EDGE('',*,*,#1234,.F.);
#4067 = CYLINDRICAL_SURFACE('',#4068,0.5);
#4068 = AXIS2_PLACEMENT_3D('',#4069,#4070,#4071);
#4069 = CARTESIAN_POINT('',(-18.2,39.35,0.));
#4070 = DIRECTION('',(0.,0.,1.));
#4071 = DIRECTION('',(1.,0.,0.));
#4072 = ADVANCED_FACE('',(#4073),#4091,.F.);
#4073 = FACE_BOUND('',#4074,.F.);
#4074 = EDGE_LOOP('',(#4075,#4076,#4084,#4090));
#4075 = ORIENTED_EDGE('',*,*,#4061,.T.);
#4076 = ORIENTED_EDGE('',*,*,#4077,.T.);
#4077 = EDGE_CURVE('',#4053,#4078,#4080,.T.);
#4078 = VERTEX_POINT('',#4079);
#4079 = CARTESIAN_POINT('',(-17.7,44.35,-1.1));
#4080 = LINE('',#4081,#4082);
#4081 = CARTESIAN_POINT('',(-17.7,39.35,-1.1));
#4082 = VECTOR('',#4083,1.);
#4083 = DIRECTION('',(0.,1.,0.));
#4084 = ORIENTED_EDGE('',*,*,#4085,.F.);
#4085 = EDGE_CURVE('',#1218,#4078,#4086,.T.);
#4086 = LINE('',#4087,#4088);
#4087 = CARTESIAN_POINT('',(-17.7,44.35,0.));
#4088 = VECTOR('',#4089,1.);
#4089 = DIRECTION('',(-0.,-0.,-1.));
#4090 = ORIENTED_EDGE('',*,*,#1226,.F.);
#4091 = PLANE('',#4092);
#4092 = AXIS2_PLACEMENT_3D('',#4093,#4094,#4095);
#4093 = CARTESIAN_POINT('',(-17.7,39.35,0.));
#4094 = DIRECTION('',(1.,0.,0.));
#4095 = DIRECTION('',(0.,1.,0.));
#4096 = ADVANCED_FACE('',(#4097),#4116,.F.);
#4097 = FACE_BOUND('',#4098,.F.);
#4098 = EDGE_LOOP('',(#4099,#4100,#4109,#4115));
#4099 = ORIENTED_EDGE('',*,*,#4085,.T.);
#4100 = ORIENTED_EDGE('',*,*,#4101,.T.);
#4101 = EDGE_CURVE('',#4078,#4102,#4104,.T.);
#4102 = VERTEX_POINT('',#4103);
#4103 = CARTESIAN_POINT('',(-18.2,44.85,-1.1));
#4104 = CIRCLE('',#4105,0.5);
#4105 = AXIS2_PLACEMENT_3D('',#4106,#4107,#4108);
#4106 = CARTESIAN_POINT('',(-18.2,44.35,-1.1));
#4107 = DIRECTION('',(0.,0.,1.));
#4108 = DIRECTION('',(1.,0.,0.));
#4109 = ORIENTED_EDGE('',*,*,#4110,.F.);
#4110 = EDGE_CURVE('',#1210,#4102,#4111,.T.);
#4111 = LINE('',#4112,#4113);
#4112 = CARTESIAN_POINT('',(-18.2,44.85,0.));
#4113 = VECTOR('',#4114,1.);
#4114 = DIRECTION('',(-0.,-0.,-1.));
#4115 = ORIENTED_EDGE('',*,*,#1217,.F.);
#4116 = CYLINDRICAL_SURFACE('',#4117,0.5);
#4117 = AXIS2_PLACEMENT_3D('',#4118,#4119,#4120);
#4118 = CARTESIAN_POINT('',(-18.2,44.35,0.));
#4119 = DIRECTION('',(0.,0.,1.));
#4120 = DIRECTION('',(1.,0.,0.));
#4121 = ADVANCED_FACE('',(#4122),#4140,.F.);
#4122 = FACE_BOUND('',#4123,.F.);
#4123 = EDGE_LOOP('',(#4124,#4125,#4133,#4139));
#4124 = ORIENTED_EDGE('',*,*,#4110,.T.);
#4125 = ORIENTED_EDGE('',*,*,#4126,.T.);
#4126 = EDGE_CURVE('',#4102,#4127,#4129,.T.);
#4127 = VERTEX_POINT('',#4128);
#4128 = CARTESIAN_POINT('',(-18.6,44.85,-1.1));
#4129 = LINE('',#4130,#4131);
#4130 = CARTESIAN_POINT('',(-18.2,44.85,-1.1));
#4131 = VECTOR('',#4132,1.);
#4132 = DIRECTION('',(-1.,0.,0.));
#4133 = ORIENTED_EDGE('',*,*,#4134,.F.);
#4134 = EDGE_CURVE('',#1201,#4127,#4135,.T.);
#4135 = LINE('',#4136,#4137);
#4136 = CARTESIAN_POINT('',(-18.6,44.85,0.));
#4137 = VECTOR('',#4138,1.);
#4138 = DIRECTION('',(-0.,-0.,-1.));
#4139 = ORIENTED_EDGE('',*,*,#1209,.F.);
#4140 = PLANE('',#4141);
#4141 = AXIS2_PLACEMENT_3D('',#4142,#4143,#4144);
#4142 = CARTESIAN_POINT('',(-18.2,44.85,0.));
#4143 = DIRECTION('',(0.,1.,0.));
#4144 = DIRECTION('',(-1.,0.,0.));
#4145 = ADVANCED_FACE('',(#4146),#4158,.F.);
#4146 = FACE_BOUND('',#4147,.F.);
#4147 = EDGE_LOOP('',(#4148,#4149,#4156,#4157));
#4148 = ORIENTED_EDGE('',*,*,#4134,.T.);
#4149 = ORIENTED_EDGE('',*,*,#4150,.T.);
#4150 = EDGE_CURVE('',#4127,#3972,#4151,.T.);
#4151 = CIRCLE('',#4152,0.5);
#4152 = AXIS2_PLACEMENT_3D('',#4153,#4154,#4155);
#4153 = CARTESIAN_POINT('',(-18.6,44.35,-1.1));
#4154 = DIRECTION('',(0.,0.,1.));
#4155 = DIRECTION('',(1.,0.,0.));
#4156 = ORIENTED_EDGE('',*,*,#3971,.F.);
#4157 = ORIENTED_EDGE('',*,*,#1200,.F.);
#4158 = CYLINDRICAL_SURFACE('',#4159,0.5);
#4159 = AXIS2_PLACEMENT_3D('',#4160,#4161,#4162);
#4160 = CARTESIAN_POINT('',(-18.6,44.35,0.));
#4161 = DIRECTION('',(0.,0.,1.));
#4162 = DIRECTION('',(1.,0.,0.));
#4163 = ADVANCED_FACE('',(#4164),#4189,.F.);
#4164 = FACE_BOUND('',#4165,.F.);
#4165 = EDGE_LOOP('',(#4166,#4174,#4182,#4188));
#4166 = ORIENTED_EDGE('',*,*,#4167,.T.);
#4167 = EDGE_CURVE('',#1261,#4168,#4170,.T.);
#4168 = VERTEX_POINT('',#4169);
#4169 = CARTESIAN_POINT('',(-12.3,44.35,-1.1));
#4170 = LINE('',#4171,#4172);
#4171 = CARTESIAN_POINT('',(-12.3,44.35,0.));
#4172 = VECTOR('',#4173,1.);
#4173 = DIRECTION('',(-0.,-0.,-1.));
#4174 = ORIENTED_EDGE('',*,*,#4175,.T.);
#4175 = EDGE_CURVE('',#4168,#4176,#4178,.T.);
#4176 = VERTEX_POINT('',#4177);
#4177 = CARTESIAN_POINT('',(-12.3,39.35,-1.1));
#4178 = LINE('',#4179,#4180);
#4179 = CARTESIAN_POINT('',(-12.3,44.35,-1.1));
#4180 = VECTOR('',#4181,1.);
#4181 = DIRECTION('',(0.,-1.,0.));
#4182 = ORIENTED_EDGE('',*,*,#4183,.F.);
#4183 = EDGE_CURVE('',#1263,#4176,#4184,.T.);
#4184 = LINE('',#4185,#4186);
#4185 = CARTESIAN_POINT('',(-12.3,39.35,0.));
#4186 = VECTOR('',#4187,1.);
#4187 = DIRECTION('',(-0.,-0.,-1.));
#4188 = ORIENTED_EDGE('',*,*,#1260,.F.);
#4189 = PLANE('',#4190);
#4190 = AXIS2_PLACEMENT_3D('',#4191,#4192,#4193);
#4191 = CARTESIAN_POINT('',(-12.3,44.35,0.));
#4192 = DIRECTION('',(-1.,0.,0.));
#4193 = DIRECTION('',(0.,-1.,0.));
#4194 = ADVANCED_FACE('',(#4195),#4214,.F.);
#4195 = FACE_BOUND('',#4196,.F.);
#4196 = EDGE_LOOP('',(#4197,#4198,#4207,#4213));
#4197 = ORIENTED_EDGE('',*,*,#4183,.T.);
#4198 = ORIENTED_EDGE('',*,*,#4199,.T.);
#4199 = EDGE_CURVE('',#4176,#4200,#4202,.T.);
#4200 = VERTEX_POINT('',#4201);
#4201 = CARTESIAN_POINT('',(-11.8,38.85,-1.1));
#4202 = CIRCLE('',#4203,0.5);
#4203 = AXIS2_PLACEMENT_3D('',#4204,#4205,#4206);
#4204 = CARTESIAN_POINT('',(-11.8,39.35,-1.1));
#4205 = DIRECTION('',(0.,0.,1.));
#4206 = DIRECTION('',(1.,0.,0.));
#4207 = ORIENTED_EDGE('',*,*,#4208,.F.);
#4208 = EDGE_CURVE('',#1314,#4200,#4209,.T.);
#4209 = LINE('',#4210,#4211);
#4210 = CARTESIAN_POINT('',(-11.8,38.85,0.));
#4211 = VECTOR('',#4212,1.);
#4212 = DIRECTION('',(-0.,-0.,-1.));
#4213 = ORIENTED_EDGE('',*,*,#1321,.F.);
#4214 = CYLINDRICAL_SURFACE('',#4215,0.5);
#4215 = AXIS2_PLACEMENT_3D('',#4216,#4217,#4218);
#4216 = CARTESIAN_POINT('',(-11.8,39.35,0.));
#4217 = DIRECTION('',(0.,0.,1.));
#4218 = DIRECTION('',(1.,0.,0.));
#4219 = ADVANCED_FACE('',(#4220),#4238,.F.);
#4220 = FACE_BOUND('',#4221,.F.);
#4221 = EDGE_LOOP('',(#4222,#4223,#4231,#4237));
#4222 = ORIENTED_EDGE('',*,*,#4208,.T.);
#4223 = ORIENTED_EDGE('',*,*,#4224,.T.);
#4224 = EDGE_CURVE('',#4200,#4225,#4227,.T.);
#4225 = VERTEX_POINT('',#4226);
#4226 = CARTESIAN_POINT('',(-11.4,38.85,-1.1));
#4227 = LINE('',#4228,#4229);
#4228 = CARTESIAN_POINT('',(-11.8,38.85,-1.1));
#4229 = VECTOR('',#4230,1.);
#4230 = DIRECTION('',(1.,0.,0.));
#4231 = ORIENTED_EDGE('',*,*,#4232,.F.);
#4232 = EDGE_CURVE('',#1305,#4225,#4233,.T.);
#4233 = LINE('',#4234,#4235);
#4234 = CARTESIAN_POINT('',(-11.4,38.85,0.));
#4235 = VECTOR('',#4236,1.);
#4236 = DIRECTION('',(-0.,-0.,-1.));
#4237 = ORIENTED_EDGE('',*,*,#1313,.F.);
#4238 = PLANE('',#4239);
#4239 = AXIS2_PLACEMENT_3D('',#4240,#4241,#4242);
#4240 = CARTESIAN_POINT('',(-11.8,38.85,0.));
#4241 = DIRECTION('',(0.,-1.,0.));
#4242 = DIRECTION('',(1.,0.,0.));
#4243 = ADVANCED_FACE('',(#4244),#4263,.F.);
#4244 = FACE_BOUND('',#4245,.F.);
#4245 = EDGE_LOOP('',(#4246,#4247,#4256,#4262));
#4246 = ORIENTED_EDGE('',*,*,#4232,.T.);
#4247 = ORIENTED_EDGE('',*,*,#4248,.T.);
#4248 = EDGE_CURVE('',#4225,#4249,#4251,.T.);
#4249 = VERTEX_POINT('',#4250);
#4250 = CARTESIAN_POINT('',(-10.9,39.35,-1.1));
#4251 = CIRCLE('',#4252,0.5);
#4252 = AXIS2_PLACEMENT_3D('',#4253,#4254,#4255);
#4253 = CARTESIAN_POINT('',(-11.4,39.35,-1.1));
#4254 = DIRECTION('',(0.,0.,1.));
#4255 = DIRECTION('',(1.,0.,0.));
#4256 = ORIENTED_EDGE('',*,*,#4257,.F.);
#4257 = EDGE_CURVE('',#1297,#4249,#4258,.T.);
#4258 = LINE('',#4259,#4260);
#4259 = CARTESIAN_POINT('',(-10.9,39.35,0.));
#4260 = VECTOR('',#4261,1.);
#4261 = DIRECTION('',(-0.,-0.,-1.));
#4262 = ORIENTED_EDGE('',*,*,#1304,.F.);
#4263 = CYLINDRICAL_SURFACE('',#4264,0.5);
#4264 = AXIS2_PLACEMENT_3D('',#4265,#4266,#4267);
#4265 = CARTESIAN_POINT('',(-11.4,39.35,0.));
#4266 = DIRECTION('',(0.,0.,1.));
#4267 = DIRECTION('',(1.,0.,0.));
#4268 = ADVANCED_FACE('',(#4269),#4287,.F.);
#4269 = FACE_BOUND('',#4270,.F.);
#4270 = EDGE_LOOP('',(#4271,#4272,#4280,#4286));
#4271 = ORIENTED_EDGE('',*,*,#4257,.T.);
#4272 = ORIENTED_EDGE('',*,*,#4273,.T.);
#4273 = EDGE_CURVE('',#4249,#4274,#4276,.T.);
#4274 = VERTEX_POINT('',#4275);
#4275 = CARTESIAN_POINT('',(-10.9,44.35,-1.1));
#4276 = LINE('',#4277,#4278);
#4277 = CARTESIAN_POINT('',(-10.9,39.35,-1.1));
#4278 = VECTOR('',#4279,1.);
#4279 = DIRECTION('',(0.,1.,0.));
#4280 = ORIENTED_EDGE('',*,*,#4281,.F.);
#4281 = EDGE_CURVE('',#1288,#4274,#4282,.T.);
#4282 = LINE('',#4283,#4284);
#4283 = CARTESIAN_POINT('',(-10.9,44.35,0.));
#4284 = VECTOR('',#4285,1.);
#4285 = DIRECTION('',(-0.,-0.,-1.));
#4286 = ORIENTED_EDGE('',*,*,#1296,.F.);
#4287 = PLANE('',#4288);
#4288 = AXIS2_PLACEMENT_3D('',#4289,#4290,#4291);
#4289 = CARTESIAN_POINT('',(-10.9,39.35,0.));
#4290 = DIRECTION('',(1.,0.,0.));
#4291 = DIRECTION('',(0.,1.,0.));
#4292 = ADVANCED_FACE('',(#4293),#4312,.F.);
#4293 = FACE_BOUND('',#4294,.F.);
#4294 = EDGE_LOOP('',(#4295,#4296,#4305,#4311));
#4295 = ORIENTED_EDGE('',*,*,#4281,.T.);
#4296 = ORIENTED_EDGE('',*,*,#4297,.T.);
#4297 = EDGE_CURVE('',#4274,#4298,#4300,.T.);
#4298 = VERTEX_POINT('',#4299);
#4299 = CARTESIAN_POINT('',(-11.4,44.85,-1.1));
#4300 = CIRCLE('',#4301,0.5);
#4301 = AXIS2_PLACEMENT_3D('',#4302,#4303,#4304);
#4302 = CARTESIAN_POINT('',(-11.4,44.35,-1.1));
#4303 = DIRECTION('',(0.,0.,1.));
#4304 = DIRECTION('',(1.,0.,0.));
#4305 = ORIENTED_EDGE('',*,*,#4306,.F.);
#4306 = EDGE_CURVE('',#1280,#4298,#4307,.T.);
#4307 = LINE('',#4308,#4309);
#4308 = CARTESIAN_POINT('',(-11.4,44.85,0.));
#4309 = VECTOR('',#4310,1.);
#4310 = DIRECTION('',(-0.,-0.,-1.));
#4311 = ORIENTED_EDGE('',*,*,#1287,.F.);
#4312 = CYLINDRICAL_SURFACE('',#4313,0.5);
#4313 = AXIS2_PLACEMENT_3D('',#4314,#4315,#4316);
#4314 = CARTESIAN_POINT('',(-11.4,44.35,0.));
#4315 = DIRECTION('',(0.,0.,1.));
#4316 = DIRECTION('',(1.,0.,0.));
#4317 = ADVANCED_FACE('',(#4318),#4336,.F.);
#4318 = FACE_BOUND('',#4319,.F.);
#4319 = EDGE_LOOP('',(#4320,#4321,#4329,#4335));
#4320 = ORIENTED_EDGE('',*,*,#4306,.T.);
#4321 = ORIENTED_EDGE('',*,*,#4322,.T.);
#4322 = EDGE_CURVE('',#4298,#4323,#4325,.T.);
#4323 = VERTEX_POINT('',#4324);
#4324 = CARTESIAN_POINT('',(-11.8,44.85,-1.1));
#4325 = LINE('',#4326,#4327);
#4326 = CARTESIAN_POINT('',(-11.4,44.85,-1.1));
#4327 = VECTOR('',#4328,1.);
#4328 = DIRECTION('',(-1.,0.,0.));
#4329 = ORIENTED_EDGE('',*,*,#4330,.F.);
#4330 = EDGE_CURVE('',#1271,#4323,#4331,.T.);
#4331 = LINE('',#4332,#4333);
#4332 = CARTESIAN_POINT('',(-11.8,44.85,0.));
#4333 = VECTOR('',#4334,1.);
#4334 = DIRECTION('',(-0.,-0.,-1.));
#4335 = ORIENTED_EDGE('',*,*,#1279,.F.);
#4336 = PLANE('',#4337);
#4337 = AXIS2_PLACEMENT_3D('',#4338,#4339,#4340);
#4338 = CARTESIAN_POINT('',(-11.4,44.85,0.));
#4339 = DIRECTION('',(0.,1.,0.));
#4340 = DIRECTION('',(-1.,0.,0.));
#4341 = ADVANCED_FACE('',(#4342),#4354,.F.);
#4342 = FACE_BOUND('',#4343,.F.);
#4343 = EDGE_LOOP('',(#4344,#4345,#4352,#4353));
#4344 = ORIENTED_EDGE('',*,*,#4330,.T.);
#4345 = ORIENTED_EDGE('',*,*,#4346,.T.);
#4346 = EDGE_CURVE('',#4323,#4168,#4347,.T.);
#4347 = CIRCLE('',#4348,0.5);
#4348 = AXIS2_PLACEMENT_3D('',#4349,#4350,#4351);
#4349 = CARTESIAN_POINT('',(-11.8,44.35,-1.1));
#4350 = DIRECTION('',(0.,0.,1.));
#4351 = DIRECTION('',(1.,0.,0.));
#4352 = ORIENTED_EDGE('',*,*,#4167,.F.);
#4353 = ORIENTED_EDGE('',*,*,#1270,.F.);
#4354 = CYLINDRICAL_SURFACE('',#4355,0.5);
#4355 = AXIS2_PLACEMENT_3D('',#4356,#4357,#4358);
#4356 = CARTESIAN_POINT('',(-11.8,44.35,0.));
#4357 = DIRECTION('',(0.,0.,1.));
#4358 = DIRECTION('',(1.,0.,0.));
#4359 = ADVANCED_FACE('',(#4360),#4385,.F.);
#4360 = FACE_BOUND('',#4361,.F.);
#4361 = EDGE_LOOP('',(#4362,#4370,#4378,#4384));
#4362 = ORIENTED_EDGE('',*,*,#4363,.T.);
#4363 = EDGE_CURVE('',#1331,#4364,#4366,.T.);
#4364 = VERTEX_POINT('',#4365);
#4365 = CARTESIAN_POINT('',(-8.9,42.45,-1.1));
#4366 = LINE('',#4367,#4368);
#4367 = CARTESIAN_POINT('',(-8.9,42.45,0.));
#4368 = VECTOR('',#4369,1.);
#4369 = DIRECTION('',(-0.,-0.,-1.));
#4370 = ORIENTED_EDGE('',*,*,#4371,.T.);
#4371 = EDGE_CURVE('',#4364,#4372,#4374,.T.);
#4372 = VERTEX_POINT('',#4373);
#4373 = CARTESIAN_POINT('',(-8.9,39.25,-1.1));
#4374 = LINE('',#4375,#4376);
#4375 = CARTESIAN_POINT('',(-8.9,42.45,-1.1));
#4376 = VECTOR('',#4377,1.);
#4377 = DIRECTION('',(0.,-1.,0.));
#4378 = ORIENTED_EDGE('',*,*,#4379,.F.);
#4379 = EDGE_CURVE('',#1333,#4372,#4380,.T.);
#4380 = LINE('',#4381,#4382);
#4381 = CARTESIAN_POINT('',(-8.9,39.25,0.));
#4382 = VECTOR('',#4383,1.);
#4383 = DIRECTION('',(-0.,-0.,-1.));
#4384 = ORIENTED_EDGE('',*,*,#1330,.F.);
#4385 = PLANE('',#4386);
#4386 = AXIS2_PLACEMENT_3D('',#4387,#4388,#4389);
#4387 = CARTESIAN_POINT('',(-8.9,42.45,0.));
#4388 = DIRECTION('',(-1.,0.,0.));
#4389 = DIRECTION('',(0.,-1.,0.));
#4390 = ADVANCED_FACE('',(#4391),#4410,.F.);
#4391 = FACE_BOUND('',#4392,.F.);
#4392 = EDGE_LOOP('',(#4393,#4394,#4403,#4409));
#4393 = ORIENTED_EDGE('',*,*,#4379,.T.);
#4394 = ORIENTED_EDGE('',*,*,#4395,.T.);
#4395 = EDGE_CURVE('',#4372,#4396,#4398,.T.);
#4396 = VERTEX_POINT('',#4397);
#4397 = CARTESIAN_POINT('',(-8.5,38.85,-1.1));
#4398 = CIRCLE('',#4399,0.4);
#4399 = AXIS2_PLACEMENT_3D('',#4400,#4401,#4402);
#4400 = CARTESIAN_POINT('',(-8.5,39.25,-1.1));
#4401 = DIRECTION('',(0.,0.,1.));
#4402 = DIRECTION('',(1.,0.,0.));
#4403 = ORIENTED_EDGE('',*,*,#4404,.F.);
#4404 = EDGE_CURVE('',#1384,#4396,#4405,.T.);
#4405 = LINE('',#4406,#4407);
#4406 = CARTESIAN_POINT('',(-8.5,38.85,0.));
#4407 = VECTOR('',#4408,1.);
#4408 = DIRECTION('',(-0.,-0.,-1.));
#4409 = ORIENTED_EDGE('',*,*,#1391,.F.);
#4410 = CYLINDRICAL_SURFACE('',#4411,0.4);
#4411 = AXIS2_PLACEMENT_3D('',#4412,#4413,#4414);
#4412 = CARTESIAN_POINT('',(-8.5,39.25,0.));
#4413 = DIRECTION('',(0.,0.,1.));
#4414 = DIRECTION('',(1.,0.,0.));
#4415 = ADVANCED_FACE('',(#4416),#4434,.F.);
#4416 = FACE_BOUND('',#4417,.F.);
#4417 = EDGE_LOOP('',(#4418,#4419,#4427,#4433));
#4418 = ORIENTED_EDGE('',*,*,#4404,.T.);
#4419 = ORIENTED_EDGE('',*,*,#4420,.T.);
#4420 = EDGE_CURVE('',#4396,#4421,#4423,.T.);
#4421 = VERTEX_POINT('',#4422);
#4422 = CARTESIAN_POINT('',(-8.1,38.85,-1.1));
#4423 = LINE('',#4424,#4425);
#4424 = CARTESIAN_POINT('',(-8.5,38.85,-1.1));
#4425 = VECTOR('',#4426,1.);
#4426 = DIRECTION('',(1.,0.,0.));
#4427 = ORIENTED_EDGE('',*,*,#4428,.F.);
#4428 = EDGE_CURVE('',#1375,#4421,#4429,.T.);
#4429 = LINE('',#4430,#4431);
#4430 = CARTESIAN_POINT('',(-8.1,38.85,0.));
#4431 = VECTOR('',#4432,1.);
#4432 = DIRECTION('',(-0.,-0.,-1.));
#4433 = ORIENTED_EDGE('',*,*,#1383,.F.);
#4434 = PLANE('',#4435);
#4435 = AXIS2_PLACEMENT_3D('',#4436,#4437,#4438);
#4436 = CARTESIAN_POINT('',(-8.5,38.85,0.));
#4437 = DIRECTION('',(0.,-1.,0.));
#4438 = DIRECTION('',(1.,0.,0.));
#4439 = ADVANCED_FACE('',(#4440),#4459,.F.);
#4440 = FACE_BOUND('',#4441,.F.);
#4441 = EDGE_LOOP('',(#4442,#4443,#4452,#4458));
#4442 = ORIENTED_EDGE('',*,*,#4428,.T.);
#4443 = ORIENTED_EDGE('',*,*,#4444,.T.);
#4444 = EDGE_CURVE('',#4421,#4445,#4447,.T.);
#4445 = VERTEX_POINT('',#4446);
#4446 = CARTESIAN_POINT('',(-7.7,39.25,-1.1));
#4447 = CIRCLE('',#4448,0.4);
#4448 = AXIS2_PLACEMENT_3D('',#4449,#4450,#4451);
#4449 = CARTESIAN_POINT('',(-8.1,39.25,-1.1));
#4450 = DIRECTION('',(0.,0.,1.));
#4451 = DIRECTION('',(1.,0.,0.));
#4452 = ORIENTED_EDGE('',*,*,#4453,.F.);
#4453 = EDGE_CURVE('',#1367,#4445,#4454,.T.);
#4454 = LINE('',#4455,#4456);
#4455 = CARTESIAN_POINT('',(-7.7,39.25,0.));
#4456 = VECTOR('',#4457,1.);
#4457 = DIRECTION('',(-0.,-0.,-1.));
#4458 = ORIENTED_EDGE('',*,*,#1374,.F.);
#4459 = CYLINDRICAL_SURFACE('',#4460,0.4);
#4460 = AXIS2_PLACEMENT_3D('',#4461,#4462,#4463);
#4461 = CARTESIAN_POINT('',(-8.1,39.25,0.));
#4462 = DIRECTION('',(0.,0.,1.));
#4463 = DIRECTION('',(1.,0.,0.));
#4464 = ADVANCED_FACE('',(#4465),#4483,.F.);
#4465 = FACE_BOUND('',#4466,.F.);
#4466 = EDGE_LOOP('',(#4467,#4468,#4476,#4482));
#4467 = ORIENTED_EDGE('',*,*,#4453,.T.);
#4468 = ORIENTED_EDGE('',*,*,#4469,.T.);
#4469 = EDGE_CURVE('',#4445,#4470,#4472,.T.);
#4470 = VERTEX_POINT('',#4471);
#4471 = CARTESIAN_POINT('',(-7.7,42.45,-1.1));
#4472 = LINE('',#4473,#4474);
#4473 = CARTESIAN_POINT('',(-7.7,39.25,-1.1));
#4474 = VECTOR('',#4475,1.);
#4475 = DIRECTION('',(0.,1.,0.));
#4476 = ORIENTED_EDGE('',*,*,#4477,.F.);
#4477 = EDGE_CURVE('',#1358,#4470,#4478,.T.);
#4478 = LINE('',#4479,#4480);
#4479 = CARTESIAN_POINT('',(-7.7,42.45,0.));
#4480 = VECTOR('',#4481,1.);
#4481 = DIRECTION('',(-0.,-0.,-1.));
#4482 = ORIENTED_EDGE('',*,*,#1366,.F.);
#4483 = PLANE('',#4484);
#4484 = AXIS2_PLACEMENT_3D('',#4485,#4486,#4487);
#4485 = CARTESIAN_POINT('',(-7.7,39.25,0.));
#4486 = DIRECTION('',(1.,0.,0.));
#4487 = DIRECTION('',(0.,1.,0.));
#4488 = ADVANCED_FACE('',(#4489),#4508,.F.);
#4489 = FACE_BOUND('',#4490,.F.);
#4490 = EDGE_LOOP('',(#4491,#4492,#4501,#4507));
#4491 = ORIENTED_EDGE('',*,*,#4477,.T.);
#4492 = ORIENTED_EDGE('',*,*,#4493,.T.);
#4493 = EDGE_CURVE('',#4470,#4494,#4496,.T.);
#4494 = VERTEX_POINT('',#4495);
#4495 = CARTESIAN_POINT('',(-8.1,42.85,-1.1));
#4496 = CIRCLE('',#4497,0.4);
#4497 = AXIS2_PLACEMENT_3D('',#4498,#4499,#4500);
#4498 = CARTESIAN_POINT('',(-8.1,42.45,-1.1));
#4499 = DIRECTION('',(0.,0.,1.));
#4500 = DIRECTION('',(1.,0.,0.));
#4501 = ORIENTED_EDGE('',*,*,#4502,.F.);
#4502 = EDGE_CURVE('',#1350,#4494,#4503,.T.);
#4503 = LINE('',#4504,#4505);
#4504 = CARTESIAN_POINT('',(-8.1,42.85,0.));
#4505 = VECTOR('',#4506,1.);
#4506 = DIRECTION('',(-0.,-0.,-1.));
#4507 = ORIENTED_EDGE('',*,*,#1357,.F.);
#4508 = CYLINDRICAL_SURFACE('',#4509,0.4);
#4509 = AXIS2_PLACEMENT_3D('',#4510,#4511,#4512);
#4510 = CARTESIAN_POINT('',(-8.1,42.45,0.));
#4511 = DIRECTION('',(0.,0.,1.));
#4512 = DIRECTION('',(1.,0.,0.));
#4513 = ADVANCED_FACE('',(#4514),#4532,.F.);
#4514 = FACE_BOUND('',#4515,.F.);
#4515 = EDGE_LOOP('',(#4516,#4517,#4525,#4531));
#4516 = ORIENTED_EDGE('',*,*,#4502,.T.);
#4517 = ORIENTED_EDGE('',*,*,#4518,.T.);
#4518 = EDGE_CURVE('',#4494,#4519,#4521,.T.);
#4519 = VERTEX_POINT('',#4520);
#4520 = CARTESIAN_POINT('',(-8.5,42.85,-1.1));
#4521 = LINE('',#4522,#4523);
#4522 = CARTESIAN_POINT('',(-8.1,42.85,-1.1));
#4523 = VECTOR('',#4524,1.);
#4524 = DIRECTION('',(-1.,0.,0.));
#4525 = ORIENTED_EDGE('',*,*,#4526,.F.);
#4526 = EDGE_CURVE('',#1341,#4519,#4527,.T.);
#4527 = LINE('',#4528,#4529);
#4528 = CARTESIAN_POINT('',(-8.5,42.85,0.));
#4529 = VECTOR('',#4530,1.);
#4530 = DIRECTION('',(-0.,-0.,-1.));
#4531 = ORIENTED_EDGE('',*,*,#1349,.F.);
#4532 = PLANE('',#4533);
#4533 = AXIS2_PLACEMENT_3D('',#4534,#4535,#4536);
#4534 = CARTESIAN_POINT('',(-8.1,42.85,0.));
#4535 = DIRECTION('',(0.,1.,0.));
#4536 = DIRECTION('',(-1.,0.,0.));
#4537 = ADVANCED_FACE('',(#4538),#4550,.F.);
#4538 = FACE_BOUND('',#4539,.F.);
#4539 = EDGE_LOOP('',(#4540,#4541,#4548,#4549));
#4540 = ORIENTED_EDGE('',*,*,#4526,.T.);
#4541 = ORIENTED_EDGE('',*,*,#4542,.T.);
#4542 = EDGE_CURVE('',#4519,#4364,#4543,.T.);
#4543 = CIRCLE('',#4544,0.4);
#4544 = AXIS2_PLACEMENT_3D('',#4545,#4546,#4547);
#4545 = CARTESIAN_POINT('',(-8.5,42.45,-1.1));
#4546 = DIRECTION('',(0.,0.,1.));
#4547 = DIRECTION('',(1.,0.,0.));
#4548 = ORIENTED_EDGE('',*,*,#4363,.F.);
#4549 = ORIENTED_EDGE('',*,*,#1340,.F.);
#4550 = CYLINDRICAL_SURFACE('',#4551,0.4);
#4551 = AXIS2_PLACEMENT_3D('',#4552,#4553,#4554);
#4552 = CARTESIAN_POINT('',(-8.5,42.45,0.));
#4553 = DIRECTION('',(0.,0.,1.));
#4554 = DIRECTION('',(1.,0.,0.));
#4555 = ADVANCED_FACE('',(#4556),#4574,.F.);
#4556 = FACE_BOUND('',#4557,.F.);
#4557 = EDGE_LOOP('',(#4558,#4567,#4572,#4573));
#4558 = ORIENTED_EDGE('',*,*,#4559,.T.);
#4559 = EDGE_CURVE('',#4560,#4560,#4562,.T.);
#4560 = VERTEX_POINT('',#4561);
#4561 = CARTESIAN_POINT('',(27.2,40.6,-5.3));
#4562 = CIRCLE('',#4563,0.9);
#4563 = AXIS2_PLACEMENT_3D('',#4564,#4565,#4566);
#4564 = CARTESIAN_POINT('',(26.3,40.6,-5.3));
#4565 = DIRECTION('',(0.,0.,1.));
#4566 = DIRECTION('',(1.,0.,0.));
#4567 = ORIENTED_EDGE('',*,*,#4568,.T.);
#4568 = EDGE_CURVE('',#4560,#1401,#4569,.T.);
#4569 = B_SPLINE_CURVE_WITH_KNOTS('',1,(#4570,#4571),.UNSPECIFIED.,.F.,
  .F.,(2,2),(-5.3,0.),.PIECEWISE_BEZIER_KNOTS.);
#4570 = CARTESIAN_POINT('',(27.2,40.6,-5.3));
#4571 = CARTESIAN_POINT('',(27.2,40.6,0.));
#4572 = ORIENTED_EDGE('',*,*,#1400,.F.);
#4573 = ORIENTED_EDGE('',*,*,#4568,.F.);
#4574 = CYLINDRICAL_SURFACE('',#4575,0.9);
#4575 = AXIS2_PLACEMENT_3D('',#4576,#4577,#4578);
#4576 = CARTESIAN_POINT('',(26.3,40.6,0.));
#4577 = DIRECTION('',(0.,0.,1.));
#4578 = DIRECTION('',(1.,0.,0.));
#4579 = ADVANCED_FACE('',(#4580),#4598,.F.);
#4580 = FACE_BOUND('',#4581,.F.);
#4581 = EDGE_LOOP('',(#4582,#4591,#4596,#4597));
#4582 = ORIENTED_EDGE('',*,*,#4583,.T.);
#4583 = EDGE_CURVE('',#4584,#4584,#4586,.T.);
#4584 = VERTEX_POINT('',#4585);
#4585 = CARTESIAN_POINT('',(29.4,40.6,-5.3));
#4586 = CIRCLE('',#4587,0.9);
#4587 = AXIS2_PLACEMENT_3D('',#4588,#4589,#4590);
#4588 = CARTESIAN_POINT('',(28.5,40.6,-5.3));
#4589 = DIRECTION('',(0.,0.,1.));
#4590 = DIRECTION('',(1.,0.,0.));
#4591 = ORIENTED_EDGE('',*,*,#4592,.T.);
#4592 = EDGE_CURVE('',#4584,#1412,#4593,.T.);
#4593 = B_SPLINE_CURVE_WITH_KNOTS('',1,(#4594,#4595),.UNSPECIFIED.,.F.,
  .F.,(2,2),(-5.3,0.),.PIECEWISE_BEZIER_KNOTS.);
#4594 = CARTESIAN_POINT('',(29.4,40.6,-5.3));
#4595 = CARTESIAN_POINT('',(29.4,40.6,0.));
#4596 = ORIENTED_EDGE('',*,*,#1411,.F.);
#4597 = ORIENTED_EDGE('',*,*,#4592,.F.);
#4598 = CYLINDRICAL_SURFACE('',#4599,0.9);
#4599 = AXIS2_PLACEMENT_3D('',#4600,#4601,#4602);
#4600 = CARTESIAN_POINT('',(28.5,40.6,0.));
#4601 = DIRECTION('',(0.,0.,1.));
#4602 = DIRECTION('',(1.,0.,0.));
#4603 = ADVANCED_FACE('',(#4604),#4640,.F.);
#4604 = FACE_BOUND('',#4605,.F.);
#4605 = EDGE_LOOP('',(#4606,#4616,#4622,#4623,#4624,#4625,#4626,#4634));
#4606 = ORIENTED_EDGE('',*,*,#4607,.T.);
#4607 = EDGE_CURVE('',#4608,#4610,#4612,.T.);
#4608 = VERTEX_POINT('',#4609);
#4609 = CARTESIAN_POINT('',(37.521203273864,10.83,-4.8));
#4610 = VERTEX_POINT('',#4611);
#4611 = CARTESIAN_POINT('',(37.521203273864,4.13,-4.8));
#4612 = LINE('',#4613,#4614);
#4613 = CARTESIAN_POINT('',(37.521203273864,10.83,-4.8));
#4614 = VECTOR('',#4615,1.);
#4615 = DIRECTION('',(0.,-1.,0.));
#4616 = ORIENTED_EDGE('',*,*,#4617,.T.);
#4617 = EDGE_CURVE('',#4610,#1921,#4618,.T.);
#4618 = LINE('',#4619,#4620);
#4619 = CARTESIAN_POINT('',(37.521203273864,4.13,-4.8));
#4620 = VECTOR('',#4621,1.);
#4621 = DIRECTION('',(0.,0.,-1.));
#4622 = ORIENTED_EDGE('',*,*,#1920,.T.);
#4623 = ORIENTED_EDGE('',*,*,#1558,.T.);
#4624 = ORIENTED_EDGE('',*,*,#2258,.T.);
#4625 = ORIENTED_EDGE('',*,*,#2355,.T.);
#4626 = ORIENTED_EDGE('',*,*,#4627,.T.);
#4627 = EDGE_CURVE('',#2348,#4628,#4630,.T.);
#4628 = VERTEX_POINT('',#4629);
#4629 = CARTESIAN_POINT('',(37.521203273864,10.83,-10.8));
#4630 = LINE('',#4631,#4632);
#4631 = CARTESIAN_POINT('',(37.521203273864,24.340000000005,-10.8));
#4632 = VECTOR('',#4633,1.);
#4633 = DIRECTION('',(0.,1.,0.));
#4634 = ORIENTED_EDGE('',*,*,#4635,.T.);
#4635 = EDGE_CURVE('',#4628,#4608,#4636,.T.);
#4636 = LINE('',#4637,#4638);
#4637 = CARTESIAN_POINT('',(37.521203273864,10.83,-15.3));
#4638 = VECTOR('',#4639,1.);
#4639 = DIRECTION('',(0.,0.,1.));
#4640 = PLANE('',#4641);
#4641 = AXIS2_PLACEMENT_3D('',#4642,#4643,#4644);
#4642 = CARTESIAN_POINT('',(37.521203273864,11.930000000011,-10.05));
#4643 = DIRECTION('',(1.,0.,0.));
#4644 = DIRECTION('',(0.,0.,1.));
#4645 = ADVANCED_FACE('',(#4646),#4665,.T.);
#4646 = FACE_BOUND('',#4647,.T.);
#4647 = EDGE_LOOP('',(#4648,#4656,#4663,#4664));
#4648 = ORIENTED_EDGE('',*,*,#4649,.T.);
#4649 = EDGE_CURVE('',#2389,#4650,#4652,.T.);
#4650 = VERTEX_POINT('',#4651);
#4651 = CARTESIAN_POINT('',(-27.15,47.95,-12.2));
#4652 = LINE('',#4653,#4654);
#4653 = CARTESIAN_POINT('',(-27.15,47.95,0.));
#4654 = VECTOR('',#4655,1.);
#4655 = DIRECTION('',(-0.,-0.,-1.));
#4656 = ORIENTED_EDGE('',*,*,#4657,.T.);
#4657 = EDGE_CURVE('',#4650,#1593,#4658,.T.);
#4658 = CIRCLE('',#4659,11.2);
#4659 = AXIS2_PLACEMENT_3D('',#4660,#4661,#4662);
#4660 = CARTESIAN_POINT('',(-27.15,36.75,-12.2));
#4661 = DIRECTION('',(0.,0.,1.));
#4662 = DIRECTION('',(1.,0.,0.));
#4663 = ORIENTED_EDGE('',*,*,#1592,.F.);
#4664 = ORIENTED_EDGE('',*,*,#2399,.F.);
#4665 = CYLINDRICAL_SURFACE('',#4666,11.2);
#4666 = AXIS2_PLACEMENT_3D('',#4667,#4668,#4669);
#4667 = CARTESIAN_POINT('',(-27.15,36.75,0.));
#4668 = DIRECTION('',(0.,0.,1.));
#4669 = DIRECTION('',(1.,0.,0.));
#4670 = ADVANCED_FACE('',(#4671),#4738,.F.);
#4671 = FACE_BOUND('',#4672,.F.);
#4672 = EDGE_LOOP('',(#4673,#4683,#4689,#4690,#4691,#4699,#4707,#4715,
    #4723,#4732));
#4673 = ORIENTED_EDGE('',*,*,#4674,.T.);
#4674 = EDGE_CURVE('',#4675,#4677,#4679,.T.);
#4675 = VERTEX_POINT('',#4676);
#4676 = CARTESIAN_POINT('',(4.784250700561,46.95,-12.2));
#4677 = VERTEX_POINT('',#4678);
#4678 = CARTESIAN_POINT('',(4.784250700561,47.95,-12.2));
#4679 = LINE('',#4680,#4681);
#4680 = CARTESIAN_POINT('',(4.784250700561,47.95,-12.2));
#4681 = VECTOR('',#4682,1.);
#4682 = DIRECTION('',(0.,1.,-2.22044604925E-16));
#4683 = ORIENTED_EDGE('',*,*,#4684,.T.);
#4684 = EDGE_CURVE('',#4677,#4650,#4685,.T.);
#4685 = LINE('',#4686,#4687);
#4686 = CARTESIAN_POINT('',(27.15,47.95,-12.2));
#4687 = VECTOR('',#4688,1.);
#4688 = DIRECTION('',(-1.,0.,0.));
#4689 = ORIENTED_EDGE('',*,*,#4657,.T.);
#4690 = ORIENTED_EDGE('',*,*,#1600,.T.);
#4691 = ORIENTED_EDGE('',*,*,#4692,.T.);
#4692 = EDGE_CURVE('',#1601,#4693,#4695,.T.);
#4693 = VERTEX_POINT('',#4694);
#4694 = CARTESIAN_POINT('',(-37.52120327386,30.45,-12.2));
#4695 = LINE('',#4696,#4697);
#4696 = CARTESIAN_POINT('',(-19.175,30.45,-12.2));
#4697 = VECTOR('',#4698,1.);
#4698 = DIRECTION('',(1.,0.,0.));
#4699 = ORIENTED_EDGE('',*,*,#4700,.T.);
#4700 = EDGE_CURVE('',#4693,#4701,#4703,.T.);
#4701 = VERTEX_POINT('',#4702);
#4702 = CARTESIAN_POINT('',(-37.52120327386,32.25,-12.2));
#4703 = LINE('',#4704,#4705);
#4704 = CARTESIAN_POINT('',(-37.52120327386,8.817746858169,-12.2));
#4705 = VECTOR('',#4706,1.);
#4706 = DIRECTION('',(0.,1.,0.));
#4707 = ORIENTED_EDGE('',*,*,#4708,.F.);
#4708 = EDGE_CURVE('',#4709,#4701,#4711,.T.);
#4709 = VERTEX_POINT('',#4710);
#4710 = CARTESIAN_POINT('',(-37.35,32.25,-12.2));
#4711 = LINE('',#4712,#4713);
#4712 = CARTESIAN_POINT('',(-18.075,32.25,-12.2));
#4713 = VECTOR('',#4714,1.);
#4714 = DIRECTION('',(-1.,0.,0.));
#4715 = ORIENTED_EDGE('',*,*,#4716,.F.);
#4716 = EDGE_CURVE('',#4717,#4709,#4719,.T.);
#4717 = VERTEX_POINT('',#4718);
#4718 = CARTESIAN_POINT('',(-37.35,36.75,-12.2));
#4719 = LINE('',#4720,#4721);
#4720 = CARTESIAN_POINT('',(-37.35,36.75,-12.2));
#4721 = VECTOR('',#4722,1.);
#4722 = DIRECTION('',(0.,-1.,0.));
#4723 = ORIENTED_EDGE('',*,*,#4724,.F.);
#4724 = EDGE_CURVE('',#4725,#4717,#4727,.T.);
#4725 = VERTEX_POINT('',#4726);
#4726 = CARTESIAN_POINT('',(-27.15,46.95,-12.2));
#4727 = CIRCLE('',#4728,10.2);
#4728 = AXIS2_PLACEMENT_3D('',#4729,#4730,#4731);
#4729 = CARTESIAN_POINT('',(-27.15,36.75,-12.2));
#4730 = DIRECTION('',(0.,0.,1.));
#4731 = DIRECTION('',(1.,0.,0.));
#4732 = ORIENTED_EDGE('',*,*,#4733,.F.);
#4733 = EDGE_CURVE('',#4675,#4725,#4734,.T.);
#4734 = LINE('',#4735,#4736);
#4735 = CARTESIAN_POINT('',(27.149999999997,46.95,-12.2));
#4736 = VECTOR('',#4737,1.);
#4737 = DIRECTION('',(-1.,0.,0.));
#4738 = PLANE('',#4739);
#4739 = AXIS2_PLACEMENT_3D('',#4740,#4741,#4742);
#4740 = CARTESIAN_POINT('',(-4.632493799393E-15,-9.702015315709E-15,
    -12.2));
#4741 = DIRECTION('',(0.,0.,1.));
#4742 = DIRECTION('',(1.,0.,0.));
#4743 = ADVANCED_FACE('',(#4744),#4762,.T.);
#4744 = FACE_BOUND('',#4745,.T.);
#4745 = EDGE_LOOP('',(#4746,#4747,#4755,#4761));
#4746 = ORIENTED_EDGE('',*,*,#1680,.F.);
#4747 = ORIENTED_EDGE('',*,*,#4748,.T.);
#4748 = EDGE_CURVE('',#1673,#4749,#4751,.T.);
#4749 = VERTEX_POINT('',#4750);
#4750 = CARTESIAN_POINT('',(-37.52120327386,9.829999999951,-5.2));
#4751 = LINE('',#4752,#4753);
#4752 = CARTESIAN_POINT('',(-38.35,9.829999999951,-5.2));
#4753 = VECTOR('',#4754,1.);
#4754 = DIRECTION('',(1.,0.,0.));
#4755 = ORIENTED_EDGE('',*,*,#4756,.T.);
#4756 = EDGE_CURVE('',#4749,#1809,#4757,.T.);
#4757 = LINE('',#4758,#4759);
#4758 = CARTESIAN_POINT('',(-37.52120327386,13.732746858144,-5.2));
#4759 = VECTOR('',#4760,1.);
#4760 = DIRECTION('',(0.,-1.,0.));
#4761 = ORIENTED_EDGE('',*,*,#1808,.F.);
#4762 = PLANE('',#4763);
#4763 = AXIS2_PLACEMENT_3D('',#4764,#4765,#4766);
#4764 = CARTESIAN_POINT('',(-38.35,9.829999999951,-5.2));
#4765 = DIRECTION('',(0.,0.,-1.));
#4766 = DIRECTION('',(0.,-1.,0.));
#4767 = ADVANCED_FACE('',(#4768),#4810,.T.);
#4768 = FACE_BOUND('',#4769,.T.);
#4769 = EDGE_LOOP('',(#4770,#4771,#4772,#4780,#4788,#4796,#4804));
#4770 = ORIENTED_EDGE('',*,*,#1608,.F.);
#4771 = ORIENTED_EDGE('',*,*,#4692,.T.);
#4772 = ORIENTED_EDGE('',*,*,#4773,.T.);
#4773 = EDGE_CURVE('',#4693,#4774,#4776,.T.);
#4774 = VERTEX_POINT('',#4775);
#4775 = CARTESIAN_POINT('',(-37.52120327386,30.45,-11.55430369211));
#4776 = LINE('',#4777,#4778);
#4777 = CARTESIAN_POINT('',(-37.52120327386,30.45,-11.875));
#4778 = VECTOR('',#4779,1.);
#4779 = DIRECTION('',(0.,0.,1.));
#4780 = ORIENTED_EDGE('',*,*,#4781,.T.);
#4781 = EDGE_CURVE('',#4774,#4782,#4784,.T.);
#4782 = VERTEX_POINT('',#4783);
#4783 = CARTESIAN_POINT('',(-37.72120327386,30.45,-10.8));
#4784 = LINE('',#4785,#4786);
#4785 = CARTESIAN_POINT('',(-37.38264675766,30.45,-12.0768721508));
#4786 = VECTOR('',#4787,1.);
#4787 = DIRECTION('',(-0.256289373133,0.,0.966600102017));
#4788 = ORIENTED_EDGE('',*,*,#4789,.T.);
#4789 = EDGE_CURVE('',#4782,#4790,#4792,.T.);
#4790 = VERTEX_POINT('',#4791);
#4791 = CARTESIAN_POINT('',(-37.52120327386,30.45,-10.8));
#4792 = LINE('',#4793,#4794);
#4793 = CARTESIAN_POINT('',(-5.600000000002,30.45,-10.8));
#4794 = VECTOR('',#4795,1.);
#4795 = DIRECTION('',(1.,0.,0.));
#4796 = ORIENTED_EDGE('',*,*,#4797,.T.);
#4797 = EDGE_CURVE('',#4790,#4798,#4800,.T.);
#4798 = VERTEX_POINT('',#4799);
#4799 = CARTESIAN_POINT('',(-37.52120327386,30.45,-5.2));
#4800 = LINE('',#4801,#4802);
#4801 = CARTESIAN_POINT('',(-37.52120327386,30.45,-11.875));
#4802 = VECTOR('',#4803,1.);
#4803 = DIRECTION('',(0.,0.,1.));
#4804 = ORIENTED_EDGE('',*,*,#4805,.F.);
#4805 = EDGE_CURVE('',#1609,#4798,#4806,.T.);
#4806 = LINE('',#4807,#4808);
#4807 = CARTESIAN_POINT('',(-38.35,30.45,-5.2));
#4808 = VECTOR('',#4809,1.);
#4809 = DIRECTION('',(1.,0.,0.));
#4810 = PLANE('',#4811);
#4811 = AXIS2_PLACEMENT_3D('',#4812,#4813,#4814);
#4812 = CARTESIAN_POINT('',(-38.35,30.45,-13.7));
#4813 = DIRECTION('',(0.,-1.,0.));
#4814 = DIRECTION('',(0.,0.,1.));
#4815 = ADVANCED_FACE('',(#4816),#4858,.T.);
#4816 = FACE_BOUND('',#4817,.T.);
#4817 = EDGE_LOOP('',(#4818,#4819,#4827,#4835,#4843,#4851,#4857));
#4818 = ORIENTED_EDGE('',*,*,#1672,.F.);
#4819 = ORIENTED_EDGE('',*,*,#4820,.T.);
#4820 = EDGE_CURVE('',#1665,#4821,#4823,.T.);
#4821 = VERTEX_POINT('',#4822);
#4822 = CARTESIAN_POINT('',(-37.52120327386,9.829999999951,-12.2));
#4823 = LINE('',#4824,#4825);
#4824 = CARTESIAN_POINT('',(-19.175,9.829999999951,-12.2));
#4825 = VECTOR('',#4826,1.);
#4826 = DIRECTION('',(1.,0.,0.));
#4827 = ORIENTED_EDGE('',*,*,#4828,.T.);
#4828 = EDGE_CURVE('',#4821,#4829,#4831,.T.);
#4829 = VERTEX_POINT('',#4830);
#4830 = CARTESIAN_POINT('',(-37.52120327386,9.829999999951,
    -11.55430369211));
#4831 = LINE('',#4832,#4833);
#4832 = CARTESIAN_POINT('',(-37.52120327386,9.829999999951,-11.875));
#4833 = VECTOR('',#4834,1.);
#4834 = DIRECTION('',(0.,0.,1.));
#4835 = ORIENTED_EDGE('',*,*,#4836,.T.);
#4836 = EDGE_CURVE('',#4829,#4837,#4839,.T.);
#4837 = VERTEX_POINT('',#4838);
#4838 = CARTESIAN_POINT('',(-37.72120327386,9.829999999951,-10.8));
#4839 = LINE('',#4840,#4841);
#4840 = CARTESIAN_POINT('',(-37.38264675766,9.829999999951,
    -12.0768721508));
#4841 = VECTOR('',#4842,1.);
#4842 = DIRECTION('',(-0.256289373133,0.,0.966600102017));
#4843 = ORIENTED_EDGE('',*,*,#4844,.T.);
#4844 = EDGE_CURVE('',#4837,#4845,#4847,.T.);
#4845 = VERTEX_POINT('',#4846);
#4846 = CARTESIAN_POINT('',(-37.52120327386,9.829999999951,-10.8));
#4847 = LINE('',#4848,#4849);
#4848 = CARTESIAN_POINT('',(-5.600000000002,9.829999999951,-10.8));
#4849 = VECTOR('',#4850,1.);
#4850 = DIRECTION('',(1.,0.,0.));
#4851 = ORIENTED_EDGE('',*,*,#4852,.T.);
#4852 = EDGE_CURVE('',#4845,#4749,#4853,.T.);
#4853 = LINE('',#4854,#4855);
#4854 = CARTESIAN_POINT('',(-37.52120327386,9.829999999951,-11.875));
#4855 = VECTOR('',#4856,1.);
#4856 = DIRECTION('',(0.,0.,1.));
#4857 = ORIENTED_EDGE('',*,*,#4748,.F.);
#4858 = PLANE('',#4859);
#4859 = AXIS2_PLACEMENT_3D('',#4860,#4861,#4862);
#4860 = CARTESIAN_POINT('',(-38.35,9.829999999951,-13.7));
#4861 = DIRECTION('',(0.,-1.,0.));
#4862 = DIRECTION('',(0.,0.,1.));
#4863 = ADVANCED_FACE('',(#4864),#4882,.T.);
#4864 = FACE_BOUND('',#4865,.T.);
#4865 = EDGE_LOOP('',(#4866,#4867,#4868,#4876));
#4866 = ORIENTED_EDGE('',*,*,#1616,.F.);
#4867 = ORIENTED_EDGE('',*,*,#4805,.T.);
#4868 = ORIENTED_EDGE('',*,*,#4869,.T.);
#4869 = EDGE_CURVE('',#4798,#4870,#4872,.T.);
#4870 = VERTEX_POINT('',#4871);
#4871 = CARTESIAN_POINT('',(-37.52120327386,23.25,-5.2));
#4872 = LINE('',#4873,#4874);
#4873 = CARTESIAN_POINT('',(-37.52120327386,24.042746858169,-5.2));
#4874 = VECTOR('',#4875,1.);
#4875 = DIRECTION('',(0.,-1.,0.));
#4876 = ORIENTED_EDGE('',*,*,#4877,.F.);
#4877 = EDGE_CURVE('',#1617,#4870,#4878,.T.);
#4878 = LINE('',#4879,#4880);
#4879 = CARTESIAN_POINT('',(-38.35,23.25,-5.2));
#4880 = VECTOR('',#4881,1.);
#4881 = DIRECTION('',(1.,0.,0.));
#4882 = PLANE('',#4883);
#4883 = AXIS2_PLACEMENT_3D('',#4884,#4885,#4886);
#4884 = CARTESIAN_POINT('',(-38.35,30.45,-5.2));
#4885 = DIRECTION('',(0.,0.,-1.));
#4886 = DIRECTION('',(0.,-1.,0.));
#4887 = ADVANCED_FACE('',(#4888),#4938,.F.);
#4888 = FACE_BOUND('',#4889,.F.);
#4889 = EDGE_LOOP('',(#4890,#4898,#4899,#4900,#4908,#4916,#4924,#4932));
#4890 = ORIENTED_EDGE('',*,*,#4891,.T.);
#4891 = EDGE_CURVE('',#4892,#1657,#4894,.T.);
#4892 = VERTEX_POINT('',#4893);
#4893 = CARTESIAN_POINT('',(-37.52120327386,14.03,-12.2));
#4894 = LINE('',#4895,#4896);
#4895 = CARTESIAN_POINT('',(-19.175,14.03,-12.2));
#4896 = VECTOR('',#4897,1.);
#4897 = DIRECTION('',(-1.,0.,0.));
#4898 = ORIENTED_EDGE('',*,*,#1664,.T.);
#4899 = ORIENTED_EDGE('',*,*,#4820,.T.);
#4900 = ORIENTED_EDGE('',*,*,#4901,.T.);
#4901 = EDGE_CURVE('',#4821,#4902,#4904,.T.);
#4902 = VERTEX_POINT('',#4903);
#4903 = CARTESIAN_POINT('',(-37.52120327386,10.83,-12.2));
#4904 = LINE('',#4905,#4906);
#4905 = CARTESIAN_POINT('',(-37.52120327386,8.817746858169,-12.2));
#4906 = VECTOR('',#4907,1.);
#4907 = DIRECTION('',(0.,1.,0.));
#4908 = ORIENTED_EDGE('',*,*,#4909,.F.);
#4909 = EDGE_CURVE('',#4910,#4902,#4912,.T.);
#4910 = VERTEX_POINT('',#4911);
#4911 = CARTESIAN_POINT('',(-37.35,10.83,-12.2));
#4912 = LINE('',#4913,#4914);
#4913 = CARTESIAN_POINT('',(-18.075,10.83,-12.2));
#4914 = VECTOR('',#4915,1.);
#4915 = DIRECTION('',(-1.,0.,0.));
#4916 = ORIENTED_EDGE('',*,*,#4917,.F.);
#4917 = EDGE_CURVE('',#4918,#4910,#4920,.T.);
#4918 = VERTEX_POINT('',#4919);
#4919 = CARTESIAN_POINT('',(-37.35,13.03,-12.2));
#4920 = LINE('',#4921,#4922);
#4921 = CARTESIAN_POINT('',(-37.35,36.75,-12.2));
#4922 = VECTOR('',#4923,1.);
#4923 = DIRECTION('',(0.,-1.,0.));
#4924 = ORIENTED_EDGE('',*,*,#4925,.F.);
#4925 = EDGE_CURVE('',#4926,#4918,#4928,.T.);
#4926 = VERTEX_POINT('',#4927);
#4927 = CARTESIAN_POINT('',(-37.52120327386,13.03,-12.2));
#4928 = LINE('',#4929,#4930);
#4929 = CARTESIAN_POINT('',(-18.075,13.03,-12.2));
#4930 = VECTOR('',#4931,1.);
#4931 = DIRECTION('',(1.,0.,0.));
#4932 = ORIENTED_EDGE('',*,*,#4933,.T.);
#4933 = EDGE_CURVE('',#4926,#4892,#4934,.T.);
#4934 = LINE('',#4935,#4936);
#4935 = CARTESIAN_POINT('',(-37.52120327386,8.817746858169,-12.2));
#4936 = VECTOR('',#4937,1.);
#4937 = DIRECTION('',(0.,1.,0.));
#4938 = PLANE('',#4939);
#4939 = AXIS2_PLACEMENT_3D('',#4940,#4941,#4942);
#4940 = CARTESIAN_POINT('',(-4.632493799393E-15,-9.702015315709E-15,
    -12.2));
#4941 = DIRECTION('',(0.,0.,1.));
#4942 = DIRECTION('',(1.,0.,0.));
#4943 = ADVANCED_FACE('',(#4944),#4986,.T.);
#4944 = FACE_BOUND('',#4945,.T.);
#4945 = EDGE_LOOP('',(#4946,#4947,#4948,#4956,#4964,#4972,#4980));
#4946 = ORIENTED_EDGE('',*,*,#1624,.F.);
#4947 = ORIENTED_EDGE('',*,*,#4877,.T.);
#4948 = ORIENTED_EDGE('',*,*,#4949,.T.);
#4949 = EDGE_CURVE('',#4870,#4950,#4952,.T.);
#4950 = VERTEX_POINT('',#4951);
#4951 = CARTESIAN_POINT('',(-37.52120327386,23.25,-10.8));
#4952 = LINE('',#4953,#4954);
#4953 = CARTESIAN_POINT('',(-37.52120327386,23.25,-7.625));
#4954 = VECTOR('',#4955,1.);
#4955 = DIRECTION('',(0.,0.,-1.));
#4956 = ORIENTED_EDGE('',*,*,#4957,.T.);
#4957 = EDGE_CURVE('',#4950,#4958,#4960,.T.);
#4958 = VERTEX_POINT('',#4959);
#4959 = CARTESIAN_POINT('',(-37.72120327386,23.25,-10.8));
#4960 = LINE('',#4961,#4962);
#4961 = CARTESIAN_POINT('',(-5.600000000002,23.25,-10.8));
#4962 = VECTOR('',#4963,1.);
#4963 = DIRECTION('',(-1.,0.,0.));
#4964 = ORIENTED_EDGE('',*,*,#4965,.T.);
#4965 = EDGE_CURVE('',#4958,#4966,#4968,.T.);
#4966 = VERTEX_POINT('',#4967);
#4967 = CARTESIAN_POINT('',(-37.52120327386,23.25,-11.55430369211));
#4968 = LINE('',#4969,#4970);
#4969 = CARTESIAN_POINT('',(-38.43549642807,23.25,-8.106030182625));
#4970 = VECTOR('',#4971,1.);
#4971 = DIRECTION('',(0.256289373133,0.,-0.966600102017));
#4972 = ORIENTED_EDGE('',*,*,#4973,.T.);
#4973 = EDGE_CURVE('',#4966,#4974,#4976,.T.);
#4974 = VERTEX_POINT('',#4975);
#4975 = CARTESIAN_POINT('',(-37.52120327386,23.25,-12.2));
#4976 = LINE('',#4977,#4978);
#4977 = CARTESIAN_POINT('',(-37.52120327386,23.25,-7.625));
#4978 = VECTOR('',#4979,1.);
#4979 = DIRECTION('',(0.,0.,-1.));
#4980 = ORIENTED_EDGE('',*,*,#4981,.T.);
#4981 = EDGE_CURVE('',#4974,#1625,#4982,.T.);
#4982 = LINE('',#4983,#4984);
#4983 = CARTESIAN_POINT('',(-19.175,23.25,-12.2));
#4984 = VECTOR('',#4985,1.);
#4985 = DIRECTION('',(-1.,0.,0.));
#4986 = PLANE('',#4987);
#4987 = AXIS2_PLACEMENT_3D('',#4988,#4989,#4990);
#4988 = CARTESIAN_POINT('',(-38.35,23.25,-5.2));
#4989 = DIRECTION('',(0.,1.,0.));
#4990 = DIRECTION('',(0.,0.,-1.));
#4991 = ADVANCED_FACE('',(#4992),#5034,.T.);
#4992 = FACE_BOUND('',#4993,.T.);
#4993 = EDGE_LOOP('',(#4994,#4995,#5003,#5011,#5019,#5027,#5033));
#4994 = ORIENTED_EDGE('',*,*,#1656,.F.);
#4995 = ORIENTED_EDGE('',*,*,#4996,.T.);
#4996 = EDGE_CURVE('',#1649,#4997,#4999,.T.);
#4997 = VERTEX_POINT('',#4998);
#4998 = CARTESIAN_POINT('',(-37.52120327386,14.03,-5.2));
#4999 = LINE('',#5000,#5001);
#5000 = CARTESIAN_POINT('',(-38.35,14.03,-5.2));
#5001 = VECTOR('',#5002,1.);
#5002 = DIRECTION('',(1.,0.,0.));
#5003 = ORIENTED_EDGE('',*,*,#5004,.T.);
#5004 = EDGE_CURVE('',#4997,#5005,#5007,.T.);
#5005 = VERTEX_POINT('',#5006);
#5006 = CARTESIAN_POINT('',(-37.52120327386,14.03,-10.8));
#5007 = LINE('',#5008,#5009);
#5008 = CARTESIAN_POINT('',(-37.52120327386,14.03,-7.625));
#5009 = VECTOR('',#5010,1.);
#5010 = DIRECTION('',(0.,0.,-1.));
#5011 = ORIENTED_EDGE('',*,*,#5012,.T.);
#5012 = EDGE_CURVE('',#5005,#5013,#5015,.T.);
#5013 = VERTEX_POINT('',#5014);
#5014 = CARTESIAN_POINT('',(-37.72120327386,14.03,-10.8));
#5015 = LINE('',#5016,#5017);
#5016 = CARTESIAN_POINT('',(-5.600000000002,14.03,-10.8));
#5017 = VECTOR('',#5018,1.);
#5018 = DIRECTION('',(-1.,0.,0.));
#5019 = ORIENTED_EDGE('',*,*,#5020,.T.);
#5020 = EDGE_CURVE('',#5013,#5021,#5023,.T.);
#5021 = VERTEX_POINT('',#5022);
#5022 = CARTESIAN_POINT('',(-37.52120327386,14.03,-11.55430369211));
#5023 = LINE('',#5024,#5025);
#5024 = CARTESIAN_POINT('',(-38.43549642807,14.03,-8.106030182625));
#5025 = VECTOR('',#5026,1.);
#5026 = DIRECTION('',(0.256289373133,0.,-0.966600102017));
#5027 = ORIENTED_EDGE('',*,*,#5028,.T.);
#5028 = EDGE_CURVE('',#5021,#4892,#5029,.T.);
#5029 = LINE('',#5030,#5031);
#5030 = CARTESIAN_POINT('',(-37.52120327386,14.03,-7.625));
#5031 = VECTOR('',#5032,1.);
#5032 = DIRECTION('',(0.,0.,-1.));
#5033 = ORIENTED_EDGE('',*,*,#4891,.T.);
#5034 = PLANE('',#5035);
#5035 = AXIS2_PLACEMENT_3D('',#5036,#5037,#5038);
#5036 = CARTESIAN_POINT('',(-38.35,14.03,-5.2));
#5037 = DIRECTION('',(0.,1.,0.));
#5038 = DIRECTION('',(0.,0.,-1.));
#5039 = ADVANCED_FACE('',(#5040),#5090,.F.);
#5040 = FACE_BOUND('',#5041,.F.);
#5041 = EDGE_LOOP('',(#5042,#5043,#5044,#5052,#5060,#5068,#5076,#5084));
#5042 = ORIENTED_EDGE('',*,*,#4981,.T.);
#5043 = ORIENTED_EDGE('',*,*,#1632,.T.);
#5044 = ORIENTED_EDGE('',*,*,#5045,.T.);
#5045 = EDGE_CURVE('',#1633,#5046,#5048,.T.);
#5046 = VERTEX_POINT('',#5047);
#5047 = CARTESIAN_POINT('',(-37.52120327386,18.73,-12.2));
#5048 = LINE('',#5049,#5050);
#5049 = CARTESIAN_POINT('',(-19.175,18.73,-12.2));
#5050 = VECTOR('',#5051,1.);
#5051 = DIRECTION('',(1.,0.,0.));
#5052 = ORIENTED_EDGE('',*,*,#5053,.T.);
#5053 = EDGE_CURVE('',#5046,#5054,#5056,.T.);
#5054 = VERTEX_POINT('',#5055);
#5055 = CARTESIAN_POINT('',(-37.52120327386,19.73,-12.2));
#5056 = LINE('',#5057,#5058);
#5057 = CARTESIAN_POINT('',(-37.52120327386,8.817746858169,-12.2));
#5058 = VECTOR('',#5059,1.);
#5059 = DIRECTION('',(0.,1.,0.));
#5060 = ORIENTED_EDGE('',*,*,#5061,.F.);
#5061 = EDGE_CURVE('',#5062,#5054,#5064,.T.);
#5062 = VERTEX_POINT('',#5063);
#5063 = CARTESIAN_POINT('',(-37.35,19.73,-12.2));
#5064 = LINE('',#5065,#5066);
#5065 = CARTESIAN_POINT('',(-18.075,19.73,-12.2));
#5066 = VECTOR('',#5067,1.);
#5067 = DIRECTION('',(-1.,0.,0.));
#5068 = ORIENTED_EDGE('',*,*,#5069,.F.);
#5069 = EDGE_CURVE('',#5070,#5062,#5072,.T.);
#5070 = VERTEX_POINT('',#5071);
#5071 = CARTESIAN_POINT('',(-37.35,21.45,-12.2));
#5072 = LINE('',#5073,#5074);
#5073 = CARTESIAN_POINT('',(-37.35,36.75,-12.2));
#5074 = VECTOR('',#5075,1.);
#5075 = DIRECTION('',(0.,-1.,0.));
#5076 = ORIENTED_EDGE('',*,*,#5077,.F.);
#5077 = EDGE_CURVE('',#5078,#5070,#5080,.T.);
#5078 = VERTEX_POINT('',#5079);
#5079 = CARTESIAN_POINT('',(-37.52120327386,21.45,-12.2));
#5080 = LINE('',#5081,#5082);
#5081 = CARTESIAN_POINT('',(-18.075,21.45,-12.2));
#5082 = VECTOR('',#5083,1.);
#5083 = DIRECTION('',(1.,0.,0.));
#5084 = ORIENTED_EDGE('',*,*,#5085,.T.);
#5085 = EDGE_CURVE('',#5078,#4974,#5086,.T.);
#5086 = LINE('',#5087,#5088);
#5087 = CARTESIAN_POINT('',(-37.52120327386,8.817746858169,-12.2));
#5088 = VECTOR('',#5089,1.);
#5089 = DIRECTION('',(0.,1.,0.));
#5090 = PLANE('',#5091);
#5091 = AXIS2_PLACEMENT_3D('',#5092,#5093,#5094);
#5092 = CARTESIAN_POINT('',(-4.632493799393E-15,-9.702015315709E-15,
    -12.2));
#5093 = DIRECTION('',(0.,0.,1.));
#5094 = DIRECTION('',(1.,0.,0.));
#5095 = ADVANCED_FACE('',(#5096),#5114,.T.);
#5096 = FACE_BOUND('',#5097,.T.);
#5097 = EDGE_LOOP('',(#5098,#5099,#5107,#5113));
#5098 = ORIENTED_EDGE('',*,*,#1648,.F.);
#5099 = ORIENTED_EDGE('',*,*,#5100,.T.);
#5100 = EDGE_CURVE('',#1641,#5101,#5103,.T.);
#5101 = VERTEX_POINT('',#5102);
#5102 = CARTESIAN_POINT('',(-37.52120327386,18.73,-5.2));
#5103 = LINE('',#5104,#5105);
#5104 = CARTESIAN_POINT('',(-38.35,18.73,-5.2));
#5105 = VECTOR('',#5106,1.);
#5106 = DIRECTION('',(1.,0.,0.));
#5107 = ORIENTED_EDGE('',*,*,#5108,.T.);
#5108 = EDGE_CURVE('',#5101,#4997,#5109,.T.);
#5109 = LINE('',#5110,#5111);
#5110 = CARTESIAN_POINT('',(-37.52120327386,18.182746858169,-5.2));
#5111 = VECTOR('',#5112,1.);
#5112 = DIRECTION('',(0.,-1.,0.));
#5113 = ORIENTED_EDGE('',*,*,#4996,.F.);
#5114 = PLANE('',#5115);
#5115 = AXIS2_PLACEMENT_3D('',#5116,#5117,#5118);
#5116 = CARTESIAN_POINT('',(-38.35,18.73,-5.2));
#5117 = DIRECTION('',(0.,0.,-1.));
#5118 = DIRECTION('',(0.,-1.,0.));
#5119 = ADVANCED_FACE('',(#5120),#5155,.T.);
#5120 = FACE_BOUND('',#5121,.T.);
#5121 = EDGE_LOOP('',(#5122,#5123,#5124,#5132,#5140,#5148,#5154));
#5122 = ORIENTED_EDGE('',*,*,#1640,.F.);
#5123 = ORIENTED_EDGE('',*,*,#5045,.T.);
#5124 = ORIENTED_EDGE('',*,*,#5125,.T.);
#5125 = EDGE_CURVE('',#5046,#5126,#5128,.T.);
#5126 = VERTEX_POINT('',#5127);
#5127 = CARTESIAN_POINT('',(-37.52120327386,18.73,-11.55430369211));
#5128 = LINE('',#5129,#5130);
#5129 = CARTESIAN_POINT('',(-37.52120327386,18.73,-11.875));
#5130 = VECTOR('',#5131,1.);
#5131 = DIRECTION('',(0.,0.,1.));
#5132 = ORIENTED_EDGE('',*,*,#5133,.T.);
#5133 = EDGE_CURVE('',#5126,#5134,#5136,.T.);
#5134 = VERTEX_POINT('',#5135);
#5135 = CARTESIAN_POINT('',(-37.72120327386,18.73,-10.8));
#5136 = LINE('',#5137,#5138);
#5137 = CARTESIAN_POINT('',(-37.38264675766,18.73,-12.0768721508));
#5138 = VECTOR('',#5139,1.);
#5139 = DIRECTION('',(-0.256289373133,0.,0.966600102017));
#5140 = ORIENTED_EDGE('',*,*,#5141,.T.);
#5141 = EDGE_CURVE('',#5134,#5142,#5144,.T.);
#5142 = VERTEX_POINT('',#5143);
#5143 = CARTESIAN_POINT('',(-37.52120327386,18.73,-10.8));
#5144 = LINE('',#5145,#5146);
#5145 = CARTESIAN_POINT('',(-5.600000000002,18.73,-10.8));
#5146 = VECTOR('',#5147,1.);
#5147 = DIRECTION('',(1.,0.,0.));
#5148 = ORIENTED_EDGE('',*,*,#5149,.T.);
#5149 = EDGE_CURVE('',#5142,#5101,#5150,.T.);
#5150 = LINE('',#5151,#5152);
#5151 = CARTESIAN_POINT('',(-37.52120327386,18.73,-11.875));
#5152 = VECTOR('',#5153,1.);
#5153 = DIRECTION('',(0.,0.,1.));
#5154 = ORIENTED_EDGE('',*,*,#5100,.F.);
#5155 = PLANE('',#5156);
#5156 = AXIS2_PLACEMENT_3D('',#5157,#5158,#5159);
#5157 = CARTESIAN_POINT('',(-38.35,18.73,-13.7));
#5158 = DIRECTION('',(0.,-1.,0.));
#5159 = DIRECTION('',(0.,0.,1.));
#5160 = ADVANCED_FACE('',(#5161),#5197,.T.);
#5161 = FACE_BOUND('',#5162,.T.);
#5162 = EDGE_LOOP('',(#5163,#5173,#5181,#5187,#5188,#5189,#5190,#5191));
#5163 = ORIENTED_EDGE('',*,*,#5164,.T.);
#5164 = EDGE_CURVE('',#5165,#5167,#5169,.T.);
#5165 = VERTEX_POINT('',#5166);
#5166 = CARTESIAN_POINT('',(-37.52120327386,10.83,-10.8));
#5167 = VERTEX_POINT('',#5168);
#5168 = CARTESIAN_POINT('',(-37.52120327386,10.83,-4.8));
#5169 = LINE('',#5170,#5171);
#5170 = CARTESIAN_POINT('',(-37.52120327386,10.83,-15.3));
#5171 = VECTOR('',#5172,1.);
#5172 = DIRECTION('',(0.,0.,1.));
#5173 = ORIENTED_EDGE('',*,*,#5174,.T.);
#5174 = EDGE_CURVE('',#5167,#5175,#5177,.T.);
#5175 = VERTEX_POINT('',#5176);
#5176 = CARTESIAN_POINT('',(-37.52120327386,4.13,-4.8));
#5177 = LINE('',#5178,#5179);
#5178 = CARTESIAN_POINT('',(-37.52120327386,10.83,-4.8));
#5179 = VECTOR('',#5180,1.);
#5180 = DIRECTION('',(0.,-1.,0.));
#5181 = ORIENTED_EDGE('',*,*,#5182,.T.);
#5182 = EDGE_CURVE('',#5175,#1984,#5183,.T.);
#5183 = LINE('',#5184,#5185);
#5184 = CARTESIAN_POINT('',(-37.52120327386,4.13,-4.8));
#5185 = VECTOR('',#5186,1.);
#5186 = DIRECTION('',(0.,0.,-1.));
#5187 = ORIENTED_EDGE('',*,*,#1991,.T.);
#5188 = ORIENTED_EDGE('',*,*,#1816,.F.);
#5189 = ORIENTED_EDGE('',*,*,#4756,.F.);
#5190 = ORIENTED_EDGE('',*,*,#4852,.F.);
#5191 = ORIENTED_EDGE('',*,*,#5192,.T.);
#5192 = EDGE_CURVE('',#4845,#5165,#5193,.T.);
#5193 = LINE('',#5194,#5195);
#5194 = CARTESIAN_POINT('',(-37.52120327386,27.192746858169,-10.8));
#5195 = VECTOR('',#5196,1.);
#5196 = DIRECTION('',(0.,1.,0.));
#5197 = PLANE('',#5198);
#5198 = AXIS2_PLACEMENT_3D('',#5199,#5200,#5201);
#5199 = CARTESIAN_POINT('',(-37.52120327386,17.635493716338,-10.05));
#5200 = DIRECTION('',(1.,0.,0.));
#5201 = DIRECTION('',(0.,0.,1.));
#5202 = ADVANCED_FACE('',(#5203),#5231,.F.);
#5203 = FACE_BOUND('',#5204,.T.);
#5204 = EDGE_LOOP('',(#5205,#5206,#5214,#5223,#5230));
#5205 = ORIENTED_EDGE('',*,*,#1966,.T.);
#5206 = ORIENTED_EDGE('',*,*,#5207,.T.);
#5207 = EDGE_CURVE('',#1967,#5208,#5210,.T.);
#5208 = VERTEX_POINT('',#5209);
#5209 = CARTESIAN_POINT('',(-36.15,-36.75,-2.2));
#5210 = LINE('',#5211,#5212);
#5211 = CARTESIAN_POINT('',(-36.15,-36.75,-12.2));
#5212 = VECTOR('',#5213,1.);
#5213 = DIRECTION('',(0.,0.,1.));
#5214 = ORIENTED_EDGE('',*,*,#5215,.T.);
#5215 = EDGE_CURVE('',#5208,#5216,#5218,.T.);
#5216 = VERTEX_POINT('',#5217);
#5217 = CARTESIAN_POINT('',(-30.59130487601,-45.06609408017,-2.2));
#5218 = CIRCLE('',#5219,9.);
#5219 = AXIS2_PLACEMENT_3D('',#5220,#5221,#5222);
#5220 = CARTESIAN_POINT('',(-27.15,-36.75,-2.2));
#5221 = DIRECTION('',(0.,0.,1.));
#5222 = DIRECTION('',(1.,0.,0.));
#5223 = ORIENTED_EDGE('',*,*,#5224,.T.);
#5224 = EDGE_CURVE('',#5216,#1867,#5225,.T.);
#5225 = CIRCLE('',#5226,9.);
#5226 = AXIS2_PLACEMENT_3D('',#5227,#5228,#5229);
#5227 = CARTESIAN_POINT('',(-27.15,-36.75,-2.2));
#5228 = DIRECTION('',(0.,0.,1.));
#5229 = DIRECTION('',(1.,0.,0.));
#5230 = ORIENTED_EDGE('',*,*,#1866,.F.);
#5231 = CYLINDRICAL_SURFACE('',#5232,9.);
#5232 = AXIS2_PLACEMENT_3D('',#5233,#5234,#5235);
#5233 = CARTESIAN_POINT('',(-27.15,-36.75,-12.2));
#5234 = DIRECTION('',(-0.,-0.,-1.));
#5235 = DIRECTION('',(1.,0.,0.));
#5236 = ADVANCED_FACE('',(#5237),#5256,.F.);
#5237 = FACE_BOUND('',#5238,.T.);
#5238 = EDGE_LOOP('',(#5239,#5247,#5254,#5255));
#5239 = ORIENTED_EDGE('',*,*,#5240,.T.);
#5240 = EDGE_CURVE('',#5216,#5241,#5243,.T.);
#5241 = VERTEX_POINT('',#5242);
#5242 = CARTESIAN_POINT('',(-30.59130487601,-45.06609408017,-0.6));
#5243 = LINE('',#5244,#5245);
#5244 = CARTESIAN_POINT('',(-30.59130487601,-45.06609408017,-2.2));
#5245 = VECTOR('',#5246,1.);
#5246 = DIRECTION('',(0.,0.,1.));
#5247 = ORIENTED_EDGE('',*,*,#5248,.T.);
#5248 = EDGE_CURVE('',#5241,#1875,#5249,.T.);
#5249 = CIRCLE('',#5250,8.999972729011);
#5250 = AXIS2_PLACEMENT_3D('',#5251,#5252,#5253);
#5251 = CARTESIAN_POINT('',(-27.15000541968,-36.75002727098,-0.6));
#5252 = DIRECTION('',(0.,0.,1.));
#5253 = DIRECTION('',(1.,0.,0.));
#5254 = ORIENTED_EDGE('',*,*,#1874,.F.);
#5255 = ORIENTED_EDGE('',*,*,#5224,.F.);
#5256 = CYLINDRICAL_SURFACE('',#5257,8.999972729011);
#5257 = AXIS2_PLACEMENT_3D('',#5258,#5259,#5260);
#5258 = CARTESIAN_POINT('',(-27.15000541968,-36.75002727098,-2.2));
#5259 = DIRECTION('',(-0.,-0.,-1.));
#5260 = DIRECTION('',(1.,0.,0.));
#5261 = ADVANCED_FACE('',(#5262),#5296,.F.);
#5262 = FACE_BOUND('',#5263,.F.);
#5263 = EDGE_LOOP('',(#5264,#5265,#5274,#5280,#5281,#5282,#5283,#5284,
    #5285,#5286,#5287,#5288,#5289,#5295));
#5264 = ORIENTED_EDGE('',*,*,#1882,.F.);
#5265 = ORIENTED_EDGE('',*,*,#5266,.T.);
#5266 = EDGE_CURVE('',#1883,#5267,#5269,.T.);
#5267 = VERTEX_POINT('',#5268);
#5268 = CARTESIAN_POINT('',(30.1,-45.25279365855,-0.6));
#5269 = CIRCLE('',#5270,9.);
#5270 = AXIS2_PLACEMENT_3D('',#5271,#5272,#5273);
#5271 = CARTESIAN_POINT('',(27.15,-36.75,-0.6));
#5272 = DIRECTION('',(0.,0.,1.));
#5273 = DIRECTION('',(1.,0.,0.));
#5274 = ORIENTED_EDGE('',*,*,#5275,.T.);
#5275 = EDGE_CURVE('',#5267,#3346,#5276,.T.);
#5276 = LINE('',#5277,#5278);
#5277 = CARTESIAN_POINT('',(30.1,-45.25279365855,-0.6));
#5278 = VECTOR('',#5279,1.);
#5279 = DIRECTION('',(0.,1.,0.));
#5280 = ORIENTED_EDGE('',*,*,#3345,.T.);
#5281 = ORIENTED_EDGE('',*,*,#3425,.F.);
#5282 = ORIENTED_EDGE('',*,*,#3468,.F.);
#5283 = ORIENTED_EDGE('',*,*,#3516,.F.);
#5284 = ORIENTED_EDGE('',*,*,#3564,.T.);
#5285 = ORIENTED_EDGE('',*,*,#3540,.T.);
#5286 = ORIENTED_EDGE('',*,*,#3492,.T.);
#5287 = ORIENTED_EDGE('',*,*,#3443,.F.);
#5288 = ORIENTED_EDGE('',*,*,#3394,.T.);
#5289 = ORIENTED_EDGE('',*,*,#5290,.F.);
#5290 = EDGE_CURVE('',#5241,#3387,#5291,.T.);
#5291 = LINE('',#5292,#5293);
#5292 = CARTESIAN_POINT('',(-30.59130487601,-45.06609408017,-0.6));
#5293 = VECTOR('',#5294,1.);
#5294 = DIRECTION('',(0.,1.,0.));
#5295 = ORIENTED_EDGE('',*,*,#5248,.T.);
#5296 = PLANE('',#5297);
#5297 = AXIS2_PLACEMENT_3D('',#5298,#5299,#5300);
#5298 = CARTESIAN_POINT('',(-0.203698775639,-42.05241819691,-0.6));
#5299 = DIRECTION('',(0.,0.,1.));
#5300 = DIRECTION('',(1.,0.,0.));
#5301 = ADVANCED_FACE('',(#5302),#5364,.F.);
#5302 = FACE_BOUND('',#5303,.T.);
#5303 = EDGE_LOOP('',(#5304,#5305,#5306,#5314,#5323,#5331,#5340,#5348,
    #5357,#5363));
#5304 = ORIENTED_EDGE('',*,*,#1890,.T.);
#5305 = ORIENTED_EDGE('',*,*,#5266,.T.);
#5306 = ORIENTED_EDGE('',*,*,#5307,.F.);
#5307 = EDGE_CURVE('',#5308,#5267,#5310,.T.);
#5308 = VERTEX_POINT('',#5309);
#5309 = CARTESIAN_POINT('',(30.1,-45.25279365855,-2.2));
#5310 = LINE('',#5311,#5312);
#5311 = CARTESIAN_POINT('',(30.1,-45.25279365855,-2.2));
#5312 = VECTOR('',#5313,1.);
#5313 = DIRECTION('',(0.,0.,1.));
#5314 = ORIENTED_EDGE('',*,*,#5315,.T.);
#5315 = EDGE_CURVE('',#5308,#5316,#5318,.T.);
#5316 = VERTEX_POINT('',#5317);
#5317 = CARTESIAN_POINT('',(33.042787797876,-43.55257686242,-2.2));
#5318 = CIRCLE('',#5319,9.);
#5319 = AXIS2_PLACEMENT_3D('',#5320,#5321,#5322);
#5320 = CARTESIAN_POINT('',(27.15,-36.75,-2.2));
#5321 = DIRECTION('',(0.,0.,1.));
#5322 = DIRECTION('',(1.,0.,0.));
#5323 = ORIENTED_EDGE('',*,*,#5324,.T.);
#5324 = EDGE_CURVE('',#5316,#5325,#5327,.T.);
#5325 = VERTEX_POINT('',#5326);
#5326 = CARTESIAN_POINT('',(33.042787797876,-43.55257686242,-5.3));
#5327 = LINE('',#5328,#5329);
#5328 = CARTESIAN_POINT('',(33.042787797876,-43.55257686242,-12.2));
#5329 = VECTOR('',#5330,1.);
#5330 = DIRECTION('',(-0.,-0.,-1.));
#5331 = ORIENTED_EDGE('',*,*,#5332,.F.);
#5332 = EDGE_CURVE('',#5333,#5325,#5335,.T.);
#5333 = VERTEX_POINT('',#5334);
#5334 = CARTESIAN_POINT('',(33.77660085675,-42.84000501521,-5.3));
#5335 = CIRCLE('',#5336,9.);
#5336 = AXIS2_PLACEMENT_3D('',#5337,#5338,#5339);
#5337 = CARTESIAN_POINT('',(27.15,-36.75,-5.3));
#5338 = DIRECTION('',(0.,0.,-1.));
#5339 = DIRECTION('',(1.,0.,0.));
#5340 = ORIENTED_EDGE('',*,*,#5341,.F.);
#5341 = EDGE_CURVE('',#5342,#5333,#5344,.T.);
#5342 = VERTEX_POINT('',#5343);
#5343 = CARTESIAN_POINT('',(33.77660085675,-42.84000501521,-2.2));
#5344 = LINE('',#5345,#5346);
#5345 = CARTESIAN_POINT('',(33.77660085675,-42.84000501521,-12.2));
#5346 = VECTOR('',#5347,1.);
#5347 = DIRECTION('',(-0.,-0.,-1.));
#5348 = ORIENTED_EDGE('',*,*,#5349,.T.);
#5349 = EDGE_CURVE('',#5342,#5350,#5352,.T.);
#5350 = VERTEX_POINT('',#5351);
#5351 = CARTESIAN_POINT('',(36.15,-36.75,-2.2));
#5352 = CIRCLE('',#5353,9.);
#5353 = AXIS2_PLACEMENT_3D('',#5354,#5355,#5356);
#5354 = CARTESIAN_POINT('',(27.15,-36.75,-2.2));
#5355 = DIRECTION('',(0.,0.,1.));
#5356 = DIRECTION('',(1.,0.,0.));
#5357 = ORIENTED_EDGE('',*,*,#5358,.F.);
#5358 = EDGE_CURVE('',#1937,#5350,#5359,.T.);
#5359 = LINE('',#5360,#5361);
#5360 = CARTESIAN_POINT('',(36.15,-36.75,-12.2));
#5361 = VECTOR('',#5362,1.);
#5362 = DIRECTION('',(0.,0.,1.));
#5363 = ORIENTED_EDGE('',*,*,#1944,.T.);
#5364 = CYLINDRICAL_SURFACE('',#5365,9.);
#5365 = AXIS2_PLACEMENT_3D('',#5366,#5367,#5368);
#5366 = CARTESIAN_POINT('',(27.15,-36.75,-12.2));
#5367 = DIRECTION('',(-0.,-0.,-1.));
#5368 = DIRECTION('',(1.,0.,0.));
#5369 = ADVANCED_FACE('',(#5370),#5452,.T.);
#5370 = FACE_BOUND('',#5371,.T.);
#5371 = EDGE_LOOP('',(#5372,#5373,#5374,#5382,#5390,#5398,#5406,#5414,
    #5422,#5430,#5438,#5446));
#5372 = ORIENTED_EDGE('',*,*,#1936,.F.);
#5373 = ORIENTED_EDGE('',*,*,#5358,.T.);
#5374 = ORIENTED_EDGE('',*,*,#5375,.T.);
#5375 = EDGE_CURVE('',#5350,#5376,#5378,.T.);
#5376 = VERTEX_POINT('',#5377);
#5377 = CARTESIAN_POINT('',(36.15,36.75,-2.2));
#5378 = LINE('',#5379,#5380);
#5379 = CARTESIAN_POINT('',(36.15,-36.75,-2.2));
#5380 = VECTOR('',#5381,1.);
#5381 = DIRECTION('',(0.,1.,0.));
#5382 = ORIENTED_EDGE('',*,*,#5383,.F.);
#5383 = EDGE_CURVE('',#5384,#5376,#5386,.T.);
#5384 = VERTEX_POINT('',#5385);
#5385 = CARTESIAN_POINT('',(36.15,36.75,-10.8));
#5386 = LINE('',#5387,#5388);
#5387 = CARTESIAN_POINT('',(36.15,36.75,-12.2));
#5388 = VECTOR('',#5389,1.);
#5389 = DIRECTION('',(0.,0.,1.));
#5390 = ORIENTED_EDGE('',*,*,#5391,.F.);
#5391 = EDGE_CURVE('',#5392,#5384,#5394,.T.);
#5392 = VERTEX_POINT('',#5393);
#5393 = CARTESIAN_POINT('',(36.15,19.730000000041,-10.8));
#5394 = LINE('',#5395,#5396);
#5395 = CARTESIAN_POINT('',(36.15,7.105427357601E-15,-10.8));
#5396 = VECTOR('',#5397,1.);
#5397 = DIRECTION('',(0.,1.,0.));
#5398 = ORIENTED_EDGE('',*,*,#5399,.T.);
#5399 = EDGE_CURVE('',#5392,#5400,#5402,.T.);
#5400 = VERTEX_POINT('',#5401);
#5401 = CARTESIAN_POINT('',(36.15,19.730000000041,-4.8));
#5402 = LINE('',#5403,#5404);
#5403 = CARTESIAN_POINT('',(36.15,19.730000000041,-15.3));
#5404 = VECTOR('',#5405,1.);
#5405 = DIRECTION('',(0.,0.,1.));
#5406 = ORIENTED_EDGE('',*,*,#5407,.T.);
#5407 = EDGE_CURVE('',#5400,#5408,#5410,.T.);
#5408 = VERTEX_POINT('',#5409);
#5409 = CARTESIAN_POINT('',(36.15,13.029999999959,-4.8));
#5410 = LINE('',#5411,#5412);
#5411 = CARTESIAN_POINT('',(36.15,19.730000000041,-4.8));
#5412 = VECTOR('',#5413,1.);
#5413 = DIRECTION('',(0.,-1.,0.));
#5414 = ORIENTED_EDGE('',*,*,#5415,.T.);
#5415 = EDGE_CURVE('',#5408,#5416,#5418,.T.);
#5416 = VERTEX_POINT('',#5417);
#5417 = CARTESIAN_POINT('',(36.15,13.029999999959,-10.8));
#5418 = LINE('',#5419,#5420);
#5419 = CARTESIAN_POINT('',(36.15,13.029999999959,-4.8));
#5420 = VECTOR('',#5421,1.);
#5421 = DIRECTION('',(0.,0.,-1.));
#5422 = ORIENTED_EDGE('',*,*,#5423,.F.);
#5423 = EDGE_CURVE('',#5424,#5416,#5426,.T.);
#5424 = VERTEX_POINT('',#5425);
#5425 = CARTESIAN_POINT('',(36.15,10.83,-10.8));
#5426 = LINE('',#5427,#5428);
#5427 = CARTESIAN_POINT('',(36.15,7.105427357601E-15,-10.8));
#5428 = VECTOR('',#5429,1.);
#5429 = DIRECTION('',(0.,1.,0.));
#5430 = ORIENTED_EDGE('',*,*,#5431,.T.);
#5431 = EDGE_CURVE('',#5424,#5432,#5434,.T.);
#5432 = VERTEX_POINT('',#5433);
#5433 = CARTESIAN_POINT('',(36.15,10.83,-4.8));
#5434 = LINE('',#5435,#5436);
#5435 = CARTESIAN_POINT('',(36.15,10.83,-15.3));
#5436 = VECTOR('',#5437,1.);
#5437 = DIRECTION('',(0.,0.,1.));
#5438 = ORIENTED_EDGE('',*,*,#5439,.T.);
#5439 = EDGE_CURVE('',#5432,#5440,#5442,.T.);
#5440 = VERTEX_POINT('',#5441);
#5441 = CARTESIAN_POINT('',(36.15,4.13,-4.8));
#5442 = LINE('',#5443,#5444);
#5443 = CARTESIAN_POINT('',(36.15,10.83,-4.8));
#5444 = VECTOR('',#5445,1.);
#5445 = DIRECTION('',(0.,-1.,0.));
#5446 = ORIENTED_EDGE('',*,*,#5447,.T.);
#5447 = EDGE_CURVE('',#5440,#1929,#5448,.T.);
#5448 = LINE('',#5449,#5450);
#5449 = CARTESIAN_POINT('',(36.15,4.13,-4.8));
#5450 = VECTOR('',#5451,1.);
#5451 = DIRECTION('',(0.,0.,-1.));
#5452 = PLANE('',#5453);
#5453 = AXIS2_PLACEMENT_3D('',#5454,#5455,#5456);
#5454 = CARTESIAN_POINT('',(36.15,-36.75,-12.2));
#5455 = DIRECTION('',(-1.,0.,0.));
#5456 = DIRECTION('',(0.,1.,0.));
#5457 = ADVANCED_FACE('',(#5458),#5469,.T.);
#5458 = FACE_BOUND('',#5459,.T.);
#5459 = EDGE_LOOP('',(#5460,#5461,#5467,#5468));
#5460 = ORIENTED_EDGE('',*,*,#5447,.F.);
#5461 = ORIENTED_EDGE('',*,*,#5462,.T.);
#5462 = EDGE_CURVE('',#5440,#4610,#5463,.T.);
#5463 = LINE('',#5464,#5465);
#5464 = CARTESIAN_POINT('',(36.15,4.13,-4.8));
#5465 = VECTOR('',#5466,1.);
#5466 = DIRECTION('',(1.,0.,0.));
#5467 = ORIENTED_EDGE('',*,*,#4617,.T.);
#5468 = ORIENTED_EDGE('',*,*,#1928,.T.);
#5469 = PLANE('',#5470);
#5470 = AXIS2_PLACEMENT_3D('',#5471,#5472,#5473);
#5471 = CARTESIAN_POINT('',(36.15,4.13,-4.8));
#5472 = DIRECTION('',(0.,1.,0.));
#5473 = DIRECTION('',(0.,0.,-1.));
#5474 = ADVANCED_FACE('',(#5475),#5493,.F.);
#5475 = FACE_BOUND('',#5476,.F.);
#5476 = EDGE_LOOP('',(#5477,#5485,#5491,#5492));
#5477 = ORIENTED_EDGE('',*,*,#5478,.F.);
#5478 = EDGE_CURVE('',#5479,#1976,#5481,.T.);
#5479 = VERTEX_POINT('',#5480);
#5480 = CARTESIAN_POINT('',(-36.15,4.13,-4.8));
#5481 = LINE('',#5482,#5483);
#5482 = CARTESIAN_POINT('',(-36.15,4.13,-4.8));
#5483 = VECTOR('',#5484,1.);
#5484 = DIRECTION('',(0.,0.,-1.));
#5485 = ORIENTED_EDGE('',*,*,#5486,.T.);
#5486 = EDGE_CURVE('',#5479,#5175,#5487,.T.);
#5487 = LINE('',#5488,#5489);
#5488 = CARTESIAN_POINT('',(-36.15,4.13,-4.8));
#5489 = VECTOR('',#5490,1.);
#5490 = DIRECTION('',(-1.,-0.,-0.));
#5491 = ORIENTED_EDGE('',*,*,#5182,.T.);
#5492 = ORIENTED_EDGE('',*,*,#1983,.T.);
#5493 = PLANE('',#5494);
#5494 = AXIS2_PLACEMENT_3D('',#5495,#5496,#5497);
#5495 = CARTESIAN_POINT('',(-36.15,4.13,-4.8));
#5496 = DIRECTION('',(0.,-1.,0.));
#5497 = DIRECTION('',(0.,0.,-1.));
#5498 = ADVANCED_FACE('',(#5499),#5638,.T.);
#5499 = FACE_BOUND('',#5500,.T.);
#5500 = EDGE_LOOP('',(#5501,#5511,#5519,#5527,#5535,#5543,#5551,#5557,
    #5558,#5559,#5560,#5568,#5576,#5584,#5592,#5600,#5608,#5616,#5624,
    #5632));
#5501 = ORIENTED_EDGE('',*,*,#5502,.F.);
#5502 = EDGE_CURVE('',#5503,#5505,#5507,.T.);
#5503 = VERTEX_POINT('',#5504);
#5504 = CARTESIAN_POINT('',(-36.15,36.75,-10.8));
#5505 = VERTEX_POINT('',#5506);
#5506 = CARTESIAN_POINT('',(-36.15,32.25,-10.8));
#5507 = LINE('',#5508,#5509);
#5508 = CARTESIAN_POINT('',(-36.15,36.75,-10.8));
#5509 = VECTOR('',#5510,1.);
#5510 = DIRECTION('',(0.,-1.,0.));
#5511 = ORIENTED_EDGE('',*,*,#5512,.T.);
#5512 = EDGE_CURVE('',#5503,#5513,#5515,.T.);
#5513 = VERTEX_POINT('',#5514);
#5514 = CARTESIAN_POINT('',(-36.15,36.75,-2.2));
#5515 = LINE('',#5516,#5517);
#5516 = CARTESIAN_POINT('',(-36.15,36.75,-12.2));
#5517 = VECTOR('',#5518,1.);
#5518 = DIRECTION('',(0.,0.,1.));
#5519 = ORIENTED_EDGE('',*,*,#5520,.T.);
#5520 = EDGE_CURVE('',#5513,#5521,#5523,.T.);
#5521 = VERTEX_POINT('',#5522);
#5522 = CARTESIAN_POINT('',(-36.15,-34.52879435587,-2.2));
#5523 = LINE('',#5524,#5525);
#5524 = CARTESIAN_POINT('',(-36.15,36.75,-2.2));
#5525 = VECTOR('',#5526,1.);
#5526 = DIRECTION('',(0.,-1.,0.));
#5527 = ORIENTED_EDGE('',*,*,#5528,.F.);
#5528 = EDGE_CURVE('',#5529,#5521,#5531,.T.);
#5529 = VERTEX_POINT('',#5530);
#5530 = CARTESIAN_POINT('',(-36.15,-34.52879435587,-5.3));
#5531 = LINE('',#5532,#5533);
#5532 = CARTESIAN_POINT('',(-36.15,-34.52879435587,-2.2));
#5533 = VECTOR('',#5534,1.);
#5534 = DIRECTION('',(0.,0.,1.));
#5535 = ORIENTED_EDGE('',*,*,#5536,.T.);
#5536 = EDGE_CURVE('',#5529,#5537,#5539,.T.);
#5537 = VERTEX_POINT('',#5538);
#5538 = CARTESIAN_POINT('',(-36.15,-36.43520564412,-5.3));
#5539 = LINE('',#5540,#5541);
#5540 = CARTESIAN_POINT('',(-36.15,19.18125,-5.3));
#5541 = VECTOR('',#5542,1.);
#5542 = DIRECTION('',(0.,-1.,0.));
#5543 = ORIENTED_EDGE('',*,*,#5544,.T.);
#5544 = EDGE_CURVE('',#5537,#5545,#5547,.T.);
#5545 = VERTEX_POINT('',#5546);
#5546 = CARTESIAN_POINT('',(-36.15,-36.43520564412,-2.2));
#5547 = LINE('',#5548,#5549);
#5548 = CARTESIAN_POINT('',(-36.15,-36.43520564412,-2.2));
#5549 = VECTOR('',#5550,1.);
#5550 = DIRECTION('',(0.,0.,1.));
#5551 = ORIENTED_EDGE('',*,*,#5552,.T.);
#5552 = EDGE_CURVE('',#5545,#5208,#5553,.T.);
#5553 = LINE('',#5554,#5555);
#5554 = CARTESIAN_POINT('',(-36.15,36.75,-2.2));
#5555 = VECTOR('',#5556,1.);
#5556 = DIRECTION('',(0.,-1.,0.));
#5557 = ORIENTED_EDGE('',*,*,#5207,.F.);
#5558 = ORIENTED_EDGE('',*,*,#1975,.F.);
#5559 = ORIENTED_EDGE('',*,*,#5478,.F.);
#5560 = ORIENTED_EDGE('',*,*,#5561,.F.);
#5561 = EDGE_CURVE('',#5562,#5479,#5564,.T.);
#5562 = VERTEX_POINT('',#5563);
#5563 = CARTESIAN_POINT('',(-36.15,10.83,-4.8));
#5564 = LINE('',#5565,#5566);
#5565 = CARTESIAN_POINT('',(-36.15,10.83,-4.8));
#5566 = VECTOR('',#5567,1.);
#5567 = DIRECTION('',(0.,-1.,0.));
#5568 = ORIENTED_EDGE('',*,*,#5569,.F.);
#5569 = EDGE_CURVE('',#5570,#5562,#5572,.T.);
#5570 = VERTEX_POINT('',#5571);
#5571 = CARTESIAN_POINT('',(-36.15,10.83,-10.8));
#5572 = LINE('',#5573,#5574);
#5573 = CARTESIAN_POINT('',(-36.15,10.83,-15.3));
#5574 = VECTOR('',#5575,1.);
#5575 = DIRECTION('',(0.,0.,1.));
#5576 = ORIENTED_EDGE('',*,*,#5577,.F.);
#5577 = EDGE_CURVE('',#5578,#5570,#5580,.T.);
#5578 = VERTEX_POINT('',#5579);
#5579 = CARTESIAN_POINT('',(-36.15,13.03,-10.8));
#5580 = LINE('',#5581,#5582);
#5581 = CARTESIAN_POINT('',(-36.15,36.75,-10.8));
#5582 = VECTOR('',#5583,1.);
#5583 = DIRECTION('',(0.,-1.,0.));
#5584 = ORIENTED_EDGE('',*,*,#5585,.F.);
#5585 = EDGE_CURVE('',#5586,#5578,#5588,.T.);
#5586 = VERTEX_POINT('',#5587);
#5587 = CARTESIAN_POINT('',(-36.15,13.03,-4.8));
#5588 = LINE('',#5589,#5590);
#5589 = CARTESIAN_POINT('',(-36.15,13.03,-4.8));
#5590 = VECTOR('',#5591,1.);
#5591 = DIRECTION('',(0.,0.,-1.));
#5592 = ORIENTED_EDGE('',*,*,#5593,.F.);
#5593 = EDGE_CURVE('',#5594,#5586,#5596,.T.);
#5594 = VERTEX_POINT('',#5595);
#5595 = CARTESIAN_POINT('',(-36.15,19.73,-4.8));
#5596 = LINE('',#5597,#5598);
#5597 = CARTESIAN_POINT('',(-36.15,19.73,-4.8));
#5598 = VECTOR('',#5599,1.);
#5599 = DIRECTION('',(0.,-1.,0.));
#5600 = ORIENTED_EDGE('',*,*,#5601,.F.);
#5601 = EDGE_CURVE('',#5602,#5594,#5604,.T.);
#5602 = VERTEX_POINT('',#5603);
#5603 = CARTESIAN_POINT('',(-36.15,19.73,-10.8));
#5604 = LINE('',#5605,#5606);
#5605 = CARTESIAN_POINT('',(-36.15,19.73,-15.3));
#5606 = VECTOR('',#5607,1.);
#5607 = DIRECTION('',(0.,0.,1.));
#5608 = ORIENTED_EDGE('',*,*,#5609,.F.);
#5609 = EDGE_CURVE('',#5610,#5602,#5612,.T.);
#5610 = VERTEX_POINT('',#5611);
#5611 = CARTESIAN_POINT('',(-36.15,21.45,-10.8));
#5612 = LINE('',#5613,#5614);
#5613 = CARTESIAN_POINT('',(-36.15,36.75,-10.8));
#5614 = VECTOR('',#5615,1.);
#5615 = DIRECTION('',(0.,-1.,0.));
#5616 = ORIENTED_EDGE('',*,*,#5617,.F.);
#5617 = EDGE_CURVE('',#5618,#5610,#5620,.T.);
#5618 = VERTEX_POINT('',#5619);
#5619 = CARTESIAN_POINT('',(-36.15,21.45,-4.8));
#5620 = LINE('',#5621,#5622);
#5621 = CARTESIAN_POINT('',(-36.15,21.45,-4.8));
#5622 = VECTOR('',#5623,1.);
#5623 = DIRECTION('',(0.,0.,-1.));
#5624 = ORIENTED_EDGE('',*,*,#5625,.F.);
#5625 = EDGE_CURVE('',#5626,#5618,#5628,.T.);
#5626 = VERTEX_POINT('',#5627);
#5627 = CARTESIAN_POINT('',(-36.15,32.25,-4.8));
#5628 = LINE('',#5629,#5630);
#5629 = CARTESIAN_POINT('',(-36.15,32.25,-4.8));
#5630 = VECTOR('',#5631,1.);
#5631 = DIRECTION('',(0.,-1.,0.));
#5632 = ORIENTED_EDGE('',*,*,#5633,.F.);
#5633 = EDGE_CURVE('',#5505,#5626,#5634,.T.);
#5634 = LINE('',#5635,#5636);
#5635 = CARTESIAN_POINT('',(-36.15,32.25,-15.3));
#5636 = VECTOR('',#5637,1.);
#5637 = DIRECTION('',(0.,0.,1.));
#5638 = PLANE('',#5639);
#5639 = AXIS2_PLACEMENT_3D('',#5640,#5641,#5642);
#5640 = CARTESIAN_POINT('',(-36.15,36.75,-12.2));
#5641 = DIRECTION('',(1.,0.,0.));
#5642 = DIRECTION('',(0.,-1.,0.));
#5643 = ADVANCED_FACE('',(#5644),#5693,.T.);
#5644 = FACE_BOUND('',#5645,.T.);
#5645 = EDGE_LOOP('',(#5646,#5647,#5648,#5649,#5650,#5659,#5668,#5676,
    #5685,#5692));
#5646 = ORIENTED_EDGE('',*,*,#4649,.F.);
#5647 = ORIENTED_EDGE('',*,*,#2422,.F.);
#5648 = ORIENTED_EDGE('',*,*,#2033,.T.);
#5649 = ORIENTED_EDGE('',*,*,#2066,.T.);
#5650 = ORIENTED_EDGE('',*,*,#5651,.T.);
#5651 = EDGE_CURVE('',#2067,#5652,#5654,.T.);
#5652 = VERTEX_POINT('',#5653);
#5653 = CARTESIAN_POINT('',(21.1,47.95,-11.2));
#5654 = CIRCLE('',#5655,2.7);
#5655 = AXIS2_PLACEMENT_3D('',#5656,#5657,#5658);
#5656 = CARTESIAN_POINT('',(18.4,47.95,-11.2));
#5657 = DIRECTION('',(0.,-1.,2.22044604925E-16));
#5658 = DIRECTION('',(1.,0.,0.));
#5659 = ORIENTED_EDGE('',*,*,#5660,.T.);
#5660 = EDGE_CURVE('',#5652,#5661,#5663,.T.);
#5661 = VERTEX_POINT('',#5662);
#5662 = CARTESIAN_POINT('',(15.892012759203,47.95,-12.2));
#5663 = CIRCLE('',#5664,2.7);
#5664 = AXIS2_PLACEMENT_3D('',#5665,#5666,#5667);
#5665 = CARTESIAN_POINT('',(18.4,47.95,-11.2));
#5666 = DIRECTION('',(0.,-1.,2.22044604925E-16));
#5667 = DIRECTION('',(1.,0.,0.));
#5668 = ORIENTED_EDGE('',*,*,#5669,.T.);
#5669 = EDGE_CURVE('',#5661,#5670,#5672,.T.);
#5670 = VERTEX_POINT('',#5671);
#5671 = CARTESIAN_POINT('',(9.155749299439,47.95,-12.2));
#5672 = LINE('',#5673,#5674);
#5673 = CARTESIAN_POINT('',(27.15,47.95,-12.2));
#5674 = VECTOR('',#5675,1.);
#5675 = DIRECTION('',(-1.,0.,0.));
#5676 = ORIENTED_EDGE('',*,*,#5677,.T.);
#5677 = EDGE_CURVE('',#5670,#5678,#5680,.T.);
#5678 = VERTEX_POINT('',#5679);
#5679 = CARTESIAN_POINT('',(9.17,47.95,-11.95));
#5680 = CIRCLE('',#5681,2.2);
#5681 = AXIS2_PLACEMENT_3D('',#5682,#5683,#5684);
#5682 = CARTESIAN_POINT('',(6.97,47.95,-11.95));
#5683 = DIRECTION('',(0.,-1.,2.22044604925E-16));
#5684 = DIRECTION('',(1.,0.,0.));
#5685 = ORIENTED_EDGE('',*,*,#5686,.T.);
#5686 = EDGE_CURVE('',#5678,#4677,#5687,.T.);
#5687 = CIRCLE('',#5688,2.2);
#5688 = AXIS2_PLACEMENT_3D('',#5689,#5690,#5691);
#5689 = CARTESIAN_POINT('',(6.97,47.95,-11.95));
#5690 = DIRECTION('',(0.,-1.,2.22044604925E-16));
#5691 = DIRECTION('',(1.,0.,0.));
#5692 = ORIENTED_EDGE('',*,*,#4684,.T.);
#5693 = PLANE('',#5694);
#5694 = AXIS2_PLACEMENT_3D('',#5695,#5696,#5697);
#5695 = CARTESIAN_POINT('',(27.15,47.95,0.));
#5696 = DIRECTION('',(0.,1.,0.));
#5697 = DIRECTION('',(-1.,0.,0.));
#5698 = ADVANCED_FACE('',(#5699),#5717,.F.);
#5699 = FACE_BOUND('',#5700,.F.);
#5700 = EDGE_LOOP('',(#5701,#5709,#5715,#5716));
#5701 = ORIENTED_EDGE('',*,*,#5702,.T.);
#5702 = EDGE_CURVE('',#2108,#5703,#5705,.T.);
#5703 = VERTEX_POINT('',#5704);
#5704 = CARTESIAN_POINT('',(37.521203273864,19.730000000041,
    -11.5543036921));
#5705 = LINE('',#5706,#5707);
#5706 = CARTESIAN_POINT('',(37.521203273864,19.730000000041,-15.3));
#5707 = VECTOR('',#5708,1.);
#5708 = DIRECTION('',(0.,0.,1.));
#5709 = ORIENTED_EDGE('',*,*,#5710,.T.);
#5710 = EDGE_CURVE('',#5703,#2132,#5711,.T.);
#5711 = LINE('',#5712,#5713);
#5712 = CARTESIAN_POINT('',(37.521203273864,-12.40999999999,
    -11.5543036921));
#5713 = VECTOR('',#5714,1.);
#5714 = DIRECTION('',(0.,-1.,0.));
#5715 = ORIENTED_EDGE('',*,*,#2131,.T.);
#5716 = ORIENTED_EDGE('',*,*,#2115,.T.);
#5717 = PLANE('',#5718);
#5718 = AXIS2_PLACEMENT_3D('',#5719,#5720,#5721);
#5719 = CARTESIAN_POINT('',(37.521203273864,11.930000000011,-10.05));
#5720 = DIRECTION('',(1.,0.,0.));
#5721 = DIRECTION('',(0.,0.,1.));
#5722 = ADVANCED_FACE('',(#5723),#5733,.T.);
#5723 = FACE_BOUND('',#5724,.T.);
#5724 = EDGE_LOOP('',(#5725,#5726,#5727));
#5725 = ORIENTED_EDGE('',*,*,#2107,.T.);
#5726 = ORIENTED_EDGE('',*,*,#5702,.T.);
#5727 = ORIENTED_EDGE('',*,*,#5728,.T.);
#5728 = EDGE_CURVE('',#5703,#2100,#5729,.T.);
#5729 = LINE('',#5730,#5731);
#5730 = CARTESIAN_POINT('',(37.112210623225,19.730000000041,
    -13.09682702421));
#5731 = VECTOR('',#5732,1.);
#5732 = DIRECTION('',(-0.256289373133,-0.,-0.966600102017));
#5733 = PLANE('',#5734);
#5734 = AXIS2_PLACEMENT_3D('',#5735,#5736,#5737);
#5735 = CARTESIAN_POINT('',(36.15,19.730000000041,-15.3));
#5736 = DIRECTION('',(0.,-1.,0.));
#5737 = DIRECTION('',(0.,0.,1.));
#5738 = ADVANCED_FACE('',(#5739),#5758,.F.);
#5739 = FACE_BOUND('',#5740,.F.);
#5740 = EDGE_LOOP('',(#5741,#5742,#5743,#5744,#5745,#5752));
#5741 = ORIENTED_EDGE('',*,*,#2139,.F.);
#5742 = ORIENTED_EDGE('',*,*,#5710,.F.);
#5743 = ORIENTED_EDGE('',*,*,#5728,.T.);
#5744 = ORIENTED_EDGE('',*,*,#2099,.T.);
#5745 = ORIENTED_EDGE('',*,*,#5746,.T.);
#5746 = EDGE_CURVE('',#2091,#5747,#5749,.T.);
#5747 = VERTEX_POINT('',#5748);
#5748 = CARTESIAN_POINT('',(37.721203273861,36.75,-10.8));
#5749 = B_SPLINE_CURVE_WITH_KNOTS('',1,(#5750,#5751),.UNSPECIFIED.,.F.,
  .F.,(2,2),(0.,1.),.PIECEWISE_BEZIER_KNOTS.);
#5750 = CARTESIAN_POINT('',(37.349999999997,36.75,-12.2));
#5751 = CARTESIAN_POINT('',(37.721203273861,36.75,-10.8));
#5752 = ORIENTED_EDGE('',*,*,#5753,.F.);
#5753 = EDGE_CURVE('',#2140,#5747,#5754,.T.);
#5754 = LINE('',#5755,#5756);
#5755 = CARTESIAN_POINT('',(37.721203273861,-36.75,-10.8));
#5756 = VECTOR('',#5757,1.);
#5757 = DIRECTION('',(0.,1.,0.));
#5758 = PLANE('',#5759);
#5759 = AXIS2_PLACEMENT_3D('',#5760,#5761,#5762);
#5760 = CARTESIAN_POINT('',(37.721203273861,-36.75,-10.8));
#5761 = DIRECTION('',(0.966600102017,0.,-0.256289373133));
#5762 = DIRECTION('',(0.,1.,0.));
#5763 = ADVANCED_FACE('',(#5764),#5782,.F.);
#5764 = FACE_BOUND('',#5765,.F.);
#5765 = EDGE_LOOP('',(#5766,#5767,#5774,#5781));
#5766 = ORIENTED_EDGE('',*,*,#2090,.T.);
#5767 = ORIENTED_EDGE('',*,*,#5768,.T.);
#5768 = EDGE_CURVE('',#2083,#5769,#5771,.T.);
#5769 = VERTEX_POINT('',#5770);
#5770 = CARTESIAN_POINT('',(27.149999999997,47.321203273864,-10.8));
#5771 = B_SPLINE_CURVE_WITH_KNOTS('',1,(#5772,#5773),.UNSPECIFIED.,.F.,
  .F.,(2,2),(0.,1.),.PIECEWISE_BEZIER_KNOTS.);
#5772 = CARTESIAN_POINT('',(27.149999999997,46.95,-12.2));
#5773 = CARTESIAN_POINT('',(27.149999999997,47.321203273864,-10.8));
#5774 = ORIENTED_EDGE('',*,*,#5775,.F.);
#5775 = EDGE_CURVE('',#5747,#5769,#5776,.T.);
#5776 = CIRCLE('',#5777,10.571203273864);
#5777 = AXIS2_PLACEMENT_3D('',#5778,#5779,#5780);
#5778 = CARTESIAN_POINT('',(27.149999999997,36.75,-10.8));
#5779 = DIRECTION('',(0.,0.,1.));
#5780 = DIRECTION('',(1.,0.,0.));
#5781 = ORIENTED_EDGE('',*,*,#5746,.F.);
#5782 = CONICAL_SURFACE('',#5783,10.2,0.259181393921);
#5783 = AXIS2_PLACEMENT_3D('',#5784,#5785,#5786);
#5784 = CARTESIAN_POINT('',(27.149999999997,36.75,-12.2));
#5785 = DIRECTION('',(0.,0.,1.));
#5786 = DIRECTION('',(1.,0.,0.));
#5787 = ADVANCED_FACE('',(#5788),#5816,.F.);
#5788 = FACE_BOUND('',#5789,.F.);
#5789 = EDGE_LOOP('',(#5790,#5791,#5792,#5801,#5810));
#5790 = ORIENTED_EDGE('',*,*,#5768,.F.);
#5791 = ORIENTED_EDGE('',*,*,#2082,.T.);
#5792 = ORIENTED_EDGE('',*,*,#5793,.F.);
#5793 = EDGE_CURVE('',#5794,#2075,#5796,.T.);
#5794 = VERTEX_POINT('',#5795);
#5795 = CARTESIAN_POINT('',(21.1,47.215145195617,-11.2));
#5796 = ELLIPSE('',#5797,2.793295794575,2.7);
#5797 = AXIS2_PLACEMENT_3D('',#5798,#5799,#5800);
#5798 = CARTESIAN_POINT('',(18.4,47.215145195617,-11.2));
#5799 = DIRECTION('',(0.,0.966600102017,-0.256289373133));
#5800 = DIRECTION('',(0.,0.256289373133,0.966600102017));
#5801 = ORIENTED_EDGE('',*,*,#5802,.F.);
#5802 = EDGE_CURVE('',#5803,#5794,#5805,.T.);
#5803 = VERTEX_POINT('',#5804);
#5804 = CARTESIAN_POINT('',(21.070205984564,47.321203273864,-10.8));
#5805 = ELLIPSE('',#5806,2.793295794575,2.7);
#5806 = AXIS2_PLACEMENT_3D('',#5807,#5808,#5809);
#5807 = CARTESIAN_POINT('',(18.4,47.215145195617,-11.2));
#5808 = DIRECTION('',(0.,0.966600102017,-0.256289373133));
#5809 = DIRECTION('',(0.,0.256289373133,0.966600102017));
#5810 = ORIENTED_EDGE('',*,*,#5811,.F.);
#5811 = EDGE_CURVE('',#5769,#5803,#5812,.T.);
#5812 = LINE('',#5813,#5814);
#5813 = CARTESIAN_POINT('',(27.149999999997,47.321203273864,-10.8));
#5814 = VECTOR('',#5815,1.);
#5815 = DIRECTION('',(-1.,0.,0.));
#5816 = PLANE('',#5817);
#5817 = AXIS2_PLACEMENT_3D('',#5818,#5819,#5820);
#5818 = CARTESIAN_POINT('',(27.149999999997,47.321203273864,-10.8));
#5819 = DIRECTION('',(0.,0.966600102017,-0.256289373133));
#5820 = DIRECTION('',(-1.,0.,0.));
#5821 = ADVANCED_FACE('',(#5822),#5869,.F.);
#5822 = FACE_BOUND('',#5823,.T.);
#5823 = EDGE_LOOP('',(#5824,#5825,#5826,#5827,#5828,#5836,#5845,#5853,
    #5862,#5868));
#5824 = ORIENTED_EDGE('',*,*,#5651,.F.);
#5825 = ORIENTED_EDGE('',*,*,#2074,.F.);
#5826 = ORIENTED_EDGE('',*,*,#5793,.F.);
#5827 = ORIENTED_EDGE('',*,*,#5802,.F.);
#5828 = ORIENTED_EDGE('',*,*,#5829,.F.);
#5829 = EDGE_CURVE('',#5830,#5803,#5832,.T.);
#5830 = VERTEX_POINT('',#5831);
#5831 = CARTESIAN_POINT('',(21.070205984564,45.75,-10.8));
#5832 = LINE('',#5833,#5834);
#5833 = CARTESIAN_POINT('',(21.070205984564,47.95,-10.8));
#5834 = VECTOR('',#5835,1.);
#5835 = DIRECTION('',(0.,1.,-2.22044604925E-16));
#5836 = ORIENTED_EDGE('',*,*,#5837,.T.);
#5837 = EDGE_CURVE('',#5830,#5838,#5840,.T.);
#5838 = VERTEX_POINT('',#5839);
#5839 = CARTESIAN_POINT('',(15.729794015436,45.75,-10.8));
#5840 = CIRCLE('',#5841,2.7);
#5841 = AXIS2_PLACEMENT_3D('',#5842,#5843,#5844);
#5842 = CARTESIAN_POINT('',(18.4,45.75,-11.2));
#5843 = DIRECTION('',(0.,-1.,2.22044604925E-16));
#5844 = DIRECTION('',(1.,0.,0.));
#5845 = ORIENTED_EDGE('',*,*,#5846,.T.);
#5846 = EDGE_CURVE('',#5838,#5847,#5849,.T.);
#5847 = VERTEX_POINT('',#5848);
#5848 = CARTESIAN_POINT('',(15.729794015436,47.321203273864,-10.8));
#5849 = LINE('',#5850,#5851);
#5850 = CARTESIAN_POINT('',(15.729794015436,47.95,-10.8));
#5851 = VECTOR('',#5852,1.);
#5852 = DIRECTION('',(0.,1.,-2.22044604925E-16));
#5853 = ORIENTED_EDGE('',*,*,#5854,.F.);
#5854 = EDGE_CURVE('',#5855,#5847,#5857,.T.);
#5855 = VERTEX_POINT('',#5856);
#5856 = CARTESIAN_POINT('',(15.892012759203,46.95,-12.2));
#5857 = ELLIPSE('',#5858,2.793295794575,2.7);
#5858 = AXIS2_PLACEMENT_3D('',#5859,#5860,#5861);
#5859 = CARTESIAN_POINT('',(18.4,47.215145195617,-11.2));
#5860 = DIRECTION('',(0.,0.966600102017,-0.256289373133));
#5861 = DIRECTION('',(0.,0.256289373133,0.966600102017));
#5862 = ORIENTED_EDGE('',*,*,#5863,.T.);
#5863 = EDGE_CURVE('',#5855,#5661,#5864,.T.);
#5864 = LINE('',#5865,#5866);
#5865 = CARTESIAN_POINT('',(15.892012759203,47.95,-12.2));
#5866 = VECTOR('',#5867,1.);
#5867 = DIRECTION('',(0.,1.,-2.22044604925E-16));
#5868 = ORIENTED_EDGE('',*,*,#5660,.F.);
#5869 = CYLINDRICAL_SURFACE('',#5870,2.7);
#5870 = AXIS2_PLACEMENT_3D('',#5871,#5872,#5873);
#5871 = CARTESIAN_POINT('',(18.4,47.95,-11.2));
#5872 = DIRECTION('',(0.,1.,-2.22044604925E-16));
#5873 = DIRECTION('',(1.,0.,0.));
#5874 = ADVANCED_FACE('',(#5875),#5918,.F.);
#5875 = FACE_BOUND('',#5876,.F.);
#5876 = EDGE_LOOP('',(#5877,#5887,#5895,#5901,#5902,#5903,#5904,#5912));
#5877 = ORIENTED_EDGE('',*,*,#5878,.T.);
#5878 = EDGE_CURVE('',#5879,#5881,#5883,.T.);
#5879 = VERTEX_POINT('',#5880);
#5880 = CARTESIAN_POINT('',(37.521203273864,19.730000000041,-4.8));
#5881 = VERTEX_POINT('',#5882);
#5882 = CARTESIAN_POINT('',(37.521203273864,13.029999999959,-4.8));
#5883 = LINE('',#5884,#5885);
#5884 = CARTESIAN_POINT('',(37.521203273864,19.730000000041,-4.8));
#5885 = VECTOR('',#5886,1.);
#5886 = DIRECTION('',(0.,-1.,0.));
#5887 = ORIENTED_EDGE('',*,*,#5888,.T.);
#5888 = EDGE_CURVE('',#5881,#5889,#5891,.T.);
#5889 = VERTEX_POINT('',#5890);
#5890 = CARTESIAN_POINT('',(37.521203273864,13.029999999959,-10.8));
#5891 = LINE('',#5892,#5893);
#5892 = CARTESIAN_POINT('',(37.521203273864,13.029999999959,-4.8));
#5893 = VECTOR('',#5894,1.);
#5894 = DIRECTION('',(0.,0.,-1.));
#5895 = ORIENTED_EDGE('',*,*,#5896,.T.);
#5896 = EDGE_CURVE('',#5889,#2204,#5897,.T.);
#5897 = LINE('',#5898,#5899);
#5898 = CARTESIAN_POINT('',(37.521203273864,24.340000000005,-10.8));
#5899 = VECTOR('',#5900,1.);
#5900 = DIRECTION('',(0.,1.,0.));
#5901 = ORIENTED_EDGE('',*,*,#2203,.T.);
#5902 = ORIENTED_EDGE('',*,*,#2179,.T.);
#5903 = ORIENTED_EDGE('',*,*,#2155,.T.);
#5904 = ORIENTED_EDGE('',*,*,#5905,.T.);
#5905 = EDGE_CURVE('',#2148,#5906,#5908,.T.);
#5906 = VERTEX_POINT('',#5907);
#5907 = CARTESIAN_POINT('',(37.521203273864,19.730000000041,-10.8));
#5908 = LINE('',#5909,#5910);
#5909 = CARTESIAN_POINT('',(37.521203273864,24.340000000005,-10.8));
#5910 = VECTOR('',#5911,1.);
#5911 = DIRECTION('',(0.,1.,0.));
#5912 = ORIENTED_EDGE('',*,*,#5913,.T.);
#5913 = EDGE_CURVE('',#5906,#5879,#5914,.T.);
#5914 = LINE('',#5915,#5916);
#5915 = CARTESIAN_POINT('',(37.521203273864,19.730000000041,-15.3));
#5916 = VECTOR('',#5917,1.);
#5917 = DIRECTION('',(0.,0.,1.));
#5918 = PLANE('',#5919);
#5919 = AXIS2_PLACEMENT_3D('',#5920,#5921,#5922);
#5920 = CARTESIAN_POINT('',(37.521203273864,11.930000000011,-10.05));
#5921 = DIRECTION('',(1.,0.,0.));
#5922 = DIRECTION('',(0.,0.,1.));
#5923 = ADVANCED_FACE('',(#5924),#5954,.F.);
#5924 = FACE_BOUND('',#5925,.F.);
#5925 = EDGE_LOOP('',(#5926,#5927,#5928,#5929,#5930,#5931,#5939,#5946,
    #5947,#5953));
#5926 = ORIENTED_EDGE('',*,*,#2147,.F.);
#5927 = ORIENTED_EDGE('',*,*,#5753,.T.);
#5928 = ORIENTED_EDGE('',*,*,#5775,.T.);
#5929 = ORIENTED_EDGE('',*,*,#5811,.T.);
#5930 = ORIENTED_EDGE('',*,*,#5829,.F.);
#5931 = ORIENTED_EDGE('',*,*,#5932,.F.);
#5932 = EDGE_CURVE('',#5933,#5830,#5935,.T.);
#5933 = VERTEX_POINT('',#5934);
#5934 = CARTESIAN_POINT('',(27.15,45.75,-10.8));
#5935 = LINE('',#5936,#5937);
#5936 = CARTESIAN_POINT('',(27.149999999998,45.75,-10.8));
#5937 = VECTOR('',#5938,1.);
#5938 = DIRECTION('',(-1.,0.,0.));
#5939 = ORIENTED_EDGE('',*,*,#5940,.T.);
#5940 = EDGE_CURVE('',#5933,#5384,#5941,.T.);
#5941 = CIRCLE('',#5942,9.);
#5942 = AXIS2_PLACEMENT_3D('',#5943,#5944,#5945);
#5943 = CARTESIAN_POINT('',(27.15,36.75,-10.8));
#5944 = DIRECTION('',(0.,0.,-1.));
#5945 = DIRECTION('',(1.,0.,0.));
#5946 = ORIENTED_EDGE('',*,*,#5391,.F.);
#5947 = ORIENTED_EDGE('',*,*,#5948,.T.);
#5948 = EDGE_CURVE('',#5392,#5906,#5949,.T.);
#5949 = LINE('',#5950,#5951);
#5950 = CARTESIAN_POINT('',(31.649999999998,19.730000000041,-10.8));
#5951 = VECTOR('',#5952,1.);
#5952 = DIRECTION('',(1.,0.,0.));
#5953 = ORIENTED_EDGE('',*,*,#5905,.F.);
#5954 = PLANE('',#5955);
#5955 = AXIS2_PLACEMENT_3D('',#5956,#5957,#5958);
#5956 = CARTESIAN_POINT('',(27.149999999997,36.75,-10.8));
#5957 = DIRECTION('',(0.,0.,1.));
#5958 = DIRECTION('',(1.,0.,0.));
#5959 = ADVANCED_FACE('',(#5960),#5978,.F.);
#5960 = FACE_BOUND('',#5961,.F.);
#5961 = EDGE_LOOP('',(#5962,#5970,#5976,#5977));
#5962 = ORIENTED_EDGE('',*,*,#5963,.T.);
#5963 = EDGE_CURVE('',#2220,#5964,#5966,.T.);
#5964 = VERTEX_POINT('',#5965);
#5965 = CARTESIAN_POINT('',(37.521203273864,13.029999999959,
    -11.5543036921));
#5966 = LINE('',#5967,#5968);
#5967 = CARTESIAN_POINT('',(37.521203273864,-12.40999999999,
    -11.5543036921));
#5968 = VECTOR('',#5969,1.);
#5969 = DIRECTION('',(0.,-1.,0.));
#5970 = ORIENTED_EDGE('',*,*,#5971,.T.);
#5971 = EDGE_CURVE('',#5964,#2284,#5972,.T.);
#5972 = LINE('',#5973,#5974);
#5973 = CARTESIAN_POINT('',(37.521203273864,13.029999999959,-4.8));
#5974 = VECTOR('',#5975,1.);
#5975 = DIRECTION('',(0.,0.,-1.));
#5976 = ORIENTED_EDGE('',*,*,#2283,.T.);
#5977 = ORIENTED_EDGE('',*,*,#2227,.T.);
#5978 = PLANE('',#5979);
#5979 = AXIS2_PLACEMENT_3D('',#5980,#5981,#5982);
#5980 = CARTESIAN_POINT('',(37.521203273864,11.930000000011,-10.05));
#5981 = DIRECTION('',(1.,0.,0.));
#5982 = DIRECTION('',(0.,0.,1.));
#5983 = ADVANCED_FACE('',(#5984),#6016,.F.);
#5984 = FACE_BOUND('',#5985,.F.);
#5985 = EDGE_LOOP('',(#5986,#5987,#5995,#6001,#6002,#6008,#6009,#6010));
#5986 = ORIENTED_EDGE('',*,*,#2339,.F.);
#5987 = ORIENTED_EDGE('',*,*,#5988,.F.);
#5988 = EDGE_CURVE('',#5989,#2332,#5991,.T.);
#5989 = VERTEX_POINT('',#5990);
#5990 = CARTESIAN_POINT('',(37.521203273864,10.83,-11.5543036921));
#5991 = LINE('',#5992,#5993);
#5992 = CARTESIAN_POINT('',(37.521203273864,-12.40999999999,
    -11.5543036921));
#5993 = VECTOR('',#5994,1.);
#5994 = DIRECTION('',(0.,-1.,0.));
#5995 = ORIENTED_EDGE('',*,*,#5996,.T.);
#5996 = EDGE_CURVE('',#5989,#2300,#5997,.T.);
#5997 = LINE('',#5998,#5999);
#5998 = CARTESIAN_POINT('',(37.112210623225,10.83,-13.09682702421));
#5999 = VECTOR('',#6000,1.);
#6000 = DIRECTION('',(-0.256289373133,-0.,-0.966600102017));
#6001 = ORIENTED_EDGE('',*,*,#2299,.T.);
#6002 = ORIENTED_EDGE('',*,*,#6003,.T.);
#6003 = EDGE_CURVE('',#2292,#5964,#6004,.T.);
#6004 = LINE('',#6005,#6006);
#6005 = CARTESIAN_POINT('',(38.41278962786,13.029999999959,
    -8.191669298819));
#6006 = VECTOR('',#6007,1.);
#6007 = DIRECTION('',(0.256289373133,0.,0.966600102017));
#6008 = ORIENTED_EDGE('',*,*,#5963,.F.);
#6009 = ORIENTED_EDGE('',*,*,#2219,.F.);
#6010 = ORIENTED_EDGE('',*,*,#6011,.F.);
#6011 = EDGE_CURVE('',#2340,#2212,#6012,.T.);
#6012 = LINE('',#6013,#6014);
#6013 = CARTESIAN_POINT('',(37.721203273861,-36.75,-10.8));
#6014 = VECTOR('',#6015,1.);
#6015 = DIRECTION('',(0.,1.,0.));
#6016 = PLANE('',#6017);
#6017 = AXIS2_PLACEMENT_3D('',#6018,#6019,#6020);
#6018 = CARTESIAN_POINT('',(37.721203273861,-36.75,-10.8));
#6019 = DIRECTION('',(0.966600102017,0.,-0.256289373133));
#6020 = DIRECTION('',(0.,1.,0.));
#6021 = ADVANCED_FACE('',(#6022),#6042,.F.);
#6022 = FACE_BOUND('',#6023,.F.);
#6023 = EDGE_LOOP('',(#6024,#6025,#6026,#6027,#6028,#6034,#6035,#6041));
#6024 = ORIENTED_EDGE('',*,*,#2347,.F.);
#6025 = ORIENTED_EDGE('',*,*,#6011,.T.);
#6026 = ORIENTED_EDGE('',*,*,#2211,.F.);
#6027 = ORIENTED_EDGE('',*,*,#5896,.F.);
#6028 = ORIENTED_EDGE('',*,*,#6029,.T.);
#6029 = EDGE_CURVE('',#5889,#5416,#6030,.T.);
#6030 = LINE('',#6031,#6032);
#6031 = CARTESIAN_POINT('',(31.649999999998,13.029999999959,-10.8));
#6032 = VECTOR('',#6033,1.);
#6033 = DIRECTION('',(-1.,0.,0.));
#6034 = ORIENTED_EDGE('',*,*,#5423,.F.);
#6035 = ORIENTED_EDGE('',*,*,#6036,.T.);
#6036 = EDGE_CURVE('',#5424,#4628,#6037,.T.);
#6037 = LINE('',#6038,#6039);
#6038 = CARTESIAN_POINT('',(31.649999999998,10.83,-10.8));
#6039 = VECTOR('',#6040,1.);
#6040 = DIRECTION('',(1.,0.,0.));
#6041 = ORIENTED_EDGE('',*,*,#4627,.F.);
#6042 = PLANE('',#6043);
#6043 = AXIS2_PLACEMENT_3D('',#6044,#6045,#6046);
#6044 = CARTESIAN_POINT('',(27.149999999997,36.75,-10.8));
#6045 = DIRECTION('',(0.,0.,1.));
#6046 = DIRECTION('',(1.,0.,0.));
#6047 = ADVANCED_FACE('',(#6048),#6059,.F.);
#6048 = FACE_BOUND('',#6049,.F.);
#6049 = EDGE_LOOP('',(#6050,#6056,#6057,#6058));
#6050 = ORIENTED_EDGE('',*,*,#6051,.T.);
#6051 = EDGE_CURVE('',#2308,#5989,#6052,.T.);
#6052 = LINE('',#6053,#6054);
#6053 = CARTESIAN_POINT('',(37.521203273864,10.83,-15.3));
#6054 = VECTOR('',#6055,1.);
#6055 = DIRECTION('',(0.,0.,1.));
#6056 = ORIENTED_EDGE('',*,*,#5988,.T.);
#6057 = ORIENTED_EDGE('',*,*,#2331,.T.);
#6058 = ORIENTED_EDGE('',*,*,#2315,.T.);
#6059 = PLANE('',#6060);
#6060 = AXIS2_PLACEMENT_3D('',#6061,#6062,#6063);
#6061 = CARTESIAN_POINT('',(37.521203273864,11.930000000011,-10.05));
#6062 = DIRECTION('',(1.,0.,0.));
#6063 = DIRECTION('',(0.,0.,1.));
#6064 = ADVANCED_FACE('',(#6065),#6070,.T.);
#6065 = FACE_BOUND('',#6066,.T.);
#6066 = EDGE_LOOP('',(#6067,#6068,#6069));
#6067 = ORIENTED_EDGE('',*,*,#2307,.T.);
#6068 = ORIENTED_EDGE('',*,*,#6051,.T.);
#6069 = ORIENTED_EDGE('',*,*,#5996,.T.);
#6070 = PLANE('',#6071);
#6071 = AXIS2_PLACEMENT_3D('',#6072,#6073,#6074);
#6072 = CARTESIAN_POINT('',(36.15,10.83,-15.3));
#6073 = DIRECTION('',(0.,-1.,0.));
#6074 = DIRECTION('',(0.,0.,1.));
#6075 = ADVANCED_FACE('',(#6076),#6081,.T.);
#6076 = FACE_BOUND('',#6077,.T.);
#6077 = EDGE_LOOP('',(#6078,#6079,#6080));
#6078 = ORIENTED_EDGE('',*,*,#6003,.T.);
#6079 = ORIENTED_EDGE('',*,*,#5971,.T.);
#6080 = ORIENTED_EDGE('',*,*,#2291,.T.);
#6081 = PLANE('',#6082);
#6082 = AXIS2_PLACEMENT_3D('',#6083,#6084,#6085);
#6083 = CARTESIAN_POINT('',(36.15,13.029999999959,-4.8));
#6084 = DIRECTION('',(0.,1.,0.));
#6085 = DIRECTION('',(0.,0.,-1.));
#6086 = ADVANCED_FACE('',(#6087),#6098,.F.);
#6087 = FACE_BOUND('',#6088,.F.);
#6088 = EDGE_LOOP('',(#6089,#6090,#6091,#6097));
#6089 = ORIENTED_EDGE('',*,*,#2452,.F.);
#6090 = ORIENTED_EDGE('',*,*,#2654,.T.);
#6091 = ORIENTED_EDGE('',*,*,#6092,.T.);
#6092 = EDGE_CURVE('',#2646,#2490,#6093,.T.);
#6093 = LINE('',#6094,#6095);
#6094 = CARTESIAN_POINT('',(-14.8,46.85,-1.1));
#6095 = VECTOR('',#6096,1.);
#6096 = DIRECTION('',(-1.,0.,0.));
#6097 = ORIENTED_EDGE('',*,*,#2489,.F.);
#6098 = PLANE('',#6099);
#6099 = AXIS2_PLACEMENT_3D('',#6100,#6101,#6102);
#6100 = CARTESIAN_POINT('',(-14.8,46.85,0.));
#6101 = DIRECTION('',(0.,1.,0.));
#6102 = DIRECTION('',(-1.,0.,0.));
#6103 = ADVANCED_FACE('',(#6104),#6114,.T.);
#6104 = FACE_BOUND('',#6105,.T.);
#6105 = EDGE_LOOP('',(#6106,#6107,#6108,#6109,#6110,#6111,#6112,#6113));
#6106 = ORIENTED_EDGE('',*,*,#2522,.T.);
#6107 = ORIENTED_EDGE('',*,*,#2546,.T.);
#6108 = ORIENTED_EDGE('',*,*,#2571,.T.);
#6109 = ORIENTED_EDGE('',*,*,#2595,.T.);
#6110 = ORIENTED_EDGE('',*,*,#2620,.T.);
#6111 = ORIENTED_EDGE('',*,*,#2645,.T.);
#6112 = ORIENTED_EDGE('',*,*,#6092,.T.);
#6113 = ORIENTED_EDGE('',*,*,#2497,.T.);
#6114 = PLANE('',#6115);
#6115 = AXIS2_PLACEMENT_3D('',#6116,#6117,#6118);
#6116 = CARTESIAN_POINT('',(-15.,41.70963841157,-1.1));
#6117 = DIRECTION('',(0.,0.,1.));
#6118 = DIRECTION('',(1.,0.,0.));
#6119 = ADVANCED_FACE('',(#6120,#6279,#6349),#6383,.F.);
#6120 = FACE_BOUND('',#6121,.F.);
#6121 = EDGE_LOOP('',(#6122,#6128,#6129,#6138,#6145,#6146,#6147,#6156,
    #6165,#6174,#6183,#6191,#6200,#6209,#6218,#6225,#6226,#6235,#6242,
    #6243,#6244,#6250,#6251,#6252,#6253,#6254,#6255,#6256,#6257,#6258,
    #6259,#6260,#6261,#6262,#6263,#6264,#6265,#6266,#6267,#6268,#6269,
    #6270,#6271,#6272,#6273,#6274,#6275,#6276,#6277,#6278));
#6122 = ORIENTED_EDGE('',*,*,#6123,.F.);
#6123 = EDGE_CURVE('',#5308,#3354,#6124,.T.);
#6124 = LINE('',#6125,#6126);
#6125 = CARTESIAN_POINT('',(30.1,-45.25279365855,-2.2));
#6126 = VECTOR('',#6127,1.);
#6127 = DIRECTION('',(0.,1.,0.));
#6128 = ORIENTED_EDGE('',*,*,#5315,.T.);
#6129 = ORIENTED_EDGE('',*,*,#6130,.F.);
#6130 = EDGE_CURVE('',#6131,#5316,#6133,.T.);
#6131 = VERTEX_POINT('',#6132);
#6132 = CARTESIAN_POINT('',(34.017,-41.932,-2.2));
#6133 = CIRCLE('',#6134,1.835);
#6134 = AXIS2_PLACEMENT_3D('',#6135,#6136,#6137);
#6135 = CARTESIAN_POINT('',(32.182,-41.932,-2.2));
#6136 = DIRECTION('',(0.,0.,1.));
#6137 = DIRECTION('',(1.,0.,0.));
#6138 = ORIENTED_EDGE('',*,*,#6139,.F.);
#6139 = EDGE_CURVE('',#5342,#6131,#6140,.T.);
#6140 = CIRCLE('',#6141,1.835);
#6141 = AXIS2_PLACEMENT_3D('',#6142,#6143,#6144);
#6142 = CARTESIAN_POINT('',(32.182,-41.932,-2.2));
#6143 = DIRECTION('',(0.,0.,1.));
#6144 = DIRECTION('',(1.,0.,0.));
#6145 = ORIENTED_EDGE('',*,*,#5349,.T.);
#6146 = ORIENTED_EDGE('',*,*,#5375,.T.);
#6147 = ORIENTED_EDGE('',*,*,#6148,.T.);
#6148 = EDGE_CURVE('',#5376,#6149,#6151,.T.);
#6149 = VERTEX_POINT('',#6150);
#6150 = CARTESIAN_POINT('',(33.77660085675,42.840005015213,-2.2));
#6151 = CIRCLE('',#6152,9.);
#6152 = AXIS2_PLACEMENT_3D('',#6153,#6154,#6155);
#6153 = CARTESIAN_POINT('',(27.15,36.75,-2.2));
#6154 = DIRECTION('',(0.,0.,1.));
#6155 = DIRECTION('',(1.,0.,0.));
#6156 = ORIENTED_EDGE('',*,*,#6157,.F.);
#6157 = EDGE_CURVE('',#6158,#6149,#6160,.T.);
#6158 = VERTEX_POINT('',#6159);
#6159 = CARTESIAN_POINT('',(34.017,41.932,-2.2));
#6160 = CIRCLE('',#6161,1.835);
#6161 = AXIS2_PLACEMENT_3D('',#6162,#6163,#6164);
#6162 = CARTESIAN_POINT('',(32.182,41.932,-2.2));
#6163 = DIRECTION('',(0.,0.,1.));
#6164 = DIRECTION('',(1.,0.,0.));
#6165 = ORIENTED_EDGE('',*,*,#6166,.F.);
#6166 = EDGE_CURVE('',#6167,#6158,#6169,.T.);
#6167 = VERTEX_POINT('',#6168);
#6168 = CARTESIAN_POINT('',(33.042787797876,43.552576862425,-2.2));
#6169 = CIRCLE('',#6170,1.835);
#6170 = AXIS2_PLACEMENT_3D('',#6171,#6172,#6173);
#6171 = CARTESIAN_POINT('',(32.182,41.932,-2.2));
#6172 = DIRECTION('',(0.,0.,1.));
#6173 = DIRECTION('',(1.,0.,0.));
#6174 = ORIENTED_EDGE('',*,*,#6175,.T.);
#6175 = EDGE_CURVE('',#6167,#6176,#6178,.T.);
#6176 = VERTEX_POINT('',#6177);
#6177 = CARTESIAN_POINT('',(27.15,45.75,-2.2));
#6178 = CIRCLE('',#6179,9.);
#6179 = AXIS2_PLACEMENT_3D('',#6180,#6181,#6182);
#6180 = CARTESIAN_POINT('',(27.15,36.75,-2.2));
#6181 = DIRECTION('',(0.,0.,1.));
#6182 = DIRECTION('',(1.,0.,0.));
#6183 = ORIENTED_EDGE('',*,*,#6184,.T.);
#6184 = EDGE_CURVE('',#6176,#6185,#6187,.T.);
#6185 = VERTEX_POINT('',#6186);
#6186 = CARTESIAN_POINT('',(-27.15,45.75,-2.2));
#6187 = LINE('',#6188,#6189);
#6188 = CARTESIAN_POINT('',(27.15,45.75,-2.2));
#6189 = VECTOR('',#6190,1.);
#6190 = DIRECTION('',(-1.,0.,0.));
#6191 = ORIENTED_EDGE('',*,*,#6192,.T.);
#6192 = EDGE_CURVE('',#6185,#6193,#6195,.T.);
#6193 = VERTEX_POINT('',#6194);
#6194 = CARTESIAN_POINT('',(-33.04278779787,43.552576862425,-2.2));
#6195 = CIRCLE('',#6196,9.);
#6196 = AXIS2_PLACEMENT_3D('',#6197,#6198,#6199);
#6197 = CARTESIAN_POINT('',(-27.15,36.75,-2.2));
#6198 = DIRECTION('',(0.,0.,1.));
#6199 = DIRECTION('',(1.,0.,0.));
#6200 = ORIENTED_EDGE('',*,*,#6201,.F.);
#6201 = EDGE_CURVE('',#6202,#6193,#6204,.T.);
#6202 = VERTEX_POINT('',#6203);
#6203 = CARTESIAN_POINT('',(-30.347,41.932,-2.2));
#6204 = CIRCLE('',#6205,1.835);
#6205 = AXIS2_PLACEMENT_3D('',#6206,#6207,#6208);
#6206 = CARTESIAN_POINT('',(-32.182,41.932,-2.2));
#6207 = DIRECTION('',(0.,0.,1.));
#6208 = DIRECTION('',(1.,0.,0.));
#6209 = ORIENTED_EDGE('',*,*,#6210,.F.);
#6210 = EDGE_CURVE('',#6211,#6202,#6213,.T.);
#6211 = VERTEX_POINT('',#6212);
#6212 = CARTESIAN_POINT('',(-33.77660085675,42.840005015213,-2.2));
#6213 = CIRCLE('',#6214,1.835);
#6214 = AXIS2_PLACEMENT_3D('',#6215,#6216,#6217);
#6215 = CARTESIAN_POINT('',(-32.182,41.932,-2.2));
#6216 = DIRECTION('',(0.,0.,1.));
#6217 = DIRECTION('',(1.,0.,0.));
#6218 = ORIENTED_EDGE('',*,*,#6219,.T.);
#6219 = EDGE_CURVE('',#6211,#5513,#6220,.T.);
#6220 = CIRCLE('',#6221,9.);
#6221 = AXIS2_PLACEMENT_3D('',#6222,#6223,#6224);
#6222 = CARTESIAN_POINT('',(-27.15,36.75,-2.2));
#6223 = DIRECTION('',(0.,0.,1.));
#6224 = DIRECTION('',(1.,0.,0.));
#6225 = ORIENTED_EDGE('',*,*,#5520,.T.);
#6226 = ORIENTED_EDGE('',*,*,#6227,.F.);
#6227 = EDGE_CURVE('',#6228,#5521,#6230,.T.);
#6228 = VERTEX_POINT('',#6229);
#6229 = CARTESIAN_POINT('',(-32.747,-35.482,-2.2));
#6230 = CIRCLE('',#6231,1.835);
#6231 = AXIS2_PLACEMENT_3D('',#6232,#6233,#6234);
#6232 = CARTESIAN_POINT('',(-34.582,-35.482,-2.2));
#6233 = DIRECTION('',(0.,0.,1.));
#6234 = DIRECTION('',(1.,0.,0.));
#6235 = ORIENTED_EDGE('',*,*,#6236,.F.);
#6236 = EDGE_CURVE('',#5545,#6228,#6237,.T.);
#6237 = CIRCLE('',#6238,1.835);
#6238 = AXIS2_PLACEMENT_3D('',#6239,#6240,#6241);
#6239 = CARTESIAN_POINT('',(-34.582,-35.482,-2.2));
#6240 = DIRECTION('',(0.,0.,1.));
#6241 = DIRECTION('',(1.,0.,0.));
#6242 = ORIENTED_EDGE('',*,*,#5552,.T.);
#6243 = ORIENTED_EDGE('',*,*,#5215,.T.);
#6244 = ORIENTED_EDGE('',*,*,#6245,.T.);
#6245 = EDGE_CURVE('',#5216,#3379,#6246,.T.);
#6246 = LINE('',#6247,#6248);
#6247 = CARTESIAN_POINT('',(-30.59130487601,-45.06609408017,-2.2));
#6248 = VECTOR('',#6249,1.);
#6249 = DIRECTION('',(0.,1.,0.));
#6250 = ORIENTED_EDGE('',*,*,#3378,.F.);
#6251 = ORIENTED_EDGE('',*,*,#3313,.F.);
#6252 = ORIENTED_EDGE('',*,*,#3265,.F.);
#6253 = ORIENTED_EDGE('',*,*,#3217,.F.);
#6254 = ORIENTED_EDGE('',*,*,#3169,.F.);
#6255 = ORIENTED_EDGE('',*,*,#3121,.F.);
#6256 = ORIENTED_EDGE('',*,*,#3073,.F.);
#6257 = ORIENTED_EDGE('',*,*,#3025,.F.);
#6258 = ORIENTED_EDGE('',*,*,#2977,.F.);
#6259 = ORIENTED_EDGE('',*,*,#2929,.F.);
#6260 = ORIENTED_EDGE('',*,*,#2881,.F.);
#6261 = ORIENTED_EDGE('',*,*,#2833,.F.);
#6262 = ORIENTED_EDGE('',*,*,#2785,.F.);
#6263 = ORIENTED_EDGE('',*,*,#2737,.F.);
#6264 = ORIENTED_EDGE('',*,*,#2689,.F.);
#6265 = ORIENTED_EDGE('',*,*,#2713,.T.);
#6266 = ORIENTED_EDGE('',*,*,#2761,.T.);
#6267 = ORIENTED_EDGE('',*,*,#2809,.T.);
#6268 = ORIENTED_EDGE('',*,*,#2857,.T.);
#6269 = ORIENTED_EDGE('',*,*,#2905,.T.);
#6270 = ORIENTED_EDGE('',*,*,#2953,.T.);
#6271 = ORIENTED_EDGE('',*,*,#3001,.T.);
#6272 = ORIENTED_EDGE('',*,*,#3049,.T.);
#6273 = ORIENTED_EDGE('',*,*,#3097,.T.);
#6274 = ORIENTED_EDGE('',*,*,#3145,.T.);
#6275 = ORIENTED_EDGE('',*,*,#3193,.T.);
#6276 = ORIENTED_EDGE('',*,*,#3241,.T.);
#6277 = ORIENTED_EDGE('',*,*,#3289,.T.);
#6278 = ORIENTED_EDGE('',*,*,#3361,.T.);
#6279 = FACE_BOUND('',#6280,.F.);
#6280 = EDGE_LOOP('',(#6281,#6291,#6300,#6308,#6317,#6325,#6334,#6342));
#6281 = ORIENTED_EDGE('',*,*,#6282,.F.);
#6282 = EDGE_CURVE('',#6283,#6285,#6287,.T.);
#6283 = VERTEX_POINT('',#6284);
#6284 = CARTESIAN_POINT('',(-29.05,37.,-2.2));
#6285 = VERTEX_POINT('',#6286);
#6286 = CARTESIAN_POINT('',(-29.05,-6.,-2.2));
#6287 = LINE('',#6288,#6289);
#6288 = CARTESIAN_POINT('',(-29.05,37.,-2.2));
#6289 = VECTOR('',#6290,1.);
#6290 = DIRECTION('',(0.,-1.,0.));
#6291 = ORIENTED_EDGE('',*,*,#6292,.F.);
#6292 = EDGE_CURVE('',#6293,#6283,#6295,.T.);
#6293 = VERTEX_POINT('',#6294);
#6294 = CARTESIAN_POINT('',(-28.7,37.35,-2.2));
#6295 = CIRCLE('',#6296,0.35);
#6296 = AXIS2_PLACEMENT_3D('',#6297,#6298,#6299);
#6297 = CARTESIAN_POINT('',(-28.7,37.,-2.2));
#6298 = DIRECTION('',(0.,0.,1.));
#6299 = DIRECTION('',(1.,0.,0.));
#6300 = ORIENTED_EDGE('',*,*,#6301,.F.);
#6301 = EDGE_CURVE('',#6302,#6293,#6304,.T.);
#6302 = VERTEX_POINT('',#6303);
#6303 = CARTESIAN_POINT('',(31.4,37.35,-2.2));
#6304 = LINE('',#6305,#6306);
#6305 = CARTESIAN_POINT('',(31.4,37.35,-2.2));
#6306 = VECTOR('',#6307,1.);
#6307 = DIRECTION('',(-1.,0.,0.));
#6308 = ORIENTED_EDGE('',*,*,#6309,.F.);
#6309 = EDGE_CURVE('',#6310,#6302,#6312,.T.);
#6310 = VERTEX_POINT('',#6311);
#6311 = CARTESIAN_POINT('',(31.75,37.,-2.2));
#6312 = CIRCLE('',#6313,0.35);
#6313 = AXIS2_PLACEMENT_3D('',#6314,#6315,#6316);
#6314 = CARTESIAN_POINT('',(31.4,37.,-2.2));
#6315 = DIRECTION('',(0.,0.,1.));
#6316 = DIRECTION('',(1.,0.,0.));
#6317 = ORIENTED_EDGE('',*,*,#6318,.F.);
#6318 = EDGE_CURVE('',#6319,#6310,#6321,.T.);
#6319 = VERTEX_POINT('',#6320);
#6320 = CARTESIAN_POINT('',(31.75,-6.,-2.2));
#6321 = LINE('',#6322,#6323);
#6322 = CARTESIAN_POINT('',(31.75,-6.,-2.2));
#6323 = VECTOR('',#6324,1.);
#6324 = DIRECTION('',(0.,1.,0.));
#6325 = ORIENTED_EDGE('',*,*,#6326,.F.);
#6326 = EDGE_CURVE('',#6327,#6319,#6329,.T.);
#6327 = VERTEX_POINT('',#6328);
#6328 = CARTESIAN_POINT('',(31.4,-6.35,-2.2));
#6329 = CIRCLE('',#6330,0.35);
#6330 = AXIS2_PLACEMENT_3D('',#6331,#6332,#6333);
#6331 = CARTESIAN_POINT('',(31.4,-6.,-2.2));
#6332 = DIRECTION('',(0.,0.,1.));
#6333 = DIRECTION('',(1.,0.,0.));
#6334 = ORIENTED_EDGE('',*,*,#6335,.F.);
#6335 = EDGE_CURVE('',#6336,#6327,#6338,.T.);
#6336 = VERTEX_POINT('',#6337);
#6337 = CARTESIAN_POINT('',(-28.7,-6.35,-2.2));
#6338 = LINE('',#6339,#6340);
#6339 = CARTESIAN_POINT('',(-28.7,-6.35,-2.2));
#6340 = VECTOR('',#6341,1.);
#6341 = DIRECTION('',(1.,0.,0.));
#6342 = ORIENTED_EDGE('',*,*,#6343,.F.);
#6343 = EDGE_CURVE('',#6285,#6336,#6344,.T.);
#6344 = CIRCLE('',#6345,0.35);
#6345 = AXIS2_PLACEMENT_3D('',#6346,#6347,#6348);
#6346 = CARTESIAN_POINT('',(-28.7,-6.,-2.2));
#6347 = DIRECTION('',(0.,0.,1.));
#6348 = DIRECTION('',(1.,0.,0.));
#6349 = FACE_BOUND('',#6350,.F.);
#6350 = EDGE_LOOP('',(#6351,#6361,#6369,#6377));
#6351 = ORIENTED_EDGE('',*,*,#6352,.F.);
#6352 = EDGE_CURVE('',#6353,#6355,#6357,.T.);
#6353 = VERTEX_POINT('',#6354);
#6354 = CARTESIAN_POINT('',(24.9,42.35,-2.2));
#6355 = VERTEX_POINT('',#6356);
#6356 = CARTESIAN_POINT('',(24.9,38.85,-2.2));
#6357 = LINE('',#6358,#6359);
#6358 = CARTESIAN_POINT('',(24.9,42.35,-2.2));
#6359 = VECTOR('',#6360,1.);
#6360 = DIRECTION('',(0.,-1.,0.));
#6361 = ORIENTED_EDGE('',*,*,#6362,.F.);
#6362 = EDGE_CURVE('',#6363,#6353,#6365,.T.);
#6363 = VERTEX_POINT('',#6364);
#6364 = CARTESIAN_POINT('',(29.9,42.35,-2.2));
#6365 = LINE('',#6366,#6367);
#6366 = CARTESIAN_POINT('',(29.9,42.35,-2.2));
#6367 = VECTOR('',#6368,1.);
#6368 = DIRECTION('',(-1.,0.,0.));
#6369 = ORIENTED_EDGE('',*,*,#6370,.F.);
#6370 = EDGE_CURVE('',#6371,#6363,#6373,.T.);
#6371 = VERTEX_POINT('',#6372);
#6372 = CARTESIAN_POINT('',(29.9,38.85,-2.2));
#6373 = LINE('',#6374,#6375);
#6374 = CARTESIAN_POINT('',(29.9,38.85,-2.2));
#6375 = VECTOR('',#6376,1.);
#6376 = DIRECTION('',(0.,1.,0.));
#6377 = ORIENTED_EDGE('',*,*,#6378,.F.);
#6378 = EDGE_CURVE('',#6355,#6371,#6379,.T.);
#6379 = LINE('',#6380,#6381);
#6380 = CARTESIAN_POINT('',(24.9,38.85,-2.2));
#6381 = VECTOR('',#6382,1.);
#6382 = DIRECTION('',(1.,0.,0.));
#6383 = PLANE('',#6384);
#6384 = AXIS2_PLACEMENT_3D('',#6385,#6386,#6387);
#6385 = CARTESIAN_POINT('',(-5.976220231417E-15,1.32298005123E-15,-2.2)
  );
#6386 = DIRECTION('',(0.,0.,1.));
#6387 = DIRECTION('',(1.,0.,0.));
#6388 = ADVANCED_FACE('',(#6389),#6395,.T.);
#6389 = FACE_BOUND('',#6390,.T.);
#6390 = EDGE_LOOP('',(#6391,#6392,#6393,#6394));
#6391 = ORIENTED_EDGE('',*,*,#6123,.F.);
#6392 = ORIENTED_EDGE('',*,*,#5307,.T.);
#6393 = ORIENTED_EDGE('',*,*,#5275,.T.);
#6394 = ORIENTED_EDGE('',*,*,#3353,.T.);
#6395 = PLANE('',#6396);
#6396 = AXIS2_PLACEMENT_3D('',#6397,#6398,#6399);
#6397 = CARTESIAN_POINT('',(30.1,-45.25279365855,-2.2));
#6398 = DIRECTION('',(-1.,0.,0.));
#6399 = DIRECTION('',(0.,1.,0.));
#6400 = ADVANCED_FACE('',(#6401),#6407,.F.);
#6401 = FACE_BOUND('',#6402,.F.);
#6402 = EDGE_LOOP('',(#6403,#6404,#6405,#6406));
#6403 = ORIENTED_EDGE('',*,*,#6245,.F.);
#6404 = ORIENTED_EDGE('',*,*,#5240,.T.);
#6405 = ORIENTED_EDGE('',*,*,#5290,.T.);
#6406 = ORIENTED_EDGE('',*,*,#3386,.T.);
#6407 = PLANE('',#6408);
#6408 = AXIS2_PLACEMENT_3D('',#6409,#6410,#6411);
#6409 = CARTESIAN_POINT('',(-30.59130487601,-45.06609408017,-2.2));
#6410 = DIRECTION('',(-1.,0.,0.));
#6411 = DIRECTION('',(0.,1.,0.));
#6412 = ADVANCED_FACE('',(#6413,#6483),#6493,.F.);
#6413 = FACE_BOUND('',#6414,.F.);
#6414 = EDGE_LOOP('',(#6415,#6425,#6434,#6442,#6451,#6459,#6468,#6476));
#6415 = ORIENTED_EDGE('',*,*,#6416,.T.);
#6416 = EDGE_CURVE('',#6417,#6419,#6421,.T.);
#6417 = VERTEX_POINT('',#6418);
#6418 = CARTESIAN_POINT('',(-29.05,37.,-0.6));
#6419 = VERTEX_POINT('',#6420);
#6420 = CARTESIAN_POINT('',(-29.05,-6.,-0.6));
#6421 = LINE('',#6422,#6423);
#6422 = CARTESIAN_POINT('',(-29.05,37.,-0.6));
#6423 = VECTOR('',#6424,1.);
#6424 = DIRECTION('',(0.,-1.,0.));
#6425 = ORIENTED_EDGE('',*,*,#6426,.T.);
#6426 = EDGE_CURVE('',#6419,#6427,#6429,.T.);
#6427 = VERTEX_POINT('',#6428);
#6428 = CARTESIAN_POINT('',(-28.7,-6.35,-0.6));
#6429 = CIRCLE('',#6430,0.35);
#6430 = AXIS2_PLACEMENT_3D('',#6431,#6432,#6433);
#6431 = CARTESIAN_POINT('',(-28.7,-6.,-0.6));
#6432 = DIRECTION('',(0.,0.,1.));
#6433 = DIRECTION('',(1.,0.,0.));
#6434 = ORIENTED_EDGE('',*,*,#6435,.T.);
#6435 = EDGE_CURVE('',#6427,#6436,#6438,.T.);
#6436 = VERTEX_POINT('',#6437);
#6437 = CARTESIAN_POINT('',(31.4,-6.35,-0.6));
#6438 = LINE('',#6439,#6440);
#6439 = CARTESIAN_POINT('',(-28.7,-6.35,-0.6));
#6440 = VECTOR('',#6441,1.);
#6441 = DIRECTION('',(1.,0.,0.));
#6442 = ORIENTED_EDGE('',*,*,#6443,.T.);
#6443 = EDGE_CURVE('',#6436,#6444,#6446,.T.);
#6444 = VERTEX_POINT('',#6445);
#6445 = CARTESIAN_POINT('',(31.75,-6.,-0.6));
#6446 = CIRCLE('',#6447,0.35);
#6447 = AXIS2_PLACEMENT_3D('',#6448,#6449,#6450);
#6448 = CARTESIAN_POINT('',(31.4,-6.,-0.6));
#6449 = DIRECTION('',(0.,0.,1.));
#6450 = DIRECTION('',(1.,0.,0.));
#6451 = ORIENTED_EDGE('',*,*,#6452,.T.);
#6452 = EDGE_CURVE('',#6444,#6453,#6455,.T.);
#6453 = VERTEX_POINT('',#6454);
#6454 = CARTESIAN_POINT('',(31.75,37.,-0.6));
#6455 = LINE('',#6456,#6457);
#6456 = CARTESIAN_POINT('',(31.75,-6.,-0.6));
#6457 = VECTOR('',#6458,1.);
#6458 = DIRECTION('',(0.,1.,0.));
#6459 = ORIENTED_EDGE('',*,*,#6460,.T.);
#6460 = EDGE_CURVE('',#6453,#6461,#6463,.T.);
#6461 = VERTEX_POINT('',#6462);
#6462 = CARTESIAN_POINT('',(31.4,37.35,-0.6));
#6463 = CIRCLE('',#6464,0.35);
#6464 = AXIS2_PLACEMENT_3D('',#6465,#6466,#6467);
#6465 = CARTESIAN_POINT('',(31.4,37.,-0.6));
#6466 = DIRECTION('',(0.,0.,1.));
#6467 = DIRECTION('',(1.,0.,0.));
#6468 = ORIENTED_EDGE('',*,*,#6469,.T.);
#6469 = EDGE_CURVE('',#6461,#6470,#6472,.T.);
#6470 = VERTEX_POINT('',#6471);
#6471 = CARTESIAN_POINT('',(-28.7,37.35,-0.6));
#6472 = LINE('',#6473,#6474);
#6473 = CARTESIAN_POINT('',(31.4,37.35,-0.6));
#6474 = VECTOR('',#6475,1.);
#6475 = DIRECTION('',(-1.,0.,0.));
#6476 = ORIENTED_EDGE('',*,*,#6477,.T.);
#6477 = EDGE_CURVE('',#6470,#6417,#6478,.T.);
#6478 = CIRCLE('',#6479,0.35);
#6479 = AXIS2_PLACEMENT_3D('',#6480,#6481,#6482);
#6480 = CARTESIAN_POINT('',(-28.7,37.,-0.6));
#6481 = DIRECTION('',(0.,0.,1.));
#6482 = DIRECTION('',(1.,0.,0.));
#6483 = FACE_BOUND('',#6484,.F.);
#6484 = EDGE_LOOP('',(#6485,#6486,#6487,#6488,#6489,#6490,#6491,#6492));
#6485 = ORIENTED_EDGE('',*,*,#3637,.F.);
#6486 = ORIENTED_EDGE('',*,*,#3588,.T.);
#6487 = ORIENTED_EDGE('',*,*,#3619,.F.);
#6488 = ORIENTED_EDGE('',*,*,#3669,.T.);
#6489 = ORIENTED_EDGE('',*,*,#3717,.F.);
#6490 = ORIENTED_EDGE('',*,*,#3760,.T.);
#6491 = ORIENTED_EDGE('',*,*,#3735,.F.);
#6492 = ORIENTED_EDGE('',*,*,#3686,.T.);
#6493 = PLANE('',#6494);
#6494 = AXIS2_PLACEMENT_3D('',#6495,#6496,#6497);
#6495 = CARTESIAN_POINT('',(1.35,15.5,-0.6));
#6496 = DIRECTION('',(0.,0.,1.));
#6497 = DIRECTION('',(1.,0.,0.));
#6498 = ADVANCED_FACE('',(#6499),#6509,.T.);
#6499 = FACE_BOUND('',#6500,.T.);
#6500 = EDGE_LOOP('',(#6501,#6502,#6503,#6504,#6505,#6506,#6507,#6508));
#6501 = ORIENTED_EDGE('',*,*,#3783,.T.);
#6502 = ORIENTED_EDGE('',*,*,#3807,.T.);
#6503 = ORIENTED_EDGE('',*,*,#3832,.T.);
#6504 = ORIENTED_EDGE('',*,*,#3856,.T.);
#6505 = ORIENTED_EDGE('',*,*,#3881,.T.);
#6506 = ORIENTED_EDGE('',*,*,#3905,.T.);
#6507 = ORIENTED_EDGE('',*,*,#3930,.T.);
#6508 = ORIENTED_EDGE('',*,*,#3954,.T.);
#6509 = PLANE('',#6510);
#6510 = AXIS2_PLACEMENT_3D('',#6511,#6512,#6513);
#6511 = CARTESIAN_POINT('',(-15.,41.70963841157,-1.1));
#6512 = DIRECTION('',(0.,0.,1.));
#6513 = DIRECTION('',(1.,0.,0.));
#6514 = ADVANCED_FACE('',(#6515),#6525,.T.);
#6515 = FACE_BOUND('',#6516,.T.);
#6516 = EDGE_LOOP('',(#6517,#6518,#6519,#6520,#6521,#6522,#6523,#6524));
#6517 = ORIENTED_EDGE('',*,*,#3979,.T.);
#6518 = ORIENTED_EDGE('',*,*,#4003,.T.);
#6519 = ORIENTED_EDGE('',*,*,#4028,.T.);
#6520 = ORIENTED_EDGE('',*,*,#4052,.T.);
#6521 = ORIENTED_EDGE('',*,*,#4077,.T.);
#6522 = ORIENTED_EDGE('',*,*,#4101,.T.);
#6523 = ORIENTED_EDGE('',*,*,#4126,.T.);
#6524 = ORIENTED_EDGE('',*,*,#4150,.T.);
#6525 = PLANE('',#6526);
#6526 = AXIS2_PLACEMENT_3D('',#6527,#6528,#6529);
#6527 = CARTESIAN_POINT('',(-15.,41.70963841157,-1.1));
#6528 = DIRECTION('',(0.,0.,1.));
#6529 = DIRECTION('',(1.,0.,0.));
#6530 = ADVANCED_FACE('',(#6531),#6541,.T.);
#6531 = FACE_BOUND('',#6532,.T.);
#6532 = EDGE_LOOP('',(#6533,#6534,#6535,#6536,#6537,#6538,#6539,#6540));
#6533 = ORIENTED_EDGE('',*,*,#4175,.T.);
#6534 = ORIENTED_EDGE('',*,*,#4199,.T.);
#6535 = ORIENTED_EDGE('',*,*,#4224,.T.);
#6536 = ORIENTED_EDGE('',*,*,#4248,.T.);
#6537 = ORIENTED_EDGE('',*,*,#4273,.T.);
#6538 = ORIENTED_EDGE('',*,*,#4297,.T.);
#6539 = ORIENTED_EDGE('',*,*,#4322,.T.);
#6540 = ORIENTED_EDGE('',*,*,#4346,.T.);
#6541 = PLANE('',#6542);
#6542 = AXIS2_PLACEMENT_3D('',#6543,#6544,#6545);
#6543 = CARTESIAN_POINT('',(-15.,41.70963841157,-1.1));
#6544 = DIRECTION('',(0.,0.,1.));
#6545 = DIRECTION('',(1.,0.,0.));
#6546 = ADVANCED_FACE('',(#6547),#6557,.T.);
#6547 = FACE_BOUND('',#6548,.T.);
#6548 = EDGE_LOOP('',(#6549,#6550,#6551,#6552,#6553,#6554,#6555,#6556));
#6549 = ORIENTED_EDGE('',*,*,#4371,.T.);
#6550 = ORIENTED_EDGE('',*,*,#4395,.T.);
#6551 = ORIENTED_EDGE('',*,*,#4420,.T.);
#6552 = ORIENTED_EDGE('',*,*,#4444,.T.);
#6553 = ORIENTED_EDGE('',*,*,#4469,.T.);
#6554 = ORIENTED_EDGE('',*,*,#4493,.T.);
#6555 = ORIENTED_EDGE('',*,*,#4518,.T.);
#6556 = ORIENTED_EDGE('',*,*,#4542,.T.);
#6557 = PLANE('',#6558);
#6558 = AXIS2_PLACEMENT_3D('',#6559,#6560,#6561);
#6559 = CARTESIAN_POINT('',(-15.,41.70963841157,-1.1));
#6560 = DIRECTION('',(0.,0.,1.));
#6561 = DIRECTION('',(1.,0.,0.));
#6562 = ADVANCED_FACE('',(#6563,#6597,#6600),#6603,.F.);
#6563 = FACE_BOUND('',#6564,.F.);
#6564 = EDGE_LOOP('',(#6565,#6575,#6583,#6591));
#6565 = ORIENTED_EDGE('',*,*,#6566,.T.);
#6566 = EDGE_CURVE('',#6567,#6569,#6571,.T.);
#6567 = VERTEX_POINT('',#6568);
#6568 = CARTESIAN_POINT('',(24.9,42.35,-5.3));
#6569 = VERTEX_POINT('',#6570);
#6570 = CARTESIAN_POINT('',(24.9,38.85,-5.3));
#6571 = LINE('',#6572,#6573);
#6572 = CARTESIAN_POINT('',(24.9,42.35,-5.3));
#6573 = VECTOR('',#6574,1.);
#6574 = DIRECTION('',(0.,-1.,0.));
#6575 = ORIENTED_EDGE('',*,*,#6576,.T.);
#6576 = EDGE_CURVE('',#6569,#6577,#6579,.T.);
#6577 = VERTEX_POINT('',#6578);
#6578 = CARTESIAN_POINT('',(29.9,38.85,-5.3));
#6579 = LINE('',#6580,#6581);
#6580 = CARTESIAN_POINT('',(24.9,38.85,-5.3));
#6581 = VECTOR('',#6582,1.);
#6582 = DIRECTION('',(1.,0.,0.));
#6583 = ORIENTED_EDGE('',*,*,#6584,.T.);
#6584 = EDGE_CURVE('',#6577,#6585,#6587,.T.);
#6585 = VERTEX_POINT('',#6586);
#6586 = CARTESIAN_POINT('',(29.9,42.35,-5.3));
#6587 = LINE('',#6588,#6589);
#6588 = CARTESIAN_POINT('',(29.9,38.85,-5.3));
#6589 = VECTOR('',#6590,1.);
#6590 = DIRECTION('',(0.,1.,0.));
#6591 = ORIENTED_EDGE('',*,*,#6592,.T.);
#6592 = EDGE_CURVE('',#6585,#6567,#6593,.T.);
#6593 = LINE('',#6594,#6595);
#6594 = CARTESIAN_POINT('',(29.9,42.35,-5.3));
#6595 = VECTOR('',#6596,1.);
#6596 = DIRECTION('',(-1.,0.,0.));
#6597 = FACE_BOUND('',#6598,.T.);
#6598 = EDGE_LOOP('',(#6599));
#6599 = ORIENTED_EDGE('',*,*,#4559,.T.);
#6600 = FACE_BOUND('',#6601,.T.);
#6601 = EDGE_LOOP('',(#6602));
#6602 = ORIENTED_EDGE('',*,*,#4583,.T.);
#6603 = PLANE('',#6604);
#6604 = AXIS2_PLACEMENT_3D('',#6605,#6606,#6607);
#6605 = CARTESIAN_POINT('',(27.4,40.6,-5.3));
#6606 = DIRECTION('',(0.,0.,1.));
#6607 = DIRECTION('',(1.,0.,0.));
#6608 = ADVANCED_FACE('',(#6609),#6620,.T.);
#6609 = FACE_BOUND('',#6610,.T.);
#6610 = EDGE_LOOP('',(#6611,#6617,#6618,#6619));
#6611 = ORIENTED_EDGE('',*,*,#6612,.T.);
#6612 = EDGE_CURVE('',#5432,#4608,#6613,.T.);
#6613 = LINE('',#6614,#6615);
#6614 = CARTESIAN_POINT('',(36.15,10.83,-4.8));
#6615 = VECTOR('',#6616,1.);
#6616 = DIRECTION('',(1.,0.,0.));
#6617 = ORIENTED_EDGE('',*,*,#4607,.T.);
#6618 = ORIENTED_EDGE('',*,*,#5462,.F.);
#6619 = ORIENTED_EDGE('',*,*,#5439,.F.);
#6620 = PLANE('',#6621);
#6621 = AXIS2_PLACEMENT_3D('',#6622,#6623,#6624);
#6622 = CARTESIAN_POINT('',(36.15,10.83,-4.8));
#6623 = DIRECTION('',(0.,0.,-1.));
#6624 = DIRECTION('',(0.,-1.,0.));
#6625 = ADVANCED_FACE('',(#6626),#6632,.T.);
#6626 = FACE_BOUND('',#6627,.T.);
#6627 = EDGE_LOOP('',(#6628,#6629,#6630,#6631));
#6628 = ORIENTED_EDGE('',*,*,#5431,.F.);
#6629 = ORIENTED_EDGE('',*,*,#6036,.T.);
#6630 = ORIENTED_EDGE('',*,*,#4635,.T.);
#6631 = ORIENTED_EDGE('',*,*,#6612,.F.);
#6632 = PLANE('',#6633);
#6633 = AXIS2_PLACEMENT_3D('',#6634,#6635,#6636);
#6634 = CARTESIAN_POINT('',(36.15,10.83,-15.3));
#6635 = DIRECTION('',(0.,-1.,0.));
#6636 = DIRECTION('',(0.,0.,1.));
#6637 = ADVANCED_FACE('',(#6638),#6701,.F.);
#6638 = FACE_BOUND('',#6639,.T.);
#6639 = EDGE_LOOP('',(#6640,#6641,#6649,#6658,#6667,#6675,#6684,#6692,
    #6699,#6700));
#6640 = ORIENTED_EDGE('',*,*,#5677,.F.);
#6641 = ORIENTED_EDGE('',*,*,#6642,.F.);
#6642 = EDGE_CURVE('',#6643,#5670,#6645,.T.);
#6643 = VERTEX_POINT('',#6644);
#6644 = CARTESIAN_POINT('',(9.155749299439,46.95,-12.2));
#6645 = LINE('',#6646,#6647);
#6646 = CARTESIAN_POINT('',(9.155749299439,47.95,-12.2));
#6647 = VECTOR('',#6648,1.);
#6648 = DIRECTION('',(0.,1.,-2.22044604925E-16));
#6649 = ORIENTED_EDGE('',*,*,#6650,.F.);
#6650 = EDGE_CURVE('',#6651,#6643,#6653,.T.);
#6651 = VERTEX_POINT('',#6652);
#6652 = CARTESIAN_POINT('',(9.17,47.016286298904,-11.95));
#6653 = ELLIPSE('',#6654,2.27601879558,2.2);
#6654 = AXIS2_PLACEMENT_3D('',#6655,#6656,#6657);
#6655 = CARTESIAN_POINT('',(6.97,47.016286298904,-11.95));
#6656 = DIRECTION('',(0.,0.966600102017,-0.256289373133));
#6657 = DIRECTION('',(0.,0.256289373133,0.966600102017));
#6658 = ORIENTED_EDGE('',*,*,#6659,.F.);
#6659 = EDGE_CURVE('',#6660,#6651,#6662,.T.);
#6660 = VERTEX_POINT('',#6661);
#6661 = CARTESIAN_POINT('',(8.845499933351,47.321203273864,-10.8));
#6662 = ELLIPSE('',#6663,2.27601879558,2.2);
#6663 = AXIS2_PLACEMENT_3D('',#6664,#6665,#6666);
#6664 = CARTESIAN_POINT('',(6.97,47.016286298904,-11.95));
#6665 = DIRECTION('',(0.,0.966600102017,-0.256289373133));
#6666 = DIRECTION('',(0.,0.256289373133,0.966600102017));
#6667 = ORIENTED_EDGE('',*,*,#6668,.F.);
#6668 = EDGE_CURVE('',#6669,#6660,#6671,.T.);
#6669 = VERTEX_POINT('',#6670);
#6670 = CARTESIAN_POINT('',(8.845499933351,45.75,-10.8));
#6671 = LINE('',#6672,#6673);
#6672 = CARTESIAN_POINT('',(8.845499933351,47.95,-10.8));
#6673 = VECTOR('',#6674,1.);
#6674 = DIRECTION('',(0.,1.,-2.22044604925E-16));
#6675 = ORIENTED_EDGE('',*,*,#6676,.T.);
#6676 = EDGE_CURVE('',#6669,#6677,#6679,.T.);
#6677 = VERTEX_POINT('',#6678);
#6678 = CARTESIAN_POINT('',(5.094500066649,45.75,-10.8));
#6679 = CIRCLE('',#6680,2.2);
#6680 = AXIS2_PLACEMENT_3D('',#6681,#6682,#6683);
#6681 = CARTESIAN_POINT('',(6.97,45.75,-11.95));
#6682 = DIRECTION('',(0.,-1.,2.22044604925E-16));
#6683 = DIRECTION('',(1.,0.,0.));
#6684 = ORIENTED_EDGE('',*,*,#6685,.T.);
#6685 = EDGE_CURVE('',#6677,#6686,#6688,.T.);
#6686 = VERTEX_POINT('',#6687);
#6687 = CARTESIAN_POINT('',(5.094500066649,47.321203273864,-10.8));
#6688 = LINE('',#6689,#6690);
#6689 = CARTESIAN_POINT('',(5.094500066649,47.95,-10.8));
#6690 = VECTOR('',#6691,1.);
#6691 = DIRECTION('',(0.,1.,-2.22044604925E-16));
#6692 = ORIENTED_EDGE('',*,*,#6693,.F.);
#6693 = EDGE_CURVE('',#4675,#6686,#6694,.T.);
#6694 = ELLIPSE('',#6695,2.27601879558,2.2);
#6695 = AXIS2_PLACEMENT_3D('',#6696,#6697,#6698);
#6696 = CARTESIAN_POINT('',(6.97,47.016286298904,-11.95));
#6697 = DIRECTION('',(0.,0.966600102017,-0.256289373133));
#6698 = DIRECTION('',(0.,0.256289373133,0.966600102017));
#6699 = ORIENTED_EDGE('',*,*,#4674,.T.);
#6700 = ORIENTED_EDGE('',*,*,#5686,.F.);
#6701 = CYLINDRICAL_SURFACE('',#6702,2.2);
#6702 = AXIS2_PLACEMENT_3D('',#6703,#6704,#6705);
#6703 = CARTESIAN_POINT('',(6.97,47.95,-11.95));
#6704 = DIRECTION('',(0.,1.,-2.22044604925E-16));
#6705 = DIRECTION('',(1.,0.,0.));
#6706 = ADVANCED_FACE('',(#6707),#6724,.F.);
#6707 = FACE_BOUND('',#6708,.F.);
#6708 = EDGE_LOOP('',(#6709,#6710,#6711,#6718));
#6709 = ORIENTED_EDGE('',*,*,#6693,.F.);
#6710 = ORIENTED_EDGE('',*,*,#4733,.T.);
#6711 = ORIENTED_EDGE('',*,*,#6712,.T.);
#6712 = EDGE_CURVE('',#4725,#6713,#6715,.T.);
#6713 = VERTEX_POINT('',#6714);
#6714 = CARTESIAN_POINT('',(-27.15,47.321203273864,-10.8));
#6715 = B_SPLINE_CURVE_WITH_KNOTS('',1,(#6716,#6717),.UNSPECIFIED.,.F.,
  .F.,(2,2),(0.,1.),.PIECEWISE_BEZIER_KNOTS.);
#6716 = CARTESIAN_POINT('',(-27.15,46.95,-12.2));
#6717 = CARTESIAN_POINT('',(-27.15,47.321203273864,-10.8));
#6718 = ORIENTED_EDGE('',*,*,#6719,.F.);
#6719 = EDGE_CURVE('',#6686,#6713,#6720,.T.);
#6720 = LINE('',#6721,#6722);
#6721 = CARTESIAN_POINT('',(27.149999999997,47.321203273864,-10.8));
#6722 = VECTOR('',#6723,1.);
#6723 = DIRECTION('',(-1.,0.,0.));
#6724 = PLANE('',#6725);
#6725 = AXIS2_PLACEMENT_3D('',#6726,#6727,#6728);
#6726 = CARTESIAN_POINT('',(27.149999999997,47.321203273864,-10.8));
#6727 = DIRECTION('',(0.,0.966600102017,-0.256289373133));
#6728 = DIRECTION('',(-1.,0.,0.));
#6729 = ADVANCED_FACE('',(#6730),#6748,.F.);
#6730 = FACE_BOUND('',#6731,.F.);
#6731 = EDGE_LOOP('',(#6732,#6733,#6740,#6747));
#6732 = ORIENTED_EDGE('',*,*,#4724,.T.);
#6733 = ORIENTED_EDGE('',*,*,#6734,.T.);
#6734 = EDGE_CURVE('',#4717,#6735,#6737,.T.);
#6735 = VERTEX_POINT('',#6736);
#6736 = CARTESIAN_POINT('',(-37.72120327386,36.75,-10.8));
#6737 = B_SPLINE_CURVE_WITH_KNOTS('',1,(#6738,#6739),.UNSPECIFIED.,.F.,
  .F.,(2,2),(0.,1.),.PIECEWISE_BEZIER_KNOTS.);
#6738 = CARTESIAN_POINT('',(-37.35,36.75,-12.2));
#6739 = CARTESIAN_POINT('',(-37.72120327386,36.75,-10.8));
#6740 = ORIENTED_EDGE('',*,*,#6741,.F.);
#6741 = EDGE_CURVE('',#6713,#6735,#6742,.T.);
#6742 = CIRCLE('',#6743,10.571203273864);
#6743 = AXIS2_PLACEMENT_3D('',#6744,#6745,#6746);
#6744 = CARTESIAN_POINT('',(-27.15,36.75,-10.8));
#6745 = DIRECTION('',(0.,0.,1.));
#6746 = DIRECTION('',(1.,0.,0.));
#6747 = ORIENTED_EDGE('',*,*,#6712,.F.);
#6748 = CONICAL_SURFACE('',#6749,10.2,0.259181393921);
#6749 = AXIS2_PLACEMENT_3D('',#6750,#6751,#6752);
#6750 = CARTESIAN_POINT('',(-27.15,36.75,-12.2));
#6751 = DIRECTION('',(0.,0.,1.));
#6752 = DIRECTION('',(1.,0.,0.));
#6753 = ADVANCED_FACE('',(#6754),#6779,.F.);
#6754 = FACE_BOUND('',#6755,.F.);
#6755 = EDGE_LOOP('',(#6756,#6757,#6758,#6766,#6772,#6773));
#6756 = ORIENTED_EDGE('',*,*,#6734,.F.);
#6757 = ORIENTED_EDGE('',*,*,#4716,.T.);
#6758 = ORIENTED_EDGE('',*,*,#6759,.F.);
#6759 = EDGE_CURVE('',#6760,#4709,#6762,.T.);
#6760 = VERTEX_POINT('',#6761);
#6761 = CARTESIAN_POINT('',(-37.52120327386,32.25,-11.55430369211));
#6762 = LINE('',#6763,#6764);
#6763 = CARTESIAN_POINT('',(-37.11221062322,32.25,-13.09682702421));
#6764 = VECTOR('',#6765,1.);
#6765 = DIRECTION('',(0.256289373133,0.,-0.966600102017));
#6766 = ORIENTED_EDGE('',*,*,#6767,.T.);
#6767 = EDGE_CURVE('',#6760,#4774,#6768,.T.);
#6768 = LINE('',#6769,#6770);
#6769 = CARTESIAN_POINT('',(-37.52120327386,27.192746858169,
    -11.55430369211));
#6770 = VECTOR('',#6771,1.);
#6771 = DIRECTION('',(0.,-1.,0.));
#6772 = ORIENTED_EDGE('',*,*,#4781,.T.);
#6773 = ORIENTED_EDGE('',*,*,#6774,.F.);
#6774 = EDGE_CURVE('',#6735,#4782,#6775,.T.);
#6775 = LINE('',#6776,#6777);
#6776 = CARTESIAN_POINT('',(-37.72120327386,36.75,-10.8));
#6777 = VECTOR('',#6778,1.);
#6778 = DIRECTION('',(0.,-1.,0.));
#6779 = PLANE('',#6780);
#6780 = AXIS2_PLACEMENT_3D('',#6781,#6782,#6783);
#6781 = CARTESIAN_POINT('',(-37.72120327386,36.75,-10.8));
#6782 = DIRECTION('',(-0.966600102017,0.,-0.256289373133));
#6783 = DIRECTION('',(0.,-1.,0.));
#6784 = ADVANCED_FACE('',(#6785),#6795,.F.);
#6785 = FACE_BOUND('',#6786,.F.);
#6786 = EDGE_LOOP('',(#6787,#6788,#6794));
#6787 = ORIENTED_EDGE('',*,*,#4708,.T.);
#6788 = ORIENTED_EDGE('',*,*,#6789,.T.);
#6789 = EDGE_CURVE('',#4701,#6760,#6790,.T.);
#6790 = LINE('',#6791,#6792);
#6791 = CARTESIAN_POINT('',(-37.52120327386,32.25,-15.3));
#6792 = VECTOR('',#6793,1.);
#6793 = DIRECTION('',(0.,0.,1.));
#6794 = ORIENTED_EDGE('',*,*,#6759,.T.);
#6795 = PLANE('',#6796);
#6796 = AXIS2_PLACEMENT_3D('',#6797,#6798,#6799);
#6797 = CARTESIAN_POINT('',(-36.15,32.25,-15.3));
#6798 = DIRECTION('',(0.,1.,0.));
#6799 = DIRECTION('',(0.,0.,1.));
#6800 = ADVANCED_FACE('',(#6801),#6807,.T.);
#6801 = FACE_BOUND('',#6802,.T.);
#6802 = EDGE_LOOP('',(#6803,#6804,#6805,#6806));
#6803 = ORIENTED_EDGE('',*,*,#6789,.T.);
#6804 = ORIENTED_EDGE('',*,*,#6767,.T.);
#6805 = ORIENTED_EDGE('',*,*,#4773,.F.);
#6806 = ORIENTED_EDGE('',*,*,#4700,.T.);
#6807 = PLANE('',#6808);
#6808 = AXIS2_PLACEMENT_3D('',#6809,#6810,#6811);
#6809 = CARTESIAN_POINT('',(-37.52120327386,17.635493716338,-10.05));
#6810 = DIRECTION('',(1.,0.,0.));
#6811 = DIRECTION('',(0.,0.,1.));
#6812 = ADVANCED_FACE('',(#6813),#6856,.T.);
#6813 = FACE_BOUND('',#6814,.T.);
#6814 = EDGE_LOOP('',(#6815,#6825,#6833,#6841,#6847,#6848,#6849,#6850));
#6815 = ORIENTED_EDGE('',*,*,#6816,.T.);
#6816 = EDGE_CURVE('',#6817,#6819,#6821,.T.);
#6817 = VERTEX_POINT('',#6818);
#6818 = CARTESIAN_POINT('',(-37.52120327386,32.25,-10.8));
#6819 = VERTEX_POINT('',#6820);
#6820 = CARTESIAN_POINT('',(-37.52120327386,32.25,-4.8));
#6821 = LINE('',#6822,#6823);
#6822 = CARTESIAN_POINT('',(-37.52120327386,32.25,-15.3));
#6823 = VECTOR('',#6824,1.);
#6824 = DIRECTION('',(0.,0.,1.));
#6825 = ORIENTED_EDGE('',*,*,#6826,.T.);
#6826 = EDGE_CURVE('',#6819,#6827,#6829,.T.);
#6827 = VERTEX_POINT('',#6828);
#6828 = CARTESIAN_POINT('',(-37.52120327386,21.45,-4.8));
#6829 = LINE('',#6830,#6831);
#6830 = CARTESIAN_POINT('',(-37.52120327386,32.25,-4.8));
#6831 = VECTOR('',#6832,1.);
#6832 = DIRECTION('',(0.,-1.,0.));
#6833 = ORIENTED_EDGE('',*,*,#6834,.T.);
#6834 = EDGE_CURVE('',#6827,#6835,#6837,.T.);
#6835 = VERTEX_POINT('',#6836);
#6836 = CARTESIAN_POINT('',(-37.52120327386,21.45,-10.8));
#6837 = LINE('',#6838,#6839);
#6838 = CARTESIAN_POINT('',(-37.52120327386,21.45,-4.8));
#6839 = VECTOR('',#6840,1.);
#6840 = DIRECTION('',(0.,0.,-1.));
#6841 = ORIENTED_EDGE('',*,*,#6842,.T.);
#6842 = EDGE_CURVE('',#6835,#4950,#6843,.T.);
#6843 = LINE('',#6844,#6845);
#6844 = CARTESIAN_POINT('',(-37.52120327386,27.192746858169,-10.8));
#6845 = VECTOR('',#6846,1.);
#6846 = DIRECTION('',(0.,1.,0.));
#6847 = ORIENTED_EDGE('',*,*,#4949,.F.);
#6848 = ORIENTED_EDGE('',*,*,#4869,.F.);
#6849 = ORIENTED_EDGE('',*,*,#4797,.F.);
#6850 = ORIENTED_EDGE('',*,*,#6851,.T.);
#6851 = EDGE_CURVE('',#4790,#6817,#6852,.T.);
#6852 = LINE('',#6853,#6854);
#6853 = CARTESIAN_POINT('',(-37.52120327386,27.192746858169,-10.8));
#6854 = VECTOR('',#6855,1.);
#6855 = DIRECTION('',(0.,1.,0.));
#6856 = PLANE('',#6857);
#6857 = AXIS2_PLACEMENT_3D('',#6858,#6859,#6860);
#6858 = CARTESIAN_POINT('',(-37.52120327386,17.635493716338,-10.05));
#6859 = DIRECTION('',(1.,0.,0.));
#6860 = DIRECTION('',(0.,0.,1.));
#6861 = ADVANCED_FACE('',(#6862),#6892,.F.);
#6862 = FACE_BOUND('',#6863,.F.);
#6863 = EDGE_LOOP('',(#6864,#6865,#6866,#6867,#6868,#6869,#6870,#6876,
    #6877,#6886));
#6864 = ORIENTED_EDGE('',*,*,#6685,.T.);
#6865 = ORIENTED_EDGE('',*,*,#6719,.T.);
#6866 = ORIENTED_EDGE('',*,*,#6741,.T.);
#6867 = ORIENTED_EDGE('',*,*,#6774,.T.);
#6868 = ORIENTED_EDGE('',*,*,#4789,.T.);
#6869 = ORIENTED_EDGE('',*,*,#6851,.T.);
#6870 = ORIENTED_EDGE('',*,*,#6871,.F.);
#6871 = EDGE_CURVE('',#5505,#6817,#6872,.T.);
#6872 = LINE('',#6873,#6874);
#6873 = CARTESIAN_POINT('',(-4.500000000002,32.25,-10.8));
#6874 = VECTOR('',#6875,1.);
#6875 = DIRECTION('',(-1.,0.,0.));
#6876 = ORIENTED_EDGE('',*,*,#5502,.F.);
#6877 = ORIENTED_EDGE('',*,*,#6878,.T.);
#6878 = EDGE_CURVE('',#5503,#6879,#6881,.T.);
#6879 = VERTEX_POINT('',#6880);
#6880 = CARTESIAN_POINT('',(-27.15,45.75,-10.8));
#6881 = CIRCLE('',#6882,9.);
#6882 = AXIS2_PLACEMENT_3D('',#6883,#6884,#6885);
#6883 = CARTESIAN_POINT('',(-27.15,36.75,-10.8));
#6884 = DIRECTION('',(0.,0.,-1.));
#6885 = DIRECTION('',(1.,0.,0.));
#6886 = ORIENTED_EDGE('',*,*,#6887,.F.);
#6887 = EDGE_CURVE('',#6677,#6879,#6888,.T.);
#6888 = LINE('',#6889,#6890);
#6889 = CARTESIAN_POINT('',(27.149999999998,45.75,-10.8));
#6890 = VECTOR('',#6891,1.);
#6891 = DIRECTION('',(-1.,0.,0.));
#6892 = PLANE('',#6893);
#6893 = AXIS2_PLACEMENT_3D('',#6894,#6895,#6896);
#6894 = CARTESIAN_POINT('',(27.149999999997,36.75,-10.8));
#6895 = DIRECTION('',(0.,0.,1.));
#6896 = DIRECTION('',(1.,0.,0.));
#6897 = ADVANCED_FACE('',(#6898),#6930,.F.);
#6898 = FACE_BOUND('',#6899,.F.);
#6899 = EDGE_LOOP('',(#6900,#6901,#6907,#6908,#6909,#6915,#6916,#6924));
#6900 = ORIENTED_EDGE('',*,*,#5012,.T.);
#6901 = ORIENTED_EDGE('',*,*,#6902,.T.);
#6902 = EDGE_CURVE('',#5013,#4837,#6903,.T.);
#6903 = LINE('',#6904,#6905);
#6904 = CARTESIAN_POINT('',(-37.72120327386,36.75,-10.8));
#6905 = VECTOR('',#6906,1.);
#6906 = DIRECTION('',(0.,-1.,0.));
#6907 = ORIENTED_EDGE('',*,*,#4844,.T.);
#6908 = ORIENTED_EDGE('',*,*,#5192,.T.);
#6909 = ORIENTED_EDGE('',*,*,#6910,.F.);
#6910 = EDGE_CURVE('',#5570,#5165,#6911,.T.);
#6911 = LINE('',#6912,#6913);
#6912 = CARTESIAN_POINT('',(-4.500000000002,10.83,-10.8));
#6913 = VECTOR('',#6914,1.);
#6914 = DIRECTION('',(-1.,0.,0.));
#6915 = ORIENTED_EDGE('',*,*,#5577,.F.);
#6916 = ORIENTED_EDGE('',*,*,#6917,.F.);
#6917 = EDGE_CURVE('',#6918,#5578,#6920,.T.);
#6918 = VERTEX_POINT('',#6919);
#6919 = CARTESIAN_POINT('',(-37.52120327386,13.03,-10.8));
#6920 = LINE('',#6921,#6922);
#6921 = CARTESIAN_POINT('',(-4.500000000002,13.03,-10.8));
#6922 = VECTOR('',#6923,1.);
#6923 = DIRECTION('',(1.,0.,0.));
#6924 = ORIENTED_EDGE('',*,*,#6925,.T.);
#6925 = EDGE_CURVE('',#6918,#5005,#6926,.T.);
#6926 = LINE('',#6927,#6928);
#6927 = CARTESIAN_POINT('',(-37.52120327386,27.192746858169,-10.8));
#6928 = VECTOR('',#6929,1.);
#6929 = DIRECTION('',(0.,1.,0.));
#6930 = PLANE('',#6931);
#6931 = AXIS2_PLACEMENT_3D('',#6932,#6933,#6934);
#6932 = CARTESIAN_POINT('',(27.149999999997,36.75,-10.8));
#6933 = DIRECTION('',(0.,0.,1.));
#6934 = DIRECTION('',(1.,0.,0.));
#6935 = ADVANCED_FACE('',(#6936),#6970,.F.);
#6936 = FACE_BOUND('',#6937,.F.);
#6937 = EDGE_LOOP('',(#6938,#6939,#6940,#6948,#6954,#6955,#6963,#6969));
#6938 = ORIENTED_EDGE('',*,*,#6902,.F.);
#6939 = ORIENTED_EDGE('',*,*,#5020,.T.);
#6940 = ORIENTED_EDGE('',*,*,#6941,.T.);
#6941 = EDGE_CURVE('',#5021,#6942,#6944,.T.);
#6942 = VERTEX_POINT('',#6943);
#6943 = CARTESIAN_POINT('',(-37.52120327386,13.03,-11.55430369211));
#6944 = LINE('',#6945,#6946);
#6945 = CARTESIAN_POINT('',(-37.52120327386,27.192746858169,
    -11.55430369211));
#6946 = VECTOR('',#6947,1.);
#6947 = DIRECTION('',(0.,-1.,0.));
#6948 = ORIENTED_EDGE('',*,*,#6949,.F.);
#6949 = EDGE_CURVE('',#4918,#6942,#6950,.T.);
#6950 = LINE('',#6951,#6952);
#6951 = CARTESIAN_POINT('',(-38.41278962786,13.03,-8.191669298819));
#6952 = VECTOR('',#6953,1.);
#6953 = DIRECTION('',(-0.256289373133,0.,0.966600102017));
#6954 = ORIENTED_EDGE('',*,*,#4917,.T.);
#6955 = ORIENTED_EDGE('',*,*,#6956,.F.);
#6956 = EDGE_CURVE('',#6957,#4910,#6959,.T.);
#6957 = VERTEX_POINT('',#6958);
#6958 = CARTESIAN_POINT('',(-37.52120327386,10.83,-11.55430369211));
#6959 = LINE('',#6960,#6961);
#6960 = CARTESIAN_POINT('',(-37.11221062322,10.83,-13.09682702421));
#6961 = VECTOR('',#6962,1.);
#6962 = DIRECTION('',(0.256289373133,0.,-0.966600102017));
#6963 = ORIENTED_EDGE('',*,*,#6964,.T.);
#6964 = EDGE_CURVE('',#6957,#4829,#6965,.T.);
#6965 = LINE('',#6966,#6967);
#6966 = CARTESIAN_POINT('',(-37.52120327386,27.192746858169,
    -11.55430369211));
#6967 = VECTOR('',#6968,1.);
#6968 = DIRECTION('',(0.,-1.,0.));
#6969 = ORIENTED_EDGE('',*,*,#4836,.T.);
#6970 = PLANE('',#6971);
#6971 = AXIS2_PLACEMENT_3D('',#6972,#6973,#6974);
#6972 = CARTESIAN_POINT('',(-37.72120327386,36.75,-10.8));
#6973 = DIRECTION('',(-0.966600102017,0.,-0.256289373133));
#6974 = DIRECTION('',(0.,-1.,0.));
#6975 = ADVANCED_FACE('',(#6976),#6987,.T.);
#6976 = FACE_BOUND('',#6977,.T.);
#6977 = EDGE_LOOP('',(#6978,#6984,#6985,#6986));
#6978 = ORIENTED_EDGE('',*,*,#6979,.T.);
#6979 = EDGE_CURVE('',#4902,#6957,#6980,.T.);
#6980 = LINE('',#6981,#6982);
#6981 = CARTESIAN_POINT('',(-37.52120327386,10.83,-15.3));
#6982 = VECTOR('',#6983,1.);
#6983 = DIRECTION('',(0.,0.,1.));
#6984 = ORIENTED_EDGE('',*,*,#6964,.T.);
#6985 = ORIENTED_EDGE('',*,*,#4828,.F.);
#6986 = ORIENTED_EDGE('',*,*,#4901,.T.);
#6987 = PLANE('',#6988);
#6988 = AXIS2_PLACEMENT_3D('',#6989,#6990,#6991);
#6989 = CARTESIAN_POINT('',(-37.52120327386,17.635493716338,-10.05));
#6990 = DIRECTION('',(1.,0.,0.));
#6991 = DIRECTION('',(0.,0.,1.));
#6992 = ADVANCED_FACE('',(#6993),#7004,.T.);
#6993 = FACE_BOUND('',#6994,.T.);
#6994 = EDGE_LOOP('',(#6995,#6996,#7002,#7003));
#6995 = ORIENTED_EDGE('',*,*,#6941,.T.);
#6996 = ORIENTED_EDGE('',*,*,#6997,.T.);
#6997 = EDGE_CURVE('',#6942,#4926,#6998,.T.);
#6998 = LINE('',#6999,#7000);
#6999 = CARTESIAN_POINT('',(-37.52120327386,13.03,-4.8));
#7000 = VECTOR('',#7001,1.);
#7001 = DIRECTION('',(0.,0.,-1.));
#7002 = ORIENTED_EDGE('',*,*,#4933,.T.);
#7003 = ORIENTED_EDGE('',*,*,#5028,.F.);
#7004 = PLANE('',#7005);
#7005 = AXIS2_PLACEMENT_3D('',#7006,#7007,#7008);
#7006 = CARTESIAN_POINT('',(-37.52120327386,17.635493716338,-10.05));
#7007 = DIRECTION('',(1.,0.,0.));
#7008 = DIRECTION('',(0.,0.,1.));
#7009 = ADVANCED_FACE('',(#7010),#7015,.F.);
#7010 = FACE_BOUND('',#7011,.F.);
#7011 = EDGE_LOOP('',(#7012,#7013,#7014));
#7012 = ORIENTED_EDGE('',*,*,#6949,.T.);
#7013 = ORIENTED_EDGE('',*,*,#6997,.T.);
#7014 = ORIENTED_EDGE('',*,*,#4925,.T.);
#7015 = PLANE('',#7016);
#7016 = AXIS2_PLACEMENT_3D('',#7017,#7018,#7019);
#7017 = CARTESIAN_POINT('',(-36.15,13.03,-4.8));
#7018 = DIRECTION('',(0.,-1.,0.));
#7019 = DIRECTION('',(0.,0.,-1.));
#7020 = ADVANCED_FACE('',(#7021),#7026,.F.);
#7021 = FACE_BOUND('',#7022,.F.);
#7022 = EDGE_LOOP('',(#7023,#7024,#7025));
#7023 = ORIENTED_EDGE('',*,*,#4909,.T.);
#7024 = ORIENTED_EDGE('',*,*,#6979,.T.);
#7025 = ORIENTED_EDGE('',*,*,#6956,.T.);
#7026 = PLANE('',#7027);
#7027 = AXIS2_PLACEMENT_3D('',#7028,#7029,#7030);
#7028 = CARTESIAN_POINT('',(-36.15,10.83,-15.3));
#7029 = DIRECTION('',(0.,1.,0.));
#7030 = DIRECTION('',(0.,0.,1.));
#7031 = ADVANCED_FACE('',(#7032),#7050,.T.);
#7032 = FACE_BOUND('',#7033,.T.);
#7033 = EDGE_LOOP('',(#7034,#7042,#7048,#7049));
#7034 = ORIENTED_EDGE('',*,*,#7035,.T.);
#7035 = EDGE_CURVE('',#4966,#7036,#7038,.T.);
#7036 = VERTEX_POINT('',#7037);
#7037 = CARTESIAN_POINT('',(-37.52120327386,21.45,-11.55430369211));
#7038 = LINE('',#7039,#7040);
#7039 = CARTESIAN_POINT('',(-37.52120327386,27.192746858169,
    -11.55430369211));
#7040 = VECTOR('',#7041,1.);
#7041 = DIRECTION('',(0.,-1.,0.));
#7042 = ORIENTED_EDGE('',*,*,#7043,.T.);
#7043 = EDGE_CURVE('',#7036,#5078,#7044,.T.);
#7044 = LINE('',#7045,#7046);
#7045 = CARTESIAN_POINT('',(-37.52120327386,21.45,-4.8));
#7046 = VECTOR('',#7047,1.);
#7047 = DIRECTION('',(0.,0.,-1.));
#7048 = ORIENTED_EDGE('',*,*,#5085,.T.);
#7049 = ORIENTED_EDGE('',*,*,#4973,.F.);
#7050 = PLANE('',#7051);
#7051 = AXIS2_PLACEMENT_3D('',#7052,#7053,#7054);
#7052 = CARTESIAN_POINT('',(-37.52120327386,17.635493716338,-10.05));
#7053 = DIRECTION('',(1.,0.,0.));
#7054 = DIRECTION('',(0.,0.,1.));
#7055 = ADVANCED_FACE('',(#7056),#7088,.F.);
#7056 = FACE_BOUND('',#7057,.F.);
#7057 = EDGE_LOOP('',(#7058,#7064,#7065,#7066,#7072,#7073,#7081,#7087));
#7058 = ORIENTED_EDGE('',*,*,#7059,.F.);
#7059 = EDGE_CURVE('',#4958,#5134,#7060,.T.);
#7060 = LINE('',#7061,#7062);
#7061 = CARTESIAN_POINT('',(-37.72120327386,36.75,-10.8));
#7062 = VECTOR('',#7063,1.);
#7063 = DIRECTION('',(0.,-1.,0.));
#7064 = ORIENTED_EDGE('',*,*,#4965,.T.);
#7065 = ORIENTED_EDGE('',*,*,#7035,.T.);
#7066 = ORIENTED_EDGE('',*,*,#7067,.F.);
#7067 = EDGE_CURVE('',#5070,#7036,#7068,.T.);
#7068 = LINE('',#7069,#7070);
#7069 = CARTESIAN_POINT('',(-38.41278962786,21.45,-8.191669298819));
#7070 = VECTOR('',#7071,1.);
#7071 = DIRECTION('',(-0.256289373133,0.,0.966600102017));
#7072 = ORIENTED_EDGE('',*,*,#5069,.T.);
#7073 = ORIENTED_EDGE('',*,*,#7074,.F.);
#7074 = EDGE_CURVE('',#7075,#5062,#7077,.T.);
#7075 = VERTEX_POINT('',#7076);
#7076 = CARTESIAN_POINT('',(-37.52120327386,19.73,-11.55430369211));
#7077 = LINE('',#7078,#7079);
#7078 = CARTESIAN_POINT('',(-37.11221062322,19.73,-13.09682702421));
#7079 = VECTOR('',#7080,1.);
#7080 = DIRECTION('',(0.256289373133,0.,-0.966600102017));
#7081 = ORIENTED_EDGE('',*,*,#7082,.T.);
#7082 = EDGE_CURVE('',#7075,#5126,#7083,.T.);
#7083 = LINE('',#7084,#7085);
#7084 = CARTESIAN_POINT('',(-37.52120327386,27.192746858169,
    -11.55430369211));
#7085 = VECTOR('',#7086,1.);
#7086 = DIRECTION('',(0.,-1.,0.));
#7087 = ORIENTED_EDGE('',*,*,#5133,.T.);
#7088 = PLANE('',#7089);
#7089 = AXIS2_PLACEMENT_3D('',#7090,#7091,#7092);
#7090 = CARTESIAN_POINT('',(-37.72120327386,36.75,-10.8));
#7091 = DIRECTION('',(-0.966600102017,0.,-0.256289373133));
#7092 = DIRECTION('',(0.,-1.,0.));
#7093 = ADVANCED_FACE('',(#7094),#7121,.F.);
#7094 = FACE_BOUND('',#7095,.F.);
#7095 = EDGE_LOOP('',(#7096,#7097,#7098,#7099,#7100,#7108,#7114,#7115));
#7096 = ORIENTED_EDGE('',*,*,#6842,.T.);
#7097 = ORIENTED_EDGE('',*,*,#4957,.T.);
#7098 = ORIENTED_EDGE('',*,*,#7059,.T.);
#7099 = ORIENTED_EDGE('',*,*,#5141,.T.);
#7100 = ORIENTED_EDGE('',*,*,#7101,.T.);
#7101 = EDGE_CURVE('',#5142,#7102,#7104,.T.);
#7102 = VERTEX_POINT('',#7103);
#7103 = CARTESIAN_POINT('',(-37.52120327386,19.73,-10.8));
#7104 = LINE('',#7105,#7106);
#7105 = CARTESIAN_POINT('',(-37.52120327386,27.192746858169,-10.8));
#7106 = VECTOR('',#7107,1.);
#7107 = DIRECTION('',(0.,1.,0.));
#7108 = ORIENTED_EDGE('',*,*,#7109,.F.);
#7109 = EDGE_CURVE('',#5602,#7102,#7110,.T.);
#7110 = LINE('',#7111,#7112);
#7111 = CARTESIAN_POINT('',(-4.500000000002,19.73,-10.8));
#7112 = VECTOR('',#7113,1.);
#7113 = DIRECTION('',(-1.,0.,0.));
#7114 = ORIENTED_EDGE('',*,*,#5609,.F.);
#7115 = ORIENTED_EDGE('',*,*,#7116,.F.);
#7116 = EDGE_CURVE('',#6835,#5610,#7117,.T.);
#7117 = LINE('',#7118,#7119);
#7118 = CARTESIAN_POINT('',(-4.500000000002,21.45,-10.8));
#7119 = VECTOR('',#7120,1.);
#7120 = DIRECTION('',(1.,0.,0.));
#7121 = PLANE('',#7122);
#7122 = AXIS2_PLACEMENT_3D('',#7123,#7124,#7125);
#7123 = CARTESIAN_POINT('',(27.149999999997,36.75,-10.8));
#7124 = DIRECTION('',(0.,0.,1.));
#7125 = DIRECTION('',(1.,0.,0.));
#7126 = ADVANCED_FACE('',(#7127),#7156,.T.);
#7127 = FACE_BOUND('',#7128,.T.);
#7128 = EDGE_LOOP('',(#7129,#7137,#7145,#7151,#7152,#7153,#7154,#7155));
#7129 = ORIENTED_EDGE('',*,*,#7130,.T.);
#7130 = EDGE_CURVE('',#7102,#7131,#7133,.T.);
#7131 = VERTEX_POINT('',#7132);
#7132 = CARTESIAN_POINT('',(-37.52120327386,19.73,-4.8));
#7133 = LINE('',#7134,#7135);
#7134 = CARTESIAN_POINT('',(-37.52120327386,19.73,-15.3));
#7135 = VECTOR('',#7136,1.);
#7136 = DIRECTION('',(0.,0.,1.));
#7137 = ORIENTED_EDGE('',*,*,#7138,.T.);
#7138 = EDGE_CURVE('',#7131,#7139,#7141,.T.);
#7139 = VERTEX_POINT('',#7140);
#7140 = CARTESIAN_POINT('',(-37.52120327386,13.03,-4.8));
#7141 = LINE('',#7142,#7143);
#7142 = CARTESIAN_POINT('',(-37.52120327386,19.73,-4.8));
#7143 = VECTOR('',#7144,1.);
#7144 = DIRECTION('',(0.,-1.,0.));
#7145 = ORIENTED_EDGE('',*,*,#7146,.T.);
#7146 = EDGE_CURVE('',#7139,#6918,#7147,.T.);
#7147 = LINE('',#7148,#7149);
#7148 = CARTESIAN_POINT('',(-37.52120327386,13.03,-4.8));
#7149 = VECTOR('',#7150,1.);
#7150 = DIRECTION('',(0.,0.,-1.));
#7151 = ORIENTED_EDGE('',*,*,#6925,.T.);
#7152 = ORIENTED_EDGE('',*,*,#5004,.F.);
#7153 = ORIENTED_EDGE('',*,*,#5108,.F.);
#7154 = ORIENTED_EDGE('',*,*,#5149,.F.);
#7155 = ORIENTED_EDGE('',*,*,#7101,.T.);
#7156 = PLANE('',#7157);
#7157 = AXIS2_PLACEMENT_3D('',#7158,#7159,#7160);
#7158 = CARTESIAN_POINT('',(-37.52120327386,17.635493716338,-10.05));
#7159 = DIRECTION('',(1.,0.,0.));
#7160 = DIRECTION('',(0.,0.,1.));
#7161 = ADVANCED_FACE('',(#7162),#7167,.F.);
#7162 = FACE_BOUND('',#7163,.F.);
#7163 = EDGE_LOOP('',(#7164,#7165,#7166));
#7164 = ORIENTED_EDGE('',*,*,#7067,.T.);
#7165 = ORIENTED_EDGE('',*,*,#7043,.T.);
#7166 = ORIENTED_EDGE('',*,*,#5077,.T.);
#7167 = PLANE('',#7168);
#7168 = AXIS2_PLACEMENT_3D('',#7169,#7170,#7171);
#7169 = CARTESIAN_POINT('',(-36.15,21.45,-4.8));
#7170 = DIRECTION('',(0.,-1.,0.));
#7171 = DIRECTION('',(0.,0.,-1.));
#7172 = ADVANCED_FACE('',(#7173),#7183,.F.);
#7173 = FACE_BOUND('',#7174,.F.);
#7174 = EDGE_LOOP('',(#7175,#7176,#7182));
#7175 = ORIENTED_EDGE('',*,*,#5061,.T.);
#7176 = ORIENTED_EDGE('',*,*,#7177,.T.);
#7177 = EDGE_CURVE('',#5054,#7075,#7178,.T.);
#7178 = LINE('',#7179,#7180);
#7179 = CARTESIAN_POINT('',(-37.52120327386,19.73,-15.3));
#7180 = VECTOR('',#7181,1.);
#7181 = DIRECTION('',(0.,0.,1.));
#7182 = ORIENTED_EDGE('',*,*,#7074,.T.);
#7183 = PLANE('',#7184);
#7184 = AXIS2_PLACEMENT_3D('',#7185,#7186,#7187);
#7185 = CARTESIAN_POINT('',(-36.15,19.73,-15.3));
#7186 = DIRECTION('',(0.,1.,0.));
#7187 = DIRECTION('',(0.,0.,1.));
#7188 = ADVANCED_FACE('',(#7189),#7195,.T.);
#7189 = FACE_BOUND('',#7190,.T.);
#7190 = EDGE_LOOP('',(#7191,#7192,#7193,#7194));
#7191 = ORIENTED_EDGE('',*,*,#7177,.T.);
#7192 = ORIENTED_EDGE('',*,*,#7082,.T.);
#7193 = ORIENTED_EDGE('',*,*,#5125,.F.);
#7194 = ORIENTED_EDGE('',*,*,#5053,.T.);
#7195 = PLANE('',#7196);
#7196 = AXIS2_PLACEMENT_3D('',#7197,#7198,#7199);
#7197 = CARTESIAN_POINT('',(-37.52120327386,17.635493716338,-10.05));
#7198 = DIRECTION('',(1.,0.,0.));
#7199 = DIRECTION('',(0.,0.,1.));
#7200 = ADVANCED_FACE('',(#7201),#7212,.F.);
#7201 = FACE_BOUND('',#7202,.F.);
#7202 = EDGE_LOOP('',(#7203,#7204,#7205,#7206));
#7203 = ORIENTED_EDGE('',*,*,#5569,.F.);
#7204 = ORIENTED_EDGE('',*,*,#6910,.T.);
#7205 = ORIENTED_EDGE('',*,*,#5164,.T.);
#7206 = ORIENTED_EDGE('',*,*,#7207,.F.);
#7207 = EDGE_CURVE('',#5562,#5167,#7208,.T.);
#7208 = LINE('',#7209,#7210);
#7209 = CARTESIAN_POINT('',(-36.15,10.83,-4.8));
#7210 = VECTOR('',#7211,1.);
#7211 = DIRECTION('',(-1.,-0.,-0.));
#7212 = PLANE('',#7213);
#7213 = AXIS2_PLACEMENT_3D('',#7214,#7215,#7216);
#7214 = CARTESIAN_POINT('',(-36.15,10.83,-15.3));
#7215 = DIRECTION('',(0.,1.,0.));
#7216 = DIRECTION('',(0.,0.,1.));
#7217 = ADVANCED_FACE('',(#7218),#7224,.F.);
#7218 = FACE_BOUND('',#7219,.F.);
#7219 = EDGE_LOOP('',(#7220,#7221,#7222,#7223));
#7220 = ORIENTED_EDGE('',*,*,#7207,.T.);
#7221 = ORIENTED_EDGE('',*,*,#5174,.T.);
#7222 = ORIENTED_EDGE('',*,*,#5486,.F.);
#7223 = ORIENTED_EDGE('',*,*,#5561,.F.);
#7224 = PLANE('',#7225);
#7225 = AXIS2_PLACEMENT_3D('',#7226,#7227,#7228);
#7226 = CARTESIAN_POINT('',(-36.15,10.83,-4.8));
#7227 = DIRECTION('',(0.,0.,1.));
#7228 = DIRECTION('',(0.,-1.,0.));
#7229 = ADVANCED_FACE('',(#7230),#7252,.T.);
#7230 = FACE_BOUND('',#7231,.T.);
#7231 = EDGE_LOOP('',(#7232,#7241,#7242,#7243,#7244,#7245));
#7232 = ORIENTED_EDGE('',*,*,#7233,.T.);
#7233 = EDGE_CURVE('',#7234,#5325,#7236,.T.);
#7234 = VERTEX_POINT('',#7235);
#7235 = CARTESIAN_POINT('',(34.017,-41.932,-5.3));
#7236 = CIRCLE('',#7237,1.835);
#7237 = AXIS2_PLACEMENT_3D('',#7238,#7239,#7240);
#7238 = CARTESIAN_POINT('',(32.182,-41.932,-5.3));
#7239 = DIRECTION('',(0.,0.,1.));
#7240 = DIRECTION('',(1.,0.,0.));
#7241 = ORIENTED_EDGE('',*,*,#5324,.F.);
#7242 = ORIENTED_EDGE('',*,*,#6130,.F.);
#7243 = ORIENTED_EDGE('',*,*,#6139,.F.);
#7244 = ORIENTED_EDGE('',*,*,#5341,.T.);
#7245 = ORIENTED_EDGE('',*,*,#7246,.T.);
#7246 = EDGE_CURVE('',#5333,#7234,#7247,.T.);
#7247 = CIRCLE('',#7248,1.835);
#7248 = AXIS2_PLACEMENT_3D('',#7249,#7250,#7251);
#7249 = CARTESIAN_POINT('',(32.182,-41.932,-5.3));
#7250 = DIRECTION('',(0.,0.,1.));
#7251 = DIRECTION('',(1.,0.,0.));
#7252 = CYLINDRICAL_SURFACE('',#7253,1.835);
#7253 = AXIS2_PLACEMENT_3D('',#7254,#7255,#7256);
#7254 = CARTESIAN_POINT('',(32.182,-41.932,-2.2));
#7255 = DIRECTION('',(0.,0.,1.));
#7256 = DIRECTION('',(1.,0.,0.));
#7257 = ADVANCED_FACE('',(#7258,#7263),#7274,.F.);
#7258 = FACE_BOUND('',#7259,.F.);
#7259 = EDGE_LOOP('',(#7260,#7261,#7262));
#7260 = ORIENTED_EDGE('',*,*,#7246,.T.);
#7261 = ORIENTED_EDGE('',*,*,#7233,.T.);
#7262 = ORIENTED_EDGE('',*,*,#5332,.F.);
#7263 = FACE_BOUND('',#7264,.F.);
#7264 = EDGE_LOOP('',(#7265));
#7265 = ORIENTED_EDGE('',*,*,#7266,.F.);
#7266 = EDGE_CURVE('',#7267,#7267,#7269,.T.);
#7267 = VERTEX_POINT('',#7268);
#7268 = CARTESIAN_POINT('',(33.132,-41.932,-5.3));
#7269 = CIRCLE('',#7270,0.95);
#7270 = AXIS2_PLACEMENT_3D('',#7271,#7272,#7273);
#7271 = CARTESIAN_POINT('',(32.182,-41.932,-5.3));
#7272 = DIRECTION('',(0.,0.,1.));
#7273 = DIRECTION('',(1.,0.,0.));
#7274 = PLANE('',#7275);
#7275 = AXIS2_PLACEMENT_3D('',#7276,#7277,#7278);
#7276 = CARTESIAN_POINT('',(-0.6,1.6125,-5.3));
#7277 = DIRECTION('',(0.,0.,1.));
#7278 = DIRECTION('',(1.,0.,0.));
#7279 = ADVANCED_FACE('',(#7280),#7291,.T.);
#7280 = FACE_BOUND('',#7281,.T.);
#7281 = EDGE_LOOP('',(#7282,#7283,#7289,#7290));
#7282 = ORIENTED_EDGE('',*,*,#5415,.F.);
#7283 = ORIENTED_EDGE('',*,*,#7284,.T.);
#7284 = EDGE_CURVE('',#5408,#5881,#7285,.T.);
#7285 = LINE('',#7286,#7287);
#7286 = CARTESIAN_POINT('',(36.15,13.029999999959,-4.8));
#7287 = VECTOR('',#7288,1.);
#7288 = DIRECTION('',(1.,0.,0.));
#7289 = ORIENTED_EDGE('',*,*,#5888,.T.);
#7290 = ORIENTED_EDGE('',*,*,#6029,.T.);
#7291 = PLANE('',#7292);
#7292 = AXIS2_PLACEMENT_3D('',#7293,#7294,#7295);
#7293 = CARTESIAN_POINT('',(36.15,13.029999999959,-4.8));
#7294 = DIRECTION('',(0.,1.,0.));
#7295 = DIRECTION('',(0.,0.,-1.));
#7296 = ADVANCED_FACE('',(#7297),#7308,.T.);
#7297 = FACE_BOUND('',#7298,.T.);
#7298 = EDGE_LOOP('',(#7299,#7305,#7306,#7307));
#7299 = ORIENTED_EDGE('',*,*,#7300,.T.);
#7300 = EDGE_CURVE('',#5400,#5879,#7301,.T.);
#7301 = LINE('',#7302,#7303);
#7302 = CARTESIAN_POINT('',(36.15,19.730000000041,-4.8));
#7303 = VECTOR('',#7304,1.);
#7304 = DIRECTION('',(1.,0.,0.));
#7305 = ORIENTED_EDGE('',*,*,#5878,.T.);
#7306 = ORIENTED_EDGE('',*,*,#7284,.F.);
#7307 = ORIENTED_EDGE('',*,*,#5407,.F.);
#7308 = PLANE('',#7309);
#7309 = AXIS2_PLACEMENT_3D('',#7310,#7311,#7312);
#7310 = CARTESIAN_POINT('',(36.15,19.730000000041,-4.8));
#7311 = DIRECTION('',(0.,0.,-1.));
#7312 = DIRECTION('',(0.,-1.,0.));
#7313 = ADVANCED_FACE('',(#7314),#7320,.T.);
#7314 = FACE_BOUND('',#7315,.T.);
#7315 = EDGE_LOOP('',(#7316,#7317,#7318,#7319));
#7316 = ORIENTED_EDGE('',*,*,#5399,.F.);
#7317 = ORIENTED_EDGE('',*,*,#5948,.T.);
#7318 = ORIENTED_EDGE('',*,*,#5913,.T.);
#7319 = ORIENTED_EDGE('',*,*,#7300,.F.);
#7320 = PLANE('',#7321);
#7321 = AXIS2_PLACEMENT_3D('',#7322,#7323,#7324);
#7322 = CARTESIAN_POINT('',(36.15,19.730000000041,-15.3));
#7323 = DIRECTION('',(0.,-1.,0.));
#7324 = DIRECTION('',(0.,0.,1.));
#7325 = ADVANCED_FACE('',(#7326),#7361,.F.);
#7326 = FACE_BOUND('',#7327,.T.);
#7327 = EDGE_LOOP('',(#7328,#7334,#7335,#7336,#7337,#7345,#7354,#7360));
#7328 = ORIENTED_EDGE('',*,*,#7329,.F.);
#7329 = EDGE_CURVE('',#5933,#6176,#7330,.T.);
#7330 = LINE('',#7331,#7332);
#7331 = CARTESIAN_POINT('',(27.15,45.75,-12.2));
#7332 = VECTOR('',#7333,1.);
#7333 = DIRECTION('',(0.,0.,1.));
#7334 = ORIENTED_EDGE('',*,*,#5940,.T.);
#7335 = ORIENTED_EDGE('',*,*,#5383,.T.);
#7336 = ORIENTED_EDGE('',*,*,#6148,.T.);
#7337 = ORIENTED_EDGE('',*,*,#7338,.T.);
#7338 = EDGE_CURVE('',#6149,#7339,#7341,.T.);
#7339 = VERTEX_POINT('',#7340);
#7340 = CARTESIAN_POINT('',(33.77660085675,42.840005015213,-5.3));
#7341 = LINE('',#7342,#7343);
#7342 = CARTESIAN_POINT('',(33.77660085675,42.840005015213,-12.2));
#7343 = VECTOR('',#7344,1.);
#7344 = DIRECTION('',(-0.,-0.,-1.));
#7345 = ORIENTED_EDGE('',*,*,#7346,.F.);
#7346 = EDGE_CURVE('',#7347,#7339,#7349,.T.);
#7347 = VERTEX_POINT('',#7348);
#7348 = CARTESIAN_POINT('',(33.042787797876,43.552576862425,-5.3));
#7349 = CIRCLE('',#7350,9.);
#7350 = AXIS2_PLACEMENT_3D('',#7351,#7352,#7353);
#7351 = CARTESIAN_POINT('',(27.15,36.75,-5.3));
#7352 = DIRECTION('',(0.,0.,-1.));
#7353 = DIRECTION('',(1.,0.,0.));
#7354 = ORIENTED_EDGE('',*,*,#7355,.F.);
#7355 = EDGE_CURVE('',#6167,#7347,#7356,.T.);
#7356 = LINE('',#7357,#7358);
#7357 = CARTESIAN_POINT('',(33.042787797876,43.552576862425,-12.2));
#7358 = VECTOR('',#7359,1.);
#7359 = DIRECTION('',(-0.,-0.,-1.));
#7360 = ORIENTED_EDGE('',*,*,#6175,.T.);
#7361 = CYLINDRICAL_SURFACE('',#7362,9.);
#7362 = AXIS2_PLACEMENT_3D('',#7363,#7364,#7365);
#7363 = CARTESIAN_POINT('',(27.15,36.75,-12.2));
#7364 = DIRECTION('',(-0.,-0.,-1.));
#7365 = DIRECTION('',(1.,0.,0.));
#7366 = ADVANCED_FACE('',(#7367),#7378,.F.);
#7367 = FACE_BOUND('',#7368,.F.);
#7368 = EDGE_LOOP('',(#7369,#7370,#7371,#7372));
#7369 = ORIENTED_EDGE('',*,*,#5633,.F.);
#7370 = ORIENTED_EDGE('',*,*,#6871,.T.);
#7371 = ORIENTED_EDGE('',*,*,#6816,.T.);
#7372 = ORIENTED_EDGE('',*,*,#7373,.F.);
#7373 = EDGE_CURVE('',#5626,#6819,#7374,.T.);
#7374 = LINE('',#7375,#7376);
#7375 = CARTESIAN_POINT('',(-36.15,32.25,-4.8));
#7376 = VECTOR('',#7377,1.);
#7377 = DIRECTION('',(-1.,-0.,-0.));
#7378 = PLANE('',#7379);
#7379 = AXIS2_PLACEMENT_3D('',#7380,#7381,#7382);
#7380 = CARTESIAN_POINT('',(-36.15,32.25,-15.3));
#7381 = DIRECTION('',(0.,1.,0.));
#7382 = DIRECTION('',(0.,0.,1.));
#7383 = ADVANCED_FACE('',(#7384),#7395,.F.);
#7384 = FACE_BOUND('',#7385,.F.);
#7385 = EDGE_LOOP('',(#7386,#7387,#7388,#7394));
#7386 = ORIENTED_EDGE('',*,*,#7373,.T.);
#7387 = ORIENTED_EDGE('',*,*,#6826,.T.);
#7388 = ORIENTED_EDGE('',*,*,#7389,.F.);
#7389 = EDGE_CURVE('',#5618,#6827,#7390,.T.);
#7390 = LINE('',#7391,#7392);
#7391 = CARTESIAN_POINT('',(-36.15,21.45,-4.8));
#7392 = VECTOR('',#7393,1.);
#7393 = DIRECTION('',(-1.,-0.,-0.));
#7394 = ORIENTED_EDGE('',*,*,#5625,.F.);
#7395 = PLANE('',#7396);
#7396 = AXIS2_PLACEMENT_3D('',#7397,#7398,#7399);
#7397 = CARTESIAN_POINT('',(-36.15,32.25,-4.8));
#7398 = DIRECTION('',(0.,0.,1.));
#7399 = DIRECTION('',(0.,-1.,0.));
#7400 = ADVANCED_FACE('',(#7401),#7407,.F.);
#7401 = FACE_BOUND('',#7402,.F.);
#7402 = EDGE_LOOP('',(#7403,#7404,#7405,#7406));
#7403 = ORIENTED_EDGE('',*,*,#5617,.F.);
#7404 = ORIENTED_EDGE('',*,*,#7389,.T.);
#7405 = ORIENTED_EDGE('',*,*,#6834,.T.);
#7406 = ORIENTED_EDGE('',*,*,#7116,.T.);
#7407 = PLANE('',#7408);
#7408 = AXIS2_PLACEMENT_3D('',#7409,#7410,#7411);
#7409 = CARTESIAN_POINT('',(-36.15,21.45,-4.8));
#7410 = DIRECTION('',(0.,-1.,0.));
#7411 = DIRECTION('',(0.,0.,-1.));
#7412 = ADVANCED_FACE('',(#7413),#7424,.F.);
#7413 = FACE_BOUND('',#7414,.F.);
#7414 = EDGE_LOOP('',(#7415,#7416,#7417,#7418));
#7415 = ORIENTED_EDGE('',*,*,#5601,.F.);
#7416 = ORIENTED_EDGE('',*,*,#7109,.T.);
#7417 = ORIENTED_EDGE('',*,*,#7130,.T.);
#7418 = ORIENTED_EDGE('',*,*,#7419,.F.);
#7419 = EDGE_CURVE('',#5594,#7131,#7420,.T.);
#7420 = LINE('',#7421,#7422);
#7421 = CARTESIAN_POINT('',(-36.15,19.73,-4.8));
#7422 = VECTOR('',#7423,1.);
#7423 = DIRECTION('',(-1.,-0.,-0.));
#7424 = PLANE('',#7425);
#7425 = AXIS2_PLACEMENT_3D('',#7426,#7427,#7428);
#7426 = CARTESIAN_POINT('',(-36.15,19.73,-15.3));
#7427 = DIRECTION('',(0.,1.,0.));
#7428 = DIRECTION('',(0.,0.,1.));
#7429 = ADVANCED_FACE('',(#7430),#7441,.F.);
#7430 = FACE_BOUND('',#7431,.F.);
#7431 = EDGE_LOOP('',(#7432,#7433,#7434,#7440));
#7432 = ORIENTED_EDGE('',*,*,#7419,.T.);
#7433 = ORIENTED_EDGE('',*,*,#7138,.T.);
#7434 = ORIENTED_EDGE('',*,*,#7435,.F.);
#7435 = EDGE_CURVE('',#5586,#7139,#7436,.T.);
#7436 = LINE('',#7437,#7438);
#7437 = CARTESIAN_POINT('',(-36.15,13.03,-4.8));
#7438 = VECTOR('',#7439,1.);
#7439 = DIRECTION('',(-1.,-0.,-0.));
#7440 = ORIENTED_EDGE('',*,*,#5593,.F.);
#7441 = PLANE('',#7442);
#7442 = AXIS2_PLACEMENT_3D('',#7443,#7444,#7445);
#7443 = CARTESIAN_POINT('',(-36.15,19.73,-4.8));
#7444 = DIRECTION('',(0.,0.,1.));
#7445 = DIRECTION('',(0.,-1.,0.));
#7446 = ADVANCED_FACE('',(#7447),#7453,.F.);
#7447 = FACE_BOUND('',#7448,.F.);
#7448 = EDGE_LOOP('',(#7449,#7450,#7451,#7452));
#7449 = ORIENTED_EDGE('',*,*,#5585,.F.);
#7450 = ORIENTED_EDGE('',*,*,#7435,.T.);
#7451 = ORIENTED_EDGE('',*,*,#7146,.T.);
#7452 = ORIENTED_EDGE('',*,*,#6917,.T.);
#7453 = PLANE('',#7454);
#7454 = AXIS2_PLACEMENT_3D('',#7455,#7456,#7457);
#7455 = CARTESIAN_POINT('',(-36.15,13.03,-4.8));
#7456 = DIRECTION('',(0.,-1.,0.));
#7457 = DIRECTION('',(0.,0.,-1.));
#7458 = ADVANCED_FACE('',(#7459),#7481,.T.);
#7459 = FACE_BOUND('',#7460,.T.);
#7460 = EDGE_LOOP('',(#7461,#7470,#7471,#7472,#7473,#7474));
#7461 = ORIENTED_EDGE('',*,*,#7462,.T.);
#7462 = EDGE_CURVE('',#7463,#5529,#7465,.T.);
#7463 = VERTEX_POINT('',#7464);
#7464 = CARTESIAN_POINT('',(-32.747,-35.482,-5.3));
#7465 = CIRCLE('',#7466,1.835);
#7466 = AXIS2_PLACEMENT_3D('',#7467,#7468,#7469);
#7467 = CARTESIAN_POINT('',(-34.582,-35.482,-5.3));
#7468 = DIRECTION('',(0.,0.,1.));
#7469 = DIRECTION('',(1.,0.,0.));
#7470 = ORIENTED_EDGE('',*,*,#5528,.T.);
#7471 = ORIENTED_EDGE('',*,*,#6227,.F.);
#7472 = ORIENTED_EDGE('',*,*,#6236,.F.);
#7473 = ORIENTED_EDGE('',*,*,#5544,.F.);
#7474 = ORIENTED_EDGE('',*,*,#7475,.T.);
#7475 = EDGE_CURVE('',#5537,#7463,#7476,.T.);
#7476 = CIRCLE('',#7477,1.835);
#7477 = AXIS2_PLACEMENT_3D('',#7478,#7479,#7480);
#7478 = CARTESIAN_POINT('',(-34.582,-35.482,-5.3));
#7479 = DIRECTION('',(0.,0.,1.));
#7480 = DIRECTION('',(1.,0.,0.));
#7481 = CYLINDRICAL_SURFACE('',#7482,1.835);
#7482 = AXIS2_PLACEMENT_3D('',#7483,#7484,#7485);
#7483 = CARTESIAN_POINT('',(-34.582,-35.482,-2.2));
#7484 = DIRECTION('',(0.,0.,1.));
#7485 = DIRECTION('',(1.,0.,0.));
#7486 = ADVANCED_FACE('',(#7487,#7492),#7503,.F.);
#7487 = FACE_BOUND('',#7488,.F.);
#7488 = EDGE_LOOP('',(#7489,#7490,#7491));
#7489 = ORIENTED_EDGE('',*,*,#7475,.T.);
#7490 = ORIENTED_EDGE('',*,*,#7462,.T.);
#7491 = ORIENTED_EDGE('',*,*,#5536,.T.);
#7492 = FACE_BOUND('',#7493,.F.);
#7493 = EDGE_LOOP('',(#7494));
#7494 = ORIENTED_EDGE('',*,*,#7495,.F.);
#7495 = EDGE_CURVE('',#7496,#7496,#7498,.T.);
#7496 = VERTEX_POINT('',#7497);
#7497 = CARTESIAN_POINT('',(-33.632,-35.482,-5.3));
#7498 = CIRCLE('',#7499,0.95);
#7499 = AXIS2_PLACEMENT_3D('',#7500,#7501,#7502);
#7500 = CARTESIAN_POINT('',(-34.582,-35.482,-5.3));
#7501 = DIRECTION('',(0.,0.,1.));
#7502 = DIRECTION('',(1.,0.,0.));
#7503 = PLANE('',#7504);
#7504 = AXIS2_PLACEMENT_3D('',#7505,#7506,#7507);
#7505 = CARTESIAN_POINT('',(-0.6,1.6125,-5.3));
#7506 = DIRECTION('',(0.,0.,1.));
#7507 = DIRECTION('',(1.,0.,0.));
#7508 = ADVANCED_FACE('',(#7509),#7544,.F.);
#7509 = FACE_BOUND('',#7510,.T.);
#7510 = EDGE_LOOP('',(#7511,#7512,#7513,#7519,#7520,#7528,#7537,#7543));
#7511 = ORIENTED_EDGE('',*,*,#5512,.F.);
#7512 = ORIENTED_EDGE('',*,*,#6878,.T.);
#7513 = ORIENTED_EDGE('',*,*,#7514,.T.);
#7514 = EDGE_CURVE('',#6879,#6185,#7515,.T.);
#7515 = LINE('',#7516,#7517);
#7516 = CARTESIAN_POINT('',(-27.15,45.75,-12.2));
#7517 = VECTOR('',#7518,1.);
#7518 = DIRECTION('',(0.,0.,1.));
#7519 = ORIENTED_EDGE('',*,*,#6192,.T.);
#7520 = ORIENTED_EDGE('',*,*,#7521,.T.);
#7521 = EDGE_CURVE('',#6193,#7522,#7524,.T.);
#7522 = VERTEX_POINT('',#7523);
#7523 = CARTESIAN_POINT('',(-33.04278779787,43.552576862425,-5.3));
#7524 = LINE('',#7525,#7526);
#7525 = CARTESIAN_POINT('',(-33.04278779787,43.552576862425,-12.2));
#7526 = VECTOR('',#7527,1.);
#7527 = DIRECTION('',(-0.,-0.,-1.));
#7528 = ORIENTED_EDGE('',*,*,#7529,.F.);
#7529 = EDGE_CURVE('',#7530,#7522,#7532,.T.);
#7530 = VERTEX_POINT('',#7531);
#7531 = CARTESIAN_POINT('',(-33.77660085675,42.840005015213,-5.3));
#7532 = CIRCLE('',#7533,9.);
#7533 = AXIS2_PLACEMENT_3D('',#7534,#7535,#7536);
#7534 = CARTESIAN_POINT('',(-27.15,36.75,-5.3));
#7535 = DIRECTION('',(0.,0.,-1.));
#7536 = DIRECTION('',(1.,0.,0.));
#7537 = ORIENTED_EDGE('',*,*,#7538,.F.);
#7538 = EDGE_CURVE('',#6211,#7530,#7539,.T.);
#7539 = LINE('',#7540,#7541);
#7540 = CARTESIAN_POINT('',(-33.77660085675,42.840005015213,-12.2));
#7541 = VECTOR('',#7542,1.);
#7542 = DIRECTION('',(-0.,-0.,-1.));
#7543 = ORIENTED_EDGE('',*,*,#6219,.T.);
#7544 = CYLINDRICAL_SURFACE('',#7545,9.);
#7545 = AXIS2_PLACEMENT_3D('',#7546,#7547,#7548);
#7546 = CARTESIAN_POINT('',(-27.15,36.75,-12.2));
#7547 = DIRECTION('',(-0.,-0.,-1.));
#7548 = DIRECTION('',(1.,0.,0.));
#7549 = ADVANCED_FACE('',(#7550),#7561,.F.);
#7550 = FACE_BOUND('',#7551,.F.);
#7551 = EDGE_LOOP('',(#7552,#7553,#7554,#7555));
#7552 = ORIENTED_EDGE('',*,*,#5863,.T.);
#7553 = ORIENTED_EDGE('',*,*,#5669,.T.);
#7554 = ORIENTED_EDGE('',*,*,#6642,.F.);
#7555 = ORIENTED_EDGE('',*,*,#7556,.F.);
#7556 = EDGE_CURVE('',#5855,#6643,#7557,.T.);
#7557 = LINE('',#7558,#7559);
#7558 = CARTESIAN_POINT('',(27.149999999997,46.95,-12.2));
#7559 = VECTOR('',#7560,1.);
#7560 = DIRECTION('',(-1.,0.,0.));
#7561 = PLANE('',#7562);
#7562 = AXIS2_PLACEMENT_3D('',#7563,#7564,#7565);
#7563 = CARTESIAN_POINT('',(-4.632493799393E-15,-9.702015315709E-15,
    -12.2));
#7564 = DIRECTION('',(0.,0.,1.));
#7565 = DIRECTION('',(1.,0.,0.));
#7566 = ADVANCED_FACE('',(#7567),#7582,.T.);
#7567 = FACE_BOUND('',#7568,.T.);
#7568 = EDGE_LOOP('',(#7569,#7570,#7571,#7572,#7573,#7574,#7575,#7581));
#7569 = ORIENTED_EDGE('',*,*,#5932,.F.);
#7570 = ORIENTED_EDGE('',*,*,#7329,.T.);
#7571 = ORIENTED_EDGE('',*,*,#6184,.T.);
#7572 = ORIENTED_EDGE('',*,*,#7514,.F.);
#7573 = ORIENTED_EDGE('',*,*,#6887,.F.);
#7574 = ORIENTED_EDGE('',*,*,#6676,.F.);
#7575 = ORIENTED_EDGE('',*,*,#7576,.F.);
#7576 = EDGE_CURVE('',#5838,#6669,#7577,.T.);
#7577 = LINE('',#7578,#7579);
#7578 = CARTESIAN_POINT('',(27.149999999998,45.75,-10.8));
#7579 = VECTOR('',#7580,1.);
#7580 = DIRECTION('',(-1.,0.,0.));
#7581 = ORIENTED_EDGE('',*,*,#5837,.F.);
#7582 = PLANE('',#7583);
#7583 = AXIS2_PLACEMENT_3D('',#7584,#7585,#7586);
#7584 = CARTESIAN_POINT('',(27.15,45.75,-12.2));
#7585 = DIRECTION('',(0.,-1.,0.));
#7586 = DIRECTION('',(-1.,0.,0.));
#7587 = ADVANCED_FACE('',(#7588),#7599,.F.);
#7588 = FACE_BOUND('',#7589,.F.);
#7589 = EDGE_LOOP('',(#7590,#7591,#7597,#7598));
#7590 = ORIENTED_EDGE('',*,*,#5846,.T.);
#7591 = ORIENTED_EDGE('',*,*,#7592,.T.);
#7592 = EDGE_CURVE('',#5847,#6660,#7593,.T.);
#7593 = LINE('',#7594,#7595);
#7594 = CARTESIAN_POINT('',(27.149999999997,47.321203273864,-10.8));
#7595 = VECTOR('',#7596,1.);
#7596 = DIRECTION('',(-1.,0.,0.));
#7597 = ORIENTED_EDGE('',*,*,#6668,.F.);
#7598 = ORIENTED_EDGE('',*,*,#7576,.F.);
#7599 = PLANE('',#7600);
#7600 = AXIS2_PLACEMENT_3D('',#7601,#7602,#7603);
#7601 = CARTESIAN_POINT('',(27.149999999997,36.75,-10.8));
#7602 = DIRECTION('',(0.,0.,1.));
#7603 = DIRECTION('',(1.,0.,0.));
#7604 = ADVANCED_FACE('',(#7605),#7612,.F.);
#7605 = FACE_BOUND('',#7606,.F.);
#7606 = EDGE_LOOP('',(#7607,#7608,#7609,#7610,#7611));
#7607 = ORIENTED_EDGE('',*,*,#5854,.F.);
#7608 = ORIENTED_EDGE('',*,*,#7556,.T.);
#7609 = ORIENTED_EDGE('',*,*,#6650,.F.);
#7610 = ORIENTED_EDGE('',*,*,#6659,.F.);
#7611 = ORIENTED_EDGE('',*,*,#7592,.F.);
#7612 = PLANE('',#7613);
#7613 = AXIS2_PLACEMENT_3D('',#7614,#7615,#7616);
#7614 = CARTESIAN_POINT('',(27.149999999997,47.321203273864,-10.8));
#7615 = DIRECTION('',(0.,0.966600102017,-0.256289373133));
#7616 = DIRECTION('',(-1.,0.,0.));
#7617 = ADVANCED_FACE('',(#7618),#7640,.T.);
#7618 = FACE_BOUND('',#7619,.T.);
#7619 = EDGE_LOOP('',(#7620,#7629,#7630,#7631,#7632,#7633));
#7620 = ORIENTED_EDGE('',*,*,#7621,.T.);
#7621 = EDGE_CURVE('',#7622,#7339,#7624,.T.);
#7622 = VERTEX_POINT('',#7623);
#7623 = CARTESIAN_POINT('',(34.017,41.932,-5.3));
#7624 = CIRCLE('',#7625,1.835);
#7625 = AXIS2_PLACEMENT_3D('',#7626,#7627,#7628);
#7626 = CARTESIAN_POINT('',(32.182,41.932,-5.3));
#7627 = DIRECTION('',(0.,0.,1.));
#7628 = DIRECTION('',(1.,0.,0.));
#7629 = ORIENTED_EDGE('',*,*,#7338,.F.);
#7630 = ORIENTED_EDGE('',*,*,#6157,.F.);
#7631 = ORIENTED_EDGE('',*,*,#6166,.F.);
#7632 = ORIENTED_EDGE('',*,*,#7355,.T.);
#7633 = ORIENTED_EDGE('',*,*,#7634,.T.);
#7634 = EDGE_CURVE('',#7347,#7622,#7635,.T.);
#7635 = CIRCLE('',#7636,1.835);
#7636 = AXIS2_PLACEMENT_3D('',#7637,#7638,#7639);
#7637 = CARTESIAN_POINT('',(32.182,41.932,-5.3));
#7638 = DIRECTION('',(0.,0.,1.));
#7639 = DIRECTION('',(1.,0.,0.));
#7640 = CYLINDRICAL_SURFACE('',#7641,1.835);
#7641 = AXIS2_PLACEMENT_3D('',#7642,#7643,#7644);
#7642 = CARTESIAN_POINT('',(32.182,41.932,-2.2));
#7643 = DIRECTION('',(0.,0.,1.));
#7644 = DIRECTION('',(1.,0.,0.));
#7645 = ADVANCED_FACE('',(#7646),#7668,.T.);
#7646 = FACE_BOUND('',#7647,.T.);
#7647 = EDGE_LOOP('',(#7648,#7657,#7658,#7659,#7660,#7661));
#7648 = ORIENTED_EDGE('',*,*,#7649,.T.);
#7649 = EDGE_CURVE('',#7650,#7522,#7652,.T.);
#7650 = VERTEX_POINT('',#7651);
#7651 = CARTESIAN_POINT('',(-30.347,41.932,-5.3));
#7652 = CIRCLE('',#7653,1.835);
#7653 = AXIS2_PLACEMENT_3D('',#7654,#7655,#7656);
#7654 = CARTESIAN_POINT('',(-32.182,41.932,-5.3));
#7655 = DIRECTION('',(0.,0.,1.));
#7656 = DIRECTION('',(1.,0.,0.));
#7657 = ORIENTED_EDGE('',*,*,#7521,.F.);
#7658 = ORIENTED_EDGE('',*,*,#6201,.F.);
#7659 = ORIENTED_EDGE('',*,*,#6210,.F.);
#7660 = ORIENTED_EDGE('',*,*,#7538,.T.);
#7661 = ORIENTED_EDGE('',*,*,#7662,.T.);
#7662 = EDGE_CURVE('',#7530,#7650,#7663,.T.);
#7663 = CIRCLE('',#7664,1.835);
#7664 = AXIS2_PLACEMENT_3D('',#7665,#7666,#7667);
#7665 = CARTESIAN_POINT('',(-32.182,41.932,-5.3));
#7666 = DIRECTION('',(0.,0.,1.));
#7667 = DIRECTION('',(1.,0.,0.));
#7668 = CYLINDRICAL_SURFACE('',#7669,1.835);
#7669 = AXIS2_PLACEMENT_3D('',#7670,#7671,#7672);
#7670 = CARTESIAN_POINT('',(-32.182,41.932,-2.2));
#7671 = DIRECTION('',(0.,0.,1.));
#7672 = DIRECTION('',(1.,0.,0.));
#7673 = ADVANCED_FACE('',(#7674),#7690,.T.);
#7674 = FACE_BOUND('',#7675,.T.);
#7675 = EDGE_LOOP('',(#7676,#7682,#7683,#7689));
#7676 = ORIENTED_EDGE('',*,*,#7677,.T.);
#7677 = EDGE_CURVE('',#6283,#6417,#7678,.T.);
#7678 = LINE('',#7679,#7680);
#7679 = CARTESIAN_POINT('',(-29.05,37.,-2.2));
#7680 = VECTOR('',#7681,1.);
#7681 = DIRECTION('',(0.,0.,1.));
#7682 = ORIENTED_EDGE('',*,*,#6416,.T.);
#7683 = ORIENTED_EDGE('',*,*,#7684,.F.);
#7684 = EDGE_CURVE('',#6285,#6419,#7685,.T.);
#7685 = LINE('',#7686,#7687);
#7686 = CARTESIAN_POINT('',(-29.05,-6.,-2.2));
#7687 = VECTOR('',#7688,1.);
#7688 = DIRECTION('',(0.,0.,1.));
#7689 = ORIENTED_EDGE('',*,*,#6282,.F.);
#7690 = PLANE('',#7691);
#7691 = AXIS2_PLACEMENT_3D('',#7692,#7693,#7694);
#7692 = CARTESIAN_POINT('',(-29.05,37.,-2.2));
#7693 = DIRECTION('',(1.,0.,0.));
#7694 = DIRECTION('',(0.,-1.,0.));
#7695 = ADVANCED_FACE('',(#7696),#7707,.F.);
#7696 = FACE_BOUND('',#7697,.T.);
#7697 = EDGE_LOOP('',(#7698,#7704,#7705,#7706));
#7698 = ORIENTED_EDGE('',*,*,#7699,.T.);
#7699 = EDGE_CURVE('',#6293,#6470,#7700,.T.);
#7700 = LINE('',#7701,#7702);
#7701 = CARTESIAN_POINT('',(-28.7,37.35,-2.2));
#7702 = VECTOR('',#7703,1.);
#7703 = DIRECTION('',(0.,0.,1.));
#7704 = ORIENTED_EDGE('',*,*,#6477,.T.);
#7705 = ORIENTED_EDGE('',*,*,#7677,.F.);
#7706 = ORIENTED_EDGE('',*,*,#6292,.F.);
#7707 = CYLINDRICAL_SURFACE('',#7708,0.35);
#7708 = AXIS2_PLACEMENT_3D('',#7709,#7710,#7711);
#7709 = CARTESIAN_POINT('',(-28.7,37.,-2.2));
#7710 = DIRECTION('',(-0.,-0.,-1.));
#7711 = DIRECTION('',(1.,0.,0.));
#7712 = ADVANCED_FACE('',(#7713),#7724,.F.);
#7713 = FACE_BOUND('',#7714,.T.);
#7714 = EDGE_LOOP('',(#7715,#7716,#7717,#7723));
#7715 = ORIENTED_EDGE('',*,*,#7684,.T.);
#7716 = ORIENTED_EDGE('',*,*,#6426,.T.);
#7717 = ORIENTED_EDGE('',*,*,#7718,.F.);
#7718 = EDGE_CURVE('',#6336,#6427,#7719,.T.);
#7719 = LINE('',#7720,#7721);
#7720 = CARTESIAN_POINT('',(-28.7,-6.35,-2.2));
#7721 = VECTOR('',#7722,1.);
#7722 = DIRECTION('',(0.,0.,1.));
#7723 = ORIENTED_EDGE('',*,*,#6343,.F.);
#7724 = CYLINDRICAL_SURFACE('',#7725,0.35);
#7725 = AXIS2_PLACEMENT_3D('',#7726,#7727,#7728);
#7726 = CARTESIAN_POINT('',(-28.7,-6.,-2.2));
#7727 = DIRECTION('',(-0.,-0.,-1.));
#7728 = DIRECTION('',(1.,0.,0.));
#7729 = ADVANCED_FACE('',(#7730),#7741,.T.);
#7730 = FACE_BOUND('',#7731,.T.);
#7731 = EDGE_LOOP('',(#7732,#7738,#7739,#7740));
#7732 = ORIENTED_EDGE('',*,*,#7733,.T.);
#7733 = EDGE_CURVE('',#6302,#6461,#7734,.T.);
#7734 = LINE('',#7735,#7736);
#7735 = CARTESIAN_POINT('',(31.4,37.35,-2.2));
#7736 = VECTOR('',#7737,1.);
#7737 = DIRECTION('',(0.,0.,1.));
#7738 = ORIENTED_EDGE('',*,*,#6469,.T.);
#7739 = ORIENTED_EDGE('',*,*,#7699,.F.);
#7740 = ORIENTED_EDGE('',*,*,#6301,.F.);
#7741 = PLANE('',#7742);
#7742 = AXIS2_PLACEMENT_3D('',#7743,#7744,#7745);
#7743 = CARTESIAN_POINT('',(31.4,37.35,-2.2));
#7744 = DIRECTION('',(0.,-1.,0.));
#7745 = DIRECTION('',(-1.,0.,0.));
#7746 = ADVANCED_FACE('',(#7747),#7758,.T.);
#7747 = FACE_BOUND('',#7748,.T.);
#7748 = EDGE_LOOP('',(#7749,#7750,#7751,#7757));
#7749 = ORIENTED_EDGE('',*,*,#7718,.T.);
#7750 = ORIENTED_EDGE('',*,*,#6435,.T.);
#7751 = ORIENTED_EDGE('',*,*,#7752,.F.);
#7752 = EDGE_CURVE('',#6327,#6436,#7753,.T.);
#7753 = LINE('',#7754,#7755);
#7754 = CARTESIAN_POINT('',(31.4,-6.35,-2.2));
#7755 = VECTOR('',#7756,1.);
#7756 = DIRECTION('',(0.,0.,1.));
#7757 = ORIENTED_EDGE('',*,*,#6335,.F.);
#7758 = PLANE('',#7759);
#7759 = AXIS2_PLACEMENT_3D('',#7760,#7761,#7762);
#7760 = CARTESIAN_POINT('',(-28.7,-6.35,-2.2));
#7761 = DIRECTION('',(0.,1.,0.));
#7762 = DIRECTION('',(1.,0.,0.));
#7763 = ADVANCED_FACE('',(#7764),#7775,.F.);
#7764 = FACE_BOUND('',#7765,.T.);
#7765 = EDGE_LOOP('',(#7766,#7772,#7773,#7774));
#7766 = ORIENTED_EDGE('',*,*,#7767,.T.);
#7767 = EDGE_CURVE('',#6310,#6453,#7768,.T.);
#7768 = LINE('',#7769,#7770);
#7769 = CARTESIAN_POINT('',(31.75,37.,-2.2));
#7770 = VECTOR('',#7771,1.);
#7771 = DIRECTION('',(0.,0.,1.));
#7772 = ORIENTED_EDGE('',*,*,#6460,.T.);
#7773 = ORIENTED_EDGE('',*,*,#7733,.F.);
#7774 = ORIENTED_EDGE('',*,*,#6309,.F.);
#7775 = CYLINDRICAL_SURFACE('',#7776,0.35);
#7776 = AXIS2_PLACEMENT_3D('',#7777,#7778,#7779);
#7777 = CARTESIAN_POINT('',(31.4,37.,-2.2));
#7778 = DIRECTION('',(-0.,-0.,-1.));
#7779 = DIRECTION('',(1.,0.,0.));
#7780 = ADVANCED_FACE('',(#7781),#7792,.F.);
#7781 = FACE_BOUND('',#7782,.T.);
#7782 = EDGE_LOOP('',(#7783,#7784,#7785,#7791));
#7783 = ORIENTED_EDGE('',*,*,#7752,.T.);
#7784 = ORIENTED_EDGE('',*,*,#6443,.T.);
#7785 = ORIENTED_EDGE('',*,*,#7786,.F.);
#7786 = EDGE_CURVE('',#6319,#6444,#7787,.T.);
#7787 = LINE('',#7788,#7789);
#7788 = CARTESIAN_POINT('',(31.75,-6.,-2.2));
#7789 = VECTOR('',#7790,1.);
#7790 = DIRECTION('',(0.,0.,1.));
#7791 = ORIENTED_EDGE('',*,*,#6326,.F.);
#7792 = CYLINDRICAL_SURFACE('',#7793,0.35);
#7793 = AXIS2_PLACEMENT_3D('',#7794,#7795,#7796);
#7794 = CARTESIAN_POINT('',(31.4,-6.,-2.2));
#7795 = DIRECTION('',(-0.,-0.,-1.));
#7796 = DIRECTION('',(1.,0.,0.));
#7797 = ADVANCED_FACE('',(#7798),#7804,.T.);
#7798 = FACE_BOUND('',#7799,.T.);
#7799 = EDGE_LOOP('',(#7800,#7801,#7802,#7803));
#7800 = ORIENTED_EDGE('',*,*,#7786,.T.);
#7801 = ORIENTED_EDGE('',*,*,#6452,.T.);
#7802 = ORIENTED_EDGE('',*,*,#7767,.F.);
#7803 = ORIENTED_EDGE('',*,*,#6318,.F.);
#7804 = PLANE('',#7805);
#7805 = AXIS2_PLACEMENT_3D('',#7806,#7807,#7808);
#7806 = CARTESIAN_POINT('',(31.75,-6.,-2.2));
#7807 = DIRECTION('',(-1.,0.,0.));
#7808 = DIRECTION('',(0.,1.,0.));
#7809 = ADVANCED_FACE('',(#7810),#7826,.T.);
#7810 = FACE_BOUND('',#7811,.T.);
#7811 = EDGE_LOOP('',(#7812,#7818,#7819,#7825));
#7812 = ORIENTED_EDGE('',*,*,#7813,.T.);
#7813 = EDGE_CURVE('',#6353,#6567,#7814,.T.);
#7814 = LINE('',#7815,#7816);
#7815 = CARTESIAN_POINT('',(24.9,42.35,-2.2));
#7816 = VECTOR('',#7817,1.);
#7817 = DIRECTION('',(-0.,-0.,-1.));
#7818 = ORIENTED_EDGE('',*,*,#6566,.T.);
#7819 = ORIENTED_EDGE('',*,*,#7820,.F.);
#7820 = EDGE_CURVE('',#6355,#6569,#7821,.T.);
#7821 = LINE('',#7822,#7823);
#7822 = CARTESIAN_POINT('',(24.9,38.85,-2.2));
#7823 = VECTOR('',#7824,1.);
#7824 = DIRECTION('',(-0.,-0.,-1.));
#7825 = ORIENTED_EDGE('',*,*,#6352,.F.);
#7826 = PLANE('',#7827);
#7827 = AXIS2_PLACEMENT_3D('',#7828,#7829,#7830);
#7828 = CARTESIAN_POINT('',(24.9,42.35,-2.2));
#7829 = DIRECTION('',(-1.,0.,0.));
#7830 = DIRECTION('',(0.,-1.,0.));
#7831 = ADVANCED_FACE('',(#7832),#7843,.T.);
#7832 = FACE_BOUND('',#7833,.T.);
#7833 = EDGE_LOOP('',(#7834,#7835,#7836,#7842));
#7834 = ORIENTED_EDGE('',*,*,#7820,.T.);
#7835 = ORIENTED_EDGE('',*,*,#6576,.T.);
#7836 = ORIENTED_EDGE('',*,*,#7837,.F.);
#7837 = EDGE_CURVE('',#6371,#6577,#7838,.T.);
#7838 = LINE('',#7839,#7840);
#7839 = CARTESIAN_POINT('',(29.9,38.85,-2.2));
#7840 = VECTOR('',#7841,1.);
#7841 = DIRECTION('',(-0.,-0.,-1.));
#7842 = ORIENTED_EDGE('',*,*,#6378,.F.);
#7843 = PLANE('',#7844);
#7844 = AXIS2_PLACEMENT_3D('',#7845,#7846,#7847);
#7845 = CARTESIAN_POINT('',(24.9,38.85,-2.2));
#7846 = DIRECTION('',(0.,-1.,0.));
#7847 = DIRECTION('',(1.,0.,0.));
#7848 = ADVANCED_FACE('',(#7849),#7860,.T.);
#7849 = FACE_BOUND('',#7850,.T.);
#7850 = EDGE_LOOP('',(#7851,#7852,#7853,#7859));
#7851 = ORIENTED_EDGE('',*,*,#7837,.T.);
#7852 = ORIENTED_EDGE('',*,*,#6584,.T.);
#7853 = ORIENTED_EDGE('',*,*,#7854,.F.);
#7854 = EDGE_CURVE('',#6363,#6585,#7855,.T.);
#7855 = LINE('',#7856,#7857);
#7856 = CARTESIAN_POINT('',(29.9,42.35,-2.2));
#7857 = VECTOR('',#7858,1.);
#7858 = DIRECTION('',(-0.,-0.,-1.));
#7859 = ORIENTED_EDGE('',*,*,#6370,.F.);
#7860 = PLANE('',#7861);
#7861 = AXIS2_PLACEMENT_3D('',#7862,#7863,#7864);
#7862 = CARTESIAN_POINT('',(29.9,38.85,-2.2));
#7863 = DIRECTION('',(1.,0.,0.));
#7864 = DIRECTION('',(0.,1.,0.));
#7865 = ADVANCED_FACE('',(#7866),#7872,.T.);
#7866 = FACE_BOUND('',#7867,.T.);
#7867 = EDGE_LOOP('',(#7868,#7869,#7870,#7871));
#7868 = ORIENTED_EDGE('',*,*,#7854,.T.);
#7869 = ORIENTED_EDGE('',*,*,#6592,.T.);
#7870 = ORIENTED_EDGE('',*,*,#7813,.F.);
#7871 = ORIENTED_EDGE('',*,*,#6362,.F.);
#7872 = PLANE('',#7873);
#7873 = AXIS2_PLACEMENT_3D('',#7874,#7875,#7876);
#7874 = CARTESIAN_POINT('',(29.9,42.35,-2.2));
#7875 = DIRECTION('',(0.,1.,0.));
#7876 = DIRECTION('',(-1.,0.,0.));
#7877 = ADVANCED_FACE('',(#7878),#7897,.F.);
#7878 = FACE_BOUND('',#7879,.F.);
#7879 = EDGE_LOOP('',(#7880,#7888,#7889,#7890));
#7880 = ORIENTED_EDGE('',*,*,#7881,.T.);
#7881 = EDGE_CURVE('',#7882,#7267,#7884,.T.);
#7882 = VERTEX_POINT('',#7883);
#7883 = CARTESIAN_POINT('',(33.132,-41.932,-1.));
#7884 = LINE('',#7885,#7886);
#7885 = CARTESIAN_POINT('',(33.132,-41.932,-1.));
#7886 = VECTOR('',#7887,1.);
#7887 = DIRECTION('',(-0.,-0.,-1.));
#7888 = ORIENTED_EDGE('',*,*,#7266,.T.);
#7889 = ORIENTED_EDGE('',*,*,#7881,.F.);
#7890 = ORIENTED_EDGE('',*,*,#7891,.F.);
#7891 = EDGE_CURVE('',#7882,#7882,#7892,.T.);
#7892 = CIRCLE('',#7893,0.95);
#7893 = AXIS2_PLACEMENT_3D('',#7894,#7895,#7896);
#7894 = CARTESIAN_POINT('',(32.182,-41.932,-1.));
#7895 = DIRECTION('',(0.,0.,1.));
#7896 = DIRECTION('',(1.,0.,0.));
#7897 = CYLINDRICAL_SURFACE('',#7898,0.95);
#7898 = AXIS2_PLACEMENT_3D('',#7899,#7900,#7901);
#7899 = CARTESIAN_POINT('',(32.182,-41.932,-1.));
#7900 = DIRECTION('',(0.,0.,1.));
#7901 = DIRECTION('',(1.,0.,0.));
#7902 = ADVANCED_FACE('',(#7903,#7908),#7919,.F.);
#7903 = FACE_BOUND('',#7904,.F.);
#7904 = EDGE_LOOP('',(#7905,#7906,#7907));
#7905 = ORIENTED_EDGE('',*,*,#7634,.T.);
#7906 = ORIENTED_EDGE('',*,*,#7621,.T.);
#7907 = ORIENTED_EDGE('',*,*,#7346,.F.);
#7908 = FACE_BOUND('',#7909,.F.);
#7909 = EDGE_LOOP('',(#7910));
#7910 = ORIENTED_EDGE('',*,*,#7911,.F.);
#7911 = EDGE_CURVE('',#7912,#7912,#7914,.T.);
#7912 = VERTEX_POINT('',#7913);
#7913 = CARTESIAN_POINT('',(33.132,41.932,-5.3));
#7914 = CIRCLE('',#7915,0.95);
#7915 = AXIS2_PLACEMENT_3D('',#7916,#7917,#7918);
#7916 = CARTESIAN_POINT('',(32.182,41.932,-5.3));
#7917 = DIRECTION('',(0.,0.,1.));
#7918 = DIRECTION('',(1.,0.,0.));
#7919 = PLANE('',#7920);
#7920 = AXIS2_PLACEMENT_3D('',#7921,#7922,#7923);
#7921 = CARTESIAN_POINT('',(-0.6,1.6125,-5.3));
#7922 = DIRECTION('',(0.,0.,1.));
#7923 = DIRECTION('',(1.,0.,0.));
#7924 = ADVANCED_FACE('',(#7925),#7944,.F.);
#7925 = FACE_BOUND('',#7926,.F.);
#7926 = EDGE_LOOP('',(#7927,#7935,#7936,#7937));
#7927 = ORIENTED_EDGE('',*,*,#7928,.T.);
#7928 = EDGE_CURVE('',#7929,#7496,#7931,.T.);
#7929 = VERTEX_POINT('',#7930);
#7930 = CARTESIAN_POINT('',(-33.632,-35.482,-1.));
#7931 = LINE('',#7932,#7933);
#7932 = CARTESIAN_POINT('',(-33.632,-35.482,-1.));
#7933 = VECTOR('',#7934,1.);
#7934 = DIRECTION('',(-0.,-0.,-1.));
#7935 = ORIENTED_EDGE('',*,*,#7495,.T.);
#7936 = ORIENTED_EDGE('',*,*,#7928,.F.);
#7937 = ORIENTED_EDGE('',*,*,#7938,.F.);
#7938 = EDGE_CURVE('',#7929,#7929,#7939,.T.);
#7939 = CIRCLE('',#7940,0.95);
#7940 = AXIS2_PLACEMENT_3D('',#7941,#7942,#7943);
#7941 = CARTESIAN_POINT('',(-34.582,-35.482,-1.));
#7942 = DIRECTION('',(0.,0.,1.));
#7943 = DIRECTION('',(1.,0.,0.));
#7944 = CYLINDRICAL_SURFACE('',#7945,0.95);
#7945 = AXIS2_PLACEMENT_3D('',#7946,#7947,#7948);
#7946 = CARTESIAN_POINT('',(-34.582,-35.482,-1.));
#7947 = DIRECTION('',(0.,0.,1.));
#7948 = DIRECTION('',(1.,0.,0.));
#7949 = ADVANCED_FACE('',(#7950,#7955),#7966,.F.);
#7950 = FACE_BOUND('',#7951,.F.);
#7951 = EDGE_LOOP('',(#7952,#7953,#7954));
#7952 = ORIENTED_EDGE('',*,*,#7662,.T.);
#7953 = ORIENTED_EDGE('',*,*,#7649,.T.);
#7954 = ORIENTED_EDGE('',*,*,#7529,.F.);
#7955 = FACE_BOUND('',#7956,.F.);
#7956 = EDGE_LOOP('',(#7957));
#7957 = ORIENTED_EDGE('',*,*,#7958,.F.);
#7958 = EDGE_CURVE('',#7959,#7959,#7961,.T.);
#7959 = VERTEX_POINT('',#7960);
#7960 = CARTESIAN_POINT('',(-31.232,41.932,-5.3));
#7961 = CIRCLE('',#7962,0.95);
#7962 = AXIS2_PLACEMENT_3D('',#7963,#7964,#7965);
#7963 = CARTESIAN_POINT('',(-32.182,41.932,-5.3));
#7964 = DIRECTION('',(0.,0.,1.));
#7965 = DIRECTION('',(1.,0.,0.));
#7966 = PLANE('',#7967);
#7967 = AXIS2_PLACEMENT_3D('',#7968,#7969,#7970);
#7968 = CARTESIAN_POINT('',(-0.6,1.6125,-5.3));
#7969 = DIRECTION('',(0.,0.,1.));
#7970 = DIRECTION('',(1.,0.,0.));
#7971 = ADVANCED_FACE('',(#7972),#7975,.F.);
#7972 = FACE_BOUND('',#7973,.F.);
#7973 = EDGE_LOOP('',(#7974));
#7974 = ORIENTED_EDGE('',*,*,#7891,.T.);
#7975 = PLANE('',#7976);
#7976 = AXIS2_PLACEMENT_3D('',#7977,#7978,#7979);
#7977 = CARTESIAN_POINT('',(-0.6,1.6125,-1.));
#7978 = DIRECTION('',(0.,0.,1.));
#7979 = DIRECTION('',(1.,0.,0.));
#7980 = ADVANCED_FACE('',(#7981),#8000,.F.);
#7981 = FACE_BOUND('',#7982,.F.);
#7982 = EDGE_LOOP('',(#7983,#7991,#7992,#7993));
#7983 = ORIENTED_EDGE('',*,*,#7984,.T.);
#7984 = EDGE_CURVE('',#7985,#7912,#7987,.T.);
#7985 = VERTEX_POINT('',#7986);
#7986 = CARTESIAN_POINT('',(33.132,41.932,-1.));
#7987 = LINE('',#7988,#7989);
#7988 = CARTESIAN_POINT('',(33.132,41.932,-1.));
#7989 = VECTOR('',#7990,1.);
#7990 = DIRECTION('',(-0.,-0.,-1.));
#7991 = ORIENTED_EDGE('',*,*,#7911,.T.);
#7992 = ORIENTED_EDGE('',*,*,#7984,.F.);
#7993 = ORIENTED_EDGE('',*,*,#7994,.F.);
#7994 = EDGE_CURVE('',#7985,#7985,#7995,.T.);
#7995 = CIRCLE('',#7996,0.95);
#7996 = AXIS2_PLACEMENT_3D('',#7997,#7998,#7999);
#7997 = CARTESIAN_POINT('',(32.182,41.932,-1.));
#7998 = DIRECTION('',(0.,0.,1.));
#7999 = DIRECTION('',(1.,0.,0.));
#8000 = CYLINDRICAL_SURFACE('',#8001,0.95);
#8001 = AXIS2_PLACEMENT_3D('',#8002,#8003,#8004);
#8002 = CARTESIAN_POINT('',(32.182,41.932,-1.));
#8003 = DIRECTION('',(0.,0.,1.));
#8004 = DIRECTION('',(1.,0.,0.));
#8005 = ADVANCED_FACE('',(#8006),#8009,.F.);
#8006 = FACE_BOUND('',#8007,.F.);
#8007 = EDGE_LOOP('',(#8008));
#8008 = ORIENTED_EDGE('',*,*,#7938,.T.);
#8009 = PLANE('',#8010);
#8010 = AXIS2_PLACEMENT_3D('',#8011,#8012,#8013);
#8011 = CARTESIAN_POINT('',(-0.6,1.6125,-1.));
#8012 = DIRECTION('',(0.,0.,1.));
#8013 = DIRECTION('',(1.,0.,0.));
#8014 = ADVANCED_FACE('',(#8015),#8034,.F.);
#8015 = FACE_BOUND('',#8016,.F.);
#8016 = EDGE_LOOP('',(#8017,#8025,#8026,#8027));
#8017 = ORIENTED_EDGE('',*,*,#8018,.T.);
#8018 = EDGE_CURVE('',#8019,#7959,#8021,.T.);
#8019 = VERTEX_POINT('',#8020);
#8020 = CARTESIAN_POINT('',(-31.232,41.932,-1.));
#8021 = LINE('',#8022,#8023);
#8022 = CARTESIAN_POINT('',(-31.232,41.932,-1.));
#8023 = VECTOR('',#8024,1.);
#8024 = DIRECTION('',(-0.,-0.,-1.));
#8025 = ORIENTED_EDGE('',*,*,#7958,.T.);
#8026 = ORIENTED_EDGE('',*,*,#8018,.F.);
#8027 = ORIENTED_EDGE('',*,*,#8028,.F.);
#8028 = EDGE_CURVE('',#8019,#8019,#8029,.T.);
#8029 = CIRCLE('',#8030,0.95);
#8030 = AXIS2_PLACEMENT_3D('',#8031,#8032,#8033);
#8031 = CARTESIAN_POINT('',(-32.182,41.932,-1.));
#8032 = DIRECTION('',(0.,0.,1.));
#8033 = DIRECTION('',(1.,0.,0.));
#8034 = CYLINDRICAL_SURFACE('',#8035,0.95);
#8035 = AXIS2_PLACEMENT_3D('',#8036,#8037,#8038);
#8036 = CARTESIAN_POINT('',(-32.182,41.932,-1.));
#8037 = DIRECTION('',(0.,0.,1.));
#8038 = DIRECTION('',(1.,0.,0.));
#8039 = ADVANCED_FACE('',(#8040),#8043,.F.);
#8040 = FACE_BOUND('',#8041,.F.);
#8041 = EDGE_LOOP('',(#8042));
#8042 = ORIENTED_EDGE('',*,*,#7994,.T.);
#8043 = PLANE('',#8044);
#8044 = AXIS2_PLACEMENT_3D('',#8045,#8046,#8047);
#8045 = CARTESIAN_POINT('',(-0.6,1.6125,-1.));
#8046 = DIRECTION('',(0.,0.,1.));
#8047 = DIRECTION('',(1.,0.,0.));
#8048 = ADVANCED_FACE('',(#8049),#8052,.F.);
#8049 = FACE_BOUND('',#8050,.F.);
#8050 = EDGE_LOOP('',(#8051));
#8051 = ORIENTED_EDGE('',*,*,#8028,.T.);
#8052 = PLANE('',#8053);
#8053 = AXIS2_PLACEMENT_3D('',#8054,#8055,#8056);
#8054 = CARTESIAN_POINT('',(-0.6,1.6125,-1.));
#8055 = DIRECTION('',(0.,0.,1.));
#8056 = DIRECTION('',(1.,0.,0.));
#8057 = ( GEOMETRIC_REPRESENTATION_CONTEXT(3) 
GLOBAL_UNCERTAINTY_ASSIGNED_CONTEXT((#8061)) 
GLOBAL_UNIT_ASSIGNED_CONTEXT((#8058,#8059,#8060)) REPRESENTATION_CONTEXT
('Context #1','3D Context with UNIT and UNCERTAINTY') );
#8058 = ( LENGTH_UNIT() NAMED_UNIT(*) SI_UNIT(.MILLI.,.METRE.) );
#8059 = ( NAMED_UNIT(*) PLANE_ANGLE_UNIT() SI_UNIT($,.RADIAN.) );
#8060 = ( NAMED_UNIT(*) SI_UNIT($,.STERADIAN.) SOLID_ANGLE_UNIT() );
#8061 = UNCERTAINTY_MEASURE_WITH_UNIT(LENGTH_MEASURE(2.E-05),#8058,
  'distance_accuracy_value','confusion accuracy');
#8062 = PRODUCT_RELATED_PRODUCT_CATEGORY('part',$,(#7));
#8063 = MECHANICAL_DESIGN_GEOMETRIC_PRESENTATION_REPRESENTATION('',(
    #8064),#8057);
#8064 = STYLED_ITEM('color',(#8065),#15);
#8065 = PRESENTATION_STYLE_ASSIGNMENT((#8066,#8074));
#8066 = SURFACE_STYLE_USAGE(.BOTH.,#8067);
#8067 = SURFACE_SIDE_STYLE('',(#8068,#8072));
#8068 = SURFACE_STYLE_FILL_AREA(#8069);
#8069 = FILL_AREA_STYLE('',(#8070));
#8070 = FILL_AREA_STYLE_COLOUR('',#8071);
#8071 = COLOUR_RGB('',0.447058818107,0.474509808674,0.501960817233);
#8072 = SURFACE_STYLE_RENDERING_WITH_PROPERTIES(.NORMAL_SHADING.,#8071,(
    #8073));
#8073 = SURFACE_STYLE_TRANSPARENT(0.699999988079);
#8074 = CURVE_STYLE('',#8075,POSITIVE_LENGTH_MEASURE(0.1),#8076);
#8075 = DRAUGHTING_PRE_DEFINED_CURVE_FONT('continuous');
#8076 = COLOUR_RGB('',9.803921802644E-02,9.803921802644E-02,
  9.803921802644E-02);
ENDSEC;
END-ISO-10303-21;
