ISO-10303-21;
HEADER;
FILE_DESCRIPTION(('FreeCAD Model'),'2;1');
FILE_NAME('Open CASCADE Shape Model','2026-09-03T10:21:22',(''),(''),
  'Open CASCADE STEP processor 7.9','FreeCAD','Unknown');
FILE_SCHEMA(('AUTOMOTIVE_DESIGN { 1 0 10303 214 1 1 1 1 }'));
ENDSEC;
DATA;
#1 = APPLICATION_PROTOCOL_DEFINITION('international standard',
  'automotive_design',2000,#2);
#2 = APPLICATION_CONTEXT(
  'core data for automotive mechanical design processes');
#3 = SHAPE_DEFINITION_REPRESENTATION(#4,#10);
#4 = PRODUCT_DEFINITION_SHAPE('','',#5);
#5 = PRODUCT_DEFINITION('design','',#6,#9);
#6 = PRODUCT_DEFINITION_FORMATION('','',#7);
#7 = PRODUCT('bottom','bottom','',(#8));
#8 = PRODUCT_CONTEXT('',#2,'mechanical');
#9 = PRODUCT_DEFINITION_CONTEXT('part definition',#2,'design');
#10 = ADVANCED_BREP_SHAPE_REPRESENTATION('',(#11,#15),#3771);
#11 = AXIS2_PLACEMENT_3D('',#12,#13,#14);
#12 = CARTESIAN_POINT('',(0.,0.,0.));
#13 = DIRECTION('',(0.,0.,1.));
#14 = DIRECTION('',(1.,0.,-0.));
#15 = MANIFOLD_SOLID_BREP('',#16);
#16 = CLOSED_SHELL('',(#17,#107,#218,#243,#316,#356,#381,#405,#430,#470,
    #544,#561,#674,#755,#780,#805,#856,#881,#906,#931,#956,#988,#1012,
    #1036,#1084,#1140,#1157,#1182,#1243,#1275,#1292,#1322,#1340,#1364,
    #1420,#1469,#1486,#1503,#1552,#1576,#1600,#1624,#1680,#1704,#1728,
    #1752,#1811,#1877,#1901,#1925,#1949,#1996,#2013,#2025,#2102,#2126,
    #2196,#2216,#2236,#2256,#2276,#2305,#2329,#2360,#2377,#2411,#2440,
    #2458,#2666,#2683,#2730,#2747,#2759,#2771,#2795,#2830,#2870,#2901,
    #2941,#2976,#3016,#3039,#3063,#3087,#3127,#3162,#3208,#3231,#3255,
    #3273,#3297,#3336,#3383,#3400,#3413,#3442,#3471,#3488,#3505,#3522,
    #3539,#3556,#3568,#3585,#3602,#3619,#3636,#3653,#3665,#3682,#3694,
    #3711,#3723,#3735,#3747,#3759));
#17 = ADVANCED_FACE('',(#18),#102,.F.);
#18 = FACE_BOUND('',#19,.F.);
#19 = EDGE_LOOP('',(#20,#30,#38,#46,#54,#63,#71,#80,#88,#96));
#20 = ORIENTED_EDGE('',*,*,#21,.F.);
#21 = EDGE_CURVE('',#22,#24,#26,.T.);
#22 = VERTEX_POINT('',#23);
#23 = CARTESIAN_POINT('',(-27.15,-47.95,0.));
#24 = VERTEX_POINT('',#25);
#25 = CARTESIAN_POINT('',(27.15,-47.95,0.));
#26 = LINE('',#27,#28);
#27 = CARTESIAN_POINT('',(-27.15,-47.95,0.));
#28 = VECTOR('',#29,1.);
#29 = DIRECTION('',(1.,0.,0.));
#30 = ORIENTED_EDGE('',*,*,#31,.T.);
#31 = EDGE_CURVE('',#22,#32,#34,.T.);
#32 = VERTEX_POINT('',#33);
#33 = CARTESIAN_POINT('',(-27.15,-47.95,5.3));
#34 = LINE('',#35,#36);
#35 = CARTESIAN_POINT('',(-27.15,-47.95,0.));
#36 = VECTOR('',#37,1.);
#37 = DIRECTION('',(0.,0.,1.));
#38 = ORIENTED_EDGE('',*,*,#39,.T.);
#39 = EDGE_CURVE('',#32,#40,#42,.T.);
#40 = VERTEX_POINT('',#41);
#41 = CARTESIAN_POINT('',(-4.82,-47.95,5.3));
#42 = LINE('',#43,#44);
#43 = CARTESIAN_POINT('',(-27.15,-47.95,5.3));
#44 = VECTOR('',#45,1.);
#45 = DIRECTION('',(1.,0.,0.));
#46 = ORIENTED_EDGE('',*,*,#47,.T.);
#47 = EDGE_CURVE('',#40,#48,#50,.T.);
#48 = VERTEX_POINT('',#49);
#49 = CARTESIAN_POINT('',(-4.82,-47.95,4.8));
#50 = LINE('',#51,#52);
#51 = CARTESIAN_POINT('',(-4.82,-47.95,6.));
#52 = VECTOR('',#53,1.);
#53 = DIRECTION('',(0.,0.,-1.));
#54 = ORIENTED_EDGE('',*,*,#55,.T.);
#55 = EDGE_CURVE('',#48,#56,#58,.T.);
#56 = VERTEX_POINT('',#57);
#57 = CARTESIAN_POINT('',(-3.72,-47.95,3.7));
#58 = CIRCLE('',#59,1.1);
#59 = AXIS2_PLACEMENT_3D('',#60,#61,#62);
#60 = CARTESIAN_POINT('',(-3.72,-47.95,4.8));
#61 = DIRECTION('',(0.,-1.,0.));
#62 = DIRECTION('',(1.,0.,0.));
#63 = ORIENTED_EDGE('',*,*,#64,.T.);
#64 = EDGE_CURVE('',#56,#65,#67,.T.);
#65 = VERTEX_POINT('',#66);
#66 = CARTESIAN_POINT('',(3.22,-47.95,3.7));
#67 = LINE('',#68,#69);
#68 = CARTESIAN_POINT('',(-3.72,-47.95,3.7));
#69 = VECTOR('',#70,1.);
#70 = DIRECTION('',(1.,0.,0.));
#71 = ORIENTED_EDGE('',*,*,#72,.T.);
#72 = EDGE_CURVE('',#65,#73,#75,.T.);
#73 = VERTEX_POINT('',#74);
#74 = CARTESIAN_POINT('',(4.32,-47.95,4.8));
#75 = CIRCLE('',#76,1.1);
#76 = AXIS2_PLACEMENT_3D('',#77,#78,#79);
#77 = CARTESIAN_POINT('',(3.22,-47.95,4.8));
#78 = DIRECTION('',(0.,-1.,0.));
#79 = DIRECTION('',(1.,0.,0.));
#80 = ORIENTED_EDGE('',*,*,#81,.T.);
#81 = EDGE_CURVE('',#73,#82,#84,.T.);
#82 = VERTEX_POINT('',#83);
#83 = CARTESIAN_POINT('',(4.32,-47.95,5.3));
#84 = LINE('',#85,#86);
#85 = CARTESIAN_POINT('',(4.32,-47.95,4.8));
#86 = VECTOR('',#87,1.);
#87 = DIRECTION('',(0.,0.,1.));
#88 = ORIENTED_EDGE('',*,*,#89,.T.);
#89 = EDGE_CURVE('',#82,#90,#92,.T.);
#90 = VERTEX_POINT('',#91);
#91 = CARTESIAN_POINT('',(27.15,-47.95,5.3));
#92 = LINE('',#93,#94);
#93 = CARTESIAN_POINT('',(-27.15,-47.95,5.3));
#94 = VECTOR('',#95,1.);
#95 = DIRECTION('',(1.,0.,0.));
#96 = ORIENTED_EDGE('',*,*,#97,.F.);
#97 = EDGE_CURVE('',#24,#90,#98,.T.);
#98 = LINE('',#99,#100);
#99 = CARTESIAN_POINT('',(27.15,-47.95,0.));
#100 = VECTOR('',#101,1.);
#101 = DIRECTION('',(0.,0.,1.));
#102 = PLANE('',#103);
#103 = AXIS2_PLACEMENT_3D('',#104,#105,#106);
#104 = CARTESIAN_POINT('',(-27.15,-47.95,0.));
#105 = DIRECTION('',(0.,1.,0.));
#106 = DIRECTION('',(1.,0.,0.));
#107 = ADVANCED_FACE('',(#108,#169,#180,#191,#202),#213,.F.);
#108 = FACE_BOUND('',#109,.F.);
#109 = EDGE_LOOP('',(#110,#111,#120,#128,#137,#145,#154,#162));
#110 = ORIENTED_EDGE('',*,*,#21,.T.);
#111 = ORIENTED_EDGE('',*,*,#112,.T.);
#112 = EDGE_CURVE('',#24,#113,#115,.T.);
#113 = VERTEX_POINT('',#114);
#114 = CARTESIAN_POINT('',(38.35,-36.75,0.));
#115 = CIRCLE('',#116,11.2);
#116 = AXIS2_PLACEMENT_3D('',#117,#118,#119);
#117 = CARTESIAN_POINT('',(27.15,-36.75,0.));
#118 = DIRECTION('',(0.,0.,1.));
#119 = DIRECTION('',(1.,0.,0.));
#120 = ORIENTED_EDGE('',*,*,#121,.T.);
#121 = EDGE_CURVE('',#113,#122,#124,.T.);
#122 = VERTEX_POINT('',#123);
#123 = CARTESIAN_POINT('',(38.35,36.75,0.));
#124 = LINE('',#125,#126);
#125 = CARTESIAN_POINT('',(38.35,-36.75,0.));
#126 = VECTOR('',#127,1.);
#127 = DIRECTION('',(0.,1.,0.));
#128 = ORIENTED_EDGE('',*,*,#129,.T.);
#129 = EDGE_CURVE('',#122,#130,#132,.T.);
#130 = VERTEX_POINT('',#131);
#131 = CARTESIAN_POINT('',(27.15,47.95,0.));
#132 = CIRCLE('',#133,11.2);
#133 = AXIS2_PLACEMENT_3D('',#134,#135,#136);
#134 = CARTESIAN_POINT('',(27.15,36.75,0.));
#135 = DIRECTION('',(0.,0.,1.));
#136 = DIRECTION('',(1.,0.,0.));
#137 = ORIENTED_EDGE('',*,*,#138,.T.);
#138 = EDGE_CURVE('',#130,#139,#141,.T.);
#139 = VERTEX_POINT('',#140);
#140 = CARTESIAN_POINT('',(-27.15,47.95,0.));
#141 = LINE('',#142,#143);
#142 = CARTESIAN_POINT('',(27.15,47.95,0.));
#143 = VECTOR('',#144,1.);
#144 = DIRECTION('',(-1.,0.,0.));
#145 = ORIENTED_EDGE('',*,*,#146,.T.);
#146 = EDGE_CURVE('',#139,#147,#149,.T.);
#147 = VERTEX_POINT('',#148);
#148 = CARTESIAN_POINT('',(-38.35,36.75,0.));
#149 = CIRCLE('',#150,11.2);
#150 = AXIS2_PLACEMENT_3D('',#151,#152,#153);
#151 = CARTESIAN_POINT('',(-27.15,36.75,0.));
#152 = DIRECTION('',(0.,0.,1.));
#153 = DIRECTION('',(1.,0.,0.));
#154 = ORIENTED_EDGE('',*,*,#155,.T.);
#155 = EDGE_CURVE('',#147,#156,#158,.T.);
#156 = VERTEX_POINT('',#157);
#157 = CARTESIAN_POINT('',(-38.35,-36.75,0.));
#158 = LINE('',#159,#160);
#159 = CARTESIAN_POINT('',(-38.35,36.75,0.));
#160 = VECTOR('',#161,1.);
#161 = DIRECTION('',(0.,-1.,0.));
#162 = ORIENTED_EDGE('',*,*,#163,.T.);
#163 = EDGE_CURVE('',#156,#22,#164,.T.);
#164 = CIRCLE('',#165,11.2);
#165 = AXIS2_PLACEMENT_3D('',#166,#167,#168);
#166 = CARTESIAN_POINT('',(-27.15,-36.75,0.));
#167 = DIRECTION('',(0.,0.,1.));
#168 = DIRECTION('',(1.,0.,0.));
#169 = FACE_BOUND('',#170,.F.);
#170 = EDGE_LOOP('',(#171));
#171 = ORIENTED_EDGE('',*,*,#172,.T.);
#172 = EDGE_CURVE('',#173,#173,#175,.T.);
#173 = VERTEX_POINT('',#174);
#174 = CARTESIAN_POINT('',(-36.732,-35.482,0.));
#175 = CIRCLE('',#176,2.15);
#176 = AXIS2_PLACEMENT_3D('',#177,#178,#179);
#177 = CARTESIAN_POINT('',(-34.582,-35.482,0.));
#178 = DIRECTION('',(0.,0.,-1.));
#179 = DIRECTION('',(-1.,0.,0.));
#180 = FACE_BOUND('',#181,.F.);
#181 = EDGE_LOOP('',(#182));
#182 = ORIENTED_EDGE('',*,*,#183,.T.);
#183 = EDGE_CURVE('',#184,#184,#186,.T.);
#184 = VERTEX_POINT('',#185);
#185 = CARTESIAN_POINT('',(30.032,-41.932,0.));
#186 = CIRCLE('',#187,2.15);
#187 = AXIS2_PLACEMENT_3D('',#188,#189,#190);
#188 = CARTESIAN_POINT('',(32.182,-41.932,0.));
#189 = DIRECTION('',(0.,0.,-1.));
#190 = DIRECTION('',(-1.,0.,0.));
#191 = FACE_BOUND('',#192,.F.);
#192 = EDGE_LOOP('',(#193));
#193 = ORIENTED_EDGE('',*,*,#194,.T.);
#194 = EDGE_CURVE('',#195,#195,#197,.T.);
#195 = VERTEX_POINT('',#196);
#196 = CARTESIAN_POINT('',(-34.332,41.932,0.));
#197 = CIRCLE('',#198,2.15);
#198 = AXIS2_PLACEMENT_3D('',#199,#200,#201);
#199 = CARTESIAN_POINT('',(-32.182,41.932,0.));
#200 = DIRECTION('',(0.,0.,-1.));
#201 = DIRECTION('',(-1.,0.,0.));
#202 = FACE_BOUND('',#203,.F.);
#203 = EDGE_LOOP('',(#204));
#204 = ORIENTED_EDGE('',*,*,#205,.T.);
#205 = EDGE_CURVE('',#206,#206,#208,.T.);
#206 = VERTEX_POINT('',#207);
#207 = CARTESIAN_POINT('',(30.032,41.932,0.));
#208 = CIRCLE('',#209,2.15);
#209 = AXIS2_PLACEMENT_3D('',#210,#211,#212);
#210 = CARTESIAN_POINT('',(32.182,41.932,0.));
#211 = DIRECTION('',(0.,0.,-1.));
#212 = DIRECTION('',(-1.,0.,0.));
#213 = PLANE('',#214);
#214 = AXIS2_PLACEMENT_3D('',#215,#216,#217);
#215 = CARTESIAN_POINT('',(-6.86E-15,0.,0.));
#216 = DIRECTION('',(0.,0.,1.));
#217 = DIRECTION('',(1.,0.,0.));
#218 = ADVANCED_FACE('',(#219),#238,.T.);
#219 = FACE_BOUND('',#220,.F.);
#220 = EDGE_LOOP('',(#221,#222,#223,#232));
#221 = ORIENTED_EDGE('',*,*,#112,.F.);
#222 = ORIENTED_EDGE('',*,*,#97,.T.);
#223 = ORIENTED_EDGE('',*,*,#224,.T.);
#224 = EDGE_CURVE('',#90,#225,#227,.T.);
#225 = VERTEX_POINT('',#226);
#226 = CARTESIAN_POINT('',(38.35,-36.75,5.3));
#227 = CIRCLE('',#228,11.2);
#228 = AXIS2_PLACEMENT_3D('',#229,#230,#231);
#229 = CARTESIAN_POINT('',(27.15,-36.75,5.3));
#230 = DIRECTION('',(0.,0.,1.));
#231 = DIRECTION('',(1.,0.,0.));
#232 = ORIENTED_EDGE('',*,*,#233,.F.);
#233 = EDGE_CURVE('',#113,#225,#234,.T.);
#234 = LINE('',#235,#236);
#235 = CARTESIAN_POINT('',(38.35,-36.75,0.));
#236 = VECTOR('',#237,1.);
#237 = DIRECTION('',(0.,0.,1.));
#238 = CYLINDRICAL_SURFACE('',#239,11.2);
#239 = AXIS2_PLACEMENT_3D('',#240,#241,#242);
#240 = CARTESIAN_POINT('',(27.15,-36.75,0.));
#241 = DIRECTION('',(-0.,-0.,-1.));
#242 = DIRECTION('',(1.,0.,0.));
#243 = ADVANCED_FACE('',(#244),#311,.T.);
#244 = FACE_BOUND('',#245,.T.);
#245 = EDGE_LOOP('',(#246,#254,#255,#256,#264,#272,#280,#288,#296,#305)
  );
#246 = ORIENTED_EDGE('',*,*,#247,.F.);
#247 = EDGE_CURVE('',#82,#248,#250,.T.);
#248 = VERTEX_POINT('',#249);
#249 = CARTESIAN_POINT('',(4.32,-46.75000000005,5.3));
#250 = LINE('',#251,#252);
#251 = CARTESIAN_POINT('',(4.32,-42.35,5.3));
#252 = VECTOR('',#253,1.);
#253 = DIRECTION('',(0.,1.,0.));
#254 = ORIENTED_EDGE('',*,*,#89,.T.);
#255 = ORIENTED_EDGE('',*,*,#224,.T.);
#256 = ORIENTED_EDGE('',*,*,#257,.T.);
#257 = EDGE_CURVE('',#225,#258,#260,.T.);
#258 = VERTEX_POINT('',#259);
#259 = CARTESIAN_POINT('',(38.35,5.13,5.3));
#260 = LINE('',#261,#262);
#261 = CARTESIAN_POINT('',(38.35,-36.75,5.3));
#262 = VECTOR('',#263,1.);
#263 = DIRECTION('',(0.,1.,0.));
#264 = ORIENTED_EDGE('',*,*,#265,.F.);
#265 = EDGE_CURVE('',#266,#258,#268,.T.);
#266 = VERTEX_POINT('',#267);
#267 = CARTESIAN_POINT('',(37.521203273864,5.13,5.3));
#268 = LINE('',#269,#270);
#269 = CARTESIAN_POINT('',(5.6,5.13,5.3));
#270 = VECTOR('',#271,1.);
#271 = DIRECTION('',(1.,0.,0.));
#272 = ORIENTED_EDGE('',*,*,#273,.F.);
#273 = EDGE_CURVE('',#274,#266,#276,.T.);
#274 = VERTEX_POINT('',#275);
#275 = CARTESIAN_POINT('',(37.521203273864,4.13,5.3));
#276 = LINE('',#277,#278);
#277 = CARTESIAN_POINT('',(37.521203273864,-12.41,5.3));
#278 = VECTOR('',#279,1.);
#279 = DIRECTION('',(0.,1.,0.));
#280 = ORIENTED_EDGE('',*,*,#281,.T.);
#281 = EDGE_CURVE('',#274,#282,#284,.T.);
#282 = VERTEX_POINT('',#283);
#283 = CARTESIAN_POINT('',(37.150000000027,4.13,5.3));
#284 = LINE('',#285,#286);
#285 = CARTESIAN_POINT('',(4.5,4.13,5.3));
#286 = VECTOR('',#287,1.);
#287 = DIRECTION('',(-1.,0.,0.));
#288 = ORIENTED_EDGE('',*,*,#289,.F.);
#289 = EDGE_CURVE('',#290,#282,#292,.T.);
#290 = VERTEX_POINT('',#291);
#291 = CARTESIAN_POINT('',(37.150000000027,-36.75000000002,5.3));
#292 = LINE('',#293,#294);
#293 = CARTESIAN_POINT('',(37.150000000027,-36.75000000002,5.3));
#294 = VECTOR('',#295,1.);
#295 = DIRECTION('',(0.,1.,0.));
#296 = ORIENTED_EDGE('',*,*,#297,.F.);
#297 = EDGE_CURVE('',#298,#290,#300,.T.);
#298 = VERTEX_POINT('',#299);
#299 = CARTESIAN_POINT('',(27.15,-46.75000000005,5.3));
#300 = CIRCLE('',#301,10.000000000027);
#301 = AXIS2_PLACEMENT_3D('',#302,#303,#304);
#302 = CARTESIAN_POINT('',(27.15,-36.75000000002,5.3));
#303 = DIRECTION('',(0.,0.,1.));
#304 = DIRECTION('',(1.,0.,0.));
#305 = ORIENTED_EDGE('',*,*,#306,.F.);
#306 = EDGE_CURVE('',#248,#298,#307,.T.);
#307 = LINE('',#308,#309);
#308 = CARTESIAN_POINT('',(-27.15000000001,-46.75000000005,5.3));
#309 = VECTOR('',#310,1.);
#310 = DIRECTION('',(1.,0.,0.));
#311 = PLANE('',#312);
#312 = AXIS2_PLACEMENT_3D('',#313,#314,#315);
#313 = CARTESIAN_POINT('',(-27.15,-36.75,5.3));
#314 = DIRECTION('',(0.,0.,1.));
#315 = DIRECTION('',(1.,0.,0.));
#316 = ADVANCED_FACE('',(#317),#351,.F.);
#317 = FACE_BOUND('',#318,.F.);
#318 = EDGE_LOOP('',(#319,#320,#328,#336,#344,#350));
#319 = ORIENTED_EDGE('',*,*,#81,.F.);
#320 = ORIENTED_EDGE('',*,*,#321,.T.);
#321 = EDGE_CURVE('',#73,#322,#324,.T.);
#322 = VERTEX_POINT('',#323);
#323 = CARTESIAN_POINT('',(4.32,-45.75,4.8));
#324 = LINE('',#325,#326);
#325 = CARTESIAN_POINT('',(4.32,-47.95,4.8));
#326 = VECTOR('',#327,1.);
#327 = DIRECTION('',(0.,1.,-2.2E-16));
#328 = ORIENTED_EDGE('',*,*,#329,.T.);
#329 = EDGE_CURVE('',#322,#330,#332,.T.);
#330 = VERTEX_POINT('',#331);
#331 = CARTESIAN_POINT('',(4.32,-45.75,6.));
#332 = LINE('',#333,#334);
#333 = CARTESIAN_POINT('',(4.32,-45.75,4.8));
#334 = VECTOR('',#335,1.);
#335 = DIRECTION('',(0.,0.,1.));
#336 = ORIENTED_EDGE('',*,*,#337,.F.);
#337 = EDGE_CURVE('',#338,#330,#340,.T.);
#338 = VERTEX_POINT('',#339);
#339 = CARTESIAN_POINT('',(4.32,-46.93560163698,6.));
#340 = LINE('',#341,#342);
#341 = CARTESIAN_POINT('',(4.32,-47.95,6.));
#342 = VECTOR('',#343,1.);
#343 = DIRECTION('',(0.,1.,-2.2E-16));
#344 = ORIENTED_EDGE('',*,*,#345,.F.);
#345 = EDGE_CURVE('',#248,#338,#346,.T.);
#346 = LINE('',#347,#348);
#347 = CARTESIAN_POINT('',(4.32,-46.91307984909,5.915058661218));
#348 = VECTOR('',#349,1.);
#349 = DIRECTION('',(0.,-0.256289373133,0.966600102017));
#350 = ORIENTED_EDGE('',*,*,#247,.F.);
#351 = PLANE('',#352);
#352 = AXIS2_PLACEMENT_3D('',#353,#354,#355);
#353 = CARTESIAN_POINT('',(4.32,-47.95,4.8));
#354 = DIRECTION('',(1.,0.,0.));
#355 = DIRECTION('',(0.,2.2E-16,1.));
#356 = ADVANCED_FACE('',(#357),#376,.F.);
#357 = FACE_BOUND('',#358,.F.);
#358 = EDGE_LOOP('',(#359,#367,#374,#375));
#359 = ORIENTED_EDGE('',*,*,#360,.T.);
#360 = EDGE_CURVE('',#65,#361,#363,.T.);
#361 = VERTEX_POINT('',#362);
#362 = CARTESIAN_POINT('',(3.22,-45.75,3.7));
#363 = LINE('',#364,#365);
#364 = CARTESIAN_POINT('',(3.22,-47.95,3.7));
#365 = VECTOR('',#366,1.);
#366 = DIRECTION('',(0.,1.,-2.2E-16));
#367 = ORIENTED_EDGE('',*,*,#368,.T.);
#368 = EDGE_CURVE('',#361,#322,#369,.T.);
#369 = CIRCLE('',#370,1.1);
#370 = AXIS2_PLACEMENT_3D('',#371,#372,#373);
#371 = CARTESIAN_POINT('',(3.22,-45.75,4.8));
#372 = DIRECTION('',(0.,-1.,0.));
#373 = DIRECTION('',(1.,0.,0.));
#374 = ORIENTED_EDGE('',*,*,#321,.F.);
#375 = ORIENTED_EDGE('',*,*,#72,.F.);
#376 = CYLINDRICAL_SURFACE('',#377,1.1);
#377 = AXIS2_PLACEMENT_3D('',#378,#379,#380);
#378 = CARTESIAN_POINT('',(3.22,-47.95,4.8));
#379 = DIRECTION('',(0.,-1.,2.2E-16));
#380 = DIRECTION('',(1.,0.,0.));
#381 = ADVANCED_FACE('',(#382),#400,.F.);
#382 = FACE_BOUND('',#383,.F.);
#383 = EDGE_LOOP('',(#384,#392,#398,#399));
#384 = ORIENTED_EDGE('',*,*,#385,.T.);
#385 = EDGE_CURVE('',#56,#386,#388,.T.);
#386 = VERTEX_POINT('',#387);
#387 = CARTESIAN_POINT('',(-3.72,-45.75,3.7));
#388 = LINE('',#389,#390);
#389 = CARTESIAN_POINT('',(-3.72,-47.95,3.7));
#390 = VECTOR('',#391,1.);
#391 = DIRECTION('',(0.,1.,-2.2E-16));
#392 = ORIENTED_EDGE('',*,*,#393,.T.);
#393 = EDGE_CURVE('',#386,#361,#394,.T.);
#394 = LINE('',#395,#396);
#395 = CARTESIAN_POINT('',(-3.72,-45.75,3.7));
#396 = VECTOR('',#397,1.);
#397 = DIRECTION('',(1.,0.,0.));
#398 = ORIENTED_EDGE('',*,*,#360,.F.);
#399 = ORIENTED_EDGE('',*,*,#64,.F.);
#400 = PLANE('',#401);
#401 = AXIS2_PLACEMENT_3D('',#402,#403,#404);
#402 = CARTESIAN_POINT('',(-3.72,-47.95,3.7));
#403 = DIRECTION('',(0.,-2.2E-16,-1.));
#404 = DIRECTION('',(1.,0.,0.));
#405 = ADVANCED_FACE('',(#406),#425,.F.);
#406 = FACE_BOUND('',#407,.F.);
#407 = EDGE_LOOP('',(#408,#416,#423,#424));
#408 = ORIENTED_EDGE('',*,*,#409,.T.);
#409 = EDGE_CURVE('',#48,#410,#412,.T.);
#410 = VERTEX_POINT('',#411);
#411 = CARTESIAN_POINT('',(-4.82,-45.75,4.8));
#412 = LINE('',#413,#414);
#413 = CARTESIAN_POINT('',(-4.82,-47.95,4.8));
#414 = VECTOR('',#415,1.);
#415 = DIRECTION('',(0.,1.,-2.2E-16));
#416 = ORIENTED_EDGE('',*,*,#417,.T.);
#417 = EDGE_CURVE('',#410,#386,#418,.T.);
#418 = CIRCLE('',#419,1.1);
#419 = AXIS2_PLACEMENT_3D('',#420,#421,#422);
#420 = CARTESIAN_POINT('',(-3.72,-45.75,4.8));
#421 = DIRECTION('',(0.,-1.,0.));
#422 = DIRECTION('',(1.,0.,0.));
#423 = ORIENTED_EDGE('',*,*,#385,.F.);
#424 = ORIENTED_EDGE('',*,*,#55,.F.);
#425 = CYLINDRICAL_SURFACE('',#426,1.1);
#426 = AXIS2_PLACEMENT_3D('',#427,#428,#429);
#427 = CARTESIAN_POINT('',(-3.72,-47.95,4.8));
#428 = DIRECTION('',(0.,-1.,2.2E-16));
#429 = DIRECTION('',(1.,0.,0.));
#430 = ADVANCED_FACE('',(#431),#465,.F.);
#431 = FACE_BOUND('',#432,.F.);
#432 = EDGE_LOOP('',(#433,#443,#451,#457,#458,#459));
#433 = ORIENTED_EDGE('',*,*,#434,.F.);
#434 = EDGE_CURVE('',#435,#437,#439,.T.);
#435 = VERTEX_POINT('',#436);
#436 = CARTESIAN_POINT('',(-4.82,-46.93560163698,6.));
#437 = VERTEX_POINT('',#438);
#438 = CARTESIAN_POINT('',(-4.82,-46.75000000005,5.3));
#439 = LINE('',#440,#441);
#440 = CARTESIAN_POINT('',(-4.82,-47.06171744962,6.47564811555));
#441 = VECTOR('',#442,1.);
#442 = DIRECTION('',(0.,0.256289373133,-0.966600102017));
#443 = ORIENTED_EDGE('',*,*,#444,.T.);
#444 = EDGE_CURVE('',#435,#445,#447,.T.);
#445 = VERTEX_POINT('',#446);
#446 = CARTESIAN_POINT('',(-4.82,-45.75,6.));
#447 = LINE('',#448,#449);
#448 = CARTESIAN_POINT('',(-4.82,-47.95,6.));
#449 = VECTOR('',#450,1.);
#450 = DIRECTION('',(0.,1.,-2.2E-16));
#451 = ORIENTED_EDGE('',*,*,#452,.T.);
#452 = EDGE_CURVE('',#445,#410,#453,.T.);
#453 = LINE('',#454,#455);
#454 = CARTESIAN_POINT('',(-4.82,-45.75,6.));
#455 = VECTOR('',#456,1.);
#456 = DIRECTION('',(0.,0.,-1.));
#457 = ORIENTED_EDGE('',*,*,#409,.F.);
#458 = ORIENTED_EDGE('',*,*,#47,.F.);
#459 = ORIENTED_EDGE('',*,*,#460,.F.);
#460 = EDGE_CURVE('',#437,#40,#461,.T.);
#461 = LINE('',#462,#463);
#462 = CARTESIAN_POINT('',(-4.82,-42.35,5.3));
#463 = VECTOR('',#464,1.);
#464 = DIRECTION('',(0.,-1.,0.));
#465 = PLANE('',#466);
#466 = AXIS2_PLACEMENT_3D('',#467,#468,#469);
#467 = CARTESIAN_POINT('',(-4.82,-47.95,6.));
#468 = DIRECTION('',(-1.,0.,0.));
#469 = DIRECTION('',(-0.,-2.2E-16,-1.));
#470 = ADVANCED_FACE('',(#471),#539,.T.);
#471 = FACE_BOUND('',#472,.T.);
#472 = EDGE_LOOP('',(#473,#483,#491,#499,#507,#515,#522,#523,#524,#532)
  );
#473 = ORIENTED_EDGE('',*,*,#474,.F.);
#474 = EDGE_CURVE('',#475,#477,#479,.T.);
#475 = VERTEX_POINT('',#476);
#476 = CARTESIAN_POINT('',(-37.15000000004,4.129999999994,5.3));
#477 = VERTEX_POINT('',#478);
#478 = CARTESIAN_POINT('',(-37.15000000004,-36.75000000002,5.3));
#479 = LINE('',#480,#481);
#480 = CARTESIAN_POINT('',(-37.15000000004,36.75,5.3));
#481 = VECTOR('',#482,1.);
#482 = DIRECTION('',(0.,-1.,0.));
#483 = ORIENTED_EDGE('',*,*,#484,.T.);
#484 = EDGE_CURVE('',#475,#485,#487,.T.);
#485 = VERTEX_POINT('',#486);
#486 = CARTESIAN_POINT('',(-37.52120327386,4.129999999994,5.3));
#487 = LINE('',#488,#489);
#488 = CARTESIAN_POINT('',(-32.33560163693,4.129999999994,5.3));
#489 = VECTOR('',#490,1.);
#490 = DIRECTION('',(-1.,0.,0.));
#491 = ORIENTED_EDGE('',*,*,#492,.T.);
#492 = EDGE_CURVE('',#485,#493,#495,.T.);
#493 = VERTEX_POINT('',#494);
#494 = CARTESIAN_POINT('',(-37.52120327386,5.13,5.3));
#495 = LINE('',#496,#497);
#496 = CARTESIAN_POINT('',(-37.52120327386,-12.41,5.3));
#497 = VECTOR('',#498,1.);
#498 = DIRECTION('',(0.,1.,0.));
#499 = ORIENTED_EDGE('',*,*,#500,.F.);
#500 = EDGE_CURVE('',#501,#493,#503,.T.);
#501 = VERTEX_POINT('',#502);
#502 = CARTESIAN_POINT('',(-38.35,5.13,5.3));
#503 = LINE('',#504,#505);
#504 = CARTESIAN_POINT('',(-31.65,5.13,5.3));
#505 = VECTOR('',#506,1.);
#506 = DIRECTION('',(1.,0.,0.));
#507 = ORIENTED_EDGE('',*,*,#508,.T.);
#508 = EDGE_CURVE('',#501,#509,#511,.T.);
#509 = VERTEX_POINT('',#510);
#510 = CARTESIAN_POINT('',(-38.35,-36.75,5.3));
#511 = LINE('',#512,#513);
#512 = CARTESIAN_POINT('',(-38.35,36.75,5.3));
#513 = VECTOR('',#514,1.);
#514 = DIRECTION('',(0.,-1.,0.));
#515 = ORIENTED_EDGE('',*,*,#516,.T.);
#516 = EDGE_CURVE('',#509,#32,#517,.T.);
#517 = CIRCLE('',#518,11.2);
#518 = AXIS2_PLACEMENT_3D('',#519,#520,#521);
#519 = CARTESIAN_POINT('',(-27.15,-36.75,5.3));
#520 = DIRECTION('',(0.,0.,1.));
#521 = DIRECTION('',(1.,0.,0.));
#522 = ORIENTED_EDGE('',*,*,#39,.T.);
#523 = ORIENTED_EDGE('',*,*,#460,.F.);
#524 = ORIENTED_EDGE('',*,*,#525,.F.);
#525 = EDGE_CURVE('',#526,#437,#528,.T.);
#526 = VERTEX_POINT('',#527);
#527 = CARTESIAN_POINT('',(-27.15000000001,-46.75000000005,5.3));
#528 = LINE('',#529,#530);
#529 = CARTESIAN_POINT('',(-27.15000000001,-46.75000000005,5.3));
#530 = VECTOR('',#531,1.);
#531 = DIRECTION('',(1.,0.,0.));
#532 = ORIENTED_EDGE('',*,*,#533,.F.);
#533 = EDGE_CURVE('',#477,#526,#534,.T.);
#534 = CIRCLE('',#535,10.000000000027);
#535 = AXIS2_PLACEMENT_3D('',#536,#537,#538);
#536 = CARTESIAN_POINT('',(-27.15000000001,-36.75000000002,5.3));
#537 = DIRECTION('',(0.,0.,1.));
#538 = DIRECTION('',(1.,0.,0.));
#539 = PLANE('',#540);
#540 = AXIS2_PLACEMENT_3D('',#541,#542,#543);
#541 = CARTESIAN_POINT('',(-27.15,-36.75,5.3));
#542 = DIRECTION('',(0.,0.,1.));
#543 = DIRECTION('',(1.,0.,0.));
#544 = ADVANCED_FACE('',(#545),#556,.T.);
#545 = FACE_BOUND('',#546,.F.);
#546 = EDGE_LOOP('',(#547,#548,#554,#555));
#547 = ORIENTED_EDGE('',*,*,#163,.F.);
#548 = ORIENTED_EDGE('',*,*,#549,.T.);
#549 = EDGE_CURVE('',#156,#509,#550,.T.);
#550 = LINE('',#551,#552);
#551 = CARTESIAN_POINT('',(-38.35,-36.75,0.));
#552 = VECTOR('',#553,1.);
#553 = DIRECTION('',(0.,0.,1.));
#554 = ORIENTED_EDGE('',*,*,#516,.T.);
#555 = ORIENTED_EDGE('',*,*,#31,.F.);
#556 = CYLINDRICAL_SURFACE('',#557,11.2);
#557 = AXIS2_PLACEMENT_3D('',#558,#559,#560);
#558 = CARTESIAN_POINT('',(-27.15,-36.75,0.));
#559 = DIRECTION('',(-0.,-0.,-1.));
#560 = DIRECTION('',(1.,0.,0.));
#561 = ADVANCED_FACE('',(#562),#669,.F.);
#562 = FACE_BOUND('',#563,.F.);
#563 = EDGE_LOOP('',(#564,#565,#573,#581,#589,#597,#605,#613,#621,#629,
    #637,#645,#653,#661,#667,#668));
#564 = ORIENTED_EDGE('',*,*,#155,.F.);
#565 = ORIENTED_EDGE('',*,*,#566,.T.);
#566 = EDGE_CURVE('',#147,#567,#569,.T.);
#567 = VERTEX_POINT('',#568);
#568 = CARTESIAN_POINT('',(-38.35,36.75,5.3));
#569 = LINE('',#570,#571);
#570 = CARTESIAN_POINT('',(-38.35,36.75,0.));
#571 = VECTOR('',#572,1.);
#572 = DIRECTION('',(0.,0.,1.));
#573 = ORIENTED_EDGE('',*,*,#574,.T.);
#574 = EDGE_CURVE('',#567,#575,#577,.T.);
#575 = VERTEX_POINT('',#576);
#576 = CARTESIAN_POINT('',(-38.35,30.45,5.3));
#577 = LINE('',#578,#579);
#578 = CARTESIAN_POINT('',(-38.35,36.75,5.3));
#579 = VECTOR('',#580,1.);
#580 = DIRECTION('',(0.,-1.,0.));
#581 = ORIENTED_EDGE('',*,*,#582,.F.);
#582 = EDGE_CURVE('',#583,#575,#585,.T.);
#583 = VERTEX_POINT('',#584);
#584 = CARTESIAN_POINT('',(-38.35,30.45,3.2));
#585 = LINE('',#586,#587);
#586 = CARTESIAN_POINT('',(-38.35,30.45,3.2));
#587 = VECTOR('',#588,1.);
#588 = DIRECTION('',(0.,0.,1.));
#589 = ORIENTED_EDGE('',*,*,#590,.F.);
#590 = EDGE_CURVE('',#591,#583,#593,.T.);
#591 = VERTEX_POINT('',#592);
#592 = CARTESIAN_POINT('',(-38.35,23.25,3.2));
#593 = LINE('',#594,#595);
#594 = CARTESIAN_POINT('',(-38.35,23.25,3.2));
#595 = VECTOR('',#596,1.);
#596 = DIRECTION('',(0.,1.,0.));
#597 = ORIENTED_EDGE('',*,*,#598,.F.);
#598 = EDGE_CURVE('',#599,#591,#601,.T.);
#599 = VERTEX_POINT('',#600);
#600 = CARTESIAN_POINT('',(-38.35,23.25,5.3));
#601 = LINE('',#602,#603);
#602 = CARTESIAN_POINT('',(-38.35,23.25,14.3));
#603 = VECTOR('',#604,1.);
#604 = DIRECTION('',(0.,0.,-1.));
#605 = ORIENTED_EDGE('',*,*,#606,.T.);
#606 = EDGE_CURVE('',#599,#607,#609,.T.);
#607 = VERTEX_POINT('',#608);
#608 = CARTESIAN_POINT('',(-38.35,18.73,5.3));
#609 = LINE('',#610,#611);
#610 = CARTESIAN_POINT('',(-38.35,36.75,5.3));
#611 = VECTOR('',#612,1.);
#612 = DIRECTION('',(0.,-1.,0.));
#613 = ORIENTED_EDGE('',*,*,#614,.F.);
#614 = EDGE_CURVE('',#615,#607,#617,.T.);
#615 = VERTEX_POINT('',#616);
#616 = CARTESIAN_POINT('',(-38.35,18.73,3.2));
#617 = LINE('',#618,#619);
#618 = CARTESIAN_POINT('',(-38.35,18.73,3.2));
#619 = VECTOR('',#620,1.);
#620 = DIRECTION('',(0.,0.,1.));
#621 = ORIENTED_EDGE('',*,*,#622,.F.);
#622 = EDGE_CURVE('',#623,#615,#625,.T.);
#623 = VERTEX_POINT('',#624);
#624 = CARTESIAN_POINT('',(-38.35,14.03,3.2));
#625 = LINE('',#626,#627);
#626 = CARTESIAN_POINT('',(-38.35,14.03,3.2));
#627 = VECTOR('',#628,1.);
#628 = DIRECTION('',(0.,1.,0.));
#629 = ORIENTED_EDGE('',*,*,#630,.F.);
#630 = EDGE_CURVE('',#631,#623,#633,.T.);
#631 = VERTEX_POINT('',#632);
#632 = CARTESIAN_POINT('',(-38.35,14.03,5.3));
#633 = LINE('',#634,#635);
#634 = CARTESIAN_POINT('',(-38.35,14.03,14.3));
#635 = VECTOR('',#636,1.);
#636 = DIRECTION('',(0.,0.,-1.));
#637 = ORIENTED_EDGE('',*,*,#638,.T.);
#638 = EDGE_CURVE('',#631,#639,#641,.T.);
#639 = VERTEX_POINT('',#640);
#640 = CARTESIAN_POINT('',(-38.35,9.83,5.3));
#641 = LINE('',#642,#643);
#642 = CARTESIAN_POINT('',(-38.35,36.75,5.3));
#643 = VECTOR('',#644,1.);
#644 = DIRECTION('',(0.,-1.,0.));
#645 = ORIENTED_EDGE('',*,*,#646,.F.);
#646 = EDGE_CURVE('',#647,#639,#649,.T.);
#647 = VERTEX_POINT('',#648);
#648 = CARTESIAN_POINT('',(-38.35,9.83,3.2));
#649 = LINE('',#650,#651);
#650 = CARTESIAN_POINT('',(-38.35,9.83,3.2));
#651 = VECTOR('',#652,1.);
#652 = DIRECTION('',(0.,0.,1.));
#653 = ORIENTED_EDGE('',*,*,#654,.F.);
#654 = EDGE_CURVE('',#655,#647,#657,.T.);
#655 = VERTEX_POINT('',#656);
#656 = CARTESIAN_POINT('',(-38.35,5.13,3.2));
#657 = LINE('',#658,#659);
#658 = CARTESIAN_POINT('',(-38.35,5.13,3.2));
#659 = VECTOR('',#660,1.);
#660 = DIRECTION('',(0.,1.,0.));
#661 = ORIENTED_EDGE('',*,*,#662,.F.);
#662 = EDGE_CURVE('',#501,#655,#663,.T.);
#663 = LINE('',#664,#665);
#664 = CARTESIAN_POINT('',(-38.35,5.13,14.3));
#665 = VECTOR('',#666,1.);
#666 = DIRECTION('',(0.,0.,-1.));
#667 = ORIENTED_EDGE('',*,*,#508,.T.);
#668 = ORIENTED_EDGE('',*,*,#549,.F.);
#669 = PLANE('',#670);
#670 = AXIS2_PLACEMENT_3D('',#671,#672,#673);
#671 = CARTESIAN_POINT('',(-38.35,36.75,0.));
#672 = DIRECTION('',(1.,0.,0.));
#673 = DIRECTION('',(0.,-1.,0.));
#674 = ADVANCED_FACE('',(#675),#750,.F.);
#675 = FACE_BOUND('',#676,.F.);
#676 = EDGE_LOOP('',(#677,#678,#679,#680,#688,#696,#704,#712,#720,#728,
    #736,#744));
#677 = ORIENTED_EDGE('',*,*,#121,.F.);
#678 = ORIENTED_EDGE('',*,*,#233,.T.);
#679 = ORIENTED_EDGE('',*,*,#257,.T.);
#680 = ORIENTED_EDGE('',*,*,#681,.T.);
#681 = EDGE_CURVE('',#258,#682,#684,.T.);
#682 = VERTEX_POINT('',#683);
#683 = CARTESIAN_POINT('',(38.35,5.13,3.2));
#684 = LINE('',#685,#686);
#685 = CARTESIAN_POINT('',(38.35,5.13,14.3));
#686 = VECTOR('',#687,1.);
#687 = DIRECTION('',(0.,0.,-1.));
#688 = ORIENTED_EDGE('',*,*,#689,.T.);
#689 = EDGE_CURVE('',#682,#690,#692,.T.);
#690 = VERTEX_POINT('',#691);
#691 = CARTESIAN_POINT('',(38.35,9.83,3.2));
#692 = LINE('',#693,#694);
#693 = CARTESIAN_POINT('',(38.35,5.13,3.2));
#694 = VECTOR('',#695,1.);
#695 = DIRECTION('',(0.,1.,0.));
#696 = ORIENTED_EDGE('',*,*,#697,.T.);
#697 = EDGE_CURVE('',#690,#698,#700,.T.);
#698 = VERTEX_POINT('',#699);
#699 = CARTESIAN_POINT('',(38.35,9.83,5.3));
#700 = LINE('',#701,#702);
#701 = CARTESIAN_POINT('',(38.35,9.83,3.2));
#702 = VECTOR('',#703,1.);
#703 = DIRECTION('',(0.,0.,1.));
#704 = ORIENTED_EDGE('',*,*,#705,.T.);
#705 = EDGE_CURVE('',#698,#706,#708,.T.);
#706 = VERTEX_POINT('',#707);
#707 = CARTESIAN_POINT('',(38.35,14.03,5.3));
#708 = LINE('',#709,#710);
#709 = CARTESIAN_POINT('',(38.35,-36.75,5.3));
#710 = VECTOR('',#711,1.);
#711 = DIRECTION('',(0.,1.,0.));
#712 = ORIENTED_EDGE('',*,*,#713,.T.);
#713 = EDGE_CURVE('',#706,#714,#716,.T.);
#714 = VERTEX_POINT('',#715);
#715 = CARTESIAN_POINT('',(38.35,14.03,3.2));
#716 = LINE('',#717,#718);
#717 = CARTESIAN_POINT('',(38.35,14.03,14.3));
#718 = VECTOR('',#719,1.);
#719 = DIRECTION('',(0.,0.,-1.));
#720 = ORIENTED_EDGE('',*,*,#721,.T.);
#721 = EDGE_CURVE('',#714,#722,#724,.T.);
#722 = VERTEX_POINT('',#723);
#723 = CARTESIAN_POINT('',(38.35,18.73,3.2));
#724 = LINE('',#725,#726);
#725 = CARTESIAN_POINT('',(38.35,14.03,3.2));
#726 = VECTOR('',#727,1.);
#727 = DIRECTION('',(0.,1.,0.));
#728 = ORIENTED_EDGE('',*,*,#729,.T.);
#729 = EDGE_CURVE('',#722,#730,#732,.T.);
#730 = VERTEX_POINT('',#731);
#731 = CARTESIAN_POINT('',(38.35,18.73,5.3));
#732 = LINE('',#733,#734);
#733 = CARTESIAN_POINT('',(38.35,18.73,3.2));
#734 = VECTOR('',#735,1.);
#735 = DIRECTION('',(0.,0.,1.));
#736 = ORIENTED_EDGE('',*,*,#737,.T.);
#737 = EDGE_CURVE('',#730,#738,#740,.T.);
#738 = VERTEX_POINT('',#739);
#739 = CARTESIAN_POINT('',(38.35,36.75,5.3));
#740 = LINE('',#741,#742);
#741 = CARTESIAN_POINT('',(38.35,-36.75,5.3));
#742 = VECTOR('',#743,1.);
#743 = DIRECTION('',(0.,1.,0.));
#744 = ORIENTED_EDGE('',*,*,#745,.F.);
#745 = EDGE_CURVE('',#122,#738,#746,.T.);
#746 = LINE('',#747,#748);
#747 = CARTESIAN_POINT('',(38.35,36.75,0.));
#748 = VECTOR('',#749,1.);
#749 = DIRECTION('',(0.,0.,1.));
#750 = PLANE('',#751);
#751 = AXIS2_PLACEMENT_3D('',#752,#753,#754);
#752 = CARTESIAN_POINT('',(38.35,-36.75,0.));
#753 = DIRECTION('',(-1.,0.,0.));
#754 = DIRECTION('',(0.,1.,0.));
#755 = ADVANCED_FACE('',(#756),#775,.T.);
#756 = FACE_BOUND('',#757,.F.);
#757 = EDGE_LOOP('',(#758,#759,#767,#774));
#758 = ORIENTED_EDGE('',*,*,#146,.F.);
#759 = ORIENTED_EDGE('',*,*,#760,.T.);
#760 = EDGE_CURVE('',#139,#761,#763,.T.);
#761 = VERTEX_POINT('',#762);
#762 = CARTESIAN_POINT('',(-27.15,47.95,5.3));
#763 = LINE('',#764,#765);
#764 = CARTESIAN_POINT('',(-27.15,47.95,0.));
#765 = VECTOR('',#766,1.);
#766 = DIRECTION('',(0.,0.,1.));
#767 = ORIENTED_EDGE('',*,*,#768,.T.);
#768 = EDGE_CURVE('',#761,#567,#769,.T.);
#769 = CIRCLE('',#770,11.2);
#770 = AXIS2_PLACEMENT_3D('',#771,#772,#773);
#771 = CARTESIAN_POINT('',(-27.15,36.75,5.3));
#772 = DIRECTION('',(0.,0.,1.));
#773 = DIRECTION('',(1.,0.,0.));
#774 = ORIENTED_EDGE('',*,*,#566,.F.);
#775 = CYLINDRICAL_SURFACE('',#776,11.2);
#776 = AXIS2_PLACEMENT_3D('',#777,#778,#779);
#777 = CARTESIAN_POINT('',(-27.15,36.75,0.));
#778 = DIRECTION('',(-0.,-0.,-1.));
#779 = DIRECTION('',(1.,0.,0.));
#780 = ADVANCED_FACE('',(#781),#800,.T.);
#781 = FACE_BOUND('',#782,.F.);
#782 = EDGE_LOOP('',(#783,#784,#785,#794));
#783 = ORIENTED_EDGE('',*,*,#129,.F.);
#784 = ORIENTED_EDGE('',*,*,#745,.T.);
#785 = ORIENTED_EDGE('',*,*,#786,.T.);
#786 = EDGE_CURVE('',#738,#787,#789,.T.);
#787 = VERTEX_POINT('',#788);
#788 = CARTESIAN_POINT('',(27.15,47.95,5.3));
#789 = CIRCLE('',#790,11.2);
#790 = AXIS2_PLACEMENT_3D('',#791,#792,#793);
#791 = CARTESIAN_POINT('',(27.15,36.75,5.3));
#792 = DIRECTION('',(0.,0.,1.));
#793 = DIRECTION('',(1.,0.,0.));
#794 = ORIENTED_EDGE('',*,*,#795,.F.);
#795 = EDGE_CURVE('',#130,#787,#796,.T.);
#796 = LINE('',#797,#798);
#797 = CARTESIAN_POINT('',(27.15,47.95,0.));
#798 = VECTOR('',#799,1.);
#799 = DIRECTION('',(0.,0.,1.));
#800 = CYLINDRICAL_SURFACE('',#801,11.2);
#801 = AXIS2_PLACEMENT_3D('',#802,#803,#804);
#802 = CARTESIAN_POINT('',(27.15,36.75,0.));
#803 = DIRECTION('',(-0.,-0.,-1.));
#804 = DIRECTION('',(1.,0.,0.));
#805 = ADVANCED_FACE('',(#806),#851,.F.);
#806 = FACE_BOUND('',#807,.F.);
#807 = EDGE_LOOP('',(#808,#809,#810,#818,#827,#835,#844,#850));
#808 = ORIENTED_EDGE('',*,*,#138,.F.);
#809 = ORIENTED_EDGE('',*,*,#795,.T.);
#810 = ORIENTED_EDGE('',*,*,#811,.T.);
#811 = EDGE_CURVE('',#787,#812,#814,.T.);
#812 = VERTEX_POINT('',#813);
#813 = CARTESIAN_POINT('',(20.907987240797,47.95,5.3));
#814 = LINE('',#815,#816);
#815 = CARTESIAN_POINT('',(27.15,47.95,5.3));
#816 = VECTOR('',#817,1.);
#817 = DIRECTION('',(-1.,0.,0.));
#818 = ORIENTED_EDGE('',*,*,#819,.F.);
#819 = EDGE_CURVE('',#820,#812,#822,.T.);
#820 = VERTEX_POINT('',#821);
#821 = CARTESIAN_POINT('',(15.892012759203,47.95,5.3));
#822 = CIRCLE('',#823,2.7);
#823 = AXIS2_PLACEMENT_3D('',#824,#825,#826);
#824 = CARTESIAN_POINT('',(18.4,47.95,6.3));
#825 = DIRECTION('',(0.,-1.,0.));
#826 = DIRECTION('',(1.,0.,0.));
#827 = ORIENTED_EDGE('',*,*,#828,.T.);
#828 = EDGE_CURVE('',#820,#829,#831,.T.);
#829 = VERTEX_POINT('',#830);
#830 = CARTESIAN_POINT('',(9.155749299439,47.95,5.3));
#831 = LINE('',#832,#833);
#832 = CARTESIAN_POINT('',(27.15,47.95,5.3));
#833 = VECTOR('',#834,1.);
#834 = DIRECTION('',(-1.,0.,0.));
#835 = ORIENTED_EDGE('',*,*,#836,.F.);
#836 = EDGE_CURVE('',#837,#829,#839,.T.);
#837 = VERTEX_POINT('',#838);
#838 = CARTESIAN_POINT('',(4.784250700561,47.95,5.3));
#839 = CIRCLE('',#840,2.2);
#840 = AXIS2_PLACEMENT_3D('',#841,#842,#843);
#841 = CARTESIAN_POINT('',(6.97,47.95,5.55));
#842 = DIRECTION('',(0.,-1.,0.));
#843 = DIRECTION('',(1.,0.,0.));
#844 = ORIENTED_EDGE('',*,*,#845,.T.);
#845 = EDGE_CURVE('',#837,#761,#846,.T.);
#846 = LINE('',#847,#848);
#847 = CARTESIAN_POINT('',(27.15,47.95,5.3));
#848 = VECTOR('',#849,1.);
#849 = DIRECTION('',(-1.,0.,0.));
#850 = ORIENTED_EDGE('',*,*,#760,.F.);
#851 = PLANE('',#852);
#852 = AXIS2_PLACEMENT_3D('',#853,#854,#855);
#853 = CARTESIAN_POINT('',(27.15,47.95,0.));
#854 = DIRECTION('',(0.,-1.,0.));
#855 = DIRECTION('',(-1.,0.,0.));
#856 = ADVANCED_FACE('',(#857),#876,.F.);
#857 = FACE_BOUND('',#858,.T.);
#858 = EDGE_LOOP('',(#859,#867,#868,#869));
#859 = ORIENTED_EDGE('',*,*,#860,.F.);
#860 = EDGE_CURVE('',#173,#861,#863,.T.);
#861 = VERTEX_POINT('',#862);
#862 = CARTESIAN_POINT('',(-36.732,-35.482,0.8));
#863 = LINE('',#864,#865);
#864 = CARTESIAN_POINT('',(-36.732,-35.482,0.));
#865 = VECTOR('',#866,1.);
#866 = DIRECTION('',(0.,0.,1.));
#867 = ORIENTED_EDGE('',*,*,#172,.T.);
#868 = ORIENTED_EDGE('',*,*,#860,.T.);
#869 = ORIENTED_EDGE('',*,*,#870,.F.);
#870 = EDGE_CURVE('',#861,#861,#871,.T.);
#871 = CIRCLE('',#872,2.15);
#872 = AXIS2_PLACEMENT_3D('',#873,#874,#875);
#873 = CARTESIAN_POINT('',(-34.582,-35.482,0.8));
#874 = DIRECTION('',(0.,0.,-1.));
#875 = DIRECTION('',(-1.,0.,0.));
#876 = CYLINDRICAL_SURFACE('',#877,2.15);
#877 = AXIS2_PLACEMENT_3D('',#878,#879,#880);
#878 = CARTESIAN_POINT('',(-34.582,-35.482,0.));
#879 = DIRECTION('',(0.,0.,1.));
#880 = DIRECTION('',(-1.,0.,0.));
#881 = ADVANCED_FACE('',(#882),#901,.F.);
#882 = FACE_BOUND('',#883,.T.);
#883 = EDGE_LOOP('',(#884,#892,#893,#894));
#884 = ORIENTED_EDGE('',*,*,#885,.F.);
#885 = EDGE_CURVE('',#184,#886,#888,.T.);
#886 = VERTEX_POINT('',#887);
#887 = CARTESIAN_POINT('',(30.032,-41.932,0.8));
#888 = LINE('',#889,#890);
#889 = CARTESIAN_POINT('',(30.032,-41.932,0.));
#890 = VECTOR('',#891,1.);
#891 = DIRECTION('',(0.,0.,1.));
#892 = ORIENTED_EDGE('',*,*,#183,.T.);
#893 = ORIENTED_EDGE('',*,*,#885,.T.);
#894 = ORIENTED_EDGE('',*,*,#895,.F.);
#895 = EDGE_CURVE('',#886,#886,#896,.T.);
#896 = CIRCLE('',#897,2.15);
#897 = AXIS2_PLACEMENT_3D('',#898,#899,#900);
#898 = CARTESIAN_POINT('',(32.182,-41.932,0.8));
#899 = DIRECTION('',(0.,0.,-1.));
#900 = DIRECTION('',(-1.,0.,0.));
#901 = CYLINDRICAL_SURFACE('',#902,2.15);
#902 = AXIS2_PLACEMENT_3D('',#903,#904,#905);
#903 = CARTESIAN_POINT('',(32.182,-41.932,0.));
#904 = DIRECTION('',(0.,0.,1.));
#905 = DIRECTION('',(-1.,0.,0.));
#906 = ADVANCED_FACE('',(#907),#926,.F.);
#907 = FACE_BOUND('',#908,.T.);
#908 = EDGE_LOOP('',(#909,#917,#918,#919));
#909 = ORIENTED_EDGE('',*,*,#910,.F.);
#910 = EDGE_CURVE('',#195,#911,#913,.T.);
#911 = VERTEX_POINT('',#912);
#912 = CARTESIAN_POINT('',(-34.332,41.932,0.8));
#913 = LINE('',#914,#915);
#914 = CARTESIAN_POINT('',(-34.332,41.932,0.));
#915 = VECTOR('',#916,1.);
#916 = DIRECTION('',(0.,0.,1.));
#917 = ORIENTED_EDGE('',*,*,#194,.T.);
#918 = ORIENTED_EDGE('',*,*,#910,.T.);
#919 = ORIENTED_EDGE('',*,*,#920,.F.);
#920 = EDGE_CURVE('',#911,#911,#921,.T.);
#921 = CIRCLE('',#922,2.15);
#922 = AXIS2_PLACEMENT_3D('',#923,#924,#925);
#923 = CARTESIAN_POINT('',(-32.182,41.932,0.8));
#924 = DIRECTION('',(0.,0.,-1.));
#925 = DIRECTION('',(-1.,0.,0.));
#926 = CYLINDRICAL_SURFACE('',#927,2.15);
#927 = AXIS2_PLACEMENT_3D('',#928,#929,#930);
#928 = CARTESIAN_POINT('',(-32.182,41.932,0.));
#929 = DIRECTION('',(0.,0.,1.));
#930 = DIRECTION('',(-1.,0.,0.));
#931 = ADVANCED_FACE('',(#932),#951,.F.);
#932 = FACE_BOUND('',#933,.T.);
#933 = EDGE_LOOP('',(#934,#942,#943,#944));
#934 = ORIENTED_EDGE('',*,*,#935,.F.);
#935 = EDGE_CURVE('',#206,#936,#938,.T.);
#936 = VERTEX_POINT('',#937);
#937 = CARTESIAN_POINT('',(30.032,41.932,0.8));
#938 = LINE('',#939,#940);
#939 = CARTESIAN_POINT('',(30.032,41.932,0.));
#940 = VECTOR('',#941,1.);
#941 = DIRECTION('',(0.,0.,1.));
#942 = ORIENTED_EDGE('',*,*,#205,.T.);
#943 = ORIENTED_EDGE('',*,*,#935,.T.);
#944 = ORIENTED_EDGE('',*,*,#945,.F.);
#945 = EDGE_CURVE('',#936,#936,#946,.T.);
#946 = CIRCLE('',#947,2.15);
#947 = AXIS2_PLACEMENT_3D('',#948,#949,#950);
#948 = CARTESIAN_POINT('',(32.182,41.932,0.8));
#949 = DIRECTION('',(0.,0.,-1.));
#950 = DIRECTION('',(-1.,0.,0.));
#951 = CYLINDRICAL_SURFACE('',#952,2.15);
#952 = AXIS2_PLACEMENT_3D('',#953,#954,#955);
#953 = CARTESIAN_POINT('',(32.182,41.932,0.));
#954 = DIRECTION('',(0.,0.,1.));
#955 = DIRECTION('',(-1.,0.,0.));
#956 = ADVANCED_FACE('',(#957),#983,.T.);
#957 = FACE_BOUND('',#958,.T.);
#958 = EDGE_LOOP('',(#959,#960,#961,#968,#976));
#959 = ORIENTED_EDGE('',*,*,#345,.F.);
#960 = ORIENTED_EDGE('',*,*,#306,.T.);
#961 = ORIENTED_EDGE('',*,*,#962,.T.);
#962 = EDGE_CURVE('',#298,#963,#965,.T.);
#963 = VERTEX_POINT('',#964);
#964 = CARTESIAN_POINT('',(27.15,-47.12120327391,6.7));
#965 = B_SPLINE_CURVE_WITH_KNOTS('',1,(#966,#967),.UNSPECIFIED.,.F.,.F.,
  (2,2),(0.,1.),.PIECEWISE_BEZIER_KNOTS.);
#966 = CARTESIAN_POINT('',(27.15,-46.75000000005,5.3));
#967 = CARTESIAN_POINT('',(27.15,-47.12120327391,6.7));
#968 = ORIENTED_EDGE('',*,*,#969,.F.);
#969 = EDGE_CURVE('',#970,#963,#972,.T.);
#970 = VERTEX_POINT('',#971);
#971 = CARTESIAN_POINT('',(4.068528137424,-47.12120327391,6.7));
#972 = LINE('',#973,#974);
#973 = CARTESIAN_POINT('',(-27.15000000001,-47.12120327391,6.7));
#974 = VECTOR('',#975,1.);
#975 = DIRECTION('',(1.,0.,0.));
#976 = ORIENTED_EDGE('',*,*,#977,.F.);
#977 = EDGE_CURVE('',#338,#970,#978,.T.);
#978 = ELLIPSE('',#979,1.13800939779,1.1);
#979 = AXIS2_PLACEMENT_3D('',#980,#981,#982);
#980 = CARTESIAN_POINT('',(3.22,-46.93560163698,6.));
#981 = DIRECTION('',(-0.,-0.966600102017,-0.256289373133));
#982 = DIRECTION('',(0.,-0.256289373133,0.966600102017));
#983 = PLANE('',#984);
#984 = AXIS2_PLACEMENT_3D('',#985,#986,#987);
#985 = CARTESIAN_POINT('',(-27.15000000001,-47.12120327391,6.7));
#986 = DIRECTION('',(0.,-0.966600102017,-0.256289373133));
#987 = DIRECTION('',(1.,0.,0.));
#988 = ADVANCED_FACE('',(#989),#1007,.T.);
#989 = FACE_BOUND('',#990,.T.);
#990 = EDGE_LOOP('',(#991,#992,#999,#1006));
#991 = ORIENTED_EDGE('',*,*,#297,.T.);
#992 = ORIENTED_EDGE('',*,*,#993,.T.);
#993 = EDGE_CURVE('',#290,#994,#996,.T.);
#994 = VERTEX_POINT('',#995);
#995 = CARTESIAN_POINT('',(37.521203273892,-36.75000000002,6.7));
#996 = B_SPLINE_CURVE_WITH_KNOTS('',1,(#997,#998),.UNSPECIFIED.,.F.,.F.,
  (2,2),(0.,1.),.PIECEWISE_BEZIER_KNOTS.);
#997 = CARTESIAN_POINT('',(37.150000000027,-36.75000000002,5.3));
#998 = CARTESIAN_POINT('',(37.521203273892,-36.75000000002,6.7));
#999 = ORIENTED_EDGE('',*,*,#1000,.F.);
#1000 = EDGE_CURVE('',#963,#994,#1001,.T.);
#1001 = CIRCLE('',#1002,10.371203273892);
#1002 = AXIS2_PLACEMENT_3D('',#1003,#1004,#1005);
#1003 = CARTESIAN_POINT('',(27.15,-36.75000000002,6.7));
#1004 = DIRECTION('',(0.,0.,1.));
#1005 = DIRECTION('',(1.,0.,0.));
#1006 = ORIENTED_EDGE('',*,*,#962,.F.);
#1007 = CONICAL_SURFACE('',#1008,10.000000000027,0.259181393921);
#1008 = AXIS2_PLACEMENT_3D('',#1009,#1010,#1011);
#1009 = CARTESIAN_POINT('',(27.15,-36.75000000002,5.3));
#1010 = DIRECTION('',(0.,0.,1.));
#1011 = DIRECTION('',(1.,0.,0.));
#1012 = ADVANCED_FACE('',(#1013),#1031,.T.);
#1013 = FACE_BOUND('',#1014,.T.);
#1014 = EDGE_LOOP('',(#1015,#1016,#1017,#1025));
#1015 = ORIENTED_EDGE('',*,*,#993,.F.);
#1016 = ORIENTED_EDGE('',*,*,#289,.T.);
#1017 = ORIENTED_EDGE('',*,*,#1018,.T.);
#1018 = EDGE_CURVE('',#282,#1019,#1021,.T.);
#1019 = VERTEX_POINT('',#1020);
#1020 = CARTESIAN_POINT('',(37.521203273878,4.13,6.7));
#1021 = LINE('',#1022,#1023);
#1022 = CARTESIAN_POINT('',(38.677657320468,4.13,11.061587785454));
#1023 = VECTOR('',#1024,1.);
#1024 = DIRECTION('',(0.256289373133,0.,0.966600102017));
#1025 = ORIENTED_EDGE('',*,*,#1026,.F.);
#1026 = EDGE_CURVE('',#994,#1019,#1027,.T.);
#1027 = LINE('',#1028,#1029);
#1028 = CARTESIAN_POINT('',(37.521203273892,-36.75000000002,6.7));
#1029 = VECTOR('',#1030,1.);
#1030 = DIRECTION('',(0.,1.,0.));
#1031 = PLANE('',#1032);
#1032 = AXIS2_PLACEMENT_3D('',#1033,#1034,#1035);
#1033 = CARTESIAN_POINT('',(37.521203273892,-36.75000000002,6.7));
#1034 = DIRECTION('',(0.966600102017,0.,-0.256289373133));
#1035 = DIRECTION('',(0.,1.,0.));
#1036 = ADVANCED_FACE('',(#1037),#1079,.T.);
#1037 = FACE_BOUND('',#1038,.T.);
#1038 = EDGE_LOOP('',(#1039,#1049,#1055,#1056,#1057,#1065,#1073));
#1039 = ORIENTED_EDGE('',*,*,#1040,.F.);
#1040 = EDGE_CURVE('',#1041,#1043,#1045,.T.);
#1041 = VERTEX_POINT('',#1042);
#1042 = CARTESIAN_POINT('',(36.15,4.13,6.7));
#1043 = VERTEX_POINT('',#1044);
#1044 = CARTESIAN_POINT('',(36.15,4.13,2.2));
#1045 = LINE('',#1046,#1047);
#1046 = CARTESIAN_POINT('',(36.15,4.13,16.4));
#1047 = VECTOR('',#1048,1.);
#1048 = DIRECTION('',(0.,0.,-1.));
#1049 = ORIENTED_EDGE('',*,*,#1050,.F.);
#1050 = EDGE_CURVE('',#1019,#1041,#1051,.T.);
#1051 = LINE('',#1052,#1053);
#1052 = CARTESIAN_POINT('',(18.075,4.13,6.7));
#1053 = VECTOR('',#1054,1.);
#1054 = DIRECTION('',(-1.,0.,0.));
#1055 = ORIENTED_EDGE('',*,*,#1018,.F.);
#1056 = ORIENTED_EDGE('',*,*,#281,.F.);
#1057 = ORIENTED_EDGE('',*,*,#1058,.T.);
#1058 = EDGE_CURVE('',#274,#1059,#1061,.T.);
#1059 = VERTEX_POINT('',#1060);
#1060 = CARTESIAN_POINT('',(37.521203273864,4.13,1.1));
#1061 = LINE('',#1062,#1063);
#1062 = CARTESIAN_POINT('',(37.521203273864,4.13,16.4));
#1063 = VECTOR('',#1064,1.);
#1064 = DIRECTION('',(0.,0.,-1.));
#1065 = ORIENTED_EDGE('',*,*,#1066,.F.);
#1066 = EDGE_CURVE('',#1067,#1059,#1069,.T.);
#1067 = VERTEX_POINT('',#1068);
#1068 = CARTESIAN_POINT('',(36.15,4.13,1.1));
#1069 = LINE('',#1070,#1071);
#1070 = CARTESIAN_POINT('',(36.15,4.13,1.1));
#1071 = VECTOR('',#1072,1.);
#1072 = DIRECTION('',(1.,0.,0.));
#1073 = ORIENTED_EDGE('',*,*,#1074,.F.);
#1074 = EDGE_CURVE('',#1043,#1067,#1075,.T.);
#1075 = LINE('',#1076,#1077);
#1076 = CARTESIAN_POINT('',(36.15,4.13,16.4));
#1077 = VECTOR('',#1078,1.);
#1078 = DIRECTION('',(0.,0.,-1.));
#1079 = PLANE('',#1080);
#1080 = AXIS2_PLACEMENT_3D('',#1081,#1082,#1083);
#1081 = CARTESIAN_POINT('',(36.15,4.13,16.4));
#1082 = DIRECTION('',(0.,1.,0.));
#1083 = DIRECTION('',(0.,0.,-1.));
#1084 = ADVANCED_FACE('',(#1085),#1135,.F.);
#1085 = FACE_BOUND('',#1086,.F.);
#1086 = EDGE_LOOP('',(#1087,#1088,#1096,#1104,#1112,#1120,#1128,#1134));
#1087 = ORIENTED_EDGE('',*,*,#1058,.T.);
#1088 = ORIENTED_EDGE('',*,*,#1089,.T.);
#1089 = EDGE_CURVE('',#1059,#1090,#1092,.T.);
#1090 = VERTEX_POINT('',#1091);
#1091 = CARTESIAN_POINT('',(37.521203273864,10.83,1.1));
#1092 = LINE('',#1093,#1094);
#1093 = CARTESIAN_POINT('',(37.521203273864,4.13,1.1));
#1094 = VECTOR('',#1095,1.);
#1095 = DIRECTION('',(0.,1.,0.));
#1096 = ORIENTED_EDGE('',*,*,#1097,.T.);
#1097 = EDGE_CURVE('',#1090,#1098,#1100,.T.);
#1098 = VERTEX_POINT('',#1099);
#1099 = CARTESIAN_POINT('',(37.521203273864,10.83,5.3));
#1100 = LINE('',#1101,#1102);
#1101 = CARTESIAN_POINT('',(37.521203273864,10.83,1.1));
#1102 = VECTOR('',#1103,1.);
#1103 = DIRECTION('',(0.,0.,1.));
#1104 = ORIENTED_EDGE('',*,*,#1105,.F.);
#1105 = EDGE_CURVE('',#1106,#1098,#1108,.T.);
#1106 = VERTEX_POINT('',#1107);
#1107 = CARTESIAN_POINT('',(37.521203273864,9.83,5.3));
#1108 = LINE('',#1109,#1110);
#1109 = CARTESIAN_POINT('',(37.521203273864,-12.41,5.3));
#1110 = VECTOR('',#1111,1.);
#1111 = DIRECTION('',(0.,1.,0.));
#1112 = ORIENTED_EDGE('',*,*,#1113,.T.);
#1113 = EDGE_CURVE('',#1106,#1114,#1116,.T.);
#1114 = VERTEX_POINT('',#1115);
#1115 = CARTESIAN_POINT('',(37.521203273864,9.83,3.2));
#1116 = LINE('',#1117,#1118);
#1117 = CARTESIAN_POINT('',(37.521203273864,9.83,5.975));
#1118 = VECTOR('',#1119,1.);
#1119 = DIRECTION('',(0.,0.,-1.));
#1120 = ORIENTED_EDGE('',*,*,#1121,.T.);
#1121 = EDGE_CURVE('',#1114,#1122,#1124,.T.);
#1122 = VERTEX_POINT('',#1123);
#1123 = CARTESIAN_POINT('',(37.521203273864,5.13,3.2));
#1124 = LINE('',#1125,#1126);
#1125 = CARTESIAN_POINT('',(37.521203273864,8.529999999999,3.2));
#1126 = VECTOR('',#1127,1.);
#1127 = DIRECTION('',(0.,-1.,0.));
#1128 = ORIENTED_EDGE('',*,*,#1129,.T.);
#1129 = EDGE_CURVE('',#1122,#266,#1130,.T.);
#1130 = LINE('',#1131,#1132);
#1131 = CARTESIAN_POINT('',(37.521203273864,5.13,11.525));
#1132 = VECTOR('',#1133,1.);
#1133 = DIRECTION('',(0.,0.,1.));
#1134 = ORIENTED_EDGE('',*,*,#273,.F.);
#1135 = PLANE('',#1136);
#1136 = AXIS2_PLACEMENT_3D('',#1137,#1138,#1139);
#1137 = CARTESIAN_POINT('',(37.521203273864,11.929999999999,8.75));
#1138 = DIRECTION('',(1.,0.,0.));
#1139 = DIRECTION('',(0.,0.,1.));
#1140 = ADVANCED_FACE('',(#1141),#1152,.F.);
#1141 = FACE_BOUND('',#1142,.F.);
#1142 = EDGE_LOOP('',(#1143,#1144,#1145,#1146));
#1143 = ORIENTED_EDGE('',*,*,#681,.F.);
#1144 = ORIENTED_EDGE('',*,*,#265,.F.);
#1145 = ORIENTED_EDGE('',*,*,#1129,.F.);
#1146 = ORIENTED_EDGE('',*,*,#1147,.F.);
#1147 = EDGE_CURVE('',#682,#1122,#1148,.T.);
#1148 = LINE('',#1149,#1150);
#1149 = CARTESIAN_POINT('',(38.35,5.13,3.2));
#1150 = VECTOR('',#1151,1.);
#1151 = DIRECTION('',(-1.,-0.,-0.));
#1152 = PLANE('',#1153);
#1153 = AXIS2_PLACEMENT_3D('',#1154,#1155,#1156);
#1154 = CARTESIAN_POINT('',(38.35,5.13,14.3));
#1155 = DIRECTION('',(0.,-1.,0.));
#1156 = DIRECTION('',(0.,0.,-1.));
#1157 = ADVANCED_FACE('',(#1158),#1177,.F.);
#1158 = FACE_BOUND('',#1159,.F.);
#1159 = EDGE_LOOP('',(#1160,#1161,#1162,#1171));
#1160 = ORIENTED_EDGE('',*,*,#977,.F.);
#1161 = ORIENTED_EDGE('',*,*,#337,.T.);
#1162 = ORIENTED_EDGE('',*,*,#1163,.T.);
#1163 = EDGE_CURVE('',#330,#1164,#1166,.T.);
#1164 = VERTEX_POINT('',#1165);
#1165 = CARTESIAN_POINT('',(4.068528137424,-45.75,6.7));
#1166 = CIRCLE('',#1167,1.1);
#1167 = AXIS2_PLACEMENT_3D('',#1168,#1169,#1170);
#1168 = CARTESIAN_POINT('',(3.22,-45.75,6.));
#1169 = DIRECTION('',(0.,-1.,0.));
#1170 = DIRECTION('',(1.,0.,0.));
#1171 = ORIENTED_EDGE('',*,*,#1172,.T.);
#1172 = EDGE_CURVE('',#1164,#970,#1173,.T.);
#1173 = LINE('',#1174,#1175);
#1174 = CARTESIAN_POINT('',(4.068528137424,-47.95,6.7));
#1175 = VECTOR('',#1176,1.);
#1176 = DIRECTION('',(0.,-1.,2.2E-16));
#1177 = CYLINDRICAL_SURFACE('',#1178,1.1);
#1178 = AXIS2_PLACEMENT_3D('',#1179,#1180,#1181);
#1179 = CARTESIAN_POINT('',(3.22,-47.95,6.));
#1180 = DIRECTION('',(0.,-1.,2.2E-16));
#1181 = DIRECTION('',(1.,0.,0.));
#1182 = ADVANCED_FACE('',(#1183),#1238,.F.);
#1183 = FACE_BOUND('',#1184,.F.);
#1184 = EDGE_LOOP('',(#1185,#1195,#1203,#1211,#1219,#1225,#1226,#1227,
    #1228,#1229,#1230,#1231));
#1185 = ORIENTED_EDGE('',*,*,#1186,.F.);
#1186 = EDGE_CURVE('',#1187,#1189,#1191,.T.);
#1187 = VERTEX_POINT('',#1188);
#1188 = CARTESIAN_POINT('',(-27.15,-45.75,6.7));
#1189 = VERTEX_POINT('',#1190);
#1190 = CARTESIAN_POINT('',(-4.568528137424,-45.75,6.7));
#1191 = LINE('',#1192,#1193);
#1192 = CARTESIAN_POINT('',(-27.15,-45.75,6.7));
#1193 = VECTOR('',#1194,1.);
#1194 = DIRECTION('',(1.,0.,0.));
#1195 = ORIENTED_EDGE('',*,*,#1196,.T.);
#1196 = EDGE_CURVE('',#1187,#1197,#1199,.T.);
#1197 = VERTEX_POINT('',#1198);
#1198 = CARTESIAN_POINT('',(-27.15,-45.75,2.2));
#1199 = LINE('',#1200,#1201);
#1200 = CARTESIAN_POINT('',(-27.15,-45.75,6.7));
#1201 = VECTOR('',#1202,1.);
#1202 = DIRECTION('',(-0.,-0.,-1.));
#1203 = ORIENTED_EDGE('',*,*,#1204,.T.);
#1204 = EDGE_CURVE('',#1197,#1205,#1207,.T.);
#1205 = VERTEX_POINT('',#1206);
#1206 = CARTESIAN_POINT('',(27.15,-45.75,2.2));
#1207 = LINE('',#1208,#1209);
#1208 = CARTESIAN_POINT('',(-27.15,-45.75,2.2));
#1209 = VECTOR('',#1210,1.);
#1210 = DIRECTION('',(1.,0.,0.));
#1211 = ORIENTED_EDGE('',*,*,#1212,.F.);
#1212 = EDGE_CURVE('',#1213,#1205,#1215,.T.);
#1213 = VERTEX_POINT('',#1214);
#1214 = CARTESIAN_POINT('',(27.15,-45.75,6.7));
#1215 = LINE('',#1216,#1217);
#1216 = CARTESIAN_POINT('',(27.15,-45.75,6.7));
#1217 = VECTOR('',#1218,1.);
#1218 = DIRECTION('',(-0.,-0.,-1.));
#1219 = ORIENTED_EDGE('',*,*,#1220,.F.);
#1220 = EDGE_CURVE('',#1164,#1213,#1221,.T.);
#1221 = LINE('',#1222,#1223);
#1222 = CARTESIAN_POINT('',(-27.15,-45.75,6.7));
#1223 = VECTOR('',#1224,1.);
#1224 = DIRECTION('',(1.,0.,0.));
#1225 = ORIENTED_EDGE('',*,*,#1163,.F.);
#1226 = ORIENTED_EDGE('',*,*,#329,.F.);
#1227 = ORIENTED_EDGE('',*,*,#368,.F.);
#1228 = ORIENTED_EDGE('',*,*,#393,.F.);
#1229 = ORIENTED_EDGE('',*,*,#417,.F.);
#1230 = ORIENTED_EDGE('',*,*,#452,.F.);
#1231 = ORIENTED_EDGE('',*,*,#1232,.F.);
#1232 = EDGE_CURVE('',#1189,#445,#1233,.T.);
#1233 = CIRCLE('',#1234,1.1);
#1234 = AXIS2_PLACEMENT_3D('',#1235,#1236,#1237);
#1235 = CARTESIAN_POINT('',(-3.72,-45.75,6.));
#1236 = DIRECTION('',(0.,-1.,0.));
#1237 = DIRECTION('',(1.,0.,0.));
#1238 = PLANE('',#1239);
#1239 = AXIS2_PLACEMENT_3D('',#1240,#1241,#1242);
#1240 = CARTESIAN_POINT('',(-27.15,-45.75,6.7));
#1241 = DIRECTION('',(0.,-1.,0.));
#1242 = DIRECTION('',(1.,0.,0.));
#1243 = ADVANCED_FACE('',(#1244),#1270,.T.);
#1244 = FACE_BOUND('',#1245,.T.);
#1245 = EDGE_LOOP('',(#1246,#1253,#1254,#1255,#1264));
#1246 = ORIENTED_EDGE('',*,*,#1247,.F.);
#1247 = EDGE_CURVE('',#526,#1248,#1250,.T.);
#1248 = VERTEX_POINT('',#1249);
#1249 = CARTESIAN_POINT('',(-27.15000000001,-47.12120327391,6.7));
#1250 = B_SPLINE_CURVE_WITH_KNOTS('',1,(#1251,#1252),.UNSPECIFIED.,.F.,
  .F.,(2,2),(0.,1.),.PIECEWISE_BEZIER_KNOTS.);
#1251 = CARTESIAN_POINT('',(-27.15000000001,-46.75000000005,5.3));
#1252 = CARTESIAN_POINT('',(-27.15000000001,-47.12120327391,6.7));
#1253 = ORIENTED_EDGE('',*,*,#525,.T.);
#1254 = ORIENTED_EDGE('',*,*,#434,.F.);
#1255 = ORIENTED_EDGE('',*,*,#1256,.F.);
#1256 = EDGE_CURVE('',#1257,#435,#1259,.T.);
#1257 = VERTEX_POINT('',#1258);
#1258 = CARTESIAN_POINT('',(-4.568528137424,-47.12120327391,6.7));
#1259 = ELLIPSE('',#1260,1.13800939779,1.1);
#1260 = AXIS2_PLACEMENT_3D('',#1261,#1262,#1263);
#1261 = CARTESIAN_POINT('',(-3.72,-46.93560163698,6.));
#1262 = DIRECTION('',(-0.,-0.966600102017,-0.256289373133));
#1263 = DIRECTION('',(0.,-0.256289373133,0.966600102017));
#1264 = ORIENTED_EDGE('',*,*,#1265,.F.);
#1265 = EDGE_CURVE('',#1248,#1257,#1266,.T.);
#1266 = LINE('',#1267,#1268);
#1267 = CARTESIAN_POINT('',(-27.15000000001,-47.12120327391,6.7));
#1268 = VECTOR('',#1269,1.);
#1269 = DIRECTION('',(1.,0.,0.));
#1270 = PLANE('',#1271);
#1271 = AXIS2_PLACEMENT_3D('',#1272,#1273,#1274);
#1272 = CARTESIAN_POINT('',(-27.15000000001,-47.12120327391,6.7));
#1273 = DIRECTION('',(0.,-0.966600102017,-0.256289373133));
#1274 = DIRECTION('',(1.,0.,0.));
#1275 = ADVANCED_FACE('',(#1276),#1287,.F.);
#1276 = FACE_BOUND('',#1277,.F.);
#1277 = EDGE_LOOP('',(#1278,#1284,#1285,#1286));
#1278 = ORIENTED_EDGE('',*,*,#1279,.F.);
#1279 = EDGE_CURVE('',#1189,#1257,#1280,.T.);
#1280 = LINE('',#1281,#1282);
#1281 = CARTESIAN_POINT('',(-4.568528137424,-47.95,6.7));
#1282 = VECTOR('',#1283,1.);
#1283 = DIRECTION('',(0.,-1.,2.2E-16));
#1284 = ORIENTED_EDGE('',*,*,#1232,.T.);
#1285 = ORIENTED_EDGE('',*,*,#444,.F.);
#1286 = ORIENTED_EDGE('',*,*,#1256,.F.);
#1287 = CYLINDRICAL_SURFACE('',#1288,1.1);
#1288 = AXIS2_PLACEMENT_3D('',#1289,#1290,#1291);
#1289 = CARTESIAN_POINT('',(-3.72,-47.95,6.));
#1290 = DIRECTION('',(0.,-1.,2.2E-16));
#1291 = DIRECTION('',(1.,0.,0.));
#1292 = ADVANCED_FACE('',(#1293),#1317,.T.);
#1293 = FACE_BOUND('',#1294,.T.);
#1294 = EDGE_LOOP('',(#1295,#1305,#1311,#1312));
#1295 = ORIENTED_EDGE('',*,*,#1296,.F.);
#1296 = EDGE_CURVE('',#1297,#1299,#1301,.T.);
#1297 = VERTEX_POINT('',#1298);
#1298 = CARTESIAN_POINT('',(-37.52120327388,4.129999999994,6.7));
#1299 = VERTEX_POINT('',#1300);
#1300 = CARTESIAN_POINT('',(-37.5212032739,-36.75000000002,6.7));
#1301 = LINE('',#1302,#1303);
#1302 = CARTESIAN_POINT('',(-37.5212032739,36.75,6.7));
#1303 = VECTOR('',#1304,1.);
#1304 = DIRECTION('',(0.,-1.,0.));
#1305 = ORIENTED_EDGE('',*,*,#1306,.T.);
#1306 = EDGE_CURVE('',#1297,#475,#1307,.T.);
#1307 = LINE('',#1308,#1309);
#1308 = CARTESIAN_POINT('',(-38.72269054485,4.129999999994,
    11.231431422508));
#1309 = VECTOR('',#1310,1.);
#1310 = DIRECTION('',(0.256289373133,0.,-0.966600102017));
#1311 = ORIENTED_EDGE('',*,*,#474,.T.);
#1312 = ORIENTED_EDGE('',*,*,#1313,.T.);
#1313 = EDGE_CURVE('',#477,#1299,#1314,.T.);
#1314 = B_SPLINE_CURVE_WITH_KNOTS('',1,(#1315,#1316),.UNSPECIFIED.,.F.,
  .F.,(2,2),(0.,1.),.PIECEWISE_BEZIER_KNOTS.);
#1315 = CARTESIAN_POINT('',(-37.15000000004,-36.75000000002,5.3));
#1316 = CARTESIAN_POINT('',(-37.5212032739,-36.75000000002,6.7));
#1317 = PLANE('',#1318);
#1318 = AXIS2_PLACEMENT_3D('',#1319,#1320,#1321);
#1319 = CARTESIAN_POINT('',(-37.5212032739,36.75,6.7));
#1320 = DIRECTION('',(-0.966600102017,0.,-0.256289373133));
#1321 = DIRECTION('',(0.,-1.,0.));
#1322 = ADVANCED_FACE('',(#1323),#1335,.T.);
#1323 = FACE_BOUND('',#1324,.T.);
#1324 = EDGE_LOOP('',(#1325,#1326,#1327,#1334));
#1325 = ORIENTED_EDGE('',*,*,#533,.T.);
#1326 = ORIENTED_EDGE('',*,*,#1247,.T.);
#1327 = ORIENTED_EDGE('',*,*,#1328,.F.);
#1328 = EDGE_CURVE('',#1299,#1248,#1329,.T.);
#1329 = CIRCLE('',#1330,10.371203273892);
#1330 = AXIS2_PLACEMENT_3D('',#1331,#1332,#1333);
#1331 = CARTESIAN_POINT('',(-27.15000000001,-36.75000000002,6.7));
#1332 = DIRECTION('',(0.,0.,1.));
#1333 = DIRECTION('',(1.,0.,0.));
#1334 = ORIENTED_EDGE('',*,*,#1313,.F.);
#1335 = CONICAL_SURFACE('',#1336,10.000000000027,0.259181393921);
#1336 = AXIS2_PLACEMENT_3D('',#1337,#1338,#1339);
#1337 = CARTESIAN_POINT('',(-27.15000000001,-36.75000000002,5.3));
#1338 = DIRECTION('',(0.,0.,1.));
#1339 = DIRECTION('',(1.,0.,0.));
#1340 = ADVANCED_FACE('',(#1341),#1359,.F.);
#1341 = FACE_BOUND('',#1342,.F.);
#1342 = EDGE_LOOP('',(#1343,#1351,#1357,#1358));
#1343 = ORIENTED_EDGE('',*,*,#1344,.F.);
#1344 = EDGE_CURVE('',#1345,#655,#1347,.T.);
#1345 = VERTEX_POINT('',#1346);
#1346 = CARTESIAN_POINT('',(-37.52120327386,5.13,3.2));
#1347 = LINE('',#1348,#1349);
#1348 = CARTESIAN_POINT('',(-36.15,5.13,3.2));
#1349 = VECTOR('',#1350,1.);
#1350 = DIRECTION('',(-1.,-0.,-0.));
#1351 = ORIENTED_EDGE('',*,*,#1352,.T.);
#1352 = EDGE_CURVE('',#1345,#493,#1353,.T.);
#1353 = LINE('',#1354,#1355);
#1354 = CARTESIAN_POINT('',(-37.52120327386,5.13,11.525));
#1355 = VECTOR('',#1356,1.);
#1356 = DIRECTION('',(0.,0.,1.));
#1357 = ORIENTED_EDGE('',*,*,#500,.F.);
#1358 = ORIENTED_EDGE('',*,*,#662,.T.);
#1359 = PLANE('',#1360);
#1360 = AXIS2_PLACEMENT_3D('',#1361,#1362,#1363);
#1361 = CARTESIAN_POINT('',(-36.15,5.13,14.3));
#1362 = DIRECTION('',(0.,-1.,0.));
#1363 = DIRECTION('',(0.,0.,-1.));
#1364 = ADVANCED_FACE('',(#1365),#1415,.T.);
#1365 = FACE_BOUND('',#1366,.T.);
#1366 = EDGE_LOOP('',(#1367,#1377,#1385,#1393,#1399,#1400,#1401,#1409));
#1367 = ORIENTED_EDGE('',*,*,#1368,.T.);
#1368 = EDGE_CURVE('',#1369,#1371,#1373,.T.);
#1369 = VERTEX_POINT('',#1370);
#1370 = CARTESIAN_POINT('',(-37.52120327386,10.830000000006,1.1));
#1371 = VERTEX_POINT('',#1372);
#1372 = CARTESIAN_POINT('',(-37.52120327386,10.830000000006,5.3));
#1373 = LINE('',#1374,#1375);
#1374 = CARTESIAN_POINT('',(-37.52120327386,10.830000000006,1.1));
#1375 = VECTOR('',#1376,1.);
#1376 = DIRECTION('',(0.,0.,1.));
#1377 = ORIENTED_EDGE('',*,*,#1378,.F.);
#1378 = EDGE_CURVE('',#1379,#1371,#1381,.T.);
#1379 = VERTEX_POINT('',#1380);
#1380 = CARTESIAN_POINT('',(-37.52120327386,9.83,5.3));
#1381 = LINE('',#1382,#1383);
#1382 = CARTESIAN_POINT('',(-37.52120327386,-12.41,5.3));
#1383 = VECTOR('',#1384,1.);
#1384 = DIRECTION('',(0.,1.,0.));
#1385 = ORIENTED_EDGE('',*,*,#1386,.T.);
#1386 = EDGE_CURVE('',#1379,#1387,#1389,.T.);
#1387 = VERTEX_POINT('',#1388);
#1388 = CARTESIAN_POINT('',(-37.52120327386,9.83,3.2));
#1389 = LINE('',#1390,#1391);
#1390 = CARTESIAN_POINT('',(-37.52120327386,9.83,5.975));
#1391 = VECTOR('',#1392,1.);
#1392 = DIRECTION('',(0.,0.,-1.));
#1393 = ORIENTED_EDGE('',*,*,#1394,.T.);
#1394 = EDGE_CURVE('',#1387,#1345,#1395,.T.);
#1395 = LINE('',#1396,#1397);
#1396 = CARTESIAN_POINT('',(-37.52120327386,8.529999999999,3.2));
#1397 = VECTOR('',#1398,1.);
#1398 = DIRECTION('',(0.,-1.,0.));
#1399 = ORIENTED_EDGE('',*,*,#1352,.T.);
#1400 = ORIENTED_EDGE('',*,*,#492,.F.);
#1401 = ORIENTED_EDGE('',*,*,#1402,.T.);
#1402 = EDGE_CURVE('',#485,#1403,#1405,.T.);
#1403 = VERTEX_POINT('',#1404);
#1404 = CARTESIAN_POINT('',(-37.52120327386,4.129999999994,1.1));
#1405 = LINE('',#1406,#1407);
#1406 = CARTESIAN_POINT('',(-37.52120327386,4.129999999994,16.4));
#1407 = VECTOR('',#1408,1.);
#1408 = DIRECTION('',(0.,0.,-1.));
#1409 = ORIENTED_EDGE('',*,*,#1410,.T.);
#1410 = EDGE_CURVE('',#1403,#1369,#1411,.T.);
#1411 = LINE('',#1412,#1413);
#1412 = CARTESIAN_POINT('',(-37.52120327386,4.129999999994,1.1));
#1413 = VECTOR('',#1414,1.);
#1414 = DIRECTION('',(0.,1.,0.));
#1415 = PLANE('',#1416);
#1416 = AXIS2_PLACEMENT_3D('',#1417,#1418,#1419);
#1417 = CARTESIAN_POINT('',(-37.52120327386,11.929999999999,8.75));
#1418 = DIRECTION('',(1.,0.,0.));
#1419 = DIRECTION('',(0.,0.,1.));
#1420 = ADVANCED_FACE('',(#1421),#1464,.T.);
#1421 = FACE_BOUND('',#1422,.T.);
#1422 = EDGE_LOOP('',(#1423,#1424,#1432,#1440,#1448,#1456,#1462,#1463));
#1423 = ORIENTED_EDGE('',*,*,#1306,.F.);
#1424 = ORIENTED_EDGE('',*,*,#1425,.F.);
#1425 = EDGE_CURVE('',#1426,#1297,#1428,.T.);
#1426 = VERTEX_POINT('',#1427);
#1427 = CARTESIAN_POINT('',(-36.15,4.129999999994,6.7));
#1428 = LINE('',#1429,#1430);
#1429 = CARTESIAN_POINT('',(-18.76060163693,4.129999999994,6.7));
#1430 = VECTOR('',#1431,1.);
#1431 = DIRECTION('',(-1.,0.,0.));
#1432 = ORIENTED_EDGE('',*,*,#1433,.T.);
#1433 = EDGE_CURVE('',#1426,#1434,#1436,.T.);
#1434 = VERTEX_POINT('',#1435);
#1435 = CARTESIAN_POINT('',(-36.15,4.129999999994,2.2));
#1436 = LINE('',#1437,#1438);
#1437 = CARTESIAN_POINT('',(-36.15,4.129999999994,11.55));
#1438 = VECTOR('',#1439,1.);
#1439 = DIRECTION('',(0.,0.,-1.));
#1440 = ORIENTED_EDGE('',*,*,#1441,.F.);
#1441 = EDGE_CURVE('',#1442,#1434,#1444,.T.);
#1442 = VERTEX_POINT('',#1443);
#1443 = CARTESIAN_POINT('',(-36.12120327386,4.129999999994,2.2));
#1444 = LINE('',#1445,#1446);
#1445 = CARTESIAN_POINT('',(-18.76060163693,4.129999999994,2.2));
#1446 = VECTOR('',#1447,1.);
#1447 = DIRECTION('',(-1.,0.,0.));
#1448 = ORIENTED_EDGE('',*,*,#1449,.T.);
#1449 = EDGE_CURVE('',#1442,#1450,#1452,.T.);
#1450 = VERTEX_POINT('',#1451);
#1451 = CARTESIAN_POINT('',(-36.12120327386,4.129999999994,1.1));
#1452 = LINE('',#1453,#1454);
#1453 = CARTESIAN_POINT('',(-36.12120327386,4.129999999994,16.4));
#1454 = VECTOR('',#1455,1.);
#1455 = DIRECTION('',(0.,0.,-1.));
#1456 = ORIENTED_EDGE('',*,*,#1457,.F.);
#1457 = EDGE_CURVE('',#1403,#1450,#1458,.T.);
#1458 = LINE('',#1459,#1460);
#1459 = CARTESIAN_POINT('',(-37.52120327386,4.129999999994,1.1));
#1460 = VECTOR('',#1461,1.);
#1461 = DIRECTION('',(1.,0.,0.));
#1462 = ORIENTED_EDGE('',*,*,#1402,.F.);
#1463 = ORIENTED_EDGE('',*,*,#484,.F.);
#1464 = PLANE('',#1465);
#1465 = AXIS2_PLACEMENT_3D('',#1466,#1467,#1468);
#1466 = CARTESIAN_POINT('',(-37.52120327386,4.129999999994,16.4));
#1467 = DIRECTION('',(0.,1.,0.));
#1468 = DIRECTION('',(0.,0.,-1.));
#1469 = ADVANCED_FACE('',(#1470),#1481,.F.);
#1470 = FACE_BOUND('',#1471,.F.);
#1471 = EDGE_LOOP('',(#1472,#1473,#1474,#1475));
#1472 = ORIENTED_EDGE('',*,*,#1394,.T.);
#1473 = ORIENTED_EDGE('',*,*,#1344,.T.);
#1474 = ORIENTED_EDGE('',*,*,#654,.T.);
#1475 = ORIENTED_EDGE('',*,*,#1476,.F.);
#1476 = EDGE_CURVE('',#1387,#647,#1477,.T.);
#1477 = LINE('',#1478,#1479);
#1478 = CARTESIAN_POINT('',(-36.15,9.83,3.2));
#1479 = VECTOR('',#1480,1.);
#1480 = DIRECTION('',(-1.,-0.,-0.));
#1481 = PLANE('',#1482);
#1482 = AXIS2_PLACEMENT_3D('',#1483,#1484,#1485);
#1483 = CARTESIAN_POINT('',(-36.15,5.13,3.2));
#1484 = DIRECTION('',(0.,0.,-1.));
#1485 = DIRECTION('',(0.,1.,0.));
#1486 = ADVANCED_FACE('',(#1487),#1498,.F.);
#1487 = FACE_BOUND('',#1488,.F.);
#1488 = EDGE_LOOP('',(#1489,#1490,#1491,#1492));
#1489 = ORIENTED_EDGE('',*,*,#1386,.T.);
#1490 = ORIENTED_EDGE('',*,*,#1476,.T.);
#1491 = ORIENTED_EDGE('',*,*,#646,.T.);
#1492 = ORIENTED_EDGE('',*,*,#1493,.F.);
#1493 = EDGE_CURVE('',#1379,#639,#1494,.T.);
#1494 = LINE('',#1495,#1496);
#1495 = CARTESIAN_POINT('',(-31.65,9.83,5.3));
#1496 = VECTOR('',#1497,1.);
#1497 = DIRECTION('',(-1.,0.,0.));
#1498 = PLANE('',#1499);
#1499 = AXIS2_PLACEMENT_3D('',#1500,#1501,#1502);
#1500 = CARTESIAN_POINT('',(-36.15,9.83,3.2));
#1501 = DIRECTION('',(0.,1.,0.));
#1502 = DIRECTION('',(0.,0.,1.));
#1503 = ADVANCED_FACE('',(#1504),#1547,.T.);
#1504 = FACE_BOUND('',#1505,.T.);
#1505 = EDGE_LOOP('',(#1506,#1516,#1524,#1532,#1538,#1539,#1540,#1541));
#1506 = ORIENTED_EDGE('',*,*,#1507,.F.);
#1507 = EDGE_CURVE('',#1508,#1510,#1512,.T.);
#1508 = VERTEX_POINT('',#1509);
#1509 = CARTESIAN_POINT('',(-37.15000000004,13.03,5.3));
#1510 = VERTEX_POINT('',#1511);
#1511 = CARTESIAN_POINT('',(-37.15000000004,10.830000000006,5.3));
#1512 = LINE('',#1513,#1514);
#1513 = CARTESIAN_POINT('',(-37.15000000004,36.75,5.3));
#1514 = VECTOR('',#1515,1.);
#1515 = DIRECTION('',(0.,-1.,0.));
#1516 = ORIENTED_EDGE('',*,*,#1517,.T.);
#1517 = EDGE_CURVE('',#1508,#1518,#1520,.T.);
#1518 = VERTEX_POINT('',#1519);
#1519 = CARTESIAN_POINT('',(-37.52120327386,13.03,5.3));
#1520 = LINE('',#1521,#1522);
#1521 = CARTESIAN_POINT('',(-32.33560163693,13.03,5.3));
#1522 = VECTOR('',#1523,1.);
#1523 = DIRECTION('',(-1.,0.,0.));
#1524 = ORIENTED_EDGE('',*,*,#1525,.T.);
#1525 = EDGE_CURVE('',#1518,#1526,#1528,.T.);
#1526 = VERTEX_POINT('',#1527);
#1527 = CARTESIAN_POINT('',(-37.52120327386,14.03,5.3));
#1528 = LINE('',#1529,#1530);
#1529 = CARTESIAN_POINT('',(-37.52120327386,-12.41,5.3));
#1530 = VECTOR('',#1531,1.);
#1531 = DIRECTION('',(0.,1.,0.));
#1532 = ORIENTED_EDGE('',*,*,#1533,.F.);
#1533 = EDGE_CURVE('',#631,#1526,#1534,.T.);
#1534 = LINE('',#1535,#1536);
#1535 = CARTESIAN_POINT('',(-31.65,14.03,5.3));
#1536 = VECTOR('',#1537,1.);
#1537 = DIRECTION('',(1.,0.,0.));
#1538 = ORIENTED_EDGE('',*,*,#638,.T.);
#1539 = ORIENTED_EDGE('',*,*,#1493,.F.);
#1540 = ORIENTED_EDGE('',*,*,#1378,.T.);
#1541 = ORIENTED_EDGE('',*,*,#1542,.T.);
#1542 = EDGE_CURVE('',#1371,#1510,#1543,.T.);
#1543 = LINE('',#1544,#1545);
#1544 = CARTESIAN_POINT('',(-32.33560163693,10.830000000006,5.3));
#1545 = VECTOR('',#1546,1.);
#1546 = DIRECTION('',(1.,0.,0.));
#1547 = PLANE('',#1548);
#1548 = AXIS2_PLACEMENT_3D('',#1549,#1550,#1551);
#1549 = CARTESIAN_POINT('',(-27.15,-36.75,5.3));
#1550 = DIRECTION('',(0.,0.,1.));
#1551 = DIRECTION('',(1.,0.,0.));
#1552 = ADVANCED_FACE('',(#1553),#1571,.F.);
#1553 = FACE_BOUND('',#1554,.F.);
#1554 = EDGE_LOOP('',(#1555,#1563,#1569,#1570));
#1555 = ORIENTED_EDGE('',*,*,#1556,.F.);
#1556 = EDGE_CURVE('',#1557,#623,#1559,.T.);
#1557 = VERTEX_POINT('',#1558);
#1558 = CARTESIAN_POINT('',(-37.52120327386,14.03,3.2));
#1559 = LINE('',#1560,#1561);
#1560 = CARTESIAN_POINT('',(-36.15,14.03,3.2));
#1561 = VECTOR('',#1562,1.);
#1562 = DIRECTION('',(-1.,-0.,-0.));
#1563 = ORIENTED_EDGE('',*,*,#1564,.T.);
#1564 = EDGE_CURVE('',#1557,#1526,#1565,.T.);
#1565 = LINE('',#1566,#1567);
#1566 = CARTESIAN_POINT('',(-37.52120327386,14.03,11.525));
#1567 = VECTOR('',#1568,1.);
#1568 = DIRECTION('',(0.,0.,1.));
#1569 = ORIENTED_EDGE('',*,*,#1533,.F.);
#1570 = ORIENTED_EDGE('',*,*,#630,.T.);
#1571 = PLANE('',#1572);
#1572 = AXIS2_PLACEMENT_3D('',#1573,#1574,#1575);
#1573 = CARTESIAN_POINT('',(-36.15,14.03,14.3));
#1574 = DIRECTION('',(0.,-1.,0.));
#1575 = DIRECTION('',(0.,0.,-1.));
#1576 = ADVANCED_FACE('',(#1577),#1595,.F.);
#1577 = FACE_BOUND('',#1578,.F.);
#1578 = EDGE_LOOP('',(#1579,#1587,#1588,#1589));
#1579 = ORIENTED_EDGE('',*,*,#1580,.T.);
#1580 = EDGE_CURVE('',#1581,#1557,#1583,.T.);
#1581 = VERTEX_POINT('',#1582);
#1582 = CARTESIAN_POINT('',(-37.52120327386,18.73,3.2));
#1583 = LINE('',#1584,#1585);
#1584 = CARTESIAN_POINT('',(-37.52120327386,12.979999999999,3.2));
#1585 = VECTOR('',#1586,1.);
#1586 = DIRECTION('',(0.,-1.,0.));
#1587 = ORIENTED_EDGE('',*,*,#1556,.T.);
#1588 = ORIENTED_EDGE('',*,*,#622,.T.);
#1589 = ORIENTED_EDGE('',*,*,#1590,.F.);
#1590 = EDGE_CURVE('',#1581,#615,#1591,.T.);
#1591 = LINE('',#1592,#1593);
#1592 = CARTESIAN_POINT('',(-36.15,18.73,3.2));
#1593 = VECTOR('',#1594,1.);
#1594 = DIRECTION('',(-1.,-0.,-0.));
#1595 = PLANE('',#1596);
#1596 = AXIS2_PLACEMENT_3D('',#1597,#1598,#1599);
#1597 = CARTESIAN_POINT('',(-36.15,14.03,3.2));
#1598 = DIRECTION('',(0.,0.,-1.));
#1599 = DIRECTION('',(0.,1.,0.));
#1600 = ADVANCED_FACE('',(#1601),#1619,.F.);
#1601 = FACE_BOUND('',#1602,.F.);
#1602 = EDGE_LOOP('',(#1603,#1611,#1612,#1613));
#1603 = ORIENTED_EDGE('',*,*,#1604,.T.);
#1604 = EDGE_CURVE('',#1605,#1581,#1607,.T.);
#1605 = VERTEX_POINT('',#1606);
#1606 = CARTESIAN_POINT('',(-37.52120327386,18.73,5.3));
#1607 = LINE('',#1608,#1609);
#1608 = CARTESIAN_POINT('',(-37.52120327386,18.73,5.975));
#1609 = VECTOR('',#1610,1.);
#1610 = DIRECTION('',(0.,0.,-1.));
#1611 = ORIENTED_EDGE('',*,*,#1590,.T.);
#1612 = ORIENTED_EDGE('',*,*,#614,.T.);
#1613 = ORIENTED_EDGE('',*,*,#1614,.F.);
#1614 = EDGE_CURVE('',#1605,#607,#1615,.T.);
#1615 = LINE('',#1616,#1617);
#1616 = CARTESIAN_POINT('',(-31.65,18.73,5.3));
#1617 = VECTOR('',#1618,1.);
#1618 = DIRECTION('',(-1.,0.,0.));
#1619 = PLANE('',#1620);
#1620 = AXIS2_PLACEMENT_3D('',#1621,#1622,#1623);
#1621 = CARTESIAN_POINT('',(-36.15,18.73,3.2));
#1622 = DIRECTION('',(0.,1.,0.));
#1623 = DIRECTION('',(0.,0.,1.));
#1624 = ADVANCED_FACE('',(#1625),#1675,.T.);
#1625 = FACE_BOUND('',#1626,.T.);
#1626 = EDGE_LOOP('',(#1627,#1637,#1645,#1653,#1659,#1660,#1661,#1669));
#1627 = ORIENTED_EDGE('',*,*,#1628,.F.);
#1628 = EDGE_CURVE('',#1629,#1631,#1633,.T.);
#1629 = VERTEX_POINT('',#1630);
#1630 = CARTESIAN_POINT('',(-37.15000000004,21.15,5.3));
#1631 = VERTEX_POINT('',#1632);
#1632 = CARTESIAN_POINT('',(-37.15000000004,19.73,5.3));
#1633 = LINE('',#1634,#1635);
#1634 = CARTESIAN_POINT('',(-37.15000000004,36.75,5.3));
#1635 = VECTOR('',#1636,1.);
#1636 = DIRECTION('',(0.,-1.,0.));
#1637 = ORIENTED_EDGE('',*,*,#1638,.T.);
#1638 = EDGE_CURVE('',#1629,#1639,#1641,.T.);
#1639 = VERTEX_POINT('',#1640);
#1640 = CARTESIAN_POINT('',(-37.52120327386,21.15,5.3));
#1641 = LINE('',#1642,#1643);
#1642 = CARTESIAN_POINT('',(-32.33560163693,21.15,5.3));
#1643 = VECTOR('',#1644,1.);
#1644 = DIRECTION('',(-1.,0.,0.));
#1645 = ORIENTED_EDGE('',*,*,#1646,.T.);
#1646 = EDGE_CURVE('',#1639,#1647,#1649,.T.);
#1647 = VERTEX_POINT('',#1648);
#1648 = CARTESIAN_POINT('',(-37.52120327386,23.25,5.3));
#1649 = LINE('',#1650,#1651);
#1650 = CARTESIAN_POINT('',(-37.52120327386,-4.95,5.3));
#1651 = VECTOR('',#1652,1.);
#1652 = DIRECTION('',(0.,1.,0.));
#1653 = ORIENTED_EDGE('',*,*,#1654,.T.);
#1654 = EDGE_CURVE('',#1647,#599,#1655,.T.);
#1655 = LINE('',#1656,#1657);
#1656 = CARTESIAN_POINT('',(-32.75,23.25,5.3));
#1657 = VECTOR('',#1658,1.);
#1658 = DIRECTION('',(-1.,0.,0.));
#1659 = ORIENTED_EDGE('',*,*,#606,.T.);
#1660 = ORIENTED_EDGE('',*,*,#1614,.F.);
#1661 = ORIENTED_EDGE('',*,*,#1662,.T.);
#1662 = EDGE_CURVE('',#1605,#1663,#1665,.T.);
#1663 = VERTEX_POINT('',#1664);
#1664 = CARTESIAN_POINT('',(-37.52120327386,19.73,5.3));
#1665 = LINE('',#1666,#1667);
#1666 = CARTESIAN_POINT('',(-37.52120327386,-12.41,5.3));
#1667 = VECTOR('',#1668,1.);
#1668 = DIRECTION('',(0.,1.,0.));
#1669 = ORIENTED_EDGE('',*,*,#1670,.T.);
#1670 = EDGE_CURVE('',#1663,#1631,#1671,.T.);
#1671 = LINE('',#1672,#1673);
#1672 = CARTESIAN_POINT('',(-32.33560163693,19.73,5.3));
#1673 = VECTOR('',#1674,1.);
#1674 = DIRECTION('',(1.,0.,0.));
#1675 = PLANE('',#1676);
#1676 = AXIS2_PLACEMENT_3D('',#1677,#1678,#1679);
#1677 = CARTESIAN_POINT('',(-27.15,-36.75,5.3));
#1678 = DIRECTION('',(0.,0.,1.));
#1679 = DIRECTION('',(1.,0.,0.));
#1680 = ADVANCED_FACE('',(#1681),#1699,.T.);
#1681 = FACE_BOUND('',#1682,.T.);
#1682 = EDGE_LOOP('',(#1683,#1684,#1685,#1693));
#1683 = ORIENTED_EDGE('',*,*,#598,.F.);
#1684 = ORIENTED_EDGE('',*,*,#1654,.F.);
#1685 = ORIENTED_EDGE('',*,*,#1686,.T.);
#1686 = EDGE_CURVE('',#1647,#1687,#1689,.T.);
#1687 = VERTEX_POINT('',#1688);
#1688 = CARTESIAN_POINT('',(-37.52120327386,23.25,3.2));
#1689 = LINE('',#1690,#1691);
#1690 = CARTESIAN_POINT('',(-37.52120327386,23.25,11.525));
#1691 = VECTOR('',#1692,1.);
#1692 = DIRECTION('',(0.,0.,-1.));
#1693 = ORIENTED_EDGE('',*,*,#1694,.F.);
#1694 = EDGE_CURVE('',#591,#1687,#1695,.T.);
#1695 = LINE('',#1696,#1697);
#1696 = CARTESIAN_POINT('',(-38.35,23.25,3.2));
#1697 = VECTOR('',#1698,1.);
#1698 = DIRECTION('',(1.,0.,0.));
#1699 = PLANE('',#1700);
#1700 = AXIS2_PLACEMENT_3D('',#1701,#1702,#1703);
#1701 = CARTESIAN_POINT('',(-38.35,23.25,14.3));
#1702 = DIRECTION('',(0.,1.,0.));
#1703 = DIRECTION('',(0.,0.,-1.));
#1704 = ADVANCED_FACE('',(#1705),#1723,.T.);
#1705 = FACE_BOUND('',#1706,.T.);
#1706 = EDGE_LOOP('',(#1707,#1708,#1709,#1717));
#1707 = ORIENTED_EDGE('',*,*,#590,.F.);
#1708 = ORIENTED_EDGE('',*,*,#1694,.T.);
#1709 = ORIENTED_EDGE('',*,*,#1710,.T.);
#1710 = EDGE_CURVE('',#1687,#1711,#1713,.T.);
#1711 = VERTEX_POINT('',#1712);
#1712 = CARTESIAN_POINT('',(-37.52120327386,30.45,3.2));
#1713 = LINE('',#1714,#1715);
#1714 = CARTESIAN_POINT('',(-37.52120327386,25.05,3.2));
#1715 = VECTOR('',#1716,1.);
#1716 = DIRECTION('',(0.,1.,0.));
#1717 = ORIENTED_EDGE('',*,*,#1718,.F.);
#1718 = EDGE_CURVE('',#583,#1711,#1719,.T.);
#1719 = LINE('',#1720,#1721);
#1720 = CARTESIAN_POINT('',(-38.35,30.45,3.2));
#1721 = VECTOR('',#1722,1.);
#1722 = DIRECTION('',(1.,0.,0.));
#1723 = PLANE('',#1724);
#1724 = AXIS2_PLACEMENT_3D('',#1725,#1726,#1727);
#1725 = CARTESIAN_POINT('',(-38.35,23.25,3.2));
#1726 = DIRECTION('',(0.,0.,1.));
#1727 = DIRECTION('',(0.,1.,0.));
#1728 = ADVANCED_FACE('',(#1729),#1747,.T.);
#1729 = FACE_BOUND('',#1730,.T.);
#1730 = EDGE_LOOP('',(#1731,#1732,#1733,#1741));
#1731 = ORIENTED_EDGE('',*,*,#582,.F.);
#1732 = ORIENTED_EDGE('',*,*,#1718,.T.);
#1733 = ORIENTED_EDGE('',*,*,#1734,.T.);
#1734 = EDGE_CURVE('',#1711,#1735,#1737,.T.);
#1735 = VERTEX_POINT('',#1736);
#1736 = CARTESIAN_POINT('',(-37.52120327386,30.45,5.3));
#1737 = LINE('',#1738,#1739);
#1738 = CARTESIAN_POINT('',(-37.52120327386,30.45,5.975));
#1739 = VECTOR('',#1740,1.);
#1740 = DIRECTION('',(0.,0.,1.));
#1741 = ORIENTED_EDGE('',*,*,#1742,.F.);
#1742 = EDGE_CURVE('',#575,#1735,#1743,.T.);
#1743 = LINE('',#1744,#1745);
#1744 = CARTESIAN_POINT('',(-32.75,30.45,5.3));
#1745 = VECTOR('',#1746,1.);
#1746 = DIRECTION('',(1.,0.,0.));
#1747 = PLANE('',#1748);
#1748 = AXIS2_PLACEMENT_3D('',#1749,#1750,#1751);
#1749 = CARTESIAN_POINT('',(-38.35,30.45,3.2));
#1750 = DIRECTION('',(0.,-1.,0.));
#1751 = DIRECTION('',(0.,0.,1.));
#1752 = ADVANCED_FACE('',(#1753),#1806,.T.);
#1753 = FACE_BOUND('',#1754,.T.);
#1754 = EDGE_LOOP('',(#1755,#1765,#1771,#1772,#1773,#1774,#1775,#1783,
    #1791,#1799));
#1755 = ORIENTED_EDGE('',*,*,#1756,.F.);
#1756 = EDGE_CURVE('',#1757,#1759,#1761,.T.);
#1757 = VERTEX_POINT('',#1758);
#1758 = CARTESIAN_POINT('',(4.784250700561,46.750000000027,5.3));
#1759 = VERTEX_POINT('',#1760);
#1760 = CARTESIAN_POINT('',(-27.15000000001,46.750000000027,5.3));
#1761 = LINE('',#1762,#1763);
#1762 = CARTESIAN_POINT('',(27.15,46.750000000027,5.3));
#1763 = VECTOR('',#1764,1.);
#1764 = DIRECTION('',(-1.,0.,0.));
#1765 = ORIENTED_EDGE('',*,*,#1766,.T.);
#1766 = EDGE_CURVE('',#1757,#837,#1767,.T.);
#1767 = LINE('',#1768,#1769);
#1768 = CARTESIAN_POINT('',(4.784250700561,47.95,5.3));
#1769 = VECTOR('',#1770,1.);
#1770 = DIRECTION('',(0.,1.,-2.2E-16));
#1771 = ORIENTED_EDGE('',*,*,#845,.T.);
#1772 = ORIENTED_EDGE('',*,*,#768,.T.);
#1773 = ORIENTED_EDGE('',*,*,#574,.T.);
#1774 = ORIENTED_EDGE('',*,*,#1742,.T.);
#1775 = ORIENTED_EDGE('',*,*,#1776,.T.);
#1776 = EDGE_CURVE('',#1735,#1777,#1779,.T.);
#1777 = VERTEX_POINT('',#1778);
#1778 = CARTESIAN_POINT('',(-37.52120327386,32.55,5.3));
#1779 = LINE('',#1780,#1781);
#1780 = CARTESIAN_POINT('',(-37.52120327386,-4.95,5.3));
#1781 = VECTOR('',#1782,1.);
#1782 = DIRECTION('',(0.,1.,0.));
#1783 = ORIENTED_EDGE('',*,*,#1784,.T.);
#1784 = EDGE_CURVE('',#1777,#1785,#1787,.T.);
#1785 = VERTEX_POINT('',#1786);
#1786 = CARTESIAN_POINT('',(-37.15000000004,32.55,5.3));
#1787 = LINE('',#1788,#1789);
#1788 = CARTESIAN_POINT('',(-32.33560163693,32.55,5.3));
#1789 = VECTOR('',#1790,1.);
#1790 = DIRECTION('',(1.,0.,0.));
#1791 = ORIENTED_EDGE('',*,*,#1792,.F.);
#1792 = EDGE_CURVE('',#1793,#1785,#1795,.T.);
#1793 = VERTEX_POINT('',#1794);
#1794 = CARTESIAN_POINT('',(-37.15000000004,36.75,5.3));
#1795 = LINE('',#1796,#1797);
#1796 = CARTESIAN_POINT('',(-37.15000000004,36.75,5.3));
#1797 = VECTOR('',#1798,1.);
#1798 = DIRECTION('',(0.,-1.,0.));
#1799 = ORIENTED_EDGE('',*,*,#1800,.F.);
#1800 = EDGE_CURVE('',#1759,#1793,#1801,.T.);
#1801 = CIRCLE('',#1802,10.000000000027);
#1802 = AXIS2_PLACEMENT_3D('',#1803,#1804,#1805);
#1803 = CARTESIAN_POINT('',(-27.15000000001,36.75,5.3));
#1804 = DIRECTION('',(0.,0.,1.));
#1805 = DIRECTION('',(1.,0.,0.));
#1806 = PLANE('',#1807);
#1807 = AXIS2_PLACEMENT_3D('',#1808,#1809,#1810);
#1808 = CARTESIAN_POINT('',(-27.15,-36.75,5.3));
#1809 = DIRECTION('',(0.,0.,1.));
#1810 = DIRECTION('',(1.,0.,0.));
#1811 = ADVANCED_FACE('',(#1812),#1872,.T.);
#1812 = FACE_BOUND('',#1813,.T.);
#1813 = EDGE_LOOP('',(#1814,#1822,#1823,#1824,#1825,#1833,#1841,#1850,
    #1858,#1866));
#1814 = ORIENTED_EDGE('',*,*,#1815,.F.);
#1815 = EDGE_CURVE('',#730,#1816,#1818,.T.);
#1816 = VERTEX_POINT('',#1817);
#1817 = CARTESIAN_POINT('',(37.521203273864,18.73,5.3));
#1818 = LINE('',#1819,#1820);
#1819 = CARTESIAN_POINT('',(5.6,18.73,5.3));
#1820 = VECTOR('',#1821,1.);
#1821 = DIRECTION('',(-1.,0.,0.));
#1822 = ORIENTED_EDGE('',*,*,#737,.T.);
#1823 = ORIENTED_EDGE('',*,*,#786,.T.);
#1824 = ORIENTED_EDGE('',*,*,#811,.T.);
#1825 = ORIENTED_EDGE('',*,*,#1826,.F.);
#1826 = EDGE_CURVE('',#1827,#812,#1829,.T.);
#1827 = VERTEX_POINT('',#1828);
#1828 = CARTESIAN_POINT('',(20.907987240797,46.750000000027,5.3));
#1829 = LINE('',#1830,#1831);
#1830 = CARTESIAN_POINT('',(20.907987240797,47.95,5.3));
#1831 = VECTOR('',#1832,1.);
#1832 = DIRECTION('',(0.,1.,-2.2E-16));
#1833 = ORIENTED_EDGE('',*,*,#1834,.F.);
#1834 = EDGE_CURVE('',#1835,#1827,#1837,.T.);
#1835 = VERTEX_POINT('',#1836);
#1836 = CARTESIAN_POINT('',(27.15,46.750000000027,5.3));
#1837 = LINE('',#1838,#1839);
#1838 = CARTESIAN_POINT('',(27.15,46.750000000027,5.3));
#1839 = VECTOR('',#1840,1.);
#1840 = DIRECTION('',(-1.,0.,0.));
#1841 = ORIENTED_EDGE('',*,*,#1842,.F.);
#1842 = EDGE_CURVE('',#1843,#1835,#1845,.T.);
#1843 = VERTEX_POINT('',#1844);
#1844 = CARTESIAN_POINT('',(37.150000000027,36.75,5.3));
#1845 = CIRCLE('',#1846,10.000000000027);
#1846 = AXIS2_PLACEMENT_3D('',#1847,#1848,#1849);
#1847 = CARTESIAN_POINT('',(27.15,36.75,5.3));
#1848 = DIRECTION('',(0.,0.,1.));
#1849 = DIRECTION('',(1.,0.,0.));
#1850 = ORIENTED_EDGE('',*,*,#1851,.F.);
#1851 = EDGE_CURVE('',#1852,#1843,#1854,.T.);
#1852 = VERTEX_POINT('',#1853);
#1853 = CARTESIAN_POINT('',(37.150000000027,19.729999999994,5.3));
#1854 = LINE('',#1855,#1856);
#1855 = CARTESIAN_POINT('',(37.150000000027,-36.75000000002,5.3));
#1856 = VECTOR('',#1857,1.);
#1857 = DIRECTION('',(0.,1.,0.));
#1858 = ORIENTED_EDGE('',*,*,#1859,.T.);
#1859 = EDGE_CURVE('',#1852,#1860,#1862,.T.);
#1860 = VERTEX_POINT('',#1861);
#1861 = CARTESIAN_POINT('',(37.521203273864,19.729999999994,5.3));
#1862 = LINE('',#1863,#1864);
#1863 = CARTESIAN_POINT('',(4.5,19.729999999994,5.3));
#1864 = VECTOR('',#1865,1.);
#1865 = DIRECTION('',(1.,0.,0.));
#1866 = ORIENTED_EDGE('',*,*,#1867,.F.);
#1867 = EDGE_CURVE('',#1816,#1860,#1868,.T.);
#1868 = LINE('',#1869,#1870);
#1869 = CARTESIAN_POINT('',(37.521203273864,-12.41,5.3));
#1870 = VECTOR('',#1871,1.);
#1871 = DIRECTION('',(0.,1.,0.));
#1872 = PLANE('',#1873);
#1873 = AXIS2_PLACEMENT_3D('',#1874,#1875,#1876);
#1874 = CARTESIAN_POINT('',(-27.15,-36.75,5.3));
#1875 = DIRECTION('',(0.,0.,1.));
#1876 = DIRECTION('',(1.,0.,0.));
#1877 = ADVANCED_FACE('',(#1878),#1896,.F.);
#1878 = FACE_BOUND('',#1879,.F.);
#1879 = EDGE_LOOP('',(#1880,#1881,#1889,#1895));
#1880 = ORIENTED_EDGE('',*,*,#729,.F.);
#1881 = ORIENTED_EDGE('',*,*,#1882,.T.);
#1882 = EDGE_CURVE('',#722,#1883,#1885,.T.);
#1883 = VERTEX_POINT('',#1884);
#1884 = CARTESIAN_POINT('',(37.521203273864,18.73,3.2));
#1885 = LINE('',#1886,#1887);
#1886 = CARTESIAN_POINT('',(38.35,18.73,3.2));
#1887 = VECTOR('',#1888,1.);
#1888 = DIRECTION('',(-1.,-0.,-0.));
#1889 = ORIENTED_EDGE('',*,*,#1890,.F.);
#1890 = EDGE_CURVE('',#1816,#1883,#1891,.T.);
#1891 = LINE('',#1892,#1893);
#1892 = CARTESIAN_POINT('',(37.521203273864,18.73,5.975));
#1893 = VECTOR('',#1894,1.);
#1894 = DIRECTION('',(0.,0.,-1.));
#1895 = ORIENTED_EDGE('',*,*,#1815,.F.);
#1896 = PLANE('',#1897);
#1897 = AXIS2_PLACEMENT_3D('',#1898,#1899,#1900);
#1898 = CARTESIAN_POINT('',(38.35,18.73,3.2));
#1899 = DIRECTION('',(0.,1.,0.));
#1900 = DIRECTION('',(0.,0.,1.));
#1901 = ADVANCED_FACE('',(#1902),#1920,.F.);
#1902 = FACE_BOUND('',#1903,.F.);
#1903 = EDGE_LOOP('',(#1904,#1905,#1913,#1919));
#1904 = ORIENTED_EDGE('',*,*,#721,.F.);
#1905 = ORIENTED_EDGE('',*,*,#1906,.T.);
#1906 = EDGE_CURVE('',#714,#1907,#1909,.T.);
#1907 = VERTEX_POINT('',#1908);
#1908 = CARTESIAN_POINT('',(37.521203273864,14.03,3.2));
#1909 = LINE('',#1910,#1911);
#1910 = CARTESIAN_POINT('',(38.35,14.03,3.2));
#1911 = VECTOR('',#1912,1.);
#1912 = DIRECTION('',(-1.,-0.,-0.));
#1913 = ORIENTED_EDGE('',*,*,#1914,.F.);
#1914 = EDGE_CURVE('',#1883,#1907,#1915,.T.);
#1915 = LINE('',#1916,#1917);
#1916 = CARTESIAN_POINT('',(37.521203273864,12.979999999999,3.2));
#1917 = VECTOR('',#1918,1.);
#1918 = DIRECTION('',(0.,-1.,0.));
#1919 = ORIENTED_EDGE('',*,*,#1882,.F.);
#1920 = PLANE('',#1921);
#1921 = AXIS2_PLACEMENT_3D('',#1922,#1923,#1924);
#1922 = CARTESIAN_POINT('',(38.35,14.03,3.2));
#1923 = DIRECTION('',(0.,0.,-1.));
#1924 = DIRECTION('',(0.,1.,0.));
#1925 = ADVANCED_FACE('',(#1926),#1944,.F.);
#1926 = FACE_BOUND('',#1927,.F.);
#1927 = EDGE_LOOP('',(#1928,#1929,#1937,#1943));
#1928 = ORIENTED_EDGE('',*,*,#713,.F.);
#1929 = ORIENTED_EDGE('',*,*,#1930,.F.);
#1930 = EDGE_CURVE('',#1931,#706,#1933,.T.);
#1931 = VERTEX_POINT('',#1932);
#1932 = CARTESIAN_POINT('',(37.521203273864,14.03,5.3));
#1933 = LINE('',#1934,#1935);
#1934 = CARTESIAN_POINT('',(5.6,14.03,5.3));
#1935 = VECTOR('',#1936,1.);
#1936 = DIRECTION('',(1.,0.,0.));
#1937 = ORIENTED_EDGE('',*,*,#1938,.F.);
#1938 = EDGE_CURVE('',#1907,#1931,#1939,.T.);
#1939 = LINE('',#1940,#1941);
#1940 = CARTESIAN_POINT('',(37.521203273864,14.03,11.525));
#1941 = VECTOR('',#1942,1.);
#1942 = DIRECTION('',(0.,0.,1.));
#1943 = ORIENTED_EDGE('',*,*,#1906,.F.);
#1944 = PLANE('',#1945);
#1945 = AXIS2_PLACEMENT_3D('',#1946,#1947,#1948);
#1946 = CARTESIAN_POINT('',(38.35,14.03,14.3));
#1947 = DIRECTION('',(0.,-1.,0.));
#1948 = DIRECTION('',(0.,0.,-1.));
#1949 = ADVANCED_FACE('',(#1950),#1991,.T.);
#1950 = FACE_BOUND('',#1951,.T.);
#1951 = EDGE_LOOP('',(#1952,#1958,#1959,#1960,#1968,#1976,#1984,#1990));
#1952 = ORIENTED_EDGE('',*,*,#1953,.F.);
#1953 = EDGE_CURVE('',#698,#1106,#1954,.T.);
#1954 = LINE('',#1955,#1956);
#1955 = CARTESIAN_POINT('',(5.6,9.83,5.3));
#1956 = VECTOR('',#1957,1.);
#1957 = DIRECTION('',(-1.,0.,0.));
#1958 = ORIENTED_EDGE('',*,*,#705,.T.);
#1959 = ORIENTED_EDGE('',*,*,#1930,.F.);
#1960 = ORIENTED_EDGE('',*,*,#1961,.F.);
#1961 = EDGE_CURVE('',#1962,#1931,#1964,.T.);
#1962 = VERTEX_POINT('',#1963);
#1963 = CARTESIAN_POINT('',(37.521203273864,13.030000000006,5.3));
#1964 = LINE('',#1965,#1966);
#1965 = CARTESIAN_POINT('',(37.521203273864,-12.41,5.3));
#1966 = VECTOR('',#1967,1.);
#1967 = DIRECTION('',(0.,1.,0.));
#1968 = ORIENTED_EDGE('',*,*,#1969,.T.);
#1969 = EDGE_CURVE('',#1962,#1970,#1972,.T.);
#1970 = VERTEX_POINT('',#1971);
#1971 = CARTESIAN_POINT('',(37.150000000027,13.030000000006,5.3));
#1972 = LINE('',#1973,#1974);
#1973 = CARTESIAN_POINT('',(4.5,13.030000000006,5.3));
#1974 = VECTOR('',#1975,1.);
#1975 = DIRECTION('',(-1.,0.,0.));
#1976 = ORIENTED_EDGE('',*,*,#1977,.F.);
#1977 = EDGE_CURVE('',#1978,#1970,#1980,.T.);
#1978 = VERTEX_POINT('',#1979);
#1979 = CARTESIAN_POINT('',(37.150000000027,10.83,5.3));
#1980 = LINE('',#1981,#1982);
#1981 = CARTESIAN_POINT('',(37.150000000027,-36.75000000002,5.3));
#1982 = VECTOR('',#1983,1.);
#1983 = DIRECTION('',(0.,1.,0.));
#1984 = ORIENTED_EDGE('',*,*,#1985,.T.);
#1985 = EDGE_CURVE('',#1978,#1098,#1986,.T.);
#1986 = LINE('',#1987,#1988);
#1987 = CARTESIAN_POINT('',(4.5,10.83,5.3));
#1988 = VECTOR('',#1989,1.);
#1989 = DIRECTION('',(1.,0.,0.));
#1990 = ORIENTED_EDGE('',*,*,#1105,.F.);
#1991 = PLANE('',#1992);
#1992 = AXIS2_PLACEMENT_3D('',#1993,#1994,#1995);
#1993 = CARTESIAN_POINT('',(-27.15,-36.75,5.3));
#1994 = DIRECTION('',(0.,0.,1.));
#1995 = DIRECTION('',(1.,0.,0.));
#1996 = ADVANCED_FACE('',(#1997),#2008,.F.);
#1997 = FACE_BOUND('',#1998,.F.);
#1998 = EDGE_LOOP('',(#1999,#2000,#2006,#2007));
#1999 = ORIENTED_EDGE('',*,*,#697,.F.);
#2000 = ORIENTED_EDGE('',*,*,#2001,.T.);
#2001 = EDGE_CURVE('',#690,#1114,#2002,.T.);
#2002 = LINE('',#2003,#2004);
#2003 = CARTESIAN_POINT('',(38.35,9.83,3.2));
#2004 = VECTOR('',#2005,1.);
#2005 = DIRECTION('',(-1.,-0.,-0.));
#2006 = ORIENTED_EDGE('',*,*,#1113,.F.);
#2007 = ORIENTED_EDGE('',*,*,#1953,.F.);
#2008 = PLANE('',#2009);
#2009 = AXIS2_PLACEMENT_3D('',#2010,#2011,#2012);
#2010 = CARTESIAN_POINT('',(38.35,9.83,3.2));
#2011 = DIRECTION('',(0.,1.,0.));
#2012 = DIRECTION('',(0.,0.,1.));
#2013 = ADVANCED_FACE('',(#2014),#2020,.F.);
#2014 = FACE_BOUND('',#2015,.F.);
#2015 = EDGE_LOOP('',(#2016,#2017,#2018,#2019));
#2016 = ORIENTED_EDGE('',*,*,#689,.F.);
#2017 = ORIENTED_EDGE('',*,*,#1147,.T.);
#2018 = ORIENTED_EDGE('',*,*,#1121,.F.);
#2019 = ORIENTED_EDGE('',*,*,#2001,.F.);
#2020 = PLANE('',#2021);
#2021 = AXIS2_PLACEMENT_3D('',#2022,#2023,#2024);
#2022 = CARTESIAN_POINT('',(38.35,5.13,3.2));
#2023 = DIRECTION('',(0.,0.,-1.));
#2024 = DIRECTION('',(0.,1.,0.));
#2025 = ADVANCED_FACE('',(#2026),#2097,.F.);
#2026 = FACE_BOUND('',#2027,.T.);
#2027 = EDGE_LOOP('',(#2028,#2039,#2047,#2056,#2065,#2071,#2072,#2073,
    #2082,#2090));
#2028 = ORIENTED_EDGE('',*,*,#2029,.T.);
#2029 = EDGE_CURVE('',#2030,#2032,#2034,.T.);
#2030 = VERTEX_POINT('',#2031);
#2031 = CARTESIAN_POINT('',(9.17,45.75,5.55));
#2032 = VERTEX_POINT('',#2033);
#2033 = CARTESIAN_POINT('',(8.845499933351,45.75,6.7));
#2034 = CIRCLE('',#2035,2.2);
#2035 = AXIS2_PLACEMENT_3D('',#2036,#2037,#2038);
#2036 = CARTESIAN_POINT('',(6.97,45.75,5.55));
#2037 = DIRECTION('',(0.,-1.,0.));
#2038 = DIRECTION('',(1.,0.,0.));
#2039 = ORIENTED_EDGE('',*,*,#2040,.T.);
#2040 = EDGE_CURVE('',#2032,#2041,#2043,.T.);
#2041 = VERTEX_POINT('',#2042);
#2042 = CARTESIAN_POINT('',(8.845499933351,47.121203273892,6.7));
#2043 = LINE('',#2044,#2045);
#2044 = CARTESIAN_POINT('',(8.845499933351,47.95,6.7));
#2045 = VECTOR('',#2046,1.);
#2046 = DIRECTION('',(0.,1.,-2.2E-16));
#2047 = ORIENTED_EDGE('',*,*,#2048,.T.);
#2048 = EDGE_CURVE('',#2041,#2049,#2051,.T.);
#2049 = VERTEX_POINT('',#2050);
#2050 = CARTESIAN_POINT('',(9.17,46.816286298932,5.55));
#2051 = ELLIPSE('',#2052,2.27601879558,2.2);
#2052 = AXIS2_PLACEMENT_3D('',#2053,#2054,#2055);
#2053 = CARTESIAN_POINT('',(6.97,46.816286298932,5.55));
#2054 = DIRECTION('',(0.,0.966600102017,-0.256289373133));
#2055 = DIRECTION('',(0.,0.256289373133,0.966600102017));
#2056 = ORIENTED_EDGE('',*,*,#2057,.T.);
#2057 = EDGE_CURVE('',#2049,#2058,#2060,.T.);
#2058 = VERTEX_POINT('',#2059);
#2059 = CARTESIAN_POINT('',(9.155749299439,46.750000000027,5.3));
#2060 = ELLIPSE('',#2061,2.27601879558,2.2);
#2061 = AXIS2_PLACEMENT_3D('',#2062,#2063,#2064);
#2062 = CARTESIAN_POINT('',(6.97,46.816286298932,5.55));
#2063 = DIRECTION('',(0.,0.966600102017,-0.256289373133));
#2064 = DIRECTION('',(0.,0.256289373133,0.966600102017));
#2065 = ORIENTED_EDGE('',*,*,#2066,.T.);
#2066 = EDGE_CURVE('',#2058,#829,#2067,.T.);
#2067 = LINE('',#2068,#2069);
#2068 = CARTESIAN_POINT('',(9.155749299439,47.95,5.3));
#2069 = VECTOR('',#2070,1.);
#2070 = DIRECTION('',(0.,1.,-2.2E-16));
#2071 = ORIENTED_EDGE('',*,*,#836,.F.);
#2072 = ORIENTED_EDGE('',*,*,#1766,.F.);
#2073 = ORIENTED_EDGE('',*,*,#2074,.T.);
#2074 = EDGE_CURVE('',#1757,#2075,#2077,.T.);
#2075 = VERTEX_POINT('',#2076);
#2076 = CARTESIAN_POINT('',(5.094500066649,47.121203273892,6.7));
#2077 = ELLIPSE('',#2078,2.27601879558,2.2);
#2078 = AXIS2_PLACEMENT_3D('',#2079,#2080,#2081);
#2079 = CARTESIAN_POINT('',(6.97,46.816286298932,5.55));
#2080 = DIRECTION('',(0.,0.966600102017,-0.256289373133));
#2081 = DIRECTION('',(0.,0.256289373133,0.966600102017));
#2082 = ORIENTED_EDGE('',*,*,#2083,.F.);
#2083 = EDGE_CURVE('',#2084,#2075,#2086,.T.);
#2084 = VERTEX_POINT('',#2085);
#2085 = CARTESIAN_POINT('',(5.094500066649,45.75,6.7));
#2086 = LINE('',#2087,#2088);
#2087 = CARTESIAN_POINT('',(5.094500066649,47.95,6.7));
#2088 = VECTOR('',#2089,1.);
#2089 = DIRECTION('',(0.,1.,-2.2E-16));
#2090 = ORIENTED_EDGE('',*,*,#2091,.T.);
#2091 = EDGE_CURVE('',#2084,#2030,#2092,.T.);
#2092 = CIRCLE('',#2093,2.2);
#2093 = AXIS2_PLACEMENT_3D('',#2094,#2095,#2096);
#2094 = CARTESIAN_POINT('',(6.97,45.75,5.55));
#2095 = DIRECTION('',(0.,-1.,0.));
#2096 = DIRECTION('',(1.,0.,0.));
#2097 = CYLINDRICAL_SURFACE('',#2098,2.2);
#2098 = AXIS2_PLACEMENT_3D('',#2099,#2100,#2101);
#2099 = CARTESIAN_POINT('',(6.97,47.95,5.55));
#2100 = DIRECTION('',(0.,1.,-2.2E-16));
#2101 = DIRECTION('',(1.,0.,0.));
#2102 = ADVANCED_FACE('',(#2103),#2121,.T.);
#2103 = FACE_BOUND('',#2104,.T.);
#2104 = EDGE_LOOP('',(#2105,#2106,#2107,#2115));
#2105 = ORIENTED_EDGE('',*,*,#828,.T.);
#2106 = ORIENTED_EDGE('',*,*,#2066,.F.);
#2107 = ORIENTED_EDGE('',*,*,#2108,.F.);
#2108 = EDGE_CURVE('',#2109,#2058,#2111,.T.);
#2109 = VERTEX_POINT('',#2110);
#2110 = CARTESIAN_POINT('',(15.892012759203,46.750000000027,5.3));
#2111 = LINE('',#2112,#2113);
#2112 = CARTESIAN_POINT('',(27.15,46.750000000027,5.3));
#2113 = VECTOR('',#2114,1.);
#2114 = DIRECTION('',(-1.,0.,0.));
#2115 = ORIENTED_EDGE('',*,*,#2116,.T.);
#2116 = EDGE_CURVE('',#2109,#820,#2117,.T.);
#2117 = LINE('',#2118,#2119);
#2118 = CARTESIAN_POINT('',(15.892012759203,47.95,5.3));
#2119 = VECTOR('',#2120,1.);
#2120 = DIRECTION('',(0.,1.,-2.2E-16));
#2121 = PLANE('',#2122);
#2122 = AXIS2_PLACEMENT_3D('',#2123,#2124,#2125);
#2123 = CARTESIAN_POINT('',(-27.15,-36.75,5.3));
#2124 = DIRECTION('',(0.,0.,1.));
#2125 = DIRECTION('',(1.,0.,0.));
#2126 = ADVANCED_FACE('',(#2127),#2191,.F.);
#2127 = FACE_BOUND('',#2128,.T.);
#2128 = EDGE_LOOP('',(#2129,#2140,#2148,#2157,#2164,#2165,#2166,#2167,
    #2176,#2184));
#2129 = ORIENTED_EDGE('',*,*,#2130,.T.);
#2130 = EDGE_CURVE('',#2131,#2133,#2135,.T.);
#2131 = VERTEX_POINT('',#2132);
#2132 = CARTESIAN_POINT('',(21.1,45.75,6.3));
#2133 = VERTEX_POINT('',#2134);
#2134 = CARTESIAN_POINT('',(21.070205984564,45.75,6.7));
#2135 = CIRCLE('',#2136,2.7);
#2136 = AXIS2_PLACEMENT_3D('',#2137,#2138,#2139);
#2137 = CARTESIAN_POINT('',(18.4,45.75,6.3));
#2138 = DIRECTION('',(0.,-1.,0.));
#2139 = DIRECTION('',(1.,0.,0.));
#2140 = ORIENTED_EDGE('',*,*,#2141,.T.);
#2141 = EDGE_CURVE('',#2133,#2142,#2144,.T.);
#2142 = VERTEX_POINT('',#2143);
#2143 = CARTESIAN_POINT('',(21.070205984564,47.121203273892,6.7));
#2144 = LINE('',#2145,#2146);
#2145 = CARTESIAN_POINT('',(21.070205984564,47.95,6.7));
#2146 = VECTOR('',#2147,1.);
#2147 = DIRECTION('',(0.,1.,-2.2E-16));
#2148 = ORIENTED_EDGE('',*,*,#2149,.T.);
#2149 = EDGE_CURVE('',#2142,#2150,#2152,.T.);
#2150 = VERTEX_POINT('',#2151);
#2151 = CARTESIAN_POINT('',(21.1,47.015145195645,6.3));
#2152 = ELLIPSE('',#2153,2.793295794575,2.7);
#2153 = AXIS2_PLACEMENT_3D('',#2154,#2155,#2156);
#2154 = CARTESIAN_POINT('',(18.4,47.015145195645,6.3));
#2155 = DIRECTION('',(0.,0.966600102017,-0.256289373133));
#2156 = DIRECTION('',(0.,0.256289373133,0.966600102017));
#2157 = ORIENTED_EDGE('',*,*,#2158,.T.);
#2158 = EDGE_CURVE('',#2150,#1827,#2159,.T.);
#2159 = ELLIPSE('',#2160,2.793295794575,2.7);
#2160 = AXIS2_PLACEMENT_3D('',#2161,#2162,#2163);
#2161 = CARTESIAN_POINT('',(18.4,47.015145195645,6.3));
#2162 = DIRECTION('',(0.,0.966600102017,-0.256289373133));
#2163 = DIRECTION('',(0.,0.256289373133,0.966600102017));
#2164 = ORIENTED_EDGE('',*,*,#1826,.T.);
#2165 = ORIENTED_EDGE('',*,*,#819,.F.);
#2166 = ORIENTED_EDGE('',*,*,#2116,.F.);
#2167 = ORIENTED_EDGE('',*,*,#2168,.T.);
#2168 = EDGE_CURVE('',#2109,#2169,#2171,.T.);
#2169 = VERTEX_POINT('',#2170);
#2170 = CARTESIAN_POINT('',(15.729794015436,47.121203273892,6.7));
#2171 = ELLIPSE('',#2172,2.793295794575,2.7);
#2172 = AXIS2_PLACEMENT_3D('',#2173,#2174,#2175);
#2173 = CARTESIAN_POINT('',(18.4,47.015145195645,6.3));
#2174 = DIRECTION('',(0.,0.966600102017,-0.256289373133));
#2175 = DIRECTION('',(0.,0.256289373133,0.966600102017));
#2176 = ORIENTED_EDGE('',*,*,#2177,.F.);
#2177 = EDGE_CURVE('',#2178,#2169,#2180,.T.);
#2178 = VERTEX_POINT('',#2179);
#2179 = CARTESIAN_POINT('',(15.729794015436,45.75,6.7));
#2180 = LINE('',#2181,#2182);
#2181 = CARTESIAN_POINT('',(15.729794015436,47.95,6.7));
#2182 = VECTOR('',#2183,1.);
#2183 = DIRECTION('',(0.,1.,-2.2E-16));
#2184 = ORIENTED_EDGE('',*,*,#2185,.T.);
#2185 = EDGE_CURVE('',#2178,#2131,#2186,.T.);
#2186 = CIRCLE('',#2187,2.7);
#2187 = AXIS2_PLACEMENT_3D('',#2188,#2189,#2190);
#2188 = CARTESIAN_POINT('',(18.4,45.75,6.3));
#2189 = DIRECTION('',(0.,-1.,0.));
#2190 = DIRECTION('',(1.,0.,0.));
#2191 = CYLINDRICAL_SURFACE('',#2192,2.7);
#2192 = AXIS2_PLACEMENT_3D('',#2193,#2194,#2195);
#2193 = CARTESIAN_POINT('',(18.4,47.95,6.3));
#2194 = DIRECTION('',(0.,1.,-2.2E-16));
#2195 = DIRECTION('',(1.,0.,0.));
#2196 = ADVANCED_FACE('',(#2197,#2200),#2211,.F.);
#2197 = FACE_BOUND('',#2198,.T.);
#2198 = EDGE_LOOP('',(#2199));
#2199 = ORIENTED_EDGE('',*,*,#870,.T.);
#2200 = FACE_BOUND('',#2201,.T.);
#2201 = EDGE_LOOP('',(#2202));
#2202 = ORIENTED_EDGE('',*,*,#2203,.F.);
#2203 = EDGE_CURVE('',#2204,#2204,#2206,.T.);
#2204 = VERTEX_POINT('',#2205);
#2205 = CARTESIAN_POINT('',(-35.782,-35.482,0.8));
#2206 = CIRCLE('',#2207,1.2);
#2207 = AXIS2_PLACEMENT_3D('',#2208,#2209,#2210);
#2208 = CARTESIAN_POINT('',(-34.582,-35.482,0.8));
#2209 = DIRECTION('',(0.,0.,-1.));
#2210 = DIRECTION('',(-1.,0.,0.));
#2211 = PLANE('',#2212);
#2212 = AXIS2_PLACEMENT_3D('',#2213,#2214,#2215);
#2213 = CARTESIAN_POINT('',(-34.582,-35.482,0.8));
#2214 = DIRECTION('',(0.,0.,1.));
#2215 = DIRECTION('',(1.,0.,0.));
#2216 = ADVANCED_FACE('',(#2217,#2220),#2231,.F.);
#2217 = FACE_BOUND('',#2218,.T.);
#2218 = EDGE_LOOP('',(#2219));
#2219 = ORIENTED_EDGE('',*,*,#895,.T.);
#2220 = FACE_BOUND('',#2221,.T.);
#2221 = EDGE_LOOP('',(#2222));
#2222 = ORIENTED_EDGE('',*,*,#2223,.F.);
#2223 = EDGE_CURVE('',#2224,#2224,#2226,.T.);
#2224 = VERTEX_POINT('',#2225);
#2225 = CARTESIAN_POINT('',(30.982,-41.932,0.8));
#2226 = CIRCLE('',#2227,1.2);
#2227 = AXIS2_PLACEMENT_3D('',#2228,#2229,#2230);
#2228 = CARTESIAN_POINT('',(32.182,-41.932,0.8));
#2229 = DIRECTION('',(0.,0.,-1.));
#2230 = DIRECTION('',(-1.,0.,0.));
#2231 = PLANE('',#2232);
#2232 = AXIS2_PLACEMENT_3D('',#2233,#2234,#2235);
#2233 = CARTESIAN_POINT('',(32.182,-41.932,0.8));
#2234 = DIRECTION('',(0.,0.,1.));
#2235 = DIRECTION('',(1.,0.,0.));
#2236 = ADVANCED_FACE('',(#2237,#2240),#2251,.F.);
#2237 = FACE_BOUND('',#2238,.T.);
#2238 = EDGE_LOOP('',(#2239));
#2239 = ORIENTED_EDGE('',*,*,#920,.T.);
#2240 = FACE_BOUND('',#2241,.T.);
#2241 = EDGE_LOOP('',(#2242));
#2242 = ORIENTED_EDGE('',*,*,#2243,.F.);
#2243 = EDGE_CURVE('',#2244,#2244,#2246,.T.);
#2244 = VERTEX_POINT('',#2245);
#2245 = CARTESIAN_POINT('',(-33.382,41.932,0.8));
#2246 = CIRCLE('',#2247,1.2);
#2247 = AXIS2_PLACEMENT_3D('',#2248,#2249,#2250);
#2248 = CARTESIAN_POINT('',(-32.182,41.932,0.8));
#2249 = DIRECTION('',(0.,0.,-1.));
#2250 = DIRECTION('',(-1.,0.,0.));
#2251 = PLANE('',#2252);
#2252 = AXIS2_PLACEMENT_3D('',#2253,#2254,#2255);
#2253 = CARTESIAN_POINT('',(-32.182,41.932,0.8));
#2254 = DIRECTION('',(0.,0.,1.));
#2255 = DIRECTION('',(1.,0.,0.));
#2256 = ADVANCED_FACE('',(#2257,#2260),#2271,.F.);
#2257 = FACE_BOUND('',#2258,.T.);
#2258 = EDGE_LOOP('',(#2259));
#2259 = ORIENTED_EDGE('',*,*,#945,.T.);
#2260 = FACE_BOUND('',#2261,.T.);
#2261 = EDGE_LOOP('',(#2262));
#2262 = ORIENTED_EDGE('',*,*,#2263,.F.);
#2263 = EDGE_CURVE('',#2264,#2264,#2266,.T.);
#2264 = VERTEX_POINT('',#2265);
#2265 = CARTESIAN_POINT('',(30.982,41.932,0.8));
#2266 = CIRCLE('',#2267,1.2);
#2267 = AXIS2_PLACEMENT_3D('',#2268,#2269,#2270);
#2268 = CARTESIAN_POINT('',(32.182,41.932,0.8));
#2269 = DIRECTION('',(0.,0.,-1.));
#2270 = DIRECTION('',(-1.,0.,0.));
#2271 = PLANE('',#2272);
#2272 = AXIS2_PLACEMENT_3D('',#2273,#2274,#2275);
#2273 = CARTESIAN_POINT('',(32.182,41.932,0.8));
#2274 = DIRECTION('',(0.,0.,1.));
#2275 = DIRECTION('',(1.,0.,0.));
#2276 = ADVANCED_FACE('',(#2277),#2300,.T.);
#2277 = FACE_BOUND('',#2278,.T.);
#2278 = EDGE_LOOP('',(#2279,#2280,#2281,#2282,#2283,#2284,#2285,#2293));
#2279 = ORIENTED_EDGE('',*,*,#1220,.F.);
#2280 = ORIENTED_EDGE('',*,*,#1172,.T.);
#2281 = ORIENTED_EDGE('',*,*,#969,.T.);
#2282 = ORIENTED_EDGE('',*,*,#1000,.T.);
#2283 = ORIENTED_EDGE('',*,*,#1026,.T.);
#2284 = ORIENTED_EDGE('',*,*,#1050,.T.);
#2285 = ORIENTED_EDGE('',*,*,#2286,.F.);
#2286 = EDGE_CURVE('',#2287,#1041,#2289,.T.);
#2287 = VERTEX_POINT('',#2288);
#2288 = CARTESIAN_POINT('',(36.15,-36.75,6.7));
#2289 = LINE('',#2290,#2291);
#2290 = CARTESIAN_POINT('',(36.15,-36.75,6.7));
#2291 = VECTOR('',#2292,1.);
#2292 = DIRECTION('',(0.,1.,0.));
#2293 = ORIENTED_EDGE('',*,*,#2294,.F.);
#2294 = EDGE_CURVE('',#1213,#2287,#2295,.T.);
#2295 = CIRCLE('',#2296,9.);
#2296 = AXIS2_PLACEMENT_3D('',#2297,#2298,#2299);
#2297 = CARTESIAN_POINT('',(27.15,-36.75,6.7));
#2298 = DIRECTION('',(0.,0.,1.));
#2299 = DIRECTION('',(1.,0.,0.));
#2300 = PLANE('',#2301);
#2301 = AXIS2_PLACEMENT_3D('',#2302,#2303,#2304);
#2302 = CARTESIAN_POINT('',(-6.86E-15,0.,6.7));
#2303 = DIRECTION('',(0.,0.,1.));
#2304 = DIRECTION('',(1.,0.,0.));
#2305 = ADVANCED_FACE('',(#2306),#2324,.F.);
#2306 = FACE_BOUND('',#2307,.F.);
#2307 = EDGE_LOOP('',(#2308,#2309,#2317,#2323));
#2308 = ORIENTED_EDGE('',*,*,#2286,.F.);
#2309 = ORIENTED_EDGE('',*,*,#2310,.T.);
#2310 = EDGE_CURVE('',#2287,#2311,#2313,.T.);
#2311 = VERTEX_POINT('',#2312);
#2312 = CARTESIAN_POINT('',(36.15,-36.75,2.2));
#2313 = LINE('',#2314,#2315);
#2314 = CARTESIAN_POINT('',(36.15,-36.75,6.7));
#2315 = VECTOR('',#2316,1.);
#2316 = DIRECTION('',(-0.,-0.,-1.));
#2317 = ORIENTED_EDGE('',*,*,#2318,.T.);
#2318 = EDGE_CURVE('',#2311,#1043,#2319,.T.);
#2319 = LINE('',#2320,#2321);
#2320 = CARTESIAN_POINT('',(36.15,-36.75,2.2));
#2321 = VECTOR('',#2322,1.);
#2322 = DIRECTION('',(0.,1.,0.));
#2323 = ORIENTED_EDGE('',*,*,#1040,.F.);
#2324 = PLANE('',#2325);
#2325 = AXIS2_PLACEMENT_3D('',#2326,#2327,#2328);
#2326 = CARTESIAN_POINT('',(36.15,-36.75,6.7));
#2327 = DIRECTION('',(1.,0.,0.));
#2328 = DIRECTION('',(0.,1.,0.));
#2329 = ADVANCED_FACE('',(#2330),#2355,.T.);
#2330 = FACE_BOUND('',#2331,.T.);
#2331 = EDGE_LOOP('',(#2332,#2333,#2341,#2349));
#2332 = ORIENTED_EDGE('',*,*,#1074,.T.);
#2333 = ORIENTED_EDGE('',*,*,#2334,.T.);
#2334 = EDGE_CURVE('',#1067,#2335,#2337,.T.);
#2335 = VERTEX_POINT('',#2336);
#2336 = CARTESIAN_POINT('',(36.15,10.83,1.1));
#2337 = LINE('',#2338,#2339);
#2338 = CARTESIAN_POINT('',(36.15,4.13,1.1));
#2339 = VECTOR('',#2340,1.);
#2340 = DIRECTION('',(0.,1.,0.));
#2341 = ORIENTED_EDGE('',*,*,#2342,.T.);
#2342 = EDGE_CURVE('',#2335,#2343,#2345,.T.);
#2343 = VERTEX_POINT('',#2344);
#2344 = CARTESIAN_POINT('',(36.15,10.83,2.2));
#2345 = LINE('',#2346,#2347);
#2346 = CARTESIAN_POINT('',(36.15,10.83,1.1));
#2347 = VECTOR('',#2348,1.);
#2348 = DIRECTION('',(0.,0.,1.));
#2349 = ORIENTED_EDGE('',*,*,#2350,.F.);
#2350 = EDGE_CURVE('',#1043,#2343,#2351,.T.);
#2351 = LINE('',#2352,#2353);
#2352 = CARTESIAN_POINT('',(36.15,-36.75,2.2));
#2353 = VECTOR('',#2354,1.);
#2354 = DIRECTION('',(0.,1.,0.));
#2355 = PLANE('',#2356);
#2356 = AXIS2_PLACEMENT_3D('',#2357,#2358,#2359);
#2357 = CARTESIAN_POINT('',(36.15,11.929999999999,8.75));
#2358 = DIRECTION('',(1.,0.,0.));
#2359 = DIRECTION('',(0.,0.,1.));
#2360 = ADVANCED_FACE('',(#2361),#2372,.T.);
#2361 = FACE_BOUND('',#2362,.T.);
#2362 = EDGE_LOOP('',(#2363,#2364,#2365,#2371));
#2363 = ORIENTED_EDGE('',*,*,#1066,.T.);
#2364 = ORIENTED_EDGE('',*,*,#1089,.T.);
#2365 = ORIENTED_EDGE('',*,*,#2366,.F.);
#2366 = EDGE_CURVE('',#2335,#1090,#2367,.T.);
#2367 = LINE('',#2368,#2369);
#2368 = CARTESIAN_POINT('',(36.15,10.83,1.1));
#2369 = VECTOR('',#2370,1.);
#2370 = DIRECTION('',(1.,0.,0.));
#2371 = ORIENTED_EDGE('',*,*,#2334,.F.);
#2372 = PLANE('',#2373);
#2373 = AXIS2_PLACEMENT_3D('',#2374,#2375,#2376);
#2374 = CARTESIAN_POINT('',(36.15,4.13,1.1));
#2375 = DIRECTION('',(0.,0.,1.));
#2376 = DIRECTION('',(0.,1.,0.));
#2377 = ADVANCED_FACE('',(#2378),#2406,.T.);
#2378 = FACE_BOUND('',#2379,.T.);
#2379 = EDGE_LOOP('',(#2380,#2381,#2382,#2383,#2384,#2392,#2400));
#2380 = ORIENTED_EDGE('',*,*,#2342,.F.);
#2381 = ORIENTED_EDGE('',*,*,#2366,.T.);
#2382 = ORIENTED_EDGE('',*,*,#1097,.T.);
#2383 = ORIENTED_EDGE('',*,*,#1985,.F.);
#2384 = ORIENTED_EDGE('',*,*,#2385,.F.);
#2385 = EDGE_CURVE('',#2386,#1978,#2388,.T.);
#2386 = VERTEX_POINT('',#2387);
#2387 = CARTESIAN_POINT('',(37.521203273878,10.83,6.7));
#2388 = LINE('',#2389,#2390);
#2389 = CARTESIAN_POINT('',(36.782527913714,10.83,3.914072242728));
#2390 = VECTOR('',#2391,1.);
#2391 = DIRECTION('',(-0.256289373133,-0.,-0.966600102017));
#2392 = ORIENTED_EDGE('',*,*,#2393,.F.);
#2393 = EDGE_CURVE('',#2394,#2386,#2396,.T.);
#2394 = VERTEX_POINT('',#2395);
#2395 = CARTESIAN_POINT('',(36.15,10.83,6.7));
#2396 = LINE('',#2397,#2398);
#2397 = CARTESIAN_POINT('',(18.075,10.83,6.7));
#2398 = VECTOR('',#2399,1.);
#2399 = DIRECTION('',(1.,0.,0.));
#2400 = ORIENTED_EDGE('',*,*,#2401,.F.);
#2401 = EDGE_CURVE('',#2343,#2394,#2402,.T.);
#2402 = LINE('',#2403,#2404);
#2403 = CARTESIAN_POINT('',(36.15,10.83,1.1));
#2404 = VECTOR('',#2405,1.);
#2405 = DIRECTION('',(0.,0.,1.));
#2406 = PLANE('',#2407);
#2407 = AXIS2_PLACEMENT_3D('',#2408,#2409,#2410);
#2408 = CARTESIAN_POINT('',(36.15,10.83,1.1));
#2409 = DIRECTION('',(0.,-1.,0.));
#2410 = DIRECTION('',(0.,0.,1.));
#2411 = ADVANCED_FACE('',(#2412),#2435,.T.);
#2412 = FACE_BOUND('',#2413,.T.);
#2413 = EDGE_LOOP('',(#2414,#2422,#2423,#2424,#2425,#2426,#2427,#2428));
#2414 = ORIENTED_EDGE('',*,*,#2415,.F.);
#2415 = EDGE_CURVE('',#1426,#2416,#2418,.T.);
#2416 = VERTEX_POINT('',#2417);
#2417 = CARTESIAN_POINT('',(-36.15,-36.75,6.7));
#2418 = LINE('',#2419,#2420);
#2419 = CARTESIAN_POINT('',(-36.15,36.75,6.7));
#2420 = VECTOR('',#2421,1.);
#2421 = DIRECTION('',(0.,-1.,0.));
#2422 = ORIENTED_EDGE('',*,*,#1425,.T.);
#2423 = ORIENTED_EDGE('',*,*,#1296,.T.);
#2424 = ORIENTED_EDGE('',*,*,#1328,.T.);
#2425 = ORIENTED_EDGE('',*,*,#1265,.T.);
#2426 = ORIENTED_EDGE('',*,*,#1279,.F.);
#2427 = ORIENTED_EDGE('',*,*,#1186,.F.);
#2428 = ORIENTED_EDGE('',*,*,#2429,.F.);
#2429 = EDGE_CURVE('',#2416,#1187,#2430,.T.);
#2430 = CIRCLE('',#2431,9.);
#2431 = AXIS2_PLACEMENT_3D('',#2432,#2433,#2434);
#2432 = CARTESIAN_POINT('',(-27.15,-36.75,6.7));
#2433 = DIRECTION('',(0.,0.,1.));
#2434 = DIRECTION('',(1.,0.,0.));
#2435 = PLANE('',#2436);
#2436 = AXIS2_PLACEMENT_3D('',#2437,#2438,#2439);
#2437 = CARTESIAN_POINT('',(-6.86E-15,0.,6.7));
#2438 = DIRECTION('',(0.,0.,1.));
#2439 = DIRECTION('',(1.,0.,0.));
#2440 = ADVANCED_FACE('',(#2441),#2453,.F.);
#2441 = FACE_BOUND('',#2442,.F.);
#2442 = EDGE_LOOP('',(#2443,#2444,#2451,#2452));
#2443 = ORIENTED_EDGE('',*,*,#1212,.T.);
#2444 = ORIENTED_EDGE('',*,*,#2445,.T.);
#2445 = EDGE_CURVE('',#1205,#2311,#2446,.T.);
#2446 = CIRCLE('',#2447,9.);
#2447 = AXIS2_PLACEMENT_3D('',#2448,#2449,#2450);
#2448 = CARTESIAN_POINT('',(27.15,-36.75,2.2));
#2449 = DIRECTION('',(0.,0.,1.));
#2450 = DIRECTION('',(1.,0.,0.));
#2451 = ORIENTED_EDGE('',*,*,#2310,.F.);
#2452 = ORIENTED_EDGE('',*,*,#2294,.F.);
#2453 = CYLINDRICAL_SURFACE('',#2454,9.);
#2454 = AXIS2_PLACEMENT_3D('',#2455,#2456,#2457);
#2455 = CARTESIAN_POINT('',(27.15,-36.75,6.7));
#2456 = DIRECTION('',(0.,0.,1.));
#2457 = DIRECTION('',(1.,0.,0.));
#2458 = ADVANCED_FACE('',(#2459,#2617,#2628,#2639,#2650),#2661,.T.);
#2459 = FACE_BOUND('',#2460,.T.);
#2460 = EDGE_LOOP('',(#2461,#2469,#2476,#2477,#2478,#2479,#2480,#2488,
    #2496,#2504,#2513,#2521,#2530,#2538,#2546,#2554,#2562,#2570,#2578,
    #2586,#2594,#2602,#2610,#2616));
#2461 = ORIENTED_EDGE('',*,*,#2462,.T.);
#2462 = EDGE_CURVE('',#1434,#2463,#2465,.T.);
#2463 = VERTEX_POINT('',#2464);
#2464 = CARTESIAN_POINT('',(-36.15,-36.75,2.2));
#2465 = LINE('',#2466,#2467);
#2466 = CARTESIAN_POINT('',(-36.15,36.75,2.2));
#2467 = VECTOR('',#2468,1.);
#2468 = DIRECTION('',(0.,-1.,0.));
#2469 = ORIENTED_EDGE('',*,*,#2470,.T.);
#2470 = EDGE_CURVE('',#2463,#1197,#2471,.T.);
#2471 = CIRCLE('',#2472,9.);
#2472 = AXIS2_PLACEMENT_3D('',#2473,#2474,#2475);
#2473 = CARTESIAN_POINT('',(-27.15,-36.75,2.2));
#2474 = DIRECTION('',(0.,0.,1.));
#2475 = DIRECTION('',(1.,0.,0.));
#2476 = ORIENTED_EDGE('',*,*,#1204,.T.);
#2477 = ORIENTED_EDGE('',*,*,#2445,.T.);
#2478 = ORIENTED_EDGE('',*,*,#2318,.T.);
#2479 = ORIENTED_EDGE('',*,*,#2350,.T.);
#2480 = ORIENTED_EDGE('',*,*,#2481,.T.);
#2481 = EDGE_CURVE('',#2343,#2482,#2484,.T.);
#2482 = VERTEX_POINT('',#2483);
#2483 = CARTESIAN_POINT('',(36.15,13.030000000006,2.2));
#2484 = LINE('',#2485,#2486);
#2485 = CARTESIAN_POINT('',(36.15,-36.75,2.2));
#2486 = VECTOR('',#2487,1.);
#2487 = DIRECTION('',(0.,1.,0.));
#2488 = ORIENTED_EDGE('',*,*,#2489,.T.);
#2489 = EDGE_CURVE('',#2482,#2490,#2492,.T.);
#2490 = VERTEX_POINT('',#2491);
#2491 = CARTESIAN_POINT('',(36.15,19.729999999994,2.2));
#2492 = LINE('',#2493,#2494);
#2493 = CARTESIAN_POINT('',(36.15,-36.75,2.2));
#2494 = VECTOR('',#2495,1.);
#2495 = DIRECTION('',(0.,1.,0.));
#2496 = ORIENTED_EDGE('',*,*,#2497,.T.);
#2497 = EDGE_CURVE('',#2490,#2498,#2500,.T.);
#2498 = VERTEX_POINT('',#2499);
#2499 = CARTESIAN_POINT('',(36.15,36.75,2.2));
#2500 = LINE('',#2501,#2502);
#2501 = CARTESIAN_POINT('',(36.15,-36.75,2.2));
#2502 = VECTOR('',#2503,1.);
#2503 = DIRECTION('',(0.,1.,0.));
#2504 = ORIENTED_EDGE('',*,*,#2505,.T.);
#2505 = EDGE_CURVE('',#2498,#2506,#2508,.T.);
#2506 = VERTEX_POINT('',#2507);
#2507 = CARTESIAN_POINT('',(27.15,45.75,2.2));
#2508 = CIRCLE('',#2509,9.);
#2509 = AXIS2_PLACEMENT_3D('',#2510,#2511,#2512);
#2510 = CARTESIAN_POINT('',(27.15,36.75,2.2));
#2511 = DIRECTION('',(0.,0.,1.));
#2512 = DIRECTION('',(1.,0.,0.));
#2513 = ORIENTED_EDGE('',*,*,#2514,.T.);
#2514 = EDGE_CURVE('',#2506,#2515,#2517,.T.);
#2515 = VERTEX_POINT('',#2516);
#2516 = CARTESIAN_POINT('',(-27.15,45.75,2.2));
#2517 = LINE('',#2518,#2519);
#2518 = CARTESIAN_POINT('',(27.15,45.75,2.2));
#2519 = VECTOR('',#2520,1.);
#2520 = DIRECTION('',(-1.,0.,0.));
#2521 = ORIENTED_EDGE('',*,*,#2522,.T.);
#2522 = EDGE_CURVE('',#2515,#2523,#2525,.T.);
#2523 = VERTEX_POINT('',#2524);
#2524 = CARTESIAN_POINT('',(-36.15,36.75,2.2));
#2525 = CIRCLE('',#2526,9.);
#2526 = AXIS2_PLACEMENT_3D('',#2527,#2528,#2529);
#2527 = CARTESIAN_POINT('',(-27.15,36.75,2.2));
#2528 = DIRECTION('',(0.,0.,1.));
#2529 = DIRECTION('',(1.,0.,0.));
#2530 = ORIENTED_EDGE('',*,*,#2531,.T.);
#2531 = EDGE_CURVE('',#2523,#2532,#2534,.T.);
#2532 = VERTEX_POINT('',#2533);
#2533 = CARTESIAN_POINT('',(-36.15,32.55,2.2));
#2534 = LINE('',#2535,#2536);
#2535 = CARTESIAN_POINT('',(-36.15,36.75,2.2));
#2536 = VECTOR('',#2537,1.);
#2537 = DIRECTION('',(0.,-1.,0.));
#2538 = ORIENTED_EDGE('',*,*,#2539,.T.);
#2539 = EDGE_CURVE('',#2532,#2540,#2542,.T.);
#2540 = VERTEX_POINT('',#2541);
#2541 = CARTESIAN_POINT('',(-35.72120327386,32.55,2.2));
#2542 = LINE('',#2543,#2544);
#2543 = CARTESIAN_POINT('',(-18.76060163693,32.55,2.2));
#2544 = VECTOR('',#2545,1.);
#2545 = DIRECTION('',(1.,0.,0.));
#2546 = ORIENTED_EDGE('',*,*,#2547,.F.);
#2547 = EDGE_CURVE('',#2548,#2540,#2550,.T.);
#2548 = VERTEX_POINT('',#2549);
#2549 = CARTESIAN_POINT('',(-35.72120327386,21.15,2.2));
#2550 = LINE('',#2551,#2552);
#2551 = CARTESIAN_POINT('',(-35.72120327386,13.425,2.2));
#2552 = VECTOR('',#2553,1.);
#2553 = DIRECTION('',(0.,1.,0.));
#2554 = ORIENTED_EDGE('',*,*,#2555,.T.);
#2555 = EDGE_CURVE('',#2548,#2556,#2558,.T.);
#2556 = VERTEX_POINT('',#2557);
#2557 = CARTESIAN_POINT('',(-36.15,21.15,2.2));
#2558 = LINE('',#2559,#2560);
#2559 = CARTESIAN_POINT('',(-18.76060163693,21.15,2.2));
#2560 = VECTOR('',#2561,1.);
#2561 = DIRECTION('',(-1.,0.,0.));
#2562 = ORIENTED_EDGE('',*,*,#2563,.T.);
#2563 = EDGE_CURVE('',#2556,#2564,#2566,.T.);
#2564 = VERTEX_POINT('',#2565);
#2565 = CARTESIAN_POINT('',(-36.15,19.73,2.2));
#2566 = LINE('',#2567,#2568);
#2567 = CARTESIAN_POINT('',(-36.15,36.75,2.2));
#2568 = VECTOR('',#2569,1.);
#2569 = DIRECTION('',(0.,-1.,0.));
#2570 = ORIENTED_EDGE('',*,*,#2571,.T.);
#2571 = EDGE_CURVE('',#2564,#2572,#2574,.T.);
#2572 = VERTEX_POINT('',#2573);
#2573 = CARTESIAN_POINT('',(-36.12120327386,19.73,2.2));
#2574 = LINE('',#2575,#2576);
#2575 = CARTESIAN_POINT('',(-18.76060163693,19.73,2.2));
#2576 = VECTOR('',#2577,1.);
#2577 = DIRECTION('',(1.,0.,0.));
#2578 = ORIENTED_EDGE('',*,*,#2579,.F.);
#2579 = EDGE_CURVE('',#2580,#2572,#2582,.T.);
#2580 = VERTEX_POINT('',#2581);
#2581 = CARTESIAN_POINT('',(-36.12120327386,13.03,2.2));
#2582 = LINE('',#2583,#2584);
#2583 = CARTESIAN_POINT('',(-36.12120327386,5.964999999999,2.2));
#2584 = VECTOR('',#2585,1.);
#2585 = DIRECTION('',(0.,1.,0.));
#2586 = ORIENTED_EDGE('',*,*,#2587,.T.);
#2587 = EDGE_CURVE('',#2580,#2588,#2590,.T.);
#2588 = VERTEX_POINT('',#2589);
#2589 = CARTESIAN_POINT('',(-36.15,13.03,2.2));
#2590 = LINE('',#2591,#2592);
#2591 = CARTESIAN_POINT('',(-18.76060163693,13.03,2.2));
#2592 = VECTOR('',#2593,1.);
#2593 = DIRECTION('',(-1.,0.,0.));
#2594 = ORIENTED_EDGE('',*,*,#2595,.T.);
#2595 = EDGE_CURVE('',#2588,#2596,#2598,.T.);
#2596 = VERTEX_POINT('',#2597);
#2597 = CARTESIAN_POINT('',(-36.15,10.830000000006,2.2));
#2598 = LINE('',#2599,#2600);
#2599 = CARTESIAN_POINT('',(-36.15,36.75,2.2));
#2600 = VECTOR('',#2601,1.);
#2601 = DIRECTION('',(0.,-1.,0.));
#2602 = ORIENTED_EDGE('',*,*,#2603,.T.);
#2603 = EDGE_CURVE('',#2596,#2604,#2606,.T.);
#2604 = VERTEX_POINT('',#2605);
#2605 = CARTESIAN_POINT('',(-36.12120327386,10.830000000006,2.2));
#2606 = LINE('',#2607,#2608);
#2607 = CARTESIAN_POINT('',(-18.76060163693,10.830000000006,2.2));
#2608 = VECTOR('',#2609,1.);
#2609 = DIRECTION('',(1.,0.,0.));
#2610 = ORIENTED_EDGE('',*,*,#2611,.F.);
#2611 = EDGE_CURVE('',#1442,#2604,#2612,.T.);
#2612 = LINE('',#2613,#2614);
#2613 = CARTESIAN_POINT('',(-36.12120327386,5.964999999999,2.2));
#2614 = VECTOR('',#2615,1.);
#2615 = DIRECTION('',(0.,1.,0.));
#2616 = ORIENTED_EDGE('',*,*,#1441,.T.);
#2617 = FACE_BOUND('',#2618,.T.);
#2618 = EDGE_LOOP('',(#2619));
#2619 = ORIENTED_EDGE('',*,*,#2620,.F.);
#2620 = EDGE_CURVE('',#2621,#2621,#2623,.T.);
#2621 = VERTEX_POINT('',#2622);
#2622 = CARTESIAN_POINT('',(-35.782,-35.482,2.2));
#2623 = CIRCLE('',#2624,1.2);
#2624 = AXIS2_PLACEMENT_3D('',#2625,#2626,#2627);
#2625 = CARTESIAN_POINT('',(-34.582,-35.482,2.2));
#2626 = DIRECTION('',(0.,0.,1.));
#2627 = DIRECTION('',(-1.,0.,0.));
#2628 = FACE_BOUND('',#2629,.T.);
#2629 = EDGE_LOOP('',(#2630));
#2630 = ORIENTED_EDGE('',*,*,#2631,.F.);
#2631 = EDGE_CURVE('',#2632,#2632,#2634,.T.);
#2632 = VERTEX_POINT('',#2633);
#2633 = CARTESIAN_POINT('',(30.982,-41.932,2.2));
#2634 = CIRCLE('',#2635,1.2);
#2635 = AXIS2_PLACEMENT_3D('',#2636,#2637,#2638);
#2636 = CARTESIAN_POINT('',(32.182,-41.932,2.2));
#2637 = DIRECTION('',(0.,0.,1.));
#2638 = DIRECTION('',(-1.,0.,0.));
#2639 = FACE_BOUND('',#2640,.T.);
#2640 = EDGE_LOOP('',(#2641));
#2641 = ORIENTED_EDGE('',*,*,#2642,.F.);
#2642 = EDGE_CURVE('',#2643,#2643,#2645,.T.);
#2643 = VERTEX_POINT('',#2644);
#2644 = CARTESIAN_POINT('',(-33.382,41.932,2.2));
#2645 = CIRCLE('',#2646,1.2);
#2646 = AXIS2_PLACEMENT_3D('',#2647,#2648,#2649);
#2647 = CARTESIAN_POINT('',(-32.182,41.932,2.2));
#2648 = DIRECTION('',(0.,0.,1.));
#2649 = DIRECTION('',(-1.,0.,0.));
#2650 = FACE_BOUND('',#2651,.T.);
#2651 = EDGE_LOOP('',(#2652));
#2652 = ORIENTED_EDGE('',*,*,#2653,.F.);
#2653 = EDGE_CURVE('',#2654,#2654,#2656,.T.);
#2654 = VERTEX_POINT('',#2655);
#2655 = CARTESIAN_POINT('',(30.982,41.932,2.2));
#2656 = CIRCLE('',#2657,1.2);
#2657 = AXIS2_PLACEMENT_3D('',#2658,#2659,#2660);
#2658 = CARTESIAN_POINT('',(32.182,41.932,2.2));
#2659 = DIRECTION('',(0.,0.,1.));
#2660 = DIRECTION('',(-1.,0.,0.));
#2661 = PLANE('',#2662);
#2662 = AXIS2_PLACEMENT_3D('',#2663,#2664,#2665);
#2663 = CARTESIAN_POINT('',(4.68E-15,2.78E-15,2.2));
#2664 = DIRECTION('',(0.,0.,1.));
#2665 = DIRECTION('',(1.,0.,0.));
#2666 = ADVANCED_FACE('',(#2667),#2678,.F.);
#2667 = FACE_BOUND('',#2668,.F.);
#2668 = EDGE_LOOP('',(#2669,#2675,#2676,#2677));
#2669 = ORIENTED_EDGE('',*,*,#2670,.T.);
#2670 = EDGE_CURVE('',#2416,#2463,#2671,.T.);
#2671 = LINE('',#2672,#2673);
#2672 = CARTESIAN_POINT('',(-36.15,-36.75,6.7));
#2673 = VECTOR('',#2674,1.);
#2674 = DIRECTION('',(-0.,-0.,-1.));
#2675 = ORIENTED_EDGE('',*,*,#2470,.T.);
#2676 = ORIENTED_EDGE('',*,*,#1196,.F.);
#2677 = ORIENTED_EDGE('',*,*,#2429,.F.);
#2678 = CYLINDRICAL_SURFACE('',#2679,9.);
#2679 = AXIS2_PLACEMENT_3D('',#2680,#2681,#2682);
#2680 = CARTESIAN_POINT('',(-27.15,-36.75,6.7));
#2681 = DIRECTION('',(0.,0.,1.));
#2682 = DIRECTION('',(1.,0.,0.));
#2683 = ADVANCED_FACE('',(#2684),#2725,.T.);
#2684 = FACE_BOUND('',#2685,.T.);
#2685 = EDGE_LOOP('',(#2686,#2687,#2695,#2701,#2702,#2710,#2718,#2724));
#2686 = ORIENTED_EDGE('',*,*,#1368,.F.);
#2687 = ORIENTED_EDGE('',*,*,#2688,.T.);
#2688 = EDGE_CURVE('',#1369,#2689,#2691,.T.);
#2689 = VERTEX_POINT('',#2690);
#2690 = CARTESIAN_POINT('',(-36.12120327386,10.830000000006,1.1));
#2691 = LINE('',#2692,#2693);
#2692 = CARTESIAN_POINT('',(-37.52120327386,10.830000000006,1.1));
#2693 = VECTOR('',#2694,1.);
#2694 = DIRECTION('',(1.,0.,0.));
#2695 = ORIENTED_EDGE('',*,*,#2696,.T.);
#2696 = EDGE_CURVE('',#2689,#2604,#2697,.T.);
#2697 = LINE('',#2698,#2699);
#2698 = CARTESIAN_POINT('',(-36.12120327386,10.830000000006,1.1));
#2699 = VECTOR('',#2700,1.);
#2700 = DIRECTION('',(0.,0.,1.));
#2701 = ORIENTED_EDGE('',*,*,#2603,.F.);
#2702 = ORIENTED_EDGE('',*,*,#2703,.T.);
#2703 = EDGE_CURVE('',#2596,#2704,#2706,.T.);
#2704 = VERTEX_POINT('',#2705);
#2705 = CARTESIAN_POINT('',(-36.15,10.830000000006,6.7));
#2706 = LINE('',#2707,#2708);
#2707 = CARTESIAN_POINT('',(-36.15,10.830000000006,3.9));
#2708 = VECTOR('',#2709,1.);
#2709 = DIRECTION('',(0.,0.,1.));
#2710 = ORIENTED_EDGE('',*,*,#2711,.F.);
#2711 = EDGE_CURVE('',#2712,#2704,#2714,.T.);
#2712 = VERTEX_POINT('',#2713);
#2713 = CARTESIAN_POINT('',(-37.52120327388,10.830000000006,6.7));
#2714 = LINE('',#2715,#2716);
#2715 = CARTESIAN_POINT('',(-18.76060163693,10.830000000006,6.7));
#2716 = VECTOR('',#2717,1.);
#2717 = DIRECTION('',(1.,0.,0.));
#2718 = ORIENTED_EDGE('',*,*,#2719,.F.);
#2719 = EDGE_CURVE('',#1510,#2712,#2720,.T.);
#2720 = LINE('',#2721,#2722);
#2721 = CARTESIAN_POINT('',(-36.82756113809,10.830000000006,
    4.083915879782));
#2722 = VECTOR('',#2723,1.);
#2723 = DIRECTION('',(-0.256289373133,0.,0.966600102017));
#2724 = ORIENTED_EDGE('',*,*,#1542,.F.);
#2725 = PLANE('',#2726);
#2726 = AXIS2_PLACEMENT_3D('',#2727,#2728,#2729);
#2727 = CARTESIAN_POINT('',(-37.52120327386,10.830000000006,1.1));
#2728 = DIRECTION('',(0.,-1.,0.));
#2729 = DIRECTION('',(0.,0.,1.));
#2730 = ADVANCED_FACE('',(#2731),#2742,.T.);
#2731 = FACE_BOUND('',#2732,.T.);
#2732 = EDGE_LOOP('',(#2733,#2734,#2740,#2741));
#2733 = ORIENTED_EDGE('',*,*,#1457,.T.);
#2734 = ORIENTED_EDGE('',*,*,#2735,.T.);
#2735 = EDGE_CURVE('',#1450,#2689,#2736,.T.);
#2736 = LINE('',#2737,#2738);
#2737 = CARTESIAN_POINT('',(-36.12120327386,4.129999999994,1.1));
#2738 = VECTOR('',#2739,1.);
#2739 = DIRECTION('',(0.,1.,0.));
#2740 = ORIENTED_EDGE('',*,*,#2688,.F.);
#2741 = ORIENTED_EDGE('',*,*,#1410,.F.);
#2742 = PLANE('',#2743);
#2743 = AXIS2_PLACEMENT_3D('',#2744,#2745,#2746);
#2744 = CARTESIAN_POINT('',(-37.52120327386,4.129999999994,1.1));
#2745 = DIRECTION('',(0.,0.,1.));
#2746 = DIRECTION('',(0.,1.,0.));
#2747 = ADVANCED_FACE('',(#2748),#2754,.F.);
#2748 = FACE_BOUND('',#2749,.F.);
#2749 = EDGE_LOOP('',(#2750,#2751,#2752,#2753));
#2750 = ORIENTED_EDGE('',*,*,#2696,.T.);
#2751 = ORIENTED_EDGE('',*,*,#2611,.F.);
#2752 = ORIENTED_EDGE('',*,*,#1449,.T.);
#2753 = ORIENTED_EDGE('',*,*,#2735,.T.);
#2754 = PLANE('',#2755);
#2755 = AXIS2_PLACEMENT_3D('',#2756,#2757,#2758);
#2756 = CARTESIAN_POINT('',(-36.12120327386,11.929999999999,8.75));
#2757 = DIRECTION('',(1.,0.,0.));
#2758 = DIRECTION('',(0.,0.,1.));
#2759 = ADVANCED_FACE('',(#2760),#2766,.F.);
#2760 = FACE_BOUND('',#2761,.F.);
#2761 = EDGE_LOOP('',(#2762,#2763,#2764,#2765));
#2762 = ORIENTED_EDGE('',*,*,#1433,.T.);
#2763 = ORIENTED_EDGE('',*,*,#2462,.T.);
#2764 = ORIENTED_EDGE('',*,*,#2670,.F.);
#2765 = ORIENTED_EDGE('',*,*,#2415,.F.);
#2766 = PLANE('',#2767);
#2767 = AXIS2_PLACEMENT_3D('',#2768,#2769,#2770);
#2768 = CARTESIAN_POINT('',(-36.15,36.75,6.7));
#2769 = DIRECTION('',(-1.,0.,0.));
#2770 = DIRECTION('',(0.,-1.,0.));
#2771 = ADVANCED_FACE('',(#2772),#2790,.T.);
#2772 = FACE_BOUND('',#2773,.T.);
#2773 = EDGE_LOOP('',(#2774,#2782,#2788,#2789));
#2774 = ORIENTED_EDGE('',*,*,#2775,.F.);
#2775 = EDGE_CURVE('',#2776,#2712,#2778,.T.);
#2776 = VERTEX_POINT('',#2777);
#2777 = CARTESIAN_POINT('',(-37.52120327388,13.03,6.7));
#2778 = LINE('',#2779,#2780);
#2779 = CARTESIAN_POINT('',(-37.5212032739,36.75,6.7));
#2780 = VECTOR('',#2781,1.);
#2781 = DIRECTION('',(0.,-1.,0.));
#2782 = ORIENTED_EDGE('',*,*,#2783,.T.);
#2783 = EDGE_CURVE('',#2776,#1508,#2784,.T.);
#2784 = LINE('',#2785,#2786);
#2785 = CARTESIAN_POINT('',(-38.72269054485,13.03,11.231431422508));
#2786 = VECTOR('',#2787,1.);
#2787 = DIRECTION('',(0.256289373133,0.,-0.966600102017));
#2788 = ORIENTED_EDGE('',*,*,#1507,.T.);
#2789 = ORIENTED_EDGE('',*,*,#2719,.T.);
#2790 = PLANE('',#2791);
#2791 = AXIS2_PLACEMENT_3D('',#2792,#2793,#2794);
#2792 = CARTESIAN_POINT('',(-37.5212032739,36.75,6.7));
#2793 = DIRECTION('',(-0.966600102017,0.,-0.256289373133));
#2794 = DIRECTION('',(0.,-1.,0.));
#2795 = ADVANCED_FACE('',(#2796),#2825,.T.);
#2796 = FACE_BOUND('',#2797,.T.);
#2797 = EDGE_LOOP('',(#2798,#2806,#2807,#2808,#2809,#2810,#2811,#2819));
#2798 = ORIENTED_EDGE('',*,*,#2799,.T.);
#2799 = EDGE_CURVE('',#2800,#1663,#2802,.T.);
#2800 = VERTEX_POINT('',#2801);
#2801 = CARTESIAN_POINT('',(-37.52120327386,19.73,1.1));
#2802 = LINE('',#2803,#2804);
#2803 = CARTESIAN_POINT('',(-37.52120327386,19.73,1.1));
#2804 = VECTOR('',#2805,1.);
#2805 = DIRECTION('',(0.,0.,1.));
#2806 = ORIENTED_EDGE('',*,*,#1662,.F.);
#2807 = ORIENTED_EDGE('',*,*,#1604,.T.);
#2808 = ORIENTED_EDGE('',*,*,#1580,.T.);
#2809 = ORIENTED_EDGE('',*,*,#1564,.T.);
#2810 = ORIENTED_EDGE('',*,*,#1525,.F.);
#2811 = ORIENTED_EDGE('',*,*,#2812,.T.);
#2812 = EDGE_CURVE('',#1518,#2813,#2815,.T.);
#2813 = VERTEX_POINT('',#2814);
#2814 = CARTESIAN_POINT('',(-37.52120327386,13.03,1.1));
#2815 = LINE('',#2816,#2817);
#2816 = CARTESIAN_POINT('',(-37.52120327386,13.03,16.4));
#2817 = VECTOR('',#2818,1.);
#2818 = DIRECTION('',(0.,0.,-1.));
#2819 = ORIENTED_EDGE('',*,*,#2820,.T.);
#2820 = EDGE_CURVE('',#2813,#2800,#2821,.T.);
#2821 = LINE('',#2822,#2823);
#2822 = CARTESIAN_POINT('',(-37.52120327386,13.03,1.1));
#2823 = VECTOR('',#2824,1.);
#2824 = DIRECTION('',(0.,1.,0.));
#2825 = PLANE('',#2826);
#2826 = AXIS2_PLACEMENT_3D('',#2827,#2828,#2829);
#2827 = CARTESIAN_POINT('',(-37.52120327386,11.929999999999,8.75));
#2828 = DIRECTION('',(1.,0.,0.));
#2829 = DIRECTION('',(0.,0.,1.));
#2830 = ADVANCED_FACE('',(#2831),#2865,.T.);
#2831 = FACE_BOUND('',#2832,.T.);
#2832 = EDGE_LOOP('',(#2833,#2834,#2842,#2848,#2849,#2857,#2863,#2864));
#2833 = ORIENTED_EDGE('',*,*,#2783,.F.);
#2834 = ORIENTED_EDGE('',*,*,#2835,.F.);
#2835 = EDGE_CURVE('',#2836,#2776,#2838,.T.);
#2836 = VERTEX_POINT('',#2837);
#2837 = CARTESIAN_POINT('',(-36.15,13.03,6.7));
#2838 = LINE('',#2839,#2840);
#2839 = CARTESIAN_POINT('',(-18.76060163693,13.03,6.7));
#2840 = VECTOR('',#2841,1.);
#2841 = DIRECTION('',(-1.,0.,0.));
#2842 = ORIENTED_EDGE('',*,*,#2843,.T.);
#2843 = EDGE_CURVE('',#2836,#2588,#2844,.T.);
#2844 = LINE('',#2845,#2846);
#2845 = CARTESIAN_POINT('',(-36.15,13.03,11.55));
#2846 = VECTOR('',#2847,1.);
#2847 = DIRECTION('',(0.,0.,-1.));
#2848 = ORIENTED_EDGE('',*,*,#2587,.F.);
#2849 = ORIENTED_EDGE('',*,*,#2850,.T.);
#2850 = EDGE_CURVE('',#2580,#2851,#2853,.T.);
#2851 = VERTEX_POINT('',#2852);
#2852 = CARTESIAN_POINT('',(-36.12120327386,13.03,1.1));
#2853 = LINE('',#2854,#2855);
#2854 = CARTESIAN_POINT('',(-36.12120327386,13.03,16.4));
#2855 = VECTOR('',#2856,1.);
#2856 = DIRECTION('',(0.,0.,-1.));
#2857 = ORIENTED_EDGE('',*,*,#2858,.F.);
#2858 = EDGE_CURVE('',#2813,#2851,#2859,.T.);
#2859 = LINE('',#2860,#2861);
#2860 = CARTESIAN_POINT('',(-37.52120327386,13.03,1.1));
#2861 = VECTOR('',#2862,1.);
#2862 = DIRECTION('',(1.,0.,0.));
#2863 = ORIENTED_EDGE('',*,*,#2812,.F.);
#2864 = ORIENTED_EDGE('',*,*,#1517,.F.);
#2865 = PLANE('',#2866);
#2866 = AXIS2_PLACEMENT_3D('',#2867,#2868,#2869);
#2867 = CARTESIAN_POINT('',(-37.52120327386,13.03,16.4));
#2868 = DIRECTION('',(0.,1.,0.));
#2869 = DIRECTION('',(0.,0.,-1.));
#2870 = ADVANCED_FACE('',(#2871),#2896,.T.);
#2871 = FACE_BOUND('',#2872,.T.);
#2872 = EDGE_LOOP('',(#2873,#2883,#2889,#2890));
#2873 = ORIENTED_EDGE('',*,*,#2874,.F.);
#2874 = EDGE_CURVE('',#2875,#2877,#2879,.T.);
#2875 = VERTEX_POINT('',#2876);
#2876 = CARTESIAN_POINT('',(-37.52120327388,21.15,6.7));
#2877 = VERTEX_POINT('',#2878);
#2878 = CARTESIAN_POINT('',(-37.52120327388,19.73,6.7));
#2879 = LINE('',#2880,#2881);
#2880 = CARTESIAN_POINT('',(-37.5212032739,36.75,6.7));
#2881 = VECTOR('',#2882,1.);
#2882 = DIRECTION('',(0.,-1.,0.));
#2883 = ORIENTED_EDGE('',*,*,#2884,.T.);
#2884 = EDGE_CURVE('',#2875,#1629,#2885,.T.);
#2885 = LINE('',#2886,#2887);
#2886 = CARTESIAN_POINT('',(-38.72269054485,21.15,11.231431422508));
#2887 = VECTOR('',#2888,1.);
#2888 = DIRECTION('',(0.256289373133,0.,-0.966600102017));
#2889 = ORIENTED_EDGE('',*,*,#1628,.T.);
#2890 = ORIENTED_EDGE('',*,*,#2891,.T.);
#2891 = EDGE_CURVE('',#1631,#2877,#2892,.T.);
#2892 = LINE('',#2893,#2894);
#2893 = CARTESIAN_POINT('',(-36.82756113809,19.73,4.083915879782));
#2894 = VECTOR('',#2895,1.);
#2895 = DIRECTION('',(-0.256289373133,0.,0.966600102017));
#2896 = PLANE('',#2897);
#2897 = AXIS2_PLACEMENT_3D('',#2898,#2899,#2900);
#2898 = CARTESIAN_POINT('',(-37.5212032739,36.75,6.7));
#2899 = DIRECTION('',(-0.966600102017,0.,-0.256289373133));
#2900 = DIRECTION('',(0.,-1.,0.));
#2901 = ADVANCED_FACE('',(#2902),#2936,.T.);
#2902 = FACE_BOUND('',#2903,.T.);
#2903 = EDGE_LOOP('',(#2904,#2905,#2913,#2919,#2920,#2928,#2934,#2935));
#2904 = ORIENTED_EDGE('',*,*,#2799,.F.);
#2905 = ORIENTED_EDGE('',*,*,#2906,.T.);
#2906 = EDGE_CURVE('',#2800,#2907,#2909,.T.);
#2907 = VERTEX_POINT('',#2908);
#2908 = CARTESIAN_POINT('',(-36.12120327386,19.73,1.1));
#2909 = LINE('',#2910,#2911);
#2910 = CARTESIAN_POINT('',(-37.52120327386,19.73,1.1));
#2911 = VECTOR('',#2912,1.);
#2912 = DIRECTION('',(1.,0.,0.));
#2913 = ORIENTED_EDGE('',*,*,#2914,.T.);
#2914 = EDGE_CURVE('',#2907,#2572,#2915,.T.);
#2915 = LINE('',#2916,#2917);
#2916 = CARTESIAN_POINT('',(-36.12120327386,19.73,1.1));
#2917 = VECTOR('',#2918,1.);
#2918 = DIRECTION('',(0.,0.,1.));
#2919 = ORIENTED_EDGE('',*,*,#2571,.F.);
#2920 = ORIENTED_EDGE('',*,*,#2921,.T.);
#2921 = EDGE_CURVE('',#2564,#2922,#2924,.T.);
#2922 = VERTEX_POINT('',#2923);
#2923 = CARTESIAN_POINT('',(-36.15,19.73,6.7));
#2924 = LINE('',#2925,#2926);
#2925 = CARTESIAN_POINT('',(-36.15,19.73,3.9));
#2926 = VECTOR('',#2927,1.);
#2927 = DIRECTION('',(0.,0.,1.));
#2928 = ORIENTED_EDGE('',*,*,#2929,.F.);
#2929 = EDGE_CURVE('',#2877,#2922,#2930,.T.);
#2930 = LINE('',#2931,#2932);
#2931 = CARTESIAN_POINT('',(-18.76060163693,19.73,6.7));
#2932 = VECTOR('',#2933,1.);
#2933 = DIRECTION('',(1.,0.,0.));
#2934 = ORIENTED_EDGE('',*,*,#2891,.F.);
#2935 = ORIENTED_EDGE('',*,*,#1670,.F.);
#2936 = PLANE('',#2937);
#2937 = AXIS2_PLACEMENT_3D('',#2938,#2939,#2940);
#2938 = CARTESIAN_POINT('',(-37.52120327386,19.73,1.1));
#2939 = DIRECTION('',(0.,-1.,0.));
#2940 = DIRECTION('',(0.,0.,1.));
#2941 = ADVANCED_FACE('',(#2942),#2971,.T.);
#2942 = FACE_BOUND('',#2943,.T.);
#2943 = EDGE_LOOP('',(#2944,#2952,#2953,#2954,#2955,#2956,#2957,#2965));
#2944 = ORIENTED_EDGE('',*,*,#2945,.T.);
#2945 = EDGE_CURVE('',#2946,#1777,#2948,.T.);
#2946 = VERTEX_POINT('',#2947);
#2947 = CARTESIAN_POINT('',(-37.52120327386,32.55,1.1));
#2948 = LINE('',#2949,#2950);
#2949 = CARTESIAN_POINT('',(-37.52120327386,32.55,1.1));
#2950 = VECTOR('',#2951,1.);
#2951 = DIRECTION('',(0.,0.,1.));
#2952 = ORIENTED_EDGE('',*,*,#1776,.F.);
#2953 = ORIENTED_EDGE('',*,*,#1734,.F.);
#2954 = ORIENTED_EDGE('',*,*,#1710,.F.);
#2955 = ORIENTED_EDGE('',*,*,#1686,.F.);
#2956 = ORIENTED_EDGE('',*,*,#1646,.F.);
#2957 = ORIENTED_EDGE('',*,*,#2958,.T.);
#2958 = EDGE_CURVE('',#1639,#2959,#2961,.T.);
#2959 = VERTEX_POINT('',#2960);
#2960 = CARTESIAN_POINT('',(-37.52120327386,21.15,1.1));
#2961 = LINE('',#2962,#2963);
#2962 = CARTESIAN_POINT('',(-37.52120327386,21.15,16.4));
#2963 = VECTOR('',#2964,1.);
#2964 = DIRECTION('',(0.,0.,-1.));
#2965 = ORIENTED_EDGE('',*,*,#2966,.T.);
#2966 = EDGE_CURVE('',#2959,#2946,#2967,.T.);
#2967 = LINE('',#2968,#2969);
#2968 = CARTESIAN_POINT('',(-37.52120327386,21.15,1.1));
#2969 = VECTOR('',#2970,1.);
#2970 = DIRECTION('',(0.,1.,0.));
#2971 = PLANE('',#2972);
#2972 = AXIS2_PLACEMENT_3D('',#2973,#2974,#2975);
#2973 = CARTESIAN_POINT('',(-37.52120327386,26.85,8.75));
#2974 = DIRECTION('',(1.,0.,0.));
#2975 = DIRECTION('',(0.,0.,1.));
#2976 = ADVANCED_FACE('',(#2977),#3011,.T.);
#2977 = FACE_BOUND('',#2978,.T.);
#2978 = EDGE_LOOP('',(#2979,#2980,#2988,#2994,#2995,#3003,#3009,#3010));
#2979 = ORIENTED_EDGE('',*,*,#2884,.F.);
#2980 = ORIENTED_EDGE('',*,*,#2981,.F.);
#2981 = EDGE_CURVE('',#2982,#2875,#2984,.T.);
#2982 = VERTEX_POINT('',#2983);
#2983 = CARTESIAN_POINT('',(-36.15,21.15,6.7));
#2984 = LINE('',#2985,#2986);
#2985 = CARTESIAN_POINT('',(-18.76060163693,21.15,6.7));
#2986 = VECTOR('',#2987,1.);
#2987 = DIRECTION('',(-1.,0.,0.));
#2988 = ORIENTED_EDGE('',*,*,#2989,.T.);
#2989 = EDGE_CURVE('',#2982,#2556,#2990,.T.);
#2990 = LINE('',#2991,#2992);
#2991 = CARTESIAN_POINT('',(-36.15,21.15,11.55));
#2992 = VECTOR('',#2993,1.);
#2993 = DIRECTION('',(0.,0.,-1.));
#2994 = ORIENTED_EDGE('',*,*,#2555,.F.);
#2995 = ORIENTED_EDGE('',*,*,#2996,.T.);
#2996 = EDGE_CURVE('',#2548,#2997,#2999,.T.);
#2997 = VERTEX_POINT('',#2998);
#2998 = CARTESIAN_POINT('',(-35.72120327386,21.15,1.1));
#2999 = LINE('',#3000,#3001);
#3000 = CARTESIAN_POINT('',(-35.72120327386,21.15,16.4));
#3001 = VECTOR('',#3002,1.);
#3002 = DIRECTION('',(0.,0.,-1.));
#3003 = ORIENTED_EDGE('',*,*,#3004,.F.);
#3004 = EDGE_CURVE('',#2959,#2997,#3005,.T.);
#3005 = LINE('',#3006,#3007);
#3006 = CARTESIAN_POINT('',(-37.52120327386,21.15,1.1));
#3007 = VECTOR('',#3008,1.);
#3008 = DIRECTION('',(1.,0.,0.));
#3009 = ORIENTED_EDGE('',*,*,#2958,.F.);
#3010 = ORIENTED_EDGE('',*,*,#1638,.F.);
#3011 = PLANE('',#3012);
#3012 = AXIS2_PLACEMENT_3D('',#3013,#3014,#3015);
#3013 = CARTESIAN_POINT('',(-37.52120327386,21.15,16.4));
#3014 = DIRECTION('',(0.,1.,0.));
#3015 = DIRECTION('',(0.,0.,-1.));
#3016 = ADVANCED_FACE('',(#3017),#3034,.T.);
#3017 = FACE_BOUND('',#3018,.T.);
#3018 = EDGE_LOOP('',(#3019,#3020,#3021,#3028));
#3019 = ORIENTED_EDGE('',*,*,#2074,.F.);
#3020 = ORIENTED_EDGE('',*,*,#1756,.T.);
#3021 = ORIENTED_EDGE('',*,*,#3022,.T.);
#3022 = EDGE_CURVE('',#1759,#3023,#3025,.T.);
#3023 = VERTEX_POINT('',#3024);
#3024 = CARTESIAN_POINT('',(-27.15000000001,47.121203273892,6.7));
#3025 = B_SPLINE_CURVE_WITH_KNOTS('',1,(#3026,#3027),.UNSPECIFIED.,.F.,
  .F.,(2,2),(0.,1.),.PIECEWISE_BEZIER_KNOTS.);
#3026 = CARTESIAN_POINT('',(-27.15000000001,46.750000000027,5.3));
#3027 = CARTESIAN_POINT('',(-27.15000000001,47.121203273892,6.7));
#3028 = ORIENTED_EDGE('',*,*,#3029,.F.);
#3029 = EDGE_CURVE('',#2075,#3023,#3030,.T.);
#3030 = LINE('',#3031,#3032);
#3031 = CARTESIAN_POINT('',(27.15,47.121203273892,6.7));
#3032 = VECTOR('',#3033,1.);
#3033 = DIRECTION('',(-1.,0.,0.));
#3034 = PLANE('',#3035);
#3035 = AXIS2_PLACEMENT_3D('',#3036,#3037,#3038);
#3036 = CARTESIAN_POINT('',(27.15,47.121203273892,6.7));
#3037 = DIRECTION('',(0.,0.966600102017,-0.256289373133));
#3038 = DIRECTION('',(-1.,0.,0.));
#3039 = ADVANCED_FACE('',(#3040),#3058,.T.);
#3040 = FACE_BOUND('',#3041,.T.);
#3041 = EDGE_LOOP('',(#3042,#3043,#3050,#3057));
#3042 = ORIENTED_EDGE('',*,*,#1800,.T.);
#3043 = ORIENTED_EDGE('',*,*,#3044,.T.);
#3044 = EDGE_CURVE('',#1793,#3045,#3047,.T.);
#3045 = VERTEX_POINT('',#3046);
#3046 = CARTESIAN_POINT('',(-37.5212032739,36.75,6.7));
#3047 = B_SPLINE_CURVE_WITH_KNOTS('',1,(#3048,#3049),.UNSPECIFIED.,.F.,
  .F.,(2,2),(0.,1.),.PIECEWISE_BEZIER_KNOTS.);
#3048 = CARTESIAN_POINT('',(-37.15000000004,36.75,5.3));
#3049 = CARTESIAN_POINT('',(-37.5212032739,36.75,6.7));
#3050 = ORIENTED_EDGE('',*,*,#3051,.F.);
#3051 = EDGE_CURVE('',#3023,#3045,#3052,.T.);
#3052 = CIRCLE('',#3053,10.371203273892);
#3053 = AXIS2_PLACEMENT_3D('',#3054,#3055,#3056);
#3054 = CARTESIAN_POINT('',(-27.15000000001,36.75,6.7));
#3055 = DIRECTION('',(0.,0.,1.));
#3056 = DIRECTION('',(1.,0.,0.));
#3057 = ORIENTED_EDGE('',*,*,#3022,.F.);
#3058 = CONICAL_SURFACE('',#3059,10.000000000027,0.259181393921);
#3059 = AXIS2_PLACEMENT_3D('',#3060,#3061,#3062);
#3060 = CARTESIAN_POINT('',(-27.15000000001,36.75,5.3));
#3061 = DIRECTION('',(0.,0.,1.));
#3062 = DIRECTION('',(1.,0.,0.));
#3063 = ADVANCED_FACE('',(#3064),#3082,.T.);
#3064 = FACE_BOUND('',#3065,.T.);
#3065 = EDGE_LOOP('',(#3066,#3067,#3068,#3076));
#3066 = ORIENTED_EDGE('',*,*,#3044,.F.);
#3067 = ORIENTED_EDGE('',*,*,#1792,.T.);
#3068 = ORIENTED_EDGE('',*,*,#3069,.T.);
#3069 = EDGE_CURVE('',#1785,#3070,#3072,.T.);
#3070 = VERTEX_POINT('',#3071);
#3071 = CARTESIAN_POINT('',(-37.52120327388,32.55,6.7));
#3072 = LINE('',#3073,#3074);
#3073 = CARTESIAN_POINT('',(-36.82756113809,32.55,4.083915879782));
#3074 = VECTOR('',#3075,1.);
#3075 = DIRECTION('',(-0.256289373133,0.,0.966600102017));
#3076 = ORIENTED_EDGE('',*,*,#3077,.F.);
#3077 = EDGE_CURVE('',#3045,#3070,#3078,.T.);
#3078 = LINE('',#3079,#3080);
#3079 = CARTESIAN_POINT('',(-37.5212032739,36.75,6.7));
#3080 = VECTOR('',#3081,1.);
#3081 = DIRECTION('',(0.,-1.,0.));
#3082 = PLANE('',#3083);
#3083 = AXIS2_PLACEMENT_3D('',#3084,#3085,#3086);
#3084 = CARTESIAN_POINT('',(-37.5212032739,36.75,6.7));
#3085 = DIRECTION('',(-0.966600102017,0.,-0.256289373133));
#3086 = DIRECTION('',(0.,-1.,0.));
#3087 = ADVANCED_FACE('',(#3088),#3122,.T.);
#3088 = FACE_BOUND('',#3089,.T.);
#3089 = EDGE_LOOP('',(#3090,#3091,#3099,#3105,#3106,#3114,#3120,#3121));
#3090 = ORIENTED_EDGE('',*,*,#2945,.F.);
#3091 = ORIENTED_EDGE('',*,*,#3092,.T.);
#3092 = EDGE_CURVE('',#2946,#3093,#3095,.T.);
#3093 = VERTEX_POINT('',#3094);
#3094 = CARTESIAN_POINT('',(-35.72120327386,32.55,1.1));
#3095 = LINE('',#3096,#3097);
#3096 = CARTESIAN_POINT('',(-37.52120327386,32.55,1.1));
#3097 = VECTOR('',#3098,1.);
#3098 = DIRECTION('',(1.,0.,0.));
#3099 = ORIENTED_EDGE('',*,*,#3100,.T.);
#3100 = EDGE_CURVE('',#3093,#2540,#3101,.T.);
#3101 = LINE('',#3102,#3103);
#3102 = CARTESIAN_POINT('',(-35.72120327386,32.55,1.1));
#3103 = VECTOR('',#3104,1.);
#3104 = DIRECTION('',(0.,0.,1.));
#3105 = ORIENTED_EDGE('',*,*,#2539,.F.);
#3106 = ORIENTED_EDGE('',*,*,#3107,.T.);
#3107 = EDGE_CURVE('',#2532,#3108,#3110,.T.);
#3108 = VERTEX_POINT('',#3109);
#3109 = CARTESIAN_POINT('',(-36.15,32.55,6.7));
#3110 = LINE('',#3111,#3112);
#3111 = CARTESIAN_POINT('',(-36.15,32.55,3.9));
#3112 = VECTOR('',#3113,1.);
#3113 = DIRECTION('',(0.,0.,1.));
#3114 = ORIENTED_EDGE('',*,*,#3115,.F.);
#3115 = EDGE_CURVE('',#3070,#3108,#3116,.T.);
#3116 = LINE('',#3117,#3118);
#3117 = CARTESIAN_POINT('',(-18.76060163693,32.55,6.7));
#3118 = VECTOR('',#3119,1.);
#3119 = DIRECTION('',(1.,0.,0.));
#3120 = ORIENTED_EDGE('',*,*,#3069,.F.);
#3121 = ORIENTED_EDGE('',*,*,#1784,.F.);
#3122 = PLANE('',#3123);
#3123 = AXIS2_PLACEMENT_3D('',#3124,#3125,#3126);
#3124 = CARTESIAN_POINT('',(-37.52120327386,32.55,1.1));
#3125 = DIRECTION('',(0.,-1.,0.));
#3126 = DIRECTION('',(0.,0.,1.));
#3127 = ADVANCED_FACE('',(#3128),#3157,.F.);
#3128 = FACE_BOUND('',#3129,.F.);
#3129 = EDGE_LOOP('',(#3130,#3138,#3146,#3152,#3153,#3154,#3155,#3156));
#3130 = ORIENTED_EDGE('',*,*,#3131,.T.);
#3131 = EDGE_CURVE('',#1962,#3132,#3134,.T.);
#3132 = VERTEX_POINT('',#3133);
#3133 = CARTESIAN_POINT('',(37.521203273864,13.030000000006,1.1));
#3134 = LINE('',#3135,#3136);
#3135 = CARTESIAN_POINT('',(37.521203273864,13.030000000006,16.4));
#3136 = VECTOR('',#3137,1.);
#3137 = DIRECTION('',(0.,0.,-1.));
#3138 = ORIENTED_EDGE('',*,*,#3139,.T.);
#3139 = EDGE_CURVE('',#3132,#3140,#3142,.T.);
#3140 = VERTEX_POINT('',#3141);
#3141 = CARTESIAN_POINT('',(37.521203273864,19.729999999994,1.1));
#3142 = LINE('',#3143,#3144);
#3143 = CARTESIAN_POINT('',(37.521203273864,13.030000000006,1.1));
#3144 = VECTOR('',#3145,1.);
#3145 = DIRECTION('',(0.,1.,0.));
#3146 = ORIENTED_EDGE('',*,*,#3147,.T.);
#3147 = EDGE_CURVE('',#3140,#1860,#3148,.T.);
#3148 = LINE('',#3149,#3150);
#3149 = CARTESIAN_POINT('',(37.521203273864,19.729999999994,1.1));
#3150 = VECTOR('',#3151,1.);
#3151 = DIRECTION('',(0.,0.,1.));
#3152 = ORIENTED_EDGE('',*,*,#1867,.F.);
#3153 = ORIENTED_EDGE('',*,*,#1890,.T.);
#3154 = ORIENTED_EDGE('',*,*,#1914,.T.);
#3155 = ORIENTED_EDGE('',*,*,#1938,.T.);
#3156 = ORIENTED_EDGE('',*,*,#1961,.F.);
#3157 = PLANE('',#3158);
#3158 = AXIS2_PLACEMENT_3D('',#3159,#3160,#3161);
#3159 = CARTESIAN_POINT('',(37.521203273864,11.929999999999,8.75));
#3160 = DIRECTION('',(1.,0.,0.));
#3161 = DIRECTION('',(0.,0.,1.));
#3162 = ADVANCED_FACE('',(#3163),#3203,.T.);
#3163 = FACE_BOUND('',#3164,.T.);
#3164 = EDGE_LOOP('',(#3165,#3173,#3179,#3180,#3181,#3189,#3197));
#3165 = ORIENTED_EDGE('',*,*,#3166,.F.);
#3166 = EDGE_CURVE('',#3167,#2490,#3169,.T.);
#3167 = VERTEX_POINT('',#3168);
#3168 = CARTESIAN_POINT('',(36.15,19.729999999994,1.1));
#3169 = LINE('',#3170,#3171);
#3170 = CARTESIAN_POINT('',(36.15,19.729999999994,1.1));
#3171 = VECTOR('',#3172,1.);
#3172 = DIRECTION('',(0.,0.,1.));
#3173 = ORIENTED_EDGE('',*,*,#3174,.T.);
#3174 = EDGE_CURVE('',#3167,#3140,#3175,.T.);
#3175 = LINE('',#3176,#3177);
#3176 = CARTESIAN_POINT('',(36.15,19.729999999994,1.1));
#3177 = VECTOR('',#3178,1.);
#3178 = DIRECTION('',(1.,0.,0.));
#3179 = ORIENTED_EDGE('',*,*,#3147,.T.);
#3180 = ORIENTED_EDGE('',*,*,#1859,.F.);
#3181 = ORIENTED_EDGE('',*,*,#3182,.F.);
#3182 = EDGE_CURVE('',#3183,#1852,#3185,.T.);
#3183 = VERTEX_POINT('',#3184);
#3184 = CARTESIAN_POINT('',(37.521203273878,19.729999999994,6.7));
#3185 = LINE('',#3186,#3187);
#3186 = CARTESIAN_POINT('',(36.782527913714,19.729999999994,
    3.914072242728));
#3187 = VECTOR('',#3188,1.);
#3188 = DIRECTION('',(-0.256289373133,-0.,-0.966600102017));
#3189 = ORIENTED_EDGE('',*,*,#3190,.F.);
#3190 = EDGE_CURVE('',#3191,#3183,#3193,.T.);
#3191 = VERTEX_POINT('',#3192);
#3192 = CARTESIAN_POINT('',(36.15,19.729999999994,6.7));
#3193 = LINE('',#3194,#3195);
#3194 = CARTESIAN_POINT('',(18.075,19.729999999994,6.7));
#3195 = VECTOR('',#3196,1.);
#3196 = DIRECTION('',(1.,0.,0.));
#3197 = ORIENTED_EDGE('',*,*,#3198,.F.);
#3198 = EDGE_CURVE('',#2490,#3191,#3199,.T.);
#3199 = LINE('',#3200,#3201);
#3200 = CARTESIAN_POINT('',(36.15,19.729999999994,1.1));
#3201 = VECTOR('',#3202,1.);
#3202 = DIRECTION('',(0.,0.,1.));
#3203 = PLANE('',#3204);
#3204 = AXIS2_PLACEMENT_3D('',#3205,#3206,#3207);
#3205 = CARTESIAN_POINT('',(36.15,19.729999999994,1.1));
#3206 = DIRECTION('',(0.,-1.,0.));
#3207 = DIRECTION('',(0.,0.,1.));
#3208 = ADVANCED_FACE('',(#3209),#3226,.T.);
#3209 = FACE_BOUND('',#3210,.T.);
#3210 = EDGE_LOOP('',(#3211,#3212,#3213,#3220));
#3211 = ORIENTED_EDGE('',*,*,#3182,.T.);
#3212 = ORIENTED_EDGE('',*,*,#1851,.T.);
#3213 = ORIENTED_EDGE('',*,*,#3214,.T.);
#3214 = EDGE_CURVE('',#1843,#3215,#3217,.T.);
#3215 = VERTEX_POINT('',#3216);
#3216 = CARTESIAN_POINT('',(37.521203273892,36.75,6.7));
#3217 = B_SPLINE_CURVE_WITH_KNOTS('',1,(#3218,#3219),.UNSPECIFIED.,.F.,
  .F.,(2,2),(0.,1.),.PIECEWISE_BEZIER_KNOTS.);
#3218 = CARTESIAN_POINT('',(37.150000000027,36.75,5.3));
#3219 = CARTESIAN_POINT('',(37.521203273892,36.75,6.7));
#3220 = ORIENTED_EDGE('',*,*,#3221,.F.);
#3221 = EDGE_CURVE('',#3183,#3215,#3222,.T.);
#3222 = LINE('',#3223,#3224);
#3223 = CARTESIAN_POINT('',(37.521203273892,-36.75000000002,6.7));
#3224 = VECTOR('',#3225,1.);
#3225 = DIRECTION('',(0.,1.,0.));
#3226 = PLANE('',#3227);
#3227 = AXIS2_PLACEMENT_3D('',#3228,#3229,#3230);
#3228 = CARTESIAN_POINT('',(37.521203273892,-36.75000000002,6.7));
#3229 = DIRECTION('',(0.966600102017,0.,-0.256289373133));
#3230 = DIRECTION('',(0.,1.,0.));
#3231 = ADVANCED_FACE('',(#3232),#3250,.T.);
#3232 = FACE_BOUND('',#3233,.T.);
#3233 = EDGE_LOOP('',(#3234,#3235,#3242,#3249));
#3234 = ORIENTED_EDGE('',*,*,#1842,.T.);
#3235 = ORIENTED_EDGE('',*,*,#3236,.T.);
#3236 = EDGE_CURVE('',#1835,#3237,#3239,.T.);
#3237 = VERTEX_POINT('',#3238);
#3238 = CARTESIAN_POINT('',(27.15,47.121203273892,6.7));
#3239 = B_SPLINE_CURVE_WITH_KNOTS('',1,(#3240,#3241),.UNSPECIFIED.,.F.,
  .F.,(2,2),(0.,1.),.PIECEWISE_BEZIER_KNOTS.);
#3240 = CARTESIAN_POINT('',(27.15,46.750000000027,5.3));
#3241 = CARTESIAN_POINT('',(27.15,47.121203273892,6.7));
#3242 = ORIENTED_EDGE('',*,*,#3243,.F.);
#3243 = EDGE_CURVE('',#3215,#3237,#3244,.T.);
#3244 = CIRCLE('',#3245,10.371203273892);
#3245 = AXIS2_PLACEMENT_3D('',#3246,#3247,#3248);
#3246 = CARTESIAN_POINT('',(27.15,36.75,6.7));
#3247 = DIRECTION('',(0.,0.,1.));
#3248 = DIRECTION('',(1.,0.,0.));
#3249 = ORIENTED_EDGE('',*,*,#3214,.F.);
#3250 = CONICAL_SURFACE('',#3251,10.000000000027,0.259181393921);
#3251 = AXIS2_PLACEMENT_3D('',#3252,#3253,#3254);
#3252 = CARTESIAN_POINT('',(27.15,36.75,5.3));
#3253 = DIRECTION('',(0.,0.,1.));
#3254 = DIRECTION('',(1.,0.,0.));
#3255 = ADVANCED_FACE('',(#3256),#3268,.T.);
#3256 = FACE_BOUND('',#3257,.T.);
#3257 = EDGE_LOOP('',(#3258,#3259,#3260,#3261,#3262));
#3258 = ORIENTED_EDGE('',*,*,#3236,.F.);
#3259 = ORIENTED_EDGE('',*,*,#1834,.T.);
#3260 = ORIENTED_EDGE('',*,*,#2158,.F.);
#3261 = ORIENTED_EDGE('',*,*,#2149,.F.);
#3262 = ORIENTED_EDGE('',*,*,#3263,.F.);
#3263 = EDGE_CURVE('',#3237,#2142,#3264,.T.);
#3264 = LINE('',#3265,#3266);
#3265 = CARTESIAN_POINT('',(27.15,47.121203273892,6.7));
#3266 = VECTOR('',#3267,1.);
#3267 = DIRECTION('',(-1.,0.,0.));
#3268 = PLANE('',#3269);
#3269 = AXIS2_PLACEMENT_3D('',#3270,#3271,#3272);
#3270 = CARTESIAN_POINT('',(27.15,47.121203273892,6.7));
#3271 = DIRECTION('',(0.,0.966600102017,-0.256289373133));
#3272 = DIRECTION('',(-1.,0.,0.));
#3273 = ADVANCED_FACE('',(#3274),#3292,.T.);
#3274 = FACE_BOUND('',#3275,.T.);
#3275 = EDGE_LOOP('',(#3276,#3277,#3278,#3286));
#3276 = ORIENTED_EDGE('',*,*,#2385,.T.);
#3277 = ORIENTED_EDGE('',*,*,#1977,.T.);
#3278 = ORIENTED_EDGE('',*,*,#3279,.T.);
#3279 = EDGE_CURVE('',#1970,#3280,#3282,.T.);
#3280 = VERTEX_POINT('',#3281);
#3281 = CARTESIAN_POINT('',(37.521203273878,13.030000000006,6.7));
#3282 = LINE('',#3283,#3284);
#3283 = CARTESIAN_POINT('',(38.677657320468,13.030000000006,
    11.061587785454));
#3284 = VECTOR('',#3285,1.);
#3285 = DIRECTION('',(0.256289373133,0.,0.966600102017));
#3286 = ORIENTED_EDGE('',*,*,#3287,.F.);
#3287 = EDGE_CURVE('',#2386,#3280,#3288,.T.);
#3288 = LINE('',#3289,#3290);
#3289 = CARTESIAN_POINT('',(37.521203273892,-36.75000000002,6.7));
#3290 = VECTOR('',#3291,1.);
#3291 = DIRECTION('',(0.,1.,0.));
#3292 = PLANE('',#3293);
#3293 = AXIS2_PLACEMENT_3D('',#3294,#3295,#3296);
#3294 = CARTESIAN_POINT('',(37.521203273892,-36.75000000002,6.7));
#3295 = DIRECTION('',(0.966600102017,0.,-0.256289373133));
#3296 = DIRECTION('',(0.,1.,0.));
#3297 = ADVANCED_FACE('',(#3298),#3331,.T.);
#3298 = FACE_BOUND('',#3299,.T.);
#3299 = EDGE_LOOP('',(#3300,#3308,#3314,#3315,#3316,#3317,#3325));
#3300 = ORIENTED_EDGE('',*,*,#3301,.F.);
#3301 = EDGE_CURVE('',#3302,#2482,#3304,.T.);
#3302 = VERTEX_POINT('',#3303);
#3303 = CARTESIAN_POINT('',(36.15,13.030000000006,6.7));
#3304 = LINE('',#3305,#3306);
#3305 = CARTESIAN_POINT('',(36.15,13.030000000006,16.4));
#3306 = VECTOR('',#3307,1.);
#3307 = DIRECTION('',(0.,0.,-1.));
#3308 = ORIENTED_EDGE('',*,*,#3309,.F.);
#3309 = EDGE_CURVE('',#3280,#3302,#3310,.T.);
#3310 = LINE('',#3311,#3312);
#3311 = CARTESIAN_POINT('',(18.075,13.030000000006,6.7));
#3312 = VECTOR('',#3313,1.);
#3313 = DIRECTION('',(-1.,0.,0.));
#3314 = ORIENTED_EDGE('',*,*,#3279,.F.);
#3315 = ORIENTED_EDGE('',*,*,#1969,.F.);
#3316 = ORIENTED_EDGE('',*,*,#3131,.T.);
#3317 = ORIENTED_EDGE('',*,*,#3318,.F.);
#3318 = EDGE_CURVE('',#3319,#3132,#3321,.T.);
#3319 = VERTEX_POINT('',#3320);
#3320 = CARTESIAN_POINT('',(36.15,13.030000000006,1.1));
#3321 = LINE('',#3322,#3323);
#3322 = CARTESIAN_POINT('',(36.15,13.030000000006,1.1));
#3323 = VECTOR('',#3324,1.);
#3324 = DIRECTION('',(1.,0.,0.));
#3325 = ORIENTED_EDGE('',*,*,#3326,.F.);
#3326 = EDGE_CURVE('',#2482,#3319,#3327,.T.);
#3327 = LINE('',#3328,#3329);
#3328 = CARTESIAN_POINT('',(36.15,13.030000000006,16.4));
#3329 = VECTOR('',#3330,1.);
#3330 = DIRECTION('',(0.,0.,-1.));
#3331 = PLANE('',#3332);
#3332 = AXIS2_PLACEMENT_3D('',#3333,#3334,#3335);
#3333 = CARTESIAN_POINT('',(36.15,13.030000000006,16.4));
#3334 = DIRECTION('',(0.,1.,0.));
#3335 = DIRECTION('',(0.,0.,-1.));
#3336 = ADVANCED_FACE('',(#3337),#3378,.F.);
#3337 = FACE_BOUND('',#3338,.F.);
#3338 = EDGE_LOOP('',(#3339,#3347,#3353,#3354,#3362,#3368,#3369,#3370,
    #3376,#3377));
#3339 = ORIENTED_EDGE('',*,*,#3340,.F.);
#3340 = EDGE_CURVE('',#3341,#2133,#3343,.T.);
#3341 = VERTEX_POINT('',#3342);
#3342 = CARTESIAN_POINT('',(27.15,45.75,6.7));
#3343 = LINE('',#3344,#3345);
#3344 = CARTESIAN_POINT('',(27.15,45.75,6.7));
#3345 = VECTOR('',#3346,1.);
#3346 = DIRECTION('',(-1.,0.,0.));
#3347 = ORIENTED_EDGE('',*,*,#3348,.T.);
#3348 = EDGE_CURVE('',#3341,#2506,#3349,.T.);
#3349 = LINE('',#3350,#3351);
#3350 = CARTESIAN_POINT('',(27.15,45.75,6.7));
#3351 = VECTOR('',#3352,1.);
#3352 = DIRECTION('',(-0.,-0.,-1.));
#3353 = ORIENTED_EDGE('',*,*,#2514,.T.);
#3354 = ORIENTED_EDGE('',*,*,#3355,.F.);
#3355 = EDGE_CURVE('',#3356,#2515,#3358,.T.);
#3356 = VERTEX_POINT('',#3357);
#3357 = CARTESIAN_POINT('',(-27.15,45.75,6.7));
#3358 = LINE('',#3359,#3360);
#3359 = CARTESIAN_POINT('',(-27.15,45.75,6.7));
#3360 = VECTOR('',#3361,1.);
#3361 = DIRECTION('',(-0.,-0.,-1.));
#3362 = ORIENTED_EDGE('',*,*,#3363,.F.);
#3363 = EDGE_CURVE('',#2084,#3356,#3364,.T.);
#3364 = LINE('',#3365,#3366);
#3365 = CARTESIAN_POINT('',(27.15,45.75,6.7));
#3366 = VECTOR('',#3367,1.);
#3367 = DIRECTION('',(-1.,0.,0.));
#3368 = ORIENTED_EDGE('',*,*,#2091,.T.);
#3369 = ORIENTED_EDGE('',*,*,#2029,.T.);
#3370 = ORIENTED_EDGE('',*,*,#3371,.F.);
#3371 = EDGE_CURVE('',#2178,#2032,#3372,.T.);
#3372 = LINE('',#3373,#3374);
#3373 = CARTESIAN_POINT('',(27.15,45.75,6.7));
#3374 = VECTOR('',#3375,1.);
#3375 = DIRECTION('',(-1.,0.,0.));
#3376 = ORIENTED_EDGE('',*,*,#2185,.T.);
#3377 = ORIENTED_EDGE('',*,*,#2130,.T.);
#3378 = PLANE('',#3379);
#3379 = AXIS2_PLACEMENT_3D('',#3380,#3381,#3382);
#3380 = CARTESIAN_POINT('',(27.15,45.75,6.7));
#3381 = DIRECTION('',(0.,1.,0.));
#3382 = DIRECTION('',(-1.,0.,0.));
#3383 = ADVANCED_FACE('',(#3384),#3395,.T.);
#3384 = FACE_BOUND('',#3385,.T.);
#3385 = EDGE_LOOP('',(#3386,#3392,#3393,#3394));
#3386 = ORIENTED_EDGE('',*,*,#3387,.T.);
#3387 = EDGE_CURVE('',#2169,#2041,#3388,.T.);
#3388 = LINE('',#3389,#3390);
#3389 = CARTESIAN_POINT('',(27.15,47.121203273892,6.7));
#3390 = VECTOR('',#3391,1.);
#3391 = DIRECTION('',(-1.,0.,0.));
#3392 = ORIENTED_EDGE('',*,*,#2040,.F.);
#3393 = ORIENTED_EDGE('',*,*,#3371,.F.);
#3394 = ORIENTED_EDGE('',*,*,#2177,.T.);
#3395 = PLANE('',#3396);
#3396 = AXIS2_PLACEMENT_3D('',#3397,#3398,#3399);
#3397 = CARTESIAN_POINT('',(-6.86E-15,0.,6.7));
#3398 = DIRECTION('',(0.,0.,1.));
#3399 = DIRECTION('',(1.,0.,0.));
#3400 = ADVANCED_FACE('',(#3401),#3408,.T.);
#3401 = FACE_BOUND('',#3402,.T.);
#3402 = EDGE_LOOP('',(#3403,#3404,#3405,#3406,#3407));
#3403 = ORIENTED_EDGE('',*,*,#2168,.F.);
#3404 = ORIENTED_EDGE('',*,*,#2108,.T.);
#3405 = ORIENTED_EDGE('',*,*,#2057,.F.);
#3406 = ORIENTED_EDGE('',*,*,#2048,.F.);
#3407 = ORIENTED_EDGE('',*,*,#3387,.F.);
#3408 = PLANE('',#3409);
#3409 = AXIS2_PLACEMENT_3D('',#3410,#3411,#3412);
#3410 = CARTESIAN_POINT('',(27.15,47.121203273892,6.7));
#3411 = DIRECTION('',(0.,0.966600102017,-0.256289373133));
#3412 = DIRECTION('',(-1.,0.,0.));
#3413 = ADVANCED_FACE('',(#3414),#3437,.T.);
#3414 = FACE_BOUND('',#3415,.T.);
#3415 = EDGE_LOOP('',(#3416,#3417,#3418,#3419,#3420,#3421,#3429,#3436));
#3416 = ORIENTED_EDGE('',*,*,#2083,.T.);
#3417 = ORIENTED_EDGE('',*,*,#3029,.T.);
#3418 = ORIENTED_EDGE('',*,*,#3051,.T.);
#3419 = ORIENTED_EDGE('',*,*,#3077,.T.);
#3420 = ORIENTED_EDGE('',*,*,#3115,.T.);
#3421 = ORIENTED_EDGE('',*,*,#3422,.F.);
#3422 = EDGE_CURVE('',#3423,#3108,#3425,.T.);
#3423 = VERTEX_POINT('',#3424);
#3424 = CARTESIAN_POINT('',(-36.15,36.75,6.7));
#3425 = LINE('',#3426,#3427);
#3426 = CARTESIAN_POINT('',(-36.15,36.75,6.7));
#3427 = VECTOR('',#3428,1.);
#3428 = DIRECTION('',(0.,-1.,0.));
#3429 = ORIENTED_EDGE('',*,*,#3430,.F.);
#3430 = EDGE_CURVE('',#3356,#3423,#3431,.T.);
#3431 = CIRCLE('',#3432,9.);
#3432 = AXIS2_PLACEMENT_3D('',#3433,#3434,#3435);
#3433 = CARTESIAN_POINT('',(-27.15,36.75,6.7));
#3434 = DIRECTION('',(0.,0.,1.));
#3435 = DIRECTION('',(1.,0.,0.));
#3436 = ORIENTED_EDGE('',*,*,#3363,.F.);
#3437 = PLANE('',#3438);
#3438 = AXIS2_PLACEMENT_3D('',#3439,#3440,#3441);
#3439 = CARTESIAN_POINT('',(-6.86E-15,0.,6.7));
#3440 = DIRECTION('',(0.,0.,1.));
#3441 = DIRECTION('',(1.,0.,0.));
#3442 = ADVANCED_FACE('',(#3443),#3466,.T.);
#3443 = FACE_BOUND('',#3444,.T.);
#3444 = EDGE_LOOP('',(#3445,#3453,#3454,#3455,#3456,#3457,#3458,#3459));
#3445 = ORIENTED_EDGE('',*,*,#3446,.F.);
#3446 = EDGE_CURVE('',#3191,#3447,#3449,.T.);
#3447 = VERTEX_POINT('',#3448);
#3448 = CARTESIAN_POINT('',(36.15,36.75,6.7));
#3449 = LINE('',#3450,#3451);
#3450 = CARTESIAN_POINT('',(36.15,-36.75,6.7));
#3451 = VECTOR('',#3452,1.);
#3452 = DIRECTION('',(0.,1.,0.));
#3453 = ORIENTED_EDGE('',*,*,#3190,.T.);
#3454 = ORIENTED_EDGE('',*,*,#3221,.T.);
#3455 = ORIENTED_EDGE('',*,*,#3243,.T.);
#3456 = ORIENTED_EDGE('',*,*,#3263,.T.);
#3457 = ORIENTED_EDGE('',*,*,#2141,.F.);
#3458 = ORIENTED_EDGE('',*,*,#3340,.F.);
#3459 = ORIENTED_EDGE('',*,*,#3460,.F.);
#3460 = EDGE_CURVE('',#3447,#3341,#3461,.T.);
#3461 = CIRCLE('',#3462,9.);
#3462 = AXIS2_PLACEMENT_3D('',#3463,#3464,#3465);
#3463 = CARTESIAN_POINT('',(27.15,36.75,6.7));
#3464 = DIRECTION('',(0.,0.,1.));
#3465 = DIRECTION('',(1.,0.,0.));
#3466 = PLANE('',#3467);
#3467 = AXIS2_PLACEMENT_3D('',#3468,#3469,#3470);
#3468 = CARTESIAN_POINT('',(-6.86E-15,0.,6.7));
#3469 = DIRECTION('',(0.,0.,1.));
#3470 = DIRECTION('',(1.,0.,0.));
#3471 = ADVANCED_FACE('',(#3472),#3483,.F.);
#3472 = FACE_BOUND('',#3473,.T.);
#3473 = EDGE_LOOP('',(#3474,#3480,#3481,#3482));
#3474 = ORIENTED_EDGE('',*,*,#3475,.F.);
#3475 = EDGE_CURVE('',#2204,#2621,#3476,.T.);
#3476 = LINE('',#3477,#3478);
#3477 = CARTESIAN_POINT('',(-35.782,-35.482,0.8));
#3478 = VECTOR('',#3479,1.);
#3479 = DIRECTION('',(7.E-17,0.,1.));
#3480 = ORIENTED_EDGE('',*,*,#2203,.T.);
#3481 = ORIENTED_EDGE('',*,*,#3475,.T.);
#3482 = ORIENTED_EDGE('',*,*,#2620,.T.);
#3483 = CYLINDRICAL_SURFACE('',#3484,1.2);
#3484 = AXIS2_PLACEMENT_3D('',#3485,#3486,#3487);
#3485 = CARTESIAN_POINT('',(-34.582,-35.482,0.8));
#3486 = DIRECTION('',(0.,0.,1.));
#3487 = DIRECTION('',(-1.,0.,0.));
#3488 = ADVANCED_FACE('',(#3489),#3500,.F.);
#3489 = FACE_BOUND('',#3490,.T.);
#3490 = EDGE_LOOP('',(#3491,#3497,#3498,#3499));
#3491 = ORIENTED_EDGE('',*,*,#3492,.F.);
#3492 = EDGE_CURVE('',#2224,#2632,#3493,.T.);
#3493 = LINE('',#3494,#3495);
#3494 = CARTESIAN_POINT('',(30.982,-41.932,0.8));
#3495 = VECTOR('',#3496,1.);
#3496 = DIRECTION('',(7.E-17,0.,1.));
#3497 = ORIENTED_EDGE('',*,*,#2223,.T.);
#3498 = ORIENTED_EDGE('',*,*,#3492,.T.);
#3499 = ORIENTED_EDGE('',*,*,#2631,.T.);
#3500 = CYLINDRICAL_SURFACE('',#3501,1.2);
#3501 = AXIS2_PLACEMENT_3D('',#3502,#3503,#3504);
#3502 = CARTESIAN_POINT('',(32.182,-41.932,0.8));
#3503 = DIRECTION('',(0.,0.,1.));
#3504 = DIRECTION('',(-1.,0.,0.));
#3505 = ADVANCED_FACE('',(#3506),#3517,.F.);
#3506 = FACE_BOUND('',#3507,.T.);
#3507 = EDGE_LOOP('',(#3508,#3514,#3515,#3516));
#3508 = ORIENTED_EDGE('',*,*,#3509,.F.);
#3509 = EDGE_CURVE('',#2244,#2643,#3510,.T.);
#3510 = LINE('',#3511,#3512);
#3511 = CARTESIAN_POINT('',(-33.382,41.932,0.8));
#3512 = VECTOR('',#3513,1.);
#3513 = DIRECTION('',(7.E-17,0.,1.));
#3514 = ORIENTED_EDGE('',*,*,#2243,.T.);
#3515 = ORIENTED_EDGE('',*,*,#3509,.T.);
#3516 = ORIENTED_EDGE('',*,*,#2642,.T.);
#3517 = CYLINDRICAL_SURFACE('',#3518,1.2);
#3518 = AXIS2_PLACEMENT_3D('',#3519,#3520,#3521);
#3519 = CARTESIAN_POINT('',(-32.182,41.932,0.8));
#3520 = DIRECTION('',(0.,0.,1.));
#3521 = DIRECTION('',(-1.,0.,0.));
#3522 = ADVANCED_FACE('',(#3523),#3534,.F.);
#3523 = FACE_BOUND('',#3524,.T.);
#3524 = EDGE_LOOP('',(#3525,#3531,#3532,#3533));
#3525 = ORIENTED_EDGE('',*,*,#3526,.F.);
#3526 = EDGE_CURVE('',#2264,#2654,#3527,.T.);
#3527 = LINE('',#3528,#3529);
#3528 = CARTESIAN_POINT('',(30.982,41.932,0.8));
#3529 = VECTOR('',#3530,1.);
#3530 = DIRECTION('',(7.E-17,0.,1.));
#3531 = ORIENTED_EDGE('',*,*,#2263,.T.);
#3532 = ORIENTED_EDGE('',*,*,#3526,.T.);
#3533 = ORIENTED_EDGE('',*,*,#2653,.T.);
#3534 = CYLINDRICAL_SURFACE('',#3535,1.2);
#3535 = AXIS2_PLACEMENT_3D('',#3536,#3537,#3538);
#3536 = CARTESIAN_POINT('',(32.182,41.932,0.8));
#3537 = DIRECTION('',(0.,0.,1.));
#3538 = DIRECTION('',(-1.,0.,0.));
#3539 = ADVANCED_FACE('',(#3540),#3551,.F.);
#3540 = FACE_BOUND('',#3541,.F.);
#3541 = EDGE_LOOP('',(#3542,#3543,#3544,#3545));
#3542 = ORIENTED_EDGE('',*,*,#2401,.F.);
#3543 = ORIENTED_EDGE('',*,*,#2481,.T.);
#3544 = ORIENTED_EDGE('',*,*,#3301,.F.);
#3545 = ORIENTED_EDGE('',*,*,#3546,.F.);
#3546 = EDGE_CURVE('',#2394,#3302,#3547,.T.);
#3547 = LINE('',#3548,#3549);
#3548 = CARTESIAN_POINT('',(36.15,-36.75,6.7));
#3549 = VECTOR('',#3550,1.);
#3550 = DIRECTION('',(0.,1.,0.));
#3551 = PLANE('',#3552);
#3552 = AXIS2_PLACEMENT_3D('',#3553,#3554,#3555);
#3553 = CARTESIAN_POINT('',(36.15,-36.75,6.7));
#3554 = DIRECTION('',(1.,0.,0.));
#3555 = DIRECTION('',(0.,1.,0.));
#3556 = ADVANCED_FACE('',(#3557),#3563,.T.);
#3557 = FACE_BOUND('',#3558,.T.);
#3558 = EDGE_LOOP('',(#3559,#3560,#3561,#3562));
#3559 = ORIENTED_EDGE('',*,*,#3546,.F.);
#3560 = ORIENTED_EDGE('',*,*,#2393,.T.);
#3561 = ORIENTED_EDGE('',*,*,#3287,.T.);
#3562 = ORIENTED_EDGE('',*,*,#3309,.T.);
#3563 = PLANE('',#3564);
#3564 = AXIS2_PLACEMENT_3D('',#3565,#3566,#3567);
#3565 = CARTESIAN_POINT('',(-6.86E-15,0.,6.7));
#3566 = DIRECTION('',(0.,0.,1.));
#3567 = DIRECTION('',(1.,0.,0.));
#3568 = ADVANCED_FACE('',(#3569),#3580,.F.);
#3569 = FACE_BOUND('',#3570,.F.);
#3570 = EDGE_LOOP('',(#3571,#3572,#3573,#3574));
#3571 = ORIENTED_EDGE('',*,*,#2843,.T.);
#3572 = ORIENTED_EDGE('',*,*,#2595,.T.);
#3573 = ORIENTED_EDGE('',*,*,#2703,.T.);
#3574 = ORIENTED_EDGE('',*,*,#3575,.F.);
#3575 = EDGE_CURVE('',#2836,#2704,#3576,.T.);
#3576 = LINE('',#3577,#3578);
#3577 = CARTESIAN_POINT('',(-36.15,36.75,6.7));
#3578 = VECTOR('',#3579,1.);
#3579 = DIRECTION('',(0.,-1.,0.));
#3580 = PLANE('',#3581);
#3581 = AXIS2_PLACEMENT_3D('',#3582,#3583,#3584);
#3582 = CARTESIAN_POINT('',(-36.15,36.75,6.7));
#3583 = DIRECTION('',(-1.,0.,0.));
#3584 = DIRECTION('',(0.,-1.,0.));
#3585 = ADVANCED_FACE('',(#3586),#3597,.F.);
#3586 = FACE_BOUND('',#3587,.F.);
#3587 = EDGE_LOOP('',(#3588,#3589,#3590,#3591));
#3588 = ORIENTED_EDGE('',*,*,#2914,.T.);
#3589 = ORIENTED_EDGE('',*,*,#2579,.F.);
#3590 = ORIENTED_EDGE('',*,*,#2850,.T.);
#3591 = ORIENTED_EDGE('',*,*,#3592,.T.);
#3592 = EDGE_CURVE('',#2851,#2907,#3593,.T.);
#3593 = LINE('',#3594,#3595);
#3594 = CARTESIAN_POINT('',(-36.12120327386,13.03,1.1));
#3595 = VECTOR('',#3596,1.);
#3596 = DIRECTION('',(0.,1.,0.));
#3597 = PLANE('',#3598);
#3598 = AXIS2_PLACEMENT_3D('',#3599,#3600,#3601);
#3599 = CARTESIAN_POINT('',(-36.12120327386,11.929999999999,8.75));
#3600 = DIRECTION('',(1.,0.,0.));
#3601 = DIRECTION('',(0.,0.,1.));
#3602 = ADVANCED_FACE('',(#3603),#3614,.F.);
#3603 = FACE_BOUND('',#3604,.F.);
#3604 = EDGE_LOOP('',(#3605,#3611,#3612,#3613));
#3605 = ORIENTED_EDGE('',*,*,#3606,.F.);
#3606 = EDGE_CURVE('',#2982,#2922,#3607,.T.);
#3607 = LINE('',#3608,#3609);
#3608 = CARTESIAN_POINT('',(-36.15,36.75,6.7));
#3609 = VECTOR('',#3610,1.);
#3610 = DIRECTION('',(0.,-1.,0.));
#3611 = ORIENTED_EDGE('',*,*,#2989,.T.);
#3612 = ORIENTED_EDGE('',*,*,#2563,.T.);
#3613 = ORIENTED_EDGE('',*,*,#2921,.T.);
#3614 = PLANE('',#3615);
#3615 = AXIS2_PLACEMENT_3D('',#3616,#3617,#3618);
#3616 = CARTESIAN_POINT('',(-36.15,36.75,6.7));
#3617 = DIRECTION('',(-1.,0.,0.));
#3618 = DIRECTION('',(0.,-1.,0.));
#3619 = ADVANCED_FACE('',(#3620),#3631,.F.);
#3620 = FACE_BOUND('',#3621,.F.);
#3621 = EDGE_LOOP('',(#3622,#3623,#3624,#3625));
#3622 = ORIENTED_EDGE('',*,*,#3100,.T.);
#3623 = ORIENTED_EDGE('',*,*,#2547,.F.);
#3624 = ORIENTED_EDGE('',*,*,#2996,.T.);
#3625 = ORIENTED_EDGE('',*,*,#3626,.T.);
#3626 = EDGE_CURVE('',#2997,#3093,#3627,.T.);
#3627 = LINE('',#3628,#3629);
#3628 = CARTESIAN_POINT('',(-35.72120327386,21.15,1.1));
#3629 = VECTOR('',#3630,1.);
#3630 = DIRECTION('',(0.,1.,0.));
#3631 = PLANE('',#3632);
#3632 = AXIS2_PLACEMENT_3D('',#3633,#3634,#3635);
#3633 = CARTESIAN_POINT('',(-35.72120327386,26.85,8.75));
#3634 = DIRECTION('',(1.,0.,0.));
#3635 = DIRECTION('',(0.,0.,1.));
#3636 = ADVANCED_FACE('',(#3637),#3648,.F.);
#3637 = FACE_BOUND('',#3638,.F.);
#3638 = EDGE_LOOP('',(#3639,#3640,#3646,#3647));
#3639 = ORIENTED_EDGE('',*,*,#3422,.F.);
#3640 = ORIENTED_EDGE('',*,*,#3641,.T.);
#3641 = EDGE_CURVE('',#3423,#2523,#3642,.T.);
#3642 = LINE('',#3643,#3644);
#3643 = CARTESIAN_POINT('',(-36.15,36.75,6.7));
#3644 = VECTOR('',#3645,1.);
#3645 = DIRECTION('',(-0.,-0.,-1.));
#3646 = ORIENTED_EDGE('',*,*,#2531,.T.);
#3647 = ORIENTED_EDGE('',*,*,#3107,.T.);
#3648 = PLANE('',#3649);
#3649 = AXIS2_PLACEMENT_3D('',#3650,#3651,#3652);
#3650 = CARTESIAN_POINT('',(-36.15,36.75,6.7));
#3651 = DIRECTION('',(-1.,0.,0.));
#3652 = DIRECTION('',(0.,-1.,0.));
#3653 = ADVANCED_FACE('',(#3654),#3660,.F.);
#3654 = FACE_BOUND('',#3655,.F.);
#3655 = EDGE_LOOP('',(#3656,#3657,#3658,#3659));
#3656 = ORIENTED_EDGE('',*,*,#3355,.T.);
#3657 = ORIENTED_EDGE('',*,*,#2522,.T.);
#3658 = ORIENTED_EDGE('',*,*,#3641,.F.);
#3659 = ORIENTED_EDGE('',*,*,#3430,.F.);
#3660 = CYLINDRICAL_SURFACE('',#3661,9.);
#3661 = AXIS2_PLACEMENT_3D('',#3662,#3663,#3664);
#3662 = CARTESIAN_POINT('',(-27.15,36.75,6.7));
#3663 = DIRECTION('',(0.,0.,1.));
#3664 = DIRECTION('',(1.,0.,0.));
#3665 = ADVANCED_FACE('',(#3666),#3677,.F.);
#3666 = FACE_BOUND('',#3667,.F.);
#3667 = EDGE_LOOP('',(#3668,#3674,#3675,#3676));
#3668 = ORIENTED_EDGE('',*,*,#3669,.T.);
#3669 = EDGE_CURVE('',#3447,#2498,#3670,.T.);
#3670 = LINE('',#3671,#3672);
#3671 = CARTESIAN_POINT('',(36.15,36.75,6.7));
#3672 = VECTOR('',#3673,1.);
#3673 = DIRECTION('',(-0.,-0.,-1.));
#3674 = ORIENTED_EDGE('',*,*,#2505,.T.);
#3675 = ORIENTED_EDGE('',*,*,#3348,.F.);
#3676 = ORIENTED_EDGE('',*,*,#3460,.F.);
#3677 = CYLINDRICAL_SURFACE('',#3678,9.);
#3678 = AXIS2_PLACEMENT_3D('',#3679,#3680,#3681);
#3679 = CARTESIAN_POINT('',(27.15,36.75,6.7));
#3680 = DIRECTION('',(0.,0.,1.));
#3681 = DIRECTION('',(1.,0.,0.));
#3682 = ADVANCED_FACE('',(#3683),#3689,.F.);
#3683 = FACE_BOUND('',#3684,.F.);
#3684 = EDGE_LOOP('',(#3685,#3686,#3687,#3688));
#3685 = ORIENTED_EDGE('',*,*,#3198,.F.);
#3686 = ORIENTED_EDGE('',*,*,#2497,.T.);
#3687 = ORIENTED_EDGE('',*,*,#3669,.F.);
#3688 = ORIENTED_EDGE('',*,*,#3446,.F.);
#3689 = PLANE('',#3690);
#3690 = AXIS2_PLACEMENT_3D('',#3691,#3692,#3693);
#3691 = CARTESIAN_POINT('',(36.15,-36.75,6.7));
#3692 = DIRECTION('',(1.,0.,0.));
#3693 = DIRECTION('',(0.,1.,0.));
#3694 = ADVANCED_FACE('',(#3695),#3706,.T.);
#3695 = FACE_BOUND('',#3696,.T.);
#3696 = EDGE_LOOP('',(#3697,#3698,#3704,#3705));
#3697 = ORIENTED_EDGE('',*,*,#3326,.T.);
#3698 = ORIENTED_EDGE('',*,*,#3699,.T.);
#3699 = EDGE_CURVE('',#3319,#3167,#3700,.T.);
#3700 = LINE('',#3701,#3702);
#3701 = CARTESIAN_POINT('',(36.15,13.030000000006,1.1));
#3702 = VECTOR('',#3703,1.);
#3703 = DIRECTION('',(0.,1.,0.));
#3704 = ORIENTED_EDGE('',*,*,#3166,.T.);
#3705 = ORIENTED_EDGE('',*,*,#2489,.F.);
#3706 = PLANE('',#3707);
#3707 = AXIS2_PLACEMENT_3D('',#3708,#3709,#3710);
#3708 = CARTESIAN_POINT('',(36.15,11.929999999999,8.75));
#3709 = DIRECTION('',(1.,0.,0.));
#3710 = DIRECTION('',(0.,0.,1.));
#3711 = ADVANCED_FACE('',(#3712),#3718,.T.);
#3712 = FACE_BOUND('',#3713,.T.);
#3713 = EDGE_LOOP('',(#3714,#3715,#3716,#3717));
#3714 = ORIENTED_EDGE('',*,*,#3575,.F.);
#3715 = ORIENTED_EDGE('',*,*,#2835,.T.);
#3716 = ORIENTED_EDGE('',*,*,#2775,.T.);
#3717 = ORIENTED_EDGE('',*,*,#2711,.T.);
#3718 = PLANE('',#3719);
#3719 = AXIS2_PLACEMENT_3D('',#3720,#3721,#3722);
#3720 = CARTESIAN_POINT('',(-6.86E-15,0.,6.7));
#3721 = DIRECTION('',(0.,0.,1.));
#3722 = DIRECTION('',(1.,0.,0.));
#3723 = ADVANCED_FACE('',(#3724),#3730,.T.);
#3724 = FACE_BOUND('',#3725,.T.);
#3725 = EDGE_LOOP('',(#3726,#3727,#3728,#3729));
#3726 = ORIENTED_EDGE('',*,*,#2858,.T.);
#3727 = ORIENTED_EDGE('',*,*,#3592,.T.);
#3728 = ORIENTED_EDGE('',*,*,#2906,.F.);
#3729 = ORIENTED_EDGE('',*,*,#2820,.F.);
#3730 = PLANE('',#3731);
#3731 = AXIS2_PLACEMENT_3D('',#3732,#3733,#3734);
#3732 = CARTESIAN_POINT('',(-37.52120327386,13.03,1.1));
#3733 = DIRECTION('',(0.,0.,1.));
#3734 = DIRECTION('',(0.,1.,0.));
#3735 = ADVANCED_FACE('',(#3736),#3742,.T.);
#3736 = FACE_BOUND('',#3737,.T.);
#3737 = EDGE_LOOP('',(#3738,#3739,#3740,#3741));
#3738 = ORIENTED_EDGE('',*,*,#3606,.F.);
#3739 = ORIENTED_EDGE('',*,*,#2981,.T.);
#3740 = ORIENTED_EDGE('',*,*,#2874,.T.);
#3741 = ORIENTED_EDGE('',*,*,#2929,.T.);
#3742 = PLANE('',#3743);
#3743 = AXIS2_PLACEMENT_3D('',#3744,#3745,#3746);
#3744 = CARTESIAN_POINT('',(-6.86E-15,0.,6.7));
#3745 = DIRECTION('',(0.,0.,1.));
#3746 = DIRECTION('',(1.,0.,0.));
#3747 = ADVANCED_FACE('',(#3748),#3754,.T.);
#3748 = FACE_BOUND('',#3749,.T.);
#3749 = EDGE_LOOP('',(#3750,#3751,#3752,#3753));
#3750 = ORIENTED_EDGE('',*,*,#3004,.T.);
#3751 = ORIENTED_EDGE('',*,*,#3626,.T.);
#3752 = ORIENTED_EDGE('',*,*,#3092,.F.);
#3753 = ORIENTED_EDGE('',*,*,#2966,.F.);
#3754 = PLANE('',#3755);
#3755 = AXIS2_PLACEMENT_3D('',#3756,#3757,#3758);
#3756 = CARTESIAN_POINT('',(-37.52120327386,21.15,1.1));
#3757 = DIRECTION('',(0.,0.,1.));
#3758 = DIRECTION('',(0.,1.,0.));
#3759 = ADVANCED_FACE('',(#3760),#3766,.T.);
#3760 = FACE_BOUND('',#3761,.T.);
#3761 = EDGE_LOOP('',(#3762,#3763,#3764,#3765));
#3762 = ORIENTED_EDGE('',*,*,#3318,.T.);
#3763 = ORIENTED_EDGE('',*,*,#3139,.T.);
#3764 = ORIENTED_EDGE('',*,*,#3174,.F.);
#3765 = ORIENTED_EDGE('',*,*,#3699,.F.);
#3766 = PLANE('',#3767);
#3767 = AXIS2_PLACEMENT_3D('',#3768,#3769,#3770);
#3768 = CARTESIAN_POINT('',(36.15,13.030000000006,1.1));
#3769 = DIRECTION('',(0.,0.,1.));
#3770 = DIRECTION('',(0.,1.,0.));
#3771 = ( GEOMETRIC_REPRESENTATION_CONTEXT(3) 
GLOBAL_UNCERTAINTY_ASSIGNED_CONTEXT((#3775)) 
GLOBAL_UNIT_ASSIGNED_CONTEXT((#3772,#3773,#3774)) REPRESENTATION_CONTEXT
('Context #1','3D Context with UNIT and UNCERTAINTY') );
#3772 = ( LENGTH_UNIT() NAMED_UNIT(*) SI_UNIT(.MILLI.,.METRE.) );
#3773 = ( NAMED_UNIT(*) PLANE_ANGLE_UNIT() SI_UNIT($,.RADIAN.) );
#3774 = ( NAMED_UNIT(*) SI_UNIT($,.STERADIAN.) SOLID_ANGLE_UNIT() );
#3775 = UNCERTAINTY_MEASURE_WITH_UNIT(LENGTH_MEASURE(2.E-05),#3772,
  'distance_accuracy_value','confusion accuracy');
#3776 = PRODUCT_RELATED_PRODUCT_CATEGORY('part',$,(#7));
#3777 = MECHANICAL_DESIGN_GEOMETRIC_PRESENTATION_REPRESENTATION('',(
    #3778),#3771);
#3778 = STYLED_ITEM('color',(#3779),#15);
#3779 = PRESENTATION_STYLE_ASSIGNMENT((#3780,#3788));
#3780 = SURFACE_STYLE_USAGE(.BOTH.,#3781);
#3781 = SURFACE_SIDE_STYLE('',(#3782,#3786));
#3782 = SURFACE_STYLE_FILL_AREA(#3783);
#3783 = FILL_AREA_STYLE('',(#3784));
#3784 = FILL_AREA_STYLE_COLOUR('',#3785);
#3785 = COLOUR_RGB('',0.447058818107,0.474509808674,0.501960817233);
#3786 = SURFACE_STYLE_RENDERING_WITH_PROPERTIES(.NORMAL_SHADING.,#3785,(
    #3787));
#3787 = SURFACE_STYLE_TRANSPARENT(0.699999988079);
#3788 = CURVE_STYLE('',#3789,POSITIVE_LENGTH_MEASURE(0.1),#3790);
#3789 = DRAUGHTING_PRE_DEFINED_CURVE_FONT('continuous');
#3790 = COLOUR_RGB('',9.803921802644E-02,9.803921802644E-02,
  9.803921802644E-02);
ENDSEC;
END-ISO-10303-21;
