ISO-10303-21;
HEADER;
FILE_DESCRIPTION(('FreeCAD Model'),'2;1');
FILE_NAME('Open CASCADE Shape Model','2026-09-03T13:39:22',(''),(''),
  'Open CASCADE STEP processor 7.9','FreeCAD','Unknown');
FILE_SCHEMA(('AUTOMOTIVE_DESIGN { 1 0 10303 214 1 1 1 1 }'));
ENDSEC;
DATA;
#1 = APPLICATION_PROTOCOL_DEFINITION('international standard',
  'automotive_design',2000,#2);
#2 = APPLICATION_CONTEXT(
  'core data for automotive mechanical design processes');
#3 = SHAPE_DEFINITION_REPRESENTATION(#4,#10);
#4 = PRODUCT_DEFINITION_SHAPE('','',#5);
#5 = PRODUCT_DEFINITION('design','',#6,#9);
#6 = PRODUCT_DEFINITION_FORMATION('','',#7);
#7 = PRODUCT('top','top','',(#8));
#8 = PRODUCT_CONTEXT('',#2,'mechanical');
#9 = PRODUCT_DEFINITION_CONTEXT('part definition',#2,'design');
#10 = ADVANCED_BREP_SHAPE_REPRESENTATION('',(#11,#15),#9619);
#11 = AXIS2_PLACEMENT_3D('',#12,#13,#14);
#12 = CARTESIAN_POINT('',(0.,0.,0.));
#13 = DIRECTION('',(0.,0.,1.));
#14 = DIRECTION('',(1.,0.,-0.));
#15 = MANIFOLD_SOLID_BREP('',#16);
#16 = CLOSED_SHELL('',(#17,#107,#140,#171,#262,#295,#319,#376,#418,#442,
    #466,#501,#526,#550,#575,#1856,#1880,#1904,#1927,#1951,#1985,#2054,
    #2121,#2139,#2291,#2321,#2345,#2363,#2396,#2445,#2593,#2639,#2656,
    #2673,#2696,#2713,#2725,#2756,#2780,#2804,#2821,#2852,#2876,#2900,
    #2917,#2948,#2972,#2996,#3013,#3044,#3068,#3092,#3109,#3140,#3164,
    #3188,#3205,#3236,#3260,#3284,#3301,#3332,#3356,#3380,#3397,#3428,
    #3452,#3476,#3493,#3524,#3548,#3572,#3589,#3620,#3644,#3668,#3685,
    #3716,#3740,#3764,#3781,#3812,#3859,#3884,#3924,#3948,#3973,#3998,
    #4022,#4039,#4064,#4097,#4128,#4153,#4178,#4202,#4226,#4251,#4276,
    #4293,#4324,#4349,#4374,#4398,#4422,#4447,#4472,#4489,#4520,#4545,
    #4570,#4594,#4618,#4643,#4668,#4685,#4716,#4741,#4766,#4790,#4814,
    #4839,#4864,#4881,#4912,#4937,#4962,#4986,#5010,#5035,#5060,#5077,
    #5131,#5171,#5195,#5220,#5245,#5269,#5293,#5318,#5343,#5376,#5393,
    #5424,#5449,#5474,#5498,#5522,#5547,#5572,#5589,#5620,#5645,#5670,
    #5694,#5718,#5743,#5768,#5785,#5816,#5841,#5866,#5890,#5914,#5939,
    #5964,#5981,#6012,#6037,#6062,#6086,#6110,#6135,#6160,#6177,#6201,
    #6225,#6282,#6306,#6340,#6357,#6375,#6441,#6472,#6496,#6544,#6584,
    #6608,#6648,#6696,#6744,#6800,#6824,#6872,#6920,#6944,#7000,#7041,
    #7083,#7108,#7402,#7419,#7453,#7470,#7533,#7557,#7581,#7598,#7622,
    #7646,#7663,#7680,#7714,#7726,#7760,#7772,#7784,#7796,#7808,#7820,
    #7832,#7844,#7856,#7868,#7880,#7892,#7904,#7921,#7951,#7963,#7979,
    #7995,#8011,#8027,#8043,#8060,#8090,#8102,#8118,#8134,#8150,#8166,
    #8212,#8295,#8312,#8328,#8344,#8370,#8386,#8398,#8440,#8471,#8497,
    #8513,#8525,#8549,#8587,#8629,#8671,#8682,#8698,#8710,#8752,#8792,
    #8832,#8849,#8866,#8877,#8888,#8914,#8938,#8962,#8979,#9005,#9029,
    #9053,#9070,#9096,#9120,#9144,#9161,#9178,#9207,#9229,#9246,#9263,
    #9275,#9295,#9307,#9319,#9339,#9359,#9384,#9409,#9421,#9433,#9445,
    #9465,#9490,#9515,#9540,#9549,#9558,#9583,#9592,#9601,#9610));
#17 = ADVANCED_FACE('',(#18),#102,.T.);
#18 = FACE_BOUND('',#19,.T.);
#19 = EDGE_LOOP('',(#20,#30,#38,#46,#54,#62,#71,#79,#88,#96));
#20 = ORIENTED_EDGE('',*,*,#21,.F.);
#21 = EDGE_CURVE('',#22,#24,#26,.T.);
#22 = VERTEX_POINT('',#23);
#23 = CARTESIAN_POINT('',(27.15,-47.95,-1.));
#24 = VERTEX_POINT('',#25);
#25 = CARTESIAN_POINT('',(27.15,-47.95,-6.7));
#26 = LINE('',#27,#28);
#27 = CARTESIAN_POINT('',(27.15,-47.95,0.));
#28 = VECTOR('',#29,1.);
#29 = DIRECTION('',(-0.,-0.,-1.));
#30 = ORIENTED_EDGE('',*,*,#31,.F.);
#31 = EDGE_CURVE('',#32,#22,#34,.T.);
#32 = VERTEX_POINT('',#33);
#33 = CARTESIAN_POINT('',(-27.15,-47.95,-1.));
#34 = LINE('',#35,#36);
#35 = CARTESIAN_POINT('',(-27.15,-47.95,-1.));
#36 = VECTOR('',#37,1.);
#37 = DIRECTION('',(1.,0.,0.));
#38 = ORIENTED_EDGE('',*,*,#39,.T.);
#39 = EDGE_CURVE('',#32,#40,#42,.T.);
#40 = VERTEX_POINT('',#41);
#41 = CARTESIAN_POINT('',(-27.15,-47.95,-6.7));
#42 = LINE('',#43,#44);
#43 = CARTESIAN_POINT('',(-27.15,-47.95,0.));
#44 = VECTOR('',#45,1.);
#45 = DIRECTION('',(-0.,-0.,-1.));
#46 = ORIENTED_EDGE('',*,*,#47,.T.);
#47 = EDGE_CURVE('',#40,#48,#50,.T.);
#48 = VERTEX_POINT('',#49);
#49 = CARTESIAN_POINT('',(-4.82,-47.95,-6.7));
#50 = LINE('',#51,#52);
#51 = CARTESIAN_POINT('',(-27.15,-47.95,-6.7));
#52 = VECTOR('',#53,1.);
#53 = DIRECTION('',(1.,0.,0.));
#54 = ORIENTED_EDGE('',*,*,#55,.F.);
#55 = EDGE_CURVE('',#56,#48,#58,.T.);
#56 = VERTEX_POINT('',#57);
#57 = CARTESIAN_POINT('',(-4.82,-47.95,-6.));
#58 = LINE('',#59,#60);
#59 = CARTESIAN_POINT('',(-4.82,-47.95,-6.));
#60 = VECTOR('',#61,1.);
#61 = DIRECTION('',(0.,0.,-1.));
#62 = ORIENTED_EDGE('',*,*,#63,.F.);
#63 = EDGE_CURVE('',#64,#56,#66,.T.);
#64 = VERTEX_POINT('',#65);
#65 = CARTESIAN_POINT('',(-3.72,-47.95,-4.9));
#66 = CIRCLE('',#67,1.1);
#67 = AXIS2_PLACEMENT_3D('',#68,#69,#70);
#68 = CARTESIAN_POINT('',(-3.72,-47.95,-6.));
#69 = DIRECTION('',(0.,-1.,0.));
#70 = DIRECTION('',(1.,0.,0.));
#71 = ORIENTED_EDGE('',*,*,#72,.F.);
#72 = EDGE_CURVE('',#73,#64,#75,.T.);
#73 = VERTEX_POINT('',#74);
#74 = CARTESIAN_POINT('',(3.22,-47.95,-4.9));
#75 = LINE('',#76,#77);
#76 = CARTESIAN_POINT('',(3.22,-47.95,-4.9));
#77 = VECTOR('',#78,1.);
#78 = DIRECTION('',(-1.,0.,0.));
#79 = ORIENTED_EDGE('',*,*,#80,.F.);
#80 = EDGE_CURVE('',#81,#73,#83,.T.);
#81 = VERTEX_POINT('',#82);
#82 = CARTESIAN_POINT('',(4.32,-47.95,-6.));
#83 = CIRCLE('',#84,1.1);
#84 = AXIS2_PLACEMENT_3D('',#85,#86,#87);
#85 = CARTESIAN_POINT('',(3.22,-47.95,-6.));
#86 = DIRECTION('',(0.,-1.,0.));
#87 = DIRECTION('',(1.,0.,0.));
#88 = ORIENTED_EDGE('',*,*,#89,.F.);
#89 = EDGE_CURVE('',#90,#81,#92,.T.);
#90 = VERTEX_POINT('',#91);
#91 = CARTESIAN_POINT('',(4.32,-47.95,-6.7));
#92 = LINE('',#93,#94);
#93 = CARTESIAN_POINT('',(4.32,-47.95,-7.2));
#94 = VECTOR('',#95,1.);
#95 = DIRECTION('',(0.,0.,1.));
#96 = ORIENTED_EDGE('',*,*,#97,.T.);
#97 = EDGE_CURVE('',#90,#24,#98,.T.);
#98 = LINE('',#99,#100);
#99 = CARTESIAN_POINT('',(-27.15,-47.95,-6.7));
#100 = VECTOR('',#101,1.);
#101 = DIRECTION('',(1.,0.,0.));
#102 = PLANE('',#103);
#103 = AXIS2_PLACEMENT_3D('',#104,#105,#106);
#104 = CARTESIAN_POINT('',(-27.15,-47.95,0.));
#105 = DIRECTION('',(0.,-1.,0.));
#106 = DIRECTION('',(1.,0.,0.));
#107 = ADVANCED_FACE('',(#108),#135,.T.);
#108 = FACE_BOUND('',#109,.T.);
#109 = EDGE_LOOP('',(#110,#111,#120,#128));
#110 = ORIENTED_EDGE('',*,*,#21,.T.);
#111 = ORIENTED_EDGE('',*,*,#112,.T.);
#112 = EDGE_CURVE('',#24,#113,#115,.T.);
#113 = VERTEX_POINT('',#114);
#114 = CARTESIAN_POINT('',(38.35,-36.75,-6.7));
#115 = CIRCLE('',#116,11.2);
#116 = AXIS2_PLACEMENT_3D('',#117,#118,#119);
#117 = CARTESIAN_POINT('',(27.15,-36.75,-6.7));
#118 = DIRECTION('',(0.,0.,1.));
#119 = DIRECTION('',(1.,0.,0.));
#120 = ORIENTED_EDGE('',*,*,#121,.F.);
#121 = EDGE_CURVE('',#122,#113,#124,.T.);
#122 = VERTEX_POINT('',#123);
#123 = CARTESIAN_POINT('',(38.35,-36.75,-1.));
#124 = LINE('',#125,#126);
#125 = CARTESIAN_POINT('',(38.35,-36.75,0.));
#126 = VECTOR('',#127,1.);
#127 = DIRECTION('',(-0.,-0.,-1.));
#128 = ORIENTED_EDGE('',*,*,#129,.F.);
#129 = EDGE_CURVE('',#22,#122,#130,.T.);
#130 = CIRCLE('',#131,11.2);
#131 = AXIS2_PLACEMENT_3D('',#132,#133,#134);
#132 = CARTESIAN_POINT('',(27.15,-36.75,-1.));
#133 = DIRECTION('',(0.,0.,1.));
#134 = DIRECTION('',(-3.2E-16,-1.,0.));
#135 = CYLINDRICAL_SURFACE('',#136,11.2);
#136 = AXIS2_PLACEMENT_3D('',#137,#138,#139);
#137 = CARTESIAN_POINT('',(27.15,-36.75,0.));
#138 = DIRECTION('',(0.,0.,1.));
#139 = DIRECTION('',(1.,0.,0.));
#140 = ADVANCED_FACE('',(#141),#166,.T.);
#141 = FACE_BOUND('',#142,.F.);
#142 = EDGE_LOOP('',(#143,#151,#159,#165));
#143 = ORIENTED_EDGE('',*,*,#144,.F.);
#144 = EDGE_CURVE('',#145,#32,#147,.T.);
#145 = VERTEX_POINT('',#146);
#146 = CARTESIAN_POINT('',(-27.15,-46.95,0.));
#147 = LINE('',#148,#149);
#148 = CARTESIAN_POINT('',(-27.15,-47.95,-1.));
#149 = VECTOR('',#150,1.);
#150 = DIRECTION('',(-4.E-17,-0.707106781187,-0.707106781187));
#151 = ORIENTED_EDGE('',*,*,#152,.T.);
#152 = EDGE_CURVE('',#145,#153,#155,.T.);
#153 = VERTEX_POINT('',#154);
#154 = CARTESIAN_POINT('',(27.15,-46.95,4.E-15));
#155 = LINE('',#156,#157);
#156 = CARTESIAN_POINT('',(-27.15,-46.95,0.));
#157 = VECTOR('',#158,1.);
#158 = DIRECTION('',(1.,0.,0.));
#159 = ORIENTED_EDGE('',*,*,#160,.T.);
#160 = EDGE_CURVE('',#153,#22,#161,.T.);
#161 = LINE('',#162,#163);
#162 = CARTESIAN_POINT('',(27.15,-47.45,-0.5));
#163 = VECTOR('',#164,1.);
#164 = DIRECTION('',(0.,-0.707106781187,-0.707106781187));
#165 = ORIENTED_EDGE('',*,*,#31,.F.);
#166 = PLANE('',#167);
#167 = AXIS2_PLACEMENT_3D('',#168,#169,#170);
#168 = CARTESIAN_POINT('',(-27.15,-47.45,-0.5));
#169 = DIRECTION('',(0.,-0.707106781187,0.707106781187));
#170 = DIRECTION('',(-1.,-0.,-0.));
#171 = ADVANCED_FACE('',(#172),#257,.F.);
#172 = FACE_BOUND('',#173,.F.);
#173 = EDGE_LOOP('',(#174,#182,#183,#184,#192,#201,#209,#217,#225,#234,
    #242,#251));
#174 = ORIENTED_EDGE('',*,*,#175,.F.);
#175 = EDGE_CURVE('',#90,#176,#178,.T.);
#176 = VERTEX_POINT('',#177);
#177 = CARTESIAN_POINT('',(4.32,-46.95,-6.7));
#178 = LINE('',#179,#180);
#179 = CARTESIAN_POINT('',(4.32,-23.975,-6.7));
#180 = VECTOR('',#181,1.);
#181 = DIRECTION('',(0.,1.,0.));
#182 = ORIENTED_EDGE('',*,*,#97,.T.);
#183 = ORIENTED_EDGE('',*,*,#112,.T.);
#184 = ORIENTED_EDGE('',*,*,#185,.T.);
#185 = EDGE_CURVE('',#113,#186,#188,.T.);
#186 = VERTEX_POINT('',#187);
#187 = CARTESIAN_POINT('',(38.35,36.75,-6.7));
#188 = LINE('',#189,#190);
#189 = CARTESIAN_POINT('',(38.35,-36.75,-6.7));
#190 = VECTOR('',#191,1.);
#191 = DIRECTION('',(0.,1.,0.));
#192 = ORIENTED_EDGE('',*,*,#193,.T.);
#193 = EDGE_CURVE('',#186,#194,#196,.T.);
#194 = VERTEX_POINT('',#195);
#195 = CARTESIAN_POINT('',(27.15,47.95,-6.7));
#196 = CIRCLE('',#197,11.2);
#197 = AXIS2_PLACEMENT_3D('',#198,#199,#200);
#198 = CARTESIAN_POINT('',(27.15,36.75,-6.7));
#199 = DIRECTION('',(0.,0.,1.));
#200 = DIRECTION('',(1.,0.,0.));
#201 = ORIENTED_EDGE('',*,*,#202,.T.);
#202 = EDGE_CURVE('',#194,#203,#205,.T.);
#203 = VERTEX_POINT('',#204);
#204 = CARTESIAN_POINT('',(20.907987240797,47.95,-6.7));
#205 = LINE('',#206,#207);
#206 = CARTESIAN_POINT('',(27.15,47.95,-6.7));
#207 = VECTOR('',#208,1.);
#208 = DIRECTION('',(-1.,0.,0.));
#209 = ORIENTED_EDGE('',*,*,#210,.F.);
#210 = EDGE_CURVE('',#211,#203,#213,.T.);
#211 = VERTEX_POINT('',#212);
#212 = CARTESIAN_POINT('',(20.907987240797,46.95,-6.7));
#213 = LINE('',#214,#215);
#214 = CARTESIAN_POINT('',(20.907987240797,47.95,-6.7));
#215 = VECTOR('',#216,1.);
#216 = DIRECTION('',(0.,1.,-2.2E-16));
#217 = ORIENTED_EDGE('',*,*,#218,.F.);
#218 = EDGE_CURVE('',#219,#211,#221,.T.);
#219 = VERTEX_POINT('',#220);
#220 = CARTESIAN_POINT('',(27.149999999997,46.95,-6.7));
#221 = LINE('',#222,#223);
#222 = CARTESIAN_POINT('',(27.149999999997,46.95,-6.7));
#223 = VECTOR('',#224,1.);
#224 = DIRECTION('',(-1.,0.,0.));
#225 = ORIENTED_EDGE('',*,*,#226,.F.);
#226 = EDGE_CURVE('',#227,#219,#229,.T.);
#227 = VERTEX_POINT('',#228);
#228 = CARTESIAN_POINT('',(37.349999999997,36.75,-6.7));
#229 = CIRCLE('',#230,10.2);
#230 = AXIS2_PLACEMENT_3D('',#231,#232,#233);
#231 = CARTESIAN_POINT('',(27.149999999997,36.75,-6.7));
#232 = DIRECTION('',(0.,0.,1.));
#233 = DIRECTION('',(1.,0.,0.));
#234 = ORIENTED_EDGE('',*,*,#235,.F.);
#235 = EDGE_CURVE('',#236,#227,#238,.T.);
#236 = VERTEX_POINT('',#237);
#237 = CARTESIAN_POINT('',(37.349999999997,-36.75,-6.7));
#238 = LINE('',#239,#240);
#239 = CARTESIAN_POINT('',(37.349999999997,-36.75,-6.7));
#240 = VECTOR('',#241,1.);
#241 = DIRECTION('',(0.,1.,0.));
#242 = ORIENTED_EDGE('',*,*,#243,.F.);
#243 = EDGE_CURVE('',#244,#236,#246,.T.);
#244 = VERTEX_POINT('',#245);
#245 = CARTESIAN_POINT('',(27.149999999997,-46.95,-6.7));
#246 = CIRCLE('',#247,10.2);
#247 = AXIS2_PLACEMENT_3D('',#248,#249,#250);
#248 = CARTESIAN_POINT('',(27.149999999997,-36.75,-6.7));
#249 = DIRECTION('',(0.,0.,1.));
#250 = DIRECTION('',(1.,0.,0.));
#251 = ORIENTED_EDGE('',*,*,#252,.F.);
#252 = EDGE_CURVE('',#176,#244,#253,.T.);
#253 = LINE('',#254,#255);
#254 = CARTESIAN_POINT('',(-27.15,-46.95,-6.7));
#255 = VECTOR('',#256,1.);
#256 = DIRECTION('',(1.,0.,0.));
#257 = PLANE('',#258);
#258 = AXIS2_PLACEMENT_3D('',#259,#260,#261);
#259 = CARTESIAN_POINT('',(-1.84E-15,-9.7E-15,-6.7));
#260 = DIRECTION('',(0.,0.,1.));
#261 = DIRECTION('',(1.,0.,0.));
#262 = ADVANCED_FACE('',(#263),#290,.T.);
#263 = FACE_BOUND('',#264,.T.);
#264 = EDGE_LOOP('',(#265,#275,#282,#283));
#265 = ORIENTED_EDGE('',*,*,#266,.T.);
#266 = EDGE_CURVE('',#267,#269,#271,.T.);
#267 = VERTEX_POINT('',#268);
#268 = CARTESIAN_POINT('',(-38.35,-36.75,-1.));
#269 = VERTEX_POINT('',#270);
#270 = CARTESIAN_POINT('',(-38.35,-36.75,-6.7));
#271 = LINE('',#272,#273);
#272 = CARTESIAN_POINT('',(-38.35,-36.75,0.));
#273 = VECTOR('',#274,1.);
#274 = DIRECTION('',(-0.,-0.,-1.));
#275 = ORIENTED_EDGE('',*,*,#276,.T.);
#276 = EDGE_CURVE('',#269,#40,#277,.T.);
#277 = CIRCLE('',#278,11.2);
#278 = AXIS2_PLACEMENT_3D('',#279,#280,#281);
#279 = CARTESIAN_POINT('',(-27.15,-36.75,-6.7));
#280 = DIRECTION('',(0.,0.,1.));
#281 = DIRECTION('',(1.,0.,0.));
#282 = ORIENTED_EDGE('',*,*,#39,.F.);
#283 = ORIENTED_EDGE('',*,*,#284,.F.);
#284 = EDGE_CURVE('',#267,#32,#285,.T.);
#285 = CIRCLE('',#286,11.2);
#286 = AXIS2_PLACEMENT_3D('',#287,#288,#289);
#287 = CARTESIAN_POINT('',(-27.15,-36.75,-1.));
#288 = DIRECTION('',(0.,0.,1.));
#289 = DIRECTION('',(-1.,0.,0.));
#290 = CYLINDRICAL_SURFACE('',#291,11.2);
#291 = AXIS2_PLACEMENT_3D('',#292,#293,#294);
#292 = CARTESIAN_POINT('',(-27.15,-36.75,0.));
#293 = DIRECTION('',(0.,0.,1.));
#294 = DIRECTION('',(1.,0.,0.));
#295 = ADVANCED_FACE('',(#296),#314,.F.);
#296 = FACE_BOUND('',#297,.F.);
#297 = EDGE_LOOP('',(#298,#299,#300,#308));
#298 = ORIENTED_EDGE('',*,*,#89,.F.);
#299 = ORIENTED_EDGE('',*,*,#175,.T.);
#300 = ORIENTED_EDGE('',*,*,#301,.T.);
#301 = EDGE_CURVE('',#176,#302,#304,.T.);
#302 = VERTEX_POINT('',#303);
#303 = CARTESIAN_POINT('',(4.32,-47.13560163693,-6.));
#304 = LINE('',#305,#306);
#305 = CARTESIAN_POINT('',(4.32,-47.10651142477,-6.109714272197));
#306 = VECTOR('',#307,1.);
#307 = DIRECTION('',(0.,-0.256289373133,0.966600102017));
#308 = ORIENTED_EDGE('',*,*,#309,.F.);
#309 = EDGE_CURVE('',#81,#302,#310,.T.);
#310 = LINE('',#311,#312);
#311 = CARTESIAN_POINT('',(4.32,-47.95,-6.));
#312 = VECTOR('',#313,1.);
#313 = DIRECTION('',(0.,1.,-2.2E-16));
#314 = PLANE('',#315);
#315 = AXIS2_PLACEMENT_3D('',#316,#317,#318);
#316 = CARTESIAN_POINT('',(4.32,-47.95,-7.2));
#317 = DIRECTION('',(1.,0.,0.));
#318 = DIRECTION('',(0.,2.2E-16,1.));
#319 = ADVANCED_FACE('',(#320),#371,.F.);
#320 = FACE_BOUND('',#321,.F.);
#321 = EDGE_LOOP('',(#322,#332,#340,#346,#347,#348,#356,#364));
#322 = ORIENTED_EDGE('',*,*,#323,.F.);
#323 = EDGE_CURVE('',#324,#326,#328,.T.);
#324 = VERTEX_POINT('',#325);
#325 = CARTESIAN_POINT('',(-37.35,-20.,-6.7));
#326 = VERTEX_POINT('',#327);
#327 = CARTESIAN_POINT('',(-37.35,-36.75,-6.7));
#328 = LINE('',#329,#330);
#329 = CARTESIAN_POINT('',(-37.35,36.75,-6.7));
#330 = VECTOR('',#331,1.);
#331 = DIRECTION('',(0.,-1.,0.));
#332 = ORIENTED_EDGE('',*,*,#333,.F.);
#333 = EDGE_CURVE('',#334,#324,#336,.T.);
#334 = VERTEX_POINT('',#335);
#335 = CARTESIAN_POINT('',(-38.35,-20.,-6.7));
#336 = LINE('',#337,#338);
#337 = CARTESIAN_POINT('',(-38.35,-20.,-6.7));
#338 = VECTOR('',#339,1.);
#339 = DIRECTION('',(1.,0.,0.));
#340 = ORIENTED_EDGE('',*,*,#341,.T.);
#341 = EDGE_CURVE('',#334,#269,#342,.T.);
#342 = LINE('',#343,#344);
#343 = CARTESIAN_POINT('',(-38.35,36.75,-6.7));
#344 = VECTOR('',#345,1.);
#345 = DIRECTION('',(0.,-1.,0.));
#346 = ORIENTED_EDGE('',*,*,#276,.T.);
#347 = ORIENTED_EDGE('',*,*,#47,.T.);
#348 = ORIENTED_EDGE('',*,*,#349,.F.);
#349 = EDGE_CURVE('',#350,#48,#352,.T.);
#350 = VERTEX_POINT('',#351);
#351 = CARTESIAN_POINT('',(-4.82,-46.95,-6.7));
#352 = LINE('',#353,#354);
#353 = CARTESIAN_POINT('',(-4.82,-23.975,-6.7));
#354 = VECTOR('',#355,1.);
#355 = DIRECTION('',(0.,-1.,0.));
#356 = ORIENTED_EDGE('',*,*,#357,.F.);
#357 = EDGE_CURVE('',#358,#350,#360,.T.);
#358 = VERTEX_POINT('',#359);
#359 = CARTESIAN_POINT('',(-27.15,-46.95,-6.7));
#360 = LINE('',#361,#362);
#361 = CARTESIAN_POINT('',(-27.15,-46.95,-6.7));
#362 = VECTOR('',#363,1.);
#363 = DIRECTION('',(1.,0.,0.));
#364 = ORIENTED_EDGE('',*,*,#365,.F.);
#365 = EDGE_CURVE('',#326,#358,#366,.T.);
#366 = CIRCLE('',#367,10.2);
#367 = AXIS2_PLACEMENT_3D('',#368,#369,#370);
#368 = CARTESIAN_POINT('',(-27.15,-36.75,-6.7));
#369 = DIRECTION('',(0.,0.,1.));
#370 = DIRECTION('',(1.,0.,0.));
#371 = PLANE('',#372);
#372 = AXIS2_PLACEMENT_3D('',#373,#374,#375);
#373 = CARTESIAN_POINT('',(-1.84E-15,-9.7E-15,-6.7));
#374 = DIRECTION('',(0.,0.,1.));
#375 = DIRECTION('',(1.,0.,0.));
#376 = ADVANCED_FACE('',(#377),#413,.F.);
#377 = FACE_BOUND('',#378,.F.);
#378 = EDGE_LOOP('',(#379,#380,#381,#390,#398,#407));
#379 = ORIENTED_EDGE('',*,*,#80,.F.);
#380 = ORIENTED_EDGE('',*,*,#309,.T.);
#381 = ORIENTED_EDGE('',*,*,#382,.T.);
#382 = EDGE_CURVE('',#302,#383,#385,.T.);
#383 = VERTEX_POINT('',#384);
#384 = CARTESIAN_POINT('',(4.068528137424,-47.32120327387,-5.3));
#385 = ELLIPSE('',#386,1.13800939779,1.1);
#386 = AXIS2_PLACEMENT_3D('',#387,#388,#389);
#387 = CARTESIAN_POINT('',(3.22,-47.13560163693,-6.));
#388 = DIRECTION('',(-0.,-0.966600102017,-0.256289373133));
#389 = DIRECTION('',(0.,-0.256289373133,0.966600102017));
#390 = ORIENTED_EDGE('',*,*,#391,.F.);
#391 = EDGE_CURVE('',#392,#383,#394,.T.);
#392 = VERTEX_POINT('',#393);
#393 = CARTESIAN_POINT('',(4.068528137424,-45.75,-5.3));
#394 = LINE('',#395,#396);
#395 = CARTESIAN_POINT('',(4.068528137424,-47.95,-5.3));
#396 = VECTOR('',#397,1.);
#397 = DIRECTION('',(0.,-1.,2.2E-16));
#398 = ORIENTED_EDGE('',*,*,#399,.T.);
#399 = EDGE_CURVE('',#392,#400,#402,.T.);
#400 = VERTEX_POINT('',#401);
#401 = CARTESIAN_POINT('',(3.22,-45.75,-4.9));
#402 = CIRCLE('',#403,1.1);
#403 = AXIS2_PLACEMENT_3D('',#404,#405,#406);
#404 = CARTESIAN_POINT('',(3.22,-45.75,-6.));
#405 = DIRECTION('',(0.,-1.,0.));
#406 = DIRECTION('',(1.,0.,0.));
#407 = ORIENTED_EDGE('',*,*,#408,.F.);
#408 = EDGE_CURVE('',#73,#400,#409,.T.);
#409 = LINE('',#410,#411);
#410 = CARTESIAN_POINT('',(3.22,-47.95,-4.9));
#411 = VECTOR('',#412,1.);
#412 = DIRECTION('',(0.,1.,-2.2E-16));
#413 = CYLINDRICAL_SURFACE('',#414,1.1);
#414 = AXIS2_PLACEMENT_3D('',#415,#416,#417);
#415 = CARTESIAN_POINT('',(3.22,-47.95,-6.));
#416 = DIRECTION('',(0.,-1.,2.2E-16));
#417 = DIRECTION('',(1.,0.,0.));
#418 = ADVANCED_FACE('',(#419),#437,.F.);
#419 = FACE_BOUND('',#420,.F.);
#420 = EDGE_LOOP('',(#421,#422,#430,#436));
#421 = ORIENTED_EDGE('',*,*,#55,.F.);
#422 = ORIENTED_EDGE('',*,*,#423,.T.);
#423 = EDGE_CURVE('',#56,#424,#426,.T.);
#424 = VERTEX_POINT('',#425);
#425 = CARTESIAN_POINT('',(-4.82,-47.13560163693,-6.));
#426 = LINE('',#427,#428);
#427 = CARTESIAN_POINT('',(-4.82,-47.95,-6.));
#428 = VECTOR('',#429,1.);
#429 = DIRECTION('',(0.,1.,-2.2E-16));
#430 = ORIENTED_EDGE('',*,*,#431,.T.);
#431 = EDGE_CURVE('',#424,#350,#432,.T.);
#432 = LINE('',#433,#434);
#433 = CARTESIAN_POINT('',(-4.82,-47.2551490253,-5.549124817866));
#434 = VECTOR('',#435,1.);
#435 = DIRECTION('',(0.,0.256289373133,-0.966600102017));
#436 = ORIENTED_EDGE('',*,*,#349,.T.);
#437 = PLANE('',#438);
#438 = AXIS2_PLACEMENT_3D('',#439,#440,#441);
#439 = CARTESIAN_POINT('',(-4.82,-47.95,-6.));
#440 = DIRECTION('',(-1.,0.,0.));
#441 = DIRECTION('',(-0.,-2.2E-16,-1.));
#442 = ADVANCED_FACE('',(#443),#461,.F.);
#443 = FACE_BOUND('',#444,.F.);
#444 = EDGE_LOOP('',(#445,#446,#454,#460));
#445 = ORIENTED_EDGE('',*,*,#408,.T.);
#446 = ORIENTED_EDGE('',*,*,#447,.T.);
#447 = EDGE_CURVE('',#400,#448,#450,.T.);
#448 = VERTEX_POINT('',#449);
#449 = CARTESIAN_POINT('',(-3.72,-45.75,-4.9));
#450 = LINE('',#451,#452);
#451 = CARTESIAN_POINT('',(3.22,-45.75,-4.9));
#452 = VECTOR('',#453,1.);
#453 = DIRECTION('',(-1.,0.,0.));
#454 = ORIENTED_EDGE('',*,*,#455,.F.);
#455 = EDGE_CURVE('',#64,#448,#456,.T.);
#456 = LINE('',#457,#458);
#457 = CARTESIAN_POINT('',(-3.72,-47.95,-4.9));
#458 = VECTOR('',#459,1.);
#459 = DIRECTION('',(0.,1.,-2.2E-16));
#460 = ORIENTED_EDGE('',*,*,#72,.F.);
#461 = PLANE('',#462);
#462 = AXIS2_PLACEMENT_3D('',#463,#464,#465);
#463 = CARTESIAN_POINT('',(3.22,-47.95,-4.9));
#464 = DIRECTION('',(0.,2.2E-16,1.));
#465 = DIRECTION('',(-1.,0.,0.));
#466 = ADVANCED_FACE('',(#467),#496,.F.);
#467 = FACE_BOUND('',#468,.F.);
#468 = EDGE_LOOP('',(#469,#470,#471,#480,#488,#495));
#469 = ORIENTED_EDGE('',*,*,#63,.F.);
#470 = ORIENTED_EDGE('',*,*,#455,.T.);
#471 = ORIENTED_EDGE('',*,*,#472,.T.);
#472 = EDGE_CURVE('',#448,#473,#475,.T.);
#473 = VERTEX_POINT('',#474);
#474 = CARTESIAN_POINT('',(-4.568528137424,-45.75,-5.3));
#475 = CIRCLE('',#476,1.1);
#476 = AXIS2_PLACEMENT_3D('',#477,#478,#479);
#477 = CARTESIAN_POINT('',(-3.72,-45.75,-6.));
#478 = DIRECTION('',(0.,-1.,0.));
#479 = DIRECTION('',(1.,0.,0.));
#480 = ORIENTED_EDGE('',*,*,#481,.T.);
#481 = EDGE_CURVE('',#473,#482,#484,.T.);
#482 = VERTEX_POINT('',#483);
#483 = CARTESIAN_POINT('',(-4.568528137424,-47.32120327387,-5.3));
#484 = LINE('',#485,#486);
#485 = CARTESIAN_POINT('',(-4.568528137424,-47.95,-5.3));
#486 = VECTOR('',#487,1.);
#487 = DIRECTION('',(0.,-1.,2.2E-16));
#488 = ORIENTED_EDGE('',*,*,#489,.T.);
#489 = EDGE_CURVE('',#482,#424,#490,.T.);
#490 = ELLIPSE('',#491,1.13800939779,1.1);
#491 = AXIS2_PLACEMENT_3D('',#492,#493,#494);
#492 = CARTESIAN_POINT('',(-3.72,-47.13560163693,-6.));
#493 = DIRECTION('',(-0.,-0.966600102017,-0.256289373133));
#494 = DIRECTION('',(0.,-0.256289373133,0.966600102017));
#495 = ORIENTED_EDGE('',*,*,#423,.F.);
#496 = CYLINDRICAL_SURFACE('',#497,1.1);
#497 = AXIS2_PLACEMENT_3D('',#498,#499,#500);
#498 = CARTESIAN_POINT('',(-3.72,-47.95,-6.));
#499 = DIRECTION('',(0.,-1.,2.2E-16));
#500 = DIRECTION('',(1.,0.,0.));
#501 = ADVANCED_FACE('',(#502),#521,.T.);
#502 = FACE_BOUND('',#503,.F.);
#503 = EDGE_LOOP('',(#504,#505,#514,#520));
#504 = ORIENTED_EDGE('',*,*,#160,.F.);
#505 = ORIENTED_EDGE('',*,*,#506,.T.);
#506 = EDGE_CURVE('',#153,#507,#509,.T.);
#507 = VERTEX_POINT('',#508);
#508 = CARTESIAN_POINT('',(37.35,-36.75,0.));
#509 = CIRCLE('',#510,10.2);
#510 = AXIS2_PLACEMENT_3D('',#511,#512,#513);
#511 = CARTESIAN_POINT('',(27.15,-36.75,0.));
#512 = DIRECTION('',(0.,0.,1.));
#513 = DIRECTION('',(-3.2E-16,-1.,0.));
#514 = ORIENTED_EDGE('',*,*,#515,.T.);
#515 = EDGE_CURVE('',#507,#122,#516,.T.);
#516 = LINE('',#517,#518);
#517 = CARTESIAN_POINT('',(38.35,-36.75,-1.));
#518 = VECTOR('',#519,1.);
#519 = DIRECTION('',(0.707106781187,-2.7E-16,-0.707106781187));
#520 = ORIENTED_EDGE('',*,*,#129,.F.);
#521 = CONICAL_SURFACE('',#522,11.2,0.785398163397);
#522 = AXIS2_PLACEMENT_3D('',#523,#524,#525);
#523 = CARTESIAN_POINT('',(27.15,-36.75,-1.));
#524 = DIRECTION('',(-0.,-0.,-1.));
#525 = DIRECTION('',(-3.2E-16,-1.,0.));
#526 = ADVANCED_FACE('',(#527),#545,.T.);
#527 = FACE_BOUND('',#528,.T.);
#528 = EDGE_LOOP('',(#529,#530,#531,#539));
#529 = ORIENTED_EDGE('',*,*,#121,.T.);
#530 = ORIENTED_EDGE('',*,*,#185,.T.);
#531 = ORIENTED_EDGE('',*,*,#532,.F.);
#532 = EDGE_CURVE('',#533,#186,#535,.T.);
#533 = VERTEX_POINT('',#534);
#534 = CARTESIAN_POINT('',(38.35,36.75,-1.));
#535 = LINE('',#536,#537);
#536 = CARTESIAN_POINT('',(38.35,36.75,0.));
#537 = VECTOR('',#538,1.);
#538 = DIRECTION('',(-0.,-0.,-1.));
#539 = ORIENTED_EDGE('',*,*,#540,.F.);
#540 = EDGE_CURVE('',#122,#533,#541,.T.);
#541 = LINE('',#542,#543);
#542 = CARTESIAN_POINT('',(38.35,-36.75,-1.));
#543 = VECTOR('',#544,1.);
#544 = DIRECTION('',(0.,1.,0.));
#545 = PLANE('',#546);
#546 = AXIS2_PLACEMENT_3D('',#547,#548,#549);
#547 = CARTESIAN_POINT('',(38.35,-36.75,0.));
#548 = DIRECTION('',(1.,0.,0.));
#549 = DIRECTION('',(0.,1.,0.));
#550 = ADVANCED_FACE('',(#551),#570,.T.);
#551 = FACE_BOUND('',#552,.F.);
#552 = EDGE_LOOP('',(#553,#561,#568,#569));
#553 = ORIENTED_EDGE('',*,*,#554,.F.);
#554 = EDGE_CURVE('',#555,#267,#557,.T.);
#555 = VERTEX_POINT('',#556);
#556 = CARTESIAN_POINT('',(-37.35,-36.75,-1.E-15));
#557 = LINE('',#558,#559);
#558 = CARTESIAN_POINT('',(-37.85,-36.75,-0.5));
#559 = VECTOR('',#560,1.);
#560 = DIRECTION('',(-0.707106781187,-0.,-0.707106781187));
#561 = ORIENTED_EDGE('',*,*,#562,.T.);
#562 = EDGE_CURVE('',#555,#145,#563,.T.);
#563 = CIRCLE('',#564,10.2);
#564 = AXIS2_PLACEMENT_3D('',#565,#566,#567);
#565 = CARTESIAN_POINT('',(-27.15,-36.75,0.));
#566 = DIRECTION('',(0.,0.,1.));
#567 = DIRECTION('',(-1.,0.,0.));
#568 = ORIENTED_EDGE('',*,*,#144,.T.);
#569 = ORIENTED_EDGE('',*,*,#284,.F.);
#570 = CONICAL_SURFACE('',#571,11.2,0.785398163397);
#571 = AXIS2_PLACEMENT_3D('',#572,#573,#574);
#572 = CARTESIAN_POINT('',(-27.15,-36.75,-1.));
#573 = DIRECTION('',(-0.,-0.,-1.));
#574 = DIRECTION('',(-1.,0.,0.));
#575 = ADVANCED_FACE('',(#576,#621,#655,#689,#723,#757,#791,#825,#859,
    #893,#927,#961,#995,#1097,#1167,#1237,#1307,#1377,#1447,#1549,#1619,
    #1689,#1759,#1829,#1840),#1851,.T.);
#576 = FACE_BOUND('',#577,.T.);
#577 = EDGE_LOOP('',(#578,#586,#587,#588,#589,#597,#606,#614));
#578 = ORIENTED_EDGE('',*,*,#579,.T.);
#579 = EDGE_CURVE('',#580,#555,#582,.T.);
#580 = VERTEX_POINT('',#581);
#581 = CARTESIAN_POINT('',(-37.35,36.75,-1.E-15));
#582 = LINE('',#583,#584);
#583 = CARTESIAN_POINT('',(-37.35,36.75,0.));
#584 = VECTOR('',#585,1.);
#585 = DIRECTION('',(0.,-1.,0.));
#586 = ORIENTED_EDGE('',*,*,#562,.T.);
#587 = ORIENTED_EDGE('',*,*,#152,.T.);
#588 = ORIENTED_EDGE('',*,*,#506,.T.);
#589 = ORIENTED_EDGE('',*,*,#590,.T.);
#590 = EDGE_CURVE('',#507,#591,#593,.T.);
#591 = VERTEX_POINT('',#592);
#592 = CARTESIAN_POINT('',(37.35,36.75,-1.E-15));
#593 = LINE('',#594,#595);
#594 = CARTESIAN_POINT('',(37.35,-36.75,0.));
#595 = VECTOR('',#596,1.);
#596 = DIRECTION('',(0.,1.,0.));
#597 = ORIENTED_EDGE('',*,*,#598,.T.);
#598 = EDGE_CURVE('',#591,#599,#601,.T.);
#599 = VERTEX_POINT('',#600);
#600 = CARTESIAN_POINT('',(27.15,46.95,0.));
#601 = CIRCLE('',#602,10.2);
#602 = AXIS2_PLACEMENT_3D('',#603,#604,#605);
#603 = CARTESIAN_POINT('',(27.15,36.75,0.));
#604 = DIRECTION('',(0.,0.,1.));
#605 = DIRECTION('',(1.,0.,0.));
#606 = ORIENTED_EDGE('',*,*,#607,.T.);
#607 = EDGE_CURVE('',#599,#608,#610,.T.);
#608 = VERTEX_POINT('',#609);
#609 = CARTESIAN_POINT('',(-27.15,46.95,-1.E-15));
#610 = LINE('',#611,#612);
#611 = CARTESIAN_POINT('',(27.15,46.95,0.));
#612 = VECTOR('',#613,1.);
#613 = DIRECTION('',(-1.,0.,0.));
#614 = ORIENTED_EDGE('',*,*,#615,.T.);
#615 = EDGE_CURVE('',#608,#580,#616,.T.);
#616 = CIRCLE('',#617,10.2);
#617 = AXIS2_PLACEMENT_3D('',#618,#619,#620);
#618 = CARTESIAN_POINT('',(-27.15,36.75,0.));
#619 = DIRECTION('',(0.,-0.,1.));
#620 = DIRECTION('',(0.,1.,0.));
#621 = FACE_BOUND('',#622,.T.);
#622 = EDGE_LOOP('',(#623,#633,#641,#649));
#623 = ORIENTED_EDGE('',*,*,#624,.F.);
#624 = EDGE_CURVE('',#625,#627,#629,.T.);
#625 = VERTEX_POINT('',#626);
#626 = CARTESIAN_POINT('',(-24.,-33.49999999998,0.));
#627 = VERTEX_POINT('',#628);
#628 = CARTESIAN_POINT('',(-24.,-34.99999999998,0.));
#629 = LINE('',#630,#631);
#630 = CARTESIAN_POINT('',(-24.,-33.49999999998,0.));
#631 = VECTOR('',#632,1.);
#632 = DIRECTION('',(0.,-1.,0.));
#633 = ORIENTED_EDGE('',*,*,#634,.F.);
#634 = EDGE_CURVE('',#635,#625,#637,.T.);
#635 = VERTEX_POINT('',#636);
#636 = CARTESIAN_POINT('',(24.,-33.49999999998,0.));
#637 = LINE('',#638,#639);
#638 = CARTESIAN_POINT('',(24.,-33.49999999998,0.));
#639 = VECTOR('',#640,1.);
#640 = DIRECTION('',(-1.,0.,0.));
#641 = ORIENTED_EDGE('',*,*,#642,.F.);
#642 = EDGE_CURVE('',#643,#635,#645,.T.);
#643 = VERTEX_POINT('',#644);
#644 = CARTESIAN_POINT('',(24.,-34.99999999998,0.));
#645 = LINE('',#646,#647);
#646 = CARTESIAN_POINT('',(24.,-34.99999999998,0.));
#647 = VECTOR('',#648,1.);
#648 = DIRECTION('',(0.,1.,0.));
#649 = ORIENTED_EDGE('',*,*,#650,.F.);
#650 = EDGE_CURVE('',#627,#643,#651,.T.);
#651 = LINE('',#652,#653);
#652 = CARTESIAN_POINT('',(-24.,-34.99999999998,0.));
#653 = VECTOR('',#654,1.);
#654 = DIRECTION('',(1.,0.,0.));
#655 = FACE_BOUND('',#656,.T.);
#656 = EDGE_LOOP('',(#657,#667,#675,#683));
#657 = ORIENTED_EDGE('',*,*,#658,.F.);
#658 = EDGE_CURVE('',#659,#661,#663,.T.);
#659 = VERTEX_POINT('',#660);
#660 = CARTESIAN_POINT('',(-27.,-30.49999999998,0.));
#661 = VERTEX_POINT('',#662);
#662 = CARTESIAN_POINT('',(-27.,-31.99999999998,0.));
#663 = LINE('',#664,#665);
#664 = CARTESIAN_POINT('',(-27.,-30.49999999998,0.));
#665 = VECTOR('',#666,1.);
#666 = DIRECTION('',(0.,-1.,0.));
#667 = ORIENTED_EDGE('',*,*,#668,.F.);
#668 = EDGE_CURVE('',#669,#659,#671,.T.);
#669 = VERTEX_POINT('',#670);
#670 = CARTESIAN_POINT('',(27.,-30.49999999998,0.));
#671 = LINE('',#672,#673);
#672 = CARTESIAN_POINT('',(27.,-30.49999999998,0.));
#673 = VECTOR('',#674,1.);
#674 = DIRECTION('',(-1.,0.,0.));
#675 = ORIENTED_EDGE('',*,*,#676,.F.);
#676 = EDGE_CURVE('',#677,#669,#679,.T.);
#677 = VERTEX_POINT('',#678);
#678 = CARTESIAN_POINT('',(27.,-31.99999999998,0.));
#679 = LINE('',#680,#681);
#680 = CARTESIAN_POINT('',(27.,-31.99999999998,0.));
#681 = VECTOR('',#682,1.);
#682 = DIRECTION('',(0.,1.,0.));
#683 = ORIENTED_EDGE('',*,*,#684,.F.);
#684 = EDGE_CURVE('',#661,#677,#685,.T.);
#685 = LINE('',#686,#687);
#686 = CARTESIAN_POINT('',(-27.,-31.99999999998,0.));
#687 = VECTOR('',#688,1.);
#688 = DIRECTION('',(1.,0.,0.));
#689 = FACE_BOUND('',#690,.T.);
#690 = EDGE_LOOP('',(#691,#701,#709,#717));
#691 = ORIENTED_EDGE('',*,*,#692,.F.);
#692 = EDGE_CURVE('',#693,#695,#697,.T.);
#693 = VERTEX_POINT('',#694);
#694 = CARTESIAN_POINT('',(-28.,-27.5,0.));
#695 = VERTEX_POINT('',#696);
#696 = CARTESIAN_POINT('',(-28.,-28.99999999998,0.));
#697 = LINE('',#698,#699);
#698 = CARTESIAN_POINT('',(-28.,-27.5,0.));
#699 = VECTOR('',#700,1.);
#700 = DIRECTION('',(0.,-1.,0.));
#701 = ORIENTED_EDGE('',*,*,#702,.F.);
#702 = EDGE_CURVE('',#703,#693,#705,.T.);
#703 = VERTEX_POINT('',#704);
#704 = CARTESIAN_POINT('',(28.,-27.5,0.));
#705 = LINE('',#706,#707);
#706 = CARTESIAN_POINT('',(28.,-27.5,0.));
#707 = VECTOR('',#708,1.);
#708 = DIRECTION('',(-1.,0.,0.));
#709 = ORIENTED_EDGE('',*,*,#710,.F.);
#710 = EDGE_CURVE('',#711,#703,#713,.T.);
#711 = VERTEX_POINT('',#712);
#712 = CARTESIAN_POINT('',(28.,-28.99999999998,0.));
#713 = LINE('',#714,#715);
#714 = CARTESIAN_POINT('',(28.,-28.99999999998,0.));
#715 = VECTOR('',#716,1.);
#716 = DIRECTION('',(0.,1.,0.));
#717 = ORIENTED_EDGE('',*,*,#718,.F.);
#718 = EDGE_CURVE('',#695,#711,#719,.T.);
#719 = LINE('',#720,#721);
#720 = CARTESIAN_POINT('',(-28.,-28.99999999998,0.));
#721 = VECTOR('',#722,1.);
#722 = DIRECTION('',(1.,0.,0.));
#723 = FACE_BOUND('',#724,.T.);
#724 = EDGE_LOOP('',(#725,#735,#743,#751));
#725 = ORIENTED_EDGE('',*,*,#726,.F.);
#726 = EDGE_CURVE('',#727,#729,#731,.T.);
#727 = VERTEX_POINT('',#728);
#728 = CARTESIAN_POINT('',(-29.4,-24.5,0.));
#729 = VERTEX_POINT('',#730);
#730 = CARTESIAN_POINT('',(-29.4,-26.,0.));
#731 = LINE('',#732,#733);
#732 = CARTESIAN_POINT('',(-29.4,-24.5,0.));
#733 = VECTOR('',#734,1.);
#734 = DIRECTION('',(0.,-1.,0.));
#735 = ORIENTED_EDGE('',*,*,#736,.F.);
#736 = EDGE_CURVE('',#737,#727,#739,.T.);
#737 = VERTEX_POINT('',#738);
#738 = CARTESIAN_POINT('',(29.4,-24.5,0.));
#739 = LINE('',#740,#741);
#740 = CARTESIAN_POINT('',(29.4,-24.5,0.));
#741 = VECTOR('',#742,1.);
#742 = DIRECTION('',(-1.,0.,0.));
#743 = ORIENTED_EDGE('',*,*,#744,.F.);
#744 = EDGE_CURVE('',#745,#737,#747,.T.);
#745 = VERTEX_POINT('',#746);
#746 = CARTESIAN_POINT('',(29.4,-26.,0.));
#747 = LINE('',#748,#749);
#748 = CARTESIAN_POINT('',(29.4,-26.,0.));
#749 = VECTOR('',#750,1.);
#750 = DIRECTION('',(0.,1.,0.));
#751 = ORIENTED_EDGE('',*,*,#752,.F.);
#752 = EDGE_CURVE('',#729,#745,#753,.T.);
#753 = LINE('',#754,#755);
#754 = CARTESIAN_POINT('',(-29.4,-26.,0.));
#755 = VECTOR('',#756,1.);
#756 = DIRECTION('',(1.,0.,0.));
#757 = FACE_BOUND('',#758,.T.);
#758 = EDGE_LOOP('',(#759,#769,#777,#785));
#759 = ORIENTED_EDGE('',*,*,#760,.F.);
#760 = EDGE_CURVE('',#761,#763,#765,.T.);
#761 = VERTEX_POINT('',#762);
#762 = CARTESIAN_POINT('',(-29.4,-21.5,0.));
#763 = VERTEX_POINT('',#764);
#764 = CARTESIAN_POINT('',(-29.4,-23.,0.));
#765 = LINE('',#766,#767);
#766 = CARTESIAN_POINT('',(-29.4,-21.5,0.));
#767 = VECTOR('',#768,1.);
#768 = DIRECTION('',(0.,-1.,0.));
#769 = ORIENTED_EDGE('',*,*,#770,.F.);
#770 = EDGE_CURVE('',#771,#761,#773,.T.);
#771 = VERTEX_POINT('',#772);
#772 = CARTESIAN_POINT('',(29.4,-21.5,0.));
#773 = LINE('',#774,#775);
#774 = CARTESIAN_POINT('',(29.4,-21.5,0.));
#775 = VECTOR('',#776,1.);
#776 = DIRECTION('',(-1.,0.,0.));
#777 = ORIENTED_EDGE('',*,*,#778,.F.);
#778 = EDGE_CURVE('',#779,#771,#781,.T.);
#779 = VERTEX_POINT('',#780);
#780 = CARTESIAN_POINT('',(29.4,-23.,0.));
#781 = LINE('',#782,#783);
#782 = CARTESIAN_POINT('',(29.4,-23.,0.));
#783 = VECTOR('',#784,1.);
#784 = DIRECTION('',(0.,1.,0.));
#785 = ORIENTED_EDGE('',*,*,#786,.F.);
#786 = EDGE_CURVE('',#763,#779,#787,.T.);
#787 = LINE('',#788,#789);
#788 = CARTESIAN_POINT('',(-29.4,-23.,0.));
#789 = VECTOR('',#790,1.);
#790 = DIRECTION('',(1.,0.,0.));
#791 = FACE_BOUND('',#792,.T.);
#792 = EDGE_LOOP('',(#793,#803,#811,#819));
#793 = ORIENTED_EDGE('',*,*,#794,.F.);
#794 = EDGE_CURVE('',#795,#797,#799,.T.);
#795 = VERTEX_POINT('',#796);
#796 = CARTESIAN_POINT('',(29.4,-20.,0.));
#797 = VERTEX_POINT('',#798);
#798 = CARTESIAN_POINT('',(29.4,-18.5,0.));
#799 = LINE('',#800,#801);
#800 = CARTESIAN_POINT('',(29.4,-20.,0.));
#801 = VECTOR('',#802,1.);
#802 = DIRECTION('',(0.,1.,0.));
#803 = ORIENTED_EDGE('',*,*,#804,.F.);
#804 = EDGE_CURVE('',#805,#795,#807,.T.);
#805 = VERTEX_POINT('',#806);
#806 = CARTESIAN_POINT('',(-29.4,-20.,0.));
#807 = LINE('',#808,#809);
#808 = CARTESIAN_POINT('',(-29.4,-20.,0.));
#809 = VECTOR('',#810,1.);
#810 = DIRECTION('',(1.,0.,0.));
#811 = ORIENTED_EDGE('',*,*,#812,.F.);
#812 = EDGE_CURVE('',#813,#805,#815,.T.);
#813 = VERTEX_POINT('',#814);
#814 = CARTESIAN_POINT('',(-29.4,-18.5,0.));
#815 = LINE('',#816,#817);
#816 = CARTESIAN_POINT('',(-29.4,-18.5,0.));
#817 = VECTOR('',#818,1.);
#818 = DIRECTION('',(0.,-1.,0.));
#819 = ORIENTED_EDGE('',*,*,#820,.F.);
#820 = EDGE_CURVE('',#797,#813,#821,.T.);
#821 = LINE('',#822,#823);
#822 = CARTESIAN_POINT('',(29.4,-18.5,0.));
#823 = VECTOR('',#824,1.);
#824 = DIRECTION('',(-1.,0.,0.));
#825 = FACE_BOUND('',#826,.T.);
#826 = EDGE_LOOP('',(#827,#837,#845,#853));
#827 = ORIENTED_EDGE('',*,*,#828,.F.);
#828 = EDGE_CURVE('',#829,#831,#833,.T.);
#829 = VERTEX_POINT('',#830);
#830 = CARTESIAN_POINT('',(-29.4,-15.5,0.));
#831 = VERTEX_POINT('',#832);
#832 = CARTESIAN_POINT('',(-29.4,-17.,0.));
#833 = LINE('',#834,#835);
#834 = CARTESIAN_POINT('',(-29.4,-15.5,0.));
#835 = VECTOR('',#836,1.);
#836 = DIRECTION('',(0.,-1.,0.));
#837 = ORIENTED_EDGE('',*,*,#838,.F.);
#838 = EDGE_CURVE('',#839,#829,#841,.T.);
#839 = VERTEX_POINT('',#840);
#840 = CARTESIAN_POINT('',(29.4,-15.5,0.));
#841 = LINE('',#842,#843);
#842 = CARTESIAN_POINT('',(29.4,-15.5,0.));
#843 = VECTOR('',#844,1.);
#844 = DIRECTION('',(-1.,0.,0.));
#845 = ORIENTED_EDGE('',*,*,#846,.F.);
#846 = EDGE_CURVE('',#847,#839,#849,.T.);
#847 = VERTEX_POINT('',#848);
#848 = CARTESIAN_POINT('',(29.4,-17.,0.));
#849 = LINE('',#850,#851);
#850 = CARTESIAN_POINT('',(29.4,-17.,0.));
#851 = VECTOR('',#852,1.);
#852 = DIRECTION('',(0.,1.,0.));
#853 = ORIENTED_EDGE('',*,*,#854,.F.);
#854 = EDGE_CURVE('',#831,#847,#855,.T.);
#855 = LINE('',#856,#857);
#856 = CARTESIAN_POINT('',(-29.4,-17.,0.));
#857 = VECTOR('',#858,1.);
#858 = DIRECTION('',(1.,0.,0.));
#859 = FACE_BOUND('',#860,.T.);
#860 = EDGE_LOOP('',(#861,#871,#879,#887));
#861 = ORIENTED_EDGE('',*,*,#862,.F.);
#862 = EDGE_CURVE('',#863,#865,#867,.T.);
#863 = VERTEX_POINT('',#864);
#864 = CARTESIAN_POINT('',(29.4,-14.,0.));
#865 = VERTEX_POINT('',#866);
#866 = CARTESIAN_POINT('',(29.4,-12.5,0.));
#867 = LINE('',#868,#869);
#868 = CARTESIAN_POINT('',(29.4,-14.,0.));
#869 = VECTOR('',#870,1.);
#870 = DIRECTION('',(0.,1.,0.));
#871 = ORIENTED_EDGE('',*,*,#872,.F.);
#872 = EDGE_CURVE('',#873,#863,#875,.T.);
#873 = VERTEX_POINT('',#874);
#874 = CARTESIAN_POINT('',(-29.4,-14.,0.));
#875 = LINE('',#876,#877);
#876 = CARTESIAN_POINT('',(-29.4,-14.,0.));
#877 = VECTOR('',#878,1.);
#878 = DIRECTION('',(1.,0.,0.));
#879 = ORIENTED_EDGE('',*,*,#880,.F.);
#880 = EDGE_CURVE('',#881,#873,#883,.T.);
#881 = VERTEX_POINT('',#882);
#882 = CARTESIAN_POINT('',(-29.4,-12.5,0.));
#883 = LINE('',#884,#885);
#884 = CARTESIAN_POINT('',(-29.4,-12.5,0.));
#885 = VECTOR('',#886,1.);
#886 = DIRECTION('',(0.,-1.,0.));
#887 = ORIENTED_EDGE('',*,*,#888,.F.);
#888 = EDGE_CURVE('',#865,#881,#889,.T.);
#889 = LINE('',#890,#891);
#890 = CARTESIAN_POINT('',(29.4,-12.5,0.));
#891 = VECTOR('',#892,1.);
#892 = DIRECTION('',(-1.,0.,0.));
#893 = FACE_BOUND('',#894,.T.);
#894 = EDGE_LOOP('',(#895,#905,#913,#921));
#895 = ORIENTED_EDGE('',*,*,#896,.F.);
#896 = EDGE_CURVE('',#897,#899,#901,.T.);
#897 = VERTEX_POINT('',#898);
#898 = CARTESIAN_POINT('',(-29.4,-9.5,0.));
#899 = VERTEX_POINT('',#900);
#900 = CARTESIAN_POINT('',(-29.4,-11.,0.));
#901 = LINE('',#902,#903);
#902 = CARTESIAN_POINT('',(-29.4,-9.5,0.));
#903 = VECTOR('',#904,1.);
#904 = DIRECTION('',(0.,-1.,0.));
#905 = ORIENTED_EDGE('',*,*,#906,.F.);
#906 = EDGE_CURVE('',#907,#897,#909,.T.);
#907 = VERTEX_POINT('',#908);
#908 = CARTESIAN_POINT('',(29.4,-9.5,0.));
#909 = LINE('',#910,#911);
#910 = CARTESIAN_POINT('',(29.4,-9.5,0.));
#911 = VECTOR('',#912,1.);
#912 = DIRECTION('',(-1.,0.,0.));
#913 = ORIENTED_EDGE('',*,*,#914,.F.);
#914 = EDGE_CURVE('',#915,#907,#917,.T.);
#915 = VERTEX_POINT('',#916);
#916 = CARTESIAN_POINT('',(29.4,-11.,0.));
#917 = LINE('',#918,#919);
#918 = CARTESIAN_POINT('',(29.4,-11.,0.));
#919 = VECTOR('',#920,1.);
#920 = DIRECTION('',(0.,1.,0.));
#921 = ORIENTED_EDGE('',*,*,#922,.F.);
#922 = EDGE_CURVE('',#899,#915,#923,.T.);
#923 = LINE('',#924,#925);
#924 = CARTESIAN_POINT('',(-29.4,-11.,0.));
#925 = VECTOR('',#926,1.);
#926 = DIRECTION('',(1.,0.,0.));
#927 = FACE_BOUND('',#928,.T.);
#928 = EDGE_LOOP('',(#929,#939,#947,#955));
#929 = ORIENTED_EDGE('',*,*,#930,.F.);
#930 = EDGE_CURVE('',#931,#933,#935,.T.);
#931 = VERTEX_POINT('',#932);
#932 = CARTESIAN_POINT('',(-29.4,-6.5,0.));
#933 = VERTEX_POINT('',#934);
#934 = CARTESIAN_POINT('',(-29.4,-8.,0.));
#935 = LINE('',#936,#937);
#936 = CARTESIAN_POINT('',(-29.4,-6.5,0.));
#937 = VECTOR('',#938,1.);
#938 = DIRECTION('',(0.,-1.,0.));
#939 = ORIENTED_EDGE('',*,*,#940,.F.);
#940 = EDGE_CURVE('',#941,#931,#943,.T.);
#941 = VERTEX_POINT('',#942);
#942 = CARTESIAN_POINT('',(29.4,-6.5,0.));
#943 = LINE('',#944,#945);
#944 = CARTESIAN_POINT('',(29.4,-6.5,0.));
#945 = VECTOR('',#946,1.);
#946 = DIRECTION('',(-1.,0.,0.));
#947 = ORIENTED_EDGE('',*,*,#948,.F.);
#948 = EDGE_CURVE('',#949,#941,#951,.T.);
#949 = VERTEX_POINT('',#950);
#950 = CARTESIAN_POINT('',(29.4,-8.,0.));
#951 = LINE('',#952,#953);
#952 = CARTESIAN_POINT('',(29.4,-8.,0.));
#953 = VECTOR('',#954,1.);
#954 = DIRECTION('',(0.,1.,0.));
#955 = ORIENTED_EDGE('',*,*,#956,.F.);
#956 = EDGE_CURVE('',#933,#949,#957,.T.);
#957 = LINE('',#958,#959);
#958 = CARTESIAN_POINT('',(-29.4,-8.,0.));
#959 = VECTOR('',#960,1.);
#960 = DIRECTION('',(1.,0.,0.));
#961 = FACE_BOUND('',#962,.T.);
#962 = EDGE_LOOP('',(#963,#973,#981,#989));
#963 = ORIENTED_EDGE('',*,*,#964,.F.);
#964 = EDGE_CURVE('',#965,#967,#969,.T.);
#965 = VERTEX_POINT('',#966);
#966 = CARTESIAN_POINT('',(-29.4,-3.5,0.));
#967 = VERTEX_POINT('',#968);
#968 = CARTESIAN_POINT('',(-29.4,-5.,0.));
#969 = LINE('',#970,#971);
#970 = CARTESIAN_POINT('',(-29.4,-3.5,0.));
#971 = VECTOR('',#972,1.);
#972 = DIRECTION('',(0.,-1.,0.));
#973 = ORIENTED_EDGE('',*,*,#974,.F.);
#974 = EDGE_CURVE('',#975,#965,#977,.T.);
#975 = VERTEX_POINT('',#976);
#976 = CARTESIAN_POINT('',(29.4,-3.5,0.));
#977 = LINE('',#978,#979);
#978 = CARTESIAN_POINT('',(29.4,-3.5,0.));
#979 = VECTOR('',#980,1.);
#980 = DIRECTION('',(-1.,0.,0.));
#981 = ORIENTED_EDGE('',*,*,#982,.F.);
#982 = EDGE_CURVE('',#983,#975,#985,.T.);
#983 = VERTEX_POINT('',#984);
#984 = CARTESIAN_POINT('',(29.4,-5.,0.));
#985 = LINE('',#986,#987);
#986 = CARTESIAN_POINT('',(29.4,-5.,0.));
#987 = VECTOR('',#988,1.);
#988 = DIRECTION('',(0.,1.,0.));
#989 = ORIENTED_EDGE('',*,*,#990,.F.);
#990 = EDGE_CURVE('',#967,#983,#991,.T.);
#991 = LINE('',#992,#993);
#992 = CARTESIAN_POINT('',(-29.4,-5.,0.));
#993 = VECTOR('',#994,1.);
#994 = DIRECTION('',(1.,0.,0.));
#995 = FACE_BOUND('',#996,.T.);
#996 = EDGE_LOOP('',(#997,#1007,#1015,#1023,#1032,#1040,#1049,#1057,
    #1065,#1073,#1082,#1090));
#997 = ORIENTED_EDGE('',*,*,#998,.F.);
#998 = EDGE_CURVE('',#999,#1001,#1003,.T.);
#999 = VERTEX_POINT('',#1000);
#1000 = CARTESIAN_POINT('',(-30.75,-1.5,0.));
#1001 = VERTEX_POINT('',#1002);
#1002 = CARTESIAN_POINT('',(-30.75,-26.3,0.));
#1003 = LINE('',#1004,#1005);
#1004 = CARTESIAN_POINT('',(-30.75,-1.5,0.));
#1005 = VECTOR('',#1006,1.);
#1006 = DIRECTION('',(0.,-1.,0.));
#1007 = ORIENTED_EDGE('',*,*,#1008,.T.);
#1008 = EDGE_CURVE('',#999,#1009,#1011,.T.);
#1009 = VERTEX_POINT('',#1010);
#1010 = CARTESIAN_POINT('',(-30.4,-1.5,0.));
#1011 = LINE('',#1012,#1013);
#1012 = CARTESIAN_POINT('',(-30.75,-1.5,0.));
#1013 = VECTOR('',#1014,1.);
#1014 = DIRECTION('',(1.,0.,0.));
#1015 = ORIENTED_EDGE('',*,*,#1016,.T.);
#1016 = EDGE_CURVE('',#1009,#1017,#1019,.T.);
#1017 = VERTEX_POINT('',#1018);
#1018 = CARTESIAN_POINT('',(-30.4,-26.3,0.));
#1019 = LINE('',#1020,#1021);
#1020 = CARTESIAN_POINT('',(-30.4,-1.5,0.));
#1021 = VECTOR('',#1022,1.);
#1022 = DIRECTION('',(0.,-1.,0.));
#1023 = ORIENTED_EDGE('',*,*,#1024,.T.);
#1024 = EDGE_CURVE('',#1017,#1025,#1027,.T.);
#1025 = VERTEX_POINT('',#1026);
#1026 = CARTESIAN_POINT('',(-19.55,-37.15,0.));
#1027 = CIRCLE('',#1028,10.85);
#1028 = AXIS2_PLACEMENT_3D('',#1029,#1030,#1031);
#1029 = CARTESIAN_POINT('',(-19.55,-26.3,0.));
#1030 = DIRECTION('',(0.,0.,1.));
#1031 = DIRECTION('',(1.,0.,0.));
#1032 = ORIENTED_EDGE('',*,*,#1033,.T.);
#1033 = EDGE_CURVE('',#1025,#1034,#1036,.T.);
#1034 = VERTEX_POINT('',#1035);
#1035 = CARTESIAN_POINT('',(19.55,-37.15,0.));
#1036 = LINE('',#1037,#1038);
#1037 = CARTESIAN_POINT('',(-19.55,-37.15,0.));
#1038 = VECTOR('',#1039,1.);
#1039 = DIRECTION('',(1.,2.91E-15,0.));
#1040 = ORIENTED_EDGE('',*,*,#1041,.T.);
#1041 = EDGE_CURVE('',#1034,#1042,#1044,.T.);
#1042 = VERTEX_POINT('',#1043);
#1043 = CARTESIAN_POINT('',(30.4,-26.3,0.));
#1044 = CIRCLE('',#1045,10.85);
#1045 = AXIS2_PLACEMENT_3D('',#1046,#1047,#1048);
#1046 = CARTESIAN_POINT('',(19.55,-26.3,0.));
#1047 = DIRECTION('',(0.,0.,1.));
#1048 = DIRECTION('',(1.,0.,0.));
#1049 = ORIENTED_EDGE('',*,*,#1050,.T.);
#1050 = EDGE_CURVE('',#1042,#1051,#1053,.T.);
#1051 = VERTEX_POINT('',#1052);
#1052 = CARTESIAN_POINT('',(30.4,-1.5,0.));
#1053 = LINE('',#1054,#1055);
#1054 = CARTESIAN_POINT('',(30.4,-26.3,0.));
#1055 = VECTOR('',#1056,1.);
#1056 = DIRECTION('',(0.,1.,0.));
#1057 = ORIENTED_EDGE('',*,*,#1058,.T.);
#1058 = EDGE_CURVE('',#1051,#1059,#1061,.T.);
#1059 = VERTEX_POINT('',#1060);
#1060 = CARTESIAN_POINT('',(30.75,-1.5,0.));
#1061 = LINE('',#1062,#1063);
#1062 = CARTESIAN_POINT('',(30.4,-1.5,0.));
#1063 = VECTOR('',#1064,1.);
#1064 = DIRECTION('',(1.,0.,0.));
#1065 = ORIENTED_EDGE('',*,*,#1066,.F.);
#1066 = EDGE_CURVE('',#1067,#1059,#1069,.T.);
#1067 = VERTEX_POINT('',#1068);
#1068 = CARTESIAN_POINT('',(30.75,-26.3,0.));
#1069 = LINE('',#1070,#1071);
#1070 = CARTESIAN_POINT('',(30.75,-26.3,0.));
#1071 = VECTOR('',#1072,1.);
#1072 = DIRECTION('',(0.,1.,0.));
#1073 = ORIENTED_EDGE('',*,*,#1074,.F.);
#1074 = EDGE_CURVE('',#1075,#1067,#1077,.T.);
#1075 = VERTEX_POINT('',#1076);
#1076 = CARTESIAN_POINT('',(19.55,-37.5,0.));
#1077 = CIRCLE('',#1078,11.2);
#1078 = AXIS2_PLACEMENT_3D('',#1079,#1080,#1081);
#1079 = CARTESIAN_POINT('',(19.55,-26.3,0.));
#1080 = DIRECTION('',(0.,0.,1.));
#1081 = DIRECTION('',(1.,0.,0.));
#1082 = ORIENTED_EDGE('',*,*,#1083,.F.);
#1083 = EDGE_CURVE('',#1084,#1075,#1086,.T.);
#1084 = VERTEX_POINT('',#1085);
#1085 = CARTESIAN_POINT('',(-19.55,-37.5,0.));
#1086 = LINE('',#1087,#1088);
#1087 = CARTESIAN_POINT('',(-19.55,-37.5,0.));
#1088 = VECTOR('',#1089,1.);
#1089 = DIRECTION('',(1.,0.,0.));
#1090 = ORIENTED_EDGE('',*,*,#1091,.F.);
#1091 = EDGE_CURVE('',#1001,#1084,#1092,.T.);
#1092 = CIRCLE('',#1093,11.2);
#1093 = AXIS2_PLACEMENT_3D('',#1094,#1095,#1096);
#1094 = CARTESIAN_POINT('',(-19.55,-26.3,0.));
#1095 = DIRECTION('',(0.,0.,1.));
#1096 = DIRECTION('',(1.,0.,0.));
#1097 = FACE_BOUND('',#1098,.T.);
#1098 = EDGE_LOOP('',(#1099,#1109,#1118,#1126,#1135,#1143,#1152,#1160));
#1099 = ORIENTED_EDGE('',*,*,#1100,.F.);
#1100 = EDGE_CURVE('',#1101,#1103,#1105,.T.);
#1101 = VERTEX_POINT('',#1102);
#1102 = CARTESIAN_POINT('',(-14.,43.1,0.));
#1103 = VERTEX_POINT('',#1104);
#1104 = CARTESIAN_POINT('',(-14.,39.9,0.));
#1105 = LINE('',#1106,#1107);
#1106 = CARTESIAN_POINT('',(-14.,43.1,0.));
#1107 = VECTOR('',#1108,1.);
#1108 = DIRECTION('',(0.,-1.,0.));
#1109 = ORIENTED_EDGE('',*,*,#1110,.F.);
#1110 = EDGE_CURVE('',#1111,#1101,#1113,.T.);
#1111 = VERTEX_POINT('',#1112);
#1112 = CARTESIAN_POINT('',(-13.6,43.5,0.));
#1113 = CIRCLE('',#1114,0.4);
#1114 = AXIS2_PLACEMENT_3D('',#1115,#1116,#1117);
#1115 = CARTESIAN_POINT('',(-13.6,43.1,0.));
#1116 = DIRECTION('',(0.,0.,1.));
#1117 = DIRECTION('',(1.,0.,0.));
#1118 = ORIENTED_EDGE('',*,*,#1119,.F.);
#1119 = EDGE_CURVE('',#1120,#1111,#1122,.T.);
#1120 = VERTEX_POINT('',#1121);
#1121 = CARTESIAN_POINT('',(-13.2,43.5,0.));
#1122 = LINE('',#1123,#1124);
#1123 = CARTESIAN_POINT('',(-13.2,43.5,0.));
#1124 = VECTOR('',#1125,1.);
#1125 = DIRECTION('',(-1.,0.,0.));
#1126 = ORIENTED_EDGE('',*,*,#1127,.F.);
#1127 = EDGE_CURVE('',#1128,#1120,#1130,.T.);
#1128 = VERTEX_POINT('',#1129);
#1129 = CARTESIAN_POINT('',(-12.8,43.1,0.));
#1130 = CIRCLE('',#1131,0.4);
#1131 = AXIS2_PLACEMENT_3D('',#1132,#1133,#1134);
#1132 = CARTESIAN_POINT('',(-13.2,43.1,0.));
#1133 = DIRECTION('',(0.,0.,1.));
#1134 = DIRECTION('',(1.,0.,0.));
#1135 = ORIENTED_EDGE('',*,*,#1136,.F.);
#1136 = EDGE_CURVE('',#1137,#1128,#1139,.T.);
#1137 = VERTEX_POINT('',#1138);
#1138 = CARTESIAN_POINT('',(-12.8,39.9,0.));
#1139 = LINE('',#1140,#1141);
#1140 = CARTESIAN_POINT('',(-12.8,39.9,0.));
#1141 = VECTOR('',#1142,1.);
#1142 = DIRECTION('',(0.,1.,0.));
#1143 = ORIENTED_EDGE('',*,*,#1144,.F.);
#1144 = EDGE_CURVE('',#1145,#1137,#1147,.T.);
#1145 = VERTEX_POINT('',#1146);
#1146 = CARTESIAN_POINT('',(-13.2,39.5,0.));
#1147 = CIRCLE('',#1148,0.4);
#1148 = AXIS2_PLACEMENT_3D('',#1149,#1150,#1151);
#1149 = CARTESIAN_POINT('',(-13.2,39.9,0.));
#1150 = DIRECTION('',(0.,0.,1.));
#1151 = DIRECTION('',(1.,0.,0.));
#1152 = ORIENTED_EDGE('',*,*,#1153,.F.);
#1153 = EDGE_CURVE('',#1154,#1145,#1156,.T.);
#1154 = VERTEX_POINT('',#1155);
#1155 = CARTESIAN_POINT('',(-13.6,39.5,0.));
#1156 = LINE('',#1157,#1158);
#1157 = CARTESIAN_POINT('',(-13.6,39.5,0.));
#1158 = VECTOR('',#1159,1.);
#1159 = DIRECTION('',(1.,0.,0.));
#1160 = ORIENTED_EDGE('',*,*,#1161,.F.);
#1161 = EDGE_CURVE('',#1103,#1154,#1162,.T.);
#1162 = CIRCLE('',#1163,0.4);
#1163 = AXIS2_PLACEMENT_3D('',#1164,#1165,#1166);
#1164 = CARTESIAN_POINT('',(-13.6,39.9,0.));
#1165 = DIRECTION('',(0.,0.,1.));
#1166 = DIRECTION('',(1.,0.,0.));
#1167 = FACE_BOUND('',#1168,.T.);
#1168 = EDGE_LOOP('',(#1169,#1179,#1188,#1196,#1205,#1213,#1222,#1230));
#1169 = ORIENTED_EDGE('',*,*,#1170,.F.);
#1170 = EDGE_CURVE('',#1171,#1173,#1175,.T.);
#1171 = VERTEX_POINT('',#1172);
#1172 = CARTESIAN_POINT('',(-10.8,45.,0.));
#1173 = VERTEX_POINT('',#1174);
#1174 = CARTESIAN_POINT('',(-10.8,40.,0.));
#1175 = LINE('',#1176,#1177);
#1176 = CARTESIAN_POINT('',(-10.8,45.,0.));
#1177 = VECTOR('',#1178,1.);
#1178 = DIRECTION('',(0.,-1.,0.));
#1179 = ORIENTED_EDGE('',*,*,#1180,.F.);
#1180 = EDGE_CURVE('',#1181,#1171,#1183,.T.);
#1181 = VERTEX_POINT('',#1182);
#1182 = CARTESIAN_POINT('',(-10.3,45.5,0.));
#1183 = CIRCLE('',#1184,0.5);
#1184 = AXIS2_PLACEMENT_3D('',#1185,#1186,#1187);
#1185 = CARTESIAN_POINT('',(-10.3,45.,0.));
#1186 = DIRECTION('',(0.,0.,1.));
#1187 = DIRECTION('',(1.,0.,0.));
#1188 = ORIENTED_EDGE('',*,*,#1189,.F.);
#1189 = EDGE_CURVE('',#1190,#1181,#1192,.T.);
#1190 = VERTEX_POINT('',#1191);
#1191 = CARTESIAN_POINT('',(-9.9,45.5,0.));
#1192 = LINE('',#1193,#1194);
#1193 = CARTESIAN_POINT('',(-9.9,45.5,0.));
#1194 = VECTOR('',#1195,1.);
#1195 = DIRECTION('',(-1.,0.,0.));
#1196 = ORIENTED_EDGE('',*,*,#1197,.F.);
#1197 = EDGE_CURVE('',#1198,#1190,#1200,.T.);
#1198 = VERTEX_POINT('',#1199);
#1199 = CARTESIAN_POINT('',(-9.4,45.,0.));
#1200 = CIRCLE('',#1201,0.5);
#1201 = AXIS2_PLACEMENT_3D('',#1202,#1203,#1204);
#1202 = CARTESIAN_POINT('',(-9.9,45.,0.));
#1203 = DIRECTION('',(0.,0.,1.));
#1204 = DIRECTION('',(1.,0.,0.));
#1205 = ORIENTED_EDGE('',*,*,#1206,.F.);
#1206 = EDGE_CURVE('',#1207,#1198,#1209,.T.);
#1207 = VERTEX_POINT('',#1208);
#1208 = CARTESIAN_POINT('',(-9.4,40.,0.));
#1209 = LINE('',#1210,#1211);
#1210 = CARTESIAN_POINT('',(-9.4,40.,0.));
#1211 = VECTOR('',#1212,1.);
#1212 = DIRECTION('',(0.,1.,0.));
#1213 = ORIENTED_EDGE('',*,*,#1214,.F.);
#1214 = EDGE_CURVE('',#1215,#1207,#1217,.T.);
#1215 = VERTEX_POINT('',#1216);
#1216 = CARTESIAN_POINT('',(-9.9,39.5,0.));
#1217 = CIRCLE('',#1218,0.5);
#1218 = AXIS2_PLACEMENT_3D('',#1219,#1220,#1221);
#1219 = CARTESIAN_POINT('',(-9.9,40.,0.));
#1220 = DIRECTION('',(0.,0.,1.));
#1221 = DIRECTION('',(1.,0.,0.));
#1222 = ORIENTED_EDGE('',*,*,#1223,.F.);
#1223 = EDGE_CURVE('',#1224,#1215,#1226,.T.);
#1224 = VERTEX_POINT('',#1225);
#1225 = CARTESIAN_POINT('',(-10.3,39.5,0.));
#1226 = LINE('',#1227,#1228);
#1227 = CARTESIAN_POINT('',(-10.3,39.5,0.));
#1228 = VECTOR('',#1229,1.);
#1229 = DIRECTION('',(1.,0.,0.));
#1230 = ORIENTED_EDGE('',*,*,#1231,.F.);
#1231 = EDGE_CURVE('',#1173,#1224,#1232,.T.);
#1232 = CIRCLE('',#1233,0.5);
#1233 = AXIS2_PLACEMENT_3D('',#1234,#1235,#1236);
#1234 = CARTESIAN_POINT('',(-10.3,40.,0.));
#1235 = DIRECTION('',(0.,0.,1.));
#1236 = DIRECTION('',(1.,0.,0.));
#1237 = FACE_BOUND('',#1238,.T.);
#1238 = EDGE_LOOP('',(#1239,#1249,#1258,#1266,#1275,#1283,#1292,#1300));
#1239 = ORIENTED_EDGE('',*,*,#1240,.F.);
#1240 = EDGE_CURVE('',#1241,#1243,#1245,.T.);
#1241 = VERTEX_POINT('',#1242);
#1242 = CARTESIAN_POINT('',(-7.4,46.,0.));
#1243 = VERTEX_POINT('',#1244);
#1244 = CARTESIAN_POINT('',(-7.4,39.,0.));
#1245 = LINE('',#1246,#1247);
#1246 = CARTESIAN_POINT('',(-7.4,46.,0.));
#1247 = VECTOR('',#1248,1.);
#1248 = DIRECTION('',(0.,-1.,0.));
#1249 = ORIENTED_EDGE('',*,*,#1250,.F.);
#1250 = EDGE_CURVE('',#1251,#1241,#1253,.T.);
#1251 = VERTEX_POINT('',#1252);
#1252 = CARTESIAN_POINT('',(-6.9,46.5,0.));
#1253 = CIRCLE('',#1254,0.5);
#1254 = AXIS2_PLACEMENT_3D('',#1255,#1256,#1257);
#1255 = CARTESIAN_POINT('',(-6.9,46.,0.));
#1256 = DIRECTION('',(0.,0.,1.));
#1257 = DIRECTION('',(1.,0.,0.));
#1258 = ORIENTED_EDGE('',*,*,#1259,.F.);
#1259 = EDGE_CURVE('',#1260,#1251,#1262,.T.);
#1260 = VERTEX_POINT('',#1261);
#1261 = CARTESIAN_POINT('',(-6.5,46.5,0.));
#1262 = LINE('',#1263,#1264);
#1263 = CARTESIAN_POINT('',(-6.5,46.5,0.));
#1264 = VECTOR('',#1265,1.);
#1265 = DIRECTION('',(-1.,0.,0.));
#1266 = ORIENTED_EDGE('',*,*,#1267,.F.);
#1267 = EDGE_CURVE('',#1268,#1260,#1270,.T.);
#1268 = VERTEX_POINT('',#1269);
#1269 = CARTESIAN_POINT('',(-6.,46.,0.));
#1270 = CIRCLE('',#1271,0.5);
#1271 = AXIS2_PLACEMENT_3D('',#1272,#1273,#1274);
#1272 = CARTESIAN_POINT('',(-6.5,46.,0.));
#1273 = DIRECTION('',(0.,0.,1.));
#1274 = DIRECTION('',(1.,0.,0.));
#1275 = ORIENTED_EDGE('',*,*,#1276,.F.);
#1276 = EDGE_CURVE('',#1277,#1268,#1279,.T.);
#1277 = VERTEX_POINT('',#1278);
#1278 = CARTESIAN_POINT('',(-6.,39.,0.));
#1279 = LINE('',#1280,#1281);
#1280 = CARTESIAN_POINT('',(-6.,39.,0.));
#1281 = VECTOR('',#1282,1.);
#1282 = DIRECTION('',(0.,1.,0.));
#1283 = ORIENTED_EDGE('',*,*,#1284,.F.);
#1284 = EDGE_CURVE('',#1285,#1277,#1287,.T.);
#1285 = VERTEX_POINT('',#1286);
#1286 = CARTESIAN_POINT('',(-6.5,38.5,0.));
#1287 = CIRCLE('',#1288,0.5);
#1288 = AXIS2_PLACEMENT_3D('',#1289,#1290,#1291);
#1289 = CARTESIAN_POINT('',(-6.5,39.,0.));
#1290 = DIRECTION('',(0.,0.,1.));
#1291 = DIRECTION('',(1.,0.,0.));
#1292 = ORIENTED_EDGE('',*,*,#1293,.F.);
#1293 = EDGE_CURVE('',#1294,#1285,#1296,.T.);
#1294 = VERTEX_POINT('',#1295);
#1295 = CARTESIAN_POINT('',(-6.9,38.5,0.));
#1296 = LINE('',#1297,#1298);
#1297 = CARTESIAN_POINT('',(-6.9,38.5,0.));
#1298 = VECTOR('',#1299,1.);
#1299 = DIRECTION('',(1.,0.,0.));
#1300 = ORIENTED_EDGE('',*,*,#1301,.F.);
#1301 = EDGE_CURVE('',#1243,#1294,#1302,.T.);
#1302 = CIRCLE('',#1303,0.5);
#1303 = AXIS2_PLACEMENT_3D('',#1304,#1305,#1306);
#1304 = CARTESIAN_POINT('',(-6.9,39.,0.));
#1305 = DIRECTION('',(0.,0.,1.));
#1306 = DIRECTION('',(1.,0.,0.));
#1307 = FACE_BOUND('',#1308,.T.);
#1308 = EDGE_LOOP('',(#1309,#1319,#1328,#1336,#1345,#1353,#1362,#1370));
#1309 = ORIENTED_EDGE('',*,*,#1310,.F.);
#1310 = EDGE_CURVE('',#1311,#1313,#1315,.T.);
#1311 = VERTEX_POINT('',#1312);
#1312 = CARTESIAN_POINT('',(-4.,45.,0.));
#1313 = VERTEX_POINT('',#1314);
#1314 = CARTESIAN_POINT('',(-4.,40.,0.));
#1315 = LINE('',#1316,#1317);
#1316 = CARTESIAN_POINT('',(-4.,45.,0.));
#1317 = VECTOR('',#1318,1.);
#1318 = DIRECTION('',(0.,-1.,0.));
#1319 = ORIENTED_EDGE('',*,*,#1320,.F.);
#1320 = EDGE_CURVE('',#1321,#1311,#1323,.T.);
#1321 = VERTEX_POINT('',#1322);
#1322 = CARTESIAN_POINT('',(-3.5,45.5,0.));
#1323 = CIRCLE('',#1324,0.5);
#1324 = AXIS2_PLACEMENT_3D('',#1325,#1326,#1327);
#1325 = CARTESIAN_POINT('',(-3.5,45.,0.));
#1326 = DIRECTION('',(0.,0.,1.));
#1327 = DIRECTION('',(1.,0.,0.));
#1328 = ORIENTED_EDGE('',*,*,#1329,.F.);
#1329 = EDGE_CURVE('',#1330,#1321,#1332,.T.);
#1330 = VERTEX_POINT('',#1331);
#1331 = CARTESIAN_POINT('',(-3.1,45.5,0.));
#1332 = LINE('',#1333,#1334);
#1333 = CARTESIAN_POINT('',(-3.1,45.5,0.));
#1334 = VECTOR('',#1335,1.);
#1335 = DIRECTION('',(-1.,0.,0.));
#1336 = ORIENTED_EDGE('',*,*,#1337,.F.);
#1337 = EDGE_CURVE('',#1338,#1330,#1340,.T.);
#1338 = VERTEX_POINT('',#1339);
#1339 = CARTESIAN_POINT('',(-2.6,45.,0.));
#1340 = CIRCLE('',#1341,0.5);
#1341 = AXIS2_PLACEMENT_3D('',#1342,#1343,#1344);
#1342 = CARTESIAN_POINT('',(-3.1,45.,0.));
#1343 = DIRECTION('',(0.,0.,1.));
#1344 = DIRECTION('',(1.,0.,0.));
#1345 = ORIENTED_EDGE('',*,*,#1346,.F.);
#1346 = EDGE_CURVE('',#1347,#1338,#1349,.T.);
#1347 = VERTEX_POINT('',#1348);
#1348 = CARTESIAN_POINT('',(-2.6,40.,0.));
#1349 = LINE('',#1350,#1351);
#1350 = CARTESIAN_POINT('',(-2.6,40.,0.));
#1351 = VECTOR('',#1352,1.);
#1352 = DIRECTION('',(0.,1.,0.));
#1353 = ORIENTED_EDGE('',*,*,#1354,.F.);
#1354 = EDGE_CURVE('',#1355,#1347,#1357,.T.);
#1355 = VERTEX_POINT('',#1356);
#1356 = CARTESIAN_POINT('',(-3.1,39.5,0.));
#1357 = CIRCLE('',#1358,0.5);
#1358 = AXIS2_PLACEMENT_3D('',#1359,#1360,#1361);
#1359 = CARTESIAN_POINT('',(-3.1,40.,0.));
#1360 = DIRECTION('',(0.,0.,1.));
#1361 = DIRECTION('',(1.,0.,0.));
#1362 = ORIENTED_EDGE('',*,*,#1363,.F.);
#1363 = EDGE_CURVE('',#1364,#1355,#1366,.T.);
#1364 = VERTEX_POINT('',#1365);
#1365 = CARTESIAN_POINT('',(-3.5,39.5,0.));
#1366 = LINE('',#1367,#1368);
#1367 = CARTESIAN_POINT('',(-3.5,39.5,0.));
#1368 = VECTOR('',#1369,1.);
#1369 = DIRECTION('',(1.,0.,0.));
#1370 = ORIENTED_EDGE('',*,*,#1371,.F.);
#1371 = EDGE_CURVE('',#1313,#1364,#1372,.T.);
#1372 = CIRCLE('',#1373,0.5);
#1373 = AXIS2_PLACEMENT_3D('',#1374,#1375,#1376);
#1374 = CARTESIAN_POINT('',(-3.5,40.,0.));
#1375 = DIRECTION('',(0.,0.,1.));
#1376 = DIRECTION('',(1.,0.,0.));
#1377 = FACE_BOUND('',#1378,.T.);
#1378 = EDGE_LOOP('',(#1379,#1389,#1398,#1406,#1415,#1423,#1432,#1440));
#1379 = ORIENTED_EDGE('',*,*,#1380,.F.);
#1380 = EDGE_CURVE('',#1381,#1383,#1385,.T.);
#1381 = VERTEX_POINT('',#1382);
#1382 = CARTESIAN_POINT('',(-0.6,43.1,0.));
#1383 = VERTEX_POINT('',#1384);
#1384 = CARTESIAN_POINT('',(-0.6,39.9,0.));
#1385 = LINE('',#1386,#1387);
#1386 = CARTESIAN_POINT('',(-0.6,43.1,0.));
#1387 = VECTOR('',#1388,1.);
#1388 = DIRECTION('',(0.,-1.,0.));
#1389 = ORIENTED_EDGE('',*,*,#1390,.F.);
#1390 = EDGE_CURVE('',#1391,#1381,#1393,.T.);
#1391 = VERTEX_POINT('',#1392);
#1392 = CARTESIAN_POINT('',(-0.2,43.5,0.));
#1393 = CIRCLE('',#1394,0.4);
#1394 = AXIS2_PLACEMENT_3D('',#1395,#1396,#1397);
#1395 = CARTESIAN_POINT('',(-0.2,43.1,0.));
#1396 = DIRECTION('',(0.,0.,1.));
#1397 = DIRECTION('',(1.,0.,0.));
#1398 = ORIENTED_EDGE('',*,*,#1399,.F.);
#1399 = EDGE_CURVE('',#1400,#1391,#1402,.T.);
#1400 = VERTEX_POINT('',#1401);
#1401 = CARTESIAN_POINT('',(0.2,43.5,0.));
#1402 = LINE('',#1403,#1404);
#1403 = CARTESIAN_POINT('',(0.2,43.5,0.));
#1404 = VECTOR('',#1405,1.);
#1405 = DIRECTION('',(-1.,0.,0.));
#1406 = ORIENTED_EDGE('',*,*,#1407,.F.);
#1407 = EDGE_CURVE('',#1408,#1400,#1410,.T.);
#1408 = VERTEX_POINT('',#1409);
#1409 = CARTESIAN_POINT('',(0.6,43.1,0.));
#1410 = CIRCLE('',#1411,0.4);
#1411 = AXIS2_PLACEMENT_3D('',#1412,#1413,#1414);
#1412 = CARTESIAN_POINT('',(0.2,43.1,0.));
#1413 = DIRECTION('',(0.,0.,1.));
#1414 = DIRECTION('',(1.,0.,0.));
#1415 = ORIENTED_EDGE('',*,*,#1416,.F.);
#1416 = EDGE_CURVE('',#1417,#1408,#1419,.T.);
#1417 = VERTEX_POINT('',#1418);
#1418 = CARTESIAN_POINT('',(0.6,39.9,0.));
#1419 = LINE('',#1420,#1421);
#1420 = CARTESIAN_POINT('',(0.6,39.9,0.));
#1421 = VECTOR('',#1422,1.);
#1422 = DIRECTION('',(0.,1.,0.));
#1423 = ORIENTED_EDGE('',*,*,#1424,.F.);
#1424 = EDGE_CURVE('',#1425,#1417,#1427,.T.);
#1425 = VERTEX_POINT('',#1426);
#1426 = CARTESIAN_POINT('',(0.2,39.5,0.));
#1427 = CIRCLE('',#1428,0.4);
#1428 = AXIS2_PLACEMENT_3D('',#1429,#1430,#1431);
#1429 = CARTESIAN_POINT('',(0.2,39.9,0.));
#1430 = DIRECTION('',(0.,0.,1.));
#1431 = DIRECTION('',(1.,0.,0.));
#1432 = ORIENTED_EDGE('',*,*,#1433,.F.);
#1433 = EDGE_CURVE('',#1434,#1425,#1436,.T.);
#1434 = VERTEX_POINT('',#1435);
#1435 = CARTESIAN_POINT('',(-0.2,39.5,0.));
#1436 = LINE('',#1437,#1438);
#1437 = CARTESIAN_POINT('',(-0.2,39.5,0.));
#1438 = VECTOR('',#1439,1.);
#1439 = DIRECTION('',(1.,0.,0.));
#1440 = ORIENTED_EDGE('',*,*,#1441,.F.);
#1441 = EDGE_CURVE('',#1383,#1434,#1442,.T.);
#1442 = CIRCLE('',#1443,0.4);
#1443 = AXIS2_PLACEMENT_3D('',#1444,#1445,#1446);
#1444 = CARTESIAN_POINT('',(-0.2,39.9,0.));
#1445 = DIRECTION('',(0.,0.,1.));
#1446 = DIRECTION('',(1.,0.,0.));
#1447 = FACE_BOUND('',#1448,.T.);
#1448 = EDGE_LOOP('',(#1449,#1459,#1467,#1476,#1484,#1493,#1501,#1509,
    #1517,#1526,#1534,#1543));
#1449 = ORIENTED_EDGE('',*,*,#1450,.F.);
#1450 = EDGE_CURVE('',#1451,#1453,#1455,.T.);
#1451 = VERTEX_POINT('',#1452);
#1452 = CARTESIAN_POINT('',(30.4,1.5,0.));
#1453 = VERTEX_POINT('',#1454);
#1454 = CARTESIAN_POINT('',(30.75,1.5,0.));
#1455 = LINE('',#1456,#1457);
#1456 = CARTESIAN_POINT('',(30.4,1.5,0.));
#1457 = VECTOR('',#1458,1.);
#1458 = DIRECTION('',(1.,0.,0.));
#1459 = ORIENTED_EDGE('',*,*,#1460,.T.);
#1460 = EDGE_CURVE('',#1451,#1461,#1463,.T.);
#1461 = VERTEX_POINT('',#1462);
#1462 = CARTESIAN_POINT('',(30.400000000002,26.3,0.));
#1463 = LINE('',#1464,#1465);
#1464 = CARTESIAN_POINT('',(30.4,1.5,0.));
#1465 = VECTOR('',#1466,1.);
#1466 = DIRECTION('',(6.332E-14,1.,0.));
#1467 = ORIENTED_EDGE('',*,*,#1468,.T.);
#1468 = EDGE_CURVE('',#1461,#1469,#1471,.T.);
#1469 = VERTEX_POINT('',#1470);
#1470 = CARTESIAN_POINT('',(19.55,37.15,0.));
#1471 = CIRCLE('',#1472,10.850000000002);
#1472 = AXIS2_PLACEMENT_3D('',#1473,#1474,#1475);
#1473 = CARTESIAN_POINT('',(19.55,26.299999999998,0.));
#1474 = DIRECTION('',(0.,0.,1.));
#1475 = DIRECTION('',(1.,0.,0.));
#1476 = ORIENTED_EDGE('',*,*,#1477,.T.);
#1477 = EDGE_CURVE('',#1469,#1478,#1480,.T.);
#1478 = VERTEX_POINT('',#1479);
#1479 = CARTESIAN_POINT('',(-19.55,37.15,0.));
#1480 = LINE('',#1481,#1482);
#1481 = CARTESIAN_POINT('',(19.55,37.15,0.));
#1482 = VECTOR('',#1483,1.);
#1483 = DIRECTION('',(-1.,0.,0.));
#1484 = ORIENTED_EDGE('',*,*,#1485,.T.);
#1485 = EDGE_CURVE('',#1478,#1486,#1488,.T.);
#1486 = VERTEX_POINT('',#1487);
#1487 = CARTESIAN_POINT('',(-30.4,26.3,0.));
#1488 = CIRCLE('',#1489,10.85);
#1489 = AXIS2_PLACEMENT_3D('',#1490,#1491,#1492);
#1490 = CARTESIAN_POINT('',(-19.55,26.3,0.));
#1491 = DIRECTION('',(0.,0.,1.));
#1492 = DIRECTION('',(1.,0.,0.));
#1493 = ORIENTED_EDGE('',*,*,#1494,.T.);
#1494 = EDGE_CURVE('',#1486,#1495,#1497,.T.);
#1495 = VERTEX_POINT('',#1496);
#1496 = CARTESIAN_POINT('',(-30.4,1.5,0.));
#1497 = LINE('',#1498,#1499);
#1498 = CARTESIAN_POINT('',(-30.4,26.3,0.));
#1499 = VECTOR('',#1500,1.);
#1500 = DIRECTION('',(0.,-1.,0.));
#1501 = ORIENTED_EDGE('',*,*,#1502,.T.);
#1502 = EDGE_CURVE('',#1495,#1503,#1505,.T.);
#1503 = VERTEX_POINT('',#1504);
#1504 = CARTESIAN_POINT('',(-30.75,1.5,0.));
#1505 = LINE('',#1506,#1507);
#1506 = CARTESIAN_POINT('',(-30.4,1.5,0.));
#1507 = VECTOR('',#1508,1.);
#1508 = DIRECTION('',(-1.,0.,0.));
#1509 = ORIENTED_EDGE('',*,*,#1510,.F.);
#1510 = EDGE_CURVE('',#1511,#1503,#1513,.T.);
#1511 = VERTEX_POINT('',#1512);
#1512 = CARTESIAN_POINT('',(-30.75,26.3,0.));
#1513 = LINE('',#1514,#1515);
#1514 = CARTESIAN_POINT('',(-30.75,26.3,0.));
#1515 = VECTOR('',#1516,1.);
#1516 = DIRECTION('',(0.,-1.,0.));
#1517 = ORIENTED_EDGE('',*,*,#1518,.F.);
#1518 = EDGE_CURVE('',#1519,#1511,#1521,.T.);
#1519 = VERTEX_POINT('',#1520);
#1520 = CARTESIAN_POINT('',(-19.55,37.5,0.));
#1521 = CIRCLE('',#1522,11.2);
#1522 = AXIS2_PLACEMENT_3D('',#1523,#1524,#1525);
#1523 = CARTESIAN_POINT('',(-19.55,26.3,0.));
#1524 = DIRECTION('',(0.,0.,1.));
#1525 = DIRECTION('',(1.,0.,0.));
#1526 = ORIENTED_EDGE('',*,*,#1527,.F.);
#1527 = EDGE_CURVE('',#1528,#1519,#1530,.T.);
#1528 = VERTEX_POINT('',#1529);
#1529 = CARTESIAN_POINT('',(19.55,37.5,0.));
#1530 = LINE('',#1531,#1532);
#1531 = CARTESIAN_POINT('',(19.55,37.5,0.));
#1532 = VECTOR('',#1533,1.);
#1533 = DIRECTION('',(-1.,0.,0.));
#1534 = ORIENTED_EDGE('',*,*,#1535,.F.);
#1535 = EDGE_CURVE('',#1536,#1528,#1538,.T.);
#1536 = VERTEX_POINT('',#1537);
#1537 = CARTESIAN_POINT('',(30.75,26.3,0.));
#1538 = CIRCLE('',#1539,11.2);
#1539 = AXIS2_PLACEMENT_3D('',#1540,#1541,#1542);
#1540 = CARTESIAN_POINT('',(19.55,26.3,0.));
#1541 = DIRECTION('',(0.,0.,1.));
#1542 = DIRECTION('',(1.,0.,0.));
#1543 = ORIENTED_EDGE('',*,*,#1544,.F.);
#1544 = EDGE_CURVE('',#1453,#1536,#1545,.T.);
#1545 = LINE('',#1546,#1547);
#1546 = CARTESIAN_POINT('',(30.75,1.5,0.));
#1547 = VECTOR('',#1548,1.);
#1548 = DIRECTION('',(0.,1.,0.));
#1549 = FACE_BOUND('',#1550,.T.);
#1550 = EDGE_LOOP('',(#1551,#1561,#1570,#1578,#1587,#1595,#1604,#1612));
#1551 = ORIENTED_EDGE('',*,*,#1552,.F.);
#1552 = EDGE_CURVE('',#1553,#1555,#1557,.T.);
#1553 = VERTEX_POINT('',#1554);
#1554 = CARTESIAN_POINT('',(2.6,45.,0.));
#1555 = VERTEX_POINT('',#1556);
#1556 = CARTESIAN_POINT('',(2.6,40.,0.));
#1557 = LINE('',#1558,#1559);
#1558 = CARTESIAN_POINT('',(2.6,45.,0.));
#1559 = VECTOR('',#1560,1.);
#1560 = DIRECTION('',(0.,-1.,0.));
#1561 = ORIENTED_EDGE('',*,*,#1562,.F.);
#1562 = EDGE_CURVE('',#1563,#1553,#1565,.T.);
#1563 = VERTEX_POINT('',#1564);
#1564 = CARTESIAN_POINT('',(3.1,45.5,0.));
#1565 = CIRCLE('',#1566,0.5);
#1566 = AXIS2_PLACEMENT_3D('',#1567,#1568,#1569);
#1567 = CARTESIAN_POINT('',(3.1,45.,0.));
#1568 = DIRECTION('',(0.,0.,1.));
#1569 = DIRECTION('',(1.,0.,0.));
#1570 = ORIENTED_EDGE('',*,*,#1571,.F.);
#1571 = EDGE_CURVE('',#1572,#1563,#1574,.T.);
#1572 = VERTEX_POINT('',#1573);
#1573 = CARTESIAN_POINT('',(3.5,45.5,0.));
#1574 = LINE('',#1575,#1576);
#1575 = CARTESIAN_POINT('',(3.5,45.5,0.));
#1576 = VECTOR('',#1577,1.);
#1577 = DIRECTION('',(-1.,0.,0.));
#1578 = ORIENTED_EDGE('',*,*,#1579,.F.);
#1579 = EDGE_CURVE('',#1580,#1572,#1582,.T.);
#1580 = VERTEX_POINT('',#1581);
#1581 = CARTESIAN_POINT('',(4.,45.,0.));
#1582 = CIRCLE('',#1583,0.5);
#1583 = AXIS2_PLACEMENT_3D('',#1584,#1585,#1586);
#1584 = CARTESIAN_POINT('',(3.5,45.,0.));
#1585 = DIRECTION('',(0.,0.,1.));
#1586 = DIRECTION('',(1.,0.,0.));
#1587 = ORIENTED_EDGE('',*,*,#1588,.F.);
#1588 = EDGE_CURVE('',#1589,#1580,#1591,.T.);
#1589 = VERTEX_POINT('',#1590);
#1590 = CARTESIAN_POINT('',(4.,40.,0.));
#1591 = LINE('',#1592,#1593);
#1592 = CARTESIAN_POINT('',(4.,40.,0.));
#1593 = VECTOR('',#1594,1.);
#1594 = DIRECTION('',(0.,1.,0.));
#1595 = ORIENTED_EDGE('',*,*,#1596,.F.);
#1596 = EDGE_CURVE('',#1597,#1589,#1599,.T.);
#1597 = VERTEX_POINT('',#1598);
#1598 = CARTESIAN_POINT('',(3.5,39.5,0.));
#1599 = CIRCLE('',#1600,0.5);
#1600 = AXIS2_PLACEMENT_3D('',#1601,#1602,#1603);
#1601 = CARTESIAN_POINT('',(3.5,40.,0.));
#1602 = DIRECTION('',(0.,0.,1.));
#1603 = DIRECTION('',(1.,0.,0.));
#1604 = ORIENTED_EDGE('',*,*,#1605,.F.);
#1605 = EDGE_CURVE('',#1606,#1597,#1608,.T.);
#1606 = VERTEX_POINT('',#1607);
#1607 = CARTESIAN_POINT('',(3.1,39.5,0.));
#1608 = LINE('',#1609,#1610);
#1609 = CARTESIAN_POINT('',(3.1,39.5,0.));
#1610 = VECTOR('',#1611,1.);
#1611 = DIRECTION('',(1.,0.,0.));
#1612 = ORIENTED_EDGE('',*,*,#1613,.F.);
#1613 = EDGE_CURVE('',#1555,#1606,#1614,.T.);
#1614 = CIRCLE('',#1615,0.5);
#1615 = AXIS2_PLACEMENT_3D('',#1616,#1617,#1618);
#1616 = CARTESIAN_POINT('',(3.1,40.,0.));
#1617 = DIRECTION('',(0.,0.,1.));
#1618 = DIRECTION('',(1.,0.,0.));
#1619 = FACE_BOUND('',#1620,.T.);
#1620 = EDGE_LOOP('',(#1621,#1631,#1640,#1648,#1657,#1665,#1674,#1682));
#1621 = ORIENTED_EDGE('',*,*,#1622,.F.);
#1622 = EDGE_CURVE('',#1623,#1625,#1627,.T.);
#1623 = VERTEX_POINT('',#1624);
#1624 = CARTESIAN_POINT('',(6.,46.,0.));
#1625 = VERTEX_POINT('',#1626);
#1626 = CARTESIAN_POINT('',(6.,39.,0.));
#1627 = LINE('',#1628,#1629);
#1628 = CARTESIAN_POINT('',(6.,46.,0.));
#1629 = VECTOR('',#1630,1.);
#1630 = DIRECTION('',(0.,-1.,0.));
#1631 = ORIENTED_EDGE('',*,*,#1632,.F.);
#1632 = EDGE_CURVE('',#1633,#1623,#1635,.T.);
#1633 = VERTEX_POINT('',#1634);
#1634 = CARTESIAN_POINT('',(6.5,46.5,0.));
#1635 = CIRCLE('',#1636,0.5);
#1636 = AXIS2_PLACEMENT_3D('',#1637,#1638,#1639);
#1637 = CARTESIAN_POINT('',(6.5,46.,0.));
#1638 = DIRECTION('',(0.,0.,1.));
#1639 = DIRECTION('',(1.,0.,0.));
#1640 = ORIENTED_EDGE('',*,*,#1641,.F.);
#1641 = EDGE_CURVE('',#1642,#1633,#1644,.T.);
#1642 = VERTEX_POINT('',#1643);
#1643 = CARTESIAN_POINT('',(6.9,46.5,0.));
#1644 = LINE('',#1645,#1646);
#1645 = CARTESIAN_POINT('',(6.9,46.5,0.));
#1646 = VECTOR('',#1647,1.);
#1647 = DIRECTION('',(-1.,0.,0.));
#1648 = ORIENTED_EDGE('',*,*,#1649,.F.);
#1649 = EDGE_CURVE('',#1650,#1642,#1652,.T.);
#1650 = VERTEX_POINT('',#1651);
#1651 = CARTESIAN_POINT('',(7.4,46.,0.));
#1652 = CIRCLE('',#1653,0.5);
#1653 = AXIS2_PLACEMENT_3D('',#1654,#1655,#1656);
#1654 = CARTESIAN_POINT('',(6.9,46.,0.));
#1655 = DIRECTION('',(0.,0.,1.));
#1656 = DIRECTION('',(1.,0.,0.));
#1657 = ORIENTED_EDGE('',*,*,#1658,.F.);
#1658 = EDGE_CURVE('',#1659,#1650,#1661,.T.);
#1659 = VERTEX_POINT('',#1660);
#1660 = CARTESIAN_POINT('',(7.4,39.,0.));
#1661 = LINE('',#1662,#1663);
#1662 = CARTESIAN_POINT('',(7.4,39.,0.));
#1663 = VECTOR('',#1664,1.);
#1664 = DIRECTION('',(0.,1.,0.));
#1665 = ORIENTED_EDGE('',*,*,#1666,.F.);
#1666 = EDGE_CURVE('',#1667,#1659,#1669,.T.);
#1667 = VERTEX_POINT('',#1668);
#1668 = CARTESIAN_POINT('',(6.9,38.5,0.));
#1669 = CIRCLE('',#1670,0.5);
#1670 = AXIS2_PLACEMENT_3D('',#1671,#1672,#1673);
#1671 = CARTESIAN_POINT('',(6.9,39.,0.));
#1672 = DIRECTION('',(0.,0.,1.));
#1673 = DIRECTION('',(1.,0.,0.));
#1674 = ORIENTED_EDGE('',*,*,#1675,.F.);
#1675 = EDGE_CURVE('',#1676,#1667,#1678,.T.);
#1676 = VERTEX_POINT('',#1677);
#1677 = CARTESIAN_POINT('',(6.5,38.5,0.));
#1678 = LINE('',#1679,#1680);
#1679 = CARTESIAN_POINT('',(6.5,38.5,0.));
#1680 = VECTOR('',#1681,1.);
#1681 = DIRECTION('',(1.,0.,0.));
#1682 = ORIENTED_EDGE('',*,*,#1683,.F.);
#1683 = EDGE_CURVE('',#1625,#1676,#1684,.T.);
#1684 = CIRCLE('',#1685,0.5);
#1685 = AXIS2_PLACEMENT_3D('',#1686,#1687,#1688);
#1686 = CARTESIAN_POINT('',(6.5,39.,0.));
#1687 = DIRECTION('',(0.,0.,1.));
#1688 = DIRECTION('',(1.,0.,0.));
#1689 = FACE_BOUND('',#1690,.T.);
#1690 = EDGE_LOOP('',(#1691,#1701,#1710,#1718,#1727,#1735,#1744,#1752));
#1691 = ORIENTED_EDGE('',*,*,#1692,.F.);
#1692 = EDGE_CURVE('',#1693,#1695,#1697,.T.);
#1693 = VERTEX_POINT('',#1694);
#1694 = CARTESIAN_POINT('',(9.4,45.,0.));
#1695 = VERTEX_POINT('',#1696);
#1696 = CARTESIAN_POINT('',(9.4,40.,0.));
#1697 = LINE('',#1698,#1699);
#1698 = CARTESIAN_POINT('',(9.4,45.,0.));
#1699 = VECTOR('',#1700,1.);
#1700 = DIRECTION('',(0.,-1.,0.));
#1701 = ORIENTED_EDGE('',*,*,#1702,.F.);
#1702 = EDGE_CURVE('',#1703,#1693,#1705,.T.);
#1703 = VERTEX_POINT('',#1704);
#1704 = CARTESIAN_POINT('',(9.9,45.5,0.));
#1705 = CIRCLE('',#1706,0.5);
#1706 = AXIS2_PLACEMENT_3D('',#1707,#1708,#1709);
#1707 = CARTESIAN_POINT('',(9.9,45.,0.));
#1708 = DIRECTION('',(0.,0.,1.));
#1709 = DIRECTION('',(1.,0.,0.));
#1710 = ORIENTED_EDGE('',*,*,#1711,.F.);
#1711 = EDGE_CURVE('',#1712,#1703,#1714,.T.);
#1712 = VERTEX_POINT('',#1713);
#1713 = CARTESIAN_POINT('',(10.3,45.5,0.));
#1714 = LINE('',#1715,#1716);
#1715 = CARTESIAN_POINT('',(10.3,45.5,0.));
#1716 = VECTOR('',#1717,1.);
#1717 = DIRECTION('',(-1.,0.,0.));
#1718 = ORIENTED_EDGE('',*,*,#1719,.F.);
#1719 = EDGE_CURVE('',#1720,#1712,#1722,.T.);
#1720 = VERTEX_POINT('',#1721);
#1721 = CARTESIAN_POINT('',(10.8,45.,0.));
#1722 = CIRCLE('',#1723,0.5);
#1723 = AXIS2_PLACEMENT_3D('',#1724,#1725,#1726);
#1724 = CARTESIAN_POINT('',(10.3,45.,0.));
#1725 = DIRECTION('',(0.,0.,1.));
#1726 = DIRECTION('',(1.,0.,0.));
#1727 = ORIENTED_EDGE('',*,*,#1728,.F.);
#1728 = EDGE_CURVE('',#1729,#1720,#1731,.T.);
#1729 = VERTEX_POINT('',#1730);
#1730 = CARTESIAN_POINT('',(10.8,40.,0.));
#1731 = LINE('',#1732,#1733);
#1732 = CARTESIAN_POINT('',(10.8,40.,0.));
#1733 = VECTOR('',#1734,1.);
#1734 = DIRECTION('',(0.,1.,0.));
#1735 = ORIENTED_EDGE('',*,*,#1736,.F.);
#1736 = EDGE_CURVE('',#1737,#1729,#1739,.T.);
#1737 = VERTEX_POINT('',#1738);
#1738 = CARTESIAN_POINT('',(10.3,39.5,0.));
#1739 = CIRCLE('',#1740,0.5);
#1740 = AXIS2_PLACEMENT_3D('',#1741,#1742,#1743);
#1741 = CARTESIAN_POINT('',(10.3,40.,0.));
#1742 = DIRECTION('',(0.,0.,1.));
#1743 = DIRECTION('',(1.,0.,0.));
#1744 = ORIENTED_EDGE('',*,*,#1745,.F.);
#1745 = EDGE_CURVE('',#1746,#1737,#1748,.T.);
#1746 = VERTEX_POINT('',#1747);
#1747 = CARTESIAN_POINT('',(9.9,39.5,0.));
#1748 = LINE('',#1749,#1750);
#1749 = CARTESIAN_POINT('',(9.9,39.5,0.));
#1750 = VECTOR('',#1751,1.);
#1751 = DIRECTION('',(1.,0.,0.));
#1752 = ORIENTED_EDGE('',*,*,#1753,.F.);
#1753 = EDGE_CURVE('',#1695,#1746,#1754,.T.);
#1754 = CIRCLE('',#1755,0.5);
#1755 = AXIS2_PLACEMENT_3D('',#1756,#1757,#1758);
#1756 = CARTESIAN_POINT('',(9.9,40.,0.));
#1757 = DIRECTION('',(0.,0.,1.));
#1758 = DIRECTION('',(1.,0.,0.));
#1759 = FACE_BOUND('',#1760,.T.);
#1760 = EDGE_LOOP('',(#1761,#1771,#1780,#1788,#1797,#1805,#1814,#1822));
#1761 = ORIENTED_EDGE('',*,*,#1762,.F.);
#1762 = EDGE_CURVE('',#1763,#1765,#1767,.T.);
#1763 = VERTEX_POINT('',#1764);
#1764 = CARTESIAN_POINT('',(12.8,43.1,0.));
#1765 = VERTEX_POINT('',#1766);
#1766 = CARTESIAN_POINT('',(12.8,39.9,0.));
#1767 = LINE('',#1768,#1769);
#1768 = CARTESIAN_POINT('',(12.8,43.1,0.));
#1769 = VECTOR('',#1770,1.);
#1770 = DIRECTION('',(0.,-1.,0.));
#1771 = ORIENTED_EDGE('',*,*,#1772,.F.);
#1772 = EDGE_CURVE('',#1773,#1763,#1775,.T.);
#1773 = VERTEX_POINT('',#1774);
#1774 = CARTESIAN_POINT('',(13.2,43.5,0.));
#1775 = CIRCLE('',#1776,0.4);
#1776 = AXIS2_PLACEMENT_3D('',#1777,#1778,#1779);
#1777 = CARTESIAN_POINT('',(13.2,43.1,0.));
#1778 = DIRECTION('',(0.,0.,1.));
#1779 = DIRECTION('',(1.,0.,0.));
#1780 = ORIENTED_EDGE('',*,*,#1781,.F.);
#1781 = EDGE_CURVE('',#1782,#1773,#1784,.T.);
#1782 = VERTEX_POINT('',#1783);
#1783 = CARTESIAN_POINT('',(13.6,43.5,0.));
#1784 = LINE('',#1785,#1786);
#1785 = CARTESIAN_POINT('',(13.6,43.5,0.));
#1786 = VECTOR('',#1787,1.);
#1787 = DIRECTION('',(-1.,0.,0.));
#1788 = ORIENTED_EDGE('',*,*,#1789,.F.);
#1789 = EDGE_CURVE('',#1790,#1782,#1792,.T.);
#1790 = VERTEX_POINT('',#1791);
#1791 = CARTESIAN_POINT('',(14.,43.1,0.));
#1792 = CIRCLE('',#1793,0.4);
#1793 = AXIS2_PLACEMENT_3D('',#1794,#1795,#1796);
#1794 = CARTESIAN_POINT('',(13.6,43.1,0.));
#1795 = DIRECTION('',(0.,0.,1.));
#1796 = DIRECTION('',(1.,0.,0.));
#1797 = ORIENTED_EDGE('',*,*,#1798,.F.);
#1798 = EDGE_CURVE('',#1799,#1790,#1801,.T.);
#1799 = VERTEX_POINT('',#1800);
#1800 = CARTESIAN_POINT('',(14.,39.9,0.));
#1801 = LINE('',#1802,#1803);
#1802 = CARTESIAN_POINT('',(14.,39.9,0.));
#1803 = VECTOR('',#1804,1.);
#1804 = DIRECTION('',(0.,1.,0.));
#1805 = ORIENTED_EDGE('',*,*,#1806,.F.);
#1806 = EDGE_CURVE('',#1807,#1799,#1809,.T.);
#1807 = VERTEX_POINT('',#1808);
#1808 = CARTESIAN_POINT('',(13.6,39.5,0.));
#1809 = CIRCLE('',#1810,0.4);
#1810 = AXIS2_PLACEMENT_3D('',#1811,#1812,#1813);
#1811 = CARTESIAN_POINT('',(13.6,39.9,0.));
#1812 = DIRECTION('',(0.,0.,1.));
#1813 = DIRECTION('',(1.,0.,0.));
#1814 = ORIENTED_EDGE('',*,*,#1815,.F.);
#1815 = EDGE_CURVE('',#1816,#1807,#1818,.T.);
#1816 = VERTEX_POINT('',#1817);
#1817 = CARTESIAN_POINT('',(13.2,39.5,0.));
#1818 = LINE('',#1819,#1820);
#1819 = CARTESIAN_POINT('',(13.2,39.5,0.));
#1820 = VECTOR('',#1821,1.);
#1821 = DIRECTION('',(1.,0.,0.));
#1822 = ORIENTED_EDGE('',*,*,#1823,.F.);
#1823 = EDGE_CURVE('',#1765,#1816,#1824,.T.);
#1824 = CIRCLE('',#1825,0.4);
#1825 = AXIS2_PLACEMENT_3D('',#1826,#1827,#1828);
#1826 = CARTESIAN_POINT('',(13.2,39.9,0.));
#1827 = DIRECTION('',(0.,0.,1.));
#1828 = DIRECTION('',(1.,0.,0.));
#1829 = FACE_BOUND('',#1830,.T.);
#1830 = EDGE_LOOP('',(#1831));
#1831 = ORIENTED_EDGE('',*,*,#1832,.F.);
#1832 = EDGE_CURVE('',#1833,#1833,#1835,.T.);
#1833 = VERTEX_POINT('',#1834);
#1834 = CARTESIAN_POINT('',(27.2,40.6,0.));
#1835 = CIRCLE('',#1836,0.9);
#1836 = AXIS2_PLACEMENT_3D('',#1837,#1838,#1839);
#1837 = CARTESIAN_POINT('',(26.3,40.6,0.));
#1838 = DIRECTION('',(0.,0.,1.));
#1839 = DIRECTION('',(1.,0.,0.));
#1840 = FACE_BOUND('',#1841,.T.);
#1841 = EDGE_LOOP('',(#1842));
#1842 = ORIENTED_EDGE('',*,*,#1843,.F.);
#1843 = EDGE_CURVE('',#1844,#1844,#1846,.T.);
#1844 = VERTEX_POINT('',#1845);
#1845 = CARTESIAN_POINT('',(29.4,40.6,0.));
#1846 = CIRCLE('',#1847,0.9);
#1847 = AXIS2_PLACEMENT_3D('',#1848,#1849,#1850);
#1848 = CARTESIAN_POINT('',(28.5,40.6,0.));
#1849 = DIRECTION('',(0.,0.,1.));
#1850 = DIRECTION('',(1.,0.,0.));
#1851 = PLANE('',#1852);
#1852 = AXIS2_PLACEMENT_3D('',#1853,#1854,#1855);
#1853 = CARTESIAN_POINT('',(-1.84E-15,-9.7E-15,0.));
#1854 = DIRECTION('',(0.,0.,1.));
#1855 = DIRECTION('',(1.,0.,0.));
#1856 = ADVANCED_FACE('',(#1857),#1875,.F.);
#1857 = FACE_BOUND('',#1858,.F.);
#1858 = EDGE_LOOP('',(#1859,#1860,#1861,#1868,#1874));
#1859 = ORIENTED_EDGE('',*,*,#301,.F.);
#1860 = ORIENTED_EDGE('',*,*,#252,.T.);
#1861 = ORIENTED_EDGE('',*,*,#1862,.T.);
#1862 = EDGE_CURVE('',#244,#1863,#1865,.T.);
#1863 = VERTEX_POINT('',#1864);
#1864 = CARTESIAN_POINT('',(27.149999999997,-47.32120327387,-5.3));
#1865 = B_SPLINE_CURVE_WITH_KNOTS('',1,(#1866,#1867),.UNSPECIFIED.,.F.,
  .F.,(2,2),(0.,1.),.PIECEWISE_BEZIER_KNOTS.);
#1866 = CARTESIAN_POINT('',(27.149999999997,-46.95,-6.7));
#1867 = CARTESIAN_POINT('',(27.149999999997,-47.32120327387,-5.3));
#1868 = ORIENTED_EDGE('',*,*,#1869,.F.);
#1869 = EDGE_CURVE('',#383,#1863,#1870,.T.);
#1870 = LINE('',#1871,#1872);
#1871 = CARTESIAN_POINT('',(-27.15,-47.32120327387,-5.3));
#1872 = VECTOR('',#1873,1.);
#1873 = DIRECTION('',(1.,0.,0.));
#1874 = ORIENTED_EDGE('',*,*,#382,.F.);
#1875 = PLANE('',#1876);
#1876 = AXIS2_PLACEMENT_3D('',#1877,#1878,#1879);
#1877 = CARTESIAN_POINT('',(-27.15,-47.32120327387,-5.3));
#1878 = DIRECTION('',(0.,-0.966600102017,-0.256289373133));
#1879 = DIRECTION('',(1.,0.,0.));
#1880 = ADVANCED_FACE('',(#1881),#1899,.F.);
#1881 = FACE_BOUND('',#1882,.F.);
#1882 = EDGE_LOOP('',(#1883,#1884,#1891,#1898));
#1883 = ORIENTED_EDGE('',*,*,#243,.T.);
#1884 = ORIENTED_EDGE('',*,*,#1885,.T.);
#1885 = EDGE_CURVE('',#236,#1886,#1888,.T.);
#1886 = VERTEX_POINT('',#1887);
#1887 = CARTESIAN_POINT('',(37.721203273861,-36.75,-5.3));
#1888 = B_SPLINE_CURVE_WITH_KNOTS('',1,(#1889,#1890),.UNSPECIFIED.,.F.,
  .F.,(2,2),(0.,1.),.PIECEWISE_BEZIER_KNOTS.);
#1889 = CARTESIAN_POINT('',(37.349999999997,-36.75,-6.7));
#1890 = CARTESIAN_POINT('',(37.721203273861,-36.75,-5.3));
#1891 = ORIENTED_EDGE('',*,*,#1892,.F.);
#1892 = EDGE_CURVE('',#1863,#1886,#1893,.T.);
#1893 = CIRCLE('',#1894,10.571203273864);
#1894 = AXIS2_PLACEMENT_3D('',#1895,#1896,#1897);
#1895 = CARTESIAN_POINT('',(27.149999999997,-36.75,-5.3));
#1896 = DIRECTION('',(0.,0.,1.));
#1897 = DIRECTION('',(1.,0.,0.));
#1898 = ORIENTED_EDGE('',*,*,#1862,.F.);
#1899 = CONICAL_SURFACE('',#1900,10.2,0.259181393921);
#1900 = AXIS2_PLACEMENT_3D('',#1901,#1902,#1903);
#1901 = CARTESIAN_POINT('',(27.149999999997,-36.75,-6.7));
#1902 = DIRECTION('',(0.,0.,1.));
#1903 = DIRECTION('',(1.,0.,0.));
#1904 = ADVANCED_FACE('',(#1905),#1922,.F.);
#1905 = FACE_BOUND('',#1906,.F.);
#1906 = EDGE_LOOP('',(#1907,#1908,#1915,#1921));
#1907 = ORIENTED_EDGE('',*,*,#235,.T.);
#1908 = ORIENTED_EDGE('',*,*,#1909,.T.);
#1909 = EDGE_CURVE('',#227,#1910,#1912,.T.);
#1910 = VERTEX_POINT('',#1911);
#1911 = CARTESIAN_POINT('',(37.721203273861,36.75,-5.3));
#1912 = B_SPLINE_CURVE_WITH_KNOTS('',1,(#1913,#1914),.UNSPECIFIED.,.F.,
  .F.,(2,2),(0.,1.),.PIECEWISE_BEZIER_KNOTS.);
#1913 = CARTESIAN_POINT('',(37.349999999997,36.75,-6.7));
#1914 = CARTESIAN_POINT('',(37.721203273861,36.75,-5.3));
#1915 = ORIENTED_EDGE('',*,*,#1916,.F.);
#1916 = EDGE_CURVE('',#1886,#1910,#1917,.T.);
#1917 = LINE('',#1918,#1919);
#1918 = CARTESIAN_POINT('',(37.721203273861,-36.75,-5.3));
#1919 = VECTOR('',#1920,1.);
#1920 = DIRECTION('',(0.,1.,0.));
#1921 = ORIENTED_EDGE('',*,*,#1885,.F.);
#1922 = PLANE('',#1923);
#1923 = AXIS2_PLACEMENT_3D('',#1924,#1925,#1926);
#1924 = CARTESIAN_POINT('',(37.721203273861,-36.75,-5.3));
#1925 = DIRECTION('',(0.966600102017,0.,-0.256289373133));
#1926 = DIRECTION('',(0.,1.,0.));
#1927 = ADVANCED_FACE('',(#1928),#1946,.F.);
#1928 = FACE_BOUND('',#1929,.F.);
#1929 = EDGE_LOOP('',(#1930,#1931,#1938,#1945));
#1930 = ORIENTED_EDGE('',*,*,#226,.T.);
#1931 = ORIENTED_EDGE('',*,*,#1932,.T.);
#1932 = EDGE_CURVE('',#219,#1933,#1935,.T.);
#1933 = VERTEX_POINT('',#1934);
#1934 = CARTESIAN_POINT('',(27.149999999997,47.321203273864,-5.3));
#1935 = B_SPLINE_CURVE_WITH_KNOTS('',1,(#1936,#1937),.UNSPECIFIED.,.F.,
  .F.,(2,2),(0.,1.),.PIECEWISE_BEZIER_KNOTS.);
#1936 = CARTESIAN_POINT('',(27.149999999997,46.95,-6.7));
#1937 = CARTESIAN_POINT('',(27.149999999997,47.321203273864,-5.3));
#1938 = ORIENTED_EDGE('',*,*,#1939,.F.);
#1939 = EDGE_CURVE('',#1910,#1933,#1940,.T.);
#1940 = CIRCLE('',#1941,10.571203273864);
#1941 = AXIS2_PLACEMENT_3D('',#1942,#1943,#1944);
#1942 = CARTESIAN_POINT('',(27.149999999997,36.75,-5.3));
#1943 = DIRECTION('',(0.,0.,1.));
#1944 = DIRECTION('',(1.,0.,0.));
#1945 = ORIENTED_EDGE('',*,*,#1909,.F.);
#1946 = CONICAL_SURFACE('',#1947,10.2,0.259181393921);
#1947 = AXIS2_PLACEMENT_3D('',#1948,#1949,#1950);
#1948 = CARTESIAN_POINT('',(27.149999999997,36.75,-6.7));
#1949 = DIRECTION('',(0.,0.,1.));
#1950 = DIRECTION('',(1.,0.,0.));
#1951 = ADVANCED_FACE('',(#1952),#1980,.F.);
#1952 = FACE_BOUND('',#1953,.F.);
#1953 = EDGE_LOOP('',(#1954,#1955,#1956,#1965,#1974));
#1954 = ORIENTED_EDGE('',*,*,#1932,.F.);
#1955 = ORIENTED_EDGE('',*,*,#218,.T.);
#1956 = ORIENTED_EDGE('',*,*,#1957,.F.);
#1957 = EDGE_CURVE('',#1958,#211,#1960,.T.);
#1958 = VERTEX_POINT('',#1959);
#1959 = CARTESIAN_POINT('',(21.1,47.215145195617,-5.7));
#1960 = ELLIPSE('',#1961,2.793295794575,2.7);
#1961 = AXIS2_PLACEMENT_3D('',#1962,#1963,#1964);
#1962 = CARTESIAN_POINT('',(18.4,47.215145195617,-5.7));
#1963 = DIRECTION('',(0.,0.966600102017,-0.256289373133));
#1964 = DIRECTION('',(0.,0.256289373133,0.966600102017));
#1965 = ORIENTED_EDGE('',*,*,#1966,.F.);
#1966 = EDGE_CURVE('',#1967,#1958,#1969,.T.);
#1967 = VERTEX_POINT('',#1968);
#1968 = CARTESIAN_POINT('',(21.070205984564,47.321203273864,-5.3));
#1969 = ELLIPSE('',#1970,2.793295794575,2.7);
#1970 = AXIS2_PLACEMENT_3D('',#1971,#1972,#1973);
#1971 = CARTESIAN_POINT('',(18.4,47.215145195617,-5.7));
#1972 = DIRECTION('',(0.,0.966600102017,-0.256289373133));
#1973 = DIRECTION('',(0.,0.256289373133,0.966600102017));
#1974 = ORIENTED_EDGE('',*,*,#1975,.F.);
#1975 = EDGE_CURVE('',#1933,#1967,#1976,.T.);
#1976 = LINE('',#1977,#1978);
#1977 = CARTESIAN_POINT('',(27.149999999997,47.321203273864,-5.3));
#1978 = VECTOR('',#1979,1.);
#1979 = DIRECTION('',(-1.,0.,0.));
#1980 = PLANE('',#1981);
#1981 = AXIS2_PLACEMENT_3D('',#1982,#1983,#1984);
#1982 = CARTESIAN_POINT('',(27.149999999997,47.321203273864,-5.3));
#1983 = DIRECTION('',(0.,0.966600102017,-0.256289373133));
#1984 = DIRECTION('',(-1.,0.,0.));
#1985 = ADVANCED_FACE('',(#1986),#2049,.F.);
#1986 = FACE_BOUND('',#1987,.T.);
#1987 = EDGE_LOOP('',(#1988,#1989,#1997,#2006,#2014,#2023,#2031,#2040,
    #2047,#2048));
#1988 = ORIENTED_EDGE('',*,*,#1966,.F.);
#1989 = ORIENTED_EDGE('',*,*,#1990,.F.);
#1990 = EDGE_CURVE('',#1991,#1967,#1993,.T.);
#1991 = VERTEX_POINT('',#1992);
#1992 = CARTESIAN_POINT('',(21.070205984564,45.75,-5.3));
#1993 = LINE('',#1994,#1995);
#1994 = CARTESIAN_POINT('',(21.070205984564,47.95,-5.3));
#1995 = VECTOR('',#1996,1.);
#1996 = DIRECTION('',(0.,1.,-2.2E-16));
#1997 = ORIENTED_EDGE('',*,*,#1998,.T.);
#1998 = EDGE_CURVE('',#1991,#1999,#2001,.T.);
#1999 = VERTEX_POINT('',#2000);
#2000 = CARTESIAN_POINT('',(15.729794015436,45.75,-5.3));
#2001 = CIRCLE('',#2002,2.7);
#2002 = AXIS2_PLACEMENT_3D('',#2003,#2004,#2005);
#2003 = CARTESIAN_POINT('',(18.4,45.75,-5.7));
#2004 = DIRECTION('',(0.,-1.,0.));
#2005 = DIRECTION('',(1.,0.,0.));
#2006 = ORIENTED_EDGE('',*,*,#2007,.T.);
#2007 = EDGE_CURVE('',#1999,#2008,#2010,.T.);
#2008 = VERTEX_POINT('',#2009);
#2009 = CARTESIAN_POINT('',(15.729794015436,47.321203273864,-5.3));
#2010 = LINE('',#2011,#2012);
#2011 = CARTESIAN_POINT('',(15.729794015436,47.95,-5.3));
#2012 = VECTOR('',#2013,1.);
#2013 = DIRECTION('',(0.,1.,-2.2E-16));
#2014 = ORIENTED_EDGE('',*,*,#2015,.F.);
#2015 = EDGE_CURVE('',#2016,#2008,#2018,.T.);
#2016 = VERTEX_POINT('',#2017);
#2017 = CARTESIAN_POINT('',(15.892012759203,46.95,-6.7));
#2018 = ELLIPSE('',#2019,2.793295794575,2.7);
#2019 = AXIS2_PLACEMENT_3D('',#2020,#2021,#2022);
#2020 = CARTESIAN_POINT('',(18.4,47.215145195617,-5.7));
#2021 = DIRECTION('',(0.,0.966600102017,-0.256289373133));
#2022 = DIRECTION('',(0.,0.256289373133,0.966600102017));
#2023 = ORIENTED_EDGE('',*,*,#2024,.T.);
#2024 = EDGE_CURVE('',#2016,#2025,#2027,.T.);
#2025 = VERTEX_POINT('',#2026);
#2026 = CARTESIAN_POINT('',(15.892012759203,47.95,-6.7));
#2027 = LINE('',#2028,#2029);
#2028 = CARTESIAN_POINT('',(15.892012759203,47.95,-6.7));
#2029 = VECTOR('',#2030,1.);
#2030 = DIRECTION('',(0.,1.,-2.2E-16));
#2031 = ORIENTED_EDGE('',*,*,#2032,.F.);
#2032 = EDGE_CURVE('',#2033,#2025,#2035,.T.);
#2033 = VERTEX_POINT('',#2034);
#2034 = CARTESIAN_POINT('',(21.1,47.95,-5.7));
#2035 = CIRCLE('',#2036,2.7);
#2036 = AXIS2_PLACEMENT_3D('',#2037,#2038,#2039);
#2037 = CARTESIAN_POINT('',(18.4,47.95,-5.7));
#2038 = DIRECTION('',(0.,-1.,0.));
#2039 = DIRECTION('',(1.,0.,0.));
#2040 = ORIENTED_EDGE('',*,*,#2041,.F.);
#2041 = EDGE_CURVE('',#203,#2033,#2042,.T.);
#2042 = CIRCLE('',#2043,2.7);
#2043 = AXIS2_PLACEMENT_3D('',#2044,#2045,#2046);
#2044 = CARTESIAN_POINT('',(18.4,47.95,-5.7));
#2045 = DIRECTION('',(0.,-1.,0.));
#2046 = DIRECTION('',(1.,0.,0.));
#2047 = ORIENTED_EDGE('',*,*,#210,.F.);
#2048 = ORIENTED_EDGE('',*,*,#1957,.F.);
#2049 = CYLINDRICAL_SURFACE('',#2050,2.7);
#2050 = AXIS2_PLACEMENT_3D('',#2051,#2052,#2053);
#2051 = CARTESIAN_POINT('',(18.4,47.95,-5.7));
#2052 = DIRECTION('',(0.,1.,-2.2E-16));
#2053 = DIRECTION('',(1.,0.,0.));
#2054 = ADVANCED_FACE('',(#2055),#2116,.T.);
#2055 = FACE_BOUND('',#2056,.T.);
#2056 = EDGE_LOOP('',(#2057,#2067,#2075,#2081,#2082,#2083,#2084,#2092,
    #2101,#2110));
#2057 = ORIENTED_EDGE('',*,*,#2058,.F.);
#2058 = EDGE_CURVE('',#2059,#2061,#2063,.T.);
#2059 = VERTEX_POINT('',#2060);
#2060 = CARTESIAN_POINT('',(-27.15,47.95,-1.));
#2061 = VERTEX_POINT('',#2062);
#2062 = CARTESIAN_POINT('',(-27.15,47.95,-6.7));
#2063 = LINE('',#2064,#2065);
#2064 = CARTESIAN_POINT('',(-27.15,47.95,0.));
#2065 = VECTOR('',#2066,1.);
#2066 = DIRECTION('',(-0.,-0.,-1.));
#2067 = ORIENTED_EDGE('',*,*,#2068,.F.);
#2068 = EDGE_CURVE('',#2069,#2059,#2071,.T.);
#2069 = VERTEX_POINT('',#2070);
#2070 = CARTESIAN_POINT('',(27.15,47.95,-1.));
#2071 = LINE('',#2072,#2073);
#2072 = CARTESIAN_POINT('',(27.15,47.95,-1.));
#2073 = VECTOR('',#2074,1.);
#2074 = DIRECTION('',(-1.,0.,0.));
#2075 = ORIENTED_EDGE('',*,*,#2076,.T.);
#2076 = EDGE_CURVE('',#2069,#194,#2077,.T.);
#2077 = LINE('',#2078,#2079);
#2078 = CARTESIAN_POINT('',(27.15,47.95,0.));
#2079 = VECTOR('',#2080,1.);
#2080 = DIRECTION('',(-0.,-0.,-1.));
#2081 = ORIENTED_EDGE('',*,*,#202,.T.);
#2082 = ORIENTED_EDGE('',*,*,#2041,.T.);
#2083 = ORIENTED_EDGE('',*,*,#2032,.T.);
#2084 = ORIENTED_EDGE('',*,*,#2085,.T.);
#2085 = EDGE_CURVE('',#2025,#2086,#2088,.T.);
#2086 = VERTEX_POINT('',#2087);
#2087 = CARTESIAN_POINT('',(9.155749299439,47.95,-6.7));
#2088 = LINE('',#2089,#2090);
#2089 = CARTESIAN_POINT('',(27.15,47.95,-6.7));
#2090 = VECTOR('',#2091,1.);
#2091 = DIRECTION('',(-1.,0.,0.));
#2092 = ORIENTED_EDGE('',*,*,#2093,.T.);
#2093 = EDGE_CURVE('',#2086,#2094,#2096,.T.);
#2094 = VERTEX_POINT('',#2095);
#2095 = CARTESIAN_POINT('',(9.17,47.95,-6.45));
#2096 = CIRCLE('',#2097,2.2);
#2097 = AXIS2_PLACEMENT_3D('',#2098,#2099,#2100);
#2098 = CARTESIAN_POINT('',(6.97,47.95,-6.45));
#2099 = DIRECTION('',(0.,-1.,0.));
#2100 = DIRECTION('',(1.,0.,0.));
#2101 = ORIENTED_EDGE('',*,*,#2102,.T.);
#2102 = EDGE_CURVE('',#2094,#2103,#2105,.T.);
#2103 = VERTEX_POINT('',#2104);
#2104 = CARTESIAN_POINT('',(4.784250700561,47.95,-6.7));
#2105 = CIRCLE('',#2106,2.2);
#2106 = AXIS2_PLACEMENT_3D('',#2107,#2108,#2109);
#2107 = CARTESIAN_POINT('',(6.97,47.95,-6.45));
#2108 = DIRECTION('',(0.,-1.,0.));
#2109 = DIRECTION('',(1.,0.,0.));
#2110 = ORIENTED_EDGE('',*,*,#2111,.T.);
#2111 = EDGE_CURVE('',#2103,#2061,#2112,.T.);
#2112 = LINE('',#2113,#2114);
#2113 = CARTESIAN_POINT('',(27.15,47.95,-6.7));
#2114 = VECTOR('',#2115,1.);
#2115 = DIRECTION('',(-1.,0.,0.));
#2116 = PLANE('',#2117);
#2117 = AXIS2_PLACEMENT_3D('',#2118,#2119,#2120);
#2118 = CARTESIAN_POINT('',(27.15,47.95,0.));
#2119 = DIRECTION('',(0.,1.,0.));
#2120 = DIRECTION('',(-1.,0.,0.));
#2121 = ADVANCED_FACE('',(#2122),#2134,.T.);
#2122 = FACE_BOUND('',#2123,.T.);
#2123 = EDGE_LOOP('',(#2124,#2125,#2126,#2127));
#2124 = ORIENTED_EDGE('',*,*,#532,.T.);
#2125 = ORIENTED_EDGE('',*,*,#193,.T.);
#2126 = ORIENTED_EDGE('',*,*,#2076,.F.);
#2127 = ORIENTED_EDGE('',*,*,#2128,.F.);
#2128 = EDGE_CURVE('',#533,#2069,#2129,.T.);
#2129 = CIRCLE('',#2130,11.2);
#2130 = AXIS2_PLACEMENT_3D('',#2131,#2132,#2133);
#2131 = CARTESIAN_POINT('',(27.15,36.75,-1.));
#2132 = DIRECTION('',(0.,0.,1.));
#2133 = DIRECTION('',(1.,0.,0.));
#2134 = CYLINDRICAL_SURFACE('',#2135,11.2);
#2135 = AXIS2_PLACEMENT_3D('',#2136,#2137,#2138);
#2136 = CARTESIAN_POINT('',(27.15,36.75,0.));
#2137 = DIRECTION('',(0.,0.,1.));
#2138 = DIRECTION('',(1.,0.,0.));
#2139 = ADVANCED_FACE('',(#2140),#2286,.T.);
#2140 = FACE_BOUND('',#2141,.T.);
#2141 = EDGE_LOOP('',(#2142,#2143,#2151,#2159,#2167,#2175,#2183,#2191,
    #2199,#2207,#2215,#2223,#2231,#2239,#2247,#2255,#2263,#2271,#2279,
    #2285));
#2142 = ORIENTED_EDGE('',*,*,#266,.F.);
#2143 = ORIENTED_EDGE('',*,*,#2144,.F.);
#2144 = EDGE_CURVE('',#2145,#267,#2147,.T.);
#2145 = VERTEX_POINT('',#2146);
#2146 = CARTESIAN_POINT('',(-38.35,36.75,-1.));
#2147 = LINE('',#2148,#2149);
#2148 = CARTESIAN_POINT('',(-38.35,36.75,-1.));
#2149 = VECTOR('',#2150,1.);
#2150 = DIRECTION('',(0.,-1.,0.));
#2151 = ORIENTED_EDGE('',*,*,#2152,.T.);
#2152 = EDGE_CURVE('',#2145,#2153,#2155,.T.);
#2153 = VERTEX_POINT('',#2154);
#2154 = CARTESIAN_POINT('',(-38.35,36.75,-6.7));
#2155 = LINE('',#2156,#2157);
#2156 = CARTESIAN_POINT('',(-38.35,36.75,0.));
#2157 = VECTOR('',#2158,1.);
#2158 = DIRECTION('',(-0.,-0.,-1.));
#2159 = ORIENTED_EDGE('',*,*,#2160,.T.);
#2160 = EDGE_CURVE('',#2153,#2161,#2163,.T.);
#2161 = VERTEX_POINT('',#2162);
#2162 = CARTESIAN_POINT('',(-38.35,30.45,-6.7));
#2163 = LINE('',#2164,#2165);
#2164 = CARTESIAN_POINT('',(-38.35,36.75,-6.7));
#2165 = VECTOR('',#2166,1.);
#2166 = DIRECTION('',(0.,-1.,0.));
#2167 = ORIENTED_EDGE('',*,*,#2168,.T.);
#2168 = EDGE_CURVE('',#2161,#2169,#2171,.T.);
#2169 = VERTEX_POINT('',#2170);
#2170 = CARTESIAN_POINT('',(-38.35,30.45,-2.2));
#2171 = LINE('',#2172,#2173);
#2172 = CARTESIAN_POINT('',(-38.35,30.45,-9.8));
#2173 = VECTOR('',#2174,1.);
#2174 = DIRECTION('',(0.,0.,1.));
#2175 = ORIENTED_EDGE('',*,*,#2176,.T.);
#2176 = EDGE_CURVE('',#2169,#2177,#2179,.T.);
#2177 = VERTEX_POINT('',#2178);
#2178 = CARTESIAN_POINT('',(-38.35,23.25,-2.2));
#2179 = LINE('',#2180,#2181);
#2180 = CARTESIAN_POINT('',(-38.35,30.45,-2.2));
#2181 = VECTOR('',#2182,1.);
#2182 = DIRECTION('',(0.,-1.,0.));
#2183 = ORIENTED_EDGE('',*,*,#2184,.T.);
#2184 = EDGE_CURVE('',#2177,#2185,#2187,.T.);
#2185 = VERTEX_POINT('',#2186);
#2186 = CARTESIAN_POINT('',(-38.35,23.25,-6.7));
#2187 = LINE('',#2188,#2189);
#2188 = CARTESIAN_POINT('',(-38.35,23.25,-2.2));
#2189 = VECTOR('',#2190,1.);
#2190 = DIRECTION('',(0.,0.,-1.));
#2191 = ORIENTED_EDGE('',*,*,#2192,.T.);
#2192 = EDGE_CURVE('',#2185,#2193,#2195,.T.);
#2193 = VERTEX_POINT('',#2194);
#2194 = CARTESIAN_POINT('',(-38.35,18.73,-6.7));
#2195 = LINE('',#2196,#2197);
#2196 = CARTESIAN_POINT('',(-38.35,36.75,-6.7));
#2197 = VECTOR('',#2198,1.);
#2198 = DIRECTION('',(0.,-1.,0.));
#2199 = ORIENTED_EDGE('',*,*,#2200,.T.);
#2200 = EDGE_CURVE('',#2193,#2201,#2203,.T.);
#2201 = VERTEX_POINT('',#2202);
#2202 = CARTESIAN_POINT('',(-38.35,18.73,-2.2));
#2203 = LINE('',#2204,#2205);
#2204 = CARTESIAN_POINT('',(-38.35,18.73,-9.8));
#2205 = VECTOR('',#2206,1.);
#2206 = DIRECTION('',(0.,0.,1.));
#2207 = ORIENTED_EDGE('',*,*,#2208,.T.);
#2208 = EDGE_CURVE('',#2201,#2209,#2211,.T.);
#2209 = VERTEX_POINT('',#2210);
#2210 = CARTESIAN_POINT('',(-38.35,14.03,-2.2));
#2211 = LINE('',#2212,#2213);
#2212 = CARTESIAN_POINT('',(-38.35,18.73,-2.2));
#2213 = VECTOR('',#2214,1.);
#2214 = DIRECTION('',(0.,-1.,0.));
#2215 = ORIENTED_EDGE('',*,*,#2216,.T.);
#2216 = EDGE_CURVE('',#2209,#2217,#2219,.T.);
#2217 = VERTEX_POINT('',#2218);
#2218 = CARTESIAN_POINT('',(-38.35,14.03,-6.7));
#2219 = LINE('',#2220,#2221);
#2220 = CARTESIAN_POINT('',(-38.35,14.03,-2.2));
#2221 = VECTOR('',#2222,1.);
#2222 = DIRECTION('',(0.,0.,-1.));
#2223 = ORIENTED_EDGE('',*,*,#2224,.T.);
#2224 = EDGE_CURVE('',#2217,#2225,#2227,.T.);
#2225 = VERTEX_POINT('',#2226);
#2226 = CARTESIAN_POINT('',(-38.35,9.829999999963,-6.7));
#2227 = LINE('',#2228,#2229);
#2228 = CARTESIAN_POINT('',(-38.35,36.75,-6.7));
#2229 = VECTOR('',#2230,1.);
#2230 = DIRECTION('',(0.,-1.,0.));
#2231 = ORIENTED_EDGE('',*,*,#2232,.T.);
#2232 = EDGE_CURVE('',#2225,#2233,#2235,.T.);
#2233 = VERTEX_POINT('',#2234);
#2234 = CARTESIAN_POINT('',(-38.35,9.829999999963,-2.2));
#2235 = LINE('',#2236,#2237);
#2236 = CARTESIAN_POINT('',(-38.35,9.829999999963,-9.8));
#2237 = VECTOR('',#2238,1.);
#2238 = DIRECTION('',(0.,0.,1.));
#2239 = ORIENTED_EDGE('',*,*,#2240,.T.);
#2240 = EDGE_CURVE('',#2233,#2241,#2243,.T.);
#2241 = VERTEX_POINT('',#2242);
#2242 = CARTESIAN_POINT('',(-38.35,5.130000000037,-2.2));
#2243 = LINE('',#2244,#2245);
#2244 = CARTESIAN_POINT('',(-38.35,9.829999999963,-2.2));
#2245 = VECTOR('',#2246,1.);
#2246 = DIRECTION('',(0.,-1.,0.));
#2247 = ORIENTED_EDGE('',*,*,#2248,.T.);
#2248 = EDGE_CURVE('',#2241,#2249,#2251,.T.);
#2249 = VERTEX_POINT('',#2250);
#2250 = CARTESIAN_POINT('',(-38.35,5.130000000037,-6.7));
#2251 = LINE('',#2252,#2253);
#2252 = CARTESIAN_POINT('',(-38.35,5.130000000037,-2.2));
#2253 = VECTOR('',#2254,1.);
#2254 = DIRECTION('',(0.,0.,-1.));
#2255 = ORIENTED_EDGE('',*,*,#2256,.T.);
#2256 = EDGE_CURVE('',#2249,#2257,#2259,.T.);
#2257 = VERTEX_POINT('',#2258);
#2258 = CARTESIAN_POINT('',(-38.35,-0.,-6.7));
#2259 = LINE('',#2260,#2261);
#2260 = CARTESIAN_POINT('',(-38.35,36.75,-6.7));
#2261 = VECTOR('',#2262,1.);
#2262 = DIRECTION('',(0.,-1.,0.));
#2263 = ORIENTED_EDGE('',*,*,#2264,.T.);
#2264 = EDGE_CURVE('',#2257,#2265,#2267,.T.);
#2265 = VERTEX_POINT('',#2266);
#2266 = CARTESIAN_POINT('',(-38.35,-0.,-2.7));
#2267 = LINE('',#2268,#2269);
#2268 = CARTESIAN_POINT('',(-38.35,-4.E-17,-6.7));
#2269 = VECTOR('',#2270,1.);
#2270 = DIRECTION('',(0.,0.,1.));
#2271 = ORIENTED_EDGE('',*,*,#2272,.T.);
#2272 = EDGE_CURVE('',#2265,#2273,#2275,.T.);
#2273 = VERTEX_POINT('',#2274);
#2274 = CARTESIAN_POINT('',(-38.35,-20.,-2.7));
#2275 = LINE('',#2276,#2277);
#2276 = CARTESIAN_POINT('',(-38.35,-4.E-17,-2.7));
#2277 = VECTOR('',#2278,1.);
#2278 = DIRECTION('',(0.,-1.,0.));
#2279 = ORIENTED_EDGE('',*,*,#2280,.T.);
#2280 = EDGE_CURVE('',#2273,#334,#2281,.T.);
#2281 = LINE('',#2282,#2283);
#2282 = CARTESIAN_POINT('',(-38.35,-20.,-2.7));
#2283 = VECTOR('',#2284,1.);
#2284 = DIRECTION('',(0.,0.,-1.));
#2285 = ORIENTED_EDGE('',*,*,#341,.T.);
#2286 = PLANE('',#2287);
#2287 = AXIS2_PLACEMENT_3D('',#2288,#2289,#2290);
#2288 = CARTESIAN_POINT('',(-38.35,36.75,0.));
#2289 = DIRECTION('',(-1.,0.,0.));
#2290 = DIRECTION('',(0.,-1.,0.));
#2291 = ADVANCED_FACE('',(#2292),#2316,.F.);
#2292 = FACE_BOUND('',#2293,.F.);
#2293 = EDGE_LOOP('',(#2294,#2304,#2310,#2311));
#2294 = ORIENTED_EDGE('',*,*,#2295,.F.);
#2295 = EDGE_CURVE('',#2296,#2298,#2300,.T.);
#2296 = VERTEX_POINT('',#2297);
#2297 = CARTESIAN_POINT('',(-37.72120327386,-20.,-5.3));
#2298 = VERTEX_POINT('',#2299);
#2299 = CARTESIAN_POINT('',(-37.72120327386,-36.75,-5.3));
#2300 = LINE('',#2301,#2302);
#2301 = CARTESIAN_POINT('',(-37.72120327386,36.75,-5.3));
#2302 = VECTOR('',#2303,1.);
#2303 = DIRECTION('',(0.,-1.,0.));
#2304 = ORIENTED_EDGE('',*,*,#2305,.T.);
#2305 = EDGE_CURVE('',#2296,#324,#2306,.T.);
#2306 = LINE('',#2307,#2308);
#2307 = CARTESIAN_POINT('',(-38.06390242675,-20.,-4.007503818454));
#2308 = VECTOR('',#2309,1.);
#2309 = DIRECTION('',(0.256289373133,0.,-0.966600102017));
#2310 = ORIENTED_EDGE('',*,*,#323,.T.);
#2311 = ORIENTED_EDGE('',*,*,#2312,.T.);
#2312 = EDGE_CURVE('',#326,#2298,#2313,.T.);
#2313 = B_SPLINE_CURVE_WITH_KNOTS('',1,(#2314,#2315),.UNSPECIFIED.,.F.,
  .F.,(2,2),(0.,1.),.PIECEWISE_BEZIER_KNOTS.);
#2314 = CARTESIAN_POINT('',(-37.35,-36.75,-6.7));
#2315 = CARTESIAN_POINT('',(-37.72120327386,-36.75,-5.3));
#2316 = PLANE('',#2317);
#2317 = AXIS2_PLACEMENT_3D('',#2318,#2319,#2320);
#2318 = CARTESIAN_POINT('',(-37.72120327386,36.75,-5.3));
#2319 = DIRECTION('',(-0.966600102017,0.,-0.256289373133));
#2320 = DIRECTION('',(0.,-1.,0.));
#2321 = ADVANCED_FACE('',(#2322),#2340,.F.);
#2322 = FACE_BOUND('',#2323,.F.);
#2323 = EDGE_LOOP('',(#2324,#2325,#2332,#2339));
#2324 = ORIENTED_EDGE('',*,*,#365,.T.);
#2325 = ORIENTED_EDGE('',*,*,#2326,.T.);
#2326 = EDGE_CURVE('',#358,#2327,#2329,.T.);
#2327 = VERTEX_POINT('',#2328);
#2328 = CARTESIAN_POINT('',(-27.15,-47.32120327387,-5.3));
#2329 = B_SPLINE_CURVE_WITH_KNOTS('',1,(#2330,#2331),.UNSPECIFIED.,.F.,
  .F.,(2,2),(0.,1.),.PIECEWISE_BEZIER_KNOTS.);
#2330 = CARTESIAN_POINT('',(-27.15,-46.95,-6.7));
#2331 = CARTESIAN_POINT('',(-27.15,-47.32120327387,-5.3));
#2332 = ORIENTED_EDGE('',*,*,#2333,.F.);
#2333 = EDGE_CURVE('',#2298,#2327,#2334,.T.);
#2334 = CIRCLE('',#2335,10.571203273864);
#2335 = AXIS2_PLACEMENT_3D('',#2336,#2337,#2338);
#2336 = CARTESIAN_POINT('',(-27.15,-36.75,-5.3));
#2337 = DIRECTION('',(0.,0.,1.));
#2338 = DIRECTION('',(1.,0.,0.));
#2339 = ORIENTED_EDGE('',*,*,#2312,.F.);
#2340 = CONICAL_SURFACE('',#2341,10.2,0.259181393921);
#2341 = AXIS2_PLACEMENT_3D('',#2342,#2343,#2344);
#2342 = CARTESIAN_POINT('',(-27.15,-36.75,-6.7));
#2343 = DIRECTION('',(0.,0.,1.));
#2344 = DIRECTION('',(1.,0.,0.));
#2345 = ADVANCED_FACE('',(#2346),#2358,.F.);
#2346 = FACE_BOUND('',#2347,.F.);
#2347 = EDGE_LOOP('',(#2348,#2349,#2350,#2351,#2352));
#2348 = ORIENTED_EDGE('',*,*,#2326,.F.);
#2349 = ORIENTED_EDGE('',*,*,#357,.T.);
#2350 = ORIENTED_EDGE('',*,*,#431,.F.);
#2351 = ORIENTED_EDGE('',*,*,#489,.F.);
#2352 = ORIENTED_EDGE('',*,*,#2353,.F.);
#2353 = EDGE_CURVE('',#2327,#482,#2354,.T.);
#2354 = LINE('',#2355,#2356);
#2355 = CARTESIAN_POINT('',(-27.15,-47.32120327387,-5.3));
#2356 = VECTOR('',#2357,1.);
#2357 = DIRECTION('',(1.,0.,0.));
#2358 = PLANE('',#2359);
#2359 = AXIS2_PLACEMENT_3D('',#2360,#2361,#2362);
#2360 = CARTESIAN_POINT('',(-27.15,-47.32120327387,-5.3));
#2361 = DIRECTION('',(0.,-0.966600102017,-0.256289373133));
#2362 = DIRECTION('',(1.,0.,0.));
#2363 = ADVANCED_FACE('',(#2364),#2391,.T.);
#2364 = FACE_BOUND('',#2365,.T.);
#2365 = EDGE_LOOP('',(#2366,#2367,#2375,#2383,#2389,#2390));
#2366 = ORIENTED_EDGE('',*,*,#2280,.F.);
#2367 = ORIENTED_EDGE('',*,*,#2368,.T.);
#2368 = EDGE_CURVE('',#2273,#2369,#2371,.T.);
#2369 = VERTEX_POINT('',#2370);
#2370 = CARTESIAN_POINT('',(-36.15,-20.,-2.7));
#2371 = LINE('',#2372,#2373);
#2372 = CARTESIAN_POINT('',(-38.35,-20.,-2.7));
#2373 = VECTOR('',#2374,1.);
#2374 = DIRECTION('',(1.,0.,0.));
#2375 = ORIENTED_EDGE('',*,*,#2376,.T.);
#2376 = EDGE_CURVE('',#2369,#2377,#2379,.T.);
#2377 = VERTEX_POINT('',#2378);
#2378 = CARTESIAN_POINT('',(-36.15,-20.,-5.3));
#2379 = LINE('',#2380,#2381);
#2380 = CARTESIAN_POINT('',(-36.15,-20.,-2.7));
#2381 = VECTOR('',#2382,1.);
#2382 = DIRECTION('',(0.,0.,-1.));
#2383 = ORIENTED_EDGE('',*,*,#2384,.T.);
#2384 = EDGE_CURVE('',#2377,#2296,#2385,.T.);
#2385 = LINE('',#2386,#2387);
#2386 = CARTESIAN_POINT('',(-5.600000000002,-20.,-5.3));
#2387 = VECTOR('',#2388,1.);
#2388 = DIRECTION('',(-1.,0.,0.));
#2389 = ORIENTED_EDGE('',*,*,#2305,.T.);
#2390 = ORIENTED_EDGE('',*,*,#333,.F.);
#2391 = PLANE('',#2392);
#2392 = AXIS2_PLACEMENT_3D('',#2393,#2394,#2395);
#2393 = CARTESIAN_POINT('',(-38.35,-20.,-2.7));
#2394 = DIRECTION('',(0.,1.,0.));
#2395 = DIRECTION('',(0.,0.,-1.));
#2396 = ADVANCED_FACE('',(#2397),#2440,.T.);
#2397 = FACE_BOUND('',#2398,.T.);
#2398 = EDGE_LOOP('',(#2399,#2407,#2415,#2423,#2431,#2437,#2438,#2439));
#2399 = ORIENTED_EDGE('',*,*,#2400,.F.);
#2400 = EDGE_CURVE('',#2401,#473,#2403,.T.);
#2401 = VERTEX_POINT('',#2402);
#2402 = CARTESIAN_POINT('',(-27.15,-45.75,-5.3));
#2403 = LINE('',#2404,#2405);
#2404 = CARTESIAN_POINT('',(-1.69642E-12,-45.75,-5.3));
#2405 = VECTOR('',#2406,1.);
#2406 = DIRECTION('',(1.,0.,0.));
#2407 = ORIENTED_EDGE('',*,*,#2408,.T.);
#2408 = EDGE_CURVE('',#2401,#2409,#2411,.T.);
#2409 = VERTEX_POINT('',#2410);
#2410 = CARTESIAN_POINT('',(-27.15,-45.75,-2.2));
#2411 = LINE('',#2412,#2413);
#2412 = CARTESIAN_POINT('',(-27.15,-45.75,-6.7));
#2413 = VECTOR('',#2414,1.);
#2414 = DIRECTION('',(0.,0.,1.));
#2415 = ORIENTED_EDGE('',*,*,#2416,.T.);
#2416 = EDGE_CURVE('',#2409,#2417,#2419,.T.);
#2417 = VERTEX_POINT('',#2418);
#2418 = CARTESIAN_POINT('',(27.15,-45.75,-2.2));
#2419 = LINE('',#2420,#2421);
#2420 = CARTESIAN_POINT('',(-27.15,-45.75,-2.2));
#2421 = VECTOR('',#2422,1.);
#2422 = DIRECTION('',(1.,0.,0.));
#2423 = ORIENTED_EDGE('',*,*,#2424,.F.);
#2424 = EDGE_CURVE('',#2425,#2417,#2427,.T.);
#2425 = VERTEX_POINT('',#2426);
#2426 = CARTESIAN_POINT('',(27.15,-45.75,-5.3));
#2427 = LINE('',#2428,#2429);
#2428 = CARTESIAN_POINT('',(27.15,-45.75,-6.7));
#2429 = VECTOR('',#2430,1.);
#2430 = DIRECTION('',(0.,0.,1.));
#2431 = ORIENTED_EDGE('',*,*,#2432,.F.);
#2432 = EDGE_CURVE('',#392,#2425,#2433,.T.);
#2433 = LINE('',#2434,#2435);
#2434 = CARTESIAN_POINT('',(-1.69642E-12,-45.75,-5.3));
#2435 = VECTOR('',#2436,1.);
#2436 = DIRECTION('',(1.,0.,0.));
#2437 = ORIENTED_EDGE('',*,*,#399,.T.);
#2438 = ORIENTED_EDGE('',*,*,#447,.T.);
#2439 = ORIENTED_EDGE('',*,*,#472,.T.);
#2440 = PLANE('',#2441);
#2441 = AXIS2_PLACEMENT_3D('',#2442,#2443,#2444);
#2442 = CARTESIAN_POINT('',(-27.15,-45.75,-6.7));
#2443 = DIRECTION('',(0.,1.,0.));
#2444 = DIRECTION('',(1.,0.,0.));
#2445 = ADVANCED_FACE('',(#2446),#2588,.F.);
#2446 = FACE_BOUND('',#2447,.F.);
#2447 = EDGE_LOOP('',(#2448,#2449,#2450,#2451,#2452,#2453,#2454,#2455,
    #2456,#2464,#2473,#2482,#2491,#2499,#2507,#2515,#2523,#2531,#2539,
    #2547,#2555,#2563,#2572,#2581));
#2448 = ORIENTED_EDGE('',*,*,#2432,.F.);
#2449 = ORIENTED_EDGE('',*,*,#391,.T.);
#2450 = ORIENTED_EDGE('',*,*,#1869,.T.);
#2451 = ORIENTED_EDGE('',*,*,#1892,.T.);
#2452 = ORIENTED_EDGE('',*,*,#1916,.T.);
#2453 = ORIENTED_EDGE('',*,*,#1939,.T.);
#2454 = ORIENTED_EDGE('',*,*,#1975,.T.);
#2455 = ORIENTED_EDGE('',*,*,#1990,.F.);
#2456 = ORIENTED_EDGE('',*,*,#2457,.F.);
#2457 = EDGE_CURVE('',#2458,#1991,#2460,.T.);
#2458 = VERTEX_POINT('',#2459);
#2459 = CARTESIAN_POINT('',(27.15,45.75,-5.3));
#2460 = LINE('',#2461,#2462);
#2461 = CARTESIAN_POINT('',(27.149999999998,45.75,-5.3));
#2462 = VECTOR('',#2463,1.);
#2463 = DIRECTION('',(-1.,0.,0.));
#2464 = ORIENTED_EDGE('',*,*,#2465,.T.);
#2465 = EDGE_CURVE('',#2458,#2466,#2468,.T.);
#2466 = VERTEX_POINT('',#2467);
#2467 = CARTESIAN_POINT('',(33.042787797876,43.552576862425,-5.3));
#2468 = CIRCLE('',#2469,9.);
#2469 = AXIS2_PLACEMENT_3D('',#2470,#2471,#2472);
#2470 = CARTESIAN_POINT('',(27.15,36.75,-5.3));
#2471 = DIRECTION('',(0.,0.,-1.));
#2472 = DIRECTION('',(1.,0.,0.));
#2473 = ORIENTED_EDGE('',*,*,#2474,.F.);
#2474 = EDGE_CURVE('',#2475,#2466,#2477,.T.);
#2475 = VERTEX_POINT('',#2476);
#2476 = CARTESIAN_POINT('',(33.77660085675,42.840005015213,-5.3));
#2477 = CIRCLE('',#2478,1.835);
#2478 = AXIS2_PLACEMENT_3D('',#2479,#2480,#2481);
#2479 = CARTESIAN_POINT('',(32.182,41.932,-5.3));
#2480 = DIRECTION('',(0.,0.,1.));
#2481 = DIRECTION('',(1.,0.,0.));
#2482 = ORIENTED_EDGE('',*,*,#2483,.T.);
#2483 = EDGE_CURVE('',#2475,#2484,#2486,.T.);
#2484 = VERTEX_POINT('',#2485);
#2485 = CARTESIAN_POINT('',(36.15,36.75,-5.3));
#2486 = CIRCLE('',#2487,9.);
#2487 = AXIS2_PLACEMENT_3D('',#2488,#2489,#2490);
#2488 = CARTESIAN_POINT('',(27.15,36.75,-5.3));
#2489 = DIRECTION('',(0.,0.,-1.));
#2490 = DIRECTION('',(1.,0.,0.));
#2491 = ORIENTED_EDGE('',*,*,#2492,.F.);
#2492 = EDGE_CURVE('',#2493,#2484,#2495,.T.);
#2493 = VERTEX_POINT('',#2494);
#2494 = CARTESIAN_POINT('',(36.15,19.88,-5.3));
#2495 = LINE('',#2496,#2497);
#2496 = CARTESIAN_POINT('',(36.15,7.11E-15,-5.3));
#2497 = VECTOR('',#2498,1.);
#2498 = DIRECTION('',(0.,1.,0.));
#2499 = ORIENTED_EDGE('',*,*,#2500,.T.);
#2500 = EDGE_CURVE('',#2493,#2501,#2503,.T.);
#2501 = VERTEX_POINT('',#2502);
#2502 = CARTESIAN_POINT('',(37.25,19.88,-5.3));
#2503 = LINE('',#2504,#2505);
#2504 = CARTESIAN_POINT('',(31.649999999998,19.88,-5.3));
#2505 = VECTOR('',#2506,1.);
#2506 = DIRECTION('',(1.,0.,0.));
#2507 = ORIENTED_EDGE('',*,*,#2508,.F.);
#2508 = EDGE_CURVE('',#2509,#2501,#2511,.T.);
#2509 = VERTEX_POINT('',#2510);
#2510 = CARTESIAN_POINT('',(37.25,12.88,-5.3));
#2511 = LINE('',#2512,#2513);
#2512 = CARTESIAN_POINT('',(37.25,24.34,-5.3));
#2513 = VECTOR('',#2514,1.);
#2514 = DIRECTION('',(0.,1.,0.));
#2515 = ORIENTED_EDGE('',*,*,#2516,.T.);
#2516 = EDGE_CURVE('',#2509,#2517,#2519,.T.);
#2517 = VERTEX_POINT('',#2518);
#2518 = CARTESIAN_POINT('',(36.15,12.88,-5.3));
#2519 = LINE('',#2520,#2521);
#2520 = CARTESIAN_POINT('',(31.649999999998,12.88,-5.3));
#2521 = VECTOR('',#2522,1.);
#2522 = DIRECTION('',(-1.,0.,0.));
#2523 = ORIENTED_EDGE('',*,*,#2524,.F.);
#2524 = EDGE_CURVE('',#2525,#2517,#2527,.T.);
#2525 = VERTEX_POINT('',#2526);
#2526 = CARTESIAN_POINT('',(36.15,10.98,-5.3));
#2527 = LINE('',#2528,#2529);
#2528 = CARTESIAN_POINT('',(36.15,7.11E-15,-5.3));
#2529 = VECTOR('',#2530,1.);
#2530 = DIRECTION('',(0.,1.,0.));
#2531 = ORIENTED_EDGE('',*,*,#2532,.T.);
#2532 = EDGE_CURVE('',#2525,#2533,#2535,.T.);
#2533 = VERTEX_POINT('',#2534);
#2534 = CARTESIAN_POINT('',(37.25,10.98,-5.3));
#2535 = LINE('',#2536,#2537);
#2536 = CARTESIAN_POINT('',(31.649999999998,10.98,-5.3));
#2537 = VECTOR('',#2538,1.);
#2538 = DIRECTION('',(1.,0.,0.));
#2539 = ORIENTED_EDGE('',*,*,#2540,.F.);
#2540 = EDGE_CURVE('',#2541,#2533,#2543,.T.);
#2541 = VERTEX_POINT('',#2542);
#2542 = CARTESIAN_POINT('',(37.25,3.98,-5.3));
#2543 = LINE('',#2544,#2545);
#2544 = CARTESIAN_POINT('',(37.25,24.34,-5.3));
#2545 = VECTOR('',#2546,1.);
#2546 = DIRECTION('',(0.,1.,0.));
#2547 = ORIENTED_EDGE('',*,*,#2548,.T.);
#2548 = EDGE_CURVE('',#2541,#2549,#2551,.T.);
#2549 = VERTEX_POINT('',#2550);
#2550 = CARTESIAN_POINT('',(36.15,3.98,-5.3));
#2551 = LINE('',#2552,#2553);
#2552 = CARTESIAN_POINT('',(31.649999999998,3.98,-5.3));
#2553 = VECTOR('',#2554,1.);
#2554 = DIRECTION('',(-1.,0.,0.));
#2555 = ORIENTED_EDGE('',*,*,#2556,.F.);
#2556 = EDGE_CURVE('',#2557,#2549,#2559,.T.);
#2557 = VERTEX_POINT('',#2558);
#2558 = CARTESIAN_POINT('',(36.15,-36.75,-5.3));
#2559 = LINE('',#2560,#2561);
#2560 = CARTESIAN_POINT('',(36.15,7.11E-15,-5.3));
#2561 = VECTOR('',#2562,1.);
#2562 = DIRECTION('',(0.,1.,0.));
#2563 = ORIENTED_EDGE('',*,*,#2564,.T.);
#2564 = EDGE_CURVE('',#2557,#2565,#2567,.T.);
#2565 = VERTEX_POINT('',#2566);
#2566 = CARTESIAN_POINT('',(33.77660085675,-42.84000501521,-5.3));
#2567 = CIRCLE('',#2568,9.);
#2568 = AXIS2_PLACEMENT_3D('',#2569,#2570,#2571);
#2569 = CARTESIAN_POINT('',(27.15,-36.75,-5.3));
#2570 = DIRECTION('',(0.,0.,-1.));
#2571 = DIRECTION('',(1.,0.,0.));
#2572 = ORIENTED_EDGE('',*,*,#2573,.F.);
#2573 = EDGE_CURVE('',#2574,#2565,#2576,.T.);
#2574 = VERTEX_POINT('',#2575);
#2575 = CARTESIAN_POINT('',(33.042787797876,-43.55257686242,-5.3));
#2576 = CIRCLE('',#2577,1.835);
#2577 = AXIS2_PLACEMENT_3D('',#2578,#2579,#2580);
#2578 = CARTESIAN_POINT('',(32.182,-41.932,-5.3));
#2579 = DIRECTION('',(0.,0.,1.));
#2580 = DIRECTION('',(1.,0.,0.));
#2581 = ORIENTED_EDGE('',*,*,#2582,.T.);
#2582 = EDGE_CURVE('',#2574,#2425,#2583,.T.);
#2583 = CIRCLE('',#2584,9.);
#2584 = AXIS2_PLACEMENT_3D('',#2585,#2586,#2587);
#2585 = CARTESIAN_POINT('',(27.15,-36.75,-5.3));
#2586 = DIRECTION('',(0.,0.,-1.));
#2587 = DIRECTION('',(1.,0.,0.));
#2588 = PLANE('',#2589);
#2589 = AXIS2_PLACEMENT_3D('',#2590,#2591,#2592);
#2590 = CARTESIAN_POINT('',(27.149999999997,36.75,-5.3));
#2591 = DIRECTION('',(0.,0.,1.));
#2592 = DIRECTION('',(1.,0.,0.));
#2593 = ADVANCED_FACE('',(#2594),#2634,.F.);
#2594 = FACE_BOUND('',#2595,.F.);
#2595 = EDGE_LOOP('',(#2596,#2597,#2598,#2599,#2600,#2601,#2602,#2611,
    #2619,#2628));
#2596 = ORIENTED_EDGE('',*,*,#2384,.T.);
#2597 = ORIENTED_EDGE('',*,*,#2295,.T.);
#2598 = ORIENTED_EDGE('',*,*,#2333,.T.);
#2599 = ORIENTED_EDGE('',*,*,#2353,.T.);
#2600 = ORIENTED_EDGE('',*,*,#481,.F.);
#2601 = ORIENTED_EDGE('',*,*,#2400,.F.);
#2602 = ORIENTED_EDGE('',*,*,#2603,.T.);
#2603 = EDGE_CURVE('',#2401,#2604,#2606,.T.);
#2604 = VERTEX_POINT('',#2605);
#2605 = CARTESIAN_POINT('',(-36.15,-36.75,-5.3));
#2606 = CIRCLE('',#2607,9.);
#2607 = AXIS2_PLACEMENT_3D('',#2608,#2609,#2610);
#2608 = CARTESIAN_POINT('',(-27.15,-36.75,-5.3));
#2609 = DIRECTION('',(0.,0.,-1.));
#2610 = DIRECTION('',(1.,0.,0.));
#2611 = ORIENTED_EDGE('',*,*,#2612,.F.);
#2612 = EDGE_CURVE('',#2613,#2604,#2615,.T.);
#2613 = VERTEX_POINT('',#2614);
#2614 = CARTESIAN_POINT('',(-36.15,-36.43520564413,-5.3));
#2615 = LINE('',#2616,#2617);
#2616 = CARTESIAN_POINT('',(-36.15,36.75,-5.3));
#2617 = VECTOR('',#2618,1.);
#2618 = DIRECTION('',(0.,-1.,0.));
#2619 = ORIENTED_EDGE('',*,*,#2620,.F.);
#2620 = EDGE_CURVE('',#2621,#2613,#2623,.T.);
#2621 = VERTEX_POINT('',#2622);
#2622 = CARTESIAN_POINT('',(-36.15,-34.52879435587,-5.3));
#2623 = CIRCLE('',#2624,1.835);
#2624 = AXIS2_PLACEMENT_3D('',#2625,#2626,#2627);
#2625 = CARTESIAN_POINT('',(-34.582,-35.482,-5.3));
#2626 = DIRECTION('',(0.,0.,1.));
#2627 = DIRECTION('',(1.,0.,0.));
#2628 = ORIENTED_EDGE('',*,*,#2629,.F.);
#2629 = EDGE_CURVE('',#2377,#2621,#2630,.T.);
#2630 = LINE('',#2631,#2632);
#2631 = CARTESIAN_POINT('',(-36.15,36.75,-5.3));
#2632 = VECTOR('',#2633,1.);
#2633 = DIRECTION('',(0.,-1.,0.));
#2634 = PLANE('',#2635);
#2635 = AXIS2_PLACEMENT_3D('',#2636,#2637,#2638);
#2636 = CARTESIAN_POINT('',(27.149999999997,36.75,-5.3));
#2637 = DIRECTION('',(0.,0.,1.));
#2638 = DIRECTION('',(1.,0.,0.));
#2639 = ADVANCED_FACE('',(#2640),#2651,.T.);
#2640 = FACE_BOUND('',#2641,.F.);
#2641 = EDGE_LOOP('',(#2642,#2643,#2644,#2650));
#2642 = ORIENTED_EDGE('',*,*,#515,.F.);
#2643 = ORIENTED_EDGE('',*,*,#590,.T.);
#2644 = ORIENTED_EDGE('',*,*,#2645,.T.);
#2645 = EDGE_CURVE('',#591,#533,#2646,.T.);
#2646 = LINE('',#2647,#2648);
#2647 = CARTESIAN_POINT('',(37.85,36.75,-0.5));
#2648 = VECTOR('',#2649,1.);
#2649 = DIRECTION('',(0.707106781187,0.,-0.707106781187));
#2650 = ORIENTED_EDGE('',*,*,#540,.F.);
#2651 = PLANE('',#2652);
#2652 = AXIS2_PLACEMENT_3D('',#2653,#2654,#2655);
#2653 = CARTESIAN_POINT('',(37.85,-36.75,-0.5));
#2654 = DIRECTION('',(0.707106781187,0.,0.707106781187));
#2655 = DIRECTION('',(0.,-1.,0.));
#2656 = ADVANCED_FACE('',(#2657),#2668,.T.);
#2657 = FACE_BOUND('',#2658,.F.);
#2658 = EDGE_LOOP('',(#2659,#2665,#2666,#2667));
#2659 = ORIENTED_EDGE('',*,*,#2660,.F.);
#2660 = EDGE_CURVE('',#580,#2145,#2661,.T.);
#2661 = LINE('',#2662,#2663);
#2662 = CARTESIAN_POINT('',(-37.85,36.75,-0.5));
#2663 = VECTOR('',#2664,1.);
#2664 = DIRECTION('',(-0.707106781187,-0.,-0.707106781187));
#2665 = ORIENTED_EDGE('',*,*,#579,.T.);
#2666 = ORIENTED_EDGE('',*,*,#554,.T.);
#2667 = ORIENTED_EDGE('',*,*,#2144,.F.);
#2668 = PLANE('',#2669);
#2669 = AXIS2_PLACEMENT_3D('',#2670,#2671,#2672);
#2670 = CARTESIAN_POINT('',(-37.85,36.75,-0.5));
#2671 = DIRECTION('',(-0.707106781187,0.,0.707106781187));
#2672 = DIRECTION('',(0.,1.,0.));
#2673 = ADVANCED_FACE('',(#2674),#2691,.T.);
#2674 = FACE_BOUND('',#2675,.F.);
#2675 = EDGE_LOOP('',(#2676,#2682,#2683,#2684));
#2676 = ORIENTED_EDGE('',*,*,#2677,.F.);
#2677 = EDGE_CURVE('',#608,#2059,#2678,.T.);
#2678 = LINE('',#2679,#2680);
#2679 = CARTESIAN_POINT('',(-27.15,47.45,-0.5));
#2680 = VECTOR('',#2681,1.);
#2681 = DIRECTION('',(0.,0.707106781187,-0.707106781187));
#2682 = ORIENTED_EDGE('',*,*,#615,.T.);
#2683 = ORIENTED_EDGE('',*,*,#2660,.T.);
#2684 = ORIENTED_EDGE('',*,*,#2685,.F.);
#2685 = EDGE_CURVE('',#2059,#2145,#2686,.T.);
#2686 = CIRCLE('',#2687,11.2);
#2687 = AXIS2_PLACEMENT_3D('',#2688,#2689,#2690);
#2688 = CARTESIAN_POINT('',(-27.15,36.75,-1.));
#2689 = DIRECTION('',(0.,-0.,1.));
#2690 = DIRECTION('',(0.,1.,0.));
#2691 = CONICAL_SURFACE('',#2692,11.2,0.785398163397);
#2692 = AXIS2_PLACEMENT_3D('',#2693,#2694,#2695);
#2693 = CARTESIAN_POINT('',(-27.15,36.75,-1.));
#2694 = DIRECTION('',(-0.,-0.,-1.));
#2695 = DIRECTION('',(0.,1.,0.));
#2696 = ADVANCED_FACE('',(#2697),#2708,.T.);
#2697 = FACE_BOUND('',#2698,.F.);
#2698 = EDGE_LOOP('',(#2699,#2705,#2706,#2707));
#2699 = ORIENTED_EDGE('',*,*,#2700,.F.);
#2700 = EDGE_CURVE('',#599,#2069,#2701,.T.);
#2701 = LINE('',#2702,#2703);
#2702 = CARTESIAN_POINT('',(27.15,47.95,-1.));
#2703 = VECTOR('',#2704,1.);
#2704 = DIRECTION('',(4.E-17,0.707106781187,-0.707106781187));
#2705 = ORIENTED_EDGE('',*,*,#607,.T.);
#2706 = ORIENTED_EDGE('',*,*,#2677,.T.);
#2707 = ORIENTED_EDGE('',*,*,#2068,.F.);
#2708 = PLANE('',#2709);
#2709 = AXIS2_PLACEMENT_3D('',#2710,#2711,#2712);
#2710 = CARTESIAN_POINT('',(27.15,47.45,-0.5));
#2711 = DIRECTION('',(0.,0.707106781187,0.707106781187));
#2712 = DIRECTION('',(1.,0.,0.));
#2713 = ADVANCED_FACE('',(#2714),#2720,.T.);
#2714 = FACE_BOUND('',#2715,.F.);
#2715 = EDGE_LOOP('',(#2716,#2717,#2718,#2719));
#2716 = ORIENTED_EDGE('',*,*,#2645,.F.);
#2717 = ORIENTED_EDGE('',*,*,#598,.T.);
#2718 = ORIENTED_EDGE('',*,*,#2700,.T.);
#2719 = ORIENTED_EDGE('',*,*,#2128,.F.);
#2720 = CONICAL_SURFACE('',#2721,11.2,0.785398163397);
#2721 = AXIS2_PLACEMENT_3D('',#2722,#2723,#2724);
#2722 = CARTESIAN_POINT('',(27.15,36.75,-1.));
#2723 = DIRECTION('',(-0.,-0.,-1.));
#2724 = DIRECTION('',(1.,0.,0.));
#2725 = ADVANCED_FACE('',(#2726),#2751,.F.);
#2726 = FACE_BOUND('',#2727,.F.);
#2727 = EDGE_LOOP('',(#2728,#2736,#2744,#2750));
#2728 = ORIENTED_EDGE('',*,*,#2729,.T.);
#2729 = EDGE_CURVE('',#625,#2730,#2732,.T.);
#2730 = VERTEX_POINT('',#2731);
#2731 = CARTESIAN_POINT('',(-24.,-33.49999999998,-0.5));
#2732 = LINE('',#2733,#2734);
#2733 = CARTESIAN_POINT('',(-24.,-33.49999999998,0.));
#2734 = VECTOR('',#2735,1.);
#2735 = DIRECTION('',(-0.,-0.,-1.));
#2736 = ORIENTED_EDGE('',*,*,#2737,.T.);
#2737 = EDGE_CURVE('',#2730,#2738,#2740,.T.);
#2738 = VERTEX_POINT('',#2739);
#2739 = CARTESIAN_POINT('',(-24.,-34.99999999998,-0.5));
#2740 = LINE('',#2741,#2742);
#2741 = CARTESIAN_POINT('',(-24.,-33.49999999998,-0.5));
#2742 = VECTOR('',#2743,1.);
#2743 = DIRECTION('',(0.,-1.,0.));
#2744 = ORIENTED_EDGE('',*,*,#2745,.F.);
#2745 = EDGE_CURVE('',#627,#2738,#2746,.T.);
#2746 = LINE('',#2747,#2748);
#2747 = CARTESIAN_POINT('',(-24.,-34.99999999998,0.));
#2748 = VECTOR('',#2749,1.);
#2749 = DIRECTION('',(-0.,-0.,-1.));
#2750 = ORIENTED_EDGE('',*,*,#624,.F.);
#2751 = PLANE('',#2752);
#2752 = AXIS2_PLACEMENT_3D('',#2753,#2754,#2755);
#2753 = CARTESIAN_POINT('',(-24.,-33.49999999998,0.));
#2754 = DIRECTION('',(-1.,0.,0.));
#2755 = DIRECTION('',(0.,-1.,0.));
#2756 = ADVANCED_FACE('',(#2757),#2775,.F.);
#2757 = FACE_BOUND('',#2758,.F.);
#2758 = EDGE_LOOP('',(#2759,#2760,#2768,#2774));
#2759 = ORIENTED_EDGE('',*,*,#2745,.T.);
#2760 = ORIENTED_EDGE('',*,*,#2761,.T.);
#2761 = EDGE_CURVE('',#2738,#2762,#2764,.T.);
#2762 = VERTEX_POINT('',#2763);
#2763 = CARTESIAN_POINT('',(24.,-34.99999999998,-0.5));
#2764 = LINE('',#2765,#2766);
#2765 = CARTESIAN_POINT('',(-24.,-34.99999999998,-0.5));
#2766 = VECTOR('',#2767,1.);
#2767 = DIRECTION('',(1.,0.,0.));
#2768 = ORIENTED_EDGE('',*,*,#2769,.F.);
#2769 = EDGE_CURVE('',#643,#2762,#2770,.T.);
#2770 = LINE('',#2771,#2772);
#2771 = CARTESIAN_POINT('',(24.,-34.99999999998,0.));
#2772 = VECTOR('',#2773,1.);
#2773 = DIRECTION('',(-0.,-0.,-1.));
#2774 = ORIENTED_EDGE('',*,*,#650,.F.);
#2775 = PLANE('',#2776);
#2776 = AXIS2_PLACEMENT_3D('',#2777,#2778,#2779);
#2777 = CARTESIAN_POINT('',(-24.,-34.99999999998,0.));
#2778 = DIRECTION('',(0.,-1.,0.));
#2779 = DIRECTION('',(1.,0.,0.));
#2780 = ADVANCED_FACE('',(#2781),#2799,.F.);
#2781 = FACE_BOUND('',#2782,.F.);
#2782 = EDGE_LOOP('',(#2783,#2784,#2792,#2798));
#2783 = ORIENTED_EDGE('',*,*,#2769,.T.);
#2784 = ORIENTED_EDGE('',*,*,#2785,.T.);
#2785 = EDGE_CURVE('',#2762,#2786,#2788,.T.);
#2786 = VERTEX_POINT('',#2787);
#2787 = CARTESIAN_POINT('',(24.,-33.49999999998,-0.5));
#2788 = LINE('',#2789,#2790);
#2789 = CARTESIAN_POINT('',(24.,-34.99999999998,-0.5));
#2790 = VECTOR('',#2791,1.);
#2791 = DIRECTION('',(0.,1.,0.));
#2792 = ORIENTED_EDGE('',*,*,#2793,.F.);
#2793 = EDGE_CURVE('',#635,#2786,#2794,.T.);
#2794 = LINE('',#2795,#2796);
#2795 = CARTESIAN_POINT('',(24.,-33.49999999998,0.));
#2796 = VECTOR('',#2797,1.);
#2797 = DIRECTION('',(-0.,-0.,-1.));
#2798 = ORIENTED_EDGE('',*,*,#642,.F.);
#2799 = PLANE('',#2800);
#2800 = AXIS2_PLACEMENT_3D('',#2801,#2802,#2803);
#2801 = CARTESIAN_POINT('',(24.,-34.99999999998,0.));
#2802 = DIRECTION('',(1.,0.,0.));
#2803 = DIRECTION('',(0.,1.,0.));
#2804 = ADVANCED_FACE('',(#2805),#2816,.F.);
#2805 = FACE_BOUND('',#2806,.F.);
#2806 = EDGE_LOOP('',(#2807,#2808,#2814,#2815));
#2807 = ORIENTED_EDGE('',*,*,#2793,.T.);
#2808 = ORIENTED_EDGE('',*,*,#2809,.T.);
#2809 = EDGE_CURVE('',#2786,#2730,#2810,.T.);
#2810 = LINE('',#2811,#2812);
#2811 = CARTESIAN_POINT('',(24.,-33.49999999998,-0.5));
#2812 = VECTOR('',#2813,1.);
#2813 = DIRECTION('',(-1.,0.,0.));
#2814 = ORIENTED_EDGE('',*,*,#2729,.F.);
#2815 = ORIENTED_EDGE('',*,*,#634,.F.);
#2816 = PLANE('',#2817);
#2817 = AXIS2_PLACEMENT_3D('',#2818,#2819,#2820);
#2818 = CARTESIAN_POINT('',(24.,-33.49999999998,0.));
#2819 = DIRECTION('',(0.,1.,0.));
#2820 = DIRECTION('',(-1.,0.,0.));
#2821 = ADVANCED_FACE('',(#2822),#2847,.F.);
#2822 = FACE_BOUND('',#2823,.F.);
#2823 = EDGE_LOOP('',(#2824,#2832,#2840,#2846));
#2824 = ORIENTED_EDGE('',*,*,#2825,.T.);
#2825 = EDGE_CURVE('',#659,#2826,#2828,.T.);
#2826 = VERTEX_POINT('',#2827);
#2827 = CARTESIAN_POINT('',(-27.,-30.49999999998,-0.5));
#2828 = LINE('',#2829,#2830);
#2829 = CARTESIAN_POINT('',(-27.,-30.49999999998,0.));
#2830 = VECTOR('',#2831,1.);
#2831 = DIRECTION('',(-0.,-0.,-1.));
#2832 = ORIENTED_EDGE('',*,*,#2833,.T.);
#2833 = EDGE_CURVE('',#2826,#2834,#2836,.T.);
#2834 = VERTEX_POINT('',#2835);
#2835 = CARTESIAN_POINT('',(-27.,-31.99999999998,-0.5));
#2836 = LINE('',#2837,#2838);
#2837 = CARTESIAN_POINT('',(-27.,-30.49999999998,-0.5));
#2838 = VECTOR('',#2839,1.);
#2839 = DIRECTION('',(0.,-1.,0.));
#2840 = ORIENTED_EDGE('',*,*,#2841,.F.);
#2841 = EDGE_CURVE('',#661,#2834,#2842,.T.);
#2842 = LINE('',#2843,#2844);
#2843 = CARTESIAN_POINT('',(-27.,-31.99999999998,0.));
#2844 = VECTOR('',#2845,1.);
#2845 = DIRECTION('',(-0.,-0.,-1.));
#2846 = ORIENTED_EDGE('',*,*,#658,.F.);
#2847 = PLANE('',#2848);
#2848 = AXIS2_PLACEMENT_3D('',#2849,#2850,#2851);
#2849 = CARTESIAN_POINT('',(-27.,-30.49999999998,0.));
#2850 = DIRECTION('',(-1.,0.,0.));
#2851 = DIRECTION('',(0.,-1.,0.));
#2852 = ADVANCED_FACE('',(#2853),#2871,.F.);
#2853 = FACE_BOUND('',#2854,.F.);
#2854 = EDGE_LOOP('',(#2855,#2856,#2864,#2870));
#2855 = ORIENTED_EDGE('',*,*,#2841,.T.);
#2856 = ORIENTED_EDGE('',*,*,#2857,.T.);
#2857 = EDGE_CURVE('',#2834,#2858,#2860,.T.);
#2858 = VERTEX_POINT('',#2859);
#2859 = CARTESIAN_POINT('',(27.,-31.99999999998,-0.5));
#2860 = LINE('',#2861,#2862);
#2861 = CARTESIAN_POINT('',(-27.,-31.99999999998,-0.5));
#2862 = VECTOR('',#2863,1.);
#2863 = DIRECTION('',(1.,0.,0.));
#2864 = ORIENTED_EDGE('',*,*,#2865,.F.);
#2865 = EDGE_CURVE('',#677,#2858,#2866,.T.);
#2866 = LINE('',#2867,#2868);
#2867 = CARTESIAN_POINT('',(27.,-31.99999999998,0.));
#2868 = VECTOR('',#2869,1.);
#2869 = DIRECTION('',(-0.,-0.,-1.));
#2870 = ORIENTED_EDGE('',*,*,#684,.F.);
#2871 = PLANE('',#2872);
#2872 = AXIS2_PLACEMENT_3D('',#2873,#2874,#2875);
#2873 = CARTESIAN_POINT('',(-27.,-31.99999999998,0.));
#2874 = DIRECTION('',(0.,-1.,0.));
#2875 = DIRECTION('',(1.,0.,0.));
#2876 = ADVANCED_FACE('',(#2877),#2895,.F.);
#2877 = FACE_BOUND('',#2878,.F.);
#2878 = EDGE_LOOP('',(#2879,#2880,#2888,#2894));
#2879 = ORIENTED_EDGE('',*,*,#2865,.T.);
#2880 = ORIENTED_EDGE('',*,*,#2881,.T.);
#2881 = EDGE_CURVE('',#2858,#2882,#2884,.T.);
#2882 = VERTEX_POINT('',#2883);
#2883 = CARTESIAN_POINT('',(27.,-30.49999999998,-0.5));
#2884 = LINE('',#2885,#2886);
#2885 = CARTESIAN_POINT('',(27.,-31.99999999998,-0.5));
#2886 = VECTOR('',#2887,1.);
#2887 = DIRECTION('',(0.,1.,0.));
#2888 = ORIENTED_EDGE('',*,*,#2889,.F.);
#2889 = EDGE_CURVE('',#669,#2882,#2890,.T.);
#2890 = LINE('',#2891,#2892);
#2891 = CARTESIAN_POINT('',(27.,-30.49999999998,0.));
#2892 = VECTOR('',#2893,1.);
#2893 = DIRECTION('',(-0.,-0.,-1.));
#2894 = ORIENTED_EDGE('',*,*,#676,.F.);
#2895 = PLANE('',#2896);
#2896 = AXIS2_PLACEMENT_3D('',#2897,#2898,#2899);
#2897 = CARTESIAN_POINT('',(27.,-31.99999999998,0.));
#2898 = DIRECTION('',(1.,0.,0.));
#2899 = DIRECTION('',(0.,1.,0.));
#2900 = ADVANCED_FACE('',(#2901),#2912,.F.);
#2901 = FACE_BOUND('',#2902,.F.);
#2902 = EDGE_LOOP('',(#2903,#2904,#2910,#2911));
#2903 = ORIENTED_EDGE('',*,*,#2889,.T.);
#2904 = ORIENTED_EDGE('',*,*,#2905,.T.);
#2905 = EDGE_CURVE('',#2882,#2826,#2906,.T.);
#2906 = LINE('',#2907,#2908);
#2907 = CARTESIAN_POINT('',(27.,-30.49999999998,-0.5));
#2908 = VECTOR('',#2909,1.);
#2909 = DIRECTION('',(-1.,0.,0.));
#2910 = ORIENTED_EDGE('',*,*,#2825,.F.);
#2911 = ORIENTED_EDGE('',*,*,#668,.F.);
#2912 = PLANE('',#2913);
#2913 = AXIS2_PLACEMENT_3D('',#2914,#2915,#2916);
#2914 = CARTESIAN_POINT('',(27.,-30.49999999998,0.));
#2915 = DIRECTION('',(0.,1.,0.));
#2916 = DIRECTION('',(-1.,0.,0.));
#2917 = ADVANCED_FACE('',(#2918),#2943,.F.);
#2918 = FACE_BOUND('',#2919,.F.);
#2919 = EDGE_LOOP('',(#2920,#2928,#2936,#2942));
#2920 = ORIENTED_EDGE('',*,*,#2921,.T.);
#2921 = EDGE_CURVE('',#693,#2922,#2924,.T.);
#2922 = VERTEX_POINT('',#2923);
#2923 = CARTESIAN_POINT('',(-28.,-27.5,-0.5));
#2924 = LINE('',#2925,#2926);
#2925 = CARTESIAN_POINT('',(-28.,-27.5,0.));
#2926 = VECTOR('',#2927,1.);
#2927 = DIRECTION('',(-0.,-0.,-1.));
#2928 = ORIENTED_EDGE('',*,*,#2929,.T.);
#2929 = EDGE_CURVE('',#2922,#2930,#2932,.T.);
#2930 = VERTEX_POINT('',#2931);
#2931 = CARTESIAN_POINT('',(-28.,-28.99999999998,-0.5));
#2932 = LINE('',#2933,#2934);
#2933 = CARTESIAN_POINT('',(-28.,-27.5,-0.5));
#2934 = VECTOR('',#2935,1.);
#2935 = DIRECTION('',(0.,-1.,0.));
#2936 = ORIENTED_EDGE('',*,*,#2937,.F.);
#2937 = EDGE_CURVE('',#695,#2930,#2938,.T.);
#2938 = LINE('',#2939,#2940);
#2939 = CARTESIAN_POINT('',(-28.,-28.99999999998,0.));
#2940 = VECTOR('',#2941,1.);
#2941 = DIRECTION('',(-0.,-0.,-1.));
#2942 = ORIENTED_EDGE('',*,*,#692,.F.);
#2943 = PLANE('',#2944);
#2944 = AXIS2_PLACEMENT_3D('',#2945,#2946,#2947);
#2945 = CARTESIAN_POINT('',(-28.,-27.5,0.));
#2946 = DIRECTION('',(-1.,0.,0.));
#2947 = DIRECTION('',(0.,-1.,0.));
#2948 = ADVANCED_FACE('',(#2949),#2967,.F.);
#2949 = FACE_BOUND('',#2950,.F.);
#2950 = EDGE_LOOP('',(#2951,#2952,#2960,#2966));
#2951 = ORIENTED_EDGE('',*,*,#2937,.T.);
#2952 = ORIENTED_EDGE('',*,*,#2953,.T.);
#2953 = EDGE_CURVE('',#2930,#2954,#2956,.T.);
#2954 = VERTEX_POINT('',#2955);
#2955 = CARTESIAN_POINT('',(28.,-28.99999999998,-0.5));
#2956 = LINE('',#2957,#2958);
#2957 = CARTESIAN_POINT('',(-28.,-28.99999999998,-0.5));
#2958 = VECTOR('',#2959,1.);
#2959 = DIRECTION('',(1.,0.,0.));
#2960 = ORIENTED_EDGE('',*,*,#2961,.F.);
#2961 = EDGE_CURVE('',#711,#2954,#2962,.T.);
#2962 = LINE('',#2963,#2964);
#2963 = CARTESIAN_POINT('',(28.,-28.99999999998,0.));
#2964 = VECTOR('',#2965,1.);
#2965 = DIRECTION('',(-0.,-0.,-1.));
#2966 = ORIENTED_EDGE('',*,*,#718,.F.);
#2967 = PLANE('',#2968);
#2968 = AXIS2_PLACEMENT_3D('',#2969,#2970,#2971);
#2969 = CARTESIAN_POINT('',(-28.,-28.99999999998,0.));
#2970 = DIRECTION('',(0.,-1.,0.));
#2971 = DIRECTION('',(1.,0.,0.));
#2972 = ADVANCED_FACE('',(#2973),#2991,.F.);
#2973 = FACE_BOUND('',#2974,.F.);
#2974 = EDGE_LOOP('',(#2975,#2976,#2984,#2990));
#2975 = ORIENTED_EDGE('',*,*,#2961,.T.);
#2976 = ORIENTED_EDGE('',*,*,#2977,.T.);
#2977 = EDGE_CURVE('',#2954,#2978,#2980,.T.);
#2978 = VERTEX_POINT('',#2979);
#2979 = CARTESIAN_POINT('',(28.,-27.5,-0.5));
#2980 = LINE('',#2981,#2982);
#2981 = CARTESIAN_POINT('',(28.,-28.99999999998,-0.5));
#2982 = VECTOR('',#2983,1.);
#2983 = DIRECTION('',(0.,1.,0.));
#2984 = ORIENTED_EDGE('',*,*,#2985,.F.);
#2985 = EDGE_CURVE('',#703,#2978,#2986,.T.);
#2986 = LINE('',#2987,#2988);
#2987 = CARTESIAN_POINT('',(28.,-27.5,0.));
#2988 = VECTOR('',#2989,1.);
#2989 = DIRECTION('',(-0.,-0.,-1.));
#2990 = ORIENTED_EDGE('',*,*,#710,.F.);
#2991 = PLANE('',#2992);
#2992 = AXIS2_PLACEMENT_3D('',#2993,#2994,#2995);
#2993 = CARTESIAN_POINT('',(28.,-28.99999999998,0.));
#2994 = DIRECTION('',(1.,0.,0.));
#2995 = DIRECTION('',(0.,1.,0.));
#2996 = ADVANCED_FACE('',(#2997),#3008,.F.);
#2997 = FACE_BOUND('',#2998,.F.);
#2998 = EDGE_LOOP('',(#2999,#3000,#3006,#3007));
#2999 = ORIENTED_EDGE('',*,*,#2985,.T.);
#3000 = ORIENTED_EDGE('',*,*,#3001,.T.);
#3001 = EDGE_CURVE('',#2978,#2922,#3002,.T.);
#3002 = LINE('',#3003,#3004);
#3003 = CARTESIAN_POINT('',(28.,-27.5,-0.5));
#3004 = VECTOR('',#3005,1.);
#3005 = DIRECTION('',(-1.,0.,0.));
#3006 = ORIENTED_EDGE('',*,*,#2921,.F.);
#3007 = ORIENTED_EDGE('',*,*,#702,.F.);
#3008 = PLANE('',#3009);
#3009 = AXIS2_PLACEMENT_3D('',#3010,#3011,#3012);
#3010 = CARTESIAN_POINT('',(28.,-27.5,0.));
#3011 = DIRECTION('',(0.,1.,0.));
#3012 = DIRECTION('',(-1.,0.,0.));
#3013 = ADVANCED_FACE('',(#3014),#3039,.F.);
#3014 = FACE_BOUND('',#3015,.F.);
#3015 = EDGE_LOOP('',(#3016,#3024,#3032,#3038));
#3016 = ORIENTED_EDGE('',*,*,#3017,.T.);
#3017 = EDGE_CURVE('',#727,#3018,#3020,.T.);
#3018 = VERTEX_POINT('',#3019);
#3019 = CARTESIAN_POINT('',(-29.4,-24.5,-0.5));
#3020 = LINE('',#3021,#3022);
#3021 = CARTESIAN_POINT('',(-29.4,-24.5,0.));
#3022 = VECTOR('',#3023,1.);
#3023 = DIRECTION('',(-0.,-0.,-1.));
#3024 = ORIENTED_EDGE('',*,*,#3025,.T.);
#3025 = EDGE_CURVE('',#3018,#3026,#3028,.T.);
#3026 = VERTEX_POINT('',#3027);
#3027 = CARTESIAN_POINT('',(-29.4,-26.,-0.5));
#3028 = LINE('',#3029,#3030);
#3029 = CARTESIAN_POINT('',(-29.4,-24.5,-0.5));
#3030 = VECTOR('',#3031,1.);
#3031 = DIRECTION('',(0.,-1.,0.));
#3032 = ORIENTED_EDGE('',*,*,#3033,.F.);
#3033 = EDGE_CURVE('',#729,#3026,#3034,.T.);
#3034 = LINE('',#3035,#3036);
#3035 = CARTESIAN_POINT('',(-29.4,-26.,0.));
#3036 = VECTOR('',#3037,1.);
#3037 = DIRECTION('',(-0.,-0.,-1.));
#3038 = ORIENTED_EDGE('',*,*,#726,.F.);
#3039 = PLANE('',#3040);
#3040 = AXIS2_PLACEMENT_3D('',#3041,#3042,#3043);
#3041 = CARTESIAN_POINT('',(-29.4,-24.5,0.));
#3042 = DIRECTION('',(-1.,0.,0.));
#3043 = DIRECTION('',(0.,-1.,0.));
#3044 = ADVANCED_FACE('',(#3045),#3063,.F.);
#3045 = FACE_BOUND('',#3046,.F.);
#3046 = EDGE_LOOP('',(#3047,#3048,#3056,#3062));
#3047 = ORIENTED_EDGE('',*,*,#3033,.T.);
#3048 = ORIENTED_EDGE('',*,*,#3049,.T.);
#3049 = EDGE_CURVE('',#3026,#3050,#3052,.T.);
#3050 = VERTEX_POINT('',#3051);
#3051 = CARTESIAN_POINT('',(29.4,-26.,-0.5));
#3052 = LINE('',#3053,#3054);
#3053 = CARTESIAN_POINT('',(-29.4,-26.,-0.5));
#3054 = VECTOR('',#3055,1.);
#3055 = DIRECTION('',(1.,0.,0.));
#3056 = ORIENTED_EDGE('',*,*,#3057,.F.);
#3057 = EDGE_CURVE('',#745,#3050,#3058,.T.);
#3058 = LINE('',#3059,#3060);
#3059 = CARTESIAN_POINT('',(29.4,-26.,0.));
#3060 = VECTOR('',#3061,1.);
#3061 = DIRECTION('',(-0.,-0.,-1.));
#3062 = ORIENTED_EDGE('',*,*,#752,.F.);
#3063 = PLANE('',#3064);
#3064 = AXIS2_PLACEMENT_3D('',#3065,#3066,#3067);
#3065 = CARTESIAN_POINT('',(-29.4,-26.,0.));
#3066 = DIRECTION('',(0.,-1.,0.));
#3067 = DIRECTION('',(1.,0.,0.));
#3068 = ADVANCED_FACE('',(#3069),#3087,.F.);
#3069 = FACE_BOUND('',#3070,.F.);
#3070 = EDGE_LOOP('',(#3071,#3072,#3080,#3086));
#3071 = ORIENTED_EDGE('',*,*,#3057,.T.);
#3072 = ORIENTED_EDGE('',*,*,#3073,.T.);
#3073 = EDGE_CURVE('',#3050,#3074,#3076,.T.);
#3074 = VERTEX_POINT('',#3075);
#3075 = CARTESIAN_POINT('',(29.4,-24.5,-0.5));
#3076 = LINE('',#3077,#3078);
#3077 = CARTESIAN_POINT('',(29.4,-26.,-0.5));
#3078 = VECTOR('',#3079,1.);
#3079 = DIRECTION('',(0.,1.,0.));
#3080 = ORIENTED_EDGE('',*,*,#3081,.F.);
#3081 = EDGE_CURVE('',#737,#3074,#3082,.T.);
#3082 = LINE('',#3083,#3084);
#3083 = CARTESIAN_POINT('',(29.4,-24.5,0.));
#3084 = VECTOR('',#3085,1.);
#3085 = DIRECTION('',(-0.,-0.,-1.));
#3086 = ORIENTED_EDGE('',*,*,#744,.F.);
#3087 = PLANE('',#3088);
#3088 = AXIS2_PLACEMENT_3D('',#3089,#3090,#3091);
#3089 = CARTESIAN_POINT('',(29.4,-26.,0.));
#3090 = DIRECTION('',(1.,0.,0.));
#3091 = DIRECTION('',(0.,1.,0.));
#3092 = ADVANCED_FACE('',(#3093),#3104,.F.);
#3093 = FACE_BOUND('',#3094,.F.);
#3094 = EDGE_LOOP('',(#3095,#3096,#3102,#3103));
#3095 = ORIENTED_EDGE('',*,*,#3081,.T.);
#3096 = ORIENTED_EDGE('',*,*,#3097,.T.);
#3097 = EDGE_CURVE('',#3074,#3018,#3098,.T.);
#3098 = LINE('',#3099,#3100);
#3099 = CARTESIAN_POINT('',(29.4,-24.5,-0.5));
#3100 = VECTOR('',#3101,1.);
#3101 = DIRECTION('',(-1.,0.,0.));
#3102 = ORIENTED_EDGE('',*,*,#3017,.F.);
#3103 = ORIENTED_EDGE('',*,*,#736,.F.);
#3104 = PLANE('',#3105);
#3105 = AXIS2_PLACEMENT_3D('',#3106,#3107,#3108);
#3106 = CARTESIAN_POINT('',(29.4,-24.5,0.));
#3107 = DIRECTION('',(0.,1.,0.));
#3108 = DIRECTION('',(-1.,0.,0.));
#3109 = ADVANCED_FACE('',(#3110),#3135,.F.);
#3110 = FACE_BOUND('',#3111,.F.);
#3111 = EDGE_LOOP('',(#3112,#3120,#3128,#3134));
#3112 = ORIENTED_EDGE('',*,*,#3113,.T.);
#3113 = EDGE_CURVE('',#761,#3114,#3116,.T.);
#3114 = VERTEX_POINT('',#3115);
#3115 = CARTESIAN_POINT('',(-29.4,-21.5,-0.5));
#3116 = LINE('',#3117,#3118);
#3117 = CARTESIAN_POINT('',(-29.4,-21.5,0.));
#3118 = VECTOR('',#3119,1.);
#3119 = DIRECTION('',(-0.,-0.,-1.));
#3120 = ORIENTED_EDGE('',*,*,#3121,.T.);
#3121 = EDGE_CURVE('',#3114,#3122,#3124,.T.);
#3122 = VERTEX_POINT('',#3123);
#3123 = CARTESIAN_POINT('',(-29.4,-23.,-0.5));
#3124 = LINE('',#3125,#3126);
#3125 = CARTESIAN_POINT('',(-29.4,-21.5,-0.5));
#3126 = VECTOR('',#3127,1.);
#3127 = DIRECTION('',(0.,-1.,0.));
#3128 = ORIENTED_EDGE('',*,*,#3129,.F.);
#3129 = EDGE_CURVE('',#763,#3122,#3130,.T.);
#3130 = LINE('',#3131,#3132);
#3131 = CARTESIAN_POINT('',(-29.4,-23.,0.));
#3132 = VECTOR('',#3133,1.);
#3133 = DIRECTION('',(-0.,-0.,-1.));
#3134 = ORIENTED_EDGE('',*,*,#760,.F.);
#3135 = PLANE('',#3136);
#3136 = AXIS2_PLACEMENT_3D('',#3137,#3138,#3139);
#3137 = CARTESIAN_POINT('',(-29.4,-21.5,0.));
#3138 = DIRECTION('',(-1.,0.,0.));
#3139 = DIRECTION('',(0.,-1.,0.));
#3140 = ADVANCED_FACE('',(#3141),#3159,.F.);
#3141 = FACE_BOUND('',#3142,.F.);
#3142 = EDGE_LOOP('',(#3143,#3144,#3152,#3158));
#3143 = ORIENTED_EDGE('',*,*,#3129,.T.);
#3144 = ORIENTED_EDGE('',*,*,#3145,.T.);
#3145 = EDGE_CURVE('',#3122,#3146,#3148,.T.);
#3146 = VERTEX_POINT('',#3147);
#3147 = CARTESIAN_POINT('',(29.4,-23.,-0.5));
#3148 = LINE('',#3149,#3150);
#3149 = CARTESIAN_POINT('',(-29.4,-23.,-0.5));
#3150 = VECTOR('',#3151,1.);
#3151 = DIRECTION('',(1.,0.,0.));
#3152 = ORIENTED_EDGE('',*,*,#3153,.F.);
#3153 = EDGE_CURVE('',#779,#3146,#3154,.T.);
#3154 = LINE('',#3155,#3156);
#3155 = CARTESIAN_POINT('',(29.4,-23.,0.));
#3156 = VECTOR('',#3157,1.);
#3157 = DIRECTION('',(-0.,-0.,-1.));
#3158 = ORIENTED_EDGE('',*,*,#786,.F.);
#3159 = PLANE('',#3160);
#3160 = AXIS2_PLACEMENT_3D('',#3161,#3162,#3163);
#3161 = CARTESIAN_POINT('',(-29.4,-23.,0.));
#3162 = DIRECTION('',(0.,-1.,0.));
#3163 = DIRECTION('',(1.,0.,0.));
#3164 = ADVANCED_FACE('',(#3165),#3183,.F.);
#3165 = FACE_BOUND('',#3166,.F.);
#3166 = EDGE_LOOP('',(#3167,#3168,#3176,#3182));
#3167 = ORIENTED_EDGE('',*,*,#3153,.T.);
#3168 = ORIENTED_EDGE('',*,*,#3169,.T.);
#3169 = EDGE_CURVE('',#3146,#3170,#3172,.T.);
#3170 = VERTEX_POINT('',#3171);
#3171 = CARTESIAN_POINT('',(29.4,-21.5,-0.5));
#3172 = LINE('',#3173,#3174);
#3173 = CARTESIAN_POINT('',(29.4,-23.,-0.5));
#3174 = VECTOR('',#3175,1.);
#3175 = DIRECTION('',(0.,1.,0.));
#3176 = ORIENTED_EDGE('',*,*,#3177,.F.);
#3177 = EDGE_CURVE('',#771,#3170,#3178,.T.);
#3178 = LINE('',#3179,#3180);
#3179 = CARTESIAN_POINT('',(29.4,-21.5,0.));
#3180 = VECTOR('',#3181,1.);
#3181 = DIRECTION('',(-0.,-0.,-1.));
#3182 = ORIENTED_EDGE('',*,*,#778,.F.);
#3183 = PLANE('',#3184);
#3184 = AXIS2_PLACEMENT_3D('',#3185,#3186,#3187);
#3185 = CARTESIAN_POINT('',(29.4,-23.,0.));
#3186 = DIRECTION('',(1.,0.,0.));
#3187 = DIRECTION('',(0.,1.,0.));
#3188 = ADVANCED_FACE('',(#3189),#3200,.F.);
#3189 = FACE_BOUND('',#3190,.F.);
#3190 = EDGE_LOOP('',(#3191,#3192,#3198,#3199));
#3191 = ORIENTED_EDGE('',*,*,#3177,.T.);
#3192 = ORIENTED_EDGE('',*,*,#3193,.T.);
#3193 = EDGE_CURVE('',#3170,#3114,#3194,.T.);
#3194 = LINE('',#3195,#3196);
#3195 = CARTESIAN_POINT('',(29.4,-21.5,-0.5));
#3196 = VECTOR('',#3197,1.);
#3197 = DIRECTION('',(-1.,0.,0.));
#3198 = ORIENTED_EDGE('',*,*,#3113,.F.);
#3199 = ORIENTED_EDGE('',*,*,#770,.F.);
#3200 = PLANE('',#3201);
#3201 = AXIS2_PLACEMENT_3D('',#3202,#3203,#3204);
#3202 = CARTESIAN_POINT('',(29.4,-21.5,0.));
#3203 = DIRECTION('',(0.,1.,0.));
#3204 = DIRECTION('',(-1.,0.,0.));
#3205 = ADVANCED_FACE('',(#3206),#3231,.F.);
#3206 = FACE_BOUND('',#3207,.F.);
#3207 = EDGE_LOOP('',(#3208,#3216,#3224,#3230));
#3208 = ORIENTED_EDGE('',*,*,#3209,.T.);
#3209 = EDGE_CURVE('',#795,#3210,#3212,.T.);
#3210 = VERTEX_POINT('',#3211);
#3211 = CARTESIAN_POINT('',(29.4,-20.,-0.5));
#3212 = LINE('',#3213,#3214);
#3213 = CARTESIAN_POINT('',(29.4,-20.,0.));
#3214 = VECTOR('',#3215,1.);
#3215 = DIRECTION('',(-0.,-0.,-1.));
#3216 = ORIENTED_EDGE('',*,*,#3217,.T.);
#3217 = EDGE_CURVE('',#3210,#3218,#3220,.T.);
#3218 = VERTEX_POINT('',#3219);
#3219 = CARTESIAN_POINT('',(29.4,-18.5,-0.5));
#3220 = LINE('',#3221,#3222);
#3221 = CARTESIAN_POINT('',(29.4,-20.,-0.5));
#3222 = VECTOR('',#3223,1.);
#3223 = DIRECTION('',(0.,1.,0.));
#3224 = ORIENTED_EDGE('',*,*,#3225,.F.);
#3225 = EDGE_CURVE('',#797,#3218,#3226,.T.);
#3226 = LINE('',#3227,#3228);
#3227 = CARTESIAN_POINT('',(29.4,-18.5,0.));
#3228 = VECTOR('',#3229,1.);
#3229 = DIRECTION('',(-0.,-0.,-1.));
#3230 = ORIENTED_EDGE('',*,*,#794,.F.);
#3231 = PLANE('',#3232);
#3232 = AXIS2_PLACEMENT_3D('',#3233,#3234,#3235);
#3233 = CARTESIAN_POINT('',(29.4,-20.,0.));
#3234 = DIRECTION('',(1.,0.,0.));
#3235 = DIRECTION('',(0.,1.,0.));
#3236 = ADVANCED_FACE('',(#3237),#3255,.F.);
#3237 = FACE_BOUND('',#3238,.F.);
#3238 = EDGE_LOOP('',(#3239,#3240,#3248,#3254));
#3239 = ORIENTED_EDGE('',*,*,#3225,.T.);
#3240 = ORIENTED_EDGE('',*,*,#3241,.T.);
#3241 = EDGE_CURVE('',#3218,#3242,#3244,.T.);
#3242 = VERTEX_POINT('',#3243);
#3243 = CARTESIAN_POINT('',(-29.4,-18.5,-0.5));
#3244 = LINE('',#3245,#3246);
#3245 = CARTESIAN_POINT('',(29.4,-18.5,-0.5));
#3246 = VECTOR('',#3247,1.);
#3247 = DIRECTION('',(-1.,0.,0.));
#3248 = ORIENTED_EDGE('',*,*,#3249,.F.);
#3249 = EDGE_CURVE('',#813,#3242,#3250,.T.);
#3250 = LINE('',#3251,#3252);
#3251 = CARTESIAN_POINT('',(-29.4,-18.5,0.));
#3252 = VECTOR('',#3253,1.);
#3253 = DIRECTION('',(-0.,-0.,-1.));
#3254 = ORIENTED_EDGE('',*,*,#820,.F.);
#3255 = PLANE('',#3256);
#3256 = AXIS2_PLACEMENT_3D('',#3257,#3258,#3259);
#3257 = CARTESIAN_POINT('',(29.4,-18.5,0.));
#3258 = DIRECTION('',(0.,1.,0.));
#3259 = DIRECTION('',(-1.,0.,0.));
#3260 = ADVANCED_FACE('',(#3261),#3279,.F.);
#3261 = FACE_BOUND('',#3262,.F.);
#3262 = EDGE_LOOP('',(#3263,#3264,#3272,#3278));
#3263 = ORIENTED_EDGE('',*,*,#3249,.T.);
#3264 = ORIENTED_EDGE('',*,*,#3265,.T.);
#3265 = EDGE_CURVE('',#3242,#3266,#3268,.T.);
#3266 = VERTEX_POINT('',#3267);
#3267 = CARTESIAN_POINT('',(-29.4,-20.,-0.5));
#3268 = LINE('',#3269,#3270);
#3269 = CARTESIAN_POINT('',(-29.4,-18.5,-0.5));
#3270 = VECTOR('',#3271,1.);
#3271 = DIRECTION('',(0.,-1.,0.));
#3272 = ORIENTED_EDGE('',*,*,#3273,.F.);
#3273 = EDGE_CURVE('',#805,#3266,#3274,.T.);
#3274 = LINE('',#3275,#3276);
#3275 = CARTESIAN_POINT('',(-29.4,-20.,0.));
#3276 = VECTOR('',#3277,1.);
#3277 = DIRECTION('',(-0.,-0.,-1.));
#3278 = ORIENTED_EDGE('',*,*,#812,.F.);
#3279 = PLANE('',#3280);
#3280 = AXIS2_PLACEMENT_3D('',#3281,#3282,#3283);
#3281 = CARTESIAN_POINT('',(-29.4,-18.5,0.));
#3282 = DIRECTION('',(-1.,0.,0.));
#3283 = DIRECTION('',(0.,-1.,0.));
#3284 = ADVANCED_FACE('',(#3285),#3296,.F.);
#3285 = FACE_BOUND('',#3286,.F.);
#3286 = EDGE_LOOP('',(#3287,#3288,#3294,#3295));
#3287 = ORIENTED_EDGE('',*,*,#3273,.T.);
#3288 = ORIENTED_EDGE('',*,*,#3289,.T.);
#3289 = EDGE_CURVE('',#3266,#3210,#3290,.T.);
#3290 = LINE('',#3291,#3292);
#3291 = CARTESIAN_POINT('',(-29.4,-20.,-0.5));
#3292 = VECTOR('',#3293,1.);
#3293 = DIRECTION('',(1.,0.,0.));
#3294 = ORIENTED_EDGE('',*,*,#3209,.F.);
#3295 = ORIENTED_EDGE('',*,*,#804,.F.);
#3296 = PLANE('',#3297);
#3297 = AXIS2_PLACEMENT_3D('',#3298,#3299,#3300);
#3298 = CARTESIAN_POINT('',(-29.4,-20.,0.));
#3299 = DIRECTION('',(0.,-1.,0.));
#3300 = DIRECTION('',(1.,0.,0.));
#3301 = ADVANCED_FACE('',(#3302),#3327,.F.);
#3302 = FACE_BOUND('',#3303,.F.);
#3303 = EDGE_LOOP('',(#3304,#3312,#3320,#3326));
#3304 = ORIENTED_EDGE('',*,*,#3305,.T.);
#3305 = EDGE_CURVE('',#829,#3306,#3308,.T.);
#3306 = VERTEX_POINT('',#3307);
#3307 = CARTESIAN_POINT('',(-29.4,-15.5,-0.5));
#3308 = LINE('',#3309,#3310);
#3309 = CARTESIAN_POINT('',(-29.4,-15.5,0.));
#3310 = VECTOR('',#3311,1.);
#3311 = DIRECTION('',(-0.,-0.,-1.));
#3312 = ORIENTED_EDGE('',*,*,#3313,.T.);
#3313 = EDGE_CURVE('',#3306,#3314,#3316,.T.);
#3314 = VERTEX_POINT('',#3315);
#3315 = CARTESIAN_POINT('',(-29.4,-17.,-0.5));
#3316 = LINE('',#3317,#3318);
#3317 = CARTESIAN_POINT('',(-29.4,-15.5,-0.5));
#3318 = VECTOR('',#3319,1.);
#3319 = DIRECTION('',(0.,-1.,0.));
#3320 = ORIENTED_EDGE('',*,*,#3321,.F.);
#3321 = EDGE_CURVE('',#831,#3314,#3322,.T.);
#3322 = LINE('',#3323,#3324);
#3323 = CARTESIAN_POINT('',(-29.4,-17.,0.));
#3324 = VECTOR('',#3325,1.);
#3325 = DIRECTION('',(-0.,-0.,-1.));
#3326 = ORIENTED_EDGE('',*,*,#828,.F.);
#3327 = PLANE('',#3328);
#3328 = AXIS2_PLACEMENT_3D('',#3329,#3330,#3331);
#3329 = CARTESIAN_POINT('',(-29.4,-15.5,0.));
#3330 = DIRECTION('',(-1.,0.,0.));
#3331 = DIRECTION('',(0.,-1.,0.));
#3332 = ADVANCED_FACE('',(#3333),#3351,.F.);
#3333 = FACE_BOUND('',#3334,.F.);
#3334 = EDGE_LOOP('',(#3335,#3336,#3344,#3350));
#3335 = ORIENTED_EDGE('',*,*,#3321,.T.);
#3336 = ORIENTED_EDGE('',*,*,#3337,.T.);
#3337 = EDGE_CURVE('',#3314,#3338,#3340,.T.);
#3338 = VERTEX_POINT('',#3339);
#3339 = CARTESIAN_POINT('',(29.4,-17.,-0.5));
#3340 = LINE('',#3341,#3342);
#3341 = CARTESIAN_POINT('',(-29.4,-17.,-0.5));
#3342 = VECTOR('',#3343,1.);
#3343 = DIRECTION('',(1.,0.,0.));
#3344 = ORIENTED_EDGE('',*,*,#3345,.F.);
#3345 = EDGE_CURVE('',#847,#3338,#3346,.T.);
#3346 = LINE('',#3347,#3348);
#3347 = CARTESIAN_POINT('',(29.4,-17.,0.));
#3348 = VECTOR('',#3349,1.);
#3349 = DIRECTION('',(-0.,-0.,-1.));
#3350 = ORIENTED_EDGE('',*,*,#854,.F.);
#3351 = PLANE('',#3352);
#3352 = AXIS2_PLACEMENT_3D('',#3353,#3354,#3355);
#3353 = CARTESIAN_POINT('',(-29.4,-17.,0.));
#3354 = DIRECTION('',(0.,-1.,0.));
#3355 = DIRECTION('',(1.,0.,0.));
#3356 = ADVANCED_FACE('',(#3357),#3375,.F.);
#3357 = FACE_BOUND('',#3358,.F.);
#3358 = EDGE_LOOP('',(#3359,#3360,#3368,#3374));
#3359 = ORIENTED_EDGE('',*,*,#3345,.T.);
#3360 = ORIENTED_EDGE('',*,*,#3361,.T.);
#3361 = EDGE_CURVE('',#3338,#3362,#3364,.T.);
#3362 = VERTEX_POINT('',#3363);
#3363 = CARTESIAN_POINT('',(29.4,-15.5,-0.5));
#3364 = LINE('',#3365,#3366);
#3365 = CARTESIAN_POINT('',(29.4,-17.,-0.5));
#3366 = VECTOR('',#3367,1.);
#3367 = DIRECTION('',(0.,1.,0.));
#3368 = ORIENTED_EDGE('',*,*,#3369,.F.);
#3369 = EDGE_CURVE('',#839,#3362,#3370,.T.);
#3370 = LINE('',#3371,#3372);
#3371 = CARTESIAN_POINT('',(29.4,-15.5,0.));
#3372 = VECTOR('',#3373,1.);
#3373 = DIRECTION('',(-0.,-0.,-1.));
#3374 = ORIENTED_EDGE('',*,*,#846,.F.);
#3375 = PLANE('',#3376);
#3376 = AXIS2_PLACEMENT_3D('',#3377,#3378,#3379);
#3377 = CARTESIAN_POINT('',(29.4,-17.,0.));
#3378 = DIRECTION('',(1.,0.,0.));
#3379 = DIRECTION('',(0.,1.,0.));
#3380 = ADVANCED_FACE('',(#3381),#3392,.F.);
#3381 = FACE_BOUND('',#3382,.F.);
#3382 = EDGE_LOOP('',(#3383,#3384,#3390,#3391));
#3383 = ORIENTED_EDGE('',*,*,#3369,.T.);
#3384 = ORIENTED_EDGE('',*,*,#3385,.T.);
#3385 = EDGE_CURVE('',#3362,#3306,#3386,.T.);
#3386 = LINE('',#3387,#3388);
#3387 = CARTESIAN_POINT('',(29.4,-15.5,-0.5));
#3388 = VECTOR('',#3389,1.);
#3389 = DIRECTION('',(-1.,0.,0.));
#3390 = ORIENTED_EDGE('',*,*,#3305,.F.);
#3391 = ORIENTED_EDGE('',*,*,#838,.F.);
#3392 = PLANE('',#3393);
#3393 = AXIS2_PLACEMENT_3D('',#3394,#3395,#3396);
#3394 = CARTESIAN_POINT('',(29.4,-15.5,0.));
#3395 = DIRECTION('',(0.,1.,0.));
#3396 = DIRECTION('',(-1.,0.,0.));
#3397 = ADVANCED_FACE('',(#3398),#3423,.F.);
#3398 = FACE_BOUND('',#3399,.F.);
#3399 = EDGE_LOOP('',(#3400,#3408,#3416,#3422));
#3400 = ORIENTED_EDGE('',*,*,#3401,.T.);
#3401 = EDGE_CURVE('',#863,#3402,#3404,.T.);
#3402 = VERTEX_POINT('',#3403);
#3403 = CARTESIAN_POINT('',(29.4,-14.,-0.5));
#3404 = LINE('',#3405,#3406);
#3405 = CARTESIAN_POINT('',(29.4,-14.,0.));
#3406 = VECTOR('',#3407,1.);
#3407 = DIRECTION('',(-0.,-0.,-1.));
#3408 = ORIENTED_EDGE('',*,*,#3409,.T.);
#3409 = EDGE_CURVE('',#3402,#3410,#3412,.T.);
#3410 = VERTEX_POINT('',#3411);
#3411 = CARTESIAN_POINT('',(29.4,-12.5,-0.5));
#3412 = LINE('',#3413,#3414);
#3413 = CARTESIAN_POINT('',(29.4,-14.,-0.5));
#3414 = VECTOR('',#3415,1.);
#3415 = DIRECTION('',(0.,1.,0.));
#3416 = ORIENTED_EDGE('',*,*,#3417,.F.);
#3417 = EDGE_CURVE('',#865,#3410,#3418,.T.);
#3418 = LINE('',#3419,#3420);
#3419 = CARTESIAN_POINT('',(29.4,-12.5,0.));
#3420 = VECTOR('',#3421,1.);
#3421 = DIRECTION('',(-0.,-0.,-1.));
#3422 = ORIENTED_EDGE('',*,*,#862,.F.);
#3423 = PLANE('',#3424);
#3424 = AXIS2_PLACEMENT_3D('',#3425,#3426,#3427);
#3425 = CARTESIAN_POINT('',(29.4,-14.,0.));
#3426 = DIRECTION('',(1.,0.,0.));
#3427 = DIRECTION('',(0.,1.,0.));
#3428 = ADVANCED_FACE('',(#3429),#3447,.F.);
#3429 = FACE_BOUND('',#3430,.F.);
#3430 = EDGE_LOOP('',(#3431,#3432,#3440,#3446));
#3431 = ORIENTED_EDGE('',*,*,#3417,.T.);
#3432 = ORIENTED_EDGE('',*,*,#3433,.T.);
#3433 = EDGE_CURVE('',#3410,#3434,#3436,.T.);
#3434 = VERTEX_POINT('',#3435);
#3435 = CARTESIAN_POINT('',(-29.4,-12.5,-0.5));
#3436 = LINE('',#3437,#3438);
#3437 = CARTESIAN_POINT('',(29.4,-12.5,-0.5));
#3438 = VECTOR('',#3439,1.);
#3439 = DIRECTION('',(-1.,0.,0.));
#3440 = ORIENTED_EDGE('',*,*,#3441,.F.);
#3441 = EDGE_CURVE('',#881,#3434,#3442,.T.);
#3442 = LINE('',#3443,#3444);
#3443 = CARTESIAN_POINT('',(-29.4,-12.5,0.));
#3444 = VECTOR('',#3445,1.);
#3445 = DIRECTION('',(-0.,-0.,-1.));
#3446 = ORIENTED_EDGE('',*,*,#888,.F.);
#3447 = PLANE('',#3448);
#3448 = AXIS2_PLACEMENT_3D('',#3449,#3450,#3451);
#3449 = CARTESIAN_POINT('',(29.4,-12.5,0.));
#3450 = DIRECTION('',(0.,1.,0.));
#3451 = DIRECTION('',(-1.,0.,0.));
#3452 = ADVANCED_FACE('',(#3453),#3471,.F.);
#3453 = FACE_BOUND('',#3454,.F.);
#3454 = EDGE_LOOP('',(#3455,#3456,#3464,#3470));
#3455 = ORIENTED_EDGE('',*,*,#3441,.T.);
#3456 = ORIENTED_EDGE('',*,*,#3457,.T.);
#3457 = EDGE_CURVE('',#3434,#3458,#3460,.T.);
#3458 = VERTEX_POINT('',#3459);
#3459 = CARTESIAN_POINT('',(-29.4,-14.,-0.5));
#3460 = LINE('',#3461,#3462);
#3461 = CARTESIAN_POINT('',(-29.4,-12.5,-0.5));
#3462 = VECTOR('',#3463,1.);
#3463 = DIRECTION('',(0.,-1.,0.));
#3464 = ORIENTED_EDGE('',*,*,#3465,.F.);
#3465 = EDGE_CURVE('',#873,#3458,#3466,.T.);
#3466 = LINE('',#3467,#3468);
#3467 = CARTESIAN_POINT('',(-29.4,-14.,0.));
#3468 = VECTOR('',#3469,1.);
#3469 = DIRECTION('',(-0.,-0.,-1.));
#3470 = ORIENTED_EDGE('',*,*,#880,.F.);
#3471 = PLANE('',#3472);
#3472 = AXIS2_PLACEMENT_3D('',#3473,#3474,#3475);
#3473 = CARTESIAN_POINT('',(-29.4,-12.5,0.));
#3474 = DIRECTION('',(-1.,0.,0.));
#3475 = DIRECTION('',(0.,-1.,0.));
#3476 = ADVANCED_FACE('',(#3477),#3488,.F.);
#3477 = FACE_BOUND('',#3478,.F.);
#3478 = EDGE_LOOP('',(#3479,#3480,#3486,#3487));
#3479 = ORIENTED_EDGE('',*,*,#3465,.T.);
#3480 = ORIENTED_EDGE('',*,*,#3481,.T.);
#3481 = EDGE_CURVE('',#3458,#3402,#3482,.T.);
#3482 = LINE('',#3483,#3484);
#3483 = CARTESIAN_POINT('',(-29.4,-14.,-0.5));
#3484 = VECTOR('',#3485,1.);
#3485 = DIRECTION('',(1.,0.,0.));
#3486 = ORIENTED_EDGE('',*,*,#3401,.F.);
#3487 = ORIENTED_EDGE('',*,*,#872,.F.);
#3488 = PLANE('',#3489);
#3489 = AXIS2_PLACEMENT_3D('',#3490,#3491,#3492);
#3490 = CARTESIAN_POINT('',(-29.4,-14.,0.));
#3491 = DIRECTION('',(0.,-1.,0.));
#3492 = DIRECTION('',(1.,0.,0.));
#3493 = ADVANCED_FACE('',(#3494),#3519,.F.);
#3494 = FACE_BOUND('',#3495,.F.);
#3495 = EDGE_LOOP('',(#3496,#3504,#3512,#3518));
#3496 = ORIENTED_EDGE('',*,*,#3497,.T.);
#3497 = EDGE_CURVE('',#897,#3498,#3500,.T.);
#3498 = VERTEX_POINT('',#3499);
#3499 = CARTESIAN_POINT('',(-29.4,-9.5,-0.5));
#3500 = LINE('',#3501,#3502);
#3501 = CARTESIAN_POINT('',(-29.4,-9.5,0.));
#3502 = VECTOR('',#3503,1.);
#3503 = DIRECTION('',(-0.,-0.,-1.));
#3504 = ORIENTED_EDGE('',*,*,#3505,.T.);
#3505 = EDGE_CURVE('',#3498,#3506,#3508,.T.);
#3506 = VERTEX_POINT('',#3507);
#3507 = CARTESIAN_POINT('',(-29.4,-11.,-0.5));
#3508 = LINE('',#3509,#3510);
#3509 = CARTESIAN_POINT('',(-29.4,-9.5,-0.5));
#3510 = VECTOR('',#3511,1.);
#3511 = DIRECTION('',(0.,-1.,0.));
#3512 = ORIENTED_EDGE('',*,*,#3513,.F.);
#3513 = EDGE_CURVE('',#899,#3506,#3514,.T.);
#3514 = LINE('',#3515,#3516);
#3515 = CARTESIAN_POINT('',(-29.4,-11.,0.));
#3516 = VECTOR('',#3517,1.);
#3517 = DIRECTION('',(-0.,-0.,-1.));
#3518 = ORIENTED_EDGE('',*,*,#896,.F.);
#3519 = PLANE('',#3520);
#3520 = AXIS2_PLACEMENT_3D('',#3521,#3522,#3523);
#3521 = CARTESIAN_POINT('',(-29.4,-9.5,0.));
#3522 = DIRECTION('',(-1.,0.,0.));
#3523 = DIRECTION('',(0.,-1.,0.));
#3524 = ADVANCED_FACE('',(#3525),#3543,.F.);
#3525 = FACE_BOUND('',#3526,.F.);
#3526 = EDGE_LOOP('',(#3527,#3528,#3536,#3542));
#3527 = ORIENTED_EDGE('',*,*,#3513,.T.);
#3528 = ORIENTED_EDGE('',*,*,#3529,.T.);
#3529 = EDGE_CURVE('',#3506,#3530,#3532,.T.);
#3530 = VERTEX_POINT('',#3531);
#3531 = CARTESIAN_POINT('',(29.4,-11.,-0.5));
#3532 = LINE('',#3533,#3534);
#3533 = CARTESIAN_POINT('',(-29.4,-11.,-0.5));
#3534 = VECTOR('',#3535,1.);
#3535 = DIRECTION('',(1.,0.,0.));
#3536 = ORIENTED_EDGE('',*,*,#3537,.F.);
#3537 = EDGE_CURVE('',#915,#3530,#3538,.T.);
#3538 = LINE('',#3539,#3540);
#3539 = CARTESIAN_POINT('',(29.4,-11.,0.));
#3540 = VECTOR('',#3541,1.);
#3541 = DIRECTION('',(-0.,-0.,-1.));
#3542 = ORIENTED_EDGE('',*,*,#922,.F.);
#3543 = PLANE('',#3544);
#3544 = AXIS2_PLACEMENT_3D('',#3545,#3546,#3547);
#3545 = CARTESIAN_POINT('',(-29.4,-11.,0.));
#3546 = DIRECTION('',(0.,-1.,0.));
#3547 = DIRECTION('',(1.,0.,0.));
#3548 = ADVANCED_FACE('',(#3549),#3567,.F.);
#3549 = FACE_BOUND('',#3550,.F.);
#3550 = EDGE_LOOP('',(#3551,#3552,#3560,#3566));
#3551 = ORIENTED_EDGE('',*,*,#3537,.T.);
#3552 = ORIENTED_EDGE('',*,*,#3553,.T.);
#3553 = EDGE_CURVE('',#3530,#3554,#3556,.T.);
#3554 = VERTEX_POINT('',#3555);
#3555 = CARTESIAN_POINT('',(29.4,-9.5,-0.5));
#3556 = LINE('',#3557,#3558);
#3557 = CARTESIAN_POINT('',(29.4,-11.,-0.5));
#3558 = VECTOR('',#3559,1.);
#3559 = DIRECTION('',(0.,1.,0.));
#3560 = ORIENTED_EDGE('',*,*,#3561,.F.);
#3561 = EDGE_CURVE('',#907,#3554,#3562,.T.);
#3562 = LINE('',#3563,#3564);
#3563 = CARTESIAN_POINT('',(29.4,-9.5,0.));
#3564 = VECTOR('',#3565,1.);
#3565 = DIRECTION('',(-0.,-0.,-1.));
#3566 = ORIENTED_EDGE('',*,*,#914,.F.);
#3567 = PLANE('',#3568);
#3568 = AXIS2_PLACEMENT_3D('',#3569,#3570,#3571);
#3569 = CARTESIAN_POINT('',(29.4,-11.,0.));
#3570 = DIRECTION('',(1.,0.,0.));
#3571 = DIRECTION('',(0.,1.,0.));
#3572 = ADVANCED_FACE('',(#3573),#3584,.F.);
#3573 = FACE_BOUND('',#3574,.F.);
#3574 = EDGE_LOOP('',(#3575,#3576,#3582,#3583));
#3575 = ORIENTED_EDGE('',*,*,#3561,.T.);
#3576 = ORIENTED_EDGE('',*,*,#3577,.T.);
#3577 = EDGE_CURVE('',#3554,#3498,#3578,.T.);
#3578 = LINE('',#3579,#3580);
#3579 = CARTESIAN_POINT('',(29.4,-9.5,-0.5));
#3580 = VECTOR('',#3581,1.);
#3581 = DIRECTION('',(-1.,0.,0.));
#3582 = ORIENTED_EDGE('',*,*,#3497,.F.);
#3583 = ORIENTED_EDGE('',*,*,#906,.F.);
#3584 = PLANE('',#3585);
#3585 = AXIS2_PLACEMENT_3D('',#3586,#3587,#3588);
#3586 = CARTESIAN_POINT('',(29.4,-9.5,0.));
#3587 = DIRECTION('',(0.,1.,0.));
#3588 = DIRECTION('',(-1.,0.,0.));
#3589 = ADVANCED_FACE('',(#3590),#3615,.F.);
#3590 = FACE_BOUND('',#3591,.F.);
#3591 = EDGE_LOOP('',(#3592,#3600,#3608,#3614));
#3592 = ORIENTED_EDGE('',*,*,#3593,.T.);
#3593 = EDGE_CURVE('',#931,#3594,#3596,.T.);
#3594 = VERTEX_POINT('',#3595);
#3595 = CARTESIAN_POINT('',(-29.4,-6.5,-0.5));
#3596 = LINE('',#3597,#3598);
#3597 = CARTESIAN_POINT('',(-29.4,-6.5,0.));
#3598 = VECTOR('',#3599,1.);
#3599 = DIRECTION('',(-0.,-0.,-1.));
#3600 = ORIENTED_EDGE('',*,*,#3601,.T.);
#3601 = EDGE_CURVE('',#3594,#3602,#3604,.T.);
#3602 = VERTEX_POINT('',#3603);
#3603 = CARTESIAN_POINT('',(-29.4,-8.,-0.5));
#3604 = LINE('',#3605,#3606);
#3605 = CARTESIAN_POINT('',(-29.4,-6.5,-0.5));
#3606 = VECTOR('',#3607,1.);
#3607 = DIRECTION('',(0.,-1.,0.));
#3608 = ORIENTED_EDGE('',*,*,#3609,.F.);
#3609 = EDGE_CURVE('',#933,#3602,#3610,.T.);
#3610 = LINE('',#3611,#3612);
#3611 = CARTESIAN_POINT('',(-29.4,-8.,0.));
#3612 = VECTOR('',#3613,1.);
#3613 = DIRECTION('',(-0.,-0.,-1.));
#3614 = ORIENTED_EDGE('',*,*,#930,.F.);
#3615 = PLANE('',#3616);
#3616 = AXIS2_PLACEMENT_3D('',#3617,#3618,#3619);
#3617 = CARTESIAN_POINT('',(-29.4,-6.5,0.));
#3618 = DIRECTION('',(-1.,0.,0.));
#3619 = DIRECTION('',(0.,-1.,0.));
#3620 = ADVANCED_FACE('',(#3621),#3639,.F.);
#3621 = FACE_BOUND('',#3622,.F.);
#3622 = EDGE_LOOP('',(#3623,#3624,#3632,#3638));
#3623 = ORIENTED_EDGE('',*,*,#3609,.T.);
#3624 = ORIENTED_EDGE('',*,*,#3625,.T.);
#3625 = EDGE_CURVE('',#3602,#3626,#3628,.T.);
#3626 = VERTEX_POINT('',#3627);
#3627 = CARTESIAN_POINT('',(29.4,-8.,-0.5));
#3628 = LINE('',#3629,#3630);
#3629 = CARTESIAN_POINT('',(-29.4,-8.,-0.5));
#3630 = VECTOR('',#3631,1.);
#3631 = DIRECTION('',(1.,0.,0.));
#3632 = ORIENTED_EDGE('',*,*,#3633,.F.);
#3633 = EDGE_CURVE('',#949,#3626,#3634,.T.);
#3634 = LINE('',#3635,#3636);
#3635 = CARTESIAN_POINT('',(29.4,-8.,0.));
#3636 = VECTOR('',#3637,1.);
#3637 = DIRECTION('',(-0.,-0.,-1.));
#3638 = ORIENTED_EDGE('',*,*,#956,.F.);
#3639 = PLANE('',#3640);
#3640 = AXIS2_PLACEMENT_3D('',#3641,#3642,#3643);
#3641 = CARTESIAN_POINT('',(-29.4,-8.,0.));
#3642 = DIRECTION('',(0.,-1.,0.));
#3643 = DIRECTION('',(1.,0.,0.));
#3644 = ADVANCED_FACE('',(#3645),#3663,.F.);
#3645 = FACE_BOUND('',#3646,.F.);
#3646 = EDGE_LOOP('',(#3647,#3648,#3656,#3662));
#3647 = ORIENTED_EDGE('',*,*,#3633,.T.);
#3648 = ORIENTED_EDGE('',*,*,#3649,.T.);
#3649 = EDGE_CURVE('',#3626,#3650,#3652,.T.);
#3650 = VERTEX_POINT('',#3651);
#3651 = CARTESIAN_POINT('',(29.4,-6.5,-0.5));
#3652 = LINE('',#3653,#3654);
#3653 = CARTESIAN_POINT('',(29.4,-8.,-0.5));
#3654 = VECTOR('',#3655,1.);
#3655 = DIRECTION('',(0.,1.,0.));
#3656 = ORIENTED_EDGE('',*,*,#3657,.F.);
#3657 = EDGE_CURVE('',#941,#3650,#3658,.T.);
#3658 = LINE('',#3659,#3660);
#3659 = CARTESIAN_POINT('',(29.4,-6.5,0.));
#3660 = VECTOR('',#3661,1.);
#3661 = DIRECTION('',(-0.,-0.,-1.));
#3662 = ORIENTED_EDGE('',*,*,#948,.F.);
#3663 = PLANE('',#3664);
#3664 = AXIS2_PLACEMENT_3D('',#3665,#3666,#3667);
#3665 = CARTESIAN_POINT('',(29.4,-8.,0.));
#3666 = DIRECTION('',(1.,0.,0.));
#3667 = DIRECTION('',(0.,1.,0.));
#3668 = ADVANCED_FACE('',(#3669),#3680,.F.);
#3669 = FACE_BOUND('',#3670,.F.);
#3670 = EDGE_LOOP('',(#3671,#3672,#3678,#3679));
#3671 = ORIENTED_EDGE('',*,*,#3657,.T.);
#3672 = ORIENTED_EDGE('',*,*,#3673,.T.);
#3673 = EDGE_CURVE('',#3650,#3594,#3674,.T.);
#3674 = LINE('',#3675,#3676);
#3675 = CARTESIAN_POINT('',(29.4,-6.5,-0.5));
#3676 = VECTOR('',#3677,1.);
#3677 = DIRECTION('',(-1.,0.,0.));
#3678 = ORIENTED_EDGE('',*,*,#3593,.F.);
#3679 = ORIENTED_EDGE('',*,*,#940,.F.);
#3680 = PLANE('',#3681);
#3681 = AXIS2_PLACEMENT_3D('',#3682,#3683,#3684);
#3682 = CARTESIAN_POINT('',(29.4,-6.5,0.));
#3683 = DIRECTION('',(0.,1.,0.));
#3684 = DIRECTION('',(-1.,0.,0.));
#3685 = ADVANCED_FACE('',(#3686),#3711,.F.);
#3686 = FACE_BOUND('',#3687,.F.);
#3687 = EDGE_LOOP('',(#3688,#3696,#3704,#3710));
#3688 = ORIENTED_EDGE('',*,*,#3689,.T.);
#3689 = EDGE_CURVE('',#965,#3690,#3692,.T.);
#3690 = VERTEX_POINT('',#3691);
#3691 = CARTESIAN_POINT('',(-29.4,-3.5,-0.5));
#3692 = LINE('',#3693,#3694);
#3693 = CARTESIAN_POINT('',(-29.4,-3.5,0.));
#3694 = VECTOR('',#3695,1.);
#3695 = DIRECTION('',(-0.,-0.,-1.));
#3696 = ORIENTED_EDGE('',*,*,#3697,.T.);
#3697 = EDGE_CURVE('',#3690,#3698,#3700,.T.);
#3698 = VERTEX_POINT('',#3699);
#3699 = CARTESIAN_POINT('',(-29.4,-5.,-0.5));
#3700 = LINE('',#3701,#3702);
#3701 = CARTESIAN_POINT('',(-29.4,-3.5,-0.5));
#3702 = VECTOR('',#3703,1.);
#3703 = DIRECTION('',(0.,-1.,0.));
#3704 = ORIENTED_EDGE('',*,*,#3705,.F.);
#3705 = EDGE_CURVE('',#967,#3698,#3706,.T.);
#3706 = LINE('',#3707,#3708);
#3707 = CARTESIAN_POINT('',(-29.4,-5.,0.));
#3708 = VECTOR('',#3709,1.);
#3709 = DIRECTION('',(-0.,-0.,-1.));
#3710 = ORIENTED_EDGE('',*,*,#964,.F.);
#3711 = PLANE('',#3712);
#3712 = AXIS2_PLACEMENT_3D('',#3713,#3714,#3715);
#3713 = CARTESIAN_POINT('',(-29.4,-3.5,0.));
#3714 = DIRECTION('',(-1.,0.,0.));
#3715 = DIRECTION('',(0.,-1.,0.));
#3716 = ADVANCED_FACE('',(#3717),#3735,.F.);
#3717 = FACE_BOUND('',#3718,.F.);
#3718 = EDGE_LOOP('',(#3719,#3720,#3728,#3734));
#3719 = ORIENTED_EDGE('',*,*,#3705,.T.);
#3720 = ORIENTED_EDGE('',*,*,#3721,.T.);
#3721 = EDGE_CURVE('',#3698,#3722,#3724,.T.);
#3722 = VERTEX_POINT('',#3723);
#3723 = CARTESIAN_POINT('',(29.4,-5.,-0.5));
#3724 = LINE('',#3725,#3726);
#3725 = CARTESIAN_POINT('',(-29.4,-5.,-0.5));
#3726 = VECTOR('',#3727,1.);
#3727 = DIRECTION('',(1.,0.,0.));
#3728 = ORIENTED_EDGE('',*,*,#3729,.F.);
#3729 = EDGE_CURVE('',#983,#3722,#3730,.T.);
#3730 = LINE('',#3731,#3732);
#3731 = CARTESIAN_POINT('',(29.4,-5.,0.));
#3732 = VECTOR('',#3733,1.);
#3733 = DIRECTION('',(-0.,-0.,-1.));
#3734 = ORIENTED_EDGE('',*,*,#990,.F.);
#3735 = PLANE('',#3736);
#3736 = AXIS2_PLACEMENT_3D('',#3737,#3738,#3739);
#3737 = CARTESIAN_POINT('',(-29.4,-5.,0.));
#3738 = DIRECTION('',(0.,-1.,0.));
#3739 = DIRECTION('',(1.,0.,0.));
#3740 = ADVANCED_FACE('',(#3741),#3759,.F.);
#3741 = FACE_BOUND('',#3742,.F.);
#3742 = EDGE_LOOP('',(#3743,#3744,#3752,#3758));
#3743 = ORIENTED_EDGE('',*,*,#3729,.T.);
#3744 = ORIENTED_EDGE('',*,*,#3745,.T.);
#3745 = EDGE_CURVE('',#3722,#3746,#3748,.T.);
#3746 = VERTEX_POINT('',#3747);
#3747 = CARTESIAN_POINT('',(29.4,-3.5,-0.5));
#3748 = LINE('',#3749,#3750);
#3749 = CARTESIAN_POINT('',(29.4,-5.,-0.5));
#3750 = VECTOR('',#3751,1.);
#3751 = DIRECTION('',(0.,1.,0.));
#3752 = ORIENTED_EDGE('',*,*,#3753,.F.);
#3753 = EDGE_CURVE('',#975,#3746,#3754,.T.);
#3754 = LINE('',#3755,#3756);
#3755 = CARTESIAN_POINT('',(29.4,-3.5,0.));
#3756 = VECTOR('',#3757,1.);
#3757 = DIRECTION('',(-0.,-0.,-1.));
#3758 = ORIENTED_EDGE('',*,*,#982,.F.);
#3759 = PLANE('',#3760);
#3760 = AXIS2_PLACEMENT_3D('',#3761,#3762,#3763);
#3761 = CARTESIAN_POINT('',(29.4,-5.,0.));
#3762 = DIRECTION('',(1.,0.,0.));
#3763 = DIRECTION('',(0.,1.,0.));
#3764 = ADVANCED_FACE('',(#3765),#3776,.F.);
#3765 = FACE_BOUND('',#3766,.F.);
#3766 = EDGE_LOOP('',(#3767,#3768,#3774,#3775));
#3767 = ORIENTED_EDGE('',*,*,#3753,.T.);
#3768 = ORIENTED_EDGE('',*,*,#3769,.T.);
#3769 = EDGE_CURVE('',#3746,#3690,#3770,.T.);
#3770 = LINE('',#3771,#3772);
#3771 = CARTESIAN_POINT('',(29.4,-3.5,-0.5));
#3772 = VECTOR('',#3773,1.);
#3773 = DIRECTION('',(-1.,0.,0.));
#3774 = ORIENTED_EDGE('',*,*,#3689,.F.);
#3775 = ORIENTED_EDGE('',*,*,#974,.F.);
#3776 = PLANE('',#3777);
#3777 = AXIS2_PLACEMENT_3D('',#3778,#3779,#3780);
#3778 = CARTESIAN_POINT('',(29.4,-3.5,0.));
#3779 = DIRECTION('',(0.,1.,0.));
#3780 = DIRECTION('',(-1.,0.,0.));
#3781 = ADVANCED_FACE('',(#3782),#3807,.F.);
#3782 = FACE_BOUND('',#3783,.F.);
#3783 = EDGE_LOOP('',(#3784,#3792,#3800,#3806));
#3784 = ORIENTED_EDGE('',*,*,#3785,.T.);
#3785 = EDGE_CURVE('',#999,#3786,#3788,.T.);
#3786 = VERTEX_POINT('',#3787);
#3787 = CARTESIAN_POINT('',(-30.75,-1.5,-2.2));
#3788 = LINE('',#3789,#3790);
#3789 = CARTESIAN_POINT('',(-30.75,-1.5,0.));
#3790 = VECTOR('',#3791,1.);
#3791 = DIRECTION('',(-0.,-0.,-1.));
#3792 = ORIENTED_EDGE('',*,*,#3793,.T.);
#3793 = EDGE_CURVE('',#3786,#3794,#3796,.T.);
#3794 = VERTEX_POINT('',#3795);
#3795 = CARTESIAN_POINT('',(-30.75,-26.3,-2.2));
#3796 = LINE('',#3797,#3798);
#3797 = CARTESIAN_POINT('',(-30.75,-1.5,-2.2));
#3798 = VECTOR('',#3799,1.);
#3799 = DIRECTION('',(0.,-1.,0.));
#3800 = ORIENTED_EDGE('',*,*,#3801,.F.);
#3801 = EDGE_CURVE('',#1001,#3794,#3802,.T.);
#3802 = LINE('',#3803,#3804);
#3803 = CARTESIAN_POINT('',(-30.75,-26.3,0.));
#3804 = VECTOR('',#3805,1.);
#3805 = DIRECTION('',(-0.,-0.,-1.));
#3806 = ORIENTED_EDGE('',*,*,#998,.F.);
#3807 = PLANE('',#3808);
#3808 = AXIS2_PLACEMENT_3D('',#3809,#3810,#3811);
#3809 = CARTESIAN_POINT('',(-30.75,-1.5,0.));
#3810 = DIRECTION('',(-1.,0.,0.));
#3811 = DIRECTION('',(0.,-1.,0.));
#3812 = ADVANCED_FACE('',(#3813),#3854,.T.);
#3813 = FACE_BOUND('',#3814,.T.);
#3814 = EDGE_LOOP('',(#3815,#3823,#3831,#3837,#3838,#3839,#3847,#3853));
#3815 = ORIENTED_EDGE('',*,*,#3816,.T.);
#3816 = EDGE_CURVE('',#1051,#3817,#3819,.T.);
#3817 = VERTEX_POINT('',#3818);
#3818 = CARTESIAN_POINT('',(30.4,-1.5,-1.));
#3819 = LINE('',#3820,#3821);
#3820 = CARTESIAN_POINT('',(30.4,-1.5,0.));
#3821 = VECTOR('',#3822,1.);
#3822 = DIRECTION('',(-0.,-0.,-1.));
#3823 = ORIENTED_EDGE('',*,*,#3824,.T.);
#3824 = EDGE_CURVE('',#3817,#3825,#3827,.T.);
#3825 = VERTEX_POINT('',#3826);
#3826 = CARTESIAN_POINT('',(-30.4,-1.5,-1.));
#3827 = LINE('',#3828,#3829);
#3828 = CARTESIAN_POINT('',(30.4,-1.5,-1.));
#3829 = VECTOR('',#3830,1.);
#3830 = DIRECTION('',(-1.,0.,0.));
#3831 = ORIENTED_EDGE('',*,*,#3832,.F.);
#3832 = EDGE_CURVE('',#1009,#3825,#3833,.T.);
#3833 = LINE('',#3834,#3835);
#3834 = CARTESIAN_POINT('',(-30.4,-1.5,0.));
#3835 = VECTOR('',#3836,1.);
#3836 = DIRECTION('',(-0.,-0.,-1.));
#3837 = ORIENTED_EDGE('',*,*,#1008,.F.);
#3838 = ORIENTED_EDGE('',*,*,#3785,.T.);
#3839 = ORIENTED_EDGE('',*,*,#3840,.T.);
#3840 = EDGE_CURVE('',#3786,#3841,#3843,.T.);
#3841 = VERTEX_POINT('',#3842);
#3842 = CARTESIAN_POINT('',(30.75,-1.5,-2.2));
#3843 = LINE('',#3844,#3845);
#3844 = CARTESIAN_POINT('',(30.4,-1.5,-2.2));
#3845 = VECTOR('',#3846,1.);
#3846 = DIRECTION('',(1.,0.,0.));
#3847 = ORIENTED_EDGE('',*,*,#3848,.F.);
#3848 = EDGE_CURVE('',#1059,#3841,#3849,.T.);
#3849 = LINE('',#3850,#3851);
#3850 = CARTESIAN_POINT('',(30.75,-1.5,0.));
#3851 = VECTOR('',#3852,1.);
#3852 = DIRECTION('',(-0.,-0.,-1.));
#3853 = ORIENTED_EDGE('',*,*,#1058,.F.);
#3854 = PLANE('',#3855);
#3855 = AXIS2_PLACEMENT_3D('',#3856,#3857,#3858);
#3856 = CARTESIAN_POINT('',(8.046E-14,-1.5,-1.560587326121));
#3857 = DIRECTION('',(-0.,-1.,-3.73E-15));
#3858 = DIRECTION('',(0.,3.73E-15,-1.));
#3859 = ADVANCED_FACE('',(#3860),#3879,.F.);
#3860 = FACE_BOUND('',#3861,.F.);
#3861 = EDGE_LOOP('',(#3862,#3863,#3872,#3878));
#3862 = ORIENTED_EDGE('',*,*,#3801,.T.);
#3863 = ORIENTED_EDGE('',*,*,#3864,.T.);
#3864 = EDGE_CURVE('',#3794,#3865,#3867,.T.);
#3865 = VERTEX_POINT('',#3866);
#3866 = CARTESIAN_POINT('',(-19.55,-37.5,-2.2));
#3867 = CIRCLE('',#3868,11.2);
#3868 = AXIS2_PLACEMENT_3D('',#3869,#3870,#3871);
#3869 = CARTESIAN_POINT('',(-19.55,-26.3,-2.2));
#3870 = DIRECTION('',(0.,0.,1.));
#3871 = DIRECTION('',(1.,0.,0.));
#3872 = ORIENTED_EDGE('',*,*,#3873,.F.);
#3873 = EDGE_CURVE('',#1084,#3865,#3874,.T.);
#3874 = LINE('',#3875,#3876);
#3875 = CARTESIAN_POINT('',(-19.55,-37.5,0.));
#3876 = VECTOR('',#3877,1.);
#3877 = DIRECTION('',(-0.,-0.,-1.));
#3878 = ORIENTED_EDGE('',*,*,#1091,.F.);
#3879 = CYLINDRICAL_SURFACE('',#3880,11.2);
#3880 = AXIS2_PLACEMENT_3D('',#3881,#3882,#3883);
#3881 = CARTESIAN_POINT('',(-19.55,-26.3,0.));
#3882 = DIRECTION('',(0.,0.,1.));
#3883 = DIRECTION('',(1.,0.,0.));
#3884 = ADVANCED_FACE('',(#3885),#3919,.T.);
#3885 = FACE_BOUND('',#3886,.T.);
#3886 = EDGE_LOOP('',(#3887,#3888,#3889,#3897,#3905,#3913));
#3887 = ORIENTED_EDGE('',*,*,#1016,.F.);
#3888 = ORIENTED_EDGE('',*,*,#3832,.T.);
#3889 = ORIENTED_EDGE('',*,*,#3890,.T.);
#3890 = EDGE_CURVE('',#3825,#3891,#3893,.T.);
#3891 = VERTEX_POINT('',#3892);
#3892 = CARTESIAN_POINT('',(-30.4,-2.5,-1.));
#3893 = LINE('',#3894,#3895);
#3894 = CARTESIAN_POINT('',(-30.4,-1.5,-1.));
#3895 = VECTOR('',#3896,1.);
#3896 = DIRECTION('',(0.,-1.,0.));
#3897 = ORIENTED_EDGE('',*,*,#3898,.F.);
#3898 = EDGE_CURVE('',#3899,#3891,#3901,.T.);
#3899 = VERTEX_POINT('',#3900);
#3900 = CARTESIAN_POINT('',(-30.4,-2.5,-2.2));
#3901 = LINE('',#3902,#3903);
#3902 = CARTESIAN_POINT('',(-30.4,-2.5,-2.2));
#3903 = VECTOR('',#3904,1.);
#3904 = DIRECTION('',(0.,0.,1.));
#3905 = ORIENTED_EDGE('',*,*,#3906,.T.);
#3906 = EDGE_CURVE('',#3899,#3907,#3909,.T.);
#3907 = VERTEX_POINT('',#3908);
#3908 = CARTESIAN_POINT('',(-30.4,-26.3,-2.2));
#3909 = LINE('',#3910,#3911);
#3910 = CARTESIAN_POINT('',(-30.4,-1.5,-2.2));
#3911 = VECTOR('',#3912,1.);
#3912 = DIRECTION('',(0.,-1.,0.));
#3913 = ORIENTED_EDGE('',*,*,#3914,.F.);
#3914 = EDGE_CURVE('',#1017,#3907,#3915,.T.);
#3915 = LINE('',#3916,#3917);
#3916 = CARTESIAN_POINT('',(-30.4,-26.3,0.));
#3917 = VECTOR('',#3918,1.);
#3918 = DIRECTION('',(-0.,-0.,-1.));
#3919 = PLANE('',#3920);
#3920 = AXIS2_PLACEMENT_3D('',#3921,#3922,#3923);
#3921 = CARTESIAN_POINT('',(-30.4,-1.5,0.));
#3922 = DIRECTION('',(-1.,0.,0.));
#3923 = DIRECTION('',(0.,-1.,0.));
#3924 = ADVANCED_FACE('',(#3925),#3943,.F.);
#3925 = FACE_BOUND('',#3926,.F.);
#3926 = EDGE_LOOP('',(#3927,#3928,#3936,#3942));
#3927 = ORIENTED_EDGE('',*,*,#3873,.T.);
#3928 = ORIENTED_EDGE('',*,*,#3929,.T.);
#3929 = EDGE_CURVE('',#3865,#3930,#3932,.T.);
#3930 = VERTEX_POINT('',#3931);
#3931 = CARTESIAN_POINT('',(19.55,-37.5,-2.2));
#3932 = LINE('',#3933,#3934);
#3933 = CARTESIAN_POINT('',(-19.55,-37.5,-2.2));
#3934 = VECTOR('',#3935,1.);
#3935 = DIRECTION('',(1.,0.,0.));
#3936 = ORIENTED_EDGE('',*,*,#3937,.F.);
#3937 = EDGE_CURVE('',#1075,#3930,#3938,.T.);
#3938 = LINE('',#3939,#3940);
#3939 = CARTESIAN_POINT('',(19.55,-37.5,0.));
#3940 = VECTOR('',#3941,1.);
#3941 = DIRECTION('',(-0.,-0.,-1.));
#3942 = ORIENTED_EDGE('',*,*,#1083,.F.);
#3943 = PLANE('',#3944);
#3944 = AXIS2_PLACEMENT_3D('',#3945,#3946,#3947);
#3945 = CARTESIAN_POINT('',(-19.55,-37.5,0.));
#3946 = DIRECTION('',(0.,-1.,0.));
#3947 = DIRECTION('',(1.,0.,0.));
#3948 = ADVANCED_FACE('',(#3949),#3968,.T.);
#3949 = FACE_BOUND('',#3950,.T.);
#3950 = EDGE_LOOP('',(#3951,#3952,#3961,#3967));
#3951 = ORIENTED_EDGE('',*,*,#3914,.T.);
#3952 = ORIENTED_EDGE('',*,*,#3953,.T.);
#3953 = EDGE_CURVE('',#3907,#3954,#3956,.T.);
#3954 = VERTEX_POINT('',#3955);
#3955 = CARTESIAN_POINT('',(-19.55,-37.15,-2.2));
#3956 = CIRCLE('',#3957,10.85);
#3957 = AXIS2_PLACEMENT_3D('',#3958,#3959,#3960);
#3958 = CARTESIAN_POINT('',(-19.55,-26.3,-2.2));
#3959 = DIRECTION('',(0.,0.,1.));
#3960 = DIRECTION('',(1.,0.,0.));
#3961 = ORIENTED_EDGE('',*,*,#3962,.F.);
#3962 = EDGE_CURVE('',#1025,#3954,#3963,.T.);
#3963 = LINE('',#3964,#3965);
#3964 = CARTESIAN_POINT('',(-19.55,-37.15,0.));
#3965 = VECTOR('',#3966,1.);
#3966 = DIRECTION('',(-0.,-0.,-1.));
#3967 = ORIENTED_EDGE('',*,*,#1024,.F.);
#3968 = CYLINDRICAL_SURFACE('',#3969,10.85);
#3969 = AXIS2_PLACEMENT_3D('',#3970,#3971,#3972);
#3970 = CARTESIAN_POINT('',(-19.55,-26.3,0.));
#3971 = DIRECTION('',(0.,0.,1.));
#3972 = DIRECTION('',(1.,0.,0.));
#3973 = ADVANCED_FACE('',(#3974),#3993,.F.);
#3974 = FACE_BOUND('',#3975,.F.);
#3975 = EDGE_LOOP('',(#3976,#3977,#3986,#3992));
#3976 = ORIENTED_EDGE('',*,*,#3937,.T.);
#3977 = ORIENTED_EDGE('',*,*,#3978,.T.);
#3978 = EDGE_CURVE('',#3930,#3979,#3981,.T.);
#3979 = VERTEX_POINT('',#3980);
#3980 = CARTESIAN_POINT('',(30.75,-26.3,-2.2));
#3981 = CIRCLE('',#3982,11.2);
#3982 = AXIS2_PLACEMENT_3D('',#3983,#3984,#3985);
#3983 = CARTESIAN_POINT('',(19.55,-26.3,-2.2));
#3984 = DIRECTION('',(0.,0.,1.));
#3985 = DIRECTION('',(1.,0.,0.));
#3986 = ORIENTED_EDGE('',*,*,#3987,.F.);
#3987 = EDGE_CURVE('',#1067,#3979,#3988,.T.);
#3988 = LINE('',#3989,#3990);
#3989 = CARTESIAN_POINT('',(30.75,-26.3,0.));
#3990 = VECTOR('',#3991,1.);
#3991 = DIRECTION('',(-0.,-0.,-1.));
#3992 = ORIENTED_EDGE('',*,*,#1074,.F.);
#3993 = CYLINDRICAL_SURFACE('',#3994,11.2);
#3994 = AXIS2_PLACEMENT_3D('',#3995,#3996,#3997);
#3995 = CARTESIAN_POINT('',(19.55,-26.3,0.));
#3996 = DIRECTION('',(0.,0.,1.));
#3997 = DIRECTION('',(1.,0.,0.));
#3998 = ADVANCED_FACE('',(#3999),#4017,.T.);
#3999 = FACE_BOUND('',#4000,.T.);
#4000 = EDGE_LOOP('',(#4001,#4002,#4010,#4016));
#4001 = ORIENTED_EDGE('',*,*,#3962,.T.);
#4002 = ORIENTED_EDGE('',*,*,#4003,.T.);
#4003 = EDGE_CURVE('',#3954,#4004,#4006,.T.);
#4004 = VERTEX_POINT('',#4005);
#4005 = CARTESIAN_POINT('',(19.55,-37.15,-2.2));
#4006 = LINE('',#4007,#4008);
#4007 = CARTESIAN_POINT('',(-19.55,-37.15,-2.2));
#4008 = VECTOR('',#4009,1.);
#4009 = DIRECTION('',(1.,2.91E-15,0.));
#4010 = ORIENTED_EDGE('',*,*,#4011,.F.);
#4011 = EDGE_CURVE('',#1034,#4004,#4012,.T.);
#4012 = LINE('',#4013,#4014);
#4013 = CARTESIAN_POINT('',(19.55,-37.15,0.));
#4014 = VECTOR('',#4015,1.);
#4015 = DIRECTION('',(-0.,-0.,-1.));
#4016 = ORIENTED_EDGE('',*,*,#1033,.F.);
#4017 = PLANE('',#4018);
#4018 = AXIS2_PLACEMENT_3D('',#4019,#4020,#4021);
#4019 = CARTESIAN_POINT('',(-19.55,-37.15,0.));
#4020 = DIRECTION('',(2.91E-15,-1.,0.));
#4021 = DIRECTION('',(1.,2.91E-15,0.));
#4022 = ADVANCED_FACE('',(#4023),#4034,.F.);
#4023 = FACE_BOUND('',#4024,.F.);
#4024 = EDGE_LOOP('',(#4025,#4026,#4032,#4033));
#4025 = ORIENTED_EDGE('',*,*,#3987,.T.);
#4026 = ORIENTED_EDGE('',*,*,#4027,.T.);
#4027 = EDGE_CURVE('',#3979,#3841,#4028,.T.);
#4028 = LINE('',#4029,#4030);
#4029 = CARTESIAN_POINT('',(30.75,-26.3,-2.2));
#4030 = VECTOR('',#4031,1.);
#4031 = DIRECTION('',(0.,1.,0.));
#4032 = ORIENTED_EDGE('',*,*,#3848,.F.);
#4033 = ORIENTED_EDGE('',*,*,#1066,.F.);
#4034 = PLANE('',#4035);
#4035 = AXIS2_PLACEMENT_3D('',#4036,#4037,#4038);
#4036 = CARTESIAN_POINT('',(30.75,-26.3,0.));
#4037 = DIRECTION('',(1.,0.,0.));
#4038 = DIRECTION('',(0.,1.,0.));
#4039 = ADVANCED_FACE('',(#4040),#4059,.T.);
#4040 = FACE_BOUND('',#4041,.T.);
#4041 = EDGE_LOOP('',(#4042,#4043,#4052,#4058));
#4042 = ORIENTED_EDGE('',*,*,#4011,.T.);
#4043 = ORIENTED_EDGE('',*,*,#4044,.T.);
#4044 = EDGE_CURVE('',#4004,#4045,#4047,.T.);
#4045 = VERTEX_POINT('',#4046);
#4046 = CARTESIAN_POINT('',(30.4,-26.3,-2.2));
#4047 = CIRCLE('',#4048,10.85);
#4048 = AXIS2_PLACEMENT_3D('',#4049,#4050,#4051);
#4049 = CARTESIAN_POINT('',(19.55,-26.3,-2.2));
#4050 = DIRECTION('',(0.,0.,1.));
#4051 = DIRECTION('',(1.,0.,0.));
#4052 = ORIENTED_EDGE('',*,*,#4053,.F.);
#4053 = EDGE_CURVE('',#1042,#4045,#4054,.T.);
#4054 = LINE('',#4055,#4056);
#4055 = CARTESIAN_POINT('',(30.4,-26.3,0.));
#4056 = VECTOR('',#4057,1.);
#4057 = DIRECTION('',(-0.,-0.,-1.));
#4058 = ORIENTED_EDGE('',*,*,#1041,.F.);
#4059 = CYLINDRICAL_SURFACE('',#4060,10.85);
#4060 = AXIS2_PLACEMENT_3D('',#4061,#4062,#4063);
#4061 = CARTESIAN_POINT('',(19.55,-26.3,0.));
#4062 = DIRECTION('',(0.,0.,1.));
#4063 = DIRECTION('',(1.,0.,0.));
#4064 = ADVANCED_FACE('',(#4065),#4092,.T.);
#4065 = FACE_BOUND('',#4066,.T.);
#4066 = EDGE_LOOP('',(#4067,#4068,#4069,#4077,#4085,#4091));
#4067 = ORIENTED_EDGE('',*,*,#1050,.F.);
#4068 = ORIENTED_EDGE('',*,*,#4053,.T.);
#4069 = ORIENTED_EDGE('',*,*,#4070,.T.);
#4070 = EDGE_CURVE('',#4045,#4071,#4073,.T.);
#4071 = VERTEX_POINT('',#4072);
#4072 = CARTESIAN_POINT('',(30.4,-2.5,-2.2));
#4073 = LINE('',#4074,#4075);
#4074 = CARTESIAN_POINT('',(30.4,-26.3,-2.2));
#4075 = VECTOR('',#4076,1.);
#4076 = DIRECTION('',(0.,1.,0.));
#4077 = ORIENTED_EDGE('',*,*,#4078,.T.);
#4078 = EDGE_CURVE('',#4071,#4079,#4081,.T.);
#4079 = VERTEX_POINT('',#4080);
#4080 = CARTESIAN_POINT('',(30.4,-2.5,-1.));
#4081 = LINE('',#4082,#4083);
#4082 = CARTESIAN_POINT('',(30.4,-2.5,-2.2));
#4083 = VECTOR('',#4084,1.);
#4084 = DIRECTION('',(0.,0.,1.));
#4085 = ORIENTED_EDGE('',*,*,#4086,.T.);
#4086 = EDGE_CURVE('',#4079,#3817,#4087,.T.);
#4087 = LINE('',#4088,#4089);
#4088 = CARTESIAN_POINT('',(30.4,-2.5,-1.));
#4089 = VECTOR('',#4090,1.);
#4090 = DIRECTION('',(0.,1.,0.));
#4091 = ORIENTED_EDGE('',*,*,#3816,.F.);
#4092 = PLANE('',#4093);
#4093 = AXIS2_PLACEMENT_3D('',#4094,#4095,#4096);
#4094 = CARTESIAN_POINT('',(30.4,-26.3,0.));
#4095 = DIRECTION('',(1.,0.,0.));
#4096 = DIRECTION('',(0.,1.,0.));
#4097 = ADVANCED_FACE('',(#4098),#4123,.F.);
#4098 = FACE_BOUND('',#4099,.F.);
#4099 = EDGE_LOOP('',(#4100,#4108,#4116,#4122));
#4100 = ORIENTED_EDGE('',*,*,#4101,.T.);
#4101 = EDGE_CURVE('',#1101,#4102,#4104,.T.);
#4102 = VERTEX_POINT('',#4103);
#4103 = CARTESIAN_POINT('',(-14.,43.1,-1.1));
#4104 = LINE('',#4105,#4106);
#4105 = CARTESIAN_POINT('',(-14.,43.1,0.));
#4106 = VECTOR('',#4107,1.);
#4107 = DIRECTION('',(-0.,-0.,-1.));
#4108 = ORIENTED_EDGE('',*,*,#4109,.T.);
#4109 = EDGE_CURVE('',#4102,#4110,#4112,.T.);
#4110 = VERTEX_POINT('',#4111);
#4111 = CARTESIAN_POINT('',(-14.,39.9,-1.1));
#4112 = LINE('',#4113,#4114);
#4113 = CARTESIAN_POINT('',(-14.,43.1,-1.1));
#4114 = VECTOR('',#4115,1.);
#4115 = DIRECTION('',(0.,-1.,0.));
#4116 = ORIENTED_EDGE('',*,*,#4117,.F.);
#4117 = EDGE_CURVE('',#1103,#4110,#4118,.T.);
#4118 = LINE('',#4119,#4120);
#4119 = CARTESIAN_POINT('',(-14.,39.9,0.));
#4120 = VECTOR('',#4121,1.);
#4121 = DIRECTION('',(-0.,-0.,-1.));
#4122 = ORIENTED_EDGE('',*,*,#1100,.F.);
#4123 = PLANE('',#4124);
#4124 = AXIS2_PLACEMENT_3D('',#4125,#4126,#4127);
#4125 = CARTESIAN_POINT('',(-14.,43.1,0.));
#4126 = DIRECTION('',(-1.,0.,0.));
#4127 = DIRECTION('',(0.,-1.,0.));
#4128 = ADVANCED_FACE('',(#4129),#4148,.F.);
#4129 = FACE_BOUND('',#4130,.F.);
#4130 = EDGE_LOOP('',(#4131,#4139,#4146,#4147));
#4131 = ORIENTED_EDGE('',*,*,#4132,.T.);
#4132 = EDGE_CURVE('',#1111,#4133,#4135,.T.);
#4133 = VERTEX_POINT('',#4134);
#4134 = CARTESIAN_POINT('',(-13.6,43.5,-1.1));
#4135 = LINE('',#4136,#4137);
#4136 = CARTESIAN_POINT('',(-13.6,43.5,0.));
#4137 = VECTOR('',#4138,1.);
#4138 = DIRECTION('',(-0.,-0.,-1.));
#4139 = ORIENTED_EDGE('',*,*,#4140,.T.);
#4140 = EDGE_CURVE('',#4133,#4102,#4141,.T.);
#4141 = CIRCLE('',#4142,0.4);
#4142 = AXIS2_PLACEMENT_3D('',#4143,#4144,#4145);
#4143 = CARTESIAN_POINT('',(-13.6,43.1,-1.1));
#4144 = DIRECTION('',(0.,0.,1.));
#4145 = DIRECTION('',(1.,0.,0.));
#4146 = ORIENTED_EDGE('',*,*,#4101,.F.);
#4147 = ORIENTED_EDGE('',*,*,#1110,.F.);
#4148 = CYLINDRICAL_SURFACE('',#4149,0.4);
#4149 = AXIS2_PLACEMENT_3D('',#4150,#4151,#4152);
#4150 = CARTESIAN_POINT('',(-13.6,43.1,0.));
#4151 = DIRECTION('',(0.,0.,1.));
#4152 = DIRECTION('',(1.,0.,0.));
#4153 = ADVANCED_FACE('',(#4154),#4173,.F.);
#4154 = FACE_BOUND('',#4155,.F.);
#4155 = EDGE_LOOP('',(#4156,#4157,#4166,#4172));
#4156 = ORIENTED_EDGE('',*,*,#4117,.T.);
#4157 = ORIENTED_EDGE('',*,*,#4158,.T.);
#4158 = EDGE_CURVE('',#4110,#4159,#4161,.T.);
#4159 = VERTEX_POINT('',#4160);
#4160 = CARTESIAN_POINT('',(-13.6,39.5,-1.1));
#4161 = CIRCLE('',#4162,0.4);
#4162 = AXIS2_PLACEMENT_3D('',#4163,#4164,#4165);
#4163 = CARTESIAN_POINT('',(-13.6,39.9,-1.1));
#4164 = DIRECTION('',(0.,0.,1.));
#4165 = DIRECTION('',(1.,0.,0.));
#4166 = ORIENTED_EDGE('',*,*,#4167,.F.);
#4167 = EDGE_CURVE('',#1154,#4159,#4168,.T.);
#4168 = LINE('',#4169,#4170);
#4169 = CARTESIAN_POINT('',(-13.6,39.5,0.));
#4170 = VECTOR('',#4171,1.);
#4171 = DIRECTION('',(-0.,-0.,-1.));
#4172 = ORIENTED_EDGE('',*,*,#1161,.F.);
#4173 = CYLINDRICAL_SURFACE('',#4174,0.4);
#4174 = AXIS2_PLACEMENT_3D('',#4175,#4176,#4177);
#4175 = CARTESIAN_POINT('',(-13.6,39.9,0.));
#4176 = DIRECTION('',(0.,0.,1.));
#4177 = DIRECTION('',(1.,0.,0.));
#4178 = ADVANCED_FACE('',(#4179),#4197,.F.);
#4179 = FACE_BOUND('',#4180,.F.);
#4180 = EDGE_LOOP('',(#4181,#4189,#4195,#4196));
#4181 = ORIENTED_EDGE('',*,*,#4182,.T.);
#4182 = EDGE_CURVE('',#1120,#4183,#4185,.T.);
#4183 = VERTEX_POINT('',#4184);
#4184 = CARTESIAN_POINT('',(-13.2,43.5,-1.1));
#4185 = LINE('',#4186,#4187);
#4186 = CARTESIAN_POINT('',(-13.2,43.5,0.));
#4187 = VECTOR('',#4188,1.);
#4188 = DIRECTION('',(-0.,-0.,-1.));
#4189 = ORIENTED_EDGE('',*,*,#4190,.T.);
#4190 = EDGE_CURVE('',#4183,#4133,#4191,.T.);
#4191 = LINE('',#4192,#4193);
#4192 = CARTESIAN_POINT('',(-13.2,43.5,-1.1));
#4193 = VECTOR('',#4194,1.);
#4194 = DIRECTION('',(-1.,0.,0.));
#4195 = ORIENTED_EDGE('',*,*,#4132,.F.);
#4196 = ORIENTED_EDGE('',*,*,#1119,.F.);
#4197 = PLANE('',#4198);
#4198 = AXIS2_PLACEMENT_3D('',#4199,#4200,#4201);
#4199 = CARTESIAN_POINT('',(-13.2,43.5,0.));
#4200 = DIRECTION('',(0.,1.,0.));
#4201 = DIRECTION('',(-1.,0.,0.));
#4202 = ADVANCED_FACE('',(#4203),#4221,.F.);
#4203 = FACE_BOUND('',#4204,.F.);
#4204 = EDGE_LOOP('',(#4205,#4206,#4214,#4220));
#4205 = ORIENTED_EDGE('',*,*,#4167,.T.);
#4206 = ORIENTED_EDGE('',*,*,#4207,.T.);
#4207 = EDGE_CURVE('',#4159,#4208,#4210,.T.);
#4208 = VERTEX_POINT('',#4209);
#4209 = CARTESIAN_POINT('',(-13.2,39.5,-1.1));
#4210 = LINE('',#4211,#4212);
#4211 = CARTESIAN_POINT('',(-13.6,39.5,-1.1));
#4212 = VECTOR('',#4213,1.);
#4213 = DIRECTION('',(1.,0.,0.));
#4214 = ORIENTED_EDGE('',*,*,#4215,.F.);
#4215 = EDGE_CURVE('',#1145,#4208,#4216,.T.);
#4216 = LINE('',#4217,#4218);
#4217 = CARTESIAN_POINT('',(-13.2,39.5,0.));
#4218 = VECTOR('',#4219,1.);
#4219 = DIRECTION('',(-0.,-0.,-1.));
#4220 = ORIENTED_EDGE('',*,*,#1153,.F.);
#4221 = PLANE('',#4222);
#4222 = AXIS2_PLACEMENT_3D('',#4223,#4224,#4225);
#4223 = CARTESIAN_POINT('',(-13.6,39.5,0.));
#4224 = DIRECTION('',(0.,-1.,0.));
#4225 = DIRECTION('',(1.,0.,0.));
#4226 = ADVANCED_FACE('',(#4227),#4246,.F.);
#4227 = FACE_BOUND('',#4228,.F.);
#4228 = EDGE_LOOP('',(#4229,#4237,#4244,#4245));
#4229 = ORIENTED_EDGE('',*,*,#4230,.T.);
#4230 = EDGE_CURVE('',#1128,#4231,#4233,.T.);
#4231 = VERTEX_POINT('',#4232);
#4232 = CARTESIAN_POINT('',(-12.8,43.1,-1.1));
#4233 = LINE('',#4234,#4235);
#4234 = CARTESIAN_POINT('',(-12.8,43.1,0.));
#4235 = VECTOR('',#4236,1.);
#4236 = DIRECTION('',(-0.,-0.,-1.));
#4237 = ORIENTED_EDGE('',*,*,#4238,.T.);
#4238 = EDGE_CURVE('',#4231,#4183,#4239,.T.);
#4239 = CIRCLE('',#4240,0.4);
#4240 = AXIS2_PLACEMENT_3D('',#4241,#4242,#4243);
#4241 = CARTESIAN_POINT('',(-13.2,43.1,-1.1));
#4242 = DIRECTION('',(0.,0.,1.));
#4243 = DIRECTION('',(1.,0.,0.));
#4244 = ORIENTED_EDGE('',*,*,#4182,.F.);
#4245 = ORIENTED_EDGE('',*,*,#1127,.F.);
#4246 = CYLINDRICAL_SURFACE('',#4247,0.4);
#4247 = AXIS2_PLACEMENT_3D('',#4248,#4249,#4250);
#4248 = CARTESIAN_POINT('',(-13.2,43.1,0.));
#4249 = DIRECTION('',(0.,0.,1.));
#4250 = DIRECTION('',(1.,0.,0.));
#4251 = ADVANCED_FACE('',(#4252),#4271,.F.);
#4252 = FACE_BOUND('',#4253,.F.);
#4253 = EDGE_LOOP('',(#4254,#4255,#4264,#4270));
#4254 = ORIENTED_EDGE('',*,*,#4215,.T.);
#4255 = ORIENTED_EDGE('',*,*,#4256,.T.);
#4256 = EDGE_CURVE('',#4208,#4257,#4259,.T.);
#4257 = VERTEX_POINT('',#4258);
#4258 = CARTESIAN_POINT('',(-12.8,39.9,-1.1));
#4259 = CIRCLE('',#4260,0.4);
#4260 = AXIS2_PLACEMENT_3D('',#4261,#4262,#4263);
#4261 = CARTESIAN_POINT('',(-13.2,39.9,-1.1));
#4262 = DIRECTION('',(0.,0.,1.));
#4263 = DIRECTION('',(1.,0.,0.));
#4264 = ORIENTED_EDGE('',*,*,#4265,.F.);
#4265 = EDGE_CURVE('',#1137,#4257,#4266,.T.);
#4266 = LINE('',#4267,#4268);
#4267 = CARTESIAN_POINT('',(-12.8,39.9,0.));
#4268 = VECTOR('',#4269,1.);
#4269 = DIRECTION('',(-0.,-0.,-1.));
#4270 = ORIENTED_EDGE('',*,*,#1144,.F.);
#4271 = CYLINDRICAL_SURFACE('',#4272,0.4);
#4272 = AXIS2_PLACEMENT_3D('',#4273,#4274,#4275);
#4273 = CARTESIAN_POINT('',(-13.2,39.9,0.));
#4274 = DIRECTION('',(0.,0.,1.));
#4275 = DIRECTION('',(1.,0.,0.));
#4276 = ADVANCED_FACE('',(#4277),#4288,.F.);
#4277 = FACE_BOUND('',#4278,.F.);
#4278 = EDGE_LOOP('',(#4279,#4280,#4286,#4287));
#4279 = ORIENTED_EDGE('',*,*,#4265,.T.);
#4280 = ORIENTED_EDGE('',*,*,#4281,.T.);
#4281 = EDGE_CURVE('',#4257,#4231,#4282,.T.);
#4282 = LINE('',#4283,#4284);
#4283 = CARTESIAN_POINT('',(-12.8,39.9,-1.1));
#4284 = VECTOR('',#4285,1.);
#4285 = DIRECTION('',(0.,1.,0.));
#4286 = ORIENTED_EDGE('',*,*,#4230,.F.);
#4287 = ORIENTED_EDGE('',*,*,#1136,.F.);
#4288 = PLANE('',#4289);
#4289 = AXIS2_PLACEMENT_3D('',#4290,#4291,#4292);
#4290 = CARTESIAN_POINT('',(-12.8,39.9,0.));
#4291 = DIRECTION('',(1.,0.,0.));
#4292 = DIRECTION('',(0.,1.,0.));
#4293 = ADVANCED_FACE('',(#4294),#4319,.F.);
#4294 = FACE_BOUND('',#4295,.F.);
#4295 = EDGE_LOOP('',(#4296,#4304,#4312,#4318));
#4296 = ORIENTED_EDGE('',*,*,#4297,.T.);
#4297 = EDGE_CURVE('',#1171,#4298,#4300,.T.);
#4298 = VERTEX_POINT('',#4299);
#4299 = CARTESIAN_POINT('',(-10.8,45.,-1.1));
#4300 = LINE('',#4301,#4302);
#4301 = CARTESIAN_POINT('',(-10.8,45.,0.));
#4302 = VECTOR('',#4303,1.);
#4303 = DIRECTION('',(-0.,-0.,-1.));
#4304 = ORIENTED_EDGE('',*,*,#4305,.T.);
#4305 = EDGE_CURVE('',#4298,#4306,#4308,.T.);
#4306 = VERTEX_POINT('',#4307);
#4307 = CARTESIAN_POINT('',(-10.8,40.,-1.1));
#4308 = LINE('',#4309,#4310);
#4309 = CARTESIAN_POINT('',(-10.8,45.,-1.1));
#4310 = VECTOR('',#4311,1.);
#4311 = DIRECTION('',(0.,-1.,0.));
#4312 = ORIENTED_EDGE('',*,*,#4313,.F.);
#4313 = EDGE_CURVE('',#1173,#4306,#4314,.T.);
#4314 = LINE('',#4315,#4316);
#4315 = CARTESIAN_POINT('',(-10.8,40.,0.));
#4316 = VECTOR('',#4317,1.);
#4317 = DIRECTION('',(-0.,-0.,-1.));
#4318 = ORIENTED_EDGE('',*,*,#1170,.F.);
#4319 = PLANE('',#4320);
#4320 = AXIS2_PLACEMENT_3D('',#4321,#4322,#4323);
#4321 = CARTESIAN_POINT('',(-10.8,45.,0.));
#4322 = DIRECTION('',(-1.,0.,0.));
#4323 = DIRECTION('',(0.,-1.,0.));
#4324 = ADVANCED_FACE('',(#4325),#4344,.F.);
#4325 = FACE_BOUND('',#4326,.F.);
#4326 = EDGE_LOOP('',(#4327,#4335,#4342,#4343));
#4327 = ORIENTED_EDGE('',*,*,#4328,.T.);
#4328 = EDGE_CURVE('',#1181,#4329,#4331,.T.);
#4329 = VERTEX_POINT('',#4330);
#4330 = CARTESIAN_POINT('',(-10.3,45.5,-1.1));
#4331 = LINE('',#4332,#4333);
#4332 = CARTESIAN_POINT('',(-10.3,45.5,0.));
#4333 = VECTOR('',#4334,1.);
#4334 = DIRECTION('',(-0.,-0.,-1.));
#4335 = ORIENTED_EDGE('',*,*,#4336,.T.);
#4336 = EDGE_CURVE('',#4329,#4298,#4337,.T.);
#4337 = CIRCLE('',#4338,0.5);
#4338 = AXIS2_PLACEMENT_3D('',#4339,#4340,#4341);
#4339 = CARTESIAN_POINT('',(-10.3,45.,-1.1));
#4340 = DIRECTION('',(0.,0.,1.));
#4341 = DIRECTION('',(1.,0.,0.));
#4342 = ORIENTED_EDGE('',*,*,#4297,.F.);
#4343 = ORIENTED_EDGE('',*,*,#1180,.F.);
#4344 = CYLINDRICAL_SURFACE('',#4345,0.5);
#4345 = AXIS2_PLACEMENT_3D('',#4346,#4347,#4348);
#4346 = CARTESIAN_POINT('',(-10.3,45.,0.));
#4347 = DIRECTION('',(0.,0.,1.));
#4348 = DIRECTION('',(1.,0.,0.));
#4349 = ADVANCED_FACE('',(#4350),#4369,.F.);
#4350 = FACE_BOUND('',#4351,.F.);
#4351 = EDGE_LOOP('',(#4352,#4353,#4362,#4368));
#4352 = ORIENTED_EDGE('',*,*,#4313,.T.);
#4353 = ORIENTED_EDGE('',*,*,#4354,.T.);
#4354 = EDGE_CURVE('',#4306,#4355,#4357,.T.);
#4355 = VERTEX_POINT('',#4356);
#4356 = CARTESIAN_POINT('',(-10.3,39.5,-1.1));
#4357 = CIRCLE('',#4358,0.5);
#4358 = AXIS2_PLACEMENT_3D('',#4359,#4360,#4361);
#4359 = CARTESIAN_POINT('',(-10.3,40.,-1.1));
#4360 = DIRECTION('',(0.,0.,1.));
#4361 = DIRECTION('',(1.,0.,0.));
#4362 = ORIENTED_EDGE('',*,*,#4363,.F.);
#4363 = EDGE_CURVE('',#1224,#4355,#4364,.T.);
#4364 = LINE('',#4365,#4366);
#4365 = CARTESIAN_POINT('',(-10.3,39.5,0.));
#4366 = VECTOR('',#4367,1.);
#4367 = DIRECTION('',(-0.,-0.,-1.));
#4368 = ORIENTED_EDGE('',*,*,#1231,.F.);
#4369 = CYLINDRICAL_SURFACE('',#4370,0.5);
#4370 = AXIS2_PLACEMENT_3D('',#4371,#4372,#4373);
#4371 = CARTESIAN_POINT('',(-10.3,40.,0.));
#4372 = DIRECTION('',(0.,0.,1.));
#4373 = DIRECTION('',(1.,0.,0.));
#4374 = ADVANCED_FACE('',(#4375),#4393,.F.);
#4375 = FACE_BOUND('',#4376,.F.);
#4376 = EDGE_LOOP('',(#4377,#4385,#4391,#4392));
#4377 = ORIENTED_EDGE('',*,*,#4378,.T.);
#4378 = EDGE_CURVE('',#1190,#4379,#4381,.T.);
#4379 = VERTEX_POINT('',#4380);
#4380 = CARTESIAN_POINT('',(-9.9,45.5,-1.1));
#4381 = LINE('',#4382,#4383);
#4382 = CARTESIAN_POINT('',(-9.9,45.5,0.));
#4383 = VECTOR('',#4384,1.);
#4384 = DIRECTION('',(-0.,-0.,-1.));
#4385 = ORIENTED_EDGE('',*,*,#4386,.T.);
#4386 = EDGE_CURVE('',#4379,#4329,#4387,.T.);
#4387 = LINE('',#4388,#4389);
#4388 = CARTESIAN_POINT('',(-9.9,45.5,-1.1));
#4389 = VECTOR('',#4390,1.);
#4390 = DIRECTION('',(-1.,0.,0.));
#4391 = ORIENTED_EDGE('',*,*,#4328,.F.);
#4392 = ORIENTED_EDGE('',*,*,#1189,.F.);
#4393 = PLANE('',#4394);
#4394 = AXIS2_PLACEMENT_3D('',#4395,#4396,#4397);
#4395 = CARTESIAN_POINT('',(-9.9,45.5,0.));
#4396 = DIRECTION('',(0.,1.,0.));
#4397 = DIRECTION('',(-1.,0.,0.));
#4398 = ADVANCED_FACE('',(#4399),#4417,.F.);
#4399 = FACE_BOUND('',#4400,.F.);
#4400 = EDGE_LOOP('',(#4401,#4402,#4410,#4416));
#4401 = ORIENTED_EDGE('',*,*,#4363,.T.);
#4402 = ORIENTED_EDGE('',*,*,#4403,.T.);
#4403 = EDGE_CURVE('',#4355,#4404,#4406,.T.);
#4404 = VERTEX_POINT('',#4405);
#4405 = CARTESIAN_POINT('',(-9.9,39.5,-1.1));
#4406 = LINE('',#4407,#4408);
#4407 = CARTESIAN_POINT('',(-10.3,39.5,-1.1));
#4408 = VECTOR('',#4409,1.);
#4409 = DIRECTION('',(1.,0.,0.));
#4410 = ORIENTED_EDGE('',*,*,#4411,.F.);
#4411 = EDGE_CURVE('',#1215,#4404,#4412,.T.);
#4412 = LINE('',#4413,#4414);
#4413 = CARTESIAN_POINT('',(-9.9,39.5,0.));
#4414 = VECTOR('',#4415,1.);
#4415 = DIRECTION('',(-0.,-0.,-1.));
#4416 = ORIENTED_EDGE('',*,*,#1223,.F.);
#4417 = PLANE('',#4418);
#4418 = AXIS2_PLACEMENT_3D('',#4419,#4420,#4421);
#4419 = CARTESIAN_POINT('',(-10.3,39.5,0.));
#4420 = DIRECTION('',(0.,-1.,0.));
#4421 = DIRECTION('',(1.,0.,0.));
#4422 = ADVANCED_FACE('',(#4423),#4442,.F.);
#4423 = FACE_BOUND('',#4424,.F.);
#4424 = EDGE_LOOP('',(#4425,#4433,#4440,#4441));
#4425 = ORIENTED_EDGE('',*,*,#4426,.T.);
#4426 = EDGE_CURVE('',#1198,#4427,#4429,.T.);
#4427 = VERTEX_POINT('',#4428);
#4428 = CARTESIAN_POINT('',(-9.4,45.,-1.1));
#4429 = LINE('',#4430,#4431);
#4430 = CARTESIAN_POINT('',(-9.4,45.,0.));
#4431 = VECTOR('',#4432,1.);
#4432 = DIRECTION('',(-0.,-0.,-1.));
#4433 = ORIENTED_EDGE('',*,*,#4434,.T.);
#4434 = EDGE_CURVE('',#4427,#4379,#4435,.T.);
#4435 = CIRCLE('',#4436,0.5);
#4436 = AXIS2_PLACEMENT_3D('',#4437,#4438,#4439);
#4437 = CARTESIAN_POINT('',(-9.9,45.,-1.1));
#4438 = DIRECTION('',(0.,0.,1.));
#4439 = DIRECTION('',(1.,0.,0.));
#4440 = ORIENTED_EDGE('',*,*,#4378,.F.);
#4441 = ORIENTED_EDGE('',*,*,#1197,.F.);
#4442 = CYLINDRICAL_SURFACE('',#4443,0.5);
#4443 = AXIS2_PLACEMENT_3D('',#4444,#4445,#4446);
#4444 = CARTESIAN_POINT('',(-9.9,45.,0.));
#4445 = DIRECTION('',(0.,0.,1.));
#4446 = DIRECTION('',(1.,0.,0.));
#4447 = ADVANCED_FACE('',(#4448),#4467,.F.);
#4448 = FACE_BOUND('',#4449,.F.);
#4449 = EDGE_LOOP('',(#4450,#4451,#4460,#4466));
#4450 = ORIENTED_EDGE('',*,*,#4411,.T.);
#4451 = ORIENTED_EDGE('',*,*,#4452,.T.);
#4452 = EDGE_CURVE('',#4404,#4453,#4455,.T.);
#4453 = VERTEX_POINT('',#4454);
#4454 = CARTESIAN_POINT('',(-9.4,40.,-1.1));
#4455 = CIRCLE('',#4456,0.5);
#4456 = AXIS2_PLACEMENT_3D('',#4457,#4458,#4459);
#4457 = CARTESIAN_POINT('',(-9.9,40.,-1.1));
#4458 = DIRECTION('',(0.,0.,1.));
#4459 = DIRECTION('',(1.,0.,0.));
#4460 = ORIENTED_EDGE('',*,*,#4461,.F.);
#4461 = EDGE_CURVE('',#1207,#4453,#4462,.T.);
#4462 = LINE('',#4463,#4464);
#4463 = CARTESIAN_POINT('',(-9.4,40.,0.));
#4464 = VECTOR('',#4465,1.);
#4465 = DIRECTION('',(-0.,-0.,-1.));
#4466 = ORIENTED_EDGE('',*,*,#1214,.F.);
#4467 = CYLINDRICAL_SURFACE('',#4468,0.5);
#4468 = AXIS2_PLACEMENT_3D('',#4469,#4470,#4471);
#4469 = CARTESIAN_POINT('',(-9.9,40.,0.));
#4470 = DIRECTION('',(0.,0.,1.));
#4471 = DIRECTION('',(1.,0.,0.));
#4472 = ADVANCED_FACE('',(#4473),#4484,.F.);
#4473 = FACE_BOUND('',#4474,.F.);
#4474 = EDGE_LOOP('',(#4475,#4476,#4482,#4483));
#4475 = ORIENTED_EDGE('',*,*,#4461,.T.);
#4476 = ORIENTED_EDGE('',*,*,#4477,.T.);
#4477 = EDGE_CURVE('',#4453,#4427,#4478,.T.);
#4478 = LINE('',#4479,#4480);
#4479 = CARTESIAN_POINT('',(-9.4,40.,-1.1));
#4480 = VECTOR('',#4481,1.);
#4481 = DIRECTION('',(0.,1.,0.));
#4482 = ORIENTED_EDGE('',*,*,#4426,.F.);
#4483 = ORIENTED_EDGE('',*,*,#1206,.F.);
#4484 = PLANE('',#4485);
#4485 = AXIS2_PLACEMENT_3D('',#4486,#4487,#4488);
#4486 = CARTESIAN_POINT('',(-9.4,40.,0.));
#4487 = DIRECTION('',(1.,0.,0.));
#4488 = DIRECTION('',(0.,1.,0.));
#4489 = ADVANCED_FACE('',(#4490),#4515,.F.);
#4490 = FACE_BOUND('',#4491,.F.);
#4491 = EDGE_LOOP('',(#4492,#4500,#4508,#4514));
#4492 = ORIENTED_EDGE('',*,*,#4493,.T.);
#4493 = EDGE_CURVE('',#1241,#4494,#4496,.T.);
#4494 = VERTEX_POINT('',#4495);
#4495 = CARTESIAN_POINT('',(-7.4,46.,-1.1));
#4496 = LINE('',#4497,#4498);
#4497 = CARTESIAN_POINT('',(-7.4,46.,0.));
#4498 = VECTOR('',#4499,1.);
#4499 = DIRECTION('',(-0.,-0.,-1.));
#4500 = ORIENTED_EDGE('',*,*,#4501,.T.);
#4501 = EDGE_CURVE('',#4494,#4502,#4504,.T.);
#4502 = VERTEX_POINT('',#4503);
#4503 = CARTESIAN_POINT('',(-7.4,39.,-1.1));
#4504 = LINE('',#4505,#4506);
#4505 = CARTESIAN_POINT('',(-7.4,46.,-1.1));
#4506 = VECTOR('',#4507,1.);
#4507 = DIRECTION('',(0.,-1.,0.));
#4508 = ORIENTED_EDGE('',*,*,#4509,.F.);
#4509 = EDGE_CURVE('',#1243,#4502,#4510,.T.);
#4510 = LINE('',#4511,#4512);
#4511 = CARTESIAN_POINT('',(-7.4,39.,0.));
#4512 = VECTOR('',#4513,1.);
#4513 = DIRECTION('',(-0.,-0.,-1.));
#4514 = ORIENTED_EDGE('',*,*,#1240,.F.);
#4515 = PLANE('',#4516);
#4516 = AXIS2_PLACEMENT_3D('',#4517,#4518,#4519);
#4517 = CARTESIAN_POINT('',(-7.4,46.,0.));
#4518 = DIRECTION('',(-1.,0.,0.));
#4519 = DIRECTION('',(0.,-1.,0.));
#4520 = ADVANCED_FACE('',(#4521),#4540,.F.);
#4521 = FACE_BOUND('',#4522,.F.);
#4522 = EDGE_LOOP('',(#4523,#4531,#4538,#4539));
#4523 = ORIENTED_EDGE('',*,*,#4524,.T.);
#4524 = EDGE_CURVE('',#1251,#4525,#4527,.T.);
#4525 = VERTEX_POINT('',#4526);
#4526 = CARTESIAN_POINT('',(-6.9,46.5,-1.1));
#4527 = LINE('',#4528,#4529);
#4528 = CARTESIAN_POINT('',(-6.9,46.5,0.));
#4529 = VECTOR('',#4530,1.);
#4530 = DIRECTION('',(-0.,-0.,-1.));
#4531 = ORIENTED_EDGE('',*,*,#4532,.T.);
#4532 = EDGE_CURVE('',#4525,#4494,#4533,.T.);
#4533 = CIRCLE('',#4534,0.5);
#4534 = AXIS2_PLACEMENT_3D('',#4535,#4536,#4537);
#4535 = CARTESIAN_POINT('',(-6.9,46.,-1.1));
#4536 = DIRECTION('',(0.,0.,1.));
#4537 = DIRECTION('',(1.,0.,0.));
#4538 = ORIENTED_EDGE('',*,*,#4493,.F.);
#4539 = ORIENTED_EDGE('',*,*,#1250,.F.);
#4540 = CYLINDRICAL_SURFACE('',#4541,0.5);
#4541 = AXIS2_PLACEMENT_3D('',#4542,#4543,#4544);
#4542 = CARTESIAN_POINT('',(-6.9,46.,0.));
#4543 = DIRECTION('',(0.,0.,1.));
#4544 = DIRECTION('',(1.,0.,0.));
#4545 = ADVANCED_FACE('',(#4546),#4565,.F.);
#4546 = FACE_BOUND('',#4547,.F.);
#4547 = EDGE_LOOP('',(#4548,#4549,#4558,#4564));
#4548 = ORIENTED_EDGE('',*,*,#4509,.T.);
#4549 = ORIENTED_EDGE('',*,*,#4550,.T.);
#4550 = EDGE_CURVE('',#4502,#4551,#4553,.T.);
#4551 = VERTEX_POINT('',#4552);
#4552 = CARTESIAN_POINT('',(-6.9,38.5,-1.1));
#4553 = CIRCLE('',#4554,0.5);
#4554 = AXIS2_PLACEMENT_3D('',#4555,#4556,#4557);
#4555 = CARTESIAN_POINT('',(-6.9,39.,-1.1));
#4556 = DIRECTION('',(0.,0.,1.));
#4557 = DIRECTION('',(1.,0.,0.));
#4558 = ORIENTED_EDGE('',*,*,#4559,.F.);
#4559 = EDGE_CURVE('',#1294,#4551,#4560,.T.);
#4560 = LINE('',#4561,#4562);
#4561 = CARTESIAN_POINT('',(-6.9,38.5,0.));
#4562 = VECTOR('',#4563,1.);
#4563 = DIRECTION('',(-0.,-0.,-1.));
#4564 = ORIENTED_EDGE('',*,*,#1301,.F.);
#4565 = CYLINDRICAL_SURFACE('',#4566,0.5);
#4566 = AXIS2_PLACEMENT_3D('',#4567,#4568,#4569);
#4567 = CARTESIAN_POINT('',(-6.9,39.,0.));
#4568 = DIRECTION('',(0.,0.,1.));
#4569 = DIRECTION('',(1.,0.,0.));
#4570 = ADVANCED_FACE('',(#4571),#4589,.F.);
#4571 = FACE_BOUND('',#4572,.F.);
#4572 = EDGE_LOOP('',(#4573,#4581,#4587,#4588));
#4573 = ORIENTED_EDGE('',*,*,#4574,.T.);
#4574 = EDGE_CURVE('',#1260,#4575,#4577,.T.);
#4575 = VERTEX_POINT('',#4576);
#4576 = CARTESIAN_POINT('',(-6.5,46.5,-1.1));
#4577 = LINE('',#4578,#4579);
#4578 = CARTESIAN_POINT('',(-6.5,46.5,0.));
#4579 = VECTOR('',#4580,1.);
#4580 = DIRECTION('',(-0.,-0.,-1.));
#4581 = ORIENTED_EDGE('',*,*,#4582,.T.);
#4582 = EDGE_CURVE('',#4575,#4525,#4583,.T.);
#4583 = LINE('',#4584,#4585);
#4584 = CARTESIAN_POINT('',(-6.5,46.5,-1.1));
#4585 = VECTOR('',#4586,1.);
#4586 = DIRECTION('',(-1.,0.,0.));
#4587 = ORIENTED_EDGE('',*,*,#4524,.F.);
#4588 = ORIENTED_EDGE('',*,*,#1259,.F.);
#4589 = PLANE('',#4590);
#4590 = AXIS2_PLACEMENT_3D('',#4591,#4592,#4593);
#4591 = CARTESIAN_POINT('',(-6.5,46.5,0.));
#4592 = DIRECTION('',(0.,1.,0.));
#4593 = DIRECTION('',(-1.,0.,0.));
#4594 = ADVANCED_FACE('',(#4595),#4613,.F.);
#4595 = FACE_BOUND('',#4596,.F.);
#4596 = EDGE_LOOP('',(#4597,#4598,#4606,#4612));
#4597 = ORIENTED_EDGE('',*,*,#4559,.T.);
#4598 = ORIENTED_EDGE('',*,*,#4599,.T.);
#4599 = EDGE_CURVE('',#4551,#4600,#4602,.T.);
#4600 = VERTEX_POINT('',#4601);
#4601 = CARTESIAN_POINT('',(-6.5,38.5,-1.1));
#4602 = LINE('',#4603,#4604);
#4603 = CARTESIAN_POINT('',(-6.9,38.5,-1.1));
#4604 = VECTOR('',#4605,1.);
#4605 = DIRECTION('',(1.,0.,0.));
#4606 = ORIENTED_EDGE('',*,*,#4607,.F.);
#4607 = EDGE_CURVE('',#1285,#4600,#4608,.T.);
#4608 = LINE('',#4609,#4610);
#4609 = CARTESIAN_POINT('',(-6.5,38.5,0.));
#4610 = VECTOR('',#4611,1.);
#4611 = DIRECTION('',(-0.,-0.,-1.));
#4612 = ORIENTED_EDGE('',*,*,#1293,.F.);
#4613 = PLANE('',#4614);
#4614 = AXIS2_PLACEMENT_3D('',#4615,#4616,#4617);
#4615 = CARTESIAN_POINT('',(-6.9,38.5,0.));
#4616 = DIRECTION('',(0.,-1.,0.));
#4617 = DIRECTION('',(1.,0.,0.));
#4618 = ADVANCED_FACE('',(#4619),#4638,.F.);
#4619 = FACE_BOUND('',#4620,.F.);
#4620 = EDGE_LOOP('',(#4621,#4629,#4636,#4637));
#4621 = ORIENTED_EDGE('',*,*,#4622,.T.);
#4622 = EDGE_CURVE('',#1268,#4623,#4625,.T.);
#4623 = VERTEX_POINT('',#4624);
#4624 = CARTESIAN_POINT('',(-6.,46.,-1.1));
#4625 = LINE('',#4626,#4627);
#4626 = CARTESIAN_POINT('',(-6.,46.,0.));
#4627 = VECTOR('',#4628,1.);
#4628 = DIRECTION('',(-0.,-0.,-1.));
#4629 = ORIENTED_EDGE('',*,*,#4630,.T.);
#4630 = EDGE_CURVE('',#4623,#4575,#4631,.T.);
#4631 = CIRCLE('',#4632,0.5);
#4632 = AXIS2_PLACEMENT_3D('',#4633,#4634,#4635);
#4633 = CARTESIAN_POINT('',(-6.5,46.,-1.1));
#4634 = DIRECTION('',(0.,0.,1.));
#4635 = DIRECTION('',(1.,0.,0.));
#4636 = ORIENTED_EDGE('',*,*,#4574,.F.);
#4637 = ORIENTED_EDGE('',*,*,#1267,.F.);
#4638 = CYLINDRICAL_SURFACE('',#4639,0.5);
#4639 = AXIS2_PLACEMENT_3D('',#4640,#4641,#4642);
#4640 = CARTESIAN_POINT('',(-6.5,46.,0.));
#4641 = DIRECTION('',(0.,0.,1.));
#4642 = DIRECTION('',(1.,0.,0.));
#4643 = ADVANCED_FACE('',(#4644),#4663,.F.);
#4644 = FACE_BOUND('',#4645,.F.);
#4645 = EDGE_LOOP('',(#4646,#4647,#4656,#4662));
#4646 = ORIENTED_EDGE('',*,*,#4607,.T.);
#4647 = ORIENTED_EDGE('',*,*,#4648,.T.);
#4648 = EDGE_CURVE('',#4600,#4649,#4651,.T.);
#4649 = VERTEX_POINT('',#4650);
#4650 = CARTESIAN_POINT('',(-6.,39.,-1.1));
#4651 = CIRCLE('',#4652,0.5);
#4652 = AXIS2_PLACEMENT_3D('',#4653,#4654,#4655);
#4653 = CARTESIAN_POINT('',(-6.5,39.,-1.1));
#4654 = DIRECTION('',(0.,0.,1.));
#4655 = DIRECTION('',(1.,0.,0.));
#4656 = ORIENTED_EDGE('',*,*,#4657,.F.);
#4657 = EDGE_CURVE('',#1277,#4649,#4658,.T.);
#4658 = LINE('',#4659,#4660);
#4659 = CARTESIAN_POINT('',(-6.,39.,0.));
#4660 = VECTOR('',#4661,1.);
#4661 = DIRECTION('',(-0.,-0.,-1.));
#4662 = ORIENTED_EDGE('',*,*,#1284,.F.);
#4663 = CYLINDRICAL_SURFACE('',#4664,0.5);
#4664 = AXIS2_PLACEMENT_3D('',#4665,#4666,#4667);
#4665 = CARTESIAN_POINT('',(-6.5,39.,0.));
#4666 = DIRECTION('',(0.,0.,1.));
#4667 = DIRECTION('',(1.,0.,0.));
#4668 = ADVANCED_FACE('',(#4669),#4680,.F.);
#4669 = FACE_BOUND('',#4670,.F.);
#4670 = EDGE_LOOP('',(#4671,#4672,#4678,#4679));
#4671 = ORIENTED_EDGE('',*,*,#4657,.T.);
#4672 = ORIENTED_EDGE('',*,*,#4673,.T.);
#4673 = EDGE_CURVE('',#4649,#4623,#4674,.T.);
#4674 = LINE('',#4675,#4676);
#4675 = CARTESIAN_POINT('',(-6.,39.,-1.1));
#4676 = VECTOR('',#4677,1.);
#4677 = DIRECTION('',(0.,1.,0.));
#4678 = ORIENTED_EDGE('',*,*,#4622,.F.);
#4679 = ORIENTED_EDGE('',*,*,#1276,.F.);
#4680 = PLANE('',#4681);
#4681 = AXIS2_PLACEMENT_3D('',#4682,#4683,#4684);
#4682 = CARTESIAN_POINT('',(-6.,39.,0.));
#4683 = DIRECTION('',(1.,0.,0.));
#4684 = DIRECTION('',(0.,1.,0.));
#4685 = ADVANCED_FACE('',(#4686),#4711,.F.);
#4686 = FACE_BOUND('',#4687,.F.);
#4687 = EDGE_LOOP('',(#4688,#4696,#4704,#4710));
#4688 = ORIENTED_EDGE('',*,*,#4689,.T.);
#4689 = EDGE_CURVE('',#1311,#4690,#4692,.T.);
#4690 = VERTEX_POINT('',#4691);
#4691 = CARTESIAN_POINT('',(-4.,45.,-1.1));
#4692 = LINE('',#4693,#4694);
#4693 = CARTESIAN_POINT('',(-4.,45.,0.));
#4694 = VECTOR('',#4695,1.);
#4695 = DIRECTION('',(-0.,-0.,-1.));
#4696 = ORIENTED_EDGE('',*,*,#4697,.T.);
#4697 = EDGE_CURVE('',#4690,#4698,#4700,.T.);
#4698 = VERTEX_POINT('',#4699);
#4699 = CARTESIAN_POINT('',(-4.,40.,-1.1));
#4700 = LINE('',#4701,#4702);
#4701 = CARTESIAN_POINT('',(-4.,45.,-1.1));
#4702 = VECTOR('',#4703,1.);
#4703 = DIRECTION('',(0.,-1.,0.));
#4704 = ORIENTED_EDGE('',*,*,#4705,.F.);
#4705 = EDGE_CURVE('',#1313,#4698,#4706,.T.);
#4706 = LINE('',#4707,#4708);
#4707 = CARTESIAN_POINT('',(-4.,40.,0.));
#4708 = VECTOR('',#4709,1.);
#4709 = DIRECTION('',(-0.,-0.,-1.));
#4710 = ORIENTED_EDGE('',*,*,#1310,.F.);
#4711 = PLANE('',#4712);
#4712 = AXIS2_PLACEMENT_3D('',#4713,#4714,#4715);
#4713 = CARTESIAN_POINT('',(-4.,45.,0.));
#4714 = DIRECTION('',(-1.,0.,0.));
#4715 = DIRECTION('',(0.,-1.,0.));
#4716 = ADVANCED_FACE('',(#4717),#4736,.F.);
#4717 = FACE_BOUND('',#4718,.F.);
#4718 = EDGE_LOOP('',(#4719,#4727,#4734,#4735));
#4719 = ORIENTED_EDGE('',*,*,#4720,.T.);
#4720 = EDGE_CURVE('',#1321,#4721,#4723,.T.);
#4721 = VERTEX_POINT('',#4722);
#4722 = CARTESIAN_POINT('',(-3.5,45.5,-1.1));
#4723 = LINE('',#4724,#4725);
#4724 = CARTESIAN_POINT('',(-3.5,45.5,0.));
#4725 = VECTOR('',#4726,1.);
#4726 = DIRECTION('',(-0.,-0.,-1.));
#4727 = ORIENTED_EDGE('',*,*,#4728,.T.);
#4728 = EDGE_CURVE('',#4721,#4690,#4729,.T.);
#4729 = CIRCLE('',#4730,0.5);
#4730 = AXIS2_PLACEMENT_3D('',#4731,#4732,#4733);
#4731 = CARTESIAN_POINT('',(-3.5,45.,-1.1));
#4732 = DIRECTION('',(0.,0.,1.));
#4733 = DIRECTION('',(1.,0.,0.));
#4734 = ORIENTED_EDGE('',*,*,#4689,.F.);
#4735 = ORIENTED_EDGE('',*,*,#1320,.F.);
#4736 = CYLINDRICAL_SURFACE('',#4737,0.5);
#4737 = AXIS2_PLACEMENT_3D('',#4738,#4739,#4740);
#4738 = CARTESIAN_POINT('',(-3.5,45.,0.));
#4739 = DIRECTION('',(0.,0.,1.));
#4740 = DIRECTION('',(1.,0.,0.));
#4741 = ADVANCED_FACE('',(#4742),#4761,.F.);
#4742 = FACE_BOUND('',#4743,.F.);
#4743 = EDGE_LOOP('',(#4744,#4745,#4754,#4760));
#4744 = ORIENTED_EDGE('',*,*,#4705,.T.);
#4745 = ORIENTED_EDGE('',*,*,#4746,.T.);
#4746 = EDGE_CURVE('',#4698,#4747,#4749,.T.);
#4747 = VERTEX_POINT('',#4748);
#4748 = CARTESIAN_POINT('',(-3.5,39.5,-1.1));
#4749 = CIRCLE('',#4750,0.5);
#4750 = AXIS2_PLACEMENT_3D('',#4751,#4752,#4753);
#4751 = CARTESIAN_POINT('',(-3.5,40.,-1.1));
#4752 = DIRECTION('',(0.,0.,1.));
#4753 = DIRECTION('',(1.,0.,0.));
#4754 = ORIENTED_EDGE('',*,*,#4755,.F.);
#4755 = EDGE_CURVE('',#1364,#4747,#4756,.T.);
#4756 = LINE('',#4757,#4758);
#4757 = CARTESIAN_POINT('',(-3.5,39.5,0.));
#4758 = VECTOR('',#4759,1.);
#4759 = DIRECTION('',(-0.,-0.,-1.));
#4760 = ORIENTED_EDGE('',*,*,#1371,.F.);
#4761 = CYLINDRICAL_SURFACE('',#4762,0.5);
#4762 = AXIS2_PLACEMENT_3D('',#4763,#4764,#4765);
#4763 = CARTESIAN_POINT('',(-3.5,40.,0.));
#4764 = DIRECTION('',(0.,0.,1.));
#4765 = DIRECTION('',(1.,0.,0.));
#4766 = ADVANCED_FACE('',(#4767),#4785,.F.);
#4767 = FACE_BOUND('',#4768,.F.);
#4768 = EDGE_LOOP('',(#4769,#4777,#4783,#4784));
#4769 = ORIENTED_EDGE('',*,*,#4770,.T.);
#4770 = EDGE_CURVE('',#1330,#4771,#4773,.T.);
#4771 = VERTEX_POINT('',#4772);
#4772 = CARTESIAN_POINT('',(-3.1,45.5,-1.1));
#4773 = LINE('',#4774,#4775);
#4774 = CARTESIAN_POINT('',(-3.1,45.5,0.));
#4775 = VECTOR('',#4776,1.);
#4776 = DIRECTION('',(-0.,-0.,-1.));
#4777 = ORIENTED_EDGE('',*,*,#4778,.T.);
#4778 = EDGE_CURVE('',#4771,#4721,#4779,.T.);
#4779 = LINE('',#4780,#4781);
#4780 = CARTESIAN_POINT('',(-3.1,45.5,-1.1));
#4781 = VECTOR('',#4782,1.);
#4782 = DIRECTION('',(-1.,0.,0.));
#4783 = ORIENTED_EDGE('',*,*,#4720,.F.);
#4784 = ORIENTED_EDGE('',*,*,#1329,.F.);
#4785 = PLANE('',#4786);
#4786 = AXIS2_PLACEMENT_3D('',#4787,#4788,#4789);
#4787 = CARTESIAN_POINT('',(-3.1,45.5,0.));
#4788 = DIRECTION('',(0.,1.,0.));
#4789 = DIRECTION('',(-1.,0.,0.));
#4790 = ADVANCED_FACE('',(#4791),#4809,.F.);
#4791 = FACE_BOUND('',#4792,.F.);
#4792 = EDGE_LOOP('',(#4793,#4794,#4802,#4808));
#4793 = ORIENTED_EDGE('',*,*,#4755,.T.);
#4794 = ORIENTED_EDGE('',*,*,#4795,.T.);
#4795 = EDGE_CURVE('',#4747,#4796,#4798,.T.);
#4796 = VERTEX_POINT('',#4797);
#4797 = CARTESIAN_POINT('',(-3.1,39.5,-1.1));
#4798 = LINE('',#4799,#4800);
#4799 = CARTESIAN_POINT('',(-3.5,39.5,-1.1));
#4800 = VECTOR('',#4801,1.);
#4801 = DIRECTION('',(1.,0.,0.));
#4802 = ORIENTED_EDGE('',*,*,#4803,.F.);
#4803 = EDGE_CURVE('',#1355,#4796,#4804,.T.);
#4804 = LINE('',#4805,#4806);
#4805 = CARTESIAN_POINT('',(-3.1,39.5,0.));
#4806 = VECTOR('',#4807,1.);
#4807 = DIRECTION('',(-0.,-0.,-1.));
#4808 = ORIENTED_EDGE('',*,*,#1363,.F.);
#4809 = PLANE('',#4810);
#4810 = AXIS2_PLACEMENT_3D('',#4811,#4812,#4813);
#4811 = CARTESIAN_POINT('',(-3.5,39.5,0.));
#4812 = DIRECTION('',(0.,-1.,0.));
#4813 = DIRECTION('',(1.,0.,0.));
#4814 = ADVANCED_FACE('',(#4815),#4834,.F.);
#4815 = FACE_BOUND('',#4816,.F.);
#4816 = EDGE_LOOP('',(#4817,#4825,#4832,#4833));
#4817 = ORIENTED_EDGE('',*,*,#4818,.T.);
#4818 = EDGE_CURVE('',#1338,#4819,#4821,.T.);
#4819 = VERTEX_POINT('',#4820);
#4820 = CARTESIAN_POINT('',(-2.6,45.,-1.1));
#4821 = LINE('',#4822,#4823);
#4822 = CARTESIAN_POINT('',(-2.6,45.,0.));
#4823 = VECTOR('',#4824,1.);
#4824 = DIRECTION('',(-0.,-0.,-1.));
#4825 = ORIENTED_EDGE('',*,*,#4826,.T.);
#4826 = EDGE_CURVE('',#4819,#4771,#4827,.T.);
#4827 = CIRCLE('',#4828,0.5);
#4828 = AXIS2_PLACEMENT_3D('',#4829,#4830,#4831);
#4829 = CARTESIAN_POINT('',(-3.1,45.,-1.1));
#4830 = DIRECTION('',(0.,0.,1.));
#4831 = DIRECTION('',(1.,0.,0.));
#4832 = ORIENTED_EDGE('',*,*,#4770,.F.);
#4833 = ORIENTED_EDGE('',*,*,#1337,.F.);
#4834 = CYLINDRICAL_SURFACE('',#4835,0.5);
#4835 = AXIS2_PLACEMENT_3D('',#4836,#4837,#4838);
#4836 = CARTESIAN_POINT('',(-3.1,45.,0.));
#4837 = DIRECTION('',(0.,0.,1.));
#4838 = DIRECTION('',(1.,0.,0.));
#4839 = ADVANCED_FACE('',(#4840),#4859,.F.);
#4840 = FACE_BOUND('',#4841,.F.);
#4841 = EDGE_LOOP('',(#4842,#4843,#4852,#4858));
#4842 = ORIENTED_EDGE('',*,*,#4803,.T.);
#4843 = ORIENTED_EDGE('',*,*,#4844,.T.);
#4844 = EDGE_CURVE('',#4796,#4845,#4847,.T.);
#4845 = VERTEX_POINT('',#4846);
#4846 = CARTESIAN_POINT('',(-2.6,40.,-1.1));
#4847 = CIRCLE('',#4848,0.5);
#4848 = AXIS2_PLACEMENT_3D('',#4849,#4850,#4851);
#4849 = CARTESIAN_POINT('',(-3.1,40.,-1.1));
#4850 = DIRECTION('',(0.,0.,1.));
#4851 = DIRECTION('',(1.,0.,0.));
#4852 = ORIENTED_EDGE('',*,*,#4853,.F.);
#4853 = EDGE_CURVE('',#1347,#4845,#4854,.T.);
#4854 = LINE('',#4855,#4856);
#4855 = CARTESIAN_POINT('',(-2.6,40.,0.));
#4856 = VECTOR('',#4857,1.);
#4857 = DIRECTION('',(-0.,-0.,-1.));
#4858 = ORIENTED_EDGE('',*,*,#1354,.F.);
#4859 = CYLINDRICAL_SURFACE('',#4860,0.5);
#4860 = AXIS2_PLACEMENT_3D('',#4861,#4862,#4863);
#4861 = CARTESIAN_POINT('',(-3.1,40.,0.));
#4862 = DIRECTION('',(0.,0.,1.));
#4863 = DIRECTION('',(1.,0.,0.));
#4864 = ADVANCED_FACE('',(#4865),#4876,.F.);
#4865 = FACE_BOUND('',#4866,.F.);
#4866 = EDGE_LOOP('',(#4867,#4868,#4874,#4875));
#4867 = ORIENTED_EDGE('',*,*,#4853,.T.);
#4868 = ORIENTED_EDGE('',*,*,#4869,.T.);
#4869 = EDGE_CURVE('',#4845,#4819,#4870,.T.);
#4870 = LINE('',#4871,#4872);
#4871 = CARTESIAN_POINT('',(-2.6,40.,-1.1));
#4872 = VECTOR('',#4873,1.);
#4873 = DIRECTION('',(0.,1.,0.));
#4874 = ORIENTED_EDGE('',*,*,#4818,.F.);
#4875 = ORIENTED_EDGE('',*,*,#1346,.F.);
#4876 = PLANE('',#4877);
#4877 = AXIS2_PLACEMENT_3D('',#4878,#4879,#4880);
#4878 = CARTESIAN_POINT('',(-2.6,40.,0.));
#4879 = DIRECTION('',(1.,0.,0.));
#4880 = DIRECTION('',(0.,1.,0.));
#4881 = ADVANCED_FACE('',(#4882),#4907,.F.);
#4882 = FACE_BOUND('',#4883,.F.);
#4883 = EDGE_LOOP('',(#4884,#4892,#4900,#4906));
#4884 = ORIENTED_EDGE('',*,*,#4885,.T.);
#4885 = EDGE_CURVE('',#1381,#4886,#4888,.T.);
#4886 = VERTEX_POINT('',#4887);
#4887 = CARTESIAN_POINT('',(-0.6,43.1,-1.1));
#4888 = LINE('',#4889,#4890);
#4889 = CARTESIAN_POINT('',(-0.6,43.1,0.));
#4890 = VECTOR('',#4891,1.);
#4891 = DIRECTION('',(-0.,-0.,-1.));
#4892 = ORIENTED_EDGE('',*,*,#4893,.T.);
#4893 = EDGE_CURVE('',#4886,#4894,#4896,.T.);
#4894 = VERTEX_POINT('',#4895);
#4895 = CARTESIAN_POINT('',(-0.6,39.9,-1.1));
#4896 = LINE('',#4897,#4898);
#4897 = CARTESIAN_POINT('',(-0.6,43.1,-1.1));
#4898 = VECTOR('',#4899,1.);
#4899 = DIRECTION('',(0.,-1.,0.));
#4900 = ORIENTED_EDGE('',*,*,#4901,.F.);
#4901 = EDGE_CURVE('',#1383,#4894,#4902,.T.);
#4902 = LINE('',#4903,#4904);
#4903 = CARTESIAN_POINT('',(-0.6,39.9,0.));
#4904 = VECTOR('',#4905,1.);
#4905 = DIRECTION('',(-0.,-0.,-1.));
#4906 = ORIENTED_EDGE('',*,*,#1380,.F.);
#4907 = PLANE('',#4908);
#4908 = AXIS2_PLACEMENT_3D('',#4909,#4910,#4911);
#4909 = CARTESIAN_POINT('',(-0.6,43.1,0.));
#4910 = DIRECTION('',(-1.,0.,0.));
#4911 = DIRECTION('',(0.,-1.,0.));
#4912 = ADVANCED_FACE('',(#4913),#4932,.F.);
#4913 = FACE_BOUND('',#4914,.F.);
#4914 = EDGE_LOOP('',(#4915,#4923,#4930,#4931));
#4915 = ORIENTED_EDGE('',*,*,#4916,.T.);
#4916 = EDGE_CURVE('',#1391,#4917,#4919,.T.);
#4917 = VERTEX_POINT('',#4918);
#4918 = CARTESIAN_POINT('',(-0.2,43.5,-1.1));
#4919 = LINE('',#4920,#4921);
#4920 = CARTESIAN_POINT('',(-0.2,43.5,0.));
#4921 = VECTOR('',#4922,1.);
#4922 = DIRECTION('',(-0.,-0.,-1.));
#4923 = ORIENTED_EDGE('',*,*,#4924,.T.);
#4924 = EDGE_CURVE('',#4917,#4886,#4925,.T.);
#4925 = CIRCLE('',#4926,0.4);
#4926 = AXIS2_PLACEMENT_3D('',#4927,#4928,#4929);
#4927 = CARTESIAN_POINT('',(-0.2,43.1,-1.1));
#4928 = DIRECTION('',(0.,0.,1.));
#4929 = DIRECTION('',(1.,0.,0.));
#4930 = ORIENTED_EDGE('',*,*,#4885,.F.);
#4931 = ORIENTED_EDGE('',*,*,#1390,.F.);
#4932 = CYLINDRICAL_SURFACE('',#4933,0.4);
#4933 = AXIS2_PLACEMENT_3D('',#4934,#4935,#4936);
#4934 = CARTESIAN_POINT('',(-0.2,43.1,0.));
#4935 = DIRECTION('',(0.,0.,1.));
#4936 = DIRECTION('',(1.,0.,0.));
#4937 = ADVANCED_FACE('',(#4938),#4957,.F.);
#4938 = FACE_BOUND('',#4939,.F.);
#4939 = EDGE_LOOP('',(#4940,#4941,#4950,#4956));
#4940 = ORIENTED_EDGE('',*,*,#4901,.T.);
#4941 = ORIENTED_EDGE('',*,*,#4942,.T.);
#4942 = EDGE_CURVE('',#4894,#4943,#4945,.T.);
#4943 = VERTEX_POINT('',#4944);
#4944 = CARTESIAN_POINT('',(-0.2,39.5,-1.1));
#4945 = CIRCLE('',#4946,0.4);
#4946 = AXIS2_PLACEMENT_3D('',#4947,#4948,#4949);
#4947 = CARTESIAN_POINT('',(-0.2,39.9,-1.1));
#4948 = DIRECTION('',(0.,0.,1.));
#4949 = DIRECTION('',(1.,0.,0.));
#4950 = ORIENTED_EDGE('',*,*,#4951,.F.);
#4951 = EDGE_CURVE('',#1434,#4943,#4952,.T.);
#4952 = LINE('',#4953,#4954);
#4953 = CARTESIAN_POINT('',(-0.2,39.5,0.));
#4954 = VECTOR('',#4955,1.);
#4955 = DIRECTION('',(-0.,-0.,-1.));
#4956 = ORIENTED_EDGE('',*,*,#1441,.F.);
#4957 = CYLINDRICAL_SURFACE('',#4958,0.4);
#4958 = AXIS2_PLACEMENT_3D('',#4959,#4960,#4961);
#4959 = CARTESIAN_POINT('',(-0.2,39.9,0.));
#4960 = DIRECTION('',(0.,0.,1.));
#4961 = DIRECTION('',(1.,0.,0.));
#4962 = ADVANCED_FACE('',(#4963),#4981,.F.);
#4963 = FACE_BOUND('',#4964,.F.);
#4964 = EDGE_LOOP('',(#4965,#4973,#4979,#4980));
#4965 = ORIENTED_EDGE('',*,*,#4966,.T.);
#4966 = EDGE_CURVE('',#1400,#4967,#4969,.T.);
#4967 = VERTEX_POINT('',#4968);
#4968 = CARTESIAN_POINT('',(0.2,43.5,-1.1));
#4969 = LINE('',#4970,#4971);
#4970 = CARTESIAN_POINT('',(0.2,43.5,0.));
#4971 = VECTOR('',#4972,1.);
#4972 = DIRECTION('',(-0.,-0.,-1.));
#4973 = ORIENTED_EDGE('',*,*,#4974,.T.);
#4974 = EDGE_CURVE('',#4967,#4917,#4975,.T.);
#4975 = LINE('',#4976,#4977);
#4976 = CARTESIAN_POINT('',(0.2,43.5,-1.1));
#4977 = VECTOR('',#4978,1.);
#4978 = DIRECTION('',(-1.,0.,0.));
#4979 = ORIENTED_EDGE('',*,*,#4916,.F.);
#4980 = ORIENTED_EDGE('',*,*,#1399,.F.);
#4981 = PLANE('',#4982);
#4982 = AXIS2_PLACEMENT_3D('',#4983,#4984,#4985);
#4983 = CARTESIAN_POINT('',(0.2,43.5,0.));
#4984 = DIRECTION('',(0.,1.,0.));
#4985 = DIRECTION('',(-1.,0.,0.));
#4986 = ADVANCED_FACE('',(#4987),#5005,.F.);
#4987 = FACE_BOUND('',#4988,.F.);
#4988 = EDGE_LOOP('',(#4989,#4990,#4998,#5004));
#4989 = ORIENTED_EDGE('',*,*,#4951,.T.);
#4990 = ORIENTED_EDGE('',*,*,#4991,.T.);
#4991 = EDGE_CURVE('',#4943,#4992,#4994,.T.);
#4992 = VERTEX_POINT('',#4993);
#4993 = CARTESIAN_POINT('',(0.2,39.5,-1.1));
#4994 = LINE('',#4995,#4996);
#4995 = CARTESIAN_POINT('',(-0.2,39.5,-1.1));
#4996 = VECTOR('',#4997,1.);
#4997 = DIRECTION('',(1.,0.,0.));
#4998 = ORIENTED_EDGE('',*,*,#4999,.F.);
#4999 = EDGE_CURVE('',#1425,#4992,#5000,.T.);
#5000 = LINE('',#5001,#5002);
#5001 = CARTESIAN_POINT('',(0.2,39.5,0.));
#5002 = VECTOR('',#5003,1.);
#5003 = DIRECTION('',(-0.,-0.,-1.));
#5004 = ORIENTED_EDGE('',*,*,#1433,.F.);
#5005 = PLANE('',#5006);
#5006 = AXIS2_PLACEMENT_3D('',#5007,#5008,#5009);
#5007 = CARTESIAN_POINT('',(-0.2,39.5,0.));
#5008 = DIRECTION('',(0.,-1.,0.));
#5009 = DIRECTION('',(1.,0.,0.));
#5010 = ADVANCED_FACE('',(#5011),#5030,.F.);
#5011 = FACE_BOUND('',#5012,.F.);
#5012 = EDGE_LOOP('',(#5013,#5021,#5028,#5029));
#5013 = ORIENTED_EDGE('',*,*,#5014,.T.);
#5014 = EDGE_CURVE('',#1408,#5015,#5017,.T.);
#5015 = VERTEX_POINT('',#5016);
#5016 = CARTESIAN_POINT('',(0.6,43.1,-1.1));
#5017 = LINE('',#5018,#5019);
#5018 = CARTESIAN_POINT('',(0.6,43.1,0.));
#5019 = VECTOR('',#5020,1.);
#5020 = DIRECTION('',(-0.,-0.,-1.));
#5021 = ORIENTED_EDGE('',*,*,#5022,.T.);
#5022 = EDGE_CURVE('',#5015,#4967,#5023,.T.);
#5023 = CIRCLE('',#5024,0.4);
#5024 = AXIS2_PLACEMENT_3D('',#5025,#5026,#5027);
#5025 = CARTESIAN_POINT('',(0.2,43.1,-1.1));
#5026 = DIRECTION('',(0.,0.,1.));
#5027 = DIRECTION('',(1.,0.,0.));
#5028 = ORIENTED_EDGE('',*,*,#4966,.F.);
#5029 = ORIENTED_EDGE('',*,*,#1407,.F.);
#5030 = CYLINDRICAL_SURFACE('',#5031,0.4);
#5031 = AXIS2_PLACEMENT_3D('',#5032,#5033,#5034);
#5032 = CARTESIAN_POINT('',(0.2,43.1,0.));
#5033 = DIRECTION('',(0.,0.,1.));
#5034 = DIRECTION('',(1.,0.,0.));
#5035 = ADVANCED_FACE('',(#5036),#5055,.F.);
#5036 = FACE_BOUND('',#5037,.F.);
#5037 = EDGE_LOOP('',(#5038,#5039,#5048,#5054));
#5038 = ORIENTED_EDGE('',*,*,#4999,.T.);
#5039 = ORIENTED_EDGE('',*,*,#5040,.T.);
#5040 = EDGE_CURVE('',#4992,#5041,#5043,.T.);
#5041 = VERTEX_POINT('',#5042);
#5042 = CARTESIAN_POINT('',(0.6,39.9,-1.1));
#5043 = CIRCLE('',#5044,0.4);
#5044 = AXIS2_PLACEMENT_3D('',#5045,#5046,#5047);
#5045 = CARTESIAN_POINT('',(0.2,39.9,-1.1));
#5046 = DIRECTION('',(0.,0.,1.));
#5047 = DIRECTION('',(1.,0.,0.));
#5048 = ORIENTED_EDGE('',*,*,#5049,.F.);
#5049 = EDGE_CURVE('',#1417,#5041,#5050,.T.);
#5050 = LINE('',#5051,#5052);
#5051 = CARTESIAN_POINT('',(0.6,39.9,0.));
#5052 = VECTOR('',#5053,1.);
#5053 = DIRECTION('',(-0.,-0.,-1.));
#5054 = ORIENTED_EDGE('',*,*,#1424,.F.);
#5055 = CYLINDRICAL_SURFACE('',#5056,0.4);
#5056 = AXIS2_PLACEMENT_3D('',#5057,#5058,#5059);
#5057 = CARTESIAN_POINT('',(0.2,39.9,0.));
#5058 = DIRECTION('',(0.,0.,1.));
#5059 = DIRECTION('',(1.,0.,0.));
#5060 = ADVANCED_FACE('',(#5061),#5072,.F.);
#5061 = FACE_BOUND('',#5062,.F.);
#5062 = EDGE_LOOP('',(#5063,#5064,#5070,#5071));
#5063 = ORIENTED_EDGE('',*,*,#5049,.T.);
#5064 = ORIENTED_EDGE('',*,*,#5065,.T.);
#5065 = EDGE_CURVE('',#5041,#5015,#5066,.T.);
#5066 = LINE('',#5067,#5068);
#5067 = CARTESIAN_POINT('',(0.6,39.9,-1.1));
#5068 = VECTOR('',#5069,1.);
#5069 = DIRECTION('',(0.,1.,0.));
#5070 = ORIENTED_EDGE('',*,*,#5014,.F.);
#5071 = ORIENTED_EDGE('',*,*,#1416,.F.);
#5072 = PLANE('',#5073);
#5073 = AXIS2_PLACEMENT_3D('',#5074,#5075,#5076);
#5074 = CARTESIAN_POINT('',(0.6,39.9,0.));
#5075 = DIRECTION('',(1.,0.,0.));
#5076 = DIRECTION('',(0.,1.,0.));
#5077 = ADVANCED_FACE('',(#5078),#5126,.T.);
#5078 = FACE_BOUND('',#5079,.T.);
#5079 = EDGE_LOOP('',(#5080,#5088,#5089,#5097,#5105,#5111,#5112,#5120));
#5080 = ORIENTED_EDGE('',*,*,#5081,.F.);
#5081 = EDGE_CURVE('',#1451,#5082,#5084,.T.);
#5082 = VERTEX_POINT('',#5083);
#5083 = CARTESIAN_POINT('',(30.4,1.5,-1.));
#5084 = LINE('',#5085,#5086);
#5085 = CARTESIAN_POINT('',(30.4,1.5,0.));
#5086 = VECTOR('',#5087,1.);
#5087 = DIRECTION('',(-0.,-0.,-1.));
#5088 = ORIENTED_EDGE('',*,*,#1450,.T.);
#5089 = ORIENTED_EDGE('',*,*,#5090,.T.);
#5090 = EDGE_CURVE('',#1453,#5091,#5093,.T.);
#5091 = VERTEX_POINT('',#5092);
#5092 = CARTESIAN_POINT('',(30.75,1.5,-2.2));
#5093 = LINE('',#5094,#5095);
#5094 = CARTESIAN_POINT('',(30.75,1.5,0.));
#5095 = VECTOR('',#5096,1.);
#5096 = DIRECTION('',(-0.,-0.,-1.));
#5097 = ORIENTED_EDGE('',*,*,#5098,.T.);
#5098 = EDGE_CURVE('',#5091,#5099,#5101,.T.);
#5099 = VERTEX_POINT('',#5100);
#5100 = CARTESIAN_POINT('',(-30.75,1.5,-2.2));
#5101 = LINE('',#5102,#5103);
#5102 = CARTESIAN_POINT('',(-30.4,1.5,-2.2));
#5103 = VECTOR('',#5104,1.);
#5104 = DIRECTION('',(-1.,0.,0.));
#5105 = ORIENTED_EDGE('',*,*,#5106,.F.);
#5106 = EDGE_CURVE('',#1503,#5099,#5107,.T.);
#5107 = LINE('',#5108,#5109);
#5108 = CARTESIAN_POINT('',(-30.75,1.5,0.));
#5109 = VECTOR('',#5110,1.);
#5110 = DIRECTION('',(-0.,-0.,-1.));
#5111 = ORIENTED_EDGE('',*,*,#1502,.F.);
#5112 = ORIENTED_EDGE('',*,*,#5113,.T.);
#5113 = EDGE_CURVE('',#1495,#5114,#5116,.T.);
#5114 = VERTEX_POINT('',#5115);
#5115 = CARTESIAN_POINT('',(-30.4,1.5,-1.));
#5116 = LINE('',#5117,#5118);
#5117 = CARTESIAN_POINT('',(-30.4,1.5,0.));
#5118 = VECTOR('',#5119,1.);
#5119 = DIRECTION('',(-0.,-0.,-1.));
#5120 = ORIENTED_EDGE('',*,*,#5121,.T.);
#5121 = EDGE_CURVE('',#5114,#5082,#5122,.T.);
#5122 = LINE('',#5123,#5124);
#5123 = CARTESIAN_POINT('',(-30.4,1.5,-1.));
#5124 = VECTOR('',#5125,1.);
#5125 = DIRECTION('',(1.,0.,0.));
#5126 = PLANE('',#5127);
#5127 = AXIS2_PLACEMENT_3D('',#5128,#5129,#5130);
#5128 = CARTESIAN_POINT('',(-9.664E-14,1.5,-1.560587326121));
#5129 = DIRECTION('',(0.,1.,-1.79E-15));
#5130 = DIRECTION('',(0.,1.79E-15,1.));
#5131 = ADVANCED_FACE('',(#5132),#5166,.T.);
#5132 = FACE_BOUND('',#5133,.T.);
#5133 = EDGE_LOOP('',(#5134,#5135,#5136,#5144,#5152,#5160));
#5134 = ORIENTED_EDGE('',*,*,#1460,.F.);
#5135 = ORIENTED_EDGE('',*,*,#5081,.T.);
#5136 = ORIENTED_EDGE('',*,*,#5137,.T.);
#5137 = EDGE_CURVE('',#5082,#5138,#5140,.T.);
#5138 = VERTEX_POINT('',#5139);
#5139 = CARTESIAN_POINT('',(30.4,2.5,-1.));
#5140 = LINE('',#5141,#5142);
#5141 = CARTESIAN_POINT('',(30.4,1.5,-1.));
#5142 = VECTOR('',#5143,1.);
#5143 = DIRECTION('',(0.,1.,0.));
#5144 = ORIENTED_EDGE('',*,*,#5145,.F.);
#5145 = EDGE_CURVE('',#5146,#5138,#5148,.T.);
#5146 = VERTEX_POINT('',#5147);
#5147 = CARTESIAN_POINT('',(30.4,2.5,-2.2));
#5148 = LINE('',#5149,#5150);
#5149 = CARTESIAN_POINT('',(30.4,2.5,-2.2));
#5150 = VECTOR('',#5151,1.);
#5151 = DIRECTION('',(0.,0.,1.));
#5152 = ORIENTED_EDGE('',*,*,#5153,.T.);
#5153 = EDGE_CURVE('',#5146,#5154,#5156,.T.);
#5154 = VERTEX_POINT('',#5155);
#5155 = CARTESIAN_POINT('',(30.400000000002,26.3,-2.2));
#5156 = LINE('',#5157,#5158);
#5157 = CARTESIAN_POINT('',(30.4,1.5,-2.2));
#5158 = VECTOR('',#5159,1.);
#5159 = DIRECTION('',(6.332E-14,1.,0.));
#5160 = ORIENTED_EDGE('',*,*,#5161,.F.);
#5161 = EDGE_CURVE('',#1461,#5154,#5162,.T.);
#5162 = LINE('',#5163,#5164);
#5163 = CARTESIAN_POINT('',(30.400000000002,26.3,0.));
#5164 = VECTOR('',#5165,1.);
#5165 = DIRECTION('',(-0.,-0.,-1.));
#5166 = PLANE('',#5167);
#5167 = AXIS2_PLACEMENT_3D('',#5168,#5169,#5170);
#5168 = CARTESIAN_POINT('',(30.4,1.5,0.));
#5169 = DIRECTION('',(1.,-6.332E-14,0.));
#5170 = DIRECTION('',(6.332E-14,1.,0.));
#5171 = ADVANCED_FACE('',(#5172),#5190,.F.);
#5172 = FACE_BOUND('',#5173,.F.);
#5173 = EDGE_LOOP('',(#5174,#5175,#5183,#5189));
#5174 = ORIENTED_EDGE('',*,*,#5090,.T.);
#5175 = ORIENTED_EDGE('',*,*,#5176,.T.);
#5176 = EDGE_CURVE('',#5091,#5177,#5179,.T.);
#5177 = VERTEX_POINT('',#5178);
#5178 = CARTESIAN_POINT('',(30.75,26.3,-2.2));
#5179 = LINE('',#5180,#5181);
#5180 = CARTESIAN_POINT('',(30.75,1.5,-2.2));
#5181 = VECTOR('',#5182,1.);
#5182 = DIRECTION('',(0.,1.,0.));
#5183 = ORIENTED_EDGE('',*,*,#5184,.F.);
#5184 = EDGE_CURVE('',#1536,#5177,#5185,.T.);
#5185 = LINE('',#5186,#5187);
#5186 = CARTESIAN_POINT('',(30.75,26.3,0.));
#5187 = VECTOR('',#5188,1.);
#5188 = DIRECTION('',(-0.,-0.,-1.));
#5189 = ORIENTED_EDGE('',*,*,#1544,.F.);
#5190 = PLANE('',#5191);
#5191 = AXIS2_PLACEMENT_3D('',#5192,#5193,#5194);
#5192 = CARTESIAN_POINT('',(30.75,1.5,0.));
#5193 = DIRECTION('',(1.,0.,0.));
#5194 = DIRECTION('',(0.,1.,0.));
#5195 = ADVANCED_FACE('',(#5196),#5215,.T.);
#5196 = FACE_BOUND('',#5197,.T.);
#5197 = EDGE_LOOP('',(#5198,#5199,#5208,#5214));
#5198 = ORIENTED_EDGE('',*,*,#5161,.T.);
#5199 = ORIENTED_EDGE('',*,*,#5200,.T.);
#5200 = EDGE_CURVE('',#5154,#5201,#5203,.T.);
#5201 = VERTEX_POINT('',#5202);
#5202 = CARTESIAN_POINT('',(19.55,37.15,-2.2));
#5203 = CIRCLE('',#5204,10.850000000002);
#5204 = AXIS2_PLACEMENT_3D('',#5205,#5206,#5207);
#5205 = CARTESIAN_POINT('',(19.55,26.299999999998,-2.2));
#5206 = DIRECTION('',(0.,0.,1.));
#5207 = DIRECTION('',(1.,0.,0.));
#5208 = ORIENTED_EDGE('',*,*,#5209,.F.);
#5209 = EDGE_CURVE('',#1469,#5201,#5210,.T.);
#5210 = LINE('',#5211,#5212);
#5211 = CARTESIAN_POINT('',(19.55,37.15,0.));
#5212 = VECTOR('',#5213,1.);
#5213 = DIRECTION('',(-0.,-0.,-1.));
#5214 = ORIENTED_EDGE('',*,*,#1468,.F.);
#5215 = CYLINDRICAL_SURFACE('',#5216,10.850000000002);
#5216 = AXIS2_PLACEMENT_3D('',#5217,#5218,#5219);
#5217 = CARTESIAN_POINT('',(19.55,26.299999999998,0.));
#5218 = DIRECTION('',(0.,0.,1.));
#5219 = DIRECTION('',(1.,0.,0.));
#5220 = ADVANCED_FACE('',(#5221),#5240,.F.);
#5221 = FACE_BOUND('',#5222,.F.);
#5222 = EDGE_LOOP('',(#5223,#5224,#5233,#5239));
#5223 = ORIENTED_EDGE('',*,*,#5184,.T.);
#5224 = ORIENTED_EDGE('',*,*,#5225,.T.);
#5225 = EDGE_CURVE('',#5177,#5226,#5228,.T.);
#5226 = VERTEX_POINT('',#5227);
#5227 = CARTESIAN_POINT('',(19.55,37.5,-2.2));
#5228 = CIRCLE('',#5229,11.2);
#5229 = AXIS2_PLACEMENT_3D('',#5230,#5231,#5232);
#5230 = CARTESIAN_POINT('',(19.55,26.3,-2.2));
#5231 = DIRECTION('',(0.,0.,1.));
#5232 = DIRECTION('',(1.,0.,0.));
#5233 = ORIENTED_EDGE('',*,*,#5234,.F.);
#5234 = EDGE_CURVE('',#1528,#5226,#5235,.T.);
#5235 = LINE('',#5236,#5237);
#5236 = CARTESIAN_POINT('',(19.55,37.5,0.));
#5237 = VECTOR('',#5238,1.);
#5238 = DIRECTION('',(-0.,-0.,-1.));
#5239 = ORIENTED_EDGE('',*,*,#1535,.F.);
#5240 = CYLINDRICAL_SURFACE('',#5241,11.2);
#5241 = AXIS2_PLACEMENT_3D('',#5242,#5243,#5244);
#5242 = CARTESIAN_POINT('',(19.55,26.3,0.));
#5243 = DIRECTION('',(0.,0.,1.));
#5244 = DIRECTION('',(1.,0.,0.));
#5245 = ADVANCED_FACE('',(#5246),#5264,.T.);
#5246 = FACE_BOUND('',#5247,.T.);
#5247 = EDGE_LOOP('',(#5248,#5249,#5257,#5263));
#5248 = ORIENTED_EDGE('',*,*,#5209,.T.);
#5249 = ORIENTED_EDGE('',*,*,#5250,.T.);
#5250 = EDGE_CURVE('',#5201,#5251,#5253,.T.);
#5251 = VERTEX_POINT('',#5252);
#5252 = CARTESIAN_POINT('',(-19.55,37.15,-2.2));
#5253 = LINE('',#5254,#5255);
#5254 = CARTESIAN_POINT('',(19.55,37.15,-2.2));
#5255 = VECTOR('',#5256,1.);
#5256 = DIRECTION('',(-1.,0.,0.));
#5257 = ORIENTED_EDGE('',*,*,#5258,.F.);
#5258 = EDGE_CURVE('',#1478,#5251,#5259,.T.);
#5259 = LINE('',#5260,#5261);
#5260 = CARTESIAN_POINT('',(-19.55,37.15,0.));
#5261 = VECTOR('',#5262,1.);
#5262 = DIRECTION('',(-0.,-0.,-1.));
#5263 = ORIENTED_EDGE('',*,*,#1477,.F.);
#5264 = PLANE('',#5265);
#5265 = AXIS2_PLACEMENT_3D('',#5266,#5267,#5268);
#5266 = CARTESIAN_POINT('',(19.55,37.15,0.));
#5267 = DIRECTION('',(0.,1.,0.));
#5268 = DIRECTION('',(-1.,0.,0.));
#5269 = ADVANCED_FACE('',(#5270),#5288,.F.);
#5270 = FACE_BOUND('',#5271,.F.);
#5271 = EDGE_LOOP('',(#5272,#5273,#5281,#5287));
#5272 = ORIENTED_EDGE('',*,*,#5234,.T.);
#5273 = ORIENTED_EDGE('',*,*,#5274,.T.);
#5274 = EDGE_CURVE('',#5226,#5275,#5277,.T.);
#5275 = VERTEX_POINT('',#5276);
#5276 = CARTESIAN_POINT('',(-19.55,37.5,-2.2));
#5277 = LINE('',#5278,#5279);
#5278 = CARTESIAN_POINT('',(19.55,37.5,-2.2));
#5279 = VECTOR('',#5280,1.);
#5280 = DIRECTION('',(-1.,0.,0.));
#5281 = ORIENTED_EDGE('',*,*,#5282,.F.);
#5282 = EDGE_CURVE('',#1519,#5275,#5283,.T.);
#5283 = LINE('',#5284,#5285);
#5284 = CARTESIAN_POINT('',(-19.55,37.5,0.));
#5285 = VECTOR('',#5286,1.);
#5286 = DIRECTION('',(-0.,-0.,-1.));
#5287 = ORIENTED_EDGE('',*,*,#1527,.F.);
#5288 = PLANE('',#5289);
#5289 = AXIS2_PLACEMENT_3D('',#5290,#5291,#5292);
#5290 = CARTESIAN_POINT('',(19.55,37.5,0.));
#5291 = DIRECTION('',(0.,1.,0.));
#5292 = DIRECTION('',(-1.,0.,0.));
#5293 = ADVANCED_FACE('',(#5294),#5313,.T.);
#5294 = FACE_BOUND('',#5295,.T.);
#5295 = EDGE_LOOP('',(#5296,#5297,#5306,#5312));
#5296 = ORIENTED_EDGE('',*,*,#5258,.T.);
#5297 = ORIENTED_EDGE('',*,*,#5298,.T.);
#5298 = EDGE_CURVE('',#5251,#5299,#5301,.T.);
#5299 = VERTEX_POINT('',#5300);
#5300 = CARTESIAN_POINT('',(-30.4,26.3,-2.2));
#5301 = CIRCLE('',#5302,10.85);
#5302 = AXIS2_PLACEMENT_3D('',#5303,#5304,#5305);
#5303 = CARTESIAN_POINT('',(-19.55,26.3,-2.2));
#5304 = DIRECTION('',(0.,0.,1.));
#5305 = DIRECTION('',(1.,0.,0.));
#5306 = ORIENTED_EDGE('',*,*,#5307,.F.);
#5307 = EDGE_CURVE('',#1486,#5299,#5308,.T.);
#5308 = LINE('',#5309,#5310);
#5309 = CARTESIAN_POINT('',(-30.4,26.3,0.));
#5310 = VECTOR('',#5311,1.);
#5311 = DIRECTION('',(-0.,-0.,-1.));
#5312 = ORIENTED_EDGE('',*,*,#1485,.F.);
#5313 = CYLINDRICAL_SURFACE('',#5314,10.85);
#5314 = AXIS2_PLACEMENT_3D('',#5315,#5316,#5317);
#5315 = CARTESIAN_POINT('',(-19.55,26.3,0.));
#5316 = DIRECTION('',(0.,0.,1.));
#5317 = DIRECTION('',(1.,0.,0.));
#5318 = ADVANCED_FACE('',(#5319),#5338,.F.);
#5319 = FACE_BOUND('',#5320,.F.);
#5320 = EDGE_LOOP('',(#5321,#5322,#5331,#5337));
#5321 = ORIENTED_EDGE('',*,*,#5282,.T.);
#5322 = ORIENTED_EDGE('',*,*,#5323,.T.);
#5323 = EDGE_CURVE('',#5275,#5324,#5326,.T.);
#5324 = VERTEX_POINT('',#5325);
#5325 = CARTESIAN_POINT('',(-30.75,26.3,-2.2));
#5326 = CIRCLE('',#5327,11.2);
#5327 = AXIS2_PLACEMENT_3D('',#5328,#5329,#5330);
#5328 = CARTESIAN_POINT('',(-19.55,26.3,-2.2));
#5329 = DIRECTION('',(0.,0.,1.));
#5330 = DIRECTION('',(1.,0.,0.));
#5331 = ORIENTED_EDGE('',*,*,#5332,.F.);
#5332 = EDGE_CURVE('',#1511,#5324,#5333,.T.);
#5333 = LINE('',#5334,#5335);
#5334 = CARTESIAN_POINT('',(-30.75,26.3,0.));
#5335 = VECTOR('',#5336,1.);
#5336 = DIRECTION('',(-0.,-0.,-1.));
#5337 = ORIENTED_EDGE('',*,*,#1518,.F.);
#5338 = CYLINDRICAL_SURFACE('',#5339,11.2);
#5339 = AXIS2_PLACEMENT_3D('',#5340,#5341,#5342);
#5340 = CARTESIAN_POINT('',(-19.55,26.3,0.));
#5341 = DIRECTION('',(0.,0.,1.));
#5342 = DIRECTION('',(1.,0.,0.));
#5343 = ADVANCED_FACE('',(#5344),#5371,.T.);
#5344 = FACE_BOUND('',#5345,.T.);
#5345 = EDGE_LOOP('',(#5346,#5347,#5348,#5356,#5364,#5370));
#5346 = ORIENTED_EDGE('',*,*,#1494,.F.);
#5347 = ORIENTED_EDGE('',*,*,#5307,.T.);
#5348 = ORIENTED_EDGE('',*,*,#5349,.T.);
#5349 = EDGE_CURVE('',#5299,#5350,#5352,.T.);
#5350 = VERTEX_POINT('',#5351);
#5351 = CARTESIAN_POINT('',(-30.4,2.5,-2.2));
#5352 = LINE('',#5353,#5354);
#5353 = CARTESIAN_POINT('',(-30.4,26.3,-2.2));
#5354 = VECTOR('',#5355,1.);
#5355 = DIRECTION('',(0.,-1.,0.));
#5356 = ORIENTED_EDGE('',*,*,#5357,.T.);
#5357 = EDGE_CURVE('',#5350,#5358,#5360,.T.);
#5358 = VERTEX_POINT('',#5359);
#5359 = CARTESIAN_POINT('',(-30.4,2.5,-1.));
#5360 = LINE('',#5361,#5362);
#5361 = CARTESIAN_POINT('',(-30.4,2.5,-2.2));
#5362 = VECTOR('',#5363,1.);
#5363 = DIRECTION('',(0.,0.,1.));
#5364 = ORIENTED_EDGE('',*,*,#5365,.T.);
#5365 = EDGE_CURVE('',#5358,#5114,#5366,.T.);
#5366 = LINE('',#5367,#5368);
#5367 = CARTESIAN_POINT('',(-30.4,2.5,-1.));
#5368 = VECTOR('',#5369,1.);
#5369 = DIRECTION('',(0.,-1.,0.));
#5370 = ORIENTED_EDGE('',*,*,#5113,.F.);
#5371 = PLANE('',#5372);
#5372 = AXIS2_PLACEMENT_3D('',#5373,#5374,#5375);
#5373 = CARTESIAN_POINT('',(-30.4,26.3,0.));
#5374 = DIRECTION('',(-1.,0.,0.));
#5375 = DIRECTION('',(0.,-1.,0.));
#5376 = ADVANCED_FACE('',(#5377),#5388,.F.);
#5377 = FACE_BOUND('',#5378,.F.);
#5378 = EDGE_LOOP('',(#5379,#5380,#5386,#5387));
#5379 = ORIENTED_EDGE('',*,*,#5332,.T.);
#5380 = ORIENTED_EDGE('',*,*,#5381,.T.);
#5381 = EDGE_CURVE('',#5324,#5099,#5382,.T.);
#5382 = LINE('',#5383,#5384);
#5383 = CARTESIAN_POINT('',(-30.75,26.3,-2.2));
#5384 = VECTOR('',#5385,1.);
#5385 = DIRECTION('',(0.,-1.,0.));
#5386 = ORIENTED_EDGE('',*,*,#5106,.F.);
#5387 = ORIENTED_EDGE('',*,*,#1510,.F.);
#5388 = PLANE('',#5389);
#5389 = AXIS2_PLACEMENT_3D('',#5390,#5391,#5392);
#5390 = CARTESIAN_POINT('',(-30.75,26.3,0.));
#5391 = DIRECTION('',(-1.,0.,0.));
#5392 = DIRECTION('',(0.,-1.,0.));
#5393 = ADVANCED_FACE('',(#5394),#5419,.F.);
#5394 = FACE_BOUND('',#5395,.F.);
#5395 = EDGE_LOOP('',(#5396,#5404,#5412,#5418));
#5396 = ORIENTED_EDGE('',*,*,#5397,.T.);
#5397 = EDGE_CURVE('',#1553,#5398,#5400,.T.);
#5398 = VERTEX_POINT('',#5399);
#5399 = CARTESIAN_POINT('',(2.6,45.,-1.1));
#5400 = LINE('',#5401,#5402);
#5401 = CARTESIAN_POINT('',(2.6,45.,0.));
#5402 = VECTOR('',#5403,1.);
#5403 = DIRECTION('',(-0.,-0.,-1.));
#5404 = ORIENTED_EDGE('',*,*,#5405,.T.);
#5405 = EDGE_CURVE('',#5398,#5406,#5408,.T.);
#5406 = VERTEX_POINT('',#5407);
#5407 = CARTESIAN_POINT('',(2.6,40.,-1.1));
#5408 = LINE('',#5409,#5410);
#5409 = CARTESIAN_POINT('',(2.6,45.,-1.1));
#5410 = VECTOR('',#5411,1.);
#5411 = DIRECTION('',(0.,-1.,0.));
#5412 = ORIENTED_EDGE('',*,*,#5413,.F.);
#5413 = EDGE_CURVE('',#1555,#5406,#5414,.T.);
#5414 = LINE('',#5415,#5416);
#5415 = CARTESIAN_POINT('',(2.6,40.,0.));
#5416 = VECTOR('',#5417,1.);
#5417 = DIRECTION('',(-0.,-0.,-1.));
#5418 = ORIENTED_EDGE('',*,*,#1552,.F.);
#5419 = PLANE('',#5420);
#5420 = AXIS2_PLACEMENT_3D('',#5421,#5422,#5423);
#5421 = CARTESIAN_POINT('',(2.6,45.,0.));
#5422 = DIRECTION('',(-1.,0.,0.));
#5423 = DIRECTION('',(0.,-1.,0.));
#5424 = ADVANCED_FACE('',(#5425),#5444,.F.);
#5425 = FACE_BOUND('',#5426,.F.);
#5426 = EDGE_LOOP('',(#5427,#5435,#5442,#5443));
#5427 = ORIENTED_EDGE('',*,*,#5428,.T.);
#5428 = EDGE_CURVE('',#1563,#5429,#5431,.T.);
#5429 = VERTEX_POINT('',#5430);
#5430 = CARTESIAN_POINT('',(3.1,45.5,-1.1));
#5431 = LINE('',#5432,#5433);
#5432 = CARTESIAN_POINT('',(3.1,45.5,0.));
#5433 = VECTOR('',#5434,1.);
#5434 = DIRECTION('',(-0.,-0.,-1.));
#5435 = ORIENTED_EDGE('',*,*,#5436,.T.);
#5436 = EDGE_CURVE('',#5429,#5398,#5437,.T.);
#5437 = CIRCLE('',#5438,0.5);
#5438 = AXIS2_PLACEMENT_3D('',#5439,#5440,#5441);
#5439 = CARTESIAN_POINT('',(3.1,45.,-1.1));
#5440 = DIRECTION('',(0.,0.,1.));
#5441 = DIRECTION('',(1.,0.,0.));
#5442 = ORIENTED_EDGE('',*,*,#5397,.F.);
#5443 = ORIENTED_EDGE('',*,*,#1562,.F.);
#5444 = CYLINDRICAL_SURFACE('',#5445,0.5);
#5445 = AXIS2_PLACEMENT_3D('',#5446,#5447,#5448);
#5446 = CARTESIAN_POINT('',(3.1,45.,0.));
#5447 = DIRECTION('',(0.,0.,1.));
#5448 = DIRECTION('',(1.,0.,0.));
#5449 = ADVANCED_FACE('',(#5450),#5469,.F.);
#5450 = FACE_BOUND('',#5451,.F.);
#5451 = EDGE_LOOP('',(#5452,#5453,#5462,#5468));
#5452 = ORIENTED_EDGE('',*,*,#5413,.T.);
#5453 = ORIENTED_EDGE('',*,*,#5454,.T.);
#5454 = EDGE_CURVE('',#5406,#5455,#5457,.T.);
#5455 = VERTEX_POINT('',#5456);
#5456 = CARTESIAN_POINT('',(3.1,39.5,-1.1));
#5457 = CIRCLE('',#5458,0.5);
#5458 = AXIS2_PLACEMENT_3D('',#5459,#5460,#5461);
#5459 = CARTESIAN_POINT('',(3.1,40.,-1.1));
#5460 = DIRECTION('',(0.,0.,1.));
#5461 = DIRECTION('',(1.,0.,0.));
#5462 = ORIENTED_EDGE('',*,*,#5463,.F.);
#5463 = EDGE_CURVE('',#1606,#5455,#5464,.T.);
#5464 = LINE('',#5465,#5466);
#5465 = CARTESIAN_POINT('',(3.1,39.5,0.));
#5466 = VECTOR('',#5467,1.);
#5467 = DIRECTION('',(-0.,-0.,-1.));
#5468 = ORIENTED_EDGE('',*,*,#1613,.F.);
#5469 = CYLINDRICAL_SURFACE('',#5470,0.5);
#5470 = AXIS2_PLACEMENT_3D('',#5471,#5472,#5473);
#5471 = CARTESIAN_POINT('',(3.1,40.,0.));
#5472 = DIRECTION('',(0.,0.,1.));
#5473 = DIRECTION('',(1.,0.,0.));
#5474 = ADVANCED_FACE('',(#5475),#5493,.F.);
#5475 = FACE_BOUND('',#5476,.F.);
#5476 = EDGE_LOOP('',(#5477,#5485,#5491,#5492));
#5477 = ORIENTED_EDGE('',*,*,#5478,.T.);
#5478 = EDGE_CURVE('',#1572,#5479,#5481,.T.);
#5479 = VERTEX_POINT('',#5480);
#5480 = CARTESIAN_POINT('',(3.5,45.5,-1.1));
#5481 = LINE('',#5482,#5483);
#5482 = CARTESIAN_POINT('',(3.5,45.5,0.));
#5483 = VECTOR('',#5484,1.);
#5484 = DIRECTION('',(-0.,-0.,-1.));
#5485 = ORIENTED_EDGE('',*,*,#5486,.T.);
#5486 = EDGE_CURVE('',#5479,#5429,#5487,.T.);
#5487 = LINE('',#5488,#5489);
#5488 = CARTESIAN_POINT('',(3.5,45.5,-1.1));
#5489 = VECTOR('',#5490,1.);
#5490 = DIRECTION('',(-1.,0.,0.));
#5491 = ORIENTED_EDGE('',*,*,#5428,.F.);
#5492 = ORIENTED_EDGE('',*,*,#1571,.F.);
#5493 = PLANE('',#5494);
#5494 = AXIS2_PLACEMENT_3D('',#5495,#5496,#5497);
#5495 = CARTESIAN_POINT('',(3.5,45.5,0.));
#5496 = DIRECTION('',(0.,1.,0.));
#5497 = DIRECTION('',(-1.,0.,0.));
#5498 = ADVANCED_FACE('',(#5499),#5517,.F.);
#5499 = FACE_BOUND('',#5500,.F.);
#5500 = EDGE_LOOP('',(#5501,#5502,#5510,#5516));
#5501 = ORIENTED_EDGE('',*,*,#5463,.T.);
#5502 = ORIENTED_EDGE('',*,*,#5503,.T.);
#5503 = EDGE_CURVE('',#5455,#5504,#5506,.T.);
#5504 = VERTEX_POINT('',#5505);
#5505 = CARTESIAN_POINT('',(3.5,39.5,-1.1));
#5506 = LINE('',#5507,#5508);
#5507 = CARTESIAN_POINT('',(3.1,39.5,-1.1));
#5508 = VECTOR('',#5509,1.);
#5509 = DIRECTION('',(1.,0.,0.));
#5510 = ORIENTED_EDGE('',*,*,#5511,.F.);
#5511 = EDGE_CURVE('',#1597,#5504,#5512,.T.);
#5512 = LINE('',#5513,#5514);
#5513 = CARTESIAN_POINT('',(3.5,39.5,0.));
#5514 = VECTOR('',#5515,1.);
#5515 = DIRECTION('',(-0.,-0.,-1.));
#5516 = ORIENTED_EDGE('',*,*,#1605,.F.);
#5517 = PLANE('',#5518);
#5518 = AXIS2_PLACEMENT_3D('',#5519,#5520,#5521);
#5519 = CARTESIAN_POINT('',(3.1,39.5,0.));
#5520 = DIRECTION('',(0.,-1.,0.));
#5521 = DIRECTION('',(1.,0.,0.));
#5522 = ADVANCED_FACE('',(#5523),#5542,.F.);
#5523 = FACE_BOUND('',#5524,.F.);
#5524 = EDGE_LOOP('',(#5525,#5533,#5540,#5541));
#5525 = ORIENTED_EDGE('',*,*,#5526,.T.);
#5526 = EDGE_CURVE('',#1580,#5527,#5529,.T.);
#5527 = VERTEX_POINT('',#5528);
#5528 = CARTESIAN_POINT('',(4.,45.,-1.1));
#5529 = LINE('',#5530,#5531);
#5530 = CARTESIAN_POINT('',(4.,45.,0.));
#5531 = VECTOR('',#5532,1.);
#5532 = DIRECTION('',(-0.,-0.,-1.));
#5533 = ORIENTED_EDGE('',*,*,#5534,.T.);
#5534 = EDGE_CURVE('',#5527,#5479,#5535,.T.);
#5535 = CIRCLE('',#5536,0.5);
#5536 = AXIS2_PLACEMENT_3D('',#5537,#5538,#5539);
#5537 = CARTESIAN_POINT('',(3.5,45.,-1.1));
#5538 = DIRECTION('',(0.,0.,1.));
#5539 = DIRECTION('',(1.,0.,0.));
#5540 = ORIENTED_EDGE('',*,*,#5478,.F.);
#5541 = ORIENTED_EDGE('',*,*,#1579,.F.);
#5542 = CYLINDRICAL_SURFACE('',#5543,0.5);
#5543 = AXIS2_PLACEMENT_3D('',#5544,#5545,#5546);
#5544 = CARTESIAN_POINT('',(3.5,45.,0.));
#5545 = DIRECTION('',(0.,0.,1.));
#5546 = DIRECTION('',(1.,0.,0.));
#5547 = ADVANCED_FACE('',(#5548),#5567,.F.);
#5548 = FACE_BOUND('',#5549,.F.);
#5549 = EDGE_LOOP('',(#5550,#5551,#5560,#5566));
#5550 = ORIENTED_EDGE('',*,*,#5511,.T.);
#5551 = ORIENTED_EDGE('',*,*,#5552,.T.);
#5552 = EDGE_CURVE('',#5504,#5553,#5555,.T.);
#5553 = VERTEX_POINT('',#5554);
#5554 = CARTESIAN_POINT('',(4.,40.,-1.1));
#5555 = CIRCLE('',#5556,0.5);
#5556 = AXIS2_PLACEMENT_3D('',#5557,#5558,#5559);
#5557 = CARTESIAN_POINT('',(3.5,40.,-1.1));
#5558 = DIRECTION('',(0.,0.,1.));
#5559 = DIRECTION('',(1.,0.,0.));
#5560 = ORIENTED_EDGE('',*,*,#5561,.F.);
#5561 = EDGE_CURVE('',#1589,#5553,#5562,.T.);
#5562 = LINE('',#5563,#5564);
#5563 = CARTESIAN_POINT('',(4.,40.,0.));
#5564 = VECTOR('',#5565,1.);
#5565 = DIRECTION('',(-0.,-0.,-1.));
#5566 = ORIENTED_EDGE('',*,*,#1596,.F.);
#5567 = CYLINDRICAL_SURFACE('',#5568,0.5);
#5568 = AXIS2_PLACEMENT_3D('',#5569,#5570,#5571);
#5569 = CARTESIAN_POINT('',(3.5,40.,0.));
#5570 = DIRECTION('',(0.,0.,1.));
#5571 = DIRECTION('',(1.,0.,0.));
#5572 = ADVANCED_FACE('',(#5573),#5584,.F.);
#5573 = FACE_BOUND('',#5574,.F.);
#5574 = EDGE_LOOP('',(#5575,#5576,#5582,#5583));
#5575 = ORIENTED_EDGE('',*,*,#5561,.T.);
#5576 = ORIENTED_EDGE('',*,*,#5577,.T.);
#5577 = EDGE_CURVE('',#5553,#5527,#5578,.T.);
#5578 = LINE('',#5579,#5580);
#5579 = CARTESIAN_POINT('',(4.,40.,-1.1));
#5580 = VECTOR('',#5581,1.);
#5581 = DIRECTION('',(0.,1.,0.));
#5582 = ORIENTED_EDGE('',*,*,#5526,.F.);
#5583 = ORIENTED_EDGE('',*,*,#1588,.F.);
#5584 = PLANE('',#5585);
#5585 = AXIS2_PLACEMENT_3D('',#5586,#5587,#5588);
#5586 = CARTESIAN_POINT('',(4.,40.,0.));
#5587 = DIRECTION('',(1.,0.,0.));
#5588 = DIRECTION('',(0.,1.,0.));
#5589 = ADVANCED_FACE('',(#5590),#5615,.F.);
#5590 = FACE_BOUND('',#5591,.F.);
#5591 = EDGE_LOOP('',(#5592,#5600,#5608,#5614));
#5592 = ORIENTED_EDGE('',*,*,#5593,.T.);
#5593 = EDGE_CURVE('',#1623,#5594,#5596,.T.);
#5594 = VERTEX_POINT('',#5595);
#5595 = CARTESIAN_POINT('',(6.,46.,-1.1));
#5596 = LINE('',#5597,#5598);
#5597 = CARTESIAN_POINT('',(6.,46.,0.));
#5598 = VECTOR('',#5599,1.);
#5599 = DIRECTION('',(-0.,-0.,-1.));
#5600 = ORIENTED_EDGE('',*,*,#5601,.T.);
#5601 = EDGE_CURVE('',#5594,#5602,#5604,.T.);
#5602 = VERTEX_POINT('',#5603);
#5603 = CARTESIAN_POINT('',(6.,39.,-1.1));
#5604 = LINE('',#5605,#5606);
#5605 = CARTESIAN_POINT('',(6.,46.,-1.1));
#5606 = VECTOR('',#5607,1.);
#5607 = DIRECTION('',(0.,-1.,0.));
#5608 = ORIENTED_EDGE('',*,*,#5609,.F.);
#5609 = EDGE_CURVE('',#1625,#5602,#5610,.T.);
#5610 = LINE('',#5611,#5612);
#5611 = CARTESIAN_POINT('',(6.,39.,0.));
#5612 = VECTOR('',#5613,1.);
#5613 = DIRECTION('',(-0.,-0.,-1.));
#5614 = ORIENTED_EDGE('',*,*,#1622,.F.);
#5615 = PLANE('',#5616);
#5616 = AXIS2_PLACEMENT_3D('',#5617,#5618,#5619);
#5617 = CARTESIAN_POINT('',(6.,46.,0.));
#5618 = DIRECTION('',(-1.,0.,0.));
#5619 = DIRECTION('',(0.,-1.,0.));
#5620 = ADVANCED_FACE('',(#5621),#5640,.F.);
#5621 = FACE_BOUND('',#5622,.F.);
#5622 = EDGE_LOOP('',(#5623,#5631,#5638,#5639));
#5623 = ORIENTED_EDGE('',*,*,#5624,.T.);
#5624 = EDGE_CURVE('',#1633,#5625,#5627,.T.);
#5625 = VERTEX_POINT('',#5626);
#5626 = CARTESIAN_POINT('',(6.5,46.5,-1.1));
#5627 = LINE('',#5628,#5629);
#5628 = CARTESIAN_POINT('',(6.5,46.5,0.));
#5629 = VECTOR('',#5630,1.);
#5630 = DIRECTION('',(-0.,-0.,-1.));
#5631 = ORIENTED_EDGE('',*,*,#5632,.T.);
#5632 = EDGE_CURVE('',#5625,#5594,#5633,.T.);
#5633 = CIRCLE('',#5634,0.5);
#5634 = AXIS2_PLACEMENT_3D('',#5635,#5636,#5637);
#5635 = CARTESIAN_POINT('',(6.5,46.,-1.1));
#5636 = DIRECTION('',(0.,0.,1.));
#5637 = DIRECTION('',(1.,0.,0.));
#5638 = ORIENTED_EDGE('',*,*,#5593,.F.);
#5639 = ORIENTED_EDGE('',*,*,#1632,.F.);
#5640 = CYLINDRICAL_SURFACE('',#5641,0.5);
#5641 = AXIS2_PLACEMENT_3D('',#5642,#5643,#5644);
#5642 = CARTESIAN_POINT('',(6.5,46.,0.));
#5643 = DIRECTION('',(0.,0.,1.));
#5644 = DIRECTION('',(1.,0.,0.));
#5645 = ADVANCED_FACE('',(#5646),#5665,.F.);
#5646 = FACE_BOUND('',#5647,.F.);
#5647 = EDGE_LOOP('',(#5648,#5649,#5658,#5664));
#5648 = ORIENTED_EDGE('',*,*,#5609,.T.);
#5649 = ORIENTED_EDGE('',*,*,#5650,.T.);
#5650 = EDGE_CURVE('',#5602,#5651,#5653,.T.);
#5651 = VERTEX_POINT('',#5652);
#5652 = CARTESIAN_POINT('',(6.5,38.5,-1.1));
#5653 = CIRCLE('',#5654,0.5);
#5654 = AXIS2_PLACEMENT_3D('',#5655,#5656,#5657);
#5655 = CARTESIAN_POINT('',(6.5,39.,-1.1));
#5656 = DIRECTION('',(0.,0.,1.));
#5657 = DIRECTION('',(1.,0.,0.));
#5658 = ORIENTED_EDGE('',*,*,#5659,.F.);
#5659 = EDGE_CURVE('',#1676,#5651,#5660,.T.);
#5660 = LINE('',#5661,#5662);
#5661 = CARTESIAN_POINT('',(6.5,38.5,0.));
#5662 = VECTOR('',#5663,1.);
#5663 = DIRECTION('',(-0.,-0.,-1.));
#5664 = ORIENTED_EDGE('',*,*,#1683,.F.);
#5665 = CYLINDRICAL_SURFACE('',#5666,0.5);
#5666 = AXIS2_PLACEMENT_3D('',#5667,#5668,#5669);
#5667 = CARTESIAN_POINT('',(6.5,39.,0.));
#5668 = DIRECTION('',(0.,0.,1.));
#5669 = DIRECTION('',(1.,0.,0.));
#5670 = ADVANCED_FACE('',(#5671),#5689,.F.);
#5671 = FACE_BOUND('',#5672,.F.);
#5672 = EDGE_LOOP('',(#5673,#5681,#5687,#5688));
#5673 = ORIENTED_EDGE('',*,*,#5674,.T.);
#5674 = EDGE_CURVE('',#1642,#5675,#5677,.T.);
#5675 = VERTEX_POINT('',#5676);
#5676 = CARTESIAN_POINT('',(6.9,46.5,-1.1));
#5677 = LINE('',#5678,#5679);
#5678 = CARTESIAN_POINT('',(6.9,46.5,0.));
#5679 = VECTOR('',#5680,1.);
#5680 = DIRECTION('',(-0.,-0.,-1.));
#5681 = ORIENTED_EDGE('',*,*,#5682,.T.);
#5682 = EDGE_CURVE('',#5675,#5625,#5683,.T.);
#5683 = LINE('',#5684,#5685);
#5684 = CARTESIAN_POINT('',(6.9,46.5,-1.1));
#5685 = VECTOR('',#5686,1.);
#5686 = DIRECTION('',(-1.,0.,0.));
#5687 = ORIENTED_EDGE('',*,*,#5624,.F.);
#5688 = ORIENTED_EDGE('',*,*,#1641,.F.);
#5689 = PLANE('',#5690);
#5690 = AXIS2_PLACEMENT_3D('',#5691,#5692,#5693);
#5691 = CARTESIAN_POINT('',(6.9,46.5,0.));
#5692 = DIRECTION('',(0.,1.,0.));
#5693 = DIRECTION('',(-1.,0.,0.));
#5694 = ADVANCED_FACE('',(#5695),#5713,.F.);
#5695 = FACE_BOUND('',#5696,.F.);
#5696 = EDGE_LOOP('',(#5697,#5698,#5706,#5712));
#5697 = ORIENTED_EDGE('',*,*,#5659,.T.);
#5698 = ORIENTED_EDGE('',*,*,#5699,.T.);
#5699 = EDGE_CURVE('',#5651,#5700,#5702,.T.);
#5700 = VERTEX_POINT('',#5701);
#5701 = CARTESIAN_POINT('',(6.9,38.5,-1.1));
#5702 = LINE('',#5703,#5704);
#5703 = CARTESIAN_POINT('',(6.5,38.5,-1.1));
#5704 = VECTOR('',#5705,1.);
#5705 = DIRECTION('',(1.,0.,0.));
#5706 = ORIENTED_EDGE('',*,*,#5707,.F.);
#5707 = EDGE_CURVE('',#1667,#5700,#5708,.T.);
#5708 = LINE('',#5709,#5710);
#5709 = CARTESIAN_POINT('',(6.9,38.5,0.));
#5710 = VECTOR('',#5711,1.);
#5711 = DIRECTION('',(-0.,-0.,-1.));
#5712 = ORIENTED_EDGE('',*,*,#1675,.F.);
#5713 = PLANE('',#5714);
#5714 = AXIS2_PLACEMENT_3D('',#5715,#5716,#5717);
#5715 = CARTESIAN_POINT('',(6.5,38.5,0.));
#5716 = DIRECTION('',(0.,-1.,0.));
#5717 = DIRECTION('',(1.,0.,0.));
#5718 = ADVANCED_FACE('',(#5719),#5738,.F.);
#5719 = FACE_BOUND('',#5720,.F.);
#5720 = EDGE_LOOP('',(#5721,#5729,#5736,#5737));
#5721 = ORIENTED_EDGE('',*,*,#5722,.T.);
#5722 = EDGE_CURVE('',#1650,#5723,#5725,.T.);
#5723 = VERTEX_POINT('',#5724);
#5724 = CARTESIAN_POINT('',(7.4,46.,-1.1));
#5725 = LINE('',#5726,#5727);
#5726 = CARTESIAN_POINT('',(7.4,46.,0.));
#5727 = VECTOR('',#5728,1.);
#5728 = DIRECTION('',(-0.,-0.,-1.));
#5729 = ORIENTED_EDGE('',*,*,#5730,.T.);
#5730 = EDGE_CURVE('',#5723,#5675,#5731,.T.);
#5731 = CIRCLE('',#5732,0.5);
#5732 = AXIS2_PLACEMENT_3D('',#5733,#5734,#5735);
#5733 = CARTESIAN_POINT('',(6.9,46.,-1.1));
#5734 = DIRECTION('',(0.,0.,1.));
#5735 = DIRECTION('',(1.,0.,0.));
#5736 = ORIENTED_EDGE('',*,*,#5674,.F.);
#5737 = ORIENTED_EDGE('',*,*,#1649,.F.);
#5738 = CYLINDRICAL_SURFACE('',#5739,0.5);
#5739 = AXIS2_PLACEMENT_3D('',#5740,#5741,#5742);
#5740 = CARTESIAN_POINT('',(6.9,46.,0.));
#5741 = DIRECTION('',(0.,0.,1.));
#5742 = DIRECTION('',(1.,0.,0.));
#5743 = ADVANCED_FACE('',(#5744),#5763,.F.);
#5744 = FACE_BOUND('',#5745,.F.);
#5745 = EDGE_LOOP('',(#5746,#5747,#5756,#5762));
#5746 = ORIENTED_EDGE('',*,*,#5707,.T.);
#5747 = ORIENTED_EDGE('',*,*,#5748,.T.);
#5748 = EDGE_CURVE('',#5700,#5749,#5751,.T.);
#5749 = VERTEX_POINT('',#5750);
#5750 = CARTESIAN_POINT('',(7.4,39.,-1.1));
#5751 = CIRCLE('',#5752,0.5);
#5752 = AXIS2_PLACEMENT_3D('',#5753,#5754,#5755);
#5753 = CARTESIAN_POINT('',(6.9,39.,-1.1));
#5754 = DIRECTION('',(0.,0.,1.));
#5755 = DIRECTION('',(1.,0.,0.));
#5756 = ORIENTED_EDGE('',*,*,#5757,.F.);
#5757 = EDGE_CURVE('',#1659,#5749,#5758,.T.);
#5758 = LINE('',#5759,#5760);
#5759 = CARTESIAN_POINT('',(7.4,39.,0.));
#5760 = VECTOR('',#5761,1.);
#5761 = DIRECTION('',(-0.,-0.,-1.));
#5762 = ORIENTED_EDGE('',*,*,#1666,.F.);
#5763 = CYLINDRICAL_SURFACE('',#5764,0.5);
#5764 = AXIS2_PLACEMENT_3D('',#5765,#5766,#5767);
#5765 = CARTESIAN_POINT('',(6.9,39.,0.));
#5766 = DIRECTION('',(0.,0.,1.));
#5767 = DIRECTION('',(1.,0.,0.));
#5768 = ADVANCED_FACE('',(#5769),#5780,.F.);
#5769 = FACE_BOUND('',#5770,.F.);
#5770 = EDGE_LOOP('',(#5771,#5772,#5778,#5779));
#5771 = ORIENTED_EDGE('',*,*,#5757,.T.);
#5772 = ORIENTED_EDGE('',*,*,#5773,.T.);
#5773 = EDGE_CURVE('',#5749,#5723,#5774,.T.);
#5774 = LINE('',#5775,#5776);
#5775 = CARTESIAN_POINT('',(7.4,39.,-1.1));
#5776 = VECTOR('',#5777,1.);
#5777 = DIRECTION('',(0.,1.,0.));
#5778 = ORIENTED_EDGE('',*,*,#5722,.F.);
#5779 = ORIENTED_EDGE('',*,*,#1658,.F.);
#5780 = PLANE('',#5781);
#5781 = AXIS2_PLACEMENT_3D('',#5782,#5783,#5784);
#5782 = CARTESIAN_POINT('',(7.4,39.,0.));
#5783 = DIRECTION('',(1.,0.,0.));
#5784 = DIRECTION('',(0.,1.,0.));
#5785 = ADVANCED_FACE('',(#5786),#5811,.F.);
#5786 = FACE_BOUND('',#5787,.F.);
#5787 = EDGE_LOOP('',(#5788,#5796,#5804,#5810));
#5788 = ORIENTED_EDGE('',*,*,#5789,.T.);
#5789 = EDGE_CURVE('',#1693,#5790,#5792,.T.);
#5790 = VERTEX_POINT('',#5791);
#5791 = CARTESIAN_POINT('',(9.4,45.,-1.1));
#5792 = LINE('',#5793,#5794);
#5793 = CARTESIAN_POINT('',(9.4,45.,0.));
#5794 = VECTOR('',#5795,1.);
#5795 = DIRECTION('',(-0.,-0.,-1.));
#5796 = ORIENTED_EDGE('',*,*,#5797,.T.);
#5797 = EDGE_CURVE('',#5790,#5798,#5800,.T.);
#5798 = VERTEX_POINT('',#5799);
#5799 = CARTESIAN_POINT('',(9.4,40.,-1.1));
#5800 = LINE('',#5801,#5802);
#5801 = CARTESIAN_POINT('',(9.4,45.,-1.1));
#5802 = VECTOR('',#5803,1.);
#5803 = DIRECTION('',(0.,-1.,0.));
#5804 = ORIENTED_EDGE('',*,*,#5805,.F.);
#5805 = EDGE_CURVE('',#1695,#5798,#5806,.T.);
#5806 = LINE('',#5807,#5808);
#5807 = CARTESIAN_POINT('',(9.4,40.,0.));
#5808 = VECTOR('',#5809,1.);
#5809 = DIRECTION('',(-0.,-0.,-1.));
#5810 = ORIENTED_EDGE('',*,*,#1692,.F.);
#5811 = PLANE('',#5812);
#5812 = AXIS2_PLACEMENT_3D('',#5813,#5814,#5815);
#5813 = CARTESIAN_POINT('',(9.4,45.,0.));
#5814 = DIRECTION('',(-1.,0.,0.));
#5815 = DIRECTION('',(0.,-1.,0.));
#5816 = ADVANCED_FACE('',(#5817),#5836,.F.);
#5817 = FACE_BOUND('',#5818,.F.);
#5818 = EDGE_LOOP('',(#5819,#5827,#5834,#5835));
#5819 = ORIENTED_EDGE('',*,*,#5820,.T.);
#5820 = EDGE_CURVE('',#1703,#5821,#5823,.T.);
#5821 = VERTEX_POINT('',#5822);
#5822 = CARTESIAN_POINT('',(9.9,45.5,-1.1));
#5823 = LINE('',#5824,#5825);
#5824 = CARTESIAN_POINT('',(9.9,45.5,0.));
#5825 = VECTOR('',#5826,1.);
#5826 = DIRECTION('',(-0.,-0.,-1.));
#5827 = ORIENTED_EDGE('',*,*,#5828,.T.);
#5828 = EDGE_CURVE('',#5821,#5790,#5829,.T.);
#5829 = CIRCLE('',#5830,0.5);
#5830 = AXIS2_PLACEMENT_3D('',#5831,#5832,#5833);
#5831 = CARTESIAN_POINT('',(9.9,45.,-1.1));
#5832 = DIRECTION('',(0.,0.,1.));
#5833 = DIRECTION('',(1.,0.,0.));
#5834 = ORIENTED_EDGE('',*,*,#5789,.F.);
#5835 = ORIENTED_EDGE('',*,*,#1702,.F.);
#5836 = CYLINDRICAL_SURFACE('',#5837,0.5);
#5837 = AXIS2_PLACEMENT_3D('',#5838,#5839,#5840);
#5838 = CARTESIAN_POINT('',(9.9,45.,0.));
#5839 = DIRECTION('',(0.,0.,1.));
#5840 = DIRECTION('',(1.,0.,0.));
#5841 = ADVANCED_FACE('',(#5842),#5861,.F.);
#5842 = FACE_BOUND('',#5843,.F.);
#5843 = EDGE_LOOP('',(#5844,#5845,#5854,#5860));
#5844 = ORIENTED_EDGE('',*,*,#5805,.T.);
#5845 = ORIENTED_EDGE('',*,*,#5846,.T.);
#5846 = EDGE_CURVE('',#5798,#5847,#5849,.T.);
#5847 = VERTEX_POINT('',#5848);
#5848 = CARTESIAN_POINT('',(9.9,39.5,-1.1));
#5849 = CIRCLE('',#5850,0.5);
#5850 = AXIS2_PLACEMENT_3D('',#5851,#5852,#5853);
#5851 = CARTESIAN_POINT('',(9.9,40.,-1.1));
#5852 = DIRECTION('',(0.,0.,1.));
#5853 = DIRECTION('',(1.,0.,0.));
#5854 = ORIENTED_EDGE('',*,*,#5855,.F.);
#5855 = EDGE_CURVE('',#1746,#5847,#5856,.T.);
#5856 = LINE('',#5857,#5858);
#5857 = CARTESIAN_POINT('',(9.9,39.5,0.));
#5858 = VECTOR('',#5859,1.);
#5859 = DIRECTION('',(-0.,-0.,-1.));
#5860 = ORIENTED_EDGE('',*,*,#1753,.F.);
#5861 = CYLINDRICAL_SURFACE('',#5862,0.5);
#5862 = AXIS2_PLACEMENT_3D('',#5863,#5864,#5865);
#5863 = CARTESIAN_POINT('',(9.9,40.,0.));
#5864 = DIRECTION('',(0.,0.,1.));
#5865 = DIRECTION('',(1.,0.,0.));
#5866 = ADVANCED_FACE('',(#5867),#5885,.F.);
#5867 = FACE_BOUND('',#5868,.F.);
#5868 = EDGE_LOOP('',(#5869,#5877,#5883,#5884));
#5869 = ORIENTED_EDGE('',*,*,#5870,.T.);
#5870 = EDGE_CURVE('',#1712,#5871,#5873,.T.);
#5871 = VERTEX_POINT('',#5872);
#5872 = CARTESIAN_POINT('',(10.3,45.5,-1.1));
#5873 = LINE('',#5874,#5875);
#5874 = CARTESIAN_POINT('',(10.3,45.5,0.));
#5875 = VECTOR('',#5876,1.);
#5876 = DIRECTION('',(-0.,-0.,-1.));
#5877 = ORIENTED_EDGE('',*,*,#5878,.T.);
#5878 = EDGE_CURVE('',#5871,#5821,#5879,.T.);
#5879 = LINE('',#5880,#5881);
#5880 = CARTESIAN_POINT('',(10.3,45.5,-1.1));
#5881 = VECTOR('',#5882,1.);
#5882 = DIRECTION('',(-1.,0.,0.));
#5883 = ORIENTED_EDGE('',*,*,#5820,.F.);
#5884 = ORIENTED_EDGE('',*,*,#1711,.F.);
#5885 = PLANE('',#5886);
#5886 = AXIS2_PLACEMENT_3D('',#5887,#5888,#5889);
#5887 = CARTESIAN_POINT('',(10.3,45.5,0.));
#5888 = DIRECTION('',(0.,1.,0.));
#5889 = DIRECTION('',(-1.,0.,0.));
#5890 = ADVANCED_FACE('',(#5891),#5909,.F.);
#5891 = FACE_BOUND('',#5892,.F.);
#5892 = EDGE_LOOP('',(#5893,#5894,#5902,#5908));
#5893 = ORIENTED_EDGE('',*,*,#5855,.T.);
#5894 = ORIENTED_EDGE('',*,*,#5895,.T.);
#5895 = EDGE_CURVE('',#5847,#5896,#5898,.T.);
#5896 = VERTEX_POINT('',#5897);
#5897 = CARTESIAN_POINT('',(10.3,39.5,-1.1));
#5898 = LINE('',#5899,#5900);
#5899 = CARTESIAN_POINT('',(9.9,39.5,-1.1));
#5900 = VECTOR('',#5901,1.);
#5901 = DIRECTION('',(1.,0.,0.));
#5902 = ORIENTED_EDGE('',*,*,#5903,.F.);
#5903 = EDGE_CURVE('',#1737,#5896,#5904,.T.);
#5904 = LINE('',#5905,#5906);
#5905 = CARTESIAN_POINT('',(10.3,39.5,0.));
#5906 = VECTOR('',#5907,1.);
#5907 = DIRECTION('',(-0.,-0.,-1.));
#5908 = ORIENTED_EDGE('',*,*,#1745,.F.);
#5909 = PLANE('',#5910);
#5910 = AXIS2_PLACEMENT_3D('',#5911,#5912,#5913);
#5911 = CARTESIAN_POINT('',(9.9,39.5,0.));
#5912 = DIRECTION('',(0.,-1.,0.));
#5913 = DIRECTION('',(1.,0.,0.));
#5914 = ADVANCED_FACE('',(#5915),#5934,.F.);
#5915 = FACE_BOUND('',#5916,.F.);
#5916 = EDGE_LOOP('',(#5917,#5925,#5932,#5933));
#5917 = ORIENTED_EDGE('',*,*,#5918,.T.);
#5918 = EDGE_CURVE('',#1720,#5919,#5921,.T.);
#5919 = VERTEX_POINT('',#5920);
#5920 = CARTESIAN_POINT('',(10.8,45.,-1.1));
#5921 = LINE('',#5922,#5923);
#5922 = CARTESIAN_POINT('',(10.8,45.,0.));
#5923 = VECTOR('',#5924,1.);
#5924 = DIRECTION('',(-0.,-0.,-1.));
#5925 = ORIENTED_EDGE('',*,*,#5926,.T.);
#5926 = EDGE_CURVE('',#5919,#5871,#5927,.T.);
#5927 = CIRCLE('',#5928,0.5);
#5928 = AXIS2_PLACEMENT_3D('',#5929,#5930,#5931);
#5929 = CARTESIAN_POINT('',(10.3,45.,-1.1));
#5930 = DIRECTION('',(0.,0.,1.));
#5931 = DIRECTION('',(1.,0.,0.));
#5932 = ORIENTED_EDGE('',*,*,#5870,.F.);
#5933 = ORIENTED_EDGE('',*,*,#1719,.F.);
#5934 = CYLINDRICAL_SURFACE('',#5935,0.5);
#5935 = AXIS2_PLACEMENT_3D('',#5936,#5937,#5938);
#5936 = CARTESIAN_POINT('',(10.3,45.,0.));
#5937 = DIRECTION('',(0.,0.,1.));
#5938 = DIRECTION('',(1.,0.,0.));
#5939 = ADVANCED_FACE('',(#5940),#5959,.F.);
#5940 = FACE_BOUND('',#5941,.F.);
#5941 = EDGE_LOOP('',(#5942,#5943,#5952,#5958));
#5942 = ORIENTED_EDGE('',*,*,#5903,.T.);
#5943 = ORIENTED_EDGE('',*,*,#5944,.T.);
#5944 = EDGE_CURVE('',#5896,#5945,#5947,.T.);
#5945 = VERTEX_POINT('',#5946);
#5946 = CARTESIAN_POINT('',(10.8,40.,-1.1));
#5947 = CIRCLE('',#5948,0.5);
#5948 = AXIS2_PLACEMENT_3D('',#5949,#5950,#5951);
#5949 = CARTESIAN_POINT('',(10.3,40.,-1.1));
#5950 = DIRECTION('',(0.,0.,1.));
#5951 = DIRECTION('',(1.,0.,0.));
#5952 = ORIENTED_EDGE('',*,*,#5953,.F.);
#5953 = EDGE_CURVE('',#1729,#5945,#5954,.T.);
#5954 = LINE('',#5955,#5956);
#5955 = CARTESIAN_POINT('',(10.8,40.,0.));
#5956 = VECTOR('',#5957,1.);
#5957 = DIRECTION('',(-0.,-0.,-1.));
#5958 = ORIENTED_EDGE('',*,*,#1736,.F.);
#5959 = CYLINDRICAL_SURFACE('',#5960,0.5);
#5960 = AXIS2_PLACEMENT_3D('',#5961,#5962,#5963);
#5961 = CARTESIAN_POINT('',(10.3,40.,0.));
#5962 = DIRECTION('',(0.,0.,1.));
#5963 = DIRECTION('',(1.,0.,0.));
#5964 = ADVANCED_FACE('',(#5965),#5976,.F.);
#5965 = FACE_BOUND('',#5966,.F.);
#5966 = EDGE_LOOP('',(#5967,#5968,#5974,#5975));
#5967 = ORIENTED_EDGE('',*,*,#5953,.T.);
#5968 = ORIENTED_EDGE('',*,*,#5969,.T.);
#5969 = EDGE_CURVE('',#5945,#5919,#5970,.T.);
#5970 = LINE('',#5971,#5972);
#5971 = CARTESIAN_POINT('',(10.8,40.,-1.1));
#5972 = VECTOR('',#5973,1.);
#5973 = DIRECTION('',(0.,1.,0.));
#5974 = ORIENTED_EDGE('',*,*,#5918,.F.);
#5975 = ORIENTED_EDGE('',*,*,#1728,.F.);
#5976 = PLANE('',#5977);
#5977 = AXIS2_PLACEMENT_3D('',#5978,#5979,#5980);
#5978 = CARTESIAN_POINT('',(10.8,40.,0.));
#5979 = DIRECTION('',(1.,0.,0.));
#5980 = DIRECTION('',(0.,1.,0.));
#5981 = ADVANCED_FACE('',(#5982),#6007,.F.);
#5982 = FACE_BOUND('',#5983,.F.);
#5983 = EDGE_LOOP('',(#5984,#5992,#6000,#6006));
#5984 = ORIENTED_EDGE('',*,*,#5985,.T.);
#5985 = EDGE_CURVE('',#1763,#5986,#5988,.T.);
#5986 = VERTEX_POINT('',#5987);
#5987 = CARTESIAN_POINT('',(12.8,43.1,-1.1));
#5988 = LINE('',#5989,#5990);
#5989 = CARTESIAN_POINT('',(12.8,43.1,0.));
#5990 = VECTOR('',#5991,1.);
#5991 = DIRECTION('',(-0.,-0.,-1.));
#5992 = ORIENTED_EDGE('',*,*,#5993,.T.);
#5993 = EDGE_CURVE('',#5986,#5994,#5996,.T.);
#5994 = VERTEX_POINT('',#5995);
#5995 = CARTESIAN_POINT('',(12.8,39.9,-1.1));
#5996 = LINE('',#5997,#5998);
#5997 = CARTESIAN_POINT('',(12.8,43.1,-1.1));
#5998 = VECTOR('',#5999,1.);
#5999 = DIRECTION('',(0.,-1.,0.));
#6000 = ORIENTED_EDGE('',*,*,#6001,.F.);
#6001 = EDGE_CURVE('',#1765,#5994,#6002,.T.);
#6002 = LINE('',#6003,#6004);
#6003 = CARTESIAN_POINT('',(12.8,39.9,0.));
#6004 = VECTOR('',#6005,1.);
#6005 = DIRECTION('',(-0.,-0.,-1.));
#6006 = ORIENTED_EDGE('',*,*,#1762,.F.);
#6007 = PLANE('',#6008);
#6008 = AXIS2_PLACEMENT_3D('',#6009,#6010,#6011);
#6009 = CARTESIAN_POINT('',(12.8,43.1,0.));
#6010 = DIRECTION('',(-1.,0.,0.));
#6011 = DIRECTION('',(0.,-1.,0.));
#6012 = ADVANCED_FACE('',(#6013),#6032,.F.);
#6013 = FACE_BOUND('',#6014,.F.);
#6014 = EDGE_LOOP('',(#6015,#6023,#6030,#6031));
#6015 = ORIENTED_EDGE('',*,*,#6016,.T.);
#6016 = EDGE_CURVE('',#1773,#6017,#6019,.T.);
#6017 = VERTEX_POINT('',#6018);
#6018 = CARTESIAN_POINT('',(13.2,43.5,-1.1));
#6019 = LINE('',#6020,#6021);
#6020 = CARTESIAN_POINT('',(13.2,43.5,0.));
#6021 = VECTOR('',#6022,1.);
#6022 = DIRECTION('',(-0.,-0.,-1.));
#6023 = ORIENTED_EDGE('',*,*,#6024,.T.);
#6024 = EDGE_CURVE('',#6017,#5986,#6025,.T.);
#6025 = CIRCLE('',#6026,0.4);
#6026 = AXIS2_PLACEMENT_3D('',#6027,#6028,#6029);
#6027 = CARTESIAN_POINT('',(13.2,43.1,-1.1));
#6028 = DIRECTION('',(0.,0.,1.));
#6029 = DIRECTION('',(1.,0.,0.));
#6030 = ORIENTED_EDGE('',*,*,#5985,.F.);
#6031 = ORIENTED_EDGE('',*,*,#1772,.F.);
#6032 = CYLINDRICAL_SURFACE('',#6033,0.4);
#6033 = AXIS2_PLACEMENT_3D('',#6034,#6035,#6036);
#6034 = CARTESIAN_POINT('',(13.2,43.1,0.));
#6035 = DIRECTION('',(0.,0.,1.));
#6036 = DIRECTION('',(1.,0.,0.));
#6037 = ADVANCED_FACE('',(#6038),#6057,.F.);
#6038 = FACE_BOUND('',#6039,.F.);
#6039 = EDGE_LOOP('',(#6040,#6041,#6050,#6056));
#6040 = ORIENTED_EDGE('',*,*,#6001,.T.);
#6041 = ORIENTED_EDGE('',*,*,#6042,.T.);
#6042 = EDGE_CURVE('',#5994,#6043,#6045,.T.);
#6043 = VERTEX_POINT('',#6044);
#6044 = CARTESIAN_POINT('',(13.2,39.5,-1.1));
#6045 = CIRCLE('',#6046,0.4);
#6046 = AXIS2_PLACEMENT_3D('',#6047,#6048,#6049);
#6047 = CARTESIAN_POINT('',(13.2,39.9,-1.1));
#6048 = DIRECTION('',(0.,0.,1.));
#6049 = DIRECTION('',(1.,0.,0.));
#6050 = ORIENTED_EDGE('',*,*,#6051,.F.);
#6051 = EDGE_CURVE('',#1816,#6043,#6052,.T.);
#6052 = LINE('',#6053,#6054);
#6053 = CARTESIAN_POINT('',(13.2,39.5,0.));
#6054 = VECTOR('',#6055,1.);
#6055 = DIRECTION('',(-0.,-0.,-1.));
#6056 = ORIENTED_EDGE('',*,*,#1823,.F.);
#6057 = CYLINDRICAL_SURFACE('',#6058,0.4);
#6058 = AXIS2_PLACEMENT_3D('',#6059,#6060,#6061);
#6059 = CARTESIAN_POINT('',(13.2,39.9,0.));
#6060 = DIRECTION('',(0.,0.,1.));
#6061 = DIRECTION('',(1.,0.,0.));
#6062 = ADVANCED_FACE('',(#6063),#6081,.F.);
#6063 = FACE_BOUND('',#6064,.F.);
#6064 = EDGE_LOOP('',(#6065,#6073,#6079,#6080));
#6065 = ORIENTED_EDGE('',*,*,#6066,.T.);
#6066 = EDGE_CURVE('',#1782,#6067,#6069,.T.);
#6067 = VERTEX_POINT('',#6068);
#6068 = CARTESIAN_POINT('',(13.6,43.5,-1.1));
#6069 = LINE('',#6070,#6071);
#6070 = CARTESIAN_POINT('',(13.6,43.5,0.));
#6071 = VECTOR('',#6072,1.);
#6072 = DIRECTION('',(-0.,-0.,-1.));
#6073 = ORIENTED_EDGE('',*,*,#6074,.T.);
#6074 = EDGE_CURVE('',#6067,#6017,#6075,.T.);
#6075 = LINE('',#6076,#6077);
#6076 = CARTESIAN_POINT('',(13.6,43.5,-1.1));
#6077 = VECTOR('',#6078,1.);
#6078 = DIRECTION('',(-1.,0.,0.));
#6079 = ORIENTED_EDGE('',*,*,#6016,.F.);
#6080 = ORIENTED_EDGE('',*,*,#1781,.F.);
#6081 = PLANE('',#6082);
#6082 = AXIS2_PLACEMENT_3D('',#6083,#6084,#6085);
#6083 = CARTESIAN_POINT('',(13.6,43.5,0.));
#6084 = DIRECTION('',(0.,1.,0.));
#6085 = DIRECTION('',(-1.,0.,0.));
#6086 = ADVANCED_FACE('',(#6087),#6105,.F.);
#6087 = FACE_BOUND('',#6088,.F.);
#6088 = EDGE_LOOP('',(#6089,#6090,#6098,#6104));
#6089 = ORIENTED_EDGE('',*,*,#6051,.T.);
#6090 = ORIENTED_EDGE('',*,*,#6091,.T.);
#6091 = EDGE_CURVE('',#6043,#6092,#6094,.T.);
#6092 = VERTEX_POINT('',#6093);
#6093 = CARTESIAN_POINT('',(13.6,39.5,-1.1));
#6094 = LINE('',#6095,#6096);
#6095 = CARTESIAN_POINT('',(13.2,39.5,-1.1));
#6096 = VECTOR('',#6097,1.);
#6097 = DIRECTION('',(1.,0.,0.));
#6098 = ORIENTED_EDGE('',*,*,#6099,.F.);
#6099 = EDGE_CURVE('',#1807,#6092,#6100,.T.);
#6100 = LINE('',#6101,#6102);
#6101 = CARTESIAN_POINT('',(13.6,39.5,0.));
#6102 = VECTOR('',#6103,1.);
#6103 = DIRECTION('',(-0.,-0.,-1.));
#6104 = ORIENTED_EDGE('',*,*,#1815,.F.);
#6105 = PLANE('',#6106);
#6106 = AXIS2_PLACEMENT_3D('',#6107,#6108,#6109);
#6107 = CARTESIAN_POINT('',(13.2,39.5,0.));
#6108 = DIRECTION('',(0.,-1.,0.));
#6109 = DIRECTION('',(1.,0.,0.));
#6110 = ADVANCED_FACE('',(#6111),#6130,.F.);
#6111 = FACE_BOUND('',#6112,.F.);
#6112 = EDGE_LOOP('',(#6113,#6121,#6128,#6129));
#6113 = ORIENTED_EDGE('',*,*,#6114,.T.);
#6114 = EDGE_CURVE('',#1790,#6115,#6117,.T.);
#6115 = VERTEX_POINT('',#6116);
#6116 = CARTESIAN_POINT('',(14.,43.1,-1.1));
#6117 = LINE('',#6118,#6119);
#6118 = CARTESIAN_POINT('',(14.,43.1,0.));
#6119 = VECTOR('',#6120,1.);
#6120 = DIRECTION('',(-0.,-0.,-1.));
#6121 = ORIENTED_EDGE('',*,*,#6122,.T.);
#6122 = EDGE_CURVE('',#6115,#6067,#6123,.T.);
#6123 = CIRCLE('',#6124,0.4);
#6124 = AXIS2_PLACEMENT_3D('',#6125,#6126,#6127);
#6125 = CARTESIAN_POINT('',(13.6,43.1,-1.1));
#6126 = DIRECTION('',(0.,0.,1.));
#6127 = DIRECTION('',(1.,0.,0.));
#6128 = ORIENTED_EDGE('',*,*,#6066,.F.);
#6129 = ORIENTED_EDGE('',*,*,#1789,.F.);
#6130 = CYLINDRICAL_SURFACE('',#6131,0.4);
#6131 = AXIS2_PLACEMENT_3D('',#6132,#6133,#6134);
#6132 = CARTESIAN_POINT('',(13.6,43.1,0.));
#6133 = DIRECTION('',(0.,0.,1.));
#6134 = DIRECTION('',(1.,0.,0.));
#6135 = ADVANCED_FACE('',(#6136),#6155,.F.);
#6136 = FACE_BOUND('',#6137,.F.);
#6137 = EDGE_LOOP('',(#6138,#6139,#6148,#6154));
#6138 = ORIENTED_EDGE('',*,*,#6099,.T.);
#6139 = ORIENTED_EDGE('',*,*,#6140,.T.);
#6140 = EDGE_CURVE('',#6092,#6141,#6143,.T.);
#6141 = VERTEX_POINT('',#6142);
#6142 = CARTESIAN_POINT('',(14.,39.9,-1.1));
#6143 = CIRCLE('',#6144,0.4);
#6144 = AXIS2_PLACEMENT_3D('',#6145,#6146,#6147);
#6145 = CARTESIAN_POINT('',(13.6,39.9,-1.1));
#6146 = DIRECTION('',(0.,0.,1.));
#6147 = DIRECTION('',(1.,0.,0.));
#6148 = ORIENTED_EDGE('',*,*,#6149,.F.);
#6149 = EDGE_CURVE('',#1799,#6141,#6150,.T.);
#6150 = LINE('',#6151,#6152);
#6151 = CARTESIAN_POINT('',(14.,39.9,0.));
#6152 = VECTOR('',#6153,1.);
#6153 = DIRECTION('',(-0.,-0.,-1.));
#6154 = ORIENTED_EDGE('',*,*,#1806,.F.);
#6155 = CYLINDRICAL_SURFACE('',#6156,0.4);
#6156 = AXIS2_PLACEMENT_3D('',#6157,#6158,#6159);
#6157 = CARTESIAN_POINT('',(13.6,39.9,0.));
#6158 = DIRECTION('',(0.,0.,1.));
#6159 = DIRECTION('',(1.,0.,0.));
#6160 = ADVANCED_FACE('',(#6161),#6172,.F.);
#6161 = FACE_BOUND('',#6162,.F.);
#6162 = EDGE_LOOP('',(#6163,#6164,#6170,#6171));
#6163 = ORIENTED_EDGE('',*,*,#6149,.T.);
#6164 = ORIENTED_EDGE('',*,*,#6165,.T.);
#6165 = EDGE_CURVE('',#6141,#6115,#6166,.T.);
#6166 = LINE('',#6167,#6168);
#6167 = CARTESIAN_POINT('',(14.,39.9,-1.1));
#6168 = VECTOR('',#6169,1.);
#6169 = DIRECTION('',(0.,1.,0.));
#6170 = ORIENTED_EDGE('',*,*,#6114,.F.);
#6171 = ORIENTED_EDGE('',*,*,#1798,.F.);
#6172 = PLANE('',#6173);
#6173 = AXIS2_PLACEMENT_3D('',#6174,#6175,#6176);
#6174 = CARTESIAN_POINT('',(14.,39.9,0.));
#6175 = DIRECTION('',(1.,0.,0.));
#6176 = DIRECTION('',(0.,1.,0.));
#6177 = ADVANCED_FACE('',(#6178),#6196,.F.);
#6178 = FACE_BOUND('',#6179,.F.);
#6179 = EDGE_LOOP('',(#6180,#6189,#6194,#6195));
#6180 = ORIENTED_EDGE('',*,*,#6181,.T.);
#6181 = EDGE_CURVE('',#6182,#6182,#6184,.T.);
#6182 = VERTEX_POINT('',#6183);
#6183 = CARTESIAN_POINT('',(27.2,40.6,-7.));
#6184 = CIRCLE('',#6185,0.9);
#6185 = AXIS2_PLACEMENT_3D('',#6186,#6187,#6188);
#6186 = CARTESIAN_POINT('',(26.3,40.6,-7.));
#6187 = DIRECTION('',(0.,0.,1.));
#6188 = DIRECTION('',(1.,0.,0.));
#6189 = ORIENTED_EDGE('',*,*,#6190,.T.);
#6190 = EDGE_CURVE('',#6182,#1833,#6191,.T.);
#6191 = B_SPLINE_CURVE_WITH_KNOTS('',1,(#6192,#6193),.UNSPECIFIED.,.F.,
  .F.,(2,2),(-7.,0.),.PIECEWISE_BEZIER_KNOTS.);
#6192 = CARTESIAN_POINT('',(27.2,40.6,-7.));
#6193 = CARTESIAN_POINT('',(27.2,40.6,0.));
#6194 = ORIENTED_EDGE('',*,*,#1832,.F.);
#6195 = ORIENTED_EDGE('',*,*,#6190,.F.);
#6196 = CYLINDRICAL_SURFACE('',#6197,0.9);
#6197 = AXIS2_PLACEMENT_3D('',#6198,#6199,#6200);
#6198 = CARTESIAN_POINT('',(26.3,40.6,0.));
#6199 = DIRECTION('',(0.,0.,1.));
#6200 = DIRECTION('',(1.,0.,0.));
#6201 = ADVANCED_FACE('',(#6202),#6220,.F.);
#6202 = FACE_BOUND('',#6203,.F.);
#6203 = EDGE_LOOP('',(#6204,#6213,#6218,#6219));
#6204 = ORIENTED_EDGE('',*,*,#6205,.T.);
#6205 = EDGE_CURVE('',#6206,#6206,#6208,.T.);
#6206 = VERTEX_POINT('',#6207);
#6207 = CARTESIAN_POINT('',(29.4,40.6,-7.));
#6208 = CIRCLE('',#6209,0.9);
#6209 = AXIS2_PLACEMENT_3D('',#6210,#6211,#6212);
#6210 = CARTESIAN_POINT('',(28.5,40.6,-7.));
#6211 = DIRECTION('',(0.,0.,1.));
#6212 = DIRECTION('',(1.,0.,0.));
#6213 = ORIENTED_EDGE('',*,*,#6214,.T.);
#6214 = EDGE_CURVE('',#6206,#1844,#6215,.T.);
#6215 = B_SPLINE_CURVE_WITH_KNOTS('',1,(#6216,#6217),.UNSPECIFIED.,.F.,
  .F.,(2,2),(-7.,0.),.PIECEWISE_BEZIER_KNOTS.);
#6216 = CARTESIAN_POINT('',(29.4,40.6,-7.));
#6217 = CARTESIAN_POINT('',(29.4,40.6,0.));
#6218 = ORIENTED_EDGE('',*,*,#1843,.F.);
#6219 = ORIENTED_EDGE('',*,*,#6214,.F.);
#6220 = CYLINDRICAL_SURFACE('',#6221,0.9);
#6221 = AXIS2_PLACEMENT_3D('',#6222,#6223,#6224);
#6222 = CARTESIAN_POINT('',(28.5,40.6,0.));
#6223 = DIRECTION('',(0.,0.,1.));
#6224 = DIRECTION('',(1.,0.,0.));
#6225 = ADVANCED_FACE('',(#6226),#6277,.T.);
#6226 = FACE_BOUND('',#6227,.T.);
#6227 = EDGE_LOOP('',(#6228,#6229,#6237,#6245,#6253,#6261,#6270,#6276));
#6228 = ORIENTED_EDGE('',*,*,#2457,.F.);
#6229 = ORIENTED_EDGE('',*,*,#6230,.T.);
#6230 = EDGE_CURVE('',#2458,#6231,#6233,.T.);
#6231 = VERTEX_POINT('',#6232);
#6232 = CARTESIAN_POINT('',(27.15,45.75,-2.2));
#6233 = LINE('',#6234,#6235);
#6234 = CARTESIAN_POINT('',(27.15,45.75,-6.7));
#6235 = VECTOR('',#6236,1.);
#6236 = DIRECTION('',(0.,0.,1.));
#6237 = ORIENTED_EDGE('',*,*,#6238,.T.);
#6238 = EDGE_CURVE('',#6231,#6239,#6241,.T.);
#6239 = VERTEX_POINT('',#6240);
#6240 = CARTESIAN_POINT('',(-27.15,45.75,-2.2));
#6241 = LINE('',#6242,#6243);
#6242 = CARTESIAN_POINT('',(27.15,45.75,-2.2));
#6243 = VECTOR('',#6244,1.);
#6244 = DIRECTION('',(-1.,0.,0.));
#6245 = ORIENTED_EDGE('',*,*,#6246,.F.);
#6246 = EDGE_CURVE('',#6247,#6239,#6249,.T.);
#6247 = VERTEX_POINT('',#6248);
#6248 = CARTESIAN_POINT('',(-27.15,45.75,-5.3));
#6249 = LINE('',#6250,#6251);
#6250 = CARTESIAN_POINT('',(-27.15,45.75,-6.7));
#6251 = VECTOR('',#6252,1.);
#6252 = DIRECTION('',(0.,0.,1.));
#6253 = ORIENTED_EDGE('',*,*,#6254,.F.);
#6254 = EDGE_CURVE('',#6255,#6247,#6257,.T.);
#6255 = VERTEX_POINT('',#6256);
#6256 = CARTESIAN_POINT('',(5.094500066649,45.75,-5.3));
#6257 = LINE('',#6258,#6259);
#6258 = CARTESIAN_POINT('',(27.149999999998,45.75,-5.3));
#6259 = VECTOR('',#6260,1.);
#6260 = DIRECTION('',(-1.,0.,0.));
#6261 = ORIENTED_EDGE('',*,*,#6262,.F.);
#6262 = EDGE_CURVE('',#6263,#6255,#6265,.T.);
#6263 = VERTEX_POINT('',#6264);
#6264 = CARTESIAN_POINT('',(8.845499933351,45.75,-5.3));
#6265 = CIRCLE('',#6266,2.2);
#6266 = AXIS2_PLACEMENT_3D('',#6267,#6268,#6269);
#6267 = CARTESIAN_POINT('',(6.97,45.75,-6.45));
#6268 = DIRECTION('',(0.,-1.,0.));
#6269 = DIRECTION('',(1.,0.,0.));
#6270 = ORIENTED_EDGE('',*,*,#6271,.F.);
#6271 = EDGE_CURVE('',#1999,#6263,#6272,.T.);
#6272 = LINE('',#6273,#6274);
#6273 = CARTESIAN_POINT('',(27.149999999998,45.75,-5.3));
#6274 = VECTOR('',#6275,1.);
#6275 = DIRECTION('',(-1.,0.,0.));
#6276 = ORIENTED_EDGE('',*,*,#1998,.F.);
#6277 = PLANE('',#6278);
#6278 = AXIS2_PLACEMENT_3D('',#6279,#6280,#6281);
#6279 = CARTESIAN_POINT('',(27.15,45.75,-6.7));
#6280 = DIRECTION('',(0.,-1.,0.));
#6281 = DIRECTION('',(-1.,0.,0.));
#6282 = ADVANCED_FACE('',(#6283),#6301,.F.);
#6283 = FACE_BOUND('',#6284,.F.);
#6284 = EDGE_LOOP('',(#6285,#6286,#6287,#6295));
#6285 = ORIENTED_EDGE('',*,*,#6271,.F.);
#6286 = ORIENTED_EDGE('',*,*,#2007,.T.);
#6287 = ORIENTED_EDGE('',*,*,#6288,.T.);
#6288 = EDGE_CURVE('',#2008,#6289,#6291,.T.);
#6289 = VERTEX_POINT('',#6290);
#6290 = CARTESIAN_POINT('',(8.845499933351,47.321203273864,-5.3));
#6291 = LINE('',#6292,#6293);
#6292 = CARTESIAN_POINT('',(27.149999999997,47.321203273864,-5.3));
#6293 = VECTOR('',#6294,1.);
#6294 = DIRECTION('',(-1.,0.,0.));
#6295 = ORIENTED_EDGE('',*,*,#6296,.F.);
#6296 = EDGE_CURVE('',#6263,#6289,#6297,.T.);
#6297 = LINE('',#6298,#6299);
#6298 = CARTESIAN_POINT('',(8.845499933351,47.95,-5.3));
#6299 = VECTOR('',#6300,1.);
#6300 = DIRECTION('',(0.,1.,-2.2E-16));
#6301 = PLANE('',#6302);
#6302 = AXIS2_PLACEMENT_3D('',#6303,#6304,#6305);
#6303 = CARTESIAN_POINT('',(27.149999999997,36.75,-5.3));
#6304 = DIRECTION('',(0.,0.,1.));
#6305 = DIRECTION('',(1.,0.,0.));
#6306 = ADVANCED_FACE('',(#6307),#6335,.F.);
#6307 = FACE_BOUND('',#6308,.F.);
#6308 = EDGE_LOOP('',(#6309,#6310,#6318,#6327,#6334));
#6309 = ORIENTED_EDGE('',*,*,#2015,.F.);
#6310 = ORIENTED_EDGE('',*,*,#6311,.T.);
#6311 = EDGE_CURVE('',#2016,#6312,#6314,.T.);
#6312 = VERTEX_POINT('',#6313);
#6313 = CARTESIAN_POINT('',(9.155749299439,46.95,-6.7));
#6314 = LINE('',#6315,#6316);
#6315 = CARTESIAN_POINT('',(27.149999999997,46.95,-6.7));
#6316 = VECTOR('',#6317,1.);
#6317 = DIRECTION('',(-1.,0.,0.));
#6318 = ORIENTED_EDGE('',*,*,#6319,.F.);
#6319 = EDGE_CURVE('',#6320,#6312,#6322,.T.);
#6320 = VERTEX_POINT('',#6321);
#6321 = CARTESIAN_POINT('',(9.17,47.016286298904,-6.45));
#6322 = ELLIPSE('',#6323,2.27601879558,2.2);
#6323 = AXIS2_PLACEMENT_3D('',#6324,#6325,#6326);
#6324 = CARTESIAN_POINT('',(6.97,47.016286298904,-6.45));
#6325 = DIRECTION('',(0.,0.966600102017,-0.256289373133));
#6326 = DIRECTION('',(0.,0.256289373133,0.966600102017));
#6327 = ORIENTED_EDGE('',*,*,#6328,.F.);
#6328 = EDGE_CURVE('',#6289,#6320,#6329,.T.);
#6329 = ELLIPSE('',#6330,2.27601879558,2.2);
#6330 = AXIS2_PLACEMENT_3D('',#6331,#6332,#6333);
#6331 = CARTESIAN_POINT('',(6.97,47.016286298904,-6.45));
#6332 = DIRECTION('',(0.,0.966600102017,-0.256289373133));
#6333 = DIRECTION('',(0.,0.256289373133,0.966600102017));
#6334 = ORIENTED_EDGE('',*,*,#6288,.F.);
#6335 = PLANE('',#6336);
#6336 = AXIS2_PLACEMENT_3D('',#6337,#6338,#6339);
#6337 = CARTESIAN_POINT('',(27.149999999997,47.321203273864,-5.3));
#6338 = DIRECTION('',(0.,0.966600102017,-0.256289373133));
#6339 = DIRECTION('',(-1.,0.,0.));
#6340 = ADVANCED_FACE('',(#6341),#6352,.F.);
#6341 = FACE_BOUND('',#6342,.F.);
#6342 = EDGE_LOOP('',(#6343,#6344,#6345,#6351));
#6343 = ORIENTED_EDGE('',*,*,#2024,.T.);
#6344 = ORIENTED_EDGE('',*,*,#2085,.T.);
#6345 = ORIENTED_EDGE('',*,*,#6346,.F.);
#6346 = EDGE_CURVE('',#6312,#2086,#6347,.T.);
#6347 = LINE('',#6348,#6349);
#6348 = CARTESIAN_POINT('',(9.155749299439,47.95,-6.7));
#6349 = VECTOR('',#6350,1.);
#6350 = DIRECTION('',(0.,1.,-2.2E-16));
#6351 = ORIENTED_EDGE('',*,*,#6311,.F.);
#6352 = PLANE('',#6353);
#6353 = AXIS2_PLACEMENT_3D('',#6354,#6355,#6356);
#6354 = CARTESIAN_POINT('',(-1.84E-15,-9.7E-15,-6.7));
#6355 = DIRECTION('',(0.,0.,1.));
#6356 = DIRECTION('',(1.,0.,0.));
#6357 = ADVANCED_FACE('',(#6358),#6370,.T.);
#6358 = FACE_BOUND('',#6359,.T.);
#6359 = EDGE_LOOP('',(#6360,#6361,#6368,#6369));
#6360 = ORIENTED_EDGE('',*,*,#2058,.T.);
#6361 = ORIENTED_EDGE('',*,*,#6362,.T.);
#6362 = EDGE_CURVE('',#2061,#2153,#6363,.T.);
#6363 = CIRCLE('',#6364,11.2);
#6364 = AXIS2_PLACEMENT_3D('',#6365,#6366,#6367);
#6365 = CARTESIAN_POINT('',(-27.15,36.75,-6.7));
#6366 = DIRECTION('',(0.,0.,1.));
#6367 = DIRECTION('',(1.,0.,0.));
#6368 = ORIENTED_EDGE('',*,*,#2152,.F.);
#6369 = ORIENTED_EDGE('',*,*,#2685,.F.);
#6370 = CYLINDRICAL_SURFACE('',#6371,11.2);
#6371 = AXIS2_PLACEMENT_3D('',#6372,#6373,#6374);
#6372 = CARTESIAN_POINT('',(-27.15,36.75,0.));
#6373 = DIRECTION('',(0.,0.,1.));
#6374 = DIRECTION('',(1.,0.,0.));
#6375 = ADVANCED_FACE('',(#6376),#6436,.F.);
#6376 = FACE_BOUND('',#6377,.F.);
#6377 = EDGE_LOOP('',(#6378,#6386,#6387,#6388,#6389,#6397,#6405,#6413,
    #6421,#6430));
#6378 = ORIENTED_EDGE('',*,*,#6379,.T.);
#6379 = EDGE_CURVE('',#6380,#2103,#6382,.T.);
#6380 = VERTEX_POINT('',#6381);
#6381 = CARTESIAN_POINT('',(4.784250700561,46.95,-6.7));
#6382 = LINE('',#6383,#6384);
#6383 = CARTESIAN_POINT('',(4.784250700561,47.95,-6.7));
#6384 = VECTOR('',#6385,1.);
#6385 = DIRECTION('',(0.,1.,-2.2E-16));
#6386 = ORIENTED_EDGE('',*,*,#2111,.T.);
#6387 = ORIENTED_EDGE('',*,*,#6362,.T.);
#6388 = ORIENTED_EDGE('',*,*,#2160,.T.);
#6389 = ORIENTED_EDGE('',*,*,#6390,.T.);
#6390 = EDGE_CURVE('',#2161,#6391,#6393,.T.);
#6391 = VERTEX_POINT('',#6392);
#6392 = CARTESIAN_POINT('',(-37.52120327386,30.45,-6.7));
#6393 = LINE('',#6394,#6395);
#6394 = CARTESIAN_POINT('',(-19.175,30.45,-6.7));
#6395 = VECTOR('',#6396,1.);
#6396 = DIRECTION('',(1.,0.,0.));
#6397 = ORIENTED_EDGE('',*,*,#6398,.T.);
#6398 = EDGE_CURVE('',#6391,#6399,#6401,.T.);
#6399 = VERTEX_POINT('',#6400);
#6400 = CARTESIAN_POINT('',(-37.52120327386,32.25,-6.7));
#6401 = LINE('',#6402,#6403);
#6402 = CARTESIAN_POINT('',(-37.52120327386,13.425,-6.7));
#6403 = VECTOR('',#6404,1.);
#6404 = DIRECTION('',(0.,1.,0.));
#6405 = ORIENTED_EDGE('',*,*,#6406,.T.);
#6406 = EDGE_CURVE('',#6399,#6407,#6409,.T.);
#6407 = VERTEX_POINT('',#6408);
#6408 = CARTESIAN_POINT('',(-37.35,32.25,-6.7));
#6409 = LINE('',#6410,#6411);
#6410 = CARTESIAN_POINT('',(-18.76060163693,32.25,-6.7));
#6411 = VECTOR('',#6412,1.);
#6412 = DIRECTION('',(1.,0.,0.));
#6413 = ORIENTED_EDGE('',*,*,#6414,.F.);
#6414 = EDGE_CURVE('',#6415,#6407,#6417,.T.);
#6415 = VERTEX_POINT('',#6416);
#6416 = CARTESIAN_POINT('',(-37.35,36.75,-6.7));
#6417 = LINE('',#6418,#6419);
#6418 = CARTESIAN_POINT('',(-37.35,36.75,-6.7));
#6419 = VECTOR('',#6420,1.);
#6420 = DIRECTION('',(0.,-1.,0.));
#6421 = ORIENTED_EDGE('',*,*,#6422,.F.);
#6422 = EDGE_CURVE('',#6423,#6415,#6425,.T.);
#6423 = VERTEX_POINT('',#6424);
#6424 = CARTESIAN_POINT('',(-27.15,46.95,-6.7));
#6425 = CIRCLE('',#6426,10.2);
#6426 = AXIS2_PLACEMENT_3D('',#6427,#6428,#6429);
#6427 = CARTESIAN_POINT('',(-27.15,36.75,-6.7));
#6428 = DIRECTION('',(0.,0.,1.));
#6429 = DIRECTION('',(1.,0.,0.));
#6430 = ORIENTED_EDGE('',*,*,#6431,.F.);
#6431 = EDGE_CURVE('',#6380,#6423,#6432,.T.);
#6432 = LINE('',#6433,#6434);
#6433 = CARTESIAN_POINT('',(27.149999999997,46.95,-6.7));
#6434 = VECTOR('',#6435,1.);
#6435 = DIRECTION('',(-1.,0.,0.));
#6436 = PLANE('',#6437);
#6437 = AXIS2_PLACEMENT_3D('',#6438,#6439,#6440);
#6438 = CARTESIAN_POINT('',(-1.84E-15,-9.7E-15,-6.7));
#6439 = DIRECTION('',(0.,0.,1.));
#6440 = DIRECTION('',(1.,0.,0.));
#6441 = ADVANCED_FACE('',(#6442),#6467,.F.);
#6442 = FACE_BOUND('',#6443,.T.);
#6443 = EDGE_LOOP('',(#6444,#6445,#6446,#6447,#6448,#6449,#6450,#6458,
    #6465,#6466));
#6444 = ORIENTED_EDGE('',*,*,#2093,.F.);
#6445 = ORIENTED_EDGE('',*,*,#6346,.F.);
#6446 = ORIENTED_EDGE('',*,*,#6319,.F.);
#6447 = ORIENTED_EDGE('',*,*,#6328,.F.);
#6448 = ORIENTED_EDGE('',*,*,#6296,.F.);
#6449 = ORIENTED_EDGE('',*,*,#6262,.T.);
#6450 = ORIENTED_EDGE('',*,*,#6451,.T.);
#6451 = EDGE_CURVE('',#6255,#6452,#6454,.T.);
#6452 = VERTEX_POINT('',#6453);
#6453 = CARTESIAN_POINT('',(5.094500066649,47.321203273864,-5.3));
#6454 = LINE('',#6455,#6456);
#6455 = CARTESIAN_POINT('',(5.094500066649,47.95,-5.3));
#6456 = VECTOR('',#6457,1.);
#6457 = DIRECTION('',(0.,1.,-2.2E-16));
#6458 = ORIENTED_EDGE('',*,*,#6459,.F.);
#6459 = EDGE_CURVE('',#6380,#6452,#6460,.T.);
#6460 = ELLIPSE('',#6461,2.27601879558,2.2);
#6461 = AXIS2_PLACEMENT_3D('',#6462,#6463,#6464);
#6462 = CARTESIAN_POINT('',(6.97,47.016286298904,-6.45));
#6463 = DIRECTION('',(0.,0.966600102017,-0.256289373133));
#6464 = DIRECTION('',(0.,0.256289373133,0.966600102017));
#6465 = ORIENTED_EDGE('',*,*,#6379,.T.);
#6466 = ORIENTED_EDGE('',*,*,#2102,.F.);
#6467 = CYLINDRICAL_SURFACE('',#6468,2.2);
#6468 = AXIS2_PLACEMENT_3D('',#6469,#6470,#6471);
#6469 = CARTESIAN_POINT('',(6.97,47.95,-6.45));
#6470 = DIRECTION('',(0.,1.,-2.2E-16));
#6471 = DIRECTION('',(1.,0.,0.));
#6472 = ADVANCED_FACE('',(#6473),#6491,.T.);
#6473 = FACE_BOUND('',#6474,.T.);
#6474 = EDGE_LOOP('',(#6475,#6483,#6489,#6490));
#6475 = ORIENTED_EDGE('',*,*,#6476,.T.);
#6476 = EDGE_CURVE('',#2265,#6477,#6479,.T.);
#6477 = VERTEX_POINT('',#6478);
#6478 = CARTESIAN_POINT('',(-36.15,-0.,-2.7));
#6479 = LINE('',#6480,#6481);
#6480 = CARTESIAN_POINT('',(-38.35,-4.E-17,-2.7));
#6481 = VECTOR('',#6482,1.);
#6482 = DIRECTION('',(1.,0.,0.));
#6483 = ORIENTED_EDGE('',*,*,#6484,.T.);
#6484 = EDGE_CURVE('',#6477,#2369,#6485,.T.);
#6485 = LINE('',#6486,#6487);
#6486 = CARTESIAN_POINT('',(-36.15,-4.E-17,-2.7));
#6487 = VECTOR('',#6488,1.);
#6488 = DIRECTION('',(0.,-1.,0.));
#6489 = ORIENTED_EDGE('',*,*,#2368,.F.);
#6490 = ORIENTED_EDGE('',*,*,#2272,.F.);
#6491 = PLANE('',#6492);
#6492 = AXIS2_PLACEMENT_3D('',#6493,#6494,#6495);
#6493 = CARTESIAN_POINT('',(-38.35,-4.E-17,-2.7));
#6494 = DIRECTION('',(0.,0.,-1.));
#6495 = DIRECTION('',(0.,-1.,0.));
#6496 = ADVANCED_FACE('',(#6497),#6539,.T.);
#6497 = FACE_BOUND('',#6498,.T.);
#6498 = EDGE_LOOP('',(#6499,#6500,#6501,#6509,#6517,#6525,#6533));
#6499 = ORIENTED_EDGE('',*,*,#2168,.F.);
#6500 = ORIENTED_EDGE('',*,*,#6390,.T.);
#6501 = ORIENTED_EDGE('',*,*,#6502,.T.);
#6502 = EDGE_CURVE('',#6391,#6503,#6505,.T.);
#6503 = VERTEX_POINT('',#6504);
#6504 = CARTESIAN_POINT('',(-37.52120327386,30.45,-6.054303692112));
#6505 = LINE('',#6506,#6507);
#6506 = CARTESIAN_POINT('',(-37.52120327386,30.45,-7.9));
#6507 = VECTOR('',#6508,1.);
#6508 = DIRECTION('',(0.,0.,1.));
#6509 = ORIENTED_EDGE('',*,*,#6510,.T.);
#6510 = EDGE_CURVE('',#6503,#6511,#6513,.T.);
#6511 = VERTEX_POINT('',#6512);
#6512 = CARTESIAN_POINT('',(-37.72120327386,30.45,-5.3));
#6513 = LINE('',#6514,#6515);
#6514 = CARTESIAN_POINT('',(-37.18446329028,30.45,-7.324324756581));
#6515 = VECTOR('',#6516,1.);
#6516 = DIRECTION('',(-0.256289373133,0.,0.966600102017));
#6517 = ORIENTED_EDGE('',*,*,#6518,.T.);
#6518 = EDGE_CURVE('',#6511,#6519,#6521,.T.);
#6519 = VERTEX_POINT('',#6520);
#6520 = CARTESIAN_POINT('',(-37.52120327386,30.45,-5.3));
#6521 = LINE('',#6522,#6523);
#6522 = CARTESIAN_POINT('',(-5.600000000002,30.45,-5.3));
#6523 = VECTOR('',#6524,1.);
#6524 = DIRECTION('',(1.,0.,0.));
#6525 = ORIENTED_EDGE('',*,*,#6526,.T.);
#6526 = EDGE_CURVE('',#6519,#6527,#6529,.T.);
#6527 = VERTEX_POINT('',#6528);
#6528 = CARTESIAN_POINT('',(-37.52120327386,30.45,-2.2));
#6529 = LINE('',#6530,#6531);
#6530 = CARTESIAN_POINT('',(-37.52120327386,30.45,-7.9));
#6531 = VECTOR('',#6532,1.);
#6532 = DIRECTION('',(0.,0.,1.));
#6533 = ORIENTED_EDGE('',*,*,#6534,.F.);
#6534 = EDGE_CURVE('',#2169,#6527,#6535,.T.);
#6535 = LINE('',#6536,#6537);
#6536 = CARTESIAN_POINT('',(-38.35,30.45,-2.2));
#6537 = VECTOR('',#6538,1.);
#6538 = DIRECTION('',(1.,0.,0.));
#6539 = PLANE('',#6540);
#6540 = AXIS2_PLACEMENT_3D('',#6541,#6542,#6543);
#6541 = CARTESIAN_POINT('',(-38.35,30.45,-9.8));
#6542 = DIRECTION('',(0.,-1.,0.));
#6543 = DIRECTION('',(0.,0.,1.));
#6544 = ADVANCED_FACE('',(#6545),#6579,.T.);
#6545 = FACE_BOUND('',#6546,.T.);
#6546 = EDGE_LOOP('',(#6547,#6548,#6556,#6564,#6572,#6578));
#6547 = ORIENTED_EDGE('',*,*,#2264,.F.);
#6548 = ORIENTED_EDGE('',*,*,#6549,.T.);
#6549 = EDGE_CURVE('',#2257,#6550,#6552,.T.);
#6550 = VERTEX_POINT('',#6551);
#6551 = CARTESIAN_POINT('',(-37.35,-0.,-6.7));
#6552 = LINE('',#6553,#6554);
#6553 = CARTESIAN_POINT('',(-38.35,-2.E-17,-6.7));
#6554 = VECTOR('',#6555,1.);
#6555 = DIRECTION('',(1.,0.,0.));
#6556 = ORIENTED_EDGE('',*,*,#6557,.T.);
#6557 = EDGE_CURVE('',#6550,#6558,#6560,.T.);
#6558 = VERTEX_POINT('',#6559);
#6559 = CARTESIAN_POINT('',(-37.72120327386,0.,-5.3));
#6560 = LINE('',#6561,#6562);
#6561 = CARTESIAN_POINT('',(-37.56844375832,-2.E-17,-5.876135332892));
#6562 = VECTOR('',#6563,1.);
#6563 = DIRECTION('',(-0.256289373133,0.,0.966600102017));
#6564 = ORIENTED_EDGE('',*,*,#6565,.T.);
#6565 = EDGE_CURVE('',#6558,#6566,#6568,.T.);
#6566 = VERTEX_POINT('',#6567);
#6567 = CARTESIAN_POINT('',(-36.15,-0.,-5.3));
#6568 = LINE('',#6569,#6570);
#6569 = CARTESIAN_POINT('',(-5.600000000002,-2.E-17,-5.3));
#6570 = VECTOR('',#6571,1.);
#6571 = DIRECTION('',(1.,0.,0.));
#6572 = ORIENTED_EDGE('',*,*,#6573,.T.);
#6573 = EDGE_CURVE('',#6566,#6477,#6574,.T.);
#6574 = LINE('',#6575,#6576);
#6575 = CARTESIAN_POINT('',(-36.15,-4.E-17,-6.7));
#6576 = VECTOR('',#6577,1.);
#6577 = DIRECTION('',(0.,0.,1.));
#6578 = ORIENTED_EDGE('',*,*,#6476,.F.);
#6579 = PLANE('',#6580);
#6580 = AXIS2_PLACEMENT_3D('',#6581,#6582,#6583);
#6581 = CARTESIAN_POINT('',(-38.35,-4.E-17,-6.7));
#6582 = DIRECTION('',(0.,-1.,0.));
#6583 = DIRECTION('',(0.,0.,1.));
#6584 = ADVANCED_FACE('',(#6585),#6603,.T.);
#6585 = FACE_BOUND('',#6586,.T.);
#6586 = EDGE_LOOP('',(#6587,#6595,#6601,#6602));
#6587 = ORIENTED_EDGE('',*,*,#6588,.T.);
#6588 = EDGE_CURVE('',#6527,#6589,#6591,.T.);
#6589 = VERTEX_POINT('',#6590);
#6590 = CARTESIAN_POINT('',(-37.52120327386,23.25,-2.2));
#6591 = LINE('',#6592,#6593);
#6592 = CARTESIAN_POINT('',(-37.52120327386,13.7685796481,-2.2));
#6593 = VECTOR('',#6594,1.);
#6594 = DIRECTION('',(0.,-1.,0.));
#6595 = ORIENTED_EDGE('',*,*,#6596,.F.);
#6596 = EDGE_CURVE('',#2177,#6589,#6597,.T.);
#6597 = LINE('',#6598,#6599);
#6598 = CARTESIAN_POINT('',(-38.35,23.25,-2.2));
#6599 = VECTOR('',#6600,1.);
#6600 = DIRECTION('',(1.,0.,0.));
#6601 = ORIENTED_EDGE('',*,*,#2176,.F.);
#6602 = ORIENTED_EDGE('',*,*,#6534,.T.);
#6603 = PLANE('',#6604);
#6604 = AXIS2_PLACEMENT_3D('',#6605,#6606,#6607);
#6605 = CARTESIAN_POINT('',(-1.626769345472,0.687159296201,-2.2));
#6606 = DIRECTION('',(-0.,-0.,-1.));
#6607 = DIRECTION('',(-1.,0.,0.));
#6608 = ADVANCED_FACE('',(#6609),#6643,.F.);
#6609 = FACE_BOUND('',#6610,.F.);
#6610 = EDGE_LOOP('',(#6611,#6621,#6629,#6635,#6636,#6637));
#6611 = ORIENTED_EDGE('',*,*,#6612,.T.);
#6612 = EDGE_CURVE('',#6613,#6615,#6617,.T.);
#6613 = VERTEX_POINT('',#6614);
#6614 = CARTESIAN_POINT('',(-37.35,4.130000000001,-6.7));
#6615 = VERTEX_POINT('',#6616);
#6616 = CARTESIAN_POINT('',(-37.52120327386,4.130000000001,-6.7));
#6617 = LINE('',#6618,#6619);
#6618 = CARTESIAN_POINT('',(-18.76060163693,4.130000000001,-6.7));
#6619 = VECTOR('',#6620,1.);
#6620 = DIRECTION('',(-1.,0.,0.));
#6621 = ORIENTED_EDGE('',*,*,#6622,.T.);
#6622 = EDGE_CURVE('',#6615,#6623,#6625,.T.);
#6623 = VERTEX_POINT('',#6624);
#6624 = CARTESIAN_POINT('',(-37.52120327386,5.130000000037,-6.7));
#6625 = LINE('',#6626,#6627);
#6626 = CARTESIAN_POINT('',(-37.52120327386,5.965,-6.7));
#6627 = VECTOR('',#6628,1.);
#6628 = DIRECTION('',(0.,1.,0.));
#6629 = ORIENTED_EDGE('',*,*,#6630,.T.);
#6630 = EDGE_CURVE('',#6623,#2249,#6631,.T.);
#6631 = LINE('',#6632,#6633);
#6632 = CARTESIAN_POINT('',(-19.175,5.130000000037,-6.7));
#6633 = VECTOR('',#6634,1.);
#6634 = DIRECTION('',(-1.,0.,0.));
#6635 = ORIENTED_EDGE('',*,*,#2256,.T.);
#6636 = ORIENTED_EDGE('',*,*,#6549,.T.);
#6637 = ORIENTED_EDGE('',*,*,#6638,.F.);
#6638 = EDGE_CURVE('',#6613,#6550,#6639,.T.);
#6639 = LINE('',#6640,#6641);
#6640 = CARTESIAN_POINT('',(-37.35,36.75,-6.7));
#6641 = VECTOR('',#6642,1.);
#6642 = DIRECTION('',(0.,-1.,0.));
#6643 = PLANE('',#6644);
#6644 = AXIS2_PLACEMENT_3D('',#6645,#6646,#6647);
#6645 = CARTESIAN_POINT('',(-1.84E-15,-9.7E-15,-6.7));
#6646 = DIRECTION('',(0.,0.,1.));
#6647 = DIRECTION('',(1.,0.,0.));
#6648 = ADVANCED_FACE('',(#6649),#6691,.T.);
#6649 = FACE_BOUND('',#6650,.T.);
#6650 = EDGE_LOOP('',(#6651,#6652,#6653,#6661,#6669,#6677,#6685));
#6651 = ORIENTED_EDGE('',*,*,#2184,.F.);
#6652 = ORIENTED_EDGE('',*,*,#6596,.T.);
#6653 = ORIENTED_EDGE('',*,*,#6654,.T.);
#6654 = EDGE_CURVE('',#6589,#6655,#6657,.T.);
#6655 = VERTEX_POINT('',#6656);
#6656 = CARTESIAN_POINT('',(-37.52120327386,23.25,-5.3));
#6657 = LINE('',#6658,#6659);
#6658 = CARTESIAN_POINT('',(-37.52120327386,23.25,-4.1));
#6659 = VECTOR('',#6660,1.);
#6660 = DIRECTION('',(0.,0.,-1.));
#6661 = ORIENTED_EDGE('',*,*,#6662,.T.);
#6662 = EDGE_CURVE('',#6655,#6663,#6665,.T.);
#6663 = VERTEX_POINT('',#6664);
#6664 = CARTESIAN_POINT('',(-37.72120327386,23.25,-5.3));
#6665 = LINE('',#6666,#6667);
#6666 = CARTESIAN_POINT('',(-5.600000000002,23.25,-5.3));
#6667 = VECTOR('',#6668,1.);
#6668 = DIRECTION('',(-1.,0.,0.));
#6669 = ORIENTED_EDGE('',*,*,#6670,.T.);
#6670 = EDGE_CURVE('',#6663,#6671,#6673,.T.);
#6671 = VERTEX_POINT('',#6672);
#6672 = CARTESIAN_POINT('',(-37.52120327386,23.25,-6.054303692112));
#6673 = LINE('',#6674,#6675);
#6674 = CARTESIAN_POINT('',(-38.1258347603,23.25,-3.773924879149));
#6675 = VECTOR('',#6676,1.);
#6676 = DIRECTION('',(0.256289373133,0.,-0.966600102017));
#6677 = ORIENTED_EDGE('',*,*,#6678,.T.);
#6678 = EDGE_CURVE('',#6671,#6679,#6681,.T.);
#6679 = VERTEX_POINT('',#6680);
#6680 = CARTESIAN_POINT('',(-37.52120327386,23.25,-6.7));
#6681 = LINE('',#6682,#6683);
#6682 = CARTESIAN_POINT('',(-37.52120327386,23.25,-4.1));
#6683 = VECTOR('',#6684,1.);
#6684 = DIRECTION('',(0.,0.,-1.));
#6685 = ORIENTED_EDGE('',*,*,#6686,.T.);
#6686 = EDGE_CURVE('',#6679,#2185,#6687,.T.);
#6687 = LINE('',#6688,#6689);
#6688 = CARTESIAN_POINT('',(-19.175,23.25,-6.7));
#6689 = VECTOR('',#6690,1.);
#6690 = DIRECTION('',(-1.,0.,0.));
#6691 = PLANE('',#6692);
#6692 = AXIS2_PLACEMENT_3D('',#6693,#6694,#6695);
#6693 = CARTESIAN_POINT('',(-38.35,23.25,-2.2));
#6694 = DIRECTION('',(0.,1.,0.));
#6695 = DIRECTION('',(0.,0.,-1.));
#6696 = ADVANCED_FACE('',(#6697),#6739,.T.);
#6697 = FACE_BOUND('',#6698,.T.);
#6698 = EDGE_LOOP('',(#6699,#6700,#6708,#6716,#6724,#6732,#6738));
#6699 = ORIENTED_EDGE('',*,*,#2248,.F.);
#6700 = ORIENTED_EDGE('',*,*,#6701,.T.);
#6701 = EDGE_CURVE('',#2241,#6702,#6704,.T.);
#6702 = VERTEX_POINT('',#6703);
#6703 = CARTESIAN_POINT('',(-37.52120327386,5.130000000037,-2.2));
#6704 = LINE('',#6705,#6706);
#6705 = CARTESIAN_POINT('',(-38.35,5.130000000037,-2.2));
#6706 = VECTOR('',#6707,1.);
#6707 = DIRECTION('',(1.,0.,0.));
#6708 = ORIENTED_EDGE('',*,*,#6709,.T.);
#6709 = EDGE_CURVE('',#6702,#6710,#6712,.T.);
#6710 = VERTEX_POINT('',#6711);
#6711 = CARTESIAN_POINT('',(-37.52120327386,5.130000000037,-5.3));
#6712 = LINE('',#6713,#6714);
#6713 = CARTESIAN_POINT('',(-37.52120327386,5.130000000037,-4.1));
#6714 = VECTOR('',#6715,1.);
#6715 = DIRECTION('',(0.,0.,-1.));
#6716 = ORIENTED_EDGE('',*,*,#6717,.T.);
#6717 = EDGE_CURVE('',#6710,#6718,#6720,.T.);
#6718 = VERTEX_POINT('',#6719);
#6719 = CARTESIAN_POINT('',(-37.72120327386,5.130000000037,-5.3));
#6720 = LINE('',#6721,#6722);
#6721 = CARTESIAN_POINT('',(-5.600000000002,5.130000000037,-5.3));
#6722 = VECTOR('',#6723,1.);
#6723 = DIRECTION('',(-1.,0.,0.));
#6724 = ORIENTED_EDGE('',*,*,#6725,.T.);
#6725 = EDGE_CURVE('',#6718,#6726,#6728,.T.);
#6726 = VERTEX_POINT('',#6727);
#6727 = CARTESIAN_POINT('',(-37.52120327386,5.130000000037,
    -6.054303692112));
#6728 = LINE('',#6729,#6730);
#6729 = CARTESIAN_POINT('',(-38.1258347603,5.130000000037,
    -3.773924879149));
#6730 = VECTOR('',#6731,1.);
#6731 = DIRECTION('',(0.256289373133,0.,-0.966600102017));
#6732 = ORIENTED_EDGE('',*,*,#6733,.T.);
#6733 = EDGE_CURVE('',#6726,#6623,#6734,.T.);
#6734 = LINE('',#6735,#6736);
#6735 = CARTESIAN_POINT('',(-37.52120327386,5.130000000037,-4.1));
#6736 = VECTOR('',#6737,1.);
#6737 = DIRECTION('',(0.,0.,-1.));
#6738 = ORIENTED_EDGE('',*,*,#6630,.T.);
#6739 = PLANE('',#6740);
#6740 = AXIS2_PLACEMENT_3D('',#6741,#6742,#6743);
#6741 = CARTESIAN_POINT('',(-38.35,5.130000000037,-2.2));
#6742 = DIRECTION('',(0.,1.,0.));
#6743 = DIRECTION('',(0.,0.,-1.));
#6744 = ADVANCED_FACE('',(#6745),#6795,.F.);
#6745 = FACE_BOUND('',#6746,.F.);
#6746 = EDGE_LOOP('',(#6747,#6755,#6756,#6757,#6765,#6773,#6781,#6789));
#6747 = ORIENTED_EDGE('',*,*,#6748,.T.);
#6748 = EDGE_CURVE('',#6749,#6679,#6751,.T.);
#6749 = VERTEX_POINT('',#6750);
#6750 = CARTESIAN_POINT('',(-37.52120327386,21.45,-6.7));
#6751 = LINE('',#6752,#6753);
#6752 = CARTESIAN_POINT('',(-37.52120327386,13.425,-6.7));
#6753 = VECTOR('',#6754,1.);
#6754 = DIRECTION('',(0.,1.,0.));
#6755 = ORIENTED_EDGE('',*,*,#6686,.T.);
#6756 = ORIENTED_EDGE('',*,*,#2192,.T.);
#6757 = ORIENTED_EDGE('',*,*,#6758,.T.);
#6758 = EDGE_CURVE('',#2193,#6759,#6761,.T.);
#6759 = VERTEX_POINT('',#6760);
#6760 = CARTESIAN_POINT('',(-37.52120327386,18.73,-6.7));
#6761 = LINE('',#6762,#6763);
#6762 = CARTESIAN_POINT('',(-19.175,18.73,-6.7));
#6763 = VECTOR('',#6764,1.);
#6764 = DIRECTION('',(1.,0.,0.));
#6765 = ORIENTED_EDGE('',*,*,#6766,.T.);
#6766 = EDGE_CURVE('',#6759,#6767,#6769,.T.);
#6767 = VERTEX_POINT('',#6768);
#6768 = CARTESIAN_POINT('',(-37.52120327386,19.73,-6.7));
#6769 = LINE('',#6770,#6771);
#6770 = CARTESIAN_POINT('',(-37.52120327386,5.965,-6.7));
#6771 = VECTOR('',#6772,1.);
#6772 = DIRECTION('',(0.,1.,0.));
#6773 = ORIENTED_EDGE('',*,*,#6774,.T.);
#6774 = EDGE_CURVE('',#6767,#6775,#6777,.T.);
#6775 = VERTEX_POINT('',#6776);
#6776 = CARTESIAN_POINT('',(-37.35,19.73,-6.7));
#6777 = LINE('',#6778,#6779);
#6778 = CARTESIAN_POINT('',(-18.76060163693,19.73,-6.7));
#6779 = VECTOR('',#6780,1.);
#6780 = DIRECTION('',(1.,0.,0.));
#6781 = ORIENTED_EDGE('',*,*,#6782,.F.);
#6782 = EDGE_CURVE('',#6783,#6775,#6785,.T.);
#6783 = VERTEX_POINT('',#6784);
#6784 = CARTESIAN_POINT('',(-37.35,21.45,-6.7));
#6785 = LINE('',#6786,#6787);
#6786 = CARTESIAN_POINT('',(-37.35,36.75,-6.7));
#6787 = VECTOR('',#6788,1.);
#6788 = DIRECTION('',(0.,-1.,0.));
#6789 = ORIENTED_EDGE('',*,*,#6790,.T.);
#6790 = EDGE_CURVE('',#6783,#6749,#6791,.T.);
#6791 = LINE('',#6792,#6793);
#6792 = CARTESIAN_POINT('',(-18.76060163693,21.45,-6.7));
#6793 = VECTOR('',#6794,1.);
#6794 = DIRECTION('',(-1.,0.,0.));
#6795 = PLANE('',#6796);
#6796 = AXIS2_PLACEMENT_3D('',#6797,#6798,#6799);
#6797 = CARTESIAN_POINT('',(-1.84E-15,-9.7E-15,-6.7));
#6798 = DIRECTION('',(0.,0.,1.));
#6799 = DIRECTION('',(1.,0.,0.));
#6800 = ADVANCED_FACE('',(#6801),#6819,.T.);
#6801 = FACE_BOUND('',#6802,.T.);
#6802 = EDGE_LOOP('',(#6803,#6804,#6812,#6818));
#6803 = ORIENTED_EDGE('',*,*,#2240,.F.);
#6804 = ORIENTED_EDGE('',*,*,#6805,.T.);
#6805 = EDGE_CURVE('',#2233,#6806,#6808,.T.);
#6806 = VERTEX_POINT('',#6807);
#6807 = CARTESIAN_POINT('',(-37.52120327386,9.829999999963,-2.2));
#6808 = LINE('',#6809,#6810);
#6809 = CARTESIAN_POINT('',(-38.35,9.829999999963,-2.2));
#6810 = VECTOR('',#6811,1.);
#6811 = DIRECTION('',(1.,0.,0.));
#6812 = ORIENTED_EDGE('',*,*,#6813,.T.);
#6813 = EDGE_CURVE('',#6806,#6702,#6814,.T.);
#6814 = LINE('',#6815,#6816);
#6815 = CARTESIAN_POINT('',(-37.52120327386,6.308579648101,-2.2));
#6816 = VECTOR('',#6817,1.);
#6817 = DIRECTION('',(0.,-1.,0.));
#6818 = ORIENTED_EDGE('',*,*,#6701,.F.);
#6819 = PLANE('',#6820);
#6820 = AXIS2_PLACEMENT_3D('',#6821,#6822,#6823);
#6821 = CARTESIAN_POINT('',(-1.626769345472,0.687159296201,-2.2));
#6822 = DIRECTION('',(-0.,-0.,-1.));
#6823 = DIRECTION('',(-1.,0.,0.));
#6824 = ADVANCED_FACE('',(#6825),#6867,.T.);
#6825 = FACE_BOUND('',#6826,.T.);
#6826 = EDGE_LOOP('',(#6827,#6828,#6829,#6837,#6845,#6853,#6861));
#6827 = ORIENTED_EDGE('',*,*,#2200,.F.);
#6828 = ORIENTED_EDGE('',*,*,#6758,.T.);
#6829 = ORIENTED_EDGE('',*,*,#6830,.T.);
#6830 = EDGE_CURVE('',#6759,#6831,#6833,.T.);
#6831 = VERTEX_POINT('',#6832);
#6832 = CARTESIAN_POINT('',(-37.52120327386,18.73,-6.054303692112));
#6833 = LINE('',#6834,#6835);
#6834 = CARTESIAN_POINT('',(-37.52120327386,18.73,-7.9));
#6835 = VECTOR('',#6836,1.);
#6836 = DIRECTION('',(0.,0.,1.));
#6837 = ORIENTED_EDGE('',*,*,#6838,.T.);
#6838 = EDGE_CURVE('',#6831,#6839,#6841,.T.);
#6839 = VERTEX_POINT('',#6840);
#6840 = CARTESIAN_POINT('',(-37.72120327386,18.73,-5.3));
#6841 = LINE('',#6842,#6843);
#6842 = CARTESIAN_POINT('',(-37.18446329028,18.73,-7.324324756581));
#6843 = VECTOR('',#6844,1.);
#6844 = DIRECTION('',(-0.256289373133,0.,0.966600102017));
#6845 = ORIENTED_EDGE('',*,*,#6846,.T.);
#6846 = EDGE_CURVE('',#6839,#6847,#6849,.T.);
#6847 = VERTEX_POINT('',#6848);
#6848 = CARTESIAN_POINT('',(-37.52120327386,18.73,-5.3));
#6849 = LINE('',#6850,#6851);
#6850 = CARTESIAN_POINT('',(-5.600000000002,18.73,-5.3));
#6851 = VECTOR('',#6852,1.);
#6852 = DIRECTION('',(1.,0.,0.));
#6853 = ORIENTED_EDGE('',*,*,#6854,.T.);
#6854 = EDGE_CURVE('',#6847,#6855,#6857,.T.);
#6855 = VERTEX_POINT('',#6856);
#6856 = CARTESIAN_POINT('',(-37.52120327386,18.73,-2.2));
#6857 = LINE('',#6858,#6859);
#6858 = CARTESIAN_POINT('',(-37.52120327386,18.73,-7.9));
#6859 = VECTOR('',#6860,1.);
#6860 = DIRECTION('',(0.,0.,1.));
#6861 = ORIENTED_EDGE('',*,*,#6862,.F.);
#6862 = EDGE_CURVE('',#2201,#6855,#6863,.T.);
#6863 = LINE('',#6864,#6865);
#6864 = CARTESIAN_POINT('',(-38.35,18.73,-2.2));
#6865 = VECTOR('',#6866,1.);
#6866 = DIRECTION('',(1.,0.,0.));
#6867 = PLANE('',#6868);
#6868 = AXIS2_PLACEMENT_3D('',#6869,#6870,#6871);
#6869 = CARTESIAN_POINT('',(-38.35,18.73,-9.8));
#6870 = DIRECTION('',(0.,-1.,0.));
#6871 = DIRECTION('',(0.,0.,1.));
#6872 = ADVANCED_FACE('',(#6873),#6915,.T.);
#6873 = FACE_BOUND('',#6874,.T.);
#6874 = EDGE_LOOP('',(#6875,#6876,#6884,#6892,#6900,#6908,#6914));
#6875 = ORIENTED_EDGE('',*,*,#2232,.F.);
#6876 = ORIENTED_EDGE('',*,*,#6877,.T.);
#6877 = EDGE_CURVE('',#2225,#6878,#6880,.T.);
#6878 = VERTEX_POINT('',#6879);
#6879 = CARTESIAN_POINT('',(-37.52120327386,9.829999999963,-6.7));
#6880 = LINE('',#6881,#6882);
#6881 = CARTESIAN_POINT('',(-19.175,9.829999999963,-6.7));
#6882 = VECTOR('',#6883,1.);
#6883 = DIRECTION('',(1.,0.,0.));
#6884 = ORIENTED_EDGE('',*,*,#6885,.T.);
#6885 = EDGE_CURVE('',#6878,#6886,#6888,.T.);
#6886 = VERTEX_POINT('',#6887);
#6887 = CARTESIAN_POINT('',(-37.52120327386,9.829999999963,
    -6.054303692112));
#6888 = LINE('',#6889,#6890);
#6889 = CARTESIAN_POINT('',(-37.52120327386,9.829999999963,-7.9));
#6890 = VECTOR('',#6891,1.);
#6891 = DIRECTION('',(0.,0.,1.));
#6892 = ORIENTED_EDGE('',*,*,#6893,.T.);
#6893 = EDGE_CURVE('',#6886,#6894,#6896,.T.);
#6894 = VERTEX_POINT('',#6895);
#6895 = CARTESIAN_POINT('',(-37.72120327386,9.829999999963,-5.3));
#6896 = LINE('',#6897,#6898);
#6897 = CARTESIAN_POINT('',(-37.18446329028,9.829999999963,
    -7.324324756581));
#6898 = VECTOR('',#6899,1.);
#6899 = DIRECTION('',(-0.256289373133,0.,0.966600102017));
#6900 = ORIENTED_EDGE('',*,*,#6901,.T.);
#6901 = EDGE_CURVE('',#6894,#6902,#6904,.T.);
#6902 = VERTEX_POINT('',#6903);
#6903 = CARTESIAN_POINT('',(-37.52120327386,9.829999999963,-5.3));
#6904 = LINE('',#6905,#6906);
#6905 = CARTESIAN_POINT('',(-5.600000000002,9.829999999963,-5.3));
#6906 = VECTOR('',#6907,1.);
#6907 = DIRECTION('',(1.,0.,0.));
#6908 = ORIENTED_EDGE('',*,*,#6909,.T.);
#6909 = EDGE_CURVE('',#6902,#6806,#6910,.T.);
#6910 = LINE('',#6911,#6912);
#6911 = CARTESIAN_POINT('',(-37.52120327386,9.829999999963,-7.9));
#6912 = VECTOR('',#6913,1.);
#6913 = DIRECTION('',(0.,0.,1.));
#6914 = ORIENTED_EDGE('',*,*,#6805,.F.);
#6915 = PLANE('',#6916);
#6916 = AXIS2_PLACEMENT_3D('',#6917,#6918,#6919);
#6917 = CARTESIAN_POINT('',(-38.35,9.829999999963,-9.8));
#6918 = DIRECTION('',(0.,-1.,0.));
#6919 = DIRECTION('',(0.,0.,1.));
#6920 = ADVANCED_FACE('',(#6921),#6939,.T.);
#6921 = FACE_BOUND('',#6922,.T.);
#6922 = EDGE_LOOP('',(#6923,#6931,#6937,#6938));
#6923 = ORIENTED_EDGE('',*,*,#6924,.T.);
#6924 = EDGE_CURVE('',#6855,#6925,#6927,.T.);
#6925 = VERTEX_POINT('',#6926);
#6926 = CARTESIAN_POINT('',(-37.52120327386,14.03,-2.2));
#6927 = LINE('',#6928,#6929);
#6928 = CARTESIAN_POINT('',(-37.52120327386,6.308579648101,-2.2));
#6929 = VECTOR('',#6930,1.);
#6930 = DIRECTION('',(0.,-1.,0.));
#6931 = ORIENTED_EDGE('',*,*,#6932,.F.);
#6932 = EDGE_CURVE('',#2209,#6925,#6933,.T.);
#6933 = LINE('',#6934,#6935);
#6934 = CARTESIAN_POINT('',(-38.35,14.03,-2.2));
#6935 = VECTOR('',#6936,1.);
#6936 = DIRECTION('',(1.,0.,0.));
#6937 = ORIENTED_EDGE('',*,*,#2208,.F.);
#6938 = ORIENTED_EDGE('',*,*,#6862,.T.);
#6939 = PLANE('',#6940);
#6940 = AXIS2_PLACEMENT_3D('',#6941,#6942,#6943);
#6941 = CARTESIAN_POINT('',(-1.626769345472,0.687159296201,-2.2));
#6942 = DIRECTION('',(-0.,-0.,-1.));
#6943 = DIRECTION('',(-1.,0.,0.));
#6944 = ADVANCED_FACE('',(#6945),#6995,.F.);
#6945 = FACE_BOUND('',#6946,.F.);
#6946 = EDGE_LOOP('',(#6947,#6955,#6956,#6957,#6965,#6973,#6981,#6989));
#6947 = ORIENTED_EDGE('',*,*,#6948,.T.);
#6948 = EDGE_CURVE('',#6949,#2217,#6951,.T.);
#6949 = VERTEX_POINT('',#6950);
#6950 = CARTESIAN_POINT('',(-37.52120327386,14.03,-6.7));
#6951 = LINE('',#6952,#6953);
#6952 = CARTESIAN_POINT('',(-19.175,14.03,-6.7));
#6953 = VECTOR('',#6954,1.);
#6954 = DIRECTION('',(-1.,0.,0.));
#6955 = ORIENTED_EDGE('',*,*,#2224,.T.);
#6956 = ORIENTED_EDGE('',*,*,#6877,.T.);
#6957 = ORIENTED_EDGE('',*,*,#6958,.T.);
#6958 = EDGE_CURVE('',#6878,#6959,#6961,.T.);
#6959 = VERTEX_POINT('',#6960);
#6960 = CARTESIAN_POINT('',(-37.52120327386,10.829999999999,-6.7));
#6961 = LINE('',#6962,#6963);
#6962 = CARTESIAN_POINT('',(-37.52120327386,5.965,-6.7));
#6963 = VECTOR('',#6964,1.);
#6964 = DIRECTION('',(0.,1.,0.));
#6965 = ORIENTED_EDGE('',*,*,#6966,.T.);
#6966 = EDGE_CURVE('',#6959,#6967,#6969,.T.);
#6967 = VERTEX_POINT('',#6968);
#6968 = CARTESIAN_POINT('',(-37.35,10.829999999999,-6.7));
#6969 = LINE('',#6970,#6971);
#6970 = CARTESIAN_POINT('',(-18.76060163693,10.829999999999,-6.7));
#6971 = VECTOR('',#6972,1.);
#6972 = DIRECTION('',(1.,0.,0.));
#6973 = ORIENTED_EDGE('',*,*,#6974,.F.);
#6974 = EDGE_CURVE('',#6975,#6967,#6977,.T.);
#6975 = VERTEX_POINT('',#6976);
#6976 = CARTESIAN_POINT('',(-37.35,13.03,-6.7));
#6977 = LINE('',#6978,#6979);
#6978 = CARTESIAN_POINT('',(-37.35,36.75,-6.7));
#6979 = VECTOR('',#6980,1.);
#6980 = DIRECTION('',(0.,-1.,0.));
#6981 = ORIENTED_EDGE('',*,*,#6982,.T.);
#6982 = EDGE_CURVE('',#6975,#6983,#6985,.T.);
#6983 = VERTEX_POINT('',#6984);
#6984 = CARTESIAN_POINT('',(-37.52120327386,13.03,-6.7));
#6985 = LINE('',#6986,#6987);
#6986 = CARTESIAN_POINT('',(-18.76060163693,13.03,-6.7));
#6987 = VECTOR('',#6988,1.);
#6988 = DIRECTION('',(-1.,0.,0.));
#6989 = ORIENTED_EDGE('',*,*,#6990,.T.);
#6990 = EDGE_CURVE('',#6983,#6949,#6991,.T.);
#6991 = LINE('',#6992,#6993);
#6992 = CARTESIAN_POINT('',(-37.52120327386,5.965,-6.7));
#6993 = VECTOR('',#6994,1.);
#6994 = DIRECTION('',(0.,1.,0.));
#6995 = PLANE('',#6996);
#6996 = AXIS2_PLACEMENT_3D('',#6997,#6998,#6999);
#6997 = CARTESIAN_POINT('',(-1.84E-15,-9.7E-15,-6.7));
#6998 = DIRECTION('',(0.,0.,1.));
#6999 = DIRECTION('',(1.,0.,0.));
#7000 = ADVANCED_FACE('',(#7001),#7036,.T.);
#7001 = FACE_BOUND('',#7002,.T.);
#7002 = EDGE_LOOP('',(#7003,#7004,#7005,#7013,#7021,#7029,#7035));
#7003 = ORIENTED_EDGE('',*,*,#2216,.F.);
#7004 = ORIENTED_EDGE('',*,*,#6932,.T.);
#7005 = ORIENTED_EDGE('',*,*,#7006,.T.);
#7006 = EDGE_CURVE('',#6925,#7007,#7009,.T.);
#7007 = VERTEX_POINT('',#7008);
#7008 = CARTESIAN_POINT('',(-37.52120327386,14.03,-5.3));
#7009 = LINE('',#7010,#7011);
#7010 = CARTESIAN_POINT('',(-37.52120327386,14.03,-4.1));
#7011 = VECTOR('',#7012,1.);
#7012 = DIRECTION('',(0.,0.,-1.));
#7013 = ORIENTED_EDGE('',*,*,#7014,.T.);
#7014 = EDGE_CURVE('',#7007,#7015,#7017,.T.);
#7015 = VERTEX_POINT('',#7016);
#7016 = CARTESIAN_POINT('',(-37.72120327386,14.03,-5.3));
#7017 = LINE('',#7018,#7019);
#7018 = CARTESIAN_POINT('',(-5.600000000002,14.03,-5.3));
#7019 = VECTOR('',#7020,1.);
#7020 = DIRECTION('',(-1.,0.,0.));
#7021 = ORIENTED_EDGE('',*,*,#7022,.T.);
#7022 = EDGE_CURVE('',#7015,#7023,#7025,.T.);
#7023 = VERTEX_POINT('',#7024);
#7024 = CARTESIAN_POINT('',(-37.52120327386,14.03,-6.054303692112));
#7025 = LINE('',#7026,#7027);
#7026 = CARTESIAN_POINT('',(-38.1258347603,14.03,-3.773924879149));
#7027 = VECTOR('',#7028,1.);
#7028 = DIRECTION('',(0.256289373133,0.,-0.966600102017));
#7029 = ORIENTED_EDGE('',*,*,#7030,.T.);
#7030 = EDGE_CURVE('',#7023,#6949,#7031,.T.);
#7031 = LINE('',#7032,#7033);
#7032 = CARTESIAN_POINT('',(-37.52120327386,14.03,-4.1));
#7033 = VECTOR('',#7034,1.);
#7034 = DIRECTION('',(0.,0.,-1.));
#7035 = ORIENTED_EDGE('',*,*,#6948,.T.);
#7036 = PLANE('',#7037);
#7037 = AXIS2_PLACEMENT_3D('',#7038,#7039,#7040);
#7038 = CARTESIAN_POINT('',(-38.35,14.03,-2.2));
#7039 = DIRECTION('',(0.,1.,0.));
#7040 = DIRECTION('',(0.,0.,-1.));
#7041 = ADVANCED_FACE('',(#7042),#7078,.T.);
#7042 = FACE_BOUND('',#7043,.T.);
#7043 = EDGE_LOOP('',(#7044,#7052,#7060,#7068,#7074,#7075,#7076,#7077));
#7044 = ORIENTED_EDGE('',*,*,#7045,.F.);
#7045 = EDGE_CURVE('',#7046,#6566,#7048,.T.);
#7046 = VERTEX_POINT('',#7047);
#7047 = CARTESIAN_POINT('',(-36.15,4.130000000001,-5.3));
#7048 = LINE('',#7049,#7050);
#7049 = CARTESIAN_POINT('',(-36.15,36.75,-5.3));
#7050 = VECTOR('',#7051,1.);
#7051 = DIRECTION('',(0.,-1.,0.));
#7052 = ORIENTED_EDGE('',*,*,#7053,.T.);
#7053 = EDGE_CURVE('',#7046,#7054,#7056,.T.);
#7054 = VERTEX_POINT('',#7055);
#7055 = CARTESIAN_POINT('',(-36.15,4.130000000001,-2.2));
#7056 = LINE('',#7057,#7058);
#7057 = CARTESIAN_POINT('',(-36.15,4.130000000001,-3.95));
#7058 = VECTOR('',#7059,1.);
#7059 = DIRECTION('',(0.,0.,1.));
#7060 = ORIENTED_EDGE('',*,*,#7061,.T.);
#7061 = EDGE_CURVE('',#7054,#7062,#7064,.T.);
#7062 = VERTEX_POINT('',#7063);
#7063 = CARTESIAN_POINT('',(-36.15,-34.52879435587,-2.2));
#7064 = LINE('',#7065,#7066);
#7065 = CARTESIAN_POINT('',(-36.15,36.75,-2.2));
#7066 = VECTOR('',#7067,1.);
#7067 = DIRECTION('',(0.,-1.,0.));
#7068 = ORIENTED_EDGE('',*,*,#7069,.F.);
#7069 = EDGE_CURVE('',#2621,#7062,#7070,.T.);
#7070 = LINE('',#7071,#7072);
#7071 = CARTESIAN_POINT('',(-36.15,-34.52879435587,-2.2));
#7072 = VECTOR('',#7073,1.);
#7073 = DIRECTION('',(0.,0.,1.));
#7074 = ORIENTED_EDGE('',*,*,#2629,.F.);
#7075 = ORIENTED_EDGE('',*,*,#2376,.F.);
#7076 = ORIENTED_EDGE('',*,*,#6484,.F.);
#7077 = ORIENTED_EDGE('',*,*,#6573,.F.);
#7078 = PLANE('',#7079);
#7079 = AXIS2_PLACEMENT_3D('',#7080,#7081,#7082);
#7080 = CARTESIAN_POINT('',(-36.15,36.75,-6.7));
#7081 = DIRECTION('',(1.,0.,0.));
#7082 = DIRECTION('',(0.,-1.,0.));
#7083 = ADVANCED_FACE('',(#7084),#7103,.F.);
#7084 = FACE_BOUND('',#7085,.T.);
#7085 = EDGE_LOOP('',(#7086,#7094,#7095,#7096));
#7086 = ORIENTED_EDGE('',*,*,#7087,.T.);
#7087 = EDGE_CURVE('',#7088,#2574,#7090,.T.);
#7088 = VERTEX_POINT('',#7089);
#7089 = CARTESIAN_POINT('',(33.042787797876,-43.55257686242,-2.2));
#7090 = LINE('',#7091,#7092);
#7091 = CARTESIAN_POINT('',(33.042787797876,-43.55257686242,-6.7));
#7092 = VECTOR('',#7093,1.);
#7093 = DIRECTION('',(-0.,-0.,-1.));
#7094 = ORIENTED_EDGE('',*,*,#2582,.T.);
#7095 = ORIENTED_EDGE('',*,*,#2424,.T.);
#7096 = ORIENTED_EDGE('',*,*,#7097,.T.);
#7097 = EDGE_CURVE('',#2417,#7088,#7098,.T.);
#7098 = CIRCLE('',#7099,9.);
#7099 = AXIS2_PLACEMENT_3D('',#7100,#7101,#7102);
#7100 = CARTESIAN_POINT('',(27.15,-36.75,-2.2));
#7101 = DIRECTION('',(0.,0.,1.));
#7102 = DIRECTION('',(1.,0.,0.));
#7103 = CYLINDRICAL_SURFACE('',#7104,9.);
#7104 = AXIS2_PLACEMENT_3D('',#7105,#7106,#7107);
#7105 = CARTESIAN_POINT('',(27.15,-36.75,-6.7));
#7106 = DIRECTION('',(-0.,-0.,-1.));
#7107 = DIRECTION('',(1.,0.,0.));
#7108 = ADVANCED_FACE('',(#7109,#7347,#7355,#7363),#7397,.T.);
#7109 = FACE_BOUND('',#7110,.T.);
#7110 = EDGE_LOOP('',(#7111,#7121,#7129,#7137,#7145,#7153,#7161,#7169,
    #7177,#7185,#7193,#7201,#7210,#7219,#7228,#7235,#7236,#7245,#7254,
    #7263,#7272,#7280,#7289,#7298,#7305,#7306,#7307,#7316,#7324,#7333,
    #7340,#7341));
#7111 = ORIENTED_EDGE('',*,*,#7112,.F.);
#7112 = EDGE_CURVE('',#7113,#7115,#7117,.T.);
#7113 = VERTEX_POINT('',#7114);
#7114 = CARTESIAN_POINT('',(-35.75,10.829999999999,-2.2));
#7115 = VERTEX_POINT('',#7116);
#7116 = CARTESIAN_POINT('',(-35.75,4.130000000001,-2.2));
#7117 = LINE('',#7118,#7119);
#7118 = CARTESIAN_POINT('',(-35.75,6.308579648101,-2.2));
#7119 = VECTOR('',#7120,1.);
#7120 = DIRECTION('',(0.,-1.,0.));
#7121 = ORIENTED_EDGE('',*,*,#7122,.T.);
#7122 = EDGE_CURVE('',#7113,#7123,#7125,.T.);
#7123 = VERTEX_POINT('',#7124);
#7124 = CARTESIAN_POINT('',(-36.15,10.829999999999,-2.2));
#7125 = LINE('',#7126,#7127);
#7126 = CARTESIAN_POINT('',(-19.57398630966,10.829999999999,-2.2));
#7127 = VECTOR('',#7128,1.);
#7128 = DIRECTION('',(-1.,0.,0.));
#7129 = ORIENTED_EDGE('',*,*,#7130,.F.);
#7130 = EDGE_CURVE('',#7131,#7123,#7133,.T.);
#7131 = VERTEX_POINT('',#7132);
#7132 = CARTESIAN_POINT('',(-36.15,13.03,-2.2));
#7133 = LINE('',#7134,#7135);
#7134 = CARTESIAN_POINT('',(-36.15,36.75,-2.2));
#7135 = VECTOR('',#7136,1.);
#7136 = DIRECTION('',(0.,-1.,0.));
#7137 = ORIENTED_EDGE('',*,*,#7138,.T.);
#7138 = EDGE_CURVE('',#7131,#7139,#7141,.T.);
#7139 = VERTEX_POINT('',#7140);
#7140 = CARTESIAN_POINT('',(-35.75,13.03,-2.2));
#7141 = LINE('',#7142,#7143);
#7142 = CARTESIAN_POINT('',(-19.57398630966,13.03,-2.2));
#7143 = VECTOR('',#7144,1.);
#7144 = DIRECTION('',(1.,0.,0.));
#7145 = ORIENTED_EDGE('',*,*,#7146,.F.);
#7146 = EDGE_CURVE('',#7147,#7139,#7149,.T.);
#7147 = VERTEX_POINT('',#7148);
#7148 = CARTESIAN_POINT('',(-35.75,19.73,-2.2));
#7149 = LINE('',#7150,#7151);
#7150 = CARTESIAN_POINT('',(-35.75,6.308579648101,-2.2));
#7151 = VECTOR('',#7152,1.);
#7152 = DIRECTION('',(0.,-1.,0.));
#7153 = ORIENTED_EDGE('',*,*,#7154,.T.);
#7154 = EDGE_CURVE('',#7147,#7155,#7157,.T.);
#7155 = VERTEX_POINT('',#7156);
#7156 = CARTESIAN_POINT('',(-36.15,19.73,-2.2));
#7157 = LINE('',#7158,#7159);
#7158 = CARTESIAN_POINT('',(-19.57398630966,19.73,-2.2));
#7159 = VECTOR('',#7160,1.);
#7160 = DIRECTION('',(-1.,0.,0.));
#7161 = ORIENTED_EDGE('',*,*,#7162,.F.);
#7162 = EDGE_CURVE('',#7163,#7155,#7165,.T.);
#7163 = VERTEX_POINT('',#7164);
#7164 = CARTESIAN_POINT('',(-36.15,21.45,-2.2));
#7165 = LINE('',#7166,#7167);
#7166 = CARTESIAN_POINT('',(-36.15,36.75,-2.2));
#7167 = VECTOR('',#7168,1.);
#7168 = DIRECTION('',(0.,-1.,0.));
#7169 = ORIENTED_EDGE('',*,*,#7170,.T.);
#7170 = EDGE_CURVE('',#7163,#7171,#7173,.T.);
#7171 = VERTEX_POINT('',#7172);
#7172 = CARTESIAN_POINT('',(-35.72120327386,21.45,-2.2));
#7173 = LINE('',#7174,#7175);
#7174 = CARTESIAN_POINT('',(-19.57398630966,21.45,-2.2));
#7175 = VECTOR('',#7176,1.);
#7176 = DIRECTION('',(1.,0.,0.));
#7177 = ORIENTED_EDGE('',*,*,#7178,.F.);
#7178 = EDGE_CURVE('',#7179,#7171,#7181,.T.);
#7179 = VERTEX_POINT('',#7180);
#7180 = CARTESIAN_POINT('',(-35.72120327386,32.25,-2.2));
#7181 = LINE('',#7182,#7183);
#7182 = CARTESIAN_POINT('',(-35.72120327386,13.7685796481,-2.2));
#7183 = VECTOR('',#7184,1.);
#7184 = DIRECTION('',(0.,-1.,0.));
#7185 = ORIENTED_EDGE('',*,*,#7186,.T.);
#7186 = EDGE_CURVE('',#7179,#7187,#7189,.T.);
#7187 = VERTEX_POINT('',#7188);
#7188 = CARTESIAN_POINT('',(-36.15,32.25,-2.2));
#7189 = LINE('',#7190,#7191);
#7190 = CARTESIAN_POINT('',(-19.57398630966,32.25,-2.2));
#7191 = VECTOR('',#7192,1.);
#7192 = DIRECTION('',(-1.,0.,0.));
#7193 = ORIENTED_EDGE('',*,*,#7194,.F.);
#7194 = EDGE_CURVE('',#7195,#7187,#7197,.T.);
#7195 = VERTEX_POINT('',#7196);
#7196 = CARTESIAN_POINT('',(-36.15,36.75,-2.2));
#7197 = LINE('',#7198,#7199);
#7198 = CARTESIAN_POINT('',(-36.15,36.75,-2.2));
#7199 = VECTOR('',#7200,1.);
#7200 = DIRECTION('',(0.,-1.,0.));
#7201 = ORIENTED_EDGE('',*,*,#7202,.F.);
#7202 = EDGE_CURVE('',#7203,#7195,#7205,.T.);
#7203 = VERTEX_POINT('',#7204);
#7204 = CARTESIAN_POINT('',(-33.77660085675,42.840005015213,-2.2));
#7205 = CIRCLE('',#7206,9.);
#7206 = AXIS2_PLACEMENT_3D('',#7207,#7208,#7209);
#7207 = CARTESIAN_POINT('',(-27.15,36.75,-2.2));
#7208 = DIRECTION('',(0.,0.,1.));
#7209 = DIRECTION('',(1.,0.,0.));
#7210 = ORIENTED_EDGE('',*,*,#7211,.T.);
#7211 = EDGE_CURVE('',#7203,#7212,#7214,.T.);
#7212 = VERTEX_POINT('',#7213);
#7213 = CARTESIAN_POINT('',(-30.347,41.932,-2.2));
#7214 = CIRCLE('',#7215,1.835);
#7215 = AXIS2_PLACEMENT_3D('',#7216,#7217,#7218);
#7216 = CARTESIAN_POINT('',(-32.182,41.932,-2.2));
#7217 = DIRECTION('',(0.,0.,1.));
#7218 = DIRECTION('',(1.,0.,0.));
#7219 = ORIENTED_EDGE('',*,*,#7220,.T.);
#7220 = EDGE_CURVE('',#7212,#7221,#7223,.T.);
#7221 = VERTEX_POINT('',#7222);
#7222 = CARTESIAN_POINT('',(-33.04278779787,43.552576862425,-2.2));
#7223 = CIRCLE('',#7224,1.835);
#7224 = AXIS2_PLACEMENT_3D('',#7225,#7226,#7227);
#7225 = CARTESIAN_POINT('',(-32.182,41.932,-2.2));
#7226 = DIRECTION('',(0.,0.,1.));
#7227 = DIRECTION('',(1.,0.,0.));
#7228 = ORIENTED_EDGE('',*,*,#7229,.F.);
#7229 = EDGE_CURVE('',#6239,#7221,#7230,.T.);
#7230 = CIRCLE('',#7231,9.);
#7231 = AXIS2_PLACEMENT_3D('',#7232,#7233,#7234);
#7232 = CARTESIAN_POINT('',(-27.15,36.75,-2.2));
#7233 = DIRECTION('',(0.,0.,1.));
#7234 = DIRECTION('',(1.,0.,0.));
#7235 = ORIENTED_EDGE('',*,*,#6238,.F.);
#7236 = ORIENTED_EDGE('',*,*,#7237,.F.);
#7237 = EDGE_CURVE('',#7238,#6231,#7240,.T.);
#7238 = VERTEX_POINT('',#7239);
#7239 = CARTESIAN_POINT('',(33.042787797876,43.552576862425,-2.2));
#7240 = CIRCLE('',#7241,9.);
#7241 = AXIS2_PLACEMENT_3D('',#7242,#7243,#7244);
#7242 = CARTESIAN_POINT('',(27.15,36.75,-2.2));
#7243 = DIRECTION('',(0.,0.,1.));
#7244 = DIRECTION('',(1.,0.,0.));
#7245 = ORIENTED_EDGE('',*,*,#7246,.T.);
#7246 = EDGE_CURVE('',#7238,#7247,#7249,.T.);
#7247 = VERTEX_POINT('',#7248);
#7248 = CARTESIAN_POINT('',(34.017,41.932,-2.2));
#7249 = CIRCLE('',#7250,1.835);
#7250 = AXIS2_PLACEMENT_3D('',#7251,#7252,#7253);
#7251 = CARTESIAN_POINT('',(32.182,41.932,-2.2));
#7252 = DIRECTION('',(0.,0.,1.));
#7253 = DIRECTION('',(1.,0.,0.));
#7254 = ORIENTED_EDGE('',*,*,#7255,.T.);
#7255 = EDGE_CURVE('',#7247,#7256,#7258,.T.);
#7256 = VERTEX_POINT('',#7257);
#7257 = CARTESIAN_POINT('',(33.77660085675,42.840005015213,-2.2));
#7258 = CIRCLE('',#7259,1.835);
#7259 = AXIS2_PLACEMENT_3D('',#7260,#7261,#7262);
#7260 = CARTESIAN_POINT('',(32.182,41.932,-2.2));
#7261 = DIRECTION('',(0.,0.,1.));
#7262 = DIRECTION('',(1.,0.,0.));
#7263 = ORIENTED_EDGE('',*,*,#7264,.F.);
#7264 = EDGE_CURVE('',#7265,#7256,#7267,.T.);
#7265 = VERTEX_POINT('',#7266);
#7266 = CARTESIAN_POINT('',(36.15,36.75,-2.2));
#7267 = CIRCLE('',#7268,9.);
#7268 = AXIS2_PLACEMENT_3D('',#7269,#7270,#7271);
#7269 = CARTESIAN_POINT('',(27.15,36.75,-2.2));
#7270 = DIRECTION('',(0.,0.,1.));
#7271 = DIRECTION('',(1.,0.,0.));
#7272 = ORIENTED_EDGE('',*,*,#7273,.F.);
#7273 = EDGE_CURVE('',#7274,#7265,#7276,.T.);
#7274 = VERTEX_POINT('',#7275);
#7275 = CARTESIAN_POINT('',(36.15,-36.75,-2.2));
#7276 = LINE('',#7277,#7278);
#7277 = CARTESIAN_POINT('',(36.15,-36.75,-2.2));
#7278 = VECTOR('',#7279,1.);
#7279 = DIRECTION('',(0.,1.,0.));
#7280 = ORIENTED_EDGE('',*,*,#7281,.F.);
#7281 = EDGE_CURVE('',#7282,#7274,#7284,.T.);
#7282 = VERTEX_POINT('',#7283);
#7283 = CARTESIAN_POINT('',(33.77660085675,-42.84000501521,-2.2));
#7284 = CIRCLE('',#7285,9.);
#7285 = AXIS2_PLACEMENT_3D('',#7286,#7287,#7288);
#7286 = CARTESIAN_POINT('',(27.15,-36.75,-2.2));
#7287 = DIRECTION('',(0.,0.,1.));
#7288 = DIRECTION('',(1.,0.,0.));
#7289 = ORIENTED_EDGE('',*,*,#7290,.T.);
#7290 = EDGE_CURVE('',#7282,#7291,#7293,.T.);
#7291 = VERTEX_POINT('',#7292);
#7292 = CARTESIAN_POINT('',(34.017,-41.932,-2.2));
#7293 = CIRCLE('',#7294,1.835);
#7294 = AXIS2_PLACEMENT_3D('',#7295,#7296,#7297);
#7295 = CARTESIAN_POINT('',(32.182,-41.932,-2.2));
#7296 = DIRECTION('',(0.,0.,1.));
#7297 = DIRECTION('',(1.,0.,0.));
#7298 = ORIENTED_EDGE('',*,*,#7299,.T.);
#7299 = EDGE_CURVE('',#7291,#7088,#7300,.T.);
#7300 = CIRCLE('',#7301,1.835);
#7301 = AXIS2_PLACEMENT_3D('',#7302,#7303,#7304);
#7302 = CARTESIAN_POINT('',(32.182,-41.932,-2.2));
#7303 = DIRECTION('',(0.,0.,1.));
#7304 = DIRECTION('',(1.,0.,0.));
#7305 = ORIENTED_EDGE('',*,*,#7097,.F.);
#7306 = ORIENTED_EDGE('',*,*,#2416,.F.);
#7307 = ORIENTED_EDGE('',*,*,#7308,.F.);
#7308 = EDGE_CURVE('',#7309,#2409,#7311,.T.);
#7309 = VERTEX_POINT('',#7310);
#7310 = CARTESIAN_POINT('',(-36.15,-36.75,-2.2));
#7311 = CIRCLE('',#7312,9.);
#7312 = AXIS2_PLACEMENT_3D('',#7313,#7314,#7315);
#7313 = CARTESIAN_POINT('',(-27.15,-36.75,-2.2));
#7314 = DIRECTION('',(0.,0.,1.));
#7315 = DIRECTION('',(1.,0.,0.));
#7316 = ORIENTED_EDGE('',*,*,#7317,.F.);
#7317 = EDGE_CURVE('',#7318,#7309,#7320,.T.);
#7318 = VERTEX_POINT('',#7319);
#7319 = CARTESIAN_POINT('',(-36.15,-36.43520564412,-2.2));
#7320 = LINE('',#7321,#7322);
#7321 = CARTESIAN_POINT('',(-36.15,36.75,-2.2));
#7322 = VECTOR('',#7323,1.);
#7323 = DIRECTION('',(0.,-1.,0.));
#7324 = ORIENTED_EDGE('',*,*,#7325,.T.);
#7325 = EDGE_CURVE('',#7318,#7326,#7328,.T.);
#7326 = VERTEX_POINT('',#7327);
#7327 = CARTESIAN_POINT('',(-32.747,-35.482,-2.2));
#7328 = CIRCLE('',#7329,1.835);
#7329 = AXIS2_PLACEMENT_3D('',#7330,#7331,#7332);
#7330 = CARTESIAN_POINT('',(-34.582,-35.482,-2.2));
#7331 = DIRECTION('',(0.,0.,1.));
#7332 = DIRECTION('',(1.,0.,0.));
#7333 = ORIENTED_EDGE('',*,*,#7334,.T.);
#7334 = EDGE_CURVE('',#7326,#7062,#7335,.T.);
#7335 = CIRCLE('',#7336,1.835);
#7336 = AXIS2_PLACEMENT_3D('',#7337,#7338,#7339);
#7337 = CARTESIAN_POINT('',(-34.582,-35.482,-2.2));
#7338 = DIRECTION('',(0.,0.,1.));
#7339 = DIRECTION('',(1.,0.,0.));
#7340 = ORIENTED_EDGE('',*,*,#7061,.F.);
#7341 = ORIENTED_EDGE('',*,*,#7342,.T.);
#7342 = EDGE_CURVE('',#7054,#7115,#7343,.T.);
#7343 = LINE('',#7344,#7345);
#7344 = CARTESIAN_POINT('',(-19.57398630966,4.130000000001,-2.2));
#7345 = VECTOR('',#7346,1.);
#7346 = DIRECTION('',(1.,0.,0.));
#7347 = FACE_BOUND('',#7348,.T.);
#7348 = EDGE_LOOP('',(#7349,#7350,#7351,#7352,#7353,#7354));
#7349 = ORIENTED_EDGE('',*,*,#3840,.F.);
#7350 = ORIENTED_EDGE('',*,*,#3793,.T.);
#7351 = ORIENTED_EDGE('',*,*,#3864,.T.);
#7352 = ORIENTED_EDGE('',*,*,#3929,.T.);
#7353 = ORIENTED_EDGE('',*,*,#3978,.T.);
#7354 = ORIENTED_EDGE('',*,*,#4027,.T.);
#7355 = FACE_BOUND('',#7356,.T.);
#7356 = EDGE_LOOP('',(#7357,#7358,#7359,#7360,#7361,#7362));
#7357 = ORIENTED_EDGE('',*,*,#5098,.F.);
#7358 = ORIENTED_EDGE('',*,*,#5176,.T.);
#7359 = ORIENTED_EDGE('',*,*,#5225,.T.);
#7360 = ORIENTED_EDGE('',*,*,#5274,.T.);
#7361 = ORIENTED_EDGE('',*,*,#5323,.T.);
#7362 = ORIENTED_EDGE('',*,*,#5381,.T.);
#7363 = FACE_BOUND('',#7364,.T.);
#7364 = EDGE_LOOP('',(#7365,#7375,#7383,#7391));
#7365 = ORIENTED_EDGE('',*,*,#7366,.T.);
#7366 = EDGE_CURVE('',#7367,#7369,#7371,.T.);
#7367 = VERTEX_POINT('',#7368);
#7368 = CARTESIAN_POINT('',(29.9,42.35,-2.2));
#7369 = VERTEX_POINT('',#7370);
#7370 = CARTESIAN_POINT('',(24.9,42.35,-2.2));
#7371 = LINE('',#7372,#7373);
#7372 = CARTESIAN_POINT('',(29.9,42.35,-2.2));
#7373 = VECTOR('',#7374,1.);
#7374 = DIRECTION('',(-1.,0.,0.));
#7375 = ORIENTED_EDGE('',*,*,#7376,.T.);
#7376 = EDGE_CURVE('',#7369,#7377,#7379,.T.);
#7377 = VERTEX_POINT('',#7378);
#7378 = CARTESIAN_POINT('',(24.9,38.85,-2.2));
#7379 = LINE('',#7380,#7381);
#7380 = CARTESIAN_POINT('',(24.9,42.35,-2.2));
#7381 = VECTOR('',#7382,1.);
#7382 = DIRECTION('',(0.,-1.,0.));
#7383 = ORIENTED_EDGE('',*,*,#7384,.T.);
#7384 = EDGE_CURVE('',#7377,#7385,#7387,.T.);
#7385 = VERTEX_POINT('',#7386);
#7386 = CARTESIAN_POINT('',(29.9,38.85,-2.2));
#7387 = LINE('',#7388,#7389);
#7388 = CARTESIAN_POINT('',(24.9,38.85,-2.2));
#7389 = VECTOR('',#7390,1.);
#7390 = DIRECTION('',(1.,0.,0.));
#7391 = ORIENTED_EDGE('',*,*,#7392,.T.);
#7392 = EDGE_CURVE('',#7385,#7367,#7393,.T.);
#7393 = LINE('',#7394,#7395);
#7394 = CARTESIAN_POINT('',(29.9,38.85,-2.2));
#7395 = VECTOR('',#7396,1.);
#7396 = DIRECTION('',(0.,1.,0.));
#7397 = PLANE('',#7398);
#7398 = AXIS2_PLACEMENT_3D('',#7399,#7400,#7401);
#7399 = CARTESIAN_POINT('',(-1.626769345472,0.687159296201,-2.2));
#7400 = DIRECTION('',(-0.,-0.,-1.));
#7401 = DIRECTION('',(-1.,0.,0.));
#7402 = ADVANCED_FACE('',(#7403),#7414,.F.);
#7403 = FACE_BOUND('',#7404,.T.);
#7404 = EDGE_LOOP('',(#7405,#7406,#7412,#7413));
#7405 = ORIENTED_EDGE('',*,*,#2603,.T.);
#7406 = ORIENTED_EDGE('',*,*,#7407,.T.);
#7407 = EDGE_CURVE('',#2604,#7309,#7408,.T.);
#7408 = LINE('',#7409,#7410);
#7409 = CARTESIAN_POINT('',(-36.15,-36.75,-6.7));
#7410 = VECTOR('',#7411,1.);
#7411 = DIRECTION('',(0.,0.,1.));
#7412 = ORIENTED_EDGE('',*,*,#7308,.T.);
#7413 = ORIENTED_EDGE('',*,*,#2408,.F.);
#7414 = CYLINDRICAL_SURFACE('',#7415,9.);
#7415 = AXIS2_PLACEMENT_3D('',#7416,#7417,#7418);
#7416 = CARTESIAN_POINT('',(-27.15,-36.75,-6.7));
#7417 = DIRECTION('',(-0.,-0.,-1.));
#7418 = DIRECTION('',(1.,0.,0.));
#7419 = ADVANCED_FACE('',(#7420),#7448,.T.);
#7420 = FACE_BOUND('',#7421,.T.);
#7421 = EDGE_LOOP('',(#7422,#7423,#7431,#7438,#7439,#7440,#7446,#7447));
#7422 = ORIENTED_EDGE('',*,*,#7299,.F.);
#7423 = ORIENTED_EDGE('',*,*,#7424,.T.);
#7424 = EDGE_CURVE('',#7291,#7425,#7427,.T.);
#7425 = VERTEX_POINT('',#7426);
#7426 = CARTESIAN_POINT('',(34.017,-41.932,-8.));
#7427 = LINE('',#7428,#7429);
#7428 = CARTESIAN_POINT('',(34.017,-41.932,-2.2));
#7429 = VECTOR('',#7430,1.);
#7430 = DIRECTION('',(-0.,-0.,-1.));
#7431 = ORIENTED_EDGE('',*,*,#7432,.T.);
#7432 = EDGE_CURVE('',#7425,#7425,#7433,.T.);
#7433 = CIRCLE('',#7434,1.835);
#7434 = AXIS2_PLACEMENT_3D('',#7435,#7436,#7437);
#7435 = CARTESIAN_POINT('',(32.182,-41.932,-8.));
#7436 = DIRECTION('',(0.,0.,1.));
#7437 = DIRECTION('',(1.,0.,0.));
#7438 = ORIENTED_EDGE('',*,*,#7424,.F.);
#7439 = ORIENTED_EDGE('',*,*,#7290,.F.);
#7440 = ORIENTED_EDGE('',*,*,#7441,.T.);
#7441 = EDGE_CURVE('',#7282,#2565,#7442,.T.);
#7442 = LINE('',#7443,#7444);
#7443 = CARTESIAN_POINT('',(33.77660085675,-42.84000501521,-6.7));
#7444 = VECTOR('',#7445,1.);
#7445 = DIRECTION('',(-0.,-0.,-1.));
#7446 = ORIENTED_EDGE('',*,*,#2573,.F.);
#7447 = ORIENTED_EDGE('',*,*,#7087,.F.);
#7448 = CYLINDRICAL_SURFACE('',#7449,1.835);
#7449 = AXIS2_PLACEMENT_3D('',#7450,#7451,#7452);
#7450 = CARTESIAN_POINT('',(32.182,-41.932,-2.2));
#7451 = DIRECTION('',(0.,0.,1.));
#7452 = DIRECTION('',(1.,0.,0.));
#7453 = ADVANCED_FACE('',(#7454),#7465,.F.);
#7454 = FACE_BOUND('',#7455,.T.);
#7455 = EDGE_LOOP('',(#7456,#7462,#7463,#7464));
#7456 = ORIENTED_EDGE('',*,*,#7457,.F.);
#7457 = EDGE_CURVE('',#2557,#7274,#7458,.T.);
#7458 = LINE('',#7459,#7460);
#7459 = CARTESIAN_POINT('',(36.15,-36.75,-6.7));
#7460 = VECTOR('',#7461,1.);
#7461 = DIRECTION('',(0.,0.,1.));
#7462 = ORIENTED_EDGE('',*,*,#2564,.T.);
#7463 = ORIENTED_EDGE('',*,*,#7441,.F.);
#7464 = ORIENTED_EDGE('',*,*,#7281,.T.);
#7465 = CYLINDRICAL_SURFACE('',#7466,9.);
#7466 = AXIS2_PLACEMENT_3D('',#7467,#7468,#7469);
#7467 = CARTESIAN_POINT('',(27.15,-36.75,-6.7));
#7468 = DIRECTION('',(-0.,-0.,-1.));
#7469 = DIRECTION('',(1.,0.,0.));
#7470 = ADVANCED_FACE('',(#7471),#7528,.T.);
#7471 = FACE_BOUND('',#7472,.T.);
#7472 = EDGE_LOOP('',(#7473,#7474,#7475,#7476,#7482,#7483,#7491,#7499,
    #7505,#7506,#7514,#7522));
#7473 = ORIENTED_EDGE('',*,*,#2556,.F.);
#7474 = ORIENTED_EDGE('',*,*,#7457,.T.);
#7475 = ORIENTED_EDGE('',*,*,#7273,.T.);
#7476 = ORIENTED_EDGE('',*,*,#7477,.F.);
#7477 = EDGE_CURVE('',#2484,#7265,#7478,.T.);
#7478 = LINE('',#7479,#7480);
#7479 = CARTESIAN_POINT('',(36.15,36.75,-6.7));
#7480 = VECTOR('',#7481,1.);
#7481 = DIRECTION('',(0.,0.,1.));
#7482 = ORIENTED_EDGE('',*,*,#2492,.F.);
#7483 = ORIENTED_EDGE('',*,*,#7484,.T.);
#7484 = EDGE_CURVE('',#2493,#7485,#7487,.T.);
#7485 = VERTEX_POINT('',#7486);
#7486 = CARTESIAN_POINT('',(36.15,19.88,-3.5));
#7487 = LINE('',#7488,#7489);
#7488 = CARTESIAN_POINT('',(36.15,19.88,-8.5));
#7489 = VECTOR('',#7490,1.);
#7490 = DIRECTION('',(0.,0.,1.));
#7491 = ORIENTED_EDGE('',*,*,#7492,.T.);
#7492 = EDGE_CURVE('',#7485,#7493,#7495,.T.);
#7493 = VERTEX_POINT('',#7494);
#7494 = CARTESIAN_POINT('',(36.15,12.88,-3.5));
#7495 = LINE('',#7496,#7497);
#7496 = CARTESIAN_POINT('',(36.15,19.88,-3.5));
#7497 = VECTOR('',#7498,1.);
#7498 = DIRECTION('',(0.,-1.,0.));
#7499 = ORIENTED_EDGE('',*,*,#7500,.T.);
#7500 = EDGE_CURVE('',#7493,#2517,#7501,.T.);
#7501 = LINE('',#7502,#7503);
#7502 = CARTESIAN_POINT('',(36.15,12.88,-3.5));
#7503 = VECTOR('',#7504,1.);
#7504 = DIRECTION('',(0.,0.,-1.));
#7505 = ORIENTED_EDGE('',*,*,#2524,.F.);
#7506 = ORIENTED_EDGE('',*,*,#7507,.T.);
#7507 = EDGE_CURVE('',#2525,#7508,#7510,.T.);
#7508 = VERTEX_POINT('',#7509);
#7509 = CARTESIAN_POINT('',(36.15,10.98,-3.5));
#7510 = LINE('',#7511,#7512);
#7511 = CARTESIAN_POINT('',(36.15,10.98,-8.5));
#7512 = VECTOR('',#7513,1.);
#7513 = DIRECTION('',(0.,0.,1.));
#7514 = ORIENTED_EDGE('',*,*,#7515,.T.);
#7515 = EDGE_CURVE('',#7508,#7516,#7518,.T.);
#7516 = VERTEX_POINT('',#7517);
#7517 = CARTESIAN_POINT('',(36.15,3.98,-3.5));
#7518 = LINE('',#7519,#7520);
#7519 = CARTESIAN_POINT('',(36.15,10.98,-3.5));
#7520 = VECTOR('',#7521,1.);
#7521 = DIRECTION('',(0.,-1.,0.));
#7522 = ORIENTED_EDGE('',*,*,#7523,.T.);
#7523 = EDGE_CURVE('',#7516,#2549,#7524,.T.);
#7524 = LINE('',#7525,#7526);
#7525 = CARTESIAN_POINT('',(36.15,3.98,-3.5));
#7526 = VECTOR('',#7527,1.);
#7527 = DIRECTION('',(0.,0.,-1.));
#7528 = PLANE('',#7529);
#7529 = AXIS2_PLACEMENT_3D('',#7530,#7531,#7532);
#7530 = CARTESIAN_POINT('',(36.15,-36.75,-6.7));
#7531 = DIRECTION('',(-1.,0.,0.));
#7532 = DIRECTION('',(0.,1.,0.));
#7533 = ADVANCED_FACE('',(#7534),#7552,.T.);
#7534 = FACE_BOUND('',#7535,.T.);
#7535 = EDGE_LOOP('',(#7536,#7537,#7545,#7551));
#7536 = ORIENTED_EDGE('',*,*,#7523,.F.);
#7537 = ORIENTED_EDGE('',*,*,#7538,.T.);
#7538 = EDGE_CURVE('',#7516,#7539,#7541,.T.);
#7539 = VERTEX_POINT('',#7540);
#7540 = CARTESIAN_POINT('',(37.25,3.98,-3.5));
#7541 = LINE('',#7542,#7543);
#7542 = CARTESIAN_POINT('',(36.15,3.98,-3.5));
#7543 = VECTOR('',#7544,1.);
#7544 = DIRECTION('',(1.,0.,0.));
#7545 = ORIENTED_EDGE('',*,*,#7546,.T.);
#7546 = EDGE_CURVE('',#7539,#2541,#7547,.T.);
#7547 = LINE('',#7548,#7549);
#7548 = CARTESIAN_POINT('',(37.25,3.98,-3.5));
#7549 = VECTOR('',#7550,1.);
#7550 = DIRECTION('',(0.,0.,-1.));
#7551 = ORIENTED_EDGE('',*,*,#2548,.T.);
#7552 = PLANE('',#7553);
#7553 = AXIS2_PLACEMENT_3D('',#7554,#7555,#7556);
#7554 = CARTESIAN_POINT('',(36.15,3.98,-3.5));
#7555 = DIRECTION('',(0.,1.,0.));
#7556 = DIRECTION('',(0.,0.,-1.));
#7557 = ADVANCED_FACE('',(#7558),#7576,.F.);
#7558 = FACE_BOUND('',#7559,.F.);
#7559 = EDGE_LOOP('',(#7560,#7568,#7569,#7570));
#7560 = ORIENTED_EDGE('',*,*,#7561,.T.);
#7561 = EDGE_CURVE('',#7562,#7539,#7564,.T.);
#7562 = VERTEX_POINT('',#7563);
#7563 = CARTESIAN_POINT('',(37.25,10.98,-3.5));
#7564 = LINE('',#7565,#7566);
#7565 = CARTESIAN_POINT('',(37.25,10.98,-3.5));
#7566 = VECTOR('',#7567,1.);
#7567 = DIRECTION('',(0.,-1.,0.));
#7568 = ORIENTED_EDGE('',*,*,#7546,.T.);
#7569 = ORIENTED_EDGE('',*,*,#2540,.T.);
#7570 = ORIENTED_EDGE('',*,*,#7571,.T.);
#7571 = EDGE_CURVE('',#2533,#7562,#7572,.T.);
#7572 = LINE('',#7573,#7574);
#7573 = CARTESIAN_POINT('',(37.25,10.98,-8.5));
#7574 = VECTOR('',#7575,1.);
#7575 = DIRECTION('',(0.,0.,1.));
#7576 = PLANE('',#7577);
#7577 = AXIS2_PLACEMENT_3D('',#7578,#7579,#7580);
#7578 = CARTESIAN_POINT('',(37.25,11.93,-6.));
#7579 = DIRECTION('',(1.,0.,0.));
#7580 = DIRECTION('',(0.,0.,1.));
#7581 = ADVANCED_FACE('',(#7582),#7593,.T.);
#7582 = FACE_BOUND('',#7583,.T.);
#7583 = EDGE_LOOP('',(#7584,#7585,#7586,#7587));
#7584 = ORIENTED_EDGE('',*,*,#7507,.F.);
#7585 = ORIENTED_EDGE('',*,*,#2532,.T.);
#7586 = ORIENTED_EDGE('',*,*,#7571,.T.);
#7587 = ORIENTED_EDGE('',*,*,#7588,.F.);
#7588 = EDGE_CURVE('',#7508,#7562,#7589,.T.);
#7589 = LINE('',#7590,#7591);
#7590 = CARTESIAN_POINT('',(36.15,10.98,-3.5));
#7591 = VECTOR('',#7592,1.);
#7592 = DIRECTION('',(1.,0.,0.));
#7593 = PLANE('',#7594);
#7594 = AXIS2_PLACEMENT_3D('',#7595,#7596,#7597);
#7595 = CARTESIAN_POINT('',(36.15,10.98,-8.5));
#7596 = DIRECTION('',(0.,-1.,0.));
#7597 = DIRECTION('',(0.,0.,1.));
#7598 = ADVANCED_FACE('',(#7599),#7617,.T.);
#7599 = FACE_BOUND('',#7600,.T.);
#7600 = EDGE_LOOP('',(#7601,#7602,#7610,#7616));
#7601 = ORIENTED_EDGE('',*,*,#7500,.F.);
#7602 = ORIENTED_EDGE('',*,*,#7603,.T.);
#7603 = EDGE_CURVE('',#7493,#7604,#7606,.T.);
#7604 = VERTEX_POINT('',#7605);
#7605 = CARTESIAN_POINT('',(37.25,12.88,-3.5));
#7606 = LINE('',#7607,#7608);
#7607 = CARTESIAN_POINT('',(36.15,12.88,-3.5));
#7608 = VECTOR('',#7609,1.);
#7609 = DIRECTION('',(1.,0.,0.));
#7610 = ORIENTED_EDGE('',*,*,#7611,.T.);
#7611 = EDGE_CURVE('',#7604,#2509,#7612,.T.);
#7612 = LINE('',#7613,#7614);
#7613 = CARTESIAN_POINT('',(37.25,12.88,-3.5));
#7614 = VECTOR('',#7615,1.);
#7615 = DIRECTION('',(0.,0.,-1.));
#7616 = ORIENTED_EDGE('',*,*,#2516,.T.);
#7617 = PLANE('',#7618);
#7618 = AXIS2_PLACEMENT_3D('',#7619,#7620,#7621);
#7619 = CARTESIAN_POINT('',(36.15,12.88,-3.5));
#7620 = DIRECTION('',(0.,1.,0.));
#7621 = DIRECTION('',(0.,0.,-1.));
#7622 = ADVANCED_FACE('',(#7623),#7641,.F.);
#7623 = FACE_BOUND('',#7624,.F.);
#7624 = EDGE_LOOP('',(#7625,#7633,#7634,#7635));
#7625 = ORIENTED_EDGE('',*,*,#7626,.T.);
#7626 = EDGE_CURVE('',#7627,#7604,#7629,.T.);
#7627 = VERTEX_POINT('',#7628);
#7628 = CARTESIAN_POINT('',(37.25,19.88,-3.5));
#7629 = LINE('',#7630,#7631);
#7630 = CARTESIAN_POINT('',(37.25,19.88,-3.5));
#7631 = VECTOR('',#7632,1.);
#7632 = DIRECTION('',(0.,-1.,0.));
#7633 = ORIENTED_EDGE('',*,*,#7611,.T.);
#7634 = ORIENTED_EDGE('',*,*,#2508,.T.);
#7635 = ORIENTED_EDGE('',*,*,#7636,.T.);
#7636 = EDGE_CURVE('',#2501,#7627,#7637,.T.);
#7637 = LINE('',#7638,#7639);
#7638 = CARTESIAN_POINT('',(37.25,19.88,-8.5));
#7639 = VECTOR('',#7640,1.);
#7640 = DIRECTION('',(0.,0.,1.));
#7641 = PLANE('',#7642);
#7642 = AXIS2_PLACEMENT_3D('',#7643,#7644,#7645);
#7643 = CARTESIAN_POINT('',(37.25,11.93,-6.));
#7644 = DIRECTION('',(1.,0.,0.));
#7645 = DIRECTION('',(0.,0.,1.));
#7646 = ADVANCED_FACE('',(#7647),#7658,.T.);
#7647 = FACE_BOUND('',#7648,.T.);
#7648 = EDGE_LOOP('',(#7649,#7650,#7651,#7652));
#7649 = ORIENTED_EDGE('',*,*,#7484,.F.);
#7650 = ORIENTED_EDGE('',*,*,#2500,.T.);
#7651 = ORIENTED_EDGE('',*,*,#7636,.T.);
#7652 = ORIENTED_EDGE('',*,*,#7653,.F.);
#7653 = EDGE_CURVE('',#7485,#7627,#7654,.T.);
#7654 = LINE('',#7655,#7656);
#7655 = CARTESIAN_POINT('',(36.15,19.88,-3.5));
#7656 = VECTOR('',#7657,1.);
#7657 = DIRECTION('',(1.,0.,0.));
#7658 = PLANE('',#7659);
#7659 = AXIS2_PLACEMENT_3D('',#7660,#7661,#7662);
#7660 = CARTESIAN_POINT('',(36.15,19.88,-8.5));
#7661 = DIRECTION('',(0.,-1.,0.));
#7662 = DIRECTION('',(0.,0.,1.));
#7663 = ADVANCED_FACE('',(#7664),#7675,.F.);
#7664 = FACE_BOUND('',#7665,.T.);
#7665 = EDGE_LOOP('',(#7666,#7672,#7673,#7674));
#7666 = ORIENTED_EDGE('',*,*,#7667,.T.);
#7667 = EDGE_CURVE('',#7256,#2475,#7668,.T.);
#7668 = LINE('',#7669,#7670);
#7669 = CARTESIAN_POINT('',(33.77660085675,42.840005015213,-6.7));
#7670 = VECTOR('',#7671,1.);
#7671 = DIRECTION('',(-0.,-0.,-1.));
#7672 = ORIENTED_EDGE('',*,*,#2483,.T.);
#7673 = ORIENTED_EDGE('',*,*,#7477,.T.);
#7674 = ORIENTED_EDGE('',*,*,#7264,.T.);
#7675 = CYLINDRICAL_SURFACE('',#7676,9.);
#7676 = AXIS2_PLACEMENT_3D('',#7677,#7678,#7679);
#7677 = CARTESIAN_POINT('',(27.15,36.75,-6.7));
#7678 = DIRECTION('',(-0.,-0.,-1.));
#7679 = DIRECTION('',(1.,0.,0.));
#7680 = ADVANCED_FACE('',(#7681),#7709,.T.);
#7681 = FACE_BOUND('',#7682,.T.);
#7682 = EDGE_LOOP('',(#7683,#7684,#7692,#7699,#7700,#7701,#7707,#7708));
#7683 = ORIENTED_EDGE('',*,*,#7255,.F.);
#7684 = ORIENTED_EDGE('',*,*,#7685,.T.);
#7685 = EDGE_CURVE('',#7247,#7686,#7688,.T.);
#7686 = VERTEX_POINT('',#7687);
#7687 = CARTESIAN_POINT('',(34.017,41.932,-8.));
#7688 = LINE('',#7689,#7690);
#7689 = CARTESIAN_POINT('',(34.017,41.932,-2.2));
#7690 = VECTOR('',#7691,1.);
#7691 = DIRECTION('',(-0.,-0.,-1.));
#7692 = ORIENTED_EDGE('',*,*,#7693,.T.);
#7693 = EDGE_CURVE('',#7686,#7686,#7694,.T.);
#7694 = CIRCLE('',#7695,1.835);
#7695 = AXIS2_PLACEMENT_3D('',#7696,#7697,#7698);
#7696 = CARTESIAN_POINT('',(32.182,41.932,-8.));
#7697 = DIRECTION('',(0.,0.,1.));
#7698 = DIRECTION('',(1.,0.,0.));
#7699 = ORIENTED_EDGE('',*,*,#7685,.F.);
#7700 = ORIENTED_EDGE('',*,*,#7246,.F.);
#7701 = ORIENTED_EDGE('',*,*,#7702,.T.);
#7702 = EDGE_CURVE('',#7238,#2466,#7703,.T.);
#7703 = LINE('',#7704,#7705);
#7704 = CARTESIAN_POINT('',(33.042787797876,43.552576862425,-6.7));
#7705 = VECTOR('',#7706,1.);
#7706 = DIRECTION('',(-0.,-0.,-1.));
#7707 = ORIENTED_EDGE('',*,*,#2474,.F.);
#7708 = ORIENTED_EDGE('',*,*,#7667,.F.);
#7709 = CYLINDRICAL_SURFACE('',#7710,1.835);
#7710 = AXIS2_PLACEMENT_3D('',#7711,#7712,#7713);
#7711 = CARTESIAN_POINT('',(32.182,41.932,-2.2));
#7712 = DIRECTION('',(0.,0.,1.));
#7713 = DIRECTION('',(1.,0.,0.));
#7714 = ADVANCED_FACE('',(#7715),#7721,.F.);
#7715 = FACE_BOUND('',#7716,.T.);
#7716 = EDGE_LOOP('',(#7717,#7718,#7719,#7720));
#7717 = ORIENTED_EDGE('',*,*,#6230,.F.);
#7718 = ORIENTED_EDGE('',*,*,#2465,.T.);
#7719 = ORIENTED_EDGE('',*,*,#7702,.F.);
#7720 = ORIENTED_EDGE('',*,*,#7237,.T.);
#7721 = CYLINDRICAL_SURFACE('',#7722,9.);
#7722 = AXIS2_PLACEMENT_3D('',#7723,#7724,#7725);
#7723 = CARTESIAN_POINT('',(27.15,36.75,-6.7));
#7724 = DIRECTION('',(-0.,-0.,-1.));
#7725 = DIRECTION('',(1.,0.,0.));
#7726 = ADVANCED_FACE('',(#7727),#7755,.T.);
#7727 = FACE_BOUND('',#7728,.T.);
#7728 = EDGE_LOOP('',(#7729,#7730,#7738,#7745,#7746,#7747,#7753,#7754));
#7729 = ORIENTED_EDGE('',*,*,#7334,.F.);
#7730 = ORIENTED_EDGE('',*,*,#7731,.T.);
#7731 = EDGE_CURVE('',#7326,#7732,#7734,.T.);
#7732 = VERTEX_POINT('',#7733);
#7733 = CARTESIAN_POINT('',(-32.747,-35.482,-8.));
#7734 = LINE('',#7735,#7736);
#7735 = CARTESIAN_POINT('',(-32.747,-35.482,-2.2));
#7736 = VECTOR('',#7737,1.);
#7737 = DIRECTION('',(-0.,-0.,-1.));
#7738 = ORIENTED_EDGE('',*,*,#7739,.T.);
#7739 = EDGE_CURVE('',#7732,#7732,#7740,.T.);
#7740 = CIRCLE('',#7741,1.835);
#7741 = AXIS2_PLACEMENT_3D('',#7742,#7743,#7744);
#7742 = CARTESIAN_POINT('',(-34.582,-35.482,-8.));
#7743 = DIRECTION('',(0.,0.,1.));
#7744 = DIRECTION('',(1.,0.,0.));
#7745 = ORIENTED_EDGE('',*,*,#7731,.F.);
#7746 = ORIENTED_EDGE('',*,*,#7325,.F.);
#7747 = ORIENTED_EDGE('',*,*,#7748,.F.);
#7748 = EDGE_CURVE('',#2613,#7318,#7749,.T.);
#7749 = LINE('',#7750,#7751);
#7750 = CARTESIAN_POINT('',(-36.15,-36.43520564412,-2.2));
#7751 = VECTOR('',#7752,1.);
#7752 = DIRECTION('',(0.,0.,1.));
#7753 = ORIENTED_EDGE('',*,*,#2620,.F.);
#7754 = ORIENTED_EDGE('',*,*,#7069,.T.);
#7755 = CYLINDRICAL_SURFACE('',#7756,1.835);
#7756 = AXIS2_PLACEMENT_3D('',#7757,#7758,#7759);
#7757 = CARTESIAN_POINT('',(-34.582,-35.482,-2.2));
#7758 = DIRECTION('',(0.,0.,1.));
#7759 = DIRECTION('',(1.,0.,0.));
#7760 = ADVANCED_FACE('',(#7761),#7767,.T.);
#7761 = FACE_BOUND('',#7762,.T.);
#7762 = EDGE_LOOP('',(#7763,#7764,#7765,#7766));
#7763 = ORIENTED_EDGE('',*,*,#2612,.F.);
#7764 = ORIENTED_EDGE('',*,*,#7748,.T.);
#7765 = ORIENTED_EDGE('',*,*,#7317,.T.);
#7766 = ORIENTED_EDGE('',*,*,#7407,.F.);
#7767 = PLANE('',#7768);
#7768 = AXIS2_PLACEMENT_3D('',#7769,#7770,#7771);
#7769 = CARTESIAN_POINT('',(-36.15,36.75,-6.7));
#7770 = DIRECTION('',(1.,0.,0.));
#7771 = DIRECTION('',(0.,-1.,0.));
#7772 = ADVANCED_FACE('',(#7773),#7779,.T.);
#7773 = FACE_BOUND('',#7774,.T.);
#7774 = EDGE_LOOP('',(#7775,#7776,#7777,#7778));
#7775 = ORIENTED_EDGE('',*,*,#2737,.T.);
#7776 = ORIENTED_EDGE('',*,*,#2761,.T.);
#7777 = ORIENTED_EDGE('',*,*,#2785,.T.);
#7778 = ORIENTED_EDGE('',*,*,#2809,.T.);
#7779 = PLANE('',#7780);
#7780 = AXIS2_PLACEMENT_3D('',#7781,#7782,#7783);
#7781 = CARTESIAN_POINT('',(0.,-18.87040626453,-0.5));
#7782 = DIRECTION('',(0.,0.,1.));
#7783 = DIRECTION('',(1.,0.,0.));
#7784 = ADVANCED_FACE('',(#7785),#7791,.T.);
#7785 = FACE_BOUND('',#7786,.T.);
#7786 = EDGE_LOOP('',(#7787,#7788,#7789,#7790));
#7787 = ORIENTED_EDGE('',*,*,#2833,.T.);
#7788 = ORIENTED_EDGE('',*,*,#2857,.T.);
#7789 = ORIENTED_EDGE('',*,*,#2881,.T.);
#7790 = ORIENTED_EDGE('',*,*,#2905,.T.);
#7791 = PLANE('',#7792);
#7792 = AXIS2_PLACEMENT_3D('',#7793,#7794,#7795);
#7793 = CARTESIAN_POINT('',(0.,-18.87040626453,-0.5));
#7794 = DIRECTION('',(0.,0.,1.));
#7795 = DIRECTION('',(1.,0.,0.));
#7796 = ADVANCED_FACE('',(#7797),#7803,.T.);
#7797 = FACE_BOUND('',#7798,.T.);
#7798 = EDGE_LOOP('',(#7799,#7800,#7801,#7802));
#7799 = ORIENTED_EDGE('',*,*,#2929,.T.);
#7800 = ORIENTED_EDGE('',*,*,#2953,.T.);
#7801 = ORIENTED_EDGE('',*,*,#2977,.T.);
#7802 = ORIENTED_EDGE('',*,*,#3001,.T.);
#7803 = PLANE('',#7804);
#7804 = AXIS2_PLACEMENT_3D('',#7805,#7806,#7807);
#7805 = CARTESIAN_POINT('',(0.,-18.87040626453,-0.5));
#7806 = DIRECTION('',(0.,0.,1.));
#7807 = DIRECTION('',(1.,0.,0.));
#7808 = ADVANCED_FACE('',(#7809),#7815,.T.);
#7809 = FACE_BOUND('',#7810,.T.);
#7810 = EDGE_LOOP('',(#7811,#7812,#7813,#7814));
#7811 = ORIENTED_EDGE('',*,*,#3025,.T.);
#7812 = ORIENTED_EDGE('',*,*,#3049,.T.);
#7813 = ORIENTED_EDGE('',*,*,#3073,.T.);
#7814 = ORIENTED_EDGE('',*,*,#3097,.T.);
#7815 = PLANE('',#7816);
#7816 = AXIS2_PLACEMENT_3D('',#7817,#7818,#7819);
#7817 = CARTESIAN_POINT('',(0.,-18.87040626453,-0.5));
#7818 = DIRECTION('',(0.,0.,1.));
#7819 = DIRECTION('',(1.,0.,0.));
#7820 = ADVANCED_FACE('',(#7821),#7827,.T.);
#7821 = FACE_BOUND('',#7822,.T.);
#7822 = EDGE_LOOP('',(#7823,#7824,#7825,#7826));
#7823 = ORIENTED_EDGE('',*,*,#3121,.T.);
#7824 = ORIENTED_EDGE('',*,*,#3145,.T.);
#7825 = ORIENTED_EDGE('',*,*,#3169,.T.);
#7826 = ORIENTED_EDGE('',*,*,#3193,.T.);
#7827 = PLANE('',#7828);
#7828 = AXIS2_PLACEMENT_3D('',#7829,#7830,#7831);
#7829 = CARTESIAN_POINT('',(0.,-18.87040626453,-0.5));
#7830 = DIRECTION('',(0.,0.,1.));
#7831 = DIRECTION('',(1.,0.,0.));
#7832 = ADVANCED_FACE('',(#7833),#7839,.T.);
#7833 = FACE_BOUND('',#7834,.T.);
#7834 = EDGE_LOOP('',(#7835,#7836,#7837,#7838));
#7835 = ORIENTED_EDGE('',*,*,#3217,.T.);
#7836 = ORIENTED_EDGE('',*,*,#3241,.T.);
#7837 = ORIENTED_EDGE('',*,*,#3265,.T.);
#7838 = ORIENTED_EDGE('',*,*,#3289,.T.);
#7839 = PLANE('',#7840);
#7840 = AXIS2_PLACEMENT_3D('',#7841,#7842,#7843);
#7841 = CARTESIAN_POINT('',(0.,-18.87040626453,-0.5));
#7842 = DIRECTION('',(0.,0.,1.));
#7843 = DIRECTION('',(1.,0.,0.));
#7844 = ADVANCED_FACE('',(#7845),#7851,.T.);
#7845 = FACE_BOUND('',#7846,.T.);
#7846 = EDGE_LOOP('',(#7847,#7848,#7849,#7850));
#7847 = ORIENTED_EDGE('',*,*,#3313,.T.);
#7848 = ORIENTED_EDGE('',*,*,#3337,.T.);
#7849 = ORIENTED_EDGE('',*,*,#3361,.T.);
#7850 = ORIENTED_EDGE('',*,*,#3385,.T.);
#7851 = PLANE('',#7852);
#7852 = AXIS2_PLACEMENT_3D('',#7853,#7854,#7855);
#7853 = CARTESIAN_POINT('',(0.,-18.87040626453,-0.5));
#7854 = DIRECTION('',(0.,0.,1.));
#7855 = DIRECTION('',(1.,0.,0.));
#7856 = ADVANCED_FACE('',(#7857),#7863,.T.);
#7857 = FACE_BOUND('',#7858,.T.);
#7858 = EDGE_LOOP('',(#7859,#7860,#7861,#7862));
#7859 = ORIENTED_EDGE('',*,*,#3409,.T.);
#7860 = ORIENTED_EDGE('',*,*,#3433,.T.);
#7861 = ORIENTED_EDGE('',*,*,#3457,.T.);
#7862 = ORIENTED_EDGE('',*,*,#3481,.T.);
#7863 = PLANE('',#7864);
#7864 = AXIS2_PLACEMENT_3D('',#7865,#7866,#7867);
#7865 = CARTESIAN_POINT('',(0.,-18.87040626453,-0.5));
#7866 = DIRECTION('',(0.,0.,1.));
#7867 = DIRECTION('',(1.,0.,0.));
#7868 = ADVANCED_FACE('',(#7869),#7875,.T.);
#7869 = FACE_BOUND('',#7870,.T.);
#7870 = EDGE_LOOP('',(#7871,#7872,#7873,#7874));
#7871 = ORIENTED_EDGE('',*,*,#3505,.T.);
#7872 = ORIENTED_EDGE('',*,*,#3529,.T.);
#7873 = ORIENTED_EDGE('',*,*,#3553,.T.);
#7874 = ORIENTED_EDGE('',*,*,#3577,.T.);
#7875 = PLANE('',#7876);
#7876 = AXIS2_PLACEMENT_3D('',#7877,#7878,#7879);
#7877 = CARTESIAN_POINT('',(0.,-18.87040626453,-0.5));
#7878 = DIRECTION('',(0.,0.,1.));
#7879 = DIRECTION('',(1.,0.,0.));
#7880 = ADVANCED_FACE('',(#7881),#7887,.T.);
#7881 = FACE_BOUND('',#7882,.T.);
#7882 = EDGE_LOOP('',(#7883,#7884,#7885,#7886));
#7883 = ORIENTED_EDGE('',*,*,#3601,.T.);
#7884 = ORIENTED_EDGE('',*,*,#3625,.T.);
#7885 = ORIENTED_EDGE('',*,*,#3649,.T.);
#7886 = ORIENTED_EDGE('',*,*,#3673,.T.);
#7887 = PLANE('',#7888);
#7888 = AXIS2_PLACEMENT_3D('',#7889,#7890,#7891);
#7889 = CARTESIAN_POINT('',(0.,-18.87040626453,-0.5));
#7890 = DIRECTION('',(0.,0.,1.));
#7891 = DIRECTION('',(1.,0.,0.));
#7892 = ADVANCED_FACE('',(#7893),#7899,.T.);
#7893 = FACE_BOUND('',#7894,.T.);
#7894 = EDGE_LOOP('',(#7895,#7896,#7897,#7898));
#7895 = ORIENTED_EDGE('',*,*,#3697,.T.);
#7896 = ORIENTED_EDGE('',*,*,#3721,.T.);
#7897 = ORIENTED_EDGE('',*,*,#3745,.T.);
#7898 = ORIENTED_EDGE('',*,*,#3769,.T.);
#7899 = PLANE('',#7900);
#7900 = AXIS2_PLACEMENT_3D('',#7901,#7902,#7903);
#7901 = CARTESIAN_POINT('',(0.,-18.87040626453,-0.5));
#7902 = DIRECTION('',(0.,0.,1.));
#7903 = DIRECTION('',(1.,0.,0.));
#7904 = ADVANCED_FACE('',(#7905),#7916,.F.);
#7905 = FACE_BOUND('',#7906,.F.);
#7906 = EDGE_LOOP('',(#7907,#7908,#7914,#7915));
#7907 = ORIENTED_EDGE('',*,*,#3890,.T.);
#7908 = ORIENTED_EDGE('',*,*,#7909,.T.);
#7909 = EDGE_CURVE('',#3891,#4079,#7910,.T.);
#7910 = LINE('',#7911,#7912);
#7911 = CARTESIAN_POINT('',(-30.4,-2.5,-1.));
#7912 = VECTOR('',#7913,1.);
#7913 = DIRECTION('',(1.,0.,0.));
#7914 = ORIENTED_EDGE('',*,*,#4086,.T.);
#7915 = ORIENTED_EDGE('',*,*,#3824,.T.);
#7916 = PLANE('',#7917);
#7917 = AXIS2_PLACEMENT_3D('',#7918,#7919,#7920);
#7918 = CARTESIAN_POINT('',(0.,-6.E-17,-1.));
#7919 = DIRECTION('',(0.,0.,1.));
#7920 = DIRECTION('',(1.,0.,0.));
#7921 = ADVANCED_FACE('',(#7922,#7935),#7946,.T.);
#7922 = FACE_BOUND('',#7923,.T.);
#7923 = EDGE_LOOP('',(#7924,#7925,#7931,#7932,#7933,#7934));
#7924 = ORIENTED_EDGE('',*,*,#3906,.F.);
#7925 = ORIENTED_EDGE('',*,*,#7926,.T.);
#7926 = EDGE_CURVE('',#3899,#4071,#7927,.T.);
#7927 = LINE('',#7928,#7929);
#7928 = CARTESIAN_POINT('',(-30.4,-2.5,-2.2));
#7929 = VECTOR('',#7930,1.);
#7930 = DIRECTION('',(1.,0.,0.));
#7931 = ORIENTED_EDGE('',*,*,#4070,.F.);
#7932 = ORIENTED_EDGE('',*,*,#4044,.F.);
#7933 = ORIENTED_EDGE('',*,*,#4003,.F.);
#7934 = ORIENTED_EDGE('',*,*,#3953,.F.);
#7935 = FACE_BOUND('',#7936,.T.);
#7936 = EDGE_LOOP('',(#7937));
#7937 = ORIENTED_EDGE('',*,*,#7938,.T.);
#7938 = EDGE_CURVE('',#7939,#7939,#7941,.T.);
#7939 = VERTEX_POINT('',#7940);
#7940 = CARTESIAN_POINT('',(2.9,-34.15,-2.2));
#7941 = CIRCLE('',#7942,2.9);
#7942 = AXIS2_PLACEMENT_3D('',#7943,#7944,#7945);
#7943 = CARTESIAN_POINT('',(0.,-34.15,-2.2));
#7944 = DIRECTION('',(0.,0.,1.));
#7945 = DIRECTION('',(1.,0.,0.));
#7946 = PLANE('',#7947);
#7947 = AXIS2_PLACEMENT_3D('',#7948,#7949,#7950);
#7948 = CARTESIAN_POINT('',(-1.626769345472,0.687159296201,-2.2));
#7949 = DIRECTION('',(-0.,-0.,-1.));
#7950 = DIRECTION('',(-1.,0.,0.));
#7951 = ADVANCED_FACE('',(#7952),#7958,.T.);
#7952 = FACE_BOUND('',#7953,.T.);
#7953 = EDGE_LOOP('',(#7954,#7955,#7956,#7957));
#7954 = ORIENTED_EDGE('',*,*,#3898,.T.);
#7955 = ORIENTED_EDGE('',*,*,#7909,.T.);
#7956 = ORIENTED_EDGE('',*,*,#4078,.F.);
#7957 = ORIENTED_EDGE('',*,*,#7926,.F.);
#7958 = PLANE('',#7959);
#7959 = AXIS2_PLACEMENT_3D('',#7960,#7961,#7962);
#7960 = CARTESIAN_POINT('',(-30.4,-2.5,-2.2));
#7961 = DIRECTION('',(0.,1.,0.));
#7962 = DIRECTION('',(1.,0.,0.));
#7963 = ADVANCED_FACE('',(#7964),#7974,.T.);
#7964 = FACE_BOUND('',#7965,.T.);
#7965 = EDGE_LOOP('',(#7966,#7967,#7968,#7969,#7970,#7971,#7972,#7973));
#7966 = ORIENTED_EDGE('',*,*,#4109,.T.);
#7967 = ORIENTED_EDGE('',*,*,#4158,.T.);
#7968 = ORIENTED_EDGE('',*,*,#4207,.T.);
#7969 = ORIENTED_EDGE('',*,*,#4256,.T.);
#7970 = ORIENTED_EDGE('',*,*,#4281,.T.);
#7971 = ORIENTED_EDGE('',*,*,#4238,.T.);
#7972 = ORIENTED_EDGE('',*,*,#4190,.T.);
#7973 = ORIENTED_EDGE('',*,*,#4140,.T.);
#7974 = PLANE('',#7975);
#7975 = AXIS2_PLACEMENT_3D('',#7976,#7977,#7978);
#7976 = CARTESIAN_POINT('',(2.499E-14,42.258865969462,-1.1));
#7977 = DIRECTION('',(0.,0.,1.));
#7978 = DIRECTION('',(1.,0.,0.));
#7979 = ADVANCED_FACE('',(#7980),#7990,.T.);
#7980 = FACE_BOUND('',#7981,.T.);
#7981 = EDGE_LOOP('',(#7982,#7983,#7984,#7985,#7986,#7987,#7988,#7989));
#7982 = ORIENTED_EDGE('',*,*,#4305,.T.);
#7983 = ORIENTED_EDGE('',*,*,#4354,.T.);
#7984 = ORIENTED_EDGE('',*,*,#4403,.T.);
#7985 = ORIENTED_EDGE('',*,*,#4452,.T.);
#7986 = ORIENTED_EDGE('',*,*,#4477,.T.);
#7987 = ORIENTED_EDGE('',*,*,#4434,.T.);
#7988 = ORIENTED_EDGE('',*,*,#4386,.T.);
#7989 = ORIENTED_EDGE('',*,*,#4336,.T.);
#7990 = PLANE('',#7991);
#7991 = AXIS2_PLACEMENT_3D('',#7992,#7993,#7994);
#7992 = CARTESIAN_POINT('',(2.499E-14,42.258865969462,-1.1));
#7993 = DIRECTION('',(0.,0.,1.));
#7994 = DIRECTION('',(1.,0.,0.));
#7995 = ADVANCED_FACE('',(#7996),#8006,.T.);
#7996 = FACE_BOUND('',#7997,.T.);
#7997 = EDGE_LOOP('',(#7998,#7999,#8000,#8001,#8002,#8003,#8004,#8005));
#7998 = ORIENTED_EDGE('',*,*,#4501,.T.);
#7999 = ORIENTED_EDGE('',*,*,#4550,.T.);
#8000 = ORIENTED_EDGE('',*,*,#4599,.T.);
#8001 = ORIENTED_EDGE('',*,*,#4648,.T.);
#8002 = ORIENTED_EDGE('',*,*,#4673,.T.);
#8003 = ORIENTED_EDGE('',*,*,#4630,.T.);
#8004 = ORIENTED_EDGE('',*,*,#4582,.T.);
#8005 = ORIENTED_EDGE('',*,*,#4532,.T.);
#8006 = PLANE('',#8007);
#8007 = AXIS2_PLACEMENT_3D('',#8008,#8009,#8010);
#8008 = CARTESIAN_POINT('',(2.499E-14,42.258865969462,-1.1));
#8009 = DIRECTION('',(0.,0.,1.));
#8010 = DIRECTION('',(1.,0.,0.));
#8011 = ADVANCED_FACE('',(#8012),#8022,.T.);
#8012 = FACE_BOUND('',#8013,.T.);
#8013 = EDGE_LOOP('',(#8014,#8015,#8016,#8017,#8018,#8019,#8020,#8021));
#8014 = ORIENTED_EDGE('',*,*,#4697,.T.);
#8015 = ORIENTED_EDGE('',*,*,#4746,.T.);
#8016 = ORIENTED_EDGE('',*,*,#4795,.T.);
#8017 = ORIENTED_EDGE('',*,*,#4844,.T.);
#8018 = ORIENTED_EDGE('',*,*,#4869,.T.);
#8019 = ORIENTED_EDGE('',*,*,#4826,.T.);
#8020 = ORIENTED_EDGE('',*,*,#4778,.T.);
#8021 = ORIENTED_EDGE('',*,*,#4728,.T.);
#8022 = PLANE('',#8023);
#8023 = AXIS2_PLACEMENT_3D('',#8024,#8025,#8026);
#8024 = CARTESIAN_POINT('',(2.499E-14,42.258865969462,-1.1));
#8025 = DIRECTION('',(0.,0.,1.));
#8026 = DIRECTION('',(1.,0.,0.));
#8027 = ADVANCED_FACE('',(#8028),#8038,.T.);
#8028 = FACE_BOUND('',#8029,.T.);
#8029 = EDGE_LOOP('',(#8030,#8031,#8032,#8033,#8034,#8035,#8036,#8037));
#8030 = ORIENTED_EDGE('',*,*,#4893,.T.);
#8031 = ORIENTED_EDGE('',*,*,#4942,.T.);
#8032 = ORIENTED_EDGE('',*,*,#4991,.T.);
#8033 = ORIENTED_EDGE('',*,*,#5040,.T.);
#8034 = ORIENTED_EDGE('',*,*,#5065,.T.);
#8035 = ORIENTED_EDGE('',*,*,#5022,.T.);
#8036 = ORIENTED_EDGE('',*,*,#4974,.T.);
#8037 = ORIENTED_EDGE('',*,*,#4924,.T.);
#8038 = PLANE('',#8039);
#8039 = AXIS2_PLACEMENT_3D('',#8040,#8041,#8042);
#8040 = CARTESIAN_POINT('',(2.499E-14,42.258865969462,-1.1));
#8041 = DIRECTION('',(0.,0.,1.));
#8042 = DIRECTION('',(1.,0.,0.));
#8043 = ADVANCED_FACE('',(#8044),#8055,.F.);
#8044 = FACE_BOUND('',#8045,.F.);
#8045 = EDGE_LOOP('',(#8046,#8047,#8048,#8049));
#8046 = ORIENTED_EDGE('',*,*,#5365,.T.);
#8047 = ORIENTED_EDGE('',*,*,#5121,.T.);
#8048 = ORIENTED_EDGE('',*,*,#5137,.T.);
#8049 = ORIENTED_EDGE('',*,*,#8050,.T.);
#8050 = EDGE_CURVE('',#5138,#5358,#8051,.T.);
#8051 = LINE('',#8052,#8053);
#8052 = CARTESIAN_POINT('',(30.4,2.5,-1.));
#8053 = VECTOR('',#8054,1.);
#8054 = DIRECTION('',(-1.,0.,0.));
#8055 = PLANE('',#8056);
#8056 = AXIS2_PLACEMENT_3D('',#8057,#8058,#8059);
#8057 = CARTESIAN_POINT('',(0.,-6.E-17,-1.));
#8058 = DIRECTION('',(0.,0.,1.));
#8059 = DIRECTION('',(1.,0.,0.));
#8060 = ADVANCED_FACE('',(#8061,#8074),#8085,.T.);
#8061 = FACE_BOUND('',#8062,.T.);
#8062 = EDGE_LOOP('',(#8063,#8064,#8070,#8071,#8072,#8073));
#8063 = ORIENTED_EDGE('',*,*,#5153,.F.);
#8064 = ORIENTED_EDGE('',*,*,#8065,.T.);
#8065 = EDGE_CURVE('',#5146,#5350,#8066,.T.);
#8066 = LINE('',#8067,#8068);
#8067 = CARTESIAN_POINT('',(30.4,2.5,-2.2));
#8068 = VECTOR('',#8069,1.);
#8069 = DIRECTION('',(-1.,0.,0.));
#8070 = ORIENTED_EDGE('',*,*,#5349,.F.);
#8071 = ORIENTED_EDGE('',*,*,#5298,.F.);
#8072 = ORIENTED_EDGE('',*,*,#5250,.F.);
#8073 = ORIENTED_EDGE('',*,*,#5200,.F.);
#8074 = FACE_BOUND('',#8075,.T.);
#8075 = EDGE_LOOP('',(#8076));
#8076 = ORIENTED_EDGE('',*,*,#8077,.T.);
#8077 = EDGE_CURVE('',#8078,#8078,#8080,.T.);
#8078 = VERTEX_POINT('',#8079);
#8079 = CARTESIAN_POINT('',(2.9,19.25,-2.2));
#8080 = CIRCLE('',#8081,2.9);
#8081 = AXIS2_PLACEMENT_3D('',#8082,#8083,#8084);
#8082 = CARTESIAN_POINT('',(0.,19.25,-2.2));
#8083 = DIRECTION('',(0.,0.,1.));
#8084 = DIRECTION('',(1.,0.,0.));
#8085 = PLANE('',#8086);
#8086 = AXIS2_PLACEMENT_3D('',#8087,#8088,#8089);
#8087 = CARTESIAN_POINT('',(-1.626769345472,0.687159296201,-2.2));
#8088 = DIRECTION('',(-0.,-0.,-1.));
#8089 = DIRECTION('',(-1.,0.,0.));
#8090 = ADVANCED_FACE('',(#8091),#8097,.T.);
#8091 = FACE_BOUND('',#8092,.T.);
#8092 = EDGE_LOOP('',(#8093,#8094,#8095,#8096));
#8093 = ORIENTED_EDGE('',*,*,#5145,.T.);
#8094 = ORIENTED_EDGE('',*,*,#8050,.T.);
#8095 = ORIENTED_EDGE('',*,*,#5357,.F.);
#8096 = ORIENTED_EDGE('',*,*,#8065,.F.);
#8097 = PLANE('',#8098);
#8098 = AXIS2_PLACEMENT_3D('',#8099,#8100,#8101);
#8099 = CARTESIAN_POINT('',(30.4,2.5,-2.2));
#8100 = DIRECTION('',(0.,-1.,0.));
#8101 = DIRECTION('',(-1.,0.,0.));
#8102 = ADVANCED_FACE('',(#8103),#8113,.T.);
#8103 = FACE_BOUND('',#8104,.T.);
#8104 = EDGE_LOOP('',(#8105,#8106,#8107,#8108,#8109,#8110,#8111,#8112));
#8105 = ORIENTED_EDGE('',*,*,#5405,.T.);
#8106 = ORIENTED_EDGE('',*,*,#5454,.T.);
#8107 = ORIENTED_EDGE('',*,*,#5503,.T.);
#8108 = ORIENTED_EDGE('',*,*,#5552,.T.);
#8109 = ORIENTED_EDGE('',*,*,#5577,.T.);
#8110 = ORIENTED_EDGE('',*,*,#5534,.T.);
#8111 = ORIENTED_EDGE('',*,*,#5486,.T.);
#8112 = ORIENTED_EDGE('',*,*,#5436,.T.);
#8113 = PLANE('',#8114);
#8114 = AXIS2_PLACEMENT_3D('',#8115,#8116,#8117);
#8115 = CARTESIAN_POINT('',(2.499E-14,42.258865969462,-1.1));
#8116 = DIRECTION('',(0.,0.,1.));
#8117 = DIRECTION('',(1.,0.,0.));
#8118 = ADVANCED_FACE('',(#8119),#8129,.T.);
#8119 = FACE_BOUND('',#8120,.T.);
#8120 = EDGE_LOOP('',(#8121,#8122,#8123,#8124,#8125,#8126,#8127,#8128));
#8121 = ORIENTED_EDGE('',*,*,#5601,.T.);
#8122 = ORIENTED_EDGE('',*,*,#5650,.T.);
#8123 = ORIENTED_EDGE('',*,*,#5699,.T.);
#8124 = ORIENTED_EDGE('',*,*,#5748,.T.);
#8125 = ORIENTED_EDGE('',*,*,#5773,.T.);
#8126 = ORIENTED_EDGE('',*,*,#5730,.T.);
#8127 = ORIENTED_EDGE('',*,*,#5682,.T.);
#8128 = ORIENTED_EDGE('',*,*,#5632,.T.);
#8129 = PLANE('',#8130);
#8130 = AXIS2_PLACEMENT_3D('',#8131,#8132,#8133);
#8131 = CARTESIAN_POINT('',(2.499E-14,42.258865969462,-1.1));
#8132 = DIRECTION('',(0.,0.,1.));
#8133 = DIRECTION('',(1.,0.,0.));
#8134 = ADVANCED_FACE('',(#8135),#8145,.T.);
#8135 = FACE_BOUND('',#8136,.T.);
#8136 = EDGE_LOOP('',(#8137,#8138,#8139,#8140,#8141,#8142,#8143,#8144));
#8137 = ORIENTED_EDGE('',*,*,#5797,.T.);
#8138 = ORIENTED_EDGE('',*,*,#5846,.T.);
#8139 = ORIENTED_EDGE('',*,*,#5895,.T.);
#8140 = ORIENTED_EDGE('',*,*,#5944,.T.);
#8141 = ORIENTED_EDGE('',*,*,#5969,.T.);
#8142 = ORIENTED_EDGE('',*,*,#5926,.T.);
#8143 = ORIENTED_EDGE('',*,*,#5878,.T.);
#8144 = ORIENTED_EDGE('',*,*,#5828,.T.);
#8145 = PLANE('',#8146);
#8146 = AXIS2_PLACEMENT_3D('',#8147,#8148,#8149);
#8147 = CARTESIAN_POINT('',(2.499E-14,42.258865969462,-1.1));
#8148 = DIRECTION('',(0.,0.,1.));
#8149 = DIRECTION('',(1.,0.,0.));
#8150 = ADVANCED_FACE('',(#8151),#8161,.T.);
#8151 = FACE_BOUND('',#8152,.T.);
#8152 = EDGE_LOOP('',(#8153,#8154,#8155,#8156,#8157,#8158,#8159,#8160));
#8153 = ORIENTED_EDGE('',*,*,#5993,.T.);
#8154 = ORIENTED_EDGE('',*,*,#6042,.T.);
#8155 = ORIENTED_EDGE('',*,*,#6091,.T.);
#8156 = ORIENTED_EDGE('',*,*,#6140,.T.);
#8157 = ORIENTED_EDGE('',*,*,#6165,.T.);
#8158 = ORIENTED_EDGE('',*,*,#6122,.T.);
#8159 = ORIENTED_EDGE('',*,*,#6074,.T.);
#8160 = ORIENTED_EDGE('',*,*,#6024,.T.);
#8161 = PLANE('',#8162);
#8162 = AXIS2_PLACEMENT_3D('',#8163,#8164,#8165);
#8163 = CARTESIAN_POINT('',(2.499E-14,42.258865969462,-1.1));
#8164 = DIRECTION('',(0.,0.,1.));
#8165 = DIRECTION('',(1.,0.,0.));
#8166 = ADVANCED_FACE('',(#8167,#8201,#8204),#8207,.F.);
#8167 = FACE_BOUND('',#8168,.F.);
#8168 = EDGE_LOOP('',(#8169,#8179,#8187,#8195));
#8169 = ORIENTED_EDGE('',*,*,#8170,.T.);
#8170 = EDGE_CURVE('',#8171,#8173,#8175,.T.);
#8171 = VERTEX_POINT('',#8172);
#8172 = CARTESIAN_POINT('',(24.9,42.35,-7.));
#8173 = VERTEX_POINT('',#8174);
#8174 = CARTESIAN_POINT('',(24.9,38.85,-7.));
#8175 = LINE('',#8176,#8177);
#8176 = CARTESIAN_POINT('',(24.9,42.35,-7.));
#8177 = VECTOR('',#8178,1.);
#8178 = DIRECTION('',(0.,-1.,0.));
#8179 = ORIENTED_EDGE('',*,*,#8180,.T.);
#8180 = EDGE_CURVE('',#8173,#8181,#8183,.T.);
#8181 = VERTEX_POINT('',#8182);
#8182 = CARTESIAN_POINT('',(29.9,38.85,-7.));
#8183 = LINE('',#8184,#8185);
#8184 = CARTESIAN_POINT('',(24.9,38.85,-7.));
#8185 = VECTOR('',#8186,1.);
#8186 = DIRECTION('',(1.,0.,0.));
#8187 = ORIENTED_EDGE('',*,*,#8188,.T.);
#8188 = EDGE_CURVE('',#8181,#8189,#8191,.T.);
#8189 = VERTEX_POINT('',#8190);
#8190 = CARTESIAN_POINT('',(29.9,42.35,-7.));
#8191 = LINE('',#8192,#8193);
#8192 = CARTESIAN_POINT('',(29.9,38.85,-7.));
#8193 = VECTOR('',#8194,1.);
#8194 = DIRECTION('',(0.,1.,0.));
#8195 = ORIENTED_EDGE('',*,*,#8196,.T.);
#8196 = EDGE_CURVE('',#8189,#8171,#8197,.T.);
#8197 = LINE('',#8198,#8199);
#8198 = CARTESIAN_POINT('',(29.9,42.35,-7.));
#8199 = VECTOR('',#8200,1.);
#8200 = DIRECTION('',(-1.,0.,0.));
#8201 = FACE_BOUND('',#8202,.T.);
#8202 = EDGE_LOOP('',(#8203));
#8203 = ORIENTED_EDGE('',*,*,#6181,.T.);
#8204 = FACE_BOUND('',#8205,.T.);
#8205 = EDGE_LOOP('',(#8206));
#8206 = ORIENTED_EDGE('',*,*,#6205,.T.);
#8207 = PLANE('',#8208);
#8208 = AXIS2_PLACEMENT_3D('',#8209,#8210,#8211);
#8209 = CARTESIAN_POINT('',(27.4,40.6,-7.));
#8210 = DIRECTION('',(0.,0.,1.));
#8211 = DIRECTION('',(1.,0.,0.));
#8212 = ADVANCED_FACE('',(#8213),#8290,.F.);
#8213 = FACE_BOUND('',#8214,.F.);
#8214 = EDGE_LOOP('',(#8215,#8216,#8217,#8225,#8234,#8240,#8241,#8249,
    #8257,#8265,#8274,#8283));
#8215 = ORIENTED_EDGE('',*,*,#6254,.F.);
#8216 = ORIENTED_EDGE('',*,*,#6451,.T.);
#8217 = ORIENTED_EDGE('',*,*,#8218,.T.);
#8218 = EDGE_CURVE('',#6452,#8219,#8221,.T.);
#8219 = VERTEX_POINT('',#8220);
#8220 = CARTESIAN_POINT('',(-27.15,47.321203273864,-5.3));
#8221 = LINE('',#8222,#8223);
#8222 = CARTESIAN_POINT('',(27.149999999997,47.321203273864,-5.3));
#8223 = VECTOR('',#8224,1.);
#8224 = DIRECTION('',(-1.,0.,0.));
#8225 = ORIENTED_EDGE('',*,*,#8226,.T.);
#8226 = EDGE_CURVE('',#8219,#8227,#8229,.T.);
#8227 = VERTEX_POINT('',#8228);
#8228 = CARTESIAN_POINT('',(-37.72120327386,36.75,-5.3));
#8229 = CIRCLE('',#8230,10.571203273864);
#8230 = AXIS2_PLACEMENT_3D('',#8231,#8232,#8233);
#8231 = CARTESIAN_POINT('',(-27.15,36.75,-5.3));
#8232 = DIRECTION('',(0.,0.,1.));
#8233 = DIRECTION('',(1.,0.,0.));
#8234 = ORIENTED_EDGE('',*,*,#8235,.T.);
#8235 = EDGE_CURVE('',#8227,#6511,#8236,.T.);
#8236 = LINE('',#8237,#8238);
#8237 = CARTESIAN_POINT('',(-37.72120327386,36.75,-5.3));
#8238 = VECTOR('',#8239,1.);
#8239 = DIRECTION('',(0.,-1.,0.));
#8240 = ORIENTED_EDGE('',*,*,#6518,.T.);
#8241 = ORIENTED_EDGE('',*,*,#8242,.T.);
#8242 = EDGE_CURVE('',#6519,#8243,#8245,.T.);
#8243 = VERTEX_POINT('',#8244);
#8244 = CARTESIAN_POINT('',(-37.52120327386,32.25,-5.3));
#8245 = LINE('',#8246,#8247);
#8246 = CARTESIAN_POINT('',(-37.52120327386,31.8,-5.3));
#8247 = VECTOR('',#8248,1.);
#8248 = DIRECTION('',(0.,1.,0.));
#8249 = ORIENTED_EDGE('',*,*,#8250,.T.);
#8250 = EDGE_CURVE('',#8243,#8251,#8253,.T.);
#8251 = VERTEX_POINT('',#8252);
#8252 = CARTESIAN_POINT('',(-36.15,32.25,-5.3));
#8253 = LINE('',#8254,#8255);
#8254 = CARTESIAN_POINT('',(-5.185601636934,32.25,-5.3));
#8255 = VECTOR('',#8256,1.);
#8256 = DIRECTION('',(1.,0.,0.));
#8257 = ORIENTED_EDGE('',*,*,#8258,.F.);
#8258 = EDGE_CURVE('',#8259,#8251,#8261,.T.);
#8259 = VERTEX_POINT('',#8260);
#8260 = CARTESIAN_POINT('',(-36.15,36.75,-5.3));
#8261 = LINE('',#8262,#8263);
#8262 = CARTESIAN_POINT('',(-36.15,36.75,-5.3));
#8263 = VECTOR('',#8264,1.);
#8264 = DIRECTION('',(0.,-1.,0.));
#8265 = ORIENTED_EDGE('',*,*,#8266,.T.);
#8266 = EDGE_CURVE('',#8259,#8267,#8269,.T.);
#8267 = VERTEX_POINT('',#8268);
#8268 = CARTESIAN_POINT('',(-33.77660085675,42.840005015213,-5.3));
#8269 = CIRCLE('',#8270,9.);
#8270 = AXIS2_PLACEMENT_3D('',#8271,#8272,#8273);
#8271 = CARTESIAN_POINT('',(-27.15,36.75,-5.3));
#8272 = DIRECTION('',(0.,0.,-1.));
#8273 = DIRECTION('',(1.,0.,0.));
#8274 = ORIENTED_EDGE('',*,*,#8275,.F.);
#8275 = EDGE_CURVE('',#8276,#8267,#8278,.T.);
#8276 = VERTEX_POINT('',#8277);
#8277 = CARTESIAN_POINT('',(-33.04278779787,43.552576862425,-5.3));
#8278 = CIRCLE('',#8279,1.835);
#8279 = AXIS2_PLACEMENT_3D('',#8280,#8281,#8282);
#8280 = CARTESIAN_POINT('',(-32.182,41.932,-5.3));
#8281 = DIRECTION('',(0.,0.,1.));
#8282 = DIRECTION('',(1.,0.,0.));
#8283 = ORIENTED_EDGE('',*,*,#8284,.T.);
#8284 = EDGE_CURVE('',#8276,#6247,#8285,.T.);
#8285 = CIRCLE('',#8286,9.);
#8286 = AXIS2_PLACEMENT_3D('',#8287,#8288,#8289);
#8287 = CARTESIAN_POINT('',(-27.15,36.75,-5.3));
#8288 = DIRECTION('',(0.,0.,-1.));
#8289 = DIRECTION('',(1.,0.,0.));
#8290 = PLANE('',#8291);
#8291 = AXIS2_PLACEMENT_3D('',#8292,#8293,#8294);
#8292 = CARTESIAN_POINT('',(27.149999999997,36.75,-5.3));
#8293 = DIRECTION('',(0.,0.,1.));
#8294 = DIRECTION('',(1.,0.,0.));
#8295 = ADVANCED_FACE('',(#8296),#8307,.F.);
#8296 = FACE_BOUND('',#8297,.T.);
#8297 = EDGE_LOOP('',(#8298,#8304,#8305,#8306));
#8298 = ORIENTED_EDGE('',*,*,#8299,.T.);
#8299 = EDGE_CURVE('',#7221,#8276,#8300,.T.);
#8300 = LINE('',#8301,#8302);
#8301 = CARTESIAN_POINT('',(-33.04278779787,43.552576862425,-6.7));
#8302 = VECTOR('',#8303,1.);
#8303 = DIRECTION('',(-0.,-0.,-1.));
#8304 = ORIENTED_EDGE('',*,*,#8284,.T.);
#8305 = ORIENTED_EDGE('',*,*,#6246,.T.);
#8306 = ORIENTED_EDGE('',*,*,#7229,.T.);
#8307 = CYLINDRICAL_SURFACE('',#8308,9.);
#8308 = AXIS2_PLACEMENT_3D('',#8309,#8310,#8311);
#8309 = CARTESIAN_POINT('',(-27.15,36.75,-6.7));
#8310 = DIRECTION('',(-0.,-0.,-1.));
#8311 = DIRECTION('',(1.,0.,0.));
#8312 = ADVANCED_FACE('',(#8313),#8323,.F.);
#8313 = FACE_BOUND('',#8314,.F.);
#8314 = EDGE_LOOP('',(#8315,#8316,#8317,#8322));
#8315 = ORIENTED_EDGE('',*,*,#6459,.F.);
#8316 = ORIENTED_EDGE('',*,*,#6431,.T.);
#8317 = ORIENTED_EDGE('',*,*,#8318,.T.);
#8318 = EDGE_CURVE('',#6423,#8219,#8319,.T.);
#8319 = B_SPLINE_CURVE_WITH_KNOTS('',1,(#8320,#8321),.UNSPECIFIED.,.F.,
  .F.,(2,2),(0.,1.),.PIECEWISE_BEZIER_KNOTS.);
#8320 = CARTESIAN_POINT('',(-27.15,46.95,-6.7));
#8321 = CARTESIAN_POINT('',(-27.15,47.321203273864,-5.3));
#8322 = ORIENTED_EDGE('',*,*,#8218,.F.);
#8323 = PLANE('',#8324);
#8324 = AXIS2_PLACEMENT_3D('',#8325,#8326,#8327);
#8325 = CARTESIAN_POINT('',(27.149999999997,47.321203273864,-5.3));
#8326 = DIRECTION('',(0.,0.966600102017,-0.256289373133));
#8327 = DIRECTION('',(-1.,0.,0.));
#8328 = ADVANCED_FACE('',(#8329),#8339,.F.);
#8329 = FACE_BOUND('',#8330,.F.);
#8330 = EDGE_LOOP('',(#8331,#8332,#8337,#8338));
#8331 = ORIENTED_EDGE('',*,*,#6422,.T.);
#8332 = ORIENTED_EDGE('',*,*,#8333,.T.);
#8333 = EDGE_CURVE('',#6415,#8227,#8334,.T.);
#8334 = B_SPLINE_CURVE_WITH_KNOTS('',1,(#8335,#8336),.UNSPECIFIED.,.F.,
  .F.,(2,2),(0.,1.),.PIECEWISE_BEZIER_KNOTS.);
#8335 = CARTESIAN_POINT('',(-37.35,36.75,-6.7));
#8336 = CARTESIAN_POINT('',(-37.72120327386,36.75,-5.3));
#8337 = ORIENTED_EDGE('',*,*,#8226,.F.);
#8338 = ORIENTED_EDGE('',*,*,#8318,.F.);
#8339 = CONICAL_SURFACE('',#8340,10.2,0.259181393921);
#8340 = AXIS2_PLACEMENT_3D('',#8341,#8342,#8343);
#8341 = CARTESIAN_POINT('',(-27.15,36.75,-6.7));
#8342 = DIRECTION('',(0.,0.,1.));
#8343 = DIRECTION('',(1.,0.,0.));
#8344 = ADVANCED_FACE('',(#8345),#8365,.F.);
#8345 = FACE_BOUND('',#8346,.F.);
#8346 = EDGE_LOOP('',(#8347,#8348,#8349,#8357,#8363,#8364));
#8347 = ORIENTED_EDGE('',*,*,#8333,.F.);
#8348 = ORIENTED_EDGE('',*,*,#6414,.T.);
#8349 = ORIENTED_EDGE('',*,*,#8350,.T.);
#8350 = EDGE_CURVE('',#6407,#8351,#8353,.T.);
#8351 = VERTEX_POINT('',#8352);
#8352 = CARTESIAN_POINT('',(-37.52120327386,32.25,-6.054303692112));
#8353 = LINE('',#8354,#8355);
#8354 = CARTESIAN_POINT('',(-37.02099271378,32.25,-7.940857053635));
#8355 = VECTOR('',#8356,1.);
#8356 = DIRECTION('',(-0.256289373133,0.,0.966600102017));
#8357 = ORIENTED_EDGE('',*,*,#8358,.T.);
#8358 = EDGE_CURVE('',#8351,#6503,#8359,.T.);
#8359 = LINE('',#8360,#8361);
#8360 = CARTESIAN_POINT('',(-37.52120327386,31.8,-6.054303692112));
#8361 = VECTOR('',#8362,1.);
#8362 = DIRECTION('',(0.,-1.,0.));
#8363 = ORIENTED_EDGE('',*,*,#6510,.T.);
#8364 = ORIENTED_EDGE('',*,*,#8235,.F.);
#8365 = PLANE('',#8366);
#8366 = AXIS2_PLACEMENT_3D('',#8367,#8368,#8369);
#8367 = CARTESIAN_POINT('',(-37.72120327386,36.75,-5.3));
#8368 = DIRECTION('',(-0.966600102017,0.,-0.256289373133));
#8369 = DIRECTION('',(0.,-1.,0.));
#8370 = ADVANCED_FACE('',(#8371),#8381,.T.);
#8371 = FACE_BOUND('',#8372,.T.);
#8372 = EDGE_LOOP('',(#8373,#8379,#8380));
#8373 = ORIENTED_EDGE('',*,*,#8374,.F.);
#8374 = EDGE_CURVE('',#6399,#8351,#8375,.T.);
#8375 = LINE('',#8376,#8377);
#8376 = CARTESIAN_POINT('',(-37.52120327386,32.25,-10.9));
#8377 = VECTOR('',#8378,1.);
#8378 = DIRECTION('',(0.,0.,1.));
#8379 = ORIENTED_EDGE('',*,*,#6406,.T.);
#8380 = ORIENTED_EDGE('',*,*,#8350,.T.);
#8381 = PLANE('',#8382);
#8382 = AXIS2_PLACEMENT_3D('',#8383,#8384,#8385);
#8383 = CARTESIAN_POINT('',(-37.52120327386,32.25,-10.9));
#8384 = DIRECTION('',(0.,-1.,0.));
#8385 = DIRECTION('',(0.,0.,1.));
#8386 = ADVANCED_FACE('',(#8387),#8393,.T.);
#8387 = FACE_BOUND('',#8388,.T.);
#8388 = EDGE_LOOP('',(#8389,#8390,#8391,#8392));
#8389 = ORIENTED_EDGE('',*,*,#8374,.T.);
#8390 = ORIENTED_EDGE('',*,*,#8358,.T.);
#8391 = ORIENTED_EDGE('',*,*,#6502,.F.);
#8392 = ORIENTED_EDGE('',*,*,#6398,.T.);
#8393 = PLANE('',#8394);
#8394 = AXIS2_PLACEMENT_3D('',#8395,#8396,#8397);
#8395 = CARTESIAN_POINT('',(-37.52120327386,26.85,-6.));
#8396 = DIRECTION('',(1.,0.,0.));
#8397 = DIRECTION('',(0.,0.,1.));
#8398 = ADVANCED_FACE('',(#8399),#8435,.T.);
#8399 = FACE_BOUND('',#8400,.T.);
#8400 = EDGE_LOOP('',(#8401,#8409,#8417,#8425,#8431,#8432,#8433,#8434));
#8401 = ORIENTED_EDGE('',*,*,#8402,.T.);
#8402 = EDGE_CURVE('',#8243,#8403,#8405,.T.);
#8403 = VERTEX_POINT('',#8404);
#8404 = CARTESIAN_POINT('',(-37.52120327386,32.25,-1.1));
#8405 = LINE('',#8406,#8407);
#8406 = CARTESIAN_POINT('',(-37.52120327386,32.25,-10.9));
#8407 = VECTOR('',#8408,1.);
#8408 = DIRECTION('',(0.,0.,1.));
#8409 = ORIENTED_EDGE('',*,*,#8410,.T.);
#8410 = EDGE_CURVE('',#8403,#8411,#8413,.T.);
#8411 = VERTEX_POINT('',#8412);
#8412 = CARTESIAN_POINT('',(-37.52120327386,21.45,-1.1));
#8413 = LINE('',#8414,#8415);
#8414 = CARTESIAN_POINT('',(-37.52120327386,32.25,-1.1));
#8415 = VECTOR('',#8416,1.);
#8416 = DIRECTION('',(0.,-1.,0.));
#8417 = ORIENTED_EDGE('',*,*,#8418,.T.);
#8418 = EDGE_CURVE('',#8411,#8419,#8421,.T.);
#8419 = VERTEX_POINT('',#8420);
#8420 = CARTESIAN_POINT('',(-37.52120327386,21.45,-5.3));
#8421 = LINE('',#8422,#8423);
#8422 = CARTESIAN_POINT('',(-37.52120327386,21.45,-1.1));
#8423 = VECTOR('',#8424,1.);
#8424 = DIRECTION('',(0.,0.,-1.));
#8425 = ORIENTED_EDGE('',*,*,#8426,.T.);
#8426 = EDGE_CURVE('',#8419,#6655,#8427,.T.);
#8427 = LINE('',#8428,#8429);
#8428 = CARTESIAN_POINT('',(-37.52120327386,31.8,-5.3));
#8429 = VECTOR('',#8430,1.);
#8430 = DIRECTION('',(0.,1.,0.));
#8431 = ORIENTED_EDGE('',*,*,#6654,.F.);
#8432 = ORIENTED_EDGE('',*,*,#6588,.F.);
#8433 = ORIENTED_EDGE('',*,*,#6526,.F.);
#8434 = ORIENTED_EDGE('',*,*,#8242,.T.);
#8435 = PLANE('',#8436);
#8436 = AXIS2_PLACEMENT_3D('',#8437,#8438,#8439);
#8437 = CARTESIAN_POINT('',(-37.52120327386,26.85,-6.));
#8438 = DIRECTION('',(1.,0.,0.));
#8439 = DIRECTION('',(0.,0.,1.));
#8440 = ADVANCED_FACE('',(#8441),#8466,.F.);
#8441 = FACE_BOUND('',#8442,.F.);
#8442 = EDGE_LOOP('',(#8443,#8451,#8452,#8458,#8459,#8460));
#8443 = ORIENTED_EDGE('',*,*,#8444,.T.);
#8444 = EDGE_CURVE('',#8445,#6710,#8447,.T.);
#8445 = VERTEX_POINT('',#8446);
#8446 = CARTESIAN_POINT('',(-37.52120327386,4.130000000001,-5.3));
#8447 = LINE('',#8448,#8449);
#8448 = CARTESIAN_POINT('',(-37.52120327386,24.34,-5.3));
#8449 = VECTOR('',#8450,1.);
#8450 = DIRECTION('',(0.,1.,0.));
#8451 = ORIENTED_EDGE('',*,*,#6717,.T.);
#8452 = ORIENTED_EDGE('',*,*,#8453,.T.);
#8453 = EDGE_CURVE('',#6718,#6558,#8454,.T.);
#8454 = LINE('',#8455,#8456);
#8455 = CARTESIAN_POINT('',(-37.72120327386,36.75,-5.3));
#8456 = VECTOR('',#8457,1.);
#8457 = DIRECTION('',(0.,-1.,0.));
#8458 = ORIENTED_EDGE('',*,*,#6565,.T.);
#8459 = ORIENTED_EDGE('',*,*,#7045,.F.);
#8460 = ORIENTED_EDGE('',*,*,#8461,.T.);
#8461 = EDGE_CURVE('',#7046,#8445,#8462,.T.);
#8462 = LINE('',#8463,#8464);
#8463 = CARTESIAN_POINT('',(-5.185601636934,4.130000000001,-5.3));
#8464 = VECTOR('',#8465,1.);
#8465 = DIRECTION('',(-1.,0.,0.));
#8466 = PLANE('',#8467);
#8467 = AXIS2_PLACEMENT_3D('',#8468,#8469,#8470);
#8468 = CARTESIAN_POINT('',(27.149999999997,36.75,-5.3));
#8469 = DIRECTION('',(0.,0.,1.));
#8470 = DIRECTION('',(1.,0.,0.));
#8471 = ADVANCED_FACE('',(#8472),#8492,.F.);
#8472 = FACE_BOUND('',#8473,.F.);
#8473 = EDGE_LOOP('',(#8474,#8475,#8476,#8484,#8490,#8491));
#8474 = ORIENTED_EDGE('',*,*,#8453,.F.);
#8475 = ORIENTED_EDGE('',*,*,#6725,.T.);
#8476 = ORIENTED_EDGE('',*,*,#8477,.T.);
#8477 = EDGE_CURVE('',#6726,#8478,#8480,.T.);
#8478 = VERTEX_POINT('',#8479);
#8479 = CARTESIAN_POINT('',(-37.52120327386,4.130000000001,
    -6.054303692112));
#8480 = LINE('',#8481,#8482);
#8481 = CARTESIAN_POINT('',(-37.52120327386,24.34,-6.054303692112));
#8482 = VECTOR('',#8483,1.);
#8483 = DIRECTION('',(0.,-1.,0.));
#8484 = ORIENTED_EDGE('',*,*,#8485,.T.);
#8485 = EDGE_CURVE('',#8478,#6613,#8486,.T.);
#8486 = LINE('',#8487,#8488);
#8487 = CARTESIAN_POINT('',(-38.22247998472,4.130000000001,
    -3.409425631122));
#8488 = VECTOR('',#8489,1.);
#8489 = DIRECTION('',(0.256289373133,0.,-0.966600102017));
#8490 = ORIENTED_EDGE('',*,*,#6638,.T.);
#8491 = ORIENTED_EDGE('',*,*,#6557,.T.);
#8492 = PLANE('',#8493);
#8493 = AXIS2_PLACEMENT_3D('',#8494,#8495,#8496);
#8494 = CARTESIAN_POINT('',(-37.72120327386,36.75,-5.3));
#8495 = DIRECTION('',(-0.966600102017,0.,-0.256289373133));
#8496 = DIRECTION('',(0.,-1.,0.));
#8497 = ADVANCED_FACE('',(#8498),#8508,.T.);
#8498 = FACE_BOUND('',#8499,.T.);
#8499 = EDGE_LOOP('',(#8500,#8506,#8507));
#8500 = ORIENTED_EDGE('',*,*,#8501,.F.);
#8501 = EDGE_CURVE('',#8478,#6615,#8502,.T.);
#8502 = LINE('',#8503,#8504);
#8503 = CARTESIAN_POINT('',(-37.52120327386,4.130000000001,-1.2));
#8504 = VECTOR('',#8505,1.);
#8505 = DIRECTION('',(0.,0.,-1.));
#8506 = ORIENTED_EDGE('',*,*,#8485,.T.);
#8507 = ORIENTED_EDGE('',*,*,#6612,.T.);
#8508 = PLANE('',#8509);
#8509 = AXIS2_PLACEMENT_3D('',#8510,#8511,#8512);
#8510 = CARTESIAN_POINT('',(-37.52120327386,4.130000000001,-1.2));
#8511 = DIRECTION('',(0.,1.,0.));
#8512 = DIRECTION('',(0.,0.,-1.));
#8513 = ADVANCED_FACE('',(#8514),#8520,.T.);
#8514 = FACE_BOUND('',#8515,.T.);
#8515 = EDGE_LOOP('',(#8516,#8517,#8518,#8519));
#8516 = ORIENTED_EDGE('',*,*,#8477,.T.);
#8517 = ORIENTED_EDGE('',*,*,#8501,.T.);
#8518 = ORIENTED_EDGE('',*,*,#6622,.T.);
#8519 = ORIENTED_EDGE('',*,*,#6733,.F.);
#8520 = PLANE('',#8521);
#8521 = AXIS2_PLACEMENT_3D('',#8522,#8523,#8524);
#8522 = CARTESIAN_POINT('',(-37.52120327386,11.930000000001,
    -5.999999999999));
#8523 = DIRECTION('',(1.,0.,0.));
#8524 = DIRECTION('',(0.,0.,1.));
#8525 = ADVANCED_FACE('',(#8526),#8544,.T.);
#8526 = FACE_BOUND('',#8527,.T.);
#8527 = EDGE_LOOP('',(#8528,#8536,#8542,#8543));
#8528 = ORIENTED_EDGE('',*,*,#8529,.T.);
#8529 = EDGE_CURVE('',#6671,#8530,#8532,.T.);
#8530 = VERTEX_POINT('',#8531);
#8531 = CARTESIAN_POINT('',(-37.52120327386,21.45,-6.054303692112));
#8532 = LINE('',#8533,#8534);
#8533 = CARTESIAN_POINT('',(-37.52120327386,31.8,-6.054303692112));
#8534 = VECTOR('',#8535,1.);
#8535 = DIRECTION('',(0.,-1.,0.));
#8536 = ORIENTED_EDGE('',*,*,#8537,.T.);
#8537 = EDGE_CURVE('',#8530,#6749,#8538,.T.);
#8538 = LINE('',#8539,#8540);
#8539 = CARTESIAN_POINT('',(-37.52120327386,21.45,-1.1));
#8540 = VECTOR('',#8541,1.);
#8541 = DIRECTION('',(0.,0.,-1.));
#8542 = ORIENTED_EDGE('',*,*,#6748,.T.);
#8543 = ORIENTED_EDGE('',*,*,#6678,.F.);
#8544 = PLANE('',#8545);
#8545 = AXIS2_PLACEMENT_3D('',#8546,#8547,#8548);
#8546 = CARTESIAN_POINT('',(-37.52120327386,26.85,-6.));
#8547 = DIRECTION('',(1.,0.,0.));
#8548 = DIRECTION('',(0.,0.,1.));
#8549 = ADVANCED_FACE('',(#8550),#8582,.F.);
#8550 = FACE_BOUND('',#8551,.F.);
#8551 = EDGE_LOOP('',(#8552,#8558,#8559,#8560,#8566,#8567,#8575,#8581));
#8552 = ORIENTED_EDGE('',*,*,#8553,.F.);
#8553 = EDGE_CURVE('',#6663,#6839,#8554,.T.);
#8554 = LINE('',#8555,#8556);
#8555 = CARTESIAN_POINT('',(-37.72120327386,36.75,-5.3));
#8556 = VECTOR('',#8557,1.);
#8557 = DIRECTION('',(0.,-1.,0.));
#8558 = ORIENTED_EDGE('',*,*,#6670,.T.);
#8559 = ORIENTED_EDGE('',*,*,#8529,.T.);
#8560 = ORIENTED_EDGE('',*,*,#8561,.T.);
#8561 = EDGE_CURVE('',#8530,#6783,#8562,.T.);
#8562 = LINE('',#8563,#8564);
#8563 = CARTESIAN_POINT('',(-38.23486645144,21.45,-3.362709843262));
#8564 = VECTOR('',#8565,1.);
#8565 = DIRECTION('',(0.256289373133,0.,-0.966600102017));
#8566 = ORIENTED_EDGE('',*,*,#6782,.T.);
#8567 = ORIENTED_EDGE('',*,*,#8568,.T.);
#8568 = EDGE_CURVE('',#6775,#8569,#8571,.T.);
#8569 = VERTEX_POINT('',#8570);
#8570 = CARTESIAN_POINT('',(-37.52120327386,19.73,-6.054303692112));
#8571 = LINE('',#8572,#8573);
#8572 = CARTESIAN_POINT('',(-37.03337918049,19.73,-7.894141265774));
#8573 = VECTOR('',#8574,1.);
#8574 = DIRECTION('',(-0.256289373133,0.,0.966600102017));
#8575 = ORIENTED_EDGE('',*,*,#8576,.T.);
#8576 = EDGE_CURVE('',#8569,#6831,#8577,.T.);
#8577 = LINE('',#8578,#8579);
#8578 = CARTESIAN_POINT('',(-37.52120327386,24.34,-6.054303692112));
#8579 = VECTOR('',#8580,1.);
#8580 = DIRECTION('',(0.,-1.,0.));
#8581 = ORIENTED_EDGE('',*,*,#6838,.T.);
#8582 = PLANE('',#8583);
#8583 = AXIS2_PLACEMENT_3D('',#8584,#8585,#8586);
#8584 = CARTESIAN_POINT('',(-37.72120327386,36.75,-5.3));
#8585 = DIRECTION('',(-0.966600102017,0.,-0.256289373133));
#8586 = DIRECTION('',(0.,-1.,0.));
#8587 = ADVANCED_FACE('',(#8588),#8624,.F.);
#8588 = FACE_BOUND('',#8589,.F.);
#8589 = EDGE_LOOP('',(#8590,#8598,#8599,#8600,#8601,#8602,#8610,#8618));
#8590 = ORIENTED_EDGE('',*,*,#8591,.T.);
#8591 = EDGE_CURVE('',#8592,#8419,#8594,.T.);
#8592 = VERTEX_POINT('',#8593);
#8593 = CARTESIAN_POINT('',(-36.15,21.45,-5.3));
#8594 = LINE('',#8595,#8596);
#8595 = CARTESIAN_POINT('',(-5.185601636934,21.45,-5.3));
#8596 = VECTOR('',#8597,1.);
#8597 = DIRECTION('',(-1.,0.,0.));
#8598 = ORIENTED_EDGE('',*,*,#8426,.T.);
#8599 = ORIENTED_EDGE('',*,*,#6662,.T.);
#8600 = ORIENTED_EDGE('',*,*,#8553,.T.);
#8601 = ORIENTED_EDGE('',*,*,#6846,.T.);
#8602 = ORIENTED_EDGE('',*,*,#8603,.T.);
#8603 = EDGE_CURVE('',#6847,#8604,#8606,.T.);
#8604 = VERTEX_POINT('',#8605);
#8605 = CARTESIAN_POINT('',(-37.52120327386,19.73,-5.3));
#8606 = LINE('',#8607,#8608);
#8607 = CARTESIAN_POINT('',(-37.52120327386,24.34,-5.3));
#8608 = VECTOR('',#8609,1.);
#8609 = DIRECTION('',(0.,1.,0.));
#8610 = ORIENTED_EDGE('',*,*,#8611,.T.);
#8611 = EDGE_CURVE('',#8604,#8612,#8614,.T.);
#8612 = VERTEX_POINT('',#8613);
#8613 = CARTESIAN_POINT('',(-36.15,19.73,-5.3));
#8614 = LINE('',#8615,#8616);
#8615 = CARTESIAN_POINT('',(-5.185601636934,19.73,-5.3));
#8616 = VECTOR('',#8617,1.);
#8617 = DIRECTION('',(1.,0.,0.));
#8618 = ORIENTED_EDGE('',*,*,#8619,.F.);
#8619 = EDGE_CURVE('',#8592,#8612,#8620,.T.);
#8620 = LINE('',#8621,#8622);
#8621 = CARTESIAN_POINT('',(-36.15,36.75,-5.3));
#8622 = VECTOR('',#8623,1.);
#8623 = DIRECTION('',(0.,-1.,0.));
#8624 = PLANE('',#8625);
#8625 = AXIS2_PLACEMENT_3D('',#8626,#8627,#8628);
#8626 = CARTESIAN_POINT('',(27.149999999997,36.75,-5.3));
#8627 = DIRECTION('',(0.,0.,1.));
#8628 = DIRECTION('',(1.,0.,0.));
#8629 = ADVANCED_FACE('',(#8630),#8666,.T.);
#8630 = FACE_BOUND('',#8631,.T.);
#8631 = EDGE_LOOP('',(#8632,#8642,#8650,#8656,#8657,#8658,#8659,#8660));
#8632 = ORIENTED_EDGE('',*,*,#8633,.T.);
#8633 = EDGE_CURVE('',#8634,#8636,#8638,.T.);
#8634 = VERTEX_POINT('',#8635);
#8635 = CARTESIAN_POINT('',(-37.52120327386,10.829999999999,-5.3));
#8636 = VERTEX_POINT('',#8637);
#8637 = CARTESIAN_POINT('',(-37.52120327386,10.829999999999,-1.2));
#8638 = LINE('',#8639,#8640);
#8639 = CARTESIAN_POINT('',(-37.52120327386,10.829999999999,
    -10.79999999999));
#8640 = VECTOR('',#8641,1.);
#8641 = DIRECTION('',(0.,0.,1.));
#8642 = ORIENTED_EDGE('',*,*,#8643,.T.);
#8643 = EDGE_CURVE('',#8636,#8644,#8646,.T.);
#8644 = VERTEX_POINT('',#8645);
#8645 = CARTESIAN_POINT('',(-37.52120327386,4.130000000001,-1.2));
#8646 = LINE('',#8647,#8648);
#8647 = CARTESIAN_POINT('',(-37.52120327386,10.829999999999,-1.2));
#8648 = VECTOR('',#8649,1.);
#8649 = DIRECTION('',(0.,-1.,0.));
#8650 = ORIENTED_EDGE('',*,*,#8651,.T.);
#8651 = EDGE_CURVE('',#8644,#8445,#8652,.T.);
#8652 = LINE('',#8653,#8654);
#8653 = CARTESIAN_POINT('',(-37.52120327386,4.130000000001,-1.2));
#8654 = VECTOR('',#8655,1.);
#8655 = DIRECTION('',(0.,0.,-1.));
#8656 = ORIENTED_EDGE('',*,*,#8444,.T.);
#8657 = ORIENTED_EDGE('',*,*,#6709,.F.);
#8658 = ORIENTED_EDGE('',*,*,#6813,.F.);
#8659 = ORIENTED_EDGE('',*,*,#6909,.F.);
#8660 = ORIENTED_EDGE('',*,*,#8661,.T.);
#8661 = EDGE_CURVE('',#6902,#8634,#8662,.T.);
#8662 = LINE('',#8663,#8664);
#8663 = CARTESIAN_POINT('',(-37.52120327386,24.34,-5.3));
#8664 = VECTOR('',#8665,1.);
#8665 = DIRECTION('',(0.,1.,0.));
#8666 = PLANE('',#8667);
#8667 = AXIS2_PLACEMENT_3D('',#8668,#8669,#8670);
#8668 = CARTESIAN_POINT('',(-37.52120327386,11.930000000001,
    -5.999999999999));
#8669 = DIRECTION('',(1.,0.,0.));
#8670 = DIRECTION('',(0.,0.,1.));
#8671 = ADVANCED_FACE('',(#8672),#8677,.T.);
#8672 = FACE_BOUND('',#8673,.T.);
#8673 = EDGE_LOOP('',(#8674,#8675,#8676));
#8674 = ORIENTED_EDGE('',*,*,#8537,.F.);
#8675 = ORIENTED_EDGE('',*,*,#8561,.T.);
#8676 = ORIENTED_EDGE('',*,*,#6790,.T.);
#8677 = PLANE('',#8678);
#8678 = AXIS2_PLACEMENT_3D('',#8679,#8680,#8681);
#8679 = CARTESIAN_POINT('',(-37.52120327386,21.45,-1.1));
#8680 = DIRECTION('',(0.,1.,0.));
#8681 = DIRECTION('',(0.,0.,-1.));
#8682 = ADVANCED_FACE('',(#8683),#8693,.T.);
#8683 = FACE_BOUND('',#8684,.T.);
#8684 = EDGE_LOOP('',(#8685,#8691,#8692));
#8685 = ORIENTED_EDGE('',*,*,#8686,.F.);
#8686 = EDGE_CURVE('',#6767,#8569,#8687,.T.);
#8687 = LINE('',#8688,#8689);
#8688 = CARTESIAN_POINT('',(-37.52120327386,19.73,-10.8));
#8689 = VECTOR('',#8690,1.);
#8690 = DIRECTION('',(0.,0.,1.));
#8691 = ORIENTED_EDGE('',*,*,#6774,.T.);
#8692 = ORIENTED_EDGE('',*,*,#8568,.T.);
#8693 = PLANE('',#8694);
#8694 = AXIS2_PLACEMENT_3D('',#8695,#8696,#8697);
#8695 = CARTESIAN_POINT('',(-37.52120327386,19.73,-10.8));
#8696 = DIRECTION('',(0.,-1.,0.));
#8697 = DIRECTION('',(0.,0.,1.));
#8698 = ADVANCED_FACE('',(#8699),#8705,.T.);
#8699 = FACE_BOUND('',#8700,.T.);
#8700 = EDGE_LOOP('',(#8701,#8702,#8703,#8704));
#8701 = ORIENTED_EDGE('',*,*,#8686,.T.);
#8702 = ORIENTED_EDGE('',*,*,#8576,.T.);
#8703 = ORIENTED_EDGE('',*,*,#6830,.F.);
#8704 = ORIENTED_EDGE('',*,*,#6766,.T.);
#8705 = PLANE('',#8706);
#8706 = AXIS2_PLACEMENT_3D('',#8707,#8708,#8709);
#8707 = CARTESIAN_POINT('',(-37.52120327386,11.930000000001,
    -5.999999999999));
#8708 = DIRECTION('',(1.,0.,0.));
#8709 = DIRECTION('',(0.,0.,1.));
#8710 = ADVANCED_FACE('',(#8711),#8747,.T.);
#8711 = FACE_BOUND('',#8712,.T.);
#8712 = EDGE_LOOP('',(#8713,#8721,#8729,#8737,#8743,#8744,#8745,#8746));
#8713 = ORIENTED_EDGE('',*,*,#8714,.T.);
#8714 = EDGE_CURVE('',#8604,#8715,#8717,.T.);
#8715 = VERTEX_POINT('',#8716);
#8716 = CARTESIAN_POINT('',(-37.52120327386,19.73,-1.2));
#8717 = LINE('',#8718,#8719);
#8718 = CARTESIAN_POINT('',(-37.52120327386,19.73,-10.8));
#8719 = VECTOR('',#8720,1.);
#8720 = DIRECTION('',(0.,0.,1.));
#8721 = ORIENTED_EDGE('',*,*,#8722,.T.);
#8722 = EDGE_CURVE('',#8715,#8723,#8725,.T.);
#8723 = VERTEX_POINT('',#8724);
#8724 = CARTESIAN_POINT('',(-37.52120327386,13.03,-1.2));
#8725 = LINE('',#8726,#8727);
#8726 = CARTESIAN_POINT('',(-37.52120327386,19.73,-1.2));
#8727 = VECTOR('',#8728,1.);
#8728 = DIRECTION('',(0.,-1.,0.));
#8729 = ORIENTED_EDGE('',*,*,#8730,.T.);
#8730 = EDGE_CURVE('',#8723,#8731,#8733,.T.);
#8731 = VERTEX_POINT('',#8732);
#8732 = CARTESIAN_POINT('',(-37.52120327386,13.03,-5.3));
#8733 = LINE('',#8734,#8735);
#8734 = CARTESIAN_POINT('',(-37.52120327386,13.03,-1.2));
#8735 = VECTOR('',#8736,1.);
#8736 = DIRECTION('',(0.,0.,-1.));
#8737 = ORIENTED_EDGE('',*,*,#8738,.T.);
#8738 = EDGE_CURVE('',#8731,#7007,#8739,.T.);
#8739 = LINE('',#8740,#8741);
#8740 = CARTESIAN_POINT('',(-37.52120327386,24.34,-5.3));
#8741 = VECTOR('',#8742,1.);
#8742 = DIRECTION('',(0.,1.,0.));
#8743 = ORIENTED_EDGE('',*,*,#7006,.F.);
#8744 = ORIENTED_EDGE('',*,*,#6924,.F.);
#8745 = ORIENTED_EDGE('',*,*,#6854,.F.);
#8746 = ORIENTED_EDGE('',*,*,#8603,.T.);
#8747 = PLANE('',#8748);
#8748 = AXIS2_PLACEMENT_3D('',#8749,#8750,#8751);
#8749 = CARTESIAN_POINT('',(-37.52120327386,11.930000000001,
    -5.999999999999));
#8750 = DIRECTION('',(1.,0.,0.));
#8751 = DIRECTION('',(0.,0.,1.));
#8752 = ADVANCED_FACE('',(#8753),#8787,.F.);
#8753 = FACE_BOUND('',#8754,.F.);
#8754 = EDGE_LOOP('',(#8755,#8756,#8762,#8763,#8764,#8772,#8780,#8786));
#8755 = ORIENTED_EDGE('',*,*,#7014,.T.);
#8756 = ORIENTED_EDGE('',*,*,#8757,.T.);
#8757 = EDGE_CURVE('',#7015,#6894,#8758,.T.);
#8758 = LINE('',#8759,#8760);
#8759 = CARTESIAN_POINT('',(-37.72120327386,36.75,-5.3));
#8760 = VECTOR('',#8761,1.);
#8761 = DIRECTION('',(0.,-1.,0.));
#8762 = ORIENTED_EDGE('',*,*,#6901,.T.);
#8763 = ORIENTED_EDGE('',*,*,#8661,.T.);
#8764 = ORIENTED_EDGE('',*,*,#8765,.T.);
#8765 = EDGE_CURVE('',#8634,#8766,#8768,.T.);
#8766 = VERTEX_POINT('',#8767);
#8767 = CARTESIAN_POINT('',(-36.15,10.829999999999,-5.3));
#8768 = LINE('',#8769,#8770);
#8769 = CARTESIAN_POINT('',(-5.185601636934,10.829999999999,-5.3));
#8770 = VECTOR('',#8771,1.);
#8771 = DIRECTION('',(1.,0.,0.));
#8772 = ORIENTED_EDGE('',*,*,#8773,.F.);
#8773 = EDGE_CURVE('',#8774,#8766,#8776,.T.);
#8774 = VERTEX_POINT('',#8775);
#8775 = CARTESIAN_POINT('',(-36.15,13.03,-5.3));
#8776 = LINE('',#8777,#8778);
#8777 = CARTESIAN_POINT('',(-36.15,36.75,-5.3));
#8778 = VECTOR('',#8779,1.);
#8779 = DIRECTION('',(0.,-1.,0.));
#8780 = ORIENTED_EDGE('',*,*,#8781,.T.);
#8781 = EDGE_CURVE('',#8774,#8731,#8782,.T.);
#8782 = LINE('',#8783,#8784);
#8783 = CARTESIAN_POINT('',(-5.185601636934,13.03,-5.3));
#8784 = VECTOR('',#8785,1.);
#8785 = DIRECTION('',(-1.,0.,0.));
#8786 = ORIENTED_EDGE('',*,*,#8738,.T.);
#8787 = PLANE('',#8788);
#8788 = AXIS2_PLACEMENT_3D('',#8789,#8790,#8791);
#8789 = CARTESIAN_POINT('',(27.149999999997,36.75,-5.3));
#8790 = DIRECTION('',(0.,0.,1.));
#8791 = DIRECTION('',(1.,0.,0.));
#8792 = ADVANCED_FACE('',(#8793),#8827,.F.);
#8793 = FACE_BOUND('',#8794,.F.);
#8794 = EDGE_LOOP('',(#8795,#8796,#8797,#8805,#8811,#8812,#8820,#8826));
#8795 = ORIENTED_EDGE('',*,*,#8757,.F.);
#8796 = ORIENTED_EDGE('',*,*,#7022,.T.);
#8797 = ORIENTED_EDGE('',*,*,#8798,.T.);
#8798 = EDGE_CURVE('',#7023,#8799,#8801,.T.);
#8799 = VERTEX_POINT('',#8800);
#8800 = CARTESIAN_POINT('',(-37.52120327386,13.03,-6.054303692112));
#8801 = LINE('',#8802,#8803);
#8802 = CARTESIAN_POINT('',(-37.52120327386,24.34,-6.054303692112));
#8803 = VECTOR('',#8804,1.);
#8804 = DIRECTION('',(0.,-1.,0.));
#8805 = ORIENTED_EDGE('',*,*,#8806,.T.);
#8806 = EDGE_CURVE('',#8799,#6975,#8807,.T.);
#8807 = LINE('',#8808,#8809);
#8808 = CARTESIAN_POINT('',(-38.22247998472,13.03,-3.409425631122));
#8809 = VECTOR('',#8810,1.);
#8810 = DIRECTION('',(0.256289373133,0.,-0.966600102017));
#8811 = ORIENTED_EDGE('',*,*,#6974,.T.);
#8812 = ORIENTED_EDGE('',*,*,#8813,.T.);
#8813 = EDGE_CURVE('',#6967,#8814,#8816,.T.);
#8814 = VERTEX_POINT('',#8815);
#8815 = CARTESIAN_POINT('',(-37.52120327386,10.829999999999,
    -6.054303692112));
#8816 = LINE('',#8817,#8818);
#8817 = CARTESIAN_POINT('',(-37.03337918049,10.829999999999,
    -7.894141265773));
#8818 = VECTOR('',#8819,1.);
#8819 = DIRECTION('',(-0.256289373133,0.,0.966600102017));
#8820 = ORIENTED_EDGE('',*,*,#8821,.T.);
#8821 = EDGE_CURVE('',#8814,#6886,#8822,.T.);
#8822 = LINE('',#8823,#8824);
#8823 = CARTESIAN_POINT('',(-37.52120327386,24.34,-6.054303692112));
#8824 = VECTOR('',#8825,1.);
#8825 = DIRECTION('',(0.,-1.,0.));
#8826 = ORIENTED_EDGE('',*,*,#6893,.T.);
#8827 = PLANE('',#8828);
#8828 = AXIS2_PLACEMENT_3D('',#8829,#8830,#8831);
#8829 = CARTESIAN_POINT('',(-37.72120327386,36.75,-5.3));
#8830 = DIRECTION('',(-0.966600102017,0.,-0.256289373133));
#8831 = DIRECTION('',(0.,-1.,0.));
#8832 = ADVANCED_FACE('',(#8833),#8844,.T.);
#8833 = FACE_BOUND('',#8834,.T.);
#8834 = EDGE_LOOP('',(#8835,#8841,#8842,#8843));
#8835 = ORIENTED_EDGE('',*,*,#8836,.T.);
#8836 = EDGE_CURVE('',#6959,#8814,#8837,.T.);
#8837 = LINE('',#8838,#8839);
#8838 = CARTESIAN_POINT('',(-37.52120327386,10.829999999999,
    -10.79999999999));
#8839 = VECTOR('',#8840,1.);
#8840 = DIRECTION('',(0.,0.,1.));
#8841 = ORIENTED_EDGE('',*,*,#8821,.T.);
#8842 = ORIENTED_EDGE('',*,*,#6885,.F.);
#8843 = ORIENTED_EDGE('',*,*,#6958,.T.);
#8844 = PLANE('',#8845);
#8845 = AXIS2_PLACEMENT_3D('',#8846,#8847,#8848);
#8846 = CARTESIAN_POINT('',(-37.52120327386,11.930000000001,
    -5.999999999999));
#8847 = DIRECTION('',(1.,0.,0.));
#8848 = DIRECTION('',(0.,0.,1.));
#8849 = ADVANCED_FACE('',(#8850),#8861,.T.);
#8850 = FACE_BOUND('',#8851,.T.);
#8851 = EDGE_LOOP('',(#8852,#8853,#8859,#8860));
#8852 = ORIENTED_EDGE('',*,*,#8798,.T.);
#8853 = ORIENTED_EDGE('',*,*,#8854,.T.);
#8854 = EDGE_CURVE('',#8799,#6983,#8855,.T.);
#8855 = LINE('',#8856,#8857);
#8856 = CARTESIAN_POINT('',(-37.52120327386,13.03,-1.2));
#8857 = VECTOR('',#8858,1.);
#8858 = DIRECTION('',(0.,0.,-1.));
#8859 = ORIENTED_EDGE('',*,*,#6990,.T.);
#8860 = ORIENTED_EDGE('',*,*,#7030,.F.);
#8861 = PLANE('',#8862);
#8862 = AXIS2_PLACEMENT_3D('',#8863,#8864,#8865);
#8863 = CARTESIAN_POINT('',(-37.52120327386,11.930000000001,
    -5.999999999999));
#8864 = DIRECTION('',(1.,0.,0.));
#8865 = DIRECTION('',(0.,0.,1.));
#8866 = ADVANCED_FACE('',(#8867),#8872,.T.);
#8867 = FACE_BOUND('',#8868,.T.);
#8868 = EDGE_LOOP('',(#8869,#8870,#8871));
#8869 = ORIENTED_EDGE('',*,*,#8854,.F.);
#8870 = ORIENTED_EDGE('',*,*,#8806,.T.);
#8871 = ORIENTED_EDGE('',*,*,#6982,.T.);
#8872 = PLANE('',#8873);
#8873 = AXIS2_PLACEMENT_3D('',#8874,#8875,#8876);
#8874 = CARTESIAN_POINT('',(-37.52120327386,13.03,-1.2));
#8875 = DIRECTION('',(0.,1.,0.));
#8876 = DIRECTION('',(0.,0.,-1.));
#8877 = ADVANCED_FACE('',(#8878),#8883,.T.);
#8878 = FACE_BOUND('',#8879,.T.);
#8879 = EDGE_LOOP('',(#8880,#8881,#8882));
#8880 = ORIENTED_EDGE('',*,*,#8836,.F.);
#8881 = ORIENTED_EDGE('',*,*,#6966,.T.);
#8882 = ORIENTED_EDGE('',*,*,#8813,.T.);
#8883 = PLANE('',#8884);
#8884 = AXIS2_PLACEMENT_3D('',#8885,#8886,#8887);
#8885 = CARTESIAN_POINT('',(-37.52120327386,10.829999999999,
    -10.79999999999));
#8886 = DIRECTION('',(0.,-1.,0.));
#8887 = DIRECTION('',(0.,0.,1.));
#8888 = ADVANCED_FACE('',(#8889),#8909,.T.);
#8889 = FACE_BOUND('',#8890,.T.);
#8890 = EDGE_LOOP('',(#8891,#8892,#8900,#8906,#8907,#8908));
#8891 = ORIENTED_EDGE('',*,*,#8651,.F.);
#8892 = ORIENTED_EDGE('',*,*,#8893,.T.);
#8893 = EDGE_CURVE('',#8644,#8894,#8896,.T.);
#8894 = VERTEX_POINT('',#8895);
#8895 = CARTESIAN_POINT('',(-35.75,4.130000000001,-1.2));
#8896 = LINE('',#8897,#8898);
#8897 = CARTESIAN_POINT('',(-37.52120327386,4.130000000001,-1.2));
#8898 = VECTOR('',#8899,1.);
#8899 = DIRECTION('',(1.,0.,0.));
#8900 = ORIENTED_EDGE('',*,*,#8901,.T.);
#8901 = EDGE_CURVE('',#8894,#7115,#8902,.T.);
#8902 = LINE('',#8903,#8904);
#8903 = CARTESIAN_POINT('',(-35.75,4.130000000001,-1.2));
#8904 = VECTOR('',#8905,1.);
#8905 = DIRECTION('',(0.,0.,-1.));
#8906 = ORIENTED_EDGE('',*,*,#7342,.F.);
#8907 = ORIENTED_EDGE('',*,*,#7053,.F.);
#8908 = ORIENTED_EDGE('',*,*,#8461,.T.);
#8909 = PLANE('',#8910);
#8910 = AXIS2_PLACEMENT_3D('',#8911,#8912,#8913);
#8911 = CARTESIAN_POINT('',(-37.52120327386,4.130000000001,-1.2));
#8912 = DIRECTION('',(0.,1.,0.));
#8913 = DIRECTION('',(0.,0.,-1.));
#8914 = ADVANCED_FACE('',(#8915),#8933,.F.);
#8915 = FACE_BOUND('',#8916,.F.);
#8916 = EDGE_LOOP('',(#8917,#8925,#8931,#8932));
#8917 = ORIENTED_EDGE('',*,*,#8918,.T.);
#8918 = EDGE_CURVE('',#7113,#8919,#8921,.T.);
#8919 = VERTEX_POINT('',#8920);
#8920 = CARTESIAN_POINT('',(-35.75,10.829999999999,-1.2));
#8921 = LINE('',#8922,#8923);
#8922 = CARTESIAN_POINT('',(-35.75,10.829999999999,-10.79999999999));
#8923 = VECTOR('',#8924,1.);
#8924 = DIRECTION('',(0.,0.,1.));
#8925 = ORIENTED_EDGE('',*,*,#8926,.T.);
#8926 = EDGE_CURVE('',#8919,#8894,#8927,.T.);
#8927 = LINE('',#8928,#8929);
#8928 = CARTESIAN_POINT('',(-35.75,10.829999999999,-1.2));
#8929 = VECTOR('',#8930,1.);
#8930 = DIRECTION('',(0.,-1.,0.));
#8931 = ORIENTED_EDGE('',*,*,#8901,.T.);
#8932 = ORIENTED_EDGE('',*,*,#7112,.F.);
#8933 = PLANE('',#8934);
#8934 = AXIS2_PLACEMENT_3D('',#8935,#8936,#8937);
#8935 = CARTESIAN_POINT('',(-35.75,11.930000000001,-5.999999999999));
#8936 = DIRECTION('',(1.,0.,0.));
#8937 = DIRECTION('',(0.,0.,1.));
#8938 = ADVANCED_FACE('',(#8939),#8957,.T.);
#8939 = FACE_BOUND('',#8940,.T.);
#8940 = EDGE_LOOP('',(#8941,#8942,#8943,#8949,#8950,#8951));
#8941 = ORIENTED_EDGE('',*,*,#7122,.F.);
#8942 = ORIENTED_EDGE('',*,*,#8918,.T.);
#8943 = ORIENTED_EDGE('',*,*,#8944,.F.);
#8944 = EDGE_CURVE('',#8636,#8919,#8945,.T.);
#8945 = LINE('',#8946,#8947);
#8946 = CARTESIAN_POINT('',(-37.52120327386,10.829999999999,-1.2));
#8947 = VECTOR('',#8948,1.);
#8948 = DIRECTION('',(1.,0.,0.));
#8949 = ORIENTED_EDGE('',*,*,#8633,.F.);
#8950 = ORIENTED_EDGE('',*,*,#8765,.T.);
#8951 = ORIENTED_EDGE('',*,*,#8952,.F.);
#8952 = EDGE_CURVE('',#7123,#8766,#8953,.T.);
#8953 = LINE('',#8954,#8955);
#8954 = CARTESIAN_POINT('',(-36.15,10.829999999999,-8.749999999999));
#8955 = VECTOR('',#8956,1.);
#8956 = DIRECTION('',(0.,0.,-1.));
#8957 = PLANE('',#8958);
#8958 = AXIS2_PLACEMENT_3D('',#8959,#8960,#8961);
#8959 = CARTESIAN_POINT('',(-37.52120327386,10.829999999999,
    -10.79999999999));
#8960 = DIRECTION('',(0.,-1.,0.));
#8961 = DIRECTION('',(0.,0.,1.));
#8962 = ADVANCED_FACE('',(#8963),#8974,.T.);
#8963 = FACE_BOUND('',#8964,.T.);
#8964 = EDGE_LOOP('',(#8965,#8966,#8972,#8973));
#8965 = ORIENTED_EDGE('',*,*,#8773,.F.);
#8966 = ORIENTED_EDGE('',*,*,#8967,.T.);
#8967 = EDGE_CURVE('',#8774,#7131,#8968,.T.);
#8968 = LINE('',#8969,#8970);
#8969 = CARTESIAN_POINT('',(-36.15,13.03,-3.95));
#8970 = VECTOR('',#8971,1.);
#8971 = DIRECTION('',(0.,0.,1.));
#8972 = ORIENTED_EDGE('',*,*,#7130,.T.);
#8973 = ORIENTED_EDGE('',*,*,#8952,.T.);
#8974 = PLANE('',#8975);
#8975 = AXIS2_PLACEMENT_3D('',#8976,#8977,#8978);
#8976 = CARTESIAN_POINT('',(-36.15,36.75,-6.7));
#8977 = DIRECTION('',(1.,0.,0.));
#8978 = DIRECTION('',(0.,-1.,0.));
#8979 = ADVANCED_FACE('',(#8980),#9000,.T.);
#8980 = FACE_BOUND('',#8981,.T.);
#8981 = EDGE_LOOP('',(#8982,#8983,#8991,#8997,#8998,#8999));
#8982 = ORIENTED_EDGE('',*,*,#8730,.F.);
#8983 = ORIENTED_EDGE('',*,*,#8984,.T.);
#8984 = EDGE_CURVE('',#8723,#8985,#8987,.T.);
#8985 = VERTEX_POINT('',#8986);
#8986 = CARTESIAN_POINT('',(-35.75,13.03,-1.2));
#8987 = LINE('',#8988,#8989);
#8988 = CARTESIAN_POINT('',(-37.52120327386,13.03,-1.2));
#8989 = VECTOR('',#8990,1.);
#8990 = DIRECTION('',(1.,0.,0.));
#8991 = ORIENTED_EDGE('',*,*,#8992,.T.);
#8992 = EDGE_CURVE('',#8985,#7139,#8993,.T.);
#8993 = LINE('',#8994,#8995);
#8994 = CARTESIAN_POINT('',(-35.75,13.03,-1.2));
#8995 = VECTOR('',#8996,1.);
#8996 = DIRECTION('',(0.,0.,-1.));
#8997 = ORIENTED_EDGE('',*,*,#7138,.F.);
#8998 = ORIENTED_EDGE('',*,*,#8967,.F.);
#8999 = ORIENTED_EDGE('',*,*,#8781,.T.);
#9000 = PLANE('',#9001);
#9001 = AXIS2_PLACEMENT_3D('',#9002,#9003,#9004);
#9002 = CARTESIAN_POINT('',(-37.52120327386,13.03,-1.2));
#9003 = DIRECTION('',(0.,1.,0.));
#9004 = DIRECTION('',(0.,0.,-1.));
#9005 = ADVANCED_FACE('',(#9006),#9024,.F.);
#9006 = FACE_BOUND('',#9007,.F.);
#9007 = EDGE_LOOP('',(#9008,#9016,#9022,#9023));
#9008 = ORIENTED_EDGE('',*,*,#9009,.T.);
#9009 = EDGE_CURVE('',#7147,#9010,#9012,.T.);
#9010 = VERTEX_POINT('',#9011);
#9011 = CARTESIAN_POINT('',(-35.75,19.73,-1.2));
#9012 = LINE('',#9013,#9014);
#9013 = CARTESIAN_POINT('',(-35.75,19.73,-10.8));
#9014 = VECTOR('',#9015,1.);
#9015 = DIRECTION('',(0.,0.,1.));
#9016 = ORIENTED_EDGE('',*,*,#9017,.T.);
#9017 = EDGE_CURVE('',#9010,#8985,#9018,.T.);
#9018 = LINE('',#9019,#9020);
#9019 = CARTESIAN_POINT('',(-35.75,19.73,-1.2));
#9020 = VECTOR('',#9021,1.);
#9021 = DIRECTION('',(0.,-1.,0.));
#9022 = ORIENTED_EDGE('',*,*,#8992,.T.);
#9023 = ORIENTED_EDGE('',*,*,#7146,.F.);
#9024 = PLANE('',#9025);
#9025 = AXIS2_PLACEMENT_3D('',#9026,#9027,#9028);
#9026 = CARTESIAN_POINT('',(-35.75,11.930000000001,-5.999999999999));
#9027 = DIRECTION('',(1.,0.,0.));
#9028 = DIRECTION('',(0.,0.,1.));
#9029 = ADVANCED_FACE('',(#9030),#9048,.T.);
#9030 = FACE_BOUND('',#9031,.T.);
#9031 = EDGE_LOOP('',(#9032,#9033,#9034,#9040,#9041,#9042));
#9032 = ORIENTED_EDGE('',*,*,#7154,.F.);
#9033 = ORIENTED_EDGE('',*,*,#9009,.T.);
#9034 = ORIENTED_EDGE('',*,*,#9035,.F.);
#9035 = EDGE_CURVE('',#8715,#9010,#9036,.T.);
#9036 = LINE('',#9037,#9038);
#9037 = CARTESIAN_POINT('',(-37.52120327386,19.73,-1.2));
#9038 = VECTOR('',#9039,1.);
#9039 = DIRECTION('',(1.,0.,0.));
#9040 = ORIENTED_EDGE('',*,*,#8714,.F.);
#9041 = ORIENTED_EDGE('',*,*,#8611,.T.);
#9042 = ORIENTED_EDGE('',*,*,#9043,.F.);
#9043 = EDGE_CURVE('',#7155,#8612,#9044,.T.);
#9044 = LINE('',#9045,#9046);
#9045 = CARTESIAN_POINT('',(-36.15,19.73,-8.75));
#9046 = VECTOR('',#9047,1.);
#9047 = DIRECTION('',(0.,0.,-1.));
#9048 = PLANE('',#9049);
#9049 = AXIS2_PLACEMENT_3D('',#9050,#9051,#9052);
#9050 = CARTESIAN_POINT('',(-37.52120327386,19.73,-10.8));
#9051 = DIRECTION('',(0.,-1.,0.));
#9052 = DIRECTION('',(0.,0.,1.));
#9053 = ADVANCED_FACE('',(#9054),#9065,.T.);
#9054 = FACE_BOUND('',#9055,.T.);
#9055 = EDGE_LOOP('',(#9056,#9057,#9063,#9064));
#9056 = ORIENTED_EDGE('',*,*,#8619,.F.);
#9057 = ORIENTED_EDGE('',*,*,#9058,.T.);
#9058 = EDGE_CURVE('',#8592,#7163,#9059,.T.);
#9059 = LINE('',#9060,#9061);
#9060 = CARTESIAN_POINT('',(-36.15,21.45,-3.9));
#9061 = VECTOR('',#9062,1.);
#9062 = DIRECTION('',(0.,0.,1.));
#9063 = ORIENTED_EDGE('',*,*,#7162,.T.);
#9064 = ORIENTED_EDGE('',*,*,#9043,.T.);
#9065 = PLANE('',#9066);
#9066 = AXIS2_PLACEMENT_3D('',#9067,#9068,#9069);
#9067 = CARTESIAN_POINT('',(-36.15,36.75,-6.7));
#9068 = DIRECTION('',(1.,0.,0.));
#9069 = DIRECTION('',(0.,-1.,0.));
#9070 = ADVANCED_FACE('',(#9071),#9091,.T.);
#9071 = FACE_BOUND('',#9072,.T.);
#9072 = EDGE_LOOP('',(#9073,#9074,#9082,#9088,#9089,#9090));
#9073 = ORIENTED_EDGE('',*,*,#8418,.F.);
#9074 = ORIENTED_EDGE('',*,*,#9075,.T.);
#9075 = EDGE_CURVE('',#8411,#9076,#9078,.T.);
#9076 = VERTEX_POINT('',#9077);
#9077 = CARTESIAN_POINT('',(-35.72120327386,21.45,-1.1));
#9078 = LINE('',#9079,#9080);
#9079 = CARTESIAN_POINT('',(-37.52120327386,21.45,-1.1));
#9080 = VECTOR('',#9081,1.);
#9081 = DIRECTION('',(1.,0.,0.));
#9082 = ORIENTED_EDGE('',*,*,#9083,.T.);
#9083 = EDGE_CURVE('',#9076,#7171,#9084,.T.);
#9084 = LINE('',#9085,#9086);
#9085 = CARTESIAN_POINT('',(-35.72120327386,21.45,-1.1));
#9086 = VECTOR('',#9087,1.);
#9087 = DIRECTION('',(0.,0.,-1.));
#9088 = ORIENTED_EDGE('',*,*,#7170,.F.);
#9089 = ORIENTED_EDGE('',*,*,#9058,.F.);
#9090 = ORIENTED_EDGE('',*,*,#8591,.T.);
#9091 = PLANE('',#9092);
#9092 = AXIS2_PLACEMENT_3D('',#9093,#9094,#9095);
#9093 = CARTESIAN_POINT('',(-37.52120327386,21.45,-1.1));
#9094 = DIRECTION('',(0.,1.,0.));
#9095 = DIRECTION('',(0.,0.,-1.));
#9096 = ADVANCED_FACE('',(#9097),#9115,.F.);
#9097 = FACE_BOUND('',#9098,.F.);
#9098 = EDGE_LOOP('',(#9099,#9107,#9113,#9114));
#9099 = ORIENTED_EDGE('',*,*,#9100,.T.);
#9100 = EDGE_CURVE('',#7179,#9101,#9103,.T.);
#9101 = VERTEX_POINT('',#9102);
#9102 = CARTESIAN_POINT('',(-35.72120327386,32.25,-1.1));
#9103 = LINE('',#9104,#9105);
#9104 = CARTESIAN_POINT('',(-35.72120327386,32.25,-10.9));
#9105 = VECTOR('',#9106,1.);
#9106 = DIRECTION('',(0.,0.,1.));
#9107 = ORIENTED_EDGE('',*,*,#9108,.T.);
#9108 = EDGE_CURVE('',#9101,#9076,#9109,.T.);
#9109 = LINE('',#9110,#9111);
#9110 = CARTESIAN_POINT('',(-35.72120327386,32.25,-1.1));
#9111 = VECTOR('',#9112,1.);
#9112 = DIRECTION('',(0.,-1.,0.));
#9113 = ORIENTED_EDGE('',*,*,#9083,.T.);
#9114 = ORIENTED_EDGE('',*,*,#7178,.F.);
#9115 = PLANE('',#9116);
#9116 = AXIS2_PLACEMENT_3D('',#9117,#9118,#9119);
#9117 = CARTESIAN_POINT('',(-35.72120327386,26.85,-6.));
#9118 = DIRECTION('',(1.,0.,0.));
#9119 = DIRECTION('',(0.,0.,1.));
#9120 = ADVANCED_FACE('',(#9121),#9139,.T.);
#9121 = FACE_BOUND('',#9122,.T.);
#9122 = EDGE_LOOP('',(#9123,#9124,#9125,#9131,#9132,#9133));
#9123 = ORIENTED_EDGE('',*,*,#7186,.F.);
#9124 = ORIENTED_EDGE('',*,*,#9100,.T.);
#9125 = ORIENTED_EDGE('',*,*,#9126,.F.);
#9126 = EDGE_CURVE('',#8403,#9101,#9127,.T.);
#9127 = LINE('',#9128,#9129);
#9128 = CARTESIAN_POINT('',(-37.52120327386,32.25,-1.1));
#9129 = VECTOR('',#9130,1.);
#9130 = DIRECTION('',(1.,0.,0.));
#9131 = ORIENTED_EDGE('',*,*,#8402,.F.);
#9132 = ORIENTED_EDGE('',*,*,#8250,.T.);
#9133 = ORIENTED_EDGE('',*,*,#9134,.F.);
#9134 = EDGE_CURVE('',#7187,#8251,#9135,.T.);
#9135 = LINE('',#9136,#9137);
#9136 = CARTESIAN_POINT('',(-36.15,32.25,-8.8));
#9137 = VECTOR('',#9138,1.);
#9138 = DIRECTION('',(0.,0.,-1.));
#9139 = PLANE('',#9140);
#9140 = AXIS2_PLACEMENT_3D('',#9141,#9142,#9143);
#9141 = CARTESIAN_POINT('',(-37.52120327386,32.25,-10.9));
#9142 = DIRECTION('',(0.,-1.,0.));
#9143 = DIRECTION('',(0.,0.,1.));
#9144 = ADVANCED_FACE('',(#9145),#9156,.T.);
#9145 = FACE_BOUND('',#9146,.T.);
#9146 = EDGE_LOOP('',(#9147,#9148,#9154,#9155));
#9147 = ORIENTED_EDGE('',*,*,#8258,.F.);
#9148 = ORIENTED_EDGE('',*,*,#9149,.T.);
#9149 = EDGE_CURVE('',#8259,#7195,#9150,.T.);
#9150 = LINE('',#9151,#9152);
#9151 = CARTESIAN_POINT('',(-36.15,36.75,-6.7));
#9152 = VECTOR('',#9153,1.);
#9153 = DIRECTION('',(0.,0.,1.));
#9154 = ORIENTED_EDGE('',*,*,#7194,.T.);
#9155 = ORIENTED_EDGE('',*,*,#9134,.T.);
#9156 = PLANE('',#9157);
#9157 = AXIS2_PLACEMENT_3D('',#9158,#9159,#9160);
#9158 = CARTESIAN_POINT('',(-36.15,36.75,-6.7));
#9159 = DIRECTION('',(1.,0.,0.));
#9160 = DIRECTION('',(0.,-1.,0.));
#9161 = ADVANCED_FACE('',(#9162),#9173,.F.);
#9162 = FACE_BOUND('',#9163,.T.);
#9163 = EDGE_LOOP('',(#9164,#9165,#9166,#9172));
#9164 = ORIENTED_EDGE('',*,*,#9149,.F.);
#9165 = ORIENTED_EDGE('',*,*,#8266,.T.);
#9166 = ORIENTED_EDGE('',*,*,#9167,.F.);
#9167 = EDGE_CURVE('',#7203,#8267,#9168,.T.);
#9168 = LINE('',#9169,#9170);
#9169 = CARTESIAN_POINT('',(-33.77660085675,42.840005015213,-6.7));
#9170 = VECTOR('',#9171,1.);
#9171 = DIRECTION('',(-0.,-0.,-1.));
#9172 = ORIENTED_EDGE('',*,*,#7202,.T.);
#9173 = CYLINDRICAL_SURFACE('',#9174,9.);
#9174 = AXIS2_PLACEMENT_3D('',#9175,#9176,#9177);
#9175 = CARTESIAN_POINT('',(-27.15,36.75,-6.7));
#9176 = DIRECTION('',(-0.,-0.,-1.));
#9177 = DIRECTION('',(1.,0.,0.));
#9178 = ADVANCED_FACE('',(#9179),#9202,.T.);
#9179 = FACE_BOUND('',#9180,.T.);
#9180 = EDGE_LOOP('',(#9181,#9182,#9190,#9197,#9198,#9199,#9200,#9201));
#9181 = ORIENTED_EDGE('',*,*,#7220,.F.);
#9182 = ORIENTED_EDGE('',*,*,#9183,.T.);
#9183 = EDGE_CURVE('',#7212,#9184,#9186,.T.);
#9184 = VERTEX_POINT('',#9185);
#9185 = CARTESIAN_POINT('',(-30.347,41.932,-8.));
#9186 = LINE('',#9187,#9188);
#9187 = CARTESIAN_POINT('',(-30.347,41.932,-2.2));
#9188 = VECTOR('',#9189,1.);
#9189 = DIRECTION('',(-0.,-0.,-1.));
#9190 = ORIENTED_EDGE('',*,*,#9191,.T.);
#9191 = EDGE_CURVE('',#9184,#9184,#9192,.T.);
#9192 = CIRCLE('',#9193,1.835);
#9193 = AXIS2_PLACEMENT_3D('',#9194,#9195,#9196);
#9194 = CARTESIAN_POINT('',(-32.182,41.932,-8.));
#9195 = DIRECTION('',(0.,0.,1.));
#9196 = DIRECTION('',(1.,0.,0.));
#9197 = ORIENTED_EDGE('',*,*,#9183,.F.);
#9198 = ORIENTED_EDGE('',*,*,#7211,.F.);
#9199 = ORIENTED_EDGE('',*,*,#9167,.T.);
#9200 = ORIENTED_EDGE('',*,*,#8275,.F.);
#9201 = ORIENTED_EDGE('',*,*,#8299,.F.);
#9202 = CYLINDRICAL_SURFACE('',#9203,1.835);
#9203 = AXIS2_PLACEMENT_3D('',#9204,#9205,#9206);
#9204 = CARTESIAN_POINT('',(-32.182,41.932,-2.2));
#9205 = DIRECTION('',(0.,0.,1.));
#9206 = DIRECTION('',(1.,0.,0.));
#9207 = ADVANCED_FACE('',(#9208),#9224,.T.);
#9208 = FACE_BOUND('',#9209,.T.);
#9209 = EDGE_LOOP('',(#9210,#9216,#9217,#9223));
#9210 = ORIENTED_EDGE('',*,*,#9211,.T.);
#9211 = EDGE_CURVE('',#7367,#8189,#9212,.T.);
#9212 = LINE('',#9213,#9214);
#9213 = CARTESIAN_POINT('',(29.9,42.35,-2.2));
#9214 = VECTOR('',#9215,1.);
#9215 = DIRECTION('',(-0.,-0.,-1.));
#9216 = ORIENTED_EDGE('',*,*,#8196,.T.);
#9217 = ORIENTED_EDGE('',*,*,#9218,.F.);
#9218 = EDGE_CURVE('',#7369,#8171,#9219,.T.);
#9219 = LINE('',#9220,#9221);
#9220 = CARTESIAN_POINT('',(24.9,42.35,-2.2));
#9221 = VECTOR('',#9222,1.);
#9222 = DIRECTION('',(-0.,-0.,-1.));
#9223 = ORIENTED_EDGE('',*,*,#7366,.F.);
#9224 = PLANE('',#9225);
#9225 = AXIS2_PLACEMENT_3D('',#9226,#9227,#9228);
#9226 = CARTESIAN_POINT('',(29.9,42.35,-2.2));
#9227 = DIRECTION('',(0.,1.,0.));
#9228 = DIRECTION('',(-1.,0.,0.));
#9229 = ADVANCED_FACE('',(#9230),#9241,.T.);
#9230 = FACE_BOUND('',#9231,.T.);
#9231 = EDGE_LOOP('',(#9232,#9238,#9239,#9240));
#9232 = ORIENTED_EDGE('',*,*,#9233,.T.);
#9233 = EDGE_CURVE('',#7385,#8181,#9234,.T.);
#9234 = LINE('',#9235,#9236);
#9235 = CARTESIAN_POINT('',(29.9,38.85,-2.2));
#9236 = VECTOR('',#9237,1.);
#9237 = DIRECTION('',(-0.,-0.,-1.));
#9238 = ORIENTED_EDGE('',*,*,#8188,.T.);
#9239 = ORIENTED_EDGE('',*,*,#9211,.F.);
#9240 = ORIENTED_EDGE('',*,*,#7392,.F.);
#9241 = PLANE('',#9242);
#9242 = AXIS2_PLACEMENT_3D('',#9243,#9244,#9245);
#9243 = CARTESIAN_POINT('',(29.9,38.85,-2.2));
#9244 = DIRECTION('',(1.,0.,0.));
#9245 = DIRECTION('',(0.,1.,0.));
#9246 = ADVANCED_FACE('',(#9247),#9258,.T.);
#9247 = FACE_BOUND('',#9248,.T.);
#9248 = EDGE_LOOP('',(#9249,#9250,#9251,#9257));
#9249 = ORIENTED_EDGE('',*,*,#9218,.T.);
#9250 = ORIENTED_EDGE('',*,*,#8170,.T.);
#9251 = ORIENTED_EDGE('',*,*,#9252,.F.);
#9252 = EDGE_CURVE('',#7377,#8173,#9253,.T.);
#9253 = LINE('',#9254,#9255);
#9254 = CARTESIAN_POINT('',(24.9,38.85,-2.2));
#9255 = VECTOR('',#9256,1.);
#9256 = DIRECTION('',(-0.,-0.,-1.));
#9257 = ORIENTED_EDGE('',*,*,#7376,.F.);
#9258 = PLANE('',#9259);
#9259 = AXIS2_PLACEMENT_3D('',#9260,#9261,#9262);
#9260 = CARTESIAN_POINT('',(24.9,42.35,-2.2));
#9261 = DIRECTION('',(-1.,0.,0.));
#9262 = DIRECTION('',(0.,-1.,0.));
#9263 = ADVANCED_FACE('',(#9264),#9270,.T.);
#9264 = FACE_BOUND('',#9265,.T.);
#9265 = EDGE_LOOP('',(#9266,#9267,#9268,#9269));
#9266 = ORIENTED_EDGE('',*,*,#9252,.T.);
#9267 = ORIENTED_EDGE('',*,*,#8180,.T.);
#9268 = ORIENTED_EDGE('',*,*,#9233,.F.);
#9269 = ORIENTED_EDGE('',*,*,#7384,.F.);
#9270 = PLANE('',#9271);
#9271 = AXIS2_PLACEMENT_3D('',#9272,#9273,#9274);
#9272 = CARTESIAN_POINT('',(24.9,38.85,-2.2));
#9273 = DIRECTION('',(0.,-1.,0.));
#9274 = DIRECTION('',(1.,0.,0.));
#9275 = ADVANCED_FACE('',(#9276,#9279),#9290,.F.);
#9276 = FACE_BOUND('',#9277,.F.);
#9277 = EDGE_LOOP('',(#9278));
#9278 = ORIENTED_EDGE('',*,*,#7432,.T.);
#9279 = FACE_BOUND('',#9280,.F.);
#9280 = EDGE_LOOP('',(#9281));
#9281 = ORIENTED_EDGE('',*,*,#9282,.F.);
#9282 = EDGE_CURVE('',#9283,#9283,#9285,.T.);
#9283 = VERTEX_POINT('',#9284);
#9284 = CARTESIAN_POINT('',(33.132,-41.932,-8.));
#9285 = CIRCLE('',#9286,0.95);
#9286 = AXIS2_PLACEMENT_3D('',#9287,#9288,#9289);
#9287 = CARTESIAN_POINT('',(32.182,-41.932,-8.));
#9288 = DIRECTION('',(0.,0.,1.));
#9289 = DIRECTION('',(1.,0.,0.));
#9290 = PLANE('',#9291);
#9291 = AXIS2_PLACEMENT_3D('',#9292,#9293,#9294);
#9292 = CARTESIAN_POINT('',(-0.6,1.6125,-8.));
#9293 = DIRECTION('',(0.,0.,1.));
#9294 = DIRECTION('',(1.,0.,0.));
#9295 = ADVANCED_FACE('',(#9296),#9302,.T.);
#9296 = FACE_BOUND('',#9297,.T.);
#9297 = EDGE_LOOP('',(#9298,#9299,#9300,#9301));
#9298 = ORIENTED_EDGE('',*,*,#7588,.T.);
#9299 = ORIENTED_EDGE('',*,*,#7561,.T.);
#9300 = ORIENTED_EDGE('',*,*,#7538,.F.);
#9301 = ORIENTED_EDGE('',*,*,#7515,.F.);
#9302 = PLANE('',#9303);
#9303 = AXIS2_PLACEMENT_3D('',#9304,#9305,#9306);
#9304 = CARTESIAN_POINT('',(36.15,10.98,-3.5));
#9305 = DIRECTION('',(0.,0.,-1.));
#9306 = DIRECTION('',(0.,-1.,0.));
#9307 = ADVANCED_FACE('',(#9308),#9314,.T.);
#9308 = FACE_BOUND('',#9309,.T.);
#9309 = EDGE_LOOP('',(#9310,#9311,#9312,#9313));
#9310 = ORIENTED_EDGE('',*,*,#7653,.T.);
#9311 = ORIENTED_EDGE('',*,*,#7626,.T.);
#9312 = ORIENTED_EDGE('',*,*,#7603,.F.);
#9313 = ORIENTED_EDGE('',*,*,#7492,.F.);
#9314 = PLANE('',#9315);
#9315 = AXIS2_PLACEMENT_3D('',#9316,#9317,#9318);
#9316 = CARTESIAN_POINT('',(36.15,19.88,-3.5));
#9317 = DIRECTION('',(0.,0.,-1.));
#9318 = DIRECTION('',(0.,-1.,0.));
#9319 = ADVANCED_FACE('',(#9320,#9323),#9334,.F.);
#9320 = FACE_BOUND('',#9321,.F.);
#9321 = EDGE_LOOP('',(#9322));
#9322 = ORIENTED_EDGE('',*,*,#7693,.T.);
#9323 = FACE_BOUND('',#9324,.F.);
#9324 = EDGE_LOOP('',(#9325));
#9325 = ORIENTED_EDGE('',*,*,#9326,.F.);
#9326 = EDGE_CURVE('',#9327,#9327,#9329,.T.);
#9327 = VERTEX_POINT('',#9328);
#9328 = CARTESIAN_POINT('',(33.132,41.932,-8.));
#9329 = CIRCLE('',#9330,0.95);
#9330 = AXIS2_PLACEMENT_3D('',#9331,#9332,#9333);
#9331 = CARTESIAN_POINT('',(32.182,41.932,-8.));
#9332 = DIRECTION('',(0.,0.,1.));
#9333 = DIRECTION('',(1.,0.,0.));
#9334 = PLANE('',#9335);
#9335 = AXIS2_PLACEMENT_3D('',#9336,#9337,#9338);
#9336 = CARTESIAN_POINT('',(-0.6,1.6125,-8.));
#9337 = DIRECTION('',(0.,0.,1.));
#9338 = DIRECTION('',(1.,0.,0.));
#9339 = ADVANCED_FACE('',(#9340,#9343),#9354,.F.);
#9340 = FACE_BOUND('',#9341,.F.);
#9341 = EDGE_LOOP('',(#9342));
#9342 = ORIENTED_EDGE('',*,*,#7739,.T.);
#9343 = FACE_BOUND('',#9344,.F.);
#9344 = EDGE_LOOP('',(#9345));
#9345 = ORIENTED_EDGE('',*,*,#9346,.F.);
#9346 = EDGE_CURVE('',#9347,#9347,#9349,.T.);
#9347 = VERTEX_POINT('',#9348);
#9348 = CARTESIAN_POINT('',(-33.632,-35.482,-8.));
#9349 = CIRCLE('',#9350,0.95);
#9350 = AXIS2_PLACEMENT_3D('',#9351,#9352,#9353);
#9351 = CARTESIAN_POINT('',(-34.582,-35.482,-8.));
#9352 = DIRECTION('',(0.,0.,1.));
#9353 = DIRECTION('',(1.,0.,0.));
#9354 = PLANE('',#9355);
#9355 = AXIS2_PLACEMENT_3D('',#9356,#9357,#9358);
#9356 = CARTESIAN_POINT('',(-0.6,1.6125,-8.));
#9357 = DIRECTION('',(0.,0.,1.));
#9358 = DIRECTION('',(1.,0.,0.));
#9359 = ADVANCED_FACE('',(#9360),#9379,.T.);
#9360 = FACE_BOUND('',#9361,.T.);
#9361 = EDGE_LOOP('',(#9362,#9370,#9377,#9378));
#9362 = ORIENTED_EDGE('',*,*,#9363,.T.);
#9363 = EDGE_CURVE('',#7939,#9364,#9366,.T.);
#9364 = VERTEX_POINT('',#9365);
#9365 = CARTESIAN_POINT('',(2.9,-34.15,-4.5));
#9366 = LINE('',#9367,#9368);
#9367 = CARTESIAN_POINT('',(2.9,-34.15,-2.2));
#9368 = VECTOR('',#9369,1.);
#9369 = DIRECTION('',(-0.,-0.,-1.));
#9370 = ORIENTED_EDGE('',*,*,#9371,.T.);
#9371 = EDGE_CURVE('',#9364,#9364,#9372,.T.);
#9372 = CIRCLE('',#9373,2.9);
#9373 = AXIS2_PLACEMENT_3D('',#9374,#9375,#9376);
#9374 = CARTESIAN_POINT('',(0.,-34.15,-4.5));
#9375 = DIRECTION('',(0.,0.,1.));
#9376 = DIRECTION('',(1.,0.,0.));
#9377 = ORIENTED_EDGE('',*,*,#9363,.F.);
#9378 = ORIENTED_EDGE('',*,*,#7938,.F.);
#9379 = CYLINDRICAL_SURFACE('',#9380,2.9);
#9380 = AXIS2_PLACEMENT_3D('',#9381,#9382,#9383);
#9381 = CARTESIAN_POINT('',(0.,-34.15,-2.2));
#9382 = DIRECTION('',(0.,0.,1.));
#9383 = DIRECTION('',(1.,0.,0.));
#9384 = ADVANCED_FACE('',(#9385),#9404,.T.);
#9385 = FACE_BOUND('',#9386,.T.);
#9386 = EDGE_LOOP('',(#9387,#9395,#9402,#9403));
#9387 = ORIENTED_EDGE('',*,*,#9388,.T.);
#9388 = EDGE_CURVE('',#8078,#9389,#9391,.T.);
#9389 = VERTEX_POINT('',#9390);
#9390 = CARTESIAN_POINT('',(2.9,19.25,-4.5));
#9391 = LINE('',#9392,#9393);
#9392 = CARTESIAN_POINT('',(2.9,19.25,-2.2));
#9393 = VECTOR('',#9394,1.);
#9394 = DIRECTION('',(-0.,-0.,-1.));
#9395 = ORIENTED_EDGE('',*,*,#9396,.T.);
#9396 = EDGE_CURVE('',#9389,#9389,#9397,.T.);
#9397 = CIRCLE('',#9398,2.9);
#9398 = AXIS2_PLACEMENT_3D('',#9399,#9400,#9401);
#9399 = CARTESIAN_POINT('',(0.,19.25,-4.5));
#9400 = DIRECTION('',(0.,0.,1.));
#9401 = DIRECTION('',(1.,0.,0.));
#9402 = ORIENTED_EDGE('',*,*,#9388,.F.);
#9403 = ORIENTED_EDGE('',*,*,#8077,.F.);
#9404 = CYLINDRICAL_SURFACE('',#9405,2.9);
#9405 = AXIS2_PLACEMENT_3D('',#9406,#9407,#9408);
#9406 = CARTESIAN_POINT('',(0.,19.25,-2.2));
#9407 = DIRECTION('',(0.,0.,1.));
#9408 = DIRECTION('',(1.,0.,0.));
#9409 = ADVANCED_FACE('',(#9410),#9416,.T.);
#9410 = FACE_BOUND('',#9411,.T.);
#9411 = EDGE_LOOP('',(#9412,#9413,#9414,#9415));
#9412 = ORIENTED_EDGE('',*,*,#9126,.T.);
#9413 = ORIENTED_EDGE('',*,*,#9108,.T.);
#9414 = ORIENTED_EDGE('',*,*,#9075,.F.);
#9415 = ORIENTED_EDGE('',*,*,#8410,.F.);
#9416 = PLANE('',#9417);
#9417 = AXIS2_PLACEMENT_3D('',#9418,#9419,#9420);
#9418 = CARTESIAN_POINT('',(-37.52120327386,32.25,-1.1));
#9419 = DIRECTION('',(0.,0.,-1.));
#9420 = DIRECTION('',(0.,-1.,0.));
#9421 = ADVANCED_FACE('',(#9422),#9428,.T.);
#9422 = FACE_BOUND('',#9423,.T.);
#9423 = EDGE_LOOP('',(#9424,#9425,#9426,#9427));
#9424 = ORIENTED_EDGE('',*,*,#8944,.T.);
#9425 = ORIENTED_EDGE('',*,*,#8926,.T.);
#9426 = ORIENTED_EDGE('',*,*,#8893,.F.);
#9427 = ORIENTED_EDGE('',*,*,#8643,.F.);
#9428 = PLANE('',#9429);
#9429 = AXIS2_PLACEMENT_3D('',#9430,#9431,#9432);
#9430 = CARTESIAN_POINT('',(-37.52120327386,10.829999999999,-1.2));
#9431 = DIRECTION('',(0.,0.,-1.));
#9432 = DIRECTION('',(0.,-1.,0.));
#9433 = ADVANCED_FACE('',(#9434),#9440,.T.);
#9434 = FACE_BOUND('',#9435,.T.);
#9435 = EDGE_LOOP('',(#9436,#9437,#9438,#9439));
#9436 = ORIENTED_EDGE('',*,*,#9035,.T.);
#9437 = ORIENTED_EDGE('',*,*,#9017,.T.);
#9438 = ORIENTED_EDGE('',*,*,#8984,.F.);
#9439 = ORIENTED_EDGE('',*,*,#8722,.F.);
#9440 = PLANE('',#9441);
#9441 = AXIS2_PLACEMENT_3D('',#9442,#9443,#9444);
#9442 = CARTESIAN_POINT('',(-37.52120327386,19.73,-1.2));
#9443 = DIRECTION('',(0.,0.,-1.));
#9444 = DIRECTION('',(0.,-1.,0.));
#9445 = ADVANCED_FACE('',(#9446,#9449),#9460,.F.);
#9446 = FACE_BOUND('',#9447,.F.);
#9447 = EDGE_LOOP('',(#9448));
#9448 = ORIENTED_EDGE('',*,*,#9191,.T.);
#9449 = FACE_BOUND('',#9450,.F.);
#9450 = EDGE_LOOP('',(#9451));
#9451 = ORIENTED_EDGE('',*,*,#9452,.F.);
#9452 = EDGE_CURVE('',#9453,#9453,#9455,.T.);
#9453 = VERTEX_POINT('',#9454);
#9454 = CARTESIAN_POINT('',(-31.232,41.932,-8.));
#9455 = CIRCLE('',#9456,0.95);
#9456 = AXIS2_PLACEMENT_3D('',#9457,#9458,#9459);
#9457 = CARTESIAN_POINT('',(-32.182,41.932,-8.));
#9458 = DIRECTION('',(0.,0.,1.));
#9459 = DIRECTION('',(1.,0.,0.));
#9460 = PLANE('',#9461);
#9461 = AXIS2_PLACEMENT_3D('',#9462,#9463,#9464);
#9462 = CARTESIAN_POINT('',(-0.6,1.6125,-8.));
#9463 = DIRECTION('',(0.,0.,1.));
#9464 = DIRECTION('',(1.,0.,0.));
#9465 = ADVANCED_FACE('',(#9466),#9485,.F.);
#9466 = FACE_BOUND('',#9467,.F.);
#9467 = EDGE_LOOP('',(#9468,#9476,#9477,#9478));
#9468 = ORIENTED_EDGE('',*,*,#9469,.T.);
#9469 = EDGE_CURVE('',#9470,#9283,#9472,.T.);
#9470 = VERTEX_POINT('',#9471);
#9471 = CARTESIAN_POINT('',(33.132,-41.932,-1.));
#9472 = LINE('',#9473,#9474);
#9473 = CARTESIAN_POINT('',(33.132,-41.932,-1.));
#9474 = VECTOR('',#9475,1.);
#9475 = DIRECTION('',(-0.,-0.,-1.));
#9476 = ORIENTED_EDGE('',*,*,#9282,.T.);
#9477 = ORIENTED_EDGE('',*,*,#9469,.F.);
#9478 = ORIENTED_EDGE('',*,*,#9479,.F.);
#9479 = EDGE_CURVE('',#9470,#9470,#9480,.T.);
#9480 = CIRCLE('',#9481,0.95);
#9481 = AXIS2_PLACEMENT_3D('',#9482,#9483,#9484);
#9482 = CARTESIAN_POINT('',(32.182,-41.932,-1.));
#9483 = DIRECTION('',(0.,0.,1.));
#9484 = DIRECTION('',(1.,0.,0.));
#9485 = CYLINDRICAL_SURFACE('',#9486,0.95);
#9486 = AXIS2_PLACEMENT_3D('',#9487,#9488,#9489);
#9487 = CARTESIAN_POINT('',(32.182,-41.932,-1.));
#9488 = DIRECTION('',(0.,0.,1.));
#9489 = DIRECTION('',(1.,0.,0.));
#9490 = ADVANCED_FACE('',(#9491),#9510,.F.);
#9491 = FACE_BOUND('',#9492,.F.);
#9492 = EDGE_LOOP('',(#9493,#9501,#9502,#9503));
#9493 = ORIENTED_EDGE('',*,*,#9494,.T.);
#9494 = EDGE_CURVE('',#9495,#9327,#9497,.T.);
#9495 = VERTEX_POINT('',#9496);
#9496 = CARTESIAN_POINT('',(33.132,41.932,-1.));
#9497 = LINE('',#9498,#9499);
#9498 = CARTESIAN_POINT('',(33.132,41.932,-1.));
#9499 = VECTOR('',#9500,1.);
#9500 = DIRECTION('',(-0.,-0.,-1.));
#9501 = ORIENTED_EDGE('',*,*,#9326,.T.);
#9502 = ORIENTED_EDGE('',*,*,#9494,.F.);
#9503 = ORIENTED_EDGE('',*,*,#9504,.F.);
#9504 = EDGE_CURVE('',#9495,#9495,#9505,.T.);
#9505 = CIRCLE('',#9506,0.95);
#9506 = AXIS2_PLACEMENT_3D('',#9507,#9508,#9509);
#9507 = CARTESIAN_POINT('',(32.182,41.932,-1.));
#9508 = DIRECTION('',(0.,0.,1.));
#9509 = DIRECTION('',(1.,0.,0.));
#9510 = CYLINDRICAL_SURFACE('',#9511,0.95);
#9511 = AXIS2_PLACEMENT_3D('',#9512,#9513,#9514);
#9512 = CARTESIAN_POINT('',(32.182,41.932,-1.));
#9513 = DIRECTION('',(0.,0.,1.));
#9514 = DIRECTION('',(1.,0.,0.));
#9515 = ADVANCED_FACE('',(#9516),#9535,.F.);
#9516 = FACE_BOUND('',#9517,.F.);
#9517 = EDGE_LOOP('',(#9518,#9526,#9527,#9528));
#9518 = ORIENTED_EDGE('',*,*,#9519,.T.);
#9519 = EDGE_CURVE('',#9520,#9347,#9522,.T.);
#9520 = VERTEX_POINT('',#9521);
#9521 = CARTESIAN_POINT('',(-33.632,-35.482,-1.));
#9522 = LINE('',#9523,#9524);
#9523 = CARTESIAN_POINT('',(-33.632,-35.482,-1.));
#9524 = VECTOR('',#9525,1.);
#9525 = DIRECTION('',(-0.,-0.,-1.));
#9526 = ORIENTED_EDGE('',*,*,#9346,.T.);
#9527 = ORIENTED_EDGE('',*,*,#9519,.F.);
#9528 = ORIENTED_EDGE('',*,*,#9529,.F.);
#9529 = EDGE_CURVE('',#9520,#9520,#9530,.T.);
#9530 = CIRCLE('',#9531,0.95);
#9531 = AXIS2_PLACEMENT_3D('',#9532,#9533,#9534);
#9532 = CARTESIAN_POINT('',(-34.582,-35.482,-1.));
#9533 = DIRECTION('',(0.,0.,1.));
#9534 = DIRECTION('',(1.,0.,0.));
#9535 = CYLINDRICAL_SURFACE('',#9536,0.95);
#9536 = AXIS2_PLACEMENT_3D('',#9537,#9538,#9539);
#9537 = CARTESIAN_POINT('',(-34.582,-35.482,-1.));
#9538 = DIRECTION('',(0.,0.,1.));
#9539 = DIRECTION('',(1.,0.,0.));
#9540 = ADVANCED_FACE('',(#9541),#9544,.F.);
#9541 = FACE_BOUND('',#9542,.F.);
#9542 = EDGE_LOOP('',(#9543));
#9543 = ORIENTED_EDGE('',*,*,#9371,.T.);
#9544 = PLANE('',#9545);
#9545 = AXIS2_PLACEMENT_3D('',#9546,#9547,#9548);
#9546 = CARTESIAN_POINT('',(-1.8E-16,-7.45,-4.5));
#9547 = DIRECTION('',(0.,0.,1.));
#9548 = DIRECTION('',(1.,0.,0.));
#9549 = ADVANCED_FACE('',(#9550),#9553,.F.);
#9550 = FACE_BOUND('',#9551,.F.);
#9551 = EDGE_LOOP('',(#9552));
#9552 = ORIENTED_EDGE('',*,*,#9396,.T.);
#9553 = PLANE('',#9554);
#9554 = AXIS2_PLACEMENT_3D('',#9555,#9556,#9557);
#9555 = CARTESIAN_POINT('',(-1.8E-16,-7.45,-4.5));
#9556 = DIRECTION('',(0.,0.,1.));
#9557 = DIRECTION('',(1.,0.,0.));
#9558 = ADVANCED_FACE('',(#9559),#9578,.F.);
#9559 = FACE_BOUND('',#9560,.F.);
#9560 = EDGE_LOOP('',(#9561,#9569,#9570,#9571));
#9561 = ORIENTED_EDGE('',*,*,#9562,.T.);
#9562 = EDGE_CURVE('',#9563,#9453,#9565,.T.);
#9563 = VERTEX_POINT('',#9564);
#9564 = CARTESIAN_POINT('',(-31.232,41.932,-1.));
#9565 = LINE('',#9566,#9567);
#9566 = CARTESIAN_POINT('',(-31.232,41.932,-1.));
#9567 = VECTOR('',#9568,1.);
#9568 = DIRECTION('',(-0.,-0.,-1.));
#9569 = ORIENTED_EDGE('',*,*,#9452,.T.);
#9570 = ORIENTED_EDGE('',*,*,#9562,.F.);
#9571 = ORIENTED_EDGE('',*,*,#9572,.F.);
#9572 = EDGE_CURVE('',#9563,#9563,#9573,.T.);
#9573 = CIRCLE('',#9574,0.95);
#9574 = AXIS2_PLACEMENT_3D('',#9575,#9576,#9577);
#9575 = CARTESIAN_POINT('',(-32.182,41.932,-1.));
#9576 = DIRECTION('',(0.,0.,1.));
#9577 = DIRECTION('',(1.,0.,0.));
#9578 = CYLINDRICAL_SURFACE('',#9579,0.95);
#9579 = AXIS2_PLACEMENT_3D('',#9580,#9581,#9582);
#9580 = CARTESIAN_POINT('',(-32.182,41.932,-1.));
#9581 = DIRECTION('',(0.,0.,1.));
#9582 = DIRECTION('',(1.,0.,0.));
#9583 = ADVANCED_FACE('',(#9584),#9587,.F.);
#9584 = FACE_BOUND('',#9585,.F.);
#9585 = EDGE_LOOP('',(#9586));
#9586 = ORIENTED_EDGE('',*,*,#9479,.T.);
#9587 = PLANE('',#9588);
#9588 = AXIS2_PLACEMENT_3D('',#9589,#9590,#9591);
#9589 = CARTESIAN_POINT('',(-0.6,1.6125,-1.));
#9590 = DIRECTION('',(0.,0.,1.));
#9591 = DIRECTION('',(1.,0.,0.));
#9592 = ADVANCED_FACE('',(#9593),#9596,.F.);
#9593 = FACE_BOUND('',#9594,.F.);
#9594 = EDGE_LOOP('',(#9595));
#9595 = ORIENTED_EDGE('',*,*,#9504,.T.);
#9596 = PLANE('',#9597);
#9597 = AXIS2_PLACEMENT_3D('',#9598,#9599,#9600);
#9598 = CARTESIAN_POINT('',(-0.6,1.6125,-1.));
#9599 = DIRECTION('',(0.,0.,1.));
#9600 = DIRECTION('',(1.,0.,0.));
#9601 = ADVANCED_FACE('',(#9602),#9605,.F.);
#9602 = FACE_BOUND('',#9603,.F.);
#9603 = EDGE_LOOP('',(#9604));
#9604 = ORIENTED_EDGE('',*,*,#9529,.T.);
#9605 = PLANE('',#9606);
#9606 = AXIS2_PLACEMENT_3D('',#9607,#9608,#9609);
#9607 = CARTESIAN_POINT('',(-0.6,1.6125,-1.));
#9608 = DIRECTION('',(0.,0.,1.));
#9609 = DIRECTION('',(1.,0.,0.));
#9610 = ADVANCED_FACE('',(#9611),#9614,.F.);
#9611 = FACE_BOUND('',#9612,.F.);
#9612 = EDGE_LOOP('',(#9613));
#9613 = ORIENTED_EDGE('',*,*,#9572,.T.);
#9614 = PLANE('',#9615);
#9615 = AXIS2_PLACEMENT_3D('',#9616,#9617,#9618);
#9616 = CARTESIAN_POINT('',(-0.6,1.6125,-1.));
#9617 = DIRECTION('',(0.,0.,1.));
#9618 = DIRECTION('',(1.,0.,0.));
#9619 = ( GEOMETRIC_REPRESENTATION_CONTEXT(3) 
GLOBAL_UNCERTAINTY_ASSIGNED_CONTEXT((#9623)) 
GLOBAL_UNIT_ASSIGNED_CONTEXT((#9620,#9621,#9622)) REPRESENTATION_CONTEXT
('Context #1','3D Context with UNIT and UNCERTAINTY') );
#9620 = ( LENGTH_UNIT() NAMED_UNIT(*) SI_UNIT(.MILLI.,.METRE.) );
#9621 = ( NAMED_UNIT(*) PLANE_ANGLE_UNIT() SI_UNIT($,.RADIAN.) );
#9622 = ( NAMED_UNIT(*) SI_UNIT($,.STERADIAN.) SOLID_ANGLE_UNIT() );
#9623 = UNCERTAINTY_MEASURE_WITH_UNIT(LENGTH_MEASURE(1.E-05),#9620,
  'distance_accuracy_value','confusion accuracy');
#9624 = PRODUCT_RELATED_PRODUCT_CATEGORY('part',$,(#7));
#9625 = MECHANICAL_DESIGN_GEOMETRIC_PRESENTATION_REPRESENTATION('',(
    #9626),#9619);
#9626 = STYLED_ITEM('color',(#9627),#15);
#9627 = PRESENTATION_STYLE_ASSIGNMENT((#9628,#9636));
#9628 = SURFACE_STYLE_USAGE(.BOTH.,#9629);
#9629 = SURFACE_SIDE_STYLE('',(#9630,#9634));
#9630 = SURFACE_STYLE_FILL_AREA(#9631);
#9631 = FILL_AREA_STYLE('',(#9632));
#9632 = FILL_AREA_STYLE_COLOUR('',#9633);
#9633 = COLOUR_RGB('',0.447058818107,0.474509808674,0.501960817233);
#9634 = SURFACE_STYLE_RENDERING_WITH_PROPERTIES(.NORMAL_SHADING.,#9633,(
    #9635));
#9635 = SURFACE_STYLE_TRANSPARENT(0.699999988079);
#9636 = CURVE_STYLE('',#9637,POSITIVE_LENGTH_MEASURE(0.1),#9638);
#9637 = DRAUGHTING_PRE_DEFINED_CURVE_FONT('continuous');
#9638 = COLOUR_RGB('',9.803921802644E-02,9.803921802644E-02,
  9.803921802644E-02);
ENDSEC;
END-ISO-10303-21;
