ISO-10303-21;
HEADER;
FILE_DESCRIPTION(('FreeCAD Model'),'2;1');
FILE_NAME('Open CASCADE Shape Model','2026-08-31T16:58:01',(''),(''),
  'Open CASCADE STEP processor 7.9','FreeCAD','Unknown');
FILE_SCHEMA(('AUTOMOTIVE_DESIGN { 1 0 10303 214 1 1 1 1 }'));
ENDSEC;
DATA;
#1 = APPLICATION_PROTOCOL_DEFINITION('international standard',
  'automotive_design',2000,#2);
#2 = APPLICATION_CONTEXT(
  'core data for automotive mechanical design processes');
#3 = SHAPE_DEFINITION_REPRESENTATION(#4,#10);
#4 = PRODUCT_DEFINITION_SHAPE('','',#5);
#5 = PRODUCT_DEFINITION('design','',#6,#9);
#6 = PRODUCT_DEFINITION_FORMATION('','',#7);
#7 = PRODUCT('top','top','',(#8));
#8 = PRODUCT_CONTEXT('',#2,'mechanical');
#9 = PRODUCT_DEFINITION_CONTEXT('part definition',#2,'design');
#10 = ADVANCED_BREP_SHAPE_REPRESENTATION('',(#11,#15),#6233);
#11 = AXIS2_PLACEMENT_3D('',#12,#13,#14);
#12 = CARTESIAN_POINT('',(0.,0.,0.));
#13 = DIRECTION('',(0.,0.,1.));
#14 = DIRECTION('',(1.,0.,-0.));
#15 = MANIFOLD_SOLID_BREP('',#16);
#16 = CLOSED_SHELL('',(#17,#107,#140,#171,#262,#295,#319,#392,#434,#458,
    #482,#517,#542,#566,#591,#1218,#1242,#1266,#1289,#1313,#1347,#1416,
    #1483,#1501,#1621,#1669,#1693,#1709,#1734,#1758,#1776,#1825,#1909,
    #1971,#1988,#2005,#2028,#2045,#2057,#2088,#2113,#2137,#2162,#2186,
    #2226,#2266,#2291,#2315,#2340,#2373,#2404,#2429,#2454,#2478,#2502,
    #2527,#2552,#2569,#2600,#2625,#2650,#2674,#2698,#2723,#2748,#2765,
    #2796,#2821,#2846,#2870,#2894,#2919,#2944,#2961,#2992,#3017,#3042,
    #3066,#3090,#3115,#3140,#3157,#3188,#3213,#3238,#3262,#3286,#3311,
    #3336,#3353,#3407,#3431,#3456,#3480,#3505,#3522,#3562,#3587,#3611,
    #3636,#3669,#3693,#3717,#3774,#3798,#3832,#3849,#3867,#3917,#3948,
    #3972,#4012,#4060,#4084,#4140,#4180,#4228,#4268,#4292,#4333,#4375,
    #4400,#4671,#4688,#4722,#4739,#4756,#4773,#4807,#4819,#4849,#4866,
    #4900,#4912,#4929,#4946,#4971,#4987,#5003,#5019,#5035,#5051,#5068,
    #5085,#5110,#5156,#5223,#5240,#5256,#5272,#5284,#5340,#5387,#5427,
    #5444,#5461,#5472,#5483,#5514,#5540,#5575,#5591,#5603,#5633,#5650,
    #5662,#5679,#5710,#5734,#5758,#5775,#5792,#5821,#5843,#5860,#5877,
    #5889,#5909,#5929,#5949,#5974,#5999,#6017,#6029,#6047,#6059,#6079,
    #6104,#6129,#6154,#6163,#6172,#6197,#6206,#6215,#6224));
#17 = ADVANCED_FACE('',(#18),#102,.T.);
#18 = FACE_BOUND('',#19,.T.);
#19 = EDGE_LOOP('',(#20,#30,#38,#46,#54,#62,#71,#79,#88,#96));
#20 = ORIENTED_EDGE('',*,*,#21,.F.);
#21 = EDGE_CURVE('',#22,#24,#26,.T.);
#22 = VERTEX_POINT('',#23);
#23 = CARTESIAN_POINT('',(27.15,-47.95,-1.));
#24 = VERTEX_POINT('',#25);
#25 = CARTESIAN_POINT('',(27.15,-47.95,-6.7));
#26 = LINE('',#27,#28);
#27 = CARTESIAN_POINT('',(27.15,-47.95,0.));
#28 = VECTOR('',#29,1.);
#29 = DIRECTION('',(-0.,-0.,-1.));
#30 = ORIENTED_EDGE('',*,*,#31,.F.);
#31 = EDGE_CURVE('',#32,#22,#34,.T.);
#32 = VERTEX_POINT('',#33);
#33 = CARTESIAN_POINT('',(-27.15,-47.95,-1.));
#34 = LINE('',#35,#36);
#35 = CARTESIAN_POINT('',(-27.15,-47.95,-1.));
#36 = VECTOR('',#37,1.);
#37 = DIRECTION('',(1.,0.,0.));
#38 = ORIENTED_EDGE('',*,*,#39,.T.);
#39 = EDGE_CURVE('',#32,#40,#42,.T.);
#40 = VERTEX_POINT('',#41);
#41 = CARTESIAN_POINT('',(-27.15,-47.95,-6.7));
#42 = LINE('',#43,#44);
#43 = CARTESIAN_POINT('',(-27.15,-47.95,0.));
#44 = VECTOR('',#45,1.);
#45 = DIRECTION('',(-0.,-0.,-1.));
#46 = ORIENTED_EDGE('',*,*,#47,.T.);
#47 = EDGE_CURVE('',#40,#48,#50,.T.);
#48 = VERTEX_POINT('',#49);
#49 = CARTESIAN_POINT('',(-4.82,-47.95,-6.7));
#50 = LINE('',#51,#52);
#51 = CARTESIAN_POINT('',(-27.15,-47.95,-6.7));
#52 = VECTOR('',#53,1.);
#53 = DIRECTION('',(1.,0.,0.));
#54 = ORIENTED_EDGE('',*,*,#55,.F.);
#55 = EDGE_CURVE('',#56,#48,#58,.T.);
#56 = VERTEX_POINT('',#57);
#57 = CARTESIAN_POINT('',(-4.82,-47.95,-6.));
#58 = LINE('',#59,#60);
#59 = CARTESIAN_POINT('',(-4.82,-47.95,-6.));
#60 = VECTOR('',#61,1.);
#61 = DIRECTION('',(0.,-2.22044604925E-16,-1.));
#62 = ORIENTED_EDGE('',*,*,#63,.F.);
#63 = EDGE_CURVE('',#64,#56,#66,.T.);
#64 = VERTEX_POINT('',#65);
#65 = CARTESIAN_POINT('',(-3.72,-47.95,-4.9));
#66 = CIRCLE('',#67,1.1);
#67 = AXIS2_PLACEMENT_3D('',#68,#69,#70);
#68 = CARTESIAN_POINT('',(-3.72,-47.95,-6.));
#69 = DIRECTION('',(0.,-1.,2.22044604925E-16));
#70 = DIRECTION('',(1.,0.,0.));
#71 = ORIENTED_EDGE('',*,*,#72,.F.);
#72 = EDGE_CURVE('',#73,#64,#75,.T.);
#73 = VERTEX_POINT('',#74);
#74 = CARTESIAN_POINT('',(3.22,-47.95,-4.9));
#75 = LINE('',#76,#77);
#76 = CARTESIAN_POINT('',(3.22,-47.95,-4.9));
#77 = VECTOR('',#78,1.);
#78 = DIRECTION('',(-1.,0.,0.));
#79 = ORIENTED_EDGE('',*,*,#80,.F.);
#80 = EDGE_CURVE('',#81,#73,#83,.T.);
#81 = VERTEX_POINT('',#82);
#82 = CARTESIAN_POINT('',(4.32,-47.95,-6.));
#83 = CIRCLE('',#84,1.1);
#84 = AXIS2_PLACEMENT_3D('',#85,#86,#87);
#85 = CARTESIAN_POINT('',(3.22,-47.95,-6.));
#86 = DIRECTION('',(0.,-1.,2.22044604925E-16));
#87 = DIRECTION('',(1.,0.,0.));
#88 = ORIENTED_EDGE('',*,*,#89,.F.);
#89 = EDGE_CURVE('',#90,#81,#92,.T.);
#90 = VERTEX_POINT('',#91);
#91 = CARTESIAN_POINT('',(4.32,-47.95,-6.7));
#92 = LINE('',#93,#94);
#93 = CARTESIAN_POINT('',(4.32,-47.95,-7.2));
#94 = VECTOR('',#95,1.);
#95 = DIRECTION('',(0.,2.22044604925E-16,1.));
#96 = ORIENTED_EDGE('',*,*,#97,.T.);
#97 = EDGE_CURVE('',#90,#24,#98,.T.);
#98 = LINE('',#99,#100);
#99 = CARTESIAN_POINT('',(-27.15,-47.95,-6.7));
#100 = VECTOR('',#101,1.);
#101 = DIRECTION('',(1.,0.,0.));
#102 = PLANE('',#103);
#103 = AXIS2_PLACEMENT_3D('',#104,#105,#106);
#104 = CARTESIAN_POINT('',(-27.15,-47.95,0.));
#105 = DIRECTION('',(0.,-1.,0.));
#106 = DIRECTION('',(1.,0.,0.));
#107 = ADVANCED_FACE('',(#108),#135,.T.);
#108 = FACE_BOUND('',#109,.T.);
#109 = EDGE_LOOP('',(#110,#111,#120,#128));
#110 = ORIENTED_EDGE('',*,*,#21,.T.);
#111 = ORIENTED_EDGE('',*,*,#112,.T.);
#112 = EDGE_CURVE('',#24,#113,#115,.T.);
#113 = VERTEX_POINT('',#114);
#114 = CARTESIAN_POINT('',(38.35,-36.75,-6.7));
#115 = CIRCLE('',#116,11.2);
#116 = AXIS2_PLACEMENT_3D('',#117,#118,#119);
#117 = CARTESIAN_POINT('',(27.15,-36.75,-6.7));
#118 = DIRECTION('',(0.,0.,1.));
#119 = DIRECTION('',(1.,0.,0.));
#120 = ORIENTED_EDGE('',*,*,#121,.F.);
#121 = EDGE_CURVE('',#122,#113,#124,.T.);
#122 = VERTEX_POINT('',#123);
#123 = CARTESIAN_POINT('',(38.35,-36.75,-1.));
#124 = LINE('',#125,#126);
#125 = CARTESIAN_POINT('',(38.35,-36.75,0.));
#126 = VECTOR('',#127,1.);
#127 = DIRECTION('',(-0.,-0.,-1.));
#128 = ORIENTED_EDGE('',*,*,#129,.F.);
#129 = EDGE_CURVE('',#22,#122,#130,.T.);
#130 = CIRCLE('',#131,11.2);
#131 = AXIS2_PLACEMENT_3D('',#132,#133,#134);
#132 = CARTESIAN_POINT('',(27.15,-36.75,-1.));
#133 = DIRECTION('',(0.,0.,1.));
#134 = DIRECTION('',(-3.172065784643E-16,-1.,0.));
#135 = CYLINDRICAL_SURFACE('',#136,11.2);
#136 = AXIS2_PLACEMENT_3D('',#137,#138,#139);
#137 = CARTESIAN_POINT('',(27.15,-36.75,0.));
#138 = DIRECTION('',(0.,0.,1.));
#139 = DIRECTION('',(1.,0.,0.));
#140 = ADVANCED_FACE('',(#141),#166,.T.);
#141 = FACE_BOUND('',#142,.F.);
#142 = EDGE_LOOP('',(#143,#151,#159,#165));
#143 = ORIENTED_EDGE('',*,*,#144,.F.);
#144 = EDGE_CURVE('',#145,#32,#147,.T.);
#145 = VERTEX_POINT('',#146);
#146 = CARTESIAN_POINT('',(-27.15,-46.95,0.));
#147 = LINE('',#148,#149);
#148 = CARTESIAN_POINT('',(-27.15,-47.95,-1.));
#149 = VECTOR('',#150,1.);
#150 = DIRECTION('',(-4.329780281177E-17,-0.707106781187,-0.707106781187
    ));
#151 = ORIENTED_EDGE('',*,*,#152,.T.);
#152 = EDGE_CURVE('',#145,#153,#155,.T.);
#153 = VERTEX_POINT('',#154);
#154 = CARTESIAN_POINT('',(27.15,-46.95,4.107825191113E-15));
#155 = LINE('',#156,#157);
#156 = CARTESIAN_POINT('',(-27.15,-46.95,0.));
#157 = VECTOR('',#158,1.);
#158 = DIRECTION('',(1.,0.,0.));
#159 = ORIENTED_EDGE('',*,*,#160,.T.);
#160 = EDGE_CURVE('',#153,#22,#161,.T.);
#161 = LINE('',#162,#163);
#162 = CARTESIAN_POINT('',(27.15,-47.45,-0.5));
#163 = VECTOR('',#164,1.);
#164 = DIRECTION('',(0.,-0.707106781187,-0.707106781187));
#165 = ORIENTED_EDGE('',*,*,#31,.F.);
#166 = PLANE('',#167);
#167 = AXIS2_PLACEMENT_3D('',#168,#169,#170);
#168 = CARTESIAN_POINT('',(-27.15,-47.45,-0.5));
#169 = DIRECTION('',(0.,-0.707106781187,0.707106781187));
#170 = DIRECTION('',(-1.,-0.,-0.));
#171 = ADVANCED_FACE('',(#172),#257,.F.);
#172 = FACE_BOUND('',#173,.F.);
#173 = EDGE_LOOP('',(#174,#182,#183,#184,#192,#201,#209,#217,#225,#234,
    #242,#251));
#174 = ORIENTED_EDGE('',*,*,#175,.F.);
#175 = EDGE_CURVE('',#90,#176,#178,.T.);
#176 = VERTEX_POINT('',#177);
#177 = CARTESIAN_POINT('',(4.32,-46.95,-6.7));
#178 = LINE('',#179,#180);
#179 = CARTESIAN_POINT('',(4.32,-23.975,-6.7));
#180 = VECTOR('',#181,1.);
#181 = DIRECTION('',(0.,1.,0.));
#182 = ORIENTED_EDGE('',*,*,#97,.T.);
#183 = ORIENTED_EDGE('',*,*,#112,.T.);
#184 = ORIENTED_EDGE('',*,*,#185,.T.);
#185 = EDGE_CURVE('',#113,#186,#188,.T.);
#186 = VERTEX_POINT('',#187);
#187 = CARTESIAN_POINT('',(38.35,36.75,-6.7));
#188 = LINE('',#189,#190);
#189 = CARTESIAN_POINT('',(38.35,-36.75,-6.7));
#190 = VECTOR('',#191,1.);
#191 = DIRECTION('',(0.,1.,0.));
#192 = ORIENTED_EDGE('',*,*,#193,.T.);
#193 = EDGE_CURVE('',#186,#194,#196,.T.);
#194 = VERTEX_POINT('',#195);
#195 = CARTESIAN_POINT('',(27.15,47.95,-6.7));
#196 = CIRCLE('',#197,11.2);
#197 = AXIS2_PLACEMENT_3D('',#198,#199,#200);
#198 = CARTESIAN_POINT('',(27.15,36.75,-6.7));
#199 = DIRECTION('',(0.,0.,1.));
#200 = DIRECTION('',(1.,0.,0.));
#201 = ORIENTED_EDGE('',*,*,#202,.T.);
#202 = EDGE_CURVE('',#194,#203,#205,.T.);
#203 = VERTEX_POINT('',#204);
#204 = CARTESIAN_POINT('',(20.907987240797,47.95,-6.7));
#205 = LINE('',#206,#207);
#206 = CARTESIAN_POINT('',(27.15,47.95,-6.7));
#207 = VECTOR('',#208,1.);
#208 = DIRECTION('',(-1.,0.,0.));
#209 = ORIENTED_EDGE('',*,*,#210,.F.);
#210 = EDGE_CURVE('',#211,#203,#213,.T.);
#211 = VERTEX_POINT('',#212);
#212 = CARTESIAN_POINT('',(20.907987240797,46.95,-6.7));
#213 = LINE('',#214,#215);
#214 = CARTESIAN_POINT('',(20.907987240797,47.95,-6.7));
#215 = VECTOR('',#216,1.);
#216 = DIRECTION('',(0.,1.,-2.22044604925E-16));
#217 = ORIENTED_EDGE('',*,*,#218,.F.);
#218 = EDGE_CURVE('',#219,#211,#221,.T.);
#219 = VERTEX_POINT('',#220);
#220 = CARTESIAN_POINT('',(27.149999999997,46.95,-6.7));
#221 = LINE('',#222,#223);
#222 = CARTESIAN_POINT('',(27.149999999997,46.95,-6.7));
#223 = VECTOR('',#224,1.);
#224 = DIRECTION('',(-1.,0.,0.));
#225 = ORIENTED_EDGE('',*,*,#226,.F.);
#226 = EDGE_CURVE('',#227,#219,#229,.T.);
#227 = VERTEX_POINT('',#228);
#228 = CARTESIAN_POINT('',(37.349999999997,36.75,-6.7));
#229 = CIRCLE('',#230,10.2);
#230 = AXIS2_PLACEMENT_3D('',#231,#232,#233);
#231 = CARTESIAN_POINT('',(27.149999999997,36.75,-6.7));
#232 = DIRECTION('',(0.,0.,1.));
#233 = DIRECTION('',(1.,0.,0.));
#234 = ORIENTED_EDGE('',*,*,#235,.F.);
#235 = EDGE_CURVE('',#236,#227,#238,.T.);
#236 = VERTEX_POINT('',#237);
#237 = CARTESIAN_POINT('',(37.349999999997,-36.75,-6.7));
#238 = LINE('',#239,#240);
#239 = CARTESIAN_POINT('',(37.349999999997,-36.75,-6.7));
#240 = VECTOR('',#241,1.);
#241 = DIRECTION('',(0.,1.,0.));
#242 = ORIENTED_EDGE('',*,*,#243,.F.);
#243 = EDGE_CURVE('',#244,#236,#246,.T.);
#244 = VERTEX_POINT('',#245);
#245 = CARTESIAN_POINT('',(27.149999999997,-46.95,-6.7));
#246 = CIRCLE('',#247,10.2);
#247 = AXIS2_PLACEMENT_3D('',#248,#249,#250);
#248 = CARTESIAN_POINT('',(27.149999999997,-36.75,-6.7));
#249 = DIRECTION('',(0.,0.,1.));
#250 = DIRECTION('',(1.,0.,0.));
#251 = ORIENTED_EDGE('',*,*,#252,.F.);
#252 = EDGE_CURVE('',#176,#244,#253,.T.);
#253 = LINE('',#254,#255);
#254 = CARTESIAN_POINT('',(-27.15,-46.95,-6.7));
#255 = VECTOR('',#256,1.);
#256 = DIRECTION('',(1.,0.,0.));
#257 = PLANE('',#258);
#258 = AXIS2_PLACEMENT_3D('',#259,#260,#261);
#259 = CARTESIAN_POINT('',(-1.83551641108E-15,-9.702015315709E-15,-6.7)
  );
#260 = DIRECTION('',(0.,0.,1.));
#261 = DIRECTION('',(1.,0.,0.));
#262 = ADVANCED_FACE('',(#263),#290,.T.);
#263 = FACE_BOUND('',#264,.T.);
#264 = EDGE_LOOP('',(#265,#275,#282,#283));
#265 = ORIENTED_EDGE('',*,*,#266,.T.);
#266 = EDGE_CURVE('',#267,#269,#271,.T.);
#267 = VERTEX_POINT('',#268);
#268 = CARTESIAN_POINT('',(-38.35,-36.75,-1.));
#269 = VERTEX_POINT('',#270);
#270 = CARTESIAN_POINT('',(-38.35,-36.75,-6.7));
#271 = LINE('',#272,#273);
#272 = CARTESIAN_POINT('',(-38.35,-36.75,0.));
#273 = VECTOR('',#274,1.);
#274 = DIRECTION('',(-0.,-0.,-1.));
#275 = ORIENTED_EDGE('',*,*,#276,.T.);
#276 = EDGE_CURVE('',#269,#40,#277,.T.);
#277 = CIRCLE('',#278,11.2);
#278 = AXIS2_PLACEMENT_3D('',#279,#280,#281);
#279 = CARTESIAN_POINT('',(-27.15,-36.75,-6.7));
#280 = DIRECTION('',(0.,0.,1.));
#281 = DIRECTION('',(1.,0.,0.));
#282 = ORIENTED_EDGE('',*,*,#39,.F.);
#283 = ORIENTED_EDGE('',*,*,#284,.F.);
#284 = EDGE_CURVE('',#267,#32,#285,.T.);
#285 = CIRCLE('',#286,11.2);
#286 = AXIS2_PLACEMENT_3D('',#287,#288,#289);
#287 = CARTESIAN_POINT('',(-27.15,-36.75,-1.));
#288 = DIRECTION('',(0.,0.,1.));
#289 = DIRECTION('',(-1.,0.,0.));
#290 = CYLINDRICAL_SURFACE('',#291,11.2);
#291 = AXIS2_PLACEMENT_3D('',#292,#293,#294);
#292 = CARTESIAN_POINT('',(-27.15,-36.75,0.));
#293 = DIRECTION('',(0.,0.,1.));
#294 = DIRECTION('',(1.,0.,0.));
#295 = ADVANCED_FACE('',(#296),#314,.F.);
#296 = FACE_BOUND('',#297,.F.);
#297 = EDGE_LOOP('',(#298,#299,#300,#308));
#298 = ORIENTED_EDGE('',*,*,#89,.F.);
#299 = ORIENTED_EDGE('',*,*,#175,.T.);
#300 = ORIENTED_EDGE('',*,*,#301,.T.);
#301 = EDGE_CURVE('',#176,#302,#304,.T.);
#302 = VERTEX_POINT('',#303);
#303 = CARTESIAN_POINT('',(4.32,-47.13560163693,-6.));
#304 = LINE('',#305,#306);
#305 = CARTESIAN_POINT('',(4.32,-47.10651142477,-6.109714272197));
#306 = VECTOR('',#307,1.);
#307 = DIRECTION('',(0.,-0.256289373133,0.966600102017));
#308 = ORIENTED_EDGE('',*,*,#309,.F.);
#309 = EDGE_CURVE('',#81,#302,#310,.T.);
#310 = LINE('',#311,#312);
#311 = CARTESIAN_POINT('',(4.32,-47.95,-6.));
#312 = VECTOR('',#313,1.);
#313 = DIRECTION('',(0.,1.,-2.22044604925E-16));
#314 = PLANE('',#315);
#315 = AXIS2_PLACEMENT_3D('',#316,#317,#318);
#316 = CARTESIAN_POINT('',(4.32,-47.95,-7.2));
#317 = DIRECTION('',(1.,0.,0.));
#318 = DIRECTION('',(0.,2.22044604925E-16,1.));
#319 = ADVANCED_FACE('',(#320),#387,.F.);
#320 = FACE_BOUND('',#321,.F.);
#321 = EDGE_LOOP('',(#322,#332,#338,#339,#340,#348,#356,#365,#373,#381)
  );
#322 = ORIENTED_EDGE('',*,*,#323,.T.);
#323 = EDGE_CURVE('',#324,#326,#328,.T.);
#324 = VERTEX_POINT('',#325);
#325 = CARTESIAN_POINT('',(-37.52120327386,5.130000000037,-6.7));
#326 = VERTEX_POINT('',#327);
#327 = CARTESIAN_POINT('',(-38.35,5.130000000037,-6.7));
#328 = LINE('',#329,#330);
#329 = CARTESIAN_POINT('',(-19.175,5.130000000037,-6.7));
#330 = VECTOR('',#331,1.);
#331 = DIRECTION('',(-1.,0.,0.));
#332 = ORIENTED_EDGE('',*,*,#333,.T.);
#333 = EDGE_CURVE('',#326,#269,#334,.T.);
#334 = LINE('',#335,#336);
#335 = CARTESIAN_POINT('',(-38.35,36.75,-6.7));
#336 = VECTOR('',#337,1.);
#337 = DIRECTION('',(0.,-1.,0.));
#338 = ORIENTED_EDGE('',*,*,#276,.T.);
#339 = ORIENTED_EDGE('',*,*,#47,.T.);
#340 = ORIENTED_EDGE('',*,*,#341,.F.);
#341 = EDGE_CURVE('',#342,#48,#344,.T.);
#342 = VERTEX_POINT('',#343);
#343 = CARTESIAN_POINT('',(-4.82,-46.95,-6.7));
#344 = LINE('',#345,#346);
#345 = CARTESIAN_POINT('',(-4.82,-23.975,-6.7));
#346 = VECTOR('',#347,1.);
#347 = DIRECTION('',(0.,-1.,0.));
#348 = ORIENTED_EDGE('',*,*,#349,.F.);
#349 = EDGE_CURVE('',#350,#342,#352,.T.);
#350 = VERTEX_POINT('',#351);
#351 = CARTESIAN_POINT('',(-27.15,-46.95,-6.7));
#352 = LINE('',#353,#354);
#353 = CARTESIAN_POINT('',(-27.15,-46.95,-6.7));
#354 = VECTOR('',#355,1.);
#355 = DIRECTION('',(1.,0.,0.));
#356 = ORIENTED_EDGE('',*,*,#357,.F.);
#357 = EDGE_CURVE('',#358,#350,#360,.T.);
#358 = VERTEX_POINT('',#359);
#359 = CARTESIAN_POINT('',(-37.35,-36.75,-6.7));
#360 = CIRCLE('',#361,10.2);
#361 = AXIS2_PLACEMENT_3D('',#362,#363,#364);
#362 = CARTESIAN_POINT('',(-27.15,-36.75,-6.7));
#363 = DIRECTION('',(0.,0.,1.));
#364 = DIRECTION('',(1.,0.,0.));
#365 = ORIENTED_EDGE('',*,*,#366,.F.);
#366 = EDGE_CURVE('',#367,#358,#369,.T.);
#367 = VERTEX_POINT('',#368);
#368 = CARTESIAN_POINT('',(-37.35,4.130000000001,-6.7));
#369 = LINE('',#370,#371);
#370 = CARTESIAN_POINT('',(-37.35,36.75,-6.7));
#371 = VECTOR('',#372,1.);
#372 = DIRECTION('',(0.,-1.,0.));
#373 = ORIENTED_EDGE('',*,*,#374,.T.);
#374 = EDGE_CURVE('',#367,#375,#377,.T.);
#375 = VERTEX_POINT('',#376);
#376 = CARTESIAN_POINT('',(-37.52120327386,4.130000000001,-6.7));
#377 = LINE('',#378,#379);
#378 = CARTESIAN_POINT('',(-18.76060163693,4.130000000001,-6.7));
#379 = VECTOR('',#380,1.);
#380 = DIRECTION('',(-1.,0.,0.));
#381 = ORIENTED_EDGE('',*,*,#382,.T.);
#382 = EDGE_CURVE('',#375,#324,#383,.T.);
#383 = LINE('',#384,#385);
#384 = CARTESIAN_POINT('',(-37.52120327386,5.965,-6.7));
#385 = VECTOR('',#386,1.);
#386 = DIRECTION('',(0.,1.,0.));
#387 = PLANE('',#388);
#388 = AXIS2_PLACEMENT_3D('',#389,#390,#391);
#389 = CARTESIAN_POINT('',(-1.83551641108E-15,-9.702015315709E-15,-6.7)
  );
#390 = DIRECTION('',(0.,0.,1.));
#391 = DIRECTION('',(1.,0.,0.));
#392 = ADVANCED_FACE('',(#393),#429,.F.);
#393 = FACE_BOUND('',#394,.F.);
#394 = EDGE_LOOP('',(#395,#396,#397,#406,#414,#423));
#395 = ORIENTED_EDGE('',*,*,#80,.F.);
#396 = ORIENTED_EDGE('',*,*,#309,.T.);
#397 = ORIENTED_EDGE('',*,*,#398,.T.);
#398 = EDGE_CURVE('',#302,#399,#401,.T.);
#399 = VERTEX_POINT('',#400);
#400 = CARTESIAN_POINT('',(4.068528137424,-47.32120327387,-5.3));
#401 = ELLIPSE('',#402,1.13800939779,1.1);
#402 = AXIS2_PLACEMENT_3D('',#403,#404,#405);
#403 = CARTESIAN_POINT('',(3.22,-47.13560163693,-6.));
#404 = DIRECTION('',(-0.,-0.966600102017,-0.256289373133));
#405 = DIRECTION('',(0.,-0.256289373133,0.966600102017));
#406 = ORIENTED_EDGE('',*,*,#407,.F.);
#407 = EDGE_CURVE('',#408,#399,#410,.T.);
#408 = VERTEX_POINT('',#409);
#409 = CARTESIAN_POINT('',(4.068528137424,-45.75,-5.3));
#410 = LINE('',#411,#412);
#411 = CARTESIAN_POINT('',(4.068528137424,-47.95,-5.3));
#412 = VECTOR('',#413,1.);
#413 = DIRECTION('',(0.,-1.,2.22044604925E-16));
#414 = ORIENTED_EDGE('',*,*,#415,.T.);
#415 = EDGE_CURVE('',#408,#416,#418,.T.);
#416 = VERTEX_POINT('',#417);
#417 = CARTESIAN_POINT('',(3.22,-45.75,-4.9));
#418 = CIRCLE('',#419,1.1);
#419 = AXIS2_PLACEMENT_3D('',#420,#421,#422);
#420 = CARTESIAN_POINT('',(3.22,-45.75,-6.));
#421 = DIRECTION('',(0.,-1.,2.22044604925E-16));
#422 = DIRECTION('',(1.,0.,0.));
#423 = ORIENTED_EDGE('',*,*,#424,.F.);
#424 = EDGE_CURVE('',#73,#416,#425,.T.);
#425 = LINE('',#426,#427);
#426 = CARTESIAN_POINT('',(3.22,-47.95,-4.9));
#427 = VECTOR('',#428,1.);
#428 = DIRECTION('',(0.,1.,-2.22044604925E-16));
#429 = CYLINDRICAL_SURFACE('',#430,1.1);
#430 = AXIS2_PLACEMENT_3D('',#431,#432,#433);
#431 = CARTESIAN_POINT('',(3.22,-47.95,-6.));
#432 = DIRECTION('',(0.,-1.,2.22044604925E-16));
#433 = DIRECTION('',(1.,0.,0.));
#434 = ADVANCED_FACE('',(#435),#453,.F.);
#435 = FACE_BOUND('',#436,.F.);
#436 = EDGE_LOOP('',(#437,#438,#446,#452));
#437 = ORIENTED_EDGE('',*,*,#55,.F.);
#438 = ORIENTED_EDGE('',*,*,#439,.T.);
#439 = EDGE_CURVE('',#56,#440,#442,.T.);
#440 = VERTEX_POINT('',#441);
#441 = CARTESIAN_POINT('',(-4.82,-47.13560163693,-6.));
#442 = LINE('',#443,#444);
#443 = CARTESIAN_POINT('',(-4.82,-47.95,-6.));
#444 = VECTOR('',#445,1.);
#445 = DIRECTION('',(0.,1.,-2.22044604925E-16));
#446 = ORIENTED_EDGE('',*,*,#447,.T.);
#447 = EDGE_CURVE('',#440,#342,#448,.T.);
#448 = LINE('',#449,#450);
#449 = CARTESIAN_POINT('',(-4.82,-47.2551490253,-5.549124817866));
#450 = VECTOR('',#451,1.);
#451 = DIRECTION('',(0.,0.256289373133,-0.966600102017));
#452 = ORIENTED_EDGE('',*,*,#341,.T.);
#453 = PLANE('',#454);
#454 = AXIS2_PLACEMENT_3D('',#455,#456,#457);
#455 = CARTESIAN_POINT('',(-4.82,-47.95,-6.));
#456 = DIRECTION('',(-1.,0.,0.));
#457 = DIRECTION('',(0.,-2.22044604925E-16,-1.));
#458 = ADVANCED_FACE('',(#459),#477,.F.);
#459 = FACE_BOUND('',#460,.F.);
#460 = EDGE_LOOP('',(#461,#462,#470,#476));
#461 = ORIENTED_EDGE('',*,*,#424,.T.);
#462 = ORIENTED_EDGE('',*,*,#463,.T.);
#463 = EDGE_CURVE('',#416,#464,#466,.T.);
#464 = VERTEX_POINT('',#465);
#465 = CARTESIAN_POINT('',(-3.72,-45.75,-4.9));
#466 = LINE('',#467,#468);
#467 = CARTESIAN_POINT('',(3.22,-45.75,-4.9));
#468 = VECTOR('',#469,1.);
#469 = DIRECTION('',(-1.,0.,0.));
#470 = ORIENTED_EDGE('',*,*,#471,.F.);
#471 = EDGE_CURVE('',#64,#464,#472,.T.);
#472 = LINE('',#473,#474);
#473 = CARTESIAN_POINT('',(-3.72,-47.95,-4.9));
#474 = VECTOR('',#475,1.);
#475 = DIRECTION('',(0.,1.,-2.22044604925E-16));
#476 = ORIENTED_EDGE('',*,*,#72,.F.);
#477 = PLANE('',#478);
#478 = AXIS2_PLACEMENT_3D('',#479,#480,#481);
#479 = CARTESIAN_POINT('',(3.22,-47.95,-4.9));
#480 = DIRECTION('',(0.,2.22044604925E-16,1.));
#481 = DIRECTION('',(-1.,0.,0.));
#482 = ADVANCED_FACE('',(#483),#512,.F.);
#483 = FACE_BOUND('',#484,.F.);
#484 = EDGE_LOOP('',(#485,#486,#487,#496,#504,#511));
#485 = ORIENTED_EDGE('',*,*,#63,.F.);
#486 = ORIENTED_EDGE('',*,*,#471,.T.);
#487 = ORIENTED_EDGE('',*,*,#488,.T.);
#488 = EDGE_CURVE('',#464,#489,#491,.T.);
#489 = VERTEX_POINT('',#490);
#490 = CARTESIAN_POINT('',(-4.568528137424,-45.75,-5.3));
#491 = CIRCLE('',#492,1.1);
#492 = AXIS2_PLACEMENT_3D('',#493,#494,#495);
#493 = CARTESIAN_POINT('',(-3.72,-45.75,-6.));
#494 = DIRECTION('',(0.,-1.,2.22044604925E-16));
#495 = DIRECTION('',(1.,0.,0.));
#496 = ORIENTED_EDGE('',*,*,#497,.T.);
#497 = EDGE_CURVE('',#489,#498,#500,.T.);
#498 = VERTEX_POINT('',#499);
#499 = CARTESIAN_POINT('',(-4.568528137424,-47.32120327387,-5.3));
#500 = LINE('',#501,#502);
#501 = CARTESIAN_POINT('',(-4.568528137424,-47.95,-5.3));
#502 = VECTOR('',#503,1.);
#503 = DIRECTION('',(0.,-1.,2.22044604925E-16));
#504 = ORIENTED_EDGE('',*,*,#505,.T.);
#505 = EDGE_CURVE('',#498,#440,#506,.T.);
#506 = ELLIPSE('',#507,1.13800939779,1.1);
#507 = AXIS2_PLACEMENT_3D('',#508,#509,#510);
#508 = CARTESIAN_POINT('',(-3.72,-47.13560163693,-6.));
#509 = DIRECTION('',(-0.,-0.966600102017,-0.256289373133));
#510 = DIRECTION('',(0.,-0.256289373133,0.966600102017));
#511 = ORIENTED_EDGE('',*,*,#439,.F.);
#512 = CYLINDRICAL_SURFACE('',#513,1.1);
#513 = AXIS2_PLACEMENT_3D('',#514,#515,#516);
#514 = CARTESIAN_POINT('',(-3.72,-47.95,-6.));
#515 = DIRECTION('',(0.,-1.,2.22044604925E-16));
#516 = DIRECTION('',(1.,0.,0.));
#517 = ADVANCED_FACE('',(#518),#537,.T.);
#518 = FACE_BOUND('',#519,.F.);
#519 = EDGE_LOOP('',(#520,#521,#530,#536));
#520 = ORIENTED_EDGE('',*,*,#160,.F.);
#521 = ORIENTED_EDGE('',*,*,#522,.T.);
#522 = EDGE_CURVE('',#153,#523,#525,.T.);
#523 = VERTEX_POINT('',#524);
#524 = CARTESIAN_POINT('',(37.35,-36.75,0.));
#525 = CIRCLE('',#526,10.2);
#526 = AXIS2_PLACEMENT_3D('',#527,#528,#529);
#527 = CARTESIAN_POINT('',(27.15,-36.75,0.));
#528 = DIRECTION('',(0.,0.,1.));
#529 = DIRECTION('',(-3.172065784643E-16,-1.,0.));
#530 = ORIENTED_EDGE('',*,*,#531,.T.);
#531 = EDGE_CURVE('',#523,#122,#532,.T.);
#532 = LINE('',#533,#534);
#533 = CARTESIAN_POINT('',(38.35,-36.75,-1.));
#534 = VECTOR('',#535,1.);
#535 = DIRECTION('',(0.707106781187,-2.675967254809E-16,-0.707106781187)
  );
#536 = ORIENTED_EDGE('',*,*,#129,.F.);
#537 = CONICAL_SURFACE('',#538,11.2,0.785398163397);
#538 = AXIS2_PLACEMENT_3D('',#539,#540,#541);
#539 = CARTESIAN_POINT('',(27.15,-36.75,-1.));
#540 = DIRECTION('',(-0.,-0.,-1.));
#541 = DIRECTION('',(-3.172065784643E-16,-1.,0.));
#542 = ADVANCED_FACE('',(#543),#561,.T.);
#543 = FACE_BOUND('',#544,.T.);
#544 = EDGE_LOOP('',(#545,#546,#547,#555));
#545 = ORIENTED_EDGE('',*,*,#121,.T.);
#546 = ORIENTED_EDGE('',*,*,#185,.T.);
#547 = ORIENTED_EDGE('',*,*,#548,.F.);
#548 = EDGE_CURVE('',#549,#186,#551,.T.);
#549 = VERTEX_POINT('',#550);
#550 = CARTESIAN_POINT('',(38.35,36.75,-1.));
#551 = LINE('',#552,#553);
#552 = CARTESIAN_POINT('',(38.35,36.75,0.));
#553 = VECTOR('',#554,1.);
#554 = DIRECTION('',(-0.,-0.,-1.));
#555 = ORIENTED_EDGE('',*,*,#556,.F.);
#556 = EDGE_CURVE('',#122,#549,#557,.T.);
#557 = LINE('',#558,#559);
#558 = CARTESIAN_POINT('',(38.35,-36.75,-1.));
#559 = VECTOR('',#560,1.);
#560 = DIRECTION('',(0.,1.,0.));
#561 = PLANE('',#562);
#562 = AXIS2_PLACEMENT_3D('',#563,#564,#565);
#563 = CARTESIAN_POINT('',(38.35,-36.75,0.));
#564 = DIRECTION('',(1.,0.,0.));
#565 = DIRECTION('',(0.,1.,0.));
#566 = ADVANCED_FACE('',(#567),#586,.T.);
#567 = FACE_BOUND('',#568,.F.);
#568 = EDGE_LOOP('',(#569,#577,#584,#585));
#569 = ORIENTED_EDGE('',*,*,#570,.F.);
#570 = EDGE_CURVE('',#571,#267,#573,.T.);
#571 = VERTEX_POINT('',#572);
#572 = CARTESIAN_POINT('',(-37.35,-36.75,-9.436895709314E-16));
#573 = LINE('',#574,#575);
#574 = CARTESIAN_POINT('',(-37.85,-36.75,-0.5));
#575 = VECTOR('',#576,1.);
#576 = DIRECTION('',(-0.707106781187,-0.,-0.707106781187));
#577 = ORIENTED_EDGE('',*,*,#578,.T.);
#578 = EDGE_CURVE('',#571,#145,#579,.T.);
#579 = CIRCLE('',#580,10.2);
#580 = AXIS2_PLACEMENT_3D('',#581,#582,#583);
#581 = CARTESIAN_POINT('',(-27.15,-36.75,0.));
#582 = DIRECTION('',(0.,0.,1.));
#583 = DIRECTION('',(-1.,0.,0.));
#584 = ORIENTED_EDGE('',*,*,#144,.T.);
#585 = ORIENTED_EDGE('',*,*,#284,.F.);
#586 = CONICAL_SURFACE('',#587,11.2,0.785398163397);
#587 = AXIS2_PLACEMENT_3D('',#588,#589,#590);
#588 = CARTESIAN_POINT('',(-27.15,-36.75,-1.));
#589 = DIRECTION('',(-0.,-0.,-1.));
#590 = DIRECTION('',(-1.,0.,0.));
#591 = ADVANCED_FACE('',(#592,#637,#739,#809,#879,#949,#1019,#1089,#1191
    ,#1202),#1213,.T.);
#592 = FACE_BOUND('',#593,.T.);
#593 = EDGE_LOOP('',(#594,#602,#603,#604,#605,#613,#622,#630));
#594 = ORIENTED_EDGE('',*,*,#595,.T.);
#595 = EDGE_CURVE('',#596,#571,#598,.T.);
#596 = VERTEX_POINT('',#597);
#597 = CARTESIAN_POINT('',(-37.35,36.75,-9.436895709314E-16));
#598 = LINE('',#599,#600);
#599 = CARTESIAN_POINT('',(-37.35,36.75,0.));
#600 = VECTOR('',#601,1.);
#601 = DIRECTION('',(0.,-1.,0.));
#602 = ORIENTED_EDGE('',*,*,#578,.T.);
#603 = ORIENTED_EDGE('',*,*,#152,.T.);
#604 = ORIENTED_EDGE('',*,*,#522,.T.);
#605 = ORIENTED_EDGE('',*,*,#606,.T.);
#606 = EDGE_CURVE('',#523,#607,#609,.T.);
#607 = VERTEX_POINT('',#608);
#608 = CARTESIAN_POINT('',(37.35,36.75,-9.436895709314E-16));
#609 = LINE('',#610,#611);
#610 = CARTESIAN_POINT('',(37.35,-36.75,0.));
#611 = VECTOR('',#612,1.);
#612 = DIRECTION('',(0.,1.,0.));
#613 = ORIENTED_EDGE('',*,*,#614,.T.);
#614 = EDGE_CURVE('',#607,#615,#617,.T.);
#615 = VERTEX_POINT('',#616);
#616 = CARTESIAN_POINT('',(27.15,46.95,0.));
#617 = CIRCLE('',#618,10.2);
#618 = AXIS2_PLACEMENT_3D('',#619,#620,#621);
#619 = CARTESIAN_POINT('',(27.15,36.75,0.));
#620 = DIRECTION('',(0.,0.,1.));
#621 = DIRECTION('',(1.,0.,0.));
#622 = ORIENTED_EDGE('',*,*,#623,.T.);
#623 = EDGE_CURVE('',#615,#624,#626,.T.);
#624 = VERTEX_POINT('',#625);
#625 = CARTESIAN_POINT('',(-27.15,46.95,-9.436895709314E-16));
#626 = LINE('',#627,#628);
#627 = CARTESIAN_POINT('',(27.15,46.95,0.));
#628 = VECTOR('',#629,1.);
#629 = DIRECTION('',(-1.,0.,0.));
#630 = ORIENTED_EDGE('',*,*,#631,.T.);
#631 = EDGE_CURVE('',#624,#596,#632,.T.);
#632 = CIRCLE('',#633,10.2);
#633 = AXIS2_PLACEMENT_3D('',#634,#635,#636);
#634 = CARTESIAN_POINT('',(-27.15,36.75,0.));
#635 = DIRECTION('',(0.,-0.,1.));
#636 = DIRECTION('',(0.,1.,0.));
#637 = FACE_BOUND('',#638,.T.);
#638 = EDGE_LOOP('',(#639,#649,#657,#665,#674,#682,#691,#699,#707,#715,
    #724,#732));
#639 = ORIENTED_EDGE('',*,*,#640,.F.);
#640 = EDGE_CURVE('',#641,#643,#645,.T.);
#641 = VERTEX_POINT('',#642);
#642 = CARTESIAN_POINT('',(-30.75,-1.5,0.));
#643 = VERTEX_POINT('',#644);
#644 = CARTESIAN_POINT('',(-30.75,-26.3,0.));
#645 = LINE('',#646,#647);
#646 = CARTESIAN_POINT('',(-30.75,-1.5,0.));
#647 = VECTOR('',#648,1.);
#648 = DIRECTION('',(0.,-1.,0.));
#649 = ORIENTED_EDGE('',*,*,#650,.T.);
#650 = EDGE_CURVE('',#641,#651,#653,.T.);
#651 = VERTEX_POINT('',#652);
#652 = CARTESIAN_POINT('',(-30.4,-1.5,0.));
#653 = LINE('',#654,#655);
#654 = CARTESIAN_POINT('',(-30.75,-1.5,0.));
#655 = VECTOR('',#656,1.);
#656 = DIRECTION('',(1.,0.,0.));
#657 = ORIENTED_EDGE('',*,*,#658,.T.);
#658 = EDGE_CURVE('',#651,#659,#661,.T.);
#659 = VERTEX_POINT('',#660);
#660 = CARTESIAN_POINT('',(-30.4,-26.3,0.));
#661 = LINE('',#662,#663);
#662 = CARTESIAN_POINT('',(-30.4,-1.5,0.));
#663 = VECTOR('',#664,1.);
#664 = DIRECTION('',(0.,-1.,0.));
#665 = ORIENTED_EDGE('',*,*,#666,.T.);
#666 = EDGE_CURVE('',#659,#667,#669,.T.);
#667 = VERTEX_POINT('',#668);
#668 = CARTESIAN_POINT('',(-19.55,-37.15,0.));
#669 = CIRCLE('',#670,10.85);
#670 = AXIS2_PLACEMENT_3D('',#671,#672,#673);
#671 = CARTESIAN_POINT('',(-19.55,-26.3,0.));
#672 = DIRECTION('',(0.,0.,1.));
#673 = DIRECTION('',(1.,0.,0.));
#674 = ORIENTED_EDGE('',*,*,#675,.T.);
#675 = EDGE_CURVE('',#667,#676,#678,.T.);
#676 = VERTEX_POINT('',#677);
#677 = CARTESIAN_POINT('',(19.55,-37.15,0.));
#678 = LINE('',#679,#680);
#679 = CARTESIAN_POINT('',(-19.55,-37.15,0.));
#680 = VECTOR('',#681,1.);
#681 = DIRECTION('',(1.,2.907591757586E-15,0.));
#682 = ORIENTED_EDGE('',*,*,#683,.T.);
#683 = EDGE_CURVE('',#676,#684,#686,.T.);
#684 = VERTEX_POINT('',#685);
#685 = CARTESIAN_POINT('',(30.4,-26.3,0.));
#686 = CIRCLE('',#687,10.85);
#687 = AXIS2_PLACEMENT_3D('',#688,#689,#690);
#688 = CARTESIAN_POINT('',(19.55,-26.3,0.));
#689 = DIRECTION('',(0.,0.,1.));
#690 = DIRECTION('',(1.,0.,0.));
#691 = ORIENTED_EDGE('',*,*,#692,.T.);
#692 = EDGE_CURVE('',#684,#693,#695,.T.);
#693 = VERTEX_POINT('',#694);
#694 = CARTESIAN_POINT('',(30.4,-1.5,0.));
#695 = LINE('',#696,#697);
#696 = CARTESIAN_POINT('',(30.4,-26.3,0.));
#697 = VECTOR('',#698,1.);
#698 = DIRECTION('',(0.,1.,0.));
#699 = ORIENTED_EDGE('',*,*,#700,.T.);
#700 = EDGE_CURVE('',#693,#701,#703,.T.);
#701 = VERTEX_POINT('',#702);
#702 = CARTESIAN_POINT('',(30.75,-1.5,0.));
#703 = LINE('',#704,#705);
#704 = CARTESIAN_POINT('',(30.4,-1.5,0.));
#705 = VECTOR('',#706,1.);
#706 = DIRECTION('',(1.,0.,0.));
#707 = ORIENTED_EDGE('',*,*,#708,.F.);
#708 = EDGE_CURVE('',#709,#701,#711,.T.);
#709 = VERTEX_POINT('',#710);
#710 = CARTESIAN_POINT('',(30.75,-26.3,0.));
#711 = LINE('',#712,#713);
#712 = CARTESIAN_POINT('',(30.75,-26.3,0.));
#713 = VECTOR('',#714,1.);
#714 = DIRECTION('',(0.,1.,0.));
#715 = ORIENTED_EDGE('',*,*,#716,.F.);
#716 = EDGE_CURVE('',#717,#709,#719,.T.);
#717 = VERTEX_POINT('',#718);
#718 = CARTESIAN_POINT('',(19.55,-37.5,0.));
#719 = CIRCLE('',#720,11.2);
#720 = AXIS2_PLACEMENT_3D('',#721,#722,#723);
#721 = CARTESIAN_POINT('',(19.55,-26.3,0.));
#722 = DIRECTION('',(0.,0.,1.));
#723 = DIRECTION('',(1.,0.,0.));
#724 = ORIENTED_EDGE('',*,*,#725,.F.);
#725 = EDGE_CURVE('',#726,#717,#728,.T.);
#726 = VERTEX_POINT('',#727);
#727 = CARTESIAN_POINT('',(-19.55,-37.5,0.));
#728 = LINE('',#729,#730);
#729 = CARTESIAN_POINT('',(-19.55,-37.5,0.));
#730 = VECTOR('',#731,1.);
#731 = DIRECTION('',(1.,0.,0.));
#732 = ORIENTED_EDGE('',*,*,#733,.F.);
#733 = EDGE_CURVE('',#643,#726,#734,.T.);
#734 = CIRCLE('',#735,11.2);
#735 = AXIS2_PLACEMENT_3D('',#736,#737,#738);
#736 = CARTESIAN_POINT('',(-19.55,-26.3,0.));
#737 = DIRECTION('',(0.,0.,1.));
#738 = DIRECTION('',(1.,0.,0.));
#739 = FACE_BOUND('',#740,.T.);
#740 = EDGE_LOOP('',(#741,#751,#760,#768,#777,#785,#794,#802));
#741 = ORIENTED_EDGE('',*,*,#742,.F.);
#742 = EDGE_CURVE('',#743,#745,#747,.T.);
#743 = VERTEX_POINT('',#744);
#744 = CARTESIAN_POINT('',(-22.3,42.45,0.));
#745 = VERTEX_POINT('',#746);
#746 = CARTESIAN_POINT('',(-22.3,39.25,0.));
#747 = LINE('',#748,#749);
#748 = CARTESIAN_POINT('',(-22.3,42.45,0.));
#749 = VECTOR('',#750,1.);
#750 = DIRECTION('',(0.,-1.,0.));
#751 = ORIENTED_EDGE('',*,*,#752,.F.);
#752 = EDGE_CURVE('',#753,#743,#755,.T.);
#753 = VERTEX_POINT('',#754);
#754 = CARTESIAN_POINT('',(-21.9,42.85,0.));
#755 = CIRCLE('',#756,0.4);
#756 = AXIS2_PLACEMENT_3D('',#757,#758,#759);
#757 = CARTESIAN_POINT('',(-21.9,42.45,0.));
#758 = DIRECTION('',(0.,0.,1.));
#759 = DIRECTION('',(1.,0.,0.));
#760 = ORIENTED_EDGE('',*,*,#761,.F.);
#761 = EDGE_CURVE('',#762,#753,#764,.T.);
#762 = VERTEX_POINT('',#763);
#763 = CARTESIAN_POINT('',(-21.5,42.85,0.));
#764 = LINE('',#765,#766);
#765 = CARTESIAN_POINT('',(-21.5,42.85,0.));
#766 = VECTOR('',#767,1.);
#767 = DIRECTION('',(-1.,0.,0.));
#768 = ORIENTED_EDGE('',*,*,#769,.F.);
#769 = EDGE_CURVE('',#770,#762,#772,.T.);
#770 = VERTEX_POINT('',#771);
#771 = CARTESIAN_POINT('',(-21.1,42.45,0.));
#772 = CIRCLE('',#773,0.4);
#773 = AXIS2_PLACEMENT_3D('',#774,#775,#776);
#774 = CARTESIAN_POINT('',(-21.5,42.45,0.));
#775 = DIRECTION('',(0.,0.,1.));
#776 = DIRECTION('',(1.,0.,0.));
#777 = ORIENTED_EDGE('',*,*,#778,.F.);
#778 = EDGE_CURVE('',#779,#770,#781,.T.);
#779 = VERTEX_POINT('',#780);
#780 = CARTESIAN_POINT('',(-21.1,39.25,0.));
#781 = LINE('',#782,#783);
#782 = CARTESIAN_POINT('',(-21.1,39.25,0.));
#783 = VECTOR('',#784,1.);
#784 = DIRECTION('',(0.,1.,0.));
#785 = ORIENTED_EDGE('',*,*,#786,.F.);
#786 = EDGE_CURVE('',#787,#779,#789,.T.);
#787 = VERTEX_POINT('',#788);
#788 = CARTESIAN_POINT('',(-21.5,38.85,0.));
#789 = CIRCLE('',#790,0.4);
#790 = AXIS2_PLACEMENT_3D('',#791,#792,#793);
#791 = CARTESIAN_POINT('',(-21.5,39.25,0.));
#792 = DIRECTION('',(0.,0.,1.));
#793 = DIRECTION('',(1.,0.,0.));
#794 = ORIENTED_EDGE('',*,*,#795,.F.);
#795 = EDGE_CURVE('',#796,#787,#798,.T.);
#796 = VERTEX_POINT('',#797);
#797 = CARTESIAN_POINT('',(-21.9,38.85,0.));
#798 = LINE('',#799,#800);
#799 = CARTESIAN_POINT('',(-21.9,38.85,0.));
#800 = VECTOR('',#801,1.);
#801 = DIRECTION('',(1.,0.,0.));
#802 = ORIENTED_EDGE('',*,*,#803,.F.);
#803 = EDGE_CURVE('',#745,#796,#804,.T.);
#804 = CIRCLE('',#805,0.4);
#805 = AXIS2_PLACEMENT_3D('',#806,#807,#808);
#806 = CARTESIAN_POINT('',(-21.9,39.25,0.));
#807 = DIRECTION('',(0.,0.,1.));
#808 = DIRECTION('',(1.,0.,0.));
#809 = FACE_BOUND('',#810,.T.);
#810 = EDGE_LOOP('',(#811,#821,#830,#838,#847,#855,#864,#872));
#811 = ORIENTED_EDGE('',*,*,#812,.F.);
#812 = EDGE_CURVE('',#813,#815,#817,.T.);
#813 = VERTEX_POINT('',#814);
#814 = CARTESIAN_POINT('',(-19.1,44.35,0.));
#815 = VERTEX_POINT('',#816);
#816 = CARTESIAN_POINT('',(-19.1,39.35,0.));
#817 = LINE('',#818,#819);
#818 = CARTESIAN_POINT('',(-19.1,44.35,0.));
#819 = VECTOR('',#820,1.);
#820 = DIRECTION('',(0.,-1.,0.));
#821 = ORIENTED_EDGE('',*,*,#822,.F.);
#822 = EDGE_CURVE('',#823,#813,#825,.T.);
#823 = VERTEX_POINT('',#824);
#824 = CARTESIAN_POINT('',(-18.6,44.85,0.));
#825 = CIRCLE('',#826,0.5);
#826 = AXIS2_PLACEMENT_3D('',#827,#828,#829);
#827 = CARTESIAN_POINT('',(-18.6,44.35,0.));
#828 = DIRECTION('',(0.,0.,1.));
#829 = DIRECTION('',(1.,0.,0.));
#830 = ORIENTED_EDGE('',*,*,#831,.F.);
#831 = EDGE_CURVE('',#832,#823,#834,.T.);
#832 = VERTEX_POINT('',#833);
#833 = CARTESIAN_POINT('',(-18.2,44.85,0.));
#834 = LINE('',#835,#836);
#835 = CARTESIAN_POINT('',(-18.2,44.85,0.));
#836 = VECTOR('',#837,1.);
#837 = DIRECTION('',(-1.,0.,0.));
#838 = ORIENTED_EDGE('',*,*,#839,.F.);
#839 = EDGE_CURVE('',#840,#832,#842,.T.);
#840 = VERTEX_POINT('',#841);
#841 = CARTESIAN_POINT('',(-17.7,44.35,0.));
#842 = CIRCLE('',#843,0.5);
#843 = AXIS2_PLACEMENT_3D('',#844,#845,#846);
#844 = CARTESIAN_POINT('',(-18.2,44.35,0.));
#845 = DIRECTION('',(0.,0.,1.));
#846 = DIRECTION('',(1.,0.,0.));
#847 = ORIENTED_EDGE('',*,*,#848,.F.);
#848 = EDGE_CURVE('',#849,#840,#851,.T.);
#849 = VERTEX_POINT('',#850);
#850 = CARTESIAN_POINT('',(-17.7,39.35,0.));
#851 = LINE('',#852,#853);
#852 = CARTESIAN_POINT('',(-17.7,39.35,0.));
#853 = VECTOR('',#854,1.);
#854 = DIRECTION('',(0.,1.,0.));
#855 = ORIENTED_EDGE('',*,*,#856,.F.);
#856 = EDGE_CURVE('',#857,#849,#859,.T.);
#857 = VERTEX_POINT('',#858);
#858 = CARTESIAN_POINT('',(-18.2,38.85,0.));
#859 = CIRCLE('',#860,0.5);
#860 = AXIS2_PLACEMENT_3D('',#861,#862,#863);
#861 = CARTESIAN_POINT('',(-18.2,39.35,0.));
#862 = DIRECTION('',(0.,0.,1.));
#863 = DIRECTION('',(1.,0.,0.));
#864 = ORIENTED_EDGE('',*,*,#865,.F.);
#865 = EDGE_CURVE('',#866,#857,#868,.T.);
#866 = VERTEX_POINT('',#867);
#867 = CARTESIAN_POINT('',(-18.6,38.85,0.));
#868 = LINE('',#869,#870);
#869 = CARTESIAN_POINT('',(-18.6,38.85,0.));
#870 = VECTOR('',#871,1.);
#871 = DIRECTION('',(1.,0.,0.));
#872 = ORIENTED_EDGE('',*,*,#873,.F.);
#873 = EDGE_CURVE('',#815,#866,#874,.T.);
#874 = CIRCLE('',#875,0.5);
#875 = AXIS2_PLACEMENT_3D('',#876,#877,#878);
#876 = CARTESIAN_POINT('',(-18.6,39.35,0.));
#877 = DIRECTION('',(0.,0.,1.));
#878 = DIRECTION('',(1.,0.,0.));
#879 = FACE_BOUND('',#880,.T.);
#880 = EDGE_LOOP('',(#881,#891,#900,#908,#917,#925,#934,#942));
#881 = ORIENTED_EDGE('',*,*,#882,.F.);
#882 = EDGE_CURVE('',#883,#885,#887,.T.);
#883 = VERTEX_POINT('',#884);
#884 = CARTESIAN_POINT('',(-8.9,42.45,0.));
#885 = VERTEX_POINT('',#886);
#886 = CARTESIAN_POINT('',(-8.9,39.25,0.));
#887 = LINE('',#888,#889);
#888 = CARTESIAN_POINT('',(-8.9,42.45,0.));
#889 = VECTOR('',#890,1.);
#890 = DIRECTION('',(0.,-1.,0.));
#891 = ORIENTED_EDGE('',*,*,#892,.F.);
#892 = EDGE_CURVE('',#893,#883,#895,.T.);
#893 = VERTEX_POINT('',#894);
#894 = CARTESIAN_POINT('',(-8.5,42.85,0.));
#895 = CIRCLE('',#896,0.4);
#896 = AXIS2_PLACEMENT_3D('',#897,#898,#899);
#897 = CARTESIAN_POINT('',(-8.5,42.45,0.));
#898 = DIRECTION('',(0.,0.,1.));
#899 = DIRECTION('',(1.,0.,0.));
#900 = ORIENTED_EDGE('',*,*,#901,.F.);
#901 = EDGE_CURVE('',#902,#893,#904,.T.);
#902 = VERTEX_POINT('',#903);
#903 = CARTESIAN_POINT('',(-8.1,42.85,0.));
#904 = LINE('',#905,#906);
#905 = CARTESIAN_POINT('',(-8.1,42.85,0.));
#906 = VECTOR('',#907,1.);
#907 = DIRECTION('',(-1.,0.,0.));
#908 = ORIENTED_EDGE('',*,*,#909,.F.);
#909 = EDGE_CURVE('',#910,#902,#912,.T.);
#910 = VERTEX_POINT('',#911);
#911 = CARTESIAN_POINT('',(-7.7,42.45,0.));
#912 = CIRCLE('',#913,0.4);
#913 = AXIS2_PLACEMENT_3D('',#914,#915,#916);
#914 = CARTESIAN_POINT('',(-8.1,42.45,0.));
#915 = DIRECTION('',(0.,0.,1.));
#916 = DIRECTION('',(1.,0.,0.));
#917 = ORIENTED_EDGE('',*,*,#918,.F.);
#918 = EDGE_CURVE('',#919,#910,#921,.T.);
#919 = VERTEX_POINT('',#920);
#920 = CARTESIAN_POINT('',(-7.7,39.25,0.));
#921 = LINE('',#922,#923);
#922 = CARTESIAN_POINT('',(-7.7,39.25,0.));
#923 = VECTOR('',#924,1.);
#924 = DIRECTION('',(0.,1.,0.));
#925 = ORIENTED_EDGE('',*,*,#926,.F.);
#926 = EDGE_CURVE('',#927,#919,#929,.T.);
#927 = VERTEX_POINT('',#928);
#928 = CARTESIAN_POINT('',(-8.1,38.85,0.));
#929 = CIRCLE('',#930,0.4);
#930 = AXIS2_PLACEMENT_3D('',#931,#932,#933);
#931 = CARTESIAN_POINT('',(-8.1,39.25,0.));
#932 = DIRECTION('',(0.,0.,1.));
#933 = DIRECTION('',(1.,0.,0.));
#934 = ORIENTED_EDGE('',*,*,#935,.F.);
#935 = EDGE_CURVE('',#936,#927,#938,.T.);
#936 = VERTEX_POINT('',#937);
#937 = CARTESIAN_POINT('',(-8.5,38.85,0.));
#938 = LINE('',#939,#940);
#939 = CARTESIAN_POINT('',(-8.5,38.85,0.));
#940 = VECTOR('',#941,1.);
#941 = DIRECTION('',(1.,0.,0.));
#942 = ORIENTED_EDGE('',*,*,#943,.F.);
#943 = EDGE_CURVE('',#885,#936,#944,.T.);
#944 = CIRCLE('',#945,0.4);
#945 = AXIS2_PLACEMENT_3D('',#946,#947,#948);
#946 = CARTESIAN_POINT('',(-8.5,39.25,0.));
#947 = DIRECTION('',(0.,0.,1.));
#948 = DIRECTION('',(1.,0.,0.));
#949 = FACE_BOUND('',#950,.T.);
#950 = EDGE_LOOP('',(#951,#961,#970,#978,#987,#995,#1004,#1012));
#951 = ORIENTED_EDGE('',*,*,#952,.F.);
#952 = EDGE_CURVE('',#953,#955,#957,.T.);
#953 = VERTEX_POINT('',#954);
#954 = CARTESIAN_POINT('',(-15.7,46.35,0.));
#955 = VERTEX_POINT('',#956);
#956 = CARTESIAN_POINT('',(-15.7,38.35,0.));
#957 = LINE('',#958,#959);
#958 = CARTESIAN_POINT('',(-15.7,46.35,0.));
#959 = VECTOR('',#960,1.);
#960 = DIRECTION('',(0.,-1.,0.));
#961 = ORIENTED_EDGE('',*,*,#962,.F.);
#962 = EDGE_CURVE('',#963,#953,#965,.T.);
#963 = VERTEX_POINT('',#964);
#964 = CARTESIAN_POINT('',(-15.2,46.85,0.));
#965 = CIRCLE('',#966,0.5);
#966 = AXIS2_PLACEMENT_3D('',#967,#968,#969);
#967 = CARTESIAN_POINT('',(-15.2,46.35,0.));
#968 = DIRECTION('',(0.,0.,1.));
#969 = DIRECTION('',(1.,0.,0.));
#970 = ORIENTED_EDGE('',*,*,#971,.F.);
#971 = EDGE_CURVE('',#972,#963,#974,.T.);
#972 = VERTEX_POINT('',#973);
#973 = CARTESIAN_POINT('',(-14.8,46.85,0.));
#974 = LINE('',#975,#976);
#975 = CARTESIAN_POINT('',(-14.8,46.85,0.));
#976 = VECTOR('',#977,1.);
#977 = DIRECTION('',(-1.,0.,0.));
#978 = ORIENTED_EDGE('',*,*,#979,.F.);
#979 = EDGE_CURVE('',#980,#972,#982,.T.);
#980 = VERTEX_POINT('',#981);
#981 = CARTESIAN_POINT('',(-14.3,46.35,0.));
#982 = CIRCLE('',#983,0.5);
#983 = AXIS2_PLACEMENT_3D('',#984,#985,#986);
#984 = CARTESIAN_POINT('',(-14.8,46.35,0.));
#985 = DIRECTION('',(0.,0.,1.));
#986 = DIRECTION('',(1.,0.,0.));
#987 = ORIENTED_EDGE('',*,*,#988,.F.);
#988 = EDGE_CURVE('',#989,#980,#991,.T.);
#989 = VERTEX_POINT('',#990);
#990 = CARTESIAN_POINT('',(-14.3,38.35,0.));
#991 = LINE('',#992,#993);
#992 = CARTESIAN_POINT('',(-14.3,38.35,0.));
#993 = VECTOR('',#994,1.);
#994 = DIRECTION('',(0.,1.,0.));
#995 = ORIENTED_EDGE('',*,*,#996,.F.);
#996 = EDGE_CURVE('',#997,#989,#999,.T.);
#997 = VERTEX_POINT('',#998);
#998 = CARTESIAN_POINT('',(-14.8,37.85,0.));
#999 = CIRCLE('',#1000,0.5);
#1000 = AXIS2_PLACEMENT_3D('',#1001,#1002,#1003);
#1001 = CARTESIAN_POINT('',(-14.8,38.35,0.));
#1002 = DIRECTION('',(0.,0.,1.));
#1003 = DIRECTION('',(1.,0.,0.));
#1004 = ORIENTED_EDGE('',*,*,#1005,.F.);
#1005 = EDGE_CURVE('',#1006,#997,#1008,.T.);
#1006 = VERTEX_POINT('',#1007);
#1007 = CARTESIAN_POINT('',(-15.2,37.85,0.));
#1008 = LINE('',#1009,#1010);
#1009 = CARTESIAN_POINT('',(-15.2,37.85,0.));
#1010 = VECTOR('',#1011,1.);
#1011 = DIRECTION('',(1.,0.,0.));
#1012 = ORIENTED_EDGE('',*,*,#1013,.F.);
#1013 = EDGE_CURVE('',#955,#1006,#1014,.T.);
#1014 = CIRCLE('',#1015,0.5);
#1015 = AXIS2_PLACEMENT_3D('',#1016,#1017,#1018);
#1016 = CARTESIAN_POINT('',(-15.2,38.35,0.));
#1017 = DIRECTION('',(0.,0.,1.));
#1018 = DIRECTION('',(1.,0.,0.));
#1019 = FACE_BOUND('',#1020,.T.);
#1020 = EDGE_LOOP('',(#1021,#1031,#1040,#1048,#1057,#1065,#1074,#1082));
#1021 = ORIENTED_EDGE('',*,*,#1022,.F.);
#1022 = EDGE_CURVE('',#1023,#1025,#1027,.T.);
#1023 = VERTEX_POINT('',#1024);
#1024 = CARTESIAN_POINT('',(-12.3,44.35,0.));
#1025 = VERTEX_POINT('',#1026);
#1026 = CARTESIAN_POINT('',(-12.3,39.35,0.));
#1027 = LINE('',#1028,#1029);
#1028 = CARTESIAN_POINT('',(-12.3,44.35,0.));
#1029 = VECTOR('',#1030,1.);
#1030 = DIRECTION('',(0.,-1.,0.));
#1031 = ORIENTED_EDGE('',*,*,#1032,.F.);
#1032 = EDGE_CURVE('',#1033,#1023,#1035,.T.);
#1033 = VERTEX_POINT('',#1034);
#1034 = CARTESIAN_POINT('',(-11.8,44.85,0.));
#1035 = CIRCLE('',#1036,0.5);
#1036 = AXIS2_PLACEMENT_3D('',#1037,#1038,#1039);
#1037 = CARTESIAN_POINT('',(-11.8,44.35,0.));
#1038 = DIRECTION('',(0.,0.,1.));
#1039 = DIRECTION('',(1.,0.,0.));
#1040 = ORIENTED_EDGE('',*,*,#1041,.F.);
#1041 = EDGE_CURVE('',#1042,#1033,#1044,.T.);
#1042 = VERTEX_POINT('',#1043);
#1043 = CARTESIAN_POINT('',(-11.4,44.85,0.));
#1044 = LINE('',#1045,#1046);
#1045 = CARTESIAN_POINT('',(-11.4,44.85,0.));
#1046 = VECTOR('',#1047,1.);
#1047 = DIRECTION('',(-1.,0.,0.));
#1048 = ORIENTED_EDGE('',*,*,#1049,.F.);
#1049 = EDGE_CURVE('',#1050,#1042,#1052,.T.);
#1050 = VERTEX_POINT('',#1051);
#1051 = CARTESIAN_POINT('',(-10.9,44.35,0.));
#1052 = CIRCLE('',#1053,0.5);
#1053 = AXIS2_PLACEMENT_3D('',#1054,#1055,#1056);
#1054 = CARTESIAN_POINT('',(-11.4,44.35,0.));
#1055 = DIRECTION('',(0.,0.,1.));
#1056 = DIRECTION('',(1.,0.,0.));
#1057 = ORIENTED_EDGE('',*,*,#1058,.F.);
#1058 = EDGE_CURVE('',#1059,#1050,#1061,.T.);
#1059 = VERTEX_POINT('',#1060);
#1060 = CARTESIAN_POINT('',(-10.9,39.35,0.));
#1061 = LINE('',#1062,#1063);
#1062 = CARTESIAN_POINT('',(-10.9,39.35,0.));
#1063 = VECTOR('',#1064,1.);
#1064 = DIRECTION('',(0.,1.,0.));
#1065 = ORIENTED_EDGE('',*,*,#1066,.F.);
#1066 = EDGE_CURVE('',#1067,#1059,#1069,.T.);
#1067 = VERTEX_POINT('',#1068);
#1068 = CARTESIAN_POINT('',(-11.4,38.85,0.));
#1069 = CIRCLE('',#1070,0.5);
#1070 = AXIS2_PLACEMENT_3D('',#1071,#1072,#1073);
#1071 = CARTESIAN_POINT('',(-11.4,39.35,0.));
#1072 = DIRECTION('',(0.,0.,1.));
#1073 = DIRECTION('',(1.,0.,0.));
#1074 = ORIENTED_EDGE('',*,*,#1075,.F.);
#1075 = EDGE_CURVE('',#1076,#1067,#1078,.T.);
#1076 = VERTEX_POINT('',#1077);
#1077 = CARTESIAN_POINT('',(-11.8,38.85,0.));
#1078 = LINE('',#1079,#1080);
#1079 = CARTESIAN_POINT('',(-11.8,38.85,0.));
#1080 = VECTOR('',#1081,1.);
#1081 = DIRECTION('',(1.,0.,0.));
#1082 = ORIENTED_EDGE('',*,*,#1083,.F.);
#1083 = EDGE_CURVE('',#1025,#1076,#1084,.T.);
#1084 = CIRCLE('',#1085,0.5);
#1085 = AXIS2_PLACEMENT_3D('',#1086,#1087,#1088);
#1086 = CARTESIAN_POINT('',(-11.8,39.35,0.));
#1087 = DIRECTION('',(0.,0.,1.));
#1088 = DIRECTION('',(1.,0.,0.));
#1089 = FACE_BOUND('',#1090,.T.);
#1090 = EDGE_LOOP('',(#1091,#1101,#1109,#1118,#1126,#1135,#1143,#1151,
    #1159,#1168,#1176,#1185));
#1091 = ORIENTED_EDGE('',*,*,#1092,.F.);
#1092 = EDGE_CURVE('',#1093,#1095,#1097,.T.);
#1093 = VERTEX_POINT('',#1094);
#1094 = CARTESIAN_POINT('',(30.4,1.5,0.));
#1095 = VERTEX_POINT('',#1096);
#1096 = CARTESIAN_POINT('',(30.75,1.5,0.));
#1097 = LINE('',#1098,#1099);
#1098 = CARTESIAN_POINT('',(30.4,1.5,0.));
#1099 = VECTOR('',#1100,1.);
#1100 = DIRECTION('',(1.,0.,0.));
#1101 = ORIENTED_EDGE('',*,*,#1102,.T.);
#1102 = EDGE_CURVE('',#1093,#1103,#1105,.T.);
#1103 = VERTEX_POINT('',#1104);
#1104 = CARTESIAN_POINT('',(30.400000000002,26.3,0.));
#1105 = LINE('',#1106,#1107);
#1106 = CARTESIAN_POINT('',(30.4,1.5,0.));
#1107 = VECTOR('',#1108,1.);
#1108 = DIRECTION('',(6.331852604959E-14,1.,0.));
#1109 = ORIENTED_EDGE('',*,*,#1110,.T.);
#1110 = EDGE_CURVE('',#1103,#1111,#1113,.T.);
#1111 = VERTEX_POINT('',#1112);
#1112 = CARTESIAN_POINT('',(19.55,37.15,0.));
#1113 = CIRCLE('',#1114,10.850000000002);
#1114 = AXIS2_PLACEMENT_3D('',#1115,#1116,#1117);
#1115 = CARTESIAN_POINT('',(19.55,26.299999999998,0.));
#1116 = DIRECTION('',(0.,0.,1.));
#1117 = DIRECTION('',(1.,0.,0.));
#1118 = ORIENTED_EDGE('',*,*,#1119,.T.);
#1119 = EDGE_CURVE('',#1111,#1120,#1122,.T.);
#1120 = VERTEX_POINT('',#1121);
#1121 = CARTESIAN_POINT('',(-19.55,37.15,0.));
#1122 = LINE('',#1123,#1124);
#1123 = CARTESIAN_POINT('',(19.55,37.15,0.));
#1124 = VECTOR('',#1125,1.);
#1125 = DIRECTION('',(-1.,0.,0.));
#1126 = ORIENTED_EDGE('',*,*,#1127,.T.);
#1127 = EDGE_CURVE('',#1120,#1128,#1130,.T.);
#1128 = VERTEX_POINT('',#1129);
#1129 = CARTESIAN_POINT('',(-30.4,26.3,0.));
#1130 = CIRCLE('',#1131,10.85);
#1131 = AXIS2_PLACEMENT_3D('',#1132,#1133,#1134);
#1132 = CARTESIAN_POINT('',(-19.55,26.3,0.));
#1133 = DIRECTION('',(0.,0.,1.));
#1134 = DIRECTION('',(1.,0.,0.));
#1135 = ORIENTED_EDGE('',*,*,#1136,.T.);
#1136 = EDGE_CURVE('',#1128,#1137,#1139,.T.);
#1137 = VERTEX_POINT('',#1138);
#1138 = CARTESIAN_POINT('',(-30.4,1.5,0.));
#1139 = LINE('',#1140,#1141);
#1140 = CARTESIAN_POINT('',(-30.4,26.3,0.));
#1141 = VECTOR('',#1142,1.);
#1142 = DIRECTION('',(0.,-1.,0.));
#1143 = ORIENTED_EDGE('',*,*,#1144,.T.);
#1144 = EDGE_CURVE('',#1137,#1145,#1147,.T.);
#1145 = VERTEX_POINT('',#1146);
#1146 = CARTESIAN_POINT('',(-30.75,1.5,0.));
#1147 = LINE('',#1148,#1149);
#1148 = CARTESIAN_POINT('',(-30.4,1.5,0.));
#1149 = VECTOR('',#1150,1.);
#1150 = DIRECTION('',(-1.,0.,0.));
#1151 = ORIENTED_EDGE('',*,*,#1152,.F.);
#1152 = EDGE_CURVE('',#1153,#1145,#1155,.T.);
#1153 = VERTEX_POINT('',#1154);
#1154 = CARTESIAN_POINT('',(-30.75,26.3,0.));
#1155 = LINE('',#1156,#1157);
#1156 = CARTESIAN_POINT('',(-30.75,26.3,0.));
#1157 = VECTOR('',#1158,1.);
#1158 = DIRECTION('',(0.,-1.,0.));
#1159 = ORIENTED_EDGE('',*,*,#1160,.F.);
#1160 = EDGE_CURVE('',#1161,#1153,#1163,.T.);
#1161 = VERTEX_POINT('',#1162);
#1162 = CARTESIAN_POINT('',(-19.55,37.5,0.));
#1163 = CIRCLE('',#1164,11.2);
#1164 = AXIS2_PLACEMENT_3D('',#1165,#1166,#1167);
#1165 = CARTESIAN_POINT('',(-19.55,26.3,0.));
#1166 = DIRECTION('',(0.,0.,1.));
#1167 = DIRECTION('',(1.,0.,0.));
#1168 = ORIENTED_EDGE('',*,*,#1169,.F.);
#1169 = EDGE_CURVE('',#1170,#1161,#1172,.T.);
#1170 = VERTEX_POINT('',#1171);
#1171 = CARTESIAN_POINT('',(19.55,37.5,0.));
#1172 = LINE('',#1173,#1174);
#1173 = CARTESIAN_POINT('',(19.55,37.5,0.));
#1174 = VECTOR('',#1175,1.);
#1175 = DIRECTION('',(-1.,0.,0.));
#1176 = ORIENTED_EDGE('',*,*,#1177,.F.);
#1177 = EDGE_CURVE('',#1178,#1170,#1180,.T.);
#1178 = VERTEX_POINT('',#1179);
#1179 = CARTESIAN_POINT('',(30.75,26.3,0.));
#1180 = CIRCLE('',#1181,11.2);
#1181 = AXIS2_PLACEMENT_3D('',#1182,#1183,#1184);
#1182 = CARTESIAN_POINT('',(19.55,26.3,0.));
#1183 = DIRECTION('',(0.,0.,1.));
#1184 = DIRECTION('',(1.,0.,0.));
#1185 = ORIENTED_EDGE('',*,*,#1186,.F.);
#1186 = EDGE_CURVE('',#1095,#1178,#1187,.T.);
#1187 = LINE('',#1188,#1189);
#1188 = CARTESIAN_POINT('',(30.75,1.5,0.));
#1189 = VECTOR('',#1190,1.);
#1190 = DIRECTION('',(0.,1.,0.));
#1191 = FACE_BOUND('',#1192,.T.);
#1192 = EDGE_LOOP('',(#1193));
#1193 = ORIENTED_EDGE('',*,*,#1194,.F.);
#1194 = EDGE_CURVE('',#1195,#1195,#1197,.T.);
#1195 = VERTEX_POINT('',#1196);
#1196 = CARTESIAN_POINT('',(27.2,40.6,0.));
#1197 = CIRCLE('',#1198,0.9);
#1198 = AXIS2_PLACEMENT_3D('',#1199,#1200,#1201);
#1199 = CARTESIAN_POINT('',(26.3,40.6,0.));
#1200 = DIRECTION('',(0.,0.,1.));
#1201 = DIRECTION('',(1.,0.,0.));
#1202 = FACE_BOUND('',#1203,.T.);
#1203 = EDGE_LOOP('',(#1204));
#1204 = ORIENTED_EDGE('',*,*,#1205,.F.);
#1205 = EDGE_CURVE('',#1206,#1206,#1208,.T.);
#1206 = VERTEX_POINT('',#1207);
#1207 = CARTESIAN_POINT('',(29.4,40.6,0.));
#1208 = CIRCLE('',#1209,0.9);
#1209 = AXIS2_PLACEMENT_3D('',#1210,#1211,#1212);
#1210 = CARTESIAN_POINT('',(28.5,40.6,0.));
#1211 = DIRECTION('',(0.,0.,1.));
#1212 = DIRECTION('',(1.,0.,0.));
#1213 = PLANE('',#1214);
#1214 = AXIS2_PLACEMENT_3D('',#1215,#1216,#1217);
#1215 = CARTESIAN_POINT('',(-1.83551641108E-15,-9.702015315709E-15,0.));
#1216 = DIRECTION('',(0.,0.,1.));
#1217 = DIRECTION('',(1.,0.,0.));
#1218 = ADVANCED_FACE('',(#1219),#1237,.F.);
#1219 = FACE_BOUND('',#1220,.F.);
#1220 = EDGE_LOOP('',(#1221,#1222,#1223,#1230,#1236));
#1221 = ORIENTED_EDGE('',*,*,#301,.F.);
#1222 = ORIENTED_EDGE('',*,*,#252,.T.);
#1223 = ORIENTED_EDGE('',*,*,#1224,.T.);
#1224 = EDGE_CURVE('',#244,#1225,#1227,.T.);
#1225 = VERTEX_POINT('',#1226);
#1226 = CARTESIAN_POINT('',(27.149999999997,-47.32120327387,-5.3));
#1227 = B_SPLINE_CURVE_WITH_KNOTS('',1,(#1228,#1229),.UNSPECIFIED.,.F.,
  .F.,(2,2),(0.,1.),.PIECEWISE_BEZIER_KNOTS.);
#1228 = CARTESIAN_POINT('',(27.149999999997,-46.95,-6.7));
#1229 = CARTESIAN_POINT('',(27.149999999997,-47.32120327387,-5.3));
#1230 = ORIENTED_EDGE('',*,*,#1231,.F.);
#1231 = EDGE_CURVE('',#399,#1225,#1232,.T.);
#1232 = LINE('',#1233,#1234);
#1233 = CARTESIAN_POINT('',(-27.15,-47.32120327387,-5.3));
#1234 = VECTOR('',#1235,1.);
#1235 = DIRECTION('',(1.,0.,0.));
#1236 = ORIENTED_EDGE('',*,*,#398,.F.);
#1237 = PLANE('',#1238);
#1238 = AXIS2_PLACEMENT_3D('',#1239,#1240,#1241);
#1239 = CARTESIAN_POINT('',(-27.15,-47.32120327387,-5.3));
#1240 = DIRECTION('',(0.,-0.966600102017,-0.256289373133));
#1241 = DIRECTION('',(1.,0.,0.));
#1242 = ADVANCED_FACE('',(#1243),#1261,.F.);
#1243 = FACE_BOUND('',#1244,.F.);
#1244 = EDGE_LOOP('',(#1245,#1246,#1253,#1260));
#1245 = ORIENTED_EDGE('',*,*,#243,.T.);
#1246 = ORIENTED_EDGE('',*,*,#1247,.T.);
#1247 = EDGE_CURVE('',#236,#1248,#1250,.T.);
#1248 = VERTEX_POINT('',#1249);
#1249 = CARTESIAN_POINT('',(37.721203273861,-36.75,-5.3));
#1250 = B_SPLINE_CURVE_WITH_KNOTS('',1,(#1251,#1252),.UNSPECIFIED.,.F.,
  .F.,(2,2),(0.,1.),.PIECEWISE_BEZIER_KNOTS.);
#1251 = CARTESIAN_POINT('',(37.349999999997,-36.75,-6.7));
#1252 = CARTESIAN_POINT('',(37.721203273861,-36.75,-5.3));
#1253 = ORIENTED_EDGE('',*,*,#1254,.F.);
#1254 = EDGE_CURVE('',#1225,#1248,#1255,.T.);
#1255 = CIRCLE('',#1256,10.571203273864);
#1256 = AXIS2_PLACEMENT_3D('',#1257,#1258,#1259);
#1257 = CARTESIAN_POINT('',(27.149999999997,-36.75,-5.3));
#1258 = DIRECTION('',(0.,0.,1.));
#1259 = DIRECTION('',(1.,0.,0.));
#1260 = ORIENTED_EDGE('',*,*,#1224,.F.);
#1261 = CONICAL_SURFACE('',#1262,10.2,0.259181393921);
#1262 = AXIS2_PLACEMENT_3D('',#1263,#1264,#1265);
#1263 = CARTESIAN_POINT('',(27.149999999997,-36.75,-6.7));
#1264 = DIRECTION('',(0.,0.,1.));
#1265 = DIRECTION('',(1.,0.,0.));
#1266 = ADVANCED_FACE('',(#1267),#1284,.F.);
#1267 = FACE_BOUND('',#1268,.F.);
#1268 = EDGE_LOOP('',(#1269,#1270,#1277,#1283));
#1269 = ORIENTED_EDGE('',*,*,#235,.T.);
#1270 = ORIENTED_EDGE('',*,*,#1271,.T.);
#1271 = EDGE_CURVE('',#227,#1272,#1274,.T.);
#1272 = VERTEX_POINT('',#1273);
#1273 = CARTESIAN_POINT('',(37.721203273861,36.75,-5.3));
#1274 = B_SPLINE_CURVE_WITH_KNOTS('',1,(#1275,#1276),.UNSPECIFIED.,.F.,
  .F.,(2,2),(0.,1.),.PIECEWISE_BEZIER_KNOTS.);
#1275 = CARTESIAN_POINT('',(37.349999999997,36.75,-6.7));
#1276 = CARTESIAN_POINT('',(37.721203273861,36.75,-5.3));
#1277 = ORIENTED_EDGE('',*,*,#1278,.F.);
#1278 = EDGE_CURVE('',#1248,#1272,#1279,.T.);
#1279 = LINE('',#1280,#1281);
#1280 = CARTESIAN_POINT('',(37.721203273861,-36.75,-5.3));
#1281 = VECTOR('',#1282,1.);
#1282 = DIRECTION('',(0.,1.,0.));
#1283 = ORIENTED_EDGE('',*,*,#1247,.F.);
#1284 = PLANE('',#1285);
#1285 = AXIS2_PLACEMENT_3D('',#1286,#1287,#1288);
#1286 = CARTESIAN_POINT('',(37.721203273861,-36.75,-5.3));
#1287 = DIRECTION('',(0.966600102017,0.,-0.256289373133));
#1288 = DIRECTION('',(0.,1.,0.));
#1289 = ADVANCED_FACE('',(#1290),#1308,.F.);
#1290 = FACE_BOUND('',#1291,.F.);
#1291 = EDGE_LOOP('',(#1292,#1293,#1300,#1307));
#1292 = ORIENTED_EDGE('',*,*,#226,.T.);
#1293 = ORIENTED_EDGE('',*,*,#1294,.T.);
#1294 = EDGE_CURVE('',#219,#1295,#1297,.T.);
#1295 = VERTEX_POINT('',#1296);
#1296 = CARTESIAN_POINT('',(27.149999999997,47.321203273864,-5.3));
#1297 = B_SPLINE_CURVE_WITH_KNOTS('',1,(#1298,#1299),.UNSPECIFIED.,.F.,
  .F.,(2,2),(0.,1.),.PIECEWISE_BEZIER_KNOTS.);
#1298 = CARTESIAN_POINT('',(27.149999999997,46.95,-6.7));
#1299 = CARTESIAN_POINT('',(27.149999999997,47.321203273864,-5.3));
#1300 = ORIENTED_EDGE('',*,*,#1301,.F.);
#1301 = EDGE_CURVE('',#1272,#1295,#1302,.T.);
#1302 = CIRCLE('',#1303,10.571203273864);
#1303 = AXIS2_PLACEMENT_3D('',#1304,#1305,#1306);
#1304 = CARTESIAN_POINT('',(27.149999999997,36.75,-5.3));
#1305 = DIRECTION('',(0.,0.,1.));
#1306 = DIRECTION('',(1.,0.,0.));
#1307 = ORIENTED_EDGE('',*,*,#1271,.F.);
#1308 = CONICAL_SURFACE('',#1309,10.2,0.259181393921);
#1309 = AXIS2_PLACEMENT_3D('',#1310,#1311,#1312);
#1310 = CARTESIAN_POINT('',(27.149999999997,36.75,-6.7));
#1311 = DIRECTION('',(0.,0.,1.));
#1312 = DIRECTION('',(1.,0.,0.));
#1313 = ADVANCED_FACE('',(#1314),#1342,.F.);
#1314 = FACE_BOUND('',#1315,.F.);
#1315 = EDGE_LOOP('',(#1316,#1317,#1318,#1327,#1336));
#1316 = ORIENTED_EDGE('',*,*,#1294,.F.);
#1317 = ORIENTED_EDGE('',*,*,#218,.T.);
#1318 = ORIENTED_EDGE('',*,*,#1319,.F.);
#1319 = EDGE_CURVE('',#1320,#211,#1322,.T.);
#1320 = VERTEX_POINT('',#1321);
#1321 = CARTESIAN_POINT('',(21.1,47.215145195617,-5.7));
#1322 = ELLIPSE('',#1323,2.793295794575,2.7);
#1323 = AXIS2_PLACEMENT_3D('',#1324,#1325,#1326);
#1324 = CARTESIAN_POINT('',(18.4,47.215145195617,-5.7));
#1325 = DIRECTION('',(0.,0.966600102017,-0.256289373133));
#1326 = DIRECTION('',(0.,0.256289373133,0.966600102017));
#1327 = ORIENTED_EDGE('',*,*,#1328,.F.);
#1328 = EDGE_CURVE('',#1329,#1320,#1331,.T.);
#1329 = VERTEX_POINT('',#1330);
#1330 = CARTESIAN_POINT('',(21.070205984564,47.321203273864,-5.3));
#1331 = ELLIPSE('',#1332,2.793295794575,2.7);
#1332 = AXIS2_PLACEMENT_3D('',#1333,#1334,#1335);
#1333 = CARTESIAN_POINT('',(18.4,47.215145195617,-5.7));
#1334 = DIRECTION('',(0.,0.966600102017,-0.256289373133));
#1335 = DIRECTION('',(0.,0.256289373133,0.966600102017));
#1336 = ORIENTED_EDGE('',*,*,#1337,.F.);
#1337 = EDGE_CURVE('',#1295,#1329,#1338,.T.);
#1338 = LINE('',#1339,#1340);
#1339 = CARTESIAN_POINT('',(27.149999999997,47.321203273864,-5.3));
#1340 = VECTOR('',#1341,1.);
#1341 = DIRECTION('',(-1.,0.,0.));
#1342 = PLANE('',#1343);
#1343 = AXIS2_PLACEMENT_3D('',#1344,#1345,#1346);
#1344 = CARTESIAN_POINT('',(27.149999999997,47.321203273864,-5.3));
#1345 = DIRECTION('',(0.,0.966600102017,-0.256289373133));
#1346 = DIRECTION('',(-1.,0.,0.));
#1347 = ADVANCED_FACE('',(#1348),#1411,.F.);
#1348 = FACE_BOUND('',#1349,.T.);
#1349 = EDGE_LOOP('',(#1350,#1351,#1359,#1368,#1376,#1385,#1393,#1402,
    #1409,#1410));
#1350 = ORIENTED_EDGE('',*,*,#1328,.F.);
#1351 = ORIENTED_EDGE('',*,*,#1352,.F.);
#1352 = EDGE_CURVE('',#1353,#1329,#1355,.T.);
#1353 = VERTEX_POINT('',#1354);
#1354 = CARTESIAN_POINT('',(21.070205984564,45.75,-5.3));
#1355 = LINE('',#1356,#1357);
#1356 = CARTESIAN_POINT('',(21.070205984564,47.95,-5.3));
#1357 = VECTOR('',#1358,1.);
#1358 = DIRECTION('',(0.,1.,-2.22044604925E-16));
#1359 = ORIENTED_EDGE('',*,*,#1360,.T.);
#1360 = EDGE_CURVE('',#1353,#1361,#1363,.T.);
#1361 = VERTEX_POINT('',#1362);
#1362 = CARTESIAN_POINT('',(15.729794015436,45.75,-5.3));
#1363 = CIRCLE('',#1364,2.7);
#1364 = AXIS2_PLACEMENT_3D('',#1365,#1366,#1367);
#1365 = CARTESIAN_POINT('',(18.4,45.75,-5.7));
#1366 = DIRECTION('',(0.,-1.,2.22044604925E-16));
#1367 = DIRECTION('',(1.,0.,0.));
#1368 = ORIENTED_EDGE('',*,*,#1369,.T.);
#1369 = EDGE_CURVE('',#1361,#1370,#1372,.T.);
#1370 = VERTEX_POINT('',#1371);
#1371 = CARTESIAN_POINT('',(15.729794015436,47.321203273864,-5.3));
#1372 = LINE('',#1373,#1374);
#1373 = CARTESIAN_POINT('',(15.729794015436,47.95,-5.3));
#1374 = VECTOR('',#1375,1.);
#1375 = DIRECTION('',(0.,1.,-2.22044604925E-16));
#1376 = ORIENTED_EDGE('',*,*,#1377,.F.);
#1377 = EDGE_CURVE('',#1378,#1370,#1380,.T.);
#1378 = VERTEX_POINT('',#1379);
#1379 = CARTESIAN_POINT('',(15.892012759203,46.95,-6.7));
#1380 = ELLIPSE('',#1381,2.793295794575,2.7);
#1381 = AXIS2_PLACEMENT_3D('',#1382,#1383,#1384);
#1382 = CARTESIAN_POINT('',(18.4,47.215145195617,-5.7));
#1383 = DIRECTION('',(0.,0.966600102017,-0.256289373133));
#1384 = DIRECTION('',(0.,0.256289373133,0.966600102017));
#1385 = ORIENTED_EDGE('',*,*,#1386,.T.);
#1386 = EDGE_CURVE('',#1378,#1387,#1389,.T.);
#1387 = VERTEX_POINT('',#1388);
#1388 = CARTESIAN_POINT('',(15.892012759203,47.95,-6.7));
#1389 = LINE('',#1390,#1391);
#1390 = CARTESIAN_POINT('',(15.892012759203,47.95,-6.7));
#1391 = VECTOR('',#1392,1.);
#1392 = DIRECTION('',(0.,1.,-2.22044604925E-16));
#1393 = ORIENTED_EDGE('',*,*,#1394,.F.);
#1394 = EDGE_CURVE('',#1395,#1387,#1397,.T.);
#1395 = VERTEX_POINT('',#1396);
#1396 = CARTESIAN_POINT('',(21.1,47.95,-5.7));
#1397 = CIRCLE('',#1398,2.7);
#1398 = AXIS2_PLACEMENT_3D('',#1399,#1400,#1401);
#1399 = CARTESIAN_POINT('',(18.4,47.95,-5.7));
#1400 = DIRECTION('',(0.,-1.,2.22044604925E-16));
#1401 = DIRECTION('',(1.,0.,0.));
#1402 = ORIENTED_EDGE('',*,*,#1403,.F.);
#1403 = EDGE_CURVE('',#203,#1395,#1404,.T.);
#1404 = CIRCLE('',#1405,2.7);
#1405 = AXIS2_PLACEMENT_3D('',#1406,#1407,#1408);
#1406 = CARTESIAN_POINT('',(18.4,47.95,-5.7));
#1407 = DIRECTION('',(0.,-1.,2.22044604925E-16));
#1408 = DIRECTION('',(1.,0.,0.));
#1409 = ORIENTED_EDGE('',*,*,#210,.F.);
#1410 = ORIENTED_EDGE('',*,*,#1319,.F.);
#1411 = CYLINDRICAL_SURFACE('',#1412,2.7);
#1412 = AXIS2_PLACEMENT_3D('',#1413,#1414,#1415);
#1413 = CARTESIAN_POINT('',(18.4,47.95,-5.7));
#1414 = DIRECTION('',(0.,1.,-2.22044604925E-16));
#1415 = DIRECTION('',(1.,0.,0.));
#1416 = ADVANCED_FACE('',(#1417),#1478,.T.);
#1417 = FACE_BOUND('',#1418,.T.);
#1418 = EDGE_LOOP('',(#1419,#1429,#1437,#1443,#1444,#1445,#1446,#1454,
    #1463,#1472));
#1419 = ORIENTED_EDGE('',*,*,#1420,.F.);
#1420 = EDGE_CURVE('',#1421,#1423,#1425,.T.);
#1421 = VERTEX_POINT('',#1422);
#1422 = CARTESIAN_POINT('',(-27.15,47.95,-1.));
#1423 = VERTEX_POINT('',#1424);
#1424 = CARTESIAN_POINT('',(-27.15,47.95,-6.7));
#1425 = LINE('',#1426,#1427);
#1426 = CARTESIAN_POINT('',(-27.15,47.95,0.));
#1427 = VECTOR('',#1428,1.);
#1428 = DIRECTION('',(-0.,-0.,-1.));
#1429 = ORIENTED_EDGE('',*,*,#1430,.F.);
#1430 = EDGE_CURVE('',#1431,#1421,#1433,.T.);
#1431 = VERTEX_POINT('',#1432);
#1432 = CARTESIAN_POINT('',(27.15,47.95,-1.));
#1433 = LINE('',#1434,#1435);
#1434 = CARTESIAN_POINT('',(27.15,47.95,-1.));
#1435 = VECTOR('',#1436,1.);
#1436 = DIRECTION('',(-1.,0.,0.));
#1437 = ORIENTED_EDGE('',*,*,#1438,.T.);
#1438 = EDGE_CURVE('',#1431,#194,#1439,.T.);
#1439 = LINE('',#1440,#1441);
#1440 = CARTESIAN_POINT('',(27.15,47.95,0.));
#1441 = VECTOR('',#1442,1.);
#1442 = DIRECTION('',(-0.,-0.,-1.));
#1443 = ORIENTED_EDGE('',*,*,#202,.T.);
#1444 = ORIENTED_EDGE('',*,*,#1403,.T.);
#1445 = ORIENTED_EDGE('',*,*,#1394,.T.);
#1446 = ORIENTED_EDGE('',*,*,#1447,.T.);
#1447 = EDGE_CURVE('',#1387,#1448,#1450,.T.);
#1448 = VERTEX_POINT('',#1449);
#1449 = CARTESIAN_POINT('',(9.155749299439,47.95,-6.7));
#1450 = LINE('',#1451,#1452);
#1451 = CARTESIAN_POINT('',(27.15,47.95,-6.7));
#1452 = VECTOR('',#1453,1.);
#1453 = DIRECTION('',(-1.,0.,0.));
#1454 = ORIENTED_EDGE('',*,*,#1455,.T.);
#1455 = EDGE_CURVE('',#1448,#1456,#1458,.T.);
#1456 = VERTEX_POINT('',#1457);
#1457 = CARTESIAN_POINT('',(9.17,47.95,-6.45));
#1458 = CIRCLE('',#1459,2.2);
#1459 = AXIS2_PLACEMENT_3D('',#1460,#1461,#1462);
#1460 = CARTESIAN_POINT('',(6.97,47.95,-6.45));
#1461 = DIRECTION('',(0.,-1.,2.22044604925E-16));
#1462 = DIRECTION('',(1.,0.,0.));
#1463 = ORIENTED_EDGE('',*,*,#1464,.T.);
#1464 = EDGE_CURVE('',#1456,#1465,#1467,.T.);
#1465 = VERTEX_POINT('',#1466);
#1466 = CARTESIAN_POINT('',(4.784250700561,47.95,-6.7));
#1467 = CIRCLE('',#1468,2.2);
#1468 = AXIS2_PLACEMENT_3D('',#1469,#1470,#1471);
#1469 = CARTESIAN_POINT('',(6.97,47.95,-6.45));
#1470 = DIRECTION('',(0.,-1.,2.22044604925E-16));
#1471 = DIRECTION('',(1.,0.,0.));
#1472 = ORIENTED_EDGE('',*,*,#1473,.T.);
#1473 = EDGE_CURVE('',#1465,#1423,#1474,.T.);
#1474 = LINE('',#1475,#1476);
#1475 = CARTESIAN_POINT('',(27.15,47.95,-6.7));
#1476 = VECTOR('',#1477,1.);
#1477 = DIRECTION('',(-1.,0.,0.));
#1478 = PLANE('',#1479);
#1479 = AXIS2_PLACEMENT_3D('',#1480,#1481,#1482);
#1480 = CARTESIAN_POINT('',(27.15,47.95,0.));
#1481 = DIRECTION('',(0.,1.,0.));
#1482 = DIRECTION('',(-1.,0.,0.));
#1483 = ADVANCED_FACE('',(#1484),#1496,.T.);
#1484 = FACE_BOUND('',#1485,.T.);
#1485 = EDGE_LOOP('',(#1486,#1487,#1488,#1489));
#1486 = ORIENTED_EDGE('',*,*,#548,.T.);
#1487 = ORIENTED_EDGE('',*,*,#193,.T.);
#1488 = ORIENTED_EDGE('',*,*,#1438,.F.);
#1489 = ORIENTED_EDGE('',*,*,#1490,.F.);
#1490 = EDGE_CURVE('',#549,#1431,#1491,.T.);
#1491 = CIRCLE('',#1492,11.2);
#1492 = AXIS2_PLACEMENT_3D('',#1493,#1494,#1495);
#1493 = CARTESIAN_POINT('',(27.15,36.75,-1.));
#1494 = DIRECTION('',(0.,0.,1.));
#1495 = DIRECTION('',(1.,0.,0.));
#1496 = CYLINDRICAL_SURFACE('',#1497,11.2);
#1497 = AXIS2_PLACEMENT_3D('',#1498,#1499,#1500);
#1498 = CARTESIAN_POINT('',(27.15,36.75,0.));
#1499 = DIRECTION('',(0.,0.,1.));
#1500 = DIRECTION('',(1.,0.,0.));
#1501 = ADVANCED_FACE('',(#1502),#1616,.T.);
#1502 = FACE_BOUND('',#1503,.T.);
#1503 = EDGE_LOOP('',(#1504,#1505,#1513,#1521,#1529,#1537,#1545,#1553,
    #1561,#1569,#1577,#1585,#1593,#1601,#1609,#1615));
#1504 = ORIENTED_EDGE('',*,*,#266,.F.);
#1505 = ORIENTED_EDGE('',*,*,#1506,.F.);
#1506 = EDGE_CURVE('',#1507,#267,#1509,.T.);
#1507 = VERTEX_POINT('',#1508);
#1508 = CARTESIAN_POINT('',(-38.35,36.75,-1.));
#1509 = LINE('',#1510,#1511);
#1510 = CARTESIAN_POINT('',(-38.35,36.75,-1.));
#1511 = VECTOR('',#1512,1.);
#1512 = DIRECTION('',(0.,-1.,0.));
#1513 = ORIENTED_EDGE('',*,*,#1514,.T.);
#1514 = EDGE_CURVE('',#1507,#1515,#1517,.T.);
#1515 = VERTEX_POINT('',#1516);
#1516 = CARTESIAN_POINT('',(-38.35,36.75,-6.7));
#1517 = LINE('',#1518,#1519);
#1518 = CARTESIAN_POINT('',(-38.35,36.75,0.));
#1519 = VECTOR('',#1520,1.);
#1520 = DIRECTION('',(-0.,-0.,-1.));
#1521 = ORIENTED_EDGE('',*,*,#1522,.T.);
#1522 = EDGE_CURVE('',#1515,#1523,#1525,.T.);
#1523 = VERTEX_POINT('',#1524);
#1524 = CARTESIAN_POINT('',(-38.35,30.45,-6.7));
#1525 = LINE('',#1526,#1527);
#1526 = CARTESIAN_POINT('',(-38.35,36.75,-6.7));
#1527 = VECTOR('',#1528,1.);
#1528 = DIRECTION('',(0.,-1.,0.));
#1529 = ORIENTED_EDGE('',*,*,#1530,.T.);
#1530 = EDGE_CURVE('',#1523,#1531,#1533,.T.);
#1531 = VERTEX_POINT('',#1532);
#1532 = CARTESIAN_POINT('',(-38.35,30.45,-2.2));
#1533 = LINE('',#1534,#1535);
#1534 = CARTESIAN_POINT('',(-38.35,30.45,-9.8));
#1535 = VECTOR('',#1536,1.);
#1536 = DIRECTION('',(0.,0.,1.));
#1537 = ORIENTED_EDGE('',*,*,#1538,.T.);
#1538 = EDGE_CURVE('',#1531,#1539,#1541,.T.);
#1539 = VERTEX_POINT('',#1540);
#1540 = CARTESIAN_POINT('',(-38.35,23.25,-2.2));
#1541 = LINE('',#1542,#1543);
#1542 = CARTESIAN_POINT('',(-38.35,30.45,-2.2));
#1543 = VECTOR('',#1544,1.);
#1544 = DIRECTION('',(0.,-1.,0.));
#1545 = ORIENTED_EDGE('',*,*,#1546,.T.);
#1546 = EDGE_CURVE('',#1539,#1547,#1549,.T.);
#1547 = VERTEX_POINT('',#1548);
#1548 = CARTESIAN_POINT('',(-38.35,23.25,-6.7));
#1549 = LINE('',#1550,#1551);
#1550 = CARTESIAN_POINT('',(-38.35,23.25,-2.2));
#1551 = VECTOR('',#1552,1.);
#1552 = DIRECTION('',(0.,0.,-1.));
#1553 = ORIENTED_EDGE('',*,*,#1554,.T.);
#1554 = EDGE_CURVE('',#1547,#1555,#1557,.T.);
#1555 = VERTEX_POINT('',#1556);
#1556 = CARTESIAN_POINT('',(-38.35,18.73,-6.7));
#1557 = LINE('',#1558,#1559);
#1558 = CARTESIAN_POINT('',(-38.35,36.75,-6.7));
#1559 = VECTOR('',#1560,1.);
#1560 = DIRECTION('',(0.,-1.,0.));
#1561 = ORIENTED_EDGE('',*,*,#1562,.T.);
#1562 = EDGE_CURVE('',#1555,#1563,#1565,.T.);
#1563 = VERTEX_POINT('',#1564);
#1564 = CARTESIAN_POINT('',(-38.35,18.73,-2.2));
#1565 = LINE('',#1566,#1567);
#1566 = CARTESIAN_POINT('',(-38.35,18.73,-9.8));
#1567 = VECTOR('',#1568,1.);
#1568 = DIRECTION('',(0.,0.,1.));
#1569 = ORIENTED_EDGE('',*,*,#1570,.T.);
#1570 = EDGE_CURVE('',#1563,#1571,#1573,.T.);
#1571 = VERTEX_POINT('',#1572);
#1572 = CARTESIAN_POINT('',(-38.35,14.03,-2.2));
#1573 = LINE('',#1574,#1575);
#1574 = CARTESIAN_POINT('',(-38.35,18.73,-2.2));
#1575 = VECTOR('',#1576,1.);
#1576 = DIRECTION('',(0.,-1.,0.));
#1577 = ORIENTED_EDGE('',*,*,#1578,.T.);
#1578 = EDGE_CURVE('',#1571,#1579,#1581,.T.);
#1579 = VERTEX_POINT('',#1580);
#1580 = CARTESIAN_POINT('',(-38.35,14.03,-6.7));
#1581 = LINE('',#1582,#1583);
#1582 = CARTESIAN_POINT('',(-38.35,14.03,-2.2));
#1583 = VECTOR('',#1584,1.);
#1584 = DIRECTION('',(0.,0.,-1.));
#1585 = ORIENTED_EDGE('',*,*,#1586,.T.);
#1586 = EDGE_CURVE('',#1579,#1587,#1589,.T.);
#1587 = VERTEX_POINT('',#1588);
#1588 = CARTESIAN_POINT('',(-38.35,9.829999999963,-6.7));
#1589 = LINE('',#1590,#1591);
#1590 = CARTESIAN_POINT('',(-38.35,36.75,-6.7));
#1591 = VECTOR('',#1592,1.);
#1592 = DIRECTION('',(0.,-1.,0.));
#1593 = ORIENTED_EDGE('',*,*,#1594,.T.);
#1594 = EDGE_CURVE('',#1587,#1595,#1597,.T.);
#1595 = VERTEX_POINT('',#1596);
#1596 = CARTESIAN_POINT('',(-38.35,9.829999999963,-2.2));
#1597 = LINE('',#1598,#1599);
#1598 = CARTESIAN_POINT('',(-38.35,9.829999999963,-9.8));
#1599 = VECTOR('',#1600,1.);
#1600 = DIRECTION('',(0.,0.,1.));
#1601 = ORIENTED_EDGE('',*,*,#1602,.T.);
#1602 = EDGE_CURVE('',#1595,#1603,#1605,.T.);
#1603 = VERTEX_POINT('',#1604);
#1604 = CARTESIAN_POINT('',(-38.35,5.130000000037,-2.2));
#1605 = LINE('',#1606,#1607);
#1606 = CARTESIAN_POINT('',(-38.35,9.829999999963,-2.2));
#1607 = VECTOR('',#1608,1.);
#1608 = DIRECTION('',(0.,-1.,0.));
#1609 = ORIENTED_EDGE('',*,*,#1610,.T.);
#1610 = EDGE_CURVE('',#1603,#326,#1611,.T.);
#1611 = LINE('',#1612,#1613);
#1612 = CARTESIAN_POINT('',(-38.35,5.130000000037,-2.2));
#1613 = VECTOR('',#1614,1.);
#1614 = DIRECTION('',(0.,0.,-1.));
#1615 = ORIENTED_EDGE('',*,*,#333,.T.);
#1616 = PLANE('',#1617);
#1617 = AXIS2_PLACEMENT_3D('',#1618,#1619,#1620);
#1618 = CARTESIAN_POINT('',(-38.35,36.75,0.));
#1619 = DIRECTION('',(-1.,0.,0.));
#1620 = DIRECTION('',(0.,-1.,0.));
#1621 = ADVANCED_FACE('',(#1622),#1664,.T.);
#1622 = FACE_BOUND('',#1623,.T.);
#1623 = EDGE_LOOP('',(#1624,#1625,#1633,#1641,#1649,#1657,#1663));
#1624 = ORIENTED_EDGE('',*,*,#1610,.F.);
#1625 = ORIENTED_EDGE('',*,*,#1626,.T.);
#1626 = EDGE_CURVE('',#1603,#1627,#1629,.T.);
#1627 = VERTEX_POINT('',#1628);
#1628 = CARTESIAN_POINT('',(-37.52120327386,5.130000000037,-2.2));
#1629 = LINE('',#1630,#1631);
#1630 = CARTESIAN_POINT('',(-38.35,5.130000000037,-2.2));
#1631 = VECTOR('',#1632,1.);
#1632 = DIRECTION('',(1.,0.,0.));
#1633 = ORIENTED_EDGE('',*,*,#1634,.T.);
#1634 = EDGE_CURVE('',#1627,#1635,#1637,.T.);
#1635 = VERTEX_POINT('',#1636);
#1636 = CARTESIAN_POINT('',(-37.52120327386,5.130000000037,-5.3));
#1637 = LINE('',#1638,#1639);
#1638 = CARTESIAN_POINT('',(-37.52120327386,5.130000000037,-4.1));
#1639 = VECTOR('',#1640,1.);
#1640 = DIRECTION('',(0.,0.,-1.));
#1641 = ORIENTED_EDGE('',*,*,#1642,.T.);
#1642 = EDGE_CURVE('',#1635,#1643,#1645,.T.);
#1643 = VERTEX_POINT('',#1644);
#1644 = CARTESIAN_POINT('',(-37.72120327386,5.130000000037,-5.3));
#1645 = LINE('',#1646,#1647);
#1646 = CARTESIAN_POINT('',(-5.600000000002,5.130000000037,-5.3));
#1647 = VECTOR('',#1648,1.);
#1648 = DIRECTION('',(-1.,0.,0.));
#1649 = ORIENTED_EDGE('',*,*,#1650,.T.);
#1650 = EDGE_CURVE('',#1643,#1651,#1653,.T.);
#1651 = VERTEX_POINT('',#1652);
#1652 = CARTESIAN_POINT('',(-37.52120327386,5.130000000037,
    -6.054303692112));
#1653 = LINE('',#1654,#1655);
#1654 = CARTESIAN_POINT('',(-38.1258347603,5.130000000037,
    -3.773924879149));
#1655 = VECTOR('',#1656,1.);
#1656 = DIRECTION('',(0.256289373133,0.,-0.966600102017));
#1657 = ORIENTED_EDGE('',*,*,#1658,.T.);
#1658 = EDGE_CURVE('',#1651,#324,#1659,.T.);
#1659 = LINE('',#1660,#1661);
#1660 = CARTESIAN_POINT('',(-37.52120327386,5.130000000037,-4.1));
#1661 = VECTOR('',#1662,1.);
#1662 = DIRECTION('',(0.,0.,-1.));
#1663 = ORIENTED_EDGE('',*,*,#323,.T.);
#1664 = PLANE('',#1665);
#1665 = AXIS2_PLACEMENT_3D('',#1666,#1667,#1668);
#1666 = CARTESIAN_POINT('',(-38.35,5.130000000037,-2.2));
#1667 = DIRECTION('',(0.,1.,0.));
#1668 = DIRECTION('',(0.,0.,-1.));
#1669 = ADVANCED_FACE('',(#1670),#1688,.T.);
#1670 = FACE_BOUND('',#1671,.T.);
#1671 = EDGE_LOOP('',(#1672,#1680,#1686,#1687));
#1672 = ORIENTED_EDGE('',*,*,#1673,.T.);
#1673 = EDGE_CURVE('',#1651,#1674,#1676,.T.);
#1674 = VERTEX_POINT('',#1675);
#1675 = CARTESIAN_POINT('',(-37.52120327386,4.130000000001,
    -6.054303692112));
#1676 = LINE('',#1677,#1678);
#1677 = CARTESIAN_POINT('',(-37.52120327386,24.34,-6.054303692112));
#1678 = VECTOR('',#1679,1.);
#1679 = DIRECTION('',(0.,-1.,0.));
#1680 = ORIENTED_EDGE('',*,*,#1681,.T.);
#1681 = EDGE_CURVE('',#1674,#375,#1682,.T.);
#1682 = LINE('',#1683,#1684);
#1683 = CARTESIAN_POINT('',(-37.52120327386,4.130000000001,-1.2));
#1684 = VECTOR('',#1685,1.);
#1685 = DIRECTION('',(0.,0.,-1.));
#1686 = ORIENTED_EDGE('',*,*,#382,.T.);
#1687 = ORIENTED_EDGE('',*,*,#1658,.F.);
#1688 = PLANE('',#1689);
#1689 = AXIS2_PLACEMENT_3D('',#1690,#1691,#1692);
#1690 = CARTESIAN_POINT('',(-37.52120327386,11.930000000001,
    -5.999999999999));
#1691 = DIRECTION('',(1.,0.,0.));
#1692 = DIRECTION('',(0.,0.,1.));
#1693 = ADVANCED_FACE('',(#1694),#1704,.T.);
#1694 = FACE_BOUND('',#1695,.T.);
#1695 = EDGE_LOOP('',(#1696,#1697,#1703));
#1696 = ORIENTED_EDGE('',*,*,#1681,.F.);
#1697 = ORIENTED_EDGE('',*,*,#1698,.T.);
#1698 = EDGE_CURVE('',#1674,#367,#1699,.T.);
#1699 = LINE('',#1700,#1701);
#1700 = CARTESIAN_POINT('',(-38.22247998472,4.130000000001,
    -3.409425631122));
#1701 = VECTOR('',#1702,1.);
#1702 = DIRECTION('',(0.256289373133,0.,-0.966600102017));
#1703 = ORIENTED_EDGE('',*,*,#374,.T.);
#1704 = PLANE('',#1705);
#1705 = AXIS2_PLACEMENT_3D('',#1706,#1707,#1708);
#1706 = CARTESIAN_POINT('',(-37.52120327386,4.130000000001,-1.2));
#1707 = DIRECTION('',(0.,1.,0.));
#1708 = DIRECTION('',(0.,0.,-1.));
#1709 = ADVANCED_FACE('',(#1710),#1729,.F.);
#1710 = FACE_BOUND('',#1711,.F.);
#1711 = EDGE_LOOP('',(#1712,#1720,#1721,#1722,#1723,#1724));
#1712 = ORIENTED_EDGE('',*,*,#1713,.F.);
#1713 = EDGE_CURVE('',#1643,#1714,#1716,.T.);
#1714 = VERTEX_POINT('',#1715);
#1715 = CARTESIAN_POINT('',(-37.72120327386,-36.75,-5.3));
#1716 = LINE('',#1717,#1718);
#1717 = CARTESIAN_POINT('',(-37.72120327386,36.75,-5.3));
#1718 = VECTOR('',#1719,1.);
#1719 = DIRECTION('',(0.,-1.,0.));
#1720 = ORIENTED_EDGE('',*,*,#1650,.T.);
#1721 = ORIENTED_EDGE('',*,*,#1673,.T.);
#1722 = ORIENTED_EDGE('',*,*,#1698,.T.);
#1723 = ORIENTED_EDGE('',*,*,#366,.T.);
#1724 = ORIENTED_EDGE('',*,*,#1725,.T.);
#1725 = EDGE_CURVE('',#358,#1714,#1726,.T.);
#1726 = B_SPLINE_CURVE_WITH_KNOTS('',1,(#1727,#1728),.UNSPECIFIED.,.F.,
  .F.,(2,2),(0.,1.),.PIECEWISE_BEZIER_KNOTS.);
#1727 = CARTESIAN_POINT('',(-37.35,-36.75,-6.7));
#1728 = CARTESIAN_POINT('',(-37.72120327386,-36.75,-5.3));
#1729 = PLANE('',#1730);
#1730 = AXIS2_PLACEMENT_3D('',#1731,#1732,#1733);
#1731 = CARTESIAN_POINT('',(-37.72120327386,36.75,-5.3));
#1732 = DIRECTION('',(-0.966600102017,0.,-0.256289373133));
#1733 = DIRECTION('',(0.,-1.,0.));
#1734 = ADVANCED_FACE('',(#1735),#1753,.F.);
#1735 = FACE_BOUND('',#1736,.F.);
#1736 = EDGE_LOOP('',(#1737,#1738,#1745,#1752));
#1737 = ORIENTED_EDGE('',*,*,#357,.T.);
#1738 = ORIENTED_EDGE('',*,*,#1739,.T.);
#1739 = EDGE_CURVE('',#350,#1740,#1742,.T.);
#1740 = VERTEX_POINT('',#1741);
#1741 = CARTESIAN_POINT('',(-27.15,-47.32120327387,-5.3));
#1742 = B_SPLINE_CURVE_WITH_KNOTS('',1,(#1743,#1744),.UNSPECIFIED.,.F.,
  .F.,(2,2),(0.,1.),.PIECEWISE_BEZIER_KNOTS.);
#1743 = CARTESIAN_POINT('',(-27.15,-46.95,-6.7));
#1744 = CARTESIAN_POINT('',(-27.15,-47.32120327387,-5.3));
#1745 = ORIENTED_EDGE('',*,*,#1746,.F.);
#1746 = EDGE_CURVE('',#1714,#1740,#1747,.T.);
#1747 = CIRCLE('',#1748,10.571203273864);
#1748 = AXIS2_PLACEMENT_3D('',#1749,#1750,#1751);
#1749 = CARTESIAN_POINT('',(-27.15,-36.75,-5.3));
#1750 = DIRECTION('',(0.,0.,1.));
#1751 = DIRECTION('',(1.,0.,0.));
#1752 = ORIENTED_EDGE('',*,*,#1725,.F.);
#1753 = CONICAL_SURFACE('',#1754,10.2,0.259181393921);
#1754 = AXIS2_PLACEMENT_3D('',#1755,#1756,#1757);
#1755 = CARTESIAN_POINT('',(-27.15,-36.75,-6.7));
#1756 = DIRECTION('',(0.,0.,1.));
#1757 = DIRECTION('',(1.,0.,0.));
#1758 = ADVANCED_FACE('',(#1759),#1771,.F.);
#1759 = FACE_BOUND('',#1760,.F.);
#1760 = EDGE_LOOP('',(#1761,#1762,#1763,#1764,#1765));
#1761 = ORIENTED_EDGE('',*,*,#1739,.F.);
#1762 = ORIENTED_EDGE('',*,*,#349,.T.);
#1763 = ORIENTED_EDGE('',*,*,#447,.F.);
#1764 = ORIENTED_EDGE('',*,*,#505,.F.);
#1765 = ORIENTED_EDGE('',*,*,#1766,.F.);
#1766 = EDGE_CURVE('',#1740,#498,#1767,.T.);
#1767 = LINE('',#1768,#1769);
#1768 = CARTESIAN_POINT('',(-27.15,-47.32120327387,-5.3));
#1769 = VECTOR('',#1770,1.);
#1770 = DIRECTION('',(1.,0.,0.));
#1771 = PLANE('',#1772);
#1772 = AXIS2_PLACEMENT_3D('',#1773,#1774,#1775);
#1773 = CARTESIAN_POINT('',(-27.15,-47.32120327387,-5.3));
#1774 = DIRECTION('',(0.,-0.966600102017,-0.256289373133));
#1775 = DIRECTION('',(1.,0.,0.));
#1776 = ADVANCED_FACE('',(#1777),#1820,.T.);
#1777 = FACE_BOUND('',#1778,.T.);
#1778 = EDGE_LOOP('',(#1779,#1787,#1795,#1803,#1811,#1817,#1818,#1819));
#1779 = ORIENTED_EDGE('',*,*,#1780,.F.);
#1780 = EDGE_CURVE('',#1781,#489,#1783,.T.);
#1781 = VERTEX_POINT('',#1782);
#1782 = CARTESIAN_POINT('',(-27.15,-45.75,-5.3));
#1783 = LINE('',#1784,#1785);
#1784 = CARTESIAN_POINT('',(-1.696420781627E-12,-45.75,-5.3));
#1785 = VECTOR('',#1786,1.);
#1786 = DIRECTION('',(1.,0.,0.));
#1787 = ORIENTED_EDGE('',*,*,#1788,.T.);
#1788 = EDGE_CURVE('',#1781,#1789,#1791,.T.);
#1789 = VERTEX_POINT('',#1790);
#1790 = CARTESIAN_POINT('',(-27.15,-45.75,-2.2));
#1791 = LINE('',#1792,#1793);
#1792 = CARTESIAN_POINT('',(-27.15,-45.75,-6.7));
#1793 = VECTOR('',#1794,1.);
#1794 = DIRECTION('',(0.,0.,1.));
#1795 = ORIENTED_EDGE('',*,*,#1796,.T.);
#1796 = EDGE_CURVE('',#1789,#1797,#1799,.T.);
#1797 = VERTEX_POINT('',#1798);
#1798 = CARTESIAN_POINT('',(27.15,-45.75,-2.2));
#1799 = LINE('',#1800,#1801);
#1800 = CARTESIAN_POINT('',(-27.15,-45.75,-2.2));
#1801 = VECTOR('',#1802,1.);
#1802 = DIRECTION('',(1.,0.,0.));
#1803 = ORIENTED_EDGE('',*,*,#1804,.F.);
#1804 = EDGE_CURVE('',#1805,#1797,#1807,.T.);
#1805 = VERTEX_POINT('',#1806);
#1806 = CARTESIAN_POINT('',(27.15,-45.75,-5.3));
#1807 = LINE('',#1808,#1809);
#1808 = CARTESIAN_POINT('',(27.15,-45.75,-6.7));
#1809 = VECTOR('',#1810,1.);
#1810 = DIRECTION('',(0.,0.,1.));
#1811 = ORIENTED_EDGE('',*,*,#1812,.F.);
#1812 = EDGE_CURVE('',#408,#1805,#1813,.T.);
#1813 = LINE('',#1814,#1815);
#1814 = CARTESIAN_POINT('',(-1.696420781627E-12,-45.75,-5.3));
#1815 = VECTOR('',#1816,1.);
#1816 = DIRECTION('',(1.,0.,0.));
#1817 = ORIENTED_EDGE('',*,*,#415,.T.);
#1818 = ORIENTED_EDGE('',*,*,#463,.T.);
#1819 = ORIENTED_EDGE('',*,*,#488,.T.);
#1820 = PLANE('',#1821);
#1821 = AXIS2_PLACEMENT_3D('',#1822,#1823,#1824);
#1822 = CARTESIAN_POINT('',(-27.15,-45.75,-6.7));
#1823 = DIRECTION('',(0.,1.,0.));
#1824 = DIRECTION('',(1.,0.,0.));
#1825 = ADVANCED_FACE('',(#1826),#1904,.F.);
#1826 = FACE_BOUND('',#1827,.F.);
#1827 = EDGE_LOOP('',(#1828,#1829,#1830,#1831,#1832,#1833,#1834,#1835,
    #1836,#1844,#1853,#1862,#1871,#1879,#1888,#1897));
#1828 = ORIENTED_EDGE('',*,*,#1812,.F.);
#1829 = ORIENTED_EDGE('',*,*,#407,.T.);
#1830 = ORIENTED_EDGE('',*,*,#1231,.T.);
#1831 = ORIENTED_EDGE('',*,*,#1254,.T.);
#1832 = ORIENTED_EDGE('',*,*,#1278,.T.);
#1833 = ORIENTED_EDGE('',*,*,#1301,.T.);
#1834 = ORIENTED_EDGE('',*,*,#1337,.T.);
#1835 = ORIENTED_EDGE('',*,*,#1352,.F.);
#1836 = ORIENTED_EDGE('',*,*,#1837,.F.);
#1837 = EDGE_CURVE('',#1838,#1353,#1840,.T.);
#1838 = VERTEX_POINT('',#1839);
#1839 = CARTESIAN_POINT('',(27.15,45.75,-5.3));
#1840 = LINE('',#1841,#1842);
#1841 = CARTESIAN_POINT('',(27.149999999998,45.75,-5.3));
#1842 = VECTOR('',#1843,1.);
#1843 = DIRECTION('',(-1.,0.,0.));
#1844 = ORIENTED_EDGE('',*,*,#1845,.T.);
#1845 = EDGE_CURVE('',#1838,#1846,#1848,.T.);
#1846 = VERTEX_POINT('',#1847);
#1847 = CARTESIAN_POINT('',(33.042787797876,43.552576862425,-5.3));
#1848 = CIRCLE('',#1849,9.);
#1849 = AXIS2_PLACEMENT_3D('',#1850,#1851,#1852);
#1850 = CARTESIAN_POINT('',(27.15,36.75,-5.3));
#1851 = DIRECTION('',(0.,0.,-1.));
#1852 = DIRECTION('',(1.,0.,0.));
#1853 = ORIENTED_EDGE('',*,*,#1854,.F.);
#1854 = EDGE_CURVE('',#1855,#1846,#1857,.T.);
#1855 = VERTEX_POINT('',#1856);
#1856 = CARTESIAN_POINT('',(33.77660085675,42.840005015213,-5.3));
#1857 = CIRCLE('',#1858,1.835);
#1858 = AXIS2_PLACEMENT_3D('',#1859,#1860,#1861);
#1859 = CARTESIAN_POINT('',(32.182,41.932,-5.3));
#1860 = DIRECTION('',(0.,0.,1.));
#1861 = DIRECTION('',(1.,0.,0.));
#1862 = ORIENTED_EDGE('',*,*,#1863,.T.);
#1863 = EDGE_CURVE('',#1855,#1864,#1866,.T.);
#1864 = VERTEX_POINT('',#1865);
#1865 = CARTESIAN_POINT('',(36.15,36.75,-5.3));
#1866 = CIRCLE('',#1867,9.);
#1867 = AXIS2_PLACEMENT_3D('',#1868,#1869,#1870);
#1868 = CARTESIAN_POINT('',(27.15,36.75,-5.3));
#1869 = DIRECTION('',(0.,0.,-1.));
#1870 = DIRECTION('',(1.,0.,0.));
#1871 = ORIENTED_EDGE('',*,*,#1872,.F.);
#1872 = EDGE_CURVE('',#1873,#1864,#1875,.T.);
#1873 = VERTEX_POINT('',#1874);
#1874 = CARTESIAN_POINT('',(36.15,-36.75,-5.3));
#1875 = LINE('',#1876,#1877);
#1876 = CARTESIAN_POINT('',(36.15,7.105427357601E-15,-5.3));
#1877 = VECTOR('',#1878,1.);
#1878 = DIRECTION('',(0.,1.,0.));
#1879 = ORIENTED_EDGE('',*,*,#1880,.T.);
#1880 = EDGE_CURVE('',#1873,#1881,#1883,.T.);
#1881 = VERTEX_POINT('',#1882);
#1882 = CARTESIAN_POINT('',(33.77660085675,-42.84000501521,-5.3));
#1883 = CIRCLE('',#1884,9.);
#1884 = AXIS2_PLACEMENT_3D('',#1885,#1886,#1887);
#1885 = CARTESIAN_POINT('',(27.15,-36.75,-5.3));
#1886 = DIRECTION('',(0.,0.,-1.));
#1887 = DIRECTION('',(1.,0.,0.));
#1888 = ORIENTED_EDGE('',*,*,#1889,.F.);
#1889 = EDGE_CURVE('',#1890,#1881,#1892,.T.);
#1890 = VERTEX_POINT('',#1891);
#1891 = CARTESIAN_POINT('',(33.042787797876,-43.55257686242,-5.3));
#1892 = CIRCLE('',#1893,1.835);
#1893 = AXIS2_PLACEMENT_3D('',#1894,#1895,#1896);
#1894 = CARTESIAN_POINT('',(32.182,-41.932,-5.3));
#1895 = DIRECTION('',(0.,0.,1.));
#1896 = DIRECTION('',(1.,0.,0.));
#1897 = ORIENTED_EDGE('',*,*,#1898,.T.);
#1898 = EDGE_CURVE('',#1890,#1805,#1899,.T.);
#1899 = CIRCLE('',#1900,9.);
#1900 = AXIS2_PLACEMENT_3D('',#1901,#1902,#1903);
#1901 = CARTESIAN_POINT('',(27.15,-36.75,-5.3));
#1902 = DIRECTION('',(0.,0.,-1.));
#1903 = DIRECTION('',(1.,0.,0.));
#1904 = PLANE('',#1905);
#1905 = AXIS2_PLACEMENT_3D('',#1906,#1907,#1908);
#1906 = CARTESIAN_POINT('',(27.149999999997,36.75,-5.3));
#1907 = DIRECTION('',(0.,0.,1.));
#1908 = DIRECTION('',(1.,0.,0.));
#1909 = ADVANCED_FACE('',(#1910),#1966,.F.);
#1910 = FACE_BOUND('',#1911,.F.);
#1911 = EDGE_LOOP('',(#1912,#1913,#1914,#1915,#1916,#1917,#1926,#1934,
    #1943,#1951,#1959,#1965));
#1912 = ORIENTED_EDGE('',*,*,#1713,.T.);
#1913 = ORIENTED_EDGE('',*,*,#1746,.T.);
#1914 = ORIENTED_EDGE('',*,*,#1766,.T.);
#1915 = ORIENTED_EDGE('',*,*,#497,.F.);
#1916 = ORIENTED_EDGE('',*,*,#1780,.F.);
#1917 = ORIENTED_EDGE('',*,*,#1918,.T.);
#1918 = EDGE_CURVE('',#1781,#1919,#1921,.T.);
#1919 = VERTEX_POINT('',#1920);
#1920 = CARTESIAN_POINT('',(-36.15,-36.75,-5.3));
#1921 = CIRCLE('',#1922,9.);
#1922 = AXIS2_PLACEMENT_3D('',#1923,#1924,#1925);
#1923 = CARTESIAN_POINT('',(-27.15,-36.75,-5.3));
#1924 = DIRECTION('',(0.,0.,-1.));
#1925 = DIRECTION('',(1.,0.,0.));
#1926 = ORIENTED_EDGE('',*,*,#1927,.F.);
#1927 = EDGE_CURVE('',#1928,#1919,#1930,.T.);
#1928 = VERTEX_POINT('',#1929);
#1929 = CARTESIAN_POINT('',(-36.15,-36.43520564413,-5.3));
#1930 = LINE('',#1931,#1932);
#1931 = CARTESIAN_POINT('',(-36.15,36.75,-5.3));
#1932 = VECTOR('',#1933,1.);
#1933 = DIRECTION('',(0.,-1.,0.));
#1934 = ORIENTED_EDGE('',*,*,#1935,.F.);
#1935 = EDGE_CURVE('',#1936,#1928,#1938,.T.);
#1936 = VERTEX_POINT('',#1937);
#1937 = CARTESIAN_POINT('',(-36.15,-34.52879435587,-5.3));
#1938 = CIRCLE('',#1939,1.835);
#1939 = AXIS2_PLACEMENT_3D('',#1940,#1941,#1942);
#1940 = CARTESIAN_POINT('',(-34.582,-35.482,-5.3));
#1941 = DIRECTION('',(0.,0.,1.));
#1942 = DIRECTION('',(1.,0.,0.));
#1943 = ORIENTED_EDGE('',*,*,#1944,.F.);
#1944 = EDGE_CURVE('',#1945,#1936,#1947,.T.);
#1945 = VERTEX_POINT('',#1946);
#1946 = CARTESIAN_POINT('',(-36.15,4.130000000001,-5.3));
#1947 = LINE('',#1948,#1949);
#1948 = CARTESIAN_POINT('',(-36.15,36.75,-5.3));
#1949 = VECTOR('',#1950,1.);
#1950 = DIRECTION('',(0.,-1.,0.));
#1951 = ORIENTED_EDGE('',*,*,#1952,.T.);
#1952 = EDGE_CURVE('',#1945,#1953,#1955,.T.);
#1953 = VERTEX_POINT('',#1954);
#1954 = CARTESIAN_POINT('',(-37.52120327386,4.130000000001,-5.3));
#1955 = LINE('',#1956,#1957);
#1956 = CARTESIAN_POINT('',(-5.185601636934,4.130000000001,-5.3));
#1957 = VECTOR('',#1958,1.);
#1958 = DIRECTION('',(-1.,0.,0.));
#1959 = ORIENTED_EDGE('',*,*,#1960,.T.);
#1960 = EDGE_CURVE('',#1953,#1635,#1961,.T.);
#1961 = LINE('',#1962,#1963);
#1962 = CARTESIAN_POINT('',(-37.52120327386,24.34,-5.3));
#1963 = VECTOR('',#1964,1.);
#1964 = DIRECTION('',(0.,1.,0.));
#1965 = ORIENTED_EDGE('',*,*,#1642,.T.);
#1966 = PLANE('',#1967);
#1967 = AXIS2_PLACEMENT_3D('',#1968,#1969,#1970);
#1968 = CARTESIAN_POINT('',(27.149999999997,36.75,-5.3));
#1969 = DIRECTION('',(0.,0.,1.));
#1970 = DIRECTION('',(1.,0.,0.));
#1971 = ADVANCED_FACE('',(#1972),#1983,.T.);
#1972 = FACE_BOUND('',#1973,.F.);
#1973 = EDGE_LOOP('',(#1974,#1975,#1976,#1982));
#1974 = ORIENTED_EDGE('',*,*,#531,.F.);
#1975 = ORIENTED_EDGE('',*,*,#606,.T.);
#1976 = ORIENTED_EDGE('',*,*,#1977,.T.);
#1977 = EDGE_CURVE('',#607,#549,#1978,.T.);
#1978 = LINE('',#1979,#1980);
#1979 = CARTESIAN_POINT('',(37.85,36.75,-0.5));
#1980 = VECTOR('',#1981,1.);
#1981 = DIRECTION('',(0.707106781187,0.,-0.707106781187));
#1982 = ORIENTED_EDGE('',*,*,#556,.F.);
#1983 = PLANE('',#1984);
#1984 = AXIS2_PLACEMENT_3D('',#1985,#1986,#1987);
#1985 = CARTESIAN_POINT('',(37.85,-36.75,-0.5));
#1986 = DIRECTION('',(0.707106781187,0.,0.707106781187));
#1987 = DIRECTION('',(-0.,-1.,-0.));
#1988 = ADVANCED_FACE('',(#1989),#2000,.T.);
#1989 = FACE_BOUND('',#1990,.F.);
#1990 = EDGE_LOOP('',(#1991,#1997,#1998,#1999));
#1991 = ORIENTED_EDGE('',*,*,#1992,.F.);
#1992 = EDGE_CURVE('',#596,#1507,#1993,.T.);
#1993 = LINE('',#1994,#1995);
#1994 = CARTESIAN_POINT('',(-37.85,36.75,-0.5));
#1995 = VECTOR('',#1996,1.);
#1996 = DIRECTION('',(-0.707106781187,-0.,-0.707106781187));
#1997 = ORIENTED_EDGE('',*,*,#595,.T.);
#1998 = ORIENTED_EDGE('',*,*,#570,.T.);
#1999 = ORIENTED_EDGE('',*,*,#1506,.F.);
#2000 = PLANE('',#2001);
#2001 = AXIS2_PLACEMENT_3D('',#2002,#2003,#2004);
#2002 = CARTESIAN_POINT('',(-37.85,36.75,-0.5));
#2003 = DIRECTION('',(-0.707106781187,0.,0.707106781187));
#2004 = DIRECTION('',(-0.,1.,-0.));
#2005 = ADVANCED_FACE('',(#2006),#2023,.T.);
#2006 = FACE_BOUND('',#2007,.F.);
#2007 = EDGE_LOOP('',(#2008,#2014,#2015,#2016));
#2008 = ORIENTED_EDGE('',*,*,#2009,.F.);
#2009 = EDGE_CURVE('',#624,#1421,#2010,.T.);
#2010 = LINE('',#2011,#2012);
#2011 = CARTESIAN_POINT('',(-27.15,47.45,-0.5));
#2012 = VECTOR('',#2013,1.);
#2013 = DIRECTION('',(0.,0.707106781187,-0.707106781187));
#2014 = ORIENTED_EDGE('',*,*,#631,.T.);
#2015 = ORIENTED_EDGE('',*,*,#1992,.T.);
#2016 = ORIENTED_EDGE('',*,*,#2017,.F.);
#2017 = EDGE_CURVE('',#1421,#1507,#2018,.T.);
#2018 = CIRCLE('',#2019,11.2);
#2019 = AXIS2_PLACEMENT_3D('',#2020,#2021,#2022);
#2020 = CARTESIAN_POINT('',(-27.15,36.75,-1.));
#2021 = DIRECTION('',(0.,-0.,1.));
#2022 = DIRECTION('',(0.,1.,0.));
#2023 = CONICAL_SURFACE('',#2024,11.2,0.785398163397);
#2024 = AXIS2_PLACEMENT_3D('',#2025,#2026,#2027);
#2025 = CARTESIAN_POINT('',(-27.15,36.75,-1.));
#2026 = DIRECTION('',(-0.,-0.,-1.));
#2027 = DIRECTION('',(0.,1.,0.));
#2028 = ADVANCED_FACE('',(#2029),#2040,.T.);
#2029 = FACE_BOUND('',#2030,.F.);
#2030 = EDGE_LOOP('',(#2031,#2037,#2038,#2039));
#2031 = ORIENTED_EDGE('',*,*,#2032,.F.);
#2032 = EDGE_CURVE('',#615,#1431,#2033,.T.);
#2033 = LINE('',#2034,#2035);
#2034 = CARTESIAN_POINT('',(27.15,47.95,-1.));
#2035 = VECTOR('',#2036,1.);
#2036 = DIRECTION('',(4.329780281177E-17,0.707106781187,-0.707106781187)
  );
#2037 = ORIENTED_EDGE('',*,*,#623,.T.);
#2038 = ORIENTED_EDGE('',*,*,#2009,.T.);
#2039 = ORIENTED_EDGE('',*,*,#1430,.F.);
#2040 = PLANE('',#2041);
#2041 = AXIS2_PLACEMENT_3D('',#2042,#2043,#2044);
#2042 = CARTESIAN_POINT('',(27.15,47.45,-0.5));
#2043 = DIRECTION('',(0.,0.707106781187,0.707106781187));
#2044 = DIRECTION('',(1.,-0.,-0.));
#2045 = ADVANCED_FACE('',(#2046),#2052,.T.);
#2046 = FACE_BOUND('',#2047,.F.);
#2047 = EDGE_LOOP('',(#2048,#2049,#2050,#2051));
#2048 = ORIENTED_EDGE('',*,*,#1977,.F.);
#2049 = ORIENTED_EDGE('',*,*,#614,.T.);
#2050 = ORIENTED_EDGE('',*,*,#2032,.T.);
#2051 = ORIENTED_EDGE('',*,*,#1490,.F.);
#2052 = CONICAL_SURFACE('',#2053,11.2,0.785398163397);
#2053 = AXIS2_PLACEMENT_3D('',#2054,#2055,#2056);
#2054 = CARTESIAN_POINT('',(27.15,36.75,-1.));
#2055 = DIRECTION('',(-0.,-0.,-1.));
#2056 = DIRECTION('',(1.,0.,0.));
#2057 = ADVANCED_FACE('',(#2058),#2083,.F.);
#2058 = FACE_BOUND('',#2059,.F.);
#2059 = EDGE_LOOP('',(#2060,#2068,#2076,#2082));
#2060 = ORIENTED_EDGE('',*,*,#2061,.T.);
#2061 = EDGE_CURVE('',#641,#2062,#2064,.T.);
#2062 = VERTEX_POINT('',#2063);
#2063 = CARTESIAN_POINT('',(-30.75,-1.5,-2.2));
#2064 = LINE('',#2065,#2066);
#2065 = CARTESIAN_POINT('',(-30.75,-1.5,0.));
#2066 = VECTOR('',#2067,1.);
#2067 = DIRECTION('',(-0.,-0.,-1.));
#2068 = ORIENTED_EDGE('',*,*,#2069,.T.);
#2069 = EDGE_CURVE('',#2062,#2070,#2072,.T.);
#2070 = VERTEX_POINT('',#2071);
#2071 = CARTESIAN_POINT('',(-30.75,-26.3,-2.2));
#2072 = LINE('',#2073,#2074);
#2073 = CARTESIAN_POINT('',(-30.75,-1.5,-2.2));
#2074 = VECTOR('',#2075,1.);
#2075 = DIRECTION('',(0.,-1.,0.));
#2076 = ORIENTED_EDGE('',*,*,#2077,.F.);
#2077 = EDGE_CURVE('',#643,#2070,#2078,.T.);
#2078 = LINE('',#2079,#2080);
#2079 = CARTESIAN_POINT('',(-30.75,-26.3,0.));
#2080 = VECTOR('',#2081,1.);
#2081 = DIRECTION('',(-0.,-0.,-1.));
#2082 = ORIENTED_EDGE('',*,*,#640,.F.);
#2083 = PLANE('',#2084);
#2084 = AXIS2_PLACEMENT_3D('',#2085,#2086,#2087);
#2085 = CARTESIAN_POINT('',(-30.75,-1.5,0.));
#2086 = DIRECTION('',(-1.,0.,0.));
#2087 = DIRECTION('',(0.,-1.,0.));
#2088 = ADVANCED_FACE('',(#2089),#2108,.F.);
#2089 = FACE_BOUND('',#2090,.F.);
#2090 = EDGE_LOOP('',(#2091,#2092,#2101,#2107));
#2091 = ORIENTED_EDGE('',*,*,#2077,.T.);
#2092 = ORIENTED_EDGE('',*,*,#2093,.T.);
#2093 = EDGE_CURVE('',#2070,#2094,#2096,.T.);
#2094 = VERTEX_POINT('',#2095);
#2095 = CARTESIAN_POINT('',(-19.55,-37.5,-2.2));
#2096 = CIRCLE('',#2097,11.2);
#2097 = AXIS2_PLACEMENT_3D('',#2098,#2099,#2100);
#2098 = CARTESIAN_POINT('',(-19.55,-26.3,-2.2));
#2099 = DIRECTION('',(0.,0.,1.));
#2100 = DIRECTION('',(1.,0.,0.));
#2101 = ORIENTED_EDGE('',*,*,#2102,.F.);
#2102 = EDGE_CURVE('',#726,#2094,#2103,.T.);
#2103 = LINE('',#2104,#2105);
#2104 = CARTESIAN_POINT('',(-19.55,-37.5,0.));
#2105 = VECTOR('',#2106,1.);
#2106 = DIRECTION('',(-0.,-0.,-1.));
#2107 = ORIENTED_EDGE('',*,*,#733,.F.);
#2108 = CYLINDRICAL_SURFACE('',#2109,11.2);
#2109 = AXIS2_PLACEMENT_3D('',#2110,#2111,#2112);
#2110 = CARTESIAN_POINT('',(-19.55,-26.3,0.));
#2111 = DIRECTION('',(0.,0.,1.));
#2112 = DIRECTION('',(1.,0.,0.));
#2113 = ADVANCED_FACE('',(#2114),#2132,.F.);
#2114 = FACE_BOUND('',#2115,.F.);
#2115 = EDGE_LOOP('',(#2116,#2117,#2125,#2131));
#2116 = ORIENTED_EDGE('',*,*,#2102,.T.);
#2117 = ORIENTED_EDGE('',*,*,#2118,.T.);
#2118 = EDGE_CURVE('',#2094,#2119,#2121,.T.);
#2119 = VERTEX_POINT('',#2120);
#2120 = CARTESIAN_POINT('',(19.55,-37.5,-2.2));
#2121 = LINE('',#2122,#2123);
#2122 = CARTESIAN_POINT('',(-19.55,-37.5,-2.2));
#2123 = VECTOR('',#2124,1.);
#2124 = DIRECTION('',(1.,0.,0.));
#2125 = ORIENTED_EDGE('',*,*,#2126,.F.);
#2126 = EDGE_CURVE('',#717,#2119,#2127,.T.);
#2127 = LINE('',#2128,#2129);
#2128 = CARTESIAN_POINT('',(19.55,-37.5,0.));
#2129 = VECTOR('',#2130,1.);
#2130 = DIRECTION('',(-0.,-0.,-1.));
#2131 = ORIENTED_EDGE('',*,*,#725,.F.);
#2132 = PLANE('',#2133);
#2133 = AXIS2_PLACEMENT_3D('',#2134,#2135,#2136);
#2134 = CARTESIAN_POINT('',(-19.55,-37.5,0.));
#2135 = DIRECTION('',(0.,-1.,0.));
#2136 = DIRECTION('',(1.,0.,0.));
#2137 = ADVANCED_FACE('',(#2138),#2157,.F.);
#2138 = FACE_BOUND('',#2139,.F.);
#2139 = EDGE_LOOP('',(#2140,#2141,#2150,#2156));
#2140 = ORIENTED_EDGE('',*,*,#2126,.T.);
#2141 = ORIENTED_EDGE('',*,*,#2142,.T.);
#2142 = EDGE_CURVE('',#2119,#2143,#2145,.T.);
#2143 = VERTEX_POINT('',#2144);
#2144 = CARTESIAN_POINT('',(30.75,-26.3,-2.2));
#2145 = CIRCLE('',#2146,11.2);
#2146 = AXIS2_PLACEMENT_3D('',#2147,#2148,#2149);
#2147 = CARTESIAN_POINT('',(19.55,-26.3,-2.2));
#2148 = DIRECTION('',(0.,0.,1.));
#2149 = DIRECTION('',(1.,0.,0.));
#2150 = ORIENTED_EDGE('',*,*,#2151,.F.);
#2151 = EDGE_CURVE('',#709,#2143,#2152,.T.);
#2152 = LINE('',#2153,#2154);
#2153 = CARTESIAN_POINT('',(30.75,-26.3,0.));
#2154 = VECTOR('',#2155,1.);
#2155 = DIRECTION('',(-0.,-0.,-1.));
#2156 = ORIENTED_EDGE('',*,*,#716,.F.);
#2157 = CYLINDRICAL_SURFACE('',#2158,11.2);
#2158 = AXIS2_PLACEMENT_3D('',#2159,#2160,#2161);
#2159 = CARTESIAN_POINT('',(19.55,-26.3,0.));
#2160 = DIRECTION('',(0.,0.,1.));
#2161 = DIRECTION('',(1.,0.,0.));
#2162 = ADVANCED_FACE('',(#2163),#2181,.F.);
#2163 = FACE_BOUND('',#2164,.F.);
#2164 = EDGE_LOOP('',(#2165,#2166,#2174,#2180));
#2165 = ORIENTED_EDGE('',*,*,#2151,.T.);
#2166 = ORIENTED_EDGE('',*,*,#2167,.T.);
#2167 = EDGE_CURVE('',#2143,#2168,#2170,.T.);
#2168 = VERTEX_POINT('',#2169);
#2169 = CARTESIAN_POINT('',(30.75,-1.5,-2.2));
#2170 = LINE('',#2171,#2172);
#2171 = CARTESIAN_POINT('',(30.75,-26.3,-2.2));
#2172 = VECTOR('',#2173,1.);
#2173 = DIRECTION('',(0.,1.,0.));
#2174 = ORIENTED_EDGE('',*,*,#2175,.F.);
#2175 = EDGE_CURVE('',#701,#2168,#2176,.T.);
#2176 = LINE('',#2177,#2178);
#2177 = CARTESIAN_POINT('',(30.75,-1.5,0.));
#2178 = VECTOR('',#2179,1.);
#2179 = DIRECTION('',(-0.,-0.,-1.));
#2180 = ORIENTED_EDGE('',*,*,#708,.F.);
#2181 = PLANE('',#2182);
#2182 = AXIS2_PLACEMENT_3D('',#2183,#2184,#2185);
#2183 = CARTESIAN_POINT('',(30.75,-26.3,0.));
#2184 = DIRECTION('',(1.,0.,0.));
#2185 = DIRECTION('',(0.,1.,0.));
#2186 = ADVANCED_FACE('',(#2187),#2221,.T.);
#2187 = FACE_BOUND('',#2188,.T.);
#2188 = EDGE_LOOP('',(#2189,#2197,#2205,#2211,#2212,#2213,#2219,#2220));
#2189 = ORIENTED_EDGE('',*,*,#2190,.T.);
#2190 = EDGE_CURVE('',#693,#2191,#2193,.T.);
#2191 = VERTEX_POINT('',#2192);
#2192 = CARTESIAN_POINT('',(30.4,-1.5,-1.));
#2193 = LINE('',#2194,#2195);
#2194 = CARTESIAN_POINT('',(30.4,-1.5,0.));
#2195 = VECTOR('',#2196,1.);
#2196 = DIRECTION('',(-0.,-0.,-1.));
#2197 = ORIENTED_EDGE('',*,*,#2198,.T.);
#2198 = EDGE_CURVE('',#2191,#2199,#2201,.T.);
#2199 = VERTEX_POINT('',#2200);
#2200 = CARTESIAN_POINT('',(-30.4,-1.5,-1.));
#2201 = LINE('',#2202,#2203);
#2202 = CARTESIAN_POINT('',(30.4,-1.5,-1.));
#2203 = VECTOR('',#2204,1.);
#2204 = DIRECTION('',(-1.,0.,0.));
#2205 = ORIENTED_EDGE('',*,*,#2206,.F.);
#2206 = EDGE_CURVE('',#651,#2199,#2207,.T.);
#2207 = LINE('',#2208,#2209);
#2208 = CARTESIAN_POINT('',(-30.4,-1.5,0.));
#2209 = VECTOR('',#2210,1.);
#2210 = DIRECTION('',(-0.,-0.,-1.));
#2211 = ORIENTED_EDGE('',*,*,#650,.F.);
#2212 = ORIENTED_EDGE('',*,*,#2061,.T.);
#2213 = ORIENTED_EDGE('',*,*,#2214,.T.);
#2214 = EDGE_CURVE('',#2062,#2168,#2215,.T.);
#2215 = LINE('',#2216,#2217);
#2216 = CARTESIAN_POINT('',(30.4,-1.5,-2.2));
#2217 = VECTOR('',#2218,1.);
#2218 = DIRECTION('',(1.,0.,0.));
#2219 = ORIENTED_EDGE('',*,*,#2175,.F.);
#2220 = ORIENTED_EDGE('',*,*,#700,.F.);
#2221 = PLANE('',#2222);
#2222 = AXIS2_PLACEMENT_3D('',#2223,#2224,#2225);
#2223 = CARTESIAN_POINT('',(8.046457197948E-14,-1.5,-1.560587326121));
#2224 = DIRECTION('',(-0.,-1.,-3.72709138345E-15));
#2225 = DIRECTION('',(0.,3.72709138345E-15,-1.));
#2226 = ADVANCED_FACE('',(#2227),#2261,.T.);
#2227 = FACE_BOUND('',#2228,.T.);
#2228 = EDGE_LOOP('',(#2229,#2230,#2238,#2246,#2254,#2260));
#2229 = ORIENTED_EDGE('',*,*,#692,.F.);
#2230 = ORIENTED_EDGE('',*,*,#2231,.T.);
#2231 = EDGE_CURVE('',#684,#2232,#2234,.T.);
#2232 = VERTEX_POINT('',#2233);
#2233 = CARTESIAN_POINT('',(30.4,-26.3,-2.2));
#2234 = LINE('',#2235,#2236);
#2235 = CARTESIAN_POINT('',(30.4,-26.3,0.));
#2236 = VECTOR('',#2237,1.);
#2237 = DIRECTION('',(-0.,-0.,-1.));
#2238 = ORIENTED_EDGE('',*,*,#2239,.T.);
#2239 = EDGE_CURVE('',#2232,#2240,#2242,.T.);
#2240 = VERTEX_POINT('',#2241);
#2241 = CARTESIAN_POINT('',(30.4,-2.5,-2.2));
#2242 = LINE('',#2243,#2244);
#2243 = CARTESIAN_POINT('',(30.4,-26.3,-2.2));
#2244 = VECTOR('',#2245,1.);
#2245 = DIRECTION('',(0.,1.,0.));
#2246 = ORIENTED_EDGE('',*,*,#2247,.T.);
#2247 = EDGE_CURVE('',#2240,#2248,#2250,.T.);
#2248 = VERTEX_POINT('',#2249);
#2249 = CARTESIAN_POINT('',(30.4,-2.5,-1.));
#2250 = LINE('',#2251,#2252);
#2251 = CARTESIAN_POINT('',(30.4,-2.5,-2.2));
#2252 = VECTOR('',#2253,1.);
#2253 = DIRECTION('',(0.,0.,1.));
#2254 = ORIENTED_EDGE('',*,*,#2255,.T.);
#2255 = EDGE_CURVE('',#2248,#2191,#2256,.T.);
#2256 = LINE('',#2257,#2258);
#2257 = CARTESIAN_POINT('',(30.4,-2.5,-1.));
#2258 = VECTOR('',#2259,1.);
#2259 = DIRECTION('',(0.,1.,0.));
#2260 = ORIENTED_EDGE('',*,*,#2190,.F.);
#2261 = PLANE('',#2262);
#2262 = AXIS2_PLACEMENT_3D('',#2263,#2264,#2265);
#2263 = CARTESIAN_POINT('',(30.4,-26.3,0.));
#2264 = DIRECTION('',(1.,0.,0.));
#2265 = DIRECTION('',(0.,1.,0.));
#2266 = ADVANCED_FACE('',(#2267),#2286,.T.);
#2267 = FACE_BOUND('',#2268,.T.);
#2268 = EDGE_LOOP('',(#2269,#2277,#2284,#2285));
#2269 = ORIENTED_EDGE('',*,*,#2270,.T.);
#2270 = EDGE_CURVE('',#676,#2271,#2273,.T.);
#2271 = VERTEX_POINT('',#2272);
#2272 = CARTESIAN_POINT('',(19.55,-37.15,-2.2));
#2273 = LINE('',#2274,#2275);
#2274 = CARTESIAN_POINT('',(19.55,-37.15,0.));
#2275 = VECTOR('',#2276,1.);
#2276 = DIRECTION('',(-0.,-0.,-1.));
#2277 = ORIENTED_EDGE('',*,*,#2278,.T.);
#2278 = EDGE_CURVE('',#2271,#2232,#2279,.T.);
#2279 = CIRCLE('',#2280,10.85);
#2280 = AXIS2_PLACEMENT_3D('',#2281,#2282,#2283);
#2281 = CARTESIAN_POINT('',(19.55,-26.3,-2.2));
#2282 = DIRECTION('',(0.,0.,1.));
#2283 = DIRECTION('',(1.,0.,0.));
#2284 = ORIENTED_EDGE('',*,*,#2231,.F.);
#2285 = ORIENTED_EDGE('',*,*,#683,.F.);
#2286 = CYLINDRICAL_SURFACE('',#2287,10.85);
#2287 = AXIS2_PLACEMENT_3D('',#2288,#2289,#2290);
#2288 = CARTESIAN_POINT('',(19.55,-26.3,0.));
#2289 = DIRECTION('',(0.,0.,1.));
#2290 = DIRECTION('',(1.,0.,0.));
#2291 = ADVANCED_FACE('',(#2292),#2310,.T.);
#2292 = FACE_BOUND('',#2293,.T.);
#2293 = EDGE_LOOP('',(#2294,#2302,#2308,#2309));
#2294 = ORIENTED_EDGE('',*,*,#2295,.T.);
#2295 = EDGE_CURVE('',#667,#2296,#2298,.T.);
#2296 = VERTEX_POINT('',#2297);
#2297 = CARTESIAN_POINT('',(-19.55,-37.15,-2.2));
#2298 = LINE('',#2299,#2300);
#2299 = CARTESIAN_POINT('',(-19.55,-37.15,0.));
#2300 = VECTOR('',#2301,1.);
#2301 = DIRECTION('',(-0.,-0.,-1.));
#2302 = ORIENTED_EDGE('',*,*,#2303,.T.);
#2303 = EDGE_CURVE('',#2296,#2271,#2304,.T.);
#2304 = LINE('',#2305,#2306);
#2305 = CARTESIAN_POINT('',(-19.55,-37.15,-2.2));
#2306 = VECTOR('',#2307,1.);
#2307 = DIRECTION('',(1.,2.907591757586E-15,0.));
#2308 = ORIENTED_EDGE('',*,*,#2270,.F.);
#2309 = ORIENTED_EDGE('',*,*,#675,.F.);
#2310 = PLANE('',#2311);
#2311 = AXIS2_PLACEMENT_3D('',#2312,#2313,#2314);
#2312 = CARTESIAN_POINT('',(-19.55,-37.15,0.));
#2313 = DIRECTION('',(2.907591757586E-15,-1.,0.));
#2314 = DIRECTION('',(1.,2.907591757586E-15,0.));
#2315 = ADVANCED_FACE('',(#2316),#2335,.T.);
#2316 = FACE_BOUND('',#2317,.T.);
#2317 = EDGE_LOOP('',(#2318,#2326,#2333,#2334));
#2318 = ORIENTED_EDGE('',*,*,#2319,.T.);
#2319 = EDGE_CURVE('',#659,#2320,#2322,.T.);
#2320 = VERTEX_POINT('',#2321);
#2321 = CARTESIAN_POINT('',(-30.4,-26.3,-2.2));
#2322 = LINE('',#2323,#2324);
#2323 = CARTESIAN_POINT('',(-30.4,-26.3,0.));
#2324 = VECTOR('',#2325,1.);
#2325 = DIRECTION('',(-0.,-0.,-1.));
#2326 = ORIENTED_EDGE('',*,*,#2327,.T.);
#2327 = EDGE_CURVE('',#2320,#2296,#2328,.T.);
#2328 = CIRCLE('',#2329,10.85);
#2329 = AXIS2_PLACEMENT_3D('',#2330,#2331,#2332);
#2330 = CARTESIAN_POINT('',(-19.55,-26.3,-2.2));
#2331 = DIRECTION('',(0.,0.,1.));
#2332 = DIRECTION('',(1.,0.,0.));
#2333 = ORIENTED_EDGE('',*,*,#2295,.F.);
#2334 = ORIENTED_EDGE('',*,*,#666,.F.);
#2335 = CYLINDRICAL_SURFACE('',#2336,10.85);
#2336 = AXIS2_PLACEMENT_3D('',#2337,#2338,#2339);
#2337 = CARTESIAN_POINT('',(-19.55,-26.3,0.));
#2338 = DIRECTION('',(0.,0.,1.));
#2339 = DIRECTION('',(1.,0.,0.));
#2340 = ADVANCED_FACE('',(#2341),#2368,.T.);
#2341 = FACE_BOUND('',#2342,.T.);
#2342 = EDGE_LOOP('',(#2343,#2344,#2345,#2353,#2361,#2367));
#2343 = ORIENTED_EDGE('',*,*,#658,.F.);
#2344 = ORIENTED_EDGE('',*,*,#2206,.T.);
#2345 = ORIENTED_EDGE('',*,*,#2346,.T.);
#2346 = EDGE_CURVE('',#2199,#2347,#2349,.T.);
#2347 = VERTEX_POINT('',#2348);
#2348 = CARTESIAN_POINT('',(-30.4,-2.5,-1.));
#2349 = LINE('',#2350,#2351);
#2350 = CARTESIAN_POINT('',(-30.4,-1.5,-1.));
#2351 = VECTOR('',#2352,1.);
#2352 = DIRECTION('',(0.,-1.,0.));
#2353 = ORIENTED_EDGE('',*,*,#2354,.F.);
#2354 = EDGE_CURVE('',#2355,#2347,#2357,.T.);
#2355 = VERTEX_POINT('',#2356);
#2356 = CARTESIAN_POINT('',(-30.4,-2.5,-2.2));
#2357 = LINE('',#2358,#2359);
#2358 = CARTESIAN_POINT('',(-30.4,-2.5,-2.2));
#2359 = VECTOR('',#2360,1.);
#2360 = DIRECTION('',(0.,0.,1.));
#2361 = ORIENTED_EDGE('',*,*,#2362,.T.);
#2362 = EDGE_CURVE('',#2355,#2320,#2363,.T.);
#2363 = LINE('',#2364,#2365);
#2364 = CARTESIAN_POINT('',(-30.4,-1.5,-2.2));
#2365 = VECTOR('',#2366,1.);
#2366 = DIRECTION('',(0.,-1.,0.));
#2367 = ORIENTED_EDGE('',*,*,#2319,.F.);
#2368 = PLANE('',#2369);
#2369 = AXIS2_PLACEMENT_3D('',#2370,#2371,#2372);
#2370 = CARTESIAN_POINT('',(-30.4,-1.5,0.));
#2371 = DIRECTION('',(-1.,0.,0.));
#2372 = DIRECTION('',(0.,-1.,0.));
#2373 = ADVANCED_FACE('',(#2374),#2399,.F.);
#2374 = FACE_BOUND('',#2375,.F.);
#2375 = EDGE_LOOP('',(#2376,#2384,#2392,#2398));
#2376 = ORIENTED_EDGE('',*,*,#2377,.T.);
#2377 = EDGE_CURVE('',#743,#2378,#2380,.T.);
#2378 = VERTEX_POINT('',#2379);
#2379 = CARTESIAN_POINT('',(-22.3,42.45,-1.1));
#2380 = LINE('',#2381,#2382);
#2381 = CARTESIAN_POINT('',(-22.3,42.45,0.));
#2382 = VECTOR('',#2383,1.);
#2383 = DIRECTION('',(-0.,-0.,-1.));
#2384 = ORIENTED_EDGE('',*,*,#2385,.T.);
#2385 = EDGE_CURVE('',#2378,#2386,#2388,.T.);
#2386 = VERTEX_POINT('',#2387);
#2387 = CARTESIAN_POINT('',(-22.3,39.25,-1.1));
#2388 = LINE('',#2389,#2390);
#2389 = CARTESIAN_POINT('',(-22.3,42.45,-1.1));
#2390 = VECTOR('',#2391,1.);
#2391 = DIRECTION('',(0.,-1.,0.));
#2392 = ORIENTED_EDGE('',*,*,#2393,.F.);
#2393 = EDGE_CURVE('',#745,#2386,#2394,.T.);
#2394 = LINE('',#2395,#2396);
#2395 = CARTESIAN_POINT('',(-22.3,39.25,0.));
#2396 = VECTOR('',#2397,1.);
#2397 = DIRECTION('',(-0.,-0.,-1.));
#2398 = ORIENTED_EDGE('',*,*,#742,.F.);
#2399 = PLANE('',#2400);
#2400 = AXIS2_PLACEMENT_3D('',#2401,#2402,#2403);
#2401 = CARTESIAN_POINT('',(-22.3,42.45,0.));
#2402 = DIRECTION('',(-1.,0.,0.));
#2403 = DIRECTION('',(0.,-1.,0.));
#2404 = ADVANCED_FACE('',(#2405),#2424,.F.);
#2405 = FACE_BOUND('',#2406,.F.);
#2406 = EDGE_LOOP('',(#2407,#2415,#2422,#2423));
#2407 = ORIENTED_EDGE('',*,*,#2408,.T.);
#2408 = EDGE_CURVE('',#753,#2409,#2411,.T.);
#2409 = VERTEX_POINT('',#2410);
#2410 = CARTESIAN_POINT('',(-21.9,42.85,-1.1));
#2411 = LINE('',#2412,#2413);
#2412 = CARTESIAN_POINT('',(-21.9,42.85,0.));
#2413 = VECTOR('',#2414,1.);
#2414 = DIRECTION('',(-0.,-0.,-1.));
#2415 = ORIENTED_EDGE('',*,*,#2416,.T.);
#2416 = EDGE_CURVE('',#2409,#2378,#2417,.T.);
#2417 = CIRCLE('',#2418,0.4);
#2418 = AXIS2_PLACEMENT_3D('',#2419,#2420,#2421);
#2419 = CARTESIAN_POINT('',(-21.9,42.45,-1.1));
#2420 = DIRECTION('',(0.,0.,1.));
#2421 = DIRECTION('',(1.,0.,0.));
#2422 = ORIENTED_EDGE('',*,*,#2377,.F.);
#2423 = ORIENTED_EDGE('',*,*,#752,.F.);
#2424 = CYLINDRICAL_SURFACE('',#2425,0.4);
#2425 = AXIS2_PLACEMENT_3D('',#2426,#2427,#2428);
#2426 = CARTESIAN_POINT('',(-21.9,42.45,0.));
#2427 = DIRECTION('',(0.,0.,1.));
#2428 = DIRECTION('',(1.,0.,0.));
#2429 = ADVANCED_FACE('',(#2430),#2449,.F.);
#2430 = FACE_BOUND('',#2431,.F.);
#2431 = EDGE_LOOP('',(#2432,#2433,#2442,#2448));
#2432 = ORIENTED_EDGE('',*,*,#2393,.T.);
#2433 = ORIENTED_EDGE('',*,*,#2434,.T.);
#2434 = EDGE_CURVE('',#2386,#2435,#2437,.T.);
#2435 = VERTEX_POINT('',#2436);
#2436 = CARTESIAN_POINT('',(-21.9,38.85,-1.1));
#2437 = CIRCLE('',#2438,0.4);
#2438 = AXIS2_PLACEMENT_3D('',#2439,#2440,#2441);
#2439 = CARTESIAN_POINT('',(-21.9,39.25,-1.1));
#2440 = DIRECTION('',(0.,0.,1.));
#2441 = DIRECTION('',(1.,0.,0.));
#2442 = ORIENTED_EDGE('',*,*,#2443,.F.);
#2443 = EDGE_CURVE('',#796,#2435,#2444,.T.);
#2444 = LINE('',#2445,#2446);
#2445 = CARTESIAN_POINT('',(-21.9,38.85,0.));
#2446 = VECTOR('',#2447,1.);
#2447 = DIRECTION('',(-0.,-0.,-1.));
#2448 = ORIENTED_EDGE('',*,*,#803,.F.);
#2449 = CYLINDRICAL_SURFACE('',#2450,0.4);
#2450 = AXIS2_PLACEMENT_3D('',#2451,#2452,#2453);
#2451 = CARTESIAN_POINT('',(-21.9,39.25,0.));
#2452 = DIRECTION('',(0.,0.,1.));
#2453 = DIRECTION('',(1.,0.,0.));
#2454 = ADVANCED_FACE('',(#2455),#2473,.F.);
#2455 = FACE_BOUND('',#2456,.F.);
#2456 = EDGE_LOOP('',(#2457,#2465,#2471,#2472));
#2457 = ORIENTED_EDGE('',*,*,#2458,.T.);
#2458 = EDGE_CURVE('',#762,#2459,#2461,.T.);
#2459 = VERTEX_POINT('',#2460);
#2460 = CARTESIAN_POINT('',(-21.5,42.85,-1.1));
#2461 = LINE('',#2462,#2463);
#2462 = CARTESIAN_POINT('',(-21.5,42.85,0.));
#2463 = VECTOR('',#2464,1.);
#2464 = DIRECTION('',(-0.,-0.,-1.));
#2465 = ORIENTED_EDGE('',*,*,#2466,.T.);
#2466 = EDGE_CURVE('',#2459,#2409,#2467,.T.);
#2467 = LINE('',#2468,#2469);
#2468 = CARTESIAN_POINT('',(-21.5,42.85,-1.1));
#2469 = VECTOR('',#2470,1.);
#2470 = DIRECTION('',(-1.,0.,0.));
#2471 = ORIENTED_EDGE('',*,*,#2408,.F.);
#2472 = ORIENTED_EDGE('',*,*,#761,.F.);
#2473 = PLANE('',#2474);
#2474 = AXIS2_PLACEMENT_3D('',#2475,#2476,#2477);
#2475 = CARTESIAN_POINT('',(-21.5,42.85,0.));
#2476 = DIRECTION('',(0.,1.,0.));
#2477 = DIRECTION('',(-1.,0.,0.));
#2478 = ADVANCED_FACE('',(#2479),#2497,.F.);
#2479 = FACE_BOUND('',#2480,.F.);
#2480 = EDGE_LOOP('',(#2481,#2482,#2490,#2496));
#2481 = ORIENTED_EDGE('',*,*,#2443,.T.);
#2482 = ORIENTED_EDGE('',*,*,#2483,.T.);
#2483 = EDGE_CURVE('',#2435,#2484,#2486,.T.);
#2484 = VERTEX_POINT('',#2485);
#2485 = CARTESIAN_POINT('',(-21.5,38.85,-1.1));
#2486 = LINE('',#2487,#2488);
#2487 = CARTESIAN_POINT('',(-21.9,38.85,-1.1));
#2488 = VECTOR('',#2489,1.);
#2489 = DIRECTION('',(1.,0.,0.));
#2490 = ORIENTED_EDGE('',*,*,#2491,.F.);
#2491 = EDGE_CURVE('',#787,#2484,#2492,.T.);
#2492 = LINE('',#2493,#2494);
#2493 = CARTESIAN_POINT('',(-21.5,38.85,0.));
#2494 = VECTOR('',#2495,1.);
#2495 = DIRECTION('',(-0.,-0.,-1.));
#2496 = ORIENTED_EDGE('',*,*,#795,.F.);
#2497 = PLANE('',#2498);
#2498 = AXIS2_PLACEMENT_3D('',#2499,#2500,#2501);
#2499 = CARTESIAN_POINT('',(-21.9,38.85,0.));
#2500 = DIRECTION('',(0.,-1.,0.));
#2501 = DIRECTION('',(1.,0.,0.));
#2502 = ADVANCED_FACE('',(#2503),#2522,.F.);
#2503 = FACE_BOUND('',#2504,.F.);
#2504 = EDGE_LOOP('',(#2505,#2513,#2520,#2521));
#2505 = ORIENTED_EDGE('',*,*,#2506,.T.);
#2506 = EDGE_CURVE('',#770,#2507,#2509,.T.);
#2507 = VERTEX_POINT('',#2508);
#2508 = CARTESIAN_POINT('',(-21.1,42.45,-1.1));
#2509 = LINE('',#2510,#2511);
#2510 = CARTESIAN_POINT('',(-21.1,42.45,0.));
#2511 = VECTOR('',#2512,1.);
#2512 = DIRECTION('',(-0.,-0.,-1.));
#2513 = ORIENTED_EDGE('',*,*,#2514,.T.);
#2514 = EDGE_CURVE('',#2507,#2459,#2515,.T.);
#2515 = CIRCLE('',#2516,0.4);
#2516 = AXIS2_PLACEMENT_3D('',#2517,#2518,#2519);
#2517 = CARTESIAN_POINT('',(-21.5,42.45,-1.1));
#2518 = DIRECTION('',(0.,0.,1.));
#2519 = DIRECTION('',(1.,0.,0.));
#2520 = ORIENTED_EDGE('',*,*,#2458,.F.);
#2521 = ORIENTED_EDGE('',*,*,#769,.F.);
#2522 = CYLINDRICAL_SURFACE('',#2523,0.4);
#2523 = AXIS2_PLACEMENT_3D('',#2524,#2525,#2526);
#2524 = CARTESIAN_POINT('',(-21.5,42.45,0.));
#2525 = DIRECTION('',(0.,0.,1.));
#2526 = DIRECTION('',(1.,0.,0.));
#2527 = ADVANCED_FACE('',(#2528),#2547,.F.);
#2528 = FACE_BOUND('',#2529,.F.);
#2529 = EDGE_LOOP('',(#2530,#2531,#2540,#2546));
#2530 = ORIENTED_EDGE('',*,*,#2491,.T.);
#2531 = ORIENTED_EDGE('',*,*,#2532,.T.);
#2532 = EDGE_CURVE('',#2484,#2533,#2535,.T.);
#2533 = VERTEX_POINT('',#2534);
#2534 = CARTESIAN_POINT('',(-21.1,39.25,-1.1));
#2535 = CIRCLE('',#2536,0.4);
#2536 = AXIS2_PLACEMENT_3D('',#2537,#2538,#2539);
#2537 = CARTESIAN_POINT('',(-21.5,39.25,-1.1));
#2538 = DIRECTION('',(0.,0.,1.));
#2539 = DIRECTION('',(1.,0.,0.));
#2540 = ORIENTED_EDGE('',*,*,#2541,.F.);
#2541 = EDGE_CURVE('',#779,#2533,#2542,.T.);
#2542 = LINE('',#2543,#2544);
#2543 = CARTESIAN_POINT('',(-21.1,39.25,0.));
#2544 = VECTOR('',#2545,1.);
#2545 = DIRECTION('',(-0.,-0.,-1.));
#2546 = ORIENTED_EDGE('',*,*,#786,.F.);
#2547 = CYLINDRICAL_SURFACE('',#2548,0.4);
#2548 = AXIS2_PLACEMENT_3D('',#2549,#2550,#2551);
#2549 = CARTESIAN_POINT('',(-21.5,39.25,0.));
#2550 = DIRECTION('',(0.,0.,1.));
#2551 = DIRECTION('',(1.,0.,0.));
#2552 = ADVANCED_FACE('',(#2553),#2564,.F.);
#2553 = FACE_BOUND('',#2554,.F.);
#2554 = EDGE_LOOP('',(#2555,#2556,#2562,#2563));
#2555 = ORIENTED_EDGE('',*,*,#2541,.T.);
#2556 = ORIENTED_EDGE('',*,*,#2557,.T.);
#2557 = EDGE_CURVE('',#2533,#2507,#2558,.T.);
#2558 = LINE('',#2559,#2560);
#2559 = CARTESIAN_POINT('',(-21.1,39.25,-1.1));
#2560 = VECTOR('',#2561,1.);
#2561 = DIRECTION('',(0.,1.,0.));
#2562 = ORIENTED_EDGE('',*,*,#2506,.F.);
#2563 = ORIENTED_EDGE('',*,*,#778,.F.);
#2564 = PLANE('',#2565);
#2565 = AXIS2_PLACEMENT_3D('',#2566,#2567,#2568);
#2566 = CARTESIAN_POINT('',(-21.1,39.25,0.));
#2567 = DIRECTION('',(1.,0.,0.));
#2568 = DIRECTION('',(0.,1.,0.));
#2569 = ADVANCED_FACE('',(#2570),#2595,.F.);
#2570 = FACE_BOUND('',#2571,.F.);
#2571 = EDGE_LOOP('',(#2572,#2580,#2588,#2594));
#2572 = ORIENTED_EDGE('',*,*,#2573,.T.);
#2573 = EDGE_CURVE('',#813,#2574,#2576,.T.);
#2574 = VERTEX_POINT('',#2575);
#2575 = CARTESIAN_POINT('',(-19.1,44.35,-1.1));
#2576 = LINE('',#2577,#2578);
#2577 = CARTESIAN_POINT('',(-19.1,44.35,0.));
#2578 = VECTOR('',#2579,1.);
#2579 = DIRECTION('',(-0.,-0.,-1.));
#2580 = ORIENTED_EDGE('',*,*,#2581,.T.);
#2581 = EDGE_CURVE('',#2574,#2582,#2584,.T.);
#2582 = VERTEX_POINT('',#2583);
#2583 = CARTESIAN_POINT('',(-19.1,39.35,-1.1));
#2584 = LINE('',#2585,#2586);
#2585 = CARTESIAN_POINT('',(-19.1,44.35,-1.1));
#2586 = VECTOR('',#2587,1.);
#2587 = DIRECTION('',(0.,-1.,0.));
#2588 = ORIENTED_EDGE('',*,*,#2589,.F.);
#2589 = EDGE_CURVE('',#815,#2582,#2590,.T.);
#2590 = LINE('',#2591,#2592);
#2591 = CARTESIAN_POINT('',(-19.1,39.35,0.));
#2592 = VECTOR('',#2593,1.);
#2593 = DIRECTION('',(-0.,-0.,-1.));
#2594 = ORIENTED_EDGE('',*,*,#812,.F.);
#2595 = PLANE('',#2596);
#2596 = AXIS2_PLACEMENT_3D('',#2597,#2598,#2599);
#2597 = CARTESIAN_POINT('',(-19.1,44.35,0.));
#2598 = DIRECTION('',(-1.,0.,0.));
#2599 = DIRECTION('',(0.,-1.,0.));
#2600 = ADVANCED_FACE('',(#2601),#2620,.F.);
#2601 = FACE_BOUND('',#2602,.F.);
#2602 = EDGE_LOOP('',(#2603,#2611,#2618,#2619));
#2603 = ORIENTED_EDGE('',*,*,#2604,.T.);
#2604 = EDGE_CURVE('',#823,#2605,#2607,.T.);
#2605 = VERTEX_POINT('',#2606);
#2606 = CARTESIAN_POINT('',(-18.6,44.85,-1.1));
#2607 = LINE('',#2608,#2609);
#2608 = CARTESIAN_POINT('',(-18.6,44.85,0.));
#2609 = VECTOR('',#2610,1.);
#2610 = DIRECTION('',(-0.,-0.,-1.));
#2611 = ORIENTED_EDGE('',*,*,#2612,.T.);
#2612 = EDGE_CURVE('',#2605,#2574,#2613,.T.);
#2613 = CIRCLE('',#2614,0.5);
#2614 = AXIS2_PLACEMENT_3D('',#2615,#2616,#2617);
#2615 = CARTESIAN_POINT('',(-18.6,44.35,-1.1));
#2616 = DIRECTION('',(0.,0.,1.));
#2617 = DIRECTION('',(1.,0.,0.));
#2618 = ORIENTED_EDGE('',*,*,#2573,.F.);
#2619 = ORIENTED_EDGE('',*,*,#822,.F.);
#2620 = CYLINDRICAL_SURFACE('',#2621,0.5);
#2621 = AXIS2_PLACEMENT_3D('',#2622,#2623,#2624);
#2622 = CARTESIAN_POINT('',(-18.6,44.35,0.));
#2623 = DIRECTION('',(0.,0.,1.));
#2624 = DIRECTION('',(1.,0.,0.));
#2625 = ADVANCED_FACE('',(#2626),#2645,.F.);
#2626 = FACE_BOUND('',#2627,.F.);
#2627 = EDGE_LOOP('',(#2628,#2629,#2638,#2644));
#2628 = ORIENTED_EDGE('',*,*,#2589,.T.);
#2629 = ORIENTED_EDGE('',*,*,#2630,.T.);
#2630 = EDGE_CURVE('',#2582,#2631,#2633,.T.);
#2631 = VERTEX_POINT('',#2632);
#2632 = CARTESIAN_POINT('',(-18.6,38.85,-1.1));
#2633 = CIRCLE('',#2634,0.5);
#2634 = AXIS2_PLACEMENT_3D('',#2635,#2636,#2637);
#2635 = CARTESIAN_POINT('',(-18.6,39.35,-1.1));
#2636 = DIRECTION('',(0.,0.,1.));
#2637 = DIRECTION('',(1.,0.,0.));
#2638 = ORIENTED_EDGE('',*,*,#2639,.F.);
#2639 = EDGE_CURVE('',#866,#2631,#2640,.T.);
#2640 = LINE('',#2641,#2642);
#2641 = CARTESIAN_POINT('',(-18.6,38.85,0.));
#2642 = VECTOR('',#2643,1.);
#2643 = DIRECTION('',(-0.,-0.,-1.));
#2644 = ORIENTED_EDGE('',*,*,#873,.F.);
#2645 = CYLINDRICAL_SURFACE('',#2646,0.5);
#2646 = AXIS2_PLACEMENT_3D('',#2647,#2648,#2649);
#2647 = CARTESIAN_POINT('',(-18.6,39.35,0.));
#2648 = DIRECTION('',(0.,0.,1.));
#2649 = DIRECTION('',(1.,0.,0.));
#2650 = ADVANCED_FACE('',(#2651),#2669,.F.);
#2651 = FACE_BOUND('',#2652,.F.);
#2652 = EDGE_LOOP('',(#2653,#2661,#2667,#2668));
#2653 = ORIENTED_EDGE('',*,*,#2654,.T.);
#2654 = EDGE_CURVE('',#832,#2655,#2657,.T.);
#2655 = VERTEX_POINT('',#2656);
#2656 = CARTESIAN_POINT('',(-18.2,44.85,-1.1));
#2657 = LINE('',#2658,#2659);
#2658 = CARTESIAN_POINT('',(-18.2,44.85,0.));
#2659 = VECTOR('',#2660,1.);
#2660 = DIRECTION('',(-0.,-0.,-1.));
#2661 = ORIENTED_EDGE('',*,*,#2662,.T.);
#2662 = EDGE_CURVE('',#2655,#2605,#2663,.T.);
#2663 = LINE('',#2664,#2665);
#2664 = CARTESIAN_POINT('',(-18.2,44.85,-1.1));
#2665 = VECTOR('',#2666,1.);
#2666 = DIRECTION('',(-1.,0.,0.));
#2667 = ORIENTED_EDGE('',*,*,#2604,.F.);
#2668 = ORIENTED_EDGE('',*,*,#831,.F.);
#2669 = PLANE('',#2670);
#2670 = AXIS2_PLACEMENT_3D('',#2671,#2672,#2673);
#2671 = CARTESIAN_POINT('',(-18.2,44.85,0.));
#2672 = DIRECTION('',(0.,1.,0.));
#2673 = DIRECTION('',(-1.,0.,0.));
#2674 = ADVANCED_FACE('',(#2675),#2693,.F.);
#2675 = FACE_BOUND('',#2676,.F.);
#2676 = EDGE_LOOP('',(#2677,#2678,#2686,#2692));
#2677 = ORIENTED_EDGE('',*,*,#2639,.T.);
#2678 = ORIENTED_EDGE('',*,*,#2679,.T.);
#2679 = EDGE_CURVE('',#2631,#2680,#2682,.T.);
#2680 = VERTEX_POINT('',#2681);
#2681 = CARTESIAN_POINT('',(-18.2,38.85,-1.1));
#2682 = LINE('',#2683,#2684);
#2683 = CARTESIAN_POINT('',(-18.6,38.85,-1.1));
#2684 = VECTOR('',#2685,1.);
#2685 = DIRECTION('',(1.,0.,0.));
#2686 = ORIENTED_EDGE('',*,*,#2687,.F.);
#2687 = EDGE_CURVE('',#857,#2680,#2688,.T.);
#2688 = LINE('',#2689,#2690);
#2689 = CARTESIAN_POINT('',(-18.2,38.85,0.));
#2690 = VECTOR('',#2691,1.);
#2691 = DIRECTION('',(-0.,-0.,-1.));
#2692 = ORIENTED_EDGE('',*,*,#865,.F.);
#2693 = PLANE('',#2694);
#2694 = AXIS2_PLACEMENT_3D('',#2695,#2696,#2697);
#2695 = CARTESIAN_POINT('',(-18.6,38.85,0.));
#2696 = DIRECTION('',(0.,-1.,0.));
#2697 = DIRECTION('',(1.,0.,0.));
#2698 = ADVANCED_FACE('',(#2699),#2718,.F.);
#2699 = FACE_BOUND('',#2700,.F.);
#2700 = EDGE_LOOP('',(#2701,#2709,#2716,#2717));
#2701 = ORIENTED_EDGE('',*,*,#2702,.T.);
#2702 = EDGE_CURVE('',#840,#2703,#2705,.T.);
#2703 = VERTEX_POINT('',#2704);
#2704 = CARTESIAN_POINT('',(-17.7,44.35,-1.1));
#2705 = LINE('',#2706,#2707);
#2706 = CARTESIAN_POINT('',(-17.7,44.35,0.));
#2707 = VECTOR('',#2708,1.);
#2708 = DIRECTION('',(-0.,-0.,-1.));
#2709 = ORIENTED_EDGE('',*,*,#2710,.T.);
#2710 = EDGE_CURVE('',#2703,#2655,#2711,.T.);
#2711 = CIRCLE('',#2712,0.5);
#2712 = AXIS2_PLACEMENT_3D('',#2713,#2714,#2715);
#2713 = CARTESIAN_POINT('',(-18.2,44.35,-1.1));
#2714 = DIRECTION('',(0.,0.,1.));
#2715 = DIRECTION('',(1.,0.,0.));
#2716 = ORIENTED_EDGE('',*,*,#2654,.F.);
#2717 = ORIENTED_EDGE('',*,*,#839,.F.);
#2718 = CYLINDRICAL_SURFACE('',#2719,0.5);
#2719 = AXIS2_PLACEMENT_3D('',#2720,#2721,#2722);
#2720 = CARTESIAN_POINT('',(-18.2,44.35,0.));
#2721 = DIRECTION('',(0.,0.,1.));
#2722 = DIRECTION('',(1.,0.,0.));
#2723 = ADVANCED_FACE('',(#2724),#2743,.F.);
#2724 = FACE_BOUND('',#2725,.F.);
#2725 = EDGE_LOOP('',(#2726,#2727,#2736,#2742));
#2726 = ORIENTED_EDGE('',*,*,#2687,.T.);
#2727 = ORIENTED_EDGE('',*,*,#2728,.T.);
#2728 = EDGE_CURVE('',#2680,#2729,#2731,.T.);
#2729 = VERTEX_POINT('',#2730);
#2730 = CARTESIAN_POINT('',(-17.7,39.35,-1.1));
#2731 = CIRCLE('',#2732,0.5);
#2732 = AXIS2_PLACEMENT_3D('',#2733,#2734,#2735);
#2733 = CARTESIAN_POINT('',(-18.2,39.35,-1.1));
#2734 = DIRECTION('',(0.,0.,1.));
#2735 = DIRECTION('',(1.,0.,0.));
#2736 = ORIENTED_EDGE('',*,*,#2737,.F.);
#2737 = EDGE_CURVE('',#849,#2729,#2738,.T.);
#2738 = LINE('',#2739,#2740);
#2739 = CARTESIAN_POINT('',(-17.7,39.35,0.));
#2740 = VECTOR('',#2741,1.);
#2741 = DIRECTION('',(-0.,-0.,-1.));
#2742 = ORIENTED_EDGE('',*,*,#856,.F.);
#2743 = CYLINDRICAL_SURFACE('',#2744,0.5);
#2744 = AXIS2_PLACEMENT_3D('',#2745,#2746,#2747);
#2745 = CARTESIAN_POINT('',(-18.2,39.35,0.));
#2746 = DIRECTION('',(0.,0.,1.));
#2747 = DIRECTION('',(1.,0.,0.));
#2748 = ADVANCED_FACE('',(#2749),#2760,.F.);
#2749 = FACE_BOUND('',#2750,.F.);
#2750 = EDGE_LOOP('',(#2751,#2752,#2758,#2759));
#2751 = ORIENTED_EDGE('',*,*,#2737,.T.);
#2752 = ORIENTED_EDGE('',*,*,#2753,.T.);
#2753 = EDGE_CURVE('',#2729,#2703,#2754,.T.);
#2754 = LINE('',#2755,#2756);
#2755 = CARTESIAN_POINT('',(-17.7,39.35,-1.1));
#2756 = VECTOR('',#2757,1.);
#2757 = DIRECTION('',(0.,1.,0.));
#2758 = ORIENTED_EDGE('',*,*,#2702,.F.);
#2759 = ORIENTED_EDGE('',*,*,#848,.F.);
#2760 = PLANE('',#2761);
#2761 = AXIS2_PLACEMENT_3D('',#2762,#2763,#2764);
#2762 = CARTESIAN_POINT('',(-17.7,39.35,0.));
#2763 = DIRECTION('',(1.,0.,0.));
#2764 = DIRECTION('',(0.,1.,0.));
#2765 = ADVANCED_FACE('',(#2766),#2791,.F.);
#2766 = FACE_BOUND('',#2767,.F.);
#2767 = EDGE_LOOP('',(#2768,#2776,#2784,#2790));
#2768 = ORIENTED_EDGE('',*,*,#2769,.T.);
#2769 = EDGE_CURVE('',#883,#2770,#2772,.T.);
#2770 = VERTEX_POINT('',#2771);
#2771 = CARTESIAN_POINT('',(-8.9,42.45,-1.1));
#2772 = LINE('',#2773,#2774);
#2773 = CARTESIAN_POINT('',(-8.9,42.45,0.));
#2774 = VECTOR('',#2775,1.);
#2775 = DIRECTION('',(-0.,-0.,-1.));
#2776 = ORIENTED_EDGE('',*,*,#2777,.T.);
#2777 = EDGE_CURVE('',#2770,#2778,#2780,.T.);
#2778 = VERTEX_POINT('',#2779);
#2779 = CARTESIAN_POINT('',(-8.9,39.25,-1.1));
#2780 = LINE('',#2781,#2782);
#2781 = CARTESIAN_POINT('',(-8.9,42.45,-1.1));
#2782 = VECTOR('',#2783,1.);
#2783 = DIRECTION('',(0.,-1.,0.));
#2784 = ORIENTED_EDGE('',*,*,#2785,.F.);
#2785 = EDGE_CURVE('',#885,#2778,#2786,.T.);
#2786 = LINE('',#2787,#2788);
#2787 = CARTESIAN_POINT('',(-8.9,39.25,0.));
#2788 = VECTOR('',#2789,1.);
#2789 = DIRECTION('',(-0.,-0.,-1.));
#2790 = ORIENTED_EDGE('',*,*,#882,.F.);
#2791 = PLANE('',#2792);
#2792 = AXIS2_PLACEMENT_3D('',#2793,#2794,#2795);
#2793 = CARTESIAN_POINT('',(-8.9,42.45,0.));
#2794 = DIRECTION('',(-1.,0.,0.));
#2795 = DIRECTION('',(0.,-1.,0.));
#2796 = ADVANCED_FACE('',(#2797),#2816,.F.);
#2797 = FACE_BOUND('',#2798,.F.);
#2798 = EDGE_LOOP('',(#2799,#2807,#2814,#2815));
#2799 = ORIENTED_EDGE('',*,*,#2800,.T.);
#2800 = EDGE_CURVE('',#893,#2801,#2803,.T.);
#2801 = VERTEX_POINT('',#2802);
#2802 = CARTESIAN_POINT('',(-8.5,42.85,-1.1));
#2803 = LINE('',#2804,#2805);
#2804 = CARTESIAN_POINT('',(-8.5,42.85,0.));
#2805 = VECTOR('',#2806,1.);
#2806 = DIRECTION('',(-0.,-0.,-1.));
#2807 = ORIENTED_EDGE('',*,*,#2808,.T.);
#2808 = EDGE_CURVE('',#2801,#2770,#2809,.T.);
#2809 = CIRCLE('',#2810,0.4);
#2810 = AXIS2_PLACEMENT_3D('',#2811,#2812,#2813);
#2811 = CARTESIAN_POINT('',(-8.5,42.45,-1.1));
#2812 = DIRECTION('',(0.,0.,1.));
#2813 = DIRECTION('',(1.,0.,0.));
#2814 = ORIENTED_EDGE('',*,*,#2769,.F.);
#2815 = ORIENTED_EDGE('',*,*,#892,.F.);
#2816 = CYLINDRICAL_SURFACE('',#2817,0.4);
#2817 = AXIS2_PLACEMENT_3D('',#2818,#2819,#2820);
#2818 = CARTESIAN_POINT('',(-8.5,42.45,0.));
#2819 = DIRECTION('',(0.,0.,1.));
#2820 = DIRECTION('',(1.,0.,0.));
#2821 = ADVANCED_FACE('',(#2822),#2841,.F.);
#2822 = FACE_BOUND('',#2823,.F.);
#2823 = EDGE_LOOP('',(#2824,#2825,#2834,#2840));
#2824 = ORIENTED_EDGE('',*,*,#2785,.T.);
#2825 = ORIENTED_EDGE('',*,*,#2826,.T.);
#2826 = EDGE_CURVE('',#2778,#2827,#2829,.T.);
#2827 = VERTEX_POINT('',#2828);
#2828 = CARTESIAN_POINT('',(-8.5,38.85,-1.1));
#2829 = CIRCLE('',#2830,0.4);
#2830 = AXIS2_PLACEMENT_3D('',#2831,#2832,#2833);
#2831 = CARTESIAN_POINT('',(-8.5,39.25,-1.1));
#2832 = DIRECTION('',(0.,0.,1.));
#2833 = DIRECTION('',(1.,0.,0.));
#2834 = ORIENTED_EDGE('',*,*,#2835,.F.);
#2835 = EDGE_CURVE('',#936,#2827,#2836,.T.);
#2836 = LINE('',#2837,#2838);
#2837 = CARTESIAN_POINT('',(-8.5,38.85,0.));
#2838 = VECTOR('',#2839,1.);
#2839 = DIRECTION('',(-0.,-0.,-1.));
#2840 = ORIENTED_EDGE('',*,*,#943,.F.);
#2841 = CYLINDRICAL_SURFACE('',#2842,0.4);
#2842 = AXIS2_PLACEMENT_3D('',#2843,#2844,#2845);
#2843 = CARTESIAN_POINT('',(-8.5,39.25,0.));
#2844 = DIRECTION('',(0.,0.,1.));
#2845 = DIRECTION('',(1.,0.,0.));
#2846 = ADVANCED_FACE('',(#2847),#2865,.F.);
#2847 = FACE_BOUND('',#2848,.F.);
#2848 = EDGE_LOOP('',(#2849,#2857,#2863,#2864));
#2849 = ORIENTED_EDGE('',*,*,#2850,.T.);
#2850 = EDGE_CURVE('',#902,#2851,#2853,.T.);
#2851 = VERTEX_POINT('',#2852);
#2852 = CARTESIAN_POINT('',(-8.1,42.85,-1.1));
#2853 = LINE('',#2854,#2855);
#2854 = CARTESIAN_POINT('',(-8.1,42.85,0.));
#2855 = VECTOR('',#2856,1.);
#2856 = DIRECTION('',(-0.,-0.,-1.));
#2857 = ORIENTED_EDGE('',*,*,#2858,.T.);
#2858 = EDGE_CURVE('',#2851,#2801,#2859,.T.);
#2859 = LINE('',#2860,#2861);
#2860 = CARTESIAN_POINT('',(-8.1,42.85,-1.1));
#2861 = VECTOR('',#2862,1.);
#2862 = DIRECTION('',(-1.,0.,0.));
#2863 = ORIENTED_EDGE('',*,*,#2800,.F.);
#2864 = ORIENTED_EDGE('',*,*,#901,.F.);
#2865 = PLANE('',#2866);
#2866 = AXIS2_PLACEMENT_3D('',#2867,#2868,#2869);
#2867 = CARTESIAN_POINT('',(-8.1,42.85,0.));
#2868 = DIRECTION('',(0.,1.,0.));
#2869 = DIRECTION('',(-1.,0.,0.));
#2870 = ADVANCED_FACE('',(#2871),#2889,.F.);
#2871 = FACE_BOUND('',#2872,.F.);
#2872 = EDGE_LOOP('',(#2873,#2874,#2882,#2888));
#2873 = ORIENTED_EDGE('',*,*,#2835,.T.);
#2874 = ORIENTED_EDGE('',*,*,#2875,.T.);
#2875 = EDGE_CURVE('',#2827,#2876,#2878,.T.);
#2876 = VERTEX_POINT('',#2877);
#2877 = CARTESIAN_POINT('',(-8.1,38.85,-1.1));
#2878 = LINE('',#2879,#2880);
#2879 = CARTESIAN_POINT('',(-8.5,38.85,-1.1));
#2880 = VECTOR('',#2881,1.);
#2881 = DIRECTION('',(1.,0.,0.));
#2882 = ORIENTED_EDGE('',*,*,#2883,.F.);
#2883 = EDGE_CURVE('',#927,#2876,#2884,.T.);
#2884 = LINE('',#2885,#2886);
#2885 = CARTESIAN_POINT('',(-8.1,38.85,0.));
#2886 = VECTOR('',#2887,1.);
#2887 = DIRECTION('',(-0.,-0.,-1.));
#2888 = ORIENTED_EDGE('',*,*,#935,.F.);
#2889 = PLANE('',#2890);
#2890 = AXIS2_PLACEMENT_3D('',#2891,#2892,#2893);
#2891 = CARTESIAN_POINT('',(-8.5,38.85,0.));
#2892 = DIRECTION('',(0.,-1.,0.));
#2893 = DIRECTION('',(1.,0.,0.));
#2894 = ADVANCED_FACE('',(#2895),#2914,.F.);
#2895 = FACE_BOUND('',#2896,.F.);
#2896 = EDGE_LOOP('',(#2897,#2905,#2912,#2913));
#2897 = ORIENTED_EDGE('',*,*,#2898,.T.);
#2898 = EDGE_CURVE('',#910,#2899,#2901,.T.);
#2899 = VERTEX_POINT('',#2900);
#2900 = CARTESIAN_POINT('',(-7.7,42.45,-1.1));
#2901 = LINE('',#2902,#2903);
#2902 = CARTESIAN_POINT('',(-7.7,42.45,0.));
#2903 = VECTOR('',#2904,1.);
#2904 = DIRECTION('',(-0.,-0.,-1.));
#2905 = ORIENTED_EDGE('',*,*,#2906,.T.);
#2906 = EDGE_CURVE('',#2899,#2851,#2907,.T.);
#2907 = CIRCLE('',#2908,0.4);
#2908 = AXIS2_PLACEMENT_3D('',#2909,#2910,#2911);
#2909 = CARTESIAN_POINT('',(-8.1,42.45,-1.1));
#2910 = DIRECTION('',(0.,0.,1.));
#2911 = DIRECTION('',(1.,0.,0.));
#2912 = ORIENTED_EDGE('',*,*,#2850,.F.);
#2913 = ORIENTED_EDGE('',*,*,#909,.F.);
#2914 = CYLINDRICAL_SURFACE('',#2915,0.4);
#2915 = AXIS2_PLACEMENT_3D('',#2916,#2917,#2918);
#2916 = CARTESIAN_POINT('',(-8.1,42.45,0.));
#2917 = DIRECTION('',(0.,0.,1.));
#2918 = DIRECTION('',(1.,0.,0.));
#2919 = ADVANCED_FACE('',(#2920),#2939,.F.);
#2920 = FACE_BOUND('',#2921,.F.);
#2921 = EDGE_LOOP('',(#2922,#2923,#2932,#2938));
#2922 = ORIENTED_EDGE('',*,*,#2883,.T.);
#2923 = ORIENTED_EDGE('',*,*,#2924,.T.);
#2924 = EDGE_CURVE('',#2876,#2925,#2927,.T.);
#2925 = VERTEX_POINT('',#2926);
#2926 = CARTESIAN_POINT('',(-7.7,39.25,-1.1));
#2927 = CIRCLE('',#2928,0.4);
#2928 = AXIS2_PLACEMENT_3D('',#2929,#2930,#2931);
#2929 = CARTESIAN_POINT('',(-8.1,39.25,-1.1));
#2930 = DIRECTION('',(0.,0.,1.));
#2931 = DIRECTION('',(1.,0.,0.));
#2932 = ORIENTED_EDGE('',*,*,#2933,.F.);
#2933 = EDGE_CURVE('',#919,#2925,#2934,.T.);
#2934 = LINE('',#2935,#2936);
#2935 = CARTESIAN_POINT('',(-7.7,39.25,0.));
#2936 = VECTOR('',#2937,1.);
#2937 = DIRECTION('',(-0.,-0.,-1.));
#2938 = ORIENTED_EDGE('',*,*,#926,.F.);
#2939 = CYLINDRICAL_SURFACE('',#2940,0.4);
#2940 = AXIS2_PLACEMENT_3D('',#2941,#2942,#2943);
#2941 = CARTESIAN_POINT('',(-8.1,39.25,0.));
#2942 = DIRECTION('',(0.,0.,1.));
#2943 = DIRECTION('',(1.,0.,0.));
#2944 = ADVANCED_FACE('',(#2945),#2956,.F.);
#2945 = FACE_BOUND('',#2946,.F.);
#2946 = EDGE_LOOP('',(#2947,#2948,#2954,#2955));
#2947 = ORIENTED_EDGE('',*,*,#2933,.T.);
#2948 = ORIENTED_EDGE('',*,*,#2949,.T.);
#2949 = EDGE_CURVE('',#2925,#2899,#2950,.T.);
#2950 = LINE('',#2951,#2952);
#2951 = CARTESIAN_POINT('',(-7.7,39.25,-1.1));
#2952 = VECTOR('',#2953,1.);
#2953 = DIRECTION('',(0.,1.,0.));
#2954 = ORIENTED_EDGE('',*,*,#2898,.F.);
#2955 = ORIENTED_EDGE('',*,*,#918,.F.);
#2956 = PLANE('',#2957);
#2957 = AXIS2_PLACEMENT_3D('',#2958,#2959,#2960);
#2958 = CARTESIAN_POINT('',(-7.7,39.25,0.));
#2959 = DIRECTION('',(1.,0.,0.));
#2960 = DIRECTION('',(0.,1.,0.));
#2961 = ADVANCED_FACE('',(#2962),#2987,.F.);
#2962 = FACE_BOUND('',#2963,.F.);
#2963 = EDGE_LOOP('',(#2964,#2972,#2980,#2986));
#2964 = ORIENTED_EDGE('',*,*,#2965,.T.);
#2965 = EDGE_CURVE('',#953,#2966,#2968,.T.);
#2966 = VERTEX_POINT('',#2967);
#2967 = CARTESIAN_POINT('',(-15.7,46.35,-1.1));
#2968 = LINE('',#2969,#2970);
#2969 = CARTESIAN_POINT('',(-15.7,46.35,0.));
#2970 = VECTOR('',#2971,1.);
#2971 = DIRECTION('',(-0.,-0.,-1.));
#2972 = ORIENTED_EDGE('',*,*,#2973,.T.);
#2973 = EDGE_CURVE('',#2966,#2974,#2976,.T.);
#2974 = VERTEX_POINT('',#2975);
#2975 = CARTESIAN_POINT('',(-15.7,38.35,-1.1));
#2976 = LINE('',#2977,#2978);
#2977 = CARTESIAN_POINT('',(-15.7,46.35,-1.1));
#2978 = VECTOR('',#2979,1.);
#2979 = DIRECTION('',(0.,-1.,0.));
#2980 = ORIENTED_EDGE('',*,*,#2981,.F.);
#2981 = EDGE_CURVE('',#955,#2974,#2982,.T.);
#2982 = LINE('',#2983,#2984);
#2983 = CARTESIAN_POINT('',(-15.7,38.35,0.));
#2984 = VECTOR('',#2985,1.);
#2985 = DIRECTION('',(-0.,-0.,-1.));
#2986 = ORIENTED_EDGE('',*,*,#952,.F.);
#2987 = PLANE('',#2988);
#2988 = AXIS2_PLACEMENT_3D('',#2989,#2990,#2991);
#2989 = CARTESIAN_POINT('',(-15.7,46.35,0.));
#2990 = DIRECTION('',(-1.,0.,0.));
#2991 = DIRECTION('',(0.,-1.,0.));
#2992 = ADVANCED_FACE('',(#2993),#3012,.F.);
#2993 = FACE_BOUND('',#2994,.F.);
#2994 = EDGE_LOOP('',(#2995,#3003,#3010,#3011));
#2995 = ORIENTED_EDGE('',*,*,#2996,.T.);
#2996 = EDGE_CURVE('',#963,#2997,#2999,.T.);
#2997 = VERTEX_POINT('',#2998);
#2998 = CARTESIAN_POINT('',(-15.2,46.85,-1.1));
#2999 = LINE('',#3000,#3001);
#3000 = CARTESIAN_POINT('',(-15.2,46.85,0.));
#3001 = VECTOR('',#3002,1.);
#3002 = DIRECTION('',(-0.,-0.,-1.));
#3003 = ORIENTED_EDGE('',*,*,#3004,.T.);
#3004 = EDGE_CURVE('',#2997,#2966,#3005,.T.);
#3005 = CIRCLE('',#3006,0.5);
#3006 = AXIS2_PLACEMENT_3D('',#3007,#3008,#3009);
#3007 = CARTESIAN_POINT('',(-15.2,46.35,-1.1));
#3008 = DIRECTION('',(0.,0.,1.));
#3009 = DIRECTION('',(1.,0.,0.));
#3010 = ORIENTED_EDGE('',*,*,#2965,.F.);
#3011 = ORIENTED_EDGE('',*,*,#962,.F.);
#3012 = CYLINDRICAL_SURFACE('',#3013,0.5);
#3013 = AXIS2_PLACEMENT_3D('',#3014,#3015,#3016);
#3014 = CARTESIAN_POINT('',(-15.2,46.35,0.));
#3015 = DIRECTION('',(0.,0.,1.));
#3016 = DIRECTION('',(1.,0.,0.));
#3017 = ADVANCED_FACE('',(#3018),#3037,.F.);
#3018 = FACE_BOUND('',#3019,.F.);
#3019 = EDGE_LOOP('',(#3020,#3021,#3030,#3036));
#3020 = ORIENTED_EDGE('',*,*,#2981,.T.);
#3021 = ORIENTED_EDGE('',*,*,#3022,.T.);
#3022 = EDGE_CURVE('',#2974,#3023,#3025,.T.);
#3023 = VERTEX_POINT('',#3024);
#3024 = CARTESIAN_POINT('',(-15.2,37.85,-1.1));
#3025 = CIRCLE('',#3026,0.5);
#3026 = AXIS2_PLACEMENT_3D('',#3027,#3028,#3029);
#3027 = CARTESIAN_POINT('',(-15.2,38.35,-1.1));
#3028 = DIRECTION('',(0.,0.,1.));
#3029 = DIRECTION('',(1.,0.,0.));
#3030 = ORIENTED_EDGE('',*,*,#3031,.F.);
#3031 = EDGE_CURVE('',#1006,#3023,#3032,.T.);
#3032 = LINE('',#3033,#3034);
#3033 = CARTESIAN_POINT('',(-15.2,37.85,0.));
#3034 = VECTOR('',#3035,1.);
#3035 = DIRECTION('',(-0.,-0.,-1.));
#3036 = ORIENTED_EDGE('',*,*,#1013,.F.);
#3037 = CYLINDRICAL_SURFACE('',#3038,0.5);
#3038 = AXIS2_PLACEMENT_3D('',#3039,#3040,#3041);
#3039 = CARTESIAN_POINT('',(-15.2,38.35,0.));
#3040 = DIRECTION('',(0.,0.,1.));
#3041 = DIRECTION('',(1.,0.,0.));
#3042 = ADVANCED_FACE('',(#3043),#3061,.F.);
#3043 = FACE_BOUND('',#3044,.F.);
#3044 = EDGE_LOOP('',(#3045,#3053,#3059,#3060));
#3045 = ORIENTED_EDGE('',*,*,#3046,.T.);
#3046 = EDGE_CURVE('',#972,#3047,#3049,.T.);
#3047 = VERTEX_POINT('',#3048);
#3048 = CARTESIAN_POINT('',(-14.8,46.85,-1.1));
#3049 = LINE('',#3050,#3051);
#3050 = CARTESIAN_POINT('',(-14.8,46.85,0.));
#3051 = VECTOR('',#3052,1.);
#3052 = DIRECTION('',(-0.,-0.,-1.));
#3053 = ORIENTED_EDGE('',*,*,#3054,.T.);
#3054 = EDGE_CURVE('',#3047,#2997,#3055,.T.);
#3055 = LINE('',#3056,#3057);
#3056 = CARTESIAN_POINT('',(-14.8,46.85,-1.1));
#3057 = VECTOR('',#3058,1.);
#3058 = DIRECTION('',(-1.,0.,0.));
#3059 = ORIENTED_EDGE('',*,*,#2996,.F.);
#3060 = ORIENTED_EDGE('',*,*,#971,.F.);
#3061 = PLANE('',#3062);
#3062 = AXIS2_PLACEMENT_3D('',#3063,#3064,#3065);
#3063 = CARTESIAN_POINT('',(-14.8,46.85,0.));
#3064 = DIRECTION('',(0.,1.,0.));
#3065 = DIRECTION('',(-1.,0.,0.));
#3066 = ADVANCED_FACE('',(#3067),#3085,.F.);
#3067 = FACE_BOUND('',#3068,.F.);
#3068 = EDGE_LOOP('',(#3069,#3070,#3078,#3084));
#3069 = ORIENTED_EDGE('',*,*,#3031,.T.);
#3070 = ORIENTED_EDGE('',*,*,#3071,.T.);
#3071 = EDGE_CURVE('',#3023,#3072,#3074,.T.);
#3072 = VERTEX_POINT('',#3073);
#3073 = CARTESIAN_POINT('',(-14.8,37.85,-1.1));
#3074 = LINE('',#3075,#3076);
#3075 = CARTESIAN_POINT('',(-15.2,37.85,-1.1));
#3076 = VECTOR('',#3077,1.);
#3077 = DIRECTION('',(1.,0.,0.));
#3078 = ORIENTED_EDGE('',*,*,#3079,.F.);
#3079 = EDGE_CURVE('',#997,#3072,#3080,.T.);
#3080 = LINE('',#3081,#3082);
#3081 = CARTESIAN_POINT('',(-14.8,37.85,0.));
#3082 = VECTOR('',#3083,1.);
#3083 = DIRECTION('',(-0.,-0.,-1.));
#3084 = ORIENTED_EDGE('',*,*,#1005,.F.);
#3085 = PLANE('',#3086);
#3086 = AXIS2_PLACEMENT_3D('',#3087,#3088,#3089);
#3087 = CARTESIAN_POINT('',(-15.2,37.85,0.));
#3088 = DIRECTION('',(0.,-1.,0.));
#3089 = DIRECTION('',(1.,0.,0.));
#3090 = ADVANCED_FACE('',(#3091),#3110,.F.);
#3091 = FACE_BOUND('',#3092,.F.);
#3092 = EDGE_LOOP('',(#3093,#3101,#3108,#3109));
#3093 = ORIENTED_EDGE('',*,*,#3094,.T.);
#3094 = EDGE_CURVE('',#980,#3095,#3097,.T.);
#3095 = VERTEX_POINT('',#3096);
#3096 = CARTESIAN_POINT('',(-14.3,46.35,-1.1));
#3097 = LINE('',#3098,#3099);
#3098 = CARTESIAN_POINT('',(-14.3,46.35,0.));
#3099 = VECTOR('',#3100,1.);
#3100 = DIRECTION('',(-0.,-0.,-1.));
#3101 = ORIENTED_EDGE('',*,*,#3102,.T.);
#3102 = EDGE_CURVE('',#3095,#3047,#3103,.T.);
#3103 = CIRCLE('',#3104,0.5);
#3104 = AXIS2_PLACEMENT_3D('',#3105,#3106,#3107);
#3105 = CARTESIAN_POINT('',(-14.8,46.35,-1.1));
#3106 = DIRECTION('',(0.,0.,1.));
#3107 = DIRECTION('',(1.,0.,0.));
#3108 = ORIENTED_EDGE('',*,*,#3046,.F.);
#3109 = ORIENTED_EDGE('',*,*,#979,.F.);
#3110 = CYLINDRICAL_SURFACE('',#3111,0.5);
#3111 = AXIS2_PLACEMENT_3D('',#3112,#3113,#3114);
#3112 = CARTESIAN_POINT('',(-14.8,46.35,0.));
#3113 = DIRECTION('',(0.,0.,1.));
#3114 = DIRECTION('',(1.,0.,0.));
#3115 = ADVANCED_FACE('',(#3116),#3135,.F.);
#3116 = FACE_BOUND('',#3117,.F.);
#3117 = EDGE_LOOP('',(#3118,#3119,#3128,#3134));
#3118 = ORIENTED_EDGE('',*,*,#3079,.T.);
#3119 = ORIENTED_EDGE('',*,*,#3120,.T.);
#3120 = EDGE_CURVE('',#3072,#3121,#3123,.T.);
#3121 = VERTEX_POINT('',#3122);
#3122 = CARTESIAN_POINT('',(-14.3,38.35,-1.1));
#3123 = CIRCLE('',#3124,0.5);
#3124 = AXIS2_PLACEMENT_3D('',#3125,#3126,#3127);
#3125 = CARTESIAN_POINT('',(-14.8,38.35,-1.1));
#3126 = DIRECTION('',(0.,0.,1.));
#3127 = DIRECTION('',(1.,0.,0.));
#3128 = ORIENTED_EDGE('',*,*,#3129,.F.);
#3129 = EDGE_CURVE('',#989,#3121,#3130,.T.);
#3130 = LINE('',#3131,#3132);
#3131 = CARTESIAN_POINT('',(-14.3,38.35,0.));
#3132 = VECTOR('',#3133,1.);
#3133 = DIRECTION('',(-0.,-0.,-1.));
#3134 = ORIENTED_EDGE('',*,*,#996,.F.);
#3135 = CYLINDRICAL_SURFACE('',#3136,0.5);
#3136 = AXIS2_PLACEMENT_3D('',#3137,#3138,#3139);
#3137 = CARTESIAN_POINT('',(-14.8,38.35,0.));
#3138 = DIRECTION('',(0.,0.,1.));
#3139 = DIRECTION('',(1.,0.,0.));
#3140 = ADVANCED_FACE('',(#3141),#3152,.F.);
#3141 = FACE_BOUND('',#3142,.F.);
#3142 = EDGE_LOOP('',(#3143,#3144,#3150,#3151));
#3143 = ORIENTED_EDGE('',*,*,#3129,.T.);
#3144 = ORIENTED_EDGE('',*,*,#3145,.T.);
#3145 = EDGE_CURVE('',#3121,#3095,#3146,.T.);
#3146 = LINE('',#3147,#3148);
#3147 = CARTESIAN_POINT('',(-14.3,38.35,-1.1));
#3148 = VECTOR('',#3149,1.);
#3149 = DIRECTION('',(0.,1.,0.));
#3150 = ORIENTED_EDGE('',*,*,#3094,.F.);
#3151 = ORIENTED_EDGE('',*,*,#988,.F.);
#3152 = PLANE('',#3153);
#3153 = AXIS2_PLACEMENT_3D('',#3154,#3155,#3156);
#3154 = CARTESIAN_POINT('',(-14.3,38.35,0.));
#3155 = DIRECTION('',(1.,0.,0.));
#3156 = DIRECTION('',(0.,1.,0.));
#3157 = ADVANCED_FACE('',(#3158),#3183,.F.);
#3158 = FACE_BOUND('',#3159,.F.);
#3159 = EDGE_LOOP('',(#3160,#3168,#3176,#3182));
#3160 = ORIENTED_EDGE('',*,*,#3161,.T.);
#3161 = EDGE_CURVE('',#1023,#3162,#3164,.T.);
#3162 = VERTEX_POINT('',#3163);
#3163 = CARTESIAN_POINT('',(-12.3,44.35,-1.1));
#3164 = LINE('',#3165,#3166);
#3165 = CARTESIAN_POINT('',(-12.3,44.35,0.));
#3166 = VECTOR('',#3167,1.);
#3167 = DIRECTION('',(-0.,-0.,-1.));
#3168 = ORIENTED_EDGE('',*,*,#3169,.T.);
#3169 = EDGE_CURVE('',#3162,#3170,#3172,.T.);
#3170 = VERTEX_POINT('',#3171);
#3171 = CARTESIAN_POINT('',(-12.3,39.35,-1.1));
#3172 = LINE('',#3173,#3174);
#3173 = CARTESIAN_POINT('',(-12.3,44.35,-1.1));
#3174 = VECTOR('',#3175,1.);
#3175 = DIRECTION('',(0.,-1.,0.));
#3176 = ORIENTED_EDGE('',*,*,#3177,.F.);
#3177 = EDGE_CURVE('',#1025,#3170,#3178,.T.);
#3178 = LINE('',#3179,#3180);
#3179 = CARTESIAN_POINT('',(-12.3,39.35,0.));
#3180 = VECTOR('',#3181,1.);
#3181 = DIRECTION('',(-0.,-0.,-1.));
#3182 = ORIENTED_EDGE('',*,*,#1022,.F.);
#3183 = PLANE('',#3184);
#3184 = AXIS2_PLACEMENT_3D('',#3185,#3186,#3187);
#3185 = CARTESIAN_POINT('',(-12.3,44.35,0.));
#3186 = DIRECTION('',(-1.,0.,0.));
#3187 = DIRECTION('',(0.,-1.,0.));
#3188 = ADVANCED_FACE('',(#3189),#3208,.F.);
#3189 = FACE_BOUND('',#3190,.F.);
#3190 = EDGE_LOOP('',(#3191,#3199,#3206,#3207));
#3191 = ORIENTED_EDGE('',*,*,#3192,.T.);
#3192 = EDGE_CURVE('',#1033,#3193,#3195,.T.);
#3193 = VERTEX_POINT('',#3194);
#3194 = CARTESIAN_POINT('',(-11.8,44.85,-1.1));
#3195 = LINE('',#3196,#3197);
#3196 = CARTESIAN_POINT('',(-11.8,44.85,0.));
#3197 = VECTOR('',#3198,1.);
#3198 = DIRECTION('',(-0.,-0.,-1.));
#3199 = ORIENTED_EDGE('',*,*,#3200,.T.);
#3200 = EDGE_CURVE('',#3193,#3162,#3201,.T.);
#3201 = CIRCLE('',#3202,0.5);
#3202 = AXIS2_PLACEMENT_3D('',#3203,#3204,#3205);
#3203 = CARTESIAN_POINT('',(-11.8,44.35,-1.1));
#3204 = DIRECTION('',(0.,0.,1.));
#3205 = DIRECTION('',(1.,0.,0.));
#3206 = ORIENTED_EDGE('',*,*,#3161,.F.);
#3207 = ORIENTED_EDGE('',*,*,#1032,.F.);
#3208 = CYLINDRICAL_SURFACE('',#3209,0.5);
#3209 = AXIS2_PLACEMENT_3D('',#3210,#3211,#3212);
#3210 = CARTESIAN_POINT('',(-11.8,44.35,0.));
#3211 = DIRECTION('',(0.,0.,1.));
#3212 = DIRECTION('',(1.,0.,0.));
#3213 = ADVANCED_FACE('',(#3214),#3233,.F.);
#3214 = FACE_BOUND('',#3215,.F.);
#3215 = EDGE_LOOP('',(#3216,#3217,#3226,#3232));
#3216 = ORIENTED_EDGE('',*,*,#3177,.T.);
#3217 = ORIENTED_EDGE('',*,*,#3218,.T.);
#3218 = EDGE_CURVE('',#3170,#3219,#3221,.T.);
#3219 = VERTEX_POINT('',#3220);
#3220 = CARTESIAN_POINT('',(-11.8,38.85,-1.1));
#3221 = CIRCLE('',#3222,0.5);
#3222 = AXIS2_PLACEMENT_3D('',#3223,#3224,#3225);
#3223 = CARTESIAN_POINT('',(-11.8,39.35,-1.1));
#3224 = DIRECTION('',(0.,0.,1.));
#3225 = DIRECTION('',(1.,0.,0.));
#3226 = ORIENTED_EDGE('',*,*,#3227,.F.);
#3227 = EDGE_CURVE('',#1076,#3219,#3228,.T.);
#3228 = LINE('',#3229,#3230);
#3229 = CARTESIAN_POINT('',(-11.8,38.85,0.));
#3230 = VECTOR('',#3231,1.);
#3231 = DIRECTION('',(-0.,-0.,-1.));
#3232 = ORIENTED_EDGE('',*,*,#1083,.F.);
#3233 = CYLINDRICAL_SURFACE('',#3234,0.5);
#3234 = AXIS2_PLACEMENT_3D('',#3235,#3236,#3237);
#3235 = CARTESIAN_POINT('',(-11.8,39.35,0.));
#3236 = DIRECTION('',(0.,0.,1.));
#3237 = DIRECTION('',(1.,0.,0.));
#3238 = ADVANCED_FACE('',(#3239),#3257,.F.);
#3239 = FACE_BOUND('',#3240,.F.);
#3240 = EDGE_LOOP('',(#3241,#3249,#3255,#3256));
#3241 = ORIENTED_EDGE('',*,*,#3242,.T.);
#3242 = EDGE_CURVE('',#1042,#3243,#3245,.T.);
#3243 = VERTEX_POINT('',#3244);
#3244 = CARTESIAN_POINT('',(-11.4,44.85,-1.1));
#3245 = LINE('',#3246,#3247);
#3246 = CARTESIAN_POINT('',(-11.4,44.85,0.));
#3247 = VECTOR('',#3248,1.);
#3248 = DIRECTION('',(-0.,-0.,-1.));
#3249 = ORIENTED_EDGE('',*,*,#3250,.T.);
#3250 = EDGE_CURVE('',#3243,#3193,#3251,.T.);
#3251 = LINE('',#3252,#3253);
#3252 = CARTESIAN_POINT('',(-11.4,44.85,-1.1));
#3253 = VECTOR('',#3254,1.);
#3254 = DIRECTION('',(-1.,0.,0.));
#3255 = ORIENTED_EDGE('',*,*,#3192,.F.);
#3256 = ORIENTED_EDGE('',*,*,#1041,.F.);
#3257 = PLANE('',#3258);
#3258 = AXIS2_PLACEMENT_3D('',#3259,#3260,#3261);
#3259 = CARTESIAN_POINT('',(-11.4,44.85,0.));
#3260 = DIRECTION('',(0.,1.,0.));
#3261 = DIRECTION('',(-1.,0.,0.));
#3262 = ADVANCED_FACE('',(#3263),#3281,.F.);
#3263 = FACE_BOUND('',#3264,.F.);
#3264 = EDGE_LOOP('',(#3265,#3266,#3274,#3280));
#3265 = ORIENTED_EDGE('',*,*,#3227,.T.);
#3266 = ORIENTED_EDGE('',*,*,#3267,.T.);
#3267 = EDGE_CURVE('',#3219,#3268,#3270,.T.);
#3268 = VERTEX_POINT('',#3269);
#3269 = CARTESIAN_POINT('',(-11.4,38.85,-1.1));
#3270 = LINE('',#3271,#3272);
#3271 = CARTESIAN_POINT('',(-11.8,38.85,-1.1));
#3272 = VECTOR('',#3273,1.);
#3273 = DIRECTION('',(1.,0.,0.));
#3274 = ORIENTED_EDGE('',*,*,#3275,.F.);
#3275 = EDGE_CURVE('',#1067,#3268,#3276,.T.);
#3276 = LINE('',#3277,#3278);
#3277 = CARTESIAN_POINT('',(-11.4,38.85,0.));
#3278 = VECTOR('',#3279,1.);
#3279 = DIRECTION('',(-0.,-0.,-1.));
#3280 = ORIENTED_EDGE('',*,*,#1075,.F.);
#3281 = PLANE('',#3282);
#3282 = AXIS2_PLACEMENT_3D('',#3283,#3284,#3285);
#3283 = CARTESIAN_POINT('',(-11.8,38.85,0.));
#3284 = DIRECTION('',(0.,-1.,0.));
#3285 = DIRECTION('',(1.,0.,0.));
#3286 = ADVANCED_FACE('',(#3287),#3306,.F.);
#3287 = FACE_BOUND('',#3288,.F.);
#3288 = EDGE_LOOP('',(#3289,#3297,#3304,#3305));
#3289 = ORIENTED_EDGE('',*,*,#3290,.T.);
#3290 = EDGE_CURVE('',#1050,#3291,#3293,.T.);
#3291 = VERTEX_POINT('',#3292);
#3292 = CARTESIAN_POINT('',(-10.9,44.35,-1.1));
#3293 = LINE('',#3294,#3295);
#3294 = CARTESIAN_POINT('',(-10.9,44.35,0.));
#3295 = VECTOR('',#3296,1.);
#3296 = DIRECTION('',(-0.,-0.,-1.));
#3297 = ORIENTED_EDGE('',*,*,#3298,.T.);
#3298 = EDGE_CURVE('',#3291,#3243,#3299,.T.);
#3299 = CIRCLE('',#3300,0.5);
#3300 = AXIS2_PLACEMENT_3D('',#3301,#3302,#3303);
#3301 = CARTESIAN_POINT('',(-11.4,44.35,-1.1));
#3302 = DIRECTION('',(0.,0.,1.));
#3303 = DIRECTION('',(1.,0.,0.));
#3304 = ORIENTED_EDGE('',*,*,#3242,.F.);
#3305 = ORIENTED_EDGE('',*,*,#1049,.F.);
#3306 = CYLINDRICAL_SURFACE('',#3307,0.5);
#3307 = AXIS2_PLACEMENT_3D('',#3308,#3309,#3310);
#3308 = CARTESIAN_POINT('',(-11.4,44.35,0.));
#3309 = DIRECTION('',(0.,0.,1.));
#3310 = DIRECTION('',(1.,0.,0.));
#3311 = ADVANCED_FACE('',(#3312),#3331,.F.);
#3312 = FACE_BOUND('',#3313,.F.);
#3313 = EDGE_LOOP('',(#3314,#3315,#3324,#3330));
#3314 = ORIENTED_EDGE('',*,*,#3275,.T.);
#3315 = ORIENTED_EDGE('',*,*,#3316,.T.);
#3316 = EDGE_CURVE('',#3268,#3317,#3319,.T.);
#3317 = VERTEX_POINT('',#3318);
#3318 = CARTESIAN_POINT('',(-10.9,39.35,-1.1));
#3319 = CIRCLE('',#3320,0.5);
#3320 = AXIS2_PLACEMENT_3D('',#3321,#3322,#3323);
#3321 = CARTESIAN_POINT('',(-11.4,39.35,-1.1));
#3322 = DIRECTION('',(0.,0.,1.));
#3323 = DIRECTION('',(1.,0.,0.));
#3324 = ORIENTED_EDGE('',*,*,#3325,.F.);
#3325 = EDGE_CURVE('',#1059,#3317,#3326,.T.);
#3326 = LINE('',#3327,#3328);
#3327 = CARTESIAN_POINT('',(-10.9,39.35,0.));
#3328 = VECTOR('',#3329,1.);
#3329 = DIRECTION('',(-0.,-0.,-1.));
#3330 = ORIENTED_EDGE('',*,*,#1066,.F.);
#3331 = CYLINDRICAL_SURFACE('',#3332,0.5);
#3332 = AXIS2_PLACEMENT_3D('',#3333,#3334,#3335);
#3333 = CARTESIAN_POINT('',(-11.4,39.35,0.));
#3334 = DIRECTION('',(0.,0.,1.));
#3335 = DIRECTION('',(1.,0.,0.));
#3336 = ADVANCED_FACE('',(#3337),#3348,.F.);
#3337 = FACE_BOUND('',#3338,.F.);
#3338 = EDGE_LOOP('',(#3339,#3340,#3346,#3347));
#3339 = ORIENTED_EDGE('',*,*,#3325,.T.);
#3340 = ORIENTED_EDGE('',*,*,#3341,.T.);
#3341 = EDGE_CURVE('',#3317,#3291,#3342,.T.);
#3342 = LINE('',#3343,#3344);
#3343 = CARTESIAN_POINT('',(-10.9,39.35,-1.1));
#3344 = VECTOR('',#3345,1.);
#3345 = DIRECTION('',(0.,1.,0.));
#3346 = ORIENTED_EDGE('',*,*,#3290,.F.);
#3347 = ORIENTED_EDGE('',*,*,#1058,.F.);
#3348 = PLANE('',#3349);
#3349 = AXIS2_PLACEMENT_3D('',#3350,#3351,#3352);
#3350 = CARTESIAN_POINT('',(-10.9,39.35,0.));
#3351 = DIRECTION('',(1.,0.,0.));
#3352 = DIRECTION('',(0.,1.,0.));
#3353 = ADVANCED_FACE('',(#3354),#3402,.T.);
#3354 = FACE_BOUND('',#3355,.T.);
#3355 = EDGE_LOOP('',(#3356,#3364,#3365,#3373,#3381,#3387,#3388,#3396));
#3356 = ORIENTED_EDGE('',*,*,#3357,.F.);
#3357 = EDGE_CURVE('',#1093,#3358,#3360,.T.);
#3358 = VERTEX_POINT('',#3359);
#3359 = CARTESIAN_POINT('',(30.4,1.5,-1.));
#3360 = LINE('',#3361,#3362);
#3361 = CARTESIAN_POINT('',(30.4,1.5,0.));
#3362 = VECTOR('',#3363,1.);
#3363 = DIRECTION('',(-0.,-0.,-1.));
#3364 = ORIENTED_EDGE('',*,*,#1092,.T.);
#3365 = ORIENTED_EDGE('',*,*,#3366,.T.);
#3366 = EDGE_CURVE('',#1095,#3367,#3369,.T.);
#3367 = VERTEX_POINT('',#3368);
#3368 = CARTESIAN_POINT('',(30.75,1.5,-2.2));
#3369 = LINE('',#3370,#3371);
#3370 = CARTESIAN_POINT('',(30.75,1.5,0.));
#3371 = VECTOR('',#3372,1.);
#3372 = DIRECTION('',(-0.,-0.,-1.));
#3373 = ORIENTED_EDGE('',*,*,#3374,.T.);
#3374 = EDGE_CURVE('',#3367,#3375,#3377,.T.);
#3375 = VERTEX_POINT('',#3376);
#3376 = CARTESIAN_POINT('',(-30.75,1.5,-2.2));
#3377 = LINE('',#3378,#3379);
#3378 = CARTESIAN_POINT('',(-30.4,1.5,-2.2));
#3379 = VECTOR('',#3380,1.);
#3380 = DIRECTION('',(-1.,0.,0.));
#3381 = ORIENTED_EDGE('',*,*,#3382,.F.);
#3382 = EDGE_CURVE('',#1145,#3375,#3383,.T.);
#3383 = LINE('',#3384,#3385);
#3384 = CARTESIAN_POINT('',(-30.75,1.5,0.));
#3385 = VECTOR('',#3386,1.);
#3386 = DIRECTION('',(-0.,-0.,-1.));
#3387 = ORIENTED_EDGE('',*,*,#1144,.F.);
#3388 = ORIENTED_EDGE('',*,*,#3389,.T.);
#3389 = EDGE_CURVE('',#1137,#3390,#3392,.T.);
#3390 = VERTEX_POINT('',#3391);
#3391 = CARTESIAN_POINT('',(-30.4,1.5,-1.));
#3392 = LINE('',#3393,#3394);
#3393 = CARTESIAN_POINT('',(-30.4,1.5,0.));
#3394 = VECTOR('',#3395,1.);
#3395 = DIRECTION('',(-0.,-0.,-1.));
#3396 = ORIENTED_EDGE('',*,*,#3397,.T.);
#3397 = EDGE_CURVE('',#3390,#3358,#3398,.T.);
#3398 = LINE('',#3399,#3400);
#3399 = CARTESIAN_POINT('',(-30.4,1.5,-1.));
#3400 = VECTOR('',#3401,1.);
#3401 = DIRECTION('',(1.,0.,0.));
#3402 = PLANE('',#3403);
#3403 = AXIS2_PLACEMENT_3D('',#3404,#3405,#3406);
#3404 = CARTESIAN_POINT('',(-9.664259775408E-14,1.5,-1.560587326121));
#3405 = DIRECTION('',(0.,1.,-1.790940015424E-15));
#3406 = DIRECTION('',(0.,1.790940015424E-15,1.));
#3407 = ADVANCED_FACE('',(#3408),#3426,.F.);
#3408 = FACE_BOUND('',#3409,.F.);
#3409 = EDGE_LOOP('',(#3410,#3411,#3419,#3425));
#3410 = ORIENTED_EDGE('',*,*,#3366,.T.);
#3411 = ORIENTED_EDGE('',*,*,#3412,.T.);
#3412 = EDGE_CURVE('',#3367,#3413,#3415,.T.);
#3413 = VERTEX_POINT('',#3414);
#3414 = CARTESIAN_POINT('',(30.75,26.3,-2.2));
#3415 = LINE('',#3416,#3417);
#3416 = CARTESIAN_POINT('',(30.75,1.5,-2.2));
#3417 = VECTOR('',#3418,1.);
#3418 = DIRECTION('',(0.,1.,0.));
#3419 = ORIENTED_EDGE('',*,*,#3420,.F.);
#3420 = EDGE_CURVE('',#1178,#3413,#3421,.T.);
#3421 = LINE('',#3422,#3423);
#3422 = CARTESIAN_POINT('',(30.75,26.3,0.));
#3423 = VECTOR('',#3424,1.);
#3424 = DIRECTION('',(-0.,-0.,-1.));
#3425 = ORIENTED_EDGE('',*,*,#1186,.F.);
#3426 = PLANE('',#3427);
#3427 = AXIS2_PLACEMENT_3D('',#3428,#3429,#3430);
#3428 = CARTESIAN_POINT('',(30.75,1.5,0.));
#3429 = DIRECTION('',(1.,0.,0.));
#3430 = DIRECTION('',(0.,1.,0.));
#3431 = ADVANCED_FACE('',(#3432),#3451,.F.);
#3432 = FACE_BOUND('',#3433,.F.);
#3433 = EDGE_LOOP('',(#3434,#3435,#3444,#3450));
#3434 = ORIENTED_EDGE('',*,*,#3420,.T.);
#3435 = ORIENTED_EDGE('',*,*,#3436,.T.);
#3436 = EDGE_CURVE('',#3413,#3437,#3439,.T.);
#3437 = VERTEX_POINT('',#3438);
#3438 = CARTESIAN_POINT('',(19.55,37.5,-2.2));
#3439 = CIRCLE('',#3440,11.2);
#3440 = AXIS2_PLACEMENT_3D('',#3441,#3442,#3443);
#3441 = CARTESIAN_POINT('',(19.55,26.3,-2.2));
#3442 = DIRECTION('',(0.,0.,1.));
#3443 = DIRECTION('',(1.,0.,0.));
#3444 = ORIENTED_EDGE('',*,*,#3445,.F.);
#3445 = EDGE_CURVE('',#1170,#3437,#3446,.T.);
#3446 = LINE('',#3447,#3448);
#3447 = CARTESIAN_POINT('',(19.55,37.5,0.));
#3448 = VECTOR('',#3449,1.);
#3449 = DIRECTION('',(-0.,-0.,-1.));
#3450 = ORIENTED_EDGE('',*,*,#1177,.F.);
#3451 = CYLINDRICAL_SURFACE('',#3452,11.2);
#3452 = AXIS2_PLACEMENT_3D('',#3453,#3454,#3455);
#3453 = CARTESIAN_POINT('',(19.55,26.3,0.));
#3454 = DIRECTION('',(0.,0.,1.));
#3455 = DIRECTION('',(1.,0.,0.));
#3456 = ADVANCED_FACE('',(#3457),#3475,.F.);
#3457 = FACE_BOUND('',#3458,.F.);
#3458 = EDGE_LOOP('',(#3459,#3460,#3468,#3474));
#3459 = ORIENTED_EDGE('',*,*,#3445,.T.);
#3460 = ORIENTED_EDGE('',*,*,#3461,.T.);
#3461 = EDGE_CURVE('',#3437,#3462,#3464,.T.);
#3462 = VERTEX_POINT('',#3463);
#3463 = CARTESIAN_POINT('',(-19.55,37.5,-2.2));
#3464 = LINE('',#3465,#3466);
#3465 = CARTESIAN_POINT('',(19.55,37.5,-2.2));
#3466 = VECTOR('',#3467,1.);
#3467 = DIRECTION('',(-1.,0.,0.));
#3468 = ORIENTED_EDGE('',*,*,#3469,.F.);
#3469 = EDGE_CURVE('',#1161,#3462,#3470,.T.);
#3470 = LINE('',#3471,#3472);
#3471 = CARTESIAN_POINT('',(-19.55,37.5,0.));
#3472 = VECTOR('',#3473,1.);
#3473 = DIRECTION('',(-0.,-0.,-1.));
#3474 = ORIENTED_EDGE('',*,*,#1169,.F.);
#3475 = PLANE('',#3476);
#3476 = AXIS2_PLACEMENT_3D('',#3477,#3478,#3479);
#3477 = CARTESIAN_POINT('',(19.55,37.5,0.));
#3478 = DIRECTION('',(0.,1.,0.));
#3479 = DIRECTION('',(-1.,0.,0.));
#3480 = ADVANCED_FACE('',(#3481),#3500,.F.);
#3481 = FACE_BOUND('',#3482,.F.);
#3482 = EDGE_LOOP('',(#3483,#3484,#3493,#3499));
#3483 = ORIENTED_EDGE('',*,*,#3469,.T.);
#3484 = ORIENTED_EDGE('',*,*,#3485,.T.);
#3485 = EDGE_CURVE('',#3462,#3486,#3488,.T.);
#3486 = VERTEX_POINT('',#3487);
#3487 = CARTESIAN_POINT('',(-30.75,26.3,-2.2));
#3488 = CIRCLE('',#3489,11.2);
#3489 = AXIS2_PLACEMENT_3D('',#3490,#3491,#3492);
#3490 = CARTESIAN_POINT('',(-19.55,26.3,-2.2));
#3491 = DIRECTION('',(0.,0.,1.));
#3492 = DIRECTION('',(1.,0.,0.));
#3493 = ORIENTED_EDGE('',*,*,#3494,.F.);
#3494 = EDGE_CURVE('',#1153,#3486,#3495,.T.);
#3495 = LINE('',#3496,#3497);
#3496 = CARTESIAN_POINT('',(-30.75,26.3,0.));
#3497 = VECTOR('',#3498,1.);
#3498 = DIRECTION('',(-0.,-0.,-1.));
#3499 = ORIENTED_EDGE('',*,*,#1160,.F.);
#3500 = CYLINDRICAL_SURFACE('',#3501,11.2);
#3501 = AXIS2_PLACEMENT_3D('',#3502,#3503,#3504);
#3502 = CARTESIAN_POINT('',(-19.55,26.3,0.));
#3503 = DIRECTION('',(0.,0.,1.));
#3504 = DIRECTION('',(1.,0.,0.));
#3505 = ADVANCED_FACE('',(#3506),#3517,.F.);
#3506 = FACE_BOUND('',#3507,.F.);
#3507 = EDGE_LOOP('',(#3508,#3509,#3515,#3516));
#3508 = ORIENTED_EDGE('',*,*,#3494,.T.);
#3509 = ORIENTED_EDGE('',*,*,#3510,.T.);
#3510 = EDGE_CURVE('',#3486,#3375,#3511,.T.);
#3511 = LINE('',#3512,#3513);
#3512 = CARTESIAN_POINT('',(-30.75,26.3,-2.2));
#3513 = VECTOR('',#3514,1.);
#3514 = DIRECTION('',(0.,-1.,0.));
#3515 = ORIENTED_EDGE('',*,*,#3382,.F.);
#3516 = ORIENTED_EDGE('',*,*,#1152,.F.);
#3517 = PLANE('',#3518);
#3518 = AXIS2_PLACEMENT_3D('',#3519,#3520,#3521);
#3519 = CARTESIAN_POINT('',(-30.75,26.3,0.));
#3520 = DIRECTION('',(-1.,0.,0.));
#3521 = DIRECTION('',(0.,-1.,0.));
#3522 = ADVANCED_FACE('',(#3523),#3557,.T.);
#3523 = FACE_BOUND('',#3524,.T.);
#3524 = EDGE_LOOP('',(#3525,#3526,#3534,#3542,#3550,#3556));
#3525 = ORIENTED_EDGE('',*,*,#1136,.F.);
#3526 = ORIENTED_EDGE('',*,*,#3527,.T.);
#3527 = EDGE_CURVE('',#1128,#3528,#3530,.T.);
#3528 = VERTEX_POINT('',#3529);
#3529 = CARTESIAN_POINT('',(-30.4,26.3,-2.2));
#3530 = LINE('',#3531,#3532);
#3531 = CARTESIAN_POINT('',(-30.4,26.3,0.));
#3532 = VECTOR('',#3533,1.);
#3533 = DIRECTION('',(-0.,-0.,-1.));
#3534 = ORIENTED_EDGE('',*,*,#3535,.T.);
#3535 = EDGE_CURVE('',#3528,#3536,#3538,.T.);
#3536 = VERTEX_POINT('',#3537);
#3537 = CARTESIAN_POINT('',(-30.4,2.5,-2.2));
#3538 = LINE('',#3539,#3540);
#3539 = CARTESIAN_POINT('',(-30.4,26.3,-2.2));
#3540 = VECTOR('',#3541,1.);
#3541 = DIRECTION('',(0.,-1.,0.));
#3542 = ORIENTED_EDGE('',*,*,#3543,.T.);
#3543 = EDGE_CURVE('',#3536,#3544,#3546,.T.);
#3544 = VERTEX_POINT('',#3545);
#3545 = CARTESIAN_POINT('',(-30.4,2.5,-1.));
#3546 = LINE('',#3547,#3548);
#3547 = CARTESIAN_POINT('',(-30.4,2.5,-2.2));
#3548 = VECTOR('',#3549,1.);
#3549 = DIRECTION('',(0.,0.,1.));
#3550 = ORIENTED_EDGE('',*,*,#3551,.T.);
#3551 = EDGE_CURVE('',#3544,#3390,#3552,.T.);
#3552 = LINE('',#3553,#3554);
#3553 = CARTESIAN_POINT('',(-30.4,2.5,-1.));
#3554 = VECTOR('',#3555,1.);
#3555 = DIRECTION('',(0.,-1.,0.));
#3556 = ORIENTED_EDGE('',*,*,#3389,.F.);
#3557 = PLANE('',#3558);
#3558 = AXIS2_PLACEMENT_3D('',#3559,#3560,#3561);
#3559 = CARTESIAN_POINT('',(-30.4,26.3,0.));
#3560 = DIRECTION('',(-1.,0.,0.));
#3561 = DIRECTION('',(0.,-1.,0.));
#3562 = ADVANCED_FACE('',(#3563),#3582,.T.);
#3563 = FACE_BOUND('',#3564,.T.);
#3564 = EDGE_LOOP('',(#3565,#3573,#3580,#3581));
#3565 = ORIENTED_EDGE('',*,*,#3566,.T.);
#3566 = EDGE_CURVE('',#1120,#3567,#3569,.T.);
#3567 = VERTEX_POINT('',#3568);
#3568 = CARTESIAN_POINT('',(-19.55,37.15,-2.2));
#3569 = LINE('',#3570,#3571);
#3570 = CARTESIAN_POINT('',(-19.55,37.15,0.));
#3571 = VECTOR('',#3572,1.);
#3572 = DIRECTION('',(-0.,-0.,-1.));
#3573 = ORIENTED_EDGE('',*,*,#3574,.T.);
#3574 = EDGE_CURVE('',#3567,#3528,#3575,.T.);
#3575 = CIRCLE('',#3576,10.85);
#3576 = AXIS2_PLACEMENT_3D('',#3577,#3578,#3579);
#3577 = CARTESIAN_POINT('',(-19.55,26.3,-2.2));
#3578 = DIRECTION('',(0.,0.,1.));
#3579 = DIRECTION('',(1.,0.,0.));
#3580 = ORIENTED_EDGE('',*,*,#3527,.F.);
#3581 = ORIENTED_EDGE('',*,*,#1127,.F.);
#3582 = CYLINDRICAL_SURFACE('',#3583,10.85);
#3583 = AXIS2_PLACEMENT_3D('',#3584,#3585,#3586);
#3584 = CARTESIAN_POINT('',(-19.55,26.3,0.));
#3585 = DIRECTION('',(0.,0.,1.));
#3586 = DIRECTION('',(1.,0.,0.));
#3587 = ADVANCED_FACE('',(#3588),#3606,.T.);
#3588 = FACE_BOUND('',#3589,.T.);
#3589 = EDGE_LOOP('',(#3590,#3598,#3604,#3605));
#3590 = ORIENTED_EDGE('',*,*,#3591,.T.);
#3591 = EDGE_CURVE('',#1111,#3592,#3594,.T.);
#3592 = VERTEX_POINT('',#3593);
#3593 = CARTESIAN_POINT('',(19.55,37.15,-2.2));
#3594 = LINE('',#3595,#3596);
#3595 = CARTESIAN_POINT('',(19.55,37.15,0.));
#3596 = VECTOR('',#3597,1.);
#3597 = DIRECTION('',(-0.,-0.,-1.));
#3598 = ORIENTED_EDGE('',*,*,#3599,.T.);
#3599 = EDGE_CURVE('',#3592,#3567,#3600,.T.);
#3600 = LINE('',#3601,#3602);
#3601 = CARTESIAN_POINT('',(19.55,37.15,-2.2));
#3602 = VECTOR('',#3603,1.);
#3603 = DIRECTION('',(-1.,0.,0.));
#3604 = ORIENTED_EDGE('',*,*,#3566,.F.);
#3605 = ORIENTED_EDGE('',*,*,#1119,.F.);
#3606 = PLANE('',#3607);
#3607 = AXIS2_PLACEMENT_3D('',#3608,#3609,#3610);
#3608 = CARTESIAN_POINT('',(19.55,37.15,0.));
#3609 = DIRECTION('',(0.,1.,0.));
#3610 = DIRECTION('',(-1.,0.,0.));
#3611 = ADVANCED_FACE('',(#3612),#3631,.T.);
#3612 = FACE_BOUND('',#3613,.T.);
#3613 = EDGE_LOOP('',(#3614,#3622,#3629,#3630));
#3614 = ORIENTED_EDGE('',*,*,#3615,.T.);
#3615 = EDGE_CURVE('',#1103,#3616,#3618,.T.);
#3616 = VERTEX_POINT('',#3617);
#3617 = CARTESIAN_POINT('',(30.400000000002,26.3,-2.2));
#3618 = LINE('',#3619,#3620);
#3619 = CARTESIAN_POINT('',(30.400000000002,26.3,0.));
#3620 = VECTOR('',#3621,1.);
#3621 = DIRECTION('',(-0.,-0.,-1.));
#3622 = ORIENTED_EDGE('',*,*,#3623,.T.);
#3623 = EDGE_CURVE('',#3616,#3592,#3624,.T.);
#3624 = CIRCLE('',#3625,10.850000000002);
#3625 = AXIS2_PLACEMENT_3D('',#3626,#3627,#3628);
#3626 = CARTESIAN_POINT('',(19.55,26.299999999998,-2.2));
#3627 = DIRECTION('',(0.,0.,1.));
#3628 = DIRECTION('',(1.,0.,0.));
#3629 = ORIENTED_EDGE('',*,*,#3591,.F.);
#3630 = ORIENTED_EDGE('',*,*,#1110,.F.);
#3631 = CYLINDRICAL_SURFACE('',#3632,10.850000000002);
#3632 = AXIS2_PLACEMENT_3D('',#3633,#3634,#3635);
#3633 = CARTESIAN_POINT('',(19.55,26.299999999998,0.));
#3634 = DIRECTION('',(0.,0.,1.));
#3635 = DIRECTION('',(1.,0.,0.));
#3636 = ADVANCED_FACE('',(#3637),#3664,.T.);
#3637 = FACE_BOUND('',#3638,.T.);
#3638 = EDGE_LOOP('',(#3639,#3640,#3641,#3649,#3657,#3663));
#3639 = ORIENTED_EDGE('',*,*,#1102,.F.);
#3640 = ORIENTED_EDGE('',*,*,#3357,.T.);
#3641 = ORIENTED_EDGE('',*,*,#3642,.T.);
#3642 = EDGE_CURVE('',#3358,#3643,#3645,.T.);
#3643 = VERTEX_POINT('',#3644);
#3644 = CARTESIAN_POINT('',(30.4,2.5,-1.));
#3645 = LINE('',#3646,#3647);
#3646 = CARTESIAN_POINT('',(30.4,1.5,-1.));
#3647 = VECTOR('',#3648,1.);
#3648 = DIRECTION('',(0.,1.,0.));
#3649 = ORIENTED_EDGE('',*,*,#3650,.F.);
#3650 = EDGE_CURVE('',#3651,#3643,#3653,.T.);
#3651 = VERTEX_POINT('',#3652);
#3652 = CARTESIAN_POINT('',(30.4,2.5,-2.2));
#3653 = LINE('',#3654,#3655);
#3654 = CARTESIAN_POINT('',(30.4,2.5,-2.2));
#3655 = VECTOR('',#3656,1.);
#3656 = DIRECTION('',(0.,0.,1.));
#3657 = ORIENTED_EDGE('',*,*,#3658,.T.);
#3658 = EDGE_CURVE('',#3651,#3616,#3659,.T.);
#3659 = LINE('',#3660,#3661);
#3660 = CARTESIAN_POINT('',(30.4,1.5,-2.2));
#3661 = VECTOR('',#3662,1.);
#3662 = DIRECTION('',(6.331852604959E-14,1.,0.));
#3663 = ORIENTED_EDGE('',*,*,#3615,.F.);
#3664 = PLANE('',#3665);
#3665 = AXIS2_PLACEMENT_3D('',#3666,#3667,#3668);
#3666 = CARTESIAN_POINT('',(30.4,1.5,0.));
#3667 = DIRECTION('',(1.,-6.331852604959E-14,0.));
#3668 = DIRECTION('',(6.331852604959E-14,1.,0.));
#3669 = ADVANCED_FACE('',(#3670),#3688,.F.);
#3670 = FACE_BOUND('',#3671,.F.);
#3671 = EDGE_LOOP('',(#3672,#3681,#3686,#3687));
#3672 = ORIENTED_EDGE('',*,*,#3673,.T.);
#3673 = EDGE_CURVE('',#3674,#3674,#3676,.T.);
#3674 = VERTEX_POINT('',#3675);
#3675 = CARTESIAN_POINT('',(27.2,40.6,-8.));
#3676 = CIRCLE('',#3677,0.9);
#3677 = AXIS2_PLACEMENT_3D('',#3678,#3679,#3680);
#3678 = CARTESIAN_POINT('',(26.3,40.6,-8.));
#3679 = DIRECTION('',(0.,0.,1.));
#3680 = DIRECTION('',(1.,0.,0.));
#3681 = ORIENTED_EDGE('',*,*,#3682,.T.);
#3682 = EDGE_CURVE('',#3674,#1195,#3683,.T.);
#3683 = B_SPLINE_CURVE_WITH_KNOTS('',1,(#3684,#3685),.UNSPECIFIED.,.F.,
  .F.,(2,2),(-8.,0.),.PIECEWISE_BEZIER_KNOTS.);
#3684 = CARTESIAN_POINT('',(27.2,40.6,-8.));
#3685 = CARTESIAN_POINT('',(27.2,40.6,0.));
#3686 = ORIENTED_EDGE('',*,*,#1194,.F.);
#3687 = ORIENTED_EDGE('',*,*,#3682,.F.);
#3688 = CYLINDRICAL_SURFACE('',#3689,0.9);
#3689 = AXIS2_PLACEMENT_3D('',#3690,#3691,#3692);
#3690 = CARTESIAN_POINT('',(26.3,40.6,0.));
#3691 = DIRECTION('',(0.,0.,1.));
#3692 = DIRECTION('',(1.,0.,0.));
#3693 = ADVANCED_FACE('',(#3694),#3712,.F.);
#3694 = FACE_BOUND('',#3695,.F.);
#3695 = EDGE_LOOP('',(#3696,#3705,#3710,#3711));
#3696 = ORIENTED_EDGE('',*,*,#3697,.T.);
#3697 = EDGE_CURVE('',#3698,#3698,#3700,.T.);
#3698 = VERTEX_POINT('',#3699);
#3699 = CARTESIAN_POINT('',(29.4,40.6,-8.));
#3700 = CIRCLE('',#3701,0.9);
#3701 = AXIS2_PLACEMENT_3D('',#3702,#3703,#3704);
#3702 = CARTESIAN_POINT('',(28.5,40.6,-8.));
#3703 = DIRECTION('',(0.,0.,1.));
#3704 = DIRECTION('',(1.,0.,0.));
#3705 = ORIENTED_EDGE('',*,*,#3706,.T.);
#3706 = EDGE_CURVE('',#3698,#1206,#3707,.T.);
#3707 = B_SPLINE_CURVE_WITH_KNOTS('',1,(#3708,#3709),.UNSPECIFIED.,.F.,
  .F.,(2,2),(-8.,0.),.PIECEWISE_BEZIER_KNOTS.);
#3708 = CARTESIAN_POINT('',(29.4,40.6,-8.));
#3709 = CARTESIAN_POINT('',(29.4,40.6,0.));
#3710 = ORIENTED_EDGE('',*,*,#1205,.F.);
#3711 = ORIENTED_EDGE('',*,*,#3706,.F.);
#3712 = CYLINDRICAL_SURFACE('',#3713,0.9);
#3713 = AXIS2_PLACEMENT_3D('',#3714,#3715,#3716);
#3714 = CARTESIAN_POINT('',(28.5,40.6,0.));
#3715 = DIRECTION('',(0.,0.,1.));
#3716 = DIRECTION('',(1.,0.,0.));
#3717 = ADVANCED_FACE('',(#3718),#3769,.T.);
#3718 = FACE_BOUND('',#3719,.T.);
#3719 = EDGE_LOOP('',(#3720,#3721,#3729,#3737,#3745,#3753,#3762,#3768));
#3720 = ORIENTED_EDGE('',*,*,#1837,.F.);
#3721 = ORIENTED_EDGE('',*,*,#3722,.T.);
#3722 = EDGE_CURVE('',#1838,#3723,#3725,.T.);
#3723 = VERTEX_POINT('',#3724);
#3724 = CARTESIAN_POINT('',(27.15,45.75,-2.2));
#3725 = LINE('',#3726,#3727);
#3726 = CARTESIAN_POINT('',(27.15,45.75,-6.7));
#3727 = VECTOR('',#3728,1.);
#3728 = DIRECTION('',(0.,0.,1.));
#3729 = ORIENTED_EDGE('',*,*,#3730,.T.);
#3730 = EDGE_CURVE('',#3723,#3731,#3733,.T.);
#3731 = VERTEX_POINT('',#3732);
#3732 = CARTESIAN_POINT('',(-27.15,45.75,-2.2));
#3733 = LINE('',#3734,#3735);
#3734 = CARTESIAN_POINT('',(27.15,45.75,-2.2));
#3735 = VECTOR('',#3736,1.);
#3736 = DIRECTION('',(-1.,0.,0.));
#3737 = ORIENTED_EDGE('',*,*,#3738,.F.);
#3738 = EDGE_CURVE('',#3739,#3731,#3741,.T.);
#3739 = VERTEX_POINT('',#3740);
#3740 = CARTESIAN_POINT('',(-27.15,45.75,-5.3));
#3741 = LINE('',#3742,#3743);
#3742 = CARTESIAN_POINT('',(-27.15,45.75,-6.7));
#3743 = VECTOR('',#3744,1.);
#3744 = DIRECTION('',(0.,0.,1.));
#3745 = ORIENTED_EDGE('',*,*,#3746,.F.);
#3746 = EDGE_CURVE('',#3747,#3739,#3749,.T.);
#3747 = VERTEX_POINT('',#3748);
#3748 = CARTESIAN_POINT('',(5.094500066649,45.75,-5.3));
#3749 = LINE('',#3750,#3751);
#3750 = CARTESIAN_POINT('',(27.149999999998,45.75,-5.3));
#3751 = VECTOR('',#3752,1.);
#3752 = DIRECTION('',(-1.,0.,0.));
#3753 = ORIENTED_EDGE('',*,*,#3754,.F.);
#3754 = EDGE_CURVE('',#3755,#3747,#3757,.T.);
#3755 = VERTEX_POINT('',#3756);
#3756 = CARTESIAN_POINT('',(8.845499933351,45.75,-5.3));
#3757 = CIRCLE('',#3758,2.2);
#3758 = AXIS2_PLACEMENT_3D('',#3759,#3760,#3761);
#3759 = CARTESIAN_POINT('',(6.97,45.75,-6.45));
#3760 = DIRECTION('',(0.,-1.,2.22044604925E-16));
#3761 = DIRECTION('',(1.,0.,0.));
#3762 = ORIENTED_EDGE('',*,*,#3763,.F.);
#3763 = EDGE_CURVE('',#1361,#3755,#3764,.T.);
#3764 = LINE('',#3765,#3766);
#3765 = CARTESIAN_POINT('',(27.149999999998,45.75,-5.3));
#3766 = VECTOR('',#3767,1.);
#3767 = DIRECTION('',(-1.,0.,0.));
#3768 = ORIENTED_EDGE('',*,*,#1360,.F.);
#3769 = PLANE('',#3770);
#3770 = AXIS2_PLACEMENT_3D('',#3771,#3772,#3773);
#3771 = CARTESIAN_POINT('',(27.15,45.75,-6.7));
#3772 = DIRECTION('',(0.,-1.,0.));
#3773 = DIRECTION('',(-1.,0.,0.));
#3774 = ADVANCED_FACE('',(#3775),#3793,.F.);
#3775 = FACE_BOUND('',#3776,.F.);
#3776 = EDGE_LOOP('',(#3777,#3778,#3779,#3787));
#3777 = ORIENTED_EDGE('',*,*,#3763,.F.);
#3778 = ORIENTED_EDGE('',*,*,#1369,.T.);
#3779 = ORIENTED_EDGE('',*,*,#3780,.T.);
#3780 = EDGE_CURVE('',#1370,#3781,#3783,.T.);
#3781 = VERTEX_POINT('',#3782);
#3782 = CARTESIAN_POINT('',(8.845499933351,47.321203273864,-5.3));
#3783 = LINE('',#3784,#3785);
#3784 = CARTESIAN_POINT('',(27.149999999997,47.321203273864,-5.3));
#3785 = VECTOR('',#3786,1.);
#3786 = DIRECTION('',(-1.,0.,0.));
#3787 = ORIENTED_EDGE('',*,*,#3788,.F.);
#3788 = EDGE_CURVE('',#3755,#3781,#3789,.T.);
#3789 = LINE('',#3790,#3791);
#3790 = CARTESIAN_POINT('',(8.845499933351,47.95,-5.3));
#3791 = VECTOR('',#3792,1.);
#3792 = DIRECTION('',(0.,1.,-2.22044604925E-16));
#3793 = PLANE('',#3794);
#3794 = AXIS2_PLACEMENT_3D('',#3795,#3796,#3797);
#3795 = CARTESIAN_POINT('',(27.149999999997,36.75,-5.3));
#3796 = DIRECTION('',(0.,0.,1.));
#3797 = DIRECTION('',(1.,0.,0.));
#3798 = ADVANCED_FACE('',(#3799),#3827,.F.);
#3799 = FACE_BOUND('',#3800,.F.);
#3800 = EDGE_LOOP('',(#3801,#3802,#3810,#3819,#3826));
#3801 = ORIENTED_EDGE('',*,*,#1377,.F.);
#3802 = ORIENTED_EDGE('',*,*,#3803,.T.);
#3803 = EDGE_CURVE('',#1378,#3804,#3806,.T.);
#3804 = VERTEX_POINT('',#3805);
#3805 = CARTESIAN_POINT('',(9.155749299439,46.95,-6.7));
#3806 = LINE('',#3807,#3808);
#3807 = CARTESIAN_POINT('',(27.149999999997,46.95,-6.7));
#3808 = VECTOR('',#3809,1.);
#3809 = DIRECTION('',(-1.,0.,0.));
#3810 = ORIENTED_EDGE('',*,*,#3811,.F.);
#3811 = EDGE_CURVE('',#3812,#3804,#3814,.T.);
#3812 = VERTEX_POINT('',#3813);
#3813 = CARTESIAN_POINT('',(9.17,47.016286298904,-6.45));
#3814 = ELLIPSE('',#3815,2.27601879558,2.2);
#3815 = AXIS2_PLACEMENT_3D('',#3816,#3817,#3818);
#3816 = CARTESIAN_POINT('',(6.97,47.016286298904,-6.45));
#3817 = DIRECTION('',(0.,0.966600102017,-0.256289373133));
#3818 = DIRECTION('',(0.,0.256289373133,0.966600102017));
#3819 = ORIENTED_EDGE('',*,*,#3820,.F.);
#3820 = EDGE_CURVE('',#3781,#3812,#3821,.T.);
#3821 = ELLIPSE('',#3822,2.27601879558,2.2);
#3822 = AXIS2_PLACEMENT_3D('',#3823,#3824,#3825);
#3823 = CARTESIAN_POINT('',(6.97,47.016286298904,-6.45));
#3824 = DIRECTION('',(0.,0.966600102017,-0.256289373133));
#3825 = DIRECTION('',(0.,0.256289373133,0.966600102017));
#3826 = ORIENTED_EDGE('',*,*,#3780,.F.);
#3827 = PLANE('',#3828);
#3828 = AXIS2_PLACEMENT_3D('',#3829,#3830,#3831);
#3829 = CARTESIAN_POINT('',(27.149999999997,47.321203273864,-5.3));
#3830 = DIRECTION('',(0.,0.966600102017,-0.256289373133));
#3831 = DIRECTION('',(-1.,0.,0.));
#3832 = ADVANCED_FACE('',(#3833),#3844,.F.);
#3833 = FACE_BOUND('',#3834,.F.);
#3834 = EDGE_LOOP('',(#3835,#3836,#3837,#3843));
#3835 = ORIENTED_EDGE('',*,*,#1386,.T.);
#3836 = ORIENTED_EDGE('',*,*,#1447,.T.);
#3837 = ORIENTED_EDGE('',*,*,#3838,.F.);
#3838 = EDGE_CURVE('',#3804,#1448,#3839,.T.);
#3839 = LINE('',#3840,#3841);
#3840 = CARTESIAN_POINT('',(9.155749299439,47.95,-6.7));
#3841 = VECTOR('',#3842,1.);
#3842 = DIRECTION('',(0.,1.,-2.22044604925E-16));
#3843 = ORIENTED_EDGE('',*,*,#3803,.F.);
#3844 = PLANE('',#3845);
#3845 = AXIS2_PLACEMENT_3D('',#3846,#3847,#3848);
#3846 = CARTESIAN_POINT('',(-1.83551641108E-15,-9.702015315709E-15,-6.7)
  );
#3847 = DIRECTION('',(0.,0.,1.));
#3848 = DIRECTION('',(1.,0.,0.));
#3849 = ADVANCED_FACE('',(#3850),#3862,.T.);
#3850 = FACE_BOUND('',#3851,.T.);
#3851 = EDGE_LOOP('',(#3852,#3853,#3860,#3861));
#3852 = ORIENTED_EDGE('',*,*,#1420,.T.);
#3853 = ORIENTED_EDGE('',*,*,#3854,.T.);
#3854 = EDGE_CURVE('',#1423,#1515,#3855,.T.);
#3855 = CIRCLE('',#3856,11.2);
#3856 = AXIS2_PLACEMENT_3D('',#3857,#3858,#3859);
#3857 = CARTESIAN_POINT('',(-27.15,36.75,-6.7));
#3858 = DIRECTION('',(0.,0.,1.));
#3859 = DIRECTION('',(1.,0.,0.));
#3860 = ORIENTED_EDGE('',*,*,#1514,.F.);
#3861 = ORIENTED_EDGE('',*,*,#2017,.F.);
#3862 = CYLINDRICAL_SURFACE('',#3863,11.2);
#3863 = AXIS2_PLACEMENT_3D('',#3864,#3865,#3866);
#3864 = CARTESIAN_POINT('',(-27.15,36.75,0.));
#3865 = DIRECTION('',(0.,0.,1.));
#3866 = DIRECTION('',(1.,0.,0.));
#3867 = ADVANCED_FACE('',(#3868),#3912,.F.);
#3868 = FACE_BOUND('',#3869,.F.);
#3869 = EDGE_LOOP('',(#3870,#3878,#3879,#3880,#3881,#3889,#3897,#3906));
#3870 = ORIENTED_EDGE('',*,*,#3871,.T.);
#3871 = EDGE_CURVE('',#3872,#1465,#3874,.T.);
#3872 = VERTEX_POINT('',#3873);
#3873 = CARTESIAN_POINT('',(4.784250700561,46.95,-6.7));
#3874 = LINE('',#3875,#3876);
#3875 = CARTESIAN_POINT('',(4.784250700561,47.95,-6.7));
#3876 = VECTOR('',#3877,1.);
#3877 = DIRECTION('',(0.,1.,-2.22044604925E-16));
#3878 = ORIENTED_EDGE('',*,*,#1473,.T.);
#3879 = ORIENTED_EDGE('',*,*,#3854,.T.);
#3880 = ORIENTED_EDGE('',*,*,#1522,.T.);
#3881 = ORIENTED_EDGE('',*,*,#3882,.T.);
#3882 = EDGE_CURVE('',#1523,#3883,#3885,.T.);
#3883 = VERTEX_POINT('',#3884);
#3884 = CARTESIAN_POINT('',(-37.35,30.45,-6.7));
#3885 = LINE('',#3886,#3887);
#3886 = CARTESIAN_POINT('',(-19.175,30.45,-6.7));
#3887 = VECTOR('',#3888,1.);
#3888 = DIRECTION('',(1.,0.,0.));
#3889 = ORIENTED_EDGE('',*,*,#3890,.F.);
#3890 = EDGE_CURVE('',#3891,#3883,#3893,.T.);
#3891 = VERTEX_POINT('',#3892);
#3892 = CARTESIAN_POINT('',(-37.35,36.75,-6.7));
#3893 = LINE('',#3894,#3895);
#3894 = CARTESIAN_POINT('',(-37.35,36.75,-6.7));
#3895 = VECTOR('',#3896,1.);
#3896 = DIRECTION('',(0.,-1.,0.));
#3897 = ORIENTED_EDGE('',*,*,#3898,.F.);
#3898 = EDGE_CURVE('',#3899,#3891,#3901,.T.);
#3899 = VERTEX_POINT('',#3900);
#3900 = CARTESIAN_POINT('',(-27.15,46.95,-6.7));
#3901 = CIRCLE('',#3902,10.2);
#3902 = AXIS2_PLACEMENT_3D('',#3903,#3904,#3905);
#3903 = CARTESIAN_POINT('',(-27.15,36.75,-6.7));
#3904 = DIRECTION('',(0.,0.,1.));
#3905 = DIRECTION('',(1.,0.,0.));
#3906 = ORIENTED_EDGE('',*,*,#3907,.F.);
#3907 = EDGE_CURVE('',#3872,#3899,#3908,.T.);
#3908 = LINE('',#3909,#3910);
#3909 = CARTESIAN_POINT('',(27.149999999997,46.95,-6.7));
#3910 = VECTOR('',#3911,1.);
#3911 = DIRECTION('',(-1.,0.,0.));
#3912 = PLANE('',#3913);
#3913 = AXIS2_PLACEMENT_3D('',#3914,#3915,#3916);
#3914 = CARTESIAN_POINT('',(-1.83551641108E-15,-9.702015315709E-15,-6.7)
  );
#3915 = DIRECTION('',(0.,0.,1.));
#3916 = DIRECTION('',(1.,0.,0.));
#3917 = ADVANCED_FACE('',(#3918),#3943,.F.);
#3918 = FACE_BOUND('',#3919,.T.);
#3919 = EDGE_LOOP('',(#3920,#3921,#3922,#3923,#3924,#3925,#3926,#3934,
    #3941,#3942));
#3920 = ORIENTED_EDGE('',*,*,#1455,.F.);
#3921 = ORIENTED_EDGE('',*,*,#3838,.F.);
#3922 = ORIENTED_EDGE('',*,*,#3811,.F.);
#3923 = ORIENTED_EDGE('',*,*,#3820,.F.);
#3924 = ORIENTED_EDGE('',*,*,#3788,.F.);
#3925 = ORIENTED_EDGE('',*,*,#3754,.T.);
#3926 = ORIENTED_EDGE('',*,*,#3927,.T.);
#3927 = EDGE_CURVE('',#3747,#3928,#3930,.T.);
#3928 = VERTEX_POINT('',#3929);
#3929 = CARTESIAN_POINT('',(5.094500066649,47.321203273864,-5.3));
#3930 = LINE('',#3931,#3932);
#3931 = CARTESIAN_POINT('',(5.094500066649,47.95,-5.3));
#3932 = VECTOR('',#3933,1.);
#3933 = DIRECTION('',(0.,1.,-2.22044604925E-16));
#3934 = ORIENTED_EDGE('',*,*,#3935,.F.);
#3935 = EDGE_CURVE('',#3872,#3928,#3936,.T.);
#3936 = ELLIPSE('',#3937,2.27601879558,2.2);
#3937 = AXIS2_PLACEMENT_3D('',#3938,#3939,#3940);
#3938 = CARTESIAN_POINT('',(6.97,47.016286298904,-6.45));
#3939 = DIRECTION('',(0.,0.966600102017,-0.256289373133));
#3940 = DIRECTION('',(0.,0.256289373133,0.966600102017));
#3941 = ORIENTED_EDGE('',*,*,#3871,.T.);
#3942 = ORIENTED_EDGE('',*,*,#1464,.F.);
#3943 = CYLINDRICAL_SURFACE('',#3944,2.2);
#3944 = AXIS2_PLACEMENT_3D('',#3945,#3946,#3947);
#3945 = CARTESIAN_POINT('',(6.97,47.95,-6.45));
#3946 = DIRECTION('',(0.,1.,-2.22044604925E-16));
#3947 = DIRECTION('',(1.,0.,0.));
#3948 = ADVANCED_FACE('',(#3949),#3967,.T.);
#3949 = FACE_BOUND('',#3950,.T.);
#3950 = EDGE_LOOP('',(#3951,#3952,#3960,#3966));
#3951 = ORIENTED_EDGE('',*,*,#1602,.F.);
#3952 = ORIENTED_EDGE('',*,*,#3953,.T.);
#3953 = EDGE_CURVE('',#1595,#3954,#3956,.T.);
#3954 = VERTEX_POINT('',#3955);
#3955 = CARTESIAN_POINT('',(-37.52120327386,9.829999999963,-2.2));
#3956 = LINE('',#3957,#3958);
#3957 = CARTESIAN_POINT('',(-38.35,9.829999999963,-2.2));
#3958 = VECTOR('',#3959,1.);
#3959 = DIRECTION('',(1.,0.,0.));
#3960 = ORIENTED_EDGE('',*,*,#3961,.T.);
#3961 = EDGE_CURVE('',#3954,#1627,#3962,.T.);
#3962 = LINE('',#3963,#3964);
#3963 = CARTESIAN_POINT('',(-37.52120327386,6.308579648101,-2.2));
#3964 = VECTOR('',#3965,1.);
#3965 = DIRECTION('',(0.,-1.,0.));
#3966 = ORIENTED_EDGE('',*,*,#1626,.F.);
#3967 = PLANE('',#3968);
#3968 = AXIS2_PLACEMENT_3D('',#3969,#3970,#3971);
#3969 = CARTESIAN_POINT('',(-1.626769345472,0.687159296201,-2.2));
#3970 = DIRECTION('',(-0.,-0.,-1.));
#3971 = DIRECTION('',(-1.,0.,0.));
#3972 = ADVANCED_FACE('',(#3973),#4007,.T.);
#3973 = FACE_BOUND('',#3974,.T.);
#3974 = EDGE_LOOP('',(#3975,#3976,#3977,#3985,#3993,#4001));
#3975 = ORIENTED_EDGE('',*,*,#1530,.F.);
#3976 = ORIENTED_EDGE('',*,*,#3882,.T.);
#3977 = ORIENTED_EDGE('',*,*,#3978,.T.);
#3978 = EDGE_CURVE('',#3883,#3979,#3981,.T.);
#3979 = VERTEX_POINT('',#3980);
#3980 = CARTESIAN_POINT('',(-37.72120327386,30.45,-5.3));
#3981 = LINE('',#3982,#3983);
#3982 = CARTESIAN_POINT('',(-37.18446329028,30.45,-7.324324756581));
#3983 = VECTOR('',#3984,1.);
#3984 = DIRECTION('',(-0.256289373133,0.,0.966600102017));
#3985 = ORIENTED_EDGE('',*,*,#3986,.T.);
#3986 = EDGE_CURVE('',#3979,#3987,#3989,.T.);
#3987 = VERTEX_POINT('',#3988);
#3988 = CARTESIAN_POINT('',(-36.15,30.45,-5.3));
#3989 = LINE('',#3990,#3991);
#3990 = CARTESIAN_POINT('',(-5.600000000002,30.45,-5.3));
#3991 = VECTOR('',#3992,1.);
#3992 = DIRECTION('',(1.,0.,0.));
#3993 = ORIENTED_EDGE('',*,*,#3994,.T.);
#3994 = EDGE_CURVE('',#3987,#3995,#3997,.T.);
#3995 = VERTEX_POINT('',#3996);
#3996 = CARTESIAN_POINT('',(-36.15,30.45,-2.2));
#3997 = LINE('',#3998,#3999);
#3998 = CARTESIAN_POINT('',(-36.15,30.45,-9.8));
#3999 = VECTOR('',#4000,1.);
#4000 = DIRECTION('',(0.,0.,1.));
#4001 = ORIENTED_EDGE('',*,*,#4002,.F.);
#4002 = EDGE_CURVE('',#1531,#3995,#4003,.T.);
#4003 = LINE('',#4004,#4005);
#4004 = CARTESIAN_POINT('',(-38.35,30.45,-2.2));
#4005 = VECTOR('',#4006,1.);
#4006 = DIRECTION('',(1.,0.,0.));
#4007 = PLANE('',#4008);
#4008 = AXIS2_PLACEMENT_3D('',#4009,#4010,#4011);
#4009 = CARTESIAN_POINT('',(-38.35,30.45,-9.8));
#4010 = DIRECTION('',(0.,-1.,0.));
#4011 = DIRECTION('',(0.,0.,1.));
#4012 = ADVANCED_FACE('',(#4013),#4055,.T.);
#4013 = FACE_BOUND('',#4014,.T.);
#4014 = EDGE_LOOP('',(#4015,#4016,#4024,#4032,#4040,#4048,#4054));
#4015 = ORIENTED_EDGE('',*,*,#1594,.F.);
#4016 = ORIENTED_EDGE('',*,*,#4017,.T.);
#4017 = EDGE_CURVE('',#1587,#4018,#4020,.T.);
#4018 = VERTEX_POINT('',#4019);
#4019 = CARTESIAN_POINT('',(-37.52120327386,9.829999999963,-6.7));
#4020 = LINE('',#4021,#4022);
#4021 = CARTESIAN_POINT('',(-19.175,9.829999999963,-6.7));
#4022 = VECTOR('',#4023,1.);
#4023 = DIRECTION('',(1.,0.,0.));
#4024 = ORIENTED_EDGE('',*,*,#4025,.T.);
#4025 = EDGE_CURVE('',#4018,#4026,#4028,.T.);
#4026 = VERTEX_POINT('',#4027);
#4027 = CARTESIAN_POINT('',(-37.52120327386,9.829999999963,
    -6.054303692112));
#4028 = LINE('',#4029,#4030);
#4029 = CARTESIAN_POINT('',(-37.52120327386,9.829999999963,-7.9));
#4030 = VECTOR('',#4031,1.);
#4031 = DIRECTION('',(0.,0.,1.));
#4032 = ORIENTED_EDGE('',*,*,#4033,.T.);
#4033 = EDGE_CURVE('',#4026,#4034,#4036,.T.);
#4034 = VERTEX_POINT('',#4035);
#4035 = CARTESIAN_POINT('',(-37.72120327386,9.829999999963,-5.3));
#4036 = LINE('',#4037,#4038);
#4037 = CARTESIAN_POINT('',(-37.18446329028,9.829999999963,
    -7.324324756581));
#4038 = VECTOR('',#4039,1.);
#4039 = DIRECTION('',(-0.256289373133,0.,0.966600102017));
#4040 = ORIENTED_EDGE('',*,*,#4041,.T.);
#4041 = EDGE_CURVE('',#4034,#4042,#4044,.T.);
#4042 = VERTEX_POINT('',#4043);
#4043 = CARTESIAN_POINT('',(-37.52120327386,9.829999999963,-5.3));
#4044 = LINE('',#4045,#4046);
#4045 = CARTESIAN_POINT('',(-5.600000000002,9.829999999963,-5.3));
#4046 = VECTOR('',#4047,1.);
#4047 = DIRECTION('',(1.,0.,0.));
#4048 = ORIENTED_EDGE('',*,*,#4049,.T.);
#4049 = EDGE_CURVE('',#4042,#3954,#4050,.T.);
#4050 = LINE('',#4051,#4052);
#4051 = CARTESIAN_POINT('',(-37.52120327386,9.829999999963,-7.9));
#4052 = VECTOR('',#4053,1.);
#4053 = DIRECTION('',(0.,0.,1.));
#4054 = ORIENTED_EDGE('',*,*,#3953,.F.);
#4055 = PLANE('',#4056);
#4056 = AXIS2_PLACEMENT_3D('',#4057,#4058,#4059);
#4057 = CARTESIAN_POINT('',(-38.35,9.829999999963,-9.8));
#4058 = DIRECTION('',(0.,-1.,0.));
#4059 = DIRECTION('',(0.,0.,1.));
#4060 = ADVANCED_FACE('',(#4061),#4079,.T.);
#4061 = FACE_BOUND('',#4062,.T.);
#4062 = EDGE_LOOP('',(#4063,#4071,#4077,#4078));
#4063 = ORIENTED_EDGE('',*,*,#4064,.T.);
#4064 = EDGE_CURVE('',#3995,#4065,#4067,.T.);
#4065 = VERTEX_POINT('',#4066);
#4066 = CARTESIAN_POINT('',(-36.15,23.25,-2.2));
#4067 = LINE('',#4068,#4069);
#4068 = CARTESIAN_POINT('',(-36.15,13.7685796481,-2.2));
#4069 = VECTOR('',#4070,1.);
#4070 = DIRECTION('',(0.,-1.,0.));
#4071 = ORIENTED_EDGE('',*,*,#4072,.F.);
#4072 = EDGE_CURVE('',#1539,#4065,#4073,.T.);
#4073 = LINE('',#4074,#4075);
#4074 = CARTESIAN_POINT('',(-38.35,23.25,-2.2));
#4075 = VECTOR('',#4076,1.);
#4076 = DIRECTION('',(1.,0.,0.));
#4077 = ORIENTED_EDGE('',*,*,#1538,.F.);
#4078 = ORIENTED_EDGE('',*,*,#4002,.T.);
#4079 = PLANE('',#4080);
#4080 = AXIS2_PLACEMENT_3D('',#4081,#4082,#4083);
#4081 = CARTESIAN_POINT('',(-1.626769345472,0.687159296201,-2.2));
#4082 = DIRECTION('',(-0.,-0.,-1.));
#4083 = DIRECTION('',(-1.,0.,0.));
#4084 = ADVANCED_FACE('',(#4085),#4135,.F.);
#4085 = FACE_BOUND('',#4086,.F.);
#4086 = EDGE_LOOP('',(#4087,#4095,#4096,#4097,#4105,#4113,#4121,#4129));
#4087 = ORIENTED_EDGE('',*,*,#4088,.T.);
#4088 = EDGE_CURVE('',#4089,#1579,#4091,.T.);
#4089 = VERTEX_POINT('',#4090);
#4090 = CARTESIAN_POINT('',(-37.52120327386,14.03,-6.7));
#4091 = LINE('',#4092,#4093);
#4092 = CARTESIAN_POINT('',(-19.175,14.03,-6.7));
#4093 = VECTOR('',#4094,1.);
#4094 = DIRECTION('',(-1.,0.,0.));
#4095 = ORIENTED_EDGE('',*,*,#1586,.T.);
#4096 = ORIENTED_EDGE('',*,*,#4017,.T.);
#4097 = ORIENTED_EDGE('',*,*,#4098,.T.);
#4098 = EDGE_CURVE('',#4018,#4099,#4101,.T.);
#4099 = VERTEX_POINT('',#4100);
#4100 = CARTESIAN_POINT('',(-37.52120327386,10.829999999999,-6.7));
#4101 = LINE('',#4102,#4103);
#4102 = CARTESIAN_POINT('',(-37.52120327386,5.965,-6.7));
#4103 = VECTOR('',#4104,1.);
#4104 = DIRECTION('',(0.,1.,0.));
#4105 = ORIENTED_EDGE('',*,*,#4106,.T.);
#4106 = EDGE_CURVE('',#4099,#4107,#4109,.T.);
#4107 = VERTEX_POINT('',#4108);
#4108 = CARTESIAN_POINT('',(-37.35,10.829999999999,-6.7));
#4109 = LINE('',#4110,#4111);
#4110 = CARTESIAN_POINT('',(-18.76060163693,10.829999999999,-6.7));
#4111 = VECTOR('',#4112,1.);
#4112 = DIRECTION('',(1.,0.,0.));
#4113 = ORIENTED_EDGE('',*,*,#4114,.F.);
#4114 = EDGE_CURVE('',#4115,#4107,#4117,.T.);
#4115 = VERTEX_POINT('',#4116);
#4116 = CARTESIAN_POINT('',(-37.35,13.03,-6.7));
#4117 = LINE('',#4118,#4119);
#4118 = CARTESIAN_POINT('',(-37.35,36.75,-6.7));
#4119 = VECTOR('',#4120,1.);
#4120 = DIRECTION('',(0.,-1.,0.));
#4121 = ORIENTED_EDGE('',*,*,#4122,.T.);
#4122 = EDGE_CURVE('',#4115,#4123,#4125,.T.);
#4123 = VERTEX_POINT('',#4124);
#4124 = CARTESIAN_POINT('',(-37.52120327386,13.03,-6.7));
#4125 = LINE('',#4126,#4127);
#4126 = CARTESIAN_POINT('',(-18.76060163693,13.03,-6.7));
#4127 = VECTOR('',#4128,1.);
#4128 = DIRECTION('',(-1.,0.,0.));
#4129 = ORIENTED_EDGE('',*,*,#4130,.T.);
#4130 = EDGE_CURVE('',#4123,#4089,#4131,.T.);
#4131 = LINE('',#4132,#4133);
#4132 = CARTESIAN_POINT('',(-37.52120327386,5.965,-6.7));
#4133 = VECTOR('',#4134,1.);
#4134 = DIRECTION('',(0.,1.,0.));
#4135 = PLANE('',#4136);
#4136 = AXIS2_PLACEMENT_3D('',#4137,#4138,#4139);
#4137 = CARTESIAN_POINT('',(-1.83551641108E-15,-9.702015315709E-15,-6.7)
  );
#4138 = DIRECTION('',(0.,0.,1.));
#4139 = DIRECTION('',(1.,0.,0.));
#4140 = ADVANCED_FACE('',(#4141),#4175,.T.);
#4141 = FACE_BOUND('',#4142,.T.);
#4142 = EDGE_LOOP('',(#4143,#4144,#4145,#4153,#4161,#4169));
#4143 = ORIENTED_EDGE('',*,*,#1546,.F.);
#4144 = ORIENTED_EDGE('',*,*,#4072,.T.);
#4145 = ORIENTED_EDGE('',*,*,#4146,.T.);
#4146 = EDGE_CURVE('',#4065,#4147,#4149,.T.);
#4147 = VERTEX_POINT('',#4148);
#4148 = CARTESIAN_POINT('',(-36.15,23.25,-5.3));
#4149 = LINE('',#4150,#4151);
#4150 = CARTESIAN_POINT('',(-36.15,23.25,-2.2));
#4151 = VECTOR('',#4152,1.);
#4152 = DIRECTION('',(0.,0.,-1.));
#4153 = ORIENTED_EDGE('',*,*,#4154,.T.);
#4154 = EDGE_CURVE('',#4147,#4155,#4157,.T.);
#4155 = VERTEX_POINT('',#4156);
#4156 = CARTESIAN_POINT('',(-37.72120327386,23.25,-5.3));
#4157 = LINE('',#4158,#4159);
#4158 = CARTESIAN_POINT('',(-5.600000000002,23.25,-5.3));
#4159 = VECTOR('',#4160,1.);
#4160 = DIRECTION('',(-1.,0.,0.));
#4161 = ORIENTED_EDGE('',*,*,#4162,.T.);
#4162 = EDGE_CURVE('',#4155,#4163,#4165,.T.);
#4163 = VERTEX_POINT('',#4164);
#4164 = CARTESIAN_POINT('',(-37.35,23.25,-6.7));
#4165 = LINE('',#4166,#4167);
#4166 = CARTESIAN_POINT('',(-38.1258347603,23.25,-3.773924879149));
#4167 = VECTOR('',#4168,1.);
#4168 = DIRECTION('',(0.256289373133,0.,-0.966600102017));
#4169 = ORIENTED_EDGE('',*,*,#4170,.T.);
#4170 = EDGE_CURVE('',#4163,#1547,#4171,.T.);
#4171 = LINE('',#4172,#4173);
#4172 = CARTESIAN_POINT('',(-19.175,23.25,-6.7));
#4173 = VECTOR('',#4174,1.);
#4174 = DIRECTION('',(-1.,0.,0.));
#4175 = PLANE('',#4176);
#4176 = AXIS2_PLACEMENT_3D('',#4177,#4178,#4179);
#4177 = CARTESIAN_POINT('',(-38.35,23.25,-2.2));
#4178 = DIRECTION('',(0.,1.,0.));
#4179 = DIRECTION('',(0.,0.,-1.));
#4180 = ADVANCED_FACE('',(#4181),#4223,.T.);
#4181 = FACE_BOUND('',#4182,.T.);
#4182 = EDGE_LOOP('',(#4183,#4184,#4192,#4200,#4208,#4216,#4222));
#4183 = ORIENTED_EDGE('',*,*,#1578,.F.);
#4184 = ORIENTED_EDGE('',*,*,#4185,.T.);
#4185 = EDGE_CURVE('',#1571,#4186,#4188,.T.);
#4186 = VERTEX_POINT('',#4187);
#4187 = CARTESIAN_POINT('',(-37.52120327386,14.03,-2.2));
#4188 = LINE('',#4189,#4190);
#4189 = CARTESIAN_POINT('',(-38.35,14.03,-2.2));
#4190 = VECTOR('',#4191,1.);
#4191 = DIRECTION('',(1.,0.,0.));
#4192 = ORIENTED_EDGE('',*,*,#4193,.T.);
#4193 = EDGE_CURVE('',#4186,#4194,#4196,.T.);
#4194 = VERTEX_POINT('',#4195);
#4195 = CARTESIAN_POINT('',(-37.52120327386,14.03,-5.3));
#4196 = LINE('',#4197,#4198);
#4197 = CARTESIAN_POINT('',(-37.52120327386,14.03,-4.1));
#4198 = VECTOR('',#4199,1.);
#4199 = DIRECTION('',(0.,0.,-1.));
#4200 = ORIENTED_EDGE('',*,*,#4201,.T.);
#4201 = EDGE_CURVE('',#4194,#4202,#4204,.T.);
#4202 = VERTEX_POINT('',#4203);
#4203 = CARTESIAN_POINT('',(-37.72120327386,14.03,-5.3));
#4204 = LINE('',#4205,#4206);
#4205 = CARTESIAN_POINT('',(-5.600000000002,14.03,-5.3));
#4206 = VECTOR('',#4207,1.);
#4207 = DIRECTION('',(-1.,0.,0.));
#4208 = ORIENTED_EDGE('',*,*,#4209,.T.);
#4209 = EDGE_CURVE('',#4202,#4210,#4212,.T.);
#4210 = VERTEX_POINT('',#4211);
#4211 = CARTESIAN_POINT('',(-37.52120327386,14.03,-6.054303692112));
#4212 = LINE('',#4213,#4214);
#4213 = CARTESIAN_POINT('',(-38.1258347603,14.03,-3.773924879149));
#4214 = VECTOR('',#4215,1.);
#4215 = DIRECTION('',(0.256289373133,0.,-0.966600102017));
#4216 = ORIENTED_EDGE('',*,*,#4217,.T.);
#4217 = EDGE_CURVE('',#4210,#4089,#4218,.T.);
#4218 = LINE('',#4219,#4220);
#4219 = CARTESIAN_POINT('',(-37.52120327386,14.03,-4.1));
#4220 = VECTOR('',#4221,1.);
#4221 = DIRECTION('',(0.,0.,-1.));
#4222 = ORIENTED_EDGE('',*,*,#4088,.T.);
#4223 = PLANE('',#4224);
#4224 = AXIS2_PLACEMENT_3D('',#4225,#4226,#4227);
#4225 = CARTESIAN_POINT('',(-38.35,14.03,-2.2));
#4226 = DIRECTION('',(0.,1.,0.));
#4227 = DIRECTION('',(0.,0.,-1.));
#4228 = ADVANCED_FACE('',(#4229),#4263,.F.);
#4229 = FACE_BOUND('',#4230,.F.);
#4230 = EDGE_LOOP('',(#4231,#4232,#4233,#4241,#4249,#4257));
#4231 = ORIENTED_EDGE('',*,*,#4170,.T.);
#4232 = ORIENTED_EDGE('',*,*,#1554,.T.);
#4233 = ORIENTED_EDGE('',*,*,#4234,.T.);
#4234 = EDGE_CURVE('',#1555,#4235,#4237,.T.);
#4235 = VERTEX_POINT('',#4236);
#4236 = CARTESIAN_POINT('',(-37.52120327386,18.73,-6.7));
#4237 = LINE('',#4238,#4239);
#4238 = CARTESIAN_POINT('',(-19.175,18.73,-6.7));
#4239 = VECTOR('',#4240,1.);
#4240 = DIRECTION('',(1.,0.,0.));
#4241 = ORIENTED_EDGE('',*,*,#4242,.T.);
#4242 = EDGE_CURVE('',#4235,#4243,#4245,.T.);
#4243 = VERTEX_POINT('',#4244);
#4244 = CARTESIAN_POINT('',(-37.52120327386,19.73,-6.7));
#4245 = LINE('',#4246,#4247);
#4246 = CARTESIAN_POINT('',(-37.52120327386,5.965,-6.7));
#4247 = VECTOR('',#4248,1.);
#4248 = DIRECTION('',(0.,1.,0.));
#4249 = ORIENTED_EDGE('',*,*,#4250,.T.);
#4250 = EDGE_CURVE('',#4243,#4251,#4253,.T.);
#4251 = VERTEX_POINT('',#4252);
#4252 = CARTESIAN_POINT('',(-37.35,19.73,-6.7));
#4253 = LINE('',#4254,#4255);
#4254 = CARTESIAN_POINT('',(-18.76060163693,19.73,-6.7));
#4255 = VECTOR('',#4256,1.);
#4256 = DIRECTION('',(1.,0.,0.));
#4257 = ORIENTED_EDGE('',*,*,#4258,.F.);
#4258 = EDGE_CURVE('',#4163,#4251,#4259,.T.);
#4259 = LINE('',#4260,#4261);
#4260 = CARTESIAN_POINT('',(-37.35,36.75,-6.7));
#4261 = VECTOR('',#4262,1.);
#4262 = DIRECTION('',(0.,-1.,0.));
#4263 = PLANE('',#4264);
#4264 = AXIS2_PLACEMENT_3D('',#4265,#4266,#4267);
#4265 = CARTESIAN_POINT('',(-1.83551641108E-15,-9.702015315709E-15,-6.7)
  );
#4266 = DIRECTION('',(0.,0.,1.));
#4267 = DIRECTION('',(1.,0.,0.));
#4268 = ADVANCED_FACE('',(#4269),#4287,.T.);
#4269 = FACE_BOUND('',#4270,.T.);
#4270 = EDGE_LOOP('',(#4271,#4279,#4280,#4281));
#4271 = ORIENTED_EDGE('',*,*,#4272,.T.);
#4272 = EDGE_CURVE('',#4273,#4186,#4275,.T.);
#4273 = VERTEX_POINT('',#4274);
#4274 = CARTESIAN_POINT('',(-37.52120327386,18.73,-2.2));
#4275 = LINE('',#4276,#4277);
#4276 = CARTESIAN_POINT('',(-37.52120327386,6.308579648101,-2.2));
#4277 = VECTOR('',#4278,1.);
#4278 = DIRECTION('',(0.,-1.,0.));
#4279 = ORIENTED_EDGE('',*,*,#4185,.F.);
#4280 = ORIENTED_EDGE('',*,*,#1570,.F.);
#4281 = ORIENTED_EDGE('',*,*,#4282,.T.);
#4282 = EDGE_CURVE('',#1563,#4273,#4283,.T.);
#4283 = LINE('',#4284,#4285);
#4284 = CARTESIAN_POINT('',(-38.35,18.73,-2.2));
#4285 = VECTOR('',#4286,1.);
#4286 = DIRECTION('',(1.,0.,0.));
#4287 = PLANE('',#4288);
#4288 = AXIS2_PLACEMENT_3D('',#4289,#4290,#4291);
#4289 = CARTESIAN_POINT('',(-1.626769345472,0.687159296201,-2.2));
#4290 = DIRECTION('',(-0.,-0.,-1.));
#4291 = DIRECTION('',(-1.,0.,0.));
#4292 = ADVANCED_FACE('',(#4293),#4328,.T.);
#4293 = FACE_BOUND('',#4294,.T.);
#4294 = EDGE_LOOP('',(#4295,#4296,#4297,#4305,#4313,#4321,#4327));
#4295 = ORIENTED_EDGE('',*,*,#1562,.F.);
#4296 = ORIENTED_EDGE('',*,*,#4234,.T.);
#4297 = ORIENTED_EDGE('',*,*,#4298,.T.);
#4298 = EDGE_CURVE('',#4235,#4299,#4301,.T.);
#4299 = VERTEX_POINT('',#4300);
#4300 = CARTESIAN_POINT('',(-37.52120327386,18.73,-6.054303692112));
#4301 = LINE('',#4302,#4303);
#4302 = CARTESIAN_POINT('',(-37.52120327386,18.73,-7.9));
#4303 = VECTOR('',#4304,1.);
#4304 = DIRECTION('',(0.,0.,1.));
#4305 = ORIENTED_EDGE('',*,*,#4306,.T.);
#4306 = EDGE_CURVE('',#4299,#4307,#4309,.T.);
#4307 = VERTEX_POINT('',#4308);
#4308 = CARTESIAN_POINT('',(-37.72120327386,18.73,-5.3));
#4309 = LINE('',#4310,#4311);
#4310 = CARTESIAN_POINT('',(-37.18446329028,18.73,-7.324324756581));
#4311 = VECTOR('',#4312,1.);
#4312 = DIRECTION('',(-0.256289373133,0.,0.966600102017));
#4313 = ORIENTED_EDGE('',*,*,#4314,.T.);
#4314 = EDGE_CURVE('',#4307,#4315,#4317,.T.);
#4315 = VERTEX_POINT('',#4316);
#4316 = CARTESIAN_POINT('',(-37.52120327386,18.73,-5.3));
#4317 = LINE('',#4318,#4319);
#4318 = CARTESIAN_POINT('',(-5.600000000002,18.73,-5.3));
#4319 = VECTOR('',#4320,1.);
#4320 = DIRECTION('',(1.,0.,0.));
#4321 = ORIENTED_EDGE('',*,*,#4322,.T.);
#4322 = EDGE_CURVE('',#4315,#4273,#4323,.T.);
#4323 = LINE('',#4324,#4325);
#4324 = CARTESIAN_POINT('',(-37.52120327386,18.73,-7.9));
#4325 = VECTOR('',#4326,1.);
#4326 = DIRECTION('',(0.,0.,1.));
#4327 = ORIENTED_EDGE('',*,*,#4282,.F.);
#4328 = PLANE('',#4329);
#4329 = AXIS2_PLACEMENT_3D('',#4330,#4331,#4332);
#4330 = CARTESIAN_POINT('',(-38.35,18.73,-9.8));
#4331 = DIRECTION('',(0.,-1.,0.));
#4332 = DIRECTION('',(0.,0.,1.));
#4333 = ADVANCED_FACE('',(#4334),#4370,.T.);
#4334 = FACE_BOUND('',#4335,.T.);
#4335 = EDGE_LOOP('',(#4336,#4346,#4354,#4360,#4361,#4362,#4363,#4364));
#4336 = ORIENTED_EDGE('',*,*,#4337,.T.);
#4337 = EDGE_CURVE('',#4338,#4340,#4342,.T.);
#4338 = VERTEX_POINT('',#4339);
#4339 = CARTESIAN_POINT('',(-37.52120327386,10.829999999999,-5.3));
#4340 = VERTEX_POINT('',#4341);
#4341 = CARTESIAN_POINT('',(-37.52120327386,10.829999999999,-1.2));
#4342 = LINE('',#4343,#4344);
#4343 = CARTESIAN_POINT('',(-37.52120327386,10.829999999999,
    -10.79999999999));
#4344 = VECTOR('',#4345,1.);
#4345 = DIRECTION('',(0.,0.,1.));
#4346 = ORIENTED_EDGE('',*,*,#4347,.T.);
#4347 = EDGE_CURVE('',#4340,#4348,#4350,.T.);
#4348 = VERTEX_POINT('',#4349);
#4349 = CARTESIAN_POINT('',(-37.52120327386,4.130000000001,-1.2));
#4350 = LINE('',#4351,#4352);
#4351 = CARTESIAN_POINT('',(-37.52120327386,10.829999999999,-1.2));
#4352 = VECTOR('',#4353,1.);
#4353 = DIRECTION('',(0.,-1.,0.));
#4354 = ORIENTED_EDGE('',*,*,#4355,.T.);
#4355 = EDGE_CURVE('',#4348,#1953,#4356,.T.);
#4356 = LINE('',#4357,#4358);
#4357 = CARTESIAN_POINT('',(-37.52120327386,4.130000000001,-1.2));
#4358 = VECTOR('',#4359,1.);
#4359 = DIRECTION('',(0.,0.,-1.));
#4360 = ORIENTED_EDGE('',*,*,#1960,.T.);
#4361 = ORIENTED_EDGE('',*,*,#1634,.F.);
#4362 = ORIENTED_EDGE('',*,*,#3961,.F.);
#4363 = ORIENTED_EDGE('',*,*,#4049,.F.);
#4364 = ORIENTED_EDGE('',*,*,#4365,.T.);
#4365 = EDGE_CURVE('',#4042,#4338,#4366,.T.);
#4366 = LINE('',#4367,#4368);
#4367 = CARTESIAN_POINT('',(-37.52120327386,24.34,-5.3));
#4368 = VECTOR('',#4369,1.);
#4369 = DIRECTION('',(0.,1.,0.));
#4370 = PLANE('',#4371);
#4371 = AXIS2_PLACEMENT_3D('',#4372,#4373,#4374);
#4372 = CARTESIAN_POINT('',(-37.52120327386,11.930000000001,
    -5.999999999999));
#4373 = DIRECTION('',(1.,0.,0.));
#4374 = DIRECTION('',(0.,0.,1.));
#4375 = ADVANCED_FACE('',(#4376),#4395,.F.);
#4376 = FACE_BOUND('',#4377,.T.);
#4377 = EDGE_LOOP('',(#4378,#4386,#4387,#4388));
#4378 = ORIENTED_EDGE('',*,*,#4379,.T.);
#4379 = EDGE_CURVE('',#4380,#1890,#4382,.T.);
#4380 = VERTEX_POINT('',#4381);
#4381 = CARTESIAN_POINT('',(33.042787797876,-43.55257686242,-2.2));
#4382 = LINE('',#4383,#4384);
#4383 = CARTESIAN_POINT('',(33.042787797876,-43.55257686242,-6.7));
#4384 = VECTOR('',#4385,1.);
#4385 = DIRECTION('',(-0.,-0.,-1.));
#4386 = ORIENTED_EDGE('',*,*,#1898,.T.);
#4387 = ORIENTED_EDGE('',*,*,#1804,.T.);
#4388 = ORIENTED_EDGE('',*,*,#4389,.T.);
#4389 = EDGE_CURVE('',#1797,#4380,#4390,.T.);
#4390 = CIRCLE('',#4391,9.);
#4391 = AXIS2_PLACEMENT_3D('',#4392,#4393,#4394);
#4392 = CARTESIAN_POINT('',(27.15,-36.75,-2.2));
#4393 = DIRECTION('',(0.,0.,1.));
#4394 = DIRECTION('',(1.,0.,0.));
#4395 = CYLINDRICAL_SURFACE('',#4396,9.);
#4396 = AXIS2_PLACEMENT_3D('',#4397,#4398,#4399);
#4397 = CARTESIAN_POINT('',(27.15,-36.75,-6.7));
#4398 = DIRECTION('',(-0.,-0.,-1.));
#4399 = DIRECTION('',(1.,0.,0.));
#4400 = ADVANCED_FACE('',(#4401,#4616,#4624,#4632),#4666,.T.);
#4401 = FACE_BOUND('',#4402,.T.);
#4402 = EDGE_LOOP('',(#4403,#4413,#4421,#4429,#4437,#4445,#4453,#4461,
    #4469,#4478,#4487,#4496,#4503,#4504,#4513,#4522,#4531,#4540,#4548,
    #4557,#4566,#4573,#4574,#4575,#4584,#4592,#4601,#4610));
#4403 = ORIENTED_EDGE('',*,*,#4404,.F.);
#4404 = EDGE_CURVE('',#4405,#4407,#4409,.T.);
#4405 = VERTEX_POINT('',#4406);
#4406 = CARTESIAN_POINT('',(-36.15,10.829999999999,-2.2));
#4407 = VERTEX_POINT('',#4408);
#4408 = CARTESIAN_POINT('',(-36.15,4.130000000001,-2.2));
#4409 = LINE('',#4410,#4411);
#4410 = CARTESIAN_POINT('',(-36.15,36.75,-2.2));
#4411 = VECTOR('',#4412,1.);
#4412 = DIRECTION('',(0.,-1.,0.));
#4413 = ORIENTED_EDGE('',*,*,#4414,.F.);
#4414 = EDGE_CURVE('',#4415,#4405,#4417,.T.);
#4415 = VERTEX_POINT('',#4416);
#4416 = CARTESIAN_POINT('',(-36.15,13.03,-2.2));
#4417 = LINE('',#4418,#4419);
#4418 = CARTESIAN_POINT('',(-36.15,36.75,-2.2));
#4419 = VECTOR('',#4420,1.);
#4420 = DIRECTION('',(0.,-1.,0.));
#4421 = ORIENTED_EDGE('',*,*,#4422,.F.);
#4422 = EDGE_CURVE('',#4423,#4415,#4425,.T.);
#4423 = VERTEX_POINT('',#4424);
#4424 = CARTESIAN_POINT('',(-36.15,19.73,-2.2));
#4425 = LINE('',#4426,#4427);
#4426 = CARTESIAN_POINT('',(-36.15,36.75,-2.2));
#4427 = VECTOR('',#4428,1.);
#4428 = DIRECTION('',(0.,-1.,0.));
#4429 = ORIENTED_EDGE('',*,*,#4430,.F.);
#4430 = EDGE_CURVE('',#4431,#4423,#4433,.T.);
#4431 = VERTEX_POINT('',#4432);
#4432 = CARTESIAN_POINT('',(-36.15,21.45,-2.2));
#4433 = LINE('',#4434,#4435);
#4434 = CARTESIAN_POINT('',(-36.15,36.75,-2.2));
#4435 = VECTOR('',#4436,1.);
#4436 = DIRECTION('',(0.,-1.,0.));
#4437 = ORIENTED_EDGE('',*,*,#4438,.T.);
#4438 = EDGE_CURVE('',#4431,#4439,#4441,.T.);
#4439 = VERTEX_POINT('',#4440);
#4440 = CARTESIAN_POINT('',(-34.45,21.45,-2.2));
#4441 = LINE('',#4442,#4443);
#4442 = CARTESIAN_POINT('',(-18.88838467273,21.45,-2.2));
#4443 = VECTOR('',#4444,1.);
#4444 = DIRECTION('',(1.,0.,0.));
#4445 = ORIENTED_EDGE('',*,*,#4446,.F.);
#4446 = EDGE_CURVE('',#4447,#4439,#4449,.T.);
#4447 = VERTEX_POINT('',#4448);
#4448 = CARTESIAN_POINT('',(-34.45,32.25,-2.2));
#4449 = LINE('',#4450,#4451);
#4450 = CARTESIAN_POINT('',(-34.45,13.7685796481,-2.2));
#4451 = VECTOR('',#4452,1.);
#4452 = DIRECTION('',(0.,-1.,0.));
#4453 = ORIENTED_EDGE('',*,*,#4454,.T.);
#4454 = EDGE_CURVE('',#4447,#4455,#4457,.T.);
#4455 = VERTEX_POINT('',#4456);
#4456 = CARTESIAN_POINT('',(-36.15,32.25,-2.2));
#4457 = LINE('',#4458,#4459);
#4458 = CARTESIAN_POINT('',(-18.88838467273,32.25,-2.2));
#4459 = VECTOR('',#4460,1.);
#4460 = DIRECTION('',(-1.,0.,0.));
#4461 = ORIENTED_EDGE('',*,*,#4462,.F.);
#4462 = EDGE_CURVE('',#4463,#4455,#4465,.T.);
#4463 = VERTEX_POINT('',#4464);
#4464 = CARTESIAN_POINT('',(-36.15,36.75,-2.2));
#4465 = LINE('',#4466,#4467);
#4466 = CARTESIAN_POINT('',(-36.15,36.75,-2.2));
#4467 = VECTOR('',#4468,1.);
#4468 = DIRECTION('',(0.,-1.,0.));
#4469 = ORIENTED_EDGE('',*,*,#4470,.F.);
#4470 = EDGE_CURVE('',#4471,#4463,#4473,.T.);
#4471 = VERTEX_POINT('',#4472);
#4472 = CARTESIAN_POINT('',(-33.77660085675,42.840005015213,-2.2));
#4473 = CIRCLE('',#4474,9.);
#4474 = AXIS2_PLACEMENT_3D('',#4475,#4476,#4477);
#4475 = CARTESIAN_POINT('',(-27.15,36.75,-2.2));
#4476 = DIRECTION('',(0.,0.,1.));
#4477 = DIRECTION('',(1.,0.,0.));
#4478 = ORIENTED_EDGE('',*,*,#4479,.T.);
#4479 = EDGE_CURVE('',#4471,#4480,#4482,.T.);
#4480 = VERTEX_POINT('',#4481);
#4481 = CARTESIAN_POINT('',(-30.347,41.932,-2.2));
#4482 = CIRCLE('',#4483,1.835);
#4483 = AXIS2_PLACEMENT_3D('',#4484,#4485,#4486);
#4484 = CARTESIAN_POINT('',(-32.182,41.932,-2.2));
#4485 = DIRECTION('',(0.,0.,1.));
#4486 = DIRECTION('',(1.,0.,0.));
#4487 = ORIENTED_EDGE('',*,*,#4488,.T.);
#4488 = EDGE_CURVE('',#4480,#4489,#4491,.T.);
#4489 = VERTEX_POINT('',#4490);
#4490 = CARTESIAN_POINT('',(-33.04278779787,43.552576862425,-2.2));
#4491 = CIRCLE('',#4492,1.835);
#4492 = AXIS2_PLACEMENT_3D('',#4493,#4494,#4495);
#4493 = CARTESIAN_POINT('',(-32.182,41.932,-2.2));
#4494 = DIRECTION('',(0.,0.,1.));
#4495 = DIRECTION('',(1.,0.,0.));
#4496 = ORIENTED_EDGE('',*,*,#4497,.F.);
#4497 = EDGE_CURVE('',#3731,#4489,#4498,.T.);
#4498 = CIRCLE('',#4499,9.);
#4499 = AXIS2_PLACEMENT_3D('',#4500,#4501,#4502);
#4500 = CARTESIAN_POINT('',(-27.15,36.75,-2.2));
#4501 = DIRECTION('',(0.,0.,1.));
#4502 = DIRECTION('',(1.,0.,0.));
#4503 = ORIENTED_EDGE('',*,*,#3730,.F.);
#4504 = ORIENTED_EDGE('',*,*,#4505,.F.);
#4505 = EDGE_CURVE('',#4506,#3723,#4508,.T.);
#4506 = VERTEX_POINT('',#4507);
#4507 = CARTESIAN_POINT('',(33.042787797876,43.552576862425,-2.2));
#4508 = CIRCLE('',#4509,9.);
#4509 = AXIS2_PLACEMENT_3D('',#4510,#4511,#4512);
#4510 = CARTESIAN_POINT('',(27.15,36.75,-2.2));
#4511 = DIRECTION('',(0.,0.,1.));
#4512 = DIRECTION('',(1.,0.,0.));
#4513 = ORIENTED_EDGE('',*,*,#4514,.T.);
#4514 = EDGE_CURVE('',#4506,#4515,#4517,.T.);
#4515 = VERTEX_POINT('',#4516);
#4516 = CARTESIAN_POINT('',(34.017,41.932,-2.2));
#4517 = CIRCLE('',#4518,1.835);
#4518 = AXIS2_PLACEMENT_3D('',#4519,#4520,#4521);
#4519 = CARTESIAN_POINT('',(32.182,41.932,-2.2));
#4520 = DIRECTION('',(0.,0.,1.));
#4521 = DIRECTION('',(1.,0.,0.));
#4522 = ORIENTED_EDGE('',*,*,#4523,.T.);
#4523 = EDGE_CURVE('',#4515,#4524,#4526,.T.);
#4524 = VERTEX_POINT('',#4525);
#4525 = CARTESIAN_POINT('',(33.77660085675,42.840005015213,-2.2));
#4526 = CIRCLE('',#4527,1.835);
#4527 = AXIS2_PLACEMENT_3D('',#4528,#4529,#4530);
#4528 = CARTESIAN_POINT('',(32.182,41.932,-2.2));
#4529 = DIRECTION('',(0.,0.,1.));
#4530 = DIRECTION('',(1.,0.,0.));
#4531 = ORIENTED_EDGE('',*,*,#4532,.F.);
#4532 = EDGE_CURVE('',#4533,#4524,#4535,.T.);
#4533 = VERTEX_POINT('',#4534);
#4534 = CARTESIAN_POINT('',(36.15,36.75,-2.2));
#4535 = CIRCLE('',#4536,9.);
#4536 = AXIS2_PLACEMENT_3D('',#4537,#4538,#4539);
#4537 = CARTESIAN_POINT('',(27.15,36.75,-2.2));
#4538 = DIRECTION('',(0.,0.,1.));
#4539 = DIRECTION('',(1.,0.,0.));
#4540 = ORIENTED_EDGE('',*,*,#4541,.F.);
#4541 = EDGE_CURVE('',#4542,#4533,#4544,.T.);
#4542 = VERTEX_POINT('',#4543);
#4543 = CARTESIAN_POINT('',(36.15,-36.75,-2.2));
#4544 = LINE('',#4545,#4546);
#4545 = CARTESIAN_POINT('',(36.15,-36.75,-2.2));
#4546 = VECTOR('',#4547,1.);
#4547 = DIRECTION('',(0.,1.,0.));
#4548 = ORIENTED_EDGE('',*,*,#4549,.F.);
#4549 = EDGE_CURVE('',#4550,#4542,#4552,.T.);
#4550 = VERTEX_POINT('',#4551);
#4551 = CARTESIAN_POINT('',(33.77660085675,-42.84000501521,-2.2));
#4552 = CIRCLE('',#4553,9.);
#4553 = AXIS2_PLACEMENT_3D('',#4554,#4555,#4556);
#4554 = CARTESIAN_POINT('',(27.15,-36.75,-2.2));
#4555 = DIRECTION('',(0.,0.,1.));
#4556 = DIRECTION('',(1.,0.,0.));
#4557 = ORIENTED_EDGE('',*,*,#4558,.T.);
#4558 = EDGE_CURVE('',#4550,#4559,#4561,.T.);
#4559 = VERTEX_POINT('',#4560);
#4560 = CARTESIAN_POINT('',(34.017,-41.932,-2.2));
#4561 = CIRCLE('',#4562,1.835);
#4562 = AXIS2_PLACEMENT_3D('',#4563,#4564,#4565);
#4563 = CARTESIAN_POINT('',(32.182,-41.932,-2.2));
#4564 = DIRECTION('',(0.,0.,1.));
#4565 = DIRECTION('',(1.,0.,0.));
#4566 = ORIENTED_EDGE('',*,*,#4567,.T.);
#4567 = EDGE_CURVE('',#4559,#4380,#4568,.T.);
#4568 = CIRCLE('',#4569,1.835);
#4569 = AXIS2_PLACEMENT_3D('',#4570,#4571,#4572);
#4570 = CARTESIAN_POINT('',(32.182,-41.932,-2.2));
#4571 = DIRECTION('',(0.,0.,1.));
#4572 = DIRECTION('',(1.,0.,0.));
#4573 = ORIENTED_EDGE('',*,*,#4389,.F.);
#4574 = ORIENTED_EDGE('',*,*,#1796,.F.);
#4575 = ORIENTED_EDGE('',*,*,#4576,.F.);
#4576 = EDGE_CURVE('',#4577,#1789,#4579,.T.);
#4577 = VERTEX_POINT('',#4578);
#4578 = CARTESIAN_POINT('',(-36.15,-36.75,-2.2));
#4579 = CIRCLE('',#4580,9.);
#4580 = AXIS2_PLACEMENT_3D('',#4581,#4582,#4583);
#4581 = CARTESIAN_POINT('',(-27.15,-36.75,-2.2));
#4582 = DIRECTION('',(0.,0.,1.));
#4583 = DIRECTION('',(1.,0.,0.));
#4584 = ORIENTED_EDGE('',*,*,#4585,.F.);
#4585 = EDGE_CURVE('',#4586,#4577,#4588,.T.);
#4586 = VERTEX_POINT('',#4587);
#4587 = CARTESIAN_POINT('',(-36.15,-36.43520564412,-2.2));
#4588 = LINE('',#4589,#4590);
#4589 = CARTESIAN_POINT('',(-36.15,36.75,-2.2));
#4590 = VECTOR('',#4591,1.);
#4591 = DIRECTION('',(0.,-1.,0.));
#4592 = ORIENTED_EDGE('',*,*,#4593,.T.);
#4593 = EDGE_CURVE('',#4586,#4594,#4596,.T.);
#4594 = VERTEX_POINT('',#4595);
#4595 = CARTESIAN_POINT('',(-32.747,-35.482,-2.2));
#4596 = CIRCLE('',#4597,1.835);
#4597 = AXIS2_PLACEMENT_3D('',#4598,#4599,#4600);
#4598 = CARTESIAN_POINT('',(-34.582,-35.482,-2.2));
#4599 = DIRECTION('',(0.,0.,1.));
#4600 = DIRECTION('',(1.,0.,0.));
#4601 = ORIENTED_EDGE('',*,*,#4602,.T.);
#4602 = EDGE_CURVE('',#4594,#4603,#4605,.T.);
#4603 = VERTEX_POINT('',#4604);
#4604 = CARTESIAN_POINT('',(-36.15,-34.52879435587,-2.2));
#4605 = CIRCLE('',#4606,1.835);
#4606 = AXIS2_PLACEMENT_3D('',#4607,#4608,#4609);
#4607 = CARTESIAN_POINT('',(-34.582,-35.482,-2.2));
#4608 = DIRECTION('',(0.,0.,1.));
#4609 = DIRECTION('',(1.,0.,0.));
#4610 = ORIENTED_EDGE('',*,*,#4611,.F.);
#4611 = EDGE_CURVE('',#4407,#4603,#4612,.T.);
#4612 = LINE('',#4613,#4614);
#4613 = CARTESIAN_POINT('',(-36.15,36.75,-2.2));
#4614 = VECTOR('',#4615,1.);
#4615 = DIRECTION('',(0.,-1.,0.));
#4616 = FACE_BOUND('',#4617,.T.);
#4617 = EDGE_LOOP('',(#4618,#4619,#4620,#4621,#4622,#4623));
#4618 = ORIENTED_EDGE('',*,*,#2214,.F.);
#4619 = ORIENTED_EDGE('',*,*,#2069,.T.);
#4620 = ORIENTED_EDGE('',*,*,#2093,.T.);
#4621 = ORIENTED_EDGE('',*,*,#2118,.T.);
#4622 = ORIENTED_EDGE('',*,*,#2142,.T.);
#4623 = ORIENTED_EDGE('',*,*,#2167,.T.);
#4624 = FACE_BOUND('',#4625,.T.);
#4625 = EDGE_LOOP('',(#4626,#4627,#4628,#4629,#4630,#4631));
#4626 = ORIENTED_EDGE('',*,*,#3374,.F.);
#4627 = ORIENTED_EDGE('',*,*,#3412,.T.);
#4628 = ORIENTED_EDGE('',*,*,#3436,.T.);
#4629 = ORIENTED_EDGE('',*,*,#3461,.T.);
#4630 = ORIENTED_EDGE('',*,*,#3485,.T.);
#4631 = ORIENTED_EDGE('',*,*,#3510,.T.);
#4632 = FACE_BOUND('',#4633,.T.);
#4633 = EDGE_LOOP('',(#4634,#4644,#4652,#4660));
#4634 = ORIENTED_EDGE('',*,*,#4635,.T.);
#4635 = EDGE_CURVE('',#4636,#4638,#4640,.T.);
#4636 = VERTEX_POINT('',#4637);
#4637 = CARTESIAN_POINT('',(29.9,42.35,-2.2));
#4638 = VERTEX_POINT('',#4639);
#4639 = CARTESIAN_POINT('',(24.9,42.35,-2.2));
#4640 = LINE('',#4641,#4642);
#4641 = CARTESIAN_POINT('',(29.9,42.35,-2.2));
#4642 = VECTOR('',#4643,1.);
#4643 = DIRECTION('',(-1.,0.,0.));
#4644 = ORIENTED_EDGE('',*,*,#4645,.T.);
#4645 = EDGE_CURVE('',#4638,#4646,#4648,.T.);
#4646 = VERTEX_POINT('',#4647);
#4647 = CARTESIAN_POINT('',(24.9,38.85,-2.2));
#4648 = LINE('',#4649,#4650);
#4649 = CARTESIAN_POINT('',(24.9,42.35,-2.2));
#4650 = VECTOR('',#4651,1.);
#4651 = DIRECTION('',(0.,-1.,0.));
#4652 = ORIENTED_EDGE('',*,*,#4653,.T.);
#4653 = EDGE_CURVE('',#4646,#4654,#4656,.T.);
#4654 = VERTEX_POINT('',#4655);
#4655 = CARTESIAN_POINT('',(29.9,38.85,-2.2));
#4656 = LINE('',#4657,#4658);
#4657 = CARTESIAN_POINT('',(24.9,38.85,-2.2));
#4658 = VECTOR('',#4659,1.);
#4659 = DIRECTION('',(1.,0.,0.));
#4660 = ORIENTED_EDGE('',*,*,#4661,.T.);
#4661 = EDGE_CURVE('',#4654,#4636,#4662,.T.);
#4662 = LINE('',#4663,#4664);
#4663 = CARTESIAN_POINT('',(29.9,38.85,-2.2));
#4664 = VECTOR('',#4665,1.);
#4665 = DIRECTION('',(0.,1.,0.));
#4666 = PLANE('',#4667);
#4667 = AXIS2_PLACEMENT_3D('',#4668,#4669,#4670);
#4668 = CARTESIAN_POINT('',(-1.626769345472,0.687159296201,-2.2));
#4669 = DIRECTION('',(-0.,-0.,-1.));
#4670 = DIRECTION('',(-1.,0.,0.));
#4671 = ADVANCED_FACE('',(#4672),#4683,.F.);
#4672 = FACE_BOUND('',#4673,.T.);
#4673 = EDGE_LOOP('',(#4674,#4675,#4681,#4682));
#4674 = ORIENTED_EDGE('',*,*,#1918,.T.);
#4675 = ORIENTED_EDGE('',*,*,#4676,.T.);
#4676 = EDGE_CURVE('',#1919,#4577,#4677,.T.);
#4677 = LINE('',#4678,#4679);
#4678 = CARTESIAN_POINT('',(-36.15,-36.75,-6.7));
#4679 = VECTOR('',#4680,1.);
#4680 = DIRECTION('',(0.,0.,1.));
#4681 = ORIENTED_EDGE('',*,*,#4576,.T.);
#4682 = ORIENTED_EDGE('',*,*,#1788,.F.);
#4683 = CYLINDRICAL_SURFACE('',#4684,9.);
#4684 = AXIS2_PLACEMENT_3D('',#4685,#4686,#4687);
#4685 = CARTESIAN_POINT('',(-27.15,-36.75,-6.7));
#4686 = DIRECTION('',(-0.,-0.,-1.));
#4687 = DIRECTION('',(1.,0.,0.));
#4688 = ADVANCED_FACE('',(#4689),#4717,.T.);
#4689 = FACE_BOUND('',#4690,.T.);
#4690 = EDGE_LOOP('',(#4691,#4692,#4700,#4707,#4708,#4709,#4715,#4716));
#4691 = ORIENTED_EDGE('',*,*,#4567,.F.);
#4692 = ORIENTED_EDGE('',*,*,#4693,.T.);
#4693 = EDGE_CURVE('',#4559,#4694,#4696,.T.);
#4694 = VERTEX_POINT('',#4695);
#4695 = CARTESIAN_POINT('',(34.017,-41.932,-8.));
#4696 = LINE('',#4697,#4698);
#4697 = CARTESIAN_POINT('',(34.017,-41.932,-2.2));
#4698 = VECTOR('',#4699,1.);
#4699 = DIRECTION('',(-0.,-0.,-1.));
#4700 = ORIENTED_EDGE('',*,*,#4701,.T.);
#4701 = EDGE_CURVE('',#4694,#4694,#4702,.T.);
#4702 = CIRCLE('',#4703,1.835);
#4703 = AXIS2_PLACEMENT_3D('',#4704,#4705,#4706);
#4704 = CARTESIAN_POINT('',(32.182,-41.932,-8.));
#4705 = DIRECTION('',(0.,0.,1.));
#4706 = DIRECTION('',(1.,0.,0.));
#4707 = ORIENTED_EDGE('',*,*,#4693,.F.);
#4708 = ORIENTED_EDGE('',*,*,#4558,.F.);
#4709 = ORIENTED_EDGE('',*,*,#4710,.T.);
#4710 = EDGE_CURVE('',#4550,#1881,#4711,.T.);
#4711 = LINE('',#4712,#4713);
#4712 = CARTESIAN_POINT('',(33.77660085675,-42.84000501521,-6.7));
#4713 = VECTOR('',#4714,1.);
#4714 = DIRECTION('',(-0.,-0.,-1.));
#4715 = ORIENTED_EDGE('',*,*,#1889,.F.);
#4716 = ORIENTED_EDGE('',*,*,#4379,.F.);
#4717 = CYLINDRICAL_SURFACE('',#4718,1.835);
#4718 = AXIS2_PLACEMENT_3D('',#4719,#4720,#4721);
#4719 = CARTESIAN_POINT('',(32.182,-41.932,-2.2));
#4720 = DIRECTION('',(0.,0.,1.));
#4721 = DIRECTION('',(1.,0.,0.));
#4722 = ADVANCED_FACE('',(#4723),#4734,.F.);
#4723 = FACE_BOUND('',#4724,.T.);
#4724 = EDGE_LOOP('',(#4725,#4731,#4732,#4733));
#4725 = ORIENTED_EDGE('',*,*,#4726,.F.);
#4726 = EDGE_CURVE('',#1873,#4542,#4727,.T.);
#4727 = LINE('',#4728,#4729);
#4728 = CARTESIAN_POINT('',(36.15,-36.75,-6.7));
#4729 = VECTOR('',#4730,1.);
#4730 = DIRECTION('',(0.,0.,1.));
#4731 = ORIENTED_EDGE('',*,*,#1880,.T.);
#4732 = ORIENTED_EDGE('',*,*,#4710,.F.);
#4733 = ORIENTED_EDGE('',*,*,#4549,.T.);
#4734 = CYLINDRICAL_SURFACE('',#4735,9.);
#4735 = AXIS2_PLACEMENT_3D('',#4736,#4737,#4738);
#4736 = CARTESIAN_POINT('',(27.15,-36.75,-6.7));
#4737 = DIRECTION('',(-0.,-0.,-1.));
#4738 = DIRECTION('',(1.,0.,0.));
#4739 = ADVANCED_FACE('',(#4740),#4751,.T.);
#4740 = FACE_BOUND('',#4741,.T.);
#4741 = EDGE_LOOP('',(#4742,#4743,#4744,#4745));
#4742 = ORIENTED_EDGE('',*,*,#1872,.F.);
#4743 = ORIENTED_EDGE('',*,*,#4726,.T.);
#4744 = ORIENTED_EDGE('',*,*,#4541,.T.);
#4745 = ORIENTED_EDGE('',*,*,#4746,.F.);
#4746 = EDGE_CURVE('',#1864,#4533,#4747,.T.);
#4747 = LINE('',#4748,#4749);
#4748 = CARTESIAN_POINT('',(36.15,36.75,-6.7));
#4749 = VECTOR('',#4750,1.);
#4750 = DIRECTION('',(0.,0.,1.));
#4751 = PLANE('',#4752);
#4752 = AXIS2_PLACEMENT_3D('',#4753,#4754,#4755);
#4753 = CARTESIAN_POINT('',(36.15,-36.75,-6.7));
#4754 = DIRECTION('',(-1.,0.,0.));
#4755 = DIRECTION('',(0.,1.,0.));
#4756 = ADVANCED_FACE('',(#4757),#4768,.F.);
#4757 = FACE_BOUND('',#4758,.T.);
#4758 = EDGE_LOOP('',(#4759,#4765,#4766,#4767));
#4759 = ORIENTED_EDGE('',*,*,#4760,.T.);
#4760 = EDGE_CURVE('',#4524,#1855,#4761,.T.);
#4761 = LINE('',#4762,#4763);
#4762 = CARTESIAN_POINT('',(33.77660085675,42.840005015213,-6.7));
#4763 = VECTOR('',#4764,1.);
#4764 = DIRECTION('',(-0.,-0.,-1.));
#4765 = ORIENTED_EDGE('',*,*,#1863,.T.);
#4766 = ORIENTED_EDGE('',*,*,#4746,.T.);
#4767 = ORIENTED_EDGE('',*,*,#4532,.T.);
#4768 = CYLINDRICAL_SURFACE('',#4769,9.);
#4769 = AXIS2_PLACEMENT_3D('',#4770,#4771,#4772);
#4770 = CARTESIAN_POINT('',(27.15,36.75,-6.7));
#4771 = DIRECTION('',(-0.,-0.,-1.));
#4772 = DIRECTION('',(1.,0.,0.));
#4773 = ADVANCED_FACE('',(#4774),#4802,.T.);
#4774 = FACE_BOUND('',#4775,.T.);
#4775 = EDGE_LOOP('',(#4776,#4777,#4785,#4792,#4793,#4794,#4800,#4801));
#4776 = ORIENTED_EDGE('',*,*,#4523,.F.);
#4777 = ORIENTED_EDGE('',*,*,#4778,.T.);
#4778 = EDGE_CURVE('',#4515,#4779,#4781,.T.);
#4779 = VERTEX_POINT('',#4780);
#4780 = CARTESIAN_POINT('',(34.017,41.932,-8.));
#4781 = LINE('',#4782,#4783);
#4782 = CARTESIAN_POINT('',(34.017,41.932,-2.2));
#4783 = VECTOR('',#4784,1.);
#4784 = DIRECTION('',(-0.,-0.,-1.));
#4785 = ORIENTED_EDGE('',*,*,#4786,.T.);
#4786 = EDGE_CURVE('',#4779,#4779,#4787,.T.);
#4787 = CIRCLE('',#4788,1.835);
#4788 = AXIS2_PLACEMENT_3D('',#4789,#4790,#4791);
#4789 = CARTESIAN_POINT('',(32.182,41.932,-8.));
#4790 = DIRECTION('',(0.,0.,1.));
#4791 = DIRECTION('',(1.,0.,0.));
#4792 = ORIENTED_EDGE('',*,*,#4778,.F.);
#4793 = ORIENTED_EDGE('',*,*,#4514,.F.);
#4794 = ORIENTED_EDGE('',*,*,#4795,.T.);
#4795 = EDGE_CURVE('',#4506,#1846,#4796,.T.);
#4796 = LINE('',#4797,#4798);
#4797 = CARTESIAN_POINT('',(33.042787797876,43.552576862425,-6.7));
#4798 = VECTOR('',#4799,1.);
#4799 = DIRECTION('',(-0.,-0.,-1.));
#4800 = ORIENTED_EDGE('',*,*,#1854,.F.);
#4801 = ORIENTED_EDGE('',*,*,#4760,.F.);
#4802 = CYLINDRICAL_SURFACE('',#4803,1.835);
#4803 = AXIS2_PLACEMENT_3D('',#4804,#4805,#4806);
#4804 = CARTESIAN_POINT('',(32.182,41.932,-2.2));
#4805 = DIRECTION('',(0.,0.,1.));
#4806 = DIRECTION('',(1.,0.,0.));
#4807 = ADVANCED_FACE('',(#4808),#4814,.F.);
#4808 = FACE_BOUND('',#4809,.T.);
#4809 = EDGE_LOOP('',(#4810,#4811,#4812,#4813));
#4810 = ORIENTED_EDGE('',*,*,#3722,.F.);
#4811 = ORIENTED_EDGE('',*,*,#1845,.T.);
#4812 = ORIENTED_EDGE('',*,*,#4795,.F.);
#4813 = ORIENTED_EDGE('',*,*,#4505,.T.);
#4814 = CYLINDRICAL_SURFACE('',#4815,9.);
#4815 = AXIS2_PLACEMENT_3D('',#4816,#4817,#4818);
#4816 = CARTESIAN_POINT('',(27.15,36.75,-6.7));
#4817 = DIRECTION('',(-0.,-0.,-1.));
#4818 = DIRECTION('',(1.,0.,0.));
#4819 = ADVANCED_FACE('',(#4820),#4844,.T.);
#4820 = FACE_BOUND('',#4821,.T.);
#4821 = EDGE_LOOP('',(#4822,#4823,#4831,#4837,#4843));
#4822 = ORIENTED_EDGE('',*,*,#4355,.F.);
#4823 = ORIENTED_EDGE('',*,*,#4824,.T.);
#4824 = EDGE_CURVE('',#4348,#4825,#4827,.T.);
#4825 = VERTEX_POINT('',#4826);
#4826 = CARTESIAN_POINT('',(-36.15,4.130000000001,-1.2));
#4827 = LINE('',#4828,#4829);
#4828 = CARTESIAN_POINT('',(-37.52120327386,4.130000000001,-1.2));
#4829 = VECTOR('',#4830,1.);
#4830 = DIRECTION('',(1.,0.,0.));
#4831 = ORIENTED_EDGE('',*,*,#4832,.T.);
#4832 = EDGE_CURVE('',#4825,#4407,#4833,.T.);
#4833 = LINE('',#4834,#4835);
#4834 = CARTESIAN_POINT('',(-36.15,4.130000000001,-1.2));
#4835 = VECTOR('',#4836,1.);
#4836 = DIRECTION('',(0.,0.,-1.));
#4837 = ORIENTED_EDGE('',*,*,#4838,.T.);
#4838 = EDGE_CURVE('',#4407,#1945,#4839,.T.);
#4839 = LINE('',#4840,#4841);
#4840 = CARTESIAN_POINT('',(-36.15,4.130000000001,-1.2));
#4841 = VECTOR('',#4842,1.);
#4842 = DIRECTION('',(0.,0.,-1.));
#4843 = ORIENTED_EDGE('',*,*,#1952,.T.);
#4844 = PLANE('',#4845);
#4845 = AXIS2_PLACEMENT_3D('',#4846,#4847,#4848);
#4846 = CARTESIAN_POINT('',(-37.52120327386,4.130000000001,-1.2));
#4847 = DIRECTION('',(0.,1.,0.));
#4848 = DIRECTION('',(0.,0.,-1.));
#4849 = ADVANCED_FACE('',(#4850),#4861,.T.);
#4850 = FACE_BOUND('',#4851,.T.);
#4851 = EDGE_LOOP('',(#4852,#4853,#4854,#4855));
#4852 = ORIENTED_EDGE('',*,*,#1944,.F.);
#4853 = ORIENTED_EDGE('',*,*,#4838,.F.);
#4854 = ORIENTED_EDGE('',*,*,#4611,.T.);
#4855 = ORIENTED_EDGE('',*,*,#4856,.F.);
#4856 = EDGE_CURVE('',#1936,#4603,#4857,.T.);
#4857 = LINE('',#4858,#4859);
#4858 = CARTESIAN_POINT('',(-36.15,-34.52879435587,-2.2));
#4859 = VECTOR('',#4860,1.);
#4860 = DIRECTION('',(0.,0.,1.));
#4861 = PLANE('',#4862);
#4862 = AXIS2_PLACEMENT_3D('',#4863,#4864,#4865);
#4863 = CARTESIAN_POINT('',(-36.15,36.75,-6.7));
#4864 = DIRECTION('',(1.,0.,0.));
#4865 = DIRECTION('',(0.,-1.,0.));
#4866 = ADVANCED_FACE('',(#4867),#4895,.T.);
#4867 = FACE_BOUND('',#4868,.T.);
#4868 = EDGE_LOOP('',(#4869,#4870,#4878,#4885,#4886,#4887,#4893,#4894));
#4869 = ORIENTED_EDGE('',*,*,#4602,.F.);
#4870 = ORIENTED_EDGE('',*,*,#4871,.T.);
#4871 = EDGE_CURVE('',#4594,#4872,#4874,.T.);
#4872 = VERTEX_POINT('',#4873);
#4873 = CARTESIAN_POINT('',(-32.747,-35.482,-8.));
#4874 = LINE('',#4875,#4876);
#4875 = CARTESIAN_POINT('',(-32.747,-35.482,-2.2));
#4876 = VECTOR('',#4877,1.);
#4877 = DIRECTION('',(-0.,-0.,-1.));
#4878 = ORIENTED_EDGE('',*,*,#4879,.T.);
#4879 = EDGE_CURVE('',#4872,#4872,#4880,.T.);
#4880 = CIRCLE('',#4881,1.835);
#4881 = AXIS2_PLACEMENT_3D('',#4882,#4883,#4884);
#4882 = CARTESIAN_POINT('',(-34.582,-35.482,-8.));
#4883 = DIRECTION('',(0.,0.,1.));
#4884 = DIRECTION('',(1.,0.,0.));
#4885 = ORIENTED_EDGE('',*,*,#4871,.F.);
#4886 = ORIENTED_EDGE('',*,*,#4593,.F.);
#4887 = ORIENTED_EDGE('',*,*,#4888,.F.);
#4888 = EDGE_CURVE('',#1928,#4586,#4889,.T.);
#4889 = LINE('',#4890,#4891);
#4890 = CARTESIAN_POINT('',(-36.15,-36.43520564412,-2.2));
#4891 = VECTOR('',#4892,1.);
#4892 = DIRECTION('',(0.,0.,1.));
#4893 = ORIENTED_EDGE('',*,*,#1935,.F.);
#4894 = ORIENTED_EDGE('',*,*,#4856,.T.);
#4895 = CYLINDRICAL_SURFACE('',#4896,1.835);
#4896 = AXIS2_PLACEMENT_3D('',#4897,#4898,#4899);
#4897 = CARTESIAN_POINT('',(-34.582,-35.482,-2.2));
#4898 = DIRECTION('',(0.,0.,1.));
#4899 = DIRECTION('',(1.,0.,0.));
#4900 = ADVANCED_FACE('',(#4901),#4907,.T.);
#4901 = FACE_BOUND('',#4902,.T.);
#4902 = EDGE_LOOP('',(#4903,#4904,#4905,#4906));
#4903 = ORIENTED_EDGE('',*,*,#1927,.F.);
#4904 = ORIENTED_EDGE('',*,*,#4888,.T.);
#4905 = ORIENTED_EDGE('',*,*,#4585,.T.);
#4906 = ORIENTED_EDGE('',*,*,#4676,.F.);
#4907 = PLANE('',#4908);
#4908 = AXIS2_PLACEMENT_3D('',#4909,#4910,#4911);
#4909 = CARTESIAN_POINT('',(-36.15,36.75,-6.7));
#4910 = DIRECTION('',(1.,0.,0.));
#4911 = DIRECTION('',(0.,-1.,0.));
#4912 = ADVANCED_FACE('',(#4913),#4924,.F.);
#4913 = FACE_BOUND('',#4914,.F.);
#4914 = EDGE_LOOP('',(#4915,#4916,#4922,#4923));
#4915 = ORIENTED_EDGE('',*,*,#2346,.T.);
#4916 = ORIENTED_EDGE('',*,*,#4917,.T.);
#4917 = EDGE_CURVE('',#2347,#2248,#4918,.T.);
#4918 = LINE('',#4919,#4920);
#4919 = CARTESIAN_POINT('',(-30.4,-2.5,-1.));
#4920 = VECTOR('',#4921,1.);
#4921 = DIRECTION('',(1.,0.,0.));
#4922 = ORIENTED_EDGE('',*,*,#2255,.T.);
#4923 = ORIENTED_EDGE('',*,*,#2198,.T.);
#4924 = PLANE('',#4925);
#4925 = AXIS2_PLACEMENT_3D('',#4926,#4927,#4928);
#4926 = CARTESIAN_POINT('',(0.,-5.7487276356E-17,-1.));
#4927 = DIRECTION('',(0.,0.,1.));
#4928 = DIRECTION('',(1.,0.,0.));
#4929 = ADVANCED_FACE('',(#4930),#4941,.T.);
#4930 = FACE_BOUND('',#4931,.T.);
#4931 = EDGE_LOOP('',(#4932,#4933,#4934,#4935));
#4932 = ORIENTED_EDGE('',*,*,#2354,.T.);
#4933 = ORIENTED_EDGE('',*,*,#4917,.T.);
#4934 = ORIENTED_EDGE('',*,*,#2247,.F.);
#4935 = ORIENTED_EDGE('',*,*,#4936,.F.);
#4936 = EDGE_CURVE('',#2355,#2240,#4937,.T.);
#4937 = LINE('',#4938,#4939);
#4938 = CARTESIAN_POINT('',(-30.4,-2.5,-2.2));
#4939 = VECTOR('',#4940,1.);
#4940 = DIRECTION('',(1.,0.,0.));
#4941 = PLANE('',#4942);
#4942 = AXIS2_PLACEMENT_3D('',#4943,#4944,#4945);
#4943 = CARTESIAN_POINT('',(-30.4,-2.5,-2.2));
#4944 = DIRECTION('',(0.,1.,0.));
#4945 = DIRECTION('',(1.,0.,0.));
#4946 = ADVANCED_FACE('',(#4947,#4955),#4966,.T.);
#4947 = FACE_BOUND('',#4948,.T.);
#4948 = EDGE_LOOP('',(#4949,#4950,#4951,#4952,#4953,#4954));
#4949 = ORIENTED_EDGE('',*,*,#2362,.F.);
#4950 = ORIENTED_EDGE('',*,*,#4936,.T.);
#4951 = ORIENTED_EDGE('',*,*,#2239,.F.);
#4952 = ORIENTED_EDGE('',*,*,#2278,.F.);
#4953 = ORIENTED_EDGE('',*,*,#2303,.F.);
#4954 = ORIENTED_EDGE('',*,*,#2327,.F.);
#4955 = FACE_BOUND('',#4956,.T.);
#4956 = EDGE_LOOP('',(#4957));
#4957 = ORIENTED_EDGE('',*,*,#4958,.T.);
#4958 = EDGE_CURVE('',#4959,#4959,#4961,.T.);
#4959 = VERTEX_POINT('',#4960);
#4960 = CARTESIAN_POINT('',(2.9,-34.15,-2.2));
#4961 = CIRCLE('',#4962,2.9);
#4962 = AXIS2_PLACEMENT_3D('',#4963,#4964,#4965);
#4963 = CARTESIAN_POINT('',(0.,-34.15,-2.2));
#4964 = DIRECTION('',(0.,0.,1.));
#4965 = DIRECTION('',(1.,0.,0.));
#4966 = PLANE('',#4967);
#4967 = AXIS2_PLACEMENT_3D('',#4968,#4969,#4970);
#4968 = CARTESIAN_POINT('',(-1.626769345472,0.687159296201,-2.2));
#4969 = DIRECTION('',(-0.,-0.,-1.));
#4970 = DIRECTION('',(-1.,0.,0.));
#4971 = ADVANCED_FACE('',(#4972),#4982,.T.);
#4972 = FACE_BOUND('',#4973,.T.);
#4973 = EDGE_LOOP('',(#4974,#4975,#4976,#4977,#4978,#4979,#4980,#4981));
#4974 = ORIENTED_EDGE('',*,*,#2385,.T.);
#4975 = ORIENTED_EDGE('',*,*,#2434,.T.);
#4976 = ORIENTED_EDGE('',*,*,#2483,.T.);
#4977 = ORIENTED_EDGE('',*,*,#2532,.T.);
#4978 = ORIENTED_EDGE('',*,*,#2557,.T.);
#4979 = ORIENTED_EDGE('',*,*,#2514,.T.);
#4980 = ORIENTED_EDGE('',*,*,#2466,.T.);
#4981 = ORIENTED_EDGE('',*,*,#2416,.T.);
#4982 = PLANE('',#4983);
#4983 = AXIS2_PLACEMENT_3D('',#4984,#4985,#4986);
#4984 = CARTESIAN_POINT('',(-15.,41.70963841157,-1.1));
#4985 = DIRECTION('',(0.,0.,1.));
#4986 = DIRECTION('',(1.,0.,0.));
#4987 = ADVANCED_FACE('',(#4988),#4998,.T.);
#4988 = FACE_BOUND('',#4989,.T.);
#4989 = EDGE_LOOP('',(#4990,#4991,#4992,#4993,#4994,#4995,#4996,#4997));
#4990 = ORIENTED_EDGE('',*,*,#2581,.T.);
#4991 = ORIENTED_EDGE('',*,*,#2630,.T.);
#4992 = ORIENTED_EDGE('',*,*,#2679,.T.);
#4993 = ORIENTED_EDGE('',*,*,#2728,.T.);
#4994 = ORIENTED_EDGE('',*,*,#2753,.T.);
#4995 = ORIENTED_EDGE('',*,*,#2710,.T.);
#4996 = ORIENTED_EDGE('',*,*,#2662,.T.);
#4997 = ORIENTED_EDGE('',*,*,#2612,.T.);
#4998 = PLANE('',#4999);
#4999 = AXIS2_PLACEMENT_3D('',#5000,#5001,#5002);
#5000 = CARTESIAN_POINT('',(-15.,41.70963841157,-1.1));
#5001 = DIRECTION('',(0.,0.,1.));
#5002 = DIRECTION('',(1.,0.,0.));
#5003 = ADVANCED_FACE('',(#5004),#5014,.T.);
#5004 = FACE_BOUND('',#5005,.T.);
#5005 = EDGE_LOOP('',(#5006,#5007,#5008,#5009,#5010,#5011,#5012,#5013));
#5006 = ORIENTED_EDGE('',*,*,#2777,.T.);
#5007 = ORIENTED_EDGE('',*,*,#2826,.T.);
#5008 = ORIENTED_EDGE('',*,*,#2875,.T.);
#5009 = ORIENTED_EDGE('',*,*,#2924,.T.);
#5010 = ORIENTED_EDGE('',*,*,#2949,.T.);
#5011 = ORIENTED_EDGE('',*,*,#2906,.T.);
#5012 = ORIENTED_EDGE('',*,*,#2858,.T.);
#5013 = ORIENTED_EDGE('',*,*,#2808,.T.);
#5014 = PLANE('',#5015);
#5015 = AXIS2_PLACEMENT_3D('',#5016,#5017,#5018);
#5016 = CARTESIAN_POINT('',(-15.,41.70963841157,-1.1));
#5017 = DIRECTION('',(0.,0.,1.));
#5018 = DIRECTION('',(1.,0.,0.));
#5019 = ADVANCED_FACE('',(#5020),#5030,.T.);
#5020 = FACE_BOUND('',#5021,.T.);
#5021 = EDGE_LOOP('',(#5022,#5023,#5024,#5025,#5026,#5027,#5028,#5029));
#5022 = ORIENTED_EDGE('',*,*,#2973,.T.);
#5023 = ORIENTED_EDGE('',*,*,#3022,.T.);
#5024 = ORIENTED_EDGE('',*,*,#3071,.T.);
#5025 = ORIENTED_EDGE('',*,*,#3120,.T.);
#5026 = ORIENTED_EDGE('',*,*,#3145,.T.);
#5027 = ORIENTED_EDGE('',*,*,#3102,.T.);
#5028 = ORIENTED_EDGE('',*,*,#3054,.T.);
#5029 = ORIENTED_EDGE('',*,*,#3004,.T.);
#5030 = PLANE('',#5031);
#5031 = AXIS2_PLACEMENT_3D('',#5032,#5033,#5034);
#5032 = CARTESIAN_POINT('',(-15.,41.70963841157,-1.1));
#5033 = DIRECTION('',(0.,0.,1.));
#5034 = DIRECTION('',(1.,0.,0.));
#5035 = ADVANCED_FACE('',(#5036),#5046,.T.);
#5036 = FACE_BOUND('',#5037,.T.);
#5037 = EDGE_LOOP('',(#5038,#5039,#5040,#5041,#5042,#5043,#5044,#5045));
#5038 = ORIENTED_EDGE('',*,*,#3169,.T.);
#5039 = ORIENTED_EDGE('',*,*,#3218,.T.);
#5040 = ORIENTED_EDGE('',*,*,#3267,.T.);
#5041 = ORIENTED_EDGE('',*,*,#3316,.T.);
#5042 = ORIENTED_EDGE('',*,*,#3341,.T.);
#5043 = ORIENTED_EDGE('',*,*,#3298,.T.);
#5044 = ORIENTED_EDGE('',*,*,#3250,.T.);
#5045 = ORIENTED_EDGE('',*,*,#3200,.T.);
#5046 = PLANE('',#5047);
#5047 = AXIS2_PLACEMENT_3D('',#5048,#5049,#5050);
#5048 = CARTESIAN_POINT('',(-15.,41.70963841157,-1.1));
#5049 = DIRECTION('',(0.,0.,1.));
#5050 = DIRECTION('',(1.,0.,0.));
#5051 = ADVANCED_FACE('',(#5052),#5063,.F.);
#5052 = FACE_BOUND('',#5053,.F.);
#5053 = EDGE_LOOP('',(#5054,#5055,#5056,#5057));
#5054 = ORIENTED_EDGE('',*,*,#3551,.T.);
#5055 = ORIENTED_EDGE('',*,*,#3397,.T.);
#5056 = ORIENTED_EDGE('',*,*,#3642,.T.);
#5057 = ORIENTED_EDGE('',*,*,#5058,.T.);
#5058 = EDGE_CURVE('',#3643,#3544,#5059,.T.);
#5059 = LINE('',#5060,#5061);
#5060 = CARTESIAN_POINT('',(30.4,2.5,-1.));
#5061 = VECTOR('',#5062,1.);
#5062 = DIRECTION('',(-1.,0.,0.));
#5063 = PLANE('',#5064);
#5064 = AXIS2_PLACEMENT_3D('',#5065,#5066,#5067);
#5065 = CARTESIAN_POINT('',(0.,-5.7487276356E-17,-1.));
#5066 = DIRECTION('',(0.,0.,1.));
#5067 = DIRECTION('',(1.,0.,0.));
#5068 = ADVANCED_FACE('',(#5069),#5080,.T.);
#5069 = FACE_BOUND('',#5070,.T.);
#5070 = EDGE_LOOP('',(#5071,#5072,#5073,#5074));
#5071 = ORIENTED_EDGE('',*,*,#3650,.T.);
#5072 = ORIENTED_EDGE('',*,*,#5058,.T.);
#5073 = ORIENTED_EDGE('',*,*,#3543,.F.);
#5074 = ORIENTED_EDGE('',*,*,#5075,.F.);
#5075 = EDGE_CURVE('',#3651,#3536,#5076,.T.);
#5076 = LINE('',#5077,#5078);
#5077 = CARTESIAN_POINT('',(30.4,2.5,-2.2));
#5078 = VECTOR('',#5079,1.);
#5079 = DIRECTION('',(-1.,0.,0.));
#5080 = PLANE('',#5081);
#5081 = AXIS2_PLACEMENT_3D('',#5082,#5083,#5084);
#5082 = CARTESIAN_POINT('',(30.4,2.5,-2.2));
#5083 = DIRECTION('',(0.,-1.,0.));
#5084 = DIRECTION('',(-1.,0.,0.));
#5085 = ADVANCED_FACE('',(#5086,#5094),#5105,.T.);
#5086 = FACE_BOUND('',#5087,.T.);
#5087 = EDGE_LOOP('',(#5088,#5089,#5090,#5091,#5092,#5093));
#5088 = ORIENTED_EDGE('',*,*,#3658,.F.);
#5089 = ORIENTED_EDGE('',*,*,#5075,.T.);
#5090 = ORIENTED_EDGE('',*,*,#3535,.F.);
#5091 = ORIENTED_EDGE('',*,*,#3574,.F.);
#5092 = ORIENTED_EDGE('',*,*,#3599,.F.);
#5093 = ORIENTED_EDGE('',*,*,#3623,.F.);
#5094 = FACE_BOUND('',#5095,.T.);
#5095 = EDGE_LOOP('',(#5096));
#5096 = ORIENTED_EDGE('',*,*,#5097,.T.);
#5097 = EDGE_CURVE('',#5098,#5098,#5100,.T.);
#5098 = VERTEX_POINT('',#5099);
#5099 = CARTESIAN_POINT('',(2.9,19.25,-2.2));
#5100 = CIRCLE('',#5101,2.9);
#5101 = AXIS2_PLACEMENT_3D('',#5102,#5103,#5104);
#5102 = CARTESIAN_POINT('',(0.,19.25,-2.2));
#5103 = DIRECTION('',(0.,0.,1.));
#5104 = DIRECTION('',(1.,0.,0.));
#5105 = PLANE('',#5106);
#5106 = AXIS2_PLACEMENT_3D('',#5107,#5108,#5109);
#5107 = CARTESIAN_POINT('',(-1.626769345472,0.687159296201,-2.2));
#5108 = DIRECTION('',(-0.,-0.,-1.));
#5109 = DIRECTION('',(-1.,0.,0.));
#5110 = ADVANCED_FACE('',(#5111,#5145,#5148),#5151,.F.);
#5111 = FACE_BOUND('',#5112,.F.);
#5112 = EDGE_LOOP('',(#5113,#5123,#5131,#5139));
#5113 = ORIENTED_EDGE('',*,*,#5114,.T.);
#5114 = EDGE_CURVE('',#5115,#5117,#5119,.T.);
#5115 = VERTEX_POINT('',#5116);
#5116 = CARTESIAN_POINT('',(24.9,42.35,-8.));
#5117 = VERTEX_POINT('',#5118);
#5118 = CARTESIAN_POINT('',(24.9,38.85,-8.));
#5119 = LINE('',#5120,#5121);
#5120 = CARTESIAN_POINT('',(24.9,42.35,-8.));
#5121 = VECTOR('',#5122,1.);
#5122 = DIRECTION('',(0.,-1.,0.));
#5123 = ORIENTED_EDGE('',*,*,#5124,.T.);
#5124 = EDGE_CURVE('',#5117,#5125,#5127,.T.);
#5125 = VERTEX_POINT('',#5126);
#5126 = CARTESIAN_POINT('',(29.9,38.85,-8.));
#5127 = LINE('',#5128,#5129);
#5128 = CARTESIAN_POINT('',(24.9,38.85,-8.));
#5129 = VECTOR('',#5130,1.);
#5130 = DIRECTION('',(1.,0.,0.));
#5131 = ORIENTED_EDGE('',*,*,#5132,.T.);
#5132 = EDGE_CURVE('',#5125,#5133,#5135,.T.);
#5133 = VERTEX_POINT('',#5134);
#5134 = CARTESIAN_POINT('',(29.9,42.35,-8.));
#5135 = LINE('',#5136,#5137);
#5136 = CARTESIAN_POINT('',(29.9,38.85,-8.));
#5137 = VECTOR('',#5138,1.);
#5138 = DIRECTION('',(0.,1.,0.));
#5139 = ORIENTED_EDGE('',*,*,#5140,.T.);
#5140 = EDGE_CURVE('',#5133,#5115,#5141,.T.);
#5141 = LINE('',#5142,#5143);
#5142 = CARTESIAN_POINT('',(29.9,42.35,-8.));
#5143 = VECTOR('',#5144,1.);
#5144 = DIRECTION('',(-1.,0.,0.));
#5145 = FACE_BOUND('',#5146,.T.);
#5146 = EDGE_LOOP('',(#5147));
#5147 = ORIENTED_EDGE('',*,*,#3673,.T.);
#5148 = FACE_BOUND('',#5149,.T.);
#5149 = EDGE_LOOP('',(#5150));
#5150 = ORIENTED_EDGE('',*,*,#3697,.T.);
#5151 = PLANE('',#5152);
#5152 = AXIS2_PLACEMENT_3D('',#5153,#5154,#5155);
#5153 = CARTESIAN_POINT('',(27.4,40.6,-8.));
#5154 = DIRECTION('',(0.,0.,1.));
#5155 = DIRECTION('',(1.,0.,0.));
#5156 = ADVANCED_FACE('',(#5157),#5218,.F.);
#5157 = FACE_BOUND('',#5158,.F.);
#5158 = EDGE_LOOP('',(#5159,#5160,#5161,#5169,#5178,#5184,#5185,#5193,
    #5202,#5211));
#5159 = ORIENTED_EDGE('',*,*,#3746,.F.);
#5160 = ORIENTED_EDGE('',*,*,#3927,.T.);
#5161 = ORIENTED_EDGE('',*,*,#5162,.T.);
#5162 = EDGE_CURVE('',#3928,#5163,#5165,.T.);
#5163 = VERTEX_POINT('',#5164);
#5164 = CARTESIAN_POINT('',(-27.15,47.321203273864,-5.3));
#5165 = LINE('',#5166,#5167);
#5166 = CARTESIAN_POINT('',(27.149999999997,47.321203273864,-5.3));
#5167 = VECTOR('',#5168,1.);
#5168 = DIRECTION('',(-1.,0.,0.));
#5169 = ORIENTED_EDGE('',*,*,#5170,.T.);
#5170 = EDGE_CURVE('',#5163,#5171,#5173,.T.);
#5171 = VERTEX_POINT('',#5172);
#5172 = CARTESIAN_POINT('',(-37.72120327386,36.75,-5.3));
#5173 = CIRCLE('',#5174,10.571203273864);
#5174 = AXIS2_PLACEMENT_3D('',#5175,#5176,#5177);
#5175 = CARTESIAN_POINT('',(-27.15,36.75,-5.3));
#5176 = DIRECTION('',(0.,0.,1.));
#5177 = DIRECTION('',(1.,0.,0.));
#5178 = ORIENTED_EDGE('',*,*,#5179,.T.);
#5179 = EDGE_CURVE('',#5171,#3979,#5180,.T.);
#5180 = LINE('',#5181,#5182);
#5181 = CARTESIAN_POINT('',(-37.72120327386,36.75,-5.3));
#5182 = VECTOR('',#5183,1.);
#5183 = DIRECTION('',(0.,-1.,0.));
#5184 = ORIENTED_EDGE('',*,*,#3986,.T.);
#5185 = ORIENTED_EDGE('',*,*,#5186,.F.);
#5186 = EDGE_CURVE('',#5187,#3987,#5189,.T.);
#5187 = VERTEX_POINT('',#5188);
#5188 = CARTESIAN_POINT('',(-36.15,36.75,-5.3));
#5189 = LINE('',#5190,#5191);
#5190 = CARTESIAN_POINT('',(-36.15,36.75,-5.3));
#5191 = VECTOR('',#5192,1.);
#5192 = DIRECTION('',(0.,-1.,0.));
#5193 = ORIENTED_EDGE('',*,*,#5194,.T.);
#5194 = EDGE_CURVE('',#5187,#5195,#5197,.T.);
#5195 = VERTEX_POINT('',#5196);
#5196 = CARTESIAN_POINT('',(-33.77660085675,42.840005015213,-5.3));
#5197 = CIRCLE('',#5198,9.);
#5198 = AXIS2_PLACEMENT_3D('',#5199,#5200,#5201);
#5199 = CARTESIAN_POINT('',(-27.15,36.75,-5.3));
#5200 = DIRECTION('',(0.,0.,-1.));
#5201 = DIRECTION('',(1.,0.,0.));
#5202 = ORIENTED_EDGE('',*,*,#5203,.F.);
#5203 = EDGE_CURVE('',#5204,#5195,#5206,.T.);
#5204 = VERTEX_POINT('',#5205);
#5205 = CARTESIAN_POINT('',(-33.04278779787,43.552576862425,-5.3));
#5206 = CIRCLE('',#5207,1.835);
#5207 = AXIS2_PLACEMENT_3D('',#5208,#5209,#5210);
#5208 = CARTESIAN_POINT('',(-32.182,41.932,-5.3));
#5209 = DIRECTION('',(0.,0.,1.));
#5210 = DIRECTION('',(1.,0.,0.));
#5211 = ORIENTED_EDGE('',*,*,#5212,.T.);
#5212 = EDGE_CURVE('',#5204,#3739,#5213,.T.);
#5213 = CIRCLE('',#5214,9.);
#5214 = AXIS2_PLACEMENT_3D('',#5215,#5216,#5217);
#5215 = CARTESIAN_POINT('',(-27.15,36.75,-5.3));
#5216 = DIRECTION('',(0.,0.,-1.));
#5217 = DIRECTION('',(1.,0.,0.));
#5218 = PLANE('',#5219);
#5219 = AXIS2_PLACEMENT_3D('',#5220,#5221,#5222);
#5220 = CARTESIAN_POINT('',(27.149999999997,36.75,-5.3));
#5221 = DIRECTION('',(0.,0.,1.));
#5222 = DIRECTION('',(1.,0.,0.));
#5223 = ADVANCED_FACE('',(#5224),#5235,.F.);
#5224 = FACE_BOUND('',#5225,.T.);
#5225 = EDGE_LOOP('',(#5226,#5232,#5233,#5234));
#5226 = ORIENTED_EDGE('',*,*,#5227,.T.);
#5227 = EDGE_CURVE('',#4489,#5204,#5228,.T.);
#5228 = LINE('',#5229,#5230);
#5229 = CARTESIAN_POINT('',(-33.04278779787,43.552576862425,-6.7));
#5230 = VECTOR('',#5231,1.);
#5231 = DIRECTION('',(-0.,-0.,-1.));
#5232 = ORIENTED_EDGE('',*,*,#5212,.T.);
#5233 = ORIENTED_EDGE('',*,*,#3738,.T.);
#5234 = ORIENTED_EDGE('',*,*,#4497,.T.);
#5235 = CYLINDRICAL_SURFACE('',#5236,9.);
#5236 = AXIS2_PLACEMENT_3D('',#5237,#5238,#5239);
#5237 = CARTESIAN_POINT('',(-27.15,36.75,-6.7));
#5238 = DIRECTION('',(-0.,-0.,-1.));
#5239 = DIRECTION('',(1.,0.,0.));
#5240 = ADVANCED_FACE('',(#5241),#5251,.F.);
#5241 = FACE_BOUND('',#5242,.F.);
#5242 = EDGE_LOOP('',(#5243,#5244,#5245,#5250));
#5243 = ORIENTED_EDGE('',*,*,#3935,.F.);
#5244 = ORIENTED_EDGE('',*,*,#3907,.T.);
#5245 = ORIENTED_EDGE('',*,*,#5246,.T.);
#5246 = EDGE_CURVE('',#3899,#5163,#5247,.T.);
#5247 = B_SPLINE_CURVE_WITH_KNOTS('',1,(#5248,#5249),.UNSPECIFIED.,.F.,
  .F.,(2,2),(0.,1.),.PIECEWISE_BEZIER_KNOTS.);
#5248 = CARTESIAN_POINT('',(-27.15,46.95,-6.7));
#5249 = CARTESIAN_POINT('',(-27.15,47.321203273864,-5.3));
#5250 = ORIENTED_EDGE('',*,*,#5162,.F.);
#5251 = PLANE('',#5252);
#5252 = AXIS2_PLACEMENT_3D('',#5253,#5254,#5255);
#5253 = CARTESIAN_POINT('',(27.149999999997,47.321203273864,-5.3));
#5254 = DIRECTION('',(0.,0.966600102017,-0.256289373133));
#5255 = DIRECTION('',(-1.,0.,0.));
#5256 = ADVANCED_FACE('',(#5257),#5267,.F.);
#5257 = FACE_BOUND('',#5258,.F.);
#5258 = EDGE_LOOP('',(#5259,#5260,#5265,#5266));
#5259 = ORIENTED_EDGE('',*,*,#3898,.T.);
#5260 = ORIENTED_EDGE('',*,*,#5261,.T.);
#5261 = EDGE_CURVE('',#3891,#5171,#5262,.T.);
#5262 = B_SPLINE_CURVE_WITH_KNOTS('',1,(#5263,#5264),.UNSPECIFIED.,.F.,
  .F.,(2,2),(0.,1.),.PIECEWISE_BEZIER_KNOTS.);
#5263 = CARTESIAN_POINT('',(-37.35,36.75,-6.7));
#5264 = CARTESIAN_POINT('',(-37.72120327386,36.75,-5.3));
#5265 = ORIENTED_EDGE('',*,*,#5170,.F.);
#5266 = ORIENTED_EDGE('',*,*,#5246,.F.);
#5267 = CONICAL_SURFACE('',#5268,10.2,0.259181393921);
#5268 = AXIS2_PLACEMENT_3D('',#5269,#5270,#5271);
#5269 = CARTESIAN_POINT('',(-27.15,36.75,-6.7));
#5270 = DIRECTION('',(0.,0.,1.));
#5271 = DIRECTION('',(1.,0.,0.));
#5272 = ADVANCED_FACE('',(#5273),#5279,.F.);
#5273 = FACE_BOUND('',#5274,.F.);
#5274 = EDGE_LOOP('',(#5275,#5276,#5277,#5278));
#5275 = ORIENTED_EDGE('',*,*,#5261,.F.);
#5276 = ORIENTED_EDGE('',*,*,#3890,.T.);
#5277 = ORIENTED_EDGE('',*,*,#3978,.T.);
#5278 = ORIENTED_EDGE('',*,*,#5179,.F.);
#5279 = PLANE('',#5280);
#5280 = AXIS2_PLACEMENT_3D('',#5281,#5282,#5283);
#5281 = CARTESIAN_POINT('',(-37.72120327386,36.75,-5.3));
#5282 = DIRECTION('',(-0.966600102017,0.,-0.256289373133));
#5283 = DIRECTION('',(0.,-1.,0.));
#5284 = ADVANCED_FACE('',(#5285),#5335,.T.);
#5285 = FACE_BOUND('',#5286,.T.);
#5286 = EDGE_LOOP('',(#5287,#5288,#5294,#5295,#5303,#5311,#5317,#5318,
    #5326,#5332,#5333,#5334));
#5287 = ORIENTED_EDGE('',*,*,#5186,.F.);
#5288 = ORIENTED_EDGE('',*,*,#5289,.T.);
#5289 = EDGE_CURVE('',#5187,#4463,#5290,.T.);
#5290 = LINE('',#5291,#5292);
#5291 = CARTESIAN_POINT('',(-36.15,36.75,-6.7));
#5292 = VECTOR('',#5293,1.);
#5293 = DIRECTION('',(0.,0.,1.));
#5294 = ORIENTED_EDGE('',*,*,#4462,.T.);
#5295 = ORIENTED_EDGE('',*,*,#5296,.T.);
#5296 = EDGE_CURVE('',#4455,#5297,#5299,.T.);
#5297 = VERTEX_POINT('',#5298);
#5298 = CARTESIAN_POINT('',(-36.15,32.25,-1.1));
#5299 = LINE('',#5300,#5301);
#5300 = CARTESIAN_POINT('',(-36.15,32.25,-10.9));
#5301 = VECTOR('',#5302,1.);
#5302 = DIRECTION('',(0.,0.,1.));
#5303 = ORIENTED_EDGE('',*,*,#5304,.T.);
#5304 = EDGE_CURVE('',#5297,#5305,#5307,.T.);
#5305 = VERTEX_POINT('',#5306);
#5306 = CARTESIAN_POINT('',(-36.15,21.45,-1.1));
#5307 = LINE('',#5308,#5309);
#5308 = CARTESIAN_POINT('',(-36.15,32.25,-1.1));
#5309 = VECTOR('',#5310,1.);
#5310 = DIRECTION('',(0.,-1.,0.));
#5311 = ORIENTED_EDGE('',*,*,#5312,.T.);
#5312 = EDGE_CURVE('',#5305,#4431,#5313,.T.);
#5313 = LINE('',#5314,#5315);
#5314 = CARTESIAN_POINT('',(-36.15,21.45,-1.1));
#5315 = VECTOR('',#5316,1.);
#5316 = DIRECTION('',(0.,0.,-1.));
#5317 = ORIENTED_EDGE('',*,*,#4430,.T.);
#5318 = ORIENTED_EDGE('',*,*,#5319,.F.);
#5319 = EDGE_CURVE('',#5320,#4423,#5322,.T.);
#5320 = VERTEX_POINT('',#5321);
#5321 = CARTESIAN_POINT('',(-36.15,19.73,-5.3));
#5322 = LINE('',#5323,#5324);
#5323 = CARTESIAN_POINT('',(-36.15,19.73,-10.8));
#5324 = VECTOR('',#5325,1.);
#5325 = DIRECTION('',(0.,0.,1.));
#5326 = ORIENTED_EDGE('',*,*,#5327,.F.);
#5327 = EDGE_CURVE('',#4147,#5320,#5328,.T.);
#5328 = LINE('',#5329,#5330);
#5329 = CARTESIAN_POINT('',(-36.15,36.75,-5.3));
#5330 = VECTOR('',#5331,1.);
#5331 = DIRECTION('',(0.,-1.,0.));
#5332 = ORIENTED_EDGE('',*,*,#4146,.F.);
#5333 = ORIENTED_EDGE('',*,*,#4064,.F.);
#5334 = ORIENTED_EDGE('',*,*,#3994,.F.);
#5335 = PLANE('',#5336);
#5336 = AXIS2_PLACEMENT_3D('',#5337,#5338,#5339);
#5337 = CARTESIAN_POINT('',(-36.15,27.592369668246,-2.983412322275));
#5338 = DIRECTION('',(1.,0.,-1.023037438282E-15));
#5339 = DIRECTION('',(1.023037438282E-15,0.,1.));
#5340 = ADVANCED_FACE('',(#5341),#5382,.F.);
#5341 = FACE_BOUND('',#5342,.F.);
#5342 = EDGE_LOOP('',(#5343,#5344,#5350,#5351,#5352,#5360,#5368,#5376));
#5343 = ORIENTED_EDGE('',*,*,#4201,.T.);
#5344 = ORIENTED_EDGE('',*,*,#5345,.T.);
#5345 = EDGE_CURVE('',#4202,#4034,#5346,.T.);
#5346 = LINE('',#5347,#5348);
#5347 = CARTESIAN_POINT('',(-37.72120327386,36.75,-5.3));
#5348 = VECTOR('',#5349,1.);
#5349 = DIRECTION('',(0.,-1.,0.));
#5350 = ORIENTED_EDGE('',*,*,#4041,.T.);
#5351 = ORIENTED_EDGE('',*,*,#4365,.T.);
#5352 = ORIENTED_EDGE('',*,*,#5353,.T.);
#5353 = EDGE_CURVE('',#4338,#5354,#5356,.T.);
#5354 = VERTEX_POINT('',#5355);
#5355 = CARTESIAN_POINT('',(-36.15,10.829999999999,-5.3));
#5356 = LINE('',#5357,#5358);
#5357 = CARTESIAN_POINT('',(-5.185601636934,10.829999999999,-5.3));
#5358 = VECTOR('',#5359,1.);
#5359 = DIRECTION('',(1.,0.,0.));
#5360 = ORIENTED_EDGE('',*,*,#5361,.F.);
#5361 = EDGE_CURVE('',#5362,#5354,#5364,.T.);
#5362 = VERTEX_POINT('',#5363);
#5363 = CARTESIAN_POINT('',(-36.15,13.03,-5.3));
#5364 = LINE('',#5365,#5366);
#5365 = CARTESIAN_POINT('',(-36.15,36.75,-5.3));
#5366 = VECTOR('',#5367,1.);
#5367 = DIRECTION('',(0.,-1.,0.));
#5368 = ORIENTED_EDGE('',*,*,#5369,.T.);
#5369 = EDGE_CURVE('',#5362,#5370,#5372,.T.);
#5370 = VERTEX_POINT('',#5371);
#5371 = CARTESIAN_POINT('',(-37.52120327386,13.03,-5.3));
#5372 = LINE('',#5373,#5374);
#5373 = CARTESIAN_POINT('',(-5.185601636934,13.03,-5.3));
#5374 = VECTOR('',#5375,1.);
#5375 = DIRECTION('',(-1.,0.,0.));
#5376 = ORIENTED_EDGE('',*,*,#5377,.T.);
#5377 = EDGE_CURVE('',#5370,#4194,#5378,.T.);
#5378 = LINE('',#5379,#5380);
#5379 = CARTESIAN_POINT('',(-37.52120327386,24.34,-5.3));
#5380 = VECTOR('',#5381,1.);
#5381 = DIRECTION('',(0.,1.,0.));
#5382 = PLANE('',#5383);
#5383 = AXIS2_PLACEMENT_3D('',#5384,#5385,#5386);
#5384 = CARTESIAN_POINT('',(27.149999999997,36.75,-5.3));
#5385 = DIRECTION('',(0.,0.,1.));
#5386 = DIRECTION('',(1.,0.,0.));
#5387 = ADVANCED_FACE('',(#5388),#5422,.F.);
#5388 = FACE_BOUND('',#5389,.F.);
#5389 = EDGE_LOOP('',(#5390,#5391,#5392,#5400,#5406,#5407,#5415,#5421));
#5390 = ORIENTED_EDGE('',*,*,#5345,.F.);
#5391 = ORIENTED_EDGE('',*,*,#4209,.T.);
#5392 = ORIENTED_EDGE('',*,*,#5393,.T.);
#5393 = EDGE_CURVE('',#4210,#5394,#5396,.T.);
#5394 = VERTEX_POINT('',#5395);
#5395 = CARTESIAN_POINT('',(-37.52120327386,13.03,-6.054303692112));
#5396 = LINE('',#5397,#5398);
#5397 = CARTESIAN_POINT('',(-37.52120327386,24.34,-6.054303692112));
#5398 = VECTOR('',#5399,1.);
#5399 = DIRECTION('',(0.,-1.,0.));
#5400 = ORIENTED_EDGE('',*,*,#5401,.T.);
#5401 = EDGE_CURVE('',#5394,#4115,#5402,.T.);
#5402 = LINE('',#5403,#5404);
#5403 = CARTESIAN_POINT('',(-38.22247998472,13.03,-3.409425631122));
#5404 = VECTOR('',#5405,1.);
#5405 = DIRECTION('',(0.256289373133,0.,-0.966600102017));
#5406 = ORIENTED_EDGE('',*,*,#4114,.T.);
#5407 = ORIENTED_EDGE('',*,*,#5408,.T.);
#5408 = EDGE_CURVE('',#4107,#5409,#5411,.T.);
#5409 = VERTEX_POINT('',#5410);
#5410 = CARTESIAN_POINT('',(-37.52120327386,10.829999999999,
    -6.054303692112));
#5411 = LINE('',#5412,#5413);
#5412 = CARTESIAN_POINT('',(-37.03337918049,10.829999999999,
    -7.894141265773));
#5413 = VECTOR('',#5414,1.);
#5414 = DIRECTION('',(-0.256289373133,0.,0.966600102017));
#5415 = ORIENTED_EDGE('',*,*,#5416,.T.);
#5416 = EDGE_CURVE('',#5409,#4026,#5417,.T.);
#5417 = LINE('',#5418,#5419);
#5418 = CARTESIAN_POINT('',(-37.52120327386,24.34,-6.054303692112));
#5419 = VECTOR('',#5420,1.);
#5420 = DIRECTION('',(0.,-1.,0.));
#5421 = ORIENTED_EDGE('',*,*,#4033,.T.);
#5422 = PLANE('',#5423);
#5423 = AXIS2_PLACEMENT_3D('',#5424,#5425,#5426);
#5424 = CARTESIAN_POINT('',(-37.72120327386,36.75,-5.3));
#5425 = DIRECTION('',(-0.966600102017,0.,-0.256289373133));
#5426 = DIRECTION('',(0.,-1.,0.));
#5427 = ADVANCED_FACE('',(#5428),#5439,.T.);
#5428 = FACE_BOUND('',#5429,.T.);
#5429 = EDGE_LOOP('',(#5430,#5436,#5437,#5438));
#5430 = ORIENTED_EDGE('',*,*,#5431,.T.);
#5431 = EDGE_CURVE('',#4099,#5409,#5432,.T.);
#5432 = LINE('',#5433,#5434);
#5433 = CARTESIAN_POINT('',(-37.52120327386,10.829999999999,
    -10.79999999999));
#5434 = VECTOR('',#5435,1.);
#5435 = DIRECTION('',(0.,0.,1.));
#5436 = ORIENTED_EDGE('',*,*,#5416,.T.);
#5437 = ORIENTED_EDGE('',*,*,#4025,.F.);
#5438 = ORIENTED_EDGE('',*,*,#4098,.T.);
#5439 = PLANE('',#5440);
#5440 = AXIS2_PLACEMENT_3D('',#5441,#5442,#5443);
#5441 = CARTESIAN_POINT('',(-37.52120327386,11.930000000001,
    -5.999999999999));
#5442 = DIRECTION('',(1.,0.,0.));
#5443 = DIRECTION('',(0.,0.,1.));
#5444 = ADVANCED_FACE('',(#5445),#5456,.T.);
#5445 = FACE_BOUND('',#5446,.T.);
#5446 = EDGE_LOOP('',(#5447,#5448,#5454,#5455));
#5447 = ORIENTED_EDGE('',*,*,#5393,.T.);
#5448 = ORIENTED_EDGE('',*,*,#5449,.T.);
#5449 = EDGE_CURVE('',#5394,#4123,#5450,.T.);
#5450 = LINE('',#5451,#5452);
#5451 = CARTESIAN_POINT('',(-37.52120327386,13.03,-1.2));
#5452 = VECTOR('',#5453,1.);
#5453 = DIRECTION('',(0.,0.,-1.));
#5454 = ORIENTED_EDGE('',*,*,#4130,.T.);
#5455 = ORIENTED_EDGE('',*,*,#4217,.F.);
#5456 = PLANE('',#5457);
#5457 = AXIS2_PLACEMENT_3D('',#5458,#5459,#5460);
#5458 = CARTESIAN_POINT('',(-37.52120327386,11.930000000001,
    -5.999999999999));
#5459 = DIRECTION('',(1.,0.,0.));
#5460 = DIRECTION('',(0.,0.,1.));
#5461 = ADVANCED_FACE('',(#5462),#5467,.T.);
#5462 = FACE_BOUND('',#5463,.T.);
#5463 = EDGE_LOOP('',(#5464,#5465,#5466));
#5464 = ORIENTED_EDGE('',*,*,#5449,.F.);
#5465 = ORIENTED_EDGE('',*,*,#5401,.T.);
#5466 = ORIENTED_EDGE('',*,*,#4122,.T.);
#5467 = PLANE('',#5468);
#5468 = AXIS2_PLACEMENT_3D('',#5469,#5470,#5471);
#5469 = CARTESIAN_POINT('',(-37.52120327386,13.03,-1.2));
#5470 = DIRECTION('',(0.,1.,0.));
#5471 = DIRECTION('',(0.,0.,-1.));
#5472 = ADVANCED_FACE('',(#5473),#5478,.T.);
#5473 = FACE_BOUND('',#5474,.T.);
#5474 = EDGE_LOOP('',(#5475,#5476,#5477));
#5475 = ORIENTED_EDGE('',*,*,#5431,.F.);
#5476 = ORIENTED_EDGE('',*,*,#4106,.T.);
#5477 = ORIENTED_EDGE('',*,*,#5408,.T.);
#5478 = PLANE('',#5479);
#5479 = AXIS2_PLACEMENT_3D('',#5480,#5481,#5482);
#5480 = CARTESIAN_POINT('',(-37.52120327386,10.829999999999,
    -10.79999999999));
#5481 = DIRECTION('',(0.,-1.,0.));
#5482 = DIRECTION('',(0.,0.,1.));
#5483 = ADVANCED_FACE('',(#5484),#5509,.F.);
#5484 = FACE_BOUND('',#5485,.F.);
#5485 = EDGE_LOOP('',(#5486,#5492,#5493,#5494,#5502,#5508));
#5486 = ORIENTED_EDGE('',*,*,#5487,.F.);
#5487 = EDGE_CURVE('',#4155,#4307,#5488,.T.);
#5488 = LINE('',#5489,#5490);
#5489 = CARTESIAN_POINT('',(-37.72120327386,36.75,-5.3));
#5490 = VECTOR('',#5491,1.);
#5491 = DIRECTION('',(0.,-1.,0.));
#5492 = ORIENTED_EDGE('',*,*,#4162,.T.);
#5493 = ORIENTED_EDGE('',*,*,#4258,.T.);
#5494 = ORIENTED_EDGE('',*,*,#5495,.T.);
#5495 = EDGE_CURVE('',#4251,#5496,#5498,.T.);
#5496 = VERTEX_POINT('',#5497);
#5497 = CARTESIAN_POINT('',(-37.52120327386,19.73,-6.054303692112));
#5498 = LINE('',#5499,#5500);
#5499 = CARTESIAN_POINT('',(-37.03337918049,19.73,-7.894141265774));
#5500 = VECTOR('',#5501,1.);
#5501 = DIRECTION('',(-0.256289373133,0.,0.966600102017));
#5502 = ORIENTED_EDGE('',*,*,#5503,.T.);
#5503 = EDGE_CURVE('',#5496,#4299,#5504,.T.);
#5504 = LINE('',#5505,#5506);
#5505 = CARTESIAN_POINT('',(-37.52120327386,24.34,-6.054303692112));
#5506 = VECTOR('',#5507,1.);
#5507 = DIRECTION('',(0.,-1.,0.));
#5508 = ORIENTED_EDGE('',*,*,#4306,.T.);
#5509 = PLANE('',#5510);
#5510 = AXIS2_PLACEMENT_3D('',#5511,#5512,#5513);
#5511 = CARTESIAN_POINT('',(-37.72120327386,36.75,-5.3));
#5512 = DIRECTION('',(-0.966600102017,0.,-0.256289373133));
#5513 = DIRECTION('',(0.,-1.,0.));
#5514 = ADVANCED_FACE('',(#5515),#5535,.F.);
#5515 = FACE_BOUND('',#5516,.F.);
#5516 = EDGE_LOOP('',(#5517,#5518,#5519,#5520,#5521,#5529));
#5517 = ORIENTED_EDGE('',*,*,#5327,.F.);
#5518 = ORIENTED_EDGE('',*,*,#4154,.T.);
#5519 = ORIENTED_EDGE('',*,*,#5487,.T.);
#5520 = ORIENTED_EDGE('',*,*,#4314,.T.);
#5521 = ORIENTED_EDGE('',*,*,#5522,.T.);
#5522 = EDGE_CURVE('',#4315,#5523,#5525,.T.);
#5523 = VERTEX_POINT('',#5524);
#5524 = CARTESIAN_POINT('',(-37.52120327386,19.73,-5.3));
#5525 = LINE('',#5526,#5527);
#5526 = CARTESIAN_POINT('',(-37.52120327386,24.34,-5.3));
#5527 = VECTOR('',#5528,1.);
#5528 = DIRECTION('',(0.,1.,0.));
#5529 = ORIENTED_EDGE('',*,*,#5530,.T.);
#5530 = EDGE_CURVE('',#5523,#5320,#5531,.T.);
#5531 = LINE('',#5532,#5533);
#5532 = CARTESIAN_POINT('',(-5.185601636934,19.73,-5.3));
#5533 = VECTOR('',#5534,1.);
#5534 = DIRECTION('',(1.,0.,0.));
#5535 = PLANE('',#5536);
#5536 = AXIS2_PLACEMENT_3D('',#5537,#5538,#5539);
#5537 = CARTESIAN_POINT('',(27.149999999997,36.75,-5.3));
#5538 = DIRECTION('',(0.,0.,1.));
#5539 = DIRECTION('',(1.,0.,0.));
#5540 = ADVANCED_FACE('',(#5541),#5570,.T.);
#5541 = FACE_BOUND('',#5542,.T.);
#5542 = EDGE_LOOP('',(#5543,#5551,#5559,#5565,#5566,#5567,#5568,#5569));
#5543 = ORIENTED_EDGE('',*,*,#5544,.T.);
#5544 = EDGE_CURVE('',#5523,#5545,#5547,.T.);
#5545 = VERTEX_POINT('',#5546);
#5546 = CARTESIAN_POINT('',(-37.52120327386,19.73,-1.2));
#5547 = LINE('',#5548,#5549);
#5548 = CARTESIAN_POINT('',(-37.52120327386,19.73,-10.8));
#5549 = VECTOR('',#5550,1.);
#5550 = DIRECTION('',(0.,0.,1.));
#5551 = ORIENTED_EDGE('',*,*,#5552,.T.);
#5552 = EDGE_CURVE('',#5545,#5553,#5555,.T.);
#5553 = VERTEX_POINT('',#5554);
#5554 = CARTESIAN_POINT('',(-37.52120327386,13.03,-1.2));
#5555 = LINE('',#5556,#5557);
#5556 = CARTESIAN_POINT('',(-37.52120327386,19.73,-1.2));
#5557 = VECTOR('',#5558,1.);
#5558 = DIRECTION('',(0.,-1.,0.));
#5559 = ORIENTED_EDGE('',*,*,#5560,.T.);
#5560 = EDGE_CURVE('',#5553,#5370,#5561,.T.);
#5561 = LINE('',#5562,#5563);
#5562 = CARTESIAN_POINT('',(-37.52120327386,13.03,-1.2));
#5563 = VECTOR('',#5564,1.);
#5564 = DIRECTION('',(0.,0.,-1.));
#5565 = ORIENTED_EDGE('',*,*,#5377,.T.);
#5566 = ORIENTED_EDGE('',*,*,#4193,.F.);
#5567 = ORIENTED_EDGE('',*,*,#4272,.F.);
#5568 = ORIENTED_EDGE('',*,*,#4322,.F.);
#5569 = ORIENTED_EDGE('',*,*,#5522,.T.);
#5570 = PLANE('',#5571);
#5571 = AXIS2_PLACEMENT_3D('',#5572,#5573,#5574);
#5572 = CARTESIAN_POINT('',(-37.52120327386,11.930000000001,
    -5.999999999999));
#5573 = DIRECTION('',(1.,0.,0.));
#5574 = DIRECTION('',(0.,0.,1.));
#5575 = ADVANCED_FACE('',(#5576),#5586,.T.);
#5576 = FACE_BOUND('',#5577,.T.);
#5577 = EDGE_LOOP('',(#5578,#5584,#5585));
#5578 = ORIENTED_EDGE('',*,*,#5579,.F.);
#5579 = EDGE_CURVE('',#4243,#5496,#5580,.T.);
#5580 = LINE('',#5581,#5582);
#5581 = CARTESIAN_POINT('',(-37.52120327386,19.73,-10.8));
#5582 = VECTOR('',#5583,1.);
#5583 = DIRECTION('',(0.,0.,1.));
#5584 = ORIENTED_EDGE('',*,*,#4250,.T.);
#5585 = ORIENTED_EDGE('',*,*,#5495,.T.);
#5586 = PLANE('',#5587);
#5587 = AXIS2_PLACEMENT_3D('',#5588,#5589,#5590);
#5588 = CARTESIAN_POINT('',(-37.52120327386,19.73,-10.8));
#5589 = DIRECTION('',(0.,-1.,0.));
#5590 = DIRECTION('',(0.,0.,1.));
#5591 = ADVANCED_FACE('',(#5592),#5598,.T.);
#5592 = FACE_BOUND('',#5593,.T.);
#5593 = EDGE_LOOP('',(#5594,#5595,#5596,#5597));
#5594 = ORIENTED_EDGE('',*,*,#5579,.T.);
#5595 = ORIENTED_EDGE('',*,*,#5503,.T.);
#5596 = ORIENTED_EDGE('',*,*,#4298,.F.);
#5597 = ORIENTED_EDGE('',*,*,#4242,.T.);
#5598 = PLANE('',#5599);
#5599 = AXIS2_PLACEMENT_3D('',#5600,#5601,#5602);
#5600 = CARTESIAN_POINT('',(-37.52120327386,11.930000000001,
    -5.999999999999));
#5601 = DIRECTION('',(1.,0.,0.));
#5602 = DIRECTION('',(0.,0.,1.));
#5603 = ADVANCED_FACE('',(#5604),#5628,.T.);
#5604 = FACE_BOUND('',#5605,.T.);
#5605 = EDGE_LOOP('',(#5606,#5607,#5613,#5621,#5627));
#5606 = ORIENTED_EDGE('',*,*,#5353,.T.);
#5607 = ORIENTED_EDGE('',*,*,#5608,.T.);
#5608 = EDGE_CURVE('',#5354,#4405,#5609,.T.);
#5609 = LINE('',#5610,#5611);
#5610 = CARTESIAN_POINT('',(-36.15,10.829999999999,-10.79999999999));
#5611 = VECTOR('',#5612,1.);
#5612 = DIRECTION('',(0.,0.,1.));
#5613 = ORIENTED_EDGE('',*,*,#5614,.T.);
#5614 = EDGE_CURVE('',#4405,#5615,#5617,.T.);
#5615 = VERTEX_POINT('',#5616);
#5616 = CARTESIAN_POINT('',(-36.15,10.829999999999,-1.2));
#5617 = LINE('',#5618,#5619);
#5618 = CARTESIAN_POINT('',(-36.15,10.829999999999,-10.79999999999));
#5619 = VECTOR('',#5620,1.);
#5620 = DIRECTION('',(0.,0.,1.));
#5621 = ORIENTED_EDGE('',*,*,#5622,.F.);
#5622 = EDGE_CURVE('',#4340,#5615,#5623,.T.);
#5623 = LINE('',#5624,#5625);
#5624 = CARTESIAN_POINT('',(-37.52120327386,10.829999999999,-1.2));
#5625 = VECTOR('',#5626,1.);
#5626 = DIRECTION('',(1.,0.,0.));
#5627 = ORIENTED_EDGE('',*,*,#4337,.F.);
#5628 = PLANE('',#5629);
#5629 = AXIS2_PLACEMENT_3D('',#5630,#5631,#5632);
#5630 = CARTESIAN_POINT('',(-37.52120327386,10.829999999999,
    -10.79999999999));
#5631 = DIRECTION('',(0.,-1.,0.));
#5632 = DIRECTION('',(0.,0.,1.));
#5633 = ADVANCED_FACE('',(#5634),#5645,.T.);
#5634 = FACE_BOUND('',#5635,.T.);
#5635 = EDGE_LOOP('',(#5636,#5637,#5643,#5644));
#5636 = ORIENTED_EDGE('',*,*,#5622,.T.);
#5637 = ORIENTED_EDGE('',*,*,#5638,.T.);
#5638 = EDGE_CURVE('',#5615,#4825,#5639,.T.);
#5639 = LINE('',#5640,#5641);
#5640 = CARTESIAN_POINT('',(-36.15,10.829999999999,-1.2));
#5641 = VECTOR('',#5642,1.);
#5642 = DIRECTION('',(0.,-1.,0.));
#5643 = ORIENTED_EDGE('',*,*,#4824,.F.);
#5644 = ORIENTED_EDGE('',*,*,#4347,.F.);
#5645 = PLANE('',#5646);
#5646 = AXIS2_PLACEMENT_3D('',#5647,#5648,#5649);
#5647 = CARTESIAN_POINT('',(-37.52120327386,10.829999999999,-1.2));
#5648 = DIRECTION('',(0.,0.,-1.));
#5649 = DIRECTION('',(0.,-1.,0.));
#5650 = ADVANCED_FACE('',(#5651),#5657,.F.);
#5651 = FACE_BOUND('',#5652,.F.);
#5652 = EDGE_LOOP('',(#5653,#5654,#5655,#5656));
#5653 = ORIENTED_EDGE('',*,*,#5614,.T.);
#5654 = ORIENTED_EDGE('',*,*,#5638,.T.);
#5655 = ORIENTED_EDGE('',*,*,#4832,.T.);
#5656 = ORIENTED_EDGE('',*,*,#4404,.F.);
#5657 = PLANE('',#5658);
#5658 = AXIS2_PLACEMENT_3D('',#5659,#5660,#5661);
#5659 = CARTESIAN_POINT('',(-36.15,11.930000000001,-5.999999999999));
#5660 = DIRECTION('',(1.,0.,0.));
#5661 = DIRECTION('',(0.,0.,1.));
#5662 = ADVANCED_FACE('',(#5663),#5674,.T.);
#5663 = FACE_BOUND('',#5664,.T.);
#5664 = EDGE_LOOP('',(#5665,#5666,#5672,#5673));
#5665 = ORIENTED_EDGE('',*,*,#5361,.F.);
#5666 = ORIENTED_EDGE('',*,*,#5667,.F.);
#5667 = EDGE_CURVE('',#4415,#5362,#5668,.T.);
#5668 = LINE('',#5669,#5670);
#5669 = CARTESIAN_POINT('',(-36.15,13.03,-1.2));
#5670 = VECTOR('',#5671,1.);
#5671 = DIRECTION('',(0.,0.,-1.));
#5672 = ORIENTED_EDGE('',*,*,#4414,.T.);
#5673 = ORIENTED_EDGE('',*,*,#5608,.F.);
#5674 = PLANE('',#5675);
#5675 = AXIS2_PLACEMENT_3D('',#5676,#5677,#5678);
#5676 = CARTESIAN_POINT('',(-36.15,36.75,-6.7));
#5677 = DIRECTION('',(1.,0.,0.));
#5678 = DIRECTION('',(0.,-1.,0.));
#5679 = ADVANCED_FACE('',(#5680),#5705,.F.);
#5680 = FACE_BOUND('',#5681,.F.);
#5681 = EDGE_LOOP('',(#5682,#5690,#5698,#5704));
#5682 = ORIENTED_EDGE('',*,*,#5683,.T.);
#5683 = EDGE_CURVE('',#4423,#5684,#5686,.T.);
#5684 = VERTEX_POINT('',#5685);
#5685 = CARTESIAN_POINT('',(-36.15,19.73,-1.2));
#5686 = LINE('',#5687,#5688);
#5687 = CARTESIAN_POINT('',(-36.15,19.73,-10.8));
#5688 = VECTOR('',#5689,1.);
#5689 = DIRECTION('',(0.,0.,1.));
#5690 = ORIENTED_EDGE('',*,*,#5691,.T.);
#5691 = EDGE_CURVE('',#5684,#5692,#5694,.T.);
#5692 = VERTEX_POINT('',#5693);
#5693 = CARTESIAN_POINT('',(-36.15,13.03,-1.2));
#5694 = LINE('',#5695,#5696);
#5695 = CARTESIAN_POINT('',(-36.15,19.73,-1.2));
#5696 = VECTOR('',#5697,1.);
#5697 = DIRECTION('',(0.,-1.,0.));
#5698 = ORIENTED_EDGE('',*,*,#5699,.T.);
#5699 = EDGE_CURVE('',#5692,#4415,#5700,.T.);
#5700 = LINE('',#5701,#5702);
#5701 = CARTESIAN_POINT('',(-36.15,13.03,-1.2));
#5702 = VECTOR('',#5703,1.);
#5703 = DIRECTION('',(0.,0.,-1.));
#5704 = ORIENTED_EDGE('',*,*,#4422,.F.);
#5705 = PLANE('',#5706);
#5706 = AXIS2_PLACEMENT_3D('',#5707,#5708,#5709);
#5707 = CARTESIAN_POINT('',(-36.15,11.930000000001,-5.999999999999));
#5708 = DIRECTION('',(1.,0.,0.));
#5709 = DIRECTION('',(0.,0.,1.));
#5710 = ADVANCED_FACE('',(#5711),#5729,.T.);
#5711 = FACE_BOUND('',#5712,.T.);
#5712 = EDGE_LOOP('',(#5713,#5714,#5722,#5728));
#5713 = ORIENTED_EDGE('',*,*,#5312,.F.);
#5714 = ORIENTED_EDGE('',*,*,#5715,.T.);
#5715 = EDGE_CURVE('',#5305,#5716,#5718,.T.);
#5716 = VERTEX_POINT('',#5717);
#5717 = CARTESIAN_POINT('',(-34.45,21.45,-1.1));
#5718 = LINE('',#5719,#5720);
#5719 = CARTESIAN_POINT('',(-36.15,21.45,-1.1));
#5720 = VECTOR('',#5721,1.);
#5721 = DIRECTION('',(1.,0.,0.));
#5722 = ORIENTED_EDGE('',*,*,#5723,.T.);
#5723 = EDGE_CURVE('',#5716,#4439,#5724,.T.);
#5724 = LINE('',#5725,#5726);
#5725 = CARTESIAN_POINT('',(-34.45,21.45,-1.1));
#5726 = VECTOR('',#5727,1.);
#5727 = DIRECTION('',(0.,0.,-1.));
#5728 = ORIENTED_EDGE('',*,*,#4438,.F.);
#5729 = PLANE('',#5730);
#5730 = AXIS2_PLACEMENT_3D('',#5731,#5732,#5733);
#5731 = CARTESIAN_POINT('',(-36.15,21.45,-1.1));
#5732 = DIRECTION('',(0.,1.,0.));
#5733 = DIRECTION('',(0.,0.,-1.));
#5734 = ADVANCED_FACE('',(#5735),#5753,.F.);
#5735 = FACE_BOUND('',#5736,.F.);
#5736 = EDGE_LOOP('',(#5737,#5745,#5751,#5752));
#5737 = ORIENTED_EDGE('',*,*,#5738,.T.);
#5738 = EDGE_CURVE('',#4447,#5739,#5741,.T.);
#5739 = VERTEX_POINT('',#5740);
#5740 = CARTESIAN_POINT('',(-34.45,32.25,-1.1));
#5741 = LINE('',#5742,#5743);
#5742 = CARTESIAN_POINT('',(-34.45,32.25,-10.9));
#5743 = VECTOR('',#5744,1.);
#5744 = DIRECTION('',(0.,0.,1.));
#5745 = ORIENTED_EDGE('',*,*,#5746,.T.);
#5746 = EDGE_CURVE('',#5739,#5716,#5747,.T.);
#5747 = LINE('',#5748,#5749);
#5748 = CARTESIAN_POINT('',(-34.45,32.25,-1.1));
#5749 = VECTOR('',#5750,1.);
#5750 = DIRECTION('',(0.,-1.,0.));
#5751 = ORIENTED_EDGE('',*,*,#5723,.T.);
#5752 = ORIENTED_EDGE('',*,*,#4446,.F.);
#5753 = PLANE('',#5754);
#5754 = AXIS2_PLACEMENT_3D('',#5755,#5756,#5757);
#5755 = CARTESIAN_POINT('',(-34.45,26.85,-6.));
#5756 = DIRECTION('',(1.,0.,0.));
#5757 = DIRECTION('',(0.,0.,1.));
#5758 = ADVANCED_FACE('',(#5759),#5770,.T.);
#5759 = FACE_BOUND('',#5760,.T.);
#5760 = EDGE_LOOP('',(#5761,#5762,#5763,#5769));
#5761 = ORIENTED_EDGE('',*,*,#4454,.F.);
#5762 = ORIENTED_EDGE('',*,*,#5738,.T.);
#5763 = ORIENTED_EDGE('',*,*,#5764,.F.);
#5764 = EDGE_CURVE('',#5297,#5739,#5765,.T.);
#5765 = LINE('',#5766,#5767);
#5766 = CARTESIAN_POINT('',(-36.15,32.25,-1.1));
#5767 = VECTOR('',#5768,1.);
#5768 = DIRECTION('',(1.,0.,0.));
#5769 = ORIENTED_EDGE('',*,*,#5296,.F.);
#5770 = PLANE('',#5771);
#5771 = AXIS2_PLACEMENT_3D('',#5772,#5773,#5774);
#5772 = CARTESIAN_POINT('',(-36.15,32.25,-10.9));
#5773 = DIRECTION('',(0.,-1.,0.));
#5774 = DIRECTION('',(0.,0.,1.));
#5775 = ADVANCED_FACE('',(#5776),#5787,.F.);
#5776 = FACE_BOUND('',#5777,.T.);
#5777 = EDGE_LOOP('',(#5778,#5779,#5780,#5786));
#5778 = ORIENTED_EDGE('',*,*,#5289,.F.);
#5779 = ORIENTED_EDGE('',*,*,#5194,.T.);
#5780 = ORIENTED_EDGE('',*,*,#5781,.F.);
#5781 = EDGE_CURVE('',#4471,#5195,#5782,.T.);
#5782 = LINE('',#5783,#5784);
#5783 = CARTESIAN_POINT('',(-33.77660085675,42.840005015213,-6.7));
#5784 = VECTOR('',#5785,1.);
#5785 = DIRECTION('',(-0.,-0.,-1.));
#5786 = ORIENTED_EDGE('',*,*,#4470,.T.);
#5787 = CYLINDRICAL_SURFACE('',#5788,9.);
#5788 = AXIS2_PLACEMENT_3D('',#5789,#5790,#5791);
#5789 = CARTESIAN_POINT('',(-27.15,36.75,-6.7));
#5790 = DIRECTION('',(-0.,-0.,-1.));
#5791 = DIRECTION('',(1.,0.,0.));
#5792 = ADVANCED_FACE('',(#5793),#5816,.T.);
#5793 = FACE_BOUND('',#5794,.T.);
#5794 = EDGE_LOOP('',(#5795,#5796,#5804,#5811,#5812,#5813,#5814,#5815));
#5795 = ORIENTED_EDGE('',*,*,#4488,.F.);
#5796 = ORIENTED_EDGE('',*,*,#5797,.T.);
#5797 = EDGE_CURVE('',#4480,#5798,#5800,.T.);
#5798 = VERTEX_POINT('',#5799);
#5799 = CARTESIAN_POINT('',(-30.347,41.932,-8.));
#5800 = LINE('',#5801,#5802);
#5801 = CARTESIAN_POINT('',(-30.347,41.932,-2.2));
#5802 = VECTOR('',#5803,1.);
#5803 = DIRECTION('',(-0.,-0.,-1.));
#5804 = ORIENTED_EDGE('',*,*,#5805,.T.);
#5805 = EDGE_CURVE('',#5798,#5798,#5806,.T.);
#5806 = CIRCLE('',#5807,1.835);
#5807 = AXIS2_PLACEMENT_3D('',#5808,#5809,#5810);
#5808 = CARTESIAN_POINT('',(-32.182,41.932,-8.));
#5809 = DIRECTION('',(0.,0.,1.));
#5810 = DIRECTION('',(1.,0.,0.));
#5811 = ORIENTED_EDGE('',*,*,#5797,.F.);
#5812 = ORIENTED_EDGE('',*,*,#4479,.F.);
#5813 = ORIENTED_EDGE('',*,*,#5781,.T.);
#5814 = ORIENTED_EDGE('',*,*,#5203,.F.);
#5815 = ORIENTED_EDGE('',*,*,#5227,.F.);
#5816 = CYLINDRICAL_SURFACE('',#5817,1.835);
#5817 = AXIS2_PLACEMENT_3D('',#5818,#5819,#5820);
#5818 = CARTESIAN_POINT('',(-32.182,41.932,-2.2));
#5819 = DIRECTION('',(0.,0.,1.));
#5820 = DIRECTION('',(1.,0.,0.));
#5821 = ADVANCED_FACE('',(#5822),#5838,.T.);
#5822 = FACE_BOUND('',#5823,.T.);
#5823 = EDGE_LOOP('',(#5824,#5830,#5831,#5837));
#5824 = ORIENTED_EDGE('',*,*,#5825,.T.);
#5825 = EDGE_CURVE('',#4636,#5133,#5826,.T.);
#5826 = LINE('',#5827,#5828);
#5827 = CARTESIAN_POINT('',(29.9,42.35,-2.2));
#5828 = VECTOR('',#5829,1.);
#5829 = DIRECTION('',(-0.,-0.,-1.));
#5830 = ORIENTED_EDGE('',*,*,#5140,.T.);
#5831 = ORIENTED_EDGE('',*,*,#5832,.F.);
#5832 = EDGE_CURVE('',#4638,#5115,#5833,.T.);
#5833 = LINE('',#5834,#5835);
#5834 = CARTESIAN_POINT('',(24.9,42.35,-2.2));
#5835 = VECTOR('',#5836,1.);
#5836 = DIRECTION('',(-0.,-0.,-1.));
#5837 = ORIENTED_EDGE('',*,*,#4635,.F.);
#5838 = PLANE('',#5839);
#5839 = AXIS2_PLACEMENT_3D('',#5840,#5841,#5842);
#5840 = CARTESIAN_POINT('',(29.9,42.35,-2.2));
#5841 = DIRECTION('',(0.,1.,0.));
#5842 = DIRECTION('',(-1.,0.,0.));
#5843 = ADVANCED_FACE('',(#5844),#5855,.T.);
#5844 = FACE_BOUND('',#5845,.T.);
#5845 = EDGE_LOOP('',(#5846,#5852,#5853,#5854));
#5846 = ORIENTED_EDGE('',*,*,#5847,.T.);
#5847 = EDGE_CURVE('',#4654,#5125,#5848,.T.);
#5848 = LINE('',#5849,#5850);
#5849 = CARTESIAN_POINT('',(29.9,38.85,-2.2));
#5850 = VECTOR('',#5851,1.);
#5851 = DIRECTION('',(-0.,-0.,-1.));
#5852 = ORIENTED_EDGE('',*,*,#5132,.T.);
#5853 = ORIENTED_EDGE('',*,*,#5825,.F.);
#5854 = ORIENTED_EDGE('',*,*,#4661,.F.);
#5855 = PLANE('',#5856);
#5856 = AXIS2_PLACEMENT_3D('',#5857,#5858,#5859);
#5857 = CARTESIAN_POINT('',(29.9,38.85,-2.2));
#5858 = DIRECTION('',(1.,0.,0.));
#5859 = DIRECTION('',(0.,1.,0.));
#5860 = ADVANCED_FACE('',(#5861),#5872,.T.);
#5861 = FACE_BOUND('',#5862,.T.);
#5862 = EDGE_LOOP('',(#5863,#5864,#5865,#5871));
#5863 = ORIENTED_EDGE('',*,*,#5832,.T.);
#5864 = ORIENTED_EDGE('',*,*,#5114,.T.);
#5865 = ORIENTED_EDGE('',*,*,#5866,.F.);
#5866 = EDGE_CURVE('',#4646,#5117,#5867,.T.);
#5867 = LINE('',#5868,#5869);
#5868 = CARTESIAN_POINT('',(24.9,38.85,-2.2));
#5869 = VECTOR('',#5870,1.);
#5870 = DIRECTION('',(-0.,-0.,-1.));
#5871 = ORIENTED_EDGE('',*,*,#4645,.F.);
#5872 = PLANE('',#5873);
#5873 = AXIS2_PLACEMENT_3D('',#5874,#5875,#5876);
#5874 = CARTESIAN_POINT('',(24.9,42.35,-2.2));
#5875 = DIRECTION('',(-1.,0.,0.));
#5876 = DIRECTION('',(0.,-1.,0.));
#5877 = ADVANCED_FACE('',(#5878),#5884,.T.);
#5878 = FACE_BOUND('',#5879,.T.);
#5879 = EDGE_LOOP('',(#5880,#5881,#5882,#5883));
#5880 = ORIENTED_EDGE('',*,*,#5866,.T.);
#5881 = ORIENTED_EDGE('',*,*,#5124,.T.);
#5882 = ORIENTED_EDGE('',*,*,#5847,.F.);
#5883 = ORIENTED_EDGE('',*,*,#4653,.F.);
#5884 = PLANE('',#5885);
#5885 = AXIS2_PLACEMENT_3D('',#5886,#5887,#5888);
#5886 = CARTESIAN_POINT('',(24.9,38.85,-2.2));
#5887 = DIRECTION('',(0.,-1.,0.));
#5888 = DIRECTION('',(1.,0.,0.));
#5889 = ADVANCED_FACE('',(#5890,#5893),#5904,.F.);
#5890 = FACE_BOUND('',#5891,.F.);
#5891 = EDGE_LOOP('',(#5892));
#5892 = ORIENTED_EDGE('',*,*,#4701,.T.);
#5893 = FACE_BOUND('',#5894,.F.);
#5894 = EDGE_LOOP('',(#5895));
#5895 = ORIENTED_EDGE('',*,*,#5896,.F.);
#5896 = EDGE_CURVE('',#5897,#5897,#5899,.T.);
#5897 = VERTEX_POINT('',#5898);
#5898 = CARTESIAN_POINT('',(33.132,-41.932,-8.));
#5899 = CIRCLE('',#5900,0.95);
#5900 = AXIS2_PLACEMENT_3D('',#5901,#5902,#5903);
#5901 = CARTESIAN_POINT('',(32.182,-41.932,-8.));
#5902 = DIRECTION('',(0.,0.,1.));
#5903 = DIRECTION('',(1.,0.,0.));
#5904 = PLANE('',#5905);
#5905 = AXIS2_PLACEMENT_3D('',#5906,#5907,#5908);
#5906 = CARTESIAN_POINT('',(-0.6,1.6125,-8.));
#5907 = DIRECTION('',(0.,0.,1.));
#5908 = DIRECTION('',(1.,0.,0.));
#5909 = ADVANCED_FACE('',(#5910,#5913),#5924,.F.);
#5910 = FACE_BOUND('',#5911,.F.);
#5911 = EDGE_LOOP('',(#5912));
#5912 = ORIENTED_EDGE('',*,*,#4786,.T.);
#5913 = FACE_BOUND('',#5914,.F.);
#5914 = EDGE_LOOP('',(#5915));
#5915 = ORIENTED_EDGE('',*,*,#5916,.F.);
#5916 = EDGE_CURVE('',#5917,#5917,#5919,.T.);
#5917 = VERTEX_POINT('',#5918);
#5918 = CARTESIAN_POINT('',(33.132,41.932,-8.));
#5919 = CIRCLE('',#5920,0.95);
#5920 = AXIS2_PLACEMENT_3D('',#5921,#5922,#5923);
#5921 = CARTESIAN_POINT('',(32.182,41.932,-8.));
#5922 = DIRECTION('',(0.,0.,1.));
#5923 = DIRECTION('',(1.,0.,0.));
#5924 = PLANE('',#5925);
#5925 = AXIS2_PLACEMENT_3D('',#5926,#5927,#5928);
#5926 = CARTESIAN_POINT('',(-0.6,1.6125,-8.));
#5927 = DIRECTION('',(0.,0.,1.));
#5928 = DIRECTION('',(1.,0.,0.));
#5929 = ADVANCED_FACE('',(#5930,#5933),#5944,.F.);
#5930 = FACE_BOUND('',#5931,.F.);
#5931 = EDGE_LOOP('',(#5932));
#5932 = ORIENTED_EDGE('',*,*,#4879,.T.);
#5933 = FACE_BOUND('',#5934,.F.);
#5934 = EDGE_LOOP('',(#5935));
#5935 = ORIENTED_EDGE('',*,*,#5936,.F.);
#5936 = EDGE_CURVE('',#5937,#5937,#5939,.T.);
#5937 = VERTEX_POINT('',#5938);
#5938 = CARTESIAN_POINT('',(-33.632,-35.482,-8.));
#5939 = CIRCLE('',#5940,0.95);
#5940 = AXIS2_PLACEMENT_3D('',#5941,#5942,#5943);
#5941 = CARTESIAN_POINT('',(-34.582,-35.482,-8.));
#5942 = DIRECTION('',(0.,0.,1.));
#5943 = DIRECTION('',(1.,0.,0.));
#5944 = PLANE('',#5945);
#5945 = AXIS2_PLACEMENT_3D('',#5946,#5947,#5948);
#5946 = CARTESIAN_POINT('',(-0.6,1.6125,-8.));
#5947 = DIRECTION('',(0.,0.,1.));
#5948 = DIRECTION('',(1.,0.,0.));
#5949 = ADVANCED_FACE('',(#5950),#5969,.T.);
#5950 = FACE_BOUND('',#5951,.T.);
#5951 = EDGE_LOOP('',(#5952,#5960,#5967,#5968));
#5952 = ORIENTED_EDGE('',*,*,#5953,.T.);
#5953 = EDGE_CURVE('',#4959,#5954,#5956,.T.);
#5954 = VERTEX_POINT('',#5955);
#5955 = CARTESIAN_POINT('',(2.9,-34.15,-4.5));
#5956 = LINE('',#5957,#5958);
#5957 = CARTESIAN_POINT('',(2.9,-34.15,-2.2));
#5958 = VECTOR('',#5959,1.);
#5959 = DIRECTION('',(-0.,-0.,-1.));
#5960 = ORIENTED_EDGE('',*,*,#5961,.T.);
#5961 = EDGE_CURVE('',#5954,#5954,#5962,.T.);
#5962 = CIRCLE('',#5963,2.9);
#5963 = AXIS2_PLACEMENT_3D('',#5964,#5965,#5966);
#5964 = CARTESIAN_POINT('',(0.,-34.15,-4.5));
#5965 = DIRECTION('',(0.,0.,1.));
#5966 = DIRECTION('',(1.,0.,0.));
#5967 = ORIENTED_EDGE('',*,*,#5953,.F.);
#5968 = ORIENTED_EDGE('',*,*,#4958,.F.);
#5969 = CYLINDRICAL_SURFACE('',#5970,2.9);
#5970 = AXIS2_PLACEMENT_3D('',#5971,#5972,#5973);
#5971 = CARTESIAN_POINT('',(0.,-34.15,-2.2));
#5972 = DIRECTION('',(0.,0.,1.));
#5973 = DIRECTION('',(1.,0.,0.));
#5974 = ADVANCED_FACE('',(#5975),#5994,.T.);
#5975 = FACE_BOUND('',#5976,.T.);
#5976 = EDGE_LOOP('',(#5977,#5985,#5992,#5993));
#5977 = ORIENTED_EDGE('',*,*,#5978,.T.);
#5978 = EDGE_CURVE('',#5098,#5979,#5981,.T.);
#5979 = VERTEX_POINT('',#5980);
#5980 = CARTESIAN_POINT('',(2.9,19.25,-4.5));
#5981 = LINE('',#5982,#5983);
#5982 = CARTESIAN_POINT('',(2.9,19.25,-2.2));
#5983 = VECTOR('',#5984,1.);
#5984 = DIRECTION('',(-0.,-0.,-1.));
#5985 = ORIENTED_EDGE('',*,*,#5986,.T.);
#5986 = EDGE_CURVE('',#5979,#5979,#5987,.T.);
#5987 = CIRCLE('',#5988,2.9);
#5988 = AXIS2_PLACEMENT_3D('',#5989,#5990,#5991);
#5989 = CARTESIAN_POINT('',(0.,19.25,-4.5));
#5990 = DIRECTION('',(0.,0.,1.));
#5991 = DIRECTION('',(1.,0.,0.));
#5992 = ORIENTED_EDGE('',*,*,#5978,.F.);
#5993 = ORIENTED_EDGE('',*,*,#5097,.F.);
#5994 = CYLINDRICAL_SURFACE('',#5995,2.9);
#5995 = AXIS2_PLACEMENT_3D('',#5996,#5997,#5998);
#5996 = CARTESIAN_POINT('',(0.,19.25,-2.2));
#5997 = DIRECTION('',(0.,0.,1.));
#5998 = DIRECTION('',(1.,0.,0.));
#5999 = ADVANCED_FACE('',(#6000),#6012,.T.);
#6000 = FACE_BOUND('',#6001,.T.);
#6001 = EDGE_LOOP('',(#6002,#6003,#6004,#6005,#6011));
#6002 = ORIENTED_EDGE('',*,*,#5530,.T.);
#6003 = ORIENTED_EDGE('',*,*,#5319,.T.);
#6004 = ORIENTED_EDGE('',*,*,#5683,.T.);
#6005 = ORIENTED_EDGE('',*,*,#6006,.F.);
#6006 = EDGE_CURVE('',#5545,#5684,#6007,.T.);
#6007 = LINE('',#6008,#6009);
#6008 = CARTESIAN_POINT('',(-37.52120327386,19.73,-1.2));
#6009 = VECTOR('',#6010,1.);
#6010 = DIRECTION('',(1.,0.,0.));
#6011 = ORIENTED_EDGE('',*,*,#5544,.F.);
#6012 = PLANE('',#6013);
#6013 = AXIS2_PLACEMENT_3D('',#6014,#6015,#6016);
#6014 = CARTESIAN_POINT('',(-37.52120327386,19.73,-10.8));
#6015 = DIRECTION('',(0.,-1.,0.));
#6016 = DIRECTION('',(0.,0.,1.));
#6017 = ADVANCED_FACE('',(#6018),#6024,.T.);
#6018 = FACE_BOUND('',#6019,.T.);
#6019 = EDGE_LOOP('',(#6020,#6021,#6022,#6023));
#6020 = ORIENTED_EDGE('',*,*,#5764,.T.);
#6021 = ORIENTED_EDGE('',*,*,#5746,.T.);
#6022 = ORIENTED_EDGE('',*,*,#5715,.F.);
#6023 = ORIENTED_EDGE('',*,*,#5304,.F.);
#6024 = PLANE('',#6025);
#6025 = AXIS2_PLACEMENT_3D('',#6026,#6027,#6028);
#6026 = CARTESIAN_POINT('',(-36.15,32.25,-1.1));
#6027 = DIRECTION('',(0.,0.,-1.));
#6028 = DIRECTION('',(0.,-1.,0.));
#6029 = ADVANCED_FACE('',(#6030),#6042,.T.);
#6030 = FACE_BOUND('',#6031,.T.);
#6031 = EDGE_LOOP('',(#6032,#6033,#6039,#6040,#6041));
#6032 = ORIENTED_EDGE('',*,*,#5560,.F.);
#6033 = ORIENTED_EDGE('',*,*,#6034,.T.);
#6034 = EDGE_CURVE('',#5553,#5692,#6035,.T.);
#6035 = LINE('',#6036,#6037);
#6036 = CARTESIAN_POINT('',(-37.52120327386,13.03,-1.2));
#6037 = VECTOR('',#6038,1.);
#6038 = DIRECTION('',(1.,0.,0.));
#6039 = ORIENTED_EDGE('',*,*,#5699,.T.);
#6040 = ORIENTED_EDGE('',*,*,#5667,.T.);
#6041 = ORIENTED_EDGE('',*,*,#5369,.T.);
#6042 = PLANE('',#6043);
#6043 = AXIS2_PLACEMENT_3D('',#6044,#6045,#6046);
#6044 = CARTESIAN_POINT('',(-37.52120327386,13.03,-1.2));
#6045 = DIRECTION('',(0.,1.,0.));
#6046 = DIRECTION('',(0.,0.,-1.));
#6047 = ADVANCED_FACE('',(#6048),#6054,.T.);
#6048 = FACE_BOUND('',#6049,.T.);
#6049 = EDGE_LOOP('',(#6050,#6051,#6052,#6053));
#6050 = ORIENTED_EDGE('',*,*,#6006,.T.);
#6051 = ORIENTED_EDGE('',*,*,#5691,.T.);
#6052 = ORIENTED_EDGE('',*,*,#6034,.F.);
#6053 = ORIENTED_EDGE('',*,*,#5552,.F.);
#6054 = PLANE('',#6055);
#6055 = AXIS2_PLACEMENT_3D('',#6056,#6057,#6058);
#6056 = CARTESIAN_POINT('',(-37.52120327386,19.73,-1.2));
#6057 = DIRECTION('',(0.,0.,-1.));
#6058 = DIRECTION('',(0.,-1.,0.));
#6059 = ADVANCED_FACE('',(#6060,#6063),#6074,.F.);
#6060 = FACE_BOUND('',#6061,.F.);
#6061 = EDGE_LOOP('',(#6062));
#6062 = ORIENTED_EDGE('',*,*,#5805,.T.);
#6063 = FACE_BOUND('',#6064,.F.);
#6064 = EDGE_LOOP('',(#6065));
#6065 = ORIENTED_EDGE('',*,*,#6066,.F.);
#6066 = EDGE_CURVE('',#6067,#6067,#6069,.T.);
#6067 = VERTEX_POINT('',#6068);
#6068 = CARTESIAN_POINT('',(-31.232,41.932,-8.));
#6069 = CIRCLE('',#6070,0.95);
#6070 = AXIS2_PLACEMENT_3D('',#6071,#6072,#6073);
#6071 = CARTESIAN_POINT('',(-32.182,41.932,-8.));
#6072 = DIRECTION('',(0.,0.,1.));
#6073 = DIRECTION('',(1.,0.,0.));
#6074 = PLANE('',#6075);
#6075 = AXIS2_PLACEMENT_3D('',#6076,#6077,#6078);
#6076 = CARTESIAN_POINT('',(-0.6,1.6125,-8.));
#6077 = DIRECTION('',(0.,0.,1.));
#6078 = DIRECTION('',(1.,0.,0.));
#6079 = ADVANCED_FACE('',(#6080),#6099,.F.);
#6080 = FACE_BOUND('',#6081,.F.);
#6081 = EDGE_LOOP('',(#6082,#6090,#6091,#6092));
#6082 = ORIENTED_EDGE('',*,*,#6083,.T.);
#6083 = EDGE_CURVE('',#6084,#5897,#6086,.T.);
#6084 = VERTEX_POINT('',#6085);
#6085 = CARTESIAN_POINT('',(33.132,-41.932,-1.));
#6086 = LINE('',#6087,#6088);
#6087 = CARTESIAN_POINT('',(33.132,-41.932,-1.));
#6088 = VECTOR('',#6089,1.);
#6089 = DIRECTION('',(-0.,-0.,-1.));
#6090 = ORIENTED_EDGE('',*,*,#5896,.T.);
#6091 = ORIENTED_EDGE('',*,*,#6083,.F.);
#6092 = ORIENTED_EDGE('',*,*,#6093,.F.);
#6093 = EDGE_CURVE('',#6084,#6084,#6094,.T.);
#6094 = CIRCLE('',#6095,0.95);
#6095 = AXIS2_PLACEMENT_3D('',#6096,#6097,#6098);
#6096 = CARTESIAN_POINT('',(32.182,-41.932,-1.));
#6097 = DIRECTION('',(0.,0.,1.));
#6098 = DIRECTION('',(1.,0.,0.));
#6099 = CYLINDRICAL_SURFACE('',#6100,0.95);
#6100 = AXIS2_PLACEMENT_3D('',#6101,#6102,#6103);
#6101 = CARTESIAN_POINT('',(32.182,-41.932,-1.));
#6102 = DIRECTION('',(0.,0.,1.));
#6103 = DIRECTION('',(1.,0.,0.));
#6104 = ADVANCED_FACE('',(#6105),#6124,.F.);
#6105 = FACE_BOUND('',#6106,.F.);
#6106 = EDGE_LOOP('',(#6107,#6115,#6116,#6117));
#6107 = ORIENTED_EDGE('',*,*,#6108,.T.);
#6108 = EDGE_CURVE('',#6109,#5917,#6111,.T.);
#6109 = VERTEX_POINT('',#6110);
#6110 = CARTESIAN_POINT('',(33.132,41.932,-1.));
#6111 = LINE('',#6112,#6113);
#6112 = CARTESIAN_POINT('',(33.132,41.932,-1.));
#6113 = VECTOR('',#6114,1.);
#6114 = DIRECTION('',(-0.,-0.,-1.));
#6115 = ORIENTED_EDGE('',*,*,#5916,.T.);
#6116 = ORIENTED_EDGE('',*,*,#6108,.F.);
#6117 = ORIENTED_EDGE('',*,*,#6118,.F.);
#6118 = EDGE_CURVE('',#6109,#6109,#6119,.T.);
#6119 = CIRCLE('',#6120,0.95);
#6120 = AXIS2_PLACEMENT_3D('',#6121,#6122,#6123);
#6121 = CARTESIAN_POINT('',(32.182,41.932,-1.));
#6122 = DIRECTION('',(0.,0.,1.));
#6123 = DIRECTION('',(1.,0.,0.));
#6124 = CYLINDRICAL_SURFACE('',#6125,0.95);
#6125 = AXIS2_PLACEMENT_3D('',#6126,#6127,#6128);
#6126 = CARTESIAN_POINT('',(32.182,41.932,-1.));
#6127 = DIRECTION('',(0.,0.,1.));
#6128 = DIRECTION('',(1.,0.,0.));
#6129 = ADVANCED_FACE('',(#6130),#6149,.F.);
#6130 = FACE_BOUND('',#6131,.F.);
#6131 = EDGE_LOOP('',(#6132,#6140,#6141,#6142));
#6132 = ORIENTED_EDGE('',*,*,#6133,.T.);
#6133 = EDGE_CURVE('',#6134,#5937,#6136,.T.);
#6134 = VERTEX_POINT('',#6135);
#6135 = CARTESIAN_POINT('',(-33.632,-35.482,-1.));
#6136 = LINE('',#6137,#6138);
#6137 = CARTESIAN_POINT('',(-33.632,-35.482,-1.));
#6138 = VECTOR('',#6139,1.);
#6139 = DIRECTION('',(-0.,-0.,-1.));
#6140 = ORIENTED_EDGE('',*,*,#5936,.T.);
#6141 = ORIENTED_EDGE('',*,*,#6133,.F.);
#6142 = ORIENTED_EDGE('',*,*,#6143,.F.);
#6143 = EDGE_CURVE('',#6134,#6134,#6144,.T.);
#6144 = CIRCLE('',#6145,0.95);
#6145 = AXIS2_PLACEMENT_3D('',#6146,#6147,#6148);
#6146 = CARTESIAN_POINT('',(-34.582,-35.482,-1.));
#6147 = DIRECTION('',(0.,0.,1.));
#6148 = DIRECTION('',(1.,0.,0.));
#6149 = CYLINDRICAL_SURFACE('',#6150,0.95);
#6150 = AXIS2_PLACEMENT_3D('',#6151,#6152,#6153);
#6151 = CARTESIAN_POINT('',(-34.582,-35.482,-1.));
#6152 = DIRECTION('',(0.,0.,1.));
#6153 = DIRECTION('',(1.,0.,0.));
#6154 = ADVANCED_FACE('',(#6155),#6158,.F.);
#6155 = FACE_BOUND('',#6156,.F.);
#6156 = EDGE_LOOP('',(#6157));
#6157 = ORIENTED_EDGE('',*,*,#5961,.T.);
#6158 = PLANE('',#6159);
#6159 = AXIS2_PLACEMENT_3D('',#6160,#6161,#6162);
#6160 = CARTESIAN_POINT('',(-1.768241550698E-16,-7.45,-4.5));
#6161 = DIRECTION('',(0.,0.,1.));
#6162 = DIRECTION('',(1.,0.,0.));
#6163 = ADVANCED_FACE('',(#6164),#6167,.F.);
#6164 = FACE_BOUND('',#6165,.F.);
#6165 = EDGE_LOOP('',(#6166));
#6166 = ORIENTED_EDGE('',*,*,#5986,.T.);
#6167 = PLANE('',#6168);
#6168 = AXIS2_PLACEMENT_3D('',#6169,#6170,#6171);
#6169 = CARTESIAN_POINT('',(-1.768241550698E-16,-7.45,-4.5));
#6170 = DIRECTION('',(0.,0.,1.));
#6171 = DIRECTION('',(1.,0.,0.));
#6172 = ADVANCED_FACE('',(#6173),#6192,.F.);
#6173 = FACE_BOUND('',#6174,.F.);
#6174 = EDGE_LOOP('',(#6175,#6183,#6184,#6185));
#6175 = ORIENTED_EDGE('',*,*,#6176,.T.);
#6176 = EDGE_CURVE('',#6177,#6067,#6179,.T.);
#6177 = VERTEX_POINT('',#6178);
#6178 = CARTESIAN_POINT('',(-31.232,41.932,-1.));
#6179 = LINE('',#6180,#6181);
#6180 = CARTESIAN_POINT('',(-31.232,41.932,-1.));
#6181 = VECTOR('',#6182,1.);
#6182 = DIRECTION('',(-0.,-0.,-1.));
#6183 = ORIENTED_EDGE('',*,*,#6066,.T.);
#6184 = ORIENTED_EDGE('',*,*,#6176,.F.);
#6185 = ORIENTED_EDGE('',*,*,#6186,.F.);
#6186 = EDGE_CURVE('',#6177,#6177,#6187,.T.);
#6187 = CIRCLE('',#6188,0.95);
#6188 = AXIS2_PLACEMENT_3D('',#6189,#6190,#6191);
#6189 = CARTESIAN_POINT('',(-32.182,41.932,-1.));
#6190 = DIRECTION('',(0.,0.,1.));
#6191 = DIRECTION('',(1.,0.,0.));
#6192 = CYLINDRICAL_SURFACE('',#6193,0.95);
#6193 = AXIS2_PLACEMENT_3D('',#6194,#6195,#6196);
#6194 = CARTESIAN_POINT('',(-32.182,41.932,-1.));
#6195 = DIRECTION('',(0.,0.,1.));
#6196 = DIRECTION('',(1.,0.,0.));
#6197 = ADVANCED_FACE('',(#6198),#6201,.F.);
#6198 = FACE_BOUND('',#6199,.F.);
#6199 = EDGE_LOOP('',(#6200));
#6200 = ORIENTED_EDGE('',*,*,#6093,.T.);
#6201 = PLANE('',#6202);
#6202 = AXIS2_PLACEMENT_3D('',#6203,#6204,#6205);
#6203 = CARTESIAN_POINT('',(-0.6,1.6125,-1.));
#6204 = DIRECTION('',(0.,0.,1.));
#6205 = DIRECTION('',(1.,0.,0.));
#6206 = ADVANCED_FACE('',(#6207),#6210,.F.);
#6207 = FACE_BOUND('',#6208,.F.);
#6208 = EDGE_LOOP('',(#6209));
#6209 = ORIENTED_EDGE('',*,*,#6118,.T.);
#6210 = PLANE('',#6211);
#6211 = AXIS2_PLACEMENT_3D('',#6212,#6213,#6214);
#6212 = CARTESIAN_POINT('',(-0.6,1.6125,-1.));
#6213 = DIRECTION('',(0.,0.,1.));
#6214 = DIRECTION('',(1.,0.,0.));
#6215 = ADVANCED_FACE('',(#6216),#6219,.F.);
#6216 = FACE_BOUND('',#6217,.F.);
#6217 = EDGE_LOOP('',(#6218));
#6218 = ORIENTED_EDGE('',*,*,#6143,.T.);
#6219 = PLANE('',#6220);
#6220 = AXIS2_PLACEMENT_3D('',#6221,#6222,#6223);
#6221 = CARTESIAN_POINT('',(-0.6,1.6125,-1.));
#6222 = DIRECTION('',(0.,0.,1.));
#6223 = DIRECTION('',(1.,0.,0.));
#6224 = ADVANCED_FACE('',(#6225),#6228,.F.);
#6225 = FACE_BOUND('',#6226,.F.);
#6226 = EDGE_LOOP('',(#6227));
#6227 = ORIENTED_EDGE('',*,*,#6186,.T.);
#6228 = PLANE('',#6229);
#6229 = AXIS2_PLACEMENT_3D('',#6230,#6231,#6232);
#6230 = CARTESIAN_POINT('',(-0.6,1.6125,-1.));
#6231 = DIRECTION('',(0.,0.,1.));
#6232 = DIRECTION('',(1.,0.,0.));
#6233 = ( GEOMETRIC_REPRESENTATION_CONTEXT(3) 
GLOBAL_UNCERTAINTY_ASSIGNED_CONTEXT((#6237)) 
GLOBAL_UNIT_ASSIGNED_CONTEXT((#6234,#6235,#6236)) REPRESENTATION_CONTEXT
('Context #1','3D Context with UNIT and UNCERTAINTY') );
#6234 = ( LENGTH_UNIT() NAMED_UNIT(*) SI_UNIT(.MILLI.,.METRE.) );
#6235 = ( NAMED_UNIT(*) PLANE_ANGLE_UNIT() SI_UNIT($,.RADIAN.) );
#6236 = ( NAMED_UNIT(*) SI_UNIT($,.STERADIAN.) SOLID_ANGLE_UNIT() );
#6237 = UNCERTAINTY_MEASURE_WITH_UNIT(LENGTH_MEASURE(1.E-05),#6234,
  'distance_accuracy_value','confusion accuracy');
#6238 = PRODUCT_RELATED_PRODUCT_CATEGORY('part',$,(#7));
#6239 = MECHANICAL_DESIGN_GEOMETRIC_PRESENTATION_REPRESENTATION('',(
    #6240),#6233);
#6240 = STYLED_ITEM('color',(#6241),#15);
#6241 = PRESENTATION_STYLE_ASSIGNMENT((#6242,#6250));
#6242 = SURFACE_STYLE_USAGE(.BOTH.,#6243);
#6243 = SURFACE_SIDE_STYLE('',(#6244,#6248));
#6244 = SURFACE_STYLE_FILL_AREA(#6245);
#6245 = FILL_AREA_STYLE('',(#6246));
#6246 = FILL_AREA_STYLE_COLOUR('',#6247);
#6247 = COLOUR_RGB('',0.447058818107,0.474509808674,0.501960817233);
#6248 = SURFACE_STYLE_RENDERING_WITH_PROPERTIES(.NORMAL_SHADING.,#6247,(
    #6249));
#6249 = SURFACE_STYLE_TRANSPARENT(0.699999988079);
#6250 = CURVE_STYLE('',#6251,POSITIVE_LENGTH_MEASURE(0.1),#6252);
#6251 = DRAUGHTING_PRE_DEFINED_CURVE_FONT('continuous');
#6252 = COLOUR_RGB('',9.803921802644E-02,9.803921802644E-02,
  9.803921802644E-02);
ENDSEC;
END-ISO-10303-21;
