ISO-10303-21;
HEADER;
FILE_DESCRIPTION(('FreeCAD Model'),'2;1');
FILE_NAME('Open CASCADE Shape Model','2026-09-03T10:19:34',(''),(''),
  'Open CASCADE STEP processor 7.9','FreeCAD','Unknown');
FILE_SCHEMA(('AUTOMOTIVE_DESIGN { 1 0 10303 214 1 1 1 1 }'));
ENDSEC;
DATA;
#1 = APPLICATION_PROTOCOL_DEFINITION('international standard',
  'automotive_design',2000,#2);
#2 = APPLICATION_CONTEXT(
  'core data for automotive mechanical design processes');
#3 = SHAPE_DEFINITION_REPRESENTATION(#4,#10);
#4 = PRODUCT_DEFINITION_SHAPE('','',#5);
#5 = PRODUCT_DEFINITION('design','',#6,#9);
#6 = PRODUCT_DEFINITION_FORMATION('','',#7);
#7 = PRODUCT('top','top','',(#8));
#8 = PRODUCT_CONTEXT('',#2,'mechanical');
#9 = PRODUCT_DEFINITION_CONTEXT('part definition',#2,'design');
#10 = ADVANCED_BREP_SHAPE_REPRESENTATION('',(#11,#15),#9385);
#11 = AXIS2_PLACEMENT_3D('',#12,#13,#14);
#12 = CARTESIAN_POINT('',(0.,0.,0.));
#13 = DIRECTION('',(0.,0.,1.));
#14 = DIRECTION('',(1.,0.,-0.));
#15 = MANIFOLD_SOLID_BREP('',#16);
#16 = CLOSED_SHELL('',(#17,#107,#140,#171,#262,#295,#319,#392,#434,#458,
    #482,#517,#542,#566,#591,#1872,#1896,#1920,#1943,#1967,#2001,#2070,
    #2137,#2155,#2275,#2306,#2322,#2354,#2378,#2396,#2430,#2479,#2627,
    #2689,#2706,#2723,#2746,#2763,#2775,#2806,#2830,#2854,#2871,#2902,
    #2926,#2950,#2967,#2998,#3022,#3046,#3063,#3094,#3118,#3142,#3159,
    #3190,#3214,#3238,#3255,#3286,#3310,#3334,#3351,#3382,#3406,#3430,
    #3447,#3478,#3502,#3526,#3543,#3574,#3598,#3622,#3639,#3670,#3694,
    #3718,#3735,#3766,#3790,#3814,#3831,#3862,#3909,#3934,#3974,#3998,
    #4023,#4048,#4072,#4089,#4114,#4147,#4178,#4203,#4228,#4252,#4276,
    #4301,#4326,#4343,#4374,#4399,#4424,#4448,#4472,#4497,#4522,#4539,
    #4570,#4595,#4620,#4644,#4668,#4693,#4718,#4735,#4766,#4791,#4816,
    #4840,#4864,#4889,#4914,#4931,#4962,#4987,#5012,#5036,#5060,#5085,
    #5110,#5127,#5181,#5221,#5245,#5270,#5295,#5319,#5343,#5368,#5393,
    #5426,#5443,#5474,#5499,#5524,#5548,#5572,#5597,#5622,#5639,#5670,
    #5695,#5720,#5744,#5768,#5793,#5818,#5835,#5866,#5891,#5916,#5940,
    #5964,#5989,#6014,#6031,#6062,#6087,#6112,#6136,#6160,#6185,#6210,
    #6227,#6251,#6275,#6332,#6356,#6390,#6407,#6425,#6491,#6522,#6546,
    #6594,#6642,#6666,#6722,#6770,#6818,#6874,#6898,#6939,#6981,#7006,
    #7277,#7294,#7328,#7345,#7408,#7432,#7456,#7473,#7497,#7521,#7538,
    #7555,#7589,#7601,#7631,#7648,#7682,#7694,#7706,#7718,#7730,#7742,
    #7754,#7766,#7778,#7790,#7802,#7814,#7826,#7843,#7873,#7885,#7901,
    #7917,#7933,#7949,#7965,#7982,#8012,#8024,#8040,#8056,#8072,#8088,
    #8134,#8217,#8234,#8250,#8266,#8292,#8308,#8320,#8362,#8409,#8449,
    #8466,#8483,#8494,#8505,#8529,#8567,#8609,#8644,#8655,#8671,#8683,
    #8713,#8730,#8742,#8759,#8790,#8812,#8838,#8862,#8886,#8903,#8920,
    #8949,#8971,#8988,#9005,#9017,#9037,#9049,#9061,#9081,#9101,#9126,
    #9151,#9163,#9181,#9199,#9211,#9231,#9256,#9281,#9306,#9315,#9324,
    #9349,#9358,#9367,#9376));
#17 = ADVANCED_FACE('',(#18),#102,.T.);
#18 = FACE_BOUND('',#19,.T.);
#19 = EDGE_LOOP('',(#20,#30,#38,#46,#54,#62,#71,#79,#88,#96));
#20 = ORIENTED_EDGE('',*,*,#21,.F.);
#21 = EDGE_CURVE('',#22,#24,#26,.T.);
#22 = VERTEX_POINT('',#23);
#23 = CARTESIAN_POINT('',(27.15,-47.95,-1.));
#24 = VERTEX_POINT('',#25);
#25 = CARTESIAN_POINT('',(27.15,-47.95,-6.7));
#26 = LINE('',#27,#28);
#27 = CARTESIAN_POINT('',(27.15,-47.95,0.));
#28 = VECTOR('',#29,1.);
#29 = DIRECTION('',(-0.,-0.,-1.));
#30 = ORIENTED_EDGE('',*,*,#31,.F.);
#31 = EDGE_CURVE('',#32,#22,#34,.T.);
#32 = VERTEX_POINT('',#33);
#33 = CARTESIAN_POINT('',(-27.15,-47.95,-1.));
#34 = LINE('',#35,#36);
#35 = CARTESIAN_POINT('',(-27.15,-47.95,-1.));
#36 = VECTOR('',#37,1.);
#37 = DIRECTION('',(1.,0.,0.));
#38 = ORIENTED_EDGE('',*,*,#39,.T.);
#39 = EDGE_CURVE('',#32,#40,#42,.T.);
#40 = VERTEX_POINT('',#41);
#41 = CARTESIAN_POINT('',(-27.15,-47.95,-6.7));
#42 = LINE('',#43,#44);
#43 = CARTESIAN_POINT('',(-27.15,-47.95,0.));
#44 = VECTOR('',#45,1.);
#45 = DIRECTION('',(-0.,-0.,-1.));
#46 = ORIENTED_EDGE('',*,*,#47,.T.);
#47 = EDGE_CURVE('',#40,#48,#50,.T.);
#48 = VERTEX_POINT('',#49);
#49 = CARTESIAN_POINT('',(-4.82,-47.95,-6.7));
#50 = LINE('',#51,#52);
#51 = CARTESIAN_POINT('',(-27.15,-47.95,-6.7));
#52 = VECTOR('',#53,1.);
#53 = DIRECTION('',(1.,0.,0.));
#54 = ORIENTED_EDGE('',*,*,#55,.F.);
#55 = EDGE_CURVE('',#56,#48,#58,.T.);
#56 = VERTEX_POINT('',#57);
#57 = CARTESIAN_POINT('',(-4.82,-47.95,-6.));
#58 = LINE('',#59,#60);
#59 = CARTESIAN_POINT('',(-4.82,-47.95,-6.));
#60 = VECTOR('',#61,1.);
#61 = DIRECTION('',(0.,0.,-1.));
#62 = ORIENTED_EDGE('',*,*,#63,.F.);
#63 = EDGE_CURVE('',#64,#56,#66,.T.);
#64 = VERTEX_POINT('',#65);
#65 = CARTESIAN_POINT('',(-3.72,-47.95,-4.9));
#66 = CIRCLE('',#67,1.1);
#67 = AXIS2_PLACEMENT_3D('',#68,#69,#70);
#68 = CARTESIAN_POINT('',(-3.72,-47.95,-6.));
#69 = DIRECTION('',(0.,-1.,0.));
#70 = DIRECTION('',(1.,0.,0.));
#71 = ORIENTED_EDGE('',*,*,#72,.F.);
#72 = EDGE_CURVE('',#73,#64,#75,.T.);
#73 = VERTEX_POINT('',#74);
#74 = CARTESIAN_POINT('',(3.22,-47.95,-4.9));
#75 = LINE('',#76,#77);
#76 = CARTESIAN_POINT('',(3.22,-47.95,-4.9));
#77 = VECTOR('',#78,1.);
#78 = DIRECTION('',(-1.,0.,0.));
#79 = ORIENTED_EDGE('',*,*,#80,.F.);
#80 = EDGE_CURVE('',#81,#73,#83,.T.);
#81 = VERTEX_POINT('',#82);
#82 = CARTESIAN_POINT('',(4.32,-47.95,-6.));
#83 = CIRCLE('',#84,1.1);
#84 = AXIS2_PLACEMENT_3D('',#85,#86,#87);
#85 = CARTESIAN_POINT('',(3.22,-47.95,-6.));
#86 = DIRECTION('',(0.,-1.,0.));
#87 = DIRECTION('',(1.,0.,0.));
#88 = ORIENTED_EDGE('',*,*,#89,.F.);
#89 = EDGE_CURVE('',#90,#81,#92,.T.);
#90 = VERTEX_POINT('',#91);
#91 = CARTESIAN_POINT('',(4.32,-47.95,-6.7));
#92 = LINE('',#93,#94);
#93 = CARTESIAN_POINT('',(4.32,-47.95,-7.2));
#94 = VECTOR('',#95,1.);
#95 = DIRECTION('',(0.,0.,1.));
#96 = ORIENTED_EDGE('',*,*,#97,.T.);
#97 = EDGE_CURVE('',#90,#24,#98,.T.);
#98 = LINE('',#99,#100);
#99 = CARTESIAN_POINT('',(-27.15,-47.95,-6.7));
#100 = VECTOR('',#101,1.);
#101 = DIRECTION('',(1.,0.,0.));
#102 = PLANE('',#103);
#103 = AXIS2_PLACEMENT_3D('',#104,#105,#106);
#104 = CARTESIAN_POINT('',(-27.15,-47.95,0.));
#105 = DIRECTION('',(0.,-1.,0.));
#106 = DIRECTION('',(1.,0.,0.));
#107 = ADVANCED_FACE('',(#108),#135,.T.);
#108 = FACE_BOUND('',#109,.T.);
#109 = EDGE_LOOP('',(#110,#111,#120,#128));
#110 = ORIENTED_EDGE('',*,*,#21,.T.);
#111 = ORIENTED_EDGE('',*,*,#112,.T.);
#112 = EDGE_CURVE('',#24,#113,#115,.T.);
#113 = VERTEX_POINT('',#114);
#114 = CARTESIAN_POINT('',(38.35,-36.75,-6.7));
#115 = CIRCLE('',#116,11.2);
#116 = AXIS2_PLACEMENT_3D('',#117,#118,#119);
#117 = CARTESIAN_POINT('',(27.15,-36.75,-6.7));
#118 = DIRECTION('',(0.,0.,1.));
#119 = DIRECTION('',(1.,0.,0.));
#120 = ORIENTED_EDGE('',*,*,#121,.F.);
#121 = EDGE_CURVE('',#122,#113,#124,.T.);
#122 = VERTEX_POINT('',#123);
#123 = CARTESIAN_POINT('',(38.35,-36.75,-1.));
#124 = LINE('',#125,#126);
#125 = CARTESIAN_POINT('',(38.35,-36.75,0.));
#126 = VECTOR('',#127,1.);
#127 = DIRECTION('',(-0.,-0.,-1.));
#128 = ORIENTED_EDGE('',*,*,#129,.F.);
#129 = EDGE_CURVE('',#22,#122,#130,.T.);
#130 = CIRCLE('',#131,11.2);
#131 = AXIS2_PLACEMENT_3D('',#132,#133,#134);
#132 = CARTESIAN_POINT('',(27.15,-36.75,-1.));
#133 = DIRECTION('',(0.,0.,1.));
#134 = DIRECTION('',(-3.2E-16,-1.,0.));
#135 = CYLINDRICAL_SURFACE('',#136,11.2);
#136 = AXIS2_PLACEMENT_3D('',#137,#138,#139);
#137 = CARTESIAN_POINT('',(27.15,-36.75,0.));
#138 = DIRECTION('',(0.,0.,1.));
#139 = DIRECTION('',(1.,0.,0.));
#140 = ADVANCED_FACE('',(#141),#166,.T.);
#141 = FACE_BOUND('',#142,.F.);
#142 = EDGE_LOOP('',(#143,#151,#159,#165));
#143 = ORIENTED_EDGE('',*,*,#144,.F.);
#144 = EDGE_CURVE('',#145,#32,#147,.T.);
#145 = VERTEX_POINT('',#146);
#146 = CARTESIAN_POINT('',(-27.15,-46.95,0.));
#147 = LINE('',#148,#149);
#148 = CARTESIAN_POINT('',(-27.15,-47.95,-1.));
#149 = VECTOR('',#150,1.);
#150 = DIRECTION('',(-4.E-17,-0.707106781187,-0.707106781187));
#151 = ORIENTED_EDGE('',*,*,#152,.T.);
#152 = EDGE_CURVE('',#145,#153,#155,.T.);
#153 = VERTEX_POINT('',#154);
#154 = CARTESIAN_POINT('',(27.15,-46.95,4.E-15));
#155 = LINE('',#156,#157);
#156 = CARTESIAN_POINT('',(-27.15,-46.95,0.));
#157 = VECTOR('',#158,1.);
#158 = DIRECTION('',(1.,0.,0.));
#159 = ORIENTED_EDGE('',*,*,#160,.T.);
#160 = EDGE_CURVE('',#153,#22,#161,.T.);
#161 = LINE('',#162,#163);
#162 = CARTESIAN_POINT('',(27.15,-47.45,-0.5));
#163 = VECTOR('',#164,1.);
#164 = DIRECTION('',(0.,-0.707106781187,-0.707106781187));
#165 = ORIENTED_EDGE('',*,*,#31,.F.);
#166 = PLANE('',#167);
#167 = AXIS2_PLACEMENT_3D('',#168,#169,#170);
#168 = CARTESIAN_POINT('',(-27.15,-47.45,-0.5));
#169 = DIRECTION('',(0.,-0.707106781187,0.707106781187));
#170 = DIRECTION('',(-1.,-0.,-0.));
#171 = ADVANCED_FACE('',(#172),#257,.F.);
#172 = FACE_BOUND('',#173,.F.);
#173 = EDGE_LOOP('',(#174,#182,#183,#184,#192,#201,#209,#217,#225,#234,
    #242,#251));
#174 = ORIENTED_EDGE('',*,*,#175,.F.);
#175 = EDGE_CURVE('',#90,#176,#178,.T.);
#176 = VERTEX_POINT('',#177);
#177 = CARTESIAN_POINT('',(4.32,-46.95,-6.7));
#178 = LINE('',#179,#180);
#179 = CARTESIAN_POINT('',(4.32,-23.975,-6.7));
#180 = VECTOR('',#181,1.);
#181 = DIRECTION('',(0.,1.,0.));
#182 = ORIENTED_EDGE('',*,*,#97,.T.);
#183 = ORIENTED_EDGE('',*,*,#112,.T.);
#184 = ORIENTED_EDGE('',*,*,#185,.T.);
#185 = EDGE_CURVE('',#113,#186,#188,.T.);
#186 = VERTEX_POINT('',#187);
#187 = CARTESIAN_POINT('',(38.35,36.75,-6.7));
#188 = LINE('',#189,#190);
#189 = CARTESIAN_POINT('',(38.35,-36.75,-6.7));
#190 = VECTOR('',#191,1.);
#191 = DIRECTION('',(0.,1.,0.));
#192 = ORIENTED_EDGE('',*,*,#193,.T.);
#193 = EDGE_CURVE('',#186,#194,#196,.T.);
#194 = VERTEX_POINT('',#195);
#195 = CARTESIAN_POINT('',(27.15,47.95,-6.7));
#196 = CIRCLE('',#197,11.2);
#197 = AXIS2_PLACEMENT_3D('',#198,#199,#200);
#198 = CARTESIAN_POINT('',(27.15,36.75,-6.7));
#199 = DIRECTION('',(0.,0.,1.));
#200 = DIRECTION('',(1.,0.,0.));
#201 = ORIENTED_EDGE('',*,*,#202,.T.);
#202 = EDGE_CURVE('',#194,#203,#205,.T.);
#203 = VERTEX_POINT('',#204);
#204 = CARTESIAN_POINT('',(20.907987240797,47.95,-6.7));
#205 = LINE('',#206,#207);
#206 = CARTESIAN_POINT('',(27.15,47.95,-6.7));
#207 = VECTOR('',#208,1.);
#208 = DIRECTION('',(-1.,0.,0.));
#209 = ORIENTED_EDGE('',*,*,#210,.F.);
#210 = EDGE_CURVE('',#211,#203,#213,.T.);
#211 = VERTEX_POINT('',#212);
#212 = CARTESIAN_POINT('',(20.907987240797,46.95,-6.7));
#213 = LINE('',#214,#215);
#214 = CARTESIAN_POINT('',(20.907987240797,47.95,-6.7));
#215 = VECTOR('',#216,1.);
#216 = DIRECTION('',(0.,1.,-2.2E-16));
#217 = ORIENTED_EDGE('',*,*,#218,.F.);
#218 = EDGE_CURVE('',#219,#211,#221,.T.);
#219 = VERTEX_POINT('',#220);
#220 = CARTESIAN_POINT('',(27.149999999997,46.95,-6.7));
#221 = LINE('',#222,#223);
#222 = CARTESIAN_POINT('',(27.149999999997,46.95,-6.7));
#223 = VECTOR('',#224,1.);
#224 = DIRECTION('',(-1.,0.,0.));
#225 = ORIENTED_EDGE('',*,*,#226,.F.);
#226 = EDGE_CURVE('',#227,#219,#229,.T.);
#227 = VERTEX_POINT('',#228);
#228 = CARTESIAN_POINT('',(37.349999999997,36.75,-6.7));
#229 = CIRCLE('',#230,10.2);
#230 = AXIS2_PLACEMENT_3D('',#231,#232,#233);
#231 = CARTESIAN_POINT('',(27.149999999997,36.75,-6.7));
#232 = DIRECTION('',(0.,0.,1.));
#233 = DIRECTION('',(1.,0.,0.));
#234 = ORIENTED_EDGE('',*,*,#235,.F.);
#235 = EDGE_CURVE('',#236,#227,#238,.T.);
#236 = VERTEX_POINT('',#237);
#237 = CARTESIAN_POINT('',(37.349999999997,-36.75,-6.7));
#238 = LINE('',#239,#240);
#239 = CARTESIAN_POINT('',(37.349999999997,-36.75,-6.7));
#240 = VECTOR('',#241,1.);
#241 = DIRECTION('',(0.,1.,0.));
#242 = ORIENTED_EDGE('',*,*,#243,.F.);
#243 = EDGE_CURVE('',#244,#236,#246,.T.);
#244 = VERTEX_POINT('',#245);
#245 = CARTESIAN_POINT('',(27.149999999997,-46.95,-6.7));
#246 = CIRCLE('',#247,10.2);
#247 = AXIS2_PLACEMENT_3D('',#248,#249,#250);
#248 = CARTESIAN_POINT('',(27.149999999997,-36.75,-6.7));
#249 = DIRECTION('',(0.,0.,1.));
#250 = DIRECTION('',(1.,0.,0.));
#251 = ORIENTED_EDGE('',*,*,#252,.F.);
#252 = EDGE_CURVE('',#176,#244,#253,.T.);
#253 = LINE('',#254,#255);
#254 = CARTESIAN_POINT('',(-27.15,-46.95,-6.7));
#255 = VECTOR('',#256,1.);
#256 = DIRECTION('',(1.,0.,0.));
#257 = PLANE('',#258);
#258 = AXIS2_PLACEMENT_3D('',#259,#260,#261);
#259 = CARTESIAN_POINT('',(-1.84E-15,-9.7E-15,-6.7));
#260 = DIRECTION('',(0.,0.,1.));
#261 = DIRECTION('',(1.,0.,0.));
#262 = ADVANCED_FACE('',(#263),#290,.T.);
#263 = FACE_BOUND('',#264,.T.);
#264 = EDGE_LOOP('',(#265,#275,#282,#283));
#265 = ORIENTED_EDGE('',*,*,#266,.T.);
#266 = EDGE_CURVE('',#267,#269,#271,.T.);
#267 = VERTEX_POINT('',#268);
#268 = CARTESIAN_POINT('',(-38.35,-36.75,-1.));
#269 = VERTEX_POINT('',#270);
#270 = CARTESIAN_POINT('',(-38.35,-36.75,-6.7));
#271 = LINE('',#272,#273);
#272 = CARTESIAN_POINT('',(-38.35,-36.75,0.));
#273 = VECTOR('',#274,1.);
#274 = DIRECTION('',(-0.,-0.,-1.));
#275 = ORIENTED_EDGE('',*,*,#276,.T.);
#276 = EDGE_CURVE('',#269,#40,#277,.T.);
#277 = CIRCLE('',#278,11.2);
#278 = AXIS2_PLACEMENT_3D('',#279,#280,#281);
#279 = CARTESIAN_POINT('',(-27.15,-36.75,-6.7));
#280 = DIRECTION('',(0.,0.,1.));
#281 = DIRECTION('',(1.,0.,0.));
#282 = ORIENTED_EDGE('',*,*,#39,.F.);
#283 = ORIENTED_EDGE('',*,*,#284,.F.);
#284 = EDGE_CURVE('',#267,#32,#285,.T.);
#285 = CIRCLE('',#286,11.2);
#286 = AXIS2_PLACEMENT_3D('',#287,#288,#289);
#287 = CARTESIAN_POINT('',(-27.15,-36.75,-1.));
#288 = DIRECTION('',(0.,0.,1.));
#289 = DIRECTION('',(-1.,0.,0.));
#290 = CYLINDRICAL_SURFACE('',#291,11.2);
#291 = AXIS2_PLACEMENT_3D('',#292,#293,#294);
#292 = CARTESIAN_POINT('',(-27.15,-36.75,0.));
#293 = DIRECTION('',(0.,0.,1.));
#294 = DIRECTION('',(1.,0.,0.));
#295 = ADVANCED_FACE('',(#296),#314,.F.);
#296 = FACE_BOUND('',#297,.F.);
#297 = EDGE_LOOP('',(#298,#299,#300,#308));
#298 = ORIENTED_EDGE('',*,*,#89,.F.);
#299 = ORIENTED_EDGE('',*,*,#175,.T.);
#300 = ORIENTED_EDGE('',*,*,#301,.T.);
#301 = EDGE_CURVE('',#176,#302,#304,.T.);
#302 = VERTEX_POINT('',#303);
#303 = CARTESIAN_POINT('',(4.32,-47.13560163693,-6.));
#304 = LINE('',#305,#306);
#305 = CARTESIAN_POINT('',(4.32,-47.10651142477,-6.109714272197));
#306 = VECTOR('',#307,1.);
#307 = DIRECTION('',(0.,-0.256289373133,0.966600102017));
#308 = ORIENTED_EDGE('',*,*,#309,.F.);
#309 = EDGE_CURVE('',#81,#302,#310,.T.);
#310 = LINE('',#311,#312);
#311 = CARTESIAN_POINT('',(4.32,-47.95,-6.));
#312 = VECTOR('',#313,1.);
#313 = DIRECTION('',(0.,1.,-2.2E-16));
#314 = PLANE('',#315);
#315 = AXIS2_PLACEMENT_3D('',#316,#317,#318);
#316 = CARTESIAN_POINT('',(4.32,-47.95,-7.2));
#317 = DIRECTION('',(1.,0.,0.));
#318 = DIRECTION('',(0.,2.2E-16,1.));
#319 = ADVANCED_FACE('',(#320),#387,.F.);
#320 = FACE_BOUND('',#321,.F.);
#321 = EDGE_LOOP('',(#322,#332,#340,#346,#347,#348,#356,#364,#373,#381)
  );
#322 = ORIENTED_EDGE('',*,*,#323,.T.);
#323 = EDGE_CURVE('',#324,#326,#328,.T.);
#324 = VERTEX_POINT('',#325);
#325 = CARTESIAN_POINT('',(-37.52120327386,4.130000000001,-6.7));
#326 = VERTEX_POINT('',#327);
#327 = CARTESIAN_POINT('',(-37.52120327386,5.130000000037,-6.7));
#328 = LINE('',#329,#330);
#329 = CARTESIAN_POINT('',(-37.52120327386,5.965,-6.7));
#330 = VECTOR('',#331,1.);
#331 = DIRECTION('',(0.,1.,0.));
#332 = ORIENTED_EDGE('',*,*,#333,.T.);
#333 = EDGE_CURVE('',#326,#334,#336,.T.);
#334 = VERTEX_POINT('',#335);
#335 = CARTESIAN_POINT('',(-38.35,5.130000000037,-6.7));
#336 = LINE('',#337,#338);
#337 = CARTESIAN_POINT('',(-19.175,5.130000000037,-6.7));
#338 = VECTOR('',#339,1.);
#339 = DIRECTION('',(-1.,0.,0.));
#340 = ORIENTED_EDGE('',*,*,#341,.T.);
#341 = EDGE_CURVE('',#334,#269,#342,.T.);
#342 = LINE('',#343,#344);
#343 = CARTESIAN_POINT('',(-38.35,36.75,-6.7));
#344 = VECTOR('',#345,1.);
#345 = DIRECTION('',(0.,-1.,0.));
#346 = ORIENTED_EDGE('',*,*,#276,.T.);
#347 = ORIENTED_EDGE('',*,*,#47,.T.);
#348 = ORIENTED_EDGE('',*,*,#349,.F.);
#349 = EDGE_CURVE('',#350,#48,#352,.T.);
#350 = VERTEX_POINT('',#351);
#351 = CARTESIAN_POINT('',(-4.82,-46.95,-6.7));
#352 = LINE('',#353,#354);
#353 = CARTESIAN_POINT('',(-4.82,-23.975,-6.7));
#354 = VECTOR('',#355,1.);
#355 = DIRECTION('',(0.,-1.,0.));
#356 = ORIENTED_EDGE('',*,*,#357,.F.);
#357 = EDGE_CURVE('',#358,#350,#360,.T.);
#358 = VERTEX_POINT('',#359);
#359 = CARTESIAN_POINT('',(-27.15,-46.95,-6.7));
#360 = LINE('',#361,#362);
#361 = CARTESIAN_POINT('',(-27.15,-46.95,-6.7));
#362 = VECTOR('',#363,1.);
#363 = DIRECTION('',(1.,0.,0.));
#364 = ORIENTED_EDGE('',*,*,#365,.F.);
#365 = EDGE_CURVE('',#366,#358,#368,.T.);
#366 = VERTEX_POINT('',#367);
#367 = CARTESIAN_POINT('',(-37.35,-36.75,-6.7));
#368 = CIRCLE('',#369,10.2);
#369 = AXIS2_PLACEMENT_3D('',#370,#371,#372);
#370 = CARTESIAN_POINT('',(-27.15,-36.75,-6.7));
#371 = DIRECTION('',(0.,0.,1.));
#372 = DIRECTION('',(1.,0.,0.));
#373 = ORIENTED_EDGE('',*,*,#374,.F.);
#374 = EDGE_CURVE('',#375,#366,#377,.T.);
#375 = VERTEX_POINT('',#376);
#376 = CARTESIAN_POINT('',(-37.35,4.130000000001,-6.7));
#377 = LINE('',#378,#379);
#378 = CARTESIAN_POINT('',(-37.35,36.75,-6.7));
#379 = VECTOR('',#380,1.);
#380 = DIRECTION('',(0.,-1.,0.));
#381 = ORIENTED_EDGE('',*,*,#382,.T.);
#382 = EDGE_CURVE('',#375,#324,#383,.T.);
#383 = LINE('',#384,#385);
#384 = CARTESIAN_POINT('',(-18.76060163693,4.130000000001,-6.7));
#385 = VECTOR('',#386,1.);
#386 = DIRECTION('',(-1.,0.,0.));
#387 = PLANE('',#388);
#388 = AXIS2_PLACEMENT_3D('',#389,#390,#391);
#389 = CARTESIAN_POINT('',(-1.84E-15,-9.7E-15,-6.7));
#390 = DIRECTION('',(0.,0.,1.));
#391 = DIRECTION('',(1.,0.,0.));
#392 = ADVANCED_FACE('',(#393),#429,.F.);
#393 = FACE_BOUND('',#394,.F.);
#394 = EDGE_LOOP('',(#395,#396,#397,#406,#414,#423));
#395 = ORIENTED_EDGE('',*,*,#80,.F.);
#396 = ORIENTED_EDGE('',*,*,#309,.T.);
#397 = ORIENTED_EDGE('',*,*,#398,.T.);
#398 = EDGE_CURVE('',#302,#399,#401,.T.);
#399 = VERTEX_POINT('',#400);
#400 = CARTESIAN_POINT('',(4.068528137424,-47.32120327387,-5.3));
#401 = ELLIPSE('',#402,1.13800939779,1.1);
#402 = AXIS2_PLACEMENT_3D('',#403,#404,#405);
#403 = CARTESIAN_POINT('',(3.22,-47.13560163693,-6.));
#404 = DIRECTION('',(-0.,-0.966600102017,-0.256289373133));
#405 = DIRECTION('',(0.,-0.256289373133,0.966600102017));
#406 = ORIENTED_EDGE('',*,*,#407,.F.);
#407 = EDGE_CURVE('',#408,#399,#410,.T.);
#408 = VERTEX_POINT('',#409);
#409 = CARTESIAN_POINT('',(4.068528137424,-45.75,-5.3));
#410 = LINE('',#411,#412);
#411 = CARTESIAN_POINT('',(4.068528137424,-47.95,-5.3));
#412 = VECTOR('',#413,1.);
#413 = DIRECTION('',(0.,-1.,2.2E-16));
#414 = ORIENTED_EDGE('',*,*,#415,.T.);
#415 = EDGE_CURVE('',#408,#416,#418,.T.);
#416 = VERTEX_POINT('',#417);
#417 = CARTESIAN_POINT('',(3.22,-45.75,-4.9));
#418 = CIRCLE('',#419,1.1);
#419 = AXIS2_PLACEMENT_3D('',#420,#421,#422);
#420 = CARTESIAN_POINT('',(3.22,-45.75,-6.));
#421 = DIRECTION('',(0.,-1.,0.));
#422 = DIRECTION('',(1.,0.,0.));
#423 = ORIENTED_EDGE('',*,*,#424,.F.);
#424 = EDGE_CURVE('',#73,#416,#425,.T.);
#425 = LINE('',#426,#427);
#426 = CARTESIAN_POINT('',(3.22,-47.95,-4.9));
#427 = VECTOR('',#428,1.);
#428 = DIRECTION('',(0.,1.,-2.2E-16));
#429 = CYLINDRICAL_SURFACE('',#430,1.1);
#430 = AXIS2_PLACEMENT_3D('',#431,#432,#433);
#431 = CARTESIAN_POINT('',(3.22,-47.95,-6.));
#432 = DIRECTION('',(0.,-1.,2.2E-16));
#433 = DIRECTION('',(1.,0.,0.));
#434 = ADVANCED_FACE('',(#435),#453,.F.);
#435 = FACE_BOUND('',#436,.F.);
#436 = EDGE_LOOP('',(#437,#438,#446,#452));
#437 = ORIENTED_EDGE('',*,*,#55,.F.);
#438 = ORIENTED_EDGE('',*,*,#439,.T.);
#439 = EDGE_CURVE('',#56,#440,#442,.T.);
#440 = VERTEX_POINT('',#441);
#441 = CARTESIAN_POINT('',(-4.82,-47.13560163693,-6.));
#442 = LINE('',#443,#444);
#443 = CARTESIAN_POINT('',(-4.82,-47.95,-6.));
#444 = VECTOR('',#445,1.);
#445 = DIRECTION('',(0.,1.,-2.2E-16));
#446 = ORIENTED_EDGE('',*,*,#447,.T.);
#447 = EDGE_CURVE('',#440,#350,#448,.T.);
#448 = LINE('',#449,#450);
#449 = CARTESIAN_POINT('',(-4.82,-47.2551490253,-5.549124817866));
#450 = VECTOR('',#451,1.);
#451 = DIRECTION('',(0.,0.256289373133,-0.966600102017));
#452 = ORIENTED_EDGE('',*,*,#349,.T.);
#453 = PLANE('',#454);
#454 = AXIS2_PLACEMENT_3D('',#455,#456,#457);
#455 = CARTESIAN_POINT('',(-4.82,-47.95,-6.));
#456 = DIRECTION('',(-1.,0.,0.));
#457 = DIRECTION('',(-0.,-2.2E-16,-1.));
#458 = ADVANCED_FACE('',(#459),#477,.F.);
#459 = FACE_BOUND('',#460,.F.);
#460 = EDGE_LOOP('',(#461,#462,#470,#476));
#461 = ORIENTED_EDGE('',*,*,#424,.T.);
#462 = ORIENTED_EDGE('',*,*,#463,.T.);
#463 = EDGE_CURVE('',#416,#464,#466,.T.);
#464 = VERTEX_POINT('',#465);
#465 = CARTESIAN_POINT('',(-3.72,-45.75,-4.9));
#466 = LINE('',#467,#468);
#467 = CARTESIAN_POINT('',(3.22,-45.75,-4.9));
#468 = VECTOR('',#469,1.);
#469 = DIRECTION('',(-1.,0.,0.));
#470 = ORIENTED_EDGE('',*,*,#471,.F.);
#471 = EDGE_CURVE('',#64,#464,#472,.T.);
#472 = LINE('',#473,#474);
#473 = CARTESIAN_POINT('',(-3.72,-47.95,-4.9));
#474 = VECTOR('',#475,1.);
#475 = DIRECTION('',(0.,1.,-2.2E-16));
#476 = ORIENTED_EDGE('',*,*,#72,.F.);
#477 = PLANE('',#478);
#478 = AXIS2_PLACEMENT_3D('',#479,#480,#481);
#479 = CARTESIAN_POINT('',(3.22,-47.95,-4.9));
#480 = DIRECTION('',(0.,2.2E-16,1.));
#481 = DIRECTION('',(-1.,0.,0.));
#482 = ADVANCED_FACE('',(#483),#512,.F.);
#483 = FACE_BOUND('',#484,.F.);
#484 = EDGE_LOOP('',(#485,#486,#487,#496,#504,#511));
#485 = ORIENTED_EDGE('',*,*,#63,.F.);
#486 = ORIENTED_EDGE('',*,*,#471,.T.);
#487 = ORIENTED_EDGE('',*,*,#488,.T.);
#488 = EDGE_CURVE('',#464,#489,#491,.T.);
#489 = VERTEX_POINT('',#490);
#490 = CARTESIAN_POINT('',(-4.568528137424,-45.75,-5.3));
#491 = CIRCLE('',#492,1.1);
#492 = AXIS2_PLACEMENT_3D('',#493,#494,#495);
#493 = CARTESIAN_POINT('',(-3.72,-45.75,-6.));
#494 = DIRECTION('',(0.,-1.,0.));
#495 = DIRECTION('',(1.,0.,0.));
#496 = ORIENTED_EDGE('',*,*,#497,.T.);
#497 = EDGE_CURVE('',#489,#498,#500,.T.);
#498 = VERTEX_POINT('',#499);
#499 = CARTESIAN_POINT('',(-4.568528137424,-47.32120327387,-5.3));
#500 = LINE('',#501,#502);
#501 = CARTESIAN_POINT('',(-4.568528137424,-47.95,-5.3));
#502 = VECTOR('',#503,1.);
#503 = DIRECTION('',(0.,-1.,2.2E-16));
#504 = ORIENTED_EDGE('',*,*,#505,.T.);
#505 = EDGE_CURVE('',#498,#440,#506,.T.);
#506 = ELLIPSE('',#507,1.13800939779,1.1);
#507 = AXIS2_PLACEMENT_3D('',#508,#509,#510);
#508 = CARTESIAN_POINT('',(-3.72,-47.13560163693,-6.));
#509 = DIRECTION('',(-0.,-0.966600102017,-0.256289373133));
#510 = DIRECTION('',(0.,-0.256289373133,0.966600102017));
#511 = ORIENTED_EDGE('',*,*,#439,.F.);
#512 = CYLINDRICAL_SURFACE('',#513,1.1);
#513 = AXIS2_PLACEMENT_3D('',#514,#515,#516);
#514 = CARTESIAN_POINT('',(-3.72,-47.95,-6.));
#515 = DIRECTION('',(0.,-1.,2.2E-16));
#516 = DIRECTION('',(1.,0.,0.));
#517 = ADVANCED_FACE('',(#518),#537,.T.);
#518 = FACE_BOUND('',#519,.F.);
#519 = EDGE_LOOP('',(#520,#521,#530,#536));
#520 = ORIENTED_EDGE('',*,*,#160,.F.);
#521 = ORIENTED_EDGE('',*,*,#522,.T.);
#522 = EDGE_CURVE('',#153,#523,#525,.T.);
#523 = VERTEX_POINT('',#524);
#524 = CARTESIAN_POINT('',(37.35,-36.75,0.));
#525 = CIRCLE('',#526,10.2);
#526 = AXIS2_PLACEMENT_3D('',#527,#528,#529);
#527 = CARTESIAN_POINT('',(27.15,-36.75,0.));
#528 = DIRECTION('',(0.,0.,1.));
#529 = DIRECTION('',(-3.2E-16,-1.,0.));
#530 = ORIENTED_EDGE('',*,*,#531,.T.);
#531 = EDGE_CURVE('',#523,#122,#532,.T.);
#532 = LINE('',#533,#534);
#533 = CARTESIAN_POINT('',(38.35,-36.75,-1.));
#534 = VECTOR('',#535,1.);
#535 = DIRECTION('',(0.707106781187,-2.7E-16,-0.707106781187));
#536 = ORIENTED_EDGE('',*,*,#129,.F.);
#537 = CONICAL_SURFACE('',#538,11.2,0.785398163397);
#538 = AXIS2_PLACEMENT_3D('',#539,#540,#541);
#539 = CARTESIAN_POINT('',(27.15,-36.75,-1.));
#540 = DIRECTION('',(-0.,-0.,-1.));
#541 = DIRECTION('',(-3.2E-16,-1.,0.));
#542 = ADVANCED_FACE('',(#543),#561,.T.);
#543 = FACE_BOUND('',#544,.T.);
#544 = EDGE_LOOP('',(#545,#546,#547,#555));
#545 = ORIENTED_EDGE('',*,*,#121,.T.);
#546 = ORIENTED_EDGE('',*,*,#185,.T.);
#547 = ORIENTED_EDGE('',*,*,#548,.F.);
#548 = EDGE_CURVE('',#549,#186,#551,.T.);
#549 = VERTEX_POINT('',#550);
#550 = CARTESIAN_POINT('',(38.35,36.75,-1.));
#551 = LINE('',#552,#553);
#552 = CARTESIAN_POINT('',(38.35,36.75,0.));
#553 = VECTOR('',#554,1.);
#554 = DIRECTION('',(-0.,-0.,-1.));
#555 = ORIENTED_EDGE('',*,*,#556,.F.);
#556 = EDGE_CURVE('',#122,#549,#557,.T.);
#557 = LINE('',#558,#559);
#558 = CARTESIAN_POINT('',(38.35,-36.75,-1.));
#559 = VECTOR('',#560,1.);
#560 = DIRECTION('',(0.,1.,0.));
#561 = PLANE('',#562);
#562 = AXIS2_PLACEMENT_3D('',#563,#564,#565);
#563 = CARTESIAN_POINT('',(38.35,-36.75,0.));
#564 = DIRECTION('',(1.,0.,0.));
#565 = DIRECTION('',(0.,1.,0.));
#566 = ADVANCED_FACE('',(#567),#586,.T.);
#567 = FACE_BOUND('',#568,.F.);
#568 = EDGE_LOOP('',(#569,#577,#584,#585));
#569 = ORIENTED_EDGE('',*,*,#570,.F.);
#570 = EDGE_CURVE('',#571,#267,#573,.T.);
#571 = VERTEX_POINT('',#572);
#572 = CARTESIAN_POINT('',(-37.35,-36.75,-1.E-15));
#573 = LINE('',#574,#575);
#574 = CARTESIAN_POINT('',(-37.85,-36.75,-0.5));
#575 = VECTOR('',#576,1.);
#576 = DIRECTION('',(-0.707106781187,-0.,-0.707106781187));
#577 = ORIENTED_EDGE('',*,*,#578,.T.);
#578 = EDGE_CURVE('',#571,#145,#579,.T.);
#579 = CIRCLE('',#580,10.2);
#580 = AXIS2_PLACEMENT_3D('',#581,#582,#583);
#581 = CARTESIAN_POINT('',(-27.15,-36.75,0.));
#582 = DIRECTION('',(0.,0.,1.));
#583 = DIRECTION('',(-1.,0.,0.));
#584 = ORIENTED_EDGE('',*,*,#144,.T.);
#585 = ORIENTED_EDGE('',*,*,#284,.F.);
#586 = CONICAL_SURFACE('',#587,11.2,0.785398163397);
#587 = AXIS2_PLACEMENT_3D('',#588,#589,#590);
#588 = CARTESIAN_POINT('',(-27.15,-36.75,-1.));
#589 = DIRECTION('',(-0.,-0.,-1.));
#590 = DIRECTION('',(-1.,0.,0.));
#591 = ADVANCED_FACE('',(#592,#637,#671,#705,#739,#773,#807,#841,#875,
    #909,#943,#977,#1011,#1113,#1183,#1253,#1323,#1393,#1463,#1565,#1635
    ,#1705,#1775,#1845,#1856),#1867,.T.);
#592 = FACE_BOUND('',#593,.T.);
#593 = EDGE_LOOP('',(#594,#602,#603,#604,#605,#613,#622,#630));
#594 = ORIENTED_EDGE('',*,*,#595,.T.);
#595 = EDGE_CURVE('',#596,#571,#598,.T.);
#596 = VERTEX_POINT('',#597);
#597 = CARTESIAN_POINT('',(-37.35,36.75,-1.E-15));
#598 = LINE('',#599,#600);
#599 = CARTESIAN_POINT('',(-37.35,36.75,0.));
#600 = VECTOR('',#601,1.);
#601 = DIRECTION('',(0.,-1.,0.));
#602 = ORIENTED_EDGE('',*,*,#578,.T.);
#603 = ORIENTED_EDGE('',*,*,#152,.T.);
#604 = ORIENTED_EDGE('',*,*,#522,.T.);
#605 = ORIENTED_EDGE('',*,*,#606,.T.);
#606 = EDGE_CURVE('',#523,#607,#609,.T.);
#607 = VERTEX_POINT('',#608);
#608 = CARTESIAN_POINT('',(37.35,36.75,-1.E-15));
#609 = LINE('',#610,#611);
#610 = CARTESIAN_POINT('',(37.35,-36.75,0.));
#611 = VECTOR('',#612,1.);
#612 = DIRECTION('',(0.,1.,0.));
#613 = ORIENTED_EDGE('',*,*,#614,.T.);
#614 = EDGE_CURVE('',#607,#615,#617,.T.);
#615 = VERTEX_POINT('',#616);
#616 = CARTESIAN_POINT('',(27.15,46.95,0.));
#617 = CIRCLE('',#618,10.2);
#618 = AXIS2_PLACEMENT_3D('',#619,#620,#621);
#619 = CARTESIAN_POINT('',(27.15,36.75,0.));
#620 = DIRECTION('',(0.,0.,1.));
#621 = DIRECTION('',(1.,0.,0.));
#622 = ORIENTED_EDGE('',*,*,#623,.T.);
#623 = EDGE_CURVE('',#615,#624,#626,.T.);
#624 = VERTEX_POINT('',#625);
#625 = CARTESIAN_POINT('',(-27.15,46.95,-1.E-15));
#626 = LINE('',#627,#628);
#627 = CARTESIAN_POINT('',(27.15,46.95,0.));
#628 = VECTOR('',#629,1.);
#629 = DIRECTION('',(-1.,0.,0.));
#630 = ORIENTED_EDGE('',*,*,#631,.T.);
#631 = EDGE_CURVE('',#624,#596,#632,.T.);
#632 = CIRCLE('',#633,10.2);
#633 = AXIS2_PLACEMENT_3D('',#634,#635,#636);
#634 = CARTESIAN_POINT('',(-27.15,36.75,0.));
#635 = DIRECTION('',(0.,-0.,1.));
#636 = DIRECTION('',(0.,1.,0.));
#637 = FACE_BOUND('',#638,.T.);
#638 = EDGE_LOOP('',(#639,#649,#657,#665));
#639 = ORIENTED_EDGE('',*,*,#640,.F.);
#640 = EDGE_CURVE('',#641,#643,#645,.T.);
#641 = VERTEX_POINT('',#642);
#642 = CARTESIAN_POINT('',(-24.,-33.49999999998,0.));
#643 = VERTEX_POINT('',#644);
#644 = CARTESIAN_POINT('',(-24.,-34.99999999998,0.));
#645 = LINE('',#646,#647);
#646 = CARTESIAN_POINT('',(-24.,-33.49999999998,0.));
#647 = VECTOR('',#648,1.);
#648 = DIRECTION('',(0.,-1.,0.));
#649 = ORIENTED_EDGE('',*,*,#650,.F.);
#650 = EDGE_CURVE('',#651,#641,#653,.T.);
#651 = VERTEX_POINT('',#652);
#652 = CARTESIAN_POINT('',(24.,-33.49999999998,0.));
#653 = LINE('',#654,#655);
#654 = CARTESIAN_POINT('',(24.,-33.49999999998,0.));
#655 = VECTOR('',#656,1.);
#656 = DIRECTION('',(-1.,0.,0.));
#657 = ORIENTED_EDGE('',*,*,#658,.F.);
#658 = EDGE_CURVE('',#659,#651,#661,.T.);
#659 = VERTEX_POINT('',#660);
#660 = CARTESIAN_POINT('',(24.,-34.99999999998,0.));
#661 = LINE('',#662,#663);
#662 = CARTESIAN_POINT('',(24.,-34.99999999998,0.));
#663 = VECTOR('',#664,1.);
#664 = DIRECTION('',(0.,1.,0.));
#665 = ORIENTED_EDGE('',*,*,#666,.F.);
#666 = EDGE_CURVE('',#643,#659,#667,.T.);
#667 = LINE('',#668,#669);
#668 = CARTESIAN_POINT('',(-24.,-34.99999999998,0.));
#669 = VECTOR('',#670,1.);
#670 = DIRECTION('',(1.,0.,0.));
#671 = FACE_BOUND('',#672,.T.);
#672 = EDGE_LOOP('',(#673,#683,#691,#699));
#673 = ORIENTED_EDGE('',*,*,#674,.F.);
#674 = EDGE_CURVE('',#675,#677,#679,.T.);
#675 = VERTEX_POINT('',#676);
#676 = CARTESIAN_POINT('',(-27.,-30.49999999998,0.));
#677 = VERTEX_POINT('',#678);
#678 = CARTESIAN_POINT('',(-27.,-31.99999999998,0.));
#679 = LINE('',#680,#681);
#680 = CARTESIAN_POINT('',(-27.,-30.49999999998,0.));
#681 = VECTOR('',#682,1.);
#682 = DIRECTION('',(0.,-1.,0.));
#683 = ORIENTED_EDGE('',*,*,#684,.F.);
#684 = EDGE_CURVE('',#685,#675,#687,.T.);
#685 = VERTEX_POINT('',#686);
#686 = CARTESIAN_POINT('',(27.,-30.49999999998,0.));
#687 = LINE('',#688,#689);
#688 = CARTESIAN_POINT('',(27.,-30.49999999998,0.));
#689 = VECTOR('',#690,1.);
#690 = DIRECTION('',(-1.,0.,0.));
#691 = ORIENTED_EDGE('',*,*,#692,.F.);
#692 = EDGE_CURVE('',#693,#685,#695,.T.);
#693 = VERTEX_POINT('',#694);
#694 = CARTESIAN_POINT('',(27.,-31.99999999998,0.));
#695 = LINE('',#696,#697);
#696 = CARTESIAN_POINT('',(27.,-31.99999999998,0.));
#697 = VECTOR('',#698,1.);
#698 = DIRECTION('',(0.,1.,0.));
#699 = ORIENTED_EDGE('',*,*,#700,.F.);
#700 = EDGE_CURVE('',#677,#693,#701,.T.);
#701 = LINE('',#702,#703);
#702 = CARTESIAN_POINT('',(-27.,-31.99999999998,0.));
#703 = VECTOR('',#704,1.);
#704 = DIRECTION('',(1.,0.,0.));
#705 = FACE_BOUND('',#706,.T.);
#706 = EDGE_LOOP('',(#707,#717,#725,#733));
#707 = ORIENTED_EDGE('',*,*,#708,.F.);
#708 = EDGE_CURVE('',#709,#711,#713,.T.);
#709 = VERTEX_POINT('',#710);
#710 = CARTESIAN_POINT('',(-28.,-27.5,0.));
#711 = VERTEX_POINT('',#712);
#712 = CARTESIAN_POINT('',(-28.,-28.99999999998,0.));
#713 = LINE('',#714,#715);
#714 = CARTESIAN_POINT('',(-28.,-27.5,0.));
#715 = VECTOR('',#716,1.);
#716 = DIRECTION('',(0.,-1.,0.));
#717 = ORIENTED_EDGE('',*,*,#718,.F.);
#718 = EDGE_CURVE('',#719,#709,#721,.T.);
#719 = VERTEX_POINT('',#720);
#720 = CARTESIAN_POINT('',(28.,-27.5,0.));
#721 = LINE('',#722,#723);
#722 = CARTESIAN_POINT('',(28.,-27.5,0.));
#723 = VECTOR('',#724,1.);
#724 = DIRECTION('',(-1.,0.,0.));
#725 = ORIENTED_EDGE('',*,*,#726,.F.);
#726 = EDGE_CURVE('',#727,#719,#729,.T.);
#727 = VERTEX_POINT('',#728);
#728 = CARTESIAN_POINT('',(28.,-28.99999999998,0.));
#729 = LINE('',#730,#731);
#730 = CARTESIAN_POINT('',(28.,-28.99999999998,0.));
#731 = VECTOR('',#732,1.);
#732 = DIRECTION('',(0.,1.,0.));
#733 = ORIENTED_EDGE('',*,*,#734,.F.);
#734 = EDGE_CURVE('',#711,#727,#735,.T.);
#735 = LINE('',#736,#737);
#736 = CARTESIAN_POINT('',(-28.,-28.99999999998,0.));
#737 = VECTOR('',#738,1.);
#738 = DIRECTION('',(1.,0.,0.));
#739 = FACE_BOUND('',#740,.T.);
#740 = EDGE_LOOP('',(#741,#751,#759,#767));
#741 = ORIENTED_EDGE('',*,*,#742,.F.);
#742 = EDGE_CURVE('',#743,#745,#747,.T.);
#743 = VERTEX_POINT('',#744);
#744 = CARTESIAN_POINT('',(-29.4,-24.5,0.));
#745 = VERTEX_POINT('',#746);
#746 = CARTESIAN_POINT('',(-29.4,-26.,0.));
#747 = LINE('',#748,#749);
#748 = CARTESIAN_POINT('',(-29.4,-24.5,0.));
#749 = VECTOR('',#750,1.);
#750 = DIRECTION('',(0.,-1.,0.));
#751 = ORIENTED_EDGE('',*,*,#752,.F.);
#752 = EDGE_CURVE('',#753,#743,#755,.T.);
#753 = VERTEX_POINT('',#754);
#754 = CARTESIAN_POINT('',(29.4,-24.5,0.));
#755 = LINE('',#756,#757);
#756 = CARTESIAN_POINT('',(29.4,-24.5,0.));
#757 = VECTOR('',#758,1.);
#758 = DIRECTION('',(-1.,0.,0.));
#759 = ORIENTED_EDGE('',*,*,#760,.F.);
#760 = EDGE_CURVE('',#761,#753,#763,.T.);
#761 = VERTEX_POINT('',#762);
#762 = CARTESIAN_POINT('',(29.4,-26.,0.));
#763 = LINE('',#764,#765);
#764 = CARTESIAN_POINT('',(29.4,-26.,0.));
#765 = VECTOR('',#766,1.);
#766 = DIRECTION('',(0.,1.,0.));
#767 = ORIENTED_EDGE('',*,*,#768,.F.);
#768 = EDGE_CURVE('',#745,#761,#769,.T.);
#769 = LINE('',#770,#771);
#770 = CARTESIAN_POINT('',(-29.4,-26.,0.));
#771 = VECTOR('',#772,1.);
#772 = DIRECTION('',(1.,0.,0.));
#773 = FACE_BOUND('',#774,.T.);
#774 = EDGE_LOOP('',(#775,#785,#793,#801));
#775 = ORIENTED_EDGE('',*,*,#776,.F.);
#776 = EDGE_CURVE('',#777,#779,#781,.T.);
#777 = VERTEX_POINT('',#778);
#778 = CARTESIAN_POINT('',(-29.4,-21.5,0.));
#779 = VERTEX_POINT('',#780);
#780 = CARTESIAN_POINT('',(-29.4,-23.,0.));
#781 = LINE('',#782,#783);
#782 = CARTESIAN_POINT('',(-29.4,-21.5,0.));
#783 = VECTOR('',#784,1.);
#784 = DIRECTION('',(0.,-1.,0.));
#785 = ORIENTED_EDGE('',*,*,#786,.F.);
#786 = EDGE_CURVE('',#787,#777,#789,.T.);
#787 = VERTEX_POINT('',#788);
#788 = CARTESIAN_POINT('',(29.4,-21.5,0.));
#789 = LINE('',#790,#791);
#790 = CARTESIAN_POINT('',(29.4,-21.5,0.));
#791 = VECTOR('',#792,1.);
#792 = DIRECTION('',(-1.,0.,0.));
#793 = ORIENTED_EDGE('',*,*,#794,.F.);
#794 = EDGE_CURVE('',#795,#787,#797,.T.);
#795 = VERTEX_POINT('',#796);
#796 = CARTESIAN_POINT('',(29.4,-23.,0.));
#797 = LINE('',#798,#799);
#798 = CARTESIAN_POINT('',(29.4,-23.,0.));
#799 = VECTOR('',#800,1.);
#800 = DIRECTION('',(0.,1.,0.));
#801 = ORIENTED_EDGE('',*,*,#802,.F.);
#802 = EDGE_CURVE('',#779,#795,#803,.T.);
#803 = LINE('',#804,#805);
#804 = CARTESIAN_POINT('',(-29.4,-23.,0.));
#805 = VECTOR('',#806,1.);
#806 = DIRECTION('',(1.,0.,0.));
#807 = FACE_BOUND('',#808,.T.);
#808 = EDGE_LOOP('',(#809,#819,#827,#835));
#809 = ORIENTED_EDGE('',*,*,#810,.F.);
#810 = EDGE_CURVE('',#811,#813,#815,.T.);
#811 = VERTEX_POINT('',#812);
#812 = CARTESIAN_POINT('',(29.4,-20.,0.));
#813 = VERTEX_POINT('',#814);
#814 = CARTESIAN_POINT('',(29.4,-18.5,0.));
#815 = LINE('',#816,#817);
#816 = CARTESIAN_POINT('',(29.4,-20.,0.));
#817 = VECTOR('',#818,1.);
#818 = DIRECTION('',(0.,1.,0.));
#819 = ORIENTED_EDGE('',*,*,#820,.F.);
#820 = EDGE_CURVE('',#821,#811,#823,.T.);
#821 = VERTEX_POINT('',#822);
#822 = CARTESIAN_POINT('',(-29.4,-20.,0.));
#823 = LINE('',#824,#825);
#824 = CARTESIAN_POINT('',(-29.4,-20.,0.));
#825 = VECTOR('',#826,1.);
#826 = DIRECTION('',(1.,0.,0.));
#827 = ORIENTED_EDGE('',*,*,#828,.F.);
#828 = EDGE_CURVE('',#829,#821,#831,.T.);
#829 = VERTEX_POINT('',#830);
#830 = CARTESIAN_POINT('',(-29.4,-18.5,0.));
#831 = LINE('',#832,#833);
#832 = CARTESIAN_POINT('',(-29.4,-18.5,0.));
#833 = VECTOR('',#834,1.);
#834 = DIRECTION('',(0.,-1.,0.));
#835 = ORIENTED_EDGE('',*,*,#836,.F.);
#836 = EDGE_CURVE('',#813,#829,#837,.T.);
#837 = LINE('',#838,#839);
#838 = CARTESIAN_POINT('',(29.4,-18.5,0.));
#839 = VECTOR('',#840,1.);
#840 = DIRECTION('',(-1.,0.,0.));
#841 = FACE_BOUND('',#842,.T.);
#842 = EDGE_LOOP('',(#843,#853,#861,#869));
#843 = ORIENTED_EDGE('',*,*,#844,.F.);
#844 = EDGE_CURVE('',#845,#847,#849,.T.);
#845 = VERTEX_POINT('',#846);
#846 = CARTESIAN_POINT('',(-29.4,-15.5,0.));
#847 = VERTEX_POINT('',#848);
#848 = CARTESIAN_POINT('',(-29.4,-17.,0.));
#849 = LINE('',#850,#851);
#850 = CARTESIAN_POINT('',(-29.4,-15.5,0.));
#851 = VECTOR('',#852,1.);
#852 = DIRECTION('',(0.,-1.,0.));
#853 = ORIENTED_EDGE('',*,*,#854,.F.);
#854 = EDGE_CURVE('',#855,#845,#857,.T.);
#855 = VERTEX_POINT('',#856);
#856 = CARTESIAN_POINT('',(29.4,-15.5,0.));
#857 = LINE('',#858,#859);
#858 = CARTESIAN_POINT('',(29.4,-15.5,0.));
#859 = VECTOR('',#860,1.);
#860 = DIRECTION('',(-1.,0.,0.));
#861 = ORIENTED_EDGE('',*,*,#862,.F.);
#862 = EDGE_CURVE('',#863,#855,#865,.T.);
#863 = VERTEX_POINT('',#864);
#864 = CARTESIAN_POINT('',(29.4,-17.,0.));
#865 = LINE('',#866,#867);
#866 = CARTESIAN_POINT('',(29.4,-17.,0.));
#867 = VECTOR('',#868,1.);
#868 = DIRECTION('',(0.,1.,0.));
#869 = ORIENTED_EDGE('',*,*,#870,.F.);
#870 = EDGE_CURVE('',#847,#863,#871,.T.);
#871 = LINE('',#872,#873);
#872 = CARTESIAN_POINT('',(-29.4,-17.,0.));
#873 = VECTOR('',#874,1.);
#874 = DIRECTION('',(1.,0.,0.));
#875 = FACE_BOUND('',#876,.T.);
#876 = EDGE_LOOP('',(#877,#887,#895,#903));
#877 = ORIENTED_EDGE('',*,*,#878,.F.);
#878 = EDGE_CURVE('',#879,#881,#883,.T.);
#879 = VERTEX_POINT('',#880);
#880 = CARTESIAN_POINT('',(29.4,-14.,0.));
#881 = VERTEX_POINT('',#882);
#882 = CARTESIAN_POINT('',(29.4,-12.5,0.));
#883 = LINE('',#884,#885);
#884 = CARTESIAN_POINT('',(29.4,-14.,0.));
#885 = VECTOR('',#886,1.);
#886 = DIRECTION('',(0.,1.,0.));
#887 = ORIENTED_EDGE('',*,*,#888,.F.);
#888 = EDGE_CURVE('',#889,#879,#891,.T.);
#889 = VERTEX_POINT('',#890);
#890 = CARTESIAN_POINT('',(-29.4,-14.,0.));
#891 = LINE('',#892,#893);
#892 = CARTESIAN_POINT('',(-29.4,-14.,0.));
#893 = VECTOR('',#894,1.);
#894 = DIRECTION('',(1.,0.,0.));
#895 = ORIENTED_EDGE('',*,*,#896,.F.);
#896 = EDGE_CURVE('',#897,#889,#899,.T.);
#897 = VERTEX_POINT('',#898);
#898 = CARTESIAN_POINT('',(-29.4,-12.5,0.));
#899 = LINE('',#900,#901);
#900 = CARTESIAN_POINT('',(-29.4,-12.5,0.));
#901 = VECTOR('',#902,1.);
#902 = DIRECTION('',(0.,-1.,0.));
#903 = ORIENTED_EDGE('',*,*,#904,.F.);
#904 = EDGE_CURVE('',#881,#897,#905,.T.);
#905 = LINE('',#906,#907);
#906 = CARTESIAN_POINT('',(29.4,-12.5,0.));
#907 = VECTOR('',#908,1.);
#908 = DIRECTION('',(-1.,0.,0.));
#909 = FACE_BOUND('',#910,.T.);
#910 = EDGE_LOOP('',(#911,#921,#929,#937));
#911 = ORIENTED_EDGE('',*,*,#912,.F.);
#912 = EDGE_CURVE('',#913,#915,#917,.T.);
#913 = VERTEX_POINT('',#914);
#914 = CARTESIAN_POINT('',(-29.4,-9.5,0.));
#915 = VERTEX_POINT('',#916);
#916 = CARTESIAN_POINT('',(-29.4,-11.,0.));
#917 = LINE('',#918,#919);
#918 = CARTESIAN_POINT('',(-29.4,-9.5,0.));
#919 = VECTOR('',#920,1.);
#920 = DIRECTION('',(0.,-1.,0.));
#921 = ORIENTED_EDGE('',*,*,#922,.F.);
#922 = EDGE_CURVE('',#923,#913,#925,.T.);
#923 = VERTEX_POINT('',#924);
#924 = CARTESIAN_POINT('',(29.4,-9.5,0.));
#925 = LINE('',#926,#927);
#926 = CARTESIAN_POINT('',(29.4,-9.5,0.));
#927 = VECTOR('',#928,1.);
#928 = DIRECTION('',(-1.,0.,0.));
#929 = ORIENTED_EDGE('',*,*,#930,.F.);
#930 = EDGE_CURVE('',#931,#923,#933,.T.);
#931 = VERTEX_POINT('',#932);
#932 = CARTESIAN_POINT('',(29.4,-11.,0.));
#933 = LINE('',#934,#935);
#934 = CARTESIAN_POINT('',(29.4,-11.,0.));
#935 = VECTOR('',#936,1.);
#936 = DIRECTION('',(0.,1.,0.));
#937 = ORIENTED_EDGE('',*,*,#938,.F.);
#938 = EDGE_CURVE('',#915,#931,#939,.T.);
#939 = LINE('',#940,#941);
#940 = CARTESIAN_POINT('',(-29.4,-11.,0.));
#941 = VECTOR('',#942,1.);
#942 = DIRECTION('',(1.,0.,0.));
#943 = FACE_BOUND('',#944,.T.);
#944 = EDGE_LOOP('',(#945,#955,#963,#971));
#945 = ORIENTED_EDGE('',*,*,#946,.F.);
#946 = EDGE_CURVE('',#947,#949,#951,.T.);
#947 = VERTEX_POINT('',#948);
#948 = CARTESIAN_POINT('',(-29.4,-6.5,0.));
#949 = VERTEX_POINT('',#950);
#950 = CARTESIAN_POINT('',(-29.4,-8.,0.));
#951 = LINE('',#952,#953);
#952 = CARTESIAN_POINT('',(-29.4,-6.5,0.));
#953 = VECTOR('',#954,1.);
#954 = DIRECTION('',(0.,-1.,0.));
#955 = ORIENTED_EDGE('',*,*,#956,.F.);
#956 = EDGE_CURVE('',#957,#947,#959,.T.);
#957 = VERTEX_POINT('',#958);
#958 = CARTESIAN_POINT('',(29.4,-6.5,0.));
#959 = LINE('',#960,#961);
#960 = CARTESIAN_POINT('',(29.4,-6.5,0.));
#961 = VECTOR('',#962,1.);
#962 = DIRECTION('',(-1.,0.,0.));
#963 = ORIENTED_EDGE('',*,*,#964,.F.);
#964 = EDGE_CURVE('',#965,#957,#967,.T.);
#965 = VERTEX_POINT('',#966);
#966 = CARTESIAN_POINT('',(29.4,-8.,0.));
#967 = LINE('',#968,#969);
#968 = CARTESIAN_POINT('',(29.4,-8.,0.));
#969 = VECTOR('',#970,1.);
#970 = DIRECTION('',(0.,1.,0.));
#971 = ORIENTED_EDGE('',*,*,#972,.F.);
#972 = EDGE_CURVE('',#949,#965,#973,.T.);
#973 = LINE('',#974,#975);
#974 = CARTESIAN_POINT('',(-29.4,-8.,0.));
#975 = VECTOR('',#976,1.);
#976 = DIRECTION('',(1.,0.,0.));
#977 = FACE_BOUND('',#978,.T.);
#978 = EDGE_LOOP('',(#979,#989,#997,#1005));
#979 = ORIENTED_EDGE('',*,*,#980,.F.);
#980 = EDGE_CURVE('',#981,#983,#985,.T.);
#981 = VERTEX_POINT('',#982);
#982 = CARTESIAN_POINT('',(-29.4,-3.5,0.));
#983 = VERTEX_POINT('',#984);
#984 = CARTESIAN_POINT('',(-29.4,-5.,0.));
#985 = LINE('',#986,#987);
#986 = CARTESIAN_POINT('',(-29.4,-3.5,0.));
#987 = VECTOR('',#988,1.);
#988 = DIRECTION('',(0.,-1.,0.));
#989 = ORIENTED_EDGE('',*,*,#990,.F.);
#990 = EDGE_CURVE('',#991,#981,#993,.T.);
#991 = VERTEX_POINT('',#992);
#992 = CARTESIAN_POINT('',(29.4,-3.5,0.));
#993 = LINE('',#994,#995);
#994 = CARTESIAN_POINT('',(29.4,-3.5,0.));
#995 = VECTOR('',#996,1.);
#996 = DIRECTION('',(-1.,0.,0.));
#997 = ORIENTED_EDGE('',*,*,#998,.F.);
#998 = EDGE_CURVE('',#999,#991,#1001,.T.);
#999 = VERTEX_POINT('',#1000);
#1000 = CARTESIAN_POINT('',(29.4,-5.,0.));
#1001 = LINE('',#1002,#1003);
#1002 = CARTESIAN_POINT('',(29.4,-5.,0.));
#1003 = VECTOR('',#1004,1.);
#1004 = DIRECTION('',(0.,1.,0.));
#1005 = ORIENTED_EDGE('',*,*,#1006,.F.);
#1006 = EDGE_CURVE('',#983,#999,#1007,.T.);
#1007 = LINE('',#1008,#1009);
#1008 = CARTESIAN_POINT('',(-29.4,-5.,0.));
#1009 = VECTOR('',#1010,1.);
#1010 = DIRECTION('',(1.,0.,0.));
#1011 = FACE_BOUND('',#1012,.T.);
#1012 = EDGE_LOOP('',(#1013,#1023,#1031,#1039,#1048,#1056,#1065,#1073,
    #1081,#1089,#1098,#1106));
#1013 = ORIENTED_EDGE('',*,*,#1014,.F.);
#1014 = EDGE_CURVE('',#1015,#1017,#1019,.T.);
#1015 = VERTEX_POINT('',#1016);
#1016 = CARTESIAN_POINT('',(-30.75,-1.5,0.));
#1017 = VERTEX_POINT('',#1018);
#1018 = CARTESIAN_POINT('',(-30.75,-26.3,0.));
#1019 = LINE('',#1020,#1021);
#1020 = CARTESIAN_POINT('',(-30.75,-1.5,0.));
#1021 = VECTOR('',#1022,1.);
#1022 = DIRECTION('',(0.,-1.,0.));
#1023 = ORIENTED_EDGE('',*,*,#1024,.T.);
#1024 = EDGE_CURVE('',#1015,#1025,#1027,.T.);
#1025 = VERTEX_POINT('',#1026);
#1026 = CARTESIAN_POINT('',(-30.4,-1.5,0.));
#1027 = LINE('',#1028,#1029);
#1028 = CARTESIAN_POINT('',(-30.75,-1.5,0.));
#1029 = VECTOR('',#1030,1.);
#1030 = DIRECTION('',(1.,0.,0.));
#1031 = ORIENTED_EDGE('',*,*,#1032,.T.);
#1032 = EDGE_CURVE('',#1025,#1033,#1035,.T.);
#1033 = VERTEX_POINT('',#1034);
#1034 = CARTESIAN_POINT('',(-30.4,-26.3,0.));
#1035 = LINE('',#1036,#1037);
#1036 = CARTESIAN_POINT('',(-30.4,-1.5,0.));
#1037 = VECTOR('',#1038,1.);
#1038 = DIRECTION('',(0.,-1.,0.));
#1039 = ORIENTED_EDGE('',*,*,#1040,.T.);
#1040 = EDGE_CURVE('',#1033,#1041,#1043,.T.);
#1041 = VERTEX_POINT('',#1042);
#1042 = CARTESIAN_POINT('',(-19.55,-37.15,0.));
#1043 = CIRCLE('',#1044,10.85);
#1044 = AXIS2_PLACEMENT_3D('',#1045,#1046,#1047);
#1045 = CARTESIAN_POINT('',(-19.55,-26.3,0.));
#1046 = DIRECTION('',(0.,0.,1.));
#1047 = DIRECTION('',(1.,0.,0.));
#1048 = ORIENTED_EDGE('',*,*,#1049,.T.);
#1049 = EDGE_CURVE('',#1041,#1050,#1052,.T.);
#1050 = VERTEX_POINT('',#1051);
#1051 = CARTESIAN_POINT('',(19.55,-37.15,0.));
#1052 = LINE('',#1053,#1054);
#1053 = CARTESIAN_POINT('',(-19.55,-37.15,0.));
#1054 = VECTOR('',#1055,1.);
#1055 = DIRECTION('',(1.,2.91E-15,0.));
#1056 = ORIENTED_EDGE('',*,*,#1057,.T.);
#1057 = EDGE_CURVE('',#1050,#1058,#1060,.T.);
#1058 = VERTEX_POINT('',#1059);
#1059 = CARTESIAN_POINT('',(30.4,-26.3,0.));
#1060 = CIRCLE('',#1061,10.85);
#1061 = AXIS2_PLACEMENT_3D('',#1062,#1063,#1064);
#1062 = CARTESIAN_POINT('',(19.55,-26.3,0.));
#1063 = DIRECTION('',(0.,0.,1.));
#1064 = DIRECTION('',(1.,0.,0.));
#1065 = ORIENTED_EDGE('',*,*,#1066,.T.);
#1066 = EDGE_CURVE('',#1058,#1067,#1069,.T.);
#1067 = VERTEX_POINT('',#1068);
#1068 = CARTESIAN_POINT('',(30.4,-1.5,0.));
#1069 = LINE('',#1070,#1071);
#1070 = CARTESIAN_POINT('',(30.4,-26.3,0.));
#1071 = VECTOR('',#1072,1.);
#1072 = DIRECTION('',(0.,1.,0.));
#1073 = ORIENTED_EDGE('',*,*,#1074,.T.);
#1074 = EDGE_CURVE('',#1067,#1075,#1077,.T.);
#1075 = VERTEX_POINT('',#1076);
#1076 = CARTESIAN_POINT('',(30.75,-1.5,0.));
#1077 = LINE('',#1078,#1079);
#1078 = CARTESIAN_POINT('',(30.4,-1.5,0.));
#1079 = VECTOR('',#1080,1.);
#1080 = DIRECTION('',(1.,0.,0.));
#1081 = ORIENTED_EDGE('',*,*,#1082,.F.);
#1082 = EDGE_CURVE('',#1083,#1075,#1085,.T.);
#1083 = VERTEX_POINT('',#1084);
#1084 = CARTESIAN_POINT('',(30.75,-26.3,0.));
#1085 = LINE('',#1086,#1087);
#1086 = CARTESIAN_POINT('',(30.75,-26.3,0.));
#1087 = VECTOR('',#1088,1.);
#1088 = DIRECTION('',(0.,1.,0.));
#1089 = ORIENTED_EDGE('',*,*,#1090,.F.);
#1090 = EDGE_CURVE('',#1091,#1083,#1093,.T.);
#1091 = VERTEX_POINT('',#1092);
#1092 = CARTESIAN_POINT('',(19.55,-37.5,0.));
#1093 = CIRCLE('',#1094,11.2);
#1094 = AXIS2_PLACEMENT_3D('',#1095,#1096,#1097);
#1095 = CARTESIAN_POINT('',(19.55,-26.3,0.));
#1096 = DIRECTION('',(0.,0.,1.));
#1097 = DIRECTION('',(1.,0.,0.));
#1098 = ORIENTED_EDGE('',*,*,#1099,.F.);
#1099 = EDGE_CURVE('',#1100,#1091,#1102,.T.);
#1100 = VERTEX_POINT('',#1101);
#1101 = CARTESIAN_POINT('',(-19.55,-37.5,0.));
#1102 = LINE('',#1103,#1104);
#1103 = CARTESIAN_POINT('',(-19.55,-37.5,0.));
#1104 = VECTOR('',#1105,1.);
#1105 = DIRECTION('',(1.,0.,0.));
#1106 = ORIENTED_EDGE('',*,*,#1107,.F.);
#1107 = EDGE_CURVE('',#1017,#1100,#1108,.T.);
#1108 = CIRCLE('',#1109,11.2);
#1109 = AXIS2_PLACEMENT_3D('',#1110,#1111,#1112);
#1110 = CARTESIAN_POINT('',(-19.55,-26.3,0.));
#1111 = DIRECTION('',(0.,0.,1.));
#1112 = DIRECTION('',(1.,0.,0.));
#1113 = FACE_BOUND('',#1114,.T.);
#1114 = EDGE_LOOP('',(#1115,#1125,#1134,#1142,#1151,#1159,#1168,#1176));
#1115 = ORIENTED_EDGE('',*,*,#1116,.F.);
#1116 = EDGE_CURVE('',#1117,#1119,#1121,.T.);
#1117 = VERTEX_POINT('',#1118);
#1118 = CARTESIAN_POINT('',(-14.,43.1,0.));
#1119 = VERTEX_POINT('',#1120);
#1120 = CARTESIAN_POINT('',(-14.,39.9,0.));
#1121 = LINE('',#1122,#1123);
#1122 = CARTESIAN_POINT('',(-14.,43.1,0.));
#1123 = VECTOR('',#1124,1.);
#1124 = DIRECTION('',(0.,-1.,0.));
#1125 = ORIENTED_EDGE('',*,*,#1126,.F.);
#1126 = EDGE_CURVE('',#1127,#1117,#1129,.T.);
#1127 = VERTEX_POINT('',#1128);
#1128 = CARTESIAN_POINT('',(-13.6,43.5,0.));
#1129 = CIRCLE('',#1130,0.4);
#1130 = AXIS2_PLACEMENT_3D('',#1131,#1132,#1133);
#1131 = CARTESIAN_POINT('',(-13.6,43.1,0.));
#1132 = DIRECTION('',(0.,0.,1.));
#1133 = DIRECTION('',(1.,0.,0.));
#1134 = ORIENTED_EDGE('',*,*,#1135,.F.);
#1135 = EDGE_CURVE('',#1136,#1127,#1138,.T.);
#1136 = VERTEX_POINT('',#1137);
#1137 = CARTESIAN_POINT('',(-13.2,43.5,0.));
#1138 = LINE('',#1139,#1140);
#1139 = CARTESIAN_POINT('',(-13.2,43.5,0.));
#1140 = VECTOR('',#1141,1.);
#1141 = DIRECTION('',(-1.,0.,0.));
#1142 = ORIENTED_EDGE('',*,*,#1143,.F.);
#1143 = EDGE_CURVE('',#1144,#1136,#1146,.T.);
#1144 = VERTEX_POINT('',#1145);
#1145 = CARTESIAN_POINT('',(-12.8,43.1,0.));
#1146 = CIRCLE('',#1147,0.4);
#1147 = AXIS2_PLACEMENT_3D('',#1148,#1149,#1150);
#1148 = CARTESIAN_POINT('',(-13.2,43.1,0.));
#1149 = DIRECTION('',(0.,0.,1.));
#1150 = DIRECTION('',(1.,0.,0.));
#1151 = ORIENTED_EDGE('',*,*,#1152,.F.);
#1152 = EDGE_CURVE('',#1153,#1144,#1155,.T.);
#1153 = VERTEX_POINT('',#1154);
#1154 = CARTESIAN_POINT('',(-12.8,39.9,0.));
#1155 = LINE('',#1156,#1157);
#1156 = CARTESIAN_POINT('',(-12.8,39.9,0.));
#1157 = VECTOR('',#1158,1.);
#1158 = DIRECTION('',(0.,1.,0.));
#1159 = ORIENTED_EDGE('',*,*,#1160,.F.);
#1160 = EDGE_CURVE('',#1161,#1153,#1163,.T.);
#1161 = VERTEX_POINT('',#1162);
#1162 = CARTESIAN_POINT('',(-13.2,39.5,0.));
#1163 = CIRCLE('',#1164,0.4);
#1164 = AXIS2_PLACEMENT_3D('',#1165,#1166,#1167);
#1165 = CARTESIAN_POINT('',(-13.2,39.9,0.));
#1166 = DIRECTION('',(0.,0.,1.));
#1167 = DIRECTION('',(1.,0.,0.));
#1168 = ORIENTED_EDGE('',*,*,#1169,.F.);
#1169 = EDGE_CURVE('',#1170,#1161,#1172,.T.);
#1170 = VERTEX_POINT('',#1171);
#1171 = CARTESIAN_POINT('',(-13.6,39.5,0.));
#1172 = LINE('',#1173,#1174);
#1173 = CARTESIAN_POINT('',(-13.6,39.5,0.));
#1174 = VECTOR('',#1175,1.);
#1175 = DIRECTION('',(1.,0.,0.));
#1176 = ORIENTED_EDGE('',*,*,#1177,.F.);
#1177 = EDGE_CURVE('',#1119,#1170,#1178,.T.);
#1178 = CIRCLE('',#1179,0.4);
#1179 = AXIS2_PLACEMENT_3D('',#1180,#1181,#1182);
#1180 = CARTESIAN_POINT('',(-13.6,39.9,0.));
#1181 = DIRECTION('',(0.,0.,1.));
#1182 = DIRECTION('',(1.,0.,0.));
#1183 = FACE_BOUND('',#1184,.T.);
#1184 = EDGE_LOOP('',(#1185,#1195,#1204,#1212,#1221,#1229,#1238,#1246));
#1185 = ORIENTED_EDGE('',*,*,#1186,.F.);
#1186 = EDGE_CURVE('',#1187,#1189,#1191,.T.);
#1187 = VERTEX_POINT('',#1188);
#1188 = CARTESIAN_POINT('',(-10.8,45.,0.));
#1189 = VERTEX_POINT('',#1190);
#1190 = CARTESIAN_POINT('',(-10.8,40.,0.));
#1191 = LINE('',#1192,#1193);
#1192 = CARTESIAN_POINT('',(-10.8,45.,0.));
#1193 = VECTOR('',#1194,1.);
#1194 = DIRECTION('',(0.,-1.,0.));
#1195 = ORIENTED_EDGE('',*,*,#1196,.F.);
#1196 = EDGE_CURVE('',#1197,#1187,#1199,.T.);
#1197 = VERTEX_POINT('',#1198);
#1198 = CARTESIAN_POINT('',(-10.3,45.5,0.));
#1199 = CIRCLE('',#1200,0.5);
#1200 = AXIS2_PLACEMENT_3D('',#1201,#1202,#1203);
#1201 = CARTESIAN_POINT('',(-10.3,45.,0.));
#1202 = DIRECTION('',(0.,0.,1.));
#1203 = DIRECTION('',(1.,0.,0.));
#1204 = ORIENTED_EDGE('',*,*,#1205,.F.);
#1205 = EDGE_CURVE('',#1206,#1197,#1208,.T.);
#1206 = VERTEX_POINT('',#1207);
#1207 = CARTESIAN_POINT('',(-9.9,45.5,0.));
#1208 = LINE('',#1209,#1210);
#1209 = CARTESIAN_POINT('',(-9.9,45.5,0.));
#1210 = VECTOR('',#1211,1.);
#1211 = DIRECTION('',(-1.,0.,0.));
#1212 = ORIENTED_EDGE('',*,*,#1213,.F.);
#1213 = EDGE_CURVE('',#1214,#1206,#1216,.T.);
#1214 = VERTEX_POINT('',#1215);
#1215 = CARTESIAN_POINT('',(-9.4,45.,0.));
#1216 = CIRCLE('',#1217,0.5);
#1217 = AXIS2_PLACEMENT_3D('',#1218,#1219,#1220);
#1218 = CARTESIAN_POINT('',(-9.9,45.,0.));
#1219 = DIRECTION('',(0.,0.,1.));
#1220 = DIRECTION('',(1.,0.,0.));
#1221 = ORIENTED_EDGE('',*,*,#1222,.F.);
#1222 = EDGE_CURVE('',#1223,#1214,#1225,.T.);
#1223 = VERTEX_POINT('',#1224);
#1224 = CARTESIAN_POINT('',(-9.4,40.,0.));
#1225 = LINE('',#1226,#1227);
#1226 = CARTESIAN_POINT('',(-9.4,40.,0.));
#1227 = VECTOR('',#1228,1.);
#1228 = DIRECTION('',(0.,1.,0.));
#1229 = ORIENTED_EDGE('',*,*,#1230,.F.);
#1230 = EDGE_CURVE('',#1231,#1223,#1233,.T.);
#1231 = VERTEX_POINT('',#1232);
#1232 = CARTESIAN_POINT('',(-9.9,39.5,0.));
#1233 = CIRCLE('',#1234,0.5);
#1234 = AXIS2_PLACEMENT_3D('',#1235,#1236,#1237);
#1235 = CARTESIAN_POINT('',(-9.9,40.,0.));
#1236 = DIRECTION('',(0.,0.,1.));
#1237 = DIRECTION('',(1.,0.,0.));
#1238 = ORIENTED_EDGE('',*,*,#1239,.F.);
#1239 = EDGE_CURVE('',#1240,#1231,#1242,.T.);
#1240 = VERTEX_POINT('',#1241);
#1241 = CARTESIAN_POINT('',(-10.3,39.5,0.));
#1242 = LINE('',#1243,#1244);
#1243 = CARTESIAN_POINT('',(-10.3,39.5,0.));
#1244 = VECTOR('',#1245,1.);
#1245 = DIRECTION('',(1.,0.,0.));
#1246 = ORIENTED_EDGE('',*,*,#1247,.F.);
#1247 = EDGE_CURVE('',#1189,#1240,#1248,.T.);
#1248 = CIRCLE('',#1249,0.5);
#1249 = AXIS2_PLACEMENT_3D('',#1250,#1251,#1252);
#1250 = CARTESIAN_POINT('',(-10.3,40.,0.));
#1251 = DIRECTION('',(0.,0.,1.));
#1252 = DIRECTION('',(1.,0.,0.));
#1253 = FACE_BOUND('',#1254,.T.);
#1254 = EDGE_LOOP('',(#1255,#1265,#1274,#1282,#1291,#1299,#1308,#1316));
#1255 = ORIENTED_EDGE('',*,*,#1256,.F.);
#1256 = EDGE_CURVE('',#1257,#1259,#1261,.T.);
#1257 = VERTEX_POINT('',#1258);
#1258 = CARTESIAN_POINT('',(-7.4,46.,0.));
#1259 = VERTEX_POINT('',#1260);
#1260 = CARTESIAN_POINT('',(-7.4,39.,0.));
#1261 = LINE('',#1262,#1263);
#1262 = CARTESIAN_POINT('',(-7.4,46.,0.));
#1263 = VECTOR('',#1264,1.);
#1264 = DIRECTION('',(0.,-1.,0.));
#1265 = ORIENTED_EDGE('',*,*,#1266,.F.);
#1266 = EDGE_CURVE('',#1267,#1257,#1269,.T.);
#1267 = VERTEX_POINT('',#1268);
#1268 = CARTESIAN_POINT('',(-6.9,46.5,0.));
#1269 = CIRCLE('',#1270,0.5);
#1270 = AXIS2_PLACEMENT_3D('',#1271,#1272,#1273);
#1271 = CARTESIAN_POINT('',(-6.9,46.,0.));
#1272 = DIRECTION('',(0.,0.,1.));
#1273 = DIRECTION('',(1.,0.,0.));
#1274 = ORIENTED_EDGE('',*,*,#1275,.F.);
#1275 = EDGE_CURVE('',#1276,#1267,#1278,.T.);
#1276 = VERTEX_POINT('',#1277);
#1277 = CARTESIAN_POINT('',(-6.5,46.5,0.));
#1278 = LINE('',#1279,#1280);
#1279 = CARTESIAN_POINT('',(-6.5,46.5,0.));
#1280 = VECTOR('',#1281,1.);
#1281 = DIRECTION('',(-1.,0.,0.));
#1282 = ORIENTED_EDGE('',*,*,#1283,.F.);
#1283 = EDGE_CURVE('',#1284,#1276,#1286,.T.);
#1284 = VERTEX_POINT('',#1285);
#1285 = CARTESIAN_POINT('',(-6.,46.,0.));
#1286 = CIRCLE('',#1287,0.5);
#1287 = AXIS2_PLACEMENT_3D('',#1288,#1289,#1290);
#1288 = CARTESIAN_POINT('',(-6.5,46.,0.));
#1289 = DIRECTION('',(0.,0.,1.));
#1290 = DIRECTION('',(1.,0.,0.));
#1291 = ORIENTED_EDGE('',*,*,#1292,.F.);
#1292 = EDGE_CURVE('',#1293,#1284,#1295,.T.);
#1293 = VERTEX_POINT('',#1294);
#1294 = CARTESIAN_POINT('',(-6.,39.,0.));
#1295 = LINE('',#1296,#1297);
#1296 = CARTESIAN_POINT('',(-6.,39.,0.));
#1297 = VECTOR('',#1298,1.);
#1298 = DIRECTION('',(0.,1.,0.));
#1299 = ORIENTED_EDGE('',*,*,#1300,.F.);
#1300 = EDGE_CURVE('',#1301,#1293,#1303,.T.);
#1301 = VERTEX_POINT('',#1302);
#1302 = CARTESIAN_POINT('',(-6.5,38.5,0.));
#1303 = CIRCLE('',#1304,0.5);
#1304 = AXIS2_PLACEMENT_3D('',#1305,#1306,#1307);
#1305 = CARTESIAN_POINT('',(-6.5,39.,0.));
#1306 = DIRECTION('',(0.,0.,1.));
#1307 = DIRECTION('',(1.,0.,0.));
#1308 = ORIENTED_EDGE('',*,*,#1309,.F.);
#1309 = EDGE_CURVE('',#1310,#1301,#1312,.T.);
#1310 = VERTEX_POINT('',#1311);
#1311 = CARTESIAN_POINT('',(-6.9,38.5,0.));
#1312 = LINE('',#1313,#1314);
#1313 = CARTESIAN_POINT('',(-6.9,38.5,0.));
#1314 = VECTOR('',#1315,1.);
#1315 = DIRECTION('',(1.,0.,0.));
#1316 = ORIENTED_EDGE('',*,*,#1317,.F.);
#1317 = EDGE_CURVE('',#1259,#1310,#1318,.T.);
#1318 = CIRCLE('',#1319,0.5);
#1319 = AXIS2_PLACEMENT_3D('',#1320,#1321,#1322);
#1320 = CARTESIAN_POINT('',(-6.9,39.,0.));
#1321 = DIRECTION('',(0.,0.,1.));
#1322 = DIRECTION('',(1.,0.,0.));
#1323 = FACE_BOUND('',#1324,.T.);
#1324 = EDGE_LOOP('',(#1325,#1335,#1344,#1352,#1361,#1369,#1378,#1386));
#1325 = ORIENTED_EDGE('',*,*,#1326,.F.);
#1326 = EDGE_CURVE('',#1327,#1329,#1331,.T.);
#1327 = VERTEX_POINT('',#1328);
#1328 = CARTESIAN_POINT('',(-4.,45.,0.));
#1329 = VERTEX_POINT('',#1330);
#1330 = CARTESIAN_POINT('',(-4.,40.,0.));
#1331 = LINE('',#1332,#1333);
#1332 = CARTESIAN_POINT('',(-4.,45.,0.));
#1333 = VECTOR('',#1334,1.);
#1334 = DIRECTION('',(0.,-1.,0.));
#1335 = ORIENTED_EDGE('',*,*,#1336,.F.);
#1336 = EDGE_CURVE('',#1337,#1327,#1339,.T.);
#1337 = VERTEX_POINT('',#1338);
#1338 = CARTESIAN_POINT('',(-3.5,45.5,0.));
#1339 = CIRCLE('',#1340,0.5);
#1340 = AXIS2_PLACEMENT_3D('',#1341,#1342,#1343);
#1341 = CARTESIAN_POINT('',(-3.5,45.,0.));
#1342 = DIRECTION('',(0.,0.,1.));
#1343 = DIRECTION('',(1.,0.,0.));
#1344 = ORIENTED_EDGE('',*,*,#1345,.F.);
#1345 = EDGE_CURVE('',#1346,#1337,#1348,.T.);
#1346 = VERTEX_POINT('',#1347);
#1347 = CARTESIAN_POINT('',(-3.1,45.5,0.));
#1348 = LINE('',#1349,#1350);
#1349 = CARTESIAN_POINT('',(-3.1,45.5,0.));
#1350 = VECTOR('',#1351,1.);
#1351 = DIRECTION('',(-1.,0.,0.));
#1352 = ORIENTED_EDGE('',*,*,#1353,.F.);
#1353 = EDGE_CURVE('',#1354,#1346,#1356,.T.);
#1354 = VERTEX_POINT('',#1355);
#1355 = CARTESIAN_POINT('',(-2.6,45.,0.));
#1356 = CIRCLE('',#1357,0.5);
#1357 = AXIS2_PLACEMENT_3D('',#1358,#1359,#1360);
#1358 = CARTESIAN_POINT('',(-3.1,45.,0.));
#1359 = DIRECTION('',(0.,0.,1.));
#1360 = DIRECTION('',(1.,0.,0.));
#1361 = ORIENTED_EDGE('',*,*,#1362,.F.);
#1362 = EDGE_CURVE('',#1363,#1354,#1365,.T.);
#1363 = VERTEX_POINT('',#1364);
#1364 = CARTESIAN_POINT('',(-2.6,40.,0.));
#1365 = LINE('',#1366,#1367);
#1366 = CARTESIAN_POINT('',(-2.6,40.,0.));
#1367 = VECTOR('',#1368,1.);
#1368 = DIRECTION('',(0.,1.,0.));
#1369 = ORIENTED_EDGE('',*,*,#1370,.F.);
#1370 = EDGE_CURVE('',#1371,#1363,#1373,.T.);
#1371 = VERTEX_POINT('',#1372);
#1372 = CARTESIAN_POINT('',(-3.1,39.5,0.));
#1373 = CIRCLE('',#1374,0.5);
#1374 = AXIS2_PLACEMENT_3D('',#1375,#1376,#1377);
#1375 = CARTESIAN_POINT('',(-3.1,40.,0.));
#1376 = DIRECTION('',(0.,0.,1.));
#1377 = DIRECTION('',(1.,0.,0.));
#1378 = ORIENTED_EDGE('',*,*,#1379,.F.);
#1379 = EDGE_CURVE('',#1380,#1371,#1382,.T.);
#1380 = VERTEX_POINT('',#1381);
#1381 = CARTESIAN_POINT('',(-3.5,39.5,0.));
#1382 = LINE('',#1383,#1384);
#1383 = CARTESIAN_POINT('',(-3.5,39.5,0.));
#1384 = VECTOR('',#1385,1.);
#1385 = DIRECTION('',(1.,0.,0.));
#1386 = ORIENTED_EDGE('',*,*,#1387,.F.);
#1387 = EDGE_CURVE('',#1329,#1380,#1388,.T.);
#1388 = CIRCLE('',#1389,0.5);
#1389 = AXIS2_PLACEMENT_3D('',#1390,#1391,#1392);
#1390 = CARTESIAN_POINT('',(-3.5,40.,0.));
#1391 = DIRECTION('',(0.,0.,1.));
#1392 = DIRECTION('',(1.,0.,0.));
#1393 = FACE_BOUND('',#1394,.T.);
#1394 = EDGE_LOOP('',(#1395,#1405,#1414,#1422,#1431,#1439,#1448,#1456));
#1395 = ORIENTED_EDGE('',*,*,#1396,.F.);
#1396 = EDGE_CURVE('',#1397,#1399,#1401,.T.);
#1397 = VERTEX_POINT('',#1398);
#1398 = CARTESIAN_POINT('',(-0.6,43.1,0.));
#1399 = VERTEX_POINT('',#1400);
#1400 = CARTESIAN_POINT('',(-0.6,39.9,0.));
#1401 = LINE('',#1402,#1403);
#1402 = CARTESIAN_POINT('',(-0.6,43.1,0.));
#1403 = VECTOR('',#1404,1.);
#1404 = DIRECTION('',(0.,-1.,0.));
#1405 = ORIENTED_EDGE('',*,*,#1406,.F.);
#1406 = EDGE_CURVE('',#1407,#1397,#1409,.T.);
#1407 = VERTEX_POINT('',#1408);
#1408 = CARTESIAN_POINT('',(-0.2,43.5,0.));
#1409 = CIRCLE('',#1410,0.4);
#1410 = AXIS2_PLACEMENT_3D('',#1411,#1412,#1413);
#1411 = CARTESIAN_POINT('',(-0.2,43.1,0.));
#1412 = DIRECTION('',(0.,0.,1.));
#1413 = DIRECTION('',(1.,0.,0.));
#1414 = ORIENTED_EDGE('',*,*,#1415,.F.);
#1415 = EDGE_CURVE('',#1416,#1407,#1418,.T.);
#1416 = VERTEX_POINT('',#1417);
#1417 = CARTESIAN_POINT('',(0.2,43.5,0.));
#1418 = LINE('',#1419,#1420);
#1419 = CARTESIAN_POINT('',(0.2,43.5,0.));
#1420 = VECTOR('',#1421,1.);
#1421 = DIRECTION('',(-1.,0.,0.));
#1422 = ORIENTED_EDGE('',*,*,#1423,.F.);
#1423 = EDGE_CURVE('',#1424,#1416,#1426,.T.);
#1424 = VERTEX_POINT('',#1425);
#1425 = CARTESIAN_POINT('',(0.6,43.1,0.));
#1426 = CIRCLE('',#1427,0.4);
#1427 = AXIS2_PLACEMENT_3D('',#1428,#1429,#1430);
#1428 = CARTESIAN_POINT('',(0.2,43.1,0.));
#1429 = DIRECTION('',(0.,0.,1.));
#1430 = DIRECTION('',(1.,0.,0.));
#1431 = ORIENTED_EDGE('',*,*,#1432,.F.);
#1432 = EDGE_CURVE('',#1433,#1424,#1435,.T.);
#1433 = VERTEX_POINT('',#1434);
#1434 = CARTESIAN_POINT('',(0.6,39.9,0.));
#1435 = LINE('',#1436,#1437);
#1436 = CARTESIAN_POINT('',(0.6,39.9,0.));
#1437 = VECTOR('',#1438,1.);
#1438 = DIRECTION('',(0.,1.,0.));
#1439 = ORIENTED_EDGE('',*,*,#1440,.F.);
#1440 = EDGE_CURVE('',#1441,#1433,#1443,.T.);
#1441 = VERTEX_POINT('',#1442);
#1442 = CARTESIAN_POINT('',(0.2,39.5,0.));
#1443 = CIRCLE('',#1444,0.4);
#1444 = AXIS2_PLACEMENT_3D('',#1445,#1446,#1447);
#1445 = CARTESIAN_POINT('',(0.2,39.9,0.));
#1446 = DIRECTION('',(0.,0.,1.));
#1447 = DIRECTION('',(1.,0.,0.));
#1448 = ORIENTED_EDGE('',*,*,#1449,.F.);
#1449 = EDGE_CURVE('',#1450,#1441,#1452,.T.);
#1450 = VERTEX_POINT('',#1451);
#1451 = CARTESIAN_POINT('',(-0.2,39.5,0.));
#1452 = LINE('',#1453,#1454);
#1453 = CARTESIAN_POINT('',(-0.2,39.5,0.));
#1454 = VECTOR('',#1455,1.);
#1455 = DIRECTION('',(1.,0.,0.));
#1456 = ORIENTED_EDGE('',*,*,#1457,.F.);
#1457 = EDGE_CURVE('',#1399,#1450,#1458,.T.);
#1458 = CIRCLE('',#1459,0.4);
#1459 = AXIS2_PLACEMENT_3D('',#1460,#1461,#1462);
#1460 = CARTESIAN_POINT('',(-0.2,39.9,0.));
#1461 = DIRECTION('',(0.,0.,1.));
#1462 = DIRECTION('',(1.,0.,0.));
#1463 = FACE_BOUND('',#1464,.T.);
#1464 = EDGE_LOOP('',(#1465,#1475,#1483,#1492,#1500,#1509,#1517,#1525,
    #1533,#1542,#1550,#1559));
#1465 = ORIENTED_EDGE('',*,*,#1466,.F.);
#1466 = EDGE_CURVE('',#1467,#1469,#1471,.T.);
#1467 = VERTEX_POINT('',#1468);
#1468 = CARTESIAN_POINT('',(30.4,1.5,0.));
#1469 = VERTEX_POINT('',#1470);
#1470 = CARTESIAN_POINT('',(30.75,1.5,0.));
#1471 = LINE('',#1472,#1473);
#1472 = CARTESIAN_POINT('',(30.4,1.5,0.));
#1473 = VECTOR('',#1474,1.);
#1474 = DIRECTION('',(1.,0.,0.));
#1475 = ORIENTED_EDGE('',*,*,#1476,.T.);
#1476 = EDGE_CURVE('',#1467,#1477,#1479,.T.);
#1477 = VERTEX_POINT('',#1478);
#1478 = CARTESIAN_POINT('',(30.400000000002,26.3,0.));
#1479 = LINE('',#1480,#1481);
#1480 = CARTESIAN_POINT('',(30.4,1.5,0.));
#1481 = VECTOR('',#1482,1.);
#1482 = DIRECTION('',(6.332E-14,1.,0.));
#1483 = ORIENTED_EDGE('',*,*,#1484,.T.);
#1484 = EDGE_CURVE('',#1477,#1485,#1487,.T.);
#1485 = VERTEX_POINT('',#1486);
#1486 = CARTESIAN_POINT('',(19.55,37.15,0.));
#1487 = CIRCLE('',#1488,10.850000000002);
#1488 = AXIS2_PLACEMENT_3D('',#1489,#1490,#1491);
#1489 = CARTESIAN_POINT('',(19.55,26.299999999998,0.));
#1490 = DIRECTION('',(0.,0.,1.));
#1491 = DIRECTION('',(1.,0.,0.));
#1492 = ORIENTED_EDGE('',*,*,#1493,.T.);
#1493 = EDGE_CURVE('',#1485,#1494,#1496,.T.);
#1494 = VERTEX_POINT('',#1495);
#1495 = CARTESIAN_POINT('',(-19.55,37.15,0.));
#1496 = LINE('',#1497,#1498);
#1497 = CARTESIAN_POINT('',(19.55,37.15,0.));
#1498 = VECTOR('',#1499,1.);
#1499 = DIRECTION('',(-1.,0.,0.));
#1500 = ORIENTED_EDGE('',*,*,#1501,.T.);
#1501 = EDGE_CURVE('',#1494,#1502,#1504,.T.);
#1502 = VERTEX_POINT('',#1503);
#1503 = CARTESIAN_POINT('',(-30.4,26.3,0.));
#1504 = CIRCLE('',#1505,10.85);
#1505 = AXIS2_PLACEMENT_3D('',#1506,#1507,#1508);
#1506 = CARTESIAN_POINT('',(-19.55,26.3,0.));
#1507 = DIRECTION('',(0.,0.,1.));
#1508 = DIRECTION('',(1.,0.,0.));
#1509 = ORIENTED_EDGE('',*,*,#1510,.T.);
#1510 = EDGE_CURVE('',#1502,#1511,#1513,.T.);
#1511 = VERTEX_POINT('',#1512);
#1512 = CARTESIAN_POINT('',(-30.4,1.5,0.));
#1513 = LINE('',#1514,#1515);
#1514 = CARTESIAN_POINT('',(-30.4,26.3,0.));
#1515 = VECTOR('',#1516,1.);
#1516 = DIRECTION('',(0.,-1.,0.));
#1517 = ORIENTED_EDGE('',*,*,#1518,.T.);
#1518 = EDGE_CURVE('',#1511,#1519,#1521,.T.);
#1519 = VERTEX_POINT('',#1520);
#1520 = CARTESIAN_POINT('',(-30.75,1.5,0.));
#1521 = LINE('',#1522,#1523);
#1522 = CARTESIAN_POINT('',(-30.4,1.5,0.));
#1523 = VECTOR('',#1524,1.);
#1524 = DIRECTION('',(-1.,0.,0.));
#1525 = ORIENTED_EDGE('',*,*,#1526,.F.);
#1526 = EDGE_CURVE('',#1527,#1519,#1529,.T.);
#1527 = VERTEX_POINT('',#1528);
#1528 = CARTESIAN_POINT('',(-30.75,26.3,0.));
#1529 = LINE('',#1530,#1531);
#1530 = CARTESIAN_POINT('',(-30.75,26.3,0.));
#1531 = VECTOR('',#1532,1.);
#1532 = DIRECTION('',(0.,-1.,0.));
#1533 = ORIENTED_EDGE('',*,*,#1534,.F.);
#1534 = EDGE_CURVE('',#1535,#1527,#1537,.T.);
#1535 = VERTEX_POINT('',#1536);
#1536 = CARTESIAN_POINT('',(-19.55,37.5,0.));
#1537 = CIRCLE('',#1538,11.2);
#1538 = AXIS2_PLACEMENT_3D('',#1539,#1540,#1541);
#1539 = CARTESIAN_POINT('',(-19.55,26.3,0.));
#1540 = DIRECTION('',(0.,0.,1.));
#1541 = DIRECTION('',(1.,0.,0.));
#1542 = ORIENTED_EDGE('',*,*,#1543,.F.);
#1543 = EDGE_CURVE('',#1544,#1535,#1546,.T.);
#1544 = VERTEX_POINT('',#1545);
#1545 = CARTESIAN_POINT('',(19.55,37.5,0.));
#1546 = LINE('',#1547,#1548);
#1547 = CARTESIAN_POINT('',(19.55,37.5,0.));
#1548 = VECTOR('',#1549,1.);
#1549 = DIRECTION('',(-1.,0.,0.));
#1550 = ORIENTED_EDGE('',*,*,#1551,.F.);
#1551 = EDGE_CURVE('',#1552,#1544,#1554,.T.);
#1552 = VERTEX_POINT('',#1553);
#1553 = CARTESIAN_POINT('',(30.75,26.3,0.));
#1554 = CIRCLE('',#1555,11.2);
#1555 = AXIS2_PLACEMENT_3D('',#1556,#1557,#1558);
#1556 = CARTESIAN_POINT('',(19.55,26.3,0.));
#1557 = DIRECTION('',(0.,0.,1.));
#1558 = DIRECTION('',(1.,0.,0.));
#1559 = ORIENTED_EDGE('',*,*,#1560,.F.);
#1560 = EDGE_CURVE('',#1469,#1552,#1561,.T.);
#1561 = LINE('',#1562,#1563);
#1562 = CARTESIAN_POINT('',(30.75,1.5,0.));
#1563 = VECTOR('',#1564,1.);
#1564 = DIRECTION('',(0.,1.,0.));
#1565 = FACE_BOUND('',#1566,.T.);
#1566 = EDGE_LOOP('',(#1567,#1577,#1586,#1594,#1603,#1611,#1620,#1628));
#1567 = ORIENTED_EDGE('',*,*,#1568,.F.);
#1568 = EDGE_CURVE('',#1569,#1571,#1573,.T.);
#1569 = VERTEX_POINT('',#1570);
#1570 = CARTESIAN_POINT('',(2.6,45.,0.));
#1571 = VERTEX_POINT('',#1572);
#1572 = CARTESIAN_POINT('',(2.6,40.,0.));
#1573 = LINE('',#1574,#1575);
#1574 = CARTESIAN_POINT('',(2.6,45.,0.));
#1575 = VECTOR('',#1576,1.);
#1576 = DIRECTION('',(0.,-1.,0.));
#1577 = ORIENTED_EDGE('',*,*,#1578,.F.);
#1578 = EDGE_CURVE('',#1579,#1569,#1581,.T.);
#1579 = VERTEX_POINT('',#1580);
#1580 = CARTESIAN_POINT('',(3.1,45.5,0.));
#1581 = CIRCLE('',#1582,0.5);
#1582 = AXIS2_PLACEMENT_3D('',#1583,#1584,#1585);
#1583 = CARTESIAN_POINT('',(3.1,45.,0.));
#1584 = DIRECTION('',(0.,0.,1.));
#1585 = DIRECTION('',(1.,0.,0.));
#1586 = ORIENTED_EDGE('',*,*,#1587,.F.);
#1587 = EDGE_CURVE('',#1588,#1579,#1590,.T.);
#1588 = VERTEX_POINT('',#1589);
#1589 = CARTESIAN_POINT('',(3.5,45.5,0.));
#1590 = LINE('',#1591,#1592);
#1591 = CARTESIAN_POINT('',(3.5,45.5,0.));
#1592 = VECTOR('',#1593,1.);
#1593 = DIRECTION('',(-1.,0.,0.));
#1594 = ORIENTED_EDGE('',*,*,#1595,.F.);
#1595 = EDGE_CURVE('',#1596,#1588,#1598,.T.);
#1596 = VERTEX_POINT('',#1597);
#1597 = CARTESIAN_POINT('',(4.,45.,0.));
#1598 = CIRCLE('',#1599,0.5);
#1599 = AXIS2_PLACEMENT_3D('',#1600,#1601,#1602);
#1600 = CARTESIAN_POINT('',(3.5,45.,0.));
#1601 = DIRECTION('',(0.,0.,1.));
#1602 = DIRECTION('',(1.,0.,0.));
#1603 = ORIENTED_EDGE('',*,*,#1604,.F.);
#1604 = EDGE_CURVE('',#1605,#1596,#1607,.T.);
#1605 = VERTEX_POINT('',#1606);
#1606 = CARTESIAN_POINT('',(4.,40.,0.));
#1607 = LINE('',#1608,#1609);
#1608 = CARTESIAN_POINT('',(4.,40.,0.));
#1609 = VECTOR('',#1610,1.);
#1610 = DIRECTION('',(0.,1.,0.));
#1611 = ORIENTED_EDGE('',*,*,#1612,.F.);
#1612 = EDGE_CURVE('',#1613,#1605,#1615,.T.);
#1613 = VERTEX_POINT('',#1614);
#1614 = CARTESIAN_POINT('',(3.5,39.5,0.));
#1615 = CIRCLE('',#1616,0.5);
#1616 = AXIS2_PLACEMENT_3D('',#1617,#1618,#1619);
#1617 = CARTESIAN_POINT('',(3.5,40.,0.));
#1618 = DIRECTION('',(0.,0.,1.));
#1619 = DIRECTION('',(1.,0.,0.));
#1620 = ORIENTED_EDGE('',*,*,#1621,.F.);
#1621 = EDGE_CURVE('',#1622,#1613,#1624,.T.);
#1622 = VERTEX_POINT('',#1623);
#1623 = CARTESIAN_POINT('',(3.1,39.5,0.));
#1624 = LINE('',#1625,#1626);
#1625 = CARTESIAN_POINT('',(3.1,39.5,0.));
#1626 = VECTOR('',#1627,1.);
#1627 = DIRECTION('',(1.,0.,0.));
#1628 = ORIENTED_EDGE('',*,*,#1629,.F.);
#1629 = EDGE_CURVE('',#1571,#1622,#1630,.T.);
#1630 = CIRCLE('',#1631,0.5);
#1631 = AXIS2_PLACEMENT_3D('',#1632,#1633,#1634);
#1632 = CARTESIAN_POINT('',(3.1,40.,0.));
#1633 = DIRECTION('',(0.,0.,1.));
#1634 = DIRECTION('',(1.,0.,0.));
#1635 = FACE_BOUND('',#1636,.T.);
#1636 = EDGE_LOOP('',(#1637,#1647,#1656,#1664,#1673,#1681,#1690,#1698));
#1637 = ORIENTED_EDGE('',*,*,#1638,.F.);
#1638 = EDGE_CURVE('',#1639,#1641,#1643,.T.);
#1639 = VERTEX_POINT('',#1640);
#1640 = CARTESIAN_POINT('',(6.,46.,0.));
#1641 = VERTEX_POINT('',#1642);
#1642 = CARTESIAN_POINT('',(6.,39.,0.));
#1643 = LINE('',#1644,#1645);
#1644 = CARTESIAN_POINT('',(6.,46.,0.));
#1645 = VECTOR('',#1646,1.);
#1646 = DIRECTION('',(0.,-1.,0.));
#1647 = ORIENTED_EDGE('',*,*,#1648,.F.);
#1648 = EDGE_CURVE('',#1649,#1639,#1651,.T.);
#1649 = VERTEX_POINT('',#1650);
#1650 = CARTESIAN_POINT('',(6.5,46.5,0.));
#1651 = CIRCLE('',#1652,0.5);
#1652 = AXIS2_PLACEMENT_3D('',#1653,#1654,#1655);
#1653 = CARTESIAN_POINT('',(6.5,46.,0.));
#1654 = DIRECTION('',(0.,0.,1.));
#1655 = DIRECTION('',(1.,0.,0.));
#1656 = ORIENTED_EDGE('',*,*,#1657,.F.);
#1657 = EDGE_CURVE('',#1658,#1649,#1660,.T.);
#1658 = VERTEX_POINT('',#1659);
#1659 = CARTESIAN_POINT('',(6.9,46.5,0.));
#1660 = LINE('',#1661,#1662);
#1661 = CARTESIAN_POINT('',(6.9,46.5,0.));
#1662 = VECTOR('',#1663,1.);
#1663 = DIRECTION('',(-1.,0.,0.));
#1664 = ORIENTED_EDGE('',*,*,#1665,.F.);
#1665 = EDGE_CURVE('',#1666,#1658,#1668,.T.);
#1666 = VERTEX_POINT('',#1667);
#1667 = CARTESIAN_POINT('',(7.4,46.,0.));
#1668 = CIRCLE('',#1669,0.5);
#1669 = AXIS2_PLACEMENT_3D('',#1670,#1671,#1672);
#1670 = CARTESIAN_POINT('',(6.9,46.,0.));
#1671 = DIRECTION('',(0.,0.,1.));
#1672 = DIRECTION('',(1.,0.,0.));
#1673 = ORIENTED_EDGE('',*,*,#1674,.F.);
#1674 = EDGE_CURVE('',#1675,#1666,#1677,.T.);
#1675 = VERTEX_POINT('',#1676);
#1676 = CARTESIAN_POINT('',(7.4,39.,0.));
#1677 = LINE('',#1678,#1679);
#1678 = CARTESIAN_POINT('',(7.4,39.,0.));
#1679 = VECTOR('',#1680,1.);
#1680 = DIRECTION('',(0.,1.,0.));
#1681 = ORIENTED_EDGE('',*,*,#1682,.F.);
#1682 = EDGE_CURVE('',#1683,#1675,#1685,.T.);
#1683 = VERTEX_POINT('',#1684);
#1684 = CARTESIAN_POINT('',(6.9,38.5,0.));
#1685 = CIRCLE('',#1686,0.5);
#1686 = AXIS2_PLACEMENT_3D('',#1687,#1688,#1689);
#1687 = CARTESIAN_POINT('',(6.9,39.,0.));
#1688 = DIRECTION('',(0.,0.,1.));
#1689 = DIRECTION('',(1.,0.,0.));
#1690 = ORIENTED_EDGE('',*,*,#1691,.F.);
#1691 = EDGE_CURVE('',#1692,#1683,#1694,.T.);
#1692 = VERTEX_POINT('',#1693);
#1693 = CARTESIAN_POINT('',(6.5,38.5,0.));
#1694 = LINE('',#1695,#1696);
#1695 = CARTESIAN_POINT('',(6.5,38.5,0.));
#1696 = VECTOR('',#1697,1.);
#1697 = DIRECTION('',(1.,0.,0.));
#1698 = ORIENTED_EDGE('',*,*,#1699,.F.);
#1699 = EDGE_CURVE('',#1641,#1692,#1700,.T.);
#1700 = CIRCLE('',#1701,0.5);
#1701 = AXIS2_PLACEMENT_3D('',#1702,#1703,#1704);
#1702 = CARTESIAN_POINT('',(6.5,39.,0.));
#1703 = DIRECTION('',(0.,0.,1.));
#1704 = DIRECTION('',(1.,0.,0.));
#1705 = FACE_BOUND('',#1706,.T.);
#1706 = EDGE_LOOP('',(#1707,#1717,#1726,#1734,#1743,#1751,#1760,#1768));
#1707 = ORIENTED_EDGE('',*,*,#1708,.F.);
#1708 = EDGE_CURVE('',#1709,#1711,#1713,.T.);
#1709 = VERTEX_POINT('',#1710);
#1710 = CARTESIAN_POINT('',(9.4,45.,0.));
#1711 = VERTEX_POINT('',#1712);
#1712 = CARTESIAN_POINT('',(9.4,40.,0.));
#1713 = LINE('',#1714,#1715);
#1714 = CARTESIAN_POINT('',(9.4,45.,0.));
#1715 = VECTOR('',#1716,1.);
#1716 = DIRECTION('',(0.,-1.,0.));
#1717 = ORIENTED_EDGE('',*,*,#1718,.F.);
#1718 = EDGE_CURVE('',#1719,#1709,#1721,.T.);
#1719 = VERTEX_POINT('',#1720);
#1720 = CARTESIAN_POINT('',(9.9,45.5,0.));
#1721 = CIRCLE('',#1722,0.5);
#1722 = AXIS2_PLACEMENT_3D('',#1723,#1724,#1725);
#1723 = CARTESIAN_POINT('',(9.9,45.,0.));
#1724 = DIRECTION('',(0.,0.,1.));
#1725 = DIRECTION('',(1.,0.,0.));
#1726 = ORIENTED_EDGE('',*,*,#1727,.F.);
#1727 = EDGE_CURVE('',#1728,#1719,#1730,.T.);
#1728 = VERTEX_POINT('',#1729);
#1729 = CARTESIAN_POINT('',(10.3,45.5,0.));
#1730 = LINE('',#1731,#1732);
#1731 = CARTESIAN_POINT('',(10.3,45.5,0.));
#1732 = VECTOR('',#1733,1.);
#1733 = DIRECTION('',(-1.,0.,0.));
#1734 = ORIENTED_EDGE('',*,*,#1735,.F.);
#1735 = EDGE_CURVE('',#1736,#1728,#1738,.T.);
#1736 = VERTEX_POINT('',#1737);
#1737 = CARTESIAN_POINT('',(10.8,45.,0.));
#1738 = CIRCLE('',#1739,0.5);
#1739 = AXIS2_PLACEMENT_3D('',#1740,#1741,#1742);
#1740 = CARTESIAN_POINT('',(10.3,45.,0.));
#1741 = DIRECTION('',(0.,0.,1.));
#1742 = DIRECTION('',(1.,0.,0.));
#1743 = ORIENTED_EDGE('',*,*,#1744,.F.);
#1744 = EDGE_CURVE('',#1745,#1736,#1747,.T.);
#1745 = VERTEX_POINT('',#1746);
#1746 = CARTESIAN_POINT('',(10.8,40.,0.));
#1747 = LINE('',#1748,#1749);
#1748 = CARTESIAN_POINT('',(10.8,40.,0.));
#1749 = VECTOR('',#1750,1.);
#1750 = DIRECTION('',(0.,1.,0.));
#1751 = ORIENTED_EDGE('',*,*,#1752,.F.);
#1752 = EDGE_CURVE('',#1753,#1745,#1755,.T.);
#1753 = VERTEX_POINT('',#1754);
#1754 = CARTESIAN_POINT('',(10.3,39.5,0.));
#1755 = CIRCLE('',#1756,0.5);
#1756 = AXIS2_PLACEMENT_3D('',#1757,#1758,#1759);
#1757 = CARTESIAN_POINT('',(10.3,40.,0.));
#1758 = DIRECTION('',(0.,0.,1.));
#1759 = DIRECTION('',(1.,0.,0.));
#1760 = ORIENTED_EDGE('',*,*,#1761,.F.);
#1761 = EDGE_CURVE('',#1762,#1753,#1764,.T.);
#1762 = VERTEX_POINT('',#1763);
#1763 = CARTESIAN_POINT('',(9.9,39.5,0.));
#1764 = LINE('',#1765,#1766);
#1765 = CARTESIAN_POINT('',(9.9,39.5,0.));
#1766 = VECTOR('',#1767,1.);
#1767 = DIRECTION('',(1.,0.,0.));
#1768 = ORIENTED_EDGE('',*,*,#1769,.F.);
#1769 = EDGE_CURVE('',#1711,#1762,#1770,.T.);
#1770 = CIRCLE('',#1771,0.5);
#1771 = AXIS2_PLACEMENT_3D('',#1772,#1773,#1774);
#1772 = CARTESIAN_POINT('',(9.9,40.,0.));
#1773 = DIRECTION('',(0.,0.,1.));
#1774 = DIRECTION('',(1.,0.,0.));
#1775 = FACE_BOUND('',#1776,.T.);
#1776 = EDGE_LOOP('',(#1777,#1787,#1796,#1804,#1813,#1821,#1830,#1838));
#1777 = ORIENTED_EDGE('',*,*,#1778,.F.);
#1778 = EDGE_CURVE('',#1779,#1781,#1783,.T.);
#1779 = VERTEX_POINT('',#1780);
#1780 = CARTESIAN_POINT('',(12.8,43.1,0.));
#1781 = VERTEX_POINT('',#1782);
#1782 = CARTESIAN_POINT('',(12.8,39.9,0.));
#1783 = LINE('',#1784,#1785);
#1784 = CARTESIAN_POINT('',(12.8,43.1,0.));
#1785 = VECTOR('',#1786,1.);
#1786 = DIRECTION('',(0.,-1.,0.));
#1787 = ORIENTED_EDGE('',*,*,#1788,.F.);
#1788 = EDGE_CURVE('',#1789,#1779,#1791,.T.);
#1789 = VERTEX_POINT('',#1790);
#1790 = CARTESIAN_POINT('',(13.2,43.5,0.));
#1791 = CIRCLE('',#1792,0.4);
#1792 = AXIS2_PLACEMENT_3D('',#1793,#1794,#1795);
#1793 = CARTESIAN_POINT('',(13.2,43.1,0.));
#1794 = DIRECTION('',(0.,0.,1.));
#1795 = DIRECTION('',(1.,0.,0.));
#1796 = ORIENTED_EDGE('',*,*,#1797,.F.);
#1797 = EDGE_CURVE('',#1798,#1789,#1800,.T.);
#1798 = VERTEX_POINT('',#1799);
#1799 = CARTESIAN_POINT('',(13.6,43.5,0.));
#1800 = LINE('',#1801,#1802);
#1801 = CARTESIAN_POINT('',(13.6,43.5,0.));
#1802 = VECTOR('',#1803,1.);
#1803 = DIRECTION('',(-1.,0.,0.));
#1804 = ORIENTED_EDGE('',*,*,#1805,.F.);
#1805 = EDGE_CURVE('',#1806,#1798,#1808,.T.);
#1806 = VERTEX_POINT('',#1807);
#1807 = CARTESIAN_POINT('',(14.,43.1,0.));
#1808 = CIRCLE('',#1809,0.4);
#1809 = AXIS2_PLACEMENT_3D('',#1810,#1811,#1812);
#1810 = CARTESIAN_POINT('',(13.6,43.1,0.));
#1811 = DIRECTION('',(0.,0.,1.));
#1812 = DIRECTION('',(1.,0.,0.));
#1813 = ORIENTED_EDGE('',*,*,#1814,.F.);
#1814 = EDGE_CURVE('',#1815,#1806,#1817,.T.);
#1815 = VERTEX_POINT('',#1816);
#1816 = CARTESIAN_POINT('',(14.,39.9,0.));
#1817 = LINE('',#1818,#1819);
#1818 = CARTESIAN_POINT('',(14.,39.9,0.));
#1819 = VECTOR('',#1820,1.);
#1820 = DIRECTION('',(0.,1.,0.));
#1821 = ORIENTED_EDGE('',*,*,#1822,.F.);
#1822 = EDGE_CURVE('',#1823,#1815,#1825,.T.);
#1823 = VERTEX_POINT('',#1824);
#1824 = CARTESIAN_POINT('',(13.6,39.5,0.));
#1825 = CIRCLE('',#1826,0.4);
#1826 = AXIS2_PLACEMENT_3D('',#1827,#1828,#1829);
#1827 = CARTESIAN_POINT('',(13.6,39.9,0.));
#1828 = DIRECTION('',(0.,0.,1.));
#1829 = DIRECTION('',(1.,0.,0.));
#1830 = ORIENTED_EDGE('',*,*,#1831,.F.);
#1831 = EDGE_CURVE('',#1832,#1823,#1834,.T.);
#1832 = VERTEX_POINT('',#1833);
#1833 = CARTESIAN_POINT('',(13.2,39.5,0.));
#1834 = LINE('',#1835,#1836);
#1835 = CARTESIAN_POINT('',(13.2,39.5,0.));
#1836 = VECTOR('',#1837,1.);
#1837 = DIRECTION('',(1.,0.,0.));
#1838 = ORIENTED_EDGE('',*,*,#1839,.F.);
#1839 = EDGE_CURVE('',#1781,#1832,#1840,.T.);
#1840 = CIRCLE('',#1841,0.4);
#1841 = AXIS2_PLACEMENT_3D('',#1842,#1843,#1844);
#1842 = CARTESIAN_POINT('',(13.2,39.9,0.));
#1843 = DIRECTION('',(0.,0.,1.));
#1844 = DIRECTION('',(1.,0.,0.));
#1845 = FACE_BOUND('',#1846,.T.);
#1846 = EDGE_LOOP('',(#1847));
#1847 = ORIENTED_EDGE('',*,*,#1848,.F.);
#1848 = EDGE_CURVE('',#1849,#1849,#1851,.T.);
#1849 = VERTEX_POINT('',#1850);
#1850 = CARTESIAN_POINT('',(27.2,40.6,0.));
#1851 = CIRCLE('',#1852,0.9);
#1852 = AXIS2_PLACEMENT_3D('',#1853,#1854,#1855);
#1853 = CARTESIAN_POINT('',(26.3,40.6,0.));
#1854 = DIRECTION('',(0.,0.,1.));
#1855 = DIRECTION('',(1.,0.,0.));
#1856 = FACE_BOUND('',#1857,.T.);
#1857 = EDGE_LOOP('',(#1858));
#1858 = ORIENTED_EDGE('',*,*,#1859,.F.);
#1859 = EDGE_CURVE('',#1860,#1860,#1862,.T.);
#1860 = VERTEX_POINT('',#1861);
#1861 = CARTESIAN_POINT('',(29.4,40.6,0.));
#1862 = CIRCLE('',#1863,0.9);
#1863 = AXIS2_PLACEMENT_3D('',#1864,#1865,#1866);
#1864 = CARTESIAN_POINT('',(28.5,40.6,0.));
#1865 = DIRECTION('',(0.,0.,1.));
#1866 = DIRECTION('',(1.,0.,0.));
#1867 = PLANE('',#1868);
#1868 = AXIS2_PLACEMENT_3D('',#1869,#1870,#1871);
#1869 = CARTESIAN_POINT('',(-1.84E-15,-9.7E-15,0.));
#1870 = DIRECTION('',(0.,0.,1.));
#1871 = DIRECTION('',(1.,0.,0.));
#1872 = ADVANCED_FACE('',(#1873),#1891,.F.);
#1873 = FACE_BOUND('',#1874,.F.);
#1874 = EDGE_LOOP('',(#1875,#1876,#1877,#1884,#1890));
#1875 = ORIENTED_EDGE('',*,*,#301,.F.);
#1876 = ORIENTED_EDGE('',*,*,#252,.T.);
#1877 = ORIENTED_EDGE('',*,*,#1878,.T.);
#1878 = EDGE_CURVE('',#244,#1879,#1881,.T.);
#1879 = VERTEX_POINT('',#1880);
#1880 = CARTESIAN_POINT('',(27.149999999997,-47.32120327387,-5.3));
#1881 = B_SPLINE_CURVE_WITH_KNOTS('',1,(#1882,#1883),.UNSPECIFIED.,.F.,
  .F.,(2,2),(0.,1.),.PIECEWISE_BEZIER_KNOTS.);
#1882 = CARTESIAN_POINT('',(27.149999999997,-46.95,-6.7));
#1883 = CARTESIAN_POINT('',(27.149999999997,-47.32120327387,-5.3));
#1884 = ORIENTED_EDGE('',*,*,#1885,.F.);
#1885 = EDGE_CURVE('',#399,#1879,#1886,.T.);
#1886 = LINE('',#1887,#1888);
#1887 = CARTESIAN_POINT('',(-27.15,-47.32120327387,-5.3));
#1888 = VECTOR('',#1889,1.);
#1889 = DIRECTION('',(1.,0.,0.));
#1890 = ORIENTED_EDGE('',*,*,#398,.F.);
#1891 = PLANE('',#1892);
#1892 = AXIS2_PLACEMENT_3D('',#1893,#1894,#1895);
#1893 = CARTESIAN_POINT('',(-27.15,-47.32120327387,-5.3));
#1894 = DIRECTION('',(0.,-0.966600102017,-0.256289373133));
#1895 = DIRECTION('',(1.,0.,0.));
#1896 = ADVANCED_FACE('',(#1897),#1915,.F.);
#1897 = FACE_BOUND('',#1898,.F.);
#1898 = EDGE_LOOP('',(#1899,#1900,#1907,#1914));
#1899 = ORIENTED_EDGE('',*,*,#243,.T.);
#1900 = ORIENTED_EDGE('',*,*,#1901,.T.);
#1901 = EDGE_CURVE('',#236,#1902,#1904,.T.);
#1902 = VERTEX_POINT('',#1903);
#1903 = CARTESIAN_POINT('',(37.721203273861,-36.75,-5.3));
#1904 = B_SPLINE_CURVE_WITH_KNOTS('',1,(#1905,#1906),.UNSPECIFIED.,.F.,
  .F.,(2,2),(0.,1.),.PIECEWISE_BEZIER_KNOTS.);
#1905 = CARTESIAN_POINT('',(37.349999999997,-36.75,-6.7));
#1906 = CARTESIAN_POINT('',(37.721203273861,-36.75,-5.3));
#1907 = ORIENTED_EDGE('',*,*,#1908,.F.);
#1908 = EDGE_CURVE('',#1879,#1902,#1909,.T.);
#1909 = CIRCLE('',#1910,10.571203273864);
#1910 = AXIS2_PLACEMENT_3D('',#1911,#1912,#1913);
#1911 = CARTESIAN_POINT('',(27.149999999997,-36.75,-5.3));
#1912 = DIRECTION('',(0.,0.,1.));
#1913 = DIRECTION('',(1.,0.,0.));
#1914 = ORIENTED_EDGE('',*,*,#1878,.F.);
#1915 = CONICAL_SURFACE('',#1916,10.2,0.259181393921);
#1916 = AXIS2_PLACEMENT_3D('',#1917,#1918,#1919);
#1917 = CARTESIAN_POINT('',(27.149999999997,-36.75,-6.7));
#1918 = DIRECTION('',(0.,0.,1.));
#1919 = DIRECTION('',(1.,0.,0.));
#1920 = ADVANCED_FACE('',(#1921),#1938,.F.);
#1921 = FACE_BOUND('',#1922,.F.);
#1922 = EDGE_LOOP('',(#1923,#1924,#1931,#1937));
#1923 = ORIENTED_EDGE('',*,*,#235,.T.);
#1924 = ORIENTED_EDGE('',*,*,#1925,.T.);
#1925 = EDGE_CURVE('',#227,#1926,#1928,.T.);
#1926 = VERTEX_POINT('',#1927);
#1927 = CARTESIAN_POINT('',(37.721203273861,36.75,-5.3));
#1928 = B_SPLINE_CURVE_WITH_KNOTS('',1,(#1929,#1930),.UNSPECIFIED.,.F.,
  .F.,(2,2),(0.,1.),.PIECEWISE_BEZIER_KNOTS.);
#1929 = CARTESIAN_POINT('',(37.349999999997,36.75,-6.7));
#1930 = CARTESIAN_POINT('',(37.721203273861,36.75,-5.3));
#1931 = ORIENTED_EDGE('',*,*,#1932,.F.);
#1932 = EDGE_CURVE('',#1902,#1926,#1933,.T.);
#1933 = LINE('',#1934,#1935);
#1934 = CARTESIAN_POINT('',(37.721203273861,-36.75,-5.3));
#1935 = VECTOR('',#1936,1.);
#1936 = DIRECTION('',(0.,1.,0.));
#1937 = ORIENTED_EDGE('',*,*,#1901,.F.);
#1938 = PLANE('',#1939);
#1939 = AXIS2_PLACEMENT_3D('',#1940,#1941,#1942);
#1940 = CARTESIAN_POINT('',(37.721203273861,-36.75,-5.3));
#1941 = DIRECTION('',(0.966600102017,0.,-0.256289373133));
#1942 = DIRECTION('',(0.,1.,0.));
#1943 = ADVANCED_FACE('',(#1944),#1962,.F.);
#1944 = FACE_BOUND('',#1945,.F.);
#1945 = EDGE_LOOP('',(#1946,#1947,#1954,#1961));
#1946 = ORIENTED_EDGE('',*,*,#226,.T.);
#1947 = ORIENTED_EDGE('',*,*,#1948,.T.);
#1948 = EDGE_CURVE('',#219,#1949,#1951,.T.);
#1949 = VERTEX_POINT('',#1950);
#1950 = CARTESIAN_POINT('',(27.149999999997,47.321203273864,-5.3));
#1951 = B_SPLINE_CURVE_WITH_KNOTS('',1,(#1952,#1953),.UNSPECIFIED.,.F.,
  .F.,(2,2),(0.,1.),.PIECEWISE_BEZIER_KNOTS.);
#1952 = CARTESIAN_POINT('',(27.149999999997,46.95,-6.7));
#1953 = CARTESIAN_POINT('',(27.149999999997,47.321203273864,-5.3));
#1954 = ORIENTED_EDGE('',*,*,#1955,.F.);
#1955 = EDGE_CURVE('',#1926,#1949,#1956,.T.);
#1956 = CIRCLE('',#1957,10.571203273864);
#1957 = AXIS2_PLACEMENT_3D('',#1958,#1959,#1960);
#1958 = CARTESIAN_POINT('',(27.149999999997,36.75,-5.3));
#1959 = DIRECTION('',(0.,0.,1.));
#1960 = DIRECTION('',(1.,0.,0.));
#1961 = ORIENTED_EDGE('',*,*,#1925,.F.);
#1962 = CONICAL_SURFACE('',#1963,10.2,0.259181393921);
#1963 = AXIS2_PLACEMENT_3D('',#1964,#1965,#1966);
#1964 = CARTESIAN_POINT('',(27.149999999997,36.75,-6.7));
#1965 = DIRECTION('',(0.,0.,1.));
#1966 = DIRECTION('',(1.,0.,0.));
#1967 = ADVANCED_FACE('',(#1968),#1996,.F.);
#1968 = FACE_BOUND('',#1969,.F.);
#1969 = EDGE_LOOP('',(#1970,#1971,#1972,#1981,#1990));
#1970 = ORIENTED_EDGE('',*,*,#1948,.F.);
#1971 = ORIENTED_EDGE('',*,*,#218,.T.);
#1972 = ORIENTED_EDGE('',*,*,#1973,.F.);
#1973 = EDGE_CURVE('',#1974,#211,#1976,.T.);
#1974 = VERTEX_POINT('',#1975);
#1975 = CARTESIAN_POINT('',(21.1,47.215145195617,-5.7));
#1976 = ELLIPSE('',#1977,2.793295794575,2.7);
#1977 = AXIS2_PLACEMENT_3D('',#1978,#1979,#1980);
#1978 = CARTESIAN_POINT('',(18.4,47.215145195617,-5.7));
#1979 = DIRECTION('',(0.,0.966600102017,-0.256289373133));
#1980 = DIRECTION('',(0.,0.256289373133,0.966600102017));
#1981 = ORIENTED_EDGE('',*,*,#1982,.F.);
#1982 = EDGE_CURVE('',#1983,#1974,#1985,.T.);
#1983 = VERTEX_POINT('',#1984);
#1984 = CARTESIAN_POINT('',(21.070205984564,47.321203273864,-5.3));
#1985 = ELLIPSE('',#1986,2.793295794575,2.7);
#1986 = AXIS2_PLACEMENT_3D('',#1987,#1988,#1989);
#1987 = CARTESIAN_POINT('',(18.4,47.215145195617,-5.7));
#1988 = DIRECTION('',(0.,0.966600102017,-0.256289373133));
#1989 = DIRECTION('',(0.,0.256289373133,0.966600102017));
#1990 = ORIENTED_EDGE('',*,*,#1991,.F.);
#1991 = EDGE_CURVE('',#1949,#1983,#1992,.T.);
#1992 = LINE('',#1993,#1994);
#1993 = CARTESIAN_POINT('',(27.149999999997,47.321203273864,-5.3));
#1994 = VECTOR('',#1995,1.);
#1995 = DIRECTION('',(-1.,0.,0.));
#1996 = PLANE('',#1997);
#1997 = AXIS2_PLACEMENT_3D('',#1998,#1999,#2000);
#1998 = CARTESIAN_POINT('',(27.149999999997,47.321203273864,-5.3));
#1999 = DIRECTION('',(0.,0.966600102017,-0.256289373133));
#2000 = DIRECTION('',(-1.,0.,0.));
#2001 = ADVANCED_FACE('',(#2002),#2065,.F.);
#2002 = FACE_BOUND('',#2003,.T.);
#2003 = EDGE_LOOP('',(#2004,#2005,#2013,#2022,#2030,#2039,#2047,#2056,
    #2063,#2064));
#2004 = ORIENTED_EDGE('',*,*,#1982,.F.);
#2005 = ORIENTED_EDGE('',*,*,#2006,.F.);
#2006 = EDGE_CURVE('',#2007,#1983,#2009,.T.);
#2007 = VERTEX_POINT('',#2008);
#2008 = CARTESIAN_POINT('',(21.070205984564,45.75,-5.3));
#2009 = LINE('',#2010,#2011);
#2010 = CARTESIAN_POINT('',(21.070205984564,47.95,-5.3));
#2011 = VECTOR('',#2012,1.);
#2012 = DIRECTION('',(0.,1.,-2.2E-16));
#2013 = ORIENTED_EDGE('',*,*,#2014,.T.);
#2014 = EDGE_CURVE('',#2007,#2015,#2017,.T.);
#2015 = VERTEX_POINT('',#2016);
#2016 = CARTESIAN_POINT('',(15.729794015436,45.75,-5.3));
#2017 = CIRCLE('',#2018,2.7);
#2018 = AXIS2_PLACEMENT_3D('',#2019,#2020,#2021);
#2019 = CARTESIAN_POINT('',(18.4,45.75,-5.7));
#2020 = DIRECTION('',(0.,-1.,0.));
#2021 = DIRECTION('',(1.,0.,0.));
#2022 = ORIENTED_EDGE('',*,*,#2023,.T.);
#2023 = EDGE_CURVE('',#2015,#2024,#2026,.T.);
#2024 = VERTEX_POINT('',#2025);
#2025 = CARTESIAN_POINT('',(15.729794015436,47.321203273864,-5.3));
#2026 = LINE('',#2027,#2028);
#2027 = CARTESIAN_POINT('',(15.729794015436,47.95,-5.3));
#2028 = VECTOR('',#2029,1.);
#2029 = DIRECTION('',(0.,1.,-2.2E-16));
#2030 = ORIENTED_EDGE('',*,*,#2031,.F.);
#2031 = EDGE_CURVE('',#2032,#2024,#2034,.T.);
#2032 = VERTEX_POINT('',#2033);
#2033 = CARTESIAN_POINT('',(15.892012759203,46.95,-6.7));
#2034 = ELLIPSE('',#2035,2.793295794575,2.7);
#2035 = AXIS2_PLACEMENT_3D('',#2036,#2037,#2038);
#2036 = CARTESIAN_POINT('',(18.4,47.215145195617,-5.7));
#2037 = DIRECTION('',(0.,0.966600102017,-0.256289373133));
#2038 = DIRECTION('',(0.,0.256289373133,0.966600102017));
#2039 = ORIENTED_EDGE('',*,*,#2040,.T.);
#2040 = EDGE_CURVE('',#2032,#2041,#2043,.T.);
#2041 = VERTEX_POINT('',#2042);
#2042 = CARTESIAN_POINT('',(15.892012759203,47.95,-6.7));
#2043 = LINE('',#2044,#2045);
#2044 = CARTESIAN_POINT('',(15.892012759203,47.95,-6.7));
#2045 = VECTOR('',#2046,1.);
#2046 = DIRECTION('',(0.,1.,-2.2E-16));
#2047 = ORIENTED_EDGE('',*,*,#2048,.F.);
#2048 = EDGE_CURVE('',#2049,#2041,#2051,.T.);
#2049 = VERTEX_POINT('',#2050);
#2050 = CARTESIAN_POINT('',(21.1,47.95,-5.7));
#2051 = CIRCLE('',#2052,2.7);
#2052 = AXIS2_PLACEMENT_3D('',#2053,#2054,#2055);
#2053 = CARTESIAN_POINT('',(18.4,47.95,-5.7));
#2054 = DIRECTION('',(0.,-1.,0.));
#2055 = DIRECTION('',(1.,0.,0.));
#2056 = ORIENTED_EDGE('',*,*,#2057,.F.);
#2057 = EDGE_CURVE('',#203,#2049,#2058,.T.);
#2058 = CIRCLE('',#2059,2.7);
#2059 = AXIS2_PLACEMENT_3D('',#2060,#2061,#2062);
#2060 = CARTESIAN_POINT('',(18.4,47.95,-5.7));
#2061 = DIRECTION('',(0.,-1.,0.));
#2062 = DIRECTION('',(1.,0.,0.));
#2063 = ORIENTED_EDGE('',*,*,#210,.F.);
#2064 = ORIENTED_EDGE('',*,*,#1973,.F.);
#2065 = CYLINDRICAL_SURFACE('',#2066,2.7);
#2066 = AXIS2_PLACEMENT_3D('',#2067,#2068,#2069);
#2067 = CARTESIAN_POINT('',(18.4,47.95,-5.7));
#2068 = DIRECTION('',(0.,1.,-2.2E-16));
#2069 = DIRECTION('',(1.,0.,0.));
#2070 = ADVANCED_FACE('',(#2071),#2132,.T.);
#2071 = FACE_BOUND('',#2072,.T.);
#2072 = EDGE_LOOP('',(#2073,#2083,#2091,#2097,#2098,#2099,#2100,#2108,
    #2117,#2126));
#2073 = ORIENTED_EDGE('',*,*,#2074,.F.);
#2074 = EDGE_CURVE('',#2075,#2077,#2079,.T.);
#2075 = VERTEX_POINT('',#2076);
#2076 = CARTESIAN_POINT('',(-27.15,47.95,-1.));
#2077 = VERTEX_POINT('',#2078);
#2078 = CARTESIAN_POINT('',(-27.15,47.95,-6.7));
#2079 = LINE('',#2080,#2081);
#2080 = CARTESIAN_POINT('',(-27.15,47.95,0.));
#2081 = VECTOR('',#2082,1.);
#2082 = DIRECTION('',(-0.,-0.,-1.));
#2083 = ORIENTED_EDGE('',*,*,#2084,.F.);
#2084 = EDGE_CURVE('',#2085,#2075,#2087,.T.);
#2085 = VERTEX_POINT('',#2086);
#2086 = CARTESIAN_POINT('',(27.15,47.95,-1.));
#2087 = LINE('',#2088,#2089);
#2088 = CARTESIAN_POINT('',(27.15,47.95,-1.));
#2089 = VECTOR('',#2090,1.);
#2090 = DIRECTION('',(-1.,0.,0.));
#2091 = ORIENTED_EDGE('',*,*,#2092,.T.);
#2092 = EDGE_CURVE('',#2085,#194,#2093,.T.);
#2093 = LINE('',#2094,#2095);
#2094 = CARTESIAN_POINT('',(27.15,47.95,0.));
#2095 = VECTOR('',#2096,1.);
#2096 = DIRECTION('',(-0.,-0.,-1.));
#2097 = ORIENTED_EDGE('',*,*,#202,.T.);
#2098 = ORIENTED_EDGE('',*,*,#2057,.T.);
#2099 = ORIENTED_EDGE('',*,*,#2048,.T.);
#2100 = ORIENTED_EDGE('',*,*,#2101,.T.);
#2101 = EDGE_CURVE('',#2041,#2102,#2104,.T.);
#2102 = VERTEX_POINT('',#2103);
#2103 = CARTESIAN_POINT('',(9.155749299439,47.95,-6.7));
#2104 = LINE('',#2105,#2106);
#2105 = CARTESIAN_POINT('',(27.15,47.95,-6.7));
#2106 = VECTOR('',#2107,1.);
#2107 = DIRECTION('',(-1.,0.,0.));
#2108 = ORIENTED_EDGE('',*,*,#2109,.T.);
#2109 = EDGE_CURVE('',#2102,#2110,#2112,.T.);
#2110 = VERTEX_POINT('',#2111);
#2111 = CARTESIAN_POINT('',(9.17,47.95,-6.45));
#2112 = CIRCLE('',#2113,2.2);
#2113 = AXIS2_PLACEMENT_3D('',#2114,#2115,#2116);
#2114 = CARTESIAN_POINT('',(6.97,47.95,-6.45));
#2115 = DIRECTION('',(0.,-1.,0.));
#2116 = DIRECTION('',(1.,0.,0.));
#2117 = ORIENTED_EDGE('',*,*,#2118,.T.);
#2118 = EDGE_CURVE('',#2110,#2119,#2121,.T.);
#2119 = VERTEX_POINT('',#2120);
#2120 = CARTESIAN_POINT('',(4.784250700561,47.95,-6.7));
#2121 = CIRCLE('',#2122,2.2);
#2122 = AXIS2_PLACEMENT_3D('',#2123,#2124,#2125);
#2123 = CARTESIAN_POINT('',(6.97,47.95,-6.45));
#2124 = DIRECTION('',(0.,-1.,0.));
#2125 = DIRECTION('',(1.,0.,0.));
#2126 = ORIENTED_EDGE('',*,*,#2127,.T.);
#2127 = EDGE_CURVE('',#2119,#2077,#2128,.T.);
#2128 = LINE('',#2129,#2130);
#2129 = CARTESIAN_POINT('',(27.15,47.95,-6.7));
#2130 = VECTOR('',#2131,1.);
#2131 = DIRECTION('',(-1.,0.,0.));
#2132 = PLANE('',#2133);
#2133 = AXIS2_PLACEMENT_3D('',#2134,#2135,#2136);
#2134 = CARTESIAN_POINT('',(27.15,47.95,0.));
#2135 = DIRECTION('',(0.,1.,0.));
#2136 = DIRECTION('',(-1.,0.,0.));
#2137 = ADVANCED_FACE('',(#2138),#2150,.T.);
#2138 = FACE_BOUND('',#2139,.T.);
#2139 = EDGE_LOOP('',(#2140,#2141,#2142,#2143));
#2140 = ORIENTED_EDGE('',*,*,#548,.T.);
#2141 = ORIENTED_EDGE('',*,*,#193,.T.);
#2142 = ORIENTED_EDGE('',*,*,#2092,.F.);
#2143 = ORIENTED_EDGE('',*,*,#2144,.F.);
#2144 = EDGE_CURVE('',#549,#2085,#2145,.T.);
#2145 = CIRCLE('',#2146,11.2);
#2146 = AXIS2_PLACEMENT_3D('',#2147,#2148,#2149);
#2147 = CARTESIAN_POINT('',(27.15,36.75,-1.));
#2148 = DIRECTION('',(0.,0.,1.));
#2149 = DIRECTION('',(1.,0.,0.));
#2150 = CYLINDRICAL_SURFACE('',#2151,11.2);
#2151 = AXIS2_PLACEMENT_3D('',#2152,#2153,#2154);
#2152 = CARTESIAN_POINT('',(27.15,36.75,0.));
#2153 = DIRECTION('',(0.,0.,1.));
#2154 = DIRECTION('',(1.,0.,0.));
#2155 = ADVANCED_FACE('',(#2156),#2270,.T.);
#2156 = FACE_BOUND('',#2157,.T.);
#2157 = EDGE_LOOP('',(#2158,#2159,#2167,#2175,#2183,#2191,#2199,#2207,
    #2215,#2223,#2231,#2239,#2247,#2255,#2263,#2269));
#2158 = ORIENTED_EDGE('',*,*,#266,.F.);
#2159 = ORIENTED_EDGE('',*,*,#2160,.F.);
#2160 = EDGE_CURVE('',#2161,#267,#2163,.T.);
#2161 = VERTEX_POINT('',#2162);
#2162 = CARTESIAN_POINT('',(-38.35,36.75,-1.));
#2163 = LINE('',#2164,#2165);
#2164 = CARTESIAN_POINT('',(-38.35,36.75,-1.));
#2165 = VECTOR('',#2166,1.);
#2166 = DIRECTION('',(0.,-1.,0.));
#2167 = ORIENTED_EDGE('',*,*,#2168,.T.);
#2168 = EDGE_CURVE('',#2161,#2169,#2171,.T.);
#2169 = VERTEX_POINT('',#2170);
#2170 = CARTESIAN_POINT('',(-38.35,36.75,-6.7));
#2171 = LINE('',#2172,#2173);
#2172 = CARTESIAN_POINT('',(-38.35,36.75,0.));
#2173 = VECTOR('',#2174,1.);
#2174 = DIRECTION('',(-0.,-0.,-1.));
#2175 = ORIENTED_EDGE('',*,*,#2176,.T.);
#2176 = EDGE_CURVE('',#2169,#2177,#2179,.T.);
#2177 = VERTEX_POINT('',#2178);
#2178 = CARTESIAN_POINT('',(-38.35,30.45,-6.7));
#2179 = LINE('',#2180,#2181);
#2180 = CARTESIAN_POINT('',(-38.35,36.75,-6.7));
#2181 = VECTOR('',#2182,1.);
#2182 = DIRECTION('',(0.,-1.,0.));
#2183 = ORIENTED_EDGE('',*,*,#2184,.T.);
#2184 = EDGE_CURVE('',#2177,#2185,#2187,.T.);
#2185 = VERTEX_POINT('',#2186);
#2186 = CARTESIAN_POINT('',(-38.35,30.45,-2.2));
#2187 = LINE('',#2188,#2189);
#2188 = CARTESIAN_POINT('',(-38.35,30.45,-9.8));
#2189 = VECTOR('',#2190,1.);
#2190 = DIRECTION('',(0.,0.,1.));
#2191 = ORIENTED_EDGE('',*,*,#2192,.T.);
#2192 = EDGE_CURVE('',#2185,#2193,#2195,.T.);
#2193 = VERTEX_POINT('',#2194);
#2194 = CARTESIAN_POINT('',(-38.35,23.25,-2.2));
#2195 = LINE('',#2196,#2197);
#2196 = CARTESIAN_POINT('',(-38.35,30.45,-2.2));
#2197 = VECTOR('',#2198,1.);
#2198 = DIRECTION('',(0.,-1.,0.));
#2199 = ORIENTED_EDGE('',*,*,#2200,.T.);
#2200 = EDGE_CURVE('',#2193,#2201,#2203,.T.);
#2201 = VERTEX_POINT('',#2202);
#2202 = CARTESIAN_POINT('',(-38.35,23.25,-6.7));
#2203 = LINE('',#2204,#2205);
#2204 = CARTESIAN_POINT('',(-38.35,23.25,-2.2));
#2205 = VECTOR('',#2206,1.);
#2206 = DIRECTION('',(0.,0.,-1.));
#2207 = ORIENTED_EDGE('',*,*,#2208,.T.);
#2208 = EDGE_CURVE('',#2201,#2209,#2211,.T.);
#2209 = VERTEX_POINT('',#2210);
#2210 = CARTESIAN_POINT('',(-38.35,18.73,-6.7));
#2211 = LINE('',#2212,#2213);
#2212 = CARTESIAN_POINT('',(-38.35,36.75,-6.7));
#2213 = VECTOR('',#2214,1.);
#2214 = DIRECTION('',(0.,-1.,0.));
#2215 = ORIENTED_EDGE('',*,*,#2216,.T.);
#2216 = EDGE_CURVE('',#2209,#2217,#2219,.T.);
#2217 = VERTEX_POINT('',#2218);
#2218 = CARTESIAN_POINT('',(-38.35,18.73,-2.2));
#2219 = LINE('',#2220,#2221);
#2220 = CARTESIAN_POINT('',(-38.35,18.73,-9.8));
#2221 = VECTOR('',#2222,1.);
#2222 = DIRECTION('',(0.,0.,1.));
#2223 = ORIENTED_EDGE('',*,*,#2224,.T.);
#2224 = EDGE_CURVE('',#2217,#2225,#2227,.T.);
#2225 = VERTEX_POINT('',#2226);
#2226 = CARTESIAN_POINT('',(-38.35,14.03,-2.2));
#2227 = LINE('',#2228,#2229);
#2228 = CARTESIAN_POINT('',(-38.35,18.73,-2.2));
#2229 = VECTOR('',#2230,1.);
#2230 = DIRECTION('',(0.,-1.,0.));
#2231 = ORIENTED_EDGE('',*,*,#2232,.T.);
#2232 = EDGE_CURVE('',#2225,#2233,#2235,.T.);
#2233 = VERTEX_POINT('',#2234);
#2234 = CARTESIAN_POINT('',(-38.35,14.03,-6.7));
#2235 = LINE('',#2236,#2237);
#2236 = CARTESIAN_POINT('',(-38.35,14.03,-2.2));
#2237 = VECTOR('',#2238,1.);
#2238 = DIRECTION('',(0.,0.,-1.));
#2239 = ORIENTED_EDGE('',*,*,#2240,.T.);
#2240 = EDGE_CURVE('',#2233,#2241,#2243,.T.);
#2241 = VERTEX_POINT('',#2242);
#2242 = CARTESIAN_POINT('',(-38.35,9.829999999963,-6.7));
#2243 = LINE('',#2244,#2245);
#2244 = CARTESIAN_POINT('',(-38.35,36.75,-6.7));
#2245 = VECTOR('',#2246,1.);
#2246 = DIRECTION('',(0.,-1.,0.));
#2247 = ORIENTED_EDGE('',*,*,#2248,.T.);
#2248 = EDGE_CURVE('',#2241,#2249,#2251,.T.);
#2249 = VERTEX_POINT('',#2250);
#2250 = CARTESIAN_POINT('',(-38.35,9.829999999963,-2.2));
#2251 = LINE('',#2252,#2253);
#2252 = CARTESIAN_POINT('',(-38.35,9.829999999963,-9.8));
#2253 = VECTOR('',#2254,1.);
#2254 = DIRECTION('',(0.,0.,1.));
#2255 = ORIENTED_EDGE('',*,*,#2256,.T.);
#2256 = EDGE_CURVE('',#2249,#2257,#2259,.T.);
#2257 = VERTEX_POINT('',#2258);
#2258 = CARTESIAN_POINT('',(-38.35,5.130000000037,-2.2));
#2259 = LINE('',#2260,#2261);
#2260 = CARTESIAN_POINT('',(-38.35,9.829999999963,-2.2));
#2261 = VECTOR('',#2262,1.);
#2262 = DIRECTION('',(0.,-1.,0.));
#2263 = ORIENTED_EDGE('',*,*,#2264,.T.);
#2264 = EDGE_CURVE('',#2257,#334,#2265,.T.);
#2265 = LINE('',#2266,#2267);
#2266 = CARTESIAN_POINT('',(-38.35,5.130000000037,-2.2));
#2267 = VECTOR('',#2268,1.);
#2268 = DIRECTION('',(0.,0.,-1.));
#2269 = ORIENTED_EDGE('',*,*,#341,.T.);
#2270 = PLANE('',#2271);
#2271 = AXIS2_PLACEMENT_3D('',#2272,#2273,#2274);
#2272 = CARTESIAN_POINT('',(-38.35,36.75,0.));
#2273 = DIRECTION('',(-1.,0.,0.));
#2274 = DIRECTION('',(0.,-1.,0.));
#2275 = ADVANCED_FACE('',(#2276),#2301,.T.);
#2276 = FACE_BOUND('',#2277,.T.);
#2277 = EDGE_LOOP('',(#2278,#2288,#2294,#2295));
#2278 = ORIENTED_EDGE('',*,*,#2279,.T.);
#2279 = EDGE_CURVE('',#2280,#2282,#2284,.T.);
#2280 = VERTEX_POINT('',#2281);
#2281 = CARTESIAN_POINT('',(-37.52120327386,5.130000000037,
    -6.054303692112));
#2282 = VERTEX_POINT('',#2283);
#2283 = CARTESIAN_POINT('',(-37.52120327386,4.130000000001,
    -6.054303692112));
#2284 = LINE('',#2285,#2286);
#2285 = CARTESIAN_POINT('',(-37.52120327386,24.34,-6.054303692112));
#2286 = VECTOR('',#2287,1.);
#2287 = DIRECTION('',(0.,-1.,0.));
#2288 = ORIENTED_EDGE('',*,*,#2289,.T.);
#2289 = EDGE_CURVE('',#2282,#324,#2290,.T.);
#2290 = LINE('',#2291,#2292);
#2291 = CARTESIAN_POINT('',(-37.52120327386,4.130000000001,-1.2));
#2292 = VECTOR('',#2293,1.);
#2293 = DIRECTION('',(0.,0.,-1.));
#2294 = ORIENTED_EDGE('',*,*,#323,.T.);
#2295 = ORIENTED_EDGE('',*,*,#2296,.F.);
#2296 = EDGE_CURVE('',#2280,#326,#2297,.T.);
#2297 = LINE('',#2298,#2299);
#2298 = CARTESIAN_POINT('',(-37.52120327386,5.130000000037,-4.1));
#2299 = VECTOR('',#2300,1.);
#2300 = DIRECTION('',(0.,0.,-1.));
#2301 = PLANE('',#2302);
#2302 = AXIS2_PLACEMENT_3D('',#2303,#2304,#2305);
#2303 = CARTESIAN_POINT('',(-37.52120327386,11.930000000001,
    -5.999999999999));
#2304 = DIRECTION('',(1.,0.,0.));
#2305 = DIRECTION('',(0.,0.,1.));
#2306 = ADVANCED_FACE('',(#2307),#2317,.T.);
#2307 = FACE_BOUND('',#2308,.T.);
#2308 = EDGE_LOOP('',(#2309,#2310,#2316));
#2309 = ORIENTED_EDGE('',*,*,#2289,.F.);
#2310 = ORIENTED_EDGE('',*,*,#2311,.T.);
#2311 = EDGE_CURVE('',#2282,#375,#2312,.T.);
#2312 = LINE('',#2313,#2314);
#2313 = CARTESIAN_POINT('',(-38.22247998472,4.130000000001,
    -3.409425631122));
#2314 = VECTOR('',#2315,1.);
#2315 = DIRECTION('',(0.256289373133,0.,-0.966600102017));
#2316 = ORIENTED_EDGE('',*,*,#382,.T.);
#2317 = PLANE('',#2318);
#2318 = AXIS2_PLACEMENT_3D('',#2319,#2320,#2321);
#2319 = CARTESIAN_POINT('',(-37.52120327386,4.130000000001,-1.2));
#2320 = DIRECTION('',(0.,1.,0.));
#2321 = DIRECTION('',(0.,0.,-1.));
#2322 = ADVANCED_FACE('',(#2323),#2349,.F.);
#2323 = FACE_BOUND('',#2324,.F.);
#2324 = EDGE_LOOP('',(#2325,#2335,#2341,#2342,#2343,#2344));
#2325 = ORIENTED_EDGE('',*,*,#2326,.F.);
#2326 = EDGE_CURVE('',#2327,#2329,#2331,.T.);
#2327 = VERTEX_POINT('',#2328);
#2328 = CARTESIAN_POINT('',(-37.72120327386,5.130000000037,-5.3));
#2329 = VERTEX_POINT('',#2330);
#2330 = CARTESIAN_POINT('',(-37.72120327386,-36.75,-5.3));
#2331 = LINE('',#2332,#2333);
#2332 = CARTESIAN_POINT('',(-37.72120327386,36.75,-5.3));
#2333 = VECTOR('',#2334,1.);
#2334 = DIRECTION('',(0.,-1.,0.));
#2335 = ORIENTED_EDGE('',*,*,#2336,.T.);
#2336 = EDGE_CURVE('',#2327,#2280,#2337,.T.);
#2337 = LINE('',#2338,#2339);
#2338 = CARTESIAN_POINT('',(-38.1258347603,5.130000000037,
    -3.773924879149));
#2339 = VECTOR('',#2340,1.);
#2340 = DIRECTION('',(0.256289373133,0.,-0.966600102017));
#2341 = ORIENTED_EDGE('',*,*,#2279,.T.);
#2342 = ORIENTED_EDGE('',*,*,#2311,.T.);
#2343 = ORIENTED_EDGE('',*,*,#374,.T.);
#2344 = ORIENTED_EDGE('',*,*,#2345,.T.);
#2345 = EDGE_CURVE('',#366,#2329,#2346,.T.);
#2346 = B_SPLINE_CURVE_WITH_KNOTS('',1,(#2347,#2348),.UNSPECIFIED.,.F.,
  .F.,(2,2),(0.,1.),.PIECEWISE_BEZIER_KNOTS.);
#2347 = CARTESIAN_POINT('',(-37.35,-36.75,-6.7));
#2348 = CARTESIAN_POINT('',(-37.72120327386,-36.75,-5.3));
#2349 = PLANE('',#2350);
#2350 = AXIS2_PLACEMENT_3D('',#2351,#2352,#2353);
#2351 = CARTESIAN_POINT('',(-37.72120327386,36.75,-5.3));
#2352 = DIRECTION('',(-0.966600102017,0.,-0.256289373133));
#2353 = DIRECTION('',(0.,-1.,0.));
#2354 = ADVANCED_FACE('',(#2355),#2373,.F.);
#2355 = FACE_BOUND('',#2356,.F.);
#2356 = EDGE_LOOP('',(#2357,#2358,#2365,#2372));
#2357 = ORIENTED_EDGE('',*,*,#365,.T.);
#2358 = ORIENTED_EDGE('',*,*,#2359,.T.);
#2359 = EDGE_CURVE('',#358,#2360,#2362,.T.);
#2360 = VERTEX_POINT('',#2361);
#2361 = CARTESIAN_POINT('',(-27.15,-47.32120327387,-5.3));
#2362 = B_SPLINE_CURVE_WITH_KNOTS('',1,(#2363,#2364),.UNSPECIFIED.,.F.,
  .F.,(2,2),(0.,1.),.PIECEWISE_BEZIER_KNOTS.);
#2363 = CARTESIAN_POINT('',(-27.15,-46.95,-6.7));
#2364 = CARTESIAN_POINT('',(-27.15,-47.32120327387,-5.3));
#2365 = ORIENTED_EDGE('',*,*,#2366,.F.);
#2366 = EDGE_CURVE('',#2329,#2360,#2367,.T.);
#2367 = CIRCLE('',#2368,10.571203273864);
#2368 = AXIS2_PLACEMENT_3D('',#2369,#2370,#2371);
#2369 = CARTESIAN_POINT('',(-27.15,-36.75,-5.3));
#2370 = DIRECTION('',(0.,0.,1.));
#2371 = DIRECTION('',(1.,0.,0.));
#2372 = ORIENTED_EDGE('',*,*,#2345,.F.);
#2373 = CONICAL_SURFACE('',#2374,10.2,0.259181393921);
#2374 = AXIS2_PLACEMENT_3D('',#2375,#2376,#2377);
#2375 = CARTESIAN_POINT('',(-27.15,-36.75,-6.7));
#2376 = DIRECTION('',(0.,0.,1.));
#2377 = DIRECTION('',(1.,0.,0.));
#2378 = ADVANCED_FACE('',(#2379),#2391,.F.);
#2379 = FACE_BOUND('',#2380,.F.);
#2380 = EDGE_LOOP('',(#2381,#2382,#2383,#2384,#2385));
#2381 = ORIENTED_EDGE('',*,*,#2359,.F.);
#2382 = ORIENTED_EDGE('',*,*,#357,.T.);
#2383 = ORIENTED_EDGE('',*,*,#447,.F.);
#2384 = ORIENTED_EDGE('',*,*,#505,.F.);
#2385 = ORIENTED_EDGE('',*,*,#2386,.F.);
#2386 = EDGE_CURVE('',#2360,#498,#2387,.T.);
#2387 = LINE('',#2388,#2389);
#2388 = CARTESIAN_POINT('',(-27.15,-47.32120327387,-5.3));
#2389 = VECTOR('',#2390,1.);
#2390 = DIRECTION('',(1.,0.,0.));
#2391 = PLANE('',#2392);
#2392 = AXIS2_PLACEMENT_3D('',#2393,#2394,#2395);
#2393 = CARTESIAN_POINT('',(-27.15,-47.32120327387,-5.3));
#2394 = DIRECTION('',(0.,-0.966600102017,-0.256289373133));
#2395 = DIRECTION('',(1.,0.,0.));
#2396 = ADVANCED_FACE('',(#2397),#2425,.T.);
#2397 = FACE_BOUND('',#2398,.T.);
#2398 = EDGE_LOOP('',(#2399,#2400,#2408,#2416,#2422,#2423,#2424));
#2399 = ORIENTED_EDGE('',*,*,#2264,.F.);
#2400 = ORIENTED_EDGE('',*,*,#2401,.T.);
#2401 = EDGE_CURVE('',#2257,#2402,#2404,.T.);
#2402 = VERTEX_POINT('',#2403);
#2403 = CARTESIAN_POINT('',(-37.52120327386,5.130000000037,-2.2));
#2404 = LINE('',#2405,#2406);
#2405 = CARTESIAN_POINT('',(-38.35,5.130000000037,-2.2));
#2406 = VECTOR('',#2407,1.);
#2407 = DIRECTION('',(1.,0.,0.));
#2408 = ORIENTED_EDGE('',*,*,#2409,.T.);
#2409 = EDGE_CURVE('',#2402,#2410,#2412,.T.);
#2410 = VERTEX_POINT('',#2411);
#2411 = CARTESIAN_POINT('',(-37.52120327386,5.130000000037,-5.3));
#2412 = LINE('',#2413,#2414);
#2413 = CARTESIAN_POINT('',(-37.52120327386,5.130000000037,-4.1));
#2414 = VECTOR('',#2415,1.);
#2415 = DIRECTION('',(0.,0.,-1.));
#2416 = ORIENTED_EDGE('',*,*,#2417,.T.);
#2417 = EDGE_CURVE('',#2410,#2327,#2418,.T.);
#2418 = LINE('',#2419,#2420);
#2419 = CARTESIAN_POINT('',(-5.600000000002,5.130000000037,-5.3));
#2420 = VECTOR('',#2421,1.);
#2421 = DIRECTION('',(-1.,0.,0.));
#2422 = ORIENTED_EDGE('',*,*,#2336,.T.);
#2423 = ORIENTED_EDGE('',*,*,#2296,.T.);
#2424 = ORIENTED_EDGE('',*,*,#333,.T.);
#2425 = PLANE('',#2426);
#2426 = AXIS2_PLACEMENT_3D('',#2427,#2428,#2429);
#2427 = CARTESIAN_POINT('',(-38.35,5.130000000037,-2.2));
#2428 = DIRECTION('',(0.,1.,0.));
#2429 = DIRECTION('',(0.,0.,-1.));
#2430 = ADVANCED_FACE('',(#2431),#2474,.T.);
#2431 = FACE_BOUND('',#2432,.T.);
#2432 = EDGE_LOOP('',(#2433,#2441,#2449,#2457,#2465,#2471,#2472,#2473));
#2433 = ORIENTED_EDGE('',*,*,#2434,.F.);
#2434 = EDGE_CURVE('',#2435,#489,#2437,.T.);
#2435 = VERTEX_POINT('',#2436);
#2436 = CARTESIAN_POINT('',(-27.15,-45.75,-5.3));
#2437 = LINE('',#2438,#2439);
#2438 = CARTESIAN_POINT('',(-1.69642E-12,-45.75,-5.3));
#2439 = VECTOR('',#2440,1.);
#2440 = DIRECTION('',(1.,0.,0.));
#2441 = ORIENTED_EDGE('',*,*,#2442,.T.);
#2442 = EDGE_CURVE('',#2435,#2443,#2445,.T.);
#2443 = VERTEX_POINT('',#2444);
#2444 = CARTESIAN_POINT('',(-27.15,-45.75,-2.2));
#2445 = LINE('',#2446,#2447);
#2446 = CARTESIAN_POINT('',(-27.15,-45.75,-6.7));
#2447 = VECTOR('',#2448,1.);
#2448 = DIRECTION('',(0.,0.,1.));
#2449 = ORIENTED_EDGE('',*,*,#2450,.T.);
#2450 = EDGE_CURVE('',#2443,#2451,#2453,.T.);
#2451 = VERTEX_POINT('',#2452);
#2452 = CARTESIAN_POINT('',(27.15,-45.75,-2.2));
#2453 = LINE('',#2454,#2455);
#2454 = CARTESIAN_POINT('',(-27.15,-45.75,-2.2));
#2455 = VECTOR('',#2456,1.);
#2456 = DIRECTION('',(1.,0.,0.));
#2457 = ORIENTED_EDGE('',*,*,#2458,.F.);
#2458 = EDGE_CURVE('',#2459,#2451,#2461,.T.);
#2459 = VERTEX_POINT('',#2460);
#2460 = CARTESIAN_POINT('',(27.15,-45.75,-5.3));
#2461 = LINE('',#2462,#2463);
#2462 = CARTESIAN_POINT('',(27.15,-45.75,-6.7));
#2463 = VECTOR('',#2464,1.);
#2464 = DIRECTION('',(0.,0.,1.));
#2465 = ORIENTED_EDGE('',*,*,#2466,.F.);
#2466 = EDGE_CURVE('',#408,#2459,#2467,.T.);
#2467 = LINE('',#2468,#2469);
#2468 = CARTESIAN_POINT('',(-1.69642E-12,-45.75,-5.3));
#2469 = VECTOR('',#2470,1.);
#2470 = DIRECTION('',(1.,0.,0.));
#2471 = ORIENTED_EDGE('',*,*,#415,.T.);
#2472 = ORIENTED_EDGE('',*,*,#463,.T.);
#2473 = ORIENTED_EDGE('',*,*,#488,.T.);
#2474 = PLANE('',#2475);
#2475 = AXIS2_PLACEMENT_3D('',#2476,#2477,#2478);
#2476 = CARTESIAN_POINT('',(-27.15,-45.75,-6.7));
#2477 = DIRECTION('',(0.,1.,0.));
#2478 = DIRECTION('',(1.,0.,0.));
#2479 = ADVANCED_FACE('',(#2480),#2622,.F.);
#2480 = FACE_BOUND('',#2481,.F.);
#2481 = EDGE_LOOP('',(#2482,#2483,#2484,#2485,#2486,#2487,#2488,#2489,
    #2490,#2498,#2507,#2516,#2525,#2533,#2541,#2549,#2557,#2565,#2573,
    #2581,#2589,#2597,#2606,#2615));
#2482 = ORIENTED_EDGE('',*,*,#2466,.F.);
#2483 = ORIENTED_EDGE('',*,*,#407,.T.);
#2484 = ORIENTED_EDGE('',*,*,#1885,.T.);
#2485 = ORIENTED_EDGE('',*,*,#1908,.T.);
#2486 = ORIENTED_EDGE('',*,*,#1932,.T.);
#2487 = ORIENTED_EDGE('',*,*,#1955,.T.);
#2488 = ORIENTED_EDGE('',*,*,#1991,.T.);
#2489 = ORIENTED_EDGE('',*,*,#2006,.F.);
#2490 = ORIENTED_EDGE('',*,*,#2491,.F.);
#2491 = EDGE_CURVE('',#2492,#2007,#2494,.T.);
#2492 = VERTEX_POINT('',#2493);
#2493 = CARTESIAN_POINT('',(27.15,45.75,-5.3));
#2494 = LINE('',#2495,#2496);
#2495 = CARTESIAN_POINT('',(27.149999999998,45.75,-5.3));
#2496 = VECTOR('',#2497,1.);
#2497 = DIRECTION('',(-1.,0.,0.));
#2498 = ORIENTED_EDGE('',*,*,#2499,.T.);
#2499 = EDGE_CURVE('',#2492,#2500,#2502,.T.);
#2500 = VERTEX_POINT('',#2501);
#2501 = CARTESIAN_POINT('',(33.042787797876,43.552576862425,-5.3));
#2502 = CIRCLE('',#2503,9.);
#2503 = AXIS2_PLACEMENT_3D('',#2504,#2505,#2506);
#2504 = CARTESIAN_POINT('',(27.15,36.75,-5.3));
#2505 = DIRECTION('',(0.,0.,-1.));
#2506 = DIRECTION('',(1.,0.,0.));
#2507 = ORIENTED_EDGE('',*,*,#2508,.F.);
#2508 = EDGE_CURVE('',#2509,#2500,#2511,.T.);
#2509 = VERTEX_POINT('',#2510);
#2510 = CARTESIAN_POINT('',(33.77660085675,42.840005015213,-5.3));
#2511 = CIRCLE('',#2512,1.835);
#2512 = AXIS2_PLACEMENT_3D('',#2513,#2514,#2515);
#2513 = CARTESIAN_POINT('',(32.182,41.932,-5.3));
#2514 = DIRECTION('',(0.,0.,1.));
#2515 = DIRECTION('',(1.,0.,0.));
#2516 = ORIENTED_EDGE('',*,*,#2517,.T.);
#2517 = EDGE_CURVE('',#2509,#2518,#2520,.T.);
#2518 = VERTEX_POINT('',#2519);
#2519 = CARTESIAN_POINT('',(36.15,36.75,-5.3));
#2520 = CIRCLE('',#2521,9.);
#2521 = AXIS2_PLACEMENT_3D('',#2522,#2523,#2524);
#2522 = CARTESIAN_POINT('',(27.15,36.75,-5.3));
#2523 = DIRECTION('',(0.,0.,-1.));
#2524 = DIRECTION('',(1.,0.,0.));
#2525 = ORIENTED_EDGE('',*,*,#2526,.F.);
#2526 = EDGE_CURVE('',#2527,#2518,#2529,.T.);
#2527 = VERTEX_POINT('',#2528);
#2528 = CARTESIAN_POINT('',(36.15,19.88,-5.3));
#2529 = LINE('',#2530,#2531);
#2530 = CARTESIAN_POINT('',(36.15,7.11E-15,-5.3));
#2531 = VECTOR('',#2532,1.);
#2532 = DIRECTION('',(0.,1.,0.));
#2533 = ORIENTED_EDGE('',*,*,#2534,.T.);
#2534 = EDGE_CURVE('',#2527,#2535,#2537,.T.);
#2535 = VERTEX_POINT('',#2536);
#2536 = CARTESIAN_POINT('',(37.25,19.88,-5.3));
#2537 = LINE('',#2538,#2539);
#2538 = CARTESIAN_POINT('',(31.649999999998,19.88,-5.3));
#2539 = VECTOR('',#2540,1.);
#2540 = DIRECTION('',(1.,0.,0.));
#2541 = ORIENTED_EDGE('',*,*,#2542,.F.);
#2542 = EDGE_CURVE('',#2543,#2535,#2545,.T.);
#2543 = VERTEX_POINT('',#2544);
#2544 = CARTESIAN_POINT('',(37.25,12.88,-5.3));
#2545 = LINE('',#2546,#2547);
#2546 = CARTESIAN_POINT('',(37.25,24.34,-5.3));
#2547 = VECTOR('',#2548,1.);
#2548 = DIRECTION('',(0.,1.,0.));
#2549 = ORIENTED_EDGE('',*,*,#2550,.T.);
#2550 = EDGE_CURVE('',#2543,#2551,#2553,.T.);
#2551 = VERTEX_POINT('',#2552);
#2552 = CARTESIAN_POINT('',(36.15,12.88,-5.3));
#2553 = LINE('',#2554,#2555);
#2554 = CARTESIAN_POINT('',(31.649999999998,12.88,-5.3));
#2555 = VECTOR('',#2556,1.);
#2556 = DIRECTION('',(-1.,0.,0.));
#2557 = ORIENTED_EDGE('',*,*,#2558,.F.);
#2558 = EDGE_CURVE('',#2559,#2551,#2561,.T.);
#2559 = VERTEX_POINT('',#2560);
#2560 = CARTESIAN_POINT('',(36.15,10.98,-5.3));
#2561 = LINE('',#2562,#2563);
#2562 = CARTESIAN_POINT('',(36.15,7.11E-15,-5.3));
#2563 = VECTOR('',#2564,1.);
#2564 = DIRECTION('',(0.,1.,0.));
#2565 = ORIENTED_EDGE('',*,*,#2566,.T.);
#2566 = EDGE_CURVE('',#2559,#2567,#2569,.T.);
#2567 = VERTEX_POINT('',#2568);
#2568 = CARTESIAN_POINT('',(37.25,10.98,-5.3));
#2569 = LINE('',#2570,#2571);
#2570 = CARTESIAN_POINT('',(31.649999999998,10.98,-5.3));
#2571 = VECTOR('',#2572,1.);
#2572 = DIRECTION('',(1.,0.,0.));
#2573 = ORIENTED_EDGE('',*,*,#2574,.F.);
#2574 = EDGE_CURVE('',#2575,#2567,#2577,.T.);
#2575 = VERTEX_POINT('',#2576);
#2576 = CARTESIAN_POINT('',(37.25,3.98,-5.3));
#2577 = LINE('',#2578,#2579);
#2578 = CARTESIAN_POINT('',(37.25,24.34,-5.3));
#2579 = VECTOR('',#2580,1.);
#2580 = DIRECTION('',(0.,1.,0.));
#2581 = ORIENTED_EDGE('',*,*,#2582,.T.);
#2582 = EDGE_CURVE('',#2575,#2583,#2585,.T.);
#2583 = VERTEX_POINT('',#2584);
#2584 = CARTESIAN_POINT('',(36.15,3.98,-5.3));
#2585 = LINE('',#2586,#2587);
#2586 = CARTESIAN_POINT('',(31.649999999998,3.98,-5.3));
#2587 = VECTOR('',#2588,1.);
#2588 = DIRECTION('',(-1.,0.,0.));
#2589 = ORIENTED_EDGE('',*,*,#2590,.F.);
#2590 = EDGE_CURVE('',#2591,#2583,#2593,.T.);
#2591 = VERTEX_POINT('',#2592);
#2592 = CARTESIAN_POINT('',(36.15,-36.75,-5.3));
#2593 = LINE('',#2594,#2595);
#2594 = CARTESIAN_POINT('',(36.15,7.11E-15,-5.3));
#2595 = VECTOR('',#2596,1.);
#2596 = DIRECTION('',(0.,1.,0.));
#2597 = ORIENTED_EDGE('',*,*,#2598,.T.);
#2598 = EDGE_CURVE('',#2591,#2599,#2601,.T.);
#2599 = VERTEX_POINT('',#2600);
#2600 = CARTESIAN_POINT('',(33.77660085675,-42.84000501521,-5.3));
#2601 = CIRCLE('',#2602,9.);
#2602 = AXIS2_PLACEMENT_3D('',#2603,#2604,#2605);
#2603 = CARTESIAN_POINT('',(27.15,-36.75,-5.3));
#2604 = DIRECTION('',(0.,0.,-1.));
#2605 = DIRECTION('',(1.,0.,0.));
#2606 = ORIENTED_EDGE('',*,*,#2607,.F.);
#2607 = EDGE_CURVE('',#2608,#2599,#2610,.T.);
#2608 = VERTEX_POINT('',#2609);
#2609 = CARTESIAN_POINT('',(33.042787797876,-43.55257686242,-5.3));
#2610 = CIRCLE('',#2611,1.835);
#2611 = AXIS2_PLACEMENT_3D('',#2612,#2613,#2614);
#2612 = CARTESIAN_POINT('',(32.182,-41.932,-5.3));
#2613 = DIRECTION('',(0.,0.,1.));
#2614 = DIRECTION('',(1.,0.,0.));
#2615 = ORIENTED_EDGE('',*,*,#2616,.T.);
#2616 = EDGE_CURVE('',#2608,#2459,#2617,.T.);
#2617 = CIRCLE('',#2618,9.);
#2618 = AXIS2_PLACEMENT_3D('',#2619,#2620,#2621);
#2619 = CARTESIAN_POINT('',(27.15,-36.75,-5.3));
#2620 = DIRECTION('',(0.,0.,-1.));
#2621 = DIRECTION('',(1.,0.,0.));
#2622 = PLANE('',#2623);
#2623 = AXIS2_PLACEMENT_3D('',#2624,#2625,#2626);
#2624 = CARTESIAN_POINT('',(27.149999999997,36.75,-5.3));
#2625 = DIRECTION('',(0.,0.,1.));
#2626 = DIRECTION('',(1.,0.,0.));
#2627 = ADVANCED_FACE('',(#2628),#2684,.F.);
#2628 = FACE_BOUND('',#2629,.F.);
#2629 = EDGE_LOOP('',(#2630,#2631,#2632,#2633,#2634,#2635,#2636,#2645,
    #2653,#2662,#2670,#2678));
#2630 = ORIENTED_EDGE('',*,*,#2417,.T.);
#2631 = ORIENTED_EDGE('',*,*,#2326,.T.);
#2632 = ORIENTED_EDGE('',*,*,#2366,.T.);
#2633 = ORIENTED_EDGE('',*,*,#2386,.T.);
#2634 = ORIENTED_EDGE('',*,*,#497,.F.);
#2635 = ORIENTED_EDGE('',*,*,#2434,.F.);
#2636 = ORIENTED_EDGE('',*,*,#2637,.T.);
#2637 = EDGE_CURVE('',#2435,#2638,#2640,.T.);
#2638 = VERTEX_POINT('',#2639);
#2639 = CARTESIAN_POINT('',(-36.15,-36.75,-5.3));
#2640 = CIRCLE('',#2641,9.);
#2641 = AXIS2_PLACEMENT_3D('',#2642,#2643,#2644);
#2642 = CARTESIAN_POINT('',(-27.15,-36.75,-5.3));
#2643 = DIRECTION('',(0.,0.,-1.));
#2644 = DIRECTION('',(1.,0.,0.));
#2645 = ORIENTED_EDGE('',*,*,#2646,.F.);
#2646 = EDGE_CURVE('',#2647,#2638,#2649,.T.);
#2647 = VERTEX_POINT('',#2648);
#2648 = CARTESIAN_POINT('',(-36.15,-36.43520564413,-5.3));
#2649 = LINE('',#2650,#2651);
#2650 = CARTESIAN_POINT('',(-36.15,36.75,-5.3));
#2651 = VECTOR('',#2652,1.);
#2652 = DIRECTION('',(0.,-1.,0.));
#2653 = ORIENTED_EDGE('',*,*,#2654,.F.);
#2654 = EDGE_CURVE('',#2655,#2647,#2657,.T.);
#2655 = VERTEX_POINT('',#2656);
#2656 = CARTESIAN_POINT('',(-36.15,-34.52879435587,-5.3));
#2657 = CIRCLE('',#2658,1.835);
#2658 = AXIS2_PLACEMENT_3D('',#2659,#2660,#2661);
#2659 = CARTESIAN_POINT('',(-34.582,-35.482,-5.3));
#2660 = DIRECTION('',(0.,0.,1.));
#2661 = DIRECTION('',(1.,0.,0.));
#2662 = ORIENTED_EDGE('',*,*,#2663,.F.);
#2663 = EDGE_CURVE('',#2664,#2655,#2666,.T.);
#2664 = VERTEX_POINT('',#2665);
#2665 = CARTESIAN_POINT('',(-36.15,4.130000000001,-5.3));
#2666 = LINE('',#2667,#2668);
#2667 = CARTESIAN_POINT('',(-36.15,36.75,-5.3));
#2668 = VECTOR('',#2669,1.);
#2669 = DIRECTION('',(0.,-1.,0.));
#2670 = ORIENTED_EDGE('',*,*,#2671,.T.);
#2671 = EDGE_CURVE('',#2664,#2672,#2674,.T.);
#2672 = VERTEX_POINT('',#2673);
#2673 = CARTESIAN_POINT('',(-37.52120327386,4.130000000001,-5.3));
#2674 = LINE('',#2675,#2676);
#2675 = CARTESIAN_POINT('',(-5.185601636934,4.130000000001,-5.3));
#2676 = VECTOR('',#2677,1.);
#2677 = DIRECTION('',(-1.,0.,0.));
#2678 = ORIENTED_EDGE('',*,*,#2679,.T.);
#2679 = EDGE_CURVE('',#2672,#2410,#2680,.T.);
#2680 = LINE('',#2681,#2682);
#2681 = CARTESIAN_POINT('',(-37.52120327386,24.34,-5.3));
#2682 = VECTOR('',#2683,1.);
#2683 = DIRECTION('',(0.,1.,0.));
#2684 = PLANE('',#2685);
#2685 = AXIS2_PLACEMENT_3D('',#2686,#2687,#2688);
#2686 = CARTESIAN_POINT('',(27.149999999997,36.75,-5.3));
#2687 = DIRECTION('',(0.,0.,1.));
#2688 = DIRECTION('',(1.,0.,0.));
#2689 = ADVANCED_FACE('',(#2690),#2701,.T.);
#2690 = FACE_BOUND('',#2691,.F.);
#2691 = EDGE_LOOP('',(#2692,#2693,#2694,#2700));
#2692 = ORIENTED_EDGE('',*,*,#531,.F.);
#2693 = ORIENTED_EDGE('',*,*,#606,.T.);
#2694 = ORIENTED_EDGE('',*,*,#2695,.T.);
#2695 = EDGE_CURVE('',#607,#549,#2696,.T.);
#2696 = LINE('',#2697,#2698);
#2697 = CARTESIAN_POINT('',(37.85,36.75,-0.5));
#2698 = VECTOR('',#2699,1.);
#2699 = DIRECTION('',(0.707106781187,0.,-0.707106781187));
#2700 = ORIENTED_EDGE('',*,*,#556,.F.);
#2701 = PLANE('',#2702);
#2702 = AXIS2_PLACEMENT_3D('',#2703,#2704,#2705);
#2703 = CARTESIAN_POINT('',(37.85,-36.75,-0.5));
#2704 = DIRECTION('',(0.707106781187,0.,0.707106781187));
#2705 = DIRECTION('',(0.,-1.,0.));
#2706 = ADVANCED_FACE('',(#2707),#2718,.T.);
#2707 = FACE_BOUND('',#2708,.F.);
#2708 = EDGE_LOOP('',(#2709,#2715,#2716,#2717));
#2709 = ORIENTED_EDGE('',*,*,#2710,.F.);
#2710 = EDGE_CURVE('',#596,#2161,#2711,.T.);
#2711 = LINE('',#2712,#2713);
#2712 = CARTESIAN_POINT('',(-37.85,36.75,-0.5));
#2713 = VECTOR('',#2714,1.);
#2714 = DIRECTION('',(-0.707106781187,-0.,-0.707106781187));
#2715 = ORIENTED_EDGE('',*,*,#595,.T.);
#2716 = ORIENTED_EDGE('',*,*,#570,.T.);
#2717 = ORIENTED_EDGE('',*,*,#2160,.F.);
#2718 = PLANE('',#2719);
#2719 = AXIS2_PLACEMENT_3D('',#2720,#2721,#2722);
#2720 = CARTESIAN_POINT('',(-37.85,36.75,-0.5));
#2721 = DIRECTION('',(-0.707106781187,0.,0.707106781187));
#2722 = DIRECTION('',(0.,1.,0.));
#2723 = ADVANCED_FACE('',(#2724),#2741,.T.);
#2724 = FACE_BOUND('',#2725,.F.);
#2725 = EDGE_LOOP('',(#2726,#2732,#2733,#2734));
#2726 = ORIENTED_EDGE('',*,*,#2727,.F.);
#2727 = EDGE_CURVE('',#624,#2075,#2728,.T.);
#2728 = LINE('',#2729,#2730);
#2729 = CARTESIAN_POINT('',(-27.15,47.45,-0.5));
#2730 = VECTOR('',#2731,1.);
#2731 = DIRECTION('',(0.,0.707106781187,-0.707106781187));
#2732 = ORIENTED_EDGE('',*,*,#631,.T.);
#2733 = ORIENTED_EDGE('',*,*,#2710,.T.);
#2734 = ORIENTED_EDGE('',*,*,#2735,.F.);
#2735 = EDGE_CURVE('',#2075,#2161,#2736,.T.);
#2736 = CIRCLE('',#2737,11.2);
#2737 = AXIS2_PLACEMENT_3D('',#2738,#2739,#2740);
#2738 = CARTESIAN_POINT('',(-27.15,36.75,-1.));
#2739 = DIRECTION('',(0.,-0.,1.));
#2740 = DIRECTION('',(0.,1.,0.));
#2741 = CONICAL_SURFACE('',#2742,11.2,0.785398163397);
#2742 = AXIS2_PLACEMENT_3D('',#2743,#2744,#2745);
#2743 = CARTESIAN_POINT('',(-27.15,36.75,-1.));
#2744 = DIRECTION('',(-0.,-0.,-1.));
#2745 = DIRECTION('',(0.,1.,0.));
#2746 = ADVANCED_FACE('',(#2747),#2758,.T.);
#2747 = FACE_BOUND('',#2748,.F.);
#2748 = EDGE_LOOP('',(#2749,#2755,#2756,#2757));
#2749 = ORIENTED_EDGE('',*,*,#2750,.F.);
#2750 = EDGE_CURVE('',#615,#2085,#2751,.T.);
#2751 = LINE('',#2752,#2753);
#2752 = CARTESIAN_POINT('',(27.15,47.95,-1.));
#2753 = VECTOR('',#2754,1.);
#2754 = DIRECTION('',(4.E-17,0.707106781187,-0.707106781187));
#2755 = ORIENTED_EDGE('',*,*,#623,.T.);
#2756 = ORIENTED_EDGE('',*,*,#2727,.T.);
#2757 = ORIENTED_EDGE('',*,*,#2084,.F.);
#2758 = PLANE('',#2759);
#2759 = AXIS2_PLACEMENT_3D('',#2760,#2761,#2762);
#2760 = CARTESIAN_POINT('',(27.15,47.45,-0.5));
#2761 = DIRECTION('',(0.,0.707106781187,0.707106781187));
#2762 = DIRECTION('',(1.,0.,0.));
#2763 = ADVANCED_FACE('',(#2764),#2770,.T.);
#2764 = FACE_BOUND('',#2765,.F.);
#2765 = EDGE_LOOP('',(#2766,#2767,#2768,#2769));
#2766 = ORIENTED_EDGE('',*,*,#2695,.F.);
#2767 = ORIENTED_EDGE('',*,*,#614,.T.);
#2768 = ORIENTED_EDGE('',*,*,#2750,.T.);
#2769 = ORIENTED_EDGE('',*,*,#2144,.F.);
#2770 = CONICAL_SURFACE('',#2771,11.2,0.785398163397);
#2771 = AXIS2_PLACEMENT_3D('',#2772,#2773,#2774);
#2772 = CARTESIAN_POINT('',(27.15,36.75,-1.));
#2773 = DIRECTION('',(-0.,-0.,-1.));
#2774 = DIRECTION('',(1.,0.,0.));
#2775 = ADVANCED_FACE('',(#2776),#2801,.F.);
#2776 = FACE_BOUND('',#2777,.F.);
#2777 = EDGE_LOOP('',(#2778,#2786,#2794,#2800));
#2778 = ORIENTED_EDGE('',*,*,#2779,.T.);
#2779 = EDGE_CURVE('',#641,#2780,#2782,.T.);
#2780 = VERTEX_POINT('',#2781);
#2781 = CARTESIAN_POINT('',(-24.,-33.49999999998,-0.5));
#2782 = LINE('',#2783,#2784);
#2783 = CARTESIAN_POINT('',(-24.,-33.49999999998,0.));
#2784 = VECTOR('',#2785,1.);
#2785 = DIRECTION('',(-0.,-0.,-1.));
#2786 = ORIENTED_EDGE('',*,*,#2787,.T.);
#2787 = EDGE_CURVE('',#2780,#2788,#2790,.T.);
#2788 = VERTEX_POINT('',#2789);
#2789 = CARTESIAN_POINT('',(-24.,-34.99999999998,-0.5));
#2790 = LINE('',#2791,#2792);
#2791 = CARTESIAN_POINT('',(-24.,-33.49999999998,-0.5));
#2792 = VECTOR('',#2793,1.);
#2793 = DIRECTION('',(0.,-1.,0.));
#2794 = ORIENTED_EDGE('',*,*,#2795,.F.);
#2795 = EDGE_CURVE('',#643,#2788,#2796,.T.);
#2796 = LINE('',#2797,#2798);
#2797 = CARTESIAN_POINT('',(-24.,-34.99999999998,0.));
#2798 = VECTOR('',#2799,1.);
#2799 = DIRECTION('',(-0.,-0.,-1.));
#2800 = ORIENTED_EDGE('',*,*,#640,.F.);
#2801 = PLANE('',#2802);
#2802 = AXIS2_PLACEMENT_3D('',#2803,#2804,#2805);
#2803 = CARTESIAN_POINT('',(-24.,-33.49999999998,0.));
#2804 = DIRECTION('',(-1.,0.,0.));
#2805 = DIRECTION('',(0.,-1.,0.));
#2806 = ADVANCED_FACE('',(#2807),#2825,.F.);
#2807 = FACE_BOUND('',#2808,.F.);
#2808 = EDGE_LOOP('',(#2809,#2810,#2818,#2824));
#2809 = ORIENTED_EDGE('',*,*,#2795,.T.);
#2810 = ORIENTED_EDGE('',*,*,#2811,.T.);
#2811 = EDGE_CURVE('',#2788,#2812,#2814,.T.);
#2812 = VERTEX_POINT('',#2813);
#2813 = CARTESIAN_POINT('',(24.,-34.99999999998,-0.5));
#2814 = LINE('',#2815,#2816);
#2815 = CARTESIAN_POINT('',(-24.,-34.99999999998,-0.5));
#2816 = VECTOR('',#2817,1.);
#2817 = DIRECTION('',(1.,0.,0.));
#2818 = ORIENTED_EDGE('',*,*,#2819,.F.);
#2819 = EDGE_CURVE('',#659,#2812,#2820,.T.);
#2820 = LINE('',#2821,#2822);
#2821 = CARTESIAN_POINT('',(24.,-34.99999999998,0.));
#2822 = VECTOR('',#2823,1.);
#2823 = DIRECTION('',(-0.,-0.,-1.));
#2824 = ORIENTED_EDGE('',*,*,#666,.F.);
#2825 = PLANE('',#2826);
#2826 = AXIS2_PLACEMENT_3D('',#2827,#2828,#2829);
#2827 = CARTESIAN_POINT('',(-24.,-34.99999999998,0.));
#2828 = DIRECTION('',(0.,-1.,0.));
#2829 = DIRECTION('',(1.,0.,0.));
#2830 = ADVANCED_FACE('',(#2831),#2849,.F.);
#2831 = FACE_BOUND('',#2832,.F.);
#2832 = EDGE_LOOP('',(#2833,#2834,#2842,#2848));
#2833 = ORIENTED_EDGE('',*,*,#2819,.T.);
#2834 = ORIENTED_EDGE('',*,*,#2835,.T.);
#2835 = EDGE_CURVE('',#2812,#2836,#2838,.T.);
#2836 = VERTEX_POINT('',#2837);
#2837 = CARTESIAN_POINT('',(24.,-33.49999999998,-0.5));
#2838 = LINE('',#2839,#2840);
#2839 = CARTESIAN_POINT('',(24.,-34.99999999998,-0.5));
#2840 = VECTOR('',#2841,1.);
#2841 = DIRECTION('',(0.,1.,0.));
#2842 = ORIENTED_EDGE('',*,*,#2843,.F.);
#2843 = EDGE_CURVE('',#651,#2836,#2844,.T.);
#2844 = LINE('',#2845,#2846);
#2845 = CARTESIAN_POINT('',(24.,-33.49999999998,0.));
#2846 = VECTOR('',#2847,1.);
#2847 = DIRECTION('',(-0.,-0.,-1.));
#2848 = ORIENTED_EDGE('',*,*,#658,.F.);
#2849 = PLANE('',#2850);
#2850 = AXIS2_PLACEMENT_3D('',#2851,#2852,#2853);
#2851 = CARTESIAN_POINT('',(24.,-34.99999999998,0.));
#2852 = DIRECTION('',(1.,0.,0.));
#2853 = DIRECTION('',(0.,1.,0.));
#2854 = ADVANCED_FACE('',(#2855),#2866,.F.);
#2855 = FACE_BOUND('',#2856,.F.);
#2856 = EDGE_LOOP('',(#2857,#2858,#2864,#2865));
#2857 = ORIENTED_EDGE('',*,*,#2843,.T.);
#2858 = ORIENTED_EDGE('',*,*,#2859,.T.);
#2859 = EDGE_CURVE('',#2836,#2780,#2860,.T.);
#2860 = LINE('',#2861,#2862);
#2861 = CARTESIAN_POINT('',(24.,-33.49999999998,-0.5));
#2862 = VECTOR('',#2863,1.);
#2863 = DIRECTION('',(-1.,0.,0.));
#2864 = ORIENTED_EDGE('',*,*,#2779,.F.);
#2865 = ORIENTED_EDGE('',*,*,#650,.F.);
#2866 = PLANE('',#2867);
#2867 = AXIS2_PLACEMENT_3D('',#2868,#2869,#2870);
#2868 = CARTESIAN_POINT('',(24.,-33.49999999998,0.));
#2869 = DIRECTION('',(0.,1.,0.));
#2870 = DIRECTION('',(-1.,0.,0.));
#2871 = ADVANCED_FACE('',(#2872),#2897,.F.);
#2872 = FACE_BOUND('',#2873,.F.);
#2873 = EDGE_LOOP('',(#2874,#2882,#2890,#2896));
#2874 = ORIENTED_EDGE('',*,*,#2875,.T.);
#2875 = EDGE_CURVE('',#675,#2876,#2878,.T.);
#2876 = VERTEX_POINT('',#2877);
#2877 = CARTESIAN_POINT('',(-27.,-30.49999999998,-0.5));
#2878 = LINE('',#2879,#2880);
#2879 = CARTESIAN_POINT('',(-27.,-30.49999999998,0.));
#2880 = VECTOR('',#2881,1.);
#2881 = DIRECTION('',(-0.,-0.,-1.));
#2882 = ORIENTED_EDGE('',*,*,#2883,.T.);
#2883 = EDGE_CURVE('',#2876,#2884,#2886,.T.);
#2884 = VERTEX_POINT('',#2885);
#2885 = CARTESIAN_POINT('',(-27.,-31.99999999998,-0.5));
#2886 = LINE('',#2887,#2888);
#2887 = CARTESIAN_POINT('',(-27.,-30.49999999998,-0.5));
#2888 = VECTOR('',#2889,1.);
#2889 = DIRECTION('',(0.,-1.,0.));
#2890 = ORIENTED_EDGE('',*,*,#2891,.F.);
#2891 = EDGE_CURVE('',#677,#2884,#2892,.T.);
#2892 = LINE('',#2893,#2894);
#2893 = CARTESIAN_POINT('',(-27.,-31.99999999998,0.));
#2894 = VECTOR('',#2895,1.);
#2895 = DIRECTION('',(-0.,-0.,-1.));
#2896 = ORIENTED_EDGE('',*,*,#674,.F.);
#2897 = PLANE('',#2898);
#2898 = AXIS2_PLACEMENT_3D('',#2899,#2900,#2901);
#2899 = CARTESIAN_POINT('',(-27.,-30.49999999998,0.));
#2900 = DIRECTION('',(-1.,0.,0.));
#2901 = DIRECTION('',(0.,-1.,0.));
#2902 = ADVANCED_FACE('',(#2903),#2921,.F.);
#2903 = FACE_BOUND('',#2904,.F.);
#2904 = EDGE_LOOP('',(#2905,#2906,#2914,#2920));
#2905 = ORIENTED_EDGE('',*,*,#2891,.T.);
#2906 = ORIENTED_EDGE('',*,*,#2907,.T.);
#2907 = EDGE_CURVE('',#2884,#2908,#2910,.T.);
#2908 = VERTEX_POINT('',#2909);
#2909 = CARTESIAN_POINT('',(27.,-31.99999999998,-0.5));
#2910 = LINE('',#2911,#2912);
#2911 = CARTESIAN_POINT('',(-27.,-31.99999999998,-0.5));
#2912 = VECTOR('',#2913,1.);
#2913 = DIRECTION('',(1.,0.,0.));
#2914 = ORIENTED_EDGE('',*,*,#2915,.F.);
#2915 = EDGE_CURVE('',#693,#2908,#2916,.T.);
#2916 = LINE('',#2917,#2918);
#2917 = CARTESIAN_POINT('',(27.,-31.99999999998,0.));
#2918 = VECTOR('',#2919,1.);
#2919 = DIRECTION('',(-0.,-0.,-1.));
#2920 = ORIENTED_EDGE('',*,*,#700,.F.);
#2921 = PLANE('',#2922);
#2922 = AXIS2_PLACEMENT_3D('',#2923,#2924,#2925);
#2923 = CARTESIAN_POINT('',(-27.,-31.99999999998,0.));
#2924 = DIRECTION('',(0.,-1.,0.));
#2925 = DIRECTION('',(1.,0.,0.));
#2926 = ADVANCED_FACE('',(#2927),#2945,.F.);
#2927 = FACE_BOUND('',#2928,.F.);
#2928 = EDGE_LOOP('',(#2929,#2930,#2938,#2944));
#2929 = ORIENTED_EDGE('',*,*,#2915,.T.);
#2930 = ORIENTED_EDGE('',*,*,#2931,.T.);
#2931 = EDGE_CURVE('',#2908,#2932,#2934,.T.);
#2932 = VERTEX_POINT('',#2933);
#2933 = CARTESIAN_POINT('',(27.,-30.49999999998,-0.5));
#2934 = LINE('',#2935,#2936);
#2935 = CARTESIAN_POINT('',(27.,-31.99999999998,-0.5));
#2936 = VECTOR('',#2937,1.);
#2937 = DIRECTION('',(0.,1.,0.));
#2938 = ORIENTED_EDGE('',*,*,#2939,.F.);
#2939 = EDGE_CURVE('',#685,#2932,#2940,.T.);
#2940 = LINE('',#2941,#2942);
#2941 = CARTESIAN_POINT('',(27.,-30.49999999998,0.));
#2942 = VECTOR('',#2943,1.);
#2943 = DIRECTION('',(-0.,-0.,-1.));
#2944 = ORIENTED_EDGE('',*,*,#692,.F.);
#2945 = PLANE('',#2946);
#2946 = AXIS2_PLACEMENT_3D('',#2947,#2948,#2949);
#2947 = CARTESIAN_POINT('',(27.,-31.99999999998,0.));
#2948 = DIRECTION('',(1.,0.,0.));
#2949 = DIRECTION('',(0.,1.,0.));
#2950 = ADVANCED_FACE('',(#2951),#2962,.F.);
#2951 = FACE_BOUND('',#2952,.F.);
#2952 = EDGE_LOOP('',(#2953,#2954,#2960,#2961));
#2953 = ORIENTED_EDGE('',*,*,#2939,.T.);
#2954 = ORIENTED_EDGE('',*,*,#2955,.T.);
#2955 = EDGE_CURVE('',#2932,#2876,#2956,.T.);
#2956 = LINE('',#2957,#2958);
#2957 = CARTESIAN_POINT('',(27.,-30.49999999998,-0.5));
#2958 = VECTOR('',#2959,1.);
#2959 = DIRECTION('',(-1.,0.,0.));
#2960 = ORIENTED_EDGE('',*,*,#2875,.F.);
#2961 = ORIENTED_EDGE('',*,*,#684,.F.);
#2962 = PLANE('',#2963);
#2963 = AXIS2_PLACEMENT_3D('',#2964,#2965,#2966);
#2964 = CARTESIAN_POINT('',(27.,-30.49999999998,0.));
#2965 = DIRECTION('',(0.,1.,0.));
#2966 = DIRECTION('',(-1.,0.,0.));
#2967 = ADVANCED_FACE('',(#2968),#2993,.F.);
#2968 = FACE_BOUND('',#2969,.F.);
#2969 = EDGE_LOOP('',(#2970,#2978,#2986,#2992));
#2970 = ORIENTED_EDGE('',*,*,#2971,.T.);
#2971 = EDGE_CURVE('',#709,#2972,#2974,.T.);
#2972 = VERTEX_POINT('',#2973);
#2973 = CARTESIAN_POINT('',(-28.,-27.5,-0.5));
#2974 = LINE('',#2975,#2976);
#2975 = CARTESIAN_POINT('',(-28.,-27.5,0.));
#2976 = VECTOR('',#2977,1.);
#2977 = DIRECTION('',(-0.,-0.,-1.));
#2978 = ORIENTED_EDGE('',*,*,#2979,.T.);
#2979 = EDGE_CURVE('',#2972,#2980,#2982,.T.);
#2980 = VERTEX_POINT('',#2981);
#2981 = CARTESIAN_POINT('',(-28.,-28.99999999998,-0.5));
#2982 = LINE('',#2983,#2984);
#2983 = CARTESIAN_POINT('',(-28.,-27.5,-0.5));
#2984 = VECTOR('',#2985,1.);
#2985 = DIRECTION('',(0.,-1.,0.));
#2986 = ORIENTED_EDGE('',*,*,#2987,.F.);
#2987 = EDGE_CURVE('',#711,#2980,#2988,.T.);
#2988 = LINE('',#2989,#2990);
#2989 = CARTESIAN_POINT('',(-28.,-28.99999999998,0.));
#2990 = VECTOR('',#2991,1.);
#2991 = DIRECTION('',(-0.,-0.,-1.));
#2992 = ORIENTED_EDGE('',*,*,#708,.F.);
#2993 = PLANE('',#2994);
#2994 = AXIS2_PLACEMENT_3D('',#2995,#2996,#2997);
#2995 = CARTESIAN_POINT('',(-28.,-27.5,0.));
#2996 = DIRECTION('',(-1.,0.,0.));
#2997 = DIRECTION('',(0.,-1.,0.));
#2998 = ADVANCED_FACE('',(#2999),#3017,.F.);
#2999 = FACE_BOUND('',#3000,.F.);
#3000 = EDGE_LOOP('',(#3001,#3002,#3010,#3016));
#3001 = ORIENTED_EDGE('',*,*,#2987,.T.);
#3002 = ORIENTED_EDGE('',*,*,#3003,.T.);
#3003 = EDGE_CURVE('',#2980,#3004,#3006,.T.);
#3004 = VERTEX_POINT('',#3005);
#3005 = CARTESIAN_POINT('',(28.,-28.99999999998,-0.5));
#3006 = LINE('',#3007,#3008);
#3007 = CARTESIAN_POINT('',(-28.,-28.99999999998,-0.5));
#3008 = VECTOR('',#3009,1.);
#3009 = DIRECTION('',(1.,0.,0.));
#3010 = ORIENTED_EDGE('',*,*,#3011,.F.);
#3011 = EDGE_CURVE('',#727,#3004,#3012,.T.);
#3012 = LINE('',#3013,#3014);
#3013 = CARTESIAN_POINT('',(28.,-28.99999999998,0.));
#3014 = VECTOR('',#3015,1.);
#3015 = DIRECTION('',(-0.,-0.,-1.));
#3016 = ORIENTED_EDGE('',*,*,#734,.F.);
#3017 = PLANE('',#3018);
#3018 = AXIS2_PLACEMENT_3D('',#3019,#3020,#3021);
#3019 = CARTESIAN_POINT('',(-28.,-28.99999999998,0.));
#3020 = DIRECTION('',(0.,-1.,0.));
#3021 = DIRECTION('',(1.,0.,0.));
#3022 = ADVANCED_FACE('',(#3023),#3041,.F.);
#3023 = FACE_BOUND('',#3024,.F.);
#3024 = EDGE_LOOP('',(#3025,#3026,#3034,#3040));
#3025 = ORIENTED_EDGE('',*,*,#3011,.T.);
#3026 = ORIENTED_EDGE('',*,*,#3027,.T.);
#3027 = EDGE_CURVE('',#3004,#3028,#3030,.T.);
#3028 = VERTEX_POINT('',#3029);
#3029 = CARTESIAN_POINT('',(28.,-27.5,-0.5));
#3030 = LINE('',#3031,#3032);
#3031 = CARTESIAN_POINT('',(28.,-28.99999999998,-0.5));
#3032 = VECTOR('',#3033,1.);
#3033 = DIRECTION('',(0.,1.,0.));
#3034 = ORIENTED_EDGE('',*,*,#3035,.F.);
#3035 = EDGE_CURVE('',#719,#3028,#3036,.T.);
#3036 = LINE('',#3037,#3038);
#3037 = CARTESIAN_POINT('',(28.,-27.5,0.));
#3038 = VECTOR('',#3039,1.);
#3039 = DIRECTION('',(-0.,-0.,-1.));
#3040 = ORIENTED_EDGE('',*,*,#726,.F.);
#3041 = PLANE('',#3042);
#3042 = AXIS2_PLACEMENT_3D('',#3043,#3044,#3045);
#3043 = CARTESIAN_POINT('',(28.,-28.99999999998,0.));
#3044 = DIRECTION('',(1.,0.,0.));
#3045 = DIRECTION('',(0.,1.,0.));
#3046 = ADVANCED_FACE('',(#3047),#3058,.F.);
#3047 = FACE_BOUND('',#3048,.F.);
#3048 = EDGE_LOOP('',(#3049,#3050,#3056,#3057));
#3049 = ORIENTED_EDGE('',*,*,#3035,.T.);
#3050 = ORIENTED_EDGE('',*,*,#3051,.T.);
#3051 = EDGE_CURVE('',#3028,#2972,#3052,.T.);
#3052 = LINE('',#3053,#3054);
#3053 = CARTESIAN_POINT('',(28.,-27.5,-0.5));
#3054 = VECTOR('',#3055,1.);
#3055 = DIRECTION('',(-1.,0.,0.));
#3056 = ORIENTED_EDGE('',*,*,#2971,.F.);
#3057 = ORIENTED_EDGE('',*,*,#718,.F.);
#3058 = PLANE('',#3059);
#3059 = AXIS2_PLACEMENT_3D('',#3060,#3061,#3062);
#3060 = CARTESIAN_POINT('',(28.,-27.5,0.));
#3061 = DIRECTION('',(0.,1.,0.));
#3062 = DIRECTION('',(-1.,0.,0.));
#3063 = ADVANCED_FACE('',(#3064),#3089,.F.);
#3064 = FACE_BOUND('',#3065,.F.);
#3065 = EDGE_LOOP('',(#3066,#3074,#3082,#3088));
#3066 = ORIENTED_EDGE('',*,*,#3067,.T.);
#3067 = EDGE_CURVE('',#743,#3068,#3070,.T.);
#3068 = VERTEX_POINT('',#3069);
#3069 = CARTESIAN_POINT('',(-29.4,-24.5,-0.5));
#3070 = LINE('',#3071,#3072);
#3071 = CARTESIAN_POINT('',(-29.4,-24.5,0.));
#3072 = VECTOR('',#3073,1.);
#3073 = DIRECTION('',(-0.,-0.,-1.));
#3074 = ORIENTED_EDGE('',*,*,#3075,.T.);
#3075 = EDGE_CURVE('',#3068,#3076,#3078,.T.);
#3076 = VERTEX_POINT('',#3077);
#3077 = CARTESIAN_POINT('',(-29.4,-26.,-0.5));
#3078 = LINE('',#3079,#3080);
#3079 = CARTESIAN_POINT('',(-29.4,-24.5,-0.5));
#3080 = VECTOR('',#3081,1.);
#3081 = DIRECTION('',(0.,-1.,0.));
#3082 = ORIENTED_EDGE('',*,*,#3083,.F.);
#3083 = EDGE_CURVE('',#745,#3076,#3084,.T.);
#3084 = LINE('',#3085,#3086);
#3085 = CARTESIAN_POINT('',(-29.4,-26.,0.));
#3086 = VECTOR('',#3087,1.);
#3087 = DIRECTION('',(-0.,-0.,-1.));
#3088 = ORIENTED_EDGE('',*,*,#742,.F.);
#3089 = PLANE('',#3090);
#3090 = AXIS2_PLACEMENT_3D('',#3091,#3092,#3093);
#3091 = CARTESIAN_POINT('',(-29.4,-24.5,0.));
#3092 = DIRECTION('',(-1.,0.,0.));
#3093 = DIRECTION('',(0.,-1.,0.));
#3094 = ADVANCED_FACE('',(#3095),#3113,.F.);
#3095 = FACE_BOUND('',#3096,.F.);
#3096 = EDGE_LOOP('',(#3097,#3098,#3106,#3112));
#3097 = ORIENTED_EDGE('',*,*,#3083,.T.);
#3098 = ORIENTED_EDGE('',*,*,#3099,.T.);
#3099 = EDGE_CURVE('',#3076,#3100,#3102,.T.);
#3100 = VERTEX_POINT('',#3101);
#3101 = CARTESIAN_POINT('',(29.4,-26.,-0.5));
#3102 = LINE('',#3103,#3104);
#3103 = CARTESIAN_POINT('',(-29.4,-26.,-0.5));
#3104 = VECTOR('',#3105,1.);
#3105 = DIRECTION('',(1.,0.,0.));
#3106 = ORIENTED_EDGE('',*,*,#3107,.F.);
#3107 = EDGE_CURVE('',#761,#3100,#3108,.T.);
#3108 = LINE('',#3109,#3110);
#3109 = CARTESIAN_POINT('',(29.4,-26.,0.));
#3110 = VECTOR('',#3111,1.);
#3111 = DIRECTION('',(-0.,-0.,-1.));
#3112 = ORIENTED_EDGE('',*,*,#768,.F.);
#3113 = PLANE('',#3114);
#3114 = AXIS2_PLACEMENT_3D('',#3115,#3116,#3117);
#3115 = CARTESIAN_POINT('',(-29.4,-26.,0.));
#3116 = DIRECTION('',(0.,-1.,0.));
#3117 = DIRECTION('',(1.,0.,0.));
#3118 = ADVANCED_FACE('',(#3119),#3137,.F.);
#3119 = FACE_BOUND('',#3120,.F.);
#3120 = EDGE_LOOP('',(#3121,#3122,#3130,#3136));
#3121 = ORIENTED_EDGE('',*,*,#3107,.T.);
#3122 = ORIENTED_EDGE('',*,*,#3123,.T.);
#3123 = EDGE_CURVE('',#3100,#3124,#3126,.T.);
#3124 = VERTEX_POINT('',#3125);
#3125 = CARTESIAN_POINT('',(29.4,-24.5,-0.5));
#3126 = LINE('',#3127,#3128);
#3127 = CARTESIAN_POINT('',(29.4,-26.,-0.5));
#3128 = VECTOR('',#3129,1.);
#3129 = DIRECTION('',(0.,1.,0.));
#3130 = ORIENTED_EDGE('',*,*,#3131,.F.);
#3131 = EDGE_CURVE('',#753,#3124,#3132,.T.);
#3132 = LINE('',#3133,#3134);
#3133 = CARTESIAN_POINT('',(29.4,-24.5,0.));
#3134 = VECTOR('',#3135,1.);
#3135 = DIRECTION('',(-0.,-0.,-1.));
#3136 = ORIENTED_EDGE('',*,*,#760,.F.);
#3137 = PLANE('',#3138);
#3138 = AXIS2_PLACEMENT_3D('',#3139,#3140,#3141);
#3139 = CARTESIAN_POINT('',(29.4,-26.,0.));
#3140 = DIRECTION('',(1.,0.,0.));
#3141 = DIRECTION('',(0.,1.,0.));
#3142 = ADVANCED_FACE('',(#3143),#3154,.F.);
#3143 = FACE_BOUND('',#3144,.F.);
#3144 = EDGE_LOOP('',(#3145,#3146,#3152,#3153));
#3145 = ORIENTED_EDGE('',*,*,#3131,.T.);
#3146 = ORIENTED_EDGE('',*,*,#3147,.T.);
#3147 = EDGE_CURVE('',#3124,#3068,#3148,.T.);
#3148 = LINE('',#3149,#3150);
#3149 = CARTESIAN_POINT('',(29.4,-24.5,-0.5));
#3150 = VECTOR('',#3151,1.);
#3151 = DIRECTION('',(-1.,0.,0.));
#3152 = ORIENTED_EDGE('',*,*,#3067,.F.);
#3153 = ORIENTED_EDGE('',*,*,#752,.F.);
#3154 = PLANE('',#3155);
#3155 = AXIS2_PLACEMENT_3D('',#3156,#3157,#3158);
#3156 = CARTESIAN_POINT('',(29.4,-24.5,0.));
#3157 = DIRECTION('',(0.,1.,0.));
#3158 = DIRECTION('',(-1.,0.,0.));
#3159 = ADVANCED_FACE('',(#3160),#3185,.F.);
#3160 = FACE_BOUND('',#3161,.F.);
#3161 = EDGE_LOOP('',(#3162,#3170,#3178,#3184));
#3162 = ORIENTED_EDGE('',*,*,#3163,.T.);
#3163 = EDGE_CURVE('',#777,#3164,#3166,.T.);
#3164 = VERTEX_POINT('',#3165);
#3165 = CARTESIAN_POINT('',(-29.4,-21.5,-0.5));
#3166 = LINE('',#3167,#3168);
#3167 = CARTESIAN_POINT('',(-29.4,-21.5,0.));
#3168 = VECTOR('',#3169,1.);
#3169 = DIRECTION('',(-0.,-0.,-1.));
#3170 = ORIENTED_EDGE('',*,*,#3171,.T.);
#3171 = EDGE_CURVE('',#3164,#3172,#3174,.T.);
#3172 = VERTEX_POINT('',#3173);
#3173 = CARTESIAN_POINT('',(-29.4,-23.,-0.5));
#3174 = LINE('',#3175,#3176);
#3175 = CARTESIAN_POINT('',(-29.4,-21.5,-0.5));
#3176 = VECTOR('',#3177,1.);
#3177 = DIRECTION('',(0.,-1.,0.));
#3178 = ORIENTED_EDGE('',*,*,#3179,.F.);
#3179 = EDGE_CURVE('',#779,#3172,#3180,.T.);
#3180 = LINE('',#3181,#3182);
#3181 = CARTESIAN_POINT('',(-29.4,-23.,0.));
#3182 = VECTOR('',#3183,1.);
#3183 = DIRECTION('',(-0.,-0.,-1.));
#3184 = ORIENTED_EDGE('',*,*,#776,.F.);
#3185 = PLANE('',#3186);
#3186 = AXIS2_PLACEMENT_3D('',#3187,#3188,#3189);
#3187 = CARTESIAN_POINT('',(-29.4,-21.5,0.));
#3188 = DIRECTION('',(-1.,0.,0.));
#3189 = DIRECTION('',(0.,-1.,0.));
#3190 = ADVANCED_FACE('',(#3191),#3209,.F.);
#3191 = FACE_BOUND('',#3192,.F.);
#3192 = EDGE_LOOP('',(#3193,#3194,#3202,#3208));
#3193 = ORIENTED_EDGE('',*,*,#3179,.T.);
#3194 = ORIENTED_EDGE('',*,*,#3195,.T.);
#3195 = EDGE_CURVE('',#3172,#3196,#3198,.T.);
#3196 = VERTEX_POINT('',#3197);
#3197 = CARTESIAN_POINT('',(29.4,-23.,-0.5));
#3198 = LINE('',#3199,#3200);
#3199 = CARTESIAN_POINT('',(-29.4,-23.,-0.5));
#3200 = VECTOR('',#3201,1.);
#3201 = DIRECTION('',(1.,0.,0.));
#3202 = ORIENTED_EDGE('',*,*,#3203,.F.);
#3203 = EDGE_CURVE('',#795,#3196,#3204,.T.);
#3204 = LINE('',#3205,#3206);
#3205 = CARTESIAN_POINT('',(29.4,-23.,0.));
#3206 = VECTOR('',#3207,1.);
#3207 = DIRECTION('',(-0.,-0.,-1.));
#3208 = ORIENTED_EDGE('',*,*,#802,.F.);
#3209 = PLANE('',#3210);
#3210 = AXIS2_PLACEMENT_3D('',#3211,#3212,#3213);
#3211 = CARTESIAN_POINT('',(-29.4,-23.,0.));
#3212 = DIRECTION('',(0.,-1.,0.));
#3213 = DIRECTION('',(1.,0.,0.));
#3214 = ADVANCED_FACE('',(#3215),#3233,.F.);
#3215 = FACE_BOUND('',#3216,.F.);
#3216 = EDGE_LOOP('',(#3217,#3218,#3226,#3232));
#3217 = ORIENTED_EDGE('',*,*,#3203,.T.);
#3218 = ORIENTED_EDGE('',*,*,#3219,.T.);
#3219 = EDGE_CURVE('',#3196,#3220,#3222,.T.);
#3220 = VERTEX_POINT('',#3221);
#3221 = CARTESIAN_POINT('',(29.4,-21.5,-0.5));
#3222 = LINE('',#3223,#3224);
#3223 = CARTESIAN_POINT('',(29.4,-23.,-0.5));
#3224 = VECTOR('',#3225,1.);
#3225 = DIRECTION('',(0.,1.,0.));
#3226 = ORIENTED_EDGE('',*,*,#3227,.F.);
#3227 = EDGE_CURVE('',#787,#3220,#3228,.T.);
#3228 = LINE('',#3229,#3230);
#3229 = CARTESIAN_POINT('',(29.4,-21.5,0.));
#3230 = VECTOR('',#3231,1.);
#3231 = DIRECTION('',(-0.,-0.,-1.));
#3232 = ORIENTED_EDGE('',*,*,#794,.F.);
#3233 = PLANE('',#3234);
#3234 = AXIS2_PLACEMENT_3D('',#3235,#3236,#3237);
#3235 = CARTESIAN_POINT('',(29.4,-23.,0.));
#3236 = DIRECTION('',(1.,0.,0.));
#3237 = DIRECTION('',(0.,1.,0.));
#3238 = ADVANCED_FACE('',(#3239),#3250,.F.);
#3239 = FACE_BOUND('',#3240,.F.);
#3240 = EDGE_LOOP('',(#3241,#3242,#3248,#3249));
#3241 = ORIENTED_EDGE('',*,*,#3227,.T.);
#3242 = ORIENTED_EDGE('',*,*,#3243,.T.);
#3243 = EDGE_CURVE('',#3220,#3164,#3244,.T.);
#3244 = LINE('',#3245,#3246);
#3245 = CARTESIAN_POINT('',(29.4,-21.5,-0.5));
#3246 = VECTOR('',#3247,1.);
#3247 = DIRECTION('',(-1.,0.,0.));
#3248 = ORIENTED_EDGE('',*,*,#3163,.F.);
#3249 = ORIENTED_EDGE('',*,*,#786,.F.);
#3250 = PLANE('',#3251);
#3251 = AXIS2_PLACEMENT_3D('',#3252,#3253,#3254);
#3252 = CARTESIAN_POINT('',(29.4,-21.5,0.));
#3253 = DIRECTION('',(0.,1.,0.));
#3254 = DIRECTION('',(-1.,0.,0.));
#3255 = ADVANCED_FACE('',(#3256),#3281,.F.);
#3256 = FACE_BOUND('',#3257,.F.);
#3257 = EDGE_LOOP('',(#3258,#3266,#3274,#3280));
#3258 = ORIENTED_EDGE('',*,*,#3259,.T.);
#3259 = EDGE_CURVE('',#811,#3260,#3262,.T.);
#3260 = VERTEX_POINT('',#3261);
#3261 = CARTESIAN_POINT('',(29.4,-20.,-0.5));
#3262 = LINE('',#3263,#3264);
#3263 = CARTESIAN_POINT('',(29.4,-20.,0.));
#3264 = VECTOR('',#3265,1.);
#3265 = DIRECTION('',(-0.,-0.,-1.));
#3266 = ORIENTED_EDGE('',*,*,#3267,.T.);
#3267 = EDGE_CURVE('',#3260,#3268,#3270,.T.);
#3268 = VERTEX_POINT('',#3269);
#3269 = CARTESIAN_POINT('',(29.4,-18.5,-0.5));
#3270 = LINE('',#3271,#3272);
#3271 = CARTESIAN_POINT('',(29.4,-20.,-0.5));
#3272 = VECTOR('',#3273,1.);
#3273 = DIRECTION('',(0.,1.,0.));
#3274 = ORIENTED_EDGE('',*,*,#3275,.F.);
#3275 = EDGE_CURVE('',#813,#3268,#3276,.T.);
#3276 = LINE('',#3277,#3278);
#3277 = CARTESIAN_POINT('',(29.4,-18.5,0.));
#3278 = VECTOR('',#3279,1.);
#3279 = DIRECTION('',(-0.,-0.,-1.));
#3280 = ORIENTED_EDGE('',*,*,#810,.F.);
#3281 = PLANE('',#3282);
#3282 = AXIS2_PLACEMENT_3D('',#3283,#3284,#3285);
#3283 = CARTESIAN_POINT('',(29.4,-20.,0.));
#3284 = DIRECTION('',(1.,0.,0.));
#3285 = DIRECTION('',(0.,1.,0.));
#3286 = ADVANCED_FACE('',(#3287),#3305,.F.);
#3287 = FACE_BOUND('',#3288,.F.);
#3288 = EDGE_LOOP('',(#3289,#3290,#3298,#3304));
#3289 = ORIENTED_EDGE('',*,*,#3275,.T.);
#3290 = ORIENTED_EDGE('',*,*,#3291,.T.);
#3291 = EDGE_CURVE('',#3268,#3292,#3294,.T.);
#3292 = VERTEX_POINT('',#3293);
#3293 = CARTESIAN_POINT('',(-29.4,-18.5,-0.5));
#3294 = LINE('',#3295,#3296);
#3295 = CARTESIAN_POINT('',(29.4,-18.5,-0.5));
#3296 = VECTOR('',#3297,1.);
#3297 = DIRECTION('',(-1.,0.,0.));
#3298 = ORIENTED_EDGE('',*,*,#3299,.F.);
#3299 = EDGE_CURVE('',#829,#3292,#3300,.T.);
#3300 = LINE('',#3301,#3302);
#3301 = CARTESIAN_POINT('',(-29.4,-18.5,0.));
#3302 = VECTOR('',#3303,1.);
#3303 = DIRECTION('',(-0.,-0.,-1.));
#3304 = ORIENTED_EDGE('',*,*,#836,.F.);
#3305 = PLANE('',#3306);
#3306 = AXIS2_PLACEMENT_3D('',#3307,#3308,#3309);
#3307 = CARTESIAN_POINT('',(29.4,-18.5,0.));
#3308 = DIRECTION('',(0.,1.,0.));
#3309 = DIRECTION('',(-1.,0.,0.));
#3310 = ADVANCED_FACE('',(#3311),#3329,.F.);
#3311 = FACE_BOUND('',#3312,.F.);
#3312 = EDGE_LOOP('',(#3313,#3314,#3322,#3328));
#3313 = ORIENTED_EDGE('',*,*,#3299,.T.);
#3314 = ORIENTED_EDGE('',*,*,#3315,.T.);
#3315 = EDGE_CURVE('',#3292,#3316,#3318,.T.);
#3316 = VERTEX_POINT('',#3317);
#3317 = CARTESIAN_POINT('',(-29.4,-20.,-0.5));
#3318 = LINE('',#3319,#3320);
#3319 = CARTESIAN_POINT('',(-29.4,-18.5,-0.5));
#3320 = VECTOR('',#3321,1.);
#3321 = DIRECTION('',(0.,-1.,0.));
#3322 = ORIENTED_EDGE('',*,*,#3323,.F.);
#3323 = EDGE_CURVE('',#821,#3316,#3324,.T.);
#3324 = LINE('',#3325,#3326);
#3325 = CARTESIAN_POINT('',(-29.4,-20.,0.));
#3326 = VECTOR('',#3327,1.);
#3327 = DIRECTION('',(-0.,-0.,-1.));
#3328 = ORIENTED_EDGE('',*,*,#828,.F.);
#3329 = PLANE('',#3330);
#3330 = AXIS2_PLACEMENT_3D('',#3331,#3332,#3333);
#3331 = CARTESIAN_POINT('',(-29.4,-18.5,0.));
#3332 = DIRECTION('',(-1.,0.,0.));
#3333 = DIRECTION('',(0.,-1.,0.));
#3334 = ADVANCED_FACE('',(#3335),#3346,.F.);
#3335 = FACE_BOUND('',#3336,.F.);
#3336 = EDGE_LOOP('',(#3337,#3338,#3344,#3345));
#3337 = ORIENTED_EDGE('',*,*,#3323,.T.);
#3338 = ORIENTED_EDGE('',*,*,#3339,.T.);
#3339 = EDGE_CURVE('',#3316,#3260,#3340,.T.);
#3340 = LINE('',#3341,#3342);
#3341 = CARTESIAN_POINT('',(-29.4,-20.,-0.5));
#3342 = VECTOR('',#3343,1.);
#3343 = DIRECTION('',(1.,0.,0.));
#3344 = ORIENTED_EDGE('',*,*,#3259,.F.);
#3345 = ORIENTED_EDGE('',*,*,#820,.F.);
#3346 = PLANE('',#3347);
#3347 = AXIS2_PLACEMENT_3D('',#3348,#3349,#3350);
#3348 = CARTESIAN_POINT('',(-29.4,-20.,0.));
#3349 = DIRECTION('',(0.,-1.,0.));
#3350 = DIRECTION('',(1.,0.,0.));
#3351 = ADVANCED_FACE('',(#3352),#3377,.F.);
#3352 = FACE_BOUND('',#3353,.F.);
#3353 = EDGE_LOOP('',(#3354,#3362,#3370,#3376));
#3354 = ORIENTED_EDGE('',*,*,#3355,.T.);
#3355 = EDGE_CURVE('',#845,#3356,#3358,.T.);
#3356 = VERTEX_POINT('',#3357);
#3357 = CARTESIAN_POINT('',(-29.4,-15.5,-0.5));
#3358 = LINE('',#3359,#3360);
#3359 = CARTESIAN_POINT('',(-29.4,-15.5,0.));
#3360 = VECTOR('',#3361,1.);
#3361 = DIRECTION('',(-0.,-0.,-1.));
#3362 = ORIENTED_EDGE('',*,*,#3363,.T.);
#3363 = EDGE_CURVE('',#3356,#3364,#3366,.T.);
#3364 = VERTEX_POINT('',#3365);
#3365 = CARTESIAN_POINT('',(-29.4,-17.,-0.5));
#3366 = LINE('',#3367,#3368);
#3367 = CARTESIAN_POINT('',(-29.4,-15.5,-0.5));
#3368 = VECTOR('',#3369,1.);
#3369 = DIRECTION('',(0.,-1.,0.));
#3370 = ORIENTED_EDGE('',*,*,#3371,.F.);
#3371 = EDGE_CURVE('',#847,#3364,#3372,.T.);
#3372 = LINE('',#3373,#3374);
#3373 = CARTESIAN_POINT('',(-29.4,-17.,0.));
#3374 = VECTOR('',#3375,1.);
#3375 = DIRECTION('',(-0.,-0.,-1.));
#3376 = ORIENTED_EDGE('',*,*,#844,.F.);
#3377 = PLANE('',#3378);
#3378 = AXIS2_PLACEMENT_3D('',#3379,#3380,#3381);
#3379 = CARTESIAN_POINT('',(-29.4,-15.5,0.));
#3380 = DIRECTION('',(-1.,0.,0.));
#3381 = DIRECTION('',(0.,-1.,0.));
#3382 = ADVANCED_FACE('',(#3383),#3401,.F.);
#3383 = FACE_BOUND('',#3384,.F.);
#3384 = EDGE_LOOP('',(#3385,#3386,#3394,#3400));
#3385 = ORIENTED_EDGE('',*,*,#3371,.T.);
#3386 = ORIENTED_EDGE('',*,*,#3387,.T.);
#3387 = EDGE_CURVE('',#3364,#3388,#3390,.T.);
#3388 = VERTEX_POINT('',#3389);
#3389 = CARTESIAN_POINT('',(29.4,-17.,-0.5));
#3390 = LINE('',#3391,#3392);
#3391 = CARTESIAN_POINT('',(-29.4,-17.,-0.5));
#3392 = VECTOR('',#3393,1.);
#3393 = DIRECTION('',(1.,0.,0.));
#3394 = ORIENTED_EDGE('',*,*,#3395,.F.);
#3395 = EDGE_CURVE('',#863,#3388,#3396,.T.);
#3396 = LINE('',#3397,#3398);
#3397 = CARTESIAN_POINT('',(29.4,-17.,0.));
#3398 = VECTOR('',#3399,1.);
#3399 = DIRECTION('',(-0.,-0.,-1.));
#3400 = ORIENTED_EDGE('',*,*,#870,.F.);
#3401 = PLANE('',#3402);
#3402 = AXIS2_PLACEMENT_3D('',#3403,#3404,#3405);
#3403 = CARTESIAN_POINT('',(-29.4,-17.,0.));
#3404 = DIRECTION('',(0.,-1.,0.));
#3405 = DIRECTION('',(1.,0.,0.));
#3406 = ADVANCED_FACE('',(#3407),#3425,.F.);
#3407 = FACE_BOUND('',#3408,.F.);
#3408 = EDGE_LOOP('',(#3409,#3410,#3418,#3424));
#3409 = ORIENTED_EDGE('',*,*,#3395,.T.);
#3410 = ORIENTED_EDGE('',*,*,#3411,.T.);
#3411 = EDGE_CURVE('',#3388,#3412,#3414,.T.);
#3412 = VERTEX_POINT('',#3413);
#3413 = CARTESIAN_POINT('',(29.4,-15.5,-0.5));
#3414 = LINE('',#3415,#3416);
#3415 = CARTESIAN_POINT('',(29.4,-17.,-0.5));
#3416 = VECTOR('',#3417,1.);
#3417 = DIRECTION('',(0.,1.,0.));
#3418 = ORIENTED_EDGE('',*,*,#3419,.F.);
#3419 = EDGE_CURVE('',#855,#3412,#3420,.T.);
#3420 = LINE('',#3421,#3422);
#3421 = CARTESIAN_POINT('',(29.4,-15.5,0.));
#3422 = VECTOR('',#3423,1.);
#3423 = DIRECTION('',(-0.,-0.,-1.));
#3424 = ORIENTED_EDGE('',*,*,#862,.F.);
#3425 = PLANE('',#3426);
#3426 = AXIS2_PLACEMENT_3D('',#3427,#3428,#3429);
#3427 = CARTESIAN_POINT('',(29.4,-17.,0.));
#3428 = DIRECTION('',(1.,0.,0.));
#3429 = DIRECTION('',(0.,1.,0.));
#3430 = ADVANCED_FACE('',(#3431),#3442,.F.);
#3431 = FACE_BOUND('',#3432,.F.);
#3432 = EDGE_LOOP('',(#3433,#3434,#3440,#3441));
#3433 = ORIENTED_EDGE('',*,*,#3419,.T.);
#3434 = ORIENTED_EDGE('',*,*,#3435,.T.);
#3435 = EDGE_CURVE('',#3412,#3356,#3436,.T.);
#3436 = LINE('',#3437,#3438);
#3437 = CARTESIAN_POINT('',(29.4,-15.5,-0.5));
#3438 = VECTOR('',#3439,1.);
#3439 = DIRECTION('',(-1.,0.,0.));
#3440 = ORIENTED_EDGE('',*,*,#3355,.F.);
#3441 = ORIENTED_EDGE('',*,*,#854,.F.);
#3442 = PLANE('',#3443);
#3443 = AXIS2_PLACEMENT_3D('',#3444,#3445,#3446);
#3444 = CARTESIAN_POINT('',(29.4,-15.5,0.));
#3445 = DIRECTION('',(0.,1.,0.));
#3446 = DIRECTION('',(-1.,0.,0.));
#3447 = ADVANCED_FACE('',(#3448),#3473,.F.);
#3448 = FACE_BOUND('',#3449,.F.);
#3449 = EDGE_LOOP('',(#3450,#3458,#3466,#3472));
#3450 = ORIENTED_EDGE('',*,*,#3451,.T.);
#3451 = EDGE_CURVE('',#879,#3452,#3454,.T.);
#3452 = VERTEX_POINT('',#3453);
#3453 = CARTESIAN_POINT('',(29.4,-14.,-0.5));
#3454 = LINE('',#3455,#3456);
#3455 = CARTESIAN_POINT('',(29.4,-14.,0.));
#3456 = VECTOR('',#3457,1.);
#3457 = DIRECTION('',(-0.,-0.,-1.));
#3458 = ORIENTED_EDGE('',*,*,#3459,.T.);
#3459 = EDGE_CURVE('',#3452,#3460,#3462,.T.);
#3460 = VERTEX_POINT('',#3461);
#3461 = CARTESIAN_POINT('',(29.4,-12.5,-0.5));
#3462 = LINE('',#3463,#3464);
#3463 = CARTESIAN_POINT('',(29.4,-14.,-0.5));
#3464 = VECTOR('',#3465,1.);
#3465 = DIRECTION('',(0.,1.,0.));
#3466 = ORIENTED_EDGE('',*,*,#3467,.F.);
#3467 = EDGE_CURVE('',#881,#3460,#3468,.T.);
#3468 = LINE('',#3469,#3470);
#3469 = CARTESIAN_POINT('',(29.4,-12.5,0.));
#3470 = VECTOR('',#3471,1.);
#3471 = DIRECTION('',(-0.,-0.,-1.));
#3472 = ORIENTED_EDGE('',*,*,#878,.F.);
#3473 = PLANE('',#3474);
#3474 = AXIS2_PLACEMENT_3D('',#3475,#3476,#3477);
#3475 = CARTESIAN_POINT('',(29.4,-14.,0.));
#3476 = DIRECTION('',(1.,0.,0.));
#3477 = DIRECTION('',(0.,1.,0.));
#3478 = ADVANCED_FACE('',(#3479),#3497,.F.);
#3479 = FACE_BOUND('',#3480,.F.);
#3480 = EDGE_LOOP('',(#3481,#3482,#3490,#3496));
#3481 = ORIENTED_EDGE('',*,*,#3467,.T.);
#3482 = ORIENTED_EDGE('',*,*,#3483,.T.);
#3483 = EDGE_CURVE('',#3460,#3484,#3486,.T.);
#3484 = VERTEX_POINT('',#3485);
#3485 = CARTESIAN_POINT('',(-29.4,-12.5,-0.5));
#3486 = LINE('',#3487,#3488);
#3487 = CARTESIAN_POINT('',(29.4,-12.5,-0.5));
#3488 = VECTOR('',#3489,1.);
#3489 = DIRECTION('',(-1.,0.,0.));
#3490 = ORIENTED_EDGE('',*,*,#3491,.F.);
#3491 = EDGE_CURVE('',#897,#3484,#3492,.T.);
#3492 = LINE('',#3493,#3494);
#3493 = CARTESIAN_POINT('',(-29.4,-12.5,0.));
#3494 = VECTOR('',#3495,1.);
#3495 = DIRECTION('',(-0.,-0.,-1.));
#3496 = ORIENTED_EDGE('',*,*,#904,.F.);
#3497 = PLANE('',#3498);
#3498 = AXIS2_PLACEMENT_3D('',#3499,#3500,#3501);
#3499 = CARTESIAN_POINT('',(29.4,-12.5,0.));
#3500 = DIRECTION('',(0.,1.,0.));
#3501 = DIRECTION('',(-1.,0.,0.));
#3502 = ADVANCED_FACE('',(#3503),#3521,.F.);
#3503 = FACE_BOUND('',#3504,.F.);
#3504 = EDGE_LOOP('',(#3505,#3506,#3514,#3520));
#3505 = ORIENTED_EDGE('',*,*,#3491,.T.);
#3506 = ORIENTED_EDGE('',*,*,#3507,.T.);
#3507 = EDGE_CURVE('',#3484,#3508,#3510,.T.);
#3508 = VERTEX_POINT('',#3509);
#3509 = CARTESIAN_POINT('',(-29.4,-14.,-0.5));
#3510 = LINE('',#3511,#3512);
#3511 = CARTESIAN_POINT('',(-29.4,-12.5,-0.5));
#3512 = VECTOR('',#3513,1.);
#3513 = DIRECTION('',(0.,-1.,0.));
#3514 = ORIENTED_EDGE('',*,*,#3515,.F.);
#3515 = EDGE_CURVE('',#889,#3508,#3516,.T.);
#3516 = LINE('',#3517,#3518);
#3517 = CARTESIAN_POINT('',(-29.4,-14.,0.));
#3518 = VECTOR('',#3519,1.);
#3519 = DIRECTION('',(-0.,-0.,-1.));
#3520 = ORIENTED_EDGE('',*,*,#896,.F.);
#3521 = PLANE('',#3522);
#3522 = AXIS2_PLACEMENT_3D('',#3523,#3524,#3525);
#3523 = CARTESIAN_POINT('',(-29.4,-12.5,0.));
#3524 = DIRECTION('',(-1.,0.,0.));
#3525 = DIRECTION('',(0.,-1.,0.));
#3526 = ADVANCED_FACE('',(#3527),#3538,.F.);
#3527 = FACE_BOUND('',#3528,.F.);
#3528 = EDGE_LOOP('',(#3529,#3530,#3536,#3537));
#3529 = ORIENTED_EDGE('',*,*,#3515,.T.);
#3530 = ORIENTED_EDGE('',*,*,#3531,.T.);
#3531 = EDGE_CURVE('',#3508,#3452,#3532,.T.);
#3532 = LINE('',#3533,#3534);
#3533 = CARTESIAN_POINT('',(-29.4,-14.,-0.5));
#3534 = VECTOR('',#3535,1.);
#3535 = DIRECTION('',(1.,0.,0.));
#3536 = ORIENTED_EDGE('',*,*,#3451,.F.);
#3537 = ORIENTED_EDGE('',*,*,#888,.F.);
#3538 = PLANE('',#3539);
#3539 = AXIS2_PLACEMENT_3D('',#3540,#3541,#3542);
#3540 = CARTESIAN_POINT('',(-29.4,-14.,0.));
#3541 = DIRECTION('',(0.,-1.,0.));
#3542 = DIRECTION('',(1.,0.,0.));
#3543 = ADVANCED_FACE('',(#3544),#3569,.F.);
#3544 = FACE_BOUND('',#3545,.F.);
#3545 = EDGE_LOOP('',(#3546,#3554,#3562,#3568));
#3546 = ORIENTED_EDGE('',*,*,#3547,.T.);
#3547 = EDGE_CURVE('',#913,#3548,#3550,.T.);
#3548 = VERTEX_POINT('',#3549);
#3549 = CARTESIAN_POINT('',(-29.4,-9.5,-0.5));
#3550 = LINE('',#3551,#3552);
#3551 = CARTESIAN_POINT('',(-29.4,-9.5,0.));
#3552 = VECTOR('',#3553,1.);
#3553 = DIRECTION('',(-0.,-0.,-1.));
#3554 = ORIENTED_EDGE('',*,*,#3555,.T.);
#3555 = EDGE_CURVE('',#3548,#3556,#3558,.T.);
#3556 = VERTEX_POINT('',#3557);
#3557 = CARTESIAN_POINT('',(-29.4,-11.,-0.5));
#3558 = LINE('',#3559,#3560);
#3559 = CARTESIAN_POINT('',(-29.4,-9.5,-0.5));
#3560 = VECTOR('',#3561,1.);
#3561 = DIRECTION('',(0.,-1.,0.));
#3562 = ORIENTED_EDGE('',*,*,#3563,.F.);
#3563 = EDGE_CURVE('',#915,#3556,#3564,.T.);
#3564 = LINE('',#3565,#3566);
#3565 = CARTESIAN_POINT('',(-29.4,-11.,0.));
#3566 = VECTOR('',#3567,1.);
#3567 = DIRECTION('',(-0.,-0.,-1.));
#3568 = ORIENTED_EDGE('',*,*,#912,.F.);
#3569 = PLANE('',#3570);
#3570 = AXIS2_PLACEMENT_3D('',#3571,#3572,#3573);
#3571 = CARTESIAN_POINT('',(-29.4,-9.5,0.));
#3572 = DIRECTION('',(-1.,0.,0.));
#3573 = DIRECTION('',(0.,-1.,0.));
#3574 = ADVANCED_FACE('',(#3575),#3593,.F.);
#3575 = FACE_BOUND('',#3576,.F.);
#3576 = EDGE_LOOP('',(#3577,#3578,#3586,#3592));
#3577 = ORIENTED_EDGE('',*,*,#3563,.T.);
#3578 = ORIENTED_EDGE('',*,*,#3579,.T.);
#3579 = EDGE_CURVE('',#3556,#3580,#3582,.T.);
#3580 = VERTEX_POINT('',#3581);
#3581 = CARTESIAN_POINT('',(29.4,-11.,-0.5));
#3582 = LINE('',#3583,#3584);
#3583 = CARTESIAN_POINT('',(-29.4,-11.,-0.5));
#3584 = VECTOR('',#3585,1.);
#3585 = DIRECTION('',(1.,0.,0.));
#3586 = ORIENTED_EDGE('',*,*,#3587,.F.);
#3587 = EDGE_CURVE('',#931,#3580,#3588,.T.);
#3588 = LINE('',#3589,#3590);
#3589 = CARTESIAN_POINT('',(29.4,-11.,0.));
#3590 = VECTOR('',#3591,1.);
#3591 = DIRECTION('',(-0.,-0.,-1.));
#3592 = ORIENTED_EDGE('',*,*,#938,.F.);
#3593 = PLANE('',#3594);
#3594 = AXIS2_PLACEMENT_3D('',#3595,#3596,#3597);
#3595 = CARTESIAN_POINT('',(-29.4,-11.,0.));
#3596 = DIRECTION('',(0.,-1.,0.));
#3597 = DIRECTION('',(1.,0.,0.));
#3598 = ADVANCED_FACE('',(#3599),#3617,.F.);
#3599 = FACE_BOUND('',#3600,.F.);
#3600 = EDGE_LOOP('',(#3601,#3602,#3610,#3616));
#3601 = ORIENTED_EDGE('',*,*,#3587,.T.);
#3602 = ORIENTED_EDGE('',*,*,#3603,.T.);
#3603 = EDGE_CURVE('',#3580,#3604,#3606,.T.);
#3604 = VERTEX_POINT('',#3605);
#3605 = CARTESIAN_POINT('',(29.4,-9.5,-0.5));
#3606 = LINE('',#3607,#3608);
#3607 = CARTESIAN_POINT('',(29.4,-11.,-0.5));
#3608 = VECTOR('',#3609,1.);
#3609 = DIRECTION('',(0.,1.,0.));
#3610 = ORIENTED_EDGE('',*,*,#3611,.F.);
#3611 = EDGE_CURVE('',#923,#3604,#3612,.T.);
#3612 = LINE('',#3613,#3614);
#3613 = CARTESIAN_POINT('',(29.4,-9.5,0.));
#3614 = VECTOR('',#3615,1.);
#3615 = DIRECTION('',(-0.,-0.,-1.));
#3616 = ORIENTED_EDGE('',*,*,#930,.F.);
#3617 = PLANE('',#3618);
#3618 = AXIS2_PLACEMENT_3D('',#3619,#3620,#3621);
#3619 = CARTESIAN_POINT('',(29.4,-11.,0.));
#3620 = DIRECTION('',(1.,0.,0.));
#3621 = DIRECTION('',(0.,1.,0.));
#3622 = ADVANCED_FACE('',(#3623),#3634,.F.);
#3623 = FACE_BOUND('',#3624,.F.);
#3624 = EDGE_LOOP('',(#3625,#3626,#3632,#3633));
#3625 = ORIENTED_EDGE('',*,*,#3611,.T.);
#3626 = ORIENTED_EDGE('',*,*,#3627,.T.);
#3627 = EDGE_CURVE('',#3604,#3548,#3628,.T.);
#3628 = LINE('',#3629,#3630);
#3629 = CARTESIAN_POINT('',(29.4,-9.5,-0.5));
#3630 = VECTOR('',#3631,1.);
#3631 = DIRECTION('',(-1.,0.,0.));
#3632 = ORIENTED_EDGE('',*,*,#3547,.F.);
#3633 = ORIENTED_EDGE('',*,*,#922,.F.);
#3634 = PLANE('',#3635);
#3635 = AXIS2_PLACEMENT_3D('',#3636,#3637,#3638);
#3636 = CARTESIAN_POINT('',(29.4,-9.5,0.));
#3637 = DIRECTION('',(0.,1.,0.));
#3638 = DIRECTION('',(-1.,0.,0.));
#3639 = ADVANCED_FACE('',(#3640),#3665,.F.);
#3640 = FACE_BOUND('',#3641,.F.);
#3641 = EDGE_LOOP('',(#3642,#3650,#3658,#3664));
#3642 = ORIENTED_EDGE('',*,*,#3643,.T.);
#3643 = EDGE_CURVE('',#947,#3644,#3646,.T.);
#3644 = VERTEX_POINT('',#3645);
#3645 = CARTESIAN_POINT('',(-29.4,-6.5,-0.5));
#3646 = LINE('',#3647,#3648);
#3647 = CARTESIAN_POINT('',(-29.4,-6.5,0.));
#3648 = VECTOR('',#3649,1.);
#3649 = DIRECTION('',(-0.,-0.,-1.));
#3650 = ORIENTED_EDGE('',*,*,#3651,.T.);
#3651 = EDGE_CURVE('',#3644,#3652,#3654,.T.);
#3652 = VERTEX_POINT('',#3653);
#3653 = CARTESIAN_POINT('',(-29.4,-8.,-0.5));
#3654 = LINE('',#3655,#3656);
#3655 = CARTESIAN_POINT('',(-29.4,-6.5,-0.5));
#3656 = VECTOR('',#3657,1.);
#3657 = DIRECTION('',(0.,-1.,0.));
#3658 = ORIENTED_EDGE('',*,*,#3659,.F.);
#3659 = EDGE_CURVE('',#949,#3652,#3660,.T.);
#3660 = LINE('',#3661,#3662);
#3661 = CARTESIAN_POINT('',(-29.4,-8.,0.));
#3662 = VECTOR('',#3663,1.);
#3663 = DIRECTION('',(-0.,-0.,-1.));
#3664 = ORIENTED_EDGE('',*,*,#946,.F.);
#3665 = PLANE('',#3666);
#3666 = AXIS2_PLACEMENT_3D('',#3667,#3668,#3669);
#3667 = CARTESIAN_POINT('',(-29.4,-6.5,0.));
#3668 = DIRECTION('',(-1.,0.,0.));
#3669 = DIRECTION('',(0.,-1.,0.));
#3670 = ADVANCED_FACE('',(#3671),#3689,.F.);
#3671 = FACE_BOUND('',#3672,.F.);
#3672 = EDGE_LOOP('',(#3673,#3674,#3682,#3688));
#3673 = ORIENTED_EDGE('',*,*,#3659,.T.);
#3674 = ORIENTED_EDGE('',*,*,#3675,.T.);
#3675 = EDGE_CURVE('',#3652,#3676,#3678,.T.);
#3676 = VERTEX_POINT('',#3677);
#3677 = CARTESIAN_POINT('',(29.4,-8.,-0.5));
#3678 = LINE('',#3679,#3680);
#3679 = CARTESIAN_POINT('',(-29.4,-8.,-0.5));
#3680 = VECTOR('',#3681,1.);
#3681 = DIRECTION('',(1.,0.,0.));
#3682 = ORIENTED_EDGE('',*,*,#3683,.F.);
#3683 = EDGE_CURVE('',#965,#3676,#3684,.T.);
#3684 = LINE('',#3685,#3686);
#3685 = CARTESIAN_POINT('',(29.4,-8.,0.));
#3686 = VECTOR('',#3687,1.);
#3687 = DIRECTION('',(-0.,-0.,-1.));
#3688 = ORIENTED_EDGE('',*,*,#972,.F.);
#3689 = PLANE('',#3690);
#3690 = AXIS2_PLACEMENT_3D('',#3691,#3692,#3693);
#3691 = CARTESIAN_POINT('',(-29.4,-8.,0.));
#3692 = DIRECTION('',(0.,-1.,0.));
#3693 = DIRECTION('',(1.,0.,0.));
#3694 = ADVANCED_FACE('',(#3695),#3713,.F.);
#3695 = FACE_BOUND('',#3696,.F.);
#3696 = EDGE_LOOP('',(#3697,#3698,#3706,#3712));
#3697 = ORIENTED_EDGE('',*,*,#3683,.T.);
#3698 = ORIENTED_EDGE('',*,*,#3699,.T.);
#3699 = EDGE_CURVE('',#3676,#3700,#3702,.T.);
#3700 = VERTEX_POINT('',#3701);
#3701 = CARTESIAN_POINT('',(29.4,-6.5,-0.5));
#3702 = LINE('',#3703,#3704);
#3703 = CARTESIAN_POINT('',(29.4,-8.,-0.5));
#3704 = VECTOR('',#3705,1.);
#3705 = DIRECTION('',(0.,1.,0.));
#3706 = ORIENTED_EDGE('',*,*,#3707,.F.);
#3707 = EDGE_CURVE('',#957,#3700,#3708,.T.);
#3708 = LINE('',#3709,#3710);
#3709 = CARTESIAN_POINT('',(29.4,-6.5,0.));
#3710 = VECTOR('',#3711,1.);
#3711 = DIRECTION('',(-0.,-0.,-1.));
#3712 = ORIENTED_EDGE('',*,*,#964,.F.);
#3713 = PLANE('',#3714);
#3714 = AXIS2_PLACEMENT_3D('',#3715,#3716,#3717);
#3715 = CARTESIAN_POINT('',(29.4,-8.,0.));
#3716 = DIRECTION('',(1.,0.,0.));
#3717 = DIRECTION('',(0.,1.,0.));
#3718 = ADVANCED_FACE('',(#3719),#3730,.F.);
#3719 = FACE_BOUND('',#3720,.F.);
#3720 = EDGE_LOOP('',(#3721,#3722,#3728,#3729));
#3721 = ORIENTED_EDGE('',*,*,#3707,.T.);
#3722 = ORIENTED_EDGE('',*,*,#3723,.T.);
#3723 = EDGE_CURVE('',#3700,#3644,#3724,.T.);
#3724 = LINE('',#3725,#3726);
#3725 = CARTESIAN_POINT('',(29.4,-6.5,-0.5));
#3726 = VECTOR('',#3727,1.);
#3727 = DIRECTION('',(-1.,0.,0.));
#3728 = ORIENTED_EDGE('',*,*,#3643,.F.);
#3729 = ORIENTED_EDGE('',*,*,#956,.F.);
#3730 = PLANE('',#3731);
#3731 = AXIS2_PLACEMENT_3D('',#3732,#3733,#3734);
#3732 = CARTESIAN_POINT('',(29.4,-6.5,0.));
#3733 = DIRECTION('',(0.,1.,0.));
#3734 = DIRECTION('',(-1.,0.,0.));
#3735 = ADVANCED_FACE('',(#3736),#3761,.F.);
#3736 = FACE_BOUND('',#3737,.F.);
#3737 = EDGE_LOOP('',(#3738,#3746,#3754,#3760));
#3738 = ORIENTED_EDGE('',*,*,#3739,.T.);
#3739 = EDGE_CURVE('',#981,#3740,#3742,.T.);
#3740 = VERTEX_POINT('',#3741);
#3741 = CARTESIAN_POINT('',(-29.4,-3.5,-0.5));
#3742 = LINE('',#3743,#3744);
#3743 = CARTESIAN_POINT('',(-29.4,-3.5,0.));
#3744 = VECTOR('',#3745,1.);
#3745 = DIRECTION('',(-0.,-0.,-1.));
#3746 = ORIENTED_EDGE('',*,*,#3747,.T.);
#3747 = EDGE_CURVE('',#3740,#3748,#3750,.T.);
#3748 = VERTEX_POINT('',#3749);
#3749 = CARTESIAN_POINT('',(-29.4,-5.,-0.5));
#3750 = LINE('',#3751,#3752);
#3751 = CARTESIAN_POINT('',(-29.4,-3.5,-0.5));
#3752 = VECTOR('',#3753,1.);
#3753 = DIRECTION('',(0.,-1.,0.));
#3754 = ORIENTED_EDGE('',*,*,#3755,.F.);
#3755 = EDGE_CURVE('',#983,#3748,#3756,.T.);
#3756 = LINE('',#3757,#3758);
#3757 = CARTESIAN_POINT('',(-29.4,-5.,0.));
#3758 = VECTOR('',#3759,1.);
#3759 = DIRECTION('',(-0.,-0.,-1.));
#3760 = ORIENTED_EDGE('',*,*,#980,.F.);
#3761 = PLANE('',#3762);
#3762 = AXIS2_PLACEMENT_3D('',#3763,#3764,#3765);
#3763 = CARTESIAN_POINT('',(-29.4,-3.5,0.));
#3764 = DIRECTION('',(-1.,0.,0.));
#3765 = DIRECTION('',(0.,-1.,0.));
#3766 = ADVANCED_FACE('',(#3767),#3785,.F.);
#3767 = FACE_BOUND('',#3768,.F.);
#3768 = EDGE_LOOP('',(#3769,#3770,#3778,#3784));
#3769 = ORIENTED_EDGE('',*,*,#3755,.T.);
#3770 = ORIENTED_EDGE('',*,*,#3771,.T.);
#3771 = EDGE_CURVE('',#3748,#3772,#3774,.T.);
#3772 = VERTEX_POINT('',#3773);
#3773 = CARTESIAN_POINT('',(29.4,-5.,-0.5));
#3774 = LINE('',#3775,#3776);
#3775 = CARTESIAN_POINT('',(-29.4,-5.,-0.5));
#3776 = VECTOR('',#3777,1.);
#3777 = DIRECTION('',(1.,0.,0.));
#3778 = ORIENTED_EDGE('',*,*,#3779,.F.);
#3779 = EDGE_CURVE('',#999,#3772,#3780,.T.);
#3780 = LINE('',#3781,#3782);
#3781 = CARTESIAN_POINT('',(29.4,-5.,0.));
#3782 = VECTOR('',#3783,1.);
#3783 = DIRECTION('',(-0.,-0.,-1.));
#3784 = ORIENTED_EDGE('',*,*,#1006,.F.);
#3785 = PLANE('',#3786);
#3786 = AXIS2_PLACEMENT_3D('',#3787,#3788,#3789);
#3787 = CARTESIAN_POINT('',(-29.4,-5.,0.));
#3788 = DIRECTION('',(0.,-1.,0.));
#3789 = DIRECTION('',(1.,0.,0.));
#3790 = ADVANCED_FACE('',(#3791),#3809,.F.);
#3791 = FACE_BOUND('',#3792,.F.);
#3792 = EDGE_LOOP('',(#3793,#3794,#3802,#3808));
#3793 = ORIENTED_EDGE('',*,*,#3779,.T.);
#3794 = ORIENTED_EDGE('',*,*,#3795,.T.);
#3795 = EDGE_CURVE('',#3772,#3796,#3798,.T.);
#3796 = VERTEX_POINT('',#3797);
#3797 = CARTESIAN_POINT('',(29.4,-3.5,-0.5));
#3798 = LINE('',#3799,#3800);
#3799 = CARTESIAN_POINT('',(29.4,-5.,-0.5));
#3800 = VECTOR('',#3801,1.);
#3801 = DIRECTION('',(0.,1.,0.));
#3802 = ORIENTED_EDGE('',*,*,#3803,.F.);
#3803 = EDGE_CURVE('',#991,#3796,#3804,.T.);
#3804 = LINE('',#3805,#3806);
#3805 = CARTESIAN_POINT('',(29.4,-3.5,0.));
#3806 = VECTOR('',#3807,1.);
#3807 = DIRECTION('',(-0.,-0.,-1.));
#3808 = ORIENTED_EDGE('',*,*,#998,.F.);
#3809 = PLANE('',#3810);
#3810 = AXIS2_PLACEMENT_3D('',#3811,#3812,#3813);
#3811 = CARTESIAN_POINT('',(29.4,-5.,0.));
#3812 = DIRECTION('',(1.,0.,0.));
#3813 = DIRECTION('',(0.,1.,0.));
#3814 = ADVANCED_FACE('',(#3815),#3826,.F.);
#3815 = FACE_BOUND('',#3816,.F.);
#3816 = EDGE_LOOP('',(#3817,#3818,#3824,#3825));
#3817 = ORIENTED_EDGE('',*,*,#3803,.T.);
#3818 = ORIENTED_EDGE('',*,*,#3819,.T.);
#3819 = EDGE_CURVE('',#3796,#3740,#3820,.T.);
#3820 = LINE('',#3821,#3822);
#3821 = CARTESIAN_POINT('',(29.4,-3.5,-0.5));
#3822 = VECTOR('',#3823,1.);
#3823 = DIRECTION('',(-1.,0.,0.));
#3824 = ORIENTED_EDGE('',*,*,#3739,.F.);
#3825 = ORIENTED_EDGE('',*,*,#990,.F.);
#3826 = PLANE('',#3827);
#3827 = AXIS2_PLACEMENT_3D('',#3828,#3829,#3830);
#3828 = CARTESIAN_POINT('',(29.4,-3.5,0.));
#3829 = DIRECTION('',(0.,1.,0.));
#3830 = DIRECTION('',(-1.,0.,0.));
#3831 = ADVANCED_FACE('',(#3832),#3857,.F.);
#3832 = FACE_BOUND('',#3833,.F.);
#3833 = EDGE_LOOP('',(#3834,#3842,#3850,#3856));
#3834 = ORIENTED_EDGE('',*,*,#3835,.T.);
#3835 = EDGE_CURVE('',#1015,#3836,#3838,.T.);
#3836 = VERTEX_POINT('',#3837);
#3837 = CARTESIAN_POINT('',(-30.75,-1.5,-2.2));
#3838 = LINE('',#3839,#3840);
#3839 = CARTESIAN_POINT('',(-30.75,-1.5,0.));
#3840 = VECTOR('',#3841,1.);
#3841 = DIRECTION('',(-0.,-0.,-1.));
#3842 = ORIENTED_EDGE('',*,*,#3843,.T.);
#3843 = EDGE_CURVE('',#3836,#3844,#3846,.T.);
#3844 = VERTEX_POINT('',#3845);
#3845 = CARTESIAN_POINT('',(-30.75,-26.3,-2.2));
#3846 = LINE('',#3847,#3848);
#3847 = CARTESIAN_POINT('',(-30.75,-1.5,-2.2));
#3848 = VECTOR('',#3849,1.);
#3849 = DIRECTION('',(0.,-1.,0.));
#3850 = ORIENTED_EDGE('',*,*,#3851,.F.);
#3851 = EDGE_CURVE('',#1017,#3844,#3852,.T.);
#3852 = LINE('',#3853,#3854);
#3853 = CARTESIAN_POINT('',(-30.75,-26.3,0.));
#3854 = VECTOR('',#3855,1.);
#3855 = DIRECTION('',(-0.,-0.,-1.));
#3856 = ORIENTED_EDGE('',*,*,#1014,.F.);
#3857 = PLANE('',#3858);
#3858 = AXIS2_PLACEMENT_3D('',#3859,#3860,#3861);
#3859 = CARTESIAN_POINT('',(-30.75,-1.5,0.));
#3860 = DIRECTION('',(-1.,0.,0.));
#3861 = DIRECTION('',(0.,-1.,0.));
#3862 = ADVANCED_FACE('',(#3863),#3904,.T.);
#3863 = FACE_BOUND('',#3864,.T.);
#3864 = EDGE_LOOP('',(#3865,#3873,#3881,#3887,#3888,#3889,#3897,#3903));
#3865 = ORIENTED_EDGE('',*,*,#3866,.T.);
#3866 = EDGE_CURVE('',#1067,#3867,#3869,.T.);
#3867 = VERTEX_POINT('',#3868);
#3868 = CARTESIAN_POINT('',(30.4,-1.5,-1.));
#3869 = LINE('',#3870,#3871);
#3870 = CARTESIAN_POINT('',(30.4,-1.5,0.));
#3871 = VECTOR('',#3872,1.);
#3872 = DIRECTION('',(-0.,-0.,-1.));
#3873 = ORIENTED_EDGE('',*,*,#3874,.T.);
#3874 = EDGE_CURVE('',#3867,#3875,#3877,.T.);
#3875 = VERTEX_POINT('',#3876);
#3876 = CARTESIAN_POINT('',(-30.4,-1.5,-1.));
#3877 = LINE('',#3878,#3879);
#3878 = CARTESIAN_POINT('',(30.4,-1.5,-1.));
#3879 = VECTOR('',#3880,1.);
#3880 = DIRECTION('',(-1.,0.,0.));
#3881 = ORIENTED_EDGE('',*,*,#3882,.F.);
#3882 = EDGE_CURVE('',#1025,#3875,#3883,.T.);
#3883 = LINE('',#3884,#3885);
#3884 = CARTESIAN_POINT('',(-30.4,-1.5,0.));
#3885 = VECTOR('',#3886,1.);
#3886 = DIRECTION('',(-0.,-0.,-1.));
#3887 = ORIENTED_EDGE('',*,*,#1024,.F.);
#3888 = ORIENTED_EDGE('',*,*,#3835,.T.);
#3889 = ORIENTED_EDGE('',*,*,#3890,.T.);
#3890 = EDGE_CURVE('',#3836,#3891,#3893,.T.);
#3891 = VERTEX_POINT('',#3892);
#3892 = CARTESIAN_POINT('',(30.75,-1.5,-2.2));
#3893 = LINE('',#3894,#3895);
#3894 = CARTESIAN_POINT('',(30.4,-1.5,-2.2));
#3895 = VECTOR('',#3896,1.);
#3896 = DIRECTION('',(1.,0.,0.));
#3897 = ORIENTED_EDGE('',*,*,#3898,.F.);
#3898 = EDGE_CURVE('',#1075,#3891,#3899,.T.);
#3899 = LINE('',#3900,#3901);
#3900 = CARTESIAN_POINT('',(30.75,-1.5,0.));
#3901 = VECTOR('',#3902,1.);
#3902 = DIRECTION('',(-0.,-0.,-1.));
#3903 = ORIENTED_EDGE('',*,*,#1074,.F.);
#3904 = PLANE('',#3905);
#3905 = AXIS2_PLACEMENT_3D('',#3906,#3907,#3908);
#3906 = CARTESIAN_POINT('',(8.046E-14,-1.5,-1.560587326121));
#3907 = DIRECTION('',(-0.,-1.,-3.73E-15));
#3908 = DIRECTION('',(0.,3.73E-15,-1.));
#3909 = ADVANCED_FACE('',(#3910),#3929,.F.);
#3910 = FACE_BOUND('',#3911,.F.);
#3911 = EDGE_LOOP('',(#3912,#3913,#3922,#3928));
#3912 = ORIENTED_EDGE('',*,*,#3851,.T.);
#3913 = ORIENTED_EDGE('',*,*,#3914,.T.);
#3914 = EDGE_CURVE('',#3844,#3915,#3917,.T.);
#3915 = VERTEX_POINT('',#3916);
#3916 = CARTESIAN_POINT('',(-19.55,-37.5,-2.2));
#3917 = CIRCLE('',#3918,11.2);
#3918 = AXIS2_PLACEMENT_3D('',#3919,#3920,#3921);
#3919 = CARTESIAN_POINT('',(-19.55,-26.3,-2.2));
#3920 = DIRECTION('',(0.,0.,1.));
#3921 = DIRECTION('',(1.,0.,0.));
#3922 = ORIENTED_EDGE('',*,*,#3923,.F.);
#3923 = EDGE_CURVE('',#1100,#3915,#3924,.T.);
#3924 = LINE('',#3925,#3926);
#3925 = CARTESIAN_POINT('',(-19.55,-37.5,0.));
#3926 = VECTOR('',#3927,1.);
#3927 = DIRECTION('',(-0.,-0.,-1.));
#3928 = ORIENTED_EDGE('',*,*,#1107,.F.);
#3929 = CYLINDRICAL_SURFACE('',#3930,11.2);
#3930 = AXIS2_PLACEMENT_3D('',#3931,#3932,#3933);
#3931 = CARTESIAN_POINT('',(-19.55,-26.3,0.));
#3932 = DIRECTION('',(0.,0.,1.));
#3933 = DIRECTION('',(1.,0.,0.));
#3934 = ADVANCED_FACE('',(#3935),#3969,.T.);
#3935 = FACE_BOUND('',#3936,.T.);
#3936 = EDGE_LOOP('',(#3937,#3938,#3939,#3947,#3955,#3963));
#3937 = ORIENTED_EDGE('',*,*,#1032,.F.);
#3938 = ORIENTED_EDGE('',*,*,#3882,.T.);
#3939 = ORIENTED_EDGE('',*,*,#3940,.T.);
#3940 = EDGE_CURVE('',#3875,#3941,#3943,.T.);
#3941 = VERTEX_POINT('',#3942);
#3942 = CARTESIAN_POINT('',(-30.4,-2.5,-1.));
#3943 = LINE('',#3944,#3945);
#3944 = CARTESIAN_POINT('',(-30.4,-1.5,-1.));
#3945 = VECTOR('',#3946,1.);
#3946 = DIRECTION('',(0.,-1.,0.));
#3947 = ORIENTED_EDGE('',*,*,#3948,.F.);
#3948 = EDGE_CURVE('',#3949,#3941,#3951,.T.);
#3949 = VERTEX_POINT('',#3950);
#3950 = CARTESIAN_POINT('',(-30.4,-2.5,-2.2));
#3951 = LINE('',#3952,#3953);
#3952 = CARTESIAN_POINT('',(-30.4,-2.5,-2.2));
#3953 = VECTOR('',#3954,1.);
#3954 = DIRECTION('',(0.,0.,1.));
#3955 = ORIENTED_EDGE('',*,*,#3956,.T.);
#3956 = EDGE_CURVE('',#3949,#3957,#3959,.T.);
#3957 = VERTEX_POINT('',#3958);
#3958 = CARTESIAN_POINT('',(-30.4,-26.3,-2.2));
#3959 = LINE('',#3960,#3961);
#3960 = CARTESIAN_POINT('',(-30.4,-1.5,-2.2));
#3961 = VECTOR('',#3962,1.);
#3962 = DIRECTION('',(0.,-1.,0.));
#3963 = ORIENTED_EDGE('',*,*,#3964,.F.);
#3964 = EDGE_CURVE('',#1033,#3957,#3965,.T.);
#3965 = LINE('',#3966,#3967);
#3966 = CARTESIAN_POINT('',(-30.4,-26.3,0.));
#3967 = VECTOR('',#3968,1.);
#3968 = DIRECTION('',(-0.,-0.,-1.));
#3969 = PLANE('',#3970);
#3970 = AXIS2_PLACEMENT_3D('',#3971,#3972,#3973);
#3971 = CARTESIAN_POINT('',(-30.4,-1.5,0.));
#3972 = DIRECTION('',(-1.,0.,0.));
#3973 = DIRECTION('',(0.,-1.,0.));
#3974 = ADVANCED_FACE('',(#3975),#3993,.F.);
#3975 = FACE_BOUND('',#3976,.F.);
#3976 = EDGE_LOOP('',(#3977,#3978,#3986,#3992));
#3977 = ORIENTED_EDGE('',*,*,#3923,.T.);
#3978 = ORIENTED_EDGE('',*,*,#3979,.T.);
#3979 = EDGE_CURVE('',#3915,#3980,#3982,.T.);
#3980 = VERTEX_POINT('',#3981);
#3981 = CARTESIAN_POINT('',(19.55,-37.5,-2.2));
#3982 = LINE('',#3983,#3984);
#3983 = CARTESIAN_POINT('',(-19.55,-37.5,-2.2));
#3984 = VECTOR('',#3985,1.);
#3985 = DIRECTION('',(1.,0.,0.));
#3986 = ORIENTED_EDGE('',*,*,#3987,.F.);
#3987 = EDGE_CURVE('',#1091,#3980,#3988,.T.);
#3988 = LINE('',#3989,#3990);
#3989 = CARTESIAN_POINT('',(19.55,-37.5,0.));
#3990 = VECTOR('',#3991,1.);
#3991 = DIRECTION('',(-0.,-0.,-1.));
#3992 = ORIENTED_EDGE('',*,*,#1099,.F.);
#3993 = PLANE('',#3994);
#3994 = AXIS2_PLACEMENT_3D('',#3995,#3996,#3997);
#3995 = CARTESIAN_POINT('',(-19.55,-37.5,0.));
#3996 = DIRECTION('',(0.,-1.,0.));
#3997 = DIRECTION('',(1.,0.,0.));
#3998 = ADVANCED_FACE('',(#3999),#4018,.T.);
#3999 = FACE_BOUND('',#4000,.T.);
#4000 = EDGE_LOOP('',(#4001,#4002,#4011,#4017));
#4001 = ORIENTED_EDGE('',*,*,#3964,.T.);
#4002 = ORIENTED_EDGE('',*,*,#4003,.T.);
#4003 = EDGE_CURVE('',#3957,#4004,#4006,.T.);
#4004 = VERTEX_POINT('',#4005);
#4005 = CARTESIAN_POINT('',(-19.55,-37.15,-2.2));
#4006 = CIRCLE('',#4007,10.85);
#4007 = AXIS2_PLACEMENT_3D('',#4008,#4009,#4010);
#4008 = CARTESIAN_POINT('',(-19.55,-26.3,-2.2));
#4009 = DIRECTION('',(0.,0.,1.));
#4010 = DIRECTION('',(1.,0.,0.));
#4011 = ORIENTED_EDGE('',*,*,#4012,.F.);
#4012 = EDGE_CURVE('',#1041,#4004,#4013,.T.);
#4013 = LINE('',#4014,#4015);
#4014 = CARTESIAN_POINT('',(-19.55,-37.15,0.));
#4015 = VECTOR('',#4016,1.);
#4016 = DIRECTION('',(-0.,-0.,-1.));
#4017 = ORIENTED_EDGE('',*,*,#1040,.F.);
#4018 = CYLINDRICAL_SURFACE('',#4019,10.85);
#4019 = AXIS2_PLACEMENT_3D('',#4020,#4021,#4022);
#4020 = CARTESIAN_POINT('',(-19.55,-26.3,0.));
#4021 = DIRECTION('',(0.,0.,1.));
#4022 = DIRECTION('',(1.,0.,0.));
#4023 = ADVANCED_FACE('',(#4024),#4043,.F.);
#4024 = FACE_BOUND('',#4025,.F.);
#4025 = EDGE_LOOP('',(#4026,#4027,#4036,#4042));
#4026 = ORIENTED_EDGE('',*,*,#3987,.T.);
#4027 = ORIENTED_EDGE('',*,*,#4028,.T.);
#4028 = EDGE_CURVE('',#3980,#4029,#4031,.T.);
#4029 = VERTEX_POINT('',#4030);
#4030 = CARTESIAN_POINT('',(30.75,-26.3,-2.2));
#4031 = CIRCLE('',#4032,11.2);
#4032 = AXIS2_PLACEMENT_3D('',#4033,#4034,#4035);
#4033 = CARTESIAN_POINT('',(19.55,-26.3,-2.2));
#4034 = DIRECTION('',(0.,0.,1.));
#4035 = DIRECTION('',(1.,0.,0.));
#4036 = ORIENTED_EDGE('',*,*,#4037,.F.);
#4037 = EDGE_CURVE('',#1083,#4029,#4038,.T.);
#4038 = LINE('',#4039,#4040);
#4039 = CARTESIAN_POINT('',(30.75,-26.3,0.));
#4040 = VECTOR('',#4041,1.);
#4041 = DIRECTION('',(-0.,-0.,-1.));
#4042 = ORIENTED_EDGE('',*,*,#1090,.F.);
#4043 = CYLINDRICAL_SURFACE('',#4044,11.2);
#4044 = AXIS2_PLACEMENT_3D('',#4045,#4046,#4047);
#4045 = CARTESIAN_POINT('',(19.55,-26.3,0.));
#4046 = DIRECTION('',(0.,0.,1.));
#4047 = DIRECTION('',(1.,0.,0.));
#4048 = ADVANCED_FACE('',(#4049),#4067,.T.);
#4049 = FACE_BOUND('',#4050,.T.);
#4050 = EDGE_LOOP('',(#4051,#4052,#4060,#4066));
#4051 = ORIENTED_EDGE('',*,*,#4012,.T.);
#4052 = ORIENTED_EDGE('',*,*,#4053,.T.);
#4053 = EDGE_CURVE('',#4004,#4054,#4056,.T.);
#4054 = VERTEX_POINT('',#4055);
#4055 = CARTESIAN_POINT('',(19.55,-37.15,-2.2));
#4056 = LINE('',#4057,#4058);
#4057 = CARTESIAN_POINT('',(-19.55,-37.15,-2.2));
#4058 = VECTOR('',#4059,1.);
#4059 = DIRECTION('',(1.,2.91E-15,0.));
#4060 = ORIENTED_EDGE('',*,*,#4061,.F.);
#4061 = EDGE_CURVE('',#1050,#4054,#4062,.T.);
#4062 = LINE('',#4063,#4064);
#4063 = CARTESIAN_POINT('',(19.55,-37.15,0.));
#4064 = VECTOR('',#4065,1.);
#4065 = DIRECTION('',(-0.,-0.,-1.));
#4066 = ORIENTED_EDGE('',*,*,#1049,.F.);
#4067 = PLANE('',#4068);
#4068 = AXIS2_PLACEMENT_3D('',#4069,#4070,#4071);
#4069 = CARTESIAN_POINT('',(-19.55,-37.15,0.));
#4070 = DIRECTION('',(2.91E-15,-1.,0.));
#4071 = DIRECTION('',(1.,2.91E-15,0.));
#4072 = ADVANCED_FACE('',(#4073),#4084,.F.);
#4073 = FACE_BOUND('',#4074,.F.);
#4074 = EDGE_LOOP('',(#4075,#4076,#4082,#4083));
#4075 = ORIENTED_EDGE('',*,*,#4037,.T.);
#4076 = ORIENTED_EDGE('',*,*,#4077,.T.);
#4077 = EDGE_CURVE('',#4029,#3891,#4078,.T.);
#4078 = LINE('',#4079,#4080);
#4079 = CARTESIAN_POINT('',(30.75,-26.3,-2.2));
#4080 = VECTOR('',#4081,1.);
#4081 = DIRECTION('',(0.,1.,0.));
#4082 = ORIENTED_EDGE('',*,*,#3898,.F.);
#4083 = ORIENTED_EDGE('',*,*,#1082,.F.);
#4084 = PLANE('',#4085);
#4085 = AXIS2_PLACEMENT_3D('',#4086,#4087,#4088);
#4086 = CARTESIAN_POINT('',(30.75,-26.3,0.));
#4087 = DIRECTION('',(1.,0.,0.));
#4088 = DIRECTION('',(0.,1.,0.));
#4089 = ADVANCED_FACE('',(#4090),#4109,.T.);
#4090 = FACE_BOUND('',#4091,.T.);
#4091 = EDGE_LOOP('',(#4092,#4093,#4102,#4108));
#4092 = ORIENTED_EDGE('',*,*,#4061,.T.);
#4093 = ORIENTED_EDGE('',*,*,#4094,.T.);
#4094 = EDGE_CURVE('',#4054,#4095,#4097,.T.);
#4095 = VERTEX_POINT('',#4096);
#4096 = CARTESIAN_POINT('',(30.4,-26.3,-2.2));
#4097 = CIRCLE('',#4098,10.85);
#4098 = AXIS2_PLACEMENT_3D('',#4099,#4100,#4101);
#4099 = CARTESIAN_POINT('',(19.55,-26.3,-2.2));
#4100 = DIRECTION('',(0.,0.,1.));
#4101 = DIRECTION('',(1.,0.,0.));
#4102 = ORIENTED_EDGE('',*,*,#4103,.F.);
#4103 = EDGE_CURVE('',#1058,#4095,#4104,.T.);
#4104 = LINE('',#4105,#4106);
#4105 = CARTESIAN_POINT('',(30.4,-26.3,0.));
#4106 = VECTOR('',#4107,1.);
#4107 = DIRECTION('',(-0.,-0.,-1.));
#4108 = ORIENTED_EDGE('',*,*,#1057,.F.);
#4109 = CYLINDRICAL_SURFACE('',#4110,10.85);
#4110 = AXIS2_PLACEMENT_3D('',#4111,#4112,#4113);
#4111 = CARTESIAN_POINT('',(19.55,-26.3,0.));
#4112 = DIRECTION('',(0.,0.,1.));
#4113 = DIRECTION('',(1.,0.,0.));
#4114 = ADVANCED_FACE('',(#4115),#4142,.T.);
#4115 = FACE_BOUND('',#4116,.T.);
#4116 = EDGE_LOOP('',(#4117,#4118,#4119,#4127,#4135,#4141));
#4117 = ORIENTED_EDGE('',*,*,#1066,.F.);
#4118 = ORIENTED_EDGE('',*,*,#4103,.T.);
#4119 = ORIENTED_EDGE('',*,*,#4120,.T.);
#4120 = EDGE_CURVE('',#4095,#4121,#4123,.T.);
#4121 = VERTEX_POINT('',#4122);
#4122 = CARTESIAN_POINT('',(30.4,-2.5,-2.2));
#4123 = LINE('',#4124,#4125);
#4124 = CARTESIAN_POINT('',(30.4,-26.3,-2.2));
#4125 = VECTOR('',#4126,1.);
#4126 = DIRECTION('',(0.,1.,0.));
#4127 = ORIENTED_EDGE('',*,*,#4128,.T.);
#4128 = EDGE_CURVE('',#4121,#4129,#4131,.T.);
#4129 = VERTEX_POINT('',#4130);
#4130 = CARTESIAN_POINT('',(30.4,-2.5,-1.));
#4131 = LINE('',#4132,#4133);
#4132 = CARTESIAN_POINT('',(30.4,-2.5,-2.2));
#4133 = VECTOR('',#4134,1.);
#4134 = DIRECTION('',(0.,0.,1.));
#4135 = ORIENTED_EDGE('',*,*,#4136,.T.);
#4136 = EDGE_CURVE('',#4129,#3867,#4137,.T.);
#4137 = LINE('',#4138,#4139);
#4138 = CARTESIAN_POINT('',(30.4,-2.5,-1.));
#4139 = VECTOR('',#4140,1.);
#4140 = DIRECTION('',(0.,1.,0.));
#4141 = ORIENTED_EDGE('',*,*,#3866,.F.);
#4142 = PLANE('',#4143);
#4143 = AXIS2_PLACEMENT_3D('',#4144,#4145,#4146);
#4144 = CARTESIAN_POINT('',(30.4,-26.3,0.));
#4145 = DIRECTION('',(1.,0.,0.));
#4146 = DIRECTION('',(0.,1.,0.));
#4147 = ADVANCED_FACE('',(#4148),#4173,.F.);
#4148 = FACE_BOUND('',#4149,.F.);
#4149 = EDGE_LOOP('',(#4150,#4158,#4166,#4172));
#4150 = ORIENTED_EDGE('',*,*,#4151,.T.);
#4151 = EDGE_CURVE('',#1117,#4152,#4154,.T.);
#4152 = VERTEX_POINT('',#4153);
#4153 = CARTESIAN_POINT('',(-14.,43.1,-1.1));
#4154 = LINE('',#4155,#4156);
#4155 = CARTESIAN_POINT('',(-14.,43.1,0.));
#4156 = VECTOR('',#4157,1.);
#4157 = DIRECTION('',(-0.,-0.,-1.));
#4158 = ORIENTED_EDGE('',*,*,#4159,.T.);
#4159 = EDGE_CURVE('',#4152,#4160,#4162,.T.);
#4160 = VERTEX_POINT('',#4161);
#4161 = CARTESIAN_POINT('',(-14.,39.9,-1.1));
#4162 = LINE('',#4163,#4164);
#4163 = CARTESIAN_POINT('',(-14.,43.1,-1.1));
#4164 = VECTOR('',#4165,1.);
#4165 = DIRECTION('',(0.,-1.,0.));
#4166 = ORIENTED_EDGE('',*,*,#4167,.F.);
#4167 = EDGE_CURVE('',#1119,#4160,#4168,.T.);
#4168 = LINE('',#4169,#4170);
#4169 = CARTESIAN_POINT('',(-14.,39.9,0.));
#4170 = VECTOR('',#4171,1.);
#4171 = DIRECTION('',(-0.,-0.,-1.));
#4172 = ORIENTED_EDGE('',*,*,#1116,.F.);
#4173 = PLANE('',#4174);
#4174 = AXIS2_PLACEMENT_3D('',#4175,#4176,#4177);
#4175 = CARTESIAN_POINT('',(-14.,43.1,0.));
#4176 = DIRECTION('',(-1.,0.,0.));
#4177 = DIRECTION('',(0.,-1.,0.));
#4178 = ADVANCED_FACE('',(#4179),#4198,.F.);
#4179 = FACE_BOUND('',#4180,.F.);
#4180 = EDGE_LOOP('',(#4181,#4189,#4196,#4197));
#4181 = ORIENTED_EDGE('',*,*,#4182,.T.);
#4182 = EDGE_CURVE('',#1127,#4183,#4185,.T.);
#4183 = VERTEX_POINT('',#4184);
#4184 = CARTESIAN_POINT('',(-13.6,43.5,-1.1));
#4185 = LINE('',#4186,#4187);
#4186 = CARTESIAN_POINT('',(-13.6,43.5,0.));
#4187 = VECTOR('',#4188,1.);
#4188 = DIRECTION('',(-0.,-0.,-1.));
#4189 = ORIENTED_EDGE('',*,*,#4190,.T.);
#4190 = EDGE_CURVE('',#4183,#4152,#4191,.T.);
#4191 = CIRCLE('',#4192,0.4);
#4192 = AXIS2_PLACEMENT_3D('',#4193,#4194,#4195);
#4193 = CARTESIAN_POINT('',(-13.6,43.1,-1.1));
#4194 = DIRECTION('',(0.,0.,1.));
#4195 = DIRECTION('',(1.,0.,0.));
#4196 = ORIENTED_EDGE('',*,*,#4151,.F.);
#4197 = ORIENTED_EDGE('',*,*,#1126,.F.);
#4198 = CYLINDRICAL_SURFACE('',#4199,0.4);
#4199 = AXIS2_PLACEMENT_3D('',#4200,#4201,#4202);
#4200 = CARTESIAN_POINT('',(-13.6,43.1,0.));
#4201 = DIRECTION('',(0.,0.,1.));
#4202 = DIRECTION('',(1.,0.,0.));
#4203 = ADVANCED_FACE('',(#4204),#4223,.F.);
#4204 = FACE_BOUND('',#4205,.F.);
#4205 = EDGE_LOOP('',(#4206,#4207,#4216,#4222));
#4206 = ORIENTED_EDGE('',*,*,#4167,.T.);
#4207 = ORIENTED_EDGE('',*,*,#4208,.T.);
#4208 = EDGE_CURVE('',#4160,#4209,#4211,.T.);
#4209 = VERTEX_POINT('',#4210);
#4210 = CARTESIAN_POINT('',(-13.6,39.5,-1.1));
#4211 = CIRCLE('',#4212,0.4);
#4212 = AXIS2_PLACEMENT_3D('',#4213,#4214,#4215);
#4213 = CARTESIAN_POINT('',(-13.6,39.9,-1.1));
#4214 = DIRECTION('',(0.,0.,1.));
#4215 = DIRECTION('',(1.,0.,0.));
#4216 = ORIENTED_EDGE('',*,*,#4217,.F.);
#4217 = EDGE_CURVE('',#1170,#4209,#4218,.T.);
#4218 = LINE('',#4219,#4220);
#4219 = CARTESIAN_POINT('',(-13.6,39.5,0.));
#4220 = VECTOR('',#4221,1.);
#4221 = DIRECTION('',(-0.,-0.,-1.));
#4222 = ORIENTED_EDGE('',*,*,#1177,.F.);
#4223 = CYLINDRICAL_SURFACE('',#4224,0.4);
#4224 = AXIS2_PLACEMENT_3D('',#4225,#4226,#4227);
#4225 = CARTESIAN_POINT('',(-13.6,39.9,0.));
#4226 = DIRECTION('',(0.,0.,1.));
#4227 = DIRECTION('',(1.,0.,0.));
#4228 = ADVANCED_FACE('',(#4229),#4247,.F.);
#4229 = FACE_BOUND('',#4230,.F.);
#4230 = EDGE_LOOP('',(#4231,#4239,#4245,#4246));
#4231 = ORIENTED_EDGE('',*,*,#4232,.T.);
#4232 = EDGE_CURVE('',#1136,#4233,#4235,.T.);
#4233 = VERTEX_POINT('',#4234);
#4234 = CARTESIAN_POINT('',(-13.2,43.5,-1.1));
#4235 = LINE('',#4236,#4237);
#4236 = CARTESIAN_POINT('',(-13.2,43.5,0.));
#4237 = VECTOR('',#4238,1.);
#4238 = DIRECTION('',(-0.,-0.,-1.));
#4239 = ORIENTED_EDGE('',*,*,#4240,.T.);
#4240 = EDGE_CURVE('',#4233,#4183,#4241,.T.);
#4241 = LINE('',#4242,#4243);
#4242 = CARTESIAN_POINT('',(-13.2,43.5,-1.1));
#4243 = VECTOR('',#4244,1.);
#4244 = DIRECTION('',(-1.,0.,0.));
#4245 = ORIENTED_EDGE('',*,*,#4182,.F.);
#4246 = ORIENTED_EDGE('',*,*,#1135,.F.);
#4247 = PLANE('',#4248);
#4248 = AXIS2_PLACEMENT_3D('',#4249,#4250,#4251);
#4249 = CARTESIAN_POINT('',(-13.2,43.5,0.));
#4250 = DIRECTION('',(0.,1.,0.));
#4251 = DIRECTION('',(-1.,0.,0.));
#4252 = ADVANCED_FACE('',(#4253),#4271,.F.);
#4253 = FACE_BOUND('',#4254,.F.);
#4254 = EDGE_LOOP('',(#4255,#4256,#4264,#4270));
#4255 = ORIENTED_EDGE('',*,*,#4217,.T.);
#4256 = ORIENTED_EDGE('',*,*,#4257,.T.);
#4257 = EDGE_CURVE('',#4209,#4258,#4260,.T.);
#4258 = VERTEX_POINT('',#4259);
#4259 = CARTESIAN_POINT('',(-13.2,39.5,-1.1));
#4260 = LINE('',#4261,#4262);
#4261 = CARTESIAN_POINT('',(-13.6,39.5,-1.1));
#4262 = VECTOR('',#4263,1.);
#4263 = DIRECTION('',(1.,0.,0.));
#4264 = ORIENTED_EDGE('',*,*,#4265,.F.);
#4265 = EDGE_CURVE('',#1161,#4258,#4266,.T.);
#4266 = LINE('',#4267,#4268);
#4267 = CARTESIAN_POINT('',(-13.2,39.5,0.));
#4268 = VECTOR('',#4269,1.);
#4269 = DIRECTION('',(-0.,-0.,-1.));
#4270 = ORIENTED_EDGE('',*,*,#1169,.F.);
#4271 = PLANE('',#4272);
#4272 = AXIS2_PLACEMENT_3D('',#4273,#4274,#4275);
#4273 = CARTESIAN_POINT('',(-13.6,39.5,0.));
#4274 = DIRECTION('',(0.,-1.,0.));
#4275 = DIRECTION('',(1.,0.,0.));
#4276 = ADVANCED_FACE('',(#4277),#4296,.F.);
#4277 = FACE_BOUND('',#4278,.F.);
#4278 = EDGE_LOOP('',(#4279,#4287,#4294,#4295));
#4279 = ORIENTED_EDGE('',*,*,#4280,.T.);
#4280 = EDGE_CURVE('',#1144,#4281,#4283,.T.);
#4281 = VERTEX_POINT('',#4282);
#4282 = CARTESIAN_POINT('',(-12.8,43.1,-1.1));
#4283 = LINE('',#4284,#4285);
#4284 = CARTESIAN_POINT('',(-12.8,43.1,0.));
#4285 = VECTOR('',#4286,1.);
#4286 = DIRECTION('',(-0.,-0.,-1.));
#4287 = ORIENTED_EDGE('',*,*,#4288,.T.);
#4288 = EDGE_CURVE('',#4281,#4233,#4289,.T.);
#4289 = CIRCLE('',#4290,0.4);
#4290 = AXIS2_PLACEMENT_3D('',#4291,#4292,#4293);
#4291 = CARTESIAN_POINT('',(-13.2,43.1,-1.1));
#4292 = DIRECTION('',(0.,0.,1.));
#4293 = DIRECTION('',(1.,0.,0.));
#4294 = ORIENTED_EDGE('',*,*,#4232,.F.);
#4295 = ORIENTED_EDGE('',*,*,#1143,.F.);
#4296 = CYLINDRICAL_SURFACE('',#4297,0.4);
#4297 = AXIS2_PLACEMENT_3D('',#4298,#4299,#4300);
#4298 = CARTESIAN_POINT('',(-13.2,43.1,0.));
#4299 = DIRECTION('',(0.,0.,1.));
#4300 = DIRECTION('',(1.,0.,0.));
#4301 = ADVANCED_FACE('',(#4302),#4321,.F.);
#4302 = FACE_BOUND('',#4303,.F.);
#4303 = EDGE_LOOP('',(#4304,#4305,#4314,#4320));
#4304 = ORIENTED_EDGE('',*,*,#4265,.T.);
#4305 = ORIENTED_EDGE('',*,*,#4306,.T.);
#4306 = EDGE_CURVE('',#4258,#4307,#4309,.T.);
#4307 = VERTEX_POINT('',#4308);
#4308 = CARTESIAN_POINT('',(-12.8,39.9,-1.1));
#4309 = CIRCLE('',#4310,0.4);
#4310 = AXIS2_PLACEMENT_3D('',#4311,#4312,#4313);
#4311 = CARTESIAN_POINT('',(-13.2,39.9,-1.1));
#4312 = DIRECTION('',(0.,0.,1.));
#4313 = DIRECTION('',(1.,0.,0.));
#4314 = ORIENTED_EDGE('',*,*,#4315,.F.);
#4315 = EDGE_CURVE('',#1153,#4307,#4316,.T.);
#4316 = LINE('',#4317,#4318);
#4317 = CARTESIAN_POINT('',(-12.8,39.9,0.));
#4318 = VECTOR('',#4319,1.);
#4319 = DIRECTION('',(-0.,-0.,-1.));
#4320 = ORIENTED_EDGE('',*,*,#1160,.F.);
#4321 = CYLINDRICAL_SURFACE('',#4322,0.4);
#4322 = AXIS2_PLACEMENT_3D('',#4323,#4324,#4325);
#4323 = CARTESIAN_POINT('',(-13.2,39.9,0.));
#4324 = DIRECTION('',(0.,0.,1.));
#4325 = DIRECTION('',(1.,0.,0.));
#4326 = ADVANCED_FACE('',(#4327),#4338,.F.);
#4327 = FACE_BOUND('',#4328,.F.);
#4328 = EDGE_LOOP('',(#4329,#4330,#4336,#4337));
#4329 = ORIENTED_EDGE('',*,*,#4315,.T.);
#4330 = ORIENTED_EDGE('',*,*,#4331,.T.);
#4331 = EDGE_CURVE('',#4307,#4281,#4332,.T.);
#4332 = LINE('',#4333,#4334);
#4333 = CARTESIAN_POINT('',(-12.8,39.9,-1.1));
#4334 = VECTOR('',#4335,1.);
#4335 = DIRECTION('',(0.,1.,0.));
#4336 = ORIENTED_EDGE('',*,*,#4280,.F.);
#4337 = ORIENTED_EDGE('',*,*,#1152,.F.);
#4338 = PLANE('',#4339);
#4339 = AXIS2_PLACEMENT_3D('',#4340,#4341,#4342);
#4340 = CARTESIAN_POINT('',(-12.8,39.9,0.));
#4341 = DIRECTION('',(1.,0.,0.));
#4342 = DIRECTION('',(0.,1.,0.));
#4343 = ADVANCED_FACE('',(#4344),#4369,.F.);
#4344 = FACE_BOUND('',#4345,.F.);
#4345 = EDGE_LOOP('',(#4346,#4354,#4362,#4368));
#4346 = ORIENTED_EDGE('',*,*,#4347,.T.);
#4347 = EDGE_CURVE('',#1187,#4348,#4350,.T.);
#4348 = VERTEX_POINT('',#4349);
#4349 = CARTESIAN_POINT('',(-10.8,45.,-1.1));
#4350 = LINE('',#4351,#4352);
#4351 = CARTESIAN_POINT('',(-10.8,45.,0.));
#4352 = VECTOR('',#4353,1.);
#4353 = DIRECTION('',(-0.,-0.,-1.));
#4354 = ORIENTED_EDGE('',*,*,#4355,.T.);
#4355 = EDGE_CURVE('',#4348,#4356,#4358,.T.);
#4356 = VERTEX_POINT('',#4357);
#4357 = CARTESIAN_POINT('',(-10.8,40.,-1.1));
#4358 = LINE('',#4359,#4360);
#4359 = CARTESIAN_POINT('',(-10.8,45.,-1.1));
#4360 = VECTOR('',#4361,1.);
#4361 = DIRECTION('',(0.,-1.,0.));
#4362 = ORIENTED_EDGE('',*,*,#4363,.F.);
#4363 = EDGE_CURVE('',#1189,#4356,#4364,.T.);
#4364 = LINE('',#4365,#4366);
#4365 = CARTESIAN_POINT('',(-10.8,40.,0.));
#4366 = VECTOR('',#4367,1.);
#4367 = DIRECTION('',(-0.,-0.,-1.));
#4368 = ORIENTED_EDGE('',*,*,#1186,.F.);
#4369 = PLANE('',#4370);
#4370 = AXIS2_PLACEMENT_3D('',#4371,#4372,#4373);
#4371 = CARTESIAN_POINT('',(-10.8,45.,0.));
#4372 = DIRECTION('',(-1.,0.,0.));
#4373 = DIRECTION('',(0.,-1.,0.));
#4374 = ADVANCED_FACE('',(#4375),#4394,.F.);
#4375 = FACE_BOUND('',#4376,.F.);
#4376 = EDGE_LOOP('',(#4377,#4385,#4392,#4393));
#4377 = ORIENTED_EDGE('',*,*,#4378,.T.);
#4378 = EDGE_CURVE('',#1197,#4379,#4381,.T.);
#4379 = VERTEX_POINT('',#4380);
#4380 = CARTESIAN_POINT('',(-10.3,45.5,-1.1));
#4381 = LINE('',#4382,#4383);
#4382 = CARTESIAN_POINT('',(-10.3,45.5,0.));
#4383 = VECTOR('',#4384,1.);
#4384 = DIRECTION('',(-0.,-0.,-1.));
#4385 = ORIENTED_EDGE('',*,*,#4386,.T.);
#4386 = EDGE_CURVE('',#4379,#4348,#4387,.T.);
#4387 = CIRCLE('',#4388,0.5);
#4388 = AXIS2_PLACEMENT_3D('',#4389,#4390,#4391);
#4389 = CARTESIAN_POINT('',(-10.3,45.,-1.1));
#4390 = DIRECTION('',(0.,0.,1.));
#4391 = DIRECTION('',(1.,0.,0.));
#4392 = ORIENTED_EDGE('',*,*,#4347,.F.);
#4393 = ORIENTED_EDGE('',*,*,#1196,.F.);
#4394 = CYLINDRICAL_SURFACE('',#4395,0.5);
#4395 = AXIS2_PLACEMENT_3D('',#4396,#4397,#4398);
#4396 = CARTESIAN_POINT('',(-10.3,45.,0.));
#4397 = DIRECTION('',(0.,0.,1.));
#4398 = DIRECTION('',(1.,0.,0.));
#4399 = ADVANCED_FACE('',(#4400),#4419,.F.);
#4400 = FACE_BOUND('',#4401,.F.);
#4401 = EDGE_LOOP('',(#4402,#4403,#4412,#4418));
#4402 = ORIENTED_EDGE('',*,*,#4363,.T.);
#4403 = ORIENTED_EDGE('',*,*,#4404,.T.);
#4404 = EDGE_CURVE('',#4356,#4405,#4407,.T.);
#4405 = VERTEX_POINT('',#4406);
#4406 = CARTESIAN_POINT('',(-10.3,39.5,-1.1));
#4407 = CIRCLE('',#4408,0.5);
#4408 = AXIS2_PLACEMENT_3D('',#4409,#4410,#4411);
#4409 = CARTESIAN_POINT('',(-10.3,40.,-1.1));
#4410 = DIRECTION('',(0.,0.,1.));
#4411 = DIRECTION('',(1.,0.,0.));
#4412 = ORIENTED_EDGE('',*,*,#4413,.F.);
#4413 = EDGE_CURVE('',#1240,#4405,#4414,.T.);
#4414 = LINE('',#4415,#4416);
#4415 = CARTESIAN_POINT('',(-10.3,39.5,0.));
#4416 = VECTOR('',#4417,1.);
#4417 = DIRECTION('',(-0.,-0.,-1.));
#4418 = ORIENTED_EDGE('',*,*,#1247,.F.);
#4419 = CYLINDRICAL_SURFACE('',#4420,0.5);
#4420 = AXIS2_PLACEMENT_3D('',#4421,#4422,#4423);
#4421 = CARTESIAN_POINT('',(-10.3,40.,0.));
#4422 = DIRECTION('',(0.,0.,1.));
#4423 = DIRECTION('',(1.,0.,0.));
#4424 = ADVANCED_FACE('',(#4425),#4443,.F.);
#4425 = FACE_BOUND('',#4426,.F.);
#4426 = EDGE_LOOP('',(#4427,#4435,#4441,#4442));
#4427 = ORIENTED_EDGE('',*,*,#4428,.T.);
#4428 = EDGE_CURVE('',#1206,#4429,#4431,.T.);
#4429 = VERTEX_POINT('',#4430);
#4430 = CARTESIAN_POINT('',(-9.9,45.5,-1.1));
#4431 = LINE('',#4432,#4433);
#4432 = CARTESIAN_POINT('',(-9.9,45.5,0.));
#4433 = VECTOR('',#4434,1.);
#4434 = DIRECTION('',(-0.,-0.,-1.));
#4435 = ORIENTED_EDGE('',*,*,#4436,.T.);
#4436 = EDGE_CURVE('',#4429,#4379,#4437,.T.);
#4437 = LINE('',#4438,#4439);
#4438 = CARTESIAN_POINT('',(-9.9,45.5,-1.1));
#4439 = VECTOR('',#4440,1.);
#4440 = DIRECTION('',(-1.,0.,0.));
#4441 = ORIENTED_EDGE('',*,*,#4378,.F.);
#4442 = ORIENTED_EDGE('',*,*,#1205,.F.);
#4443 = PLANE('',#4444);
#4444 = AXIS2_PLACEMENT_3D('',#4445,#4446,#4447);
#4445 = CARTESIAN_POINT('',(-9.9,45.5,0.));
#4446 = DIRECTION('',(0.,1.,0.));
#4447 = DIRECTION('',(-1.,0.,0.));
#4448 = ADVANCED_FACE('',(#4449),#4467,.F.);
#4449 = FACE_BOUND('',#4450,.F.);
#4450 = EDGE_LOOP('',(#4451,#4452,#4460,#4466));
#4451 = ORIENTED_EDGE('',*,*,#4413,.T.);
#4452 = ORIENTED_EDGE('',*,*,#4453,.T.);
#4453 = EDGE_CURVE('',#4405,#4454,#4456,.T.);
#4454 = VERTEX_POINT('',#4455);
#4455 = CARTESIAN_POINT('',(-9.9,39.5,-1.1));
#4456 = LINE('',#4457,#4458);
#4457 = CARTESIAN_POINT('',(-10.3,39.5,-1.1));
#4458 = VECTOR('',#4459,1.);
#4459 = DIRECTION('',(1.,0.,0.));
#4460 = ORIENTED_EDGE('',*,*,#4461,.F.);
#4461 = EDGE_CURVE('',#1231,#4454,#4462,.T.);
#4462 = LINE('',#4463,#4464);
#4463 = CARTESIAN_POINT('',(-9.9,39.5,0.));
#4464 = VECTOR('',#4465,1.);
#4465 = DIRECTION('',(-0.,-0.,-1.));
#4466 = ORIENTED_EDGE('',*,*,#1239,.F.);
#4467 = PLANE('',#4468);
#4468 = AXIS2_PLACEMENT_3D('',#4469,#4470,#4471);
#4469 = CARTESIAN_POINT('',(-10.3,39.5,0.));
#4470 = DIRECTION('',(0.,-1.,0.));
#4471 = DIRECTION('',(1.,0.,0.));
#4472 = ADVANCED_FACE('',(#4473),#4492,.F.);
#4473 = FACE_BOUND('',#4474,.F.);
#4474 = EDGE_LOOP('',(#4475,#4483,#4490,#4491));
#4475 = ORIENTED_EDGE('',*,*,#4476,.T.);
#4476 = EDGE_CURVE('',#1214,#4477,#4479,.T.);
#4477 = VERTEX_POINT('',#4478);
#4478 = CARTESIAN_POINT('',(-9.4,45.,-1.1));
#4479 = LINE('',#4480,#4481);
#4480 = CARTESIAN_POINT('',(-9.4,45.,0.));
#4481 = VECTOR('',#4482,1.);
#4482 = DIRECTION('',(-0.,-0.,-1.));
#4483 = ORIENTED_EDGE('',*,*,#4484,.T.);
#4484 = EDGE_CURVE('',#4477,#4429,#4485,.T.);
#4485 = CIRCLE('',#4486,0.5);
#4486 = AXIS2_PLACEMENT_3D('',#4487,#4488,#4489);
#4487 = CARTESIAN_POINT('',(-9.9,45.,-1.1));
#4488 = DIRECTION('',(0.,0.,1.));
#4489 = DIRECTION('',(1.,0.,0.));
#4490 = ORIENTED_EDGE('',*,*,#4428,.F.);
#4491 = ORIENTED_EDGE('',*,*,#1213,.F.);
#4492 = CYLINDRICAL_SURFACE('',#4493,0.5);
#4493 = AXIS2_PLACEMENT_3D('',#4494,#4495,#4496);
#4494 = CARTESIAN_POINT('',(-9.9,45.,0.));
#4495 = DIRECTION('',(0.,0.,1.));
#4496 = DIRECTION('',(1.,0.,0.));
#4497 = ADVANCED_FACE('',(#4498),#4517,.F.);
#4498 = FACE_BOUND('',#4499,.F.);
#4499 = EDGE_LOOP('',(#4500,#4501,#4510,#4516));
#4500 = ORIENTED_EDGE('',*,*,#4461,.T.);
#4501 = ORIENTED_EDGE('',*,*,#4502,.T.);
#4502 = EDGE_CURVE('',#4454,#4503,#4505,.T.);
#4503 = VERTEX_POINT('',#4504);
#4504 = CARTESIAN_POINT('',(-9.4,40.,-1.1));
#4505 = CIRCLE('',#4506,0.5);
#4506 = AXIS2_PLACEMENT_3D('',#4507,#4508,#4509);
#4507 = CARTESIAN_POINT('',(-9.9,40.,-1.1));
#4508 = DIRECTION('',(0.,0.,1.));
#4509 = DIRECTION('',(1.,0.,0.));
#4510 = ORIENTED_EDGE('',*,*,#4511,.F.);
#4511 = EDGE_CURVE('',#1223,#4503,#4512,.T.);
#4512 = LINE('',#4513,#4514);
#4513 = CARTESIAN_POINT('',(-9.4,40.,0.));
#4514 = VECTOR('',#4515,1.);
#4515 = DIRECTION('',(-0.,-0.,-1.));
#4516 = ORIENTED_EDGE('',*,*,#1230,.F.);
#4517 = CYLINDRICAL_SURFACE('',#4518,0.5);
#4518 = AXIS2_PLACEMENT_3D('',#4519,#4520,#4521);
#4519 = CARTESIAN_POINT('',(-9.9,40.,0.));
#4520 = DIRECTION('',(0.,0.,1.));
#4521 = DIRECTION('',(1.,0.,0.));
#4522 = ADVANCED_FACE('',(#4523),#4534,.F.);
#4523 = FACE_BOUND('',#4524,.F.);
#4524 = EDGE_LOOP('',(#4525,#4526,#4532,#4533));
#4525 = ORIENTED_EDGE('',*,*,#4511,.T.);
#4526 = ORIENTED_EDGE('',*,*,#4527,.T.);
#4527 = EDGE_CURVE('',#4503,#4477,#4528,.T.);
#4528 = LINE('',#4529,#4530);
#4529 = CARTESIAN_POINT('',(-9.4,40.,-1.1));
#4530 = VECTOR('',#4531,1.);
#4531 = DIRECTION('',(0.,1.,0.));
#4532 = ORIENTED_EDGE('',*,*,#4476,.F.);
#4533 = ORIENTED_EDGE('',*,*,#1222,.F.);
#4534 = PLANE('',#4535);
#4535 = AXIS2_PLACEMENT_3D('',#4536,#4537,#4538);
#4536 = CARTESIAN_POINT('',(-9.4,40.,0.));
#4537 = DIRECTION('',(1.,0.,0.));
#4538 = DIRECTION('',(0.,1.,0.));
#4539 = ADVANCED_FACE('',(#4540),#4565,.F.);
#4540 = FACE_BOUND('',#4541,.F.);
#4541 = EDGE_LOOP('',(#4542,#4550,#4558,#4564));
#4542 = ORIENTED_EDGE('',*,*,#4543,.T.);
#4543 = EDGE_CURVE('',#1257,#4544,#4546,.T.);
#4544 = VERTEX_POINT('',#4545);
#4545 = CARTESIAN_POINT('',(-7.4,46.,-1.1));
#4546 = LINE('',#4547,#4548);
#4547 = CARTESIAN_POINT('',(-7.4,46.,0.));
#4548 = VECTOR('',#4549,1.);
#4549 = DIRECTION('',(-0.,-0.,-1.));
#4550 = ORIENTED_EDGE('',*,*,#4551,.T.);
#4551 = EDGE_CURVE('',#4544,#4552,#4554,.T.);
#4552 = VERTEX_POINT('',#4553);
#4553 = CARTESIAN_POINT('',(-7.4,39.,-1.1));
#4554 = LINE('',#4555,#4556);
#4555 = CARTESIAN_POINT('',(-7.4,46.,-1.1));
#4556 = VECTOR('',#4557,1.);
#4557 = DIRECTION('',(0.,-1.,0.));
#4558 = ORIENTED_EDGE('',*,*,#4559,.F.);
#4559 = EDGE_CURVE('',#1259,#4552,#4560,.T.);
#4560 = LINE('',#4561,#4562);
#4561 = CARTESIAN_POINT('',(-7.4,39.,0.));
#4562 = VECTOR('',#4563,1.);
#4563 = DIRECTION('',(-0.,-0.,-1.));
#4564 = ORIENTED_EDGE('',*,*,#1256,.F.);
#4565 = PLANE('',#4566);
#4566 = AXIS2_PLACEMENT_3D('',#4567,#4568,#4569);
#4567 = CARTESIAN_POINT('',(-7.4,46.,0.));
#4568 = DIRECTION('',(-1.,0.,0.));
#4569 = DIRECTION('',(0.,-1.,0.));
#4570 = ADVANCED_FACE('',(#4571),#4590,.F.);
#4571 = FACE_BOUND('',#4572,.F.);
#4572 = EDGE_LOOP('',(#4573,#4581,#4588,#4589));
#4573 = ORIENTED_EDGE('',*,*,#4574,.T.);
#4574 = EDGE_CURVE('',#1267,#4575,#4577,.T.);
#4575 = VERTEX_POINT('',#4576);
#4576 = CARTESIAN_POINT('',(-6.9,46.5,-1.1));
#4577 = LINE('',#4578,#4579);
#4578 = CARTESIAN_POINT('',(-6.9,46.5,0.));
#4579 = VECTOR('',#4580,1.);
#4580 = DIRECTION('',(-0.,-0.,-1.));
#4581 = ORIENTED_EDGE('',*,*,#4582,.T.);
#4582 = EDGE_CURVE('',#4575,#4544,#4583,.T.);
#4583 = CIRCLE('',#4584,0.5);
#4584 = AXIS2_PLACEMENT_3D('',#4585,#4586,#4587);
#4585 = CARTESIAN_POINT('',(-6.9,46.,-1.1));
#4586 = DIRECTION('',(0.,0.,1.));
#4587 = DIRECTION('',(1.,0.,0.));
#4588 = ORIENTED_EDGE('',*,*,#4543,.F.);
#4589 = ORIENTED_EDGE('',*,*,#1266,.F.);
#4590 = CYLINDRICAL_SURFACE('',#4591,0.5);
#4591 = AXIS2_PLACEMENT_3D('',#4592,#4593,#4594);
#4592 = CARTESIAN_POINT('',(-6.9,46.,0.));
#4593 = DIRECTION('',(0.,0.,1.));
#4594 = DIRECTION('',(1.,0.,0.));
#4595 = ADVANCED_FACE('',(#4596),#4615,.F.);
#4596 = FACE_BOUND('',#4597,.F.);
#4597 = EDGE_LOOP('',(#4598,#4599,#4608,#4614));
#4598 = ORIENTED_EDGE('',*,*,#4559,.T.);
#4599 = ORIENTED_EDGE('',*,*,#4600,.T.);
#4600 = EDGE_CURVE('',#4552,#4601,#4603,.T.);
#4601 = VERTEX_POINT('',#4602);
#4602 = CARTESIAN_POINT('',(-6.9,38.5,-1.1));
#4603 = CIRCLE('',#4604,0.5);
#4604 = AXIS2_PLACEMENT_3D('',#4605,#4606,#4607);
#4605 = CARTESIAN_POINT('',(-6.9,39.,-1.1));
#4606 = DIRECTION('',(0.,0.,1.));
#4607 = DIRECTION('',(1.,0.,0.));
#4608 = ORIENTED_EDGE('',*,*,#4609,.F.);
#4609 = EDGE_CURVE('',#1310,#4601,#4610,.T.);
#4610 = LINE('',#4611,#4612);
#4611 = CARTESIAN_POINT('',(-6.9,38.5,0.));
#4612 = VECTOR('',#4613,1.);
#4613 = DIRECTION('',(-0.,-0.,-1.));
#4614 = ORIENTED_EDGE('',*,*,#1317,.F.);
#4615 = CYLINDRICAL_SURFACE('',#4616,0.5);
#4616 = AXIS2_PLACEMENT_3D('',#4617,#4618,#4619);
#4617 = CARTESIAN_POINT('',(-6.9,39.,0.));
#4618 = DIRECTION('',(0.,0.,1.));
#4619 = DIRECTION('',(1.,0.,0.));
#4620 = ADVANCED_FACE('',(#4621),#4639,.F.);
#4621 = FACE_BOUND('',#4622,.F.);
#4622 = EDGE_LOOP('',(#4623,#4631,#4637,#4638));
#4623 = ORIENTED_EDGE('',*,*,#4624,.T.);
#4624 = EDGE_CURVE('',#1276,#4625,#4627,.T.);
#4625 = VERTEX_POINT('',#4626);
#4626 = CARTESIAN_POINT('',(-6.5,46.5,-1.1));
#4627 = LINE('',#4628,#4629);
#4628 = CARTESIAN_POINT('',(-6.5,46.5,0.));
#4629 = VECTOR('',#4630,1.);
#4630 = DIRECTION('',(-0.,-0.,-1.));
#4631 = ORIENTED_EDGE('',*,*,#4632,.T.);
#4632 = EDGE_CURVE('',#4625,#4575,#4633,.T.);
#4633 = LINE('',#4634,#4635);
#4634 = CARTESIAN_POINT('',(-6.5,46.5,-1.1));
#4635 = VECTOR('',#4636,1.);
#4636 = DIRECTION('',(-1.,0.,0.));
#4637 = ORIENTED_EDGE('',*,*,#4574,.F.);
#4638 = ORIENTED_EDGE('',*,*,#1275,.F.);
#4639 = PLANE('',#4640);
#4640 = AXIS2_PLACEMENT_3D('',#4641,#4642,#4643);
#4641 = CARTESIAN_POINT('',(-6.5,46.5,0.));
#4642 = DIRECTION('',(0.,1.,0.));
#4643 = DIRECTION('',(-1.,0.,0.));
#4644 = ADVANCED_FACE('',(#4645),#4663,.F.);
#4645 = FACE_BOUND('',#4646,.F.);
#4646 = EDGE_LOOP('',(#4647,#4648,#4656,#4662));
#4647 = ORIENTED_EDGE('',*,*,#4609,.T.);
#4648 = ORIENTED_EDGE('',*,*,#4649,.T.);
#4649 = EDGE_CURVE('',#4601,#4650,#4652,.T.);
#4650 = VERTEX_POINT('',#4651);
#4651 = CARTESIAN_POINT('',(-6.5,38.5,-1.1));
#4652 = LINE('',#4653,#4654);
#4653 = CARTESIAN_POINT('',(-6.9,38.5,-1.1));
#4654 = VECTOR('',#4655,1.);
#4655 = DIRECTION('',(1.,0.,0.));
#4656 = ORIENTED_EDGE('',*,*,#4657,.F.);
#4657 = EDGE_CURVE('',#1301,#4650,#4658,.T.);
#4658 = LINE('',#4659,#4660);
#4659 = CARTESIAN_POINT('',(-6.5,38.5,0.));
#4660 = VECTOR('',#4661,1.);
#4661 = DIRECTION('',(-0.,-0.,-1.));
#4662 = ORIENTED_EDGE('',*,*,#1309,.F.);
#4663 = PLANE('',#4664);
#4664 = AXIS2_PLACEMENT_3D('',#4665,#4666,#4667);
#4665 = CARTESIAN_POINT('',(-6.9,38.5,0.));
#4666 = DIRECTION('',(0.,-1.,0.));
#4667 = DIRECTION('',(1.,0.,0.));
#4668 = ADVANCED_FACE('',(#4669),#4688,.F.);
#4669 = FACE_BOUND('',#4670,.F.);
#4670 = EDGE_LOOP('',(#4671,#4679,#4686,#4687));
#4671 = ORIENTED_EDGE('',*,*,#4672,.T.);
#4672 = EDGE_CURVE('',#1284,#4673,#4675,.T.);
#4673 = VERTEX_POINT('',#4674);
#4674 = CARTESIAN_POINT('',(-6.,46.,-1.1));
#4675 = LINE('',#4676,#4677);
#4676 = CARTESIAN_POINT('',(-6.,46.,0.));
#4677 = VECTOR('',#4678,1.);
#4678 = DIRECTION('',(-0.,-0.,-1.));
#4679 = ORIENTED_EDGE('',*,*,#4680,.T.);
#4680 = EDGE_CURVE('',#4673,#4625,#4681,.T.);
#4681 = CIRCLE('',#4682,0.5);
#4682 = AXIS2_PLACEMENT_3D('',#4683,#4684,#4685);
#4683 = CARTESIAN_POINT('',(-6.5,46.,-1.1));
#4684 = DIRECTION('',(0.,0.,1.));
#4685 = DIRECTION('',(1.,0.,0.));
#4686 = ORIENTED_EDGE('',*,*,#4624,.F.);
#4687 = ORIENTED_EDGE('',*,*,#1283,.F.);
#4688 = CYLINDRICAL_SURFACE('',#4689,0.5);
#4689 = AXIS2_PLACEMENT_3D('',#4690,#4691,#4692);
#4690 = CARTESIAN_POINT('',(-6.5,46.,0.));
#4691 = DIRECTION('',(0.,0.,1.));
#4692 = DIRECTION('',(1.,0.,0.));
#4693 = ADVANCED_FACE('',(#4694),#4713,.F.);
#4694 = FACE_BOUND('',#4695,.F.);
#4695 = EDGE_LOOP('',(#4696,#4697,#4706,#4712));
#4696 = ORIENTED_EDGE('',*,*,#4657,.T.);
#4697 = ORIENTED_EDGE('',*,*,#4698,.T.);
#4698 = EDGE_CURVE('',#4650,#4699,#4701,.T.);
#4699 = VERTEX_POINT('',#4700);
#4700 = CARTESIAN_POINT('',(-6.,39.,-1.1));
#4701 = CIRCLE('',#4702,0.5);
#4702 = AXIS2_PLACEMENT_3D('',#4703,#4704,#4705);
#4703 = CARTESIAN_POINT('',(-6.5,39.,-1.1));
#4704 = DIRECTION('',(0.,0.,1.));
#4705 = DIRECTION('',(1.,0.,0.));
#4706 = ORIENTED_EDGE('',*,*,#4707,.F.);
#4707 = EDGE_CURVE('',#1293,#4699,#4708,.T.);
#4708 = LINE('',#4709,#4710);
#4709 = CARTESIAN_POINT('',(-6.,39.,0.));
#4710 = VECTOR('',#4711,1.);
#4711 = DIRECTION('',(-0.,-0.,-1.));
#4712 = ORIENTED_EDGE('',*,*,#1300,.F.);
#4713 = CYLINDRICAL_SURFACE('',#4714,0.5);
#4714 = AXIS2_PLACEMENT_3D('',#4715,#4716,#4717);
#4715 = CARTESIAN_POINT('',(-6.5,39.,0.));
#4716 = DIRECTION('',(0.,0.,1.));
#4717 = DIRECTION('',(1.,0.,0.));
#4718 = ADVANCED_FACE('',(#4719),#4730,.F.);
#4719 = FACE_BOUND('',#4720,.F.);
#4720 = EDGE_LOOP('',(#4721,#4722,#4728,#4729));
#4721 = ORIENTED_EDGE('',*,*,#4707,.T.);
#4722 = ORIENTED_EDGE('',*,*,#4723,.T.);
#4723 = EDGE_CURVE('',#4699,#4673,#4724,.T.);
#4724 = LINE('',#4725,#4726);
#4725 = CARTESIAN_POINT('',(-6.,39.,-1.1));
#4726 = VECTOR('',#4727,1.);
#4727 = DIRECTION('',(0.,1.,0.));
#4728 = ORIENTED_EDGE('',*,*,#4672,.F.);
#4729 = ORIENTED_EDGE('',*,*,#1292,.F.);
#4730 = PLANE('',#4731);
#4731 = AXIS2_PLACEMENT_3D('',#4732,#4733,#4734);
#4732 = CARTESIAN_POINT('',(-6.,39.,0.));
#4733 = DIRECTION('',(1.,0.,0.));
#4734 = DIRECTION('',(0.,1.,0.));
#4735 = ADVANCED_FACE('',(#4736),#4761,.F.);
#4736 = FACE_BOUND('',#4737,.F.);
#4737 = EDGE_LOOP('',(#4738,#4746,#4754,#4760));
#4738 = ORIENTED_EDGE('',*,*,#4739,.T.);
#4739 = EDGE_CURVE('',#1327,#4740,#4742,.T.);
#4740 = VERTEX_POINT('',#4741);
#4741 = CARTESIAN_POINT('',(-4.,45.,-1.1));
#4742 = LINE('',#4743,#4744);
#4743 = CARTESIAN_POINT('',(-4.,45.,0.));
#4744 = VECTOR('',#4745,1.);
#4745 = DIRECTION('',(-0.,-0.,-1.));
#4746 = ORIENTED_EDGE('',*,*,#4747,.T.);
#4747 = EDGE_CURVE('',#4740,#4748,#4750,.T.);
#4748 = VERTEX_POINT('',#4749);
#4749 = CARTESIAN_POINT('',(-4.,40.,-1.1));
#4750 = LINE('',#4751,#4752);
#4751 = CARTESIAN_POINT('',(-4.,45.,-1.1));
#4752 = VECTOR('',#4753,1.);
#4753 = DIRECTION('',(0.,-1.,0.));
#4754 = ORIENTED_EDGE('',*,*,#4755,.F.);
#4755 = EDGE_CURVE('',#1329,#4748,#4756,.T.);
#4756 = LINE('',#4757,#4758);
#4757 = CARTESIAN_POINT('',(-4.,40.,0.));
#4758 = VECTOR('',#4759,1.);
#4759 = DIRECTION('',(-0.,-0.,-1.));
#4760 = ORIENTED_EDGE('',*,*,#1326,.F.);
#4761 = PLANE('',#4762);
#4762 = AXIS2_PLACEMENT_3D('',#4763,#4764,#4765);
#4763 = CARTESIAN_POINT('',(-4.,45.,0.));
#4764 = DIRECTION('',(-1.,0.,0.));
#4765 = DIRECTION('',(0.,-1.,0.));
#4766 = ADVANCED_FACE('',(#4767),#4786,.F.);
#4767 = FACE_BOUND('',#4768,.F.);
#4768 = EDGE_LOOP('',(#4769,#4777,#4784,#4785));
#4769 = ORIENTED_EDGE('',*,*,#4770,.T.);
#4770 = EDGE_CURVE('',#1337,#4771,#4773,.T.);
#4771 = VERTEX_POINT('',#4772);
#4772 = CARTESIAN_POINT('',(-3.5,45.5,-1.1));
#4773 = LINE('',#4774,#4775);
#4774 = CARTESIAN_POINT('',(-3.5,45.5,0.));
#4775 = VECTOR('',#4776,1.);
#4776 = DIRECTION('',(-0.,-0.,-1.));
#4777 = ORIENTED_EDGE('',*,*,#4778,.T.);
#4778 = EDGE_CURVE('',#4771,#4740,#4779,.T.);
#4779 = CIRCLE('',#4780,0.5);
#4780 = AXIS2_PLACEMENT_3D('',#4781,#4782,#4783);
#4781 = CARTESIAN_POINT('',(-3.5,45.,-1.1));
#4782 = DIRECTION('',(0.,0.,1.));
#4783 = DIRECTION('',(1.,0.,0.));
#4784 = ORIENTED_EDGE('',*,*,#4739,.F.);
#4785 = ORIENTED_EDGE('',*,*,#1336,.F.);
#4786 = CYLINDRICAL_SURFACE('',#4787,0.5);
#4787 = AXIS2_PLACEMENT_3D('',#4788,#4789,#4790);
#4788 = CARTESIAN_POINT('',(-3.5,45.,0.));
#4789 = DIRECTION('',(0.,0.,1.));
#4790 = DIRECTION('',(1.,0.,0.));
#4791 = ADVANCED_FACE('',(#4792),#4811,.F.);
#4792 = FACE_BOUND('',#4793,.F.);
#4793 = EDGE_LOOP('',(#4794,#4795,#4804,#4810));
#4794 = ORIENTED_EDGE('',*,*,#4755,.T.);
#4795 = ORIENTED_EDGE('',*,*,#4796,.T.);
#4796 = EDGE_CURVE('',#4748,#4797,#4799,.T.);
#4797 = VERTEX_POINT('',#4798);
#4798 = CARTESIAN_POINT('',(-3.5,39.5,-1.1));
#4799 = CIRCLE('',#4800,0.5);
#4800 = AXIS2_PLACEMENT_3D('',#4801,#4802,#4803);
#4801 = CARTESIAN_POINT('',(-3.5,40.,-1.1));
#4802 = DIRECTION('',(0.,0.,1.));
#4803 = DIRECTION('',(1.,0.,0.));
#4804 = ORIENTED_EDGE('',*,*,#4805,.F.);
#4805 = EDGE_CURVE('',#1380,#4797,#4806,.T.);
#4806 = LINE('',#4807,#4808);
#4807 = CARTESIAN_POINT('',(-3.5,39.5,0.));
#4808 = VECTOR('',#4809,1.);
#4809 = DIRECTION('',(-0.,-0.,-1.));
#4810 = ORIENTED_EDGE('',*,*,#1387,.F.);
#4811 = CYLINDRICAL_SURFACE('',#4812,0.5);
#4812 = AXIS2_PLACEMENT_3D('',#4813,#4814,#4815);
#4813 = CARTESIAN_POINT('',(-3.5,40.,0.));
#4814 = DIRECTION('',(0.,0.,1.));
#4815 = DIRECTION('',(1.,0.,0.));
#4816 = ADVANCED_FACE('',(#4817),#4835,.F.);
#4817 = FACE_BOUND('',#4818,.F.);
#4818 = EDGE_LOOP('',(#4819,#4827,#4833,#4834));
#4819 = ORIENTED_EDGE('',*,*,#4820,.T.);
#4820 = EDGE_CURVE('',#1346,#4821,#4823,.T.);
#4821 = VERTEX_POINT('',#4822);
#4822 = CARTESIAN_POINT('',(-3.1,45.5,-1.1));
#4823 = LINE('',#4824,#4825);
#4824 = CARTESIAN_POINT('',(-3.1,45.5,0.));
#4825 = VECTOR('',#4826,1.);
#4826 = DIRECTION('',(-0.,-0.,-1.));
#4827 = ORIENTED_EDGE('',*,*,#4828,.T.);
#4828 = EDGE_CURVE('',#4821,#4771,#4829,.T.);
#4829 = LINE('',#4830,#4831);
#4830 = CARTESIAN_POINT('',(-3.1,45.5,-1.1));
#4831 = VECTOR('',#4832,1.);
#4832 = DIRECTION('',(-1.,0.,0.));
#4833 = ORIENTED_EDGE('',*,*,#4770,.F.);
#4834 = ORIENTED_EDGE('',*,*,#1345,.F.);
#4835 = PLANE('',#4836);
#4836 = AXIS2_PLACEMENT_3D('',#4837,#4838,#4839);
#4837 = CARTESIAN_POINT('',(-3.1,45.5,0.));
#4838 = DIRECTION('',(0.,1.,0.));
#4839 = DIRECTION('',(-1.,0.,0.));
#4840 = ADVANCED_FACE('',(#4841),#4859,.F.);
#4841 = FACE_BOUND('',#4842,.F.);
#4842 = EDGE_LOOP('',(#4843,#4844,#4852,#4858));
#4843 = ORIENTED_EDGE('',*,*,#4805,.T.);
#4844 = ORIENTED_EDGE('',*,*,#4845,.T.);
#4845 = EDGE_CURVE('',#4797,#4846,#4848,.T.);
#4846 = VERTEX_POINT('',#4847);
#4847 = CARTESIAN_POINT('',(-3.1,39.5,-1.1));
#4848 = LINE('',#4849,#4850);
#4849 = CARTESIAN_POINT('',(-3.5,39.5,-1.1));
#4850 = VECTOR('',#4851,1.);
#4851 = DIRECTION('',(1.,0.,0.));
#4852 = ORIENTED_EDGE('',*,*,#4853,.F.);
#4853 = EDGE_CURVE('',#1371,#4846,#4854,.T.);
#4854 = LINE('',#4855,#4856);
#4855 = CARTESIAN_POINT('',(-3.1,39.5,0.));
#4856 = VECTOR('',#4857,1.);
#4857 = DIRECTION('',(-0.,-0.,-1.));
#4858 = ORIENTED_EDGE('',*,*,#1379,.F.);
#4859 = PLANE('',#4860);
#4860 = AXIS2_PLACEMENT_3D('',#4861,#4862,#4863);
#4861 = CARTESIAN_POINT('',(-3.5,39.5,0.));
#4862 = DIRECTION('',(0.,-1.,0.));
#4863 = DIRECTION('',(1.,0.,0.));
#4864 = ADVANCED_FACE('',(#4865),#4884,.F.);
#4865 = FACE_BOUND('',#4866,.F.);
#4866 = EDGE_LOOP('',(#4867,#4875,#4882,#4883));
#4867 = ORIENTED_EDGE('',*,*,#4868,.T.);
#4868 = EDGE_CURVE('',#1354,#4869,#4871,.T.);
#4869 = VERTEX_POINT('',#4870);
#4870 = CARTESIAN_POINT('',(-2.6,45.,-1.1));
#4871 = LINE('',#4872,#4873);
#4872 = CARTESIAN_POINT('',(-2.6,45.,0.));
#4873 = VECTOR('',#4874,1.);
#4874 = DIRECTION('',(-0.,-0.,-1.));
#4875 = ORIENTED_EDGE('',*,*,#4876,.T.);
#4876 = EDGE_CURVE('',#4869,#4821,#4877,.T.);
#4877 = CIRCLE('',#4878,0.5);
#4878 = AXIS2_PLACEMENT_3D('',#4879,#4880,#4881);
#4879 = CARTESIAN_POINT('',(-3.1,45.,-1.1));
#4880 = DIRECTION('',(0.,0.,1.));
#4881 = DIRECTION('',(1.,0.,0.));
#4882 = ORIENTED_EDGE('',*,*,#4820,.F.);
#4883 = ORIENTED_EDGE('',*,*,#1353,.F.);
#4884 = CYLINDRICAL_SURFACE('',#4885,0.5);
#4885 = AXIS2_PLACEMENT_3D('',#4886,#4887,#4888);
#4886 = CARTESIAN_POINT('',(-3.1,45.,0.));
#4887 = DIRECTION('',(0.,0.,1.));
#4888 = DIRECTION('',(1.,0.,0.));
#4889 = ADVANCED_FACE('',(#4890),#4909,.F.);
#4890 = FACE_BOUND('',#4891,.F.);
#4891 = EDGE_LOOP('',(#4892,#4893,#4902,#4908));
#4892 = ORIENTED_EDGE('',*,*,#4853,.T.);
#4893 = ORIENTED_EDGE('',*,*,#4894,.T.);
#4894 = EDGE_CURVE('',#4846,#4895,#4897,.T.);
#4895 = VERTEX_POINT('',#4896);
#4896 = CARTESIAN_POINT('',(-2.6,40.,-1.1));
#4897 = CIRCLE('',#4898,0.5);
#4898 = AXIS2_PLACEMENT_3D('',#4899,#4900,#4901);
#4899 = CARTESIAN_POINT('',(-3.1,40.,-1.1));
#4900 = DIRECTION('',(0.,0.,1.));
#4901 = DIRECTION('',(1.,0.,0.));
#4902 = ORIENTED_EDGE('',*,*,#4903,.F.);
#4903 = EDGE_CURVE('',#1363,#4895,#4904,.T.);
#4904 = LINE('',#4905,#4906);
#4905 = CARTESIAN_POINT('',(-2.6,40.,0.));
#4906 = VECTOR('',#4907,1.);
#4907 = DIRECTION('',(-0.,-0.,-1.));
#4908 = ORIENTED_EDGE('',*,*,#1370,.F.);
#4909 = CYLINDRICAL_SURFACE('',#4910,0.5);
#4910 = AXIS2_PLACEMENT_3D('',#4911,#4912,#4913);
#4911 = CARTESIAN_POINT('',(-3.1,40.,0.));
#4912 = DIRECTION('',(0.,0.,1.));
#4913 = DIRECTION('',(1.,0.,0.));
#4914 = ADVANCED_FACE('',(#4915),#4926,.F.);
#4915 = FACE_BOUND('',#4916,.F.);
#4916 = EDGE_LOOP('',(#4917,#4918,#4924,#4925));
#4917 = ORIENTED_EDGE('',*,*,#4903,.T.);
#4918 = ORIENTED_EDGE('',*,*,#4919,.T.);
#4919 = EDGE_CURVE('',#4895,#4869,#4920,.T.);
#4920 = LINE('',#4921,#4922);
#4921 = CARTESIAN_POINT('',(-2.6,40.,-1.1));
#4922 = VECTOR('',#4923,1.);
#4923 = DIRECTION('',(0.,1.,0.));
#4924 = ORIENTED_EDGE('',*,*,#4868,.F.);
#4925 = ORIENTED_EDGE('',*,*,#1362,.F.);
#4926 = PLANE('',#4927);
#4927 = AXIS2_PLACEMENT_3D('',#4928,#4929,#4930);
#4928 = CARTESIAN_POINT('',(-2.6,40.,0.));
#4929 = DIRECTION('',(1.,0.,0.));
#4930 = DIRECTION('',(0.,1.,0.));
#4931 = ADVANCED_FACE('',(#4932),#4957,.F.);
#4932 = FACE_BOUND('',#4933,.F.);
#4933 = EDGE_LOOP('',(#4934,#4942,#4950,#4956));
#4934 = ORIENTED_EDGE('',*,*,#4935,.T.);
#4935 = EDGE_CURVE('',#1397,#4936,#4938,.T.);
#4936 = VERTEX_POINT('',#4937);
#4937 = CARTESIAN_POINT('',(-0.6,43.1,-1.1));
#4938 = LINE('',#4939,#4940);
#4939 = CARTESIAN_POINT('',(-0.6,43.1,0.));
#4940 = VECTOR('',#4941,1.);
#4941 = DIRECTION('',(-0.,-0.,-1.));
#4942 = ORIENTED_EDGE('',*,*,#4943,.T.);
#4943 = EDGE_CURVE('',#4936,#4944,#4946,.T.);
#4944 = VERTEX_POINT('',#4945);
#4945 = CARTESIAN_POINT('',(-0.6,39.9,-1.1));
#4946 = LINE('',#4947,#4948);
#4947 = CARTESIAN_POINT('',(-0.6,43.1,-1.1));
#4948 = VECTOR('',#4949,1.);
#4949 = DIRECTION('',(0.,-1.,0.));
#4950 = ORIENTED_EDGE('',*,*,#4951,.F.);
#4951 = EDGE_CURVE('',#1399,#4944,#4952,.T.);
#4952 = LINE('',#4953,#4954);
#4953 = CARTESIAN_POINT('',(-0.6,39.9,0.));
#4954 = VECTOR('',#4955,1.);
#4955 = DIRECTION('',(-0.,-0.,-1.));
#4956 = ORIENTED_EDGE('',*,*,#1396,.F.);
#4957 = PLANE('',#4958);
#4958 = AXIS2_PLACEMENT_3D('',#4959,#4960,#4961);
#4959 = CARTESIAN_POINT('',(-0.6,43.1,0.));
#4960 = DIRECTION('',(-1.,0.,0.));
#4961 = DIRECTION('',(0.,-1.,0.));
#4962 = ADVANCED_FACE('',(#4963),#4982,.F.);
#4963 = FACE_BOUND('',#4964,.F.);
#4964 = EDGE_LOOP('',(#4965,#4973,#4980,#4981));
#4965 = ORIENTED_EDGE('',*,*,#4966,.T.);
#4966 = EDGE_CURVE('',#1407,#4967,#4969,.T.);
#4967 = VERTEX_POINT('',#4968);
#4968 = CARTESIAN_POINT('',(-0.2,43.5,-1.1));
#4969 = LINE('',#4970,#4971);
#4970 = CARTESIAN_POINT('',(-0.2,43.5,0.));
#4971 = VECTOR('',#4972,1.);
#4972 = DIRECTION('',(-0.,-0.,-1.));
#4973 = ORIENTED_EDGE('',*,*,#4974,.T.);
#4974 = EDGE_CURVE('',#4967,#4936,#4975,.T.);
#4975 = CIRCLE('',#4976,0.4);
#4976 = AXIS2_PLACEMENT_3D('',#4977,#4978,#4979);
#4977 = CARTESIAN_POINT('',(-0.2,43.1,-1.1));
#4978 = DIRECTION('',(0.,0.,1.));
#4979 = DIRECTION('',(1.,0.,0.));
#4980 = ORIENTED_EDGE('',*,*,#4935,.F.);
#4981 = ORIENTED_EDGE('',*,*,#1406,.F.);
#4982 = CYLINDRICAL_SURFACE('',#4983,0.4);
#4983 = AXIS2_PLACEMENT_3D('',#4984,#4985,#4986);
#4984 = CARTESIAN_POINT('',(-0.2,43.1,0.));
#4985 = DIRECTION('',(0.,0.,1.));
#4986 = DIRECTION('',(1.,0.,0.));
#4987 = ADVANCED_FACE('',(#4988),#5007,.F.);
#4988 = FACE_BOUND('',#4989,.F.);
#4989 = EDGE_LOOP('',(#4990,#4991,#5000,#5006));
#4990 = ORIENTED_EDGE('',*,*,#4951,.T.);
#4991 = ORIENTED_EDGE('',*,*,#4992,.T.);
#4992 = EDGE_CURVE('',#4944,#4993,#4995,.T.);
#4993 = VERTEX_POINT('',#4994);
#4994 = CARTESIAN_POINT('',(-0.2,39.5,-1.1));
#4995 = CIRCLE('',#4996,0.4);
#4996 = AXIS2_PLACEMENT_3D('',#4997,#4998,#4999);
#4997 = CARTESIAN_POINT('',(-0.2,39.9,-1.1));
#4998 = DIRECTION('',(0.,0.,1.));
#4999 = DIRECTION('',(1.,0.,0.));
#5000 = ORIENTED_EDGE('',*,*,#5001,.F.);
#5001 = EDGE_CURVE('',#1450,#4993,#5002,.T.);
#5002 = LINE('',#5003,#5004);
#5003 = CARTESIAN_POINT('',(-0.2,39.5,0.));
#5004 = VECTOR('',#5005,1.);
#5005 = DIRECTION('',(-0.,-0.,-1.));
#5006 = ORIENTED_EDGE('',*,*,#1457,.F.);
#5007 = CYLINDRICAL_SURFACE('',#5008,0.4);
#5008 = AXIS2_PLACEMENT_3D('',#5009,#5010,#5011);
#5009 = CARTESIAN_POINT('',(-0.2,39.9,0.));
#5010 = DIRECTION('',(0.,0.,1.));
#5011 = DIRECTION('',(1.,0.,0.));
#5012 = ADVANCED_FACE('',(#5013),#5031,.F.);
#5013 = FACE_BOUND('',#5014,.F.);
#5014 = EDGE_LOOP('',(#5015,#5023,#5029,#5030));
#5015 = ORIENTED_EDGE('',*,*,#5016,.T.);
#5016 = EDGE_CURVE('',#1416,#5017,#5019,.T.);
#5017 = VERTEX_POINT('',#5018);
#5018 = CARTESIAN_POINT('',(0.2,43.5,-1.1));
#5019 = LINE('',#5020,#5021);
#5020 = CARTESIAN_POINT('',(0.2,43.5,0.));
#5021 = VECTOR('',#5022,1.);
#5022 = DIRECTION('',(-0.,-0.,-1.));
#5023 = ORIENTED_EDGE('',*,*,#5024,.T.);
#5024 = EDGE_CURVE('',#5017,#4967,#5025,.T.);
#5025 = LINE('',#5026,#5027);
#5026 = CARTESIAN_POINT('',(0.2,43.5,-1.1));
#5027 = VECTOR('',#5028,1.);
#5028 = DIRECTION('',(-1.,0.,0.));
#5029 = ORIENTED_EDGE('',*,*,#4966,.F.);
#5030 = ORIENTED_EDGE('',*,*,#1415,.F.);
#5031 = PLANE('',#5032);
#5032 = AXIS2_PLACEMENT_3D('',#5033,#5034,#5035);
#5033 = CARTESIAN_POINT('',(0.2,43.5,0.));
#5034 = DIRECTION('',(0.,1.,0.));
#5035 = DIRECTION('',(-1.,0.,0.));
#5036 = ADVANCED_FACE('',(#5037),#5055,.F.);
#5037 = FACE_BOUND('',#5038,.F.);
#5038 = EDGE_LOOP('',(#5039,#5040,#5048,#5054));
#5039 = ORIENTED_EDGE('',*,*,#5001,.T.);
#5040 = ORIENTED_EDGE('',*,*,#5041,.T.);
#5041 = EDGE_CURVE('',#4993,#5042,#5044,.T.);
#5042 = VERTEX_POINT('',#5043);
#5043 = CARTESIAN_POINT('',(0.2,39.5,-1.1));
#5044 = LINE('',#5045,#5046);
#5045 = CARTESIAN_POINT('',(-0.2,39.5,-1.1));
#5046 = VECTOR('',#5047,1.);
#5047 = DIRECTION('',(1.,0.,0.));
#5048 = ORIENTED_EDGE('',*,*,#5049,.F.);
#5049 = EDGE_CURVE('',#1441,#5042,#5050,.T.);
#5050 = LINE('',#5051,#5052);
#5051 = CARTESIAN_POINT('',(0.2,39.5,0.));
#5052 = VECTOR('',#5053,1.);
#5053 = DIRECTION('',(-0.,-0.,-1.));
#5054 = ORIENTED_EDGE('',*,*,#1449,.F.);
#5055 = PLANE('',#5056);
#5056 = AXIS2_PLACEMENT_3D('',#5057,#5058,#5059);
#5057 = CARTESIAN_POINT('',(-0.2,39.5,0.));
#5058 = DIRECTION('',(0.,-1.,0.));
#5059 = DIRECTION('',(1.,0.,0.));
#5060 = ADVANCED_FACE('',(#5061),#5080,.F.);
#5061 = FACE_BOUND('',#5062,.F.);
#5062 = EDGE_LOOP('',(#5063,#5071,#5078,#5079));
#5063 = ORIENTED_EDGE('',*,*,#5064,.T.);
#5064 = EDGE_CURVE('',#1424,#5065,#5067,.T.);
#5065 = VERTEX_POINT('',#5066);
#5066 = CARTESIAN_POINT('',(0.6,43.1,-1.1));
#5067 = LINE('',#5068,#5069);
#5068 = CARTESIAN_POINT('',(0.6,43.1,0.));
#5069 = VECTOR('',#5070,1.);
#5070 = DIRECTION('',(-0.,-0.,-1.));
#5071 = ORIENTED_EDGE('',*,*,#5072,.T.);
#5072 = EDGE_CURVE('',#5065,#5017,#5073,.T.);
#5073 = CIRCLE('',#5074,0.4);
#5074 = AXIS2_PLACEMENT_3D('',#5075,#5076,#5077);
#5075 = CARTESIAN_POINT('',(0.2,43.1,-1.1));
#5076 = DIRECTION('',(0.,0.,1.));
#5077 = DIRECTION('',(1.,0.,0.));
#5078 = ORIENTED_EDGE('',*,*,#5016,.F.);
#5079 = ORIENTED_EDGE('',*,*,#1423,.F.);
#5080 = CYLINDRICAL_SURFACE('',#5081,0.4);
#5081 = AXIS2_PLACEMENT_3D('',#5082,#5083,#5084);
#5082 = CARTESIAN_POINT('',(0.2,43.1,0.));
#5083 = DIRECTION('',(0.,0.,1.));
#5084 = DIRECTION('',(1.,0.,0.));
#5085 = ADVANCED_FACE('',(#5086),#5105,.F.);
#5086 = FACE_BOUND('',#5087,.F.);
#5087 = EDGE_LOOP('',(#5088,#5089,#5098,#5104));
#5088 = ORIENTED_EDGE('',*,*,#5049,.T.);
#5089 = ORIENTED_EDGE('',*,*,#5090,.T.);
#5090 = EDGE_CURVE('',#5042,#5091,#5093,.T.);
#5091 = VERTEX_POINT('',#5092);
#5092 = CARTESIAN_POINT('',(0.6,39.9,-1.1));
#5093 = CIRCLE('',#5094,0.4);
#5094 = AXIS2_PLACEMENT_3D('',#5095,#5096,#5097);
#5095 = CARTESIAN_POINT('',(0.2,39.9,-1.1));
#5096 = DIRECTION('',(0.,0.,1.));
#5097 = DIRECTION('',(1.,0.,0.));
#5098 = ORIENTED_EDGE('',*,*,#5099,.F.);
#5099 = EDGE_CURVE('',#1433,#5091,#5100,.T.);
#5100 = LINE('',#5101,#5102);
#5101 = CARTESIAN_POINT('',(0.6,39.9,0.));
#5102 = VECTOR('',#5103,1.);
#5103 = DIRECTION('',(-0.,-0.,-1.));
#5104 = ORIENTED_EDGE('',*,*,#1440,.F.);
#5105 = CYLINDRICAL_SURFACE('',#5106,0.4);
#5106 = AXIS2_PLACEMENT_3D('',#5107,#5108,#5109);
#5107 = CARTESIAN_POINT('',(0.2,39.9,0.));
#5108 = DIRECTION('',(0.,0.,1.));
#5109 = DIRECTION('',(1.,0.,0.));
#5110 = ADVANCED_FACE('',(#5111),#5122,.F.);
#5111 = FACE_BOUND('',#5112,.F.);
#5112 = EDGE_LOOP('',(#5113,#5114,#5120,#5121));
#5113 = ORIENTED_EDGE('',*,*,#5099,.T.);
#5114 = ORIENTED_EDGE('',*,*,#5115,.T.);
#5115 = EDGE_CURVE('',#5091,#5065,#5116,.T.);
#5116 = LINE('',#5117,#5118);
#5117 = CARTESIAN_POINT('',(0.6,39.9,-1.1));
#5118 = VECTOR('',#5119,1.);
#5119 = DIRECTION('',(0.,1.,0.));
#5120 = ORIENTED_EDGE('',*,*,#5064,.F.);
#5121 = ORIENTED_EDGE('',*,*,#1432,.F.);
#5122 = PLANE('',#5123);
#5123 = AXIS2_PLACEMENT_3D('',#5124,#5125,#5126);
#5124 = CARTESIAN_POINT('',(0.6,39.9,0.));
#5125 = DIRECTION('',(1.,0.,0.));
#5126 = DIRECTION('',(0.,1.,0.));
#5127 = ADVANCED_FACE('',(#5128),#5176,.T.);
#5128 = FACE_BOUND('',#5129,.T.);
#5129 = EDGE_LOOP('',(#5130,#5138,#5139,#5147,#5155,#5161,#5162,#5170));
#5130 = ORIENTED_EDGE('',*,*,#5131,.F.);
#5131 = EDGE_CURVE('',#1467,#5132,#5134,.T.);
#5132 = VERTEX_POINT('',#5133);
#5133 = CARTESIAN_POINT('',(30.4,1.5,-1.));
#5134 = LINE('',#5135,#5136);
#5135 = CARTESIAN_POINT('',(30.4,1.5,0.));
#5136 = VECTOR('',#5137,1.);
#5137 = DIRECTION('',(-0.,-0.,-1.));
#5138 = ORIENTED_EDGE('',*,*,#1466,.T.);
#5139 = ORIENTED_EDGE('',*,*,#5140,.T.);
#5140 = EDGE_CURVE('',#1469,#5141,#5143,.T.);
#5141 = VERTEX_POINT('',#5142);
#5142 = CARTESIAN_POINT('',(30.75,1.5,-2.2));
#5143 = LINE('',#5144,#5145);
#5144 = CARTESIAN_POINT('',(30.75,1.5,0.));
#5145 = VECTOR('',#5146,1.);
#5146 = DIRECTION('',(-0.,-0.,-1.));
#5147 = ORIENTED_EDGE('',*,*,#5148,.T.);
#5148 = EDGE_CURVE('',#5141,#5149,#5151,.T.);
#5149 = VERTEX_POINT('',#5150);
#5150 = CARTESIAN_POINT('',(-30.75,1.5,-2.2));
#5151 = LINE('',#5152,#5153);
#5152 = CARTESIAN_POINT('',(-30.4,1.5,-2.2));
#5153 = VECTOR('',#5154,1.);
#5154 = DIRECTION('',(-1.,0.,0.));
#5155 = ORIENTED_EDGE('',*,*,#5156,.F.);
#5156 = EDGE_CURVE('',#1519,#5149,#5157,.T.);
#5157 = LINE('',#5158,#5159);
#5158 = CARTESIAN_POINT('',(-30.75,1.5,0.));
#5159 = VECTOR('',#5160,1.);
#5160 = DIRECTION('',(-0.,-0.,-1.));
#5161 = ORIENTED_EDGE('',*,*,#1518,.F.);
#5162 = ORIENTED_EDGE('',*,*,#5163,.T.);
#5163 = EDGE_CURVE('',#1511,#5164,#5166,.T.);
#5164 = VERTEX_POINT('',#5165);
#5165 = CARTESIAN_POINT('',(-30.4,1.5,-1.));
#5166 = LINE('',#5167,#5168);
#5167 = CARTESIAN_POINT('',(-30.4,1.5,0.));
#5168 = VECTOR('',#5169,1.);
#5169 = DIRECTION('',(-0.,-0.,-1.));
#5170 = ORIENTED_EDGE('',*,*,#5171,.T.);
#5171 = EDGE_CURVE('',#5164,#5132,#5172,.T.);
#5172 = LINE('',#5173,#5174);
#5173 = CARTESIAN_POINT('',(-30.4,1.5,-1.));
#5174 = VECTOR('',#5175,1.);
#5175 = DIRECTION('',(1.,0.,0.));
#5176 = PLANE('',#5177);
#5177 = AXIS2_PLACEMENT_3D('',#5178,#5179,#5180);
#5178 = CARTESIAN_POINT('',(-9.664E-14,1.5,-1.560587326121));
#5179 = DIRECTION('',(0.,1.,-1.79E-15));
#5180 = DIRECTION('',(0.,1.79E-15,1.));
#5181 = ADVANCED_FACE('',(#5182),#5216,.T.);
#5182 = FACE_BOUND('',#5183,.T.);
#5183 = EDGE_LOOP('',(#5184,#5185,#5186,#5194,#5202,#5210));
#5184 = ORIENTED_EDGE('',*,*,#1476,.F.);
#5185 = ORIENTED_EDGE('',*,*,#5131,.T.);
#5186 = ORIENTED_EDGE('',*,*,#5187,.T.);
#5187 = EDGE_CURVE('',#5132,#5188,#5190,.T.);
#5188 = VERTEX_POINT('',#5189);
#5189 = CARTESIAN_POINT('',(30.4,2.5,-1.));
#5190 = LINE('',#5191,#5192);
#5191 = CARTESIAN_POINT('',(30.4,1.5,-1.));
#5192 = VECTOR('',#5193,1.);
#5193 = DIRECTION('',(0.,1.,0.));
#5194 = ORIENTED_EDGE('',*,*,#5195,.F.);
#5195 = EDGE_CURVE('',#5196,#5188,#5198,.T.);
#5196 = VERTEX_POINT('',#5197);
#5197 = CARTESIAN_POINT('',(30.4,2.5,-2.2));
#5198 = LINE('',#5199,#5200);
#5199 = CARTESIAN_POINT('',(30.4,2.5,-2.2));
#5200 = VECTOR('',#5201,1.);
#5201 = DIRECTION('',(0.,0.,1.));
#5202 = ORIENTED_EDGE('',*,*,#5203,.T.);
#5203 = EDGE_CURVE('',#5196,#5204,#5206,.T.);
#5204 = VERTEX_POINT('',#5205);
#5205 = CARTESIAN_POINT('',(30.400000000002,26.3,-2.2));
#5206 = LINE('',#5207,#5208);
#5207 = CARTESIAN_POINT('',(30.4,1.5,-2.2));
#5208 = VECTOR('',#5209,1.);
#5209 = DIRECTION('',(6.332E-14,1.,0.));
#5210 = ORIENTED_EDGE('',*,*,#5211,.F.);
#5211 = EDGE_CURVE('',#1477,#5204,#5212,.T.);
#5212 = LINE('',#5213,#5214);
#5213 = CARTESIAN_POINT('',(30.400000000002,26.3,0.));
#5214 = VECTOR('',#5215,1.);
#5215 = DIRECTION('',(-0.,-0.,-1.));
#5216 = PLANE('',#5217);
#5217 = AXIS2_PLACEMENT_3D('',#5218,#5219,#5220);
#5218 = CARTESIAN_POINT('',(30.4,1.5,0.));
#5219 = DIRECTION('',(1.,-6.332E-14,0.));
#5220 = DIRECTION('',(6.332E-14,1.,0.));
#5221 = ADVANCED_FACE('',(#5222),#5240,.F.);
#5222 = FACE_BOUND('',#5223,.F.);
#5223 = EDGE_LOOP('',(#5224,#5225,#5233,#5239));
#5224 = ORIENTED_EDGE('',*,*,#5140,.T.);
#5225 = ORIENTED_EDGE('',*,*,#5226,.T.);
#5226 = EDGE_CURVE('',#5141,#5227,#5229,.T.);
#5227 = VERTEX_POINT('',#5228);
#5228 = CARTESIAN_POINT('',(30.75,26.3,-2.2));
#5229 = LINE('',#5230,#5231);
#5230 = CARTESIAN_POINT('',(30.75,1.5,-2.2));
#5231 = VECTOR('',#5232,1.);
#5232 = DIRECTION('',(0.,1.,0.));
#5233 = ORIENTED_EDGE('',*,*,#5234,.F.);
#5234 = EDGE_CURVE('',#1552,#5227,#5235,.T.);
#5235 = LINE('',#5236,#5237);
#5236 = CARTESIAN_POINT('',(30.75,26.3,0.));
#5237 = VECTOR('',#5238,1.);
#5238 = DIRECTION('',(-0.,-0.,-1.));
#5239 = ORIENTED_EDGE('',*,*,#1560,.F.);
#5240 = PLANE('',#5241);
#5241 = AXIS2_PLACEMENT_3D('',#5242,#5243,#5244);
#5242 = CARTESIAN_POINT('',(30.75,1.5,0.));
#5243 = DIRECTION('',(1.,0.,0.));
#5244 = DIRECTION('',(0.,1.,0.));
#5245 = ADVANCED_FACE('',(#5246),#5265,.T.);
#5246 = FACE_BOUND('',#5247,.T.);
#5247 = EDGE_LOOP('',(#5248,#5249,#5258,#5264));
#5248 = ORIENTED_EDGE('',*,*,#5211,.T.);
#5249 = ORIENTED_EDGE('',*,*,#5250,.T.);
#5250 = EDGE_CURVE('',#5204,#5251,#5253,.T.);
#5251 = VERTEX_POINT('',#5252);
#5252 = CARTESIAN_POINT('',(19.55,37.15,-2.2));
#5253 = CIRCLE('',#5254,10.850000000002);
#5254 = AXIS2_PLACEMENT_3D('',#5255,#5256,#5257);
#5255 = CARTESIAN_POINT('',(19.55,26.299999999998,-2.2));
#5256 = DIRECTION('',(0.,0.,1.));
#5257 = DIRECTION('',(1.,0.,0.));
#5258 = ORIENTED_EDGE('',*,*,#5259,.F.);
#5259 = EDGE_CURVE('',#1485,#5251,#5260,.T.);
#5260 = LINE('',#5261,#5262);
#5261 = CARTESIAN_POINT('',(19.55,37.15,0.));
#5262 = VECTOR('',#5263,1.);
#5263 = DIRECTION('',(-0.,-0.,-1.));
#5264 = ORIENTED_EDGE('',*,*,#1484,.F.);
#5265 = CYLINDRICAL_SURFACE('',#5266,10.850000000002);
#5266 = AXIS2_PLACEMENT_3D('',#5267,#5268,#5269);
#5267 = CARTESIAN_POINT('',(19.55,26.299999999998,0.));
#5268 = DIRECTION('',(0.,0.,1.));
#5269 = DIRECTION('',(1.,0.,0.));
#5270 = ADVANCED_FACE('',(#5271),#5290,.F.);
#5271 = FACE_BOUND('',#5272,.F.);
#5272 = EDGE_LOOP('',(#5273,#5274,#5283,#5289));
#5273 = ORIENTED_EDGE('',*,*,#5234,.T.);
#5274 = ORIENTED_EDGE('',*,*,#5275,.T.);
#5275 = EDGE_CURVE('',#5227,#5276,#5278,.T.);
#5276 = VERTEX_POINT('',#5277);
#5277 = CARTESIAN_POINT('',(19.55,37.5,-2.2));
#5278 = CIRCLE('',#5279,11.2);
#5279 = AXIS2_PLACEMENT_3D('',#5280,#5281,#5282);
#5280 = CARTESIAN_POINT('',(19.55,26.3,-2.2));
#5281 = DIRECTION('',(0.,0.,1.));
#5282 = DIRECTION('',(1.,0.,0.));
#5283 = ORIENTED_EDGE('',*,*,#5284,.F.);
#5284 = EDGE_CURVE('',#1544,#5276,#5285,.T.);
#5285 = LINE('',#5286,#5287);
#5286 = CARTESIAN_POINT('',(19.55,37.5,0.));
#5287 = VECTOR('',#5288,1.);
#5288 = DIRECTION('',(-0.,-0.,-1.));
#5289 = ORIENTED_EDGE('',*,*,#1551,.F.);
#5290 = CYLINDRICAL_SURFACE('',#5291,11.2);
#5291 = AXIS2_PLACEMENT_3D('',#5292,#5293,#5294);
#5292 = CARTESIAN_POINT('',(19.55,26.3,0.));
#5293 = DIRECTION('',(0.,0.,1.));
#5294 = DIRECTION('',(1.,0.,0.));
#5295 = ADVANCED_FACE('',(#5296),#5314,.T.);
#5296 = FACE_BOUND('',#5297,.T.);
#5297 = EDGE_LOOP('',(#5298,#5299,#5307,#5313));
#5298 = ORIENTED_EDGE('',*,*,#5259,.T.);
#5299 = ORIENTED_EDGE('',*,*,#5300,.T.);
#5300 = EDGE_CURVE('',#5251,#5301,#5303,.T.);
#5301 = VERTEX_POINT('',#5302);
#5302 = CARTESIAN_POINT('',(-19.55,37.15,-2.2));
#5303 = LINE('',#5304,#5305);
#5304 = CARTESIAN_POINT('',(19.55,37.15,-2.2));
#5305 = VECTOR('',#5306,1.);
#5306 = DIRECTION('',(-1.,0.,0.));
#5307 = ORIENTED_EDGE('',*,*,#5308,.F.);
#5308 = EDGE_CURVE('',#1494,#5301,#5309,.T.);
#5309 = LINE('',#5310,#5311);
#5310 = CARTESIAN_POINT('',(-19.55,37.15,0.));
#5311 = VECTOR('',#5312,1.);
#5312 = DIRECTION('',(-0.,-0.,-1.));
#5313 = ORIENTED_EDGE('',*,*,#1493,.F.);
#5314 = PLANE('',#5315);
#5315 = AXIS2_PLACEMENT_3D('',#5316,#5317,#5318);
#5316 = CARTESIAN_POINT('',(19.55,37.15,0.));
#5317 = DIRECTION('',(0.,1.,0.));
#5318 = DIRECTION('',(-1.,0.,0.));
#5319 = ADVANCED_FACE('',(#5320),#5338,.F.);
#5320 = FACE_BOUND('',#5321,.F.);
#5321 = EDGE_LOOP('',(#5322,#5323,#5331,#5337));
#5322 = ORIENTED_EDGE('',*,*,#5284,.T.);
#5323 = ORIENTED_EDGE('',*,*,#5324,.T.);
#5324 = EDGE_CURVE('',#5276,#5325,#5327,.T.);
#5325 = VERTEX_POINT('',#5326);
#5326 = CARTESIAN_POINT('',(-19.55,37.5,-2.2));
#5327 = LINE('',#5328,#5329);
#5328 = CARTESIAN_POINT('',(19.55,37.5,-2.2));
#5329 = VECTOR('',#5330,1.);
#5330 = DIRECTION('',(-1.,0.,0.));
#5331 = ORIENTED_EDGE('',*,*,#5332,.F.);
#5332 = EDGE_CURVE('',#1535,#5325,#5333,.T.);
#5333 = LINE('',#5334,#5335);
#5334 = CARTESIAN_POINT('',(-19.55,37.5,0.));
#5335 = VECTOR('',#5336,1.);
#5336 = DIRECTION('',(-0.,-0.,-1.));
#5337 = ORIENTED_EDGE('',*,*,#1543,.F.);
#5338 = PLANE('',#5339);
#5339 = AXIS2_PLACEMENT_3D('',#5340,#5341,#5342);
#5340 = CARTESIAN_POINT('',(19.55,37.5,0.));
#5341 = DIRECTION('',(0.,1.,0.));
#5342 = DIRECTION('',(-1.,0.,0.));
#5343 = ADVANCED_FACE('',(#5344),#5363,.T.);
#5344 = FACE_BOUND('',#5345,.T.);
#5345 = EDGE_LOOP('',(#5346,#5347,#5356,#5362));
#5346 = ORIENTED_EDGE('',*,*,#5308,.T.);
#5347 = ORIENTED_EDGE('',*,*,#5348,.T.);
#5348 = EDGE_CURVE('',#5301,#5349,#5351,.T.);
#5349 = VERTEX_POINT('',#5350);
#5350 = CARTESIAN_POINT('',(-30.4,26.3,-2.2));
#5351 = CIRCLE('',#5352,10.85);
#5352 = AXIS2_PLACEMENT_3D('',#5353,#5354,#5355);
#5353 = CARTESIAN_POINT('',(-19.55,26.3,-2.2));
#5354 = DIRECTION('',(0.,0.,1.));
#5355 = DIRECTION('',(1.,0.,0.));
#5356 = ORIENTED_EDGE('',*,*,#5357,.F.);
#5357 = EDGE_CURVE('',#1502,#5349,#5358,.T.);
#5358 = LINE('',#5359,#5360);
#5359 = CARTESIAN_POINT('',(-30.4,26.3,0.));
#5360 = VECTOR('',#5361,1.);
#5361 = DIRECTION('',(-0.,-0.,-1.));
#5362 = ORIENTED_EDGE('',*,*,#1501,.F.);
#5363 = CYLINDRICAL_SURFACE('',#5364,10.85);
#5364 = AXIS2_PLACEMENT_3D('',#5365,#5366,#5367);
#5365 = CARTESIAN_POINT('',(-19.55,26.3,0.));
#5366 = DIRECTION('',(0.,0.,1.));
#5367 = DIRECTION('',(1.,0.,0.));
#5368 = ADVANCED_FACE('',(#5369),#5388,.F.);
#5369 = FACE_BOUND('',#5370,.F.);
#5370 = EDGE_LOOP('',(#5371,#5372,#5381,#5387));
#5371 = ORIENTED_EDGE('',*,*,#5332,.T.);
#5372 = ORIENTED_EDGE('',*,*,#5373,.T.);
#5373 = EDGE_CURVE('',#5325,#5374,#5376,.T.);
#5374 = VERTEX_POINT('',#5375);
#5375 = CARTESIAN_POINT('',(-30.75,26.3,-2.2));
#5376 = CIRCLE('',#5377,11.2);
#5377 = AXIS2_PLACEMENT_3D('',#5378,#5379,#5380);
#5378 = CARTESIAN_POINT('',(-19.55,26.3,-2.2));
#5379 = DIRECTION('',(0.,0.,1.));
#5380 = DIRECTION('',(1.,0.,0.));
#5381 = ORIENTED_EDGE('',*,*,#5382,.F.);
#5382 = EDGE_CURVE('',#1527,#5374,#5383,.T.);
#5383 = LINE('',#5384,#5385);
#5384 = CARTESIAN_POINT('',(-30.75,26.3,0.));
#5385 = VECTOR('',#5386,1.);
#5386 = DIRECTION('',(-0.,-0.,-1.));
#5387 = ORIENTED_EDGE('',*,*,#1534,.F.);
#5388 = CYLINDRICAL_SURFACE('',#5389,11.2);
#5389 = AXIS2_PLACEMENT_3D('',#5390,#5391,#5392);
#5390 = CARTESIAN_POINT('',(-19.55,26.3,0.));
#5391 = DIRECTION('',(0.,0.,1.));
#5392 = DIRECTION('',(1.,0.,0.));
#5393 = ADVANCED_FACE('',(#5394),#5421,.T.);
#5394 = FACE_BOUND('',#5395,.T.);
#5395 = EDGE_LOOP('',(#5396,#5397,#5398,#5406,#5414,#5420));
#5396 = ORIENTED_EDGE('',*,*,#1510,.F.);
#5397 = ORIENTED_EDGE('',*,*,#5357,.T.);
#5398 = ORIENTED_EDGE('',*,*,#5399,.T.);
#5399 = EDGE_CURVE('',#5349,#5400,#5402,.T.);
#5400 = VERTEX_POINT('',#5401);
#5401 = CARTESIAN_POINT('',(-30.4,2.5,-2.2));
#5402 = LINE('',#5403,#5404);
#5403 = CARTESIAN_POINT('',(-30.4,26.3,-2.2));
#5404 = VECTOR('',#5405,1.);
#5405 = DIRECTION('',(0.,-1.,0.));
#5406 = ORIENTED_EDGE('',*,*,#5407,.T.);
#5407 = EDGE_CURVE('',#5400,#5408,#5410,.T.);
#5408 = VERTEX_POINT('',#5409);
#5409 = CARTESIAN_POINT('',(-30.4,2.5,-1.));
#5410 = LINE('',#5411,#5412);
#5411 = CARTESIAN_POINT('',(-30.4,2.5,-2.2));
#5412 = VECTOR('',#5413,1.);
#5413 = DIRECTION('',(0.,0.,1.));
#5414 = ORIENTED_EDGE('',*,*,#5415,.T.);
#5415 = EDGE_CURVE('',#5408,#5164,#5416,.T.);
#5416 = LINE('',#5417,#5418);
#5417 = CARTESIAN_POINT('',(-30.4,2.5,-1.));
#5418 = VECTOR('',#5419,1.);
#5419 = DIRECTION('',(0.,-1.,0.));
#5420 = ORIENTED_EDGE('',*,*,#5163,.F.);
#5421 = PLANE('',#5422);
#5422 = AXIS2_PLACEMENT_3D('',#5423,#5424,#5425);
#5423 = CARTESIAN_POINT('',(-30.4,26.3,0.));
#5424 = DIRECTION('',(-1.,0.,0.));
#5425 = DIRECTION('',(0.,-1.,0.));
#5426 = ADVANCED_FACE('',(#5427),#5438,.F.);
#5427 = FACE_BOUND('',#5428,.F.);
#5428 = EDGE_LOOP('',(#5429,#5430,#5436,#5437));
#5429 = ORIENTED_EDGE('',*,*,#5382,.T.);
#5430 = ORIENTED_EDGE('',*,*,#5431,.T.);
#5431 = EDGE_CURVE('',#5374,#5149,#5432,.T.);
#5432 = LINE('',#5433,#5434);
#5433 = CARTESIAN_POINT('',(-30.75,26.3,-2.2));
#5434 = VECTOR('',#5435,1.);
#5435 = DIRECTION('',(0.,-1.,0.));
#5436 = ORIENTED_EDGE('',*,*,#5156,.F.);
#5437 = ORIENTED_EDGE('',*,*,#1526,.F.);
#5438 = PLANE('',#5439);
#5439 = AXIS2_PLACEMENT_3D('',#5440,#5441,#5442);
#5440 = CARTESIAN_POINT('',(-30.75,26.3,0.));
#5441 = DIRECTION('',(-1.,0.,0.));
#5442 = DIRECTION('',(0.,-1.,0.));
#5443 = ADVANCED_FACE('',(#5444),#5469,.F.);
#5444 = FACE_BOUND('',#5445,.F.);
#5445 = EDGE_LOOP('',(#5446,#5454,#5462,#5468));
#5446 = ORIENTED_EDGE('',*,*,#5447,.T.);
#5447 = EDGE_CURVE('',#1569,#5448,#5450,.T.);
#5448 = VERTEX_POINT('',#5449);
#5449 = CARTESIAN_POINT('',(2.6,45.,-1.1));
#5450 = LINE('',#5451,#5452);
#5451 = CARTESIAN_POINT('',(2.6,45.,0.));
#5452 = VECTOR('',#5453,1.);
#5453 = DIRECTION('',(-0.,-0.,-1.));
#5454 = ORIENTED_EDGE('',*,*,#5455,.T.);
#5455 = EDGE_CURVE('',#5448,#5456,#5458,.T.);
#5456 = VERTEX_POINT('',#5457);
#5457 = CARTESIAN_POINT('',(2.6,40.,-1.1));
#5458 = LINE('',#5459,#5460);
#5459 = CARTESIAN_POINT('',(2.6,45.,-1.1));
#5460 = VECTOR('',#5461,1.);
#5461 = DIRECTION('',(0.,-1.,0.));
#5462 = ORIENTED_EDGE('',*,*,#5463,.F.);
#5463 = EDGE_CURVE('',#1571,#5456,#5464,.T.);
#5464 = LINE('',#5465,#5466);
#5465 = CARTESIAN_POINT('',(2.6,40.,0.));
#5466 = VECTOR('',#5467,1.);
#5467 = DIRECTION('',(-0.,-0.,-1.));
#5468 = ORIENTED_EDGE('',*,*,#1568,.F.);
#5469 = PLANE('',#5470);
#5470 = AXIS2_PLACEMENT_3D('',#5471,#5472,#5473);
#5471 = CARTESIAN_POINT('',(2.6,45.,0.));
#5472 = DIRECTION('',(-1.,0.,0.));
#5473 = DIRECTION('',(0.,-1.,0.));
#5474 = ADVANCED_FACE('',(#5475),#5494,.F.);
#5475 = FACE_BOUND('',#5476,.F.);
#5476 = EDGE_LOOP('',(#5477,#5485,#5492,#5493));
#5477 = ORIENTED_EDGE('',*,*,#5478,.T.);
#5478 = EDGE_CURVE('',#1579,#5479,#5481,.T.);
#5479 = VERTEX_POINT('',#5480);
#5480 = CARTESIAN_POINT('',(3.1,45.5,-1.1));
#5481 = LINE('',#5482,#5483);
#5482 = CARTESIAN_POINT('',(3.1,45.5,0.));
#5483 = VECTOR('',#5484,1.);
#5484 = DIRECTION('',(-0.,-0.,-1.));
#5485 = ORIENTED_EDGE('',*,*,#5486,.T.);
#5486 = EDGE_CURVE('',#5479,#5448,#5487,.T.);
#5487 = CIRCLE('',#5488,0.5);
#5488 = AXIS2_PLACEMENT_3D('',#5489,#5490,#5491);
#5489 = CARTESIAN_POINT('',(3.1,45.,-1.1));
#5490 = DIRECTION('',(0.,0.,1.));
#5491 = DIRECTION('',(1.,0.,0.));
#5492 = ORIENTED_EDGE('',*,*,#5447,.F.);
#5493 = ORIENTED_EDGE('',*,*,#1578,.F.);
#5494 = CYLINDRICAL_SURFACE('',#5495,0.5);
#5495 = AXIS2_PLACEMENT_3D('',#5496,#5497,#5498);
#5496 = CARTESIAN_POINT('',(3.1,45.,0.));
#5497 = DIRECTION('',(0.,0.,1.));
#5498 = DIRECTION('',(1.,0.,0.));
#5499 = ADVANCED_FACE('',(#5500),#5519,.F.);
#5500 = FACE_BOUND('',#5501,.F.);
#5501 = EDGE_LOOP('',(#5502,#5503,#5512,#5518));
#5502 = ORIENTED_EDGE('',*,*,#5463,.T.);
#5503 = ORIENTED_EDGE('',*,*,#5504,.T.);
#5504 = EDGE_CURVE('',#5456,#5505,#5507,.T.);
#5505 = VERTEX_POINT('',#5506);
#5506 = CARTESIAN_POINT('',(3.1,39.5,-1.1));
#5507 = CIRCLE('',#5508,0.5);
#5508 = AXIS2_PLACEMENT_3D('',#5509,#5510,#5511);
#5509 = CARTESIAN_POINT('',(3.1,40.,-1.1));
#5510 = DIRECTION('',(0.,0.,1.));
#5511 = DIRECTION('',(1.,0.,0.));
#5512 = ORIENTED_EDGE('',*,*,#5513,.F.);
#5513 = EDGE_CURVE('',#1622,#5505,#5514,.T.);
#5514 = LINE('',#5515,#5516);
#5515 = CARTESIAN_POINT('',(3.1,39.5,0.));
#5516 = VECTOR('',#5517,1.);
#5517 = DIRECTION('',(-0.,-0.,-1.));
#5518 = ORIENTED_EDGE('',*,*,#1629,.F.);
#5519 = CYLINDRICAL_SURFACE('',#5520,0.5);
#5520 = AXIS2_PLACEMENT_3D('',#5521,#5522,#5523);
#5521 = CARTESIAN_POINT('',(3.1,40.,0.));
#5522 = DIRECTION('',(0.,0.,1.));
#5523 = DIRECTION('',(1.,0.,0.));
#5524 = ADVANCED_FACE('',(#5525),#5543,.F.);
#5525 = FACE_BOUND('',#5526,.F.);
#5526 = EDGE_LOOP('',(#5527,#5535,#5541,#5542));
#5527 = ORIENTED_EDGE('',*,*,#5528,.T.);
#5528 = EDGE_CURVE('',#1588,#5529,#5531,.T.);
#5529 = VERTEX_POINT('',#5530);
#5530 = CARTESIAN_POINT('',(3.5,45.5,-1.1));
#5531 = LINE('',#5532,#5533);
#5532 = CARTESIAN_POINT('',(3.5,45.5,0.));
#5533 = VECTOR('',#5534,1.);
#5534 = DIRECTION('',(-0.,-0.,-1.));
#5535 = ORIENTED_EDGE('',*,*,#5536,.T.);
#5536 = EDGE_CURVE('',#5529,#5479,#5537,.T.);
#5537 = LINE('',#5538,#5539);
#5538 = CARTESIAN_POINT('',(3.5,45.5,-1.1));
#5539 = VECTOR('',#5540,1.);
#5540 = DIRECTION('',(-1.,0.,0.));
#5541 = ORIENTED_EDGE('',*,*,#5478,.F.);
#5542 = ORIENTED_EDGE('',*,*,#1587,.F.);
#5543 = PLANE('',#5544);
#5544 = AXIS2_PLACEMENT_3D('',#5545,#5546,#5547);
#5545 = CARTESIAN_POINT('',(3.5,45.5,0.));
#5546 = DIRECTION('',(0.,1.,0.));
#5547 = DIRECTION('',(-1.,0.,0.));
#5548 = ADVANCED_FACE('',(#5549),#5567,.F.);
#5549 = FACE_BOUND('',#5550,.F.);
#5550 = EDGE_LOOP('',(#5551,#5552,#5560,#5566));
#5551 = ORIENTED_EDGE('',*,*,#5513,.T.);
#5552 = ORIENTED_EDGE('',*,*,#5553,.T.);
#5553 = EDGE_CURVE('',#5505,#5554,#5556,.T.);
#5554 = VERTEX_POINT('',#5555);
#5555 = CARTESIAN_POINT('',(3.5,39.5,-1.1));
#5556 = LINE('',#5557,#5558);
#5557 = CARTESIAN_POINT('',(3.1,39.5,-1.1));
#5558 = VECTOR('',#5559,1.);
#5559 = DIRECTION('',(1.,0.,0.));
#5560 = ORIENTED_EDGE('',*,*,#5561,.F.);
#5561 = EDGE_CURVE('',#1613,#5554,#5562,.T.);
#5562 = LINE('',#5563,#5564);
#5563 = CARTESIAN_POINT('',(3.5,39.5,0.));
#5564 = VECTOR('',#5565,1.);
#5565 = DIRECTION('',(-0.,-0.,-1.));
#5566 = ORIENTED_EDGE('',*,*,#1621,.F.);
#5567 = PLANE('',#5568);
#5568 = AXIS2_PLACEMENT_3D('',#5569,#5570,#5571);
#5569 = CARTESIAN_POINT('',(3.1,39.5,0.));
#5570 = DIRECTION('',(0.,-1.,0.));
#5571 = DIRECTION('',(1.,0.,0.));
#5572 = ADVANCED_FACE('',(#5573),#5592,.F.);
#5573 = FACE_BOUND('',#5574,.F.);
#5574 = EDGE_LOOP('',(#5575,#5583,#5590,#5591));
#5575 = ORIENTED_EDGE('',*,*,#5576,.T.);
#5576 = EDGE_CURVE('',#1596,#5577,#5579,.T.);
#5577 = VERTEX_POINT('',#5578);
#5578 = CARTESIAN_POINT('',(4.,45.,-1.1));
#5579 = LINE('',#5580,#5581);
#5580 = CARTESIAN_POINT('',(4.,45.,0.));
#5581 = VECTOR('',#5582,1.);
#5582 = DIRECTION('',(-0.,-0.,-1.));
#5583 = ORIENTED_EDGE('',*,*,#5584,.T.);
#5584 = EDGE_CURVE('',#5577,#5529,#5585,.T.);
#5585 = CIRCLE('',#5586,0.5);
#5586 = AXIS2_PLACEMENT_3D('',#5587,#5588,#5589);
#5587 = CARTESIAN_POINT('',(3.5,45.,-1.1));
#5588 = DIRECTION('',(0.,0.,1.));
#5589 = DIRECTION('',(1.,0.,0.));
#5590 = ORIENTED_EDGE('',*,*,#5528,.F.);
#5591 = ORIENTED_EDGE('',*,*,#1595,.F.);
#5592 = CYLINDRICAL_SURFACE('',#5593,0.5);
#5593 = AXIS2_PLACEMENT_3D('',#5594,#5595,#5596);
#5594 = CARTESIAN_POINT('',(3.5,45.,0.));
#5595 = DIRECTION('',(0.,0.,1.));
#5596 = DIRECTION('',(1.,0.,0.));
#5597 = ADVANCED_FACE('',(#5598),#5617,.F.);
#5598 = FACE_BOUND('',#5599,.F.);
#5599 = EDGE_LOOP('',(#5600,#5601,#5610,#5616));
#5600 = ORIENTED_EDGE('',*,*,#5561,.T.);
#5601 = ORIENTED_EDGE('',*,*,#5602,.T.);
#5602 = EDGE_CURVE('',#5554,#5603,#5605,.T.);
#5603 = VERTEX_POINT('',#5604);
#5604 = CARTESIAN_POINT('',(4.,40.,-1.1));
#5605 = CIRCLE('',#5606,0.5);
#5606 = AXIS2_PLACEMENT_3D('',#5607,#5608,#5609);
#5607 = CARTESIAN_POINT('',(3.5,40.,-1.1));
#5608 = DIRECTION('',(0.,0.,1.));
#5609 = DIRECTION('',(1.,0.,0.));
#5610 = ORIENTED_EDGE('',*,*,#5611,.F.);
#5611 = EDGE_CURVE('',#1605,#5603,#5612,.T.);
#5612 = LINE('',#5613,#5614);
#5613 = CARTESIAN_POINT('',(4.,40.,0.));
#5614 = VECTOR('',#5615,1.);
#5615 = DIRECTION('',(-0.,-0.,-1.));
#5616 = ORIENTED_EDGE('',*,*,#1612,.F.);
#5617 = CYLINDRICAL_SURFACE('',#5618,0.5);
#5618 = AXIS2_PLACEMENT_3D('',#5619,#5620,#5621);
#5619 = CARTESIAN_POINT('',(3.5,40.,0.));
#5620 = DIRECTION('',(0.,0.,1.));
#5621 = DIRECTION('',(1.,0.,0.));
#5622 = ADVANCED_FACE('',(#5623),#5634,.F.);
#5623 = FACE_BOUND('',#5624,.F.);
#5624 = EDGE_LOOP('',(#5625,#5626,#5632,#5633));
#5625 = ORIENTED_EDGE('',*,*,#5611,.T.);
#5626 = ORIENTED_EDGE('',*,*,#5627,.T.);
#5627 = EDGE_CURVE('',#5603,#5577,#5628,.T.);
#5628 = LINE('',#5629,#5630);
#5629 = CARTESIAN_POINT('',(4.,40.,-1.1));
#5630 = VECTOR('',#5631,1.);
#5631 = DIRECTION('',(0.,1.,0.));
#5632 = ORIENTED_EDGE('',*,*,#5576,.F.);
#5633 = ORIENTED_EDGE('',*,*,#1604,.F.);
#5634 = PLANE('',#5635);
#5635 = AXIS2_PLACEMENT_3D('',#5636,#5637,#5638);
#5636 = CARTESIAN_POINT('',(4.,40.,0.));
#5637 = DIRECTION('',(1.,0.,0.));
#5638 = DIRECTION('',(0.,1.,0.));
#5639 = ADVANCED_FACE('',(#5640),#5665,.F.);
#5640 = FACE_BOUND('',#5641,.F.);
#5641 = EDGE_LOOP('',(#5642,#5650,#5658,#5664));
#5642 = ORIENTED_EDGE('',*,*,#5643,.T.);
#5643 = EDGE_CURVE('',#1639,#5644,#5646,.T.);
#5644 = VERTEX_POINT('',#5645);
#5645 = CARTESIAN_POINT('',(6.,46.,-1.1));
#5646 = LINE('',#5647,#5648);
#5647 = CARTESIAN_POINT('',(6.,46.,0.));
#5648 = VECTOR('',#5649,1.);
#5649 = DIRECTION('',(-0.,-0.,-1.));
#5650 = ORIENTED_EDGE('',*,*,#5651,.T.);
#5651 = EDGE_CURVE('',#5644,#5652,#5654,.T.);
#5652 = VERTEX_POINT('',#5653);
#5653 = CARTESIAN_POINT('',(6.,39.,-1.1));
#5654 = LINE('',#5655,#5656);
#5655 = CARTESIAN_POINT('',(6.,46.,-1.1));
#5656 = VECTOR('',#5657,1.);
#5657 = DIRECTION('',(0.,-1.,0.));
#5658 = ORIENTED_EDGE('',*,*,#5659,.F.);
#5659 = EDGE_CURVE('',#1641,#5652,#5660,.T.);
#5660 = LINE('',#5661,#5662);
#5661 = CARTESIAN_POINT('',(6.,39.,0.));
#5662 = VECTOR('',#5663,1.);
#5663 = DIRECTION('',(-0.,-0.,-1.));
#5664 = ORIENTED_EDGE('',*,*,#1638,.F.);
#5665 = PLANE('',#5666);
#5666 = AXIS2_PLACEMENT_3D('',#5667,#5668,#5669);
#5667 = CARTESIAN_POINT('',(6.,46.,0.));
#5668 = DIRECTION('',(-1.,0.,0.));
#5669 = DIRECTION('',(0.,-1.,0.));
#5670 = ADVANCED_FACE('',(#5671),#5690,.F.);
#5671 = FACE_BOUND('',#5672,.F.);
#5672 = EDGE_LOOP('',(#5673,#5681,#5688,#5689));
#5673 = ORIENTED_EDGE('',*,*,#5674,.T.);
#5674 = EDGE_CURVE('',#1649,#5675,#5677,.T.);
#5675 = VERTEX_POINT('',#5676);
#5676 = CARTESIAN_POINT('',(6.5,46.5,-1.1));
#5677 = LINE('',#5678,#5679);
#5678 = CARTESIAN_POINT('',(6.5,46.5,0.));
#5679 = VECTOR('',#5680,1.);
#5680 = DIRECTION('',(-0.,-0.,-1.));
#5681 = ORIENTED_EDGE('',*,*,#5682,.T.);
#5682 = EDGE_CURVE('',#5675,#5644,#5683,.T.);
#5683 = CIRCLE('',#5684,0.5);
#5684 = AXIS2_PLACEMENT_3D('',#5685,#5686,#5687);
#5685 = CARTESIAN_POINT('',(6.5,46.,-1.1));
#5686 = DIRECTION('',(0.,0.,1.));
#5687 = DIRECTION('',(1.,0.,0.));
#5688 = ORIENTED_EDGE('',*,*,#5643,.F.);
#5689 = ORIENTED_EDGE('',*,*,#1648,.F.);
#5690 = CYLINDRICAL_SURFACE('',#5691,0.5);
#5691 = AXIS2_PLACEMENT_3D('',#5692,#5693,#5694);
#5692 = CARTESIAN_POINT('',(6.5,46.,0.));
#5693 = DIRECTION('',(0.,0.,1.));
#5694 = DIRECTION('',(1.,0.,0.));
#5695 = ADVANCED_FACE('',(#5696),#5715,.F.);
#5696 = FACE_BOUND('',#5697,.F.);
#5697 = EDGE_LOOP('',(#5698,#5699,#5708,#5714));
#5698 = ORIENTED_EDGE('',*,*,#5659,.T.);
#5699 = ORIENTED_EDGE('',*,*,#5700,.T.);
#5700 = EDGE_CURVE('',#5652,#5701,#5703,.T.);
#5701 = VERTEX_POINT('',#5702);
#5702 = CARTESIAN_POINT('',(6.5,38.5,-1.1));
#5703 = CIRCLE('',#5704,0.5);
#5704 = AXIS2_PLACEMENT_3D('',#5705,#5706,#5707);
#5705 = CARTESIAN_POINT('',(6.5,39.,-1.1));
#5706 = DIRECTION('',(0.,0.,1.));
#5707 = DIRECTION('',(1.,0.,0.));
#5708 = ORIENTED_EDGE('',*,*,#5709,.F.);
#5709 = EDGE_CURVE('',#1692,#5701,#5710,.T.);
#5710 = LINE('',#5711,#5712);
#5711 = CARTESIAN_POINT('',(6.5,38.5,0.));
#5712 = VECTOR('',#5713,1.);
#5713 = DIRECTION('',(-0.,-0.,-1.));
#5714 = ORIENTED_EDGE('',*,*,#1699,.F.);
#5715 = CYLINDRICAL_SURFACE('',#5716,0.5);
#5716 = AXIS2_PLACEMENT_3D('',#5717,#5718,#5719);
#5717 = CARTESIAN_POINT('',(6.5,39.,0.));
#5718 = DIRECTION('',(0.,0.,1.));
#5719 = DIRECTION('',(1.,0.,0.));
#5720 = ADVANCED_FACE('',(#5721),#5739,.F.);
#5721 = FACE_BOUND('',#5722,.F.);
#5722 = EDGE_LOOP('',(#5723,#5731,#5737,#5738));
#5723 = ORIENTED_EDGE('',*,*,#5724,.T.);
#5724 = EDGE_CURVE('',#1658,#5725,#5727,.T.);
#5725 = VERTEX_POINT('',#5726);
#5726 = CARTESIAN_POINT('',(6.9,46.5,-1.1));
#5727 = LINE('',#5728,#5729);
#5728 = CARTESIAN_POINT('',(6.9,46.5,0.));
#5729 = VECTOR('',#5730,1.);
#5730 = DIRECTION('',(-0.,-0.,-1.));
#5731 = ORIENTED_EDGE('',*,*,#5732,.T.);
#5732 = EDGE_CURVE('',#5725,#5675,#5733,.T.);
#5733 = LINE('',#5734,#5735);
#5734 = CARTESIAN_POINT('',(6.9,46.5,-1.1));
#5735 = VECTOR('',#5736,1.);
#5736 = DIRECTION('',(-1.,0.,0.));
#5737 = ORIENTED_EDGE('',*,*,#5674,.F.);
#5738 = ORIENTED_EDGE('',*,*,#1657,.F.);
#5739 = PLANE('',#5740);
#5740 = AXIS2_PLACEMENT_3D('',#5741,#5742,#5743);
#5741 = CARTESIAN_POINT('',(6.9,46.5,0.));
#5742 = DIRECTION('',(0.,1.,0.));
#5743 = DIRECTION('',(-1.,0.,0.));
#5744 = ADVANCED_FACE('',(#5745),#5763,.F.);
#5745 = FACE_BOUND('',#5746,.F.);
#5746 = EDGE_LOOP('',(#5747,#5748,#5756,#5762));
#5747 = ORIENTED_EDGE('',*,*,#5709,.T.);
#5748 = ORIENTED_EDGE('',*,*,#5749,.T.);
#5749 = EDGE_CURVE('',#5701,#5750,#5752,.T.);
#5750 = VERTEX_POINT('',#5751);
#5751 = CARTESIAN_POINT('',(6.9,38.5,-1.1));
#5752 = LINE('',#5753,#5754);
#5753 = CARTESIAN_POINT('',(6.5,38.5,-1.1));
#5754 = VECTOR('',#5755,1.);
#5755 = DIRECTION('',(1.,0.,0.));
#5756 = ORIENTED_EDGE('',*,*,#5757,.F.);
#5757 = EDGE_CURVE('',#1683,#5750,#5758,.T.);
#5758 = LINE('',#5759,#5760);
#5759 = CARTESIAN_POINT('',(6.9,38.5,0.));
#5760 = VECTOR('',#5761,1.);
#5761 = DIRECTION('',(-0.,-0.,-1.));
#5762 = ORIENTED_EDGE('',*,*,#1691,.F.);
#5763 = PLANE('',#5764);
#5764 = AXIS2_PLACEMENT_3D('',#5765,#5766,#5767);
#5765 = CARTESIAN_POINT('',(6.5,38.5,0.));
#5766 = DIRECTION('',(0.,-1.,0.));
#5767 = DIRECTION('',(1.,0.,0.));
#5768 = ADVANCED_FACE('',(#5769),#5788,.F.);
#5769 = FACE_BOUND('',#5770,.F.);
#5770 = EDGE_LOOP('',(#5771,#5779,#5786,#5787));
#5771 = ORIENTED_EDGE('',*,*,#5772,.T.);
#5772 = EDGE_CURVE('',#1666,#5773,#5775,.T.);
#5773 = VERTEX_POINT('',#5774);
#5774 = CARTESIAN_POINT('',(7.4,46.,-1.1));
#5775 = LINE('',#5776,#5777);
#5776 = CARTESIAN_POINT('',(7.4,46.,0.));
#5777 = VECTOR('',#5778,1.);
#5778 = DIRECTION('',(-0.,-0.,-1.));
#5779 = ORIENTED_EDGE('',*,*,#5780,.T.);
#5780 = EDGE_CURVE('',#5773,#5725,#5781,.T.);
#5781 = CIRCLE('',#5782,0.5);
#5782 = AXIS2_PLACEMENT_3D('',#5783,#5784,#5785);
#5783 = CARTESIAN_POINT('',(6.9,46.,-1.1));
#5784 = DIRECTION('',(0.,0.,1.));
#5785 = DIRECTION('',(1.,0.,0.));
#5786 = ORIENTED_EDGE('',*,*,#5724,.F.);
#5787 = ORIENTED_EDGE('',*,*,#1665,.F.);
#5788 = CYLINDRICAL_SURFACE('',#5789,0.5);
#5789 = AXIS2_PLACEMENT_3D('',#5790,#5791,#5792);
#5790 = CARTESIAN_POINT('',(6.9,46.,0.));
#5791 = DIRECTION('',(0.,0.,1.));
#5792 = DIRECTION('',(1.,0.,0.));
#5793 = ADVANCED_FACE('',(#5794),#5813,.F.);
#5794 = FACE_BOUND('',#5795,.F.);
#5795 = EDGE_LOOP('',(#5796,#5797,#5806,#5812));
#5796 = ORIENTED_EDGE('',*,*,#5757,.T.);
#5797 = ORIENTED_EDGE('',*,*,#5798,.T.);
#5798 = EDGE_CURVE('',#5750,#5799,#5801,.T.);
#5799 = VERTEX_POINT('',#5800);
#5800 = CARTESIAN_POINT('',(7.4,39.,-1.1));
#5801 = CIRCLE('',#5802,0.5);
#5802 = AXIS2_PLACEMENT_3D('',#5803,#5804,#5805);
#5803 = CARTESIAN_POINT('',(6.9,39.,-1.1));
#5804 = DIRECTION('',(0.,0.,1.));
#5805 = DIRECTION('',(1.,0.,0.));
#5806 = ORIENTED_EDGE('',*,*,#5807,.F.);
#5807 = EDGE_CURVE('',#1675,#5799,#5808,.T.);
#5808 = LINE('',#5809,#5810);
#5809 = CARTESIAN_POINT('',(7.4,39.,0.));
#5810 = VECTOR('',#5811,1.);
#5811 = DIRECTION('',(-0.,-0.,-1.));
#5812 = ORIENTED_EDGE('',*,*,#1682,.F.);
#5813 = CYLINDRICAL_SURFACE('',#5814,0.5);
#5814 = AXIS2_PLACEMENT_3D('',#5815,#5816,#5817);
#5815 = CARTESIAN_POINT('',(6.9,39.,0.));
#5816 = DIRECTION('',(0.,0.,1.));
#5817 = DIRECTION('',(1.,0.,0.));
#5818 = ADVANCED_FACE('',(#5819),#5830,.F.);
#5819 = FACE_BOUND('',#5820,.F.);
#5820 = EDGE_LOOP('',(#5821,#5822,#5828,#5829));
#5821 = ORIENTED_EDGE('',*,*,#5807,.T.);
#5822 = ORIENTED_EDGE('',*,*,#5823,.T.);
#5823 = EDGE_CURVE('',#5799,#5773,#5824,.T.);
#5824 = LINE('',#5825,#5826);
#5825 = CARTESIAN_POINT('',(7.4,39.,-1.1));
#5826 = VECTOR('',#5827,1.);
#5827 = DIRECTION('',(0.,1.,0.));
#5828 = ORIENTED_EDGE('',*,*,#5772,.F.);
#5829 = ORIENTED_EDGE('',*,*,#1674,.F.);
#5830 = PLANE('',#5831);
#5831 = AXIS2_PLACEMENT_3D('',#5832,#5833,#5834);
#5832 = CARTESIAN_POINT('',(7.4,39.,0.));
#5833 = DIRECTION('',(1.,0.,0.));
#5834 = DIRECTION('',(0.,1.,0.));
#5835 = ADVANCED_FACE('',(#5836),#5861,.F.);
#5836 = FACE_BOUND('',#5837,.F.);
#5837 = EDGE_LOOP('',(#5838,#5846,#5854,#5860));
#5838 = ORIENTED_EDGE('',*,*,#5839,.T.);
#5839 = EDGE_CURVE('',#1709,#5840,#5842,.T.);
#5840 = VERTEX_POINT('',#5841);
#5841 = CARTESIAN_POINT('',(9.4,45.,-1.1));
#5842 = LINE('',#5843,#5844);
#5843 = CARTESIAN_POINT('',(9.4,45.,0.));
#5844 = VECTOR('',#5845,1.);
#5845 = DIRECTION('',(-0.,-0.,-1.));
#5846 = ORIENTED_EDGE('',*,*,#5847,.T.);
#5847 = EDGE_CURVE('',#5840,#5848,#5850,.T.);
#5848 = VERTEX_POINT('',#5849);
#5849 = CARTESIAN_POINT('',(9.4,40.,-1.1));
#5850 = LINE('',#5851,#5852);
#5851 = CARTESIAN_POINT('',(9.4,45.,-1.1));
#5852 = VECTOR('',#5853,1.);
#5853 = DIRECTION('',(0.,-1.,0.));
#5854 = ORIENTED_EDGE('',*,*,#5855,.F.);
#5855 = EDGE_CURVE('',#1711,#5848,#5856,.T.);
#5856 = LINE('',#5857,#5858);
#5857 = CARTESIAN_POINT('',(9.4,40.,0.));
#5858 = VECTOR('',#5859,1.);
#5859 = DIRECTION('',(-0.,-0.,-1.));
#5860 = ORIENTED_EDGE('',*,*,#1708,.F.);
#5861 = PLANE('',#5862);
#5862 = AXIS2_PLACEMENT_3D('',#5863,#5864,#5865);
#5863 = CARTESIAN_POINT('',(9.4,45.,0.));
#5864 = DIRECTION('',(-1.,0.,0.));
#5865 = DIRECTION('',(0.,-1.,0.));
#5866 = ADVANCED_FACE('',(#5867),#5886,.F.);
#5867 = FACE_BOUND('',#5868,.F.);
#5868 = EDGE_LOOP('',(#5869,#5877,#5884,#5885));
#5869 = ORIENTED_EDGE('',*,*,#5870,.T.);
#5870 = EDGE_CURVE('',#1719,#5871,#5873,.T.);
#5871 = VERTEX_POINT('',#5872);
#5872 = CARTESIAN_POINT('',(9.9,45.5,-1.1));
#5873 = LINE('',#5874,#5875);
#5874 = CARTESIAN_POINT('',(9.9,45.5,0.));
#5875 = VECTOR('',#5876,1.);
#5876 = DIRECTION('',(-0.,-0.,-1.));
#5877 = ORIENTED_EDGE('',*,*,#5878,.T.);
#5878 = EDGE_CURVE('',#5871,#5840,#5879,.T.);
#5879 = CIRCLE('',#5880,0.5);
#5880 = AXIS2_PLACEMENT_3D('',#5881,#5882,#5883);
#5881 = CARTESIAN_POINT('',(9.9,45.,-1.1));
#5882 = DIRECTION('',(0.,0.,1.));
#5883 = DIRECTION('',(1.,0.,0.));
#5884 = ORIENTED_EDGE('',*,*,#5839,.F.);
#5885 = ORIENTED_EDGE('',*,*,#1718,.F.);
#5886 = CYLINDRICAL_SURFACE('',#5887,0.5);
#5887 = AXIS2_PLACEMENT_3D('',#5888,#5889,#5890);
#5888 = CARTESIAN_POINT('',(9.9,45.,0.));
#5889 = DIRECTION('',(0.,0.,1.));
#5890 = DIRECTION('',(1.,0.,0.));
#5891 = ADVANCED_FACE('',(#5892),#5911,.F.);
#5892 = FACE_BOUND('',#5893,.F.);
#5893 = EDGE_LOOP('',(#5894,#5895,#5904,#5910));
#5894 = ORIENTED_EDGE('',*,*,#5855,.T.);
#5895 = ORIENTED_EDGE('',*,*,#5896,.T.);
#5896 = EDGE_CURVE('',#5848,#5897,#5899,.T.);
#5897 = VERTEX_POINT('',#5898);
#5898 = CARTESIAN_POINT('',(9.9,39.5,-1.1));
#5899 = CIRCLE('',#5900,0.5);
#5900 = AXIS2_PLACEMENT_3D('',#5901,#5902,#5903);
#5901 = CARTESIAN_POINT('',(9.9,40.,-1.1));
#5902 = DIRECTION('',(0.,0.,1.));
#5903 = DIRECTION('',(1.,0.,0.));
#5904 = ORIENTED_EDGE('',*,*,#5905,.F.);
#5905 = EDGE_CURVE('',#1762,#5897,#5906,.T.);
#5906 = LINE('',#5907,#5908);
#5907 = CARTESIAN_POINT('',(9.9,39.5,0.));
#5908 = VECTOR('',#5909,1.);
#5909 = DIRECTION('',(-0.,-0.,-1.));
#5910 = ORIENTED_EDGE('',*,*,#1769,.F.);
#5911 = CYLINDRICAL_SURFACE('',#5912,0.5);
#5912 = AXIS2_PLACEMENT_3D('',#5913,#5914,#5915);
#5913 = CARTESIAN_POINT('',(9.9,40.,0.));
#5914 = DIRECTION('',(0.,0.,1.));
#5915 = DIRECTION('',(1.,0.,0.));
#5916 = ADVANCED_FACE('',(#5917),#5935,.F.);
#5917 = FACE_BOUND('',#5918,.F.);
#5918 = EDGE_LOOP('',(#5919,#5927,#5933,#5934));
#5919 = ORIENTED_EDGE('',*,*,#5920,.T.);
#5920 = EDGE_CURVE('',#1728,#5921,#5923,.T.);
#5921 = VERTEX_POINT('',#5922);
#5922 = CARTESIAN_POINT('',(10.3,45.5,-1.1));
#5923 = LINE('',#5924,#5925);
#5924 = CARTESIAN_POINT('',(10.3,45.5,0.));
#5925 = VECTOR('',#5926,1.);
#5926 = DIRECTION('',(-0.,-0.,-1.));
#5927 = ORIENTED_EDGE('',*,*,#5928,.T.);
#5928 = EDGE_CURVE('',#5921,#5871,#5929,.T.);
#5929 = LINE('',#5930,#5931);
#5930 = CARTESIAN_POINT('',(10.3,45.5,-1.1));
#5931 = VECTOR('',#5932,1.);
#5932 = DIRECTION('',(-1.,0.,0.));
#5933 = ORIENTED_EDGE('',*,*,#5870,.F.);
#5934 = ORIENTED_EDGE('',*,*,#1727,.F.);
#5935 = PLANE('',#5936);
#5936 = AXIS2_PLACEMENT_3D('',#5937,#5938,#5939);
#5937 = CARTESIAN_POINT('',(10.3,45.5,0.));
#5938 = DIRECTION('',(0.,1.,0.));
#5939 = DIRECTION('',(-1.,0.,0.));
#5940 = ADVANCED_FACE('',(#5941),#5959,.F.);
#5941 = FACE_BOUND('',#5942,.F.);
#5942 = EDGE_LOOP('',(#5943,#5944,#5952,#5958));
#5943 = ORIENTED_EDGE('',*,*,#5905,.T.);
#5944 = ORIENTED_EDGE('',*,*,#5945,.T.);
#5945 = EDGE_CURVE('',#5897,#5946,#5948,.T.);
#5946 = VERTEX_POINT('',#5947);
#5947 = CARTESIAN_POINT('',(10.3,39.5,-1.1));
#5948 = LINE('',#5949,#5950);
#5949 = CARTESIAN_POINT('',(9.9,39.5,-1.1));
#5950 = VECTOR('',#5951,1.);
#5951 = DIRECTION('',(1.,0.,0.));
#5952 = ORIENTED_EDGE('',*,*,#5953,.F.);
#5953 = EDGE_CURVE('',#1753,#5946,#5954,.T.);
#5954 = LINE('',#5955,#5956);
#5955 = CARTESIAN_POINT('',(10.3,39.5,0.));
#5956 = VECTOR('',#5957,1.);
#5957 = DIRECTION('',(-0.,-0.,-1.));
#5958 = ORIENTED_EDGE('',*,*,#1761,.F.);
#5959 = PLANE('',#5960);
#5960 = AXIS2_PLACEMENT_3D('',#5961,#5962,#5963);
#5961 = CARTESIAN_POINT('',(9.9,39.5,0.));
#5962 = DIRECTION('',(0.,-1.,0.));
#5963 = DIRECTION('',(1.,0.,0.));
#5964 = ADVANCED_FACE('',(#5965),#5984,.F.);
#5965 = FACE_BOUND('',#5966,.F.);
#5966 = EDGE_LOOP('',(#5967,#5975,#5982,#5983));
#5967 = ORIENTED_EDGE('',*,*,#5968,.T.);
#5968 = EDGE_CURVE('',#1736,#5969,#5971,.T.);
#5969 = VERTEX_POINT('',#5970);
#5970 = CARTESIAN_POINT('',(10.8,45.,-1.1));
#5971 = LINE('',#5972,#5973);
#5972 = CARTESIAN_POINT('',(10.8,45.,0.));
#5973 = VECTOR('',#5974,1.);
#5974 = DIRECTION('',(-0.,-0.,-1.));
#5975 = ORIENTED_EDGE('',*,*,#5976,.T.);
#5976 = EDGE_CURVE('',#5969,#5921,#5977,.T.);
#5977 = CIRCLE('',#5978,0.5);
#5978 = AXIS2_PLACEMENT_3D('',#5979,#5980,#5981);
#5979 = CARTESIAN_POINT('',(10.3,45.,-1.1));
#5980 = DIRECTION('',(0.,0.,1.));
#5981 = DIRECTION('',(1.,0.,0.));
#5982 = ORIENTED_EDGE('',*,*,#5920,.F.);
#5983 = ORIENTED_EDGE('',*,*,#1735,.F.);
#5984 = CYLINDRICAL_SURFACE('',#5985,0.5);
#5985 = AXIS2_PLACEMENT_3D('',#5986,#5987,#5988);
#5986 = CARTESIAN_POINT('',(10.3,45.,0.));
#5987 = DIRECTION('',(0.,0.,1.));
#5988 = DIRECTION('',(1.,0.,0.));
#5989 = ADVANCED_FACE('',(#5990),#6009,.F.);
#5990 = FACE_BOUND('',#5991,.F.);
#5991 = EDGE_LOOP('',(#5992,#5993,#6002,#6008));
#5992 = ORIENTED_EDGE('',*,*,#5953,.T.);
#5993 = ORIENTED_EDGE('',*,*,#5994,.T.);
#5994 = EDGE_CURVE('',#5946,#5995,#5997,.T.);
#5995 = VERTEX_POINT('',#5996);
#5996 = CARTESIAN_POINT('',(10.8,40.,-1.1));
#5997 = CIRCLE('',#5998,0.5);
#5998 = AXIS2_PLACEMENT_3D('',#5999,#6000,#6001);
#5999 = CARTESIAN_POINT('',(10.3,40.,-1.1));
#6000 = DIRECTION('',(0.,0.,1.));
#6001 = DIRECTION('',(1.,0.,0.));
#6002 = ORIENTED_EDGE('',*,*,#6003,.F.);
#6003 = EDGE_CURVE('',#1745,#5995,#6004,.T.);
#6004 = LINE('',#6005,#6006);
#6005 = CARTESIAN_POINT('',(10.8,40.,0.));
#6006 = VECTOR('',#6007,1.);
#6007 = DIRECTION('',(-0.,-0.,-1.));
#6008 = ORIENTED_EDGE('',*,*,#1752,.F.);
#6009 = CYLINDRICAL_SURFACE('',#6010,0.5);
#6010 = AXIS2_PLACEMENT_3D('',#6011,#6012,#6013);
#6011 = CARTESIAN_POINT('',(10.3,40.,0.));
#6012 = DIRECTION('',(0.,0.,1.));
#6013 = DIRECTION('',(1.,0.,0.));
#6014 = ADVANCED_FACE('',(#6015),#6026,.F.);
#6015 = FACE_BOUND('',#6016,.F.);
#6016 = EDGE_LOOP('',(#6017,#6018,#6024,#6025));
#6017 = ORIENTED_EDGE('',*,*,#6003,.T.);
#6018 = ORIENTED_EDGE('',*,*,#6019,.T.);
#6019 = EDGE_CURVE('',#5995,#5969,#6020,.T.);
#6020 = LINE('',#6021,#6022);
#6021 = CARTESIAN_POINT('',(10.8,40.,-1.1));
#6022 = VECTOR('',#6023,1.);
#6023 = DIRECTION('',(0.,1.,0.));
#6024 = ORIENTED_EDGE('',*,*,#5968,.F.);
#6025 = ORIENTED_EDGE('',*,*,#1744,.F.);
#6026 = PLANE('',#6027);
#6027 = AXIS2_PLACEMENT_3D('',#6028,#6029,#6030);
#6028 = CARTESIAN_POINT('',(10.8,40.,0.));
#6029 = DIRECTION('',(1.,0.,0.));
#6030 = DIRECTION('',(0.,1.,0.));
#6031 = ADVANCED_FACE('',(#6032),#6057,.F.);
#6032 = FACE_BOUND('',#6033,.F.);
#6033 = EDGE_LOOP('',(#6034,#6042,#6050,#6056));
#6034 = ORIENTED_EDGE('',*,*,#6035,.T.);
#6035 = EDGE_CURVE('',#1779,#6036,#6038,.T.);
#6036 = VERTEX_POINT('',#6037);
#6037 = CARTESIAN_POINT('',(12.8,43.1,-1.1));
#6038 = LINE('',#6039,#6040);
#6039 = CARTESIAN_POINT('',(12.8,43.1,0.));
#6040 = VECTOR('',#6041,1.);
#6041 = DIRECTION('',(-0.,-0.,-1.));
#6042 = ORIENTED_EDGE('',*,*,#6043,.T.);
#6043 = EDGE_CURVE('',#6036,#6044,#6046,.T.);
#6044 = VERTEX_POINT('',#6045);
#6045 = CARTESIAN_POINT('',(12.8,39.9,-1.1));
#6046 = LINE('',#6047,#6048);
#6047 = CARTESIAN_POINT('',(12.8,43.1,-1.1));
#6048 = VECTOR('',#6049,1.);
#6049 = DIRECTION('',(0.,-1.,0.));
#6050 = ORIENTED_EDGE('',*,*,#6051,.F.);
#6051 = EDGE_CURVE('',#1781,#6044,#6052,.T.);
#6052 = LINE('',#6053,#6054);
#6053 = CARTESIAN_POINT('',(12.8,39.9,0.));
#6054 = VECTOR('',#6055,1.);
#6055 = DIRECTION('',(-0.,-0.,-1.));
#6056 = ORIENTED_EDGE('',*,*,#1778,.F.);
#6057 = PLANE('',#6058);
#6058 = AXIS2_PLACEMENT_3D('',#6059,#6060,#6061);
#6059 = CARTESIAN_POINT('',(12.8,43.1,0.));
#6060 = DIRECTION('',(-1.,0.,0.));
#6061 = DIRECTION('',(0.,-1.,0.));
#6062 = ADVANCED_FACE('',(#6063),#6082,.F.);
#6063 = FACE_BOUND('',#6064,.F.);
#6064 = EDGE_LOOP('',(#6065,#6073,#6080,#6081));
#6065 = ORIENTED_EDGE('',*,*,#6066,.T.);
#6066 = EDGE_CURVE('',#1789,#6067,#6069,.T.);
#6067 = VERTEX_POINT('',#6068);
#6068 = CARTESIAN_POINT('',(13.2,43.5,-1.1));
#6069 = LINE('',#6070,#6071);
#6070 = CARTESIAN_POINT('',(13.2,43.5,0.));
#6071 = VECTOR('',#6072,1.);
#6072 = DIRECTION('',(-0.,-0.,-1.));
#6073 = ORIENTED_EDGE('',*,*,#6074,.T.);
#6074 = EDGE_CURVE('',#6067,#6036,#6075,.T.);
#6075 = CIRCLE('',#6076,0.4);
#6076 = AXIS2_PLACEMENT_3D('',#6077,#6078,#6079);
#6077 = CARTESIAN_POINT('',(13.2,43.1,-1.1));
#6078 = DIRECTION('',(0.,0.,1.));
#6079 = DIRECTION('',(1.,0.,0.));
#6080 = ORIENTED_EDGE('',*,*,#6035,.F.);
#6081 = ORIENTED_EDGE('',*,*,#1788,.F.);
#6082 = CYLINDRICAL_SURFACE('',#6083,0.4);
#6083 = AXIS2_PLACEMENT_3D('',#6084,#6085,#6086);
#6084 = CARTESIAN_POINT('',(13.2,43.1,0.));
#6085 = DIRECTION('',(0.,0.,1.));
#6086 = DIRECTION('',(1.,0.,0.));
#6087 = ADVANCED_FACE('',(#6088),#6107,.F.);
#6088 = FACE_BOUND('',#6089,.F.);
#6089 = EDGE_LOOP('',(#6090,#6091,#6100,#6106));
#6090 = ORIENTED_EDGE('',*,*,#6051,.T.);
#6091 = ORIENTED_EDGE('',*,*,#6092,.T.);
#6092 = EDGE_CURVE('',#6044,#6093,#6095,.T.);
#6093 = VERTEX_POINT('',#6094);
#6094 = CARTESIAN_POINT('',(13.2,39.5,-1.1));
#6095 = CIRCLE('',#6096,0.4);
#6096 = AXIS2_PLACEMENT_3D('',#6097,#6098,#6099);
#6097 = CARTESIAN_POINT('',(13.2,39.9,-1.1));
#6098 = DIRECTION('',(0.,0.,1.));
#6099 = DIRECTION('',(1.,0.,0.));
#6100 = ORIENTED_EDGE('',*,*,#6101,.F.);
#6101 = EDGE_CURVE('',#1832,#6093,#6102,.T.);
#6102 = LINE('',#6103,#6104);
#6103 = CARTESIAN_POINT('',(13.2,39.5,0.));
#6104 = VECTOR('',#6105,1.);
#6105 = DIRECTION('',(-0.,-0.,-1.));
#6106 = ORIENTED_EDGE('',*,*,#1839,.F.);
#6107 = CYLINDRICAL_SURFACE('',#6108,0.4);
#6108 = AXIS2_PLACEMENT_3D('',#6109,#6110,#6111);
#6109 = CARTESIAN_POINT('',(13.2,39.9,0.));
#6110 = DIRECTION('',(0.,0.,1.));
#6111 = DIRECTION('',(1.,0.,0.));
#6112 = ADVANCED_FACE('',(#6113),#6131,.F.);
#6113 = FACE_BOUND('',#6114,.F.);
#6114 = EDGE_LOOP('',(#6115,#6123,#6129,#6130));
#6115 = ORIENTED_EDGE('',*,*,#6116,.T.);
#6116 = EDGE_CURVE('',#1798,#6117,#6119,.T.);
#6117 = VERTEX_POINT('',#6118);
#6118 = CARTESIAN_POINT('',(13.6,43.5,-1.1));
#6119 = LINE('',#6120,#6121);
#6120 = CARTESIAN_POINT('',(13.6,43.5,0.));
#6121 = VECTOR('',#6122,1.);
#6122 = DIRECTION('',(-0.,-0.,-1.));
#6123 = ORIENTED_EDGE('',*,*,#6124,.T.);
#6124 = EDGE_CURVE('',#6117,#6067,#6125,.T.);
#6125 = LINE('',#6126,#6127);
#6126 = CARTESIAN_POINT('',(13.6,43.5,-1.1));
#6127 = VECTOR('',#6128,1.);
#6128 = DIRECTION('',(-1.,0.,0.));
#6129 = ORIENTED_EDGE('',*,*,#6066,.F.);
#6130 = ORIENTED_EDGE('',*,*,#1797,.F.);
#6131 = PLANE('',#6132);
#6132 = AXIS2_PLACEMENT_3D('',#6133,#6134,#6135);
#6133 = CARTESIAN_POINT('',(13.6,43.5,0.));
#6134 = DIRECTION('',(0.,1.,0.));
#6135 = DIRECTION('',(-1.,0.,0.));
#6136 = ADVANCED_FACE('',(#6137),#6155,.F.);
#6137 = FACE_BOUND('',#6138,.F.);
#6138 = EDGE_LOOP('',(#6139,#6140,#6148,#6154));
#6139 = ORIENTED_EDGE('',*,*,#6101,.T.);
#6140 = ORIENTED_EDGE('',*,*,#6141,.T.);
#6141 = EDGE_CURVE('',#6093,#6142,#6144,.T.);
#6142 = VERTEX_POINT('',#6143);
#6143 = CARTESIAN_POINT('',(13.6,39.5,-1.1));
#6144 = LINE('',#6145,#6146);
#6145 = CARTESIAN_POINT('',(13.2,39.5,-1.1));
#6146 = VECTOR('',#6147,1.);
#6147 = DIRECTION('',(1.,0.,0.));
#6148 = ORIENTED_EDGE('',*,*,#6149,.F.);
#6149 = EDGE_CURVE('',#1823,#6142,#6150,.T.);
#6150 = LINE('',#6151,#6152);
#6151 = CARTESIAN_POINT('',(13.6,39.5,0.));
#6152 = VECTOR('',#6153,1.);
#6153 = DIRECTION('',(-0.,-0.,-1.));
#6154 = ORIENTED_EDGE('',*,*,#1831,.F.);
#6155 = PLANE('',#6156);
#6156 = AXIS2_PLACEMENT_3D('',#6157,#6158,#6159);
#6157 = CARTESIAN_POINT('',(13.2,39.5,0.));
#6158 = DIRECTION('',(0.,-1.,0.));
#6159 = DIRECTION('',(1.,0.,0.));
#6160 = ADVANCED_FACE('',(#6161),#6180,.F.);
#6161 = FACE_BOUND('',#6162,.F.);
#6162 = EDGE_LOOP('',(#6163,#6171,#6178,#6179));
#6163 = ORIENTED_EDGE('',*,*,#6164,.T.);
#6164 = EDGE_CURVE('',#1806,#6165,#6167,.T.);
#6165 = VERTEX_POINT('',#6166);
#6166 = CARTESIAN_POINT('',(14.,43.1,-1.1));
#6167 = LINE('',#6168,#6169);
#6168 = CARTESIAN_POINT('',(14.,43.1,0.));
#6169 = VECTOR('',#6170,1.);
#6170 = DIRECTION('',(-0.,-0.,-1.));
#6171 = ORIENTED_EDGE('',*,*,#6172,.T.);
#6172 = EDGE_CURVE('',#6165,#6117,#6173,.T.);
#6173 = CIRCLE('',#6174,0.4);
#6174 = AXIS2_PLACEMENT_3D('',#6175,#6176,#6177);
#6175 = CARTESIAN_POINT('',(13.6,43.1,-1.1));
#6176 = DIRECTION('',(0.,0.,1.));
#6177 = DIRECTION('',(1.,0.,0.));
#6178 = ORIENTED_EDGE('',*,*,#6116,.F.);
#6179 = ORIENTED_EDGE('',*,*,#1805,.F.);
#6180 = CYLINDRICAL_SURFACE('',#6181,0.4);
#6181 = AXIS2_PLACEMENT_3D('',#6182,#6183,#6184);
#6182 = CARTESIAN_POINT('',(13.6,43.1,0.));
#6183 = DIRECTION('',(0.,0.,1.));
#6184 = DIRECTION('',(1.,0.,0.));
#6185 = ADVANCED_FACE('',(#6186),#6205,.F.);
#6186 = FACE_BOUND('',#6187,.F.);
#6187 = EDGE_LOOP('',(#6188,#6189,#6198,#6204));
#6188 = ORIENTED_EDGE('',*,*,#6149,.T.);
#6189 = ORIENTED_EDGE('',*,*,#6190,.T.);
#6190 = EDGE_CURVE('',#6142,#6191,#6193,.T.);
#6191 = VERTEX_POINT('',#6192);
#6192 = CARTESIAN_POINT('',(14.,39.9,-1.1));
#6193 = CIRCLE('',#6194,0.4);
#6194 = AXIS2_PLACEMENT_3D('',#6195,#6196,#6197);
#6195 = CARTESIAN_POINT('',(13.6,39.9,-1.1));
#6196 = DIRECTION('',(0.,0.,1.));
#6197 = DIRECTION('',(1.,0.,0.));
#6198 = ORIENTED_EDGE('',*,*,#6199,.F.);
#6199 = EDGE_CURVE('',#1815,#6191,#6200,.T.);
#6200 = LINE('',#6201,#6202);
#6201 = CARTESIAN_POINT('',(14.,39.9,0.));
#6202 = VECTOR('',#6203,1.);
#6203 = DIRECTION('',(-0.,-0.,-1.));
#6204 = ORIENTED_EDGE('',*,*,#1822,.F.);
#6205 = CYLINDRICAL_SURFACE('',#6206,0.4);
#6206 = AXIS2_PLACEMENT_3D('',#6207,#6208,#6209);
#6207 = CARTESIAN_POINT('',(13.6,39.9,0.));
#6208 = DIRECTION('',(0.,0.,1.));
#6209 = DIRECTION('',(1.,0.,0.));
#6210 = ADVANCED_FACE('',(#6211),#6222,.F.);
#6211 = FACE_BOUND('',#6212,.F.);
#6212 = EDGE_LOOP('',(#6213,#6214,#6220,#6221));
#6213 = ORIENTED_EDGE('',*,*,#6199,.T.);
#6214 = ORIENTED_EDGE('',*,*,#6215,.T.);
#6215 = EDGE_CURVE('',#6191,#6165,#6216,.T.);
#6216 = LINE('',#6217,#6218);
#6217 = CARTESIAN_POINT('',(14.,39.9,-1.1));
#6218 = VECTOR('',#6219,1.);
#6219 = DIRECTION('',(0.,1.,0.));
#6220 = ORIENTED_EDGE('',*,*,#6164,.F.);
#6221 = ORIENTED_EDGE('',*,*,#1814,.F.);
#6222 = PLANE('',#6223);
#6223 = AXIS2_PLACEMENT_3D('',#6224,#6225,#6226);
#6224 = CARTESIAN_POINT('',(14.,39.9,0.));
#6225 = DIRECTION('',(1.,0.,0.));
#6226 = DIRECTION('',(0.,1.,0.));
#6227 = ADVANCED_FACE('',(#6228),#6246,.F.);
#6228 = FACE_BOUND('',#6229,.F.);
#6229 = EDGE_LOOP('',(#6230,#6239,#6244,#6245));
#6230 = ORIENTED_EDGE('',*,*,#6231,.T.);
#6231 = EDGE_CURVE('',#6232,#6232,#6234,.T.);
#6232 = VERTEX_POINT('',#6233);
#6233 = CARTESIAN_POINT('',(27.2,40.6,-7.));
#6234 = CIRCLE('',#6235,0.9);
#6235 = AXIS2_PLACEMENT_3D('',#6236,#6237,#6238);
#6236 = CARTESIAN_POINT('',(26.3,40.6,-7.));
#6237 = DIRECTION('',(0.,0.,1.));
#6238 = DIRECTION('',(1.,0.,0.));
#6239 = ORIENTED_EDGE('',*,*,#6240,.T.);
#6240 = EDGE_CURVE('',#6232,#1849,#6241,.T.);
#6241 = B_SPLINE_CURVE_WITH_KNOTS('',1,(#6242,#6243),.UNSPECIFIED.,.F.,
  .F.,(2,2),(-7.,0.),.PIECEWISE_BEZIER_KNOTS.);
#6242 = CARTESIAN_POINT('',(27.2,40.6,-7.));
#6243 = CARTESIAN_POINT('',(27.2,40.6,0.));
#6244 = ORIENTED_EDGE('',*,*,#1848,.F.);
#6245 = ORIENTED_EDGE('',*,*,#6240,.F.);
#6246 = CYLINDRICAL_SURFACE('',#6247,0.9);
#6247 = AXIS2_PLACEMENT_3D('',#6248,#6249,#6250);
#6248 = CARTESIAN_POINT('',(26.3,40.6,0.));
#6249 = DIRECTION('',(0.,0.,1.));
#6250 = DIRECTION('',(1.,0.,0.));
#6251 = ADVANCED_FACE('',(#6252),#6270,.F.);
#6252 = FACE_BOUND('',#6253,.F.);
#6253 = EDGE_LOOP('',(#6254,#6263,#6268,#6269));
#6254 = ORIENTED_EDGE('',*,*,#6255,.T.);
#6255 = EDGE_CURVE('',#6256,#6256,#6258,.T.);
#6256 = VERTEX_POINT('',#6257);
#6257 = CARTESIAN_POINT('',(29.4,40.6,-7.));
#6258 = CIRCLE('',#6259,0.9);
#6259 = AXIS2_PLACEMENT_3D('',#6260,#6261,#6262);
#6260 = CARTESIAN_POINT('',(28.5,40.6,-7.));
#6261 = DIRECTION('',(0.,0.,1.));
#6262 = DIRECTION('',(1.,0.,0.));
#6263 = ORIENTED_EDGE('',*,*,#6264,.T.);
#6264 = EDGE_CURVE('',#6256,#1860,#6265,.T.);
#6265 = B_SPLINE_CURVE_WITH_KNOTS('',1,(#6266,#6267),.UNSPECIFIED.,.F.,
  .F.,(2,2),(-7.,0.),.PIECEWISE_BEZIER_KNOTS.);
#6266 = CARTESIAN_POINT('',(29.4,40.6,-7.));
#6267 = CARTESIAN_POINT('',(29.4,40.6,0.));
#6268 = ORIENTED_EDGE('',*,*,#1859,.F.);
#6269 = ORIENTED_EDGE('',*,*,#6264,.F.);
#6270 = CYLINDRICAL_SURFACE('',#6271,0.9);
#6271 = AXIS2_PLACEMENT_3D('',#6272,#6273,#6274);
#6272 = CARTESIAN_POINT('',(28.5,40.6,0.));
#6273 = DIRECTION('',(0.,0.,1.));
#6274 = DIRECTION('',(1.,0.,0.));
#6275 = ADVANCED_FACE('',(#6276),#6327,.T.);
#6276 = FACE_BOUND('',#6277,.T.);
#6277 = EDGE_LOOP('',(#6278,#6279,#6287,#6295,#6303,#6311,#6320,#6326));
#6278 = ORIENTED_EDGE('',*,*,#2491,.F.);
#6279 = ORIENTED_EDGE('',*,*,#6280,.T.);
#6280 = EDGE_CURVE('',#2492,#6281,#6283,.T.);
#6281 = VERTEX_POINT('',#6282);
#6282 = CARTESIAN_POINT('',(27.15,45.75,-2.2));
#6283 = LINE('',#6284,#6285);
#6284 = CARTESIAN_POINT('',(27.15,45.75,-6.7));
#6285 = VECTOR('',#6286,1.);
#6286 = DIRECTION('',(0.,0.,1.));
#6287 = ORIENTED_EDGE('',*,*,#6288,.T.);
#6288 = EDGE_CURVE('',#6281,#6289,#6291,.T.);
#6289 = VERTEX_POINT('',#6290);
#6290 = CARTESIAN_POINT('',(-27.15,45.75,-2.2));
#6291 = LINE('',#6292,#6293);
#6292 = CARTESIAN_POINT('',(27.15,45.75,-2.2));
#6293 = VECTOR('',#6294,1.);
#6294 = DIRECTION('',(-1.,0.,0.));
#6295 = ORIENTED_EDGE('',*,*,#6296,.F.);
#6296 = EDGE_CURVE('',#6297,#6289,#6299,.T.);
#6297 = VERTEX_POINT('',#6298);
#6298 = CARTESIAN_POINT('',(-27.15,45.75,-5.3));
#6299 = LINE('',#6300,#6301);
#6300 = CARTESIAN_POINT('',(-27.15,45.75,-6.7));
#6301 = VECTOR('',#6302,1.);
#6302 = DIRECTION('',(0.,0.,1.));
#6303 = ORIENTED_EDGE('',*,*,#6304,.F.);
#6304 = EDGE_CURVE('',#6305,#6297,#6307,.T.);
#6305 = VERTEX_POINT('',#6306);
#6306 = CARTESIAN_POINT('',(5.094500066649,45.75,-5.3));
#6307 = LINE('',#6308,#6309);
#6308 = CARTESIAN_POINT('',(27.149999999998,45.75,-5.3));
#6309 = VECTOR('',#6310,1.);
#6310 = DIRECTION('',(-1.,0.,0.));
#6311 = ORIENTED_EDGE('',*,*,#6312,.F.);
#6312 = EDGE_CURVE('',#6313,#6305,#6315,.T.);
#6313 = VERTEX_POINT('',#6314);
#6314 = CARTESIAN_POINT('',(8.845499933351,45.75,-5.3));
#6315 = CIRCLE('',#6316,2.2);
#6316 = AXIS2_PLACEMENT_3D('',#6317,#6318,#6319);
#6317 = CARTESIAN_POINT('',(6.97,45.75,-6.45));
#6318 = DIRECTION('',(0.,-1.,0.));
#6319 = DIRECTION('',(1.,0.,0.));
#6320 = ORIENTED_EDGE('',*,*,#6321,.F.);
#6321 = EDGE_CURVE('',#2015,#6313,#6322,.T.);
#6322 = LINE('',#6323,#6324);
#6323 = CARTESIAN_POINT('',(27.149999999998,45.75,-5.3));
#6324 = VECTOR('',#6325,1.);
#6325 = DIRECTION('',(-1.,0.,0.));
#6326 = ORIENTED_EDGE('',*,*,#2014,.F.);
#6327 = PLANE('',#6328);
#6328 = AXIS2_PLACEMENT_3D('',#6329,#6330,#6331);
#6329 = CARTESIAN_POINT('',(27.15,45.75,-6.7));
#6330 = DIRECTION('',(0.,-1.,0.));
#6331 = DIRECTION('',(-1.,0.,0.));
#6332 = ADVANCED_FACE('',(#6333),#6351,.F.);
#6333 = FACE_BOUND('',#6334,.F.);
#6334 = EDGE_LOOP('',(#6335,#6336,#6337,#6345));
#6335 = ORIENTED_EDGE('',*,*,#6321,.F.);
#6336 = ORIENTED_EDGE('',*,*,#2023,.T.);
#6337 = ORIENTED_EDGE('',*,*,#6338,.T.);
#6338 = EDGE_CURVE('',#2024,#6339,#6341,.T.);
#6339 = VERTEX_POINT('',#6340);
#6340 = CARTESIAN_POINT('',(8.845499933351,47.321203273864,-5.3));
#6341 = LINE('',#6342,#6343);
#6342 = CARTESIAN_POINT('',(27.149999999997,47.321203273864,-5.3));
#6343 = VECTOR('',#6344,1.);
#6344 = DIRECTION('',(-1.,0.,0.));
#6345 = ORIENTED_EDGE('',*,*,#6346,.F.);
#6346 = EDGE_CURVE('',#6313,#6339,#6347,.T.);
#6347 = LINE('',#6348,#6349);
#6348 = CARTESIAN_POINT('',(8.845499933351,47.95,-5.3));
#6349 = VECTOR('',#6350,1.);
#6350 = DIRECTION('',(0.,1.,-2.2E-16));
#6351 = PLANE('',#6352);
#6352 = AXIS2_PLACEMENT_3D('',#6353,#6354,#6355);
#6353 = CARTESIAN_POINT('',(27.149999999997,36.75,-5.3));
#6354 = DIRECTION('',(0.,0.,1.));
#6355 = DIRECTION('',(1.,0.,0.));
#6356 = ADVANCED_FACE('',(#6357),#6385,.F.);
#6357 = FACE_BOUND('',#6358,.F.);
#6358 = EDGE_LOOP('',(#6359,#6360,#6368,#6377,#6384));
#6359 = ORIENTED_EDGE('',*,*,#2031,.F.);
#6360 = ORIENTED_EDGE('',*,*,#6361,.T.);
#6361 = EDGE_CURVE('',#2032,#6362,#6364,.T.);
#6362 = VERTEX_POINT('',#6363);
#6363 = CARTESIAN_POINT('',(9.155749299439,46.95,-6.7));
#6364 = LINE('',#6365,#6366);
#6365 = CARTESIAN_POINT('',(27.149999999997,46.95,-6.7));
#6366 = VECTOR('',#6367,1.);
#6367 = DIRECTION('',(-1.,0.,0.));
#6368 = ORIENTED_EDGE('',*,*,#6369,.F.);
#6369 = EDGE_CURVE('',#6370,#6362,#6372,.T.);
#6370 = VERTEX_POINT('',#6371);
#6371 = CARTESIAN_POINT('',(9.17,47.016286298904,-6.45));
#6372 = ELLIPSE('',#6373,2.27601879558,2.2);
#6373 = AXIS2_PLACEMENT_3D('',#6374,#6375,#6376);
#6374 = CARTESIAN_POINT('',(6.97,47.016286298904,-6.45));
#6375 = DIRECTION('',(0.,0.966600102017,-0.256289373133));
#6376 = DIRECTION('',(0.,0.256289373133,0.966600102017));
#6377 = ORIENTED_EDGE('',*,*,#6378,.F.);
#6378 = EDGE_CURVE('',#6339,#6370,#6379,.T.);
#6379 = ELLIPSE('',#6380,2.27601879558,2.2);
#6380 = AXIS2_PLACEMENT_3D('',#6381,#6382,#6383);
#6381 = CARTESIAN_POINT('',(6.97,47.016286298904,-6.45));
#6382 = DIRECTION('',(0.,0.966600102017,-0.256289373133));
#6383 = DIRECTION('',(0.,0.256289373133,0.966600102017));
#6384 = ORIENTED_EDGE('',*,*,#6338,.F.);
#6385 = PLANE('',#6386);
#6386 = AXIS2_PLACEMENT_3D('',#6387,#6388,#6389);
#6387 = CARTESIAN_POINT('',(27.149999999997,47.321203273864,-5.3));
#6388 = DIRECTION('',(0.,0.966600102017,-0.256289373133));
#6389 = DIRECTION('',(-1.,0.,0.));
#6390 = ADVANCED_FACE('',(#6391),#6402,.F.);
#6391 = FACE_BOUND('',#6392,.F.);
#6392 = EDGE_LOOP('',(#6393,#6394,#6395,#6401));
#6393 = ORIENTED_EDGE('',*,*,#2040,.T.);
#6394 = ORIENTED_EDGE('',*,*,#2101,.T.);
#6395 = ORIENTED_EDGE('',*,*,#6396,.F.);
#6396 = EDGE_CURVE('',#6362,#2102,#6397,.T.);
#6397 = LINE('',#6398,#6399);
#6398 = CARTESIAN_POINT('',(9.155749299439,47.95,-6.7));
#6399 = VECTOR('',#6400,1.);
#6400 = DIRECTION('',(0.,1.,-2.2E-16));
#6401 = ORIENTED_EDGE('',*,*,#6361,.F.);
#6402 = PLANE('',#6403);
#6403 = AXIS2_PLACEMENT_3D('',#6404,#6405,#6406);
#6404 = CARTESIAN_POINT('',(-1.84E-15,-9.7E-15,-6.7));
#6405 = DIRECTION('',(0.,0.,1.));
#6406 = DIRECTION('',(1.,0.,0.));
#6407 = ADVANCED_FACE('',(#6408),#6420,.T.);
#6408 = FACE_BOUND('',#6409,.T.);
#6409 = EDGE_LOOP('',(#6410,#6411,#6418,#6419));
#6410 = ORIENTED_EDGE('',*,*,#2074,.T.);
#6411 = ORIENTED_EDGE('',*,*,#6412,.T.);
#6412 = EDGE_CURVE('',#2077,#2169,#6413,.T.);
#6413 = CIRCLE('',#6414,11.2);
#6414 = AXIS2_PLACEMENT_3D('',#6415,#6416,#6417);
#6415 = CARTESIAN_POINT('',(-27.15,36.75,-6.7));
#6416 = DIRECTION('',(0.,0.,1.));
#6417 = DIRECTION('',(1.,0.,0.));
#6418 = ORIENTED_EDGE('',*,*,#2168,.F.);
#6419 = ORIENTED_EDGE('',*,*,#2735,.F.);
#6420 = CYLINDRICAL_SURFACE('',#6421,11.2);
#6421 = AXIS2_PLACEMENT_3D('',#6422,#6423,#6424);
#6422 = CARTESIAN_POINT('',(-27.15,36.75,0.));
#6423 = DIRECTION('',(0.,0.,1.));
#6424 = DIRECTION('',(1.,0.,0.));
#6425 = ADVANCED_FACE('',(#6426),#6486,.F.);
#6426 = FACE_BOUND('',#6427,.F.);
#6427 = EDGE_LOOP('',(#6428,#6436,#6437,#6438,#6439,#6447,#6455,#6463,
    #6471,#6480));
#6428 = ORIENTED_EDGE('',*,*,#6429,.T.);
#6429 = EDGE_CURVE('',#6430,#2119,#6432,.T.);
#6430 = VERTEX_POINT('',#6431);
#6431 = CARTESIAN_POINT('',(4.784250700561,46.95,-6.7));
#6432 = LINE('',#6433,#6434);
#6433 = CARTESIAN_POINT('',(4.784250700561,47.95,-6.7));
#6434 = VECTOR('',#6435,1.);
#6435 = DIRECTION('',(0.,1.,-2.2E-16));
#6436 = ORIENTED_EDGE('',*,*,#2127,.T.);
#6437 = ORIENTED_EDGE('',*,*,#6412,.T.);
#6438 = ORIENTED_EDGE('',*,*,#2176,.T.);
#6439 = ORIENTED_EDGE('',*,*,#6440,.T.);
#6440 = EDGE_CURVE('',#2177,#6441,#6443,.T.);
#6441 = VERTEX_POINT('',#6442);
#6442 = CARTESIAN_POINT('',(-37.52120327386,30.45,-6.7));
#6443 = LINE('',#6444,#6445);
#6444 = CARTESIAN_POINT('',(-19.175,30.45,-6.7));
#6445 = VECTOR('',#6446,1.);
#6446 = DIRECTION('',(1.,0.,0.));
#6447 = ORIENTED_EDGE('',*,*,#6448,.T.);
#6448 = EDGE_CURVE('',#6441,#6449,#6451,.T.);
#6449 = VERTEX_POINT('',#6450);
#6450 = CARTESIAN_POINT('',(-37.52120327386,32.25,-6.7));
#6451 = LINE('',#6452,#6453);
#6452 = CARTESIAN_POINT('',(-37.52120327386,13.425,-6.7));
#6453 = VECTOR('',#6454,1.);
#6454 = DIRECTION('',(0.,1.,0.));
#6455 = ORIENTED_EDGE('',*,*,#6456,.T.);
#6456 = EDGE_CURVE('',#6449,#6457,#6459,.T.);
#6457 = VERTEX_POINT('',#6458);
#6458 = CARTESIAN_POINT('',(-37.35,32.25,-6.7));
#6459 = LINE('',#6460,#6461);
#6460 = CARTESIAN_POINT('',(-18.76060163693,32.25,-6.7));
#6461 = VECTOR('',#6462,1.);
#6462 = DIRECTION('',(1.,0.,0.));
#6463 = ORIENTED_EDGE('',*,*,#6464,.F.);
#6464 = EDGE_CURVE('',#6465,#6457,#6467,.T.);
#6465 = VERTEX_POINT('',#6466);
#6466 = CARTESIAN_POINT('',(-37.35,36.75,-6.7));
#6467 = LINE('',#6468,#6469);
#6468 = CARTESIAN_POINT('',(-37.35,36.75,-6.7));
#6469 = VECTOR('',#6470,1.);
#6470 = DIRECTION('',(0.,-1.,0.));
#6471 = ORIENTED_EDGE('',*,*,#6472,.F.);
#6472 = EDGE_CURVE('',#6473,#6465,#6475,.T.);
#6473 = VERTEX_POINT('',#6474);
#6474 = CARTESIAN_POINT('',(-27.15,46.95,-6.7));
#6475 = CIRCLE('',#6476,10.2);
#6476 = AXIS2_PLACEMENT_3D('',#6477,#6478,#6479);
#6477 = CARTESIAN_POINT('',(-27.15,36.75,-6.7));
#6478 = DIRECTION('',(0.,0.,1.));
#6479 = DIRECTION('',(1.,0.,0.));
#6480 = ORIENTED_EDGE('',*,*,#6481,.F.);
#6481 = EDGE_CURVE('',#6430,#6473,#6482,.T.);
#6482 = LINE('',#6483,#6484);
#6483 = CARTESIAN_POINT('',(27.149999999997,46.95,-6.7));
#6484 = VECTOR('',#6485,1.);
#6485 = DIRECTION('',(-1.,0.,0.));
#6486 = PLANE('',#6487);
#6487 = AXIS2_PLACEMENT_3D('',#6488,#6489,#6490);
#6488 = CARTESIAN_POINT('',(-1.84E-15,-9.7E-15,-6.7));
#6489 = DIRECTION('',(0.,0.,1.));
#6490 = DIRECTION('',(1.,0.,0.));
#6491 = ADVANCED_FACE('',(#6492),#6517,.F.);
#6492 = FACE_BOUND('',#6493,.T.);
#6493 = EDGE_LOOP('',(#6494,#6495,#6496,#6497,#6498,#6499,#6500,#6508,
    #6515,#6516));
#6494 = ORIENTED_EDGE('',*,*,#2109,.F.);
#6495 = ORIENTED_EDGE('',*,*,#6396,.F.);
#6496 = ORIENTED_EDGE('',*,*,#6369,.F.);
#6497 = ORIENTED_EDGE('',*,*,#6378,.F.);
#6498 = ORIENTED_EDGE('',*,*,#6346,.F.);
#6499 = ORIENTED_EDGE('',*,*,#6312,.T.);
#6500 = ORIENTED_EDGE('',*,*,#6501,.T.);
#6501 = EDGE_CURVE('',#6305,#6502,#6504,.T.);
#6502 = VERTEX_POINT('',#6503);
#6503 = CARTESIAN_POINT('',(5.094500066649,47.321203273864,-5.3));
#6504 = LINE('',#6505,#6506);
#6505 = CARTESIAN_POINT('',(5.094500066649,47.95,-5.3));
#6506 = VECTOR('',#6507,1.);
#6507 = DIRECTION('',(0.,1.,-2.2E-16));
#6508 = ORIENTED_EDGE('',*,*,#6509,.F.);
#6509 = EDGE_CURVE('',#6430,#6502,#6510,.T.);
#6510 = ELLIPSE('',#6511,2.27601879558,2.2);
#6511 = AXIS2_PLACEMENT_3D('',#6512,#6513,#6514);
#6512 = CARTESIAN_POINT('',(6.97,47.016286298904,-6.45));
#6513 = DIRECTION('',(0.,0.966600102017,-0.256289373133));
#6514 = DIRECTION('',(0.,0.256289373133,0.966600102017));
#6515 = ORIENTED_EDGE('',*,*,#6429,.T.);
#6516 = ORIENTED_EDGE('',*,*,#2118,.F.);
#6517 = CYLINDRICAL_SURFACE('',#6518,2.2);
#6518 = AXIS2_PLACEMENT_3D('',#6519,#6520,#6521);
#6519 = CARTESIAN_POINT('',(6.97,47.95,-6.45));
#6520 = DIRECTION('',(0.,1.,-2.2E-16));
#6521 = DIRECTION('',(1.,0.,0.));
#6522 = ADVANCED_FACE('',(#6523),#6541,.T.);
#6523 = FACE_BOUND('',#6524,.T.);
#6524 = EDGE_LOOP('',(#6525,#6526,#6534,#6540));
#6525 = ORIENTED_EDGE('',*,*,#2256,.F.);
#6526 = ORIENTED_EDGE('',*,*,#6527,.T.);
#6527 = EDGE_CURVE('',#2249,#6528,#6530,.T.);
#6528 = VERTEX_POINT('',#6529);
#6529 = CARTESIAN_POINT('',(-37.52120327386,9.829999999963,-2.2));
#6530 = LINE('',#6531,#6532);
#6531 = CARTESIAN_POINT('',(-38.35,9.829999999963,-2.2));
#6532 = VECTOR('',#6533,1.);
#6533 = DIRECTION('',(1.,0.,0.));
#6534 = ORIENTED_EDGE('',*,*,#6535,.T.);
#6535 = EDGE_CURVE('',#6528,#2402,#6536,.T.);
#6536 = LINE('',#6537,#6538);
#6537 = CARTESIAN_POINT('',(-37.52120327386,6.308579648101,-2.2));
#6538 = VECTOR('',#6539,1.);
#6539 = DIRECTION('',(0.,-1.,0.));
#6540 = ORIENTED_EDGE('',*,*,#2401,.F.);
#6541 = PLANE('',#6542);
#6542 = AXIS2_PLACEMENT_3D('',#6543,#6544,#6545);
#6543 = CARTESIAN_POINT('',(-1.626769345472,0.687159296201,-2.2));
#6544 = DIRECTION('',(-0.,-0.,-1.));
#6545 = DIRECTION('',(-1.,0.,0.));
#6546 = ADVANCED_FACE('',(#6547),#6589,.T.);
#6547 = FACE_BOUND('',#6548,.T.);
#6548 = EDGE_LOOP('',(#6549,#6550,#6551,#6559,#6567,#6575,#6583));
#6549 = ORIENTED_EDGE('',*,*,#2184,.F.);
#6550 = ORIENTED_EDGE('',*,*,#6440,.T.);
#6551 = ORIENTED_EDGE('',*,*,#6552,.T.);
#6552 = EDGE_CURVE('',#6441,#6553,#6555,.T.);
#6553 = VERTEX_POINT('',#6554);
#6554 = CARTESIAN_POINT('',(-37.52120327386,30.45,-6.054303692112));
#6555 = LINE('',#6556,#6557);
#6556 = CARTESIAN_POINT('',(-37.52120327386,30.45,-7.9));
#6557 = VECTOR('',#6558,1.);
#6558 = DIRECTION('',(0.,0.,1.));
#6559 = ORIENTED_EDGE('',*,*,#6560,.T.);
#6560 = EDGE_CURVE('',#6553,#6561,#6563,.T.);
#6561 = VERTEX_POINT('',#6562);
#6562 = CARTESIAN_POINT('',(-37.72120327386,30.45,-5.3));
#6563 = LINE('',#6564,#6565);
#6564 = CARTESIAN_POINT('',(-37.18446329028,30.45,-7.324324756581));
#6565 = VECTOR('',#6566,1.);
#6566 = DIRECTION('',(-0.256289373133,0.,0.966600102017));
#6567 = ORIENTED_EDGE('',*,*,#6568,.T.);
#6568 = EDGE_CURVE('',#6561,#6569,#6571,.T.);
#6569 = VERTEX_POINT('',#6570);
#6570 = CARTESIAN_POINT('',(-37.52120327386,30.45,-5.3));
#6571 = LINE('',#6572,#6573);
#6572 = CARTESIAN_POINT('',(-5.600000000002,30.45,-5.3));
#6573 = VECTOR('',#6574,1.);
#6574 = DIRECTION('',(1.,0.,0.));
#6575 = ORIENTED_EDGE('',*,*,#6576,.T.);
#6576 = EDGE_CURVE('',#6569,#6577,#6579,.T.);
#6577 = VERTEX_POINT('',#6578);
#6578 = CARTESIAN_POINT('',(-37.52120327386,30.45,-2.2));
#6579 = LINE('',#6580,#6581);
#6580 = CARTESIAN_POINT('',(-37.52120327386,30.45,-7.9));
#6581 = VECTOR('',#6582,1.);
#6582 = DIRECTION('',(0.,0.,1.));
#6583 = ORIENTED_EDGE('',*,*,#6584,.F.);
#6584 = EDGE_CURVE('',#2185,#6577,#6585,.T.);
#6585 = LINE('',#6586,#6587);
#6586 = CARTESIAN_POINT('',(-38.35,30.45,-2.2));
#6587 = VECTOR('',#6588,1.);
#6588 = DIRECTION('',(1.,0.,0.));
#6589 = PLANE('',#6590);
#6590 = AXIS2_PLACEMENT_3D('',#6591,#6592,#6593);
#6591 = CARTESIAN_POINT('',(-38.35,30.45,-9.8));
#6592 = DIRECTION('',(0.,-1.,0.));
#6593 = DIRECTION('',(0.,0.,1.));
#6594 = ADVANCED_FACE('',(#6595),#6637,.T.);
#6595 = FACE_BOUND('',#6596,.T.);
#6596 = EDGE_LOOP('',(#6597,#6598,#6606,#6614,#6622,#6630,#6636));
#6597 = ORIENTED_EDGE('',*,*,#2248,.F.);
#6598 = ORIENTED_EDGE('',*,*,#6599,.T.);
#6599 = EDGE_CURVE('',#2241,#6600,#6602,.T.);
#6600 = VERTEX_POINT('',#6601);
#6601 = CARTESIAN_POINT('',(-37.52120327386,9.829999999963,-6.7));
#6602 = LINE('',#6603,#6604);
#6603 = CARTESIAN_POINT('',(-19.175,9.829999999963,-6.7));
#6604 = VECTOR('',#6605,1.);
#6605 = DIRECTION('',(1.,0.,0.));
#6606 = ORIENTED_EDGE('',*,*,#6607,.T.);
#6607 = EDGE_CURVE('',#6600,#6608,#6610,.T.);
#6608 = VERTEX_POINT('',#6609);
#6609 = CARTESIAN_POINT('',(-37.52120327386,9.829999999963,
    -6.054303692112));
#6610 = LINE('',#6611,#6612);
#6611 = CARTESIAN_POINT('',(-37.52120327386,9.829999999963,-7.9));
#6612 = VECTOR('',#6613,1.);
#6613 = DIRECTION('',(0.,0.,1.));
#6614 = ORIENTED_EDGE('',*,*,#6615,.T.);
#6615 = EDGE_CURVE('',#6608,#6616,#6618,.T.);
#6616 = VERTEX_POINT('',#6617);
#6617 = CARTESIAN_POINT('',(-37.72120327386,9.829999999963,-5.3));
#6618 = LINE('',#6619,#6620);
#6619 = CARTESIAN_POINT('',(-37.18446329028,9.829999999963,
    -7.324324756581));
#6620 = VECTOR('',#6621,1.);
#6621 = DIRECTION('',(-0.256289373133,0.,0.966600102017));
#6622 = ORIENTED_EDGE('',*,*,#6623,.T.);
#6623 = EDGE_CURVE('',#6616,#6624,#6626,.T.);
#6624 = VERTEX_POINT('',#6625);
#6625 = CARTESIAN_POINT('',(-37.52120327386,9.829999999963,-5.3));
#6626 = LINE('',#6627,#6628);
#6627 = CARTESIAN_POINT('',(-5.600000000002,9.829999999963,-5.3));
#6628 = VECTOR('',#6629,1.);
#6629 = DIRECTION('',(1.,0.,0.));
#6630 = ORIENTED_EDGE('',*,*,#6631,.T.);
#6631 = EDGE_CURVE('',#6624,#6528,#6632,.T.);
#6632 = LINE('',#6633,#6634);
#6633 = CARTESIAN_POINT('',(-37.52120327386,9.829999999963,-7.9));
#6634 = VECTOR('',#6635,1.);
#6635 = DIRECTION('',(0.,0.,1.));
#6636 = ORIENTED_EDGE('',*,*,#6527,.F.);
#6637 = PLANE('',#6638);
#6638 = AXIS2_PLACEMENT_3D('',#6639,#6640,#6641);
#6639 = CARTESIAN_POINT('',(-38.35,9.829999999963,-9.8));
#6640 = DIRECTION('',(0.,-1.,0.));
#6641 = DIRECTION('',(0.,0.,1.));
#6642 = ADVANCED_FACE('',(#6643),#6661,.T.);
#6643 = FACE_BOUND('',#6644,.T.);
#6644 = EDGE_LOOP('',(#6645,#6653,#6659,#6660));
#6645 = ORIENTED_EDGE('',*,*,#6646,.T.);
#6646 = EDGE_CURVE('',#6577,#6647,#6649,.T.);
#6647 = VERTEX_POINT('',#6648);
#6648 = CARTESIAN_POINT('',(-37.52120327386,23.25,-2.2));
#6649 = LINE('',#6650,#6651);
#6650 = CARTESIAN_POINT('',(-37.52120327386,13.7685796481,-2.2));
#6651 = VECTOR('',#6652,1.);
#6652 = DIRECTION('',(0.,-1.,0.));
#6653 = ORIENTED_EDGE('',*,*,#6654,.F.);
#6654 = EDGE_CURVE('',#2193,#6647,#6655,.T.);
#6655 = LINE('',#6656,#6657);
#6656 = CARTESIAN_POINT('',(-38.35,23.25,-2.2));
#6657 = VECTOR('',#6658,1.);
#6658 = DIRECTION('',(1.,0.,0.));
#6659 = ORIENTED_EDGE('',*,*,#2192,.F.);
#6660 = ORIENTED_EDGE('',*,*,#6584,.T.);
#6661 = PLANE('',#6662);
#6662 = AXIS2_PLACEMENT_3D('',#6663,#6664,#6665);
#6663 = CARTESIAN_POINT('',(-1.626769345472,0.687159296201,-2.2));
#6664 = DIRECTION('',(-0.,-0.,-1.));
#6665 = DIRECTION('',(-1.,0.,0.));
#6666 = ADVANCED_FACE('',(#6667),#6717,.F.);
#6667 = FACE_BOUND('',#6668,.F.);
#6668 = EDGE_LOOP('',(#6669,#6677,#6678,#6679,#6687,#6695,#6703,#6711));
#6669 = ORIENTED_EDGE('',*,*,#6670,.T.);
#6670 = EDGE_CURVE('',#6671,#2233,#6673,.T.);
#6671 = VERTEX_POINT('',#6672);
#6672 = CARTESIAN_POINT('',(-37.52120327386,14.03,-6.7));
#6673 = LINE('',#6674,#6675);
#6674 = CARTESIAN_POINT('',(-19.175,14.03,-6.7));
#6675 = VECTOR('',#6676,1.);
#6676 = DIRECTION('',(-1.,0.,0.));
#6677 = ORIENTED_EDGE('',*,*,#2240,.T.);
#6678 = ORIENTED_EDGE('',*,*,#6599,.T.);
#6679 = ORIENTED_EDGE('',*,*,#6680,.T.);
#6680 = EDGE_CURVE('',#6600,#6681,#6683,.T.);
#6681 = VERTEX_POINT('',#6682);
#6682 = CARTESIAN_POINT('',(-37.52120327386,10.829999999999,-6.7));
#6683 = LINE('',#6684,#6685);
#6684 = CARTESIAN_POINT('',(-37.52120327386,5.965,-6.7));
#6685 = VECTOR('',#6686,1.);
#6686 = DIRECTION('',(0.,1.,0.));
#6687 = ORIENTED_EDGE('',*,*,#6688,.T.);
#6688 = EDGE_CURVE('',#6681,#6689,#6691,.T.);
#6689 = VERTEX_POINT('',#6690);
#6690 = CARTESIAN_POINT('',(-37.35,10.829999999999,-6.7));
#6691 = LINE('',#6692,#6693);
#6692 = CARTESIAN_POINT('',(-18.76060163693,10.829999999999,-6.7));
#6693 = VECTOR('',#6694,1.);
#6694 = DIRECTION('',(1.,0.,0.));
#6695 = ORIENTED_EDGE('',*,*,#6696,.F.);
#6696 = EDGE_CURVE('',#6697,#6689,#6699,.T.);
#6697 = VERTEX_POINT('',#6698);
#6698 = CARTESIAN_POINT('',(-37.35,13.03,-6.7));
#6699 = LINE('',#6700,#6701);
#6700 = CARTESIAN_POINT('',(-37.35,36.75,-6.7));
#6701 = VECTOR('',#6702,1.);
#6702 = DIRECTION('',(0.,-1.,0.));
#6703 = ORIENTED_EDGE('',*,*,#6704,.T.);
#6704 = EDGE_CURVE('',#6697,#6705,#6707,.T.);
#6705 = VERTEX_POINT('',#6706);
#6706 = CARTESIAN_POINT('',(-37.52120327386,13.03,-6.7));
#6707 = LINE('',#6708,#6709);
#6708 = CARTESIAN_POINT('',(-18.76060163693,13.03,-6.7));
#6709 = VECTOR('',#6710,1.);
#6710 = DIRECTION('',(-1.,0.,0.));
#6711 = ORIENTED_EDGE('',*,*,#6712,.T.);
#6712 = EDGE_CURVE('',#6705,#6671,#6713,.T.);
#6713 = LINE('',#6714,#6715);
#6714 = CARTESIAN_POINT('',(-37.52120327386,5.965,-6.7));
#6715 = VECTOR('',#6716,1.);
#6716 = DIRECTION('',(0.,1.,0.));
#6717 = PLANE('',#6718);
#6718 = AXIS2_PLACEMENT_3D('',#6719,#6720,#6721);
#6719 = CARTESIAN_POINT('',(-1.84E-15,-9.7E-15,-6.7));
#6720 = DIRECTION('',(0.,0.,1.));
#6721 = DIRECTION('',(1.,0.,0.));
#6722 = ADVANCED_FACE('',(#6723),#6765,.T.);
#6723 = FACE_BOUND('',#6724,.T.);
#6724 = EDGE_LOOP('',(#6725,#6726,#6727,#6735,#6743,#6751,#6759));
#6725 = ORIENTED_EDGE('',*,*,#2200,.F.);
#6726 = ORIENTED_EDGE('',*,*,#6654,.T.);
#6727 = ORIENTED_EDGE('',*,*,#6728,.T.);
#6728 = EDGE_CURVE('',#6647,#6729,#6731,.T.);
#6729 = VERTEX_POINT('',#6730);
#6730 = CARTESIAN_POINT('',(-37.52120327386,23.25,-5.3));
#6731 = LINE('',#6732,#6733);
#6732 = CARTESIAN_POINT('',(-37.52120327386,23.25,-4.1));
#6733 = VECTOR('',#6734,1.);
#6734 = DIRECTION('',(0.,0.,-1.));
#6735 = ORIENTED_EDGE('',*,*,#6736,.T.);
#6736 = EDGE_CURVE('',#6729,#6737,#6739,.T.);
#6737 = VERTEX_POINT('',#6738);
#6738 = CARTESIAN_POINT('',(-37.72120327386,23.25,-5.3));
#6739 = LINE('',#6740,#6741);
#6740 = CARTESIAN_POINT('',(-5.600000000002,23.25,-5.3));
#6741 = VECTOR('',#6742,1.);
#6742 = DIRECTION('',(-1.,0.,0.));
#6743 = ORIENTED_EDGE('',*,*,#6744,.T.);
#6744 = EDGE_CURVE('',#6737,#6745,#6747,.T.);
#6745 = VERTEX_POINT('',#6746);
#6746 = CARTESIAN_POINT('',(-37.52120327386,23.25,-6.054303692112));
#6747 = LINE('',#6748,#6749);
#6748 = CARTESIAN_POINT('',(-38.1258347603,23.25,-3.773924879149));
#6749 = VECTOR('',#6750,1.);
#6750 = DIRECTION('',(0.256289373133,0.,-0.966600102017));
#6751 = ORIENTED_EDGE('',*,*,#6752,.T.);
#6752 = EDGE_CURVE('',#6745,#6753,#6755,.T.);
#6753 = VERTEX_POINT('',#6754);
#6754 = CARTESIAN_POINT('',(-37.52120327386,23.25,-6.7));
#6755 = LINE('',#6756,#6757);
#6756 = CARTESIAN_POINT('',(-37.52120327386,23.25,-4.1));
#6757 = VECTOR('',#6758,1.);
#6758 = DIRECTION('',(0.,0.,-1.));
#6759 = ORIENTED_EDGE('',*,*,#6760,.T.);
#6760 = EDGE_CURVE('',#6753,#2201,#6761,.T.);
#6761 = LINE('',#6762,#6763);
#6762 = CARTESIAN_POINT('',(-19.175,23.25,-6.7));
#6763 = VECTOR('',#6764,1.);
#6764 = DIRECTION('',(-1.,0.,0.));
#6765 = PLANE('',#6766);
#6766 = AXIS2_PLACEMENT_3D('',#6767,#6768,#6769);
#6767 = CARTESIAN_POINT('',(-38.35,23.25,-2.2));
#6768 = DIRECTION('',(0.,1.,0.));
#6769 = DIRECTION('',(0.,0.,-1.));
#6770 = ADVANCED_FACE('',(#6771),#6813,.T.);
#6771 = FACE_BOUND('',#6772,.T.);
#6772 = EDGE_LOOP('',(#6773,#6774,#6782,#6790,#6798,#6806,#6812));
#6773 = ORIENTED_EDGE('',*,*,#2232,.F.);
#6774 = ORIENTED_EDGE('',*,*,#6775,.T.);
#6775 = EDGE_CURVE('',#2225,#6776,#6778,.T.);
#6776 = VERTEX_POINT('',#6777);
#6777 = CARTESIAN_POINT('',(-37.52120327386,14.03,-2.2));
#6778 = LINE('',#6779,#6780);
#6779 = CARTESIAN_POINT('',(-38.35,14.03,-2.2));
#6780 = VECTOR('',#6781,1.);
#6781 = DIRECTION('',(1.,0.,0.));
#6782 = ORIENTED_EDGE('',*,*,#6783,.T.);
#6783 = EDGE_CURVE('',#6776,#6784,#6786,.T.);
#6784 = VERTEX_POINT('',#6785);
#6785 = CARTESIAN_POINT('',(-37.52120327386,14.03,-5.3));
#6786 = LINE('',#6787,#6788);
#6787 = CARTESIAN_POINT('',(-37.52120327386,14.03,-4.1));
#6788 = VECTOR('',#6789,1.);
#6789 = DIRECTION('',(0.,0.,-1.));
#6790 = ORIENTED_EDGE('',*,*,#6791,.T.);
#6791 = EDGE_CURVE('',#6784,#6792,#6794,.T.);
#6792 = VERTEX_POINT('',#6793);
#6793 = CARTESIAN_POINT('',(-37.72120327386,14.03,-5.3));
#6794 = LINE('',#6795,#6796);
#6795 = CARTESIAN_POINT('',(-5.600000000002,14.03,-5.3));
#6796 = VECTOR('',#6797,1.);
#6797 = DIRECTION('',(-1.,0.,0.));
#6798 = ORIENTED_EDGE('',*,*,#6799,.T.);
#6799 = EDGE_CURVE('',#6792,#6800,#6802,.T.);
#6800 = VERTEX_POINT('',#6801);
#6801 = CARTESIAN_POINT('',(-37.52120327386,14.03,-6.054303692112));
#6802 = LINE('',#6803,#6804);
#6803 = CARTESIAN_POINT('',(-38.1258347603,14.03,-3.773924879149));
#6804 = VECTOR('',#6805,1.);
#6805 = DIRECTION('',(0.256289373133,0.,-0.966600102017));
#6806 = ORIENTED_EDGE('',*,*,#6807,.T.);
#6807 = EDGE_CURVE('',#6800,#6671,#6808,.T.);
#6808 = LINE('',#6809,#6810);
#6809 = CARTESIAN_POINT('',(-37.52120327386,14.03,-4.1));
#6810 = VECTOR('',#6811,1.);
#6811 = DIRECTION('',(0.,0.,-1.));
#6812 = ORIENTED_EDGE('',*,*,#6670,.T.);
#6813 = PLANE('',#6814);
#6814 = AXIS2_PLACEMENT_3D('',#6815,#6816,#6817);
#6815 = CARTESIAN_POINT('',(-38.35,14.03,-2.2));
#6816 = DIRECTION('',(0.,1.,0.));
#6817 = DIRECTION('',(0.,0.,-1.));
#6818 = ADVANCED_FACE('',(#6819),#6869,.F.);
#6819 = FACE_BOUND('',#6820,.F.);
#6820 = EDGE_LOOP('',(#6821,#6829,#6830,#6831,#6839,#6847,#6855,#6863));
#6821 = ORIENTED_EDGE('',*,*,#6822,.T.);
#6822 = EDGE_CURVE('',#6823,#6753,#6825,.T.);
#6823 = VERTEX_POINT('',#6824);
#6824 = CARTESIAN_POINT('',(-37.52120327386,21.45,-6.7));
#6825 = LINE('',#6826,#6827);
#6826 = CARTESIAN_POINT('',(-37.52120327386,13.425,-6.7));
#6827 = VECTOR('',#6828,1.);
#6828 = DIRECTION('',(0.,1.,0.));
#6829 = ORIENTED_EDGE('',*,*,#6760,.T.);
#6830 = ORIENTED_EDGE('',*,*,#2208,.T.);
#6831 = ORIENTED_EDGE('',*,*,#6832,.T.);
#6832 = EDGE_CURVE('',#2209,#6833,#6835,.T.);
#6833 = VERTEX_POINT('',#6834);
#6834 = CARTESIAN_POINT('',(-37.52120327386,18.73,-6.7));
#6835 = LINE('',#6836,#6837);
#6836 = CARTESIAN_POINT('',(-19.175,18.73,-6.7));
#6837 = VECTOR('',#6838,1.);
#6838 = DIRECTION('',(1.,0.,0.));
#6839 = ORIENTED_EDGE('',*,*,#6840,.T.);
#6840 = EDGE_CURVE('',#6833,#6841,#6843,.T.);
#6841 = VERTEX_POINT('',#6842);
#6842 = CARTESIAN_POINT('',(-37.52120327386,19.73,-6.7));
#6843 = LINE('',#6844,#6845);
#6844 = CARTESIAN_POINT('',(-37.52120327386,5.965,-6.7));
#6845 = VECTOR('',#6846,1.);
#6846 = DIRECTION('',(0.,1.,0.));
#6847 = ORIENTED_EDGE('',*,*,#6848,.T.);
#6848 = EDGE_CURVE('',#6841,#6849,#6851,.T.);
#6849 = VERTEX_POINT('',#6850);
#6850 = CARTESIAN_POINT('',(-37.35,19.73,-6.7));
#6851 = LINE('',#6852,#6853);
#6852 = CARTESIAN_POINT('',(-18.76060163693,19.73,-6.7));
#6853 = VECTOR('',#6854,1.);
#6854 = DIRECTION('',(1.,0.,0.));
#6855 = ORIENTED_EDGE('',*,*,#6856,.F.);
#6856 = EDGE_CURVE('',#6857,#6849,#6859,.T.);
#6857 = VERTEX_POINT('',#6858);
#6858 = CARTESIAN_POINT('',(-37.35,21.45,-6.7));
#6859 = LINE('',#6860,#6861);
#6860 = CARTESIAN_POINT('',(-37.35,36.75,-6.7));
#6861 = VECTOR('',#6862,1.);
#6862 = DIRECTION('',(0.,-1.,0.));
#6863 = ORIENTED_EDGE('',*,*,#6864,.T.);
#6864 = EDGE_CURVE('',#6857,#6823,#6865,.T.);
#6865 = LINE('',#6866,#6867);
#6866 = CARTESIAN_POINT('',(-18.76060163693,21.45,-6.7));
#6867 = VECTOR('',#6868,1.);
#6868 = DIRECTION('',(-1.,0.,0.));
#6869 = PLANE('',#6870);
#6870 = AXIS2_PLACEMENT_3D('',#6871,#6872,#6873);
#6871 = CARTESIAN_POINT('',(-1.84E-15,-9.7E-15,-6.7));
#6872 = DIRECTION('',(0.,0.,1.));
#6873 = DIRECTION('',(1.,0.,0.));
#6874 = ADVANCED_FACE('',(#6875),#6893,.T.);
#6875 = FACE_BOUND('',#6876,.T.);
#6876 = EDGE_LOOP('',(#6877,#6885,#6886,#6887));
#6877 = ORIENTED_EDGE('',*,*,#6878,.T.);
#6878 = EDGE_CURVE('',#6879,#6776,#6881,.T.);
#6879 = VERTEX_POINT('',#6880);
#6880 = CARTESIAN_POINT('',(-37.52120327386,18.73,-2.2));
#6881 = LINE('',#6882,#6883);
#6882 = CARTESIAN_POINT('',(-37.52120327386,6.308579648101,-2.2));
#6883 = VECTOR('',#6884,1.);
#6884 = DIRECTION('',(0.,-1.,0.));
#6885 = ORIENTED_EDGE('',*,*,#6775,.F.);
#6886 = ORIENTED_EDGE('',*,*,#2224,.F.);
#6887 = ORIENTED_EDGE('',*,*,#6888,.T.);
#6888 = EDGE_CURVE('',#2217,#6879,#6889,.T.);
#6889 = LINE('',#6890,#6891);
#6890 = CARTESIAN_POINT('',(-38.35,18.73,-2.2));
#6891 = VECTOR('',#6892,1.);
#6892 = DIRECTION('',(1.,0.,0.));
#6893 = PLANE('',#6894);
#6894 = AXIS2_PLACEMENT_3D('',#6895,#6896,#6897);
#6895 = CARTESIAN_POINT('',(-1.626769345472,0.687159296201,-2.2));
#6896 = DIRECTION('',(-0.,-0.,-1.));
#6897 = DIRECTION('',(-1.,0.,0.));
#6898 = ADVANCED_FACE('',(#6899),#6934,.T.);
#6899 = FACE_BOUND('',#6900,.T.);
#6900 = EDGE_LOOP('',(#6901,#6902,#6903,#6911,#6919,#6927,#6933));
#6901 = ORIENTED_EDGE('',*,*,#2216,.F.);
#6902 = ORIENTED_EDGE('',*,*,#6832,.T.);
#6903 = ORIENTED_EDGE('',*,*,#6904,.T.);
#6904 = EDGE_CURVE('',#6833,#6905,#6907,.T.);
#6905 = VERTEX_POINT('',#6906);
#6906 = CARTESIAN_POINT('',(-37.52120327386,18.73,-6.054303692112));
#6907 = LINE('',#6908,#6909);
#6908 = CARTESIAN_POINT('',(-37.52120327386,18.73,-7.9));
#6909 = VECTOR('',#6910,1.);
#6910 = DIRECTION('',(0.,0.,1.));
#6911 = ORIENTED_EDGE('',*,*,#6912,.T.);
#6912 = EDGE_CURVE('',#6905,#6913,#6915,.T.);
#6913 = VERTEX_POINT('',#6914);
#6914 = CARTESIAN_POINT('',(-37.72120327386,18.73,-5.3));
#6915 = LINE('',#6916,#6917);
#6916 = CARTESIAN_POINT('',(-37.18446329028,18.73,-7.324324756581));
#6917 = VECTOR('',#6918,1.);
#6918 = DIRECTION('',(-0.256289373133,0.,0.966600102017));
#6919 = ORIENTED_EDGE('',*,*,#6920,.T.);
#6920 = EDGE_CURVE('',#6913,#6921,#6923,.T.);
#6921 = VERTEX_POINT('',#6922);
#6922 = CARTESIAN_POINT('',(-37.52120327386,18.73,-5.3));
#6923 = LINE('',#6924,#6925);
#6924 = CARTESIAN_POINT('',(-5.600000000002,18.73,-5.3));
#6925 = VECTOR('',#6926,1.);
#6926 = DIRECTION('',(1.,0.,0.));
#6927 = ORIENTED_EDGE('',*,*,#6928,.T.);
#6928 = EDGE_CURVE('',#6921,#6879,#6929,.T.);
#6929 = LINE('',#6930,#6931);
#6930 = CARTESIAN_POINT('',(-37.52120327386,18.73,-7.9));
#6931 = VECTOR('',#6932,1.);
#6932 = DIRECTION('',(0.,0.,1.));
#6933 = ORIENTED_EDGE('',*,*,#6888,.F.);
#6934 = PLANE('',#6935);
#6935 = AXIS2_PLACEMENT_3D('',#6936,#6937,#6938);
#6936 = CARTESIAN_POINT('',(-38.35,18.73,-9.8));
#6937 = DIRECTION('',(0.,-1.,0.));
#6938 = DIRECTION('',(0.,0.,1.));
#6939 = ADVANCED_FACE('',(#6940),#6976,.T.);
#6940 = FACE_BOUND('',#6941,.T.);
#6941 = EDGE_LOOP('',(#6942,#6952,#6960,#6966,#6967,#6968,#6969,#6970));
#6942 = ORIENTED_EDGE('',*,*,#6943,.T.);
#6943 = EDGE_CURVE('',#6944,#6946,#6948,.T.);
#6944 = VERTEX_POINT('',#6945);
#6945 = CARTESIAN_POINT('',(-37.52120327386,10.829999999999,-5.3));
#6946 = VERTEX_POINT('',#6947);
#6947 = CARTESIAN_POINT('',(-37.52120327386,10.829999999999,-1.2));
#6948 = LINE('',#6949,#6950);
#6949 = CARTESIAN_POINT('',(-37.52120327386,10.829999999999,
    -10.79999999999));
#6950 = VECTOR('',#6951,1.);
#6951 = DIRECTION('',(0.,0.,1.));
#6952 = ORIENTED_EDGE('',*,*,#6953,.T.);
#6953 = EDGE_CURVE('',#6946,#6954,#6956,.T.);
#6954 = VERTEX_POINT('',#6955);
#6955 = CARTESIAN_POINT('',(-37.52120327386,4.130000000001,-1.2));
#6956 = LINE('',#6957,#6958);
#6957 = CARTESIAN_POINT('',(-37.52120327386,10.829999999999,-1.2));
#6958 = VECTOR('',#6959,1.);
#6959 = DIRECTION('',(0.,-1.,0.));
#6960 = ORIENTED_EDGE('',*,*,#6961,.T.);
#6961 = EDGE_CURVE('',#6954,#2672,#6962,.T.);
#6962 = LINE('',#6963,#6964);
#6963 = CARTESIAN_POINT('',(-37.52120327386,4.130000000001,-1.2));
#6964 = VECTOR('',#6965,1.);
#6965 = DIRECTION('',(0.,0.,-1.));
#6966 = ORIENTED_EDGE('',*,*,#2679,.T.);
#6967 = ORIENTED_EDGE('',*,*,#2409,.F.);
#6968 = ORIENTED_EDGE('',*,*,#6535,.F.);
#6969 = ORIENTED_EDGE('',*,*,#6631,.F.);
#6970 = ORIENTED_EDGE('',*,*,#6971,.T.);
#6971 = EDGE_CURVE('',#6624,#6944,#6972,.T.);
#6972 = LINE('',#6973,#6974);
#6973 = CARTESIAN_POINT('',(-37.52120327386,24.34,-5.3));
#6974 = VECTOR('',#6975,1.);
#6975 = DIRECTION('',(0.,1.,0.));
#6976 = PLANE('',#6977);
#6977 = AXIS2_PLACEMENT_3D('',#6978,#6979,#6980);
#6978 = CARTESIAN_POINT('',(-37.52120327386,11.930000000001,
    -5.999999999999));
#6979 = DIRECTION('',(1.,0.,0.));
#6980 = DIRECTION('',(0.,0.,1.));
#6981 = ADVANCED_FACE('',(#6982),#7001,.F.);
#6982 = FACE_BOUND('',#6983,.T.);
#6983 = EDGE_LOOP('',(#6984,#6992,#6993,#6994));
#6984 = ORIENTED_EDGE('',*,*,#6985,.T.);
#6985 = EDGE_CURVE('',#6986,#2608,#6988,.T.);
#6986 = VERTEX_POINT('',#6987);
#6987 = CARTESIAN_POINT('',(33.042787797876,-43.55257686242,-2.2));
#6988 = LINE('',#6989,#6990);
#6989 = CARTESIAN_POINT('',(33.042787797876,-43.55257686242,-6.7));
#6990 = VECTOR('',#6991,1.);
#6991 = DIRECTION('',(-0.,-0.,-1.));
#6992 = ORIENTED_EDGE('',*,*,#2616,.T.);
#6993 = ORIENTED_EDGE('',*,*,#2458,.T.);
#6994 = ORIENTED_EDGE('',*,*,#6995,.T.);
#6995 = EDGE_CURVE('',#2451,#6986,#6996,.T.);
#6996 = CIRCLE('',#6997,9.);
#6997 = AXIS2_PLACEMENT_3D('',#6998,#6999,#7000);
#6998 = CARTESIAN_POINT('',(27.15,-36.75,-2.2));
#6999 = DIRECTION('',(0.,0.,1.));
#7000 = DIRECTION('',(1.,0.,0.));
#7001 = CYLINDRICAL_SURFACE('',#7002,9.);
#7002 = AXIS2_PLACEMENT_3D('',#7003,#7004,#7005);
#7003 = CARTESIAN_POINT('',(27.15,-36.75,-6.7));
#7004 = DIRECTION('',(-0.,-0.,-1.));
#7005 = DIRECTION('',(1.,0.,0.));
#7006 = ADVANCED_FACE('',(#7007,#7222,#7230,#7238),#7272,.T.);
#7007 = FACE_BOUND('',#7008,.T.);
#7008 = EDGE_LOOP('',(#7009,#7019,#7027,#7035,#7043,#7051,#7059,#7067,
    #7075,#7084,#7093,#7102,#7109,#7110,#7119,#7128,#7137,#7146,#7154,
    #7163,#7172,#7179,#7180,#7181,#7190,#7198,#7207,#7216));
#7009 = ORIENTED_EDGE('',*,*,#7010,.F.);
#7010 = EDGE_CURVE('',#7011,#7013,#7015,.T.);
#7011 = VERTEX_POINT('',#7012);
#7012 = CARTESIAN_POINT('',(-36.15,10.829999999999,-2.2));
#7013 = VERTEX_POINT('',#7014);
#7014 = CARTESIAN_POINT('',(-36.15,4.130000000001,-2.2));
#7015 = LINE('',#7016,#7017);
#7016 = CARTESIAN_POINT('',(-36.15,36.75,-2.2));
#7017 = VECTOR('',#7018,1.);
#7018 = DIRECTION('',(0.,-1.,0.));
#7019 = ORIENTED_EDGE('',*,*,#7020,.F.);
#7020 = EDGE_CURVE('',#7021,#7011,#7023,.T.);
#7021 = VERTEX_POINT('',#7022);
#7022 = CARTESIAN_POINT('',(-36.15,13.03,-2.2));
#7023 = LINE('',#7024,#7025);
#7024 = CARTESIAN_POINT('',(-36.15,36.75,-2.2));
#7025 = VECTOR('',#7026,1.);
#7026 = DIRECTION('',(0.,-1.,0.));
#7027 = ORIENTED_EDGE('',*,*,#7028,.F.);
#7028 = EDGE_CURVE('',#7029,#7021,#7031,.T.);
#7029 = VERTEX_POINT('',#7030);
#7030 = CARTESIAN_POINT('',(-36.15,19.73,-2.2));
#7031 = LINE('',#7032,#7033);
#7032 = CARTESIAN_POINT('',(-36.15,36.75,-2.2));
#7033 = VECTOR('',#7034,1.);
#7034 = DIRECTION('',(0.,-1.,0.));
#7035 = ORIENTED_EDGE('',*,*,#7036,.F.);
#7036 = EDGE_CURVE('',#7037,#7029,#7039,.T.);
#7037 = VERTEX_POINT('',#7038);
#7038 = CARTESIAN_POINT('',(-36.15,21.45,-2.2));
#7039 = LINE('',#7040,#7041);
#7040 = CARTESIAN_POINT('',(-36.15,36.75,-2.2));
#7041 = VECTOR('',#7042,1.);
#7042 = DIRECTION('',(0.,-1.,0.));
#7043 = ORIENTED_EDGE('',*,*,#7044,.T.);
#7044 = EDGE_CURVE('',#7037,#7045,#7047,.T.);
#7045 = VERTEX_POINT('',#7046);
#7046 = CARTESIAN_POINT('',(-35.72120327386,21.45,-2.2));
#7047 = LINE('',#7048,#7049);
#7048 = CARTESIAN_POINT('',(-19.57398630966,21.45,-2.2));
#7049 = VECTOR('',#7050,1.);
#7050 = DIRECTION('',(1.,0.,0.));
#7051 = ORIENTED_EDGE('',*,*,#7052,.F.);
#7052 = EDGE_CURVE('',#7053,#7045,#7055,.T.);
#7053 = VERTEX_POINT('',#7054);
#7054 = CARTESIAN_POINT('',(-35.72120327386,32.25,-2.2));
#7055 = LINE('',#7056,#7057);
#7056 = CARTESIAN_POINT('',(-35.72120327386,13.7685796481,-2.2));
#7057 = VECTOR('',#7058,1.);
#7058 = DIRECTION('',(0.,-1.,0.));
#7059 = ORIENTED_EDGE('',*,*,#7060,.T.);
#7060 = EDGE_CURVE('',#7053,#7061,#7063,.T.);
#7061 = VERTEX_POINT('',#7062);
#7062 = CARTESIAN_POINT('',(-36.15,32.25,-2.2));
#7063 = LINE('',#7064,#7065);
#7064 = CARTESIAN_POINT('',(-19.57398630966,32.25,-2.2));
#7065 = VECTOR('',#7066,1.);
#7066 = DIRECTION('',(-1.,0.,0.));
#7067 = ORIENTED_EDGE('',*,*,#7068,.F.);
#7068 = EDGE_CURVE('',#7069,#7061,#7071,.T.);
#7069 = VERTEX_POINT('',#7070);
#7070 = CARTESIAN_POINT('',(-36.15,36.75,-2.2));
#7071 = LINE('',#7072,#7073);
#7072 = CARTESIAN_POINT('',(-36.15,36.75,-2.2));
#7073 = VECTOR('',#7074,1.);
#7074 = DIRECTION('',(0.,-1.,0.));
#7075 = ORIENTED_EDGE('',*,*,#7076,.F.);
#7076 = EDGE_CURVE('',#7077,#7069,#7079,.T.);
#7077 = VERTEX_POINT('',#7078);
#7078 = CARTESIAN_POINT('',(-33.77660085675,42.840005015213,-2.2));
#7079 = CIRCLE('',#7080,9.);
#7080 = AXIS2_PLACEMENT_3D('',#7081,#7082,#7083);
#7081 = CARTESIAN_POINT('',(-27.15,36.75,-2.2));
#7082 = DIRECTION('',(0.,0.,1.));
#7083 = DIRECTION('',(1.,0.,0.));
#7084 = ORIENTED_EDGE('',*,*,#7085,.T.);
#7085 = EDGE_CURVE('',#7077,#7086,#7088,.T.);
#7086 = VERTEX_POINT('',#7087);
#7087 = CARTESIAN_POINT('',(-30.347,41.932,-2.2));
#7088 = CIRCLE('',#7089,1.835);
#7089 = AXIS2_PLACEMENT_3D('',#7090,#7091,#7092);
#7090 = CARTESIAN_POINT('',(-32.182,41.932,-2.2));
#7091 = DIRECTION('',(0.,0.,1.));
#7092 = DIRECTION('',(1.,0.,0.));
#7093 = ORIENTED_EDGE('',*,*,#7094,.T.);
#7094 = EDGE_CURVE('',#7086,#7095,#7097,.T.);
#7095 = VERTEX_POINT('',#7096);
#7096 = CARTESIAN_POINT('',(-33.04278779787,43.552576862425,-2.2));
#7097 = CIRCLE('',#7098,1.835);
#7098 = AXIS2_PLACEMENT_3D('',#7099,#7100,#7101);
#7099 = CARTESIAN_POINT('',(-32.182,41.932,-2.2));
#7100 = DIRECTION('',(0.,0.,1.));
#7101 = DIRECTION('',(1.,0.,0.));
#7102 = ORIENTED_EDGE('',*,*,#7103,.F.);
#7103 = EDGE_CURVE('',#6289,#7095,#7104,.T.);
#7104 = CIRCLE('',#7105,9.);
#7105 = AXIS2_PLACEMENT_3D('',#7106,#7107,#7108);
#7106 = CARTESIAN_POINT('',(-27.15,36.75,-2.2));
#7107 = DIRECTION('',(0.,0.,1.));
#7108 = DIRECTION('',(1.,0.,0.));
#7109 = ORIENTED_EDGE('',*,*,#6288,.F.);
#7110 = ORIENTED_EDGE('',*,*,#7111,.F.);
#7111 = EDGE_CURVE('',#7112,#6281,#7114,.T.);
#7112 = VERTEX_POINT('',#7113);
#7113 = CARTESIAN_POINT('',(33.042787797876,43.552576862425,-2.2));
#7114 = CIRCLE('',#7115,9.);
#7115 = AXIS2_PLACEMENT_3D('',#7116,#7117,#7118);
#7116 = CARTESIAN_POINT('',(27.15,36.75,-2.2));
#7117 = DIRECTION('',(0.,0.,1.));
#7118 = DIRECTION('',(1.,0.,0.));
#7119 = ORIENTED_EDGE('',*,*,#7120,.T.);
#7120 = EDGE_CURVE('',#7112,#7121,#7123,.T.);
#7121 = VERTEX_POINT('',#7122);
#7122 = CARTESIAN_POINT('',(34.017,41.932,-2.2));
#7123 = CIRCLE('',#7124,1.835);
#7124 = AXIS2_PLACEMENT_3D('',#7125,#7126,#7127);
#7125 = CARTESIAN_POINT('',(32.182,41.932,-2.2));
#7126 = DIRECTION('',(0.,0.,1.));
#7127 = DIRECTION('',(1.,0.,0.));
#7128 = ORIENTED_EDGE('',*,*,#7129,.T.);
#7129 = EDGE_CURVE('',#7121,#7130,#7132,.T.);
#7130 = VERTEX_POINT('',#7131);
#7131 = CARTESIAN_POINT('',(33.77660085675,42.840005015213,-2.2));
#7132 = CIRCLE('',#7133,1.835);
#7133 = AXIS2_PLACEMENT_3D('',#7134,#7135,#7136);
#7134 = CARTESIAN_POINT('',(32.182,41.932,-2.2));
#7135 = DIRECTION('',(0.,0.,1.));
#7136 = DIRECTION('',(1.,0.,0.));
#7137 = ORIENTED_EDGE('',*,*,#7138,.F.);
#7138 = EDGE_CURVE('',#7139,#7130,#7141,.T.);
#7139 = VERTEX_POINT('',#7140);
#7140 = CARTESIAN_POINT('',(36.15,36.75,-2.2));
#7141 = CIRCLE('',#7142,9.);
#7142 = AXIS2_PLACEMENT_3D('',#7143,#7144,#7145);
#7143 = CARTESIAN_POINT('',(27.15,36.75,-2.2));
#7144 = DIRECTION('',(0.,0.,1.));
#7145 = DIRECTION('',(1.,0.,0.));
#7146 = ORIENTED_EDGE('',*,*,#7147,.F.);
#7147 = EDGE_CURVE('',#7148,#7139,#7150,.T.);
#7148 = VERTEX_POINT('',#7149);
#7149 = CARTESIAN_POINT('',(36.15,-36.75,-2.2));
#7150 = LINE('',#7151,#7152);
#7151 = CARTESIAN_POINT('',(36.15,-36.75,-2.2));
#7152 = VECTOR('',#7153,1.);
#7153 = DIRECTION('',(0.,1.,0.));
#7154 = ORIENTED_EDGE('',*,*,#7155,.F.);
#7155 = EDGE_CURVE('',#7156,#7148,#7158,.T.);
#7156 = VERTEX_POINT('',#7157);
#7157 = CARTESIAN_POINT('',(33.77660085675,-42.84000501521,-2.2));
#7158 = CIRCLE('',#7159,9.);
#7159 = AXIS2_PLACEMENT_3D('',#7160,#7161,#7162);
#7160 = CARTESIAN_POINT('',(27.15,-36.75,-2.2));
#7161 = DIRECTION('',(0.,0.,1.));
#7162 = DIRECTION('',(1.,0.,0.));
#7163 = ORIENTED_EDGE('',*,*,#7164,.T.);
#7164 = EDGE_CURVE('',#7156,#7165,#7167,.T.);
#7165 = VERTEX_POINT('',#7166);
#7166 = CARTESIAN_POINT('',(34.017,-41.932,-2.2));
#7167 = CIRCLE('',#7168,1.835);
#7168 = AXIS2_PLACEMENT_3D('',#7169,#7170,#7171);
#7169 = CARTESIAN_POINT('',(32.182,-41.932,-2.2));
#7170 = DIRECTION('',(0.,0.,1.));
#7171 = DIRECTION('',(1.,0.,0.));
#7172 = ORIENTED_EDGE('',*,*,#7173,.T.);
#7173 = EDGE_CURVE('',#7165,#6986,#7174,.T.);
#7174 = CIRCLE('',#7175,1.835);
#7175 = AXIS2_PLACEMENT_3D('',#7176,#7177,#7178);
#7176 = CARTESIAN_POINT('',(32.182,-41.932,-2.2));
#7177 = DIRECTION('',(0.,0.,1.));
#7178 = DIRECTION('',(1.,0.,0.));
#7179 = ORIENTED_EDGE('',*,*,#6995,.F.);
#7180 = ORIENTED_EDGE('',*,*,#2450,.F.);
#7181 = ORIENTED_EDGE('',*,*,#7182,.F.);
#7182 = EDGE_CURVE('',#7183,#2443,#7185,.T.);
#7183 = VERTEX_POINT('',#7184);
#7184 = CARTESIAN_POINT('',(-36.15,-36.75,-2.2));
#7185 = CIRCLE('',#7186,9.);
#7186 = AXIS2_PLACEMENT_3D('',#7187,#7188,#7189);
#7187 = CARTESIAN_POINT('',(-27.15,-36.75,-2.2));
#7188 = DIRECTION('',(0.,0.,1.));
#7189 = DIRECTION('',(1.,0.,0.));
#7190 = ORIENTED_EDGE('',*,*,#7191,.F.);
#7191 = EDGE_CURVE('',#7192,#7183,#7194,.T.);
#7192 = VERTEX_POINT('',#7193);
#7193 = CARTESIAN_POINT('',(-36.15,-36.43520564412,-2.2));
#7194 = LINE('',#7195,#7196);
#7195 = CARTESIAN_POINT('',(-36.15,36.75,-2.2));
#7196 = VECTOR('',#7197,1.);
#7197 = DIRECTION('',(0.,-1.,0.));
#7198 = ORIENTED_EDGE('',*,*,#7199,.T.);
#7199 = EDGE_CURVE('',#7192,#7200,#7202,.T.);
#7200 = VERTEX_POINT('',#7201);
#7201 = CARTESIAN_POINT('',(-32.747,-35.482,-2.2));
#7202 = CIRCLE('',#7203,1.835);
#7203 = AXIS2_PLACEMENT_3D('',#7204,#7205,#7206);
#7204 = CARTESIAN_POINT('',(-34.582,-35.482,-2.2));
#7205 = DIRECTION('',(0.,0.,1.));
#7206 = DIRECTION('',(1.,0.,0.));
#7207 = ORIENTED_EDGE('',*,*,#7208,.T.);
#7208 = EDGE_CURVE('',#7200,#7209,#7211,.T.);
#7209 = VERTEX_POINT('',#7210);
#7210 = CARTESIAN_POINT('',(-36.15,-34.52879435587,-2.2));
#7211 = CIRCLE('',#7212,1.835);
#7212 = AXIS2_PLACEMENT_3D('',#7213,#7214,#7215);
#7213 = CARTESIAN_POINT('',(-34.582,-35.482,-2.2));
#7214 = DIRECTION('',(0.,0.,1.));
#7215 = DIRECTION('',(1.,0.,0.));
#7216 = ORIENTED_EDGE('',*,*,#7217,.F.);
#7217 = EDGE_CURVE('',#7013,#7209,#7218,.T.);
#7218 = LINE('',#7219,#7220);
#7219 = CARTESIAN_POINT('',(-36.15,36.75,-2.2));
#7220 = VECTOR('',#7221,1.);
#7221 = DIRECTION('',(0.,-1.,0.));
#7222 = FACE_BOUND('',#7223,.T.);
#7223 = EDGE_LOOP('',(#7224,#7225,#7226,#7227,#7228,#7229));
#7224 = ORIENTED_EDGE('',*,*,#3890,.F.);
#7225 = ORIENTED_EDGE('',*,*,#3843,.T.);
#7226 = ORIENTED_EDGE('',*,*,#3914,.T.);
#7227 = ORIENTED_EDGE('',*,*,#3979,.T.);
#7228 = ORIENTED_EDGE('',*,*,#4028,.T.);
#7229 = ORIENTED_EDGE('',*,*,#4077,.T.);
#7230 = FACE_BOUND('',#7231,.T.);
#7231 = EDGE_LOOP('',(#7232,#7233,#7234,#7235,#7236,#7237));
#7232 = ORIENTED_EDGE('',*,*,#5148,.F.);
#7233 = ORIENTED_EDGE('',*,*,#5226,.T.);
#7234 = ORIENTED_EDGE('',*,*,#5275,.T.);
#7235 = ORIENTED_EDGE('',*,*,#5324,.T.);
#7236 = ORIENTED_EDGE('',*,*,#5373,.T.);
#7237 = ORIENTED_EDGE('',*,*,#5431,.T.);
#7238 = FACE_BOUND('',#7239,.T.);
#7239 = EDGE_LOOP('',(#7240,#7250,#7258,#7266));
#7240 = ORIENTED_EDGE('',*,*,#7241,.T.);
#7241 = EDGE_CURVE('',#7242,#7244,#7246,.T.);
#7242 = VERTEX_POINT('',#7243);
#7243 = CARTESIAN_POINT('',(29.9,42.35,-2.2));
#7244 = VERTEX_POINT('',#7245);
#7245 = CARTESIAN_POINT('',(24.9,42.35,-2.2));
#7246 = LINE('',#7247,#7248);
#7247 = CARTESIAN_POINT('',(29.9,42.35,-2.2));
#7248 = VECTOR('',#7249,1.);
#7249 = DIRECTION('',(-1.,0.,0.));
#7250 = ORIENTED_EDGE('',*,*,#7251,.T.);
#7251 = EDGE_CURVE('',#7244,#7252,#7254,.T.);
#7252 = VERTEX_POINT('',#7253);
#7253 = CARTESIAN_POINT('',(24.9,38.85,-2.2));
#7254 = LINE('',#7255,#7256);
#7255 = CARTESIAN_POINT('',(24.9,42.35,-2.2));
#7256 = VECTOR('',#7257,1.);
#7257 = DIRECTION('',(0.,-1.,0.));
#7258 = ORIENTED_EDGE('',*,*,#7259,.T.);
#7259 = EDGE_CURVE('',#7252,#7260,#7262,.T.);
#7260 = VERTEX_POINT('',#7261);
#7261 = CARTESIAN_POINT('',(29.9,38.85,-2.2));
#7262 = LINE('',#7263,#7264);
#7263 = CARTESIAN_POINT('',(24.9,38.85,-2.2));
#7264 = VECTOR('',#7265,1.);
#7265 = DIRECTION('',(1.,0.,0.));
#7266 = ORIENTED_EDGE('',*,*,#7267,.T.);
#7267 = EDGE_CURVE('',#7260,#7242,#7268,.T.);
#7268 = LINE('',#7269,#7270);
#7269 = CARTESIAN_POINT('',(29.9,38.85,-2.2));
#7270 = VECTOR('',#7271,1.);
#7271 = DIRECTION('',(0.,1.,0.));
#7272 = PLANE('',#7273);
#7273 = AXIS2_PLACEMENT_3D('',#7274,#7275,#7276);
#7274 = CARTESIAN_POINT('',(-1.626769345472,0.687159296201,-2.2));
#7275 = DIRECTION('',(-0.,-0.,-1.));
#7276 = DIRECTION('',(-1.,0.,0.));
#7277 = ADVANCED_FACE('',(#7278),#7289,.F.);
#7278 = FACE_BOUND('',#7279,.T.);
#7279 = EDGE_LOOP('',(#7280,#7281,#7287,#7288));
#7280 = ORIENTED_EDGE('',*,*,#2637,.T.);
#7281 = ORIENTED_EDGE('',*,*,#7282,.T.);
#7282 = EDGE_CURVE('',#2638,#7183,#7283,.T.);
#7283 = LINE('',#7284,#7285);
#7284 = CARTESIAN_POINT('',(-36.15,-36.75,-6.7));
#7285 = VECTOR('',#7286,1.);
#7286 = DIRECTION('',(0.,0.,1.));
#7287 = ORIENTED_EDGE('',*,*,#7182,.T.);
#7288 = ORIENTED_EDGE('',*,*,#2442,.F.);
#7289 = CYLINDRICAL_SURFACE('',#7290,9.);
#7290 = AXIS2_PLACEMENT_3D('',#7291,#7292,#7293);
#7291 = CARTESIAN_POINT('',(-27.15,-36.75,-6.7));
#7292 = DIRECTION('',(-0.,-0.,-1.));
#7293 = DIRECTION('',(1.,0.,0.));
#7294 = ADVANCED_FACE('',(#7295),#7323,.T.);
#7295 = FACE_BOUND('',#7296,.T.);
#7296 = EDGE_LOOP('',(#7297,#7298,#7306,#7313,#7314,#7315,#7321,#7322));
#7297 = ORIENTED_EDGE('',*,*,#7173,.F.);
#7298 = ORIENTED_EDGE('',*,*,#7299,.T.);
#7299 = EDGE_CURVE('',#7165,#7300,#7302,.T.);
#7300 = VERTEX_POINT('',#7301);
#7301 = CARTESIAN_POINT('',(34.017,-41.932,-8.));
#7302 = LINE('',#7303,#7304);
#7303 = CARTESIAN_POINT('',(34.017,-41.932,-2.2));
#7304 = VECTOR('',#7305,1.);
#7305 = DIRECTION('',(-0.,-0.,-1.));
#7306 = ORIENTED_EDGE('',*,*,#7307,.T.);
#7307 = EDGE_CURVE('',#7300,#7300,#7308,.T.);
#7308 = CIRCLE('',#7309,1.835);
#7309 = AXIS2_PLACEMENT_3D('',#7310,#7311,#7312);
#7310 = CARTESIAN_POINT('',(32.182,-41.932,-8.));
#7311 = DIRECTION('',(0.,0.,1.));
#7312 = DIRECTION('',(1.,0.,0.));
#7313 = ORIENTED_EDGE('',*,*,#7299,.F.);
#7314 = ORIENTED_EDGE('',*,*,#7164,.F.);
#7315 = ORIENTED_EDGE('',*,*,#7316,.T.);
#7316 = EDGE_CURVE('',#7156,#2599,#7317,.T.);
#7317 = LINE('',#7318,#7319);
#7318 = CARTESIAN_POINT('',(33.77660085675,-42.84000501521,-6.7));
#7319 = VECTOR('',#7320,1.);
#7320 = DIRECTION('',(-0.,-0.,-1.));
#7321 = ORIENTED_EDGE('',*,*,#2607,.F.);
#7322 = ORIENTED_EDGE('',*,*,#6985,.F.);
#7323 = CYLINDRICAL_SURFACE('',#7324,1.835);
#7324 = AXIS2_PLACEMENT_3D('',#7325,#7326,#7327);
#7325 = CARTESIAN_POINT('',(32.182,-41.932,-2.2));
#7326 = DIRECTION('',(0.,0.,1.));
#7327 = DIRECTION('',(1.,0.,0.));
#7328 = ADVANCED_FACE('',(#7329),#7340,.F.);
#7329 = FACE_BOUND('',#7330,.T.);
#7330 = EDGE_LOOP('',(#7331,#7337,#7338,#7339));
#7331 = ORIENTED_EDGE('',*,*,#7332,.F.);
#7332 = EDGE_CURVE('',#2591,#7148,#7333,.T.);
#7333 = LINE('',#7334,#7335);
#7334 = CARTESIAN_POINT('',(36.15,-36.75,-6.7));
#7335 = VECTOR('',#7336,1.);
#7336 = DIRECTION('',(0.,0.,1.));
#7337 = ORIENTED_EDGE('',*,*,#2598,.T.);
#7338 = ORIENTED_EDGE('',*,*,#7316,.F.);
#7339 = ORIENTED_EDGE('',*,*,#7155,.T.);
#7340 = CYLINDRICAL_SURFACE('',#7341,9.);
#7341 = AXIS2_PLACEMENT_3D('',#7342,#7343,#7344);
#7342 = CARTESIAN_POINT('',(27.15,-36.75,-6.7));
#7343 = DIRECTION('',(-0.,-0.,-1.));
#7344 = DIRECTION('',(1.,0.,0.));
#7345 = ADVANCED_FACE('',(#7346),#7403,.T.);
#7346 = FACE_BOUND('',#7347,.T.);
#7347 = EDGE_LOOP('',(#7348,#7349,#7350,#7351,#7357,#7358,#7366,#7374,
    #7380,#7381,#7389,#7397));
#7348 = ORIENTED_EDGE('',*,*,#2590,.F.);
#7349 = ORIENTED_EDGE('',*,*,#7332,.T.);
#7350 = ORIENTED_EDGE('',*,*,#7147,.T.);
#7351 = ORIENTED_EDGE('',*,*,#7352,.F.);
#7352 = EDGE_CURVE('',#2518,#7139,#7353,.T.);
#7353 = LINE('',#7354,#7355);
#7354 = CARTESIAN_POINT('',(36.15,36.75,-6.7));
#7355 = VECTOR('',#7356,1.);
#7356 = DIRECTION('',(0.,0.,1.));
#7357 = ORIENTED_EDGE('',*,*,#2526,.F.);
#7358 = ORIENTED_EDGE('',*,*,#7359,.T.);
#7359 = EDGE_CURVE('',#2527,#7360,#7362,.T.);
#7360 = VERTEX_POINT('',#7361);
#7361 = CARTESIAN_POINT('',(36.15,19.88,-3.5));
#7362 = LINE('',#7363,#7364);
#7363 = CARTESIAN_POINT('',(36.15,19.88,-8.5));
#7364 = VECTOR('',#7365,1.);
#7365 = DIRECTION('',(0.,0.,1.));
#7366 = ORIENTED_EDGE('',*,*,#7367,.T.);
#7367 = EDGE_CURVE('',#7360,#7368,#7370,.T.);
#7368 = VERTEX_POINT('',#7369);
#7369 = CARTESIAN_POINT('',(36.15,12.88,-3.5));
#7370 = LINE('',#7371,#7372);
#7371 = CARTESIAN_POINT('',(36.15,19.88,-3.5));
#7372 = VECTOR('',#7373,1.);
#7373 = DIRECTION('',(0.,-1.,0.));
#7374 = ORIENTED_EDGE('',*,*,#7375,.T.);
#7375 = EDGE_CURVE('',#7368,#2551,#7376,.T.);
#7376 = LINE('',#7377,#7378);
#7377 = CARTESIAN_POINT('',(36.15,12.88,-3.5));
#7378 = VECTOR('',#7379,1.);
#7379 = DIRECTION('',(0.,0.,-1.));
#7380 = ORIENTED_EDGE('',*,*,#2558,.F.);
#7381 = ORIENTED_EDGE('',*,*,#7382,.T.);
#7382 = EDGE_CURVE('',#2559,#7383,#7385,.T.);
#7383 = VERTEX_POINT('',#7384);
#7384 = CARTESIAN_POINT('',(36.15,10.98,-3.5));
#7385 = LINE('',#7386,#7387);
#7386 = CARTESIAN_POINT('',(36.15,10.98,-8.5));
#7387 = VECTOR('',#7388,1.);
#7388 = DIRECTION('',(0.,0.,1.));
#7389 = ORIENTED_EDGE('',*,*,#7390,.T.);
#7390 = EDGE_CURVE('',#7383,#7391,#7393,.T.);
#7391 = VERTEX_POINT('',#7392);
#7392 = CARTESIAN_POINT('',(36.15,3.98,-3.5));
#7393 = LINE('',#7394,#7395);
#7394 = CARTESIAN_POINT('',(36.15,10.98,-3.5));
#7395 = VECTOR('',#7396,1.);
#7396 = DIRECTION('',(0.,-1.,0.));
#7397 = ORIENTED_EDGE('',*,*,#7398,.T.);
#7398 = EDGE_CURVE('',#7391,#2583,#7399,.T.);
#7399 = LINE('',#7400,#7401);
#7400 = CARTESIAN_POINT('',(36.15,3.98,-3.5));
#7401 = VECTOR('',#7402,1.);
#7402 = DIRECTION('',(0.,0.,-1.));
#7403 = PLANE('',#7404);
#7404 = AXIS2_PLACEMENT_3D('',#7405,#7406,#7407);
#7405 = CARTESIAN_POINT('',(36.15,-36.75,-6.7));
#7406 = DIRECTION('',(-1.,0.,0.));
#7407 = DIRECTION('',(0.,1.,0.));
#7408 = ADVANCED_FACE('',(#7409),#7427,.T.);
#7409 = FACE_BOUND('',#7410,.T.);
#7410 = EDGE_LOOP('',(#7411,#7412,#7420,#7426));
#7411 = ORIENTED_EDGE('',*,*,#7398,.F.);
#7412 = ORIENTED_EDGE('',*,*,#7413,.T.);
#7413 = EDGE_CURVE('',#7391,#7414,#7416,.T.);
#7414 = VERTEX_POINT('',#7415);
#7415 = CARTESIAN_POINT('',(37.25,3.98,-3.5));
#7416 = LINE('',#7417,#7418);
#7417 = CARTESIAN_POINT('',(36.15,3.98,-3.5));
#7418 = VECTOR('',#7419,1.);
#7419 = DIRECTION('',(1.,0.,0.));
#7420 = ORIENTED_EDGE('',*,*,#7421,.T.);
#7421 = EDGE_CURVE('',#7414,#2575,#7422,.T.);
#7422 = LINE('',#7423,#7424);
#7423 = CARTESIAN_POINT('',(37.25,3.98,-3.5));
#7424 = VECTOR('',#7425,1.);
#7425 = DIRECTION('',(0.,0.,-1.));
#7426 = ORIENTED_EDGE('',*,*,#2582,.T.);
#7427 = PLANE('',#7428);
#7428 = AXIS2_PLACEMENT_3D('',#7429,#7430,#7431);
#7429 = CARTESIAN_POINT('',(36.15,3.98,-3.5));
#7430 = DIRECTION('',(0.,1.,0.));
#7431 = DIRECTION('',(0.,0.,-1.));
#7432 = ADVANCED_FACE('',(#7433),#7451,.F.);
#7433 = FACE_BOUND('',#7434,.F.);
#7434 = EDGE_LOOP('',(#7435,#7443,#7444,#7445));
#7435 = ORIENTED_EDGE('',*,*,#7436,.T.);
#7436 = EDGE_CURVE('',#7437,#7414,#7439,.T.);
#7437 = VERTEX_POINT('',#7438);
#7438 = CARTESIAN_POINT('',(37.25,10.98,-3.5));
#7439 = LINE('',#7440,#7441);
#7440 = CARTESIAN_POINT('',(37.25,10.98,-3.5));
#7441 = VECTOR('',#7442,1.);
#7442 = DIRECTION('',(0.,-1.,0.));
#7443 = ORIENTED_EDGE('',*,*,#7421,.T.);
#7444 = ORIENTED_EDGE('',*,*,#2574,.T.);
#7445 = ORIENTED_EDGE('',*,*,#7446,.T.);
#7446 = EDGE_CURVE('',#2567,#7437,#7447,.T.);
#7447 = LINE('',#7448,#7449);
#7448 = CARTESIAN_POINT('',(37.25,10.98,-8.5));
#7449 = VECTOR('',#7450,1.);
#7450 = DIRECTION('',(0.,0.,1.));
#7451 = PLANE('',#7452);
#7452 = AXIS2_PLACEMENT_3D('',#7453,#7454,#7455);
#7453 = CARTESIAN_POINT('',(37.25,11.93,-6.));
#7454 = DIRECTION('',(1.,0.,0.));
#7455 = DIRECTION('',(0.,0.,1.));
#7456 = ADVANCED_FACE('',(#7457),#7468,.T.);
#7457 = FACE_BOUND('',#7458,.T.);
#7458 = EDGE_LOOP('',(#7459,#7460,#7461,#7462));
#7459 = ORIENTED_EDGE('',*,*,#7382,.F.);
#7460 = ORIENTED_EDGE('',*,*,#2566,.T.);
#7461 = ORIENTED_EDGE('',*,*,#7446,.T.);
#7462 = ORIENTED_EDGE('',*,*,#7463,.F.);
#7463 = EDGE_CURVE('',#7383,#7437,#7464,.T.);
#7464 = LINE('',#7465,#7466);
#7465 = CARTESIAN_POINT('',(36.15,10.98,-3.5));
#7466 = VECTOR('',#7467,1.);
#7467 = DIRECTION('',(1.,0.,0.));
#7468 = PLANE('',#7469);
#7469 = AXIS2_PLACEMENT_3D('',#7470,#7471,#7472);
#7470 = CARTESIAN_POINT('',(36.15,10.98,-8.5));
#7471 = DIRECTION('',(0.,-1.,0.));
#7472 = DIRECTION('',(0.,0.,1.));
#7473 = ADVANCED_FACE('',(#7474),#7492,.T.);
#7474 = FACE_BOUND('',#7475,.T.);
#7475 = EDGE_LOOP('',(#7476,#7477,#7485,#7491));
#7476 = ORIENTED_EDGE('',*,*,#7375,.F.);
#7477 = ORIENTED_EDGE('',*,*,#7478,.T.);
#7478 = EDGE_CURVE('',#7368,#7479,#7481,.T.);
#7479 = VERTEX_POINT('',#7480);
#7480 = CARTESIAN_POINT('',(37.25,12.88,-3.5));
#7481 = LINE('',#7482,#7483);
#7482 = CARTESIAN_POINT('',(36.15,12.88,-3.5));
#7483 = VECTOR('',#7484,1.);
#7484 = DIRECTION('',(1.,0.,0.));
#7485 = ORIENTED_EDGE('',*,*,#7486,.T.);
#7486 = EDGE_CURVE('',#7479,#2543,#7487,.T.);
#7487 = LINE('',#7488,#7489);
#7488 = CARTESIAN_POINT('',(37.25,12.88,-3.5));
#7489 = VECTOR('',#7490,1.);
#7490 = DIRECTION('',(0.,0.,-1.));
#7491 = ORIENTED_EDGE('',*,*,#2550,.T.);
#7492 = PLANE('',#7493);
#7493 = AXIS2_PLACEMENT_3D('',#7494,#7495,#7496);
#7494 = CARTESIAN_POINT('',(36.15,12.88,-3.5));
#7495 = DIRECTION('',(0.,1.,0.));
#7496 = DIRECTION('',(0.,0.,-1.));
#7497 = ADVANCED_FACE('',(#7498),#7516,.F.);
#7498 = FACE_BOUND('',#7499,.F.);
#7499 = EDGE_LOOP('',(#7500,#7508,#7509,#7510));
#7500 = ORIENTED_EDGE('',*,*,#7501,.T.);
#7501 = EDGE_CURVE('',#7502,#7479,#7504,.T.);
#7502 = VERTEX_POINT('',#7503);
#7503 = CARTESIAN_POINT('',(37.25,19.88,-3.5));
#7504 = LINE('',#7505,#7506);
#7505 = CARTESIAN_POINT('',(37.25,19.88,-3.5));
#7506 = VECTOR('',#7507,1.);
#7507 = DIRECTION('',(0.,-1.,0.));
#7508 = ORIENTED_EDGE('',*,*,#7486,.T.);
#7509 = ORIENTED_EDGE('',*,*,#2542,.T.);
#7510 = ORIENTED_EDGE('',*,*,#7511,.T.);
#7511 = EDGE_CURVE('',#2535,#7502,#7512,.T.);
#7512 = LINE('',#7513,#7514);
#7513 = CARTESIAN_POINT('',(37.25,19.88,-8.5));
#7514 = VECTOR('',#7515,1.);
#7515 = DIRECTION('',(0.,0.,1.));
#7516 = PLANE('',#7517);
#7517 = AXIS2_PLACEMENT_3D('',#7518,#7519,#7520);
#7518 = CARTESIAN_POINT('',(37.25,11.93,-6.));
#7519 = DIRECTION('',(1.,0.,0.));
#7520 = DIRECTION('',(0.,0.,1.));
#7521 = ADVANCED_FACE('',(#7522),#7533,.T.);
#7522 = FACE_BOUND('',#7523,.T.);
#7523 = EDGE_LOOP('',(#7524,#7525,#7526,#7527));
#7524 = ORIENTED_EDGE('',*,*,#7359,.F.);
#7525 = ORIENTED_EDGE('',*,*,#2534,.T.);
#7526 = ORIENTED_EDGE('',*,*,#7511,.T.);
#7527 = ORIENTED_EDGE('',*,*,#7528,.F.);
#7528 = EDGE_CURVE('',#7360,#7502,#7529,.T.);
#7529 = LINE('',#7530,#7531);
#7530 = CARTESIAN_POINT('',(36.15,19.88,-3.5));
#7531 = VECTOR('',#7532,1.);
#7532 = DIRECTION('',(1.,0.,0.));
#7533 = PLANE('',#7534);
#7534 = AXIS2_PLACEMENT_3D('',#7535,#7536,#7537);
#7535 = CARTESIAN_POINT('',(36.15,19.88,-8.5));
#7536 = DIRECTION('',(0.,-1.,0.));
#7537 = DIRECTION('',(0.,0.,1.));
#7538 = ADVANCED_FACE('',(#7539),#7550,.F.);
#7539 = FACE_BOUND('',#7540,.T.);
#7540 = EDGE_LOOP('',(#7541,#7547,#7548,#7549));
#7541 = ORIENTED_EDGE('',*,*,#7542,.T.);
#7542 = EDGE_CURVE('',#7130,#2509,#7543,.T.);
#7543 = LINE('',#7544,#7545);
#7544 = CARTESIAN_POINT('',(33.77660085675,42.840005015213,-6.7));
#7545 = VECTOR('',#7546,1.);
#7546 = DIRECTION('',(-0.,-0.,-1.));
#7547 = ORIENTED_EDGE('',*,*,#2517,.T.);
#7548 = ORIENTED_EDGE('',*,*,#7352,.T.);
#7549 = ORIENTED_EDGE('',*,*,#7138,.T.);
#7550 = CYLINDRICAL_SURFACE('',#7551,9.);
#7551 = AXIS2_PLACEMENT_3D('',#7552,#7553,#7554);
#7552 = CARTESIAN_POINT('',(27.15,36.75,-6.7));
#7553 = DIRECTION('',(-0.,-0.,-1.));
#7554 = DIRECTION('',(1.,0.,0.));
#7555 = ADVANCED_FACE('',(#7556),#7584,.T.);
#7556 = FACE_BOUND('',#7557,.T.);
#7557 = EDGE_LOOP('',(#7558,#7559,#7567,#7574,#7575,#7576,#7582,#7583));
#7558 = ORIENTED_EDGE('',*,*,#7129,.F.);
#7559 = ORIENTED_EDGE('',*,*,#7560,.T.);
#7560 = EDGE_CURVE('',#7121,#7561,#7563,.T.);
#7561 = VERTEX_POINT('',#7562);
#7562 = CARTESIAN_POINT('',(34.017,41.932,-8.));
#7563 = LINE('',#7564,#7565);
#7564 = CARTESIAN_POINT('',(34.017,41.932,-2.2));
#7565 = VECTOR('',#7566,1.);
#7566 = DIRECTION('',(-0.,-0.,-1.));
#7567 = ORIENTED_EDGE('',*,*,#7568,.T.);
#7568 = EDGE_CURVE('',#7561,#7561,#7569,.T.);
#7569 = CIRCLE('',#7570,1.835);
#7570 = AXIS2_PLACEMENT_3D('',#7571,#7572,#7573);
#7571 = CARTESIAN_POINT('',(32.182,41.932,-8.));
#7572 = DIRECTION('',(0.,0.,1.));
#7573 = DIRECTION('',(1.,0.,0.));
#7574 = ORIENTED_EDGE('',*,*,#7560,.F.);
#7575 = ORIENTED_EDGE('',*,*,#7120,.F.);
#7576 = ORIENTED_EDGE('',*,*,#7577,.T.);
#7577 = EDGE_CURVE('',#7112,#2500,#7578,.T.);
#7578 = LINE('',#7579,#7580);
#7579 = CARTESIAN_POINT('',(33.042787797876,43.552576862425,-6.7));
#7580 = VECTOR('',#7581,1.);
#7581 = DIRECTION('',(-0.,-0.,-1.));
#7582 = ORIENTED_EDGE('',*,*,#2508,.F.);
#7583 = ORIENTED_EDGE('',*,*,#7542,.F.);
#7584 = CYLINDRICAL_SURFACE('',#7585,1.835);
#7585 = AXIS2_PLACEMENT_3D('',#7586,#7587,#7588);
#7586 = CARTESIAN_POINT('',(32.182,41.932,-2.2));
#7587 = DIRECTION('',(0.,0.,1.));
#7588 = DIRECTION('',(1.,0.,0.));
#7589 = ADVANCED_FACE('',(#7590),#7596,.F.);
#7590 = FACE_BOUND('',#7591,.T.);
#7591 = EDGE_LOOP('',(#7592,#7593,#7594,#7595));
#7592 = ORIENTED_EDGE('',*,*,#6280,.F.);
#7593 = ORIENTED_EDGE('',*,*,#2499,.T.);
#7594 = ORIENTED_EDGE('',*,*,#7577,.F.);
#7595 = ORIENTED_EDGE('',*,*,#7111,.T.);
#7596 = CYLINDRICAL_SURFACE('',#7597,9.);
#7597 = AXIS2_PLACEMENT_3D('',#7598,#7599,#7600);
#7598 = CARTESIAN_POINT('',(27.15,36.75,-6.7));
#7599 = DIRECTION('',(-0.,-0.,-1.));
#7600 = DIRECTION('',(1.,0.,0.));
#7601 = ADVANCED_FACE('',(#7602),#7626,.T.);
#7602 = FACE_BOUND('',#7603,.T.);
#7603 = EDGE_LOOP('',(#7604,#7605,#7613,#7619,#7625));
#7604 = ORIENTED_EDGE('',*,*,#6961,.F.);
#7605 = ORIENTED_EDGE('',*,*,#7606,.T.);
#7606 = EDGE_CURVE('',#6954,#7607,#7609,.T.);
#7607 = VERTEX_POINT('',#7608);
#7608 = CARTESIAN_POINT('',(-36.15,4.130000000001,-1.2));
#7609 = LINE('',#7610,#7611);
#7610 = CARTESIAN_POINT('',(-37.52120327386,4.130000000001,-1.2));
#7611 = VECTOR('',#7612,1.);
#7612 = DIRECTION('',(1.,0.,0.));
#7613 = ORIENTED_EDGE('',*,*,#7614,.T.);
#7614 = EDGE_CURVE('',#7607,#7013,#7615,.T.);
#7615 = LINE('',#7616,#7617);
#7616 = CARTESIAN_POINT('',(-36.15,4.130000000001,-1.2));
#7617 = VECTOR('',#7618,1.);
#7618 = DIRECTION('',(0.,0.,-1.));
#7619 = ORIENTED_EDGE('',*,*,#7620,.T.);
#7620 = EDGE_CURVE('',#7013,#2664,#7621,.T.);
#7621 = LINE('',#7622,#7623);
#7622 = CARTESIAN_POINT('',(-36.15,4.130000000001,-1.2));
#7623 = VECTOR('',#7624,1.);
#7624 = DIRECTION('',(0.,0.,-1.));
#7625 = ORIENTED_EDGE('',*,*,#2671,.T.);
#7626 = PLANE('',#7627);
#7627 = AXIS2_PLACEMENT_3D('',#7628,#7629,#7630);
#7628 = CARTESIAN_POINT('',(-37.52120327386,4.130000000001,-1.2));
#7629 = DIRECTION('',(0.,1.,0.));
#7630 = DIRECTION('',(0.,0.,-1.));
#7631 = ADVANCED_FACE('',(#7632),#7643,.T.);
#7632 = FACE_BOUND('',#7633,.T.);
#7633 = EDGE_LOOP('',(#7634,#7635,#7636,#7637));
#7634 = ORIENTED_EDGE('',*,*,#2663,.F.);
#7635 = ORIENTED_EDGE('',*,*,#7620,.F.);
#7636 = ORIENTED_EDGE('',*,*,#7217,.T.);
#7637 = ORIENTED_EDGE('',*,*,#7638,.F.);
#7638 = EDGE_CURVE('',#2655,#7209,#7639,.T.);
#7639 = LINE('',#7640,#7641);
#7640 = CARTESIAN_POINT('',(-36.15,-34.52879435587,-2.2));
#7641 = VECTOR('',#7642,1.);
#7642 = DIRECTION('',(0.,0.,1.));
#7643 = PLANE('',#7644);
#7644 = AXIS2_PLACEMENT_3D('',#7645,#7646,#7647);
#7645 = CARTESIAN_POINT('',(-36.15,36.75,-6.7));
#7646 = DIRECTION('',(1.,0.,0.));
#7647 = DIRECTION('',(0.,-1.,0.));
#7648 = ADVANCED_FACE('',(#7649),#7677,.T.);
#7649 = FACE_BOUND('',#7650,.T.);
#7650 = EDGE_LOOP('',(#7651,#7652,#7660,#7667,#7668,#7669,#7675,#7676));
#7651 = ORIENTED_EDGE('',*,*,#7208,.F.);
#7652 = ORIENTED_EDGE('',*,*,#7653,.T.);
#7653 = EDGE_CURVE('',#7200,#7654,#7656,.T.);
#7654 = VERTEX_POINT('',#7655);
#7655 = CARTESIAN_POINT('',(-32.747,-35.482,-8.));
#7656 = LINE('',#7657,#7658);
#7657 = CARTESIAN_POINT('',(-32.747,-35.482,-2.2));
#7658 = VECTOR('',#7659,1.);
#7659 = DIRECTION('',(-0.,-0.,-1.));
#7660 = ORIENTED_EDGE('',*,*,#7661,.T.);
#7661 = EDGE_CURVE('',#7654,#7654,#7662,.T.);
#7662 = CIRCLE('',#7663,1.835);
#7663 = AXIS2_PLACEMENT_3D('',#7664,#7665,#7666);
#7664 = CARTESIAN_POINT('',(-34.582,-35.482,-8.));
#7665 = DIRECTION('',(0.,0.,1.));
#7666 = DIRECTION('',(1.,0.,0.));
#7667 = ORIENTED_EDGE('',*,*,#7653,.F.);
#7668 = ORIENTED_EDGE('',*,*,#7199,.F.);
#7669 = ORIENTED_EDGE('',*,*,#7670,.F.);
#7670 = EDGE_CURVE('',#2647,#7192,#7671,.T.);
#7671 = LINE('',#7672,#7673);
#7672 = CARTESIAN_POINT('',(-36.15,-36.43520564412,-2.2));
#7673 = VECTOR('',#7674,1.);
#7674 = DIRECTION('',(0.,0.,1.));
#7675 = ORIENTED_EDGE('',*,*,#2654,.F.);
#7676 = ORIENTED_EDGE('',*,*,#7638,.T.);
#7677 = CYLINDRICAL_SURFACE('',#7678,1.835);
#7678 = AXIS2_PLACEMENT_3D('',#7679,#7680,#7681);
#7679 = CARTESIAN_POINT('',(-34.582,-35.482,-2.2));
#7680 = DIRECTION('',(0.,0.,1.));
#7681 = DIRECTION('',(1.,0.,0.));
#7682 = ADVANCED_FACE('',(#7683),#7689,.T.);
#7683 = FACE_BOUND('',#7684,.T.);
#7684 = EDGE_LOOP('',(#7685,#7686,#7687,#7688));
#7685 = ORIENTED_EDGE('',*,*,#2646,.F.);
#7686 = ORIENTED_EDGE('',*,*,#7670,.T.);
#7687 = ORIENTED_EDGE('',*,*,#7191,.T.);
#7688 = ORIENTED_EDGE('',*,*,#7282,.F.);
#7689 = PLANE('',#7690);
#7690 = AXIS2_PLACEMENT_3D('',#7691,#7692,#7693);
#7691 = CARTESIAN_POINT('',(-36.15,36.75,-6.7));
#7692 = DIRECTION('',(1.,0.,0.));
#7693 = DIRECTION('',(0.,-1.,0.));
#7694 = ADVANCED_FACE('',(#7695),#7701,.T.);
#7695 = FACE_BOUND('',#7696,.T.);
#7696 = EDGE_LOOP('',(#7697,#7698,#7699,#7700));
#7697 = ORIENTED_EDGE('',*,*,#2787,.T.);
#7698 = ORIENTED_EDGE('',*,*,#2811,.T.);
#7699 = ORIENTED_EDGE('',*,*,#2835,.T.);
#7700 = ORIENTED_EDGE('',*,*,#2859,.T.);
#7701 = PLANE('',#7702);
#7702 = AXIS2_PLACEMENT_3D('',#7703,#7704,#7705);
#7703 = CARTESIAN_POINT('',(0.,-18.87040626453,-0.5));
#7704 = DIRECTION('',(0.,0.,1.));
#7705 = DIRECTION('',(1.,0.,0.));
#7706 = ADVANCED_FACE('',(#7707),#7713,.T.);
#7707 = FACE_BOUND('',#7708,.T.);
#7708 = EDGE_LOOP('',(#7709,#7710,#7711,#7712));
#7709 = ORIENTED_EDGE('',*,*,#2883,.T.);
#7710 = ORIENTED_EDGE('',*,*,#2907,.T.);
#7711 = ORIENTED_EDGE('',*,*,#2931,.T.);
#7712 = ORIENTED_EDGE('',*,*,#2955,.T.);
#7713 = PLANE('',#7714);
#7714 = AXIS2_PLACEMENT_3D('',#7715,#7716,#7717);
#7715 = CARTESIAN_POINT('',(0.,-18.87040626453,-0.5));
#7716 = DIRECTION('',(0.,0.,1.));
#7717 = DIRECTION('',(1.,0.,0.));
#7718 = ADVANCED_FACE('',(#7719),#7725,.T.);
#7719 = FACE_BOUND('',#7720,.T.);
#7720 = EDGE_LOOP('',(#7721,#7722,#7723,#7724));
#7721 = ORIENTED_EDGE('',*,*,#2979,.T.);
#7722 = ORIENTED_EDGE('',*,*,#3003,.T.);
#7723 = ORIENTED_EDGE('',*,*,#3027,.T.);
#7724 = ORIENTED_EDGE('',*,*,#3051,.T.);
#7725 = PLANE('',#7726);
#7726 = AXIS2_PLACEMENT_3D('',#7727,#7728,#7729);
#7727 = CARTESIAN_POINT('',(0.,-18.87040626453,-0.5));
#7728 = DIRECTION('',(0.,0.,1.));
#7729 = DIRECTION('',(1.,0.,0.));
#7730 = ADVANCED_FACE('',(#7731),#7737,.T.);
#7731 = FACE_BOUND('',#7732,.T.);
#7732 = EDGE_LOOP('',(#7733,#7734,#7735,#7736));
#7733 = ORIENTED_EDGE('',*,*,#3075,.T.);
#7734 = ORIENTED_EDGE('',*,*,#3099,.T.);
#7735 = ORIENTED_EDGE('',*,*,#3123,.T.);
#7736 = ORIENTED_EDGE('',*,*,#3147,.T.);
#7737 = PLANE('',#7738);
#7738 = AXIS2_PLACEMENT_3D('',#7739,#7740,#7741);
#7739 = CARTESIAN_POINT('',(0.,-18.87040626453,-0.5));
#7740 = DIRECTION('',(0.,0.,1.));
#7741 = DIRECTION('',(1.,0.,0.));
#7742 = ADVANCED_FACE('',(#7743),#7749,.T.);
#7743 = FACE_BOUND('',#7744,.T.);
#7744 = EDGE_LOOP('',(#7745,#7746,#7747,#7748));
#7745 = ORIENTED_EDGE('',*,*,#3171,.T.);
#7746 = ORIENTED_EDGE('',*,*,#3195,.T.);
#7747 = ORIENTED_EDGE('',*,*,#3219,.T.);
#7748 = ORIENTED_EDGE('',*,*,#3243,.T.);
#7749 = PLANE('',#7750);
#7750 = AXIS2_PLACEMENT_3D('',#7751,#7752,#7753);
#7751 = CARTESIAN_POINT('',(0.,-18.87040626453,-0.5));
#7752 = DIRECTION('',(0.,0.,1.));
#7753 = DIRECTION('',(1.,0.,0.));
#7754 = ADVANCED_FACE('',(#7755),#7761,.T.);
#7755 = FACE_BOUND('',#7756,.T.);
#7756 = EDGE_LOOP('',(#7757,#7758,#7759,#7760));
#7757 = ORIENTED_EDGE('',*,*,#3267,.T.);
#7758 = ORIENTED_EDGE('',*,*,#3291,.T.);
#7759 = ORIENTED_EDGE('',*,*,#3315,.T.);
#7760 = ORIENTED_EDGE('',*,*,#3339,.T.);
#7761 = PLANE('',#7762);
#7762 = AXIS2_PLACEMENT_3D('',#7763,#7764,#7765);
#7763 = CARTESIAN_POINT('',(0.,-18.87040626453,-0.5));
#7764 = DIRECTION('',(0.,0.,1.));
#7765 = DIRECTION('',(1.,0.,0.));
#7766 = ADVANCED_FACE('',(#7767),#7773,.T.);
#7767 = FACE_BOUND('',#7768,.T.);
#7768 = EDGE_LOOP('',(#7769,#7770,#7771,#7772));
#7769 = ORIENTED_EDGE('',*,*,#3363,.T.);
#7770 = ORIENTED_EDGE('',*,*,#3387,.T.);
#7771 = ORIENTED_EDGE('',*,*,#3411,.T.);
#7772 = ORIENTED_EDGE('',*,*,#3435,.T.);
#7773 = PLANE('',#7774);
#7774 = AXIS2_PLACEMENT_3D('',#7775,#7776,#7777);
#7775 = CARTESIAN_POINT('',(0.,-18.87040626453,-0.5));
#7776 = DIRECTION('',(0.,0.,1.));
#7777 = DIRECTION('',(1.,0.,0.));
#7778 = ADVANCED_FACE('',(#7779),#7785,.T.);
#7779 = FACE_BOUND('',#7780,.T.);
#7780 = EDGE_LOOP('',(#7781,#7782,#7783,#7784));
#7781 = ORIENTED_EDGE('',*,*,#3459,.T.);
#7782 = ORIENTED_EDGE('',*,*,#3483,.T.);
#7783 = ORIENTED_EDGE('',*,*,#3507,.T.);
#7784 = ORIENTED_EDGE('',*,*,#3531,.T.);
#7785 = PLANE('',#7786);
#7786 = AXIS2_PLACEMENT_3D('',#7787,#7788,#7789);
#7787 = CARTESIAN_POINT('',(0.,-18.87040626453,-0.5));
#7788 = DIRECTION('',(0.,0.,1.));
#7789 = DIRECTION('',(1.,0.,0.));
#7790 = ADVANCED_FACE('',(#7791),#7797,.T.);
#7791 = FACE_BOUND('',#7792,.T.);
#7792 = EDGE_LOOP('',(#7793,#7794,#7795,#7796));
#7793 = ORIENTED_EDGE('',*,*,#3555,.T.);
#7794 = ORIENTED_EDGE('',*,*,#3579,.T.);
#7795 = ORIENTED_EDGE('',*,*,#3603,.T.);
#7796 = ORIENTED_EDGE('',*,*,#3627,.T.);
#7797 = PLANE('',#7798);
#7798 = AXIS2_PLACEMENT_3D('',#7799,#7800,#7801);
#7799 = CARTESIAN_POINT('',(0.,-18.87040626453,-0.5));
#7800 = DIRECTION('',(0.,0.,1.));
#7801 = DIRECTION('',(1.,0.,0.));
#7802 = ADVANCED_FACE('',(#7803),#7809,.T.);
#7803 = FACE_BOUND('',#7804,.T.);
#7804 = EDGE_LOOP('',(#7805,#7806,#7807,#7808));
#7805 = ORIENTED_EDGE('',*,*,#3651,.T.);
#7806 = ORIENTED_EDGE('',*,*,#3675,.T.);
#7807 = ORIENTED_EDGE('',*,*,#3699,.T.);
#7808 = ORIENTED_EDGE('',*,*,#3723,.T.);
#7809 = PLANE('',#7810);
#7810 = AXIS2_PLACEMENT_3D('',#7811,#7812,#7813);
#7811 = CARTESIAN_POINT('',(0.,-18.87040626453,-0.5));
#7812 = DIRECTION('',(0.,0.,1.));
#7813 = DIRECTION('',(1.,0.,0.));
#7814 = ADVANCED_FACE('',(#7815),#7821,.T.);
#7815 = FACE_BOUND('',#7816,.T.);
#7816 = EDGE_LOOP('',(#7817,#7818,#7819,#7820));
#7817 = ORIENTED_EDGE('',*,*,#3747,.T.);
#7818 = ORIENTED_EDGE('',*,*,#3771,.T.);
#7819 = ORIENTED_EDGE('',*,*,#3795,.T.);
#7820 = ORIENTED_EDGE('',*,*,#3819,.T.);
#7821 = PLANE('',#7822);
#7822 = AXIS2_PLACEMENT_3D('',#7823,#7824,#7825);
#7823 = CARTESIAN_POINT('',(0.,-18.87040626453,-0.5));
#7824 = DIRECTION('',(0.,0.,1.));
#7825 = DIRECTION('',(1.,0.,0.));
#7826 = ADVANCED_FACE('',(#7827),#7838,.F.);
#7827 = FACE_BOUND('',#7828,.F.);
#7828 = EDGE_LOOP('',(#7829,#7830,#7836,#7837));
#7829 = ORIENTED_EDGE('',*,*,#3940,.T.);
#7830 = ORIENTED_EDGE('',*,*,#7831,.T.);
#7831 = EDGE_CURVE('',#3941,#4129,#7832,.T.);
#7832 = LINE('',#7833,#7834);
#7833 = CARTESIAN_POINT('',(-30.4,-2.5,-1.));
#7834 = VECTOR('',#7835,1.);
#7835 = DIRECTION('',(1.,0.,0.));
#7836 = ORIENTED_EDGE('',*,*,#4136,.T.);
#7837 = ORIENTED_EDGE('',*,*,#3874,.T.);
#7838 = PLANE('',#7839);
#7839 = AXIS2_PLACEMENT_3D('',#7840,#7841,#7842);
#7840 = CARTESIAN_POINT('',(0.,-6.E-17,-1.));
#7841 = DIRECTION('',(0.,0.,1.));
#7842 = DIRECTION('',(1.,0.,0.));
#7843 = ADVANCED_FACE('',(#7844,#7857),#7868,.T.);
#7844 = FACE_BOUND('',#7845,.T.);
#7845 = EDGE_LOOP('',(#7846,#7847,#7853,#7854,#7855,#7856));
#7846 = ORIENTED_EDGE('',*,*,#3956,.F.);
#7847 = ORIENTED_EDGE('',*,*,#7848,.T.);
#7848 = EDGE_CURVE('',#3949,#4121,#7849,.T.);
#7849 = LINE('',#7850,#7851);
#7850 = CARTESIAN_POINT('',(-30.4,-2.5,-2.2));
#7851 = VECTOR('',#7852,1.);
#7852 = DIRECTION('',(1.,0.,0.));
#7853 = ORIENTED_EDGE('',*,*,#4120,.F.);
#7854 = ORIENTED_EDGE('',*,*,#4094,.F.);
#7855 = ORIENTED_EDGE('',*,*,#4053,.F.);
#7856 = ORIENTED_EDGE('',*,*,#4003,.F.);
#7857 = FACE_BOUND('',#7858,.T.);
#7858 = EDGE_LOOP('',(#7859));
#7859 = ORIENTED_EDGE('',*,*,#7860,.T.);
#7860 = EDGE_CURVE('',#7861,#7861,#7863,.T.);
#7861 = VERTEX_POINT('',#7862);
#7862 = CARTESIAN_POINT('',(2.9,-34.15,-2.2));
#7863 = CIRCLE('',#7864,2.9);
#7864 = AXIS2_PLACEMENT_3D('',#7865,#7866,#7867);
#7865 = CARTESIAN_POINT('',(0.,-34.15,-2.2));
#7866 = DIRECTION('',(0.,0.,1.));
#7867 = DIRECTION('',(1.,0.,0.));
#7868 = PLANE('',#7869);
#7869 = AXIS2_PLACEMENT_3D('',#7870,#7871,#7872);
#7870 = CARTESIAN_POINT('',(-1.626769345472,0.687159296201,-2.2));
#7871 = DIRECTION('',(-0.,-0.,-1.));
#7872 = DIRECTION('',(-1.,0.,0.));
#7873 = ADVANCED_FACE('',(#7874),#7880,.T.);
#7874 = FACE_BOUND('',#7875,.T.);
#7875 = EDGE_LOOP('',(#7876,#7877,#7878,#7879));
#7876 = ORIENTED_EDGE('',*,*,#3948,.T.);
#7877 = ORIENTED_EDGE('',*,*,#7831,.T.);
#7878 = ORIENTED_EDGE('',*,*,#4128,.F.);
#7879 = ORIENTED_EDGE('',*,*,#7848,.F.);
#7880 = PLANE('',#7881);
#7881 = AXIS2_PLACEMENT_3D('',#7882,#7883,#7884);
#7882 = CARTESIAN_POINT('',(-30.4,-2.5,-2.2));
#7883 = DIRECTION('',(0.,1.,0.));
#7884 = DIRECTION('',(1.,0.,0.));
#7885 = ADVANCED_FACE('',(#7886),#7896,.T.);
#7886 = FACE_BOUND('',#7887,.T.);
#7887 = EDGE_LOOP('',(#7888,#7889,#7890,#7891,#7892,#7893,#7894,#7895));
#7888 = ORIENTED_EDGE('',*,*,#4159,.T.);
#7889 = ORIENTED_EDGE('',*,*,#4208,.T.);
#7890 = ORIENTED_EDGE('',*,*,#4257,.T.);
#7891 = ORIENTED_EDGE('',*,*,#4306,.T.);
#7892 = ORIENTED_EDGE('',*,*,#4331,.T.);
#7893 = ORIENTED_EDGE('',*,*,#4288,.T.);
#7894 = ORIENTED_EDGE('',*,*,#4240,.T.);
#7895 = ORIENTED_EDGE('',*,*,#4190,.T.);
#7896 = PLANE('',#7897);
#7897 = AXIS2_PLACEMENT_3D('',#7898,#7899,#7900);
#7898 = CARTESIAN_POINT('',(2.517E-14,42.258865969462,-1.1));
#7899 = DIRECTION('',(0.,0.,1.));
#7900 = DIRECTION('',(1.,0.,0.));
#7901 = ADVANCED_FACE('',(#7902),#7912,.T.);
#7902 = FACE_BOUND('',#7903,.T.);
#7903 = EDGE_LOOP('',(#7904,#7905,#7906,#7907,#7908,#7909,#7910,#7911));
#7904 = ORIENTED_EDGE('',*,*,#4355,.T.);
#7905 = ORIENTED_EDGE('',*,*,#4404,.T.);
#7906 = ORIENTED_EDGE('',*,*,#4453,.T.);
#7907 = ORIENTED_EDGE('',*,*,#4502,.T.);
#7908 = ORIENTED_EDGE('',*,*,#4527,.T.);
#7909 = ORIENTED_EDGE('',*,*,#4484,.T.);
#7910 = ORIENTED_EDGE('',*,*,#4436,.T.);
#7911 = ORIENTED_EDGE('',*,*,#4386,.T.);
#7912 = PLANE('',#7913);
#7913 = AXIS2_PLACEMENT_3D('',#7914,#7915,#7916);
#7914 = CARTESIAN_POINT('',(2.517E-14,42.258865969462,-1.1));
#7915 = DIRECTION('',(0.,0.,1.));
#7916 = DIRECTION('',(1.,0.,0.));
#7917 = ADVANCED_FACE('',(#7918),#7928,.T.);
#7918 = FACE_BOUND('',#7919,.T.);
#7919 = EDGE_LOOP('',(#7920,#7921,#7922,#7923,#7924,#7925,#7926,#7927));
#7920 = ORIENTED_EDGE('',*,*,#4551,.T.);
#7921 = ORIENTED_EDGE('',*,*,#4600,.T.);
#7922 = ORIENTED_EDGE('',*,*,#4649,.T.);
#7923 = ORIENTED_EDGE('',*,*,#4698,.T.);
#7924 = ORIENTED_EDGE('',*,*,#4723,.T.);
#7925 = ORIENTED_EDGE('',*,*,#4680,.T.);
#7926 = ORIENTED_EDGE('',*,*,#4632,.T.);
#7927 = ORIENTED_EDGE('',*,*,#4582,.T.);
#7928 = PLANE('',#7929);
#7929 = AXIS2_PLACEMENT_3D('',#7930,#7931,#7932);
#7930 = CARTESIAN_POINT('',(2.517E-14,42.258865969462,-1.1));
#7931 = DIRECTION('',(0.,0.,1.));
#7932 = DIRECTION('',(1.,0.,0.));
#7933 = ADVANCED_FACE('',(#7934),#7944,.T.);
#7934 = FACE_BOUND('',#7935,.T.);
#7935 = EDGE_LOOP('',(#7936,#7937,#7938,#7939,#7940,#7941,#7942,#7943));
#7936 = ORIENTED_EDGE('',*,*,#4747,.T.);
#7937 = ORIENTED_EDGE('',*,*,#4796,.T.);
#7938 = ORIENTED_EDGE('',*,*,#4845,.T.);
#7939 = ORIENTED_EDGE('',*,*,#4894,.T.);
#7940 = ORIENTED_EDGE('',*,*,#4919,.T.);
#7941 = ORIENTED_EDGE('',*,*,#4876,.T.);
#7942 = ORIENTED_EDGE('',*,*,#4828,.T.);
#7943 = ORIENTED_EDGE('',*,*,#4778,.T.);
#7944 = PLANE('',#7945);
#7945 = AXIS2_PLACEMENT_3D('',#7946,#7947,#7948);
#7946 = CARTESIAN_POINT('',(2.517E-14,42.258865969462,-1.1));
#7947 = DIRECTION('',(0.,0.,1.));
#7948 = DIRECTION('',(1.,0.,0.));
#7949 = ADVANCED_FACE('',(#7950),#7960,.T.);
#7950 = FACE_BOUND('',#7951,.T.);
#7951 = EDGE_LOOP('',(#7952,#7953,#7954,#7955,#7956,#7957,#7958,#7959));
#7952 = ORIENTED_EDGE('',*,*,#4943,.T.);
#7953 = ORIENTED_EDGE('',*,*,#4992,.T.);
#7954 = ORIENTED_EDGE('',*,*,#5041,.T.);
#7955 = ORIENTED_EDGE('',*,*,#5090,.T.);
#7956 = ORIENTED_EDGE('',*,*,#5115,.T.);
#7957 = ORIENTED_EDGE('',*,*,#5072,.T.);
#7958 = ORIENTED_EDGE('',*,*,#5024,.T.);
#7959 = ORIENTED_EDGE('',*,*,#4974,.T.);
#7960 = PLANE('',#7961);
#7961 = AXIS2_PLACEMENT_3D('',#7962,#7963,#7964);
#7962 = CARTESIAN_POINT('',(2.517E-14,42.258865969462,-1.1));
#7963 = DIRECTION('',(0.,0.,1.));
#7964 = DIRECTION('',(1.,0.,0.));
#7965 = ADVANCED_FACE('',(#7966),#7977,.F.);
#7966 = FACE_BOUND('',#7967,.F.);
#7967 = EDGE_LOOP('',(#7968,#7969,#7970,#7971));
#7968 = ORIENTED_EDGE('',*,*,#5415,.T.);
#7969 = ORIENTED_EDGE('',*,*,#5171,.T.);
#7970 = ORIENTED_EDGE('',*,*,#5187,.T.);
#7971 = ORIENTED_EDGE('',*,*,#7972,.T.);
#7972 = EDGE_CURVE('',#5188,#5408,#7973,.T.);
#7973 = LINE('',#7974,#7975);
#7974 = CARTESIAN_POINT('',(30.4,2.5,-1.));
#7975 = VECTOR('',#7976,1.);
#7976 = DIRECTION('',(-1.,0.,0.));
#7977 = PLANE('',#7978);
#7978 = AXIS2_PLACEMENT_3D('',#7979,#7980,#7981);
#7979 = CARTESIAN_POINT('',(0.,-6.E-17,-1.));
#7980 = DIRECTION('',(0.,0.,1.));
#7981 = DIRECTION('',(1.,0.,0.));
#7982 = ADVANCED_FACE('',(#7983,#7996),#8007,.T.);
#7983 = FACE_BOUND('',#7984,.T.);
#7984 = EDGE_LOOP('',(#7985,#7986,#7992,#7993,#7994,#7995));
#7985 = ORIENTED_EDGE('',*,*,#5203,.F.);
#7986 = ORIENTED_EDGE('',*,*,#7987,.T.);
#7987 = EDGE_CURVE('',#5196,#5400,#7988,.T.);
#7988 = LINE('',#7989,#7990);
#7989 = CARTESIAN_POINT('',(30.4,2.5,-2.2));
#7990 = VECTOR('',#7991,1.);
#7991 = DIRECTION('',(-1.,0.,0.));
#7992 = ORIENTED_EDGE('',*,*,#5399,.F.);
#7993 = ORIENTED_EDGE('',*,*,#5348,.F.);
#7994 = ORIENTED_EDGE('',*,*,#5300,.F.);
#7995 = ORIENTED_EDGE('',*,*,#5250,.F.);
#7996 = FACE_BOUND('',#7997,.T.);
#7997 = EDGE_LOOP('',(#7998));
#7998 = ORIENTED_EDGE('',*,*,#7999,.T.);
#7999 = EDGE_CURVE('',#8000,#8000,#8002,.T.);
#8000 = VERTEX_POINT('',#8001);
#8001 = CARTESIAN_POINT('',(2.9,19.25,-2.2));
#8002 = CIRCLE('',#8003,2.9);
#8003 = AXIS2_PLACEMENT_3D('',#8004,#8005,#8006);
#8004 = CARTESIAN_POINT('',(0.,19.25,-2.2));
#8005 = DIRECTION('',(0.,0.,1.));
#8006 = DIRECTION('',(1.,0.,0.));
#8007 = PLANE('',#8008);
#8008 = AXIS2_PLACEMENT_3D('',#8009,#8010,#8011);
#8009 = CARTESIAN_POINT('',(-1.626769345472,0.687159296201,-2.2));
#8010 = DIRECTION('',(-0.,-0.,-1.));
#8011 = DIRECTION('',(-1.,0.,0.));
#8012 = ADVANCED_FACE('',(#8013),#8019,.T.);
#8013 = FACE_BOUND('',#8014,.T.);
#8014 = EDGE_LOOP('',(#8015,#8016,#8017,#8018));
#8015 = ORIENTED_EDGE('',*,*,#5195,.T.);
#8016 = ORIENTED_EDGE('',*,*,#7972,.T.);
#8017 = ORIENTED_EDGE('',*,*,#5407,.F.);
#8018 = ORIENTED_EDGE('',*,*,#7987,.F.);
#8019 = PLANE('',#8020);
#8020 = AXIS2_PLACEMENT_3D('',#8021,#8022,#8023);
#8021 = CARTESIAN_POINT('',(30.4,2.5,-2.2));
#8022 = DIRECTION('',(0.,-1.,0.));
#8023 = DIRECTION('',(-1.,0.,0.));
#8024 = ADVANCED_FACE('',(#8025),#8035,.T.);
#8025 = FACE_BOUND('',#8026,.T.);
#8026 = EDGE_LOOP('',(#8027,#8028,#8029,#8030,#8031,#8032,#8033,#8034));
#8027 = ORIENTED_EDGE('',*,*,#5455,.T.);
#8028 = ORIENTED_EDGE('',*,*,#5504,.T.);
#8029 = ORIENTED_EDGE('',*,*,#5553,.T.);
#8030 = ORIENTED_EDGE('',*,*,#5602,.T.);
#8031 = ORIENTED_EDGE('',*,*,#5627,.T.);
#8032 = ORIENTED_EDGE('',*,*,#5584,.T.);
#8033 = ORIENTED_EDGE('',*,*,#5536,.T.);
#8034 = ORIENTED_EDGE('',*,*,#5486,.T.);
#8035 = PLANE('',#8036);
#8036 = AXIS2_PLACEMENT_3D('',#8037,#8038,#8039);
#8037 = CARTESIAN_POINT('',(2.517E-14,42.258865969462,-1.1));
#8038 = DIRECTION('',(0.,0.,1.));
#8039 = DIRECTION('',(1.,0.,0.));
#8040 = ADVANCED_FACE('',(#8041),#8051,.T.);
#8041 = FACE_BOUND('',#8042,.T.);
#8042 = EDGE_LOOP('',(#8043,#8044,#8045,#8046,#8047,#8048,#8049,#8050));
#8043 = ORIENTED_EDGE('',*,*,#5651,.T.);
#8044 = ORIENTED_EDGE('',*,*,#5700,.T.);
#8045 = ORIENTED_EDGE('',*,*,#5749,.T.);
#8046 = ORIENTED_EDGE('',*,*,#5798,.T.);
#8047 = ORIENTED_EDGE('',*,*,#5823,.T.);
#8048 = ORIENTED_EDGE('',*,*,#5780,.T.);
#8049 = ORIENTED_EDGE('',*,*,#5732,.T.);
#8050 = ORIENTED_EDGE('',*,*,#5682,.T.);
#8051 = PLANE('',#8052);
#8052 = AXIS2_PLACEMENT_3D('',#8053,#8054,#8055);
#8053 = CARTESIAN_POINT('',(2.517E-14,42.258865969462,-1.1));
#8054 = DIRECTION('',(0.,0.,1.));
#8055 = DIRECTION('',(1.,0.,0.));
#8056 = ADVANCED_FACE('',(#8057),#8067,.T.);
#8057 = FACE_BOUND('',#8058,.T.);
#8058 = EDGE_LOOP('',(#8059,#8060,#8061,#8062,#8063,#8064,#8065,#8066));
#8059 = ORIENTED_EDGE('',*,*,#5847,.T.);
#8060 = ORIENTED_EDGE('',*,*,#5896,.T.);
#8061 = ORIENTED_EDGE('',*,*,#5945,.T.);
#8062 = ORIENTED_EDGE('',*,*,#5994,.T.);
#8063 = ORIENTED_EDGE('',*,*,#6019,.T.);
#8064 = ORIENTED_EDGE('',*,*,#5976,.T.);
#8065 = ORIENTED_EDGE('',*,*,#5928,.T.);
#8066 = ORIENTED_EDGE('',*,*,#5878,.T.);
#8067 = PLANE('',#8068);
#8068 = AXIS2_PLACEMENT_3D('',#8069,#8070,#8071);
#8069 = CARTESIAN_POINT('',(2.517E-14,42.258865969462,-1.1));
#8070 = DIRECTION('',(0.,0.,1.));
#8071 = DIRECTION('',(1.,0.,0.));
#8072 = ADVANCED_FACE('',(#8073),#8083,.T.);
#8073 = FACE_BOUND('',#8074,.T.);
#8074 = EDGE_LOOP('',(#8075,#8076,#8077,#8078,#8079,#8080,#8081,#8082));
#8075 = ORIENTED_EDGE('',*,*,#6043,.T.);
#8076 = ORIENTED_EDGE('',*,*,#6092,.T.);
#8077 = ORIENTED_EDGE('',*,*,#6141,.T.);
#8078 = ORIENTED_EDGE('',*,*,#6190,.T.);
#8079 = ORIENTED_EDGE('',*,*,#6215,.T.);
#8080 = ORIENTED_EDGE('',*,*,#6172,.T.);
#8081 = ORIENTED_EDGE('',*,*,#6124,.T.);
#8082 = ORIENTED_EDGE('',*,*,#6074,.T.);
#8083 = PLANE('',#8084);
#8084 = AXIS2_PLACEMENT_3D('',#8085,#8086,#8087);
#8085 = CARTESIAN_POINT('',(2.517E-14,42.258865969462,-1.1));
#8086 = DIRECTION('',(0.,0.,1.));
#8087 = DIRECTION('',(1.,0.,0.));
#8088 = ADVANCED_FACE('',(#8089,#8123,#8126),#8129,.F.);
#8089 = FACE_BOUND('',#8090,.F.);
#8090 = EDGE_LOOP('',(#8091,#8101,#8109,#8117));
#8091 = ORIENTED_EDGE('',*,*,#8092,.T.);
#8092 = EDGE_CURVE('',#8093,#8095,#8097,.T.);
#8093 = VERTEX_POINT('',#8094);
#8094 = CARTESIAN_POINT('',(24.9,42.35,-7.));
#8095 = VERTEX_POINT('',#8096);
#8096 = CARTESIAN_POINT('',(24.9,38.85,-7.));
#8097 = LINE('',#8098,#8099);
#8098 = CARTESIAN_POINT('',(24.9,42.35,-7.));
#8099 = VECTOR('',#8100,1.);
#8100 = DIRECTION('',(0.,-1.,0.));
#8101 = ORIENTED_EDGE('',*,*,#8102,.T.);
#8102 = EDGE_CURVE('',#8095,#8103,#8105,.T.);
#8103 = VERTEX_POINT('',#8104);
#8104 = CARTESIAN_POINT('',(29.9,38.85,-7.));
#8105 = LINE('',#8106,#8107);
#8106 = CARTESIAN_POINT('',(24.9,38.85,-7.));
#8107 = VECTOR('',#8108,1.);
#8108 = DIRECTION('',(1.,0.,0.));
#8109 = ORIENTED_EDGE('',*,*,#8110,.T.);
#8110 = EDGE_CURVE('',#8103,#8111,#8113,.T.);
#8111 = VERTEX_POINT('',#8112);
#8112 = CARTESIAN_POINT('',(29.9,42.35,-7.));
#8113 = LINE('',#8114,#8115);
#8114 = CARTESIAN_POINT('',(29.9,38.85,-7.));
#8115 = VECTOR('',#8116,1.);
#8116 = DIRECTION('',(0.,1.,0.));
#8117 = ORIENTED_EDGE('',*,*,#8118,.T.);
#8118 = EDGE_CURVE('',#8111,#8093,#8119,.T.);
#8119 = LINE('',#8120,#8121);
#8120 = CARTESIAN_POINT('',(29.9,42.35,-7.));
#8121 = VECTOR('',#8122,1.);
#8122 = DIRECTION('',(-1.,0.,0.));
#8123 = FACE_BOUND('',#8124,.T.);
#8124 = EDGE_LOOP('',(#8125));
#8125 = ORIENTED_EDGE('',*,*,#6231,.T.);
#8126 = FACE_BOUND('',#8127,.T.);
#8127 = EDGE_LOOP('',(#8128));
#8128 = ORIENTED_EDGE('',*,*,#6255,.T.);
#8129 = PLANE('',#8130);
#8130 = AXIS2_PLACEMENT_3D('',#8131,#8132,#8133);
#8131 = CARTESIAN_POINT('',(27.4,40.6,-7.));
#8132 = DIRECTION('',(0.,0.,1.));
#8133 = DIRECTION('',(1.,0.,0.));
#8134 = ADVANCED_FACE('',(#8135),#8212,.F.);
#8135 = FACE_BOUND('',#8136,.F.);
#8136 = EDGE_LOOP('',(#8137,#8138,#8139,#8147,#8156,#8162,#8163,#8171,
    #8179,#8187,#8196,#8205));
#8137 = ORIENTED_EDGE('',*,*,#6304,.F.);
#8138 = ORIENTED_EDGE('',*,*,#6501,.T.);
#8139 = ORIENTED_EDGE('',*,*,#8140,.T.);
#8140 = EDGE_CURVE('',#6502,#8141,#8143,.T.);
#8141 = VERTEX_POINT('',#8142);
#8142 = CARTESIAN_POINT('',(-27.15,47.321203273864,-5.3));
#8143 = LINE('',#8144,#8145);
#8144 = CARTESIAN_POINT('',(27.149999999997,47.321203273864,-5.3));
#8145 = VECTOR('',#8146,1.);
#8146 = DIRECTION('',(-1.,0.,0.));
#8147 = ORIENTED_EDGE('',*,*,#8148,.T.);
#8148 = EDGE_CURVE('',#8141,#8149,#8151,.T.);
#8149 = VERTEX_POINT('',#8150);
#8150 = CARTESIAN_POINT('',(-37.72120327386,36.75,-5.3));
#8151 = CIRCLE('',#8152,10.571203273864);
#8152 = AXIS2_PLACEMENT_3D('',#8153,#8154,#8155);
#8153 = CARTESIAN_POINT('',(-27.15,36.75,-5.3));
#8154 = DIRECTION('',(0.,0.,1.));
#8155 = DIRECTION('',(1.,0.,0.));
#8156 = ORIENTED_EDGE('',*,*,#8157,.T.);
#8157 = EDGE_CURVE('',#8149,#6561,#8158,.T.);
#8158 = LINE('',#8159,#8160);
#8159 = CARTESIAN_POINT('',(-37.72120327386,36.75,-5.3));
#8160 = VECTOR('',#8161,1.);
#8161 = DIRECTION('',(0.,-1.,0.));
#8162 = ORIENTED_EDGE('',*,*,#6568,.T.);
#8163 = ORIENTED_EDGE('',*,*,#8164,.T.);
#8164 = EDGE_CURVE('',#6569,#8165,#8167,.T.);
#8165 = VERTEX_POINT('',#8166);
#8166 = CARTESIAN_POINT('',(-37.52120327386,32.25,-5.3));
#8167 = LINE('',#8168,#8169);
#8168 = CARTESIAN_POINT('',(-37.52120327386,31.8,-5.3));
#8169 = VECTOR('',#8170,1.);
#8170 = DIRECTION('',(0.,1.,0.));
#8171 = ORIENTED_EDGE('',*,*,#8172,.T.);
#8172 = EDGE_CURVE('',#8165,#8173,#8175,.T.);
#8173 = VERTEX_POINT('',#8174);
#8174 = CARTESIAN_POINT('',(-36.15,32.25,-5.3));
#8175 = LINE('',#8176,#8177);
#8176 = CARTESIAN_POINT('',(-5.185601636934,32.25,-5.3));
#8177 = VECTOR('',#8178,1.);
#8178 = DIRECTION('',(1.,0.,0.));
#8179 = ORIENTED_EDGE('',*,*,#8180,.F.);
#8180 = EDGE_CURVE('',#8181,#8173,#8183,.T.);
#8181 = VERTEX_POINT('',#8182);
#8182 = CARTESIAN_POINT('',(-36.15,36.75,-5.3));
#8183 = LINE('',#8184,#8185);
#8184 = CARTESIAN_POINT('',(-36.15,36.75,-5.3));
#8185 = VECTOR('',#8186,1.);
#8186 = DIRECTION('',(0.,-1.,0.));
#8187 = ORIENTED_EDGE('',*,*,#8188,.T.);
#8188 = EDGE_CURVE('',#8181,#8189,#8191,.T.);
#8189 = VERTEX_POINT('',#8190);
#8190 = CARTESIAN_POINT('',(-33.77660085675,42.840005015213,-5.3));
#8191 = CIRCLE('',#8192,9.);
#8192 = AXIS2_PLACEMENT_3D('',#8193,#8194,#8195);
#8193 = CARTESIAN_POINT('',(-27.15,36.75,-5.3));
#8194 = DIRECTION('',(0.,0.,-1.));
#8195 = DIRECTION('',(1.,0.,0.));
#8196 = ORIENTED_EDGE('',*,*,#8197,.F.);
#8197 = EDGE_CURVE('',#8198,#8189,#8200,.T.);
#8198 = VERTEX_POINT('',#8199);
#8199 = CARTESIAN_POINT('',(-33.04278779787,43.552576862425,-5.3));
#8200 = CIRCLE('',#8201,1.835);
#8201 = AXIS2_PLACEMENT_3D('',#8202,#8203,#8204);
#8202 = CARTESIAN_POINT('',(-32.182,41.932,-5.3));
#8203 = DIRECTION('',(0.,0.,1.));
#8204 = DIRECTION('',(1.,0.,0.));
#8205 = ORIENTED_EDGE('',*,*,#8206,.T.);
#8206 = EDGE_CURVE('',#8198,#6297,#8207,.T.);
#8207 = CIRCLE('',#8208,9.);
#8208 = AXIS2_PLACEMENT_3D('',#8209,#8210,#8211);
#8209 = CARTESIAN_POINT('',(-27.15,36.75,-5.3));
#8210 = DIRECTION('',(0.,0.,-1.));
#8211 = DIRECTION('',(1.,0.,0.));
#8212 = PLANE('',#8213);
#8213 = AXIS2_PLACEMENT_3D('',#8214,#8215,#8216);
#8214 = CARTESIAN_POINT('',(27.149999999997,36.75,-5.3));
#8215 = DIRECTION('',(0.,0.,1.));
#8216 = DIRECTION('',(1.,0.,0.));
#8217 = ADVANCED_FACE('',(#8218),#8229,.F.);
#8218 = FACE_BOUND('',#8219,.T.);
#8219 = EDGE_LOOP('',(#8220,#8226,#8227,#8228));
#8220 = ORIENTED_EDGE('',*,*,#8221,.T.);
#8221 = EDGE_CURVE('',#7095,#8198,#8222,.T.);
#8222 = LINE('',#8223,#8224);
#8223 = CARTESIAN_POINT('',(-33.04278779787,43.552576862425,-6.7));
#8224 = VECTOR('',#8225,1.);
#8225 = DIRECTION('',(-0.,-0.,-1.));
#8226 = ORIENTED_EDGE('',*,*,#8206,.T.);
#8227 = ORIENTED_EDGE('',*,*,#6296,.T.);
#8228 = ORIENTED_EDGE('',*,*,#7103,.T.);
#8229 = CYLINDRICAL_SURFACE('',#8230,9.);
#8230 = AXIS2_PLACEMENT_3D('',#8231,#8232,#8233);
#8231 = CARTESIAN_POINT('',(-27.15,36.75,-6.7));
#8232 = DIRECTION('',(-0.,-0.,-1.));
#8233 = DIRECTION('',(1.,0.,0.));
#8234 = ADVANCED_FACE('',(#8235),#8245,.F.);
#8235 = FACE_BOUND('',#8236,.F.);
#8236 = EDGE_LOOP('',(#8237,#8238,#8239,#8244));
#8237 = ORIENTED_EDGE('',*,*,#6509,.F.);
#8238 = ORIENTED_EDGE('',*,*,#6481,.T.);
#8239 = ORIENTED_EDGE('',*,*,#8240,.T.);
#8240 = EDGE_CURVE('',#6473,#8141,#8241,.T.);
#8241 = B_SPLINE_CURVE_WITH_KNOTS('',1,(#8242,#8243),.UNSPECIFIED.,.F.,
  .F.,(2,2),(0.,1.),.PIECEWISE_BEZIER_KNOTS.);
#8242 = CARTESIAN_POINT('',(-27.15,46.95,-6.7));
#8243 = CARTESIAN_POINT('',(-27.15,47.321203273864,-5.3));
#8244 = ORIENTED_EDGE('',*,*,#8140,.F.);
#8245 = PLANE('',#8246);
#8246 = AXIS2_PLACEMENT_3D('',#8247,#8248,#8249);
#8247 = CARTESIAN_POINT('',(27.149999999997,47.321203273864,-5.3));
#8248 = DIRECTION('',(0.,0.966600102017,-0.256289373133));
#8249 = DIRECTION('',(-1.,0.,0.));
#8250 = ADVANCED_FACE('',(#8251),#8261,.F.);
#8251 = FACE_BOUND('',#8252,.F.);
#8252 = EDGE_LOOP('',(#8253,#8254,#8259,#8260));
#8253 = ORIENTED_EDGE('',*,*,#6472,.T.);
#8254 = ORIENTED_EDGE('',*,*,#8255,.T.);
#8255 = EDGE_CURVE('',#6465,#8149,#8256,.T.);
#8256 = B_SPLINE_CURVE_WITH_KNOTS('',1,(#8257,#8258),.UNSPECIFIED.,.F.,
  .F.,(2,2),(0.,1.),.PIECEWISE_BEZIER_KNOTS.);
#8257 = CARTESIAN_POINT('',(-37.35,36.75,-6.7));
#8258 = CARTESIAN_POINT('',(-37.72120327386,36.75,-5.3));
#8259 = ORIENTED_EDGE('',*,*,#8148,.F.);
#8260 = ORIENTED_EDGE('',*,*,#8240,.F.);
#8261 = CONICAL_SURFACE('',#8262,10.2,0.259181393921);
#8262 = AXIS2_PLACEMENT_3D('',#8263,#8264,#8265);
#8263 = CARTESIAN_POINT('',(-27.15,36.75,-6.7));
#8264 = DIRECTION('',(0.,0.,1.));
#8265 = DIRECTION('',(1.,0.,0.));
#8266 = ADVANCED_FACE('',(#8267),#8287,.F.);
#8267 = FACE_BOUND('',#8268,.F.);
#8268 = EDGE_LOOP('',(#8269,#8270,#8271,#8279,#8285,#8286));
#8269 = ORIENTED_EDGE('',*,*,#8255,.F.);
#8270 = ORIENTED_EDGE('',*,*,#6464,.T.);
#8271 = ORIENTED_EDGE('',*,*,#8272,.T.);
#8272 = EDGE_CURVE('',#6457,#8273,#8275,.T.);
#8273 = VERTEX_POINT('',#8274);
#8274 = CARTESIAN_POINT('',(-37.52120327386,32.25,-6.054303692112));
#8275 = LINE('',#8276,#8277);
#8276 = CARTESIAN_POINT('',(-37.02099271378,32.25,-7.940857053635));
#8277 = VECTOR('',#8278,1.);
#8278 = DIRECTION('',(-0.256289373133,0.,0.966600102017));
#8279 = ORIENTED_EDGE('',*,*,#8280,.T.);
#8280 = EDGE_CURVE('',#8273,#6553,#8281,.T.);
#8281 = LINE('',#8282,#8283);
#8282 = CARTESIAN_POINT('',(-37.52120327386,31.8,-6.054303692112));
#8283 = VECTOR('',#8284,1.);
#8284 = DIRECTION('',(0.,-1.,0.));
#8285 = ORIENTED_EDGE('',*,*,#6560,.T.);
#8286 = ORIENTED_EDGE('',*,*,#8157,.F.);
#8287 = PLANE('',#8288);
#8288 = AXIS2_PLACEMENT_3D('',#8289,#8290,#8291);
#8289 = CARTESIAN_POINT('',(-37.72120327386,36.75,-5.3));
#8290 = DIRECTION('',(-0.966600102017,0.,-0.256289373133));
#8291 = DIRECTION('',(0.,-1.,0.));
#8292 = ADVANCED_FACE('',(#8293),#8303,.T.);
#8293 = FACE_BOUND('',#8294,.T.);
#8294 = EDGE_LOOP('',(#8295,#8301,#8302));
#8295 = ORIENTED_EDGE('',*,*,#8296,.F.);
#8296 = EDGE_CURVE('',#6449,#8273,#8297,.T.);
#8297 = LINE('',#8298,#8299);
#8298 = CARTESIAN_POINT('',(-37.52120327386,32.25,-10.9));
#8299 = VECTOR('',#8300,1.);
#8300 = DIRECTION('',(0.,0.,1.));
#8301 = ORIENTED_EDGE('',*,*,#6456,.T.);
#8302 = ORIENTED_EDGE('',*,*,#8272,.T.);
#8303 = PLANE('',#8304);
#8304 = AXIS2_PLACEMENT_3D('',#8305,#8306,#8307);
#8305 = CARTESIAN_POINT('',(-37.52120327386,32.25,-10.9));
#8306 = DIRECTION('',(0.,-1.,0.));
#8307 = DIRECTION('',(0.,0.,1.));
#8308 = ADVANCED_FACE('',(#8309),#8315,.T.);
#8309 = FACE_BOUND('',#8310,.T.);
#8310 = EDGE_LOOP('',(#8311,#8312,#8313,#8314));
#8311 = ORIENTED_EDGE('',*,*,#8296,.T.);
#8312 = ORIENTED_EDGE('',*,*,#8280,.T.);
#8313 = ORIENTED_EDGE('',*,*,#6552,.F.);
#8314 = ORIENTED_EDGE('',*,*,#6448,.T.);
#8315 = PLANE('',#8316);
#8316 = AXIS2_PLACEMENT_3D('',#8317,#8318,#8319);
#8317 = CARTESIAN_POINT('',(-37.52120327386,26.85,-6.));
#8318 = DIRECTION('',(1.,0.,0.));
#8319 = DIRECTION('',(0.,0.,1.));
#8320 = ADVANCED_FACE('',(#8321),#8357,.T.);
#8321 = FACE_BOUND('',#8322,.T.);
#8322 = EDGE_LOOP('',(#8323,#8331,#8339,#8347,#8353,#8354,#8355,#8356));
#8323 = ORIENTED_EDGE('',*,*,#8324,.T.);
#8324 = EDGE_CURVE('',#8165,#8325,#8327,.T.);
#8325 = VERTEX_POINT('',#8326);
#8326 = CARTESIAN_POINT('',(-37.52120327386,32.25,-1.1));
#8327 = LINE('',#8328,#8329);
#8328 = CARTESIAN_POINT('',(-37.52120327386,32.25,-10.9));
#8329 = VECTOR('',#8330,1.);
#8330 = DIRECTION('',(0.,0.,1.));
#8331 = ORIENTED_EDGE('',*,*,#8332,.T.);
#8332 = EDGE_CURVE('',#8325,#8333,#8335,.T.);
#8333 = VERTEX_POINT('',#8334);
#8334 = CARTESIAN_POINT('',(-37.52120327386,21.45,-1.1));
#8335 = LINE('',#8336,#8337);
#8336 = CARTESIAN_POINT('',(-37.52120327386,32.25,-1.1));
#8337 = VECTOR('',#8338,1.);
#8338 = DIRECTION('',(0.,-1.,0.));
#8339 = ORIENTED_EDGE('',*,*,#8340,.T.);
#8340 = EDGE_CURVE('',#8333,#8341,#8343,.T.);
#8341 = VERTEX_POINT('',#8342);
#8342 = CARTESIAN_POINT('',(-37.52120327386,21.45,-5.3));
#8343 = LINE('',#8344,#8345);
#8344 = CARTESIAN_POINT('',(-37.52120327386,21.45,-1.1));
#8345 = VECTOR('',#8346,1.);
#8346 = DIRECTION('',(0.,0.,-1.));
#8347 = ORIENTED_EDGE('',*,*,#8348,.T.);
#8348 = EDGE_CURVE('',#8341,#6729,#8349,.T.);
#8349 = LINE('',#8350,#8351);
#8350 = CARTESIAN_POINT('',(-37.52120327386,31.8,-5.3));
#8351 = VECTOR('',#8352,1.);
#8352 = DIRECTION('',(0.,1.,0.));
#8353 = ORIENTED_EDGE('',*,*,#6728,.F.);
#8354 = ORIENTED_EDGE('',*,*,#6646,.F.);
#8355 = ORIENTED_EDGE('',*,*,#6576,.F.);
#8356 = ORIENTED_EDGE('',*,*,#8164,.T.);
#8357 = PLANE('',#8358);
#8358 = AXIS2_PLACEMENT_3D('',#8359,#8360,#8361);
#8359 = CARTESIAN_POINT('',(-37.52120327386,26.85,-6.));
#8360 = DIRECTION('',(1.,0.,0.));
#8361 = DIRECTION('',(0.,0.,1.));
#8362 = ADVANCED_FACE('',(#8363),#8404,.F.);
#8363 = FACE_BOUND('',#8364,.F.);
#8364 = EDGE_LOOP('',(#8365,#8366,#8372,#8373,#8374,#8382,#8390,#8398));
#8365 = ORIENTED_EDGE('',*,*,#6791,.T.);
#8366 = ORIENTED_EDGE('',*,*,#8367,.T.);
#8367 = EDGE_CURVE('',#6792,#6616,#8368,.T.);
#8368 = LINE('',#8369,#8370);
#8369 = CARTESIAN_POINT('',(-37.72120327386,36.75,-5.3));
#8370 = VECTOR('',#8371,1.);
#8371 = DIRECTION('',(0.,-1.,0.));
#8372 = ORIENTED_EDGE('',*,*,#6623,.T.);
#8373 = ORIENTED_EDGE('',*,*,#6971,.T.);
#8374 = ORIENTED_EDGE('',*,*,#8375,.T.);
#8375 = EDGE_CURVE('',#6944,#8376,#8378,.T.);
#8376 = VERTEX_POINT('',#8377);
#8377 = CARTESIAN_POINT('',(-36.15,10.829999999999,-5.3));
#8378 = LINE('',#8379,#8380);
#8379 = CARTESIAN_POINT('',(-5.185601636934,10.829999999999,-5.3));
#8380 = VECTOR('',#8381,1.);
#8381 = DIRECTION('',(1.,0.,0.));
#8382 = ORIENTED_EDGE('',*,*,#8383,.F.);
#8383 = EDGE_CURVE('',#8384,#8376,#8386,.T.);
#8384 = VERTEX_POINT('',#8385);
#8385 = CARTESIAN_POINT('',(-36.15,13.03,-5.3));
#8386 = LINE('',#8387,#8388);
#8387 = CARTESIAN_POINT('',(-36.15,36.75,-5.3));
#8388 = VECTOR('',#8389,1.);
#8389 = DIRECTION('',(0.,-1.,0.));
#8390 = ORIENTED_EDGE('',*,*,#8391,.T.);
#8391 = EDGE_CURVE('',#8384,#8392,#8394,.T.);
#8392 = VERTEX_POINT('',#8393);
#8393 = CARTESIAN_POINT('',(-37.52120327386,13.03,-5.3));
#8394 = LINE('',#8395,#8396);
#8395 = CARTESIAN_POINT('',(-5.185601636934,13.03,-5.3));
#8396 = VECTOR('',#8397,1.);
#8397 = DIRECTION('',(-1.,0.,0.));
#8398 = ORIENTED_EDGE('',*,*,#8399,.T.);
#8399 = EDGE_CURVE('',#8392,#6784,#8400,.T.);
#8400 = LINE('',#8401,#8402);
#8401 = CARTESIAN_POINT('',(-37.52120327386,24.34,-5.3));
#8402 = VECTOR('',#8403,1.);
#8403 = DIRECTION('',(0.,1.,0.));
#8404 = PLANE('',#8405);
#8405 = AXIS2_PLACEMENT_3D('',#8406,#8407,#8408);
#8406 = CARTESIAN_POINT('',(27.149999999997,36.75,-5.3));
#8407 = DIRECTION('',(0.,0.,1.));
#8408 = DIRECTION('',(1.,0.,0.));
#8409 = ADVANCED_FACE('',(#8410),#8444,.F.);
#8410 = FACE_BOUND('',#8411,.F.);
#8411 = EDGE_LOOP('',(#8412,#8413,#8414,#8422,#8428,#8429,#8437,#8443));
#8412 = ORIENTED_EDGE('',*,*,#8367,.F.);
#8413 = ORIENTED_EDGE('',*,*,#6799,.T.);
#8414 = ORIENTED_EDGE('',*,*,#8415,.T.);
#8415 = EDGE_CURVE('',#6800,#8416,#8418,.T.);
#8416 = VERTEX_POINT('',#8417);
#8417 = CARTESIAN_POINT('',(-37.52120327386,13.03,-6.054303692112));
#8418 = LINE('',#8419,#8420);
#8419 = CARTESIAN_POINT('',(-37.52120327386,24.34,-6.054303692112));
#8420 = VECTOR('',#8421,1.);
#8421 = DIRECTION('',(0.,-1.,0.));
#8422 = ORIENTED_EDGE('',*,*,#8423,.T.);
#8423 = EDGE_CURVE('',#8416,#6697,#8424,.T.);
#8424 = LINE('',#8425,#8426);
#8425 = CARTESIAN_POINT('',(-38.22247998472,13.03,-3.409425631122));
#8426 = VECTOR('',#8427,1.);
#8427 = DIRECTION('',(0.256289373133,0.,-0.966600102017));
#8428 = ORIENTED_EDGE('',*,*,#6696,.T.);
#8429 = ORIENTED_EDGE('',*,*,#8430,.T.);
#8430 = EDGE_CURVE('',#6689,#8431,#8433,.T.);
#8431 = VERTEX_POINT('',#8432);
#8432 = CARTESIAN_POINT('',(-37.52120327386,10.829999999999,
    -6.054303692112));
#8433 = LINE('',#8434,#8435);
#8434 = CARTESIAN_POINT('',(-37.03337918049,10.829999999999,
    -7.894141265773));
#8435 = VECTOR('',#8436,1.);
#8436 = DIRECTION('',(-0.256289373133,0.,0.966600102017));
#8437 = ORIENTED_EDGE('',*,*,#8438,.T.);
#8438 = EDGE_CURVE('',#8431,#6608,#8439,.T.);
#8439 = LINE('',#8440,#8441);
#8440 = CARTESIAN_POINT('',(-37.52120327386,24.34,-6.054303692112));
#8441 = VECTOR('',#8442,1.);
#8442 = DIRECTION('',(0.,-1.,0.));
#8443 = ORIENTED_EDGE('',*,*,#6615,.T.);
#8444 = PLANE('',#8445);
#8445 = AXIS2_PLACEMENT_3D('',#8446,#8447,#8448);
#8446 = CARTESIAN_POINT('',(-37.72120327386,36.75,-5.3));
#8447 = DIRECTION('',(-0.966600102017,0.,-0.256289373133));
#8448 = DIRECTION('',(0.,-1.,0.));
#8449 = ADVANCED_FACE('',(#8450),#8461,.T.);
#8450 = FACE_BOUND('',#8451,.T.);
#8451 = EDGE_LOOP('',(#8452,#8458,#8459,#8460));
#8452 = ORIENTED_EDGE('',*,*,#8453,.T.);
#8453 = EDGE_CURVE('',#6681,#8431,#8454,.T.);
#8454 = LINE('',#8455,#8456);
#8455 = CARTESIAN_POINT('',(-37.52120327386,10.829999999999,
    -10.79999999999));
#8456 = VECTOR('',#8457,1.);
#8457 = DIRECTION('',(0.,0.,1.));
#8458 = ORIENTED_EDGE('',*,*,#8438,.T.);
#8459 = ORIENTED_EDGE('',*,*,#6607,.F.);
#8460 = ORIENTED_EDGE('',*,*,#6680,.T.);
#8461 = PLANE('',#8462);
#8462 = AXIS2_PLACEMENT_3D('',#8463,#8464,#8465);
#8463 = CARTESIAN_POINT('',(-37.52120327386,11.930000000001,
    -5.999999999999));
#8464 = DIRECTION('',(1.,0.,0.));
#8465 = DIRECTION('',(0.,0.,1.));
#8466 = ADVANCED_FACE('',(#8467),#8478,.T.);
#8467 = FACE_BOUND('',#8468,.T.);
#8468 = EDGE_LOOP('',(#8469,#8470,#8476,#8477));
#8469 = ORIENTED_EDGE('',*,*,#8415,.T.);
#8470 = ORIENTED_EDGE('',*,*,#8471,.T.);
#8471 = EDGE_CURVE('',#8416,#6705,#8472,.T.);
#8472 = LINE('',#8473,#8474);
#8473 = CARTESIAN_POINT('',(-37.52120327386,13.03,-1.2));
#8474 = VECTOR('',#8475,1.);
#8475 = DIRECTION('',(0.,0.,-1.));
#8476 = ORIENTED_EDGE('',*,*,#6712,.T.);
#8477 = ORIENTED_EDGE('',*,*,#6807,.F.);
#8478 = PLANE('',#8479);
#8479 = AXIS2_PLACEMENT_3D('',#8480,#8481,#8482);
#8480 = CARTESIAN_POINT('',(-37.52120327386,11.930000000001,
    -5.999999999999));
#8481 = DIRECTION('',(1.,0.,0.));
#8482 = DIRECTION('',(0.,0.,1.));
#8483 = ADVANCED_FACE('',(#8484),#8489,.T.);
#8484 = FACE_BOUND('',#8485,.T.);
#8485 = EDGE_LOOP('',(#8486,#8487,#8488));
#8486 = ORIENTED_EDGE('',*,*,#8471,.F.);
#8487 = ORIENTED_EDGE('',*,*,#8423,.T.);
#8488 = ORIENTED_EDGE('',*,*,#6704,.T.);
#8489 = PLANE('',#8490);
#8490 = AXIS2_PLACEMENT_3D('',#8491,#8492,#8493);
#8491 = CARTESIAN_POINT('',(-37.52120327386,13.03,-1.2));
#8492 = DIRECTION('',(0.,1.,0.));
#8493 = DIRECTION('',(0.,0.,-1.));
#8494 = ADVANCED_FACE('',(#8495),#8500,.T.);
#8495 = FACE_BOUND('',#8496,.T.);
#8496 = EDGE_LOOP('',(#8497,#8498,#8499));
#8497 = ORIENTED_EDGE('',*,*,#8453,.F.);
#8498 = ORIENTED_EDGE('',*,*,#6688,.T.);
#8499 = ORIENTED_EDGE('',*,*,#8430,.T.);
#8500 = PLANE('',#8501);
#8501 = AXIS2_PLACEMENT_3D('',#8502,#8503,#8504);
#8502 = CARTESIAN_POINT('',(-37.52120327386,10.829999999999,
    -10.79999999999));
#8503 = DIRECTION('',(0.,-1.,0.));
#8504 = DIRECTION('',(0.,0.,1.));
#8505 = ADVANCED_FACE('',(#8506),#8524,.T.);
#8506 = FACE_BOUND('',#8507,.T.);
#8507 = EDGE_LOOP('',(#8508,#8516,#8522,#8523));
#8508 = ORIENTED_EDGE('',*,*,#8509,.T.);
#8509 = EDGE_CURVE('',#6745,#8510,#8512,.T.);
#8510 = VERTEX_POINT('',#8511);
#8511 = CARTESIAN_POINT('',(-37.52120327386,21.45,-6.054303692112));
#8512 = LINE('',#8513,#8514);
#8513 = CARTESIAN_POINT('',(-37.52120327386,31.8,-6.054303692112));
#8514 = VECTOR('',#8515,1.);
#8515 = DIRECTION('',(0.,-1.,0.));
#8516 = ORIENTED_EDGE('',*,*,#8517,.T.);
#8517 = EDGE_CURVE('',#8510,#6823,#8518,.T.);
#8518 = LINE('',#8519,#8520);
#8519 = CARTESIAN_POINT('',(-37.52120327386,21.45,-1.1));
#8520 = VECTOR('',#8521,1.);
#8521 = DIRECTION('',(0.,0.,-1.));
#8522 = ORIENTED_EDGE('',*,*,#6822,.T.);
#8523 = ORIENTED_EDGE('',*,*,#6752,.F.);
#8524 = PLANE('',#8525);
#8525 = AXIS2_PLACEMENT_3D('',#8526,#8527,#8528);
#8526 = CARTESIAN_POINT('',(-37.52120327386,26.85,-6.));
#8527 = DIRECTION('',(1.,0.,0.));
#8528 = DIRECTION('',(0.,0.,1.));
#8529 = ADVANCED_FACE('',(#8530),#8562,.F.);
#8530 = FACE_BOUND('',#8531,.F.);
#8531 = EDGE_LOOP('',(#8532,#8538,#8539,#8540,#8546,#8547,#8555,#8561));
#8532 = ORIENTED_EDGE('',*,*,#8533,.F.);
#8533 = EDGE_CURVE('',#6737,#6913,#8534,.T.);
#8534 = LINE('',#8535,#8536);
#8535 = CARTESIAN_POINT('',(-37.72120327386,36.75,-5.3));
#8536 = VECTOR('',#8537,1.);
#8537 = DIRECTION('',(0.,-1.,0.));
#8538 = ORIENTED_EDGE('',*,*,#6744,.T.);
#8539 = ORIENTED_EDGE('',*,*,#8509,.T.);
#8540 = ORIENTED_EDGE('',*,*,#8541,.T.);
#8541 = EDGE_CURVE('',#8510,#6857,#8542,.T.);
#8542 = LINE('',#8543,#8544);
#8543 = CARTESIAN_POINT('',(-38.23486645144,21.45,-3.362709843262));
#8544 = VECTOR('',#8545,1.);
#8545 = DIRECTION('',(0.256289373133,0.,-0.966600102017));
#8546 = ORIENTED_EDGE('',*,*,#6856,.T.);
#8547 = ORIENTED_EDGE('',*,*,#8548,.T.);
#8548 = EDGE_CURVE('',#6849,#8549,#8551,.T.);
#8549 = VERTEX_POINT('',#8550);
#8550 = CARTESIAN_POINT('',(-37.52120327386,19.73,-6.054303692112));
#8551 = LINE('',#8552,#8553);
#8552 = CARTESIAN_POINT('',(-37.03337918049,19.73,-7.894141265774));
#8553 = VECTOR('',#8554,1.);
#8554 = DIRECTION('',(-0.256289373133,0.,0.966600102017));
#8555 = ORIENTED_EDGE('',*,*,#8556,.T.);
#8556 = EDGE_CURVE('',#8549,#6905,#8557,.T.);
#8557 = LINE('',#8558,#8559);
#8558 = CARTESIAN_POINT('',(-37.52120327386,24.34,-6.054303692112));
#8559 = VECTOR('',#8560,1.);
#8560 = DIRECTION('',(0.,-1.,0.));
#8561 = ORIENTED_EDGE('',*,*,#6912,.T.);
#8562 = PLANE('',#8563);
#8563 = AXIS2_PLACEMENT_3D('',#8564,#8565,#8566);
#8564 = CARTESIAN_POINT('',(-37.72120327386,36.75,-5.3));
#8565 = DIRECTION('',(-0.966600102017,0.,-0.256289373133));
#8566 = DIRECTION('',(0.,-1.,0.));
#8567 = ADVANCED_FACE('',(#8568),#8604,.F.);
#8568 = FACE_BOUND('',#8569,.F.);
#8569 = EDGE_LOOP('',(#8570,#8578,#8579,#8580,#8581,#8582,#8590,#8598));
#8570 = ORIENTED_EDGE('',*,*,#8571,.T.);
#8571 = EDGE_CURVE('',#8572,#8341,#8574,.T.);
#8572 = VERTEX_POINT('',#8573);
#8573 = CARTESIAN_POINT('',(-36.15,21.45,-5.3));
#8574 = LINE('',#8575,#8576);
#8575 = CARTESIAN_POINT('',(-5.185601636934,21.45,-5.3));
#8576 = VECTOR('',#8577,1.);
#8577 = DIRECTION('',(-1.,0.,0.));
#8578 = ORIENTED_EDGE('',*,*,#8348,.T.);
#8579 = ORIENTED_EDGE('',*,*,#6736,.T.);
#8580 = ORIENTED_EDGE('',*,*,#8533,.T.);
#8581 = ORIENTED_EDGE('',*,*,#6920,.T.);
#8582 = ORIENTED_EDGE('',*,*,#8583,.T.);
#8583 = EDGE_CURVE('',#6921,#8584,#8586,.T.);
#8584 = VERTEX_POINT('',#8585);
#8585 = CARTESIAN_POINT('',(-37.52120327386,19.73,-5.3));
#8586 = LINE('',#8587,#8588);
#8587 = CARTESIAN_POINT('',(-37.52120327386,24.34,-5.3));
#8588 = VECTOR('',#8589,1.);
#8589 = DIRECTION('',(0.,1.,0.));
#8590 = ORIENTED_EDGE('',*,*,#8591,.T.);
#8591 = EDGE_CURVE('',#8584,#8592,#8594,.T.);
#8592 = VERTEX_POINT('',#8593);
#8593 = CARTESIAN_POINT('',(-36.15,19.73,-5.3));
#8594 = LINE('',#8595,#8596);
#8595 = CARTESIAN_POINT('',(-5.185601636934,19.73,-5.3));
#8596 = VECTOR('',#8597,1.);
#8597 = DIRECTION('',(1.,0.,0.));
#8598 = ORIENTED_EDGE('',*,*,#8599,.F.);
#8599 = EDGE_CURVE('',#8572,#8592,#8600,.T.);
#8600 = LINE('',#8601,#8602);
#8601 = CARTESIAN_POINT('',(-36.15,36.75,-5.3));
#8602 = VECTOR('',#8603,1.);
#8603 = DIRECTION('',(0.,-1.,0.));
#8604 = PLANE('',#8605);
#8605 = AXIS2_PLACEMENT_3D('',#8606,#8607,#8608);
#8606 = CARTESIAN_POINT('',(27.149999999997,36.75,-5.3));
#8607 = DIRECTION('',(0.,0.,1.));
#8608 = DIRECTION('',(1.,0.,0.));
#8609 = ADVANCED_FACE('',(#8610),#8639,.T.);
#8610 = FACE_BOUND('',#8611,.T.);
#8611 = EDGE_LOOP('',(#8612,#8620,#8628,#8634,#8635,#8636,#8637,#8638));
#8612 = ORIENTED_EDGE('',*,*,#8613,.T.);
#8613 = EDGE_CURVE('',#8584,#8614,#8616,.T.);
#8614 = VERTEX_POINT('',#8615);
#8615 = CARTESIAN_POINT('',(-37.52120327386,19.73,-1.2));
#8616 = LINE('',#8617,#8618);
#8617 = CARTESIAN_POINT('',(-37.52120327386,19.73,-10.8));
#8618 = VECTOR('',#8619,1.);
#8619 = DIRECTION('',(0.,0.,1.));
#8620 = ORIENTED_EDGE('',*,*,#8621,.T.);
#8621 = EDGE_CURVE('',#8614,#8622,#8624,.T.);
#8622 = VERTEX_POINT('',#8623);
#8623 = CARTESIAN_POINT('',(-37.52120327386,13.03,-1.2));
#8624 = LINE('',#8625,#8626);
#8625 = CARTESIAN_POINT('',(-37.52120327386,19.73,-1.2));
#8626 = VECTOR('',#8627,1.);
#8627 = DIRECTION('',(0.,-1.,0.));
#8628 = ORIENTED_EDGE('',*,*,#8629,.T.);
#8629 = EDGE_CURVE('',#8622,#8392,#8630,.T.);
#8630 = LINE('',#8631,#8632);
#8631 = CARTESIAN_POINT('',(-37.52120327386,13.03,-1.2));
#8632 = VECTOR('',#8633,1.);
#8633 = DIRECTION('',(0.,0.,-1.));
#8634 = ORIENTED_EDGE('',*,*,#8399,.T.);
#8635 = ORIENTED_EDGE('',*,*,#6783,.F.);
#8636 = ORIENTED_EDGE('',*,*,#6878,.F.);
#8637 = ORIENTED_EDGE('',*,*,#6928,.F.);
#8638 = ORIENTED_EDGE('',*,*,#8583,.T.);
#8639 = PLANE('',#8640);
#8640 = AXIS2_PLACEMENT_3D('',#8641,#8642,#8643);
#8641 = CARTESIAN_POINT('',(-37.52120327386,11.930000000001,
    -5.999999999999));
#8642 = DIRECTION('',(1.,0.,0.));
#8643 = DIRECTION('',(0.,0.,1.));
#8644 = ADVANCED_FACE('',(#8645),#8650,.T.);
#8645 = FACE_BOUND('',#8646,.T.);
#8646 = EDGE_LOOP('',(#8647,#8648,#8649));
#8647 = ORIENTED_EDGE('',*,*,#8517,.F.);
#8648 = ORIENTED_EDGE('',*,*,#8541,.T.);
#8649 = ORIENTED_EDGE('',*,*,#6864,.T.);
#8650 = PLANE('',#8651);
#8651 = AXIS2_PLACEMENT_3D('',#8652,#8653,#8654);
#8652 = CARTESIAN_POINT('',(-37.52120327386,21.45,-1.1));
#8653 = DIRECTION('',(0.,1.,0.));
#8654 = DIRECTION('',(0.,0.,-1.));
#8655 = ADVANCED_FACE('',(#8656),#8666,.T.);
#8656 = FACE_BOUND('',#8657,.T.);
#8657 = EDGE_LOOP('',(#8658,#8664,#8665));
#8658 = ORIENTED_EDGE('',*,*,#8659,.F.);
#8659 = EDGE_CURVE('',#6841,#8549,#8660,.T.);
#8660 = LINE('',#8661,#8662);
#8661 = CARTESIAN_POINT('',(-37.52120327386,19.73,-10.8));
#8662 = VECTOR('',#8663,1.);
#8663 = DIRECTION('',(0.,0.,1.));
#8664 = ORIENTED_EDGE('',*,*,#6848,.T.);
#8665 = ORIENTED_EDGE('',*,*,#8548,.T.);
#8666 = PLANE('',#8667);
#8667 = AXIS2_PLACEMENT_3D('',#8668,#8669,#8670);
#8668 = CARTESIAN_POINT('',(-37.52120327386,19.73,-10.8));
#8669 = DIRECTION('',(0.,-1.,0.));
#8670 = DIRECTION('',(0.,0.,1.));
#8671 = ADVANCED_FACE('',(#8672),#8678,.T.);
#8672 = FACE_BOUND('',#8673,.T.);
#8673 = EDGE_LOOP('',(#8674,#8675,#8676,#8677));
#8674 = ORIENTED_EDGE('',*,*,#8659,.T.);
#8675 = ORIENTED_EDGE('',*,*,#8556,.T.);
#8676 = ORIENTED_EDGE('',*,*,#6904,.F.);
#8677 = ORIENTED_EDGE('',*,*,#6840,.T.);
#8678 = PLANE('',#8679);
#8679 = AXIS2_PLACEMENT_3D('',#8680,#8681,#8682);
#8680 = CARTESIAN_POINT('',(-37.52120327386,11.930000000001,
    -5.999999999999));
#8681 = DIRECTION('',(1.,0.,0.));
#8682 = DIRECTION('',(0.,0.,1.));
#8683 = ADVANCED_FACE('',(#8684),#8708,.T.);
#8684 = FACE_BOUND('',#8685,.T.);
#8685 = EDGE_LOOP('',(#8686,#8687,#8693,#8701,#8707));
#8686 = ORIENTED_EDGE('',*,*,#8375,.T.);
#8687 = ORIENTED_EDGE('',*,*,#8688,.T.);
#8688 = EDGE_CURVE('',#8376,#7011,#8689,.T.);
#8689 = LINE('',#8690,#8691);
#8690 = CARTESIAN_POINT('',(-36.15,10.829999999999,-10.79999999999));
#8691 = VECTOR('',#8692,1.);
#8692 = DIRECTION('',(0.,0.,1.));
#8693 = ORIENTED_EDGE('',*,*,#8694,.T.);
#8694 = EDGE_CURVE('',#7011,#8695,#8697,.T.);
#8695 = VERTEX_POINT('',#8696);
#8696 = CARTESIAN_POINT('',(-36.15,10.829999999999,-1.2));
#8697 = LINE('',#8698,#8699);
#8698 = CARTESIAN_POINT('',(-36.15,10.829999999999,-10.79999999999));
#8699 = VECTOR('',#8700,1.);
#8700 = DIRECTION('',(0.,0.,1.));
#8701 = ORIENTED_EDGE('',*,*,#8702,.F.);
#8702 = EDGE_CURVE('',#6946,#8695,#8703,.T.);
#8703 = LINE('',#8704,#8705);
#8704 = CARTESIAN_POINT('',(-37.52120327386,10.829999999999,-1.2));
#8705 = VECTOR('',#8706,1.);
#8706 = DIRECTION('',(1.,0.,0.));
#8707 = ORIENTED_EDGE('',*,*,#6943,.F.);
#8708 = PLANE('',#8709);
#8709 = AXIS2_PLACEMENT_3D('',#8710,#8711,#8712);
#8710 = CARTESIAN_POINT('',(-37.52120327386,10.829999999999,
    -10.79999999999));
#8711 = DIRECTION('',(0.,-1.,0.));
#8712 = DIRECTION('',(0.,0.,1.));
#8713 = ADVANCED_FACE('',(#8714),#8725,.T.);
#8714 = FACE_BOUND('',#8715,.T.);
#8715 = EDGE_LOOP('',(#8716,#8717,#8723,#8724));
#8716 = ORIENTED_EDGE('',*,*,#8702,.T.);
#8717 = ORIENTED_EDGE('',*,*,#8718,.T.);
#8718 = EDGE_CURVE('',#8695,#7607,#8719,.T.);
#8719 = LINE('',#8720,#8721);
#8720 = CARTESIAN_POINT('',(-36.15,10.829999999999,-1.2));
#8721 = VECTOR('',#8722,1.);
#8722 = DIRECTION('',(0.,-1.,0.));
#8723 = ORIENTED_EDGE('',*,*,#7606,.F.);
#8724 = ORIENTED_EDGE('',*,*,#6953,.F.);
#8725 = PLANE('',#8726);
#8726 = AXIS2_PLACEMENT_3D('',#8727,#8728,#8729);
#8727 = CARTESIAN_POINT('',(-37.52120327386,10.829999999999,-1.2));
#8728 = DIRECTION('',(0.,0.,-1.));
#8729 = DIRECTION('',(0.,-1.,0.));
#8730 = ADVANCED_FACE('',(#8731),#8737,.F.);
#8731 = FACE_BOUND('',#8732,.F.);
#8732 = EDGE_LOOP('',(#8733,#8734,#8735,#8736));
#8733 = ORIENTED_EDGE('',*,*,#8694,.T.);
#8734 = ORIENTED_EDGE('',*,*,#8718,.T.);
#8735 = ORIENTED_EDGE('',*,*,#7614,.T.);
#8736 = ORIENTED_EDGE('',*,*,#7010,.F.);
#8737 = PLANE('',#8738);
#8738 = AXIS2_PLACEMENT_3D('',#8739,#8740,#8741);
#8739 = CARTESIAN_POINT('',(-36.15,11.930000000001,-5.999999999999));
#8740 = DIRECTION('',(1.,0.,0.));
#8741 = DIRECTION('',(0.,0.,1.));
#8742 = ADVANCED_FACE('',(#8743),#8754,.T.);
#8743 = FACE_BOUND('',#8744,.T.);
#8744 = EDGE_LOOP('',(#8745,#8746,#8752,#8753));
#8745 = ORIENTED_EDGE('',*,*,#8383,.F.);
#8746 = ORIENTED_EDGE('',*,*,#8747,.F.);
#8747 = EDGE_CURVE('',#7021,#8384,#8748,.T.);
#8748 = LINE('',#8749,#8750);
#8749 = CARTESIAN_POINT('',(-36.15,13.03,-1.2));
#8750 = VECTOR('',#8751,1.);
#8751 = DIRECTION('',(0.,0.,-1.));
#8752 = ORIENTED_EDGE('',*,*,#7020,.T.);
#8753 = ORIENTED_EDGE('',*,*,#8688,.F.);
#8754 = PLANE('',#8755);
#8755 = AXIS2_PLACEMENT_3D('',#8756,#8757,#8758);
#8756 = CARTESIAN_POINT('',(-36.15,36.75,-6.7));
#8757 = DIRECTION('',(1.,0.,0.));
#8758 = DIRECTION('',(0.,-1.,0.));
#8759 = ADVANCED_FACE('',(#8760),#8785,.F.);
#8760 = FACE_BOUND('',#8761,.F.);
#8761 = EDGE_LOOP('',(#8762,#8770,#8778,#8784));
#8762 = ORIENTED_EDGE('',*,*,#8763,.T.);
#8763 = EDGE_CURVE('',#7029,#8764,#8766,.T.);
#8764 = VERTEX_POINT('',#8765);
#8765 = CARTESIAN_POINT('',(-36.15,19.73,-1.2));
#8766 = LINE('',#8767,#8768);
#8767 = CARTESIAN_POINT('',(-36.15,19.73,-10.8));
#8768 = VECTOR('',#8769,1.);
#8769 = DIRECTION('',(0.,0.,1.));
#8770 = ORIENTED_EDGE('',*,*,#8771,.T.);
#8771 = EDGE_CURVE('',#8764,#8772,#8774,.T.);
#8772 = VERTEX_POINT('',#8773);
#8773 = CARTESIAN_POINT('',(-36.15,13.03,-1.2));
#8774 = LINE('',#8775,#8776);
#8775 = CARTESIAN_POINT('',(-36.15,19.73,-1.2));
#8776 = VECTOR('',#8777,1.);
#8777 = DIRECTION('',(0.,-1.,0.));
#8778 = ORIENTED_EDGE('',*,*,#8779,.T.);
#8779 = EDGE_CURVE('',#8772,#7021,#8780,.T.);
#8780 = LINE('',#8781,#8782);
#8781 = CARTESIAN_POINT('',(-36.15,13.03,-1.2));
#8782 = VECTOR('',#8783,1.);
#8783 = DIRECTION('',(0.,0.,-1.));
#8784 = ORIENTED_EDGE('',*,*,#7028,.F.);
#8785 = PLANE('',#8786);
#8786 = AXIS2_PLACEMENT_3D('',#8787,#8788,#8789);
#8787 = CARTESIAN_POINT('',(-36.15,11.930000000001,-5.999999999999));
#8788 = DIRECTION('',(1.,0.,0.));
#8789 = DIRECTION('',(0.,0.,1.));
#8790 = ADVANCED_FACE('',(#8791),#8807,.T.);
#8791 = FACE_BOUND('',#8792,.T.);
#8792 = EDGE_LOOP('',(#8793,#8794,#8800,#8801));
#8793 = ORIENTED_EDGE('',*,*,#8599,.F.);
#8794 = ORIENTED_EDGE('',*,*,#8795,.T.);
#8795 = EDGE_CURVE('',#8572,#7037,#8796,.T.);
#8796 = LINE('',#8797,#8798);
#8797 = CARTESIAN_POINT('',(-36.15,21.45,-3.9));
#8798 = VECTOR('',#8799,1.);
#8799 = DIRECTION('',(0.,0.,1.));
#8800 = ORIENTED_EDGE('',*,*,#7036,.T.);
#8801 = ORIENTED_EDGE('',*,*,#8802,.F.);
#8802 = EDGE_CURVE('',#8592,#7029,#8803,.T.);
#8803 = LINE('',#8804,#8805);
#8804 = CARTESIAN_POINT('',(-36.15,19.73,-10.8));
#8805 = VECTOR('',#8806,1.);
#8806 = DIRECTION('',(0.,0.,1.));
#8807 = PLANE('',#8808);
#8808 = AXIS2_PLACEMENT_3D('',#8809,#8810,#8811);
#8809 = CARTESIAN_POINT('',(-36.15,36.75,-6.7));
#8810 = DIRECTION('',(1.,0.,0.));
#8811 = DIRECTION('',(0.,-1.,0.));
#8812 = ADVANCED_FACE('',(#8813),#8833,.T.);
#8813 = FACE_BOUND('',#8814,.T.);
#8814 = EDGE_LOOP('',(#8815,#8816,#8824,#8830,#8831,#8832));
#8815 = ORIENTED_EDGE('',*,*,#8340,.F.);
#8816 = ORIENTED_EDGE('',*,*,#8817,.T.);
#8817 = EDGE_CURVE('',#8333,#8818,#8820,.T.);
#8818 = VERTEX_POINT('',#8819);
#8819 = CARTESIAN_POINT('',(-35.72120327386,21.45,-1.1));
#8820 = LINE('',#8821,#8822);
#8821 = CARTESIAN_POINT('',(-37.52120327386,21.45,-1.1));
#8822 = VECTOR('',#8823,1.);
#8823 = DIRECTION('',(1.,0.,0.));
#8824 = ORIENTED_EDGE('',*,*,#8825,.T.);
#8825 = EDGE_CURVE('',#8818,#7045,#8826,.T.);
#8826 = LINE('',#8827,#8828);
#8827 = CARTESIAN_POINT('',(-35.72120327386,21.45,-1.1));
#8828 = VECTOR('',#8829,1.);
#8829 = DIRECTION('',(0.,0.,-1.));
#8830 = ORIENTED_EDGE('',*,*,#7044,.F.);
#8831 = ORIENTED_EDGE('',*,*,#8795,.F.);
#8832 = ORIENTED_EDGE('',*,*,#8571,.T.);
#8833 = PLANE('',#8834);
#8834 = AXIS2_PLACEMENT_3D('',#8835,#8836,#8837);
#8835 = CARTESIAN_POINT('',(-37.52120327386,21.45,-1.1));
#8836 = DIRECTION('',(0.,1.,0.));
#8837 = DIRECTION('',(0.,0.,-1.));
#8838 = ADVANCED_FACE('',(#8839),#8857,.F.);
#8839 = FACE_BOUND('',#8840,.F.);
#8840 = EDGE_LOOP('',(#8841,#8849,#8855,#8856));
#8841 = ORIENTED_EDGE('',*,*,#8842,.T.);
#8842 = EDGE_CURVE('',#7053,#8843,#8845,.T.);
#8843 = VERTEX_POINT('',#8844);
#8844 = CARTESIAN_POINT('',(-35.72120327386,32.25,-1.1));
#8845 = LINE('',#8846,#8847);
#8846 = CARTESIAN_POINT('',(-35.72120327386,32.25,-10.9));
#8847 = VECTOR('',#8848,1.);
#8848 = DIRECTION('',(0.,0.,1.));
#8849 = ORIENTED_EDGE('',*,*,#8850,.T.);
#8850 = EDGE_CURVE('',#8843,#8818,#8851,.T.);
#8851 = LINE('',#8852,#8853);
#8852 = CARTESIAN_POINT('',(-35.72120327386,32.25,-1.1));
#8853 = VECTOR('',#8854,1.);
#8854 = DIRECTION('',(0.,-1.,0.));
#8855 = ORIENTED_EDGE('',*,*,#8825,.T.);
#8856 = ORIENTED_EDGE('',*,*,#7052,.F.);
#8857 = PLANE('',#8858);
#8858 = AXIS2_PLACEMENT_3D('',#8859,#8860,#8861);
#8859 = CARTESIAN_POINT('',(-35.72120327386,26.85,-6.));
#8860 = DIRECTION('',(1.,0.,0.));
#8861 = DIRECTION('',(0.,0.,1.));
#8862 = ADVANCED_FACE('',(#8863),#8881,.T.);
#8863 = FACE_BOUND('',#8864,.T.);
#8864 = EDGE_LOOP('',(#8865,#8866,#8867,#8873,#8874,#8875));
#8865 = ORIENTED_EDGE('',*,*,#7060,.F.);
#8866 = ORIENTED_EDGE('',*,*,#8842,.T.);
#8867 = ORIENTED_EDGE('',*,*,#8868,.F.);
#8868 = EDGE_CURVE('',#8325,#8843,#8869,.T.);
#8869 = LINE('',#8870,#8871);
#8870 = CARTESIAN_POINT('',(-37.52120327386,32.25,-1.1));
#8871 = VECTOR('',#8872,1.);
#8872 = DIRECTION('',(1.,0.,0.));
#8873 = ORIENTED_EDGE('',*,*,#8324,.F.);
#8874 = ORIENTED_EDGE('',*,*,#8172,.T.);
#8875 = ORIENTED_EDGE('',*,*,#8876,.F.);
#8876 = EDGE_CURVE('',#7061,#8173,#8877,.T.);
#8877 = LINE('',#8878,#8879);
#8878 = CARTESIAN_POINT('',(-36.15,32.25,-8.8));
#8879 = VECTOR('',#8880,1.);
#8880 = DIRECTION('',(0.,0.,-1.));
#8881 = PLANE('',#8882);
#8882 = AXIS2_PLACEMENT_3D('',#8883,#8884,#8885);
#8883 = CARTESIAN_POINT('',(-37.52120327386,32.25,-10.9));
#8884 = DIRECTION('',(0.,-1.,0.));
#8885 = DIRECTION('',(0.,0.,1.));
#8886 = ADVANCED_FACE('',(#8887),#8898,.T.);
#8887 = FACE_BOUND('',#8888,.T.);
#8888 = EDGE_LOOP('',(#8889,#8890,#8896,#8897));
#8889 = ORIENTED_EDGE('',*,*,#8180,.F.);
#8890 = ORIENTED_EDGE('',*,*,#8891,.T.);
#8891 = EDGE_CURVE('',#8181,#7069,#8892,.T.);
#8892 = LINE('',#8893,#8894);
#8893 = CARTESIAN_POINT('',(-36.15,36.75,-6.7));
#8894 = VECTOR('',#8895,1.);
#8895 = DIRECTION('',(0.,0.,1.));
#8896 = ORIENTED_EDGE('',*,*,#7068,.T.);
#8897 = ORIENTED_EDGE('',*,*,#8876,.T.);
#8898 = PLANE('',#8899);
#8899 = AXIS2_PLACEMENT_3D('',#8900,#8901,#8902);
#8900 = CARTESIAN_POINT('',(-36.15,36.75,-6.7));
#8901 = DIRECTION('',(1.,0.,0.));
#8902 = DIRECTION('',(0.,-1.,0.));
#8903 = ADVANCED_FACE('',(#8904),#8915,.F.);
#8904 = FACE_BOUND('',#8905,.T.);
#8905 = EDGE_LOOP('',(#8906,#8907,#8908,#8914));
#8906 = ORIENTED_EDGE('',*,*,#8891,.F.);
#8907 = ORIENTED_EDGE('',*,*,#8188,.T.);
#8908 = ORIENTED_EDGE('',*,*,#8909,.F.);
#8909 = EDGE_CURVE('',#7077,#8189,#8910,.T.);
#8910 = LINE('',#8911,#8912);
#8911 = CARTESIAN_POINT('',(-33.77660085675,42.840005015213,-6.7));
#8912 = VECTOR('',#8913,1.);
#8913 = DIRECTION('',(-0.,-0.,-1.));
#8914 = ORIENTED_EDGE('',*,*,#7076,.T.);
#8915 = CYLINDRICAL_SURFACE('',#8916,9.);
#8916 = AXIS2_PLACEMENT_3D('',#8917,#8918,#8919);
#8917 = CARTESIAN_POINT('',(-27.15,36.75,-6.7));
#8918 = DIRECTION('',(-0.,-0.,-1.));
#8919 = DIRECTION('',(1.,0.,0.));
#8920 = ADVANCED_FACE('',(#8921),#8944,.T.);
#8921 = FACE_BOUND('',#8922,.T.);
#8922 = EDGE_LOOP('',(#8923,#8924,#8932,#8939,#8940,#8941,#8942,#8943));
#8923 = ORIENTED_EDGE('',*,*,#7094,.F.);
#8924 = ORIENTED_EDGE('',*,*,#8925,.T.);
#8925 = EDGE_CURVE('',#7086,#8926,#8928,.T.);
#8926 = VERTEX_POINT('',#8927);
#8927 = CARTESIAN_POINT('',(-30.347,41.932,-8.));
#8928 = LINE('',#8929,#8930);
#8929 = CARTESIAN_POINT('',(-30.347,41.932,-2.2));
#8930 = VECTOR('',#8931,1.);
#8931 = DIRECTION('',(-0.,-0.,-1.));
#8932 = ORIENTED_EDGE('',*,*,#8933,.T.);
#8933 = EDGE_CURVE('',#8926,#8926,#8934,.T.);
#8934 = CIRCLE('',#8935,1.835);
#8935 = AXIS2_PLACEMENT_3D('',#8936,#8937,#8938);
#8936 = CARTESIAN_POINT('',(-32.182,41.932,-8.));
#8937 = DIRECTION('',(0.,0.,1.));
#8938 = DIRECTION('',(1.,0.,0.));
#8939 = ORIENTED_EDGE('',*,*,#8925,.F.);
#8940 = ORIENTED_EDGE('',*,*,#7085,.F.);
#8941 = ORIENTED_EDGE('',*,*,#8909,.T.);
#8942 = ORIENTED_EDGE('',*,*,#8197,.F.);
#8943 = ORIENTED_EDGE('',*,*,#8221,.F.);
#8944 = CYLINDRICAL_SURFACE('',#8945,1.835);
#8945 = AXIS2_PLACEMENT_3D('',#8946,#8947,#8948);
#8946 = CARTESIAN_POINT('',(-32.182,41.932,-2.2));
#8947 = DIRECTION('',(0.,0.,1.));
#8948 = DIRECTION('',(1.,0.,0.));
#8949 = ADVANCED_FACE('',(#8950),#8966,.T.);
#8950 = FACE_BOUND('',#8951,.T.);
#8951 = EDGE_LOOP('',(#8952,#8958,#8959,#8965));
#8952 = ORIENTED_EDGE('',*,*,#8953,.T.);
#8953 = EDGE_CURVE('',#7242,#8111,#8954,.T.);
#8954 = LINE('',#8955,#8956);
#8955 = CARTESIAN_POINT('',(29.9,42.35,-2.2));
#8956 = VECTOR('',#8957,1.);
#8957 = DIRECTION('',(-0.,-0.,-1.));
#8958 = ORIENTED_EDGE('',*,*,#8118,.T.);
#8959 = ORIENTED_EDGE('',*,*,#8960,.F.);
#8960 = EDGE_CURVE('',#7244,#8093,#8961,.T.);
#8961 = LINE('',#8962,#8963);
#8962 = CARTESIAN_POINT('',(24.9,42.35,-2.2));
#8963 = VECTOR('',#8964,1.);
#8964 = DIRECTION('',(-0.,-0.,-1.));
#8965 = ORIENTED_EDGE('',*,*,#7241,.F.);
#8966 = PLANE('',#8967);
#8967 = AXIS2_PLACEMENT_3D('',#8968,#8969,#8970);
#8968 = CARTESIAN_POINT('',(29.9,42.35,-2.2));
#8969 = DIRECTION('',(0.,1.,0.));
#8970 = DIRECTION('',(-1.,0.,0.));
#8971 = ADVANCED_FACE('',(#8972),#8983,.T.);
#8972 = FACE_BOUND('',#8973,.T.);
#8973 = EDGE_LOOP('',(#8974,#8980,#8981,#8982));
#8974 = ORIENTED_EDGE('',*,*,#8975,.T.);
#8975 = EDGE_CURVE('',#7260,#8103,#8976,.T.);
#8976 = LINE('',#8977,#8978);
#8977 = CARTESIAN_POINT('',(29.9,38.85,-2.2));
#8978 = VECTOR('',#8979,1.);
#8979 = DIRECTION('',(-0.,-0.,-1.));
#8980 = ORIENTED_EDGE('',*,*,#8110,.T.);
#8981 = ORIENTED_EDGE('',*,*,#8953,.F.);
#8982 = ORIENTED_EDGE('',*,*,#7267,.F.);
#8983 = PLANE('',#8984);
#8984 = AXIS2_PLACEMENT_3D('',#8985,#8986,#8987);
#8985 = CARTESIAN_POINT('',(29.9,38.85,-2.2));
#8986 = DIRECTION('',(1.,0.,0.));
#8987 = DIRECTION('',(0.,1.,0.));
#8988 = ADVANCED_FACE('',(#8989),#9000,.T.);
#8989 = FACE_BOUND('',#8990,.T.);
#8990 = EDGE_LOOP('',(#8991,#8992,#8993,#8999));
#8991 = ORIENTED_EDGE('',*,*,#8960,.T.);
#8992 = ORIENTED_EDGE('',*,*,#8092,.T.);
#8993 = ORIENTED_EDGE('',*,*,#8994,.F.);
#8994 = EDGE_CURVE('',#7252,#8095,#8995,.T.);
#8995 = LINE('',#8996,#8997);
#8996 = CARTESIAN_POINT('',(24.9,38.85,-2.2));
#8997 = VECTOR('',#8998,1.);
#8998 = DIRECTION('',(-0.,-0.,-1.));
#8999 = ORIENTED_EDGE('',*,*,#7251,.F.);
#9000 = PLANE('',#9001);
#9001 = AXIS2_PLACEMENT_3D('',#9002,#9003,#9004);
#9002 = CARTESIAN_POINT('',(24.9,42.35,-2.2));
#9003 = DIRECTION('',(-1.,0.,0.));
#9004 = DIRECTION('',(0.,-1.,0.));
#9005 = ADVANCED_FACE('',(#9006),#9012,.T.);
#9006 = FACE_BOUND('',#9007,.T.);
#9007 = EDGE_LOOP('',(#9008,#9009,#9010,#9011));
#9008 = ORIENTED_EDGE('',*,*,#8994,.T.);
#9009 = ORIENTED_EDGE('',*,*,#8102,.T.);
#9010 = ORIENTED_EDGE('',*,*,#8975,.F.);
#9011 = ORIENTED_EDGE('',*,*,#7259,.F.);
#9012 = PLANE('',#9013);
#9013 = AXIS2_PLACEMENT_3D('',#9014,#9015,#9016);
#9014 = CARTESIAN_POINT('',(24.9,38.85,-2.2));
#9015 = DIRECTION('',(0.,-1.,0.));
#9016 = DIRECTION('',(1.,0.,0.));
#9017 = ADVANCED_FACE('',(#9018,#9021),#9032,.F.);
#9018 = FACE_BOUND('',#9019,.F.);
#9019 = EDGE_LOOP('',(#9020));
#9020 = ORIENTED_EDGE('',*,*,#7307,.T.);
#9021 = FACE_BOUND('',#9022,.F.);
#9022 = EDGE_LOOP('',(#9023));
#9023 = ORIENTED_EDGE('',*,*,#9024,.F.);
#9024 = EDGE_CURVE('',#9025,#9025,#9027,.T.);
#9025 = VERTEX_POINT('',#9026);
#9026 = CARTESIAN_POINT('',(33.132,-41.932,-8.));
#9027 = CIRCLE('',#9028,0.95);
#9028 = AXIS2_PLACEMENT_3D('',#9029,#9030,#9031);
#9029 = CARTESIAN_POINT('',(32.182,-41.932,-8.));
#9030 = DIRECTION('',(0.,0.,1.));
#9031 = DIRECTION('',(1.,0.,0.));
#9032 = PLANE('',#9033);
#9033 = AXIS2_PLACEMENT_3D('',#9034,#9035,#9036);
#9034 = CARTESIAN_POINT('',(-0.6,1.6125,-8.));
#9035 = DIRECTION('',(0.,0.,1.));
#9036 = DIRECTION('',(1.,0.,0.));
#9037 = ADVANCED_FACE('',(#9038),#9044,.T.);
#9038 = FACE_BOUND('',#9039,.T.);
#9039 = EDGE_LOOP('',(#9040,#9041,#9042,#9043));
#9040 = ORIENTED_EDGE('',*,*,#7463,.T.);
#9041 = ORIENTED_EDGE('',*,*,#7436,.T.);
#9042 = ORIENTED_EDGE('',*,*,#7413,.F.);
#9043 = ORIENTED_EDGE('',*,*,#7390,.F.);
#9044 = PLANE('',#9045);
#9045 = AXIS2_PLACEMENT_3D('',#9046,#9047,#9048);
#9046 = CARTESIAN_POINT('',(36.15,10.98,-3.5));
#9047 = DIRECTION('',(0.,0.,-1.));
#9048 = DIRECTION('',(0.,-1.,0.));
#9049 = ADVANCED_FACE('',(#9050),#9056,.T.);
#9050 = FACE_BOUND('',#9051,.T.);
#9051 = EDGE_LOOP('',(#9052,#9053,#9054,#9055));
#9052 = ORIENTED_EDGE('',*,*,#7528,.T.);
#9053 = ORIENTED_EDGE('',*,*,#7501,.T.);
#9054 = ORIENTED_EDGE('',*,*,#7478,.F.);
#9055 = ORIENTED_EDGE('',*,*,#7367,.F.);
#9056 = PLANE('',#9057);
#9057 = AXIS2_PLACEMENT_3D('',#9058,#9059,#9060);
#9058 = CARTESIAN_POINT('',(36.15,19.88,-3.5));
#9059 = DIRECTION('',(0.,0.,-1.));
#9060 = DIRECTION('',(0.,-1.,0.));
#9061 = ADVANCED_FACE('',(#9062,#9065),#9076,.F.);
#9062 = FACE_BOUND('',#9063,.F.);
#9063 = EDGE_LOOP('',(#9064));
#9064 = ORIENTED_EDGE('',*,*,#7568,.T.);
#9065 = FACE_BOUND('',#9066,.F.);
#9066 = EDGE_LOOP('',(#9067));
#9067 = ORIENTED_EDGE('',*,*,#9068,.F.);
#9068 = EDGE_CURVE('',#9069,#9069,#9071,.T.);
#9069 = VERTEX_POINT('',#9070);
#9070 = CARTESIAN_POINT('',(33.132,41.932,-8.));
#9071 = CIRCLE('',#9072,0.95);
#9072 = AXIS2_PLACEMENT_3D('',#9073,#9074,#9075);
#9073 = CARTESIAN_POINT('',(32.182,41.932,-8.));
#9074 = DIRECTION('',(0.,0.,1.));
#9075 = DIRECTION('',(1.,0.,0.));
#9076 = PLANE('',#9077);
#9077 = AXIS2_PLACEMENT_3D('',#9078,#9079,#9080);
#9078 = CARTESIAN_POINT('',(-0.6,1.6125,-8.));
#9079 = DIRECTION('',(0.,0.,1.));
#9080 = DIRECTION('',(1.,0.,0.));
#9081 = ADVANCED_FACE('',(#9082,#9085),#9096,.F.);
#9082 = FACE_BOUND('',#9083,.F.);
#9083 = EDGE_LOOP('',(#9084));
#9084 = ORIENTED_EDGE('',*,*,#7661,.T.);
#9085 = FACE_BOUND('',#9086,.F.);
#9086 = EDGE_LOOP('',(#9087));
#9087 = ORIENTED_EDGE('',*,*,#9088,.F.);
#9088 = EDGE_CURVE('',#9089,#9089,#9091,.T.);
#9089 = VERTEX_POINT('',#9090);
#9090 = CARTESIAN_POINT('',(-33.632,-35.482,-8.));
#9091 = CIRCLE('',#9092,0.95);
#9092 = AXIS2_PLACEMENT_3D('',#9093,#9094,#9095);
#9093 = CARTESIAN_POINT('',(-34.582,-35.482,-8.));
#9094 = DIRECTION('',(0.,0.,1.));
#9095 = DIRECTION('',(1.,0.,0.));
#9096 = PLANE('',#9097);
#9097 = AXIS2_PLACEMENT_3D('',#9098,#9099,#9100);
#9098 = CARTESIAN_POINT('',(-0.6,1.6125,-8.));
#9099 = DIRECTION('',(0.,0.,1.));
#9100 = DIRECTION('',(1.,0.,0.));
#9101 = ADVANCED_FACE('',(#9102),#9121,.T.);
#9102 = FACE_BOUND('',#9103,.T.);
#9103 = EDGE_LOOP('',(#9104,#9112,#9119,#9120));
#9104 = ORIENTED_EDGE('',*,*,#9105,.T.);
#9105 = EDGE_CURVE('',#7861,#9106,#9108,.T.);
#9106 = VERTEX_POINT('',#9107);
#9107 = CARTESIAN_POINT('',(2.9,-34.15,-4.5));
#9108 = LINE('',#9109,#9110);
#9109 = CARTESIAN_POINT('',(2.9,-34.15,-2.2));
#9110 = VECTOR('',#9111,1.);
#9111 = DIRECTION('',(-0.,-0.,-1.));
#9112 = ORIENTED_EDGE('',*,*,#9113,.T.);
#9113 = EDGE_CURVE('',#9106,#9106,#9114,.T.);
#9114 = CIRCLE('',#9115,2.9);
#9115 = AXIS2_PLACEMENT_3D('',#9116,#9117,#9118);
#9116 = CARTESIAN_POINT('',(0.,-34.15,-4.5));
#9117 = DIRECTION('',(0.,0.,1.));
#9118 = DIRECTION('',(1.,0.,0.));
#9119 = ORIENTED_EDGE('',*,*,#9105,.F.);
#9120 = ORIENTED_EDGE('',*,*,#7860,.F.);
#9121 = CYLINDRICAL_SURFACE('',#9122,2.9);
#9122 = AXIS2_PLACEMENT_3D('',#9123,#9124,#9125);
#9123 = CARTESIAN_POINT('',(0.,-34.15,-2.2));
#9124 = DIRECTION('',(0.,0.,1.));
#9125 = DIRECTION('',(1.,0.,0.));
#9126 = ADVANCED_FACE('',(#9127),#9146,.T.);
#9127 = FACE_BOUND('',#9128,.T.);
#9128 = EDGE_LOOP('',(#9129,#9137,#9144,#9145));
#9129 = ORIENTED_EDGE('',*,*,#9130,.T.);
#9130 = EDGE_CURVE('',#8000,#9131,#9133,.T.);
#9131 = VERTEX_POINT('',#9132);
#9132 = CARTESIAN_POINT('',(2.9,19.25,-4.5));
#9133 = LINE('',#9134,#9135);
#9134 = CARTESIAN_POINT('',(2.9,19.25,-2.2));
#9135 = VECTOR('',#9136,1.);
#9136 = DIRECTION('',(-0.,-0.,-1.));
#9137 = ORIENTED_EDGE('',*,*,#9138,.T.);
#9138 = EDGE_CURVE('',#9131,#9131,#9139,.T.);
#9139 = CIRCLE('',#9140,2.9);
#9140 = AXIS2_PLACEMENT_3D('',#9141,#9142,#9143);
#9141 = CARTESIAN_POINT('',(0.,19.25,-4.5));
#9142 = DIRECTION('',(0.,0.,1.));
#9143 = DIRECTION('',(1.,0.,0.));
#9144 = ORIENTED_EDGE('',*,*,#9130,.F.);
#9145 = ORIENTED_EDGE('',*,*,#7999,.F.);
#9146 = CYLINDRICAL_SURFACE('',#9147,2.9);
#9147 = AXIS2_PLACEMENT_3D('',#9148,#9149,#9150);
#9148 = CARTESIAN_POINT('',(0.,19.25,-2.2));
#9149 = DIRECTION('',(0.,0.,1.));
#9150 = DIRECTION('',(1.,0.,0.));
#9151 = ADVANCED_FACE('',(#9152),#9158,.T.);
#9152 = FACE_BOUND('',#9153,.T.);
#9153 = EDGE_LOOP('',(#9154,#9155,#9156,#9157));
#9154 = ORIENTED_EDGE('',*,*,#8868,.T.);
#9155 = ORIENTED_EDGE('',*,*,#8850,.T.);
#9156 = ORIENTED_EDGE('',*,*,#8817,.F.);
#9157 = ORIENTED_EDGE('',*,*,#8332,.F.);
#9158 = PLANE('',#9159);
#9159 = AXIS2_PLACEMENT_3D('',#9160,#9161,#9162);
#9160 = CARTESIAN_POINT('',(-37.52120327386,32.25,-1.1));
#9161 = DIRECTION('',(0.,0.,-1.));
#9162 = DIRECTION('',(0.,-1.,0.));
#9163 = ADVANCED_FACE('',(#9164),#9176,.T.);
#9164 = FACE_BOUND('',#9165,.T.);
#9165 = EDGE_LOOP('',(#9166,#9167,#9173,#9174,#9175));
#9166 = ORIENTED_EDGE('',*,*,#8629,.F.);
#9167 = ORIENTED_EDGE('',*,*,#9168,.T.);
#9168 = EDGE_CURVE('',#8622,#8772,#9169,.T.);
#9169 = LINE('',#9170,#9171);
#9170 = CARTESIAN_POINT('',(-37.52120327386,13.03,-1.2));
#9171 = VECTOR('',#9172,1.);
#9172 = DIRECTION('',(1.,0.,0.));
#9173 = ORIENTED_EDGE('',*,*,#8779,.T.);
#9174 = ORIENTED_EDGE('',*,*,#8747,.T.);
#9175 = ORIENTED_EDGE('',*,*,#8391,.T.);
#9176 = PLANE('',#9177);
#9177 = AXIS2_PLACEMENT_3D('',#9178,#9179,#9180);
#9178 = CARTESIAN_POINT('',(-37.52120327386,13.03,-1.2));
#9179 = DIRECTION('',(0.,1.,0.));
#9180 = DIRECTION('',(0.,0.,-1.));
#9181 = ADVANCED_FACE('',(#9182),#9194,.T.);
#9182 = FACE_BOUND('',#9183,.T.);
#9183 = EDGE_LOOP('',(#9184,#9185,#9186,#9187,#9193));
#9184 = ORIENTED_EDGE('',*,*,#8591,.T.);
#9185 = ORIENTED_EDGE('',*,*,#8802,.T.);
#9186 = ORIENTED_EDGE('',*,*,#8763,.T.);
#9187 = ORIENTED_EDGE('',*,*,#9188,.F.);
#9188 = EDGE_CURVE('',#8614,#8764,#9189,.T.);
#9189 = LINE('',#9190,#9191);
#9190 = CARTESIAN_POINT('',(-37.52120327386,19.73,-1.2));
#9191 = VECTOR('',#9192,1.);
#9192 = DIRECTION('',(1.,0.,0.));
#9193 = ORIENTED_EDGE('',*,*,#8613,.F.);
#9194 = PLANE('',#9195);
#9195 = AXIS2_PLACEMENT_3D('',#9196,#9197,#9198);
#9196 = CARTESIAN_POINT('',(-37.52120327386,19.73,-10.8));
#9197 = DIRECTION('',(0.,-1.,0.));
#9198 = DIRECTION('',(0.,0.,1.));
#9199 = ADVANCED_FACE('',(#9200),#9206,.T.);
#9200 = FACE_BOUND('',#9201,.T.);
#9201 = EDGE_LOOP('',(#9202,#9203,#9204,#9205));
#9202 = ORIENTED_EDGE('',*,*,#9188,.T.);
#9203 = ORIENTED_EDGE('',*,*,#8771,.T.);
#9204 = ORIENTED_EDGE('',*,*,#9168,.F.);
#9205 = ORIENTED_EDGE('',*,*,#8621,.F.);
#9206 = PLANE('',#9207);
#9207 = AXIS2_PLACEMENT_3D('',#9208,#9209,#9210);
#9208 = CARTESIAN_POINT('',(-37.52120327386,19.73,-1.2));
#9209 = DIRECTION('',(0.,0.,-1.));
#9210 = DIRECTION('',(0.,-1.,0.));
#9211 = ADVANCED_FACE('',(#9212,#9215),#9226,.F.);
#9212 = FACE_BOUND('',#9213,.F.);
#9213 = EDGE_LOOP('',(#9214));
#9214 = ORIENTED_EDGE('',*,*,#8933,.T.);
#9215 = FACE_BOUND('',#9216,.F.);
#9216 = EDGE_LOOP('',(#9217));
#9217 = ORIENTED_EDGE('',*,*,#9218,.F.);
#9218 = EDGE_CURVE('',#9219,#9219,#9221,.T.);
#9219 = VERTEX_POINT('',#9220);
#9220 = CARTESIAN_POINT('',(-31.232,41.932,-8.));
#9221 = CIRCLE('',#9222,0.95);
#9222 = AXIS2_PLACEMENT_3D('',#9223,#9224,#9225);
#9223 = CARTESIAN_POINT('',(-32.182,41.932,-8.));
#9224 = DIRECTION('',(0.,0.,1.));
#9225 = DIRECTION('',(1.,0.,0.));
#9226 = PLANE('',#9227);
#9227 = AXIS2_PLACEMENT_3D('',#9228,#9229,#9230);
#9228 = CARTESIAN_POINT('',(-0.6,1.6125,-8.));
#9229 = DIRECTION('',(0.,0.,1.));
#9230 = DIRECTION('',(1.,0.,0.));
#9231 = ADVANCED_FACE('',(#9232),#9251,.F.);
#9232 = FACE_BOUND('',#9233,.F.);
#9233 = EDGE_LOOP('',(#9234,#9242,#9243,#9244));
#9234 = ORIENTED_EDGE('',*,*,#9235,.T.);
#9235 = EDGE_CURVE('',#9236,#9025,#9238,.T.);
#9236 = VERTEX_POINT('',#9237);
#9237 = CARTESIAN_POINT('',(33.132,-41.932,-1.));
#9238 = LINE('',#9239,#9240);
#9239 = CARTESIAN_POINT('',(33.132,-41.932,-1.));
#9240 = VECTOR('',#9241,1.);
#9241 = DIRECTION('',(-0.,-0.,-1.));
#9242 = ORIENTED_EDGE('',*,*,#9024,.T.);
#9243 = ORIENTED_EDGE('',*,*,#9235,.F.);
#9244 = ORIENTED_EDGE('',*,*,#9245,.F.);
#9245 = EDGE_CURVE('',#9236,#9236,#9246,.T.);
#9246 = CIRCLE('',#9247,0.95);
#9247 = AXIS2_PLACEMENT_3D('',#9248,#9249,#9250);
#9248 = CARTESIAN_POINT('',(32.182,-41.932,-1.));
#9249 = DIRECTION('',(0.,0.,1.));
#9250 = DIRECTION('',(1.,0.,0.));
#9251 = CYLINDRICAL_SURFACE('',#9252,0.95);
#9252 = AXIS2_PLACEMENT_3D('',#9253,#9254,#9255);
#9253 = CARTESIAN_POINT('',(32.182,-41.932,-1.));
#9254 = DIRECTION('',(0.,0.,1.));
#9255 = DIRECTION('',(1.,0.,0.));
#9256 = ADVANCED_FACE('',(#9257),#9276,.F.);
#9257 = FACE_BOUND('',#9258,.F.);
#9258 = EDGE_LOOP('',(#9259,#9267,#9268,#9269));
#9259 = ORIENTED_EDGE('',*,*,#9260,.T.);
#9260 = EDGE_CURVE('',#9261,#9069,#9263,.T.);
#9261 = VERTEX_POINT('',#9262);
#9262 = CARTESIAN_POINT('',(33.132,41.932,-1.));
#9263 = LINE('',#9264,#9265);
#9264 = CARTESIAN_POINT('',(33.132,41.932,-1.));
#9265 = VECTOR('',#9266,1.);
#9266 = DIRECTION('',(-0.,-0.,-1.));
#9267 = ORIENTED_EDGE('',*,*,#9068,.T.);
#9268 = ORIENTED_EDGE('',*,*,#9260,.F.);
#9269 = ORIENTED_EDGE('',*,*,#9270,.F.);
#9270 = EDGE_CURVE('',#9261,#9261,#9271,.T.);
#9271 = CIRCLE('',#9272,0.95);
#9272 = AXIS2_PLACEMENT_3D('',#9273,#9274,#9275);
#9273 = CARTESIAN_POINT('',(32.182,41.932,-1.));
#9274 = DIRECTION('',(0.,0.,1.));
#9275 = DIRECTION('',(1.,0.,0.));
#9276 = CYLINDRICAL_SURFACE('',#9277,0.95);
#9277 = AXIS2_PLACEMENT_3D('',#9278,#9279,#9280);
#9278 = CARTESIAN_POINT('',(32.182,41.932,-1.));
#9279 = DIRECTION('',(0.,0.,1.));
#9280 = DIRECTION('',(1.,0.,0.));
#9281 = ADVANCED_FACE('',(#9282),#9301,.F.);
#9282 = FACE_BOUND('',#9283,.F.);
#9283 = EDGE_LOOP('',(#9284,#9292,#9293,#9294));
#9284 = ORIENTED_EDGE('',*,*,#9285,.T.);
#9285 = EDGE_CURVE('',#9286,#9089,#9288,.T.);
#9286 = VERTEX_POINT('',#9287);
#9287 = CARTESIAN_POINT('',(-33.632,-35.482,-1.));
#9288 = LINE('',#9289,#9290);
#9289 = CARTESIAN_POINT('',(-33.632,-35.482,-1.));
#9290 = VECTOR('',#9291,1.);
#9291 = DIRECTION('',(-0.,-0.,-1.));
#9292 = ORIENTED_EDGE('',*,*,#9088,.T.);
#9293 = ORIENTED_EDGE('',*,*,#9285,.F.);
#9294 = ORIENTED_EDGE('',*,*,#9295,.F.);
#9295 = EDGE_CURVE('',#9286,#9286,#9296,.T.);
#9296 = CIRCLE('',#9297,0.95);
#9297 = AXIS2_PLACEMENT_3D('',#9298,#9299,#9300);
#9298 = CARTESIAN_POINT('',(-34.582,-35.482,-1.));
#9299 = DIRECTION('',(0.,0.,1.));
#9300 = DIRECTION('',(1.,0.,0.));
#9301 = CYLINDRICAL_SURFACE('',#9302,0.95);
#9302 = AXIS2_PLACEMENT_3D('',#9303,#9304,#9305);
#9303 = CARTESIAN_POINT('',(-34.582,-35.482,-1.));
#9304 = DIRECTION('',(0.,0.,1.));
#9305 = DIRECTION('',(1.,0.,0.));
#9306 = ADVANCED_FACE('',(#9307),#9310,.F.);
#9307 = FACE_BOUND('',#9308,.F.);
#9308 = EDGE_LOOP('',(#9309));
#9309 = ORIENTED_EDGE('',*,*,#9113,.T.);
#9310 = PLANE('',#9311);
#9311 = AXIS2_PLACEMENT_3D('',#9312,#9313,#9314);
#9312 = CARTESIAN_POINT('',(-1.8E-16,-7.45,-4.5));
#9313 = DIRECTION('',(0.,0.,1.));
#9314 = DIRECTION('',(1.,0.,0.));
#9315 = ADVANCED_FACE('',(#9316),#9319,.F.);
#9316 = FACE_BOUND('',#9317,.F.);
#9317 = EDGE_LOOP('',(#9318));
#9318 = ORIENTED_EDGE('',*,*,#9138,.T.);
#9319 = PLANE('',#9320);
#9320 = AXIS2_PLACEMENT_3D('',#9321,#9322,#9323);
#9321 = CARTESIAN_POINT('',(-1.8E-16,-7.45,-4.5));
#9322 = DIRECTION('',(0.,0.,1.));
#9323 = DIRECTION('',(1.,0.,0.));
#9324 = ADVANCED_FACE('',(#9325),#9344,.F.);
#9325 = FACE_BOUND('',#9326,.F.);
#9326 = EDGE_LOOP('',(#9327,#9335,#9336,#9337));
#9327 = ORIENTED_EDGE('',*,*,#9328,.T.);
#9328 = EDGE_CURVE('',#9329,#9219,#9331,.T.);
#9329 = VERTEX_POINT('',#9330);
#9330 = CARTESIAN_POINT('',(-31.232,41.932,-1.));
#9331 = LINE('',#9332,#9333);
#9332 = CARTESIAN_POINT('',(-31.232,41.932,-1.));
#9333 = VECTOR('',#9334,1.);
#9334 = DIRECTION('',(-0.,-0.,-1.));
#9335 = ORIENTED_EDGE('',*,*,#9218,.T.);
#9336 = ORIENTED_EDGE('',*,*,#9328,.F.);
#9337 = ORIENTED_EDGE('',*,*,#9338,.F.);
#9338 = EDGE_CURVE('',#9329,#9329,#9339,.T.);
#9339 = CIRCLE('',#9340,0.95);
#9340 = AXIS2_PLACEMENT_3D('',#9341,#9342,#9343);
#9341 = CARTESIAN_POINT('',(-32.182,41.932,-1.));
#9342 = DIRECTION('',(0.,0.,1.));
#9343 = DIRECTION('',(1.,0.,0.));
#9344 = CYLINDRICAL_SURFACE('',#9345,0.95);
#9345 = AXIS2_PLACEMENT_3D('',#9346,#9347,#9348);
#9346 = CARTESIAN_POINT('',(-32.182,41.932,-1.));
#9347 = DIRECTION('',(0.,0.,1.));
#9348 = DIRECTION('',(1.,0.,0.));
#9349 = ADVANCED_FACE('',(#9350),#9353,.F.);
#9350 = FACE_BOUND('',#9351,.F.);
#9351 = EDGE_LOOP('',(#9352));
#9352 = ORIENTED_EDGE('',*,*,#9245,.T.);
#9353 = PLANE('',#9354);
#9354 = AXIS2_PLACEMENT_3D('',#9355,#9356,#9357);
#9355 = CARTESIAN_POINT('',(-0.6,1.6125,-1.));
#9356 = DIRECTION('',(0.,0.,1.));
#9357 = DIRECTION('',(1.,0.,0.));
#9358 = ADVANCED_FACE('',(#9359),#9362,.F.);
#9359 = FACE_BOUND('',#9360,.F.);
#9360 = EDGE_LOOP('',(#9361));
#9361 = ORIENTED_EDGE('',*,*,#9270,.T.);
#9362 = PLANE('',#9363);
#9363 = AXIS2_PLACEMENT_3D('',#9364,#9365,#9366);
#9364 = CARTESIAN_POINT('',(-0.6,1.6125,-1.));
#9365 = DIRECTION('',(0.,0.,1.));
#9366 = DIRECTION('',(1.,0.,0.));
#9367 = ADVANCED_FACE('',(#9368),#9371,.F.);
#9368 = FACE_BOUND('',#9369,.F.);
#9369 = EDGE_LOOP('',(#9370));
#9370 = ORIENTED_EDGE('',*,*,#9295,.T.);
#9371 = PLANE('',#9372);
#9372 = AXIS2_PLACEMENT_3D('',#9373,#9374,#9375);
#9373 = CARTESIAN_POINT('',(-0.6,1.6125,-1.));
#9374 = DIRECTION('',(0.,0.,1.));
#9375 = DIRECTION('',(1.,0.,0.));
#9376 = ADVANCED_FACE('',(#9377),#9380,.F.);
#9377 = FACE_BOUND('',#9378,.F.);
#9378 = EDGE_LOOP('',(#9379));
#9379 = ORIENTED_EDGE('',*,*,#9338,.T.);
#9380 = PLANE('',#9381);
#9381 = AXIS2_PLACEMENT_3D('',#9382,#9383,#9384);
#9382 = CARTESIAN_POINT('',(-0.6,1.6125,-1.));
#9383 = DIRECTION('',(0.,0.,1.));
#9384 = DIRECTION('',(1.,0.,0.));
#9385 = ( GEOMETRIC_REPRESENTATION_CONTEXT(3) 
GLOBAL_UNCERTAINTY_ASSIGNED_CONTEXT((#9389)) 
GLOBAL_UNIT_ASSIGNED_CONTEXT((#9386,#9387,#9388)) REPRESENTATION_CONTEXT
('Context #1','3D Context with UNIT and UNCERTAINTY') );
#9386 = ( LENGTH_UNIT() NAMED_UNIT(*) SI_UNIT(.MILLI.,.METRE.) );
#9387 = ( NAMED_UNIT(*) PLANE_ANGLE_UNIT() SI_UNIT($,.RADIAN.) );
#9388 = ( NAMED_UNIT(*) SI_UNIT($,.STERADIAN.) SOLID_ANGLE_UNIT() );
#9389 = UNCERTAINTY_MEASURE_WITH_UNIT(LENGTH_MEASURE(1.E-05),#9386,
  'distance_accuracy_value','confusion accuracy');
#9390 = PRODUCT_RELATED_PRODUCT_CATEGORY('part',$,(#7));
#9391 = MECHANICAL_DESIGN_GEOMETRIC_PRESENTATION_REPRESENTATION('',(
    #9392),#9385);
#9392 = STYLED_ITEM('color',(#9393),#15);
#9393 = PRESENTATION_STYLE_ASSIGNMENT((#9394,#9402));
#9394 = SURFACE_STYLE_USAGE(.BOTH.,#9395);
#9395 = SURFACE_SIDE_STYLE('',(#9396,#9400));
#9396 = SURFACE_STYLE_FILL_AREA(#9397);
#9397 = FILL_AREA_STYLE('',(#9398));
#9398 = FILL_AREA_STYLE_COLOUR('',#9399);
#9399 = COLOUR_RGB('',0.447058818107,0.474509808674,0.501960817233);
#9400 = SURFACE_STYLE_RENDERING_WITH_PROPERTIES(.NORMAL_SHADING.,#9399,(
    #9401));
#9401 = SURFACE_STYLE_TRANSPARENT(0.699999988079);
#9402 = CURVE_STYLE('',#9403,POSITIVE_LENGTH_MEASURE(0.1),#9404);
#9403 = DRAUGHTING_PRE_DEFINED_CURVE_FONT('continuous');
#9404 = COLOUR_RGB('',9.803921802644E-02,9.803921802644E-02,
  9.803921802644E-02);
ENDSEC;
END-ISO-10303-21;
