ISO-10303-21;
HEADER;
FILE_DESCRIPTION(('FreeCAD Model'),'2;1');
FILE_NAME('Open CASCADE Shape Model','2026-09-03T10:19:26',(''),(''),
  'Open CASCADE STEP processor 7.9','FreeCAD','Unknown');
FILE_SCHEMA(('AUTOMOTIVE_DESIGN { 1 0 10303 214 1 1 1 1 }'));
ENDSEC;
DATA;
#1 = APPLICATION_PROTOCOL_DEFINITION('international standard',
  'automotive_design',2000,#2);
#2 = APPLICATION_CONTEXT(
  'core data for automotive mechanical design processes');
#3 = SHAPE_DEFINITION_REPRESENTATION(#4,#10);
#4 = PRODUCT_DEFINITION_SHAPE('','',#5);
#5 = PRODUCT_DEFINITION('design','',#6,#9);
#6 = PRODUCT_DEFINITION_FORMATION('','',#7);
#7 = PRODUCT('bottom','bottom','',(#8));
#8 = PRODUCT_CONTEXT('',#2,'mechanical');
#9 = PRODUCT_DEFINITION_CONTEXT('part definition',#2,'design');
#10 = ADVANCED_BREP_SHAPE_REPRESENTATION('',(#11,#15),#3641);
#11 = AXIS2_PLACEMENT_3D('',#12,#13,#14);
#12 = CARTESIAN_POINT('',(0.,0.,0.));
#13 = DIRECTION('',(0.,0.,1.));
#14 = DIRECTION('',(1.,0.,-0.));
#15 = MANIFOLD_SOLID_BREP('',#16);
#16 = CLOSED_SHELL('',(#17,#107,#140,#171,#326,#359,#399,#472,#497,#537,
    #561,#579,#603,#628,#653,#748,#780,#804,#873,#921,#945,#986,#1034,
    #1058,#1099,#1123,#1157,#1226,#1283,#1301,#1421,#1446,#1507,#1570,
    #1626,#1649,#1673,#1699,#1716,#1733,#1750,#1767,#1790,#1807,#1819,
    #1844,#1869,#1894,#1919,#1995,#2007,#2019,#2068,#2080,#2092,#2159,
    #2183,#2217,#2234,#2252,#2318,#2349,#2366,#2390,#2407,#2431,#2480,
    #2504,#2528,#2584,#2608,#2625,#2654,#2672,#2846,#2863,#2910,#2927,
    #2939,#2951,#2971,#2991,#3011,#3031,#3043,#3101,#3118,#3134,#3150,
    #3167,#3207,#3235,#3270,#3317,#3334,#3381,#3405,#3445,#3462,#3479,
    #3496,#3513,#3525,#3542,#3559,#3576,#3593,#3605,#3617,#3629));
#17 = ADVANCED_FACE('',(#18),#102,.F.);
#18 = FACE_BOUND('',#19,.F.);
#19 = EDGE_LOOP('',(#20,#30,#38,#46,#54,#62,#71,#79,#88,#96));
#20 = ORIENTED_EDGE('',*,*,#21,.F.);
#21 = EDGE_CURVE('',#22,#24,#26,.T.);
#22 = VERTEX_POINT('',#23);
#23 = CARTESIAN_POINT('',(27.15,-47.95,1.));
#24 = VERTEX_POINT('',#25);
#25 = CARTESIAN_POINT('',(27.15,-47.95,5.3));
#26 = LINE('',#27,#28);
#27 = CARTESIAN_POINT('',(27.15,-47.95,0.));
#28 = VECTOR('',#29,1.);
#29 = DIRECTION('',(0.,0.,1.));
#30 = ORIENTED_EDGE('',*,*,#31,.F.);
#31 = EDGE_CURVE('',#32,#22,#34,.T.);
#32 = VERTEX_POINT('',#33);
#33 = CARTESIAN_POINT('',(-27.15,-47.95,1.));
#34 = LINE('',#35,#36);
#35 = CARTESIAN_POINT('',(-27.15,-47.95,1.));
#36 = VECTOR('',#37,1.);
#37 = DIRECTION('',(1.,0.,0.));
#38 = ORIENTED_EDGE('',*,*,#39,.T.);
#39 = EDGE_CURVE('',#32,#40,#42,.T.);
#40 = VERTEX_POINT('',#41);
#41 = CARTESIAN_POINT('',(-27.15,-47.95,5.3));
#42 = LINE('',#43,#44);
#43 = CARTESIAN_POINT('',(-27.15,-47.95,0.));
#44 = VECTOR('',#45,1.);
#45 = DIRECTION('',(0.,0.,1.));
#46 = ORIENTED_EDGE('',*,*,#47,.T.);
#47 = EDGE_CURVE('',#40,#48,#50,.T.);
#48 = VERTEX_POINT('',#49);
#49 = CARTESIAN_POINT('',(-4.82,-47.95,5.3));
#50 = LINE('',#51,#52);
#51 = CARTESIAN_POINT('',(-27.15,-47.95,5.3));
#52 = VECTOR('',#53,1.);
#53 = DIRECTION('',(1.,0.,0.));
#54 = ORIENTED_EDGE('',*,*,#55,.T.);
#55 = EDGE_CURVE('',#48,#56,#58,.T.);
#56 = VERTEX_POINT('',#57);
#57 = CARTESIAN_POINT('',(-4.82,-47.95,4.8));
#58 = LINE('',#59,#60);
#59 = CARTESIAN_POINT('',(-4.82,-47.95,6.));
#60 = VECTOR('',#61,1.);
#61 = DIRECTION('',(0.,0.,-1.));
#62 = ORIENTED_EDGE('',*,*,#63,.T.);
#63 = EDGE_CURVE('',#56,#64,#66,.T.);
#64 = VERTEX_POINT('',#65);
#65 = CARTESIAN_POINT('',(-3.72,-47.95,3.7));
#66 = CIRCLE('',#67,1.1);
#67 = AXIS2_PLACEMENT_3D('',#68,#69,#70);
#68 = CARTESIAN_POINT('',(-3.72,-47.95,4.8));
#69 = DIRECTION('',(0.,-1.,0.));
#70 = DIRECTION('',(1.,0.,0.));
#71 = ORIENTED_EDGE('',*,*,#72,.T.);
#72 = EDGE_CURVE('',#64,#73,#75,.T.);
#73 = VERTEX_POINT('',#74);
#74 = CARTESIAN_POINT('',(3.22,-47.95,3.7));
#75 = LINE('',#76,#77);
#76 = CARTESIAN_POINT('',(-3.72,-47.95,3.7));
#77 = VECTOR('',#78,1.);
#78 = DIRECTION('',(1.,0.,0.));
#79 = ORIENTED_EDGE('',*,*,#80,.T.);
#80 = EDGE_CURVE('',#73,#81,#83,.T.);
#81 = VERTEX_POINT('',#82);
#82 = CARTESIAN_POINT('',(4.32,-47.95,4.8));
#83 = CIRCLE('',#84,1.1);
#84 = AXIS2_PLACEMENT_3D('',#85,#86,#87);
#85 = CARTESIAN_POINT('',(3.22,-47.95,4.8));
#86 = DIRECTION('',(0.,-1.,0.));
#87 = DIRECTION('',(1.,0.,0.));
#88 = ORIENTED_EDGE('',*,*,#89,.T.);
#89 = EDGE_CURVE('',#81,#90,#92,.T.);
#90 = VERTEX_POINT('',#91);
#91 = CARTESIAN_POINT('',(4.32,-47.95,5.3));
#92 = LINE('',#93,#94);
#93 = CARTESIAN_POINT('',(4.32,-47.95,4.8));
#94 = VECTOR('',#95,1.);
#95 = DIRECTION('',(0.,0.,1.));
#96 = ORIENTED_EDGE('',*,*,#97,.T.);
#97 = EDGE_CURVE('',#90,#24,#98,.T.);
#98 = LINE('',#99,#100);
#99 = CARTESIAN_POINT('',(-27.15,-47.95,5.3));
#100 = VECTOR('',#101,1.);
#101 = DIRECTION('',(1.,0.,0.));
#102 = PLANE('',#103);
#103 = AXIS2_PLACEMENT_3D('',#104,#105,#106);
#104 = CARTESIAN_POINT('',(-27.15,-47.95,0.));
#105 = DIRECTION('',(0.,1.,0.));
#106 = DIRECTION('',(1.,0.,0.));
#107 = ADVANCED_FACE('',(#108),#135,.T.);
#108 = FACE_BOUND('',#109,.F.);
#109 = EDGE_LOOP('',(#110,#120,#127,#128));
#110 = ORIENTED_EDGE('',*,*,#111,.F.);
#111 = EDGE_CURVE('',#112,#114,#116,.T.);
#112 = VERTEX_POINT('',#113);
#113 = CARTESIAN_POINT('',(38.35,-36.75,1.));
#114 = VERTEX_POINT('',#115);
#115 = CARTESIAN_POINT('',(38.35,-36.75,5.3));
#116 = LINE('',#117,#118);
#117 = CARTESIAN_POINT('',(38.35,-36.75,0.));
#118 = VECTOR('',#119,1.);
#119 = DIRECTION('',(0.,0.,1.));
#120 = ORIENTED_EDGE('',*,*,#121,.F.);
#121 = EDGE_CURVE('',#22,#112,#122,.T.);
#122 = CIRCLE('',#123,11.2);
#123 = AXIS2_PLACEMENT_3D('',#124,#125,#126);
#124 = CARTESIAN_POINT('',(27.15,-36.75,1.));
#125 = DIRECTION('',(0.,0.,1.));
#126 = DIRECTION('',(-3.2E-16,-1.,0.));
#127 = ORIENTED_EDGE('',*,*,#21,.T.);
#128 = ORIENTED_EDGE('',*,*,#129,.T.);
#129 = EDGE_CURVE('',#24,#114,#130,.T.);
#130 = CIRCLE('',#131,11.2);
#131 = AXIS2_PLACEMENT_3D('',#132,#133,#134);
#132 = CARTESIAN_POINT('',(27.15,-36.75,5.3));
#133 = DIRECTION('',(0.,0.,1.));
#134 = DIRECTION('',(1.,0.,0.));
#135 = CYLINDRICAL_SURFACE('',#136,11.2);
#136 = AXIS2_PLACEMENT_3D('',#137,#138,#139);
#137 = CARTESIAN_POINT('',(27.15,-36.75,0.));
#138 = DIRECTION('',(-0.,-0.,-1.));
#139 = DIRECTION('',(1.,0.,0.));
#140 = ADVANCED_FACE('',(#141),#166,.T.);
#141 = FACE_BOUND('',#142,.T.);
#142 = EDGE_LOOP('',(#143,#151,#159,#165));
#143 = ORIENTED_EDGE('',*,*,#144,.F.);
#144 = EDGE_CURVE('',#145,#32,#147,.T.);
#145 = VERTEX_POINT('',#146);
#146 = CARTESIAN_POINT('',(-27.15,-46.95,0.));
#147 = LINE('',#148,#149);
#148 = CARTESIAN_POINT('',(-27.15,-47.95,1.));
#149 = VECTOR('',#150,1.);
#150 = DIRECTION('',(-4.E-17,-0.707106781187,0.707106781187));
#151 = ORIENTED_EDGE('',*,*,#152,.T.);
#152 = EDGE_CURVE('',#145,#153,#155,.T.);
#153 = VERTEX_POINT('',#154);
#154 = CARTESIAN_POINT('',(27.15,-46.95,-4.E-15));
#155 = LINE('',#156,#157);
#156 = CARTESIAN_POINT('',(-27.15,-46.95,0.));
#157 = VECTOR('',#158,1.);
#158 = DIRECTION('',(1.,0.,0.));
#159 = ORIENTED_EDGE('',*,*,#160,.T.);
#160 = EDGE_CURVE('',#153,#22,#161,.T.);
#161 = LINE('',#162,#163);
#162 = CARTESIAN_POINT('',(27.15,-47.45,0.5));
#163 = VECTOR('',#164,1.);
#164 = DIRECTION('',(0.,-0.707106781187,0.707106781187));
#165 = ORIENTED_EDGE('',*,*,#31,.F.);
#166 = PLANE('',#167);
#167 = AXIS2_PLACEMENT_3D('',#168,#169,#170);
#168 = CARTESIAN_POINT('',(-27.15,-47.45,0.5));
#169 = DIRECTION('',(0.,-0.707106781187,-0.707106781187));
#170 = DIRECTION('',(1.,0.,0.));
#171 = ADVANCED_FACE('',(#172),#321,.T.);
#172 = FACE_BOUND('',#173,.T.);
#173 = EDGE_LOOP('',(#174,#182,#183,#184,#192,#201,#209,#217,#225,#234,
    #242,#250,#258,#266,#274,#282,#290,#298,#306,#315));
#174 = ORIENTED_EDGE('',*,*,#175,.F.);
#175 = EDGE_CURVE('',#90,#176,#178,.T.);
#176 = VERTEX_POINT('',#177);
#177 = CARTESIAN_POINT('',(4.32,-46.75000000005,5.3));
#178 = LINE('',#179,#180);
#179 = CARTESIAN_POINT('',(4.32,-42.35,5.3));
#180 = VECTOR('',#181,1.);
#181 = DIRECTION('',(0.,1.,0.));
#182 = ORIENTED_EDGE('',*,*,#97,.T.);
#183 = ORIENTED_EDGE('',*,*,#129,.T.);
#184 = ORIENTED_EDGE('',*,*,#185,.T.);
#185 = EDGE_CURVE('',#114,#186,#188,.T.);
#186 = VERTEX_POINT('',#187);
#187 = CARTESIAN_POINT('',(38.35,36.75,5.3));
#188 = LINE('',#189,#190);
#189 = CARTESIAN_POINT('',(38.35,-36.75,5.3));
#190 = VECTOR('',#191,1.);
#191 = DIRECTION('',(0.,1.,0.));
#192 = ORIENTED_EDGE('',*,*,#193,.T.);
#193 = EDGE_CURVE('',#186,#194,#196,.T.);
#194 = VERTEX_POINT('',#195);
#195 = CARTESIAN_POINT('',(27.15,47.95,5.3));
#196 = CIRCLE('',#197,11.2);
#197 = AXIS2_PLACEMENT_3D('',#198,#199,#200);
#198 = CARTESIAN_POINT('',(27.15,36.75,5.3));
#199 = DIRECTION('',(0.,0.,1.));
#200 = DIRECTION('',(1.,0.,0.));
#201 = ORIENTED_EDGE('',*,*,#202,.T.);
#202 = EDGE_CURVE('',#194,#203,#205,.T.);
#203 = VERTEX_POINT('',#204);
#204 = CARTESIAN_POINT('',(20.907987240797,47.95,5.3));
#205 = LINE('',#206,#207);
#206 = CARTESIAN_POINT('',(27.15,47.95,5.3));
#207 = VECTOR('',#208,1.);
#208 = DIRECTION('',(-1.,0.,0.));
#209 = ORIENTED_EDGE('',*,*,#210,.F.);
#210 = EDGE_CURVE('',#211,#203,#213,.T.);
#211 = VERTEX_POINT('',#212);
#212 = CARTESIAN_POINT('',(20.907987240797,46.750000000027,5.3));
#213 = LINE('',#214,#215);
#214 = CARTESIAN_POINT('',(20.907987240797,47.95,5.3));
#215 = VECTOR('',#216,1.);
#216 = DIRECTION('',(0.,1.,-2.2E-16));
#217 = ORIENTED_EDGE('',*,*,#218,.F.);
#218 = EDGE_CURVE('',#219,#211,#221,.T.);
#219 = VERTEX_POINT('',#220);
#220 = CARTESIAN_POINT('',(27.15,46.750000000027,5.3));
#221 = LINE('',#222,#223);
#222 = CARTESIAN_POINT('',(27.15,46.750000000027,5.3));
#223 = VECTOR('',#224,1.);
#224 = DIRECTION('',(-1.,0.,0.));
#225 = ORIENTED_EDGE('',*,*,#226,.F.);
#226 = EDGE_CURVE('',#227,#219,#229,.T.);
#227 = VERTEX_POINT('',#228);
#228 = CARTESIAN_POINT('',(37.150000000027,36.75,5.3));
#229 = CIRCLE('',#230,10.000000000027);
#230 = AXIS2_PLACEMENT_3D('',#231,#232,#233);
#231 = CARTESIAN_POINT('',(27.15,36.75,5.3));
#232 = DIRECTION('',(0.,0.,1.));
#233 = DIRECTION('',(1.,0.,0.));
#234 = ORIENTED_EDGE('',*,*,#235,.F.);
#235 = EDGE_CURVE('',#236,#227,#238,.T.);
#236 = VERTEX_POINT('',#237);
#237 = CARTESIAN_POINT('',(37.150000000027,19.880000000005,5.3));
#238 = LINE('',#239,#240);
#239 = CARTESIAN_POINT('',(37.150000000027,-36.75000000002,5.3));
#240 = VECTOR('',#241,1.);
#241 = DIRECTION('',(0.,1.,0.));
#242 = ORIENTED_EDGE('',*,*,#243,.T.);
#243 = EDGE_CURVE('',#236,#244,#246,.T.);
#244 = VERTEX_POINT('',#245);
#245 = CARTESIAN_POINT('',(37.25,19.880000000005,5.3));
#246 = LINE('',#247,#248);
#247 = CARTESIAN_POINT('',(4.5,19.880000000005,5.3));
#248 = VECTOR('',#249,1.);
#249 = DIRECTION('',(1.,0.,0.));
#250 = ORIENTED_EDGE('',*,*,#251,.F.);
#251 = EDGE_CURVE('',#252,#244,#254,.T.);
#252 = VERTEX_POINT('',#253);
#253 = CARTESIAN_POINT('',(37.25,12.879999999995,5.3));
#254 = LINE('',#255,#256);
#255 = CARTESIAN_POINT('',(37.25,-12.40999999999,5.3));
#256 = VECTOR('',#257,1.);
#257 = DIRECTION('',(0.,1.,0.));
#258 = ORIENTED_EDGE('',*,*,#259,.T.);
#259 = EDGE_CURVE('',#252,#260,#262,.T.);
#260 = VERTEX_POINT('',#261);
#261 = CARTESIAN_POINT('',(37.150000000027,12.879999999995,5.3));
#262 = LINE('',#263,#264);
#263 = CARTESIAN_POINT('',(4.5,12.879999999995,5.3));
#264 = VECTOR('',#265,1.);
#265 = DIRECTION('',(-1.,0.,0.));
#266 = ORIENTED_EDGE('',*,*,#267,.F.);
#267 = EDGE_CURVE('',#268,#260,#270,.T.);
#268 = VERTEX_POINT('',#269);
#269 = CARTESIAN_POINT('',(37.150000000027,10.98,5.3));
#270 = LINE('',#271,#272);
#271 = CARTESIAN_POINT('',(37.150000000027,-36.75000000002,5.3));
#272 = VECTOR('',#273,1.);
#273 = DIRECTION('',(0.,1.,0.));
#274 = ORIENTED_EDGE('',*,*,#275,.T.);
#275 = EDGE_CURVE('',#268,#276,#278,.T.);
#276 = VERTEX_POINT('',#277);
#277 = CARTESIAN_POINT('',(37.25,10.98,5.3));
#278 = LINE('',#279,#280);
#279 = CARTESIAN_POINT('',(4.5,10.98,5.3));
#280 = VECTOR('',#281,1.);
#281 = DIRECTION('',(1.,0.,0.));
#282 = ORIENTED_EDGE('',*,*,#283,.F.);
#283 = EDGE_CURVE('',#284,#276,#286,.T.);
#284 = VERTEX_POINT('',#285);
#285 = CARTESIAN_POINT('',(37.25,3.98,5.3));
#286 = LINE('',#287,#288);
#287 = CARTESIAN_POINT('',(37.25,-12.40999999999,5.3));
#288 = VECTOR('',#289,1.);
#289 = DIRECTION('',(0.,1.,0.));
#290 = ORIENTED_EDGE('',*,*,#291,.T.);
#291 = EDGE_CURVE('',#284,#292,#294,.T.);
#292 = VERTEX_POINT('',#293);
#293 = CARTESIAN_POINT('',(37.150000000027,3.98,5.3));
#294 = LINE('',#295,#296);
#295 = CARTESIAN_POINT('',(4.5,3.98,5.3));
#296 = VECTOR('',#297,1.);
#297 = DIRECTION('',(-1.,0.,0.));
#298 = ORIENTED_EDGE('',*,*,#299,.F.);
#299 = EDGE_CURVE('',#300,#292,#302,.T.);
#300 = VERTEX_POINT('',#301);
#301 = CARTESIAN_POINT('',(37.150000000027,-36.75000000002,5.3));
#302 = LINE('',#303,#304);
#303 = CARTESIAN_POINT('',(37.150000000027,-36.75000000002,5.3));
#304 = VECTOR('',#305,1.);
#305 = DIRECTION('',(0.,1.,0.));
#306 = ORIENTED_EDGE('',*,*,#307,.F.);
#307 = EDGE_CURVE('',#308,#300,#310,.T.);
#308 = VERTEX_POINT('',#309);
#309 = CARTESIAN_POINT('',(27.15,-46.75000000005,5.3));
#310 = CIRCLE('',#311,10.000000000027);
#311 = AXIS2_PLACEMENT_3D('',#312,#313,#314);
#312 = CARTESIAN_POINT('',(27.15,-36.75000000002,5.3));
#313 = DIRECTION('',(0.,0.,1.));
#314 = DIRECTION('',(1.,0.,0.));
#315 = ORIENTED_EDGE('',*,*,#316,.F.);
#316 = EDGE_CURVE('',#176,#308,#317,.T.);
#317 = LINE('',#318,#319);
#318 = CARTESIAN_POINT('',(-27.15000000001,-46.75000000005,5.3));
#319 = VECTOR('',#320,1.);
#320 = DIRECTION('',(1.,0.,0.));
#321 = PLANE('',#322);
#322 = AXIS2_PLACEMENT_3D('',#323,#324,#325);
#323 = CARTESIAN_POINT('',(-27.15,-36.75,5.3));
#324 = DIRECTION('',(0.,0.,1.));
#325 = DIRECTION('',(1.,0.,0.));
#326 = ADVANCED_FACE('',(#327),#354,.T.);
#327 = FACE_BOUND('',#328,.F.);
#328 = EDGE_LOOP('',(#329,#330,#339,#347));
#329 = ORIENTED_EDGE('',*,*,#39,.F.);
#330 = ORIENTED_EDGE('',*,*,#331,.F.);
#331 = EDGE_CURVE('',#332,#32,#334,.T.);
#332 = VERTEX_POINT('',#333);
#333 = CARTESIAN_POINT('',(-38.35,-36.75,1.));
#334 = CIRCLE('',#335,11.2);
#335 = AXIS2_PLACEMENT_3D('',#336,#337,#338);
#336 = CARTESIAN_POINT('',(-27.15,-36.75,1.));
#337 = DIRECTION('',(0.,0.,1.));
#338 = DIRECTION('',(-1.,0.,0.));
#339 = ORIENTED_EDGE('',*,*,#340,.T.);
#340 = EDGE_CURVE('',#332,#341,#343,.T.);
#341 = VERTEX_POINT('',#342);
#342 = CARTESIAN_POINT('',(-38.35,-36.75,5.3));
#343 = LINE('',#344,#345);
#344 = CARTESIAN_POINT('',(-38.35,-36.75,0.));
#345 = VECTOR('',#346,1.);
#346 = DIRECTION('',(0.,0.,1.));
#347 = ORIENTED_EDGE('',*,*,#348,.T.);
#348 = EDGE_CURVE('',#341,#40,#349,.T.);
#349 = CIRCLE('',#350,11.2);
#350 = AXIS2_PLACEMENT_3D('',#351,#352,#353);
#351 = CARTESIAN_POINT('',(-27.15,-36.75,5.3));
#352 = DIRECTION('',(0.,0.,1.));
#353 = DIRECTION('',(1.,0.,0.));
#354 = CYLINDRICAL_SURFACE('',#355,11.2);
#355 = AXIS2_PLACEMENT_3D('',#356,#357,#358);
#356 = CARTESIAN_POINT('',(-27.15,-36.75,0.));
#357 = DIRECTION('',(-0.,-0.,-1.));
#358 = DIRECTION('',(1.,0.,0.));
#359 = ADVANCED_FACE('',(#360),#394,.F.);
#360 = FACE_BOUND('',#361,.F.);
#361 = EDGE_LOOP('',(#362,#363,#371,#379,#387,#393));
#362 = ORIENTED_EDGE('',*,*,#89,.F.);
#363 = ORIENTED_EDGE('',*,*,#364,.T.);
#364 = EDGE_CURVE('',#81,#365,#367,.T.);
#365 = VERTEX_POINT('',#366);
#366 = CARTESIAN_POINT('',(4.32,-45.75,4.8));
#367 = LINE('',#368,#369);
#368 = CARTESIAN_POINT('',(4.32,-47.95,4.8));
#369 = VECTOR('',#370,1.);
#370 = DIRECTION('',(0.,1.,-2.2E-16));
#371 = ORIENTED_EDGE('',*,*,#372,.T.);
#372 = EDGE_CURVE('',#365,#373,#375,.T.);
#373 = VERTEX_POINT('',#374);
#374 = CARTESIAN_POINT('',(4.32,-45.75,6.));
#375 = LINE('',#376,#377);
#376 = CARTESIAN_POINT('',(4.32,-45.75,4.8));
#377 = VECTOR('',#378,1.);
#378 = DIRECTION('',(0.,0.,1.));
#379 = ORIENTED_EDGE('',*,*,#380,.F.);
#380 = EDGE_CURVE('',#381,#373,#383,.T.);
#381 = VERTEX_POINT('',#382);
#382 = CARTESIAN_POINT('',(4.32,-46.93560163698,6.));
#383 = LINE('',#384,#385);
#384 = CARTESIAN_POINT('',(4.32,-47.95,6.));
#385 = VECTOR('',#386,1.);
#386 = DIRECTION('',(0.,1.,-2.2E-16));
#387 = ORIENTED_EDGE('',*,*,#388,.F.);
#388 = EDGE_CURVE('',#176,#381,#389,.T.);
#389 = LINE('',#390,#391);
#390 = CARTESIAN_POINT('',(4.32,-46.91307984909,5.915058661218));
#391 = VECTOR('',#392,1.);
#392 = DIRECTION('',(0.,-0.256289373133,0.966600102017));
#393 = ORIENTED_EDGE('',*,*,#175,.F.);
#394 = PLANE('',#395);
#395 = AXIS2_PLACEMENT_3D('',#396,#397,#398);
#396 = CARTESIAN_POINT('',(4.32,-47.95,4.8));
#397 = DIRECTION('',(1.,0.,0.));
#398 = DIRECTION('',(0.,2.2E-16,1.));
#399 = ADVANCED_FACE('',(#400),#467,.T.);
#400 = FACE_BOUND('',#401,.T.);
#401 = EDGE_LOOP('',(#402,#412,#420,#426,#427,#428,#436,#444,#453,#461)
  );
#402 = ORIENTED_EDGE('',*,*,#403,.T.);
#403 = EDGE_CURVE('',#404,#406,#408,.T.);
#404 = VERTEX_POINT('',#405);
#405 = CARTESIAN_POINT('',(-37.52120327386,4.13,5.3));
#406 = VERTEX_POINT('',#407);
#407 = CARTESIAN_POINT('',(-37.52120327386,5.13,5.3));
#408 = LINE('',#409,#410);
#409 = CARTESIAN_POINT('',(-37.52120327386,-12.41,5.3));
#410 = VECTOR('',#411,1.);
#411 = DIRECTION('',(0.,1.,0.));
#412 = ORIENTED_EDGE('',*,*,#413,.T.);
#413 = EDGE_CURVE('',#406,#414,#416,.T.);
#414 = VERTEX_POINT('',#415);
#415 = CARTESIAN_POINT('',(-38.35,5.13,5.3));
#416 = LINE('',#417,#418);
#417 = CARTESIAN_POINT('',(-32.75,5.13,5.3));
#418 = VECTOR('',#419,1.);
#419 = DIRECTION('',(-1.,0.,0.));
#420 = ORIENTED_EDGE('',*,*,#421,.T.);
#421 = EDGE_CURVE('',#414,#341,#422,.T.);
#422 = LINE('',#423,#424);
#423 = CARTESIAN_POINT('',(-38.35,36.75,5.3));
#424 = VECTOR('',#425,1.);
#425 = DIRECTION('',(0.,-1.,0.));
#426 = ORIENTED_EDGE('',*,*,#348,.T.);
#427 = ORIENTED_EDGE('',*,*,#47,.T.);
#428 = ORIENTED_EDGE('',*,*,#429,.F.);
#429 = EDGE_CURVE('',#430,#48,#432,.T.);
#430 = VERTEX_POINT('',#431);
#431 = CARTESIAN_POINT('',(-4.82,-46.75000000005,5.3));
#432 = LINE('',#433,#434);
#433 = CARTESIAN_POINT('',(-4.82,-42.35,5.3));
#434 = VECTOR('',#435,1.);
#435 = DIRECTION('',(0.,-1.,0.));
#436 = ORIENTED_EDGE('',*,*,#437,.F.);
#437 = EDGE_CURVE('',#438,#430,#440,.T.);
#438 = VERTEX_POINT('',#439);
#439 = CARTESIAN_POINT('',(-27.15000000001,-46.75000000005,5.3));
#440 = LINE('',#441,#442);
#441 = CARTESIAN_POINT('',(-27.15000000001,-46.75000000005,5.3));
#442 = VECTOR('',#443,1.);
#443 = DIRECTION('',(1.,0.,0.));
#444 = ORIENTED_EDGE('',*,*,#445,.F.);
#445 = EDGE_CURVE('',#446,#438,#448,.T.);
#446 = VERTEX_POINT('',#447);
#447 = CARTESIAN_POINT('',(-37.15000000004,-36.75000000002,5.3));
#448 = CIRCLE('',#449,10.000000000027);
#449 = AXIS2_PLACEMENT_3D('',#450,#451,#452);
#450 = CARTESIAN_POINT('',(-27.15000000001,-36.75000000002,5.3));
#451 = DIRECTION('',(0.,0.,1.));
#452 = DIRECTION('',(1.,0.,0.));
#453 = ORIENTED_EDGE('',*,*,#454,.F.);
#454 = EDGE_CURVE('',#455,#446,#457,.T.);
#455 = VERTEX_POINT('',#456);
#456 = CARTESIAN_POINT('',(-37.15000000004,4.13,5.3));
#457 = LINE('',#458,#459);
#458 = CARTESIAN_POINT('',(-37.15000000004,36.75,5.3));
#459 = VECTOR('',#460,1.);
#460 = DIRECTION('',(0.,-1.,0.));
#461 = ORIENTED_EDGE('',*,*,#462,.T.);
#462 = EDGE_CURVE('',#455,#404,#463,.T.);
#463 = LINE('',#464,#465);
#464 = CARTESIAN_POINT('',(-32.33560163693,4.13,5.3));
#465 = VECTOR('',#466,1.);
#466 = DIRECTION('',(-1.,0.,0.));
#467 = PLANE('',#468);
#468 = AXIS2_PLACEMENT_3D('',#469,#470,#471);
#469 = CARTESIAN_POINT('',(-27.15,-36.75,5.3));
#470 = DIRECTION('',(0.,0.,1.));
#471 = DIRECTION('',(1.,0.,0.));
#472 = ADVANCED_FACE('',(#473),#492,.F.);
#473 = FACE_BOUND('',#474,.F.);
#474 = EDGE_LOOP('',(#475,#483,#490,#491));
#475 = ORIENTED_EDGE('',*,*,#476,.T.);
#476 = EDGE_CURVE('',#73,#477,#479,.T.);
#477 = VERTEX_POINT('',#478);
#478 = CARTESIAN_POINT('',(3.22,-45.75,3.7));
#479 = LINE('',#480,#481);
#480 = CARTESIAN_POINT('',(3.22,-47.95,3.7));
#481 = VECTOR('',#482,1.);
#482 = DIRECTION('',(0.,1.,-2.2E-16));
#483 = ORIENTED_EDGE('',*,*,#484,.T.);
#484 = EDGE_CURVE('',#477,#365,#485,.T.);
#485 = CIRCLE('',#486,1.1);
#486 = AXIS2_PLACEMENT_3D('',#487,#488,#489);
#487 = CARTESIAN_POINT('',(3.22,-45.75,4.8));
#488 = DIRECTION('',(0.,-1.,0.));
#489 = DIRECTION('',(1.,0.,0.));
#490 = ORIENTED_EDGE('',*,*,#364,.F.);
#491 = ORIENTED_EDGE('',*,*,#80,.F.);
#492 = CYLINDRICAL_SURFACE('',#493,1.1);
#493 = AXIS2_PLACEMENT_3D('',#494,#495,#496);
#494 = CARTESIAN_POINT('',(3.22,-47.95,4.8));
#495 = DIRECTION('',(0.,-1.,2.2E-16));
#496 = DIRECTION('',(1.,0.,0.));
#497 = ADVANCED_FACE('',(#498),#532,.F.);
#498 = FACE_BOUND('',#499,.F.);
#499 = EDGE_LOOP('',(#500,#508,#516,#524,#530,#531));
#500 = ORIENTED_EDGE('',*,*,#501,.F.);
#501 = EDGE_CURVE('',#502,#430,#504,.T.);
#502 = VERTEX_POINT('',#503);
#503 = CARTESIAN_POINT('',(-4.82,-46.93560163698,6.));
#504 = LINE('',#505,#506);
#505 = CARTESIAN_POINT('',(-4.82,-47.06171744962,6.47564811555));
#506 = VECTOR('',#507,1.);
#507 = DIRECTION('',(0.,0.256289373133,-0.966600102017));
#508 = ORIENTED_EDGE('',*,*,#509,.T.);
#509 = EDGE_CURVE('',#502,#510,#512,.T.);
#510 = VERTEX_POINT('',#511);
#511 = CARTESIAN_POINT('',(-4.82,-45.75,6.));
#512 = LINE('',#513,#514);
#513 = CARTESIAN_POINT('',(-4.82,-47.95,6.));
#514 = VECTOR('',#515,1.);
#515 = DIRECTION('',(0.,1.,-2.2E-16));
#516 = ORIENTED_EDGE('',*,*,#517,.T.);
#517 = EDGE_CURVE('',#510,#518,#520,.T.);
#518 = VERTEX_POINT('',#519);
#519 = CARTESIAN_POINT('',(-4.82,-45.75,4.8));
#520 = LINE('',#521,#522);
#521 = CARTESIAN_POINT('',(-4.82,-45.75,6.));
#522 = VECTOR('',#523,1.);
#523 = DIRECTION('',(0.,0.,-1.));
#524 = ORIENTED_EDGE('',*,*,#525,.F.);
#525 = EDGE_CURVE('',#56,#518,#526,.T.);
#526 = LINE('',#527,#528);
#527 = CARTESIAN_POINT('',(-4.82,-47.95,4.8));
#528 = VECTOR('',#529,1.);
#529 = DIRECTION('',(0.,1.,-2.2E-16));
#530 = ORIENTED_EDGE('',*,*,#55,.F.);
#531 = ORIENTED_EDGE('',*,*,#429,.F.);
#532 = PLANE('',#533);
#533 = AXIS2_PLACEMENT_3D('',#534,#535,#536);
#534 = CARTESIAN_POINT('',(-4.82,-47.95,6.));
#535 = DIRECTION('',(-1.,0.,0.));
#536 = DIRECTION('',(-0.,-2.2E-16,-1.));
#537 = ADVANCED_FACE('',(#538),#556,.F.);
#538 = FACE_BOUND('',#539,.F.);
#539 = EDGE_LOOP('',(#540,#548,#554,#555));
#540 = ORIENTED_EDGE('',*,*,#541,.T.);
#541 = EDGE_CURVE('',#64,#542,#544,.T.);
#542 = VERTEX_POINT('',#543);
#543 = CARTESIAN_POINT('',(-3.72,-45.75,3.7));
#544 = LINE('',#545,#546);
#545 = CARTESIAN_POINT('',(-3.72,-47.95,3.7));
#546 = VECTOR('',#547,1.);
#547 = DIRECTION('',(0.,1.,-2.2E-16));
#548 = ORIENTED_EDGE('',*,*,#549,.T.);
#549 = EDGE_CURVE('',#542,#477,#550,.T.);
#550 = LINE('',#551,#552);
#551 = CARTESIAN_POINT('',(-3.72,-45.75,3.7));
#552 = VECTOR('',#553,1.);
#553 = DIRECTION('',(1.,0.,0.));
#554 = ORIENTED_EDGE('',*,*,#476,.F.);
#555 = ORIENTED_EDGE('',*,*,#72,.F.);
#556 = PLANE('',#557);
#557 = AXIS2_PLACEMENT_3D('',#558,#559,#560);
#558 = CARTESIAN_POINT('',(-3.72,-47.95,3.7));
#559 = DIRECTION('',(0.,-2.2E-16,-1.));
#560 = DIRECTION('',(1.,0.,0.));
#561 = ADVANCED_FACE('',(#562),#574,.F.);
#562 = FACE_BOUND('',#563,.F.);
#563 = EDGE_LOOP('',(#564,#565,#572,#573));
#564 = ORIENTED_EDGE('',*,*,#525,.T.);
#565 = ORIENTED_EDGE('',*,*,#566,.T.);
#566 = EDGE_CURVE('',#518,#542,#567,.T.);
#567 = CIRCLE('',#568,1.1);
#568 = AXIS2_PLACEMENT_3D('',#569,#570,#571);
#569 = CARTESIAN_POINT('',(-3.72,-45.75,4.8));
#570 = DIRECTION('',(0.,-1.,0.));
#571 = DIRECTION('',(1.,0.,0.));
#572 = ORIENTED_EDGE('',*,*,#541,.F.);
#573 = ORIENTED_EDGE('',*,*,#63,.F.);
#574 = CYLINDRICAL_SURFACE('',#575,1.1);
#575 = AXIS2_PLACEMENT_3D('',#576,#577,#578);
#576 = CARTESIAN_POINT('',(-3.72,-47.95,4.8));
#577 = DIRECTION('',(0.,-1.,2.2E-16));
#578 = DIRECTION('',(1.,0.,0.));
#579 = ADVANCED_FACE('',(#580),#598,.F.);
#580 = FACE_BOUND('',#581,.F.);
#581 = EDGE_LOOP('',(#582,#590,#596,#597));
#582 = ORIENTED_EDGE('',*,*,#583,.F.);
#583 = EDGE_CURVE('',#584,#186,#586,.T.);
#584 = VERTEX_POINT('',#585);
#585 = CARTESIAN_POINT('',(38.35,36.75,1.));
#586 = LINE('',#587,#588);
#587 = CARTESIAN_POINT('',(38.35,36.75,0.));
#588 = VECTOR('',#589,1.);
#589 = DIRECTION('',(0.,0.,1.));
#590 = ORIENTED_EDGE('',*,*,#591,.F.);
#591 = EDGE_CURVE('',#112,#584,#592,.T.);
#592 = LINE('',#593,#594);
#593 = CARTESIAN_POINT('',(38.35,-36.75,1.));
#594 = VECTOR('',#595,1.);
#595 = DIRECTION('',(0.,1.,0.));
#596 = ORIENTED_EDGE('',*,*,#111,.T.);
#597 = ORIENTED_EDGE('',*,*,#185,.T.);
#598 = PLANE('',#599);
#599 = AXIS2_PLACEMENT_3D('',#600,#601,#602);
#600 = CARTESIAN_POINT('',(38.35,-36.75,0.));
#601 = DIRECTION('',(-1.,0.,0.));
#602 = DIRECTION('',(0.,1.,0.));
#603 = ADVANCED_FACE('',(#604),#623,.T.);
#604 = FACE_BOUND('',#605,.T.);
#605 = EDGE_LOOP('',(#606,#607,#616,#622));
#606 = ORIENTED_EDGE('',*,*,#160,.F.);
#607 = ORIENTED_EDGE('',*,*,#608,.T.);
#608 = EDGE_CURVE('',#153,#609,#611,.T.);
#609 = VERTEX_POINT('',#610);
#610 = CARTESIAN_POINT('',(37.35,-36.75,0.));
#611 = CIRCLE('',#612,10.2);
#612 = AXIS2_PLACEMENT_3D('',#613,#614,#615);
#613 = CARTESIAN_POINT('',(27.15,-36.75,0.));
#614 = DIRECTION('',(0.,0.,1.));
#615 = DIRECTION('',(-3.2E-16,-1.,0.));
#616 = ORIENTED_EDGE('',*,*,#617,.T.);
#617 = EDGE_CURVE('',#609,#112,#618,.T.);
#618 = LINE('',#619,#620);
#619 = CARTESIAN_POINT('',(38.35,-36.75,1.));
#620 = VECTOR('',#621,1.);
#621 = DIRECTION('',(0.707106781187,-2.7E-16,0.707106781187));
#622 = ORIENTED_EDGE('',*,*,#121,.F.);
#623 = CONICAL_SURFACE('',#624,11.2,0.785398163397);
#624 = AXIS2_PLACEMENT_3D('',#625,#626,#627);
#625 = CARTESIAN_POINT('',(27.15,-36.75,1.));
#626 = DIRECTION('',(0.,0.,1.));
#627 = DIRECTION('',(-3.2E-16,-1.,0.));
#628 = ADVANCED_FACE('',(#629),#648,.T.);
#629 = FACE_BOUND('',#630,.T.);
#630 = EDGE_LOOP('',(#631,#639,#646,#647));
#631 = ORIENTED_EDGE('',*,*,#632,.F.);
#632 = EDGE_CURVE('',#633,#332,#635,.T.);
#633 = VERTEX_POINT('',#634);
#634 = CARTESIAN_POINT('',(-37.35,-36.75,-2.E-15));
#635 = LINE('',#636,#637);
#636 = CARTESIAN_POINT('',(-37.85,-36.75,0.5));
#637 = VECTOR('',#638,1.);
#638 = DIRECTION('',(-0.707106781187,0.,0.707106781187));
#639 = ORIENTED_EDGE('',*,*,#640,.T.);
#640 = EDGE_CURVE('',#633,#145,#641,.T.);
#641 = CIRCLE('',#642,10.2);
#642 = AXIS2_PLACEMENT_3D('',#643,#644,#645);
#643 = CARTESIAN_POINT('',(-27.15,-36.75,0.));
#644 = DIRECTION('',(0.,0.,1.));
#645 = DIRECTION('',(-1.,0.,0.));
#646 = ORIENTED_EDGE('',*,*,#144,.T.);
#647 = ORIENTED_EDGE('',*,*,#331,.F.);
#648 = CONICAL_SURFACE('',#649,11.2,0.785398163397);
#649 = AXIS2_PLACEMENT_3D('',#650,#651,#652);
#650 = CARTESIAN_POINT('',(-27.15,-36.75,1.));
#651 = DIRECTION('',(0.,0.,1.));
#652 = DIRECTION('',(-1.,0.,0.));
#653 = ADVANCED_FACE('',(#654,#699,#710,#721,#732),#743,.F.);
#654 = FACE_BOUND('',#655,.F.);
#655 = EDGE_LOOP('',(#656,#667,#673,#674,#675,#676,#684,#693));
#656 = ORIENTED_EDGE('',*,*,#657,.T.);
#657 = EDGE_CURVE('',#658,#660,#662,.T.);
#658 = VERTEX_POINT('',#659);
#659 = CARTESIAN_POINT('',(-27.15,46.95,0.));
#660 = VERTEX_POINT('',#661);
#661 = CARTESIAN_POINT('',(-37.35,36.75,0.));
#662 = CIRCLE('',#663,10.2);
#663 = AXIS2_PLACEMENT_3D('',#664,#665,#666);
#664 = CARTESIAN_POINT('',(-27.15,36.75,0.));
#665 = DIRECTION('',(0.,-0.,1.));
#666 = DIRECTION('',(0.,1.,0.));
#667 = ORIENTED_EDGE('',*,*,#668,.T.);
#668 = EDGE_CURVE('',#660,#633,#669,.T.);
#669 = LINE('',#670,#671);
#670 = CARTESIAN_POINT('',(-37.35,36.75,0.));
#671 = VECTOR('',#672,1.);
#672 = DIRECTION('',(0.,-1.,0.));
#673 = ORIENTED_EDGE('',*,*,#640,.T.);
#674 = ORIENTED_EDGE('',*,*,#152,.T.);
#675 = ORIENTED_EDGE('',*,*,#608,.T.);
#676 = ORIENTED_EDGE('',*,*,#677,.T.);
#677 = EDGE_CURVE('',#609,#678,#680,.T.);
#678 = VERTEX_POINT('',#679);
#679 = CARTESIAN_POINT('',(37.35,36.75,1.E-15));
#680 = LINE('',#681,#682);
#681 = CARTESIAN_POINT('',(37.35,-36.75,0.));
#682 = VECTOR('',#683,1.);
#683 = DIRECTION('',(0.,1.,0.));
#684 = ORIENTED_EDGE('',*,*,#685,.T.);
#685 = EDGE_CURVE('',#678,#686,#688,.T.);
#686 = VERTEX_POINT('',#687);
#687 = CARTESIAN_POINT('',(27.15,46.95,0.));
#688 = CIRCLE('',#689,10.2);
#689 = AXIS2_PLACEMENT_3D('',#690,#691,#692);
#690 = CARTESIAN_POINT('',(27.15,36.75,0.));
#691 = DIRECTION('',(0.,0.,1.));
#692 = DIRECTION('',(1.,0.,0.));
#693 = ORIENTED_EDGE('',*,*,#694,.T.);
#694 = EDGE_CURVE('',#686,#658,#695,.T.);
#695 = LINE('',#696,#697);
#696 = CARTESIAN_POINT('',(27.15,46.95,0.));
#697 = VECTOR('',#698,1.);
#698 = DIRECTION('',(-1.,0.,0.));
#699 = FACE_BOUND('',#700,.F.);
#700 = EDGE_LOOP('',(#701));
#701 = ORIENTED_EDGE('',*,*,#702,.T.);
#702 = EDGE_CURVE('',#703,#703,#705,.T.);
#703 = VERTEX_POINT('',#704);
#704 = CARTESIAN_POINT('',(-36.732,-35.482,0.));
#705 = CIRCLE('',#706,2.15);
#706 = AXIS2_PLACEMENT_3D('',#707,#708,#709);
#707 = CARTESIAN_POINT('',(-34.582,-35.482,0.));
#708 = DIRECTION('',(0.,0.,-1.));
#709 = DIRECTION('',(-1.,0.,0.));
#710 = FACE_BOUND('',#711,.F.);
#711 = EDGE_LOOP('',(#712));
#712 = ORIENTED_EDGE('',*,*,#713,.T.);
#713 = EDGE_CURVE('',#714,#714,#716,.T.);
#714 = VERTEX_POINT('',#715);
#715 = CARTESIAN_POINT('',(30.032,-41.932,0.));
#716 = CIRCLE('',#717,2.15);
#717 = AXIS2_PLACEMENT_3D('',#718,#719,#720);
#718 = CARTESIAN_POINT('',(32.182,-41.932,0.));
#719 = DIRECTION('',(0.,0.,-1.));
#720 = DIRECTION('',(-1.,0.,0.));
#721 = FACE_BOUND('',#722,.F.);
#722 = EDGE_LOOP('',(#723));
#723 = ORIENTED_EDGE('',*,*,#724,.T.);
#724 = EDGE_CURVE('',#725,#725,#727,.T.);
#725 = VERTEX_POINT('',#726);
#726 = CARTESIAN_POINT('',(-34.332,41.932,0.));
#727 = CIRCLE('',#728,2.15);
#728 = AXIS2_PLACEMENT_3D('',#729,#730,#731);
#729 = CARTESIAN_POINT('',(-32.182,41.932,0.));
#730 = DIRECTION('',(0.,0.,-1.));
#731 = DIRECTION('',(-1.,0.,0.));
#732 = FACE_BOUND('',#733,.F.);
#733 = EDGE_LOOP('',(#734));
#734 = ORIENTED_EDGE('',*,*,#735,.T.);
#735 = EDGE_CURVE('',#736,#736,#738,.T.);
#736 = VERTEX_POINT('',#737);
#737 = CARTESIAN_POINT('',(30.032,41.932,0.));
#738 = CIRCLE('',#739,2.15);
#739 = AXIS2_PLACEMENT_3D('',#740,#741,#742);
#740 = CARTESIAN_POINT('',(32.182,41.932,0.));
#741 = DIRECTION('',(0.,0.,-1.));
#742 = DIRECTION('',(-1.,0.,0.));
#743 = PLANE('',#744);
#744 = AXIS2_PLACEMENT_3D('',#745,#746,#747);
#745 = CARTESIAN_POINT('',(-6.86E-15,0.,0.));
#746 = DIRECTION('',(0.,0.,1.));
#747 = DIRECTION('',(1.,0.,0.));
#748 = ADVANCED_FACE('',(#749),#775,.T.);
#749 = FACE_BOUND('',#750,.T.);
#750 = EDGE_LOOP('',(#751,#752,#753,#760,#768));
#751 = ORIENTED_EDGE('',*,*,#388,.F.);
#752 = ORIENTED_EDGE('',*,*,#316,.T.);
#753 = ORIENTED_EDGE('',*,*,#754,.T.);
#754 = EDGE_CURVE('',#308,#755,#757,.T.);
#755 = VERTEX_POINT('',#756);
#756 = CARTESIAN_POINT('',(27.15,-47.12120327391,6.7));
#757 = B_SPLINE_CURVE_WITH_KNOTS('',1,(#758,#759),.UNSPECIFIED.,.F.,.F.,
  (2,2),(0.,1.),.PIECEWISE_BEZIER_KNOTS.);
#758 = CARTESIAN_POINT('',(27.15,-46.75000000005,5.3));
#759 = CARTESIAN_POINT('',(27.15,-47.12120327391,6.7));
#760 = ORIENTED_EDGE('',*,*,#761,.F.);
#761 = EDGE_CURVE('',#762,#755,#764,.T.);
#762 = VERTEX_POINT('',#763);
#763 = CARTESIAN_POINT('',(4.068528137424,-47.12120327391,6.7));
#764 = LINE('',#765,#766);
#765 = CARTESIAN_POINT('',(-27.15000000001,-47.12120327391,6.7));
#766 = VECTOR('',#767,1.);
#767 = DIRECTION('',(1.,0.,0.));
#768 = ORIENTED_EDGE('',*,*,#769,.F.);
#769 = EDGE_CURVE('',#381,#762,#770,.T.);
#770 = ELLIPSE('',#771,1.13800939779,1.1);
#771 = AXIS2_PLACEMENT_3D('',#772,#773,#774);
#772 = CARTESIAN_POINT('',(3.22,-46.93560163698,6.));
#773 = DIRECTION('',(-0.,-0.966600102017,-0.256289373133));
#774 = DIRECTION('',(0.,-0.256289373133,0.966600102017));
#775 = PLANE('',#776);
#776 = AXIS2_PLACEMENT_3D('',#777,#778,#779);
#777 = CARTESIAN_POINT('',(-27.15000000001,-47.12120327391,6.7));
#778 = DIRECTION('',(0.,-0.966600102017,-0.256289373133));
#779 = DIRECTION('',(1.,0.,0.));
#780 = ADVANCED_FACE('',(#781),#799,.T.);
#781 = FACE_BOUND('',#782,.T.);
#782 = EDGE_LOOP('',(#783,#784,#791,#798));
#783 = ORIENTED_EDGE('',*,*,#307,.T.);
#784 = ORIENTED_EDGE('',*,*,#785,.T.);
#785 = EDGE_CURVE('',#300,#786,#788,.T.);
#786 = VERTEX_POINT('',#787);
#787 = CARTESIAN_POINT('',(37.521203273892,-36.75000000002,6.7));
#788 = B_SPLINE_CURVE_WITH_KNOTS('',1,(#789,#790),.UNSPECIFIED.,.F.,.F.,
  (2,2),(0.,1.),.PIECEWISE_BEZIER_KNOTS.);
#789 = CARTESIAN_POINT('',(37.150000000027,-36.75000000002,5.3));
#790 = CARTESIAN_POINT('',(37.521203273892,-36.75000000002,6.7));
#791 = ORIENTED_EDGE('',*,*,#792,.F.);
#792 = EDGE_CURVE('',#755,#786,#793,.T.);
#793 = CIRCLE('',#794,10.371203273892);
#794 = AXIS2_PLACEMENT_3D('',#795,#796,#797);
#795 = CARTESIAN_POINT('',(27.15,-36.75000000002,6.7));
#796 = DIRECTION('',(0.,0.,1.));
#797 = DIRECTION('',(1.,0.,0.));
#798 = ORIENTED_EDGE('',*,*,#754,.F.);
#799 = CONICAL_SURFACE('',#800,10.000000000027,0.259181393921);
#800 = AXIS2_PLACEMENT_3D('',#801,#802,#803);
#801 = CARTESIAN_POINT('',(27.15,-36.75000000002,5.3));
#802 = DIRECTION('',(0.,0.,1.));
#803 = DIRECTION('',(1.,0.,0.));
#804 = ADVANCED_FACE('',(#805),#868,.T.);
#805 = FACE_BOUND('',#806,.T.);
#806 = EDGE_LOOP('',(#807,#808,#809,#817,#825,#831,#832,#840,#848,#854,
    #855,#862));
#807 = ORIENTED_EDGE('',*,*,#785,.F.);
#808 = ORIENTED_EDGE('',*,*,#299,.T.);
#809 = ORIENTED_EDGE('',*,*,#810,.T.);
#810 = EDGE_CURVE('',#292,#811,#813,.T.);
#811 = VERTEX_POINT('',#812);
#812 = CARTESIAN_POINT('',(37.25,3.98,5.677151845953));
#813 = LINE('',#814,#815);
#814 = CARTESIAN_POINT('',(37.699126450314,3.98,7.371040544439));
#815 = VECTOR('',#816,1.);
#816 = DIRECTION('',(0.256289373133,0.,0.966600102017));
#817 = ORIENTED_EDGE('',*,*,#818,.F.);
#818 = EDGE_CURVE('',#819,#811,#821,.T.);
#819 = VERTEX_POINT('',#820);
#820 = CARTESIAN_POINT('',(37.25,10.98,5.677151845953));
#821 = LINE('',#822,#823);
#822 = CARTESIAN_POINT('',(37.25,-12.41000000001,5.677151845953));
#823 = VECTOR('',#824,1.);
#824 = DIRECTION('',(0.,-1.,0.));
#825 = ORIENTED_EDGE('',*,*,#826,.T.);
#826 = EDGE_CURVE('',#819,#268,#827,.T.);
#827 = LINE('',#828,#829);
#828 = CARTESIAN_POINT('',(37.079803114773,10.98,5.035251151391));
#829 = VECTOR('',#830,1.);
#830 = DIRECTION('',(-0.256289373133,-0.,-0.966600102017));
#831 = ORIENTED_EDGE('',*,*,#267,.T.);
#832 = ORIENTED_EDGE('',*,*,#833,.T.);
#833 = EDGE_CURVE('',#260,#834,#836,.T.);
#834 = VERTEX_POINT('',#835);
#835 = CARTESIAN_POINT('',(37.25,12.879999999995,5.677151845953));
#836 = LINE('',#837,#838);
#837 = CARTESIAN_POINT('',(37.699126450314,12.879999999995,
    7.371040544439));
#838 = VECTOR('',#839,1.);
#839 = DIRECTION('',(0.256289373133,0.,0.966600102017));
#840 = ORIENTED_EDGE('',*,*,#841,.F.);
#841 = EDGE_CURVE('',#842,#834,#844,.T.);
#842 = VERTEX_POINT('',#843);
#843 = CARTESIAN_POINT('',(37.25,19.880000000005,5.677151845953));
#844 = LINE('',#845,#846);
#845 = CARTESIAN_POINT('',(37.25,-12.41000000001,5.677151845953));
#846 = VECTOR('',#847,1.);
#847 = DIRECTION('',(0.,-1.,0.));
#848 = ORIENTED_EDGE('',*,*,#849,.T.);
#849 = EDGE_CURVE('',#842,#236,#850,.T.);
#850 = LINE('',#851,#852);
#851 = CARTESIAN_POINT('',(37.079803114773,19.880000000005,
    5.035251151391));
#852 = VECTOR('',#853,1.);
#853 = DIRECTION('',(-0.256289373133,-0.,-0.966600102017));
#854 = ORIENTED_EDGE('',*,*,#235,.T.);
#855 = ORIENTED_EDGE('',*,*,#856,.T.);
#856 = EDGE_CURVE('',#227,#857,#859,.T.);
#857 = VERTEX_POINT('',#858);
#858 = CARTESIAN_POINT('',(37.521203273892,36.75,6.7));
#859 = B_SPLINE_CURVE_WITH_KNOTS('',1,(#860,#861),.UNSPECIFIED.,.F.,.F.,
  (2,2),(0.,1.),.PIECEWISE_BEZIER_KNOTS.);
#860 = CARTESIAN_POINT('',(37.150000000027,36.75,5.3));
#861 = CARTESIAN_POINT('',(37.521203273892,36.75,6.7));
#862 = ORIENTED_EDGE('',*,*,#863,.F.);
#863 = EDGE_CURVE('',#786,#857,#864,.T.);
#864 = LINE('',#865,#866);
#865 = CARTESIAN_POINT('',(37.521203273892,-36.75000000002,6.7));
#866 = VECTOR('',#867,1.);
#867 = DIRECTION('',(0.,1.,0.));
#868 = PLANE('',#869);
#869 = AXIS2_PLACEMENT_3D('',#870,#871,#872);
#870 = CARTESIAN_POINT('',(37.521203273892,-36.75000000002,6.7));
#871 = DIRECTION('',(0.966600102017,0.,-0.256289373133));
#872 = DIRECTION('',(0.,1.,0.));
#873 = ADVANCED_FACE('',(#874),#916,.T.);
#874 = FACE_BOUND('',#875,.T.);
#875 = EDGE_LOOP('',(#876,#886,#894,#900,#901,#902,#910));
#876 = ORIENTED_EDGE('',*,*,#877,.F.);
#877 = EDGE_CURVE('',#878,#880,#882,.T.);
#878 = VERTEX_POINT('',#879);
#879 = CARTESIAN_POINT('',(36.15,3.98,6.7));
#880 = VERTEX_POINT('',#881);
#881 = CARTESIAN_POINT('',(36.15,3.98,3.5));
#882 = LINE('',#883,#884);
#883 = CARTESIAN_POINT('',(36.15,3.98,8.5));
#884 = VECTOR('',#885,1.);
#885 = DIRECTION('',(0.,0.,-1.));
#886 = ORIENTED_EDGE('',*,*,#887,.F.);
#887 = EDGE_CURVE('',#888,#878,#890,.T.);
#888 = VERTEX_POINT('',#889);
#889 = CARTESIAN_POINT('',(37.25,3.98,6.7));
#890 = LINE('',#891,#892);
#891 = CARTESIAN_POINT('',(18.075,3.98,6.7));
#892 = VECTOR('',#893,1.);
#893 = DIRECTION('',(-1.,0.,0.));
#894 = ORIENTED_EDGE('',*,*,#895,.T.);
#895 = EDGE_CURVE('',#888,#811,#896,.T.);
#896 = LINE('',#897,#898);
#897 = CARTESIAN_POINT('',(37.25,3.98,8.5));
#898 = VECTOR('',#899,1.);
#899 = DIRECTION('',(0.,0.,-1.));
#900 = ORIENTED_EDGE('',*,*,#810,.F.);
#901 = ORIENTED_EDGE('',*,*,#291,.F.);
#902 = ORIENTED_EDGE('',*,*,#903,.T.);
#903 = EDGE_CURVE('',#284,#904,#906,.T.);
#904 = VERTEX_POINT('',#905);
#905 = CARTESIAN_POINT('',(37.25,3.98,3.5));
#906 = LINE('',#907,#908);
#907 = CARTESIAN_POINT('',(37.25,3.98,8.5));
#908 = VECTOR('',#909,1.);
#909 = DIRECTION('',(0.,0.,-1.));
#910 = ORIENTED_EDGE('',*,*,#911,.F.);
#911 = EDGE_CURVE('',#880,#904,#912,.T.);
#912 = LINE('',#913,#914);
#913 = CARTESIAN_POINT('',(36.15,3.98,3.5));
#914 = VECTOR('',#915,1.);
#915 = DIRECTION('',(1.,0.,0.));
#916 = PLANE('',#917);
#917 = AXIS2_PLACEMENT_3D('',#918,#919,#920);
#918 = CARTESIAN_POINT('',(36.15,3.98,8.5));
#919 = DIRECTION('',(0.,1.,0.));
#920 = DIRECTION('',(0.,0.,-1.));
#921 = ADVANCED_FACE('',(#922),#940,.F.);
#922 = FACE_BOUND('',#923,.F.);
#923 = EDGE_LOOP('',(#924,#925,#926,#934));
#924 = ORIENTED_EDGE('',*,*,#283,.F.);
#925 = ORIENTED_EDGE('',*,*,#903,.T.);
#926 = ORIENTED_EDGE('',*,*,#927,.T.);
#927 = EDGE_CURVE('',#904,#928,#930,.T.);
#928 = VERTEX_POINT('',#929);
#929 = CARTESIAN_POINT('',(37.25,10.98,3.5));
#930 = LINE('',#931,#932);
#931 = CARTESIAN_POINT('',(37.25,3.98,3.5));
#932 = VECTOR('',#933,1.);
#933 = DIRECTION('',(0.,1.,0.));
#934 = ORIENTED_EDGE('',*,*,#935,.T.);
#935 = EDGE_CURVE('',#928,#276,#936,.T.);
#936 = LINE('',#937,#938);
#937 = CARTESIAN_POINT('',(37.25,10.98,3.5));
#938 = VECTOR('',#939,1.);
#939 = DIRECTION('',(0.,0.,1.));
#940 = PLANE('',#941);
#941 = AXIS2_PLACEMENT_3D('',#942,#943,#944);
#942 = CARTESIAN_POINT('',(37.25,11.930000000002,6.));
#943 = DIRECTION('',(1.,0.,0.));
#944 = DIRECTION('',(0.,0.,1.));
#945 = ADVANCED_FACE('',(#946),#981,.T.);
#946 = FACE_BOUND('',#947,.T.);
#947 = EDGE_LOOP('',(#948,#958,#964,#965,#966,#967,#975));
#948 = ORIENTED_EDGE('',*,*,#949,.F.);
#949 = EDGE_CURVE('',#950,#952,#954,.T.);
#950 = VERTEX_POINT('',#951);
#951 = CARTESIAN_POINT('',(36.15,10.98,3.5));
#952 = VERTEX_POINT('',#953);
#953 = CARTESIAN_POINT('',(36.15,10.98,6.7));
#954 = LINE('',#955,#956);
#955 = CARTESIAN_POINT('',(36.15,10.98,3.5));
#956 = VECTOR('',#957,1.);
#957 = DIRECTION('',(0.,0.,1.));
#958 = ORIENTED_EDGE('',*,*,#959,.T.);
#959 = EDGE_CURVE('',#950,#928,#960,.T.);
#960 = LINE('',#961,#962);
#961 = CARTESIAN_POINT('',(36.15,10.98,3.5));
#962 = VECTOR('',#963,1.);
#963 = DIRECTION('',(1.,0.,0.));
#964 = ORIENTED_EDGE('',*,*,#935,.T.);
#965 = ORIENTED_EDGE('',*,*,#275,.F.);
#966 = ORIENTED_EDGE('',*,*,#826,.F.);
#967 = ORIENTED_EDGE('',*,*,#968,.T.);
#968 = EDGE_CURVE('',#819,#969,#971,.T.);
#969 = VERTEX_POINT('',#970);
#970 = CARTESIAN_POINT('',(37.25,10.98,6.7));
#971 = LINE('',#972,#973);
#972 = CARTESIAN_POINT('',(37.25,10.98,3.5));
#973 = VECTOR('',#974,1.);
#974 = DIRECTION('',(0.,0.,1.));
#975 = ORIENTED_EDGE('',*,*,#976,.F.);
#976 = EDGE_CURVE('',#952,#969,#977,.T.);
#977 = LINE('',#978,#979);
#978 = CARTESIAN_POINT('',(18.075,10.98,6.7));
#979 = VECTOR('',#980,1.);
#980 = DIRECTION('',(1.,0.,0.));
#981 = PLANE('',#982);
#982 = AXIS2_PLACEMENT_3D('',#983,#984,#985);
#983 = CARTESIAN_POINT('',(36.15,10.98,3.5));
#984 = DIRECTION('',(0.,-1.,0.));
#985 = DIRECTION('',(0.,0.,1.));
#986 = ADVANCED_FACE('',(#987),#1029,.T.);
#987 = FACE_BOUND('',#988,.T.);
#988 = EDGE_LOOP('',(#989,#999,#1007,#1013,#1014,#1015,#1023));
#989 = ORIENTED_EDGE('',*,*,#990,.F.);
#990 = EDGE_CURVE('',#991,#993,#995,.T.);
#991 = VERTEX_POINT('',#992);
#992 = CARTESIAN_POINT('',(36.15,12.879999999995,6.7));
#993 = VERTEX_POINT('',#994);
#994 = CARTESIAN_POINT('',(36.15,12.879999999995,3.5));
#995 = LINE('',#996,#997);
#996 = CARTESIAN_POINT('',(36.15,12.879999999995,8.5));
#997 = VECTOR('',#998,1.);
#998 = DIRECTION('',(0.,0.,-1.));
#999 = ORIENTED_EDGE('',*,*,#1000,.F.);
#1000 = EDGE_CURVE('',#1001,#991,#1003,.T.);
#1001 = VERTEX_POINT('',#1002);
#1002 = CARTESIAN_POINT('',(37.25,12.879999999995,6.7));
#1003 = LINE('',#1004,#1005);
#1004 = CARTESIAN_POINT('',(18.075,12.879999999995,6.7));
#1005 = VECTOR('',#1006,1.);
#1006 = DIRECTION('',(-1.,0.,0.));
#1007 = ORIENTED_EDGE('',*,*,#1008,.T.);
#1008 = EDGE_CURVE('',#1001,#834,#1009,.T.);
#1009 = LINE('',#1010,#1011);
#1010 = CARTESIAN_POINT('',(37.25,12.879999999995,8.5));
#1011 = VECTOR('',#1012,1.);
#1012 = DIRECTION('',(0.,0.,-1.));
#1013 = ORIENTED_EDGE('',*,*,#833,.F.);
#1014 = ORIENTED_EDGE('',*,*,#259,.F.);
#1015 = ORIENTED_EDGE('',*,*,#1016,.T.);
#1016 = EDGE_CURVE('',#252,#1017,#1019,.T.);
#1017 = VERTEX_POINT('',#1018);
#1018 = CARTESIAN_POINT('',(37.25,12.879999999995,3.5));
#1019 = LINE('',#1020,#1021);
#1020 = CARTESIAN_POINT('',(37.25,12.879999999995,8.5));
#1021 = VECTOR('',#1022,1.);
#1022 = DIRECTION('',(0.,0.,-1.));
#1023 = ORIENTED_EDGE('',*,*,#1024,.F.);
#1024 = EDGE_CURVE('',#993,#1017,#1025,.T.);
#1025 = LINE('',#1026,#1027);
#1026 = CARTESIAN_POINT('',(36.15,12.879999999995,3.5));
#1027 = VECTOR('',#1028,1.);
#1028 = DIRECTION('',(1.,0.,0.));
#1029 = PLANE('',#1030);
#1030 = AXIS2_PLACEMENT_3D('',#1031,#1032,#1033);
#1031 = CARTESIAN_POINT('',(36.15,12.879999999995,8.5));
#1032 = DIRECTION('',(0.,1.,0.));
#1033 = DIRECTION('',(0.,0.,-1.));
#1034 = ADVANCED_FACE('',(#1035),#1053,.F.);
#1035 = FACE_BOUND('',#1036,.F.);
#1036 = EDGE_LOOP('',(#1037,#1038,#1039,#1047));
#1037 = ORIENTED_EDGE('',*,*,#251,.F.);
#1038 = ORIENTED_EDGE('',*,*,#1016,.T.);
#1039 = ORIENTED_EDGE('',*,*,#1040,.T.);
#1040 = EDGE_CURVE('',#1017,#1041,#1043,.T.);
#1041 = VERTEX_POINT('',#1042);
#1042 = CARTESIAN_POINT('',(37.25,19.880000000005,3.5));
#1043 = LINE('',#1044,#1045);
#1044 = CARTESIAN_POINT('',(37.25,12.879999999995,3.5));
#1045 = VECTOR('',#1046,1.);
#1046 = DIRECTION('',(0.,1.,0.));
#1047 = ORIENTED_EDGE('',*,*,#1048,.T.);
#1048 = EDGE_CURVE('',#1041,#244,#1049,.T.);
#1049 = LINE('',#1050,#1051);
#1050 = CARTESIAN_POINT('',(37.25,19.880000000005,3.5));
#1051 = VECTOR('',#1052,1.);
#1052 = DIRECTION('',(0.,0.,1.));
#1053 = PLANE('',#1054);
#1054 = AXIS2_PLACEMENT_3D('',#1055,#1056,#1057);
#1055 = CARTESIAN_POINT('',(37.25,11.930000000002,6.));
#1056 = DIRECTION('',(1.,0.,0.));
#1057 = DIRECTION('',(0.,0.,1.));
#1058 = ADVANCED_FACE('',(#1059),#1094,.T.);
#1059 = FACE_BOUND('',#1060,.T.);
#1060 = EDGE_LOOP('',(#1061,#1071,#1077,#1078,#1079,#1080,#1088));
#1061 = ORIENTED_EDGE('',*,*,#1062,.F.);
#1062 = EDGE_CURVE('',#1063,#1065,#1067,.T.);
#1063 = VERTEX_POINT('',#1064);
#1064 = CARTESIAN_POINT('',(36.15,19.880000000005,3.5));
#1065 = VERTEX_POINT('',#1066);
#1066 = CARTESIAN_POINT('',(36.15,19.880000000005,6.7));
#1067 = LINE('',#1068,#1069);
#1068 = CARTESIAN_POINT('',(36.15,19.880000000005,3.5));
#1069 = VECTOR('',#1070,1.);
#1070 = DIRECTION('',(0.,0.,1.));
#1071 = ORIENTED_EDGE('',*,*,#1072,.T.);
#1072 = EDGE_CURVE('',#1063,#1041,#1073,.T.);
#1073 = LINE('',#1074,#1075);
#1074 = CARTESIAN_POINT('',(36.15,19.880000000005,3.5));
#1075 = VECTOR('',#1076,1.);
#1076 = DIRECTION('',(1.,0.,0.));
#1077 = ORIENTED_EDGE('',*,*,#1048,.T.);
#1078 = ORIENTED_EDGE('',*,*,#243,.F.);
#1079 = ORIENTED_EDGE('',*,*,#849,.F.);
#1080 = ORIENTED_EDGE('',*,*,#1081,.T.);
#1081 = EDGE_CURVE('',#842,#1082,#1084,.T.);
#1082 = VERTEX_POINT('',#1083);
#1083 = CARTESIAN_POINT('',(37.25,19.880000000005,6.7));
#1084 = LINE('',#1085,#1086);
#1085 = CARTESIAN_POINT('',(37.25,19.880000000005,3.5));
#1086 = VECTOR('',#1087,1.);
#1087 = DIRECTION('',(0.,0.,1.));
#1088 = ORIENTED_EDGE('',*,*,#1089,.F.);
#1089 = EDGE_CURVE('',#1065,#1082,#1090,.T.);
#1090 = LINE('',#1091,#1092);
#1091 = CARTESIAN_POINT('',(18.075,19.880000000005,6.7));
#1092 = VECTOR('',#1093,1.);
#1093 = DIRECTION('',(1.,0.,0.));
#1094 = PLANE('',#1095);
#1095 = AXIS2_PLACEMENT_3D('',#1096,#1097,#1098);
#1096 = CARTESIAN_POINT('',(36.15,19.880000000005,3.5));
#1097 = DIRECTION('',(0.,-1.,0.));
#1098 = DIRECTION('',(0.,0.,1.));
#1099 = ADVANCED_FACE('',(#1100),#1118,.T.);
#1100 = FACE_BOUND('',#1101,.T.);
#1101 = EDGE_LOOP('',(#1102,#1103,#1110,#1117));
#1102 = ORIENTED_EDGE('',*,*,#226,.T.);
#1103 = ORIENTED_EDGE('',*,*,#1104,.T.);
#1104 = EDGE_CURVE('',#219,#1105,#1107,.T.);
#1105 = VERTEX_POINT('',#1106);
#1106 = CARTESIAN_POINT('',(27.15,47.121203273892,6.7));
#1107 = B_SPLINE_CURVE_WITH_KNOTS('',1,(#1108,#1109),.UNSPECIFIED.,.F.,
  .F.,(2,2),(0.,1.),.PIECEWISE_BEZIER_KNOTS.);
#1108 = CARTESIAN_POINT('',(27.15,46.750000000027,5.3));
#1109 = CARTESIAN_POINT('',(27.15,47.121203273892,6.7));
#1110 = ORIENTED_EDGE('',*,*,#1111,.F.);
#1111 = EDGE_CURVE('',#857,#1105,#1112,.T.);
#1112 = CIRCLE('',#1113,10.371203273892);
#1113 = AXIS2_PLACEMENT_3D('',#1114,#1115,#1116);
#1114 = CARTESIAN_POINT('',(27.15,36.75,6.7));
#1115 = DIRECTION('',(0.,0.,1.));
#1116 = DIRECTION('',(1.,0.,0.));
#1117 = ORIENTED_EDGE('',*,*,#856,.F.);
#1118 = CONICAL_SURFACE('',#1119,10.000000000027,0.259181393921);
#1119 = AXIS2_PLACEMENT_3D('',#1120,#1121,#1122);
#1120 = CARTESIAN_POINT('',(27.15,36.75,5.3));
#1121 = DIRECTION('',(0.,0.,1.));
#1122 = DIRECTION('',(1.,0.,0.));
#1123 = ADVANCED_FACE('',(#1124),#1152,.T.);
#1124 = FACE_BOUND('',#1125,.T.);
#1125 = EDGE_LOOP('',(#1126,#1127,#1128,#1137,#1146));
#1126 = ORIENTED_EDGE('',*,*,#1104,.F.);
#1127 = ORIENTED_EDGE('',*,*,#218,.T.);
#1128 = ORIENTED_EDGE('',*,*,#1129,.F.);
#1129 = EDGE_CURVE('',#1130,#211,#1132,.T.);
#1130 = VERTEX_POINT('',#1131);
#1131 = CARTESIAN_POINT('',(21.1,47.015145195645,6.3));
#1132 = ELLIPSE('',#1133,2.793295794575,2.7);
#1133 = AXIS2_PLACEMENT_3D('',#1134,#1135,#1136);
#1134 = CARTESIAN_POINT('',(18.4,47.015145195645,6.3));
#1135 = DIRECTION('',(0.,0.966600102017,-0.256289373133));
#1136 = DIRECTION('',(0.,0.256289373133,0.966600102017));
#1137 = ORIENTED_EDGE('',*,*,#1138,.F.);
#1138 = EDGE_CURVE('',#1139,#1130,#1141,.T.);
#1139 = VERTEX_POINT('',#1140);
#1140 = CARTESIAN_POINT('',(21.070205984564,47.121203273892,6.7));
#1141 = ELLIPSE('',#1142,2.793295794575,2.7);
#1142 = AXIS2_PLACEMENT_3D('',#1143,#1144,#1145);
#1143 = CARTESIAN_POINT('',(18.4,47.015145195645,6.3));
#1144 = DIRECTION('',(0.,0.966600102017,-0.256289373133));
#1145 = DIRECTION('',(0.,0.256289373133,0.966600102017));
#1146 = ORIENTED_EDGE('',*,*,#1147,.F.);
#1147 = EDGE_CURVE('',#1105,#1139,#1148,.T.);
#1148 = LINE('',#1149,#1150);
#1149 = CARTESIAN_POINT('',(27.15,47.121203273892,6.7));
#1150 = VECTOR('',#1151,1.);
#1151 = DIRECTION('',(-1.,0.,0.));
#1152 = PLANE('',#1153);
#1153 = AXIS2_PLACEMENT_3D('',#1154,#1155,#1156);
#1154 = CARTESIAN_POINT('',(27.15,47.121203273892,6.7));
#1155 = DIRECTION('',(0.,0.966600102017,-0.256289373133));
#1156 = DIRECTION('',(-1.,0.,0.));
#1157 = ADVANCED_FACE('',(#1158),#1221,.F.);
#1158 = FACE_BOUND('',#1159,.T.);
#1159 = EDGE_LOOP('',(#1160,#1171,#1177,#1178,#1179,#1180,#1189,#1197,
    #1206,#1214));
#1160 = ORIENTED_EDGE('',*,*,#1161,.T.);
#1161 = EDGE_CURVE('',#1162,#1164,#1166,.T.);
#1162 = VERTEX_POINT('',#1163);
#1163 = CARTESIAN_POINT('',(21.1,45.75,6.3));
#1164 = VERTEX_POINT('',#1165);
#1165 = CARTESIAN_POINT('',(21.070205984564,45.75,6.7));
#1166 = CIRCLE('',#1167,2.7);
#1167 = AXIS2_PLACEMENT_3D('',#1168,#1169,#1170);
#1168 = CARTESIAN_POINT('',(18.4,45.75,6.3));
#1169 = DIRECTION('',(0.,-1.,0.));
#1170 = DIRECTION('',(1.,0.,0.));
#1171 = ORIENTED_EDGE('',*,*,#1172,.T.);
#1172 = EDGE_CURVE('',#1164,#1139,#1173,.T.);
#1173 = LINE('',#1174,#1175);
#1174 = CARTESIAN_POINT('',(21.070205984564,47.95,6.7));
#1175 = VECTOR('',#1176,1.);
#1176 = DIRECTION('',(0.,1.,-2.2E-16));
#1177 = ORIENTED_EDGE('',*,*,#1138,.T.);
#1178 = ORIENTED_EDGE('',*,*,#1129,.T.);
#1179 = ORIENTED_EDGE('',*,*,#210,.T.);
#1180 = ORIENTED_EDGE('',*,*,#1181,.F.);
#1181 = EDGE_CURVE('',#1182,#203,#1184,.T.);
#1182 = VERTEX_POINT('',#1183);
#1183 = CARTESIAN_POINT('',(15.892012759203,47.95,5.3));
#1184 = CIRCLE('',#1185,2.7);
#1185 = AXIS2_PLACEMENT_3D('',#1186,#1187,#1188);
#1186 = CARTESIAN_POINT('',(18.4,47.95,6.3));
#1187 = DIRECTION('',(0.,-1.,0.));
#1188 = DIRECTION('',(1.,0.,0.));
#1189 = ORIENTED_EDGE('',*,*,#1190,.F.);
#1190 = EDGE_CURVE('',#1191,#1182,#1193,.T.);
#1191 = VERTEX_POINT('',#1192);
#1192 = CARTESIAN_POINT('',(15.892012759203,46.750000000027,5.3));
#1193 = LINE('',#1194,#1195);
#1194 = CARTESIAN_POINT('',(15.892012759203,47.95,5.3));
#1195 = VECTOR('',#1196,1.);
#1196 = DIRECTION('',(0.,1.,-2.2E-16));
#1197 = ORIENTED_EDGE('',*,*,#1198,.T.);
#1198 = EDGE_CURVE('',#1191,#1199,#1201,.T.);
#1199 = VERTEX_POINT('',#1200);
#1200 = CARTESIAN_POINT('',(15.729794015436,47.121203273892,6.7));
#1201 = ELLIPSE('',#1202,2.793295794575,2.7);
#1202 = AXIS2_PLACEMENT_3D('',#1203,#1204,#1205);
#1203 = CARTESIAN_POINT('',(18.4,47.015145195645,6.3));
#1204 = DIRECTION('',(0.,0.966600102017,-0.256289373133));
#1205 = DIRECTION('',(0.,0.256289373133,0.966600102017));
#1206 = ORIENTED_EDGE('',*,*,#1207,.F.);
#1207 = EDGE_CURVE('',#1208,#1199,#1210,.T.);
#1208 = VERTEX_POINT('',#1209);
#1209 = CARTESIAN_POINT('',(15.729794015436,45.75,6.7));
#1210 = LINE('',#1211,#1212);
#1211 = CARTESIAN_POINT('',(15.729794015436,47.95,6.7));
#1212 = VECTOR('',#1213,1.);
#1213 = DIRECTION('',(0.,1.,-2.2E-16));
#1214 = ORIENTED_EDGE('',*,*,#1215,.T.);
#1215 = EDGE_CURVE('',#1208,#1162,#1216,.T.);
#1216 = CIRCLE('',#1217,2.7);
#1217 = AXIS2_PLACEMENT_3D('',#1218,#1219,#1220);
#1218 = CARTESIAN_POINT('',(18.4,45.75,6.3));
#1219 = DIRECTION('',(0.,-1.,0.));
#1220 = DIRECTION('',(1.,0.,0.));
#1221 = CYLINDRICAL_SURFACE('',#1222,2.7);
#1222 = AXIS2_PLACEMENT_3D('',#1223,#1224,#1225);
#1223 = CARTESIAN_POINT('',(18.4,47.95,6.3));
#1224 = DIRECTION('',(0.,1.,-2.2E-16));
#1225 = DIRECTION('',(1.,0.,0.));
#1226 = ADVANCED_FACE('',(#1227),#1278,.F.);
#1227 = FACE_BOUND('',#1228,.F.);
#1228 = EDGE_LOOP('',(#1229,#1239,#1247,#1253,#1254,#1255,#1263,#1272));
#1229 = ORIENTED_EDGE('',*,*,#1230,.F.);
#1230 = EDGE_CURVE('',#1231,#1233,#1235,.T.);
#1231 = VERTEX_POINT('',#1232);
#1232 = CARTESIAN_POINT('',(-27.15,47.95,1.));
#1233 = VERTEX_POINT('',#1234);
#1234 = CARTESIAN_POINT('',(-27.15,47.95,5.3));
#1235 = LINE('',#1236,#1237);
#1236 = CARTESIAN_POINT('',(-27.15,47.95,0.));
#1237 = VECTOR('',#1238,1.);
#1238 = DIRECTION('',(0.,0.,1.));
#1239 = ORIENTED_EDGE('',*,*,#1240,.F.);
#1240 = EDGE_CURVE('',#1241,#1231,#1243,.T.);
#1241 = VERTEX_POINT('',#1242);
#1242 = CARTESIAN_POINT('',(27.15,47.95,1.));
#1243 = LINE('',#1244,#1245);
#1244 = CARTESIAN_POINT('',(27.15,47.95,1.));
#1245 = VECTOR('',#1246,1.);
#1246 = DIRECTION('',(-1.,0.,0.));
#1247 = ORIENTED_EDGE('',*,*,#1248,.T.);
#1248 = EDGE_CURVE('',#1241,#194,#1249,.T.);
#1249 = LINE('',#1250,#1251);
#1250 = CARTESIAN_POINT('',(27.15,47.95,0.));
#1251 = VECTOR('',#1252,1.);
#1252 = DIRECTION('',(0.,0.,1.));
#1253 = ORIENTED_EDGE('',*,*,#202,.T.);
#1254 = ORIENTED_EDGE('',*,*,#1181,.F.);
#1255 = ORIENTED_EDGE('',*,*,#1256,.T.);
#1256 = EDGE_CURVE('',#1182,#1257,#1259,.T.);
#1257 = VERTEX_POINT('',#1258);
#1258 = CARTESIAN_POINT('',(9.155749299439,47.95,5.3));
#1259 = LINE('',#1260,#1261);
#1260 = CARTESIAN_POINT('',(27.15,47.95,5.3));
#1261 = VECTOR('',#1262,1.);
#1262 = DIRECTION('',(-1.,0.,0.));
#1263 = ORIENTED_EDGE('',*,*,#1264,.F.);
#1264 = EDGE_CURVE('',#1265,#1257,#1267,.T.);
#1265 = VERTEX_POINT('',#1266);
#1266 = CARTESIAN_POINT('',(4.784250700561,47.95,5.3));
#1267 = CIRCLE('',#1268,2.2);
#1268 = AXIS2_PLACEMENT_3D('',#1269,#1270,#1271);
#1269 = CARTESIAN_POINT('',(6.97,47.95,5.55));
#1270 = DIRECTION('',(0.,-1.,0.));
#1271 = DIRECTION('',(1.,0.,0.));
#1272 = ORIENTED_EDGE('',*,*,#1273,.T.);
#1273 = EDGE_CURVE('',#1265,#1233,#1274,.T.);
#1274 = LINE('',#1275,#1276);
#1275 = CARTESIAN_POINT('',(27.15,47.95,5.3));
#1276 = VECTOR('',#1277,1.);
#1277 = DIRECTION('',(-1.,0.,0.));
#1278 = PLANE('',#1279);
#1279 = AXIS2_PLACEMENT_3D('',#1280,#1281,#1282);
#1280 = CARTESIAN_POINT('',(27.15,47.95,0.));
#1281 = DIRECTION('',(0.,-1.,0.));
#1282 = DIRECTION('',(-1.,0.,0.));
#1283 = ADVANCED_FACE('',(#1284),#1296,.T.);
#1284 = FACE_BOUND('',#1285,.F.);
#1285 = EDGE_LOOP('',(#1286,#1287,#1294,#1295));
#1286 = ORIENTED_EDGE('',*,*,#1248,.F.);
#1287 = ORIENTED_EDGE('',*,*,#1288,.F.);
#1288 = EDGE_CURVE('',#584,#1241,#1289,.T.);
#1289 = CIRCLE('',#1290,11.2);
#1290 = AXIS2_PLACEMENT_3D('',#1291,#1292,#1293);
#1291 = CARTESIAN_POINT('',(27.15,36.75,1.));
#1292 = DIRECTION('',(0.,0.,1.));
#1293 = DIRECTION('',(1.,0.,0.));
#1294 = ORIENTED_EDGE('',*,*,#583,.T.);
#1295 = ORIENTED_EDGE('',*,*,#193,.T.);
#1296 = CYLINDRICAL_SURFACE('',#1297,11.2);
#1297 = AXIS2_PLACEMENT_3D('',#1298,#1299,#1300);
#1298 = CARTESIAN_POINT('',(27.15,36.75,0.));
#1299 = DIRECTION('',(-0.,-0.,-1.));
#1300 = DIRECTION('',(1.,0.,0.));
#1301 = ADVANCED_FACE('',(#1302),#1416,.F.);
#1302 = FACE_BOUND('',#1303,.F.);
#1303 = EDGE_LOOP('',(#1304,#1305,#1313,#1321,#1329,#1337,#1345,#1353,
    #1361,#1369,#1377,#1385,#1393,#1401,#1409,#1415));
#1304 = ORIENTED_EDGE('',*,*,#340,.F.);
#1305 = ORIENTED_EDGE('',*,*,#1306,.F.);
#1306 = EDGE_CURVE('',#1307,#332,#1309,.T.);
#1307 = VERTEX_POINT('',#1308);
#1308 = CARTESIAN_POINT('',(-38.35,36.75,1.));
#1309 = LINE('',#1310,#1311);
#1310 = CARTESIAN_POINT('',(-38.35,36.75,1.));
#1311 = VECTOR('',#1312,1.);
#1312 = DIRECTION('',(0.,-1.,0.));
#1313 = ORIENTED_EDGE('',*,*,#1314,.T.);
#1314 = EDGE_CURVE('',#1307,#1315,#1317,.T.);
#1315 = VERTEX_POINT('',#1316);
#1316 = CARTESIAN_POINT('',(-38.35,36.75,5.3));
#1317 = LINE('',#1318,#1319);
#1318 = CARTESIAN_POINT('',(-38.35,36.75,0.));
#1319 = VECTOR('',#1320,1.);
#1320 = DIRECTION('',(0.,0.,1.));
#1321 = ORIENTED_EDGE('',*,*,#1322,.T.);
#1322 = EDGE_CURVE('',#1315,#1323,#1325,.T.);
#1323 = VERTEX_POINT('',#1324);
#1324 = CARTESIAN_POINT('',(-38.35,30.45,5.3));
#1325 = LINE('',#1326,#1327);
#1326 = CARTESIAN_POINT('',(-38.35,36.75,5.3));
#1327 = VECTOR('',#1328,1.);
#1328 = DIRECTION('',(0.,-1.,0.));
#1329 = ORIENTED_EDGE('',*,*,#1330,.F.);
#1330 = EDGE_CURVE('',#1331,#1323,#1333,.T.);
#1331 = VERTEX_POINT('',#1332);
#1332 = CARTESIAN_POINT('',(-38.35,30.45,2.2));
#1333 = LINE('',#1334,#1335);
#1334 = CARTESIAN_POINT('',(-38.35,30.45,2.2));
#1335 = VECTOR('',#1336,1.);
#1336 = DIRECTION('',(0.,0.,1.));
#1337 = ORIENTED_EDGE('',*,*,#1338,.F.);
#1338 = EDGE_CURVE('',#1339,#1331,#1341,.T.);
#1339 = VERTEX_POINT('',#1340);
#1340 = CARTESIAN_POINT('',(-38.35,23.25,2.2));
#1341 = LINE('',#1342,#1343);
#1342 = CARTESIAN_POINT('',(-38.35,23.25,2.2));
#1343 = VECTOR('',#1344,1.);
#1344 = DIRECTION('',(0.,1.,0.));
#1345 = ORIENTED_EDGE('',*,*,#1346,.F.);
#1346 = EDGE_CURVE('',#1347,#1339,#1349,.T.);
#1347 = VERTEX_POINT('',#1348);
#1348 = CARTESIAN_POINT('',(-38.35,23.25,5.3));
#1349 = LINE('',#1350,#1351);
#1350 = CARTESIAN_POINT('',(-38.35,23.25,9.8));
#1351 = VECTOR('',#1352,1.);
#1352 = DIRECTION('',(0.,0.,-1.));
#1353 = ORIENTED_EDGE('',*,*,#1354,.T.);
#1354 = EDGE_CURVE('',#1347,#1355,#1357,.T.);
#1355 = VERTEX_POINT('',#1356);
#1356 = CARTESIAN_POINT('',(-38.35,18.729999999982,5.3));
#1357 = LINE('',#1358,#1359);
#1358 = CARTESIAN_POINT('',(-38.35,36.75,5.3));
#1359 = VECTOR('',#1360,1.);
#1360 = DIRECTION('',(0.,-1.,0.));
#1361 = ORIENTED_EDGE('',*,*,#1362,.F.);
#1362 = EDGE_CURVE('',#1363,#1355,#1365,.T.);
#1363 = VERTEX_POINT('',#1364);
#1364 = CARTESIAN_POINT('',(-38.35,18.729999999982,2.2));
#1365 = LINE('',#1366,#1367);
#1366 = CARTESIAN_POINT('',(-38.35,18.729999999982,2.2));
#1367 = VECTOR('',#1368,1.);
#1368 = DIRECTION('',(0.,0.,1.));
#1369 = ORIENTED_EDGE('',*,*,#1370,.F.);
#1370 = EDGE_CURVE('',#1371,#1363,#1373,.T.);
#1371 = VERTEX_POINT('',#1372);
#1372 = CARTESIAN_POINT('',(-38.35,14.030000000018,2.2));
#1373 = LINE('',#1374,#1375);
#1374 = CARTESIAN_POINT('',(-38.35,14.030000000018,2.2));
#1375 = VECTOR('',#1376,1.);
#1376 = DIRECTION('',(0.,1.,0.));
#1377 = ORIENTED_EDGE('',*,*,#1378,.F.);
#1378 = EDGE_CURVE('',#1379,#1371,#1381,.T.);
#1379 = VERTEX_POINT('',#1380);
#1380 = CARTESIAN_POINT('',(-38.35,14.030000000018,5.3));
#1381 = LINE('',#1382,#1383);
#1382 = CARTESIAN_POINT('',(-38.35,14.030000000018,9.8));
#1383 = VECTOR('',#1384,1.);
#1384 = DIRECTION('',(0.,0.,-1.));
#1385 = ORIENTED_EDGE('',*,*,#1386,.T.);
#1386 = EDGE_CURVE('',#1379,#1387,#1389,.T.);
#1387 = VERTEX_POINT('',#1388);
#1388 = CARTESIAN_POINT('',(-38.35,9.83,5.3));
#1389 = LINE('',#1390,#1391);
#1390 = CARTESIAN_POINT('',(-38.35,36.75,5.3));
#1391 = VECTOR('',#1392,1.);
#1392 = DIRECTION('',(0.,-1.,0.));
#1393 = ORIENTED_EDGE('',*,*,#1394,.F.);
#1394 = EDGE_CURVE('',#1395,#1387,#1397,.T.);
#1395 = VERTEX_POINT('',#1396);
#1396 = CARTESIAN_POINT('',(-38.35,9.83,2.2));
#1397 = LINE('',#1398,#1399);
#1398 = CARTESIAN_POINT('',(-38.35,9.83,2.2));
#1399 = VECTOR('',#1400,1.);
#1400 = DIRECTION('',(0.,0.,1.));
#1401 = ORIENTED_EDGE('',*,*,#1402,.F.);
#1402 = EDGE_CURVE('',#1403,#1395,#1405,.T.);
#1403 = VERTEX_POINT('',#1404);
#1404 = CARTESIAN_POINT('',(-38.35,5.13,2.2));
#1405 = LINE('',#1406,#1407);
#1406 = CARTESIAN_POINT('',(-38.35,5.13,2.2));
#1407 = VECTOR('',#1408,1.);
#1408 = DIRECTION('',(0.,1.,0.));
#1409 = ORIENTED_EDGE('',*,*,#1410,.F.);
#1410 = EDGE_CURVE('',#414,#1403,#1411,.T.);
#1411 = LINE('',#1412,#1413);
#1412 = CARTESIAN_POINT('',(-38.35,5.13,9.8));
#1413 = VECTOR('',#1414,1.);
#1414 = DIRECTION('',(0.,0.,-1.));
#1415 = ORIENTED_EDGE('',*,*,#421,.T.);
#1416 = PLANE('',#1417);
#1417 = AXIS2_PLACEMENT_3D('',#1418,#1419,#1420);
#1418 = CARTESIAN_POINT('',(-38.35,36.75,0.));
#1419 = DIRECTION('',(1.,0.,0.));
#1420 = DIRECTION('',(0.,-1.,0.));
#1421 = ADVANCED_FACE('',(#1422),#1441,.F.);
#1422 = FACE_BOUND('',#1423,.F.);
#1423 = EDGE_LOOP('',(#1424,#1425,#1426,#1435));
#1424 = ORIENTED_EDGE('',*,*,#769,.F.);
#1425 = ORIENTED_EDGE('',*,*,#380,.T.);
#1426 = ORIENTED_EDGE('',*,*,#1427,.T.);
#1427 = EDGE_CURVE('',#373,#1428,#1430,.T.);
#1428 = VERTEX_POINT('',#1429);
#1429 = CARTESIAN_POINT('',(4.068528137424,-45.75,6.7));
#1430 = CIRCLE('',#1431,1.1);
#1431 = AXIS2_PLACEMENT_3D('',#1432,#1433,#1434);
#1432 = CARTESIAN_POINT('',(3.22,-45.75,6.));
#1433 = DIRECTION('',(0.,-1.,0.));
#1434 = DIRECTION('',(1.,0.,0.));
#1435 = ORIENTED_EDGE('',*,*,#1436,.T.);
#1436 = EDGE_CURVE('',#1428,#762,#1437,.T.);
#1437 = LINE('',#1438,#1439);
#1438 = CARTESIAN_POINT('',(4.068528137424,-47.95,6.7));
#1439 = VECTOR('',#1440,1.);
#1440 = DIRECTION('',(0.,-1.,2.2E-16));
#1441 = CYLINDRICAL_SURFACE('',#1442,1.1);
#1442 = AXIS2_PLACEMENT_3D('',#1443,#1444,#1445);
#1443 = CARTESIAN_POINT('',(3.22,-47.95,6.));
#1444 = DIRECTION('',(0.,-1.,2.2E-16));
#1445 = DIRECTION('',(1.,0.,0.));
#1446 = ADVANCED_FACE('',(#1447),#1502,.F.);
#1447 = FACE_BOUND('',#1448,.F.);
#1448 = EDGE_LOOP('',(#1449,#1459,#1467,#1475,#1483,#1489,#1490,#1491,
    #1492,#1493,#1494,#1495));
#1449 = ORIENTED_EDGE('',*,*,#1450,.F.);
#1450 = EDGE_CURVE('',#1451,#1453,#1455,.T.);
#1451 = VERTEX_POINT('',#1452);
#1452 = CARTESIAN_POINT('',(-27.15,-45.75,6.7));
#1453 = VERTEX_POINT('',#1454);
#1454 = CARTESIAN_POINT('',(-4.568528137424,-45.75,6.7));
#1455 = LINE('',#1456,#1457);
#1456 = CARTESIAN_POINT('',(-27.15,-45.75,6.7));
#1457 = VECTOR('',#1458,1.);
#1458 = DIRECTION('',(1.,0.,0.));
#1459 = ORIENTED_EDGE('',*,*,#1460,.T.);
#1460 = EDGE_CURVE('',#1451,#1461,#1463,.T.);
#1461 = VERTEX_POINT('',#1462);
#1462 = CARTESIAN_POINT('',(-27.15,-45.75,2.2));
#1463 = LINE('',#1464,#1465);
#1464 = CARTESIAN_POINT('',(-27.15,-45.75,6.7));
#1465 = VECTOR('',#1466,1.);
#1466 = DIRECTION('',(-0.,-0.,-1.));
#1467 = ORIENTED_EDGE('',*,*,#1468,.T.);
#1468 = EDGE_CURVE('',#1461,#1469,#1471,.T.);
#1469 = VERTEX_POINT('',#1470);
#1470 = CARTESIAN_POINT('',(27.15,-45.75,2.2));
#1471 = LINE('',#1472,#1473);
#1472 = CARTESIAN_POINT('',(-27.15,-45.75,2.2));
#1473 = VECTOR('',#1474,1.);
#1474 = DIRECTION('',(1.,0.,0.));
#1475 = ORIENTED_EDGE('',*,*,#1476,.F.);
#1476 = EDGE_CURVE('',#1477,#1469,#1479,.T.);
#1477 = VERTEX_POINT('',#1478);
#1478 = CARTESIAN_POINT('',(27.15,-45.75,6.7));
#1479 = LINE('',#1480,#1481);
#1480 = CARTESIAN_POINT('',(27.15,-45.75,6.7));
#1481 = VECTOR('',#1482,1.);
#1482 = DIRECTION('',(-0.,-0.,-1.));
#1483 = ORIENTED_EDGE('',*,*,#1484,.F.);
#1484 = EDGE_CURVE('',#1428,#1477,#1485,.T.);
#1485 = LINE('',#1486,#1487);
#1486 = CARTESIAN_POINT('',(-27.15,-45.75,6.7));
#1487 = VECTOR('',#1488,1.);
#1488 = DIRECTION('',(1.,0.,0.));
#1489 = ORIENTED_EDGE('',*,*,#1427,.F.);
#1490 = ORIENTED_EDGE('',*,*,#372,.F.);
#1491 = ORIENTED_EDGE('',*,*,#484,.F.);
#1492 = ORIENTED_EDGE('',*,*,#549,.F.);
#1493 = ORIENTED_EDGE('',*,*,#566,.F.);
#1494 = ORIENTED_EDGE('',*,*,#517,.F.);
#1495 = ORIENTED_EDGE('',*,*,#1496,.F.);
#1496 = EDGE_CURVE('',#1453,#510,#1497,.T.);
#1497 = CIRCLE('',#1498,1.1);
#1498 = AXIS2_PLACEMENT_3D('',#1499,#1500,#1501);
#1499 = CARTESIAN_POINT('',(-3.72,-45.75,6.));
#1500 = DIRECTION('',(0.,-1.,0.));
#1501 = DIRECTION('',(1.,0.,0.));
#1502 = PLANE('',#1503);
#1503 = AXIS2_PLACEMENT_3D('',#1504,#1505,#1506);
#1504 = CARTESIAN_POINT('',(-27.15,-45.75,6.7));
#1505 = DIRECTION('',(0.,-1.,0.));
#1506 = DIRECTION('',(1.,0.,0.));
#1507 = ADVANCED_FACE('',(#1508),#1565,.T.);
#1508 = FACE_BOUND('',#1509,.T.);
#1509 = EDGE_LOOP('',(#1510,#1520,#1528,#1536,#1544,#1550,#1551,#1559));
#1510 = ORIENTED_EDGE('',*,*,#1511,.T.);
#1511 = EDGE_CURVE('',#1512,#1514,#1516,.T.);
#1512 = VERTEX_POINT('',#1513);
#1513 = CARTESIAN_POINT('',(-37.52120327386,10.83,1.2));
#1514 = VERTEX_POINT('',#1515);
#1515 = CARTESIAN_POINT('',(-37.52120327386,10.83,5.3));
#1516 = LINE('',#1517,#1518);
#1517 = CARTESIAN_POINT('',(-37.52120327386,10.83,1.2));
#1518 = VECTOR('',#1519,1.);
#1519 = DIRECTION('',(0.,0.,1.));
#1520 = ORIENTED_EDGE('',*,*,#1521,.F.);
#1521 = EDGE_CURVE('',#1522,#1514,#1524,.T.);
#1522 = VERTEX_POINT('',#1523);
#1523 = CARTESIAN_POINT('',(-37.52120327386,9.83,5.3));
#1524 = LINE('',#1525,#1526);
#1525 = CARTESIAN_POINT('',(-37.52120327386,-12.41,5.3));
#1526 = VECTOR('',#1527,1.);
#1527 = DIRECTION('',(0.,1.,0.));
#1528 = ORIENTED_EDGE('',*,*,#1529,.F.);
#1529 = EDGE_CURVE('',#1530,#1522,#1532,.T.);
#1530 = VERTEX_POINT('',#1531);
#1531 = CARTESIAN_POINT('',(-37.52120327386,9.83,2.2));
#1532 = LINE('',#1533,#1534);
#1533 = CARTESIAN_POINT('',(-37.52120327386,9.83,4.1));
#1534 = VECTOR('',#1535,1.);
#1535 = DIRECTION('',(0.,0.,1.));
#1536 = ORIENTED_EDGE('',*,*,#1537,.F.);
#1537 = EDGE_CURVE('',#1538,#1530,#1540,.T.);
#1538 = VERTEX_POINT('',#1539);
#1539 = CARTESIAN_POINT('',(-37.52120327386,5.13,2.2));
#1540 = LINE('',#1541,#1542);
#1541 = CARTESIAN_POINT('',(-37.52120327386,6.3085796481,2.2));
#1542 = VECTOR('',#1543,1.);
#1543 = DIRECTION('',(0.,1.,0.));
#1544 = ORIENTED_EDGE('',*,*,#1545,.F.);
#1545 = EDGE_CURVE('',#406,#1538,#1546,.T.);
#1546 = LINE('',#1547,#1548);
#1547 = CARTESIAN_POINT('',(-37.52120327386,5.13,7.9));
#1548 = VECTOR('',#1549,1.);
#1549 = DIRECTION('',(0.,0.,-1.));
#1550 = ORIENTED_EDGE('',*,*,#403,.F.);
#1551 = ORIENTED_EDGE('',*,*,#1552,.T.);
#1552 = EDGE_CURVE('',#404,#1553,#1555,.T.);
#1553 = VERTEX_POINT('',#1554);
#1554 = CARTESIAN_POINT('',(-37.52120327386,4.13,1.2));
#1555 = LINE('',#1556,#1557);
#1556 = CARTESIAN_POINT('',(-37.52120327386,4.13,10.8));
#1557 = VECTOR('',#1558,1.);
#1558 = DIRECTION('',(0.,0.,-1.));
#1559 = ORIENTED_EDGE('',*,*,#1560,.T.);
#1560 = EDGE_CURVE('',#1553,#1512,#1561,.T.);
#1561 = LINE('',#1562,#1563);
#1562 = CARTESIAN_POINT('',(-37.52120327386,4.13,1.2));
#1563 = VECTOR('',#1564,1.);
#1564 = DIRECTION('',(0.,1.,0.));
#1565 = PLANE('',#1566);
#1566 = AXIS2_PLACEMENT_3D('',#1567,#1568,#1569);
#1567 = CARTESIAN_POINT('',(-37.52120327386,11.93,6.));
#1568 = DIRECTION('',(1.,0.,0.));
#1569 = DIRECTION('',(0.,0.,1.));
#1570 = ADVANCED_FACE('',(#1571),#1621,.T.);
#1571 = FACE_BOUND('',#1572,.T.);
#1572 = EDGE_LOOP('',(#1573,#1581,#1589,#1597,#1605,#1613,#1619,#1620));
#1573 = ORIENTED_EDGE('',*,*,#1574,.F.);
#1574 = EDGE_CURVE('',#1575,#455,#1577,.T.);
#1575 = VERTEX_POINT('',#1576);
#1576 = CARTESIAN_POINT('',(-37.52120327388,4.13,6.7));
#1577 = LINE('',#1578,#1579);
#1578 = CARTESIAN_POINT('',(-38.02904840904,4.13,8.615347302294));
#1579 = VECTOR('',#1580,1.);
#1580 = DIRECTION('',(0.256289373133,0.,-0.966600102017));
#1581 = ORIENTED_EDGE('',*,*,#1582,.F.);
#1582 = EDGE_CURVE('',#1583,#1575,#1585,.T.);
#1583 = VERTEX_POINT('',#1584);
#1584 = CARTESIAN_POINT('',(-36.15,4.13,6.7));
#1585 = LINE('',#1586,#1587);
#1586 = CARTESIAN_POINT('',(-18.76060163693,4.13,6.7));
#1587 = VECTOR('',#1588,1.);
#1588 = DIRECTION('',(-1.,0.,0.));
#1589 = ORIENTED_EDGE('',*,*,#1590,.T.);
#1590 = EDGE_CURVE('',#1583,#1591,#1593,.T.);
#1591 = VERTEX_POINT('',#1592);
#1592 = CARTESIAN_POINT('',(-36.15,4.13,2.2));
#1593 = LINE('',#1594,#1595);
#1594 = CARTESIAN_POINT('',(-36.15,4.13,8.75));
#1595 = VECTOR('',#1596,1.);
#1596 = DIRECTION('',(0.,0.,-1.));
#1597 = ORIENTED_EDGE('',*,*,#1598,.F.);
#1598 = EDGE_CURVE('',#1599,#1591,#1601,.T.);
#1599 = VERTEX_POINT('',#1600);
#1600 = CARTESIAN_POINT('',(-33.52120327386,4.13,2.2));
#1601 = LINE('',#1602,#1603);
#1602 = CARTESIAN_POINT('',(-19.57398630966,4.13,2.2));
#1603 = VECTOR('',#1604,1.);
#1604 = DIRECTION('',(-1.,0.,0.));
#1605 = ORIENTED_EDGE('',*,*,#1606,.T.);
#1606 = EDGE_CURVE('',#1599,#1607,#1609,.T.);
#1607 = VERTEX_POINT('',#1608);
#1608 = CARTESIAN_POINT('',(-33.52120327386,4.13,1.2));
#1609 = LINE('',#1610,#1611);
#1610 = CARTESIAN_POINT('',(-33.52120327386,4.13,10.8));
#1611 = VECTOR('',#1612,1.);
#1612 = DIRECTION('',(0.,0.,-1.));
#1613 = ORIENTED_EDGE('',*,*,#1614,.F.);
#1614 = EDGE_CURVE('',#1553,#1607,#1615,.T.);
#1615 = LINE('',#1616,#1617);
#1616 = CARTESIAN_POINT('',(-37.52120327386,4.13,1.2));
#1617 = VECTOR('',#1618,1.);
#1618 = DIRECTION('',(1.,0.,0.));
#1619 = ORIENTED_EDGE('',*,*,#1552,.F.);
#1620 = ORIENTED_EDGE('',*,*,#462,.F.);
#1621 = PLANE('',#1622);
#1622 = AXIS2_PLACEMENT_3D('',#1623,#1624,#1625);
#1623 = CARTESIAN_POINT('',(-37.52120327386,4.13,10.8));
#1624 = DIRECTION('',(0.,1.,0.));
#1625 = DIRECTION('',(0.,0.,-1.));
#1626 = ADVANCED_FACE('',(#1627),#1644,.T.);
#1627 = FACE_BOUND('',#1628,.T.);
#1628 = EDGE_LOOP('',(#1629,#1637,#1638,#1639));
#1629 = ORIENTED_EDGE('',*,*,#1630,.F.);
#1630 = EDGE_CURVE('',#1575,#1631,#1633,.T.);
#1631 = VERTEX_POINT('',#1632);
#1632 = CARTESIAN_POINT('',(-37.5212032739,-36.75000000002,6.7));
#1633 = LINE('',#1634,#1635);
#1634 = CARTESIAN_POINT('',(-37.5212032739,36.75,6.7));
#1635 = VECTOR('',#1636,1.);
#1636 = DIRECTION('',(0.,-1.,0.));
#1637 = ORIENTED_EDGE('',*,*,#1574,.T.);
#1638 = ORIENTED_EDGE('',*,*,#454,.T.);
#1639 = ORIENTED_EDGE('',*,*,#1640,.T.);
#1640 = EDGE_CURVE('',#446,#1631,#1641,.T.);
#1641 = B_SPLINE_CURVE_WITH_KNOTS('',1,(#1642,#1643),.UNSPECIFIED.,.F.,
  .F.,(2,2),(0.,1.),.PIECEWISE_BEZIER_KNOTS.);
#1642 = CARTESIAN_POINT('',(-37.15000000004,-36.75000000002,5.3));
#1643 = CARTESIAN_POINT('',(-37.5212032739,-36.75000000002,6.7));
#1644 = PLANE('',#1645);
#1645 = AXIS2_PLACEMENT_3D('',#1646,#1647,#1648);
#1646 = CARTESIAN_POINT('',(-37.5212032739,36.75,6.7));
#1647 = DIRECTION('',(-0.966600102017,0.,-0.256289373133));
#1648 = DIRECTION('',(0.,-1.,0.));
#1649 = ADVANCED_FACE('',(#1650),#1668,.T.);
#1650 = FACE_BOUND('',#1651,.T.);
#1651 = EDGE_LOOP('',(#1652,#1653,#1660,#1667));
#1652 = ORIENTED_EDGE('',*,*,#445,.T.);
#1653 = ORIENTED_EDGE('',*,*,#1654,.T.);
#1654 = EDGE_CURVE('',#438,#1655,#1657,.T.);
#1655 = VERTEX_POINT('',#1656);
#1656 = CARTESIAN_POINT('',(-27.15000000001,-47.12120327391,6.7));
#1657 = B_SPLINE_CURVE_WITH_KNOTS('',1,(#1658,#1659),.UNSPECIFIED.,.F.,
  .F.,(2,2),(0.,1.),.PIECEWISE_BEZIER_KNOTS.);
#1658 = CARTESIAN_POINT('',(-27.15000000001,-46.75000000005,5.3));
#1659 = CARTESIAN_POINT('',(-27.15000000001,-47.12120327391,6.7));
#1660 = ORIENTED_EDGE('',*,*,#1661,.F.);
#1661 = EDGE_CURVE('',#1631,#1655,#1662,.T.);
#1662 = CIRCLE('',#1663,10.371203273892);
#1663 = AXIS2_PLACEMENT_3D('',#1664,#1665,#1666);
#1664 = CARTESIAN_POINT('',(-27.15000000001,-36.75000000002,6.7));
#1665 = DIRECTION('',(0.,0.,1.));
#1666 = DIRECTION('',(1.,0.,0.));
#1667 = ORIENTED_EDGE('',*,*,#1640,.F.);
#1668 = CONICAL_SURFACE('',#1669,10.000000000027,0.259181393921);
#1669 = AXIS2_PLACEMENT_3D('',#1670,#1671,#1672);
#1670 = CARTESIAN_POINT('',(-27.15000000001,-36.75000000002,5.3));
#1671 = DIRECTION('',(0.,0.,1.));
#1672 = DIRECTION('',(1.,0.,0.));
#1673 = ADVANCED_FACE('',(#1674),#1694,.T.);
#1674 = FACE_BOUND('',#1675,.T.);
#1675 = EDGE_LOOP('',(#1676,#1677,#1678,#1679,#1688));
#1676 = ORIENTED_EDGE('',*,*,#1654,.F.);
#1677 = ORIENTED_EDGE('',*,*,#437,.T.);
#1678 = ORIENTED_EDGE('',*,*,#501,.F.);
#1679 = ORIENTED_EDGE('',*,*,#1680,.F.);
#1680 = EDGE_CURVE('',#1681,#502,#1683,.T.);
#1681 = VERTEX_POINT('',#1682);
#1682 = CARTESIAN_POINT('',(-4.568528137424,-47.12120327391,6.7));
#1683 = ELLIPSE('',#1684,1.13800939779,1.1);
#1684 = AXIS2_PLACEMENT_3D('',#1685,#1686,#1687);
#1685 = CARTESIAN_POINT('',(-3.72,-46.93560163698,6.));
#1686 = DIRECTION('',(-0.,-0.966600102017,-0.256289373133));
#1687 = DIRECTION('',(0.,-0.256289373133,0.966600102017));
#1688 = ORIENTED_EDGE('',*,*,#1689,.F.);
#1689 = EDGE_CURVE('',#1655,#1681,#1690,.T.);
#1690 = LINE('',#1691,#1692);
#1691 = CARTESIAN_POINT('',(-27.15000000001,-47.12120327391,6.7));
#1692 = VECTOR('',#1693,1.);
#1693 = DIRECTION('',(1.,0.,0.));
#1694 = PLANE('',#1695);
#1695 = AXIS2_PLACEMENT_3D('',#1696,#1697,#1698);
#1696 = CARTESIAN_POINT('',(-27.15000000001,-47.12120327391,6.7));
#1697 = DIRECTION('',(0.,-0.966600102017,-0.256289373133));
#1698 = DIRECTION('',(1.,0.,0.));
#1699 = ADVANCED_FACE('',(#1700),#1711,.T.);
#1700 = FACE_BOUND('',#1701,.T.);
#1701 = EDGE_LOOP('',(#1702,#1703,#1704,#1705));
#1702 = ORIENTED_EDGE('',*,*,#1410,.F.);
#1703 = ORIENTED_EDGE('',*,*,#413,.F.);
#1704 = ORIENTED_EDGE('',*,*,#1545,.T.);
#1705 = ORIENTED_EDGE('',*,*,#1706,.F.);
#1706 = EDGE_CURVE('',#1403,#1538,#1707,.T.);
#1707 = LINE('',#1708,#1709);
#1708 = CARTESIAN_POINT('',(-38.35,5.13,2.2));
#1709 = VECTOR('',#1710,1.);
#1710 = DIRECTION('',(1.,0.,0.));
#1711 = PLANE('',#1712);
#1712 = AXIS2_PLACEMENT_3D('',#1713,#1714,#1715);
#1713 = CARTESIAN_POINT('',(-38.35,5.13,9.8));
#1714 = DIRECTION('',(0.,1.,0.));
#1715 = DIRECTION('',(0.,0.,-1.));
#1716 = ADVANCED_FACE('',(#1717),#1728,.F.);
#1717 = FACE_BOUND('',#1718,.F.);
#1718 = EDGE_LOOP('',(#1719,#1725,#1726,#1727));
#1719 = ORIENTED_EDGE('',*,*,#1720,.F.);
#1720 = EDGE_CURVE('',#1453,#1681,#1721,.T.);
#1721 = LINE('',#1722,#1723);
#1722 = CARTESIAN_POINT('',(-4.568528137424,-47.95,6.7));
#1723 = VECTOR('',#1724,1.);
#1724 = DIRECTION('',(0.,-1.,2.2E-16));
#1725 = ORIENTED_EDGE('',*,*,#1496,.T.);
#1726 = ORIENTED_EDGE('',*,*,#509,.F.);
#1727 = ORIENTED_EDGE('',*,*,#1680,.F.);
#1728 = CYLINDRICAL_SURFACE('',#1729,1.1);
#1729 = AXIS2_PLACEMENT_3D('',#1730,#1731,#1732);
#1730 = CARTESIAN_POINT('',(-3.72,-47.95,6.));
#1731 = DIRECTION('',(0.,-1.,2.2E-16));
#1732 = DIRECTION('',(1.,0.,0.));
#1733 = ADVANCED_FACE('',(#1734),#1745,.T.);
#1734 = FACE_BOUND('',#1735,.T.);
#1735 = EDGE_LOOP('',(#1736,#1737,#1738,#1744));
#1736 = ORIENTED_EDGE('',*,*,#617,.F.);
#1737 = ORIENTED_EDGE('',*,*,#677,.T.);
#1738 = ORIENTED_EDGE('',*,*,#1739,.T.);
#1739 = EDGE_CURVE('',#678,#584,#1740,.T.);
#1740 = LINE('',#1741,#1742);
#1741 = CARTESIAN_POINT('',(37.85,36.75,0.5));
#1742 = VECTOR('',#1743,1.);
#1743 = DIRECTION('',(0.707106781187,0.,0.707106781187));
#1744 = ORIENTED_EDGE('',*,*,#591,.F.);
#1745 = PLANE('',#1746);
#1746 = AXIS2_PLACEMENT_3D('',#1747,#1748,#1749);
#1747 = CARTESIAN_POINT('',(37.85,-36.75,0.5));
#1748 = DIRECTION('',(0.707106781187,0.,-0.707106781187));
#1749 = DIRECTION('',(0.,1.,0.));
#1750 = ADVANCED_FACE('',(#1751),#1762,.T.);
#1751 = FACE_BOUND('',#1752,.T.);
#1752 = EDGE_LOOP('',(#1753,#1759,#1760,#1761));
#1753 = ORIENTED_EDGE('',*,*,#1754,.F.);
#1754 = EDGE_CURVE('',#660,#1307,#1755,.T.);
#1755 = LINE('',#1756,#1757);
#1756 = CARTESIAN_POINT('',(-38.35,36.75,1.));
#1757 = VECTOR('',#1758,1.);
#1758 = DIRECTION('',(-0.707106781187,4.E-17,0.707106781187));
#1759 = ORIENTED_EDGE('',*,*,#668,.T.);
#1760 = ORIENTED_EDGE('',*,*,#632,.T.);
#1761 = ORIENTED_EDGE('',*,*,#1306,.F.);
#1762 = PLANE('',#1763);
#1763 = AXIS2_PLACEMENT_3D('',#1764,#1765,#1766);
#1764 = CARTESIAN_POINT('',(-37.85,36.75,0.5));
#1765 = DIRECTION('',(-0.707106781187,0.,-0.707106781187));
#1766 = DIRECTION('',(0.,-1.,0.));
#1767 = ADVANCED_FACE('',(#1768),#1785,.T.);
#1768 = FACE_BOUND('',#1769,.T.);
#1769 = EDGE_LOOP('',(#1770,#1776,#1777,#1778));
#1770 = ORIENTED_EDGE('',*,*,#1771,.F.);
#1771 = EDGE_CURVE('',#658,#1231,#1772,.T.);
#1772 = LINE('',#1773,#1774);
#1773 = CARTESIAN_POINT('',(-27.15,47.95,1.));
#1774 = VECTOR('',#1775,1.);
#1775 = DIRECTION('',(0.,0.707106781187,0.707106781187));
#1776 = ORIENTED_EDGE('',*,*,#657,.T.);
#1777 = ORIENTED_EDGE('',*,*,#1754,.T.);
#1778 = ORIENTED_EDGE('',*,*,#1779,.F.);
#1779 = EDGE_CURVE('',#1231,#1307,#1780,.T.);
#1780 = CIRCLE('',#1781,11.2);
#1781 = AXIS2_PLACEMENT_3D('',#1782,#1783,#1784);
#1782 = CARTESIAN_POINT('',(-27.15,36.75,1.));
#1783 = DIRECTION('',(0.,-0.,1.));
#1784 = DIRECTION('',(0.,1.,0.));
#1785 = CONICAL_SURFACE('',#1786,11.2,0.785398163397);
#1786 = AXIS2_PLACEMENT_3D('',#1787,#1788,#1789);
#1787 = CARTESIAN_POINT('',(-27.15,36.75,1.));
#1788 = DIRECTION('',(0.,0.,1.));
#1789 = DIRECTION('',(0.,1.,0.));
#1790 = ADVANCED_FACE('',(#1791),#1802,.T.);
#1791 = FACE_BOUND('',#1792,.T.);
#1792 = EDGE_LOOP('',(#1793,#1799,#1800,#1801));
#1793 = ORIENTED_EDGE('',*,*,#1794,.F.);
#1794 = EDGE_CURVE('',#686,#1241,#1795,.T.);
#1795 = LINE('',#1796,#1797);
#1796 = CARTESIAN_POINT('',(27.15,47.95,1.));
#1797 = VECTOR('',#1798,1.);
#1798 = DIRECTION('',(4.E-17,0.707106781187,0.707106781187));
#1799 = ORIENTED_EDGE('',*,*,#694,.T.);
#1800 = ORIENTED_EDGE('',*,*,#1771,.T.);
#1801 = ORIENTED_EDGE('',*,*,#1240,.F.);
#1802 = PLANE('',#1803);
#1803 = AXIS2_PLACEMENT_3D('',#1804,#1805,#1806);
#1804 = CARTESIAN_POINT('',(27.15,47.45,0.5));
#1805 = DIRECTION('',(0.,0.707106781187,-0.707106781187));
#1806 = DIRECTION('',(-1.,0.,0.));
#1807 = ADVANCED_FACE('',(#1808),#1814,.T.);
#1808 = FACE_BOUND('',#1809,.T.);
#1809 = EDGE_LOOP('',(#1810,#1811,#1812,#1813));
#1810 = ORIENTED_EDGE('',*,*,#1739,.F.);
#1811 = ORIENTED_EDGE('',*,*,#685,.T.);
#1812 = ORIENTED_EDGE('',*,*,#1794,.T.);
#1813 = ORIENTED_EDGE('',*,*,#1288,.F.);
#1814 = CONICAL_SURFACE('',#1815,11.2,0.785398163397);
#1815 = AXIS2_PLACEMENT_3D('',#1816,#1817,#1818);
#1816 = CARTESIAN_POINT('',(27.15,36.75,1.));
#1817 = DIRECTION('',(0.,0.,1.));
#1818 = DIRECTION('',(1.,0.,0.));
#1819 = ADVANCED_FACE('',(#1820),#1839,.F.);
#1820 = FACE_BOUND('',#1821,.T.);
#1821 = EDGE_LOOP('',(#1822,#1830,#1831,#1832));
#1822 = ORIENTED_EDGE('',*,*,#1823,.F.);
#1823 = EDGE_CURVE('',#703,#1824,#1826,.T.);
#1824 = VERTEX_POINT('',#1825);
#1825 = CARTESIAN_POINT('',(-36.732,-35.482,0.8));
#1826 = LINE('',#1827,#1828);
#1827 = CARTESIAN_POINT('',(-36.732,-35.482,0.));
#1828 = VECTOR('',#1829,1.);
#1829 = DIRECTION('',(0.,0.,1.));
#1830 = ORIENTED_EDGE('',*,*,#702,.T.);
#1831 = ORIENTED_EDGE('',*,*,#1823,.T.);
#1832 = ORIENTED_EDGE('',*,*,#1833,.F.);
#1833 = EDGE_CURVE('',#1824,#1824,#1834,.T.);
#1834 = CIRCLE('',#1835,2.15);
#1835 = AXIS2_PLACEMENT_3D('',#1836,#1837,#1838);
#1836 = CARTESIAN_POINT('',(-34.582,-35.482,0.8));
#1837 = DIRECTION('',(0.,0.,-1.));
#1838 = DIRECTION('',(-1.,0.,0.));
#1839 = CYLINDRICAL_SURFACE('',#1840,2.15);
#1840 = AXIS2_PLACEMENT_3D('',#1841,#1842,#1843);
#1841 = CARTESIAN_POINT('',(-34.582,-35.482,0.));
#1842 = DIRECTION('',(0.,0.,1.));
#1843 = DIRECTION('',(-1.,0.,0.));
#1844 = ADVANCED_FACE('',(#1845),#1864,.F.);
#1845 = FACE_BOUND('',#1846,.T.);
#1846 = EDGE_LOOP('',(#1847,#1855,#1856,#1857));
#1847 = ORIENTED_EDGE('',*,*,#1848,.F.);
#1848 = EDGE_CURVE('',#714,#1849,#1851,.T.);
#1849 = VERTEX_POINT('',#1850);
#1850 = CARTESIAN_POINT('',(30.032,-41.932,0.8));
#1851 = LINE('',#1852,#1853);
#1852 = CARTESIAN_POINT('',(30.032,-41.932,0.));
#1853 = VECTOR('',#1854,1.);
#1854 = DIRECTION('',(0.,0.,1.));
#1855 = ORIENTED_EDGE('',*,*,#713,.T.);
#1856 = ORIENTED_EDGE('',*,*,#1848,.T.);
#1857 = ORIENTED_EDGE('',*,*,#1858,.F.);
#1858 = EDGE_CURVE('',#1849,#1849,#1859,.T.);
#1859 = CIRCLE('',#1860,2.15);
#1860 = AXIS2_PLACEMENT_3D('',#1861,#1862,#1863);
#1861 = CARTESIAN_POINT('',(32.182,-41.932,0.8));
#1862 = DIRECTION('',(0.,0.,-1.));
#1863 = DIRECTION('',(-1.,0.,0.));
#1864 = CYLINDRICAL_SURFACE('',#1865,2.15);
#1865 = AXIS2_PLACEMENT_3D('',#1866,#1867,#1868);
#1866 = CARTESIAN_POINT('',(32.182,-41.932,0.));
#1867 = DIRECTION('',(0.,0.,1.));
#1868 = DIRECTION('',(-1.,0.,0.));
#1869 = ADVANCED_FACE('',(#1870),#1889,.F.);
#1870 = FACE_BOUND('',#1871,.T.);
#1871 = EDGE_LOOP('',(#1872,#1880,#1881,#1882));
#1872 = ORIENTED_EDGE('',*,*,#1873,.F.);
#1873 = EDGE_CURVE('',#725,#1874,#1876,.T.);
#1874 = VERTEX_POINT('',#1875);
#1875 = CARTESIAN_POINT('',(-34.332,41.932,0.8));
#1876 = LINE('',#1877,#1878);
#1877 = CARTESIAN_POINT('',(-34.332,41.932,0.));
#1878 = VECTOR('',#1879,1.);
#1879 = DIRECTION('',(0.,0.,1.));
#1880 = ORIENTED_EDGE('',*,*,#724,.T.);
#1881 = ORIENTED_EDGE('',*,*,#1873,.T.);
#1882 = ORIENTED_EDGE('',*,*,#1883,.F.);
#1883 = EDGE_CURVE('',#1874,#1874,#1884,.T.);
#1884 = CIRCLE('',#1885,2.15);
#1885 = AXIS2_PLACEMENT_3D('',#1886,#1887,#1888);
#1886 = CARTESIAN_POINT('',(-32.182,41.932,0.8));
#1887 = DIRECTION('',(0.,0.,-1.));
#1888 = DIRECTION('',(-1.,0.,0.));
#1889 = CYLINDRICAL_SURFACE('',#1890,2.15);
#1890 = AXIS2_PLACEMENT_3D('',#1891,#1892,#1893);
#1891 = CARTESIAN_POINT('',(-32.182,41.932,0.));
#1892 = DIRECTION('',(0.,0.,1.));
#1893 = DIRECTION('',(-1.,0.,0.));
#1894 = ADVANCED_FACE('',(#1895),#1914,.F.);
#1895 = FACE_BOUND('',#1896,.T.);
#1896 = EDGE_LOOP('',(#1897,#1905,#1906,#1907));
#1897 = ORIENTED_EDGE('',*,*,#1898,.F.);
#1898 = EDGE_CURVE('',#736,#1899,#1901,.T.);
#1899 = VERTEX_POINT('',#1900);
#1900 = CARTESIAN_POINT('',(30.032,41.932,0.8));
#1901 = LINE('',#1902,#1903);
#1902 = CARTESIAN_POINT('',(30.032,41.932,0.));
#1903 = VECTOR('',#1904,1.);
#1904 = DIRECTION('',(0.,0.,1.));
#1905 = ORIENTED_EDGE('',*,*,#735,.T.);
#1906 = ORIENTED_EDGE('',*,*,#1898,.T.);
#1907 = ORIENTED_EDGE('',*,*,#1908,.F.);
#1908 = EDGE_CURVE('',#1899,#1899,#1909,.T.);
#1909 = CIRCLE('',#1910,2.15);
#1910 = AXIS2_PLACEMENT_3D('',#1911,#1912,#1913);
#1911 = CARTESIAN_POINT('',(32.182,41.932,0.8));
#1912 = DIRECTION('',(0.,0.,-1.));
#1913 = DIRECTION('',(-1.,0.,0.));
#1914 = CYLINDRICAL_SURFACE('',#1915,2.15);
#1915 = AXIS2_PLACEMENT_3D('',#1916,#1917,#1918);
#1916 = CARTESIAN_POINT('',(32.182,41.932,0.));
#1917 = DIRECTION('',(0.,0.,1.));
#1918 = DIRECTION('',(-1.,0.,0.));
#1919 = ADVANCED_FACE('',(#1920),#1990,.T.);
#1920 = FACE_BOUND('',#1921,.T.);
#1921 = EDGE_LOOP('',(#1922,#1923,#1924,#1925,#1926,#1927,#1928,#1929,
    #1930,#1938,#1947,#1953,#1954,#1960,#1961,#1967,#1968,#1974,#1975,
    #1983));
#1922 = ORIENTED_EDGE('',*,*,#1484,.F.);
#1923 = ORIENTED_EDGE('',*,*,#1436,.T.);
#1924 = ORIENTED_EDGE('',*,*,#761,.T.);
#1925 = ORIENTED_EDGE('',*,*,#792,.T.);
#1926 = ORIENTED_EDGE('',*,*,#863,.T.);
#1927 = ORIENTED_EDGE('',*,*,#1111,.T.);
#1928 = ORIENTED_EDGE('',*,*,#1147,.T.);
#1929 = ORIENTED_EDGE('',*,*,#1172,.F.);
#1930 = ORIENTED_EDGE('',*,*,#1931,.F.);
#1931 = EDGE_CURVE('',#1932,#1164,#1934,.T.);
#1932 = VERTEX_POINT('',#1933);
#1933 = CARTESIAN_POINT('',(27.15,45.75,6.7));
#1934 = LINE('',#1935,#1936);
#1935 = CARTESIAN_POINT('',(27.15,45.75,6.7));
#1936 = VECTOR('',#1937,1.);
#1937 = DIRECTION('',(-1.,0.,0.));
#1938 = ORIENTED_EDGE('',*,*,#1939,.F.);
#1939 = EDGE_CURVE('',#1940,#1932,#1942,.T.);
#1940 = VERTEX_POINT('',#1941);
#1941 = CARTESIAN_POINT('',(36.15,36.75,6.7));
#1942 = CIRCLE('',#1943,9.);
#1943 = AXIS2_PLACEMENT_3D('',#1944,#1945,#1946);
#1944 = CARTESIAN_POINT('',(27.15,36.75,6.7));
#1945 = DIRECTION('',(0.,0.,1.));
#1946 = DIRECTION('',(1.,0.,0.));
#1947 = ORIENTED_EDGE('',*,*,#1948,.F.);
#1948 = EDGE_CURVE('',#1065,#1940,#1949,.T.);
#1949 = LINE('',#1950,#1951);
#1950 = CARTESIAN_POINT('',(36.15,-36.75,6.7));
#1951 = VECTOR('',#1952,1.);
#1952 = DIRECTION('',(0.,1.,0.));
#1953 = ORIENTED_EDGE('',*,*,#1089,.T.);
#1954 = ORIENTED_EDGE('',*,*,#1955,.F.);
#1955 = EDGE_CURVE('',#1001,#1082,#1956,.T.);
#1956 = LINE('',#1957,#1958);
#1957 = CARTESIAN_POINT('',(37.25,5.965000000001,6.7));
#1958 = VECTOR('',#1959,1.);
#1959 = DIRECTION('',(0.,1.,0.));
#1960 = ORIENTED_EDGE('',*,*,#1000,.T.);
#1961 = ORIENTED_EDGE('',*,*,#1962,.F.);
#1962 = EDGE_CURVE('',#952,#991,#1963,.T.);
#1963 = LINE('',#1964,#1965);
#1964 = CARTESIAN_POINT('',(36.15,-36.75,6.7));
#1965 = VECTOR('',#1966,1.);
#1966 = DIRECTION('',(0.,1.,0.));
#1967 = ORIENTED_EDGE('',*,*,#976,.T.);
#1968 = ORIENTED_EDGE('',*,*,#1969,.F.);
#1969 = EDGE_CURVE('',#888,#969,#1970,.T.);
#1970 = LINE('',#1971,#1972);
#1971 = CARTESIAN_POINT('',(37.25,5.965000000001,6.7));
#1972 = VECTOR('',#1973,1.);
#1973 = DIRECTION('',(0.,1.,0.));
#1974 = ORIENTED_EDGE('',*,*,#887,.T.);
#1975 = ORIENTED_EDGE('',*,*,#1976,.F.);
#1976 = EDGE_CURVE('',#1977,#878,#1979,.T.);
#1977 = VERTEX_POINT('',#1978);
#1978 = CARTESIAN_POINT('',(36.15,-36.75,6.7));
#1979 = LINE('',#1980,#1981);
#1980 = CARTESIAN_POINT('',(36.15,-36.75,6.7));
#1981 = VECTOR('',#1982,1.);
#1982 = DIRECTION('',(0.,1.,0.));
#1983 = ORIENTED_EDGE('',*,*,#1984,.F.);
#1984 = EDGE_CURVE('',#1477,#1977,#1985,.T.);
#1985 = CIRCLE('',#1986,9.);
#1986 = AXIS2_PLACEMENT_3D('',#1987,#1988,#1989);
#1987 = CARTESIAN_POINT('',(27.15,-36.75,6.7));
#1988 = DIRECTION('',(0.,0.,1.));
#1989 = DIRECTION('',(1.,0.,0.));
#1990 = PLANE('',#1991);
#1991 = AXIS2_PLACEMENT_3D('',#1992,#1993,#1994);
#1992 = CARTESIAN_POINT('',(-6.86E-15,0.,6.7));
#1993 = DIRECTION('',(0.,0.,1.));
#1994 = DIRECTION('',(1.,0.,0.));
#1995 = ADVANCED_FACE('',(#1996),#2002,.F.);
#1996 = FACE_BOUND('',#1997,.F.);
#1997 = EDGE_LOOP('',(#1998,#1999,#2000,#2001));
#1998 = ORIENTED_EDGE('',*,*,#1955,.F.);
#1999 = ORIENTED_EDGE('',*,*,#1008,.T.);
#2000 = ORIENTED_EDGE('',*,*,#841,.F.);
#2001 = ORIENTED_EDGE('',*,*,#1081,.T.);
#2002 = PLANE('',#2003);
#2003 = AXIS2_PLACEMENT_3D('',#2004,#2005,#2006);
#2004 = CARTESIAN_POINT('',(37.25,11.930000000002,6.));
#2005 = DIRECTION('',(1.,0.,0.));
#2006 = DIRECTION('',(0.,0.,1.));
#2007 = ADVANCED_FACE('',(#2008),#2014,.F.);
#2008 = FACE_BOUND('',#2009,.F.);
#2009 = EDGE_LOOP('',(#2010,#2011,#2012,#2013));
#2010 = ORIENTED_EDGE('',*,*,#1969,.F.);
#2011 = ORIENTED_EDGE('',*,*,#895,.T.);
#2012 = ORIENTED_EDGE('',*,*,#818,.F.);
#2013 = ORIENTED_EDGE('',*,*,#968,.T.);
#2014 = PLANE('',#2015);
#2015 = AXIS2_PLACEMENT_3D('',#2016,#2017,#2018);
#2016 = CARTESIAN_POINT('',(37.25,11.930000000002,6.));
#2017 = DIRECTION('',(1.,0.,0.));
#2018 = DIRECTION('',(0.,0.,1.));
#2019 = ADVANCED_FACE('',(#2020),#2063,.F.);
#2020 = FACE_BOUND('',#2021,.F.);
#2021 = EDGE_LOOP('',(#2022,#2023,#2031,#2039,#2045,#2046,#2047,#2053,
    #2054,#2055,#2056,#2062));
#2022 = ORIENTED_EDGE('',*,*,#1976,.F.);
#2023 = ORIENTED_EDGE('',*,*,#2024,.T.);
#2024 = EDGE_CURVE('',#1977,#2025,#2027,.T.);
#2025 = VERTEX_POINT('',#2026);
#2026 = CARTESIAN_POINT('',(36.15,-36.75,2.2));
#2027 = LINE('',#2028,#2029);
#2028 = CARTESIAN_POINT('',(36.15,-36.75,6.7));
#2029 = VECTOR('',#2030,1.);
#2030 = DIRECTION('',(-0.,-0.,-1.));
#2031 = ORIENTED_EDGE('',*,*,#2032,.T.);
#2032 = EDGE_CURVE('',#2025,#2033,#2035,.T.);
#2033 = VERTEX_POINT('',#2034);
#2034 = CARTESIAN_POINT('',(36.15,36.75,2.2));
#2035 = LINE('',#2036,#2037);
#2036 = CARTESIAN_POINT('',(36.15,-36.75,2.2));
#2037 = VECTOR('',#2038,1.);
#2038 = DIRECTION('',(0.,1.,0.));
#2039 = ORIENTED_EDGE('',*,*,#2040,.F.);
#2040 = EDGE_CURVE('',#1940,#2033,#2041,.T.);
#2041 = LINE('',#2042,#2043);
#2042 = CARTESIAN_POINT('',(36.15,36.75,6.7));
#2043 = VECTOR('',#2044,1.);
#2044 = DIRECTION('',(-0.,-0.,-1.));
#2045 = ORIENTED_EDGE('',*,*,#1948,.F.);
#2046 = ORIENTED_EDGE('',*,*,#1062,.F.);
#2047 = ORIENTED_EDGE('',*,*,#2048,.F.);
#2048 = EDGE_CURVE('',#993,#1063,#2049,.T.);
#2049 = LINE('',#2050,#2051);
#2050 = CARTESIAN_POINT('',(36.15,12.879999999995,3.5));
#2051 = VECTOR('',#2052,1.);
#2052 = DIRECTION('',(0.,1.,0.));
#2053 = ORIENTED_EDGE('',*,*,#990,.F.);
#2054 = ORIENTED_EDGE('',*,*,#1962,.F.);
#2055 = ORIENTED_EDGE('',*,*,#949,.F.);
#2056 = ORIENTED_EDGE('',*,*,#2057,.F.);
#2057 = EDGE_CURVE('',#880,#950,#2058,.T.);
#2058 = LINE('',#2059,#2060);
#2059 = CARTESIAN_POINT('',(36.15,3.98,3.5));
#2060 = VECTOR('',#2061,1.);
#2061 = DIRECTION('',(0.,1.,0.));
#2062 = ORIENTED_EDGE('',*,*,#877,.F.);
#2063 = PLANE('',#2064);
#2064 = AXIS2_PLACEMENT_3D('',#2065,#2066,#2067);
#2065 = CARTESIAN_POINT('',(36.15,-36.75,6.7));
#2066 = DIRECTION('',(1.,0.,0.));
#2067 = DIRECTION('',(0.,1.,0.));
#2068 = ADVANCED_FACE('',(#2069),#2075,.T.);
#2069 = FACE_BOUND('',#2070,.T.);
#2070 = EDGE_LOOP('',(#2071,#2072,#2073,#2074));
#2071 = ORIENTED_EDGE('',*,*,#911,.T.);
#2072 = ORIENTED_EDGE('',*,*,#927,.T.);
#2073 = ORIENTED_EDGE('',*,*,#959,.F.);
#2074 = ORIENTED_EDGE('',*,*,#2057,.F.);
#2075 = PLANE('',#2076);
#2076 = AXIS2_PLACEMENT_3D('',#2077,#2078,#2079);
#2077 = CARTESIAN_POINT('',(36.15,3.98,3.5));
#2078 = DIRECTION('',(0.,0.,1.));
#2079 = DIRECTION('',(0.,1.,0.));
#2080 = ADVANCED_FACE('',(#2081),#2087,.T.);
#2081 = FACE_BOUND('',#2082,.T.);
#2082 = EDGE_LOOP('',(#2083,#2084,#2085,#2086));
#2083 = ORIENTED_EDGE('',*,*,#1024,.T.);
#2084 = ORIENTED_EDGE('',*,*,#1040,.T.);
#2085 = ORIENTED_EDGE('',*,*,#1072,.F.);
#2086 = ORIENTED_EDGE('',*,*,#2048,.F.);
#2087 = PLANE('',#2088);
#2088 = AXIS2_PLACEMENT_3D('',#2089,#2090,#2091);
#2089 = CARTESIAN_POINT('',(36.15,12.879999999995,3.5));
#2090 = DIRECTION('',(0.,0.,1.));
#2091 = DIRECTION('',(0.,1.,0.));
#2092 = ADVANCED_FACE('',(#2093),#2154,.F.);
#2093 = FACE_BOUND('',#2094,.F.);
#2094 = EDGE_LOOP('',(#2095,#2096,#2104,#2112,#2120,#2128,#2137,#2146,
    #2152,#2153));
#2095 = ORIENTED_EDGE('',*,*,#1931,.F.);
#2096 = ORIENTED_EDGE('',*,*,#2097,.T.);
#2097 = EDGE_CURVE('',#1932,#2098,#2100,.T.);
#2098 = VERTEX_POINT('',#2099);
#2099 = CARTESIAN_POINT('',(27.15,45.75,2.2));
#2100 = LINE('',#2101,#2102);
#2101 = CARTESIAN_POINT('',(27.15,45.75,6.7));
#2102 = VECTOR('',#2103,1.);
#2103 = DIRECTION('',(-0.,-0.,-1.));
#2104 = ORIENTED_EDGE('',*,*,#2105,.T.);
#2105 = EDGE_CURVE('',#2098,#2106,#2108,.T.);
#2106 = VERTEX_POINT('',#2107);
#2107 = CARTESIAN_POINT('',(-27.15,45.75,2.2));
#2108 = LINE('',#2109,#2110);
#2109 = CARTESIAN_POINT('',(27.15,45.75,2.2));
#2110 = VECTOR('',#2111,1.);
#2111 = DIRECTION('',(-1.,0.,0.));
#2112 = ORIENTED_EDGE('',*,*,#2113,.F.);
#2113 = EDGE_CURVE('',#2114,#2106,#2116,.T.);
#2114 = VERTEX_POINT('',#2115);
#2115 = CARTESIAN_POINT('',(-27.15,45.75,6.7));
#2116 = LINE('',#2117,#2118);
#2117 = CARTESIAN_POINT('',(-27.15,45.75,6.7));
#2118 = VECTOR('',#2119,1.);
#2119 = DIRECTION('',(-0.,-0.,-1.));
#2120 = ORIENTED_EDGE('',*,*,#2121,.F.);
#2121 = EDGE_CURVE('',#2122,#2114,#2124,.T.);
#2122 = VERTEX_POINT('',#2123);
#2123 = CARTESIAN_POINT('',(5.094500066649,45.75,6.7));
#2124 = LINE('',#2125,#2126);
#2125 = CARTESIAN_POINT('',(27.15,45.75,6.7));
#2126 = VECTOR('',#2127,1.);
#2127 = DIRECTION('',(-1.,0.,0.));
#2128 = ORIENTED_EDGE('',*,*,#2129,.T.);
#2129 = EDGE_CURVE('',#2122,#2130,#2132,.T.);
#2130 = VERTEX_POINT('',#2131);
#2131 = CARTESIAN_POINT('',(9.17,45.75,5.55));
#2132 = CIRCLE('',#2133,2.2);
#2133 = AXIS2_PLACEMENT_3D('',#2134,#2135,#2136);
#2134 = CARTESIAN_POINT('',(6.97,45.75,5.55));
#2135 = DIRECTION('',(0.,-1.,0.));
#2136 = DIRECTION('',(1.,0.,0.));
#2137 = ORIENTED_EDGE('',*,*,#2138,.T.);
#2138 = EDGE_CURVE('',#2130,#2139,#2141,.T.);
#2139 = VERTEX_POINT('',#2140);
#2140 = CARTESIAN_POINT('',(8.845499933351,45.75,6.7));
#2141 = CIRCLE('',#2142,2.2);
#2142 = AXIS2_PLACEMENT_3D('',#2143,#2144,#2145);
#2143 = CARTESIAN_POINT('',(6.97,45.75,5.55));
#2144 = DIRECTION('',(0.,-1.,0.));
#2145 = DIRECTION('',(1.,0.,0.));
#2146 = ORIENTED_EDGE('',*,*,#2147,.F.);
#2147 = EDGE_CURVE('',#1208,#2139,#2148,.T.);
#2148 = LINE('',#2149,#2150);
#2149 = CARTESIAN_POINT('',(27.15,45.75,6.7));
#2150 = VECTOR('',#2151,1.);
#2151 = DIRECTION('',(-1.,0.,0.));
#2152 = ORIENTED_EDGE('',*,*,#1215,.T.);
#2153 = ORIENTED_EDGE('',*,*,#1161,.T.);
#2154 = PLANE('',#2155);
#2155 = AXIS2_PLACEMENT_3D('',#2156,#2157,#2158);
#2156 = CARTESIAN_POINT('',(27.15,45.75,6.7));
#2157 = DIRECTION('',(0.,1.,0.));
#2158 = DIRECTION('',(-1.,0.,0.));
#2159 = ADVANCED_FACE('',(#2160),#2178,.T.);
#2160 = FACE_BOUND('',#2161,.T.);
#2161 = EDGE_LOOP('',(#2162,#2163,#2171,#2177));
#2162 = ORIENTED_EDGE('',*,*,#1256,.T.);
#2163 = ORIENTED_EDGE('',*,*,#2164,.F.);
#2164 = EDGE_CURVE('',#2165,#1257,#2167,.T.);
#2165 = VERTEX_POINT('',#2166);
#2166 = CARTESIAN_POINT('',(9.155749299439,46.750000000027,5.3));
#2167 = LINE('',#2168,#2169);
#2168 = CARTESIAN_POINT('',(9.155749299439,47.95,5.3));
#2169 = VECTOR('',#2170,1.);
#2170 = DIRECTION('',(0.,1.,-2.2E-16));
#2171 = ORIENTED_EDGE('',*,*,#2172,.F.);
#2172 = EDGE_CURVE('',#1191,#2165,#2173,.T.);
#2173 = LINE('',#2174,#2175);
#2174 = CARTESIAN_POINT('',(27.15,46.750000000027,5.3));
#2175 = VECTOR('',#2176,1.);
#2176 = DIRECTION('',(-1.,0.,0.));
#2177 = ORIENTED_EDGE('',*,*,#1190,.T.);
#2178 = PLANE('',#2179);
#2179 = AXIS2_PLACEMENT_3D('',#2180,#2181,#2182);
#2180 = CARTESIAN_POINT('',(-27.15,-36.75,5.3));
#2181 = DIRECTION('',(0.,0.,1.));
#2182 = DIRECTION('',(1.,0.,0.));
#2183 = ADVANCED_FACE('',(#2184),#2212,.T.);
#2184 = FACE_BOUND('',#2185,.T.);
#2185 = EDGE_LOOP('',(#2186,#2187,#2188,#2197,#2206));
#2186 = ORIENTED_EDGE('',*,*,#1198,.F.);
#2187 = ORIENTED_EDGE('',*,*,#2172,.T.);
#2188 = ORIENTED_EDGE('',*,*,#2189,.F.);
#2189 = EDGE_CURVE('',#2190,#2165,#2192,.T.);
#2190 = VERTEX_POINT('',#2191);
#2191 = CARTESIAN_POINT('',(9.17,46.816286298932,5.55));
#2192 = ELLIPSE('',#2193,2.27601879558,2.2);
#2193 = AXIS2_PLACEMENT_3D('',#2194,#2195,#2196);
#2194 = CARTESIAN_POINT('',(6.97,46.816286298932,5.55));
#2195 = DIRECTION('',(0.,0.966600102017,-0.256289373133));
#2196 = DIRECTION('',(0.,0.256289373133,0.966600102017));
#2197 = ORIENTED_EDGE('',*,*,#2198,.F.);
#2198 = EDGE_CURVE('',#2199,#2190,#2201,.T.);
#2199 = VERTEX_POINT('',#2200);
#2200 = CARTESIAN_POINT('',(8.845499933351,47.121203273892,6.7));
#2201 = ELLIPSE('',#2202,2.27601879558,2.2);
#2202 = AXIS2_PLACEMENT_3D('',#2203,#2204,#2205);
#2203 = CARTESIAN_POINT('',(6.97,46.816286298932,5.55));
#2204 = DIRECTION('',(0.,0.966600102017,-0.256289373133));
#2205 = DIRECTION('',(0.,0.256289373133,0.966600102017));
#2206 = ORIENTED_EDGE('',*,*,#2207,.F.);
#2207 = EDGE_CURVE('',#1199,#2199,#2208,.T.);
#2208 = LINE('',#2209,#2210);
#2209 = CARTESIAN_POINT('',(27.15,47.121203273892,6.7));
#2210 = VECTOR('',#2211,1.);
#2211 = DIRECTION('',(-1.,0.,0.));
#2212 = PLANE('',#2213);
#2213 = AXIS2_PLACEMENT_3D('',#2214,#2215,#2216);
#2214 = CARTESIAN_POINT('',(27.15,47.121203273892,6.7));
#2215 = DIRECTION('',(0.,0.966600102017,-0.256289373133));
#2216 = DIRECTION('',(-1.,0.,0.));
#2217 = ADVANCED_FACE('',(#2218),#2229,.T.);
#2218 = FACE_BOUND('',#2219,.T.);
#2219 = EDGE_LOOP('',(#2220,#2221,#2227,#2228));
#2220 = ORIENTED_EDGE('',*,*,#2207,.T.);
#2221 = ORIENTED_EDGE('',*,*,#2222,.F.);
#2222 = EDGE_CURVE('',#2139,#2199,#2223,.T.);
#2223 = LINE('',#2224,#2225);
#2224 = CARTESIAN_POINT('',(8.845499933351,47.95,6.7));
#2225 = VECTOR('',#2226,1.);
#2226 = DIRECTION('',(0.,1.,-2.2E-16));
#2227 = ORIENTED_EDGE('',*,*,#2147,.F.);
#2228 = ORIENTED_EDGE('',*,*,#1207,.T.);
#2229 = PLANE('',#2230);
#2230 = AXIS2_PLACEMENT_3D('',#2231,#2232,#2233);
#2231 = CARTESIAN_POINT('',(-6.86E-15,0.,6.7));
#2232 = DIRECTION('',(0.,0.,1.));
#2233 = DIRECTION('',(1.,0.,0.));
#2234 = ADVANCED_FACE('',(#2235),#2247,.T.);
#2235 = FACE_BOUND('',#2236,.F.);
#2236 = EDGE_LOOP('',(#2237,#2238,#2239,#2240));
#2237 = ORIENTED_EDGE('',*,*,#1314,.F.);
#2238 = ORIENTED_EDGE('',*,*,#1779,.F.);
#2239 = ORIENTED_EDGE('',*,*,#1230,.T.);
#2240 = ORIENTED_EDGE('',*,*,#2241,.T.);
#2241 = EDGE_CURVE('',#1233,#1315,#2242,.T.);
#2242 = CIRCLE('',#2243,11.2);
#2243 = AXIS2_PLACEMENT_3D('',#2244,#2245,#2246);
#2244 = CARTESIAN_POINT('',(-27.15,36.75,5.3));
#2245 = DIRECTION('',(0.,0.,1.));
#2246 = DIRECTION('',(1.,0.,0.));
#2247 = CYLINDRICAL_SURFACE('',#2248,11.2);
#2248 = AXIS2_PLACEMENT_3D('',#2249,#2250,#2251);
#2249 = CARTESIAN_POINT('',(-27.15,36.75,0.));
#2250 = DIRECTION('',(-0.,-0.,-1.));
#2251 = DIRECTION('',(1.,0.,0.));
#2252 = ADVANCED_FACE('',(#2253),#2313,.T.);
#2253 = FACE_BOUND('',#2254,.T.);
#2254 = EDGE_LOOP('',(#2255,#2265,#2271,#2272,#2273,#2274,#2282,#2290,
    #2298,#2306));
#2255 = ORIENTED_EDGE('',*,*,#2256,.F.);
#2256 = EDGE_CURVE('',#2257,#2259,#2261,.T.);
#2257 = VERTEX_POINT('',#2258);
#2258 = CARTESIAN_POINT('',(4.784250700561,46.750000000027,5.3));
#2259 = VERTEX_POINT('',#2260);
#2260 = CARTESIAN_POINT('',(-27.15000000001,46.750000000027,5.3));
#2261 = LINE('',#2262,#2263);
#2262 = CARTESIAN_POINT('',(27.15,46.750000000027,5.3));
#2263 = VECTOR('',#2264,1.);
#2264 = DIRECTION('',(-1.,0.,0.));
#2265 = ORIENTED_EDGE('',*,*,#2266,.T.);
#2266 = EDGE_CURVE('',#2257,#1265,#2267,.T.);
#2267 = LINE('',#2268,#2269);
#2268 = CARTESIAN_POINT('',(4.784250700561,47.95,5.3));
#2269 = VECTOR('',#2270,1.);
#2270 = DIRECTION('',(0.,1.,-2.2E-16));
#2271 = ORIENTED_EDGE('',*,*,#1273,.T.);
#2272 = ORIENTED_EDGE('',*,*,#2241,.T.);
#2273 = ORIENTED_EDGE('',*,*,#1322,.T.);
#2274 = ORIENTED_EDGE('',*,*,#2275,.T.);
#2275 = EDGE_CURVE('',#1323,#2276,#2278,.T.);
#2276 = VERTEX_POINT('',#2277);
#2277 = CARTESIAN_POINT('',(-37.52120327386,30.45,5.3));
#2278 = LINE('',#2279,#2280);
#2279 = CARTESIAN_POINT('',(-32.75,30.45,5.3));
#2280 = VECTOR('',#2281,1.);
#2281 = DIRECTION('',(1.,0.,0.));
#2282 = ORIENTED_EDGE('',*,*,#2283,.T.);
#2283 = EDGE_CURVE('',#2276,#2284,#2286,.T.);
#2284 = VERTEX_POINT('',#2285);
#2285 = CARTESIAN_POINT('',(-37.52120327386,32.25,5.3));
#2286 = LINE('',#2287,#2288);
#2287 = CARTESIAN_POINT('',(-37.52120327386,-4.95,5.3));
#2288 = VECTOR('',#2289,1.);
#2289 = DIRECTION('',(0.,1.,0.));
#2290 = ORIENTED_EDGE('',*,*,#2291,.T.);
#2291 = EDGE_CURVE('',#2284,#2292,#2294,.T.);
#2292 = VERTEX_POINT('',#2293);
#2293 = CARTESIAN_POINT('',(-37.15000000004,32.25,5.3));
#2294 = LINE('',#2295,#2296);
#2295 = CARTESIAN_POINT('',(-32.33560163693,32.25,5.3));
#2296 = VECTOR('',#2297,1.);
#2297 = DIRECTION('',(1.,0.,0.));
#2298 = ORIENTED_EDGE('',*,*,#2299,.F.);
#2299 = EDGE_CURVE('',#2300,#2292,#2302,.T.);
#2300 = VERTEX_POINT('',#2301);
#2301 = CARTESIAN_POINT('',(-37.15000000004,36.75,5.3));
#2302 = LINE('',#2303,#2304);
#2303 = CARTESIAN_POINT('',(-37.15000000004,36.75,5.3));
#2304 = VECTOR('',#2305,1.);
#2305 = DIRECTION('',(0.,-1.,0.));
#2306 = ORIENTED_EDGE('',*,*,#2307,.F.);
#2307 = EDGE_CURVE('',#2259,#2300,#2308,.T.);
#2308 = CIRCLE('',#2309,10.000000000027);
#2309 = AXIS2_PLACEMENT_3D('',#2310,#2311,#2312);
#2310 = CARTESIAN_POINT('',(-27.15000000001,36.75,5.3));
#2311 = DIRECTION('',(0.,0.,1.));
#2312 = DIRECTION('',(1.,0.,0.));
#2313 = PLANE('',#2314);
#2314 = AXIS2_PLACEMENT_3D('',#2315,#2316,#2317);
#2315 = CARTESIAN_POINT('',(-27.15,-36.75,5.3));
#2316 = DIRECTION('',(0.,0.,1.));
#2317 = DIRECTION('',(1.,0.,0.));
#2318 = ADVANCED_FACE('',(#2319),#2344,.F.);
#2319 = FACE_BOUND('',#2320,.T.);
#2320 = EDGE_LOOP('',(#2321,#2322,#2323,#2324,#2325,#2326,#2327,#2328,
    #2337,#2343));
#2321 = ORIENTED_EDGE('',*,*,#2138,.T.);
#2322 = ORIENTED_EDGE('',*,*,#2222,.T.);
#2323 = ORIENTED_EDGE('',*,*,#2198,.T.);
#2324 = ORIENTED_EDGE('',*,*,#2189,.T.);
#2325 = ORIENTED_EDGE('',*,*,#2164,.T.);
#2326 = ORIENTED_EDGE('',*,*,#1264,.F.);
#2327 = ORIENTED_EDGE('',*,*,#2266,.F.);
#2328 = ORIENTED_EDGE('',*,*,#2329,.T.);
#2329 = EDGE_CURVE('',#2257,#2330,#2332,.T.);
#2330 = VERTEX_POINT('',#2331);
#2331 = CARTESIAN_POINT('',(5.094500066649,47.121203273892,6.7));
#2332 = ELLIPSE('',#2333,2.27601879558,2.2);
#2333 = AXIS2_PLACEMENT_3D('',#2334,#2335,#2336);
#2334 = CARTESIAN_POINT('',(6.97,46.816286298932,5.55));
#2335 = DIRECTION('',(0.,0.966600102017,-0.256289373133));
#2336 = DIRECTION('',(0.,0.256289373133,0.966600102017));
#2337 = ORIENTED_EDGE('',*,*,#2338,.F.);
#2338 = EDGE_CURVE('',#2122,#2330,#2339,.T.);
#2339 = LINE('',#2340,#2341);
#2340 = CARTESIAN_POINT('',(5.094500066649,47.95,6.7));
#2341 = VECTOR('',#2342,1.);
#2342 = DIRECTION('',(0.,1.,-2.2E-16));
#2343 = ORIENTED_EDGE('',*,*,#2129,.T.);
#2344 = CYLINDRICAL_SURFACE('',#2345,2.2);
#2345 = AXIS2_PLACEMENT_3D('',#2346,#2347,#2348);
#2346 = CARTESIAN_POINT('',(6.97,47.95,5.55));
#2347 = DIRECTION('',(0.,1.,-2.2E-16));
#2348 = DIRECTION('',(1.,0.,0.));
#2349 = ADVANCED_FACE('',(#2350),#2361,.T.);
#2350 = FACE_BOUND('',#2351,.T.);
#2351 = EDGE_LOOP('',(#2352,#2353,#2354,#2355));
#2352 = ORIENTED_EDGE('',*,*,#1402,.F.);
#2353 = ORIENTED_EDGE('',*,*,#1706,.T.);
#2354 = ORIENTED_EDGE('',*,*,#1537,.T.);
#2355 = ORIENTED_EDGE('',*,*,#2356,.F.);
#2356 = EDGE_CURVE('',#1395,#1530,#2357,.T.);
#2357 = LINE('',#2358,#2359);
#2358 = CARTESIAN_POINT('',(-38.35,9.83,2.2));
#2359 = VECTOR('',#2360,1.);
#2360 = DIRECTION('',(1.,0.,0.));
#2361 = PLANE('',#2362);
#2362 = AXIS2_PLACEMENT_3D('',#2363,#2364,#2365);
#2363 = CARTESIAN_POINT('',(-1.626769345472,0.687159296201,2.2));
#2364 = DIRECTION('',(0.,0.,1.));
#2365 = DIRECTION('',(1.,0.,0.));
#2366 = ADVANCED_FACE('',(#2367),#2385,.T.);
#2367 = FACE_BOUND('',#2368,.T.);
#2368 = EDGE_LOOP('',(#2369,#2370,#2378,#2384));
#2369 = ORIENTED_EDGE('',*,*,#1330,.F.);
#2370 = ORIENTED_EDGE('',*,*,#2371,.T.);
#2371 = EDGE_CURVE('',#1331,#2372,#2374,.T.);
#2372 = VERTEX_POINT('',#2373);
#2373 = CARTESIAN_POINT('',(-37.52120327386,30.45,2.2));
#2374 = LINE('',#2375,#2376);
#2375 = CARTESIAN_POINT('',(-38.35,30.45,2.2));
#2376 = VECTOR('',#2377,1.);
#2377 = DIRECTION('',(1.,0.,0.));
#2378 = ORIENTED_EDGE('',*,*,#2379,.T.);
#2379 = EDGE_CURVE('',#2372,#2276,#2380,.T.);
#2380 = LINE('',#2381,#2382);
#2381 = CARTESIAN_POINT('',(-37.52120327386,30.45,4.1));
#2382 = VECTOR('',#2383,1.);
#2383 = DIRECTION('',(0.,0.,1.));
#2384 = ORIENTED_EDGE('',*,*,#2275,.F.);
#2385 = PLANE('',#2386);
#2386 = AXIS2_PLACEMENT_3D('',#2387,#2388,#2389);
#2387 = CARTESIAN_POINT('',(-38.35,30.45,2.2));
#2388 = DIRECTION('',(0.,-1.,0.));
#2389 = DIRECTION('',(0.,0.,1.));
#2390 = ADVANCED_FACE('',(#2391),#2402,.T.);
#2391 = FACE_BOUND('',#2392,.T.);
#2392 = EDGE_LOOP('',(#2393,#2394,#2395,#2396));
#2393 = ORIENTED_EDGE('',*,*,#1394,.F.);
#2394 = ORIENTED_EDGE('',*,*,#2356,.T.);
#2395 = ORIENTED_EDGE('',*,*,#1529,.T.);
#2396 = ORIENTED_EDGE('',*,*,#2397,.F.);
#2397 = EDGE_CURVE('',#1387,#1522,#2398,.T.);
#2398 = LINE('',#2399,#2400);
#2399 = CARTESIAN_POINT('',(-32.75,9.83,5.3));
#2400 = VECTOR('',#2401,1.);
#2401 = DIRECTION('',(1.,0.,0.));
#2402 = PLANE('',#2403);
#2403 = AXIS2_PLACEMENT_3D('',#2404,#2405,#2406);
#2404 = CARTESIAN_POINT('',(-38.35,9.83,2.2));
#2405 = DIRECTION('',(0.,-1.,0.));
#2406 = DIRECTION('',(0.,0.,1.));
#2407 = ADVANCED_FACE('',(#2408),#2426,.T.);
#2408 = FACE_BOUND('',#2409,.T.);
#2409 = EDGE_LOOP('',(#2410,#2418,#2424,#2425));
#2410 = ORIENTED_EDGE('',*,*,#2411,.T.);
#2411 = EDGE_CURVE('',#1339,#2412,#2414,.T.);
#2412 = VERTEX_POINT('',#2413);
#2413 = CARTESIAN_POINT('',(-37.52120327386,23.25,2.2));
#2414 = LINE('',#2415,#2416);
#2415 = CARTESIAN_POINT('',(-38.35,23.25,2.2));
#2416 = VECTOR('',#2417,1.);
#2417 = DIRECTION('',(1.,0.,0.));
#2418 = ORIENTED_EDGE('',*,*,#2419,.T.);
#2419 = EDGE_CURVE('',#2412,#2372,#2420,.T.);
#2420 = LINE('',#2421,#2422);
#2421 = CARTESIAN_POINT('',(-37.52120327386,13.7685796481,2.2));
#2422 = VECTOR('',#2423,1.);
#2423 = DIRECTION('',(0.,1.,0.));
#2424 = ORIENTED_EDGE('',*,*,#2371,.F.);
#2425 = ORIENTED_EDGE('',*,*,#1338,.F.);
#2426 = PLANE('',#2427);
#2427 = AXIS2_PLACEMENT_3D('',#2428,#2429,#2430);
#2428 = CARTESIAN_POINT('',(-1.626769345472,0.687159296201,2.2));
#2429 = DIRECTION('',(0.,0.,1.));
#2430 = DIRECTION('',(1.,0.,0.));
#2431 = ADVANCED_FACE('',(#2432),#2475,.T.);
#2432 = FACE_BOUND('',#2433,.T.);
#2433 = EDGE_LOOP('',(#2434,#2444,#2450,#2451,#2452,#2453,#2461,#2469));
#2434 = ORIENTED_EDGE('',*,*,#2435,.T.);
#2435 = EDGE_CURVE('',#2436,#2438,#2440,.T.);
#2436 = VERTEX_POINT('',#2437);
#2437 = CARTESIAN_POINT('',(-37.52120327386,13.03,5.3));
#2438 = VERTEX_POINT('',#2439);
#2439 = CARTESIAN_POINT('',(-37.52120327386,14.030000000018,5.3));
#2440 = LINE('',#2441,#2442);
#2441 = CARTESIAN_POINT('',(-37.52120327386,-12.41,5.3));
#2442 = VECTOR('',#2443,1.);
#2443 = DIRECTION('',(0.,1.,0.));
#2444 = ORIENTED_EDGE('',*,*,#2445,.T.);
#2445 = EDGE_CURVE('',#2438,#1379,#2446,.T.);
#2446 = LINE('',#2447,#2448);
#2447 = CARTESIAN_POINT('',(-32.75,14.030000000018,5.3));
#2448 = VECTOR('',#2449,1.);
#2449 = DIRECTION('',(-1.,0.,0.));
#2450 = ORIENTED_EDGE('',*,*,#1386,.T.);
#2451 = ORIENTED_EDGE('',*,*,#2397,.T.);
#2452 = ORIENTED_EDGE('',*,*,#1521,.T.);
#2453 = ORIENTED_EDGE('',*,*,#2454,.T.);
#2454 = EDGE_CURVE('',#1514,#2455,#2457,.T.);
#2455 = VERTEX_POINT('',#2456);
#2456 = CARTESIAN_POINT('',(-37.15000000004,10.83,5.3));
#2457 = LINE('',#2458,#2459);
#2458 = CARTESIAN_POINT('',(-32.33560163693,10.83,5.3));
#2459 = VECTOR('',#2460,1.);
#2460 = DIRECTION('',(1.,0.,0.));
#2461 = ORIENTED_EDGE('',*,*,#2462,.F.);
#2462 = EDGE_CURVE('',#2463,#2455,#2465,.T.);
#2463 = VERTEX_POINT('',#2464);
#2464 = CARTESIAN_POINT('',(-37.15000000004,13.03,5.3));
#2465 = LINE('',#2466,#2467);
#2466 = CARTESIAN_POINT('',(-37.15000000004,36.75,5.3));
#2467 = VECTOR('',#2468,1.);
#2468 = DIRECTION('',(0.,-1.,0.));
#2469 = ORIENTED_EDGE('',*,*,#2470,.T.);
#2470 = EDGE_CURVE('',#2463,#2436,#2471,.T.);
#2471 = LINE('',#2472,#2473);
#2472 = CARTESIAN_POINT('',(-32.33560163693,13.03,5.3));
#2473 = VECTOR('',#2474,1.);
#2474 = DIRECTION('',(-1.,0.,0.));
#2475 = PLANE('',#2476);
#2476 = AXIS2_PLACEMENT_3D('',#2477,#2478,#2479);
#2477 = CARTESIAN_POINT('',(-27.15,-36.75,5.3));
#2478 = DIRECTION('',(0.,0.,1.));
#2479 = DIRECTION('',(1.,0.,0.));
#2480 = ADVANCED_FACE('',(#2481),#2499,.T.);
#2481 = FACE_BOUND('',#2482,.T.);
#2482 = EDGE_LOOP('',(#2483,#2484,#2492,#2498));
#2483 = ORIENTED_EDGE('',*,*,#1346,.F.);
#2484 = ORIENTED_EDGE('',*,*,#2485,.F.);
#2485 = EDGE_CURVE('',#2486,#1347,#2488,.T.);
#2486 = VERTEX_POINT('',#2487);
#2487 = CARTESIAN_POINT('',(-37.52120327386,23.25,5.3));
#2488 = LINE('',#2489,#2490);
#2489 = CARTESIAN_POINT('',(-32.75,23.25,5.3));
#2490 = VECTOR('',#2491,1.);
#2491 = DIRECTION('',(-1.,0.,0.));
#2492 = ORIENTED_EDGE('',*,*,#2493,.T.);
#2493 = EDGE_CURVE('',#2486,#2412,#2494,.T.);
#2494 = LINE('',#2495,#2496);
#2495 = CARTESIAN_POINT('',(-37.52120327386,23.25,7.9));
#2496 = VECTOR('',#2497,1.);
#2497 = DIRECTION('',(0.,0.,-1.));
#2498 = ORIENTED_EDGE('',*,*,#2411,.F.);
#2499 = PLANE('',#2500);
#2500 = AXIS2_PLACEMENT_3D('',#2501,#2502,#2503);
#2501 = CARTESIAN_POINT('',(-38.35,23.25,9.8));
#2502 = DIRECTION('',(0.,1.,0.));
#2503 = DIRECTION('',(0.,0.,-1.));
#2504 = ADVANCED_FACE('',(#2505),#2523,.T.);
#2505 = FACE_BOUND('',#2506,.T.);
#2506 = EDGE_LOOP('',(#2507,#2508,#2509,#2517));
#2507 = ORIENTED_EDGE('',*,*,#1378,.F.);
#2508 = ORIENTED_EDGE('',*,*,#2445,.F.);
#2509 = ORIENTED_EDGE('',*,*,#2510,.T.);
#2510 = EDGE_CURVE('',#2438,#2511,#2513,.T.);
#2511 = VERTEX_POINT('',#2512);
#2512 = CARTESIAN_POINT('',(-37.52120327386,14.030000000018,2.2));
#2513 = LINE('',#2514,#2515);
#2514 = CARTESIAN_POINT('',(-37.52120327386,14.030000000018,7.9));
#2515 = VECTOR('',#2516,1.);
#2516 = DIRECTION('',(0.,0.,-1.));
#2517 = ORIENTED_EDGE('',*,*,#2518,.F.);
#2518 = EDGE_CURVE('',#1371,#2511,#2519,.T.);
#2519 = LINE('',#2520,#2521);
#2520 = CARTESIAN_POINT('',(-38.35,14.030000000018,2.2));
#2521 = VECTOR('',#2522,1.);
#2522 = DIRECTION('',(1.,0.,0.));
#2523 = PLANE('',#2524);
#2524 = AXIS2_PLACEMENT_3D('',#2525,#2526,#2527);
#2525 = CARTESIAN_POINT('',(-38.35,14.030000000018,9.8));
#2526 = DIRECTION('',(0.,1.,0.));
#2527 = DIRECTION('',(0.,0.,-1.));
#2528 = ADVANCED_FACE('',(#2529),#2579,.T.);
#2529 = FACE_BOUND('',#2530,.T.);
#2530 = EDGE_LOOP('',(#2531,#2541,#2547,#2548,#2549,#2557,#2565,#2573));
#2531 = ORIENTED_EDGE('',*,*,#2532,.T.);
#2532 = EDGE_CURVE('',#2533,#2535,#2537,.T.);
#2533 = VERTEX_POINT('',#2534);
#2534 = CARTESIAN_POINT('',(-37.15000000004,21.45,5.3));
#2535 = VERTEX_POINT('',#2536);
#2536 = CARTESIAN_POINT('',(-37.52120327386,21.45,5.3));
#2537 = LINE('',#2538,#2539);
#2538 = CARTESIAN_POINT('',(-32.33560163693,21.45,5.3));
#2539 = VECTOR('',#2540,1.);
#2540 = DIRECTION('',(-1.,0.,0.));
#2541 = ORIENTED_EDGE('',*,*,#2542,.T.);
#2542 = EDGE_CURVE('',#2535,#2486,#2543,.T.);
#2543 = LINE('',#2544,#2545);
#2544 = CARTESIAN_POINT('',(-37.52120327386,-4.95,5.3));
#2545 = VECTOR('',#2546,1.);
#2546 = DIRECTION('',(0.,1.,0.));
#2547 = ORIENTED_EDGE('',*,*,#2485,.T.);
#2548 = ORIENTED_EDGE('',*,*,#1354,.T.);
#2549 = ORIENTED_EDGE('',*,*,#2550,.T.);
#2550 = EDGE_CURVE('',#1355,#2551,#2553,.T.);
#2551 = VERTEX_POINT('',#2552);
#2552 = CARTESIAN_POINT('',(-37.52120327386,18.729999999982,5.3));
#2553 = LINE('',#2554,#2555);
#2554 = CARTESIAN_POINT('',(-32.75,18.729999999982,5.3));
#2555 = VECTOR('',#2556,1.);
#2556 = DIRECTION('',(1.,0.,0.));
#2557 = ORIENTED_EDGE('',*,*,#2558,.T.);
#2558 = EDGE_CURVE('',#2551,#2559,#2561,.T.);
#2559 = VERTEX_POINT('',#2560);
#2560 = CARTESIAN_POINT('',(-37.52120327386,19.73,5.3));
#2561 = LINE('',#2562,#2563);
#2562 = CARTESIAN_POINT('',(-37.52120327386,-12.41,5.3));
#2563 = VECTOR('',#2564,1.);
#2564 = DIRECTION('',(0.,1.,0.));
#2565 = ORIENTED_EDGE('',*,*,#2566,.T.);
#2566 = EDGE_CURVE('',#2559,#2567,#2569,.T.);
#2567 = VERTEX_POINT('',#2568);
#2568 = CARTESIAN_POINT('',(-37.15000000004,19.73,5.3));
#2569 = LINE('',#2570,#2571);
#2570 = CARTESIAN_POINT('',(-32.33560163693,19.73,5.3));
#2571 = VECTOR('',#2572,1.);
#2572 = DIRECTION('',(1.,0.,0.));
#2573 = ORIENTED_EDGE('',*,*,#2574,.F.);
#2574 = EDGE_CURVE('',#2533,#2567,#2575,.T.);
#2575 = LINE('',#2576,#2577);
#2576 = CARTESIAN_POINT('',(-37.15000000004,36.75,5.3));
#2577 = VECTOR('',#2578,1.);
#2578 = DIRECTION('',(0.,-1.,0.));
#2579 = PLANE('',#2580);
#2580 = AXIS2_PLACEMENT_3D('',#2581,#2582,#2583);
#2581 = CARTESIAN_POINT('',(-27.15,-36.75,5.3));
#2582 = DIRECTION('',(0.,0.,1.));
#2583 = DIRECTION('',(1.,0.,0.));
#2584 = ADVANCED_FACE('',(#2585),#2603,.T.);
#2585 = FACE_BOUND('',#2586,.T.);
#2586 = EDGE_LOOP('',(#2587,#2588,#2596,#2602));
#2587 = ORIENTED_EDGE('',*,*,#2518,.T.);
#2588 = ORIENTED_EDGE('',*,*,#2589,.T.);
#2589 = EDGE_CURVE('',#2511,#2590,#2592,.T.);
#2590 = VERTEX_POINT('',#2591);
#2591 = CARTESIAN_POINT('',(-37.52120327386,18.729999999982,2.2));
#2592 = LINE('',#2593,#2594);
#2593 = CARTESIAN_POINT('',(-37.52120327386,6.3085796481,2.2));
#2594 = VECTOR('',#2595,1.);
#2595 = DIRECTION('',(0.,1.,0.));
#2596 = ORIENTED_EDGE('',*,*,#2597,.F.);
#2597 = EDGE_CURVE('',#1363,#2590,#2598,.T.);
#2598 = LINE('',#2599,#2600);
#2599 = CARTESIAN_POINT('',(-38.35,18.729999999982,2.2));
#2600 = VECTOR('',#2601,1.);
#2601 = DIRECTION('',(1.,0.,0.));
#2602 = ORIENTED_EDGE('',*,*,#1370,.F.);
#2603 = PLANE('',#2604);
#2604 = AXIS2_PLACEMENT_3D('',#2605,#2606,#2607);
#2605 = CARTESIAN_POINT('',(-1.626769345472,0.687159296201,2.2));
#2606 = DIRECTION('',(0.,0.,1.));
#2607 = DIRECTION('',(1.,0.,0.));
#2608 = ADVANCED_FACE('',(#2609),#2620,.T.);
#2609 = FACE_BOUND('',#2610,.T.);
#2610 = EDGE_LOOP('',(#2611,#2612,#2613,#2619));
#2611 = ORIENTED_EDGE('',*,*,#1362,.F.);
#2612 = ORIENTED_EDGE('',*,*,#2597,.T.);
#2613 = ORIENTED_EDGE('',*,*,#2614,.T.);
#2614 = EDGE_CURVE('',#2590,#2551,#2615,.T.);
#2615 = LINE('',#2616,#2617);
#2616 = CARTESIAN_POINT('',(-37.52120327386,18.729999999982,4.1));
#2617 = VECTOR('',#2618,1.);
#2618 = DIRECTION('',(0.,0.,1.));
#2619 = ORIENTED_EDGE('',*,*,#2550,.F.);
#2620 = PLANE('',#2621);
#2621 = AXIS2_PLACEMENT_3D('',#2622,#2623,#2624);
#2622 = CARTESIAN_POINT('',(-38.35,18.729999999982,2.2));
#2623 = DIRECTION('',(0.,-1.,0.));
#2624 = DIRECTION('',(0.,0.,1.));
#2625 = ADVANCED_FACE('',(#2626),#2649,.T.);
#2626 = FACE_BOUND('',#2627,.T.);
#2627 = EDGE_LOOP('',(#2628,#2636,#2637,#2638,#2639,#2640,#2641,#2642));
#2628 = ORIENTED_EDGE('',*,*,#2629,.F.);
#2629 = EDGE_CURVE('',#1583,#2630,#2632,.T.);
#2630 = VERTEX_POINT('',#2631);
#2631 = CARTESIAN_POINT('',(-36.15,-36.75,6.7));
#2632 = LINE('',#2633,#2634);
#2633 = CARTESIAN_POINT('',(-36.15,36.75,6.7));
#2634 = VECTOR('',#2635,1.);
#2635 = DIRECTION('',(0.,-1.,0.));
#2636 = ORIENTED_EDGE('',*,*,#1582,.T.);
#2637 = ORIENTED_EDGE('',*,*,#1630,.T.);
#2638 = ORIENTED_EDGE('',*,*,#1661,.T.);
#2639 = ORIENTED_EDGE('',*,*,#1689,.T.);
#2640 = ORIENTED_EDGE('',*,*,#1720,.F.);
#2641 = ORIENTED_EDGE('',*,*,#1450,.F.);
#2642 = ORIENTED_EDGE('',*,*,#2643,.F.);
#2643 = EDGE_CURVE('',#2630,#1451,#2644,.T.);
#2644 = CIRCLE('',#2645,9.);
#2645 = AXIS2_PLACEMENT_3D('',#2646,#2647,#2648);
#2646 = CARTESIAN_POINT('',(-27.15,-36.75,6.7));
#2647 = DIRECTION('',(0.,0.,1.));
#2648 = DIRECTION('',(1.,0.,0.));
#2649 = PLANE('',#2650);
#2650 = AXIS2_PLACEMENT_3D('',#2651,#2652,#2653);
#2651 = CARTESIAN_POINT('',(-6.86E-15,0.,6.7));
#2652 = DIRECTION('',(0.,0.,1.));
#2653 = DIRECTION('',(1.,0.,0.));
#2654 = ADVANCED_FACE('',(#2655),#2667,.F.);
#2655 = FACE_BOUND('',#2656,.F.);
#2656 = EDGE_LOOP('',(#2657,#2658,#2665,#2666));
#2657 = ORIENTED_EDGE('',*,*,#1476,.T.);
#2658 = ORIENTED_EDGE('',*,*,#2659,.T.);
#2659 = EDGE_CURVE('',#1469,#2025,#2660,.T.);
#2660 = CIRCLE('',#2661,9.);
#2661 = AXIS2_PLACEMENT_3D('',#2662,#2663,#2664);
#2662 = CARTESIAN_POINT('',(27.15,-36.75,2.2));
#2663 = DIRECTION('',(0.,0.,1.));
#2664 = DIRECTION('',(1.,0.,0.));
#2665 = ORIENTED_EDGE('',*,*,#2024,.F.);
#2666 = ORIENTED_EDGE('',*,*,#1984,.F.);
#2667 = CYLINDRICAL_SURFACE('',#2668,9.);
#2668 = AXIS2_PLACEMENT_3D('',#2669,#2670,#2671);
#2669 = CARTESIAN_POINT('',(27.15,-36.75,6.7));
#2670 = DIRECTION('',(0.,0.,1.));
#2671 = DIRECTION('',(1.,0.,0.));
#2672 = ADVANCED_FACE('',(#2673,#2797,#2808,#2819,#2830),#2841,.T.);
#2673 = FACE_BOUND('',#2674,.T.);
#2674 = EDGE_LOOP('',(#2675,#2676,#2684,#2691,#2692,#2693,#2694,#2701,
    #2702,#2711,#2719,#2727,#2735,#2743,#2751,#2759,#2767,#2775,#2783,
    #2791));
#2675 = ORIENTED_EDGE('',*,*,#1598,.T.);
#2676 = ORIENTED_EDGE('',*,*,#2677,.T.);
#2677 = EDGE_CURVE('',#1591,#2678,#2680,.T.);
#2678 = VERTEX_POINT('',#2679);
#2679 = CARTESIAN_POINT('',(-36.15,-36.75,2.2));
#2680 = LINE('',#2681,#2682);
#2681 = CARTESIAN_POINT('',(-36.15,36.75,2.2));
#2682 = VECTOR('',#2683,1.);
#2683 = DIRECTION('',(0.,-1.,0.));
#2684 = ORIENTED_EDGE('',*,*,#2685,.T.);
#2685 = EDGE_CURVE('',#2678,#1461,#2686,.T.);
#2686 = CIRCLE('',#2687,9.);
#2687 = AXIS2_PLACEMENT_3D('',#2688,#2689,#2690);
#2688 = CARTESIAN_POINT('',(-27.15,-36.75,2.2));
#2689 = DIRECTION('',(0.,0.,1.));
#2690 = DIRECTION('',(1.,0.,0.));
#2691 = ORIENTED_EDGE('',*,*,#1468,.T.);
#2692 = ORIENTED_EDGE('',*,*,#2659,.T.);
#2693 = ORIENTED_EDGE('',*,*,#2032,.T.);
#2694 = ORIENTED_EDGE('',*,*,#2695,.T.);
#2695 = EDGE_CURVE('',#2033,#2098,#2696,.T.);
#2696 = CIRCLE('',#2697,9.);
#2697 = AXIS2_PLACEMENT_3D('',#2698,#2699,#2700);
#2698 = CARTESIAN_POINT('',(27.15,36.75,2.2));
#2699 = DIRECTION('',(0.,0.,1.));
#2700 = DIRECTION('',(1.,0.,0.));
#2701 = ORIENTED_EDGE('',*,*,#2105,.T.);
#2702 = ORIENTED_EDGE('',*,*,#2703,.T.);
#2703 = EDGE_CURVE('',#2106,#2704,#2706,.T.);
#2704 = VERTEX_POINT('',#2705);
#2705 = CARTESIAN_POINT('',(-36.15,36.75,2.2));
#2706 = CIRCLE('',#2707,9.);
#2707 = AXIS2_PLACEMENT_3D('',#2708,#2709,#2710);
#2708 = CARTESIAN_POINT('',(-27.15,36.75,2.2));
#2709 = DIRECTION('',(0.,0.,1.));
#2710 = DIRECTION('',(1.,0.,0.));
#2711 = ORIENTED_EDGE('',*,*,#2712,.T.);
#2712 = EDGE_CURVE('',#2704,#2713,#2715,.T.);
#2713 = VERTEX_POINT('',#2714);
#2714 = CARTESIAN_POINT('',(-36.15,32.25,2.2));
#2715 = LINE('',#2716,#2717);
#2716 = CARTESIAN_POINT('',(-36.15,36.75,2.2));
#2717 = VECTOR('',#2718,1.);
#2718 = DIRECTION('',(0.,-1.,0.));
#2719 = ORIENTED_EDGE('',*,*,#2720,.T.);
#2720 = EDGE_CURVE('',#2713,#2721,#2723,.T.);
#2721 = VERTEX_POINT('',#2722);
#2722 = CARTESIAN_POINT('',(-35.72120327386,32.25,2.2));
#2723 = LINE('',#2724,#2725);
#2724 = CARTESIAN_POINT('',(-19.57398630966,32.25,2.2));
#2725 = VECTOR('',#2726,1.);
#2726 = DIRECTION('',(1.,0.,0.));
#2727 = ORIENTED_EDGE('',*,*,#2728,.F.);
#2728 = EDGE_CURVE('',#2729,#2721,#2731,.T.);
#2729 = VERTEX_POINT('',#2730);
#2730 = CARTESIAN_POINT('',(-35.72120327386,21.45,2.2));
#2731 = LINE('',#2732,#2733);
#2732 = CARTESIAN_POINT('',(-35.72120327386,13.7685796481,2.2));
#2733 = VECTOR('',#2734,1.);
#2734 = DIRECTION('',(0.,1.,0.));
#2735 = ORIENTED_EDGE('',*,*,#2736,.T.);
#2736 = EDGE_CURVE('',#2729,#2737,#2739,.T.);
#2737 = VERTEX_POINT('',#2738);
#2738 = CARTESIAN_POINT('',(-36.15,21.45,2.2));
#2739 = LINE('',#2740,#2741);
#2740 = CARTESIAN_POINT('',(-19.57398630966,21.45,2.2));
#2741 = VECTOR('',#2742,1.);
#2742 = DIRECTION('',(-1.,0.,0.));
#2743 = ORIENTED_EDGE('',*,*,#2744,.T.);
#2744 = EDGE_CURVE('',#2737,#2745,#2747,.T.);
#2745 = VERTEX_POINT('',#2746);
#2746 = CARTESIAN_POINT('',(-36.15,19.73,2.2));
#2747 = LINE('',#2748,#2749);
#2748 = CARTESIAN_POINT('',(-36.15,36.75,2.2));
#2749 = VECTOR('',#2750,1.);
#2750 = DIRECTION('',(0.,-1.,0.));
#2751 = ORIENTED_EDGE('',*,*,#2752,.T.);
#2752 = EDGE_CURVE('',#2745,#2753,#2755,.T.);
#2753 = VERTEX_POINT('',#2754);
#2754 = CARTESIAN_POINT('',(-33.52120327386,19.73,2.2));
#2755 = LINE('',#2756,#2757);
#2756 = CARTESIAN_POINT('',(-19.57398630966,19.73,2.2));
#2757 = VECTOR('',#2758,1.);
#2758 = DIRECTION('',(1.,0.,0.));
#2759 = ORIENTED_EDGE('',*,*,#2760,.F.);
#2760 = EDGE_CURVE('',#2761,#2753,#2763,.T.);
#2761 = VERTEX_POINT('',#2762);
#2762 = CARTESIAN_POINT('',(-33.52120327386,13.03,2.2));
#2763 = LINE('',#2764,#2765);
#2764 = CARTESIAN_POINT('',(-33.52120327386,6.3085796481,2.2));
#2765 = VECTOR('',#2766,1.);
#2766 = DIRECTION('',(0.,1.,0.));
#2767 = ORIENTED_EDGE('',*,*,#2768,.T.);
#2768 = EDGE_CURVE('',#2761,#2769,#2771,.T.);
#2769 = VERTEX_POINT('',#2770);
#2770 = CARTESIAN_POINT('',(-36.15,13.03,2.2));
#2771 = LINE('',#2772,#2773);
#2772 = CARTESIAN_POINT('',(-19.57398630966,13.03,2.2));
#2773 = VECTOR('',#2774,1.);
#2774 = DIRECTION('',(-1.,0.,0.));
#2775 = ORIENTED_EDGE('',*,*,#2776,.T.);
#2776 = EDGE_CURVE('',#2769,#2777,#2779,.T.);
#2777 = VERTEX_POINT('',#2778);
#2778 = CARTESIAN_POINT('',(-36.15,10.83,2.2));
#2779 = LINE('',#2780,#2781);
#2780 = CARTESIAN_POINT('',(-36.15,36.75,2.2));
#2781 = VECTOR('',#2782,1.);
#2782 = DIRECTION('',(0.,-1.,0.));
#2783 = ORIENTED_EDGE('',*,*,#2784,.T.);
#2784 = EDGE_CURVE('',#2777,#2785,#2787,.T.);
#2785 = VERTEX_POINT('',#2786);
#2786 = CARTESIAN_POINT('',(-33.52120327386,10.83,2.2));
#2787 = LINE('',#2788,#2789);
#2788 = CARTESIAN_POINT('',(-19.57398630966,10.83,2.2));
#2789 = VECTOR('',#2790,1.);
#2790 = DIRECTION('',(1.,0.,0.));
#2791 = ORIENTED_EDGE('',*,*,#2792,.F.);
#2792 = EDGE_CURVE('',#1599,#2785,#2793,.T.);
#2793 = LINE('',#2794,#2795);
#2794 = CARTESIAN_POINT('',(-33.52120327386,6.3085796481,2.2));
#2795 = VECTOR('',#2796,1.);
#2796 = DIRECTION('',(0.,1.,0.));
#2797 = FACE_BOUND('',#2798,.T.);
#2798 = EDGE_LOOP('',(#2799));
#2799 = ORIENTED_EDGE('',*,*,#2800,.F.);
#2800 = EDGE_CURVE('',#2801,#2801,#2803,.T.);
#2801 = VERTEX_POINT('',#2802);
#2802 = CARTESIAN_POINT('',(-35.782,-35.482,2.2));
#2803 = CIRCLE('',#2804,1.2);
#2804 = AXIS2_PLACEMENT_3D('',#2805,#2806,#2807);
#2805 = CARTESIAN_POINT('',(-34.582,-35.482,2.2));
#2806 = DIRECTION('',(0.,0.,1.));
#2807 = DIRECTION('',(-1.,0.,0.));
#2808 = FACE_BOUND('',#2809,.T.);
#2809 = EDGE_LOOP('',(#2810));
#2810 = ORIENTED_EDGE('',*,*,#2811,.F.);
#2811 = EDGE_CURVE('',#2812,#2812,#2814,.T.);
#2812 = VERTEX_POINT('',#2813);
#2813 = CARTESIAN_POINT('',(30.982,-41.932,2.2));
#2814 = CIRCLE('',#2815,1.2);
#2815 = AXIS2_PLACEMENT_3D('',#2816,#2817,#2818);
#2816 = CARTESIAN_POINT('',(32.182,-41.932,2.2));
#2817 = DIRECTION('',(0.,0.,1.));
#2818 = DIRECTION('',(-1.,0.,0.));
#2819 = FACE_BOUND('',#2820,.T.);
#2820 = EDGE_LOOP('',(#2821));
#2821 = ORIENTED_EDGE('',*,*,#2822,.F.);
#2822 = EDGE_CURVE('',#2823,#2823,#2825,.T.);
#2823 = VERTEX_POINT('',#2824);
#2824 = CARTESIAN_POINT('',(-33.382,41.932,2.2));
#2825 = CIRCLE('',#2826,1.2);
#2826 = AXIS2_PLACEMENT_3D('',#2827,#2828,#2829);
#2827 = CARTESIAN_POINT('',(-32.182,41.932,2.2));
#2828 = DIRECTION('',(0.,0.,1.));
#2829 = DIRECTION('',(-1.,0.,0.));
#2830 = FACE_BOUND('',#2831,.T.);
#2831 = EDGE_LOOP('',(#2832));
#2832 = ORIENTED_EDGE('',*,*,#2833,.F.);
#2833 = EDGE_CURVE('',#2834,#2834,#2836,.T.);
#2834 = VERTEX_POINT('',#2835);
#2835 = CARTESIAN_POINT('',(30.982,41.932,2.2));
#2836 = CIRCLE('',#2837,1.2);
#2837 = AXIS2_PLACEMENT_3D('',#2838,#2839,#2840);
#2838 = CARTESIAN_POINT('',(32.182,41.932,2.2));
#2839 = DIRECTION('',(0.,0.,1.));
#2840 = DIRECTION('',(-1.,0.,0.));
#2841 = PLANE('',#2842);
#2842 = AXIS2_PLACEMENT_3D('',#2843,#2844,#2845);
#2843 = CARTESIAN_POINT('',(-1.626769345472,0.687159296201,2.2));
#2844 = DIRECTION('',(0.,0.,1.));
#2845 = DIRECTION('',(1.,0.,0.));
#2846 = ADVANCED_FACE('',(#2847),#2858,.F.);
#2847 = FACE_BOUND('',#2848,.F.);
#2848 = EDGE_LOOP('',(#2849,#2855,#2856,#2857));
#2849 = ORIENTED_EDGE('',*,*,#2850,.T.);
#2850 = EDGE_CURVE('',#2630,#2678,#2851,.T.);
#2851 = LINE('',#2852,#2853);
#2852 = CARTESIAN_POINT('',(-36.15,-36.75,6.7));
#2853 = VECTOR('',#2854,1.);
#2854 = DIRECTION('',(-0.,-0.,-1.));
#2855 = ORIENTED_EDGE('',*,*,#2685,.T.);
#2856 = ORIENTED_EDGE('',*,*,#1460,.F.);
#2857 = ORIENTED_EDGE('',*,*,#2643,.F.);
#2858 = CYLINDRICAL_SURFACE('',#2859,9.);
#2859 = AXIS2_PLACEMENT_3D('',#2860,#2861,#2862);
#2860 = CARTESIAN_POINT('',(-27.15,-36.75,6.7));
#2861 = DIRECTION('',(0.,0.,1.));
#2862 = DIRECTION('',(1.,0.,0.));
#2863 = ADVANCED_FACE('',(#2864),#2905,.T.);
#2864 = FACE_BOUND('',#2865,.T.);
#2865 = EDGE_LOOP('',(#2866,#2867,#2875,#2881,#2882,#2890,#2898,#2904));
#2866 = ORIENTED_EDGE('',*,*,#1511,.F.);
#2867 = ORIENTED_EDGE('',*,*,#2868,.T.);
#2868 = EDGE_CURVE('',#1512,#2869,#2871,.T.);
#2869 = VERTEX_POINT('',#2870);
#2870 = CARTESIAN_POINT('',(-33.52120327386,10.83,1.2));
#2871 = LINE('',#2872,#2873);
#2872 = CARTESIAN_POINT('',(-37.52120327386,10.83,1.2));
#2873 = VECTOR('',#2874,1.);
#2874 = DIRECTION('',(1.,0.,0.));
#2875 = ORIENTED_EDGE('',*,*,#2876,.T.);
#2876 = EDGE_CURVE('',#2869,#2785,#2877,.T.);
#2877 = LINE('',#2878,#2879);
#2878 = CARTESIAN_POINT('',(-33.52120327386,10.83,1.2));
#2879 = VECTOR('',#2880,1.);
#2880 = DIRECTION('',(0.,0.,1.));
#2881 = ORIENTED_EDGE('',*,*,#2784,.F.);
#2882 = ORIENTED_EDGE('',*,*,#2883,.T.);
#2883 = EDGE_CURVE('',#2777,#2884,#2886,.T.);
#2884 = VERTEX_POINT('',#2885);
#2885 = CARTESIAN_POINT('',(-36.15,10.83,6.7));
#2886 = LINE('',#2887,#2888);
#2887 = CARTESIAN_POINT('',(-36.15,10.83,3.95));
#2888 = VECTOR('',#2889,1.);
#2889 = DIRECTION('',(0.,0.,1.));
#2890 = ORIENTED_EDGE('',*,*,#2891,.F.);
#2891 = EDGE_CURVE('',#2892,#2884,#2894,.T.);
#2892 = VERTEX_POINT('',#2893);
#2893 = CARTESIAN_POINT('',(-37.52120327388,10.83,6.7));
#2894 = LINE('',#2895,#2896);
#2895 = CARTESIAN_POINT('',(-18.76060163693,10.83,6.7));
#2896 = VECTOR('',#2897,1.);
#2897 = DIRECTION('',(1.,0.,0.));
#2898 = ORIENTED_EDGE('',*,*,#2899,.F.);
#2899 = EDGE_CURVE('',#2455,#2892,#2900,.T.);
#2900 = LINE('',#2901,#2902);
#2901 = CARTESIAN_POINT('',(-36.8399476048,10.83,4.130631667643));
#2902 = VECTOR('',#2903,1.);
#2903 = DIRECTION('',(-0.256289373133,0.,0.966600102017));
#2904 = ORIENTED_EDGE('',*,*,#2454,.F.);
#2905 = PLANE('',#2906);
#2906 = AXIS2_PLACEMENT_3D('',#2907,#2908,#2909);
#2907 = CARTESIAN_POINT('',(-37.52120327386,10.83,1.2));
#2908 = DIRECTION('',(0.,-1.,0.));
#2909 = DIRECTION('',(0.,0.,1.));
#2910 = ADVANCED_FACE('',(#2911),#2922,.T.);
#2911 = FACE_BOUND('',#2912,.T.);
#2912 = EDGE_LOOP('',(#2913,#2914,#2920,#2921));
#2913 = ORIENTED_EDGE('',*,*,#1614,.T.);
#2914 = ORIENTED_EDGE('',*,*,#2915,.T.);
#2915 = EDGE_CURVE('',#1607,#2869,#2916,.T.);
#2916 = LINE('',#2917,#2918);
#2917 = CARTESIAN_POINT('',(-33.52120327386,4.13,1.2));
#2918 = VECTOR('',#2919,1.);
#2919 = DIRECTION('',(0.,1.,0.));
#2920 = ORIENTED_EDGE('',*,*,#2868,.F.);
#2921 = ORIENTED_EDGE('',*,*,#1560,.F.);
#2922 = PLANE('',#2923);
#2923 = AXIS2_PLACEMENT_3D('',#2924,#2925,#2926);
#2924 = CARTESIAN_POINT('',(-37.52120327386,4.13,1.2));
#2925 = DIRECTION('',(0.,0.,1.));
#2926 = DIRECTION('',(0.,1.,0.));
#2927 = ADVANCED_FACE('',(#2928),#2934,.F.);
#2928 = FACE_BOUND('',#2929,.F.);
#2929 = EDGE_LOOP('',(#2930,#2931,#2932,#2933));
#2930 = ORIENTED_EDGE('',*,*,#2876,.T.);
#2931 = ORIENTED_EDGE('',*,*,#2792,.F.);
#2932 = ORIENTED_EDGE('',*,*,#1606,.T.);
#2933 = ORIENTED_EDGE('',*,*,#2915,.T.);
#2934 = PLANE('',#2935);
#2935 = AXIS2_PLACEMENT_3D('',#2936,#2937,#2938);
#2936 = CARTESIAN_POINT('',(-33.52120327386,11.93,6.));
#2937 = DIRECTION('',(1.,0.,0.));
#2938 = DIRECTION('',(0.,0.,1.));
#2939 = ADVANCED_FACE('',(#2940),#2946,.F.);
#2940 = FACE_BOUND('',#2941,.F.);
#2941 = EDGE_LOOP('',(#2942,#2943,#2944,#2945));
#2942 = ORIENTED_EDGE('',*,*,#2629,.F.);
#2943 = ORIENTED_EDGE('',*,*,#1590,.T.);
#2944 = ORIENTED_EDGE('',*,*,#2677,.T.);
#2945 = ORIENTED_EDGE('',*,*,#2850,.F.);
#2946 = PLANE('',#2947);
#2947 = AXIS2_PLACEMENT_3D('',#2948,#2949,#2950);
#2948 = CARTESIAN_POINT('',(-36.15,36.75,6.7));
#2949 = DIRECTION('',(-1.,0.,0.));
#2950 = DIRECTION('',(0.,-1.,0.));
#2951 = ADVANCED_FACE('',(#2952,#2955),#2966,.F.);
#2952 = FACE_BOUND('',#2953,.T.);
#2953 = EDGE_LOOP('',(#2954));
#2954 = ORIENTED_EDGE('',*,*,#1833,.T.);
#2955 = FACE_BOUND('',#2956,.T.);
#2956 = EDGE_LOOP('',(#2957));
#2957 = ORIENTED_EDGE('',*,*,#2958,.F.);
#2958 = EDGE_CURVE('',#2959,#2959,#2961,.T.);
#2959 = VERTEX_POINT('',#2960);
#2960 = CARTESIAN_POINT('',(-35.782,-35.482,0.8));
#2961 = CIRCLE('',#2962,1.2);
#2962 = AXIS2_PLACEMENT_3D('',#2963,#2964,#2965);
#2963 = CARTESIAN_POINT('',(-34.582,-35.482,0.8));
#2964 = DIRECTION('',(0.,0.,-1.));
#2965 = DIRECTION('',(-1.,0.,0.));
#2966 = PLANE('',#2967);
#2967 = AXIS2_PLACEMENT_3D('',#2968,#2969,#2970);
#2968 = CARTESIAN_POINT('',(-34.582,-35.482,0.8));
#2969 = DIRECTION('',(0.,0.,1.));
#2970 = DIRECTION('',(1.,0.,0.));
#2971 = ADVANCED_FACE('',(#2972,#2975),#2986,.F.);
#2972 = FACE_BOUND('',#2973,.T.);
#2973 = EDGE_LOOP('',(#2974));
#2974 = ORIENTED_EDGE('',*,*,#1858,.T.);
#2975 = FACE_BOUND('',#2976,.T.);
#2976 = EDGE_LOOP('',(#2977));
#2977 = ORIENTED_EDGE('',*,*,#2978,.F.);
#2978 = EDGE_CURVE('',#2979,#2979,#2981,.T.);
#2979 = VERTEX_POINT('',#2980);
#2980 = CARTESIAN_POINT('',(30.982,-41.932,0.8));
#2981 = CIRCLE('',#2982,1.2);
#2982 = AXIS2_PLACEMENT_3D('',#2983,#2984,#2985);
#2983 = CARTESIAN_POINT('',(32.182,-41.932,0.8));
#2984 = DIRECTION('',(0.,0.,-1.));
#2985 = DIRECTION('',(-1.,0.,0.));
#2986 = PLANE('',#2987);
#2987 = AXIS2_PLACEMENT_3D('',#2988,#2989,#2990);
#2988 = CARTESIAN_POINT('',(32.182,-41.932,0.8));
#2989 = DIRECTION('',(0.,0.,1.));
#2990 = DIRECTION('',(1.,0.,0.));
#2991 = ADVANCED_FACE('',(#2992,#2995),#3006,.F.);
#2992 = FACE_BOUND('',#2993,.T.);
#2993 = EDGE_LOOP('',(#2994));
#2994 = ORIENTED_EDGE('',*,*,#1883,.T.);
#2995 = FACE_BOUND('',#2996,.T.);
#2996 = EDGE_LOOP('',(#2997));
#2997 = ORIENTED_EDGE('',*,*,#2998,.F.);
#2998 = EDGE_CURVE('',#2999,#2999,#3001,.T.);
#2999 = VERTEX_POINT('',#3000);
#3000 = CARTESIAN_POINT('',(-33.382,41.932,0.8));
#3001 = CIRCLE('',#3002,1.2);
#3002 = AXIS2_PLACEMENT_3D('',#3003,#3004,#3005);
#3003 = CARTESIAN_POINT('',(-32.182,41.932,0.8));
#3004 = DIRECTION('',(0.,0.,-1.));
#3005 = DIRECTION('',(-1.,0.,0.));
#3006 = PLANE('',#3007);
#3007 = AXIS2_PLACEMENT_3D('',#3008,#3009,#3010);
#3008 = CARTESIAN_POINT('',(-32.182,41.932,0.8));
#3009 = DIRECTION('',(0.,0.,1.));
#3010 = DIRECTION('',(1.,0.,0.));
#3011 = ADVANCED_FACE('',(#3012,#3015),#3026,.F.);
#3012 = FACE_BOUND('',#3013,.T.);
#3013 = EDGE_LOOP('',(#3014));
#3014 = ORIENTED_EDGE('',*,*,#1908,.T.);
#3015 = FACE_BOUND('',#3016,.T.);
#3016 = EDGE_LOOP('',(#3017));
#3017 = ORIENTED_EDGE('',*,*,#3018,.F.);
#3018 = EDGE_CURVE('',#3019,#3019,#3021,.T.);
#3019 = VERTEX_POINT('',#3020);
#3020 = CARTESIAN_POINT('',(30.982,41.932,0.8));
#3021 = CIRCLE('',#3022,1.2);
#3022 = AXIS2_PLACEMENT_3D('',#3023,#3024,#3025);
#3023 = CARTESIAN_POINT('',(32.182,41.932,0.8));
#3024 = DIRECTION('',(0.,0.,-1.));
#3025 = DIRECTION('',(-1.,0.,0.));
#3026 = PLANE('',#3027);
#3027 = AXIS2_PLACEMENT_3D('',#3028,#3029,#3030);
#3028 = CARTESIAN_POINT('',(32.182,41.932,0.8));
#3029 = DIRECTION('',(0.,0.,1.));
#3030 = DIRECTION('',(1.,0.,0.));
#3031 = ADVANCED_FACE('',(#3032),#3038,.F.);
#3032 = FACE_BOUND('',#3033,.F.);
#3033 = EDGE_LOOP('',(#3034,#3035,#3036,#3037));
#3034 = ORIENTED_EDGE('',*,*,#2040,.T.);
#3035 = ORIENTED_EDGE('',*,*,#2695,.T.);
#3036 = ORIENTED_EDGE('',*,*,#2097,.F.);
#3037 = ORIENTED_EDGE('',*,*,#1939,.F.);
#3038 = CYLINDRICAL_SURFACE('',#3039,9.);
#3039 = AXIS2_PLACEMENT_3D('',#3040,#3041,#3042);
#3040 = CARTESIAN_POINT('',(27.15,36.75,6.7));
#3041 = DIRECTION('',(0.,0.,1.));
#3042 = DIRECTION('',(1.,0.,0.));
#3043 = ADVANCED_FACE('',(#3044),#3096,.T.);
#3044 = FACE_BOUND('',#3045,.T.);
#3045 = EDGE_LOOP('',(#3046,#3047,#3055,#3064,#3072,#3080,#3088,#3095));
#3046 = ORIENTED_EDGE('',*,*,#2338,.T.);
#3047 = ORIENTED_EDGE('',*,*,#3048,.T.);
#3048 = EDGE_CURVE('',#2330,#3049,#3051,.T.);
#3049 = VERTEX_POINT('',#3050);
#3050 = CARTESIAN_POINT('',(-27.15000000001,47.121203273892,6.7));
#3051 = LINE('',#3052,#3053);
#3052 = CARTESIAN_POINT('',(27.15,47.121203273892,6.7));
#3053 = VECTOR('',#3054,1.);
#3054 = DIRECTION('',(-1.,0.,0.));
#3055 = ORIENTED_EDGE('',*,*,#3056,.T.);
#3056 = EDGE_CURVE('',#3049,#3057,#3059,.T.);
#3057 = VERTEX_POINT('',#3058);
#3058 = CARTESIAN_POINT('',(-37.5212032739,36.75,6.7));
#3059 = CIRCLE('',#3060,10.371203273892);
#3060 = AXIS2_PLACEMENT_3D('',#3061,#3062,#3063);
#3061 = CARTESIAN_POINT('',(-27.15000000001,36.75,6.7));
#3062 = DIRECTION('',(0.,0.,1.));
#3063 = DIRECTION('',(1.,0.,0.));
#3064 = ORIENTED_EDGE('',*,*,#3065,.T.);
#3065 = EDGE_CURVE('',#3057,#3066,#3068,.T.);
#3066 = VERTEX_POINT('',#3067);
#3067 = CARTESIAN_POINT('',(-37.52120327388,32.25,6.7));
#3068 = LINE('',#3069,#3070);
#3069 = CARTESIAN_POINT('',(-37.5212032739,36.75,6.7));
#3070 = VECTOR('',#3071,1.);
#3071 = DIRECTION('',(0.,-1.,0.));
#3072 = ORIENTED_EDGE('',*,*,#3073,.T.);
#3073 = EDGE_CURVE('',#3066,#3074,#3076,.T.);
#3074 = VERTEX_POINT('',#3075);
#3075 = CARTESIAN_POINT('',(-36.15,32.25,6.7));
#3076 = LINE('',#3077,#3078);
#3077 = CARTESIAN_POINT('',(-18.76060163693,32.25,6.7));
#3078 = VECTOR('',#3079,1.);
#3079 = DIRECTION('',(1.,0.,0.));
#3080 = ORIENTED_EDGE('',*,*,#3081,.F.);
#3081 = EDGE_CURVE('',#3082,#3074,#3084,.T.);
#3082 = VERTEX_POINT('',#3083);
#3083 = CARTESIAN_POINT('',(-36.15,36.75,6.7));
#3084 = LINE('',#3085,#3086);
#3085 = CARTESIAN_POINT('',(-36.15,36.75,6.7));
#3086 = VECTOR('',#3087,1.);
#3087 = DIRECTION('',(0.,-1.,0.));
#3088 = ORIENTED_EDGE('',*,*,#3089,.F.);
#3089 = EDGE_CURVE('',#2114,#3082,#3090,.T.);
#3090 = CIRCLE('',#3091,9.);
#3091 = AXIS2_PLACEMENT_3D('',#3092,#3093,#3094);
#3092 = CARTESIAN_POINT('',(-27.15,36.75,6.7));
#3093 = DIRECTION('',(0.,0.,1.));
#3094 = DIRECTION('',(1.,0.,0.));
#3095 = ORIENTED_EDGE('',*,*,#2121,.F.);
#3096 = PLANE('',#3097);
#3097 = AXIS2_PLACEMENT_3D('',#3098,#3099,#3100);
#3098 = CARTESIAN_POINT('',(-6.86E-15,0.,6.7));
#3099 = DIRECTION('',(0.,0.,1.));
#3100 = DIRECTION('',(1.,0.,0.));
#3101 = ADVANCED_FACE('',(#3102),#3113,.F.);
#3102 = FACE_BOUND('',#3103,.F.);
#3103 = EDGE_LOOP('',(#3104,#3105,#3106,#3112));
#3104 = ORIENTED_EDGE('',*,*,#2113,.T.);
#3105 = ORIENTED_EDGE('',*,*,#2703,.T.);
#3106 = ORIENTED_EDGE('',*,*,#3107,.F.);
#3107 = EDGE_CURVE('',#3082,#2704,#3108,.T.);
#3108 = LINE('',#3109,#3110);
#3109 = CARTESIAN_POINT('',(-36.15,36.75,6.7));
#3110 = VECTOR('',#3111,1.);
#3111 = DIRECTION('',(-0.,-0.,-1.));
#3112 = ORIENTED_EDGE('',*,*,#3089,.F.);
#3113 = CYLINDRICAL_SURFACE('',#3114,9.);
#3114 = AXIS2_PLACEMENT_3D('',#3115,#3116,#3117);
#3115 = CARTESIAN_POINT('',(-27.15,36.75,6.7));
#3116 = DIRECTION('',(0.,0.,1.));
#3117 = DIRECTION('',(1.,0.,0.));
#3118 = ADVANCED_FACE('',(#3119),#3129,.T.);
#3119 = FACE_BOUND('',#3120,.T.);
#3120 = EDGE_LOOP('',(#3121,#3122,#3123,#3128));
#3121 = ORIENTED_EDGE('',*,*,#2329,.F.);
#3122 = ORIENTED_EDGE('',*,*,#2256,.T.);
#3123 = ORIENTED_EDGE('',*,*,#3124,.T.);
#3124 = EDGE_CURVE('',#2259,#3049,#3125,.T.);
#3125 = B_SPLINE_CURVE_WITH_KNOTS('',1,(#3126,#3127),.UNSPECIFIED.,.F.,
  .F.,(2,2),(0.,1.),.PIECEWISE_BEZIER_KNOTS.);
#3126 = CARTESIAN_POINT('',(-27.15000000001,46.750000000027,5.3));
#3127 = CARTESIAN_POINT('',(-27.15000000001,47.121203273892,6.7));
#3128 = ORIENTED_EDGE('',*,*,#3048,.F.);
#3129 = PLANE('',#3130);
#3130 = AXIS2_PLACEMENT_3D('',#3131,#3132,#3133);
#3131 = CARTESIAN_POINT('',(27.15,47.121203273892,6.7));
#3132 = DIRECTION('',(0.,0.966600102017,-0.256289373133));
#3133 = DIRECTION('',(-1.,0.,0.));
#3134 = ADVANCED_FACE('',(#3135),#3145,.T.);
#3135 = FACE_BOUND('',#3136,.T.);
#3136 = EDGE_LOOP('',(#3137,#3138,#3143,#3144));
#3137 = ORIENTED_EDGE('',*,*,#2307,.T.);
#3138 = ORIENTED_EDGE('',*,*,#3139,.T.);
#3139 = EDGE_CURVE('',#2300,#3057,#3140,.T.);
#3140 = B_SPLINE_CURVE_WITH_KNOTS('',1,(#3141,#3142),.UNSPECIFIED.,.F.,
  .F.,(2,2),(0.,1.),.PIECEWISE_BEZIER_KNOTS.);
#3141 = CARTESIAN_POINT('',(-37.15000000004,36.75,5.3));
#3142 = CARTESIAN_POINT('',(-37.5212032739,36.75,6.7));
#3143 = ORIENTED_EDGE('',*,*,#3056,.F.);
#3144 = ORIENTED_EDGE('',*,*,#3124,.F.);
#3145 = CONICAL_SURFACE('',#3146,10.000000000027,0.259181393921);
#3146 = AXIS2_PLACEMENT_3D('',#3147,#3148,#3149);
#3147 = CARTESIAN_POINT('',(-27.15000000001,36.75,5.3));
#3148 = DIRECTION('',(0.,0.,1.));
#3149 = DIRECTION('',(1.,0.,0.));
#3150 = ADVANCED_FACE('',(#3151),#3162,.T.);
#3151 = FACE_BOUND('',#3152,.T.);
#3152 = EDGE_LOOP('',(#3153,#3154,#3155,#3161));
#3153 = ORIENTED_EDGE('',*,*,#3139,.F.);
#3154 = ORIENTED_EDGE('',*,*,#2299,.T.);
#3155 = ORIENTED_EDGE('',*,*,#3156,.T.);
#3156 = EDGE_CURVE('',#2292,#3066,#3157,.T.);
#3157 = LINE('',#3158,#3159);
#3158 = CARTESIAN_POINT('',(-36.82756113809,32.25,4.083915879782));
#3159 = VECTOR('',#3160,1.);
#3160 = DIRECTION('',(-0.256289373133,0.,0.966600102017));
#3161 = ORIENTED_EDGE('',*,*,#3065,.F.);
#3162 = PLANE('',#3163);
#3163 = AXIS2_PLACEMENT_3D('',#3164,#3165,#3166);
#3164 = CARTESIAN_POINT('',(-37.5212032739,36.75,6.7));
#3165 = DIRECTION('',(-0.966600102017,0.,-0.256289373133));
#3166 = DIRECTION('',(0.,-1.,0.));
#3167 = ADVANCED_FACE('',(#3168),#3202,.T.);
#3168 = FACE_BOUND('',#3169,.T.);
#3169 = EDGE_LOOP('',(#3170,#3178,#3186,#3192,#3193,#3199,#3200,#3201));
#3170 = ORIENTED_EDGE('',*,*,#3171,.F.);
#3171 = EDGE_CURVE('',#3172,#2284,#3174,.T.);
#3172 = VERTEX_POINT('',#3173);
#3173 = CARTESIAN_POINT('',(-37.52120327386,32.25,1.1));
#3174 = LINE('',#3175,#3176);
#3175 = CARTESIAN_POINT('',(-37.52120327386,32.25,1.1));
#3176 = VECTOR('',#3177,1.);
#3177 = DIRECTION('',(0.,0.,1.));
#3178 = ORIENTED_EDGE('',*,*,#3179,.T.);
#3179 = EDGE_CURVE('',#3172,#3180,#3182,.T.);
#3180 = VERTEX_POINT('',#3181);
#3181 = CARTESIAN_POINT('',(-35.72120327386,32.25,1.1));
#3182 = LINE('',#3183,#3184);
#3183 = CARTESIAN_POINT('',(-37.52120327386,32.25,1.1));
#3184 = VECTOR('',#3185,1.);
#3185 = DIRECTION('',(1.,0.,0.));
#3186 = ORIENTED_EDGE('',*,*,#3187,.T.);
#3187 = EDGE_CURVE('',#3180,#2721,#3188,.T.);
#3188 = LINE('',#3189,#3190);
#3189 = CARTESIAN_POINT('',(-35.72120327386,32.25,1.1));
#3190 = VECTOR('',#3191,1.);
#3191 = DIRECTION('',(0.,0.,1.));
#3192 = ORIENTED_EDGE('',*,*,#2720,.F.);
#3193 = ORIENTED_EDGE('',*,*,#3194,.T.);
#3194 = EDGE_CURVE('',#2713,#3074,#3195,.T.);
#3195 = LINE('',#3196,#3197);
#3196 = CARTESIAN_POINT('',(-36.15,32.25,3.9));
#3197 = VECTOR('',#3198,1.);
#3198 = DIRECTION('',(0.,0.,1.));
#3199 = ORIENTED_EDGE('',*,*,#3073,.F.);
#3200 = ORIENTED_EDGE('',*,*,#3156,.F.);
#3201 = ORIENTED_EDGE('',*,*,#2291,.F.);
#3202 = PLANE('',#3203);
#3203 = AXIS2_PLACEMENT_3D('',#3204,#3205,#3206);
#3204 = CARTESIAN_POINT('',(-37.52120327386,32.25,1.1));
#3205 = DIRECTION('',(0.,-1.,0.));
#3206 = DIRECTION('',(0.,0.,1.));
#3207 = ADVANCED_FACE('',(#3208),#3230,.T.);
#3208 = FACE_BOUND('',#3209,.T.);
#3209 = EDGE_LOOP('',(#3210,#3211,#3212,#3213,#3214,#3215,#3216,#3224));
#3210 = ORIENTED_EDGE('',*,*,#3171,.T.);
#3211 = ORIENTED_EDGE('',*,*,#2283,.F.);
#3212 = ORIENTED_EDGE('',*,*,#2379,.F.);
#3213 = ORIENTED_EDGE('',*,*,#2419,.F.);
#3214 = ORIENTED_EDGE('',*,*,#2493,.F.);
#3215 = ORIENTED_EDGE('',*,*,#2542,.F.);
#3216 = ORIENTED_EDGE('',*,*,#3217,.T.);
#3217 = EDGE_CURVE('',#2535,#3218,#3220,.T.);
#3218 = VERTEX_POINT('',#3219);
#3219 = CARTESIAN_POINT('',(-37.52120327386,21.45,1.1));
#3220 = LINE('',#3221,#3222);
#3221 = CARTESIAN_POINT('',(-37.52120327386,21.45,10.9));
#3222 = VECTOR('',#3223,1.);
#3223 = DIRECTION('',(0.,0.,-1.));
#3224 = ORIENTED_EDGE('',*,*,#3225,.T.);
#3225 = EDGE_CURVE('',#3218,#3172,#3226,.T.);
#3226 = LINE('',#3227,#3228);
#3227 = CARTESIAN_POINT('',(-37.52120327386,21.45,1.1));
#3228 = VECTOR('',#3229,1.);
#3229 = DIRECTION('',(0.,1.,0.));
#3230 = PLANE('',#3231);
#3231 = AXIS2_PLACEMENT_3D('',#3232,#3233,#3234);
#3232 = CARTESIAN_POINT('',(-37.52120327386,26.85,6.));
#3233 = DIRECTION('',(1.,0.,0.));
#3234 = DIRECTION('',(0.,0.,1.));
#3235 = ADVANCED_FACE('',(#3236),#3265,.T.);
#3236 = FACE_BOUND('',#3237,.T.);
#3237 = EDGE_LOOP('',(#3238,#3246,#3247,#3248,#3249,#3250,#3251,#3259));
#3238 = ORIENTED_EDGE('',*,*,#3239,.T.);
#3239 = EDGE_CURVE('',#3240,#2559,#3242,.T.);
#3240 = VERTEX_POINT('',#3241);
#3241 = CARTESIAN_POINT('',(-37.52120327386,19.73,1.2));
#3242 = LINE('',#3243,#3244);
#3243 = CARTESIAN_POINT('',(-37.52120327386,19.73,1.2));
#3244 = VECTOR('',#3245,1.);
#3245 = DIRECTION('',(0.,0.,1.));
#3246 = ORIENTED_EDGE('',*,*,#2558,.F.);
#3247 = ORIENTED_EDGE('',*,*,#2614,.F.);
#3248 = ORIENTED_EDGE('',*,*,#2589,.F.);
#3249 = ORIENTED_EDGE('',*,*,#2510,.F.);
#3250 = ORIENTED_EDGE('',*,*,#2435,.F.);
#3251 = ORIENTED_EDGE('',*,*,#3252,.T.);
#3252 = EDGE_CURVE('',#2436,#3253,#3255,.T.);
#3253 = VERTEX_POINT('',#3254);
#3254 = CARTESIAN_POINT('',(-37.52120327386,13.03,1.2));
#3255 = LINE('',#3256,#3257);
#3256 = CARTESIAN_POINT('',(-37.52120327386,13.03,10.8));
#3257 = VECTOR('',#3258,1.);
#3258 = DIRECTION('',(0.,0.,-1.));
#3259 = ORIENTED_EDGE('',*,*,#3260,.T.);
#3260 = EDGE_CURVE('',#3253,#3240,#3261,.T.);
#3261 = LINE('',#3262,#3263);
#3262 = CARTESIAN_POINT('',(-37.52120327386,13.03,1.2));
#3263 = VECTOR('',#3264,1.);
#3264 = DIRECTION('',(0.,1.,0.));
#3265 = PLANE('',#3266);
#3266 = AXIS2_PLACEMENT_3D('',#3267,#3268,#3269);
#3267 = CARTESIAN_POINT('',(-37.52120327386,11.93,6.));
#3268 = DIRECTION('',(1.,0.,0.));
#3269 = DIRECTION('',(0.,0.,1.));
#3270 = ADVANCED_FACE('',(#3271),#3312,.T.);
#3271 = FACE_BOUND('',#3272,.T.);
#3272 = EDGE_LOOP('',(#3273,#3281,#3289,#3295,#3296,#3304,#3310,#3311));
#3273 = ORIENTED_EDGE('',*,*,#3274,.F.);
#3274 = EDGE_CURVE('',#3275,#2463,#3277,.T.);
#3275 = VERTEX_POINT('',#3276);
#3276 = CARTESIAN_POINT('',(-37.52120327388,13.03,6.7));
#3277 = LINE('',#3278,#3279);
#3278 = CARTESIAN_POINT('',(-38.02904840904,13.03,8.615347302294));
#3279 = VECTOR('',#3280,1.);
#3280 = DIRECTION('',(0.256289373133,0.,-0.966600102017));
#3281 = ORIENTED_EDGE('',*,*,#3282,.F.);
#3282 = EDGE_CURVE('',#3283,#3275,#3285,.T.);
#3283 = VERTEX_POINT('',#3284);
#3284 = CARTESIAN_POINT('',(-36.15,13.03,6.7));
#3285 = LINE('',#3286,#3287);
#3286 = CARTESIAN_POINT('',(-18.76060163693,13.03,6.7));
#3287 = VECTOR('',#3288,1.);
#3288 = DIRECTION('',(-1.,0.,0.));
#3289 = ORIENTED_EDGE('',*,*,#3290,.T.);
#3290 = EDGE_CURVE('',#3283,#2769,#3291,.T.);
#3291 = LINE('',#3292,#3293);
#3292 = CARTESIAN_POINT('',(-36.15,13.03,8.75));
#3293 = VECTOR('',#3294,1.);
#3294 = DIRECTION('',(0.,0.,-1.));
#3295 = ORIENTED_EDGE('',*,*,#2768,.F.);
#3296 = ORIENTED_EDGE('',*,*,#3297,.T.);
#3297 = EDGE_CURVE('',#2761,#3298,#3300,.T.);
#3298 = VERTEX_POINT('',#3299);
#3299 = CARTESIAN_POINT('',(-33.52120327386,13.03,1.2));
#3300 = LINE('',#3301,#3302);
#3301 = CARTESIAN_POINT('',(-33.52120327386,13.03,10.8));
#3302 = VECTOR('',#3303,1.);
#3303 = DIRECTION('',(0.,0.,-1.));
#3304 = ORIENTED_EDGE('',*,*,#3305,.F.);
#3305 = EDGE_CURVE('',#3253,#3298,#3306,.T.);
#3306 = LINE('',#3307,#3308);
#3307 = CARTESIAN_POINT('',(-37.52120327386,13.03,1.2));
#3308 = VECTOR('',#3309,1.);
#3309 = DIRECTION('',(1.,0.,0.));
#3310 = ORIENTED_EDGE('',*,*,#3252,.F.);
#3311 = ORIENTED_EDGE('',*,*,#2470,.F.);
#3312 = PLANE('',#3313);
#3313 = AXIS2_PLACEMENT_3D('',#3314,#3315,#3316);
#3314 = CARTESIAN_POINT('',(-37.52120327386,13.03,10.8));
#3315 = DIRECTION('',(0.,1.,0.));
#3316 = DIRECTION('',(0.,0.,-1.));
#3317 = ADVANCED_FACE('',(#3318),#3329,.T.);
#3318 = FACE_BOUND('',#3319,.T.);
#3319 = EDGE_LOOP('',(#3320,#3326,#3327,#3328));
#3320 = ORIENTED_EDGE('',*,*,#3321,.F.);
#3321 = EDGE_CURVE('',#3275,#2892,#3322,.T.);
#3322 = LINE('',#3323,#3324);
#3323 = CARTESIAN_POINT('',(-37.5212032739,36.75,6.7));
#3324 = VECTOR('',#3325,1.);
#3325 = DIRECTION('',(0.,-1.,0.));
#3326 = ORIENTED_EDGE('',*,*,#3274,.T.);
#3327 = ORIENTED_EDGE('',*,*,#2462,.T.);
#3328 = ORIENTED_EDGE('',*,*,#2899,.T.);
#3329 = PLANE('',#3330);
#3330 = AXIS2_PLACEMENT_3D('',#3331,#3332,#3333);
#3331 = CARTESIAN_POINT('',(-37.5212032739,36.75,6.7));
#3332 = DIRECTION('',(-0.966600102017,0.,-0.256289373133));
#3333 = DIRECTION('',(0.,-1.,0.));
#3334 = ADVANCED_FACE('',(#3335),#3376,.T.);
#3335 = FACE_BOUND('',#3336,.T.);
#3336 = EDGE_LOOP('',(#3337,#3345,#3353,#3359,#3360,#3368,#3374,#3375));
#3337 = ORIENTED_EDGE('',*,*,#3338,.F.);
#3338 = EDGE_CURVE('',#3339,#2533,#3341,.T.);
#3339 = VERTEX_POINT('',#3340);
#3340 = CARTESIAN_POINT('',(-37.52120327388,21.45,6.7));
#3341 = LINE('',#3342,#3343);
#3342 = CARTESIAN_POINT('',(-38.04143487575,21.45,8.662063090155));
#3343 = VECTOR('',#3344,1.);
#3344 = DIRECTION('',(0.256289373133,0.,-0.966600102017));
#3345 = ORIENTED_EDGE('',*,*,#3346,.F.);
#3346 = EDGE_CURVE('',#3347,#3339,#3349,.T.);
#3347 = VERTEX_POINT('',#3348);
#3348 = CARTESIAN_POINT('',(-36.15,21.45,6.7));
#3349 = LINE('',#3350,#3351);
#3350 = CARTESIAN_POINT('',(-18.76060163693,21.45,6.7));
#3351 = VECTOR('',#3352,1.);
#3352 = DIRECTION('',(-1.,0.,0.));
#3353 = ORIENTED_EDGE('',*,*,#3354,.T.);
#3354 = EDGE_CURVE('',#3347,#2737,#3355,.T.);
#3355 = LINE('',#3356,#3357);
#3356 = CARTESIAN_POINT('',(-36.15,21.45,8.8));
#3357 = VECTOR('',#3358,1.);
#3358 = DIRECTION('',(0.,0.,-1.));
#3359 = ORIENTED_EDGE('',*,*,#2736,.F.);
#3360 = ORIENTED_EDGE('',*,*,#3361,.T.);
#3361 = EDGE_CURVE('',#2729,#3362,#3364,.T.);
#3362 = VERTEX_POINT('',#3363);
#3363 = CARTESIAN_POINT('',(-35.72120327386,21.45,1.1));
#3364 = LINE('',#3365,#3366);
#3365 = CARTESIAN_POINT('',(-35.72120327386,21.45,10.9));
#3366 = VECTOR('',#3367,1.);
#3367 = DIRECTION('',(0.,0.,-1.));
#3368 = ORIENTED_EDGE('',*,*,#3369,.F.);
#3369 = EDGE_CURVE('',#3218,#3362,#3370,.T.);
#3370 = LINE('',#3371,#3372);
#3371 = CARTESIAN_POINT('',(-37.52120327386,21.45,1.1));
#3372 = VECTOR('',#3373,1.);
#3373 = DIRECTION('',(1.,0.,0.));
#3374 = ORIENTED_EDGE('',*,*,#3217,.F.);
#3375 = ORIENTED_EDGE('',*,*,#2532,.F.);
#3376 = PLANE('',#3377);
#3377 = AXIS2_PLACEMENT_3D('',#3378,#3379,#3380);
#3378 = CARTESIAN_POINT('',(-37.52120327386,21.45,10.9));
#3379 = DIRECTION('',(0.,1.,0.));
#3380 = DIRECTION('',(0.,0.,-1.));
#3381 = ADVANCED_FACE('',(#3382),#3400,.T.);
#3382 = FACE_BOUND('',#3383,.T.);
#3383 = EDGE_LOOP('',(#3384,#3392,#3393,#3394));
#3384 = ORIENTED_EDGE('',*,*,#3385,.F.);
#3385 = EDGE_CURVE('',#3339,#3386,#3388,.T.);
#3386 = VERTEX_POINT('',#3387);
#3387 = CARTESIAN_POINT('',(-37.52120327388,19.73,6.7));
#3388 = LINE('',#3389,#3390);
#3389 = CARTESIAN_POINT('',(-37.5212032739,36.75,6.7));
#3390 = VECTOR('',#3391,1.);
#3391 = DIRECTION('',(0.,-1.,0.));
#3392 = ORIENTED_EDGE('',*,*,#3338,.T.);
#3393 = ORIENTED_EDGE('',*,*,#2574,.T.);
#3394 = ORIENTED_EDGE('',*,*,#3395,.T.);
#3395 = EDGE_CURVE('',#2567,#3386,#3396,.T.);
#3396 = LINE('',#3397,#3398);
#3397 = CARTESIAN_POINT('',(-36.8399476048,19.73,4.130631667643));
#3398 = VECTOR('',#3399,1.);
#3399 = DIRECTION('',(-0.256289373133,0.,0.966600102017));
#3400 = PLANE('',#3401);
#3401 = AXIS2_PLACEMENT_3D('',#3402,#3403,#3404);
#3402 = CARTESIAN_POINT('',(-37.5212032739,36.75,6.7));
#3403 = DIRECTION('',(-0.966600102017,0.,-0.256289373133));
#3404 = DIRECTION('',(0.,-1.,0.));
#3405 = ADVANCED_FACE('',(#3406),#3440,.T.);
#3406 = FACE_BOUND('',#3407,.T.);
#3407 = EDGE_LOOP('',(#3408,#3409,#3417,#3423,#3424,#3432,#3438,#3439));
#3408 = ORIENTED_EDGE('',*,*,#3239,.F.);
#3409 = ORIENTED_EDGE('',*,*,#3410,.T.);
#3410 = EDGE_CURVE('',#3240,#3411,#3413,.T.);
#3411 = VERTEX_POINT('',#3412);
#3412 = CARTESIAN_POINT('',(-33.52120327386,19.73,1.2));
#3413 = LINE('',#3414,#3415);
#3414 = CARTESIAN_POINT('',(-37.52120327386,19.73,1.2));
#3415 = VECTOR('',#3416,1.);
#3416 = DIRECTION('',(1.,0.,0.));
#3417 = ORIENTED_EDGE('',*,*,#3418,.T.);
#3418 = EDGE_CURVE('',#3411,#2753,#3419,.T.);
#3419 = LINE('',#3420,#3421);
#3420 = CARTESIAN_POINT('',(-33.52120327386,19.73,1.2));
#3421 = VECTOR('',#3422,1.);
#3422 = DIRECTION('',(0.,0.,1.));
#3423 = ORIENTED_EDGE('',*,*,#2752,.F.);
#3424 = ORIENTED_EDGE('',*,*,#3425,.T.);
#3425 = EDGE_CURVE('',#2745,#3426,#3428,.T.);
#3426 = VERTEX_POINT('',#3427);
#3427 = CARTESIAN_POINT('',(-36.15,19.73,6.7));
#3428 = LINE('',#3429,#3430);
#3429 = CARTESIAN_POINT('',(-36.15,19.73,3.95));
#3430 = VECTOR('',#3431,1.);
#3431 = DIRECTION('',(0.,0.,1.));
#3432 = ORIENTED_EDGE('',*,*,#3433,.F.);
#3433 = EDGE_CURVE('',#3386,#3426,#3434,.T.);
#3434 = LINE('',#3435,#3436);
#3435 = CARTESIAN_POINT('',(-18.76060163693,19.73,6.7));
#3436 = VECTOR('',#3437,1.);
#3437 = DIRECTION('',(1.,0.,0.));
#3438 = ORIENTED_EDGE('',*,*,#3395,.F.);
#3439 = ORIENTED_EDGE('',*,*,#2566,.F.);
#3440 = PLANE('',#3441);
#3441 = AXIS2_PLACEMENT_3D('',#3442,#3443,#3444);
#3442 = CARTESIAN_POINT('',(-37.52120327386,19.73,1.2));
#3443 = DIRECTION('',(0.,-1.,0.));
#3444 = DIRECTION('',(0.,0.,1.));
#3445 = ADVANCED_FACE('',(#3446),#3457,.F.);
#3446 = FACE_BOUND('',#3447,.F.);
#3447 = EDGE_LOOP('',(#3448,#3454,#3455,#3456));
#3448 = ORIENTED_EDGE('',*,*,#3449,.F.);
#3449 = EDGE_CURVE('',#3283,#2884,#3450,.T.);
#3450 = LINE('',#3451,#3452);
#3451 = CARTESIAN_POINT('',(-36.15,36.75,6.7));
#3452 = VECTOR('',#3453,1.);
#3453 = DIRECTION('',(0.,-1.,0.));
#3454 = ORIENTED_EDGE('',*,*,#3290,.T.);
#3455 = ORIENTED_EDGE('',*,*,#2776,.T.);
#3456 = ORIENTED_EDGE('',*,*,#2883,.T.);
#3457 = PLANE('',#3458);
#3458 = AXIS2_PLACEMENT_3D('',#3459,#3460,#3461);
#3459 = CARTESIAN_POINT('',(-36.15,36.75,6.7));
#3460 = DIRECTION('',(-1.,0.,0.));
#3461 = DIRECTION('',(0.,-1.,0.));
#3462 = ADVANCED_FACE('',(#3463),#3474,.F.);
#3463 = FACE_BOUND('',#3464,.F.);
#3464 = EDGE_LOOP('',(#3465,#3466,#3467,#3468));
#3465 = ORIENTED_EDGE('',*,*,#3418,.T.);
#3466 = ORIENTED_EDGE('',*,*,#2760,.F.);
#3467 = ORIENTED_EDGE('',*,*,#3297,.T.);
#3468 = ORIENTED_EDGE('',*,*,#3469,.T.);
#3469 = EDGE_CURVE('',#3298,#3411,#3470,.T.);
#3470 = LINE('',#3471,#3472);
#3471 = CARTESIAN_POINT('',(-33.52120327386,13.03,1.2));
#3472 = VECTOR('',#3473,1.);
#3473 = DIRECTION('',(0.,1.,0.));
#3474 = PLANE('',#3475);
#3475 = AXIS2_PLACEMENT_3D('',#3476,#3477,#3478);
#3476 = CARTESIAN_POINT('',(-33.52120327386,11.93,6.));
#3477 = DIRECTION('',(1.,0.,0.));
#3478 = DIRECTION('',(0.,0.,1.));
#3479 = ADVANCED_FACE('',(#3480),#3491,.F.);
#3480 = FACE_BOUND('',#3481,.F.);
#3481 = EDGE_LOOP('',(#3482,#3488,#3489,#3490));
#3482 = ORIENTED_EDGE('',*,*,#3483,.F.);
#3483 = EDGE_CURVE('',#3347,#3426,#3484,.T.);
#3484 = LINE('',#3485,#3486);
#3485 = CARTESIAN_POINT('',(-36.15,36.75,6.7));
#3486 = VECTOR('',#3487,1.);
#3487 = DIRECTION('',(0.,-1.,0.));
#3488 = ORIENTED_EDGE('',*,*,#3354,.T.);
#3489 = ORIENTED_EDGE('',*,*,#2744,.T.);
#3490 = ORIENTED_EDGE('',*,*,#3425,.T.);
#3491 = PLANE('',#3492);
#3492 = AXIS2_PLACEMENT_3D('',#3493,#3494,#3495);
#3493 = CARTESIAN_POINT('',(-36.15,36.75,6.7));
#3494 = DIRECTION('',(-1.,0.,0.));
#3495 = DIRECTION('',(0.,-1.,0.));
#3496 = ADVANCED_FACE('',(#3497),#3508,.F.);
#3497 = FACE_BOUND('',#3498,.F.);
#3498 = EDGE_LOOP('',(#3499,#3500,#3501,#3502));
#3499 = ORIENTED_EDGE('',*,*,#3187,.T.);
#3500 = ORIENTED_EDGE('',*,*,#2728,.F.);
#3501 = ORIENTED_EDGE('',*,*,#3361,.T.);
#3502 = ORIENTED_EDGE('',*,*,#3503,.T.);
#3503 = EDGE_CURVE('',#3362,#3180,#3504,.T.);
#3504 = LINE('',#3505,#3506);
#3505 = CARTESIAN_POINT('',(-35.72120327386,21.45,1.1));
#3506 = VECTOR('',#3507,1.);
#3507 = DIRECTION('',(0.,1.,0.));
#3508 = PLANE('',#3509);
#3509 = AXIS2_PLACEMENT_3D('',#3510,#3511,#3512);
#3510 = CARTESIAN_POINT('',(-35.72120327386,26.85,6.));
#3511 = DIRECTION('',(1.,0.,0.));
#3512 = DIRECTION('',(0.,0.,1.));
#3513 = ADVANCED_FACE('',(#3514),#3520,.F.);
#3514 = FACE_BOUND('',#3515,.F.);
#3515 = EDGE_LOOP('',(#3516,#3517,#3518,#3519));
#3516 = ORIENTED_EDGE('',*,*,#3081,.F.);
#3517 = ORIENTED_EDGE('',*,*,#3107,.T.);
#3518 = ORIENTED_EDGE('',*,*,#2712,.T.);
#3519 = ORIENTED_EDGE('',*,*,#3194,.T.);
#3520 = PLANE('',#3521);
#3521 = AXIS2_PLACEMENT_3D('',#3522,#3523,#3524);
#3522 = CARTESIAN_POINT('',(-36.15,36.75,6.7));
#3523 = DIRECTION('',(-1.,0.,0.));
#3524 = DIRECTION('',(0.,-1.,0.));
#3525 = ADVANCED_FACE('',(#3526),#3537,.F.);
#3526 = FACE_BOUND('',#3527,.T.);
#3527 = EDGE_LOOP('',(#3528,#3534,#3535,#3536));
#3528 = ORIENTED_EDGE('',*,*,#3529,.F.);
#3529 = EDGE_CURVE('',#2959,#2801,#3530,.T.);
#3530 = LINE('',#3531,#3532);
#3531 = CARTESIAN_POINT('',(-35.782,-35.482,0.8));
#3532 = VECTOR('',#3533,1.);
#3533 = DIRECTION('',(6.E-17,0.,1.));
#3534 = ORIENTED_EDGE('',*,*,#2958,.T.);
#3535 = ORIENTED_EDGE('',*,*,#3529,.T.);
#3536 = ORIENTED_EDGE('',*,*,#2800,.T.);
#3537 = CYLINDRICAL_SURFACE('',#3538,1.2);
#3538 = AXIS2_PLACEMENT_3D('',#3539,#3540,#3541);
#3539 = CARTESIAN_POINT('',(-34.582,-35.482,0.8));
#3540 = DIRECTION('',(0.,0.,1.));
#3541 = DIRECTION('',(-1.,0.,0.));
#3542 = ADVANCED_FACE('',(#3543),#3554,.F.);
#3543 = FACE_BOUND('',#3544,.T.);
#3544 = EDGE_LOOP('',(#3545,#3551,#3552,#3553));
#3545 = ORIENTED_EDGE('',*,*,#3546,.F.);
#3546 = EDGE_CURVE('',#2979,#2812,#3547,.T.);
#3547 = LINE('',#3548,#3549);
#3548 = CARTESIAN_POINT('',(30.982,-41.932,0.8));
#3549 = VECTOR('',#3550,1.);
#3550 = DIRECTION('',(6.E-17,0.,1.));
#3551 = ORIENTED_EDGE('',*,*,#2978,.T.);
#3552 = ORIENTED_EDGE('',*,*,#3546,.T.);
#3553 = ORIENTED_EDGE('',*,*,#2811,.T.);
#3554 = CYLINDRICAL_SURFACE('',#3555,1.2);
#3555 = AXIS2_PLACEMENT_3D('',#3556,#3557,#3558);
#3556 = CARTESIAN_POINT('',(32.182,-41.932,0.8));
#3557 = DIRECTION('',(0.,0.,1.));
#3558 = DIRECTION('',(-1.,0.,0.));
#3559 = ADVANCED_FACE('',(#3560),#3571,.F.);
#3560 = FACE_BOUND('',#3561,.T.);
#3561 = EDGE_LOOP('',(#3562,#3568,#3569,#3570));
#3562 = ORIENTED_EDGE('',*,*,#3563,.F.);
#3563 = EDGE_CURVE('',#2999,#2823,#3564,.T.);
#3564 = LINE('',#3565,#3566);
#3565 = CARTESIAN_POINT('',(-33.382,41.932,0.8));
#3566 = VECTOR('',#3567,1.);
#3567 = DIRECTION('',(6.E-17,0.,1.));
#3568 = ORIENTED_EDGE('',*,*,#2998,.T.);
#3569 = ORIENTED_EDGE('',*,*,#3563,.T.);
#3570 = ORIENTED_EDGE('',*,*,#2822,.T.);
#3571 = CYLINDRICAL_SURFACE('',#3572,1.2);
#3572 = AXIS2_PLACEMENT_3D('',#3573,#3574,#3575);
#3573 = CARTESIAN_POINT('',(-32.182,41.932,0.8));
#3574 = DIRECTION('',(0.,0.,1.));
#3575 = DIRECTION('',(-1.,0.,0.));
#3576 = ADVANCED_FACE('',(#3577),#3588,.F.);
#3577 = FACE_BOUND('',#3578,.T.);
#3578 = EDGE_LOOP('',(#3579,#3585,#3586,#3587));
#3579 = ORIENTED_EDGE('',*,*,#3580,.F.);
#3580 = EDGE_CURVE('',#3019,#2834,#3581,.T.);
#3581 = LINE('',#3582,#3583);
#3582 = CARTESIAN_POINT('',(30.982,41.932,0.8));
#3583 = VECTOR('',#3584,1.);
#3584 = DIRECTION('',(6.E-17,0.,1.));
#3585 = ORIENTED_EDGE('',*,*,#3018,.T.);
#3586 = ORIENTED_EDGE('',*,*,#3580,.T.);
#3587 = ORIENTED_EDGE('',*,*,#2833,.T.);
#3588 = CYLINDRICAL_SURFACE('',#3589,1.2);
#3589 = AXIS2_PLACEMENT_3D('',#3590,#3591,#3592);
#3590 = CARTESIAN_POINT('',(32.182,41.932,0.8));
#3591 = DIRECTION('',(0.,0.,1.));
#3592 = DIRECTION('',(-1.,0.,0.));
#3593 = ADVANCED_FACE('',(#3594),#3600,.T.);
#3594 = FACE_BOUND('',#3595,.T.);
#3595 = EDGE_LOOP('',(#3596,#3597,#3598,#3599));
#3596 = ORIENTED_EDGE('',*,*,#3449,.F.);
#3597 = ORIENTED_EDGE('',*,*,#3282,.T.);
#3598 = ORIENTED_EDGE('',*,*,#3321,.T.);
#3599 = ORIENTED_EDGE('',*,*,#2891,.T.);
#3600 = PLANE('',#3601);
#3601 = AXIS2_PLACEMENT_3D('',#3602,#3603,#3604);
#3602 = CARTESIAN_POINT('',(-6.86E-15,0.,6.7));
#3603 = DIRECTION('',(0.,0.,1.));
#3604 = DIRECTION('',(1.,0.,0.));
#3605 = ADVANCED_FACE('',(#3606),#3612,.T.);
#3606 = FACE_BOUND('',#3607,.T.);
#3607 = EDGE_LOOP('',(#3608,#3609,#3610,#3611));
#3608 = ORIENTED_EDGE('',*,*,#3369,.T.);
#3609 = ORIENTED_EDGE('',*,*,#3503,.T.);
#3610 = ORIENTED_EDGE('',*,*,#3179,.F.);
#3611 = ORIENTED_EDGE('',*,*,#3225,.F.);
#3612 = PLANE('',#3613);
#3613 = AXIS2_PLACEMENT_3D('',#3614,#3615,#3616);
#3614 = CARTESIAN_POINT('',(-37.52120327386,21.45,1.1));
#3615 = DIRECTION('',(0.,0.,1.));
#3616 = DIRECTION('',(0.,1.,0.));
#3617 = ADVANCED_FACE('',(#3618),#3624,.T.);
#3618 = FACE_BOUND('',#3619,.T.);
#3619 = EDGE_LOOP('',(#3620,#3621,#3622,#3623));
#3620 = ORIENTED_EDGE('',*,*,#3305,.T.);
#3621 = ORIENTED_EDGE('',*,*,#3469,.T.);
#3622 = ORIENTED_EDGE('',*,*,#3410,.F.);
#3623 = ORIENTED_EDGE('',*,*,#3260,.F.);
#3624 = PLANE('',#3625);
#3625 = AXIS2_PLACEMENT_3D('',#3626,#3627,#3628);
#3626 = CARTESIAN_POINT('',(-37.52120327386,13.03,1.2));
#3627 = DIRECTION('',(0.,0.,1.));
#3628 = DIRECTION('',(0.,1.,0.));
#3629 = ADVANCED_FACE('',(#3630),#3636,.T.);
#3630 = FACE_BOUND('',#3631,.T.);
#3631 = EDGE_LOOP('',(#3632,#3633,#3634,#3635));
#3632 = ORIENTED_EDGE('',*,*,#3483,.F.);
#3633 = ORIENTED_EDGE('',*,*,#3346,.T.);
#3634 = ORIENTED_EDGE('',*,*,#3385,.T.);
#3635 = ORIENTED_EDGE('',*,*,#3433,.T.);
#3636 = PLANE('',#3637);
#3637 = AXIS2_PLACEMENT_3D('',#3638,#3639,#3640);
#3638 = CARTESIAN_POINT('',(-6.86E-15,0.,6.7));
#3639 = DIRECTION('',(0.,0.,1.));
#3640 = DIRECTION('',(1.,0.,0.));
#3641 = ( GEOMETRIC_REPRESENTATION_CONTEXT(3) 
GLOBAL_UNCERTAINTY_ASSIGNED_CONTEXT((#3645)) 
GLOBAL_UNIT_ASSIGNED_CONTEXT((#3642,#3643,#3644)) REPRESENTATION_CONTEXT
('Context #1','3D Context with UNIT and UNCERTAINTY') );
#3642 = ( LENGTH_UNIT() NAMED_UNIT(*) SI_UNIT(.MILLI.,.METRE.) );
#3643 = ( NAMED_UNIT(*) PLANE_ANGLE_UNIT() SI_UNIT($,.RADIAN.) );
#3644 = ( NAMED_UNIT(*) SI_UNIT($,.STERADIAN.) SOLID_ANGLE_UNIT() );
#3645 = UNCERTAINTY_MEASURE_WITH_UNIT(LENGTH_MEASURE(2.E-05),#3642,
  'distance_accuracy_value','confusion accuracy');
#3646 = PRODUCT_RELATED_PRODUCT_CATEGORY('part',$,(#7));
#3647 = MECHANICAL_DESIGN_GEOMETRIC_PRESENTATION_REPRESENTATION('',(
    #3648),#3641);
#3648 = STYLED_ITEM('color',(#3649),#15);
#3649 = PRESENTATION_STYLE_ASSIGNMENT((#3650,#3658));
#3650 = SURFACE_STYLE_USAGE(.BOTH.,#3651);
#3651 = SURFACE_SIDE_STYLE('',(#3652,#3656));
#3652 = SURFACE_STYLE_FILL_AREA(#3653);
#3653 = FILL_AREA_STYLE('',(#3654));
#3654 = FILL_AREA_STYLE_COLOUR('',#3655);
#3655 = COLOUR_RGB('',0.447058818107,0.474509808674,0.501960817233);
#3656 = SURFACE_STYLE_RENDERING_WITH_PROPERTIES(.NORMAL_SHADING.,#3655,(
    #3657));
#3657 = SURFACE_STYLE_TRANSPARENT(0.699999988079);
#3658 = CURVE_STYLE('',#3659,POSITIVE_LENGTH_MEASURE(0.1),#3660);
#3659 = DRAUGHTING_PRE_DEFINED_CURVE_FONT('continuous');
#3660 = COLOUR_RGB('',9.803921802644E-02,9.803921802644E-02,
  9.803921802644E-02);
ENDSEC;
END-ISO-10303-21;
