ISO-10303-21;
HEADER;
FILE_DESCRIPTION(('FreeCAD Model'),'2;1');
FILE_NAME('Open CASCADE Shape Model','2026-08-31T16:57:56',(''),(''),
  'Open CASCADE STEP processor 7.9','FreeCAD','Unknown');
FILE_SCHEMA(('AUTOMOTIVE_DESIGN { 1 0 10303 214 1 1 1 1 }'));
ENDSEC;
DATA;
#1 = APPLICATION_PROTOCOL_DEFINITION('international standard',
  'automotive_design',2000,#2);
#2 = APPLICATION_CONTEXT(
  'core data for automotive mechanical design processes');
#3 = SHAPE_DEFINITION_REPRESENTATION(#4,#10);
#4 = PRODUCT_DEFINITION_SHAPE('','',#5);
#5 = PRODUCT_DEFINITION('design','',#6,#9);
#6 = PRODUCT_DEFINITION_FORMATION('','',#7);
#7 = PRODUCT('bottom','bottom','',(#8));
#8 = PRODUCT_CONTEXT('',#2,'mechanical');
#9 = PRODUCT_DEFINITION_CONTEXT('part definition',#2,'design');
#10 = ADVANCED_BREP_SHAPE_REPRESENTATION('',(#11,#15),#2875);
#11 = AXIS2_PLACEMENT_3D('',#12,#13,#14);
#12 = CARTESIAN_POINT('',(0.,0.,0.));
#13 = DIRECTION('',(0.,0.,1.));
#14 = DIRECTION('',(1.,0.,-0.));
#15 = MANIFOLD_SOLID_BREP('',#16);
#16 = CLOSED_SHELL('',(#17,#107,#140,#171,#262,#295,#335,#408,#433,#473,
    #497,#515,#539,#564,#589,#640,#672,#696,#719,#743,#777,#846,#903,
    #921,#1041,#1066,#1127,#1190,#1246,#1269,#1293,#1319,#1336,#1353,
    #1370,#1387,#1410,#1427,#1439,#1487,#1554,#1578,#1612,#1629,#1647,
    #1713,#1744,#1761,#1785,#1802,#1826,#1875,#1899,#1923,#1979,#2003,
    #2020,#2049,#2074,#2211,#2228,#2275,#2292,#2304,#2316,#2333,#2345,
    #2403,#2420,#2436,#2452,#2469,#2509,#2537,#2572,#2619,#2636,#2683,
    #2707,#2747,#2764,#2781,#2798,#2815,#2827,#2839,#2851,#2863));
#17 = ADVANCED_FACE('',(#18),#102,.F.);
#18 = FACE_BOUND('',#19,.F.);
#19 = EDGE_LOOP('',(#20,#30,#38,#46,#54,#62,#71,#79,#88,#96));
#20 = ORIENTED_EDGE('',*,*,#21,.F.);
#21 = EDGE_CURVE('',#22,#24,#26,.T.);
#22 = VERTEX_POINT('',#23);
#23 = CARTESIAN_POINT('',(27.15,-47.95,1.));
#24 = VERTEX_POINT('',#25);
#25 = CARTESIAN_POINT('',(27.15,-47.95,5.3));
#26 = LINE('',#27,#28);
#27 = CARTESIAN_POINT('',(27.15,-47.95,0.));
#28 = VECTOR('',#29,1.);
#29 = DIRECTION('',(0.,0.,1.));
#30 = ORIENTED_EDGE('',*,*,#31,.F.);
#31 = EDGE_CURVE('',#32,#22,#34,.T.);
#32 = VERTEX_POINT('',#33);
#33 = CARTESIAN_POINT('',(-27.15,-47.95,1.));
#34 = LINE('',#35,#36);
#35 = CARTESIAN_POINT('',(-27.15,-47.95,1.));
#36 = VECTOR('',#37,1.);
#37 = DIRECTION('',(1.,0.,0.));
#38 = ORIENTED_EDGE('',*,*,#39,.T.);
#39 = EDGE_CURVE('',#32,#40,#42,.T.);
#40 = VERTEX_POINT('',#41);
#41 = CARTESIAN_POINT('',(-27.15,-47.95,5.3));
#42 = LINE('',#43,#44);
#43 = CARTESIAN_POINT('',(-27.15,-47.95,0.));
#44 = VECTOR('',#45,1.);
#45 = DIRECTION('',(0.,0.,1.));
#46 = ORIENTED_EDGE('',*,*,#47,.T.);
#47 = EDGE_CURVE('',#40,#48,#50,.T.);
#48 = VERTEX_POINT('',#49);
#49 = CARTESIAN_POINT('',(-4.82,-47.95,5.3));
#50 = LINE('',#51,#52);
#51 = CARTESIAN_POINT('',(-27.15,-47.95,5.3));
#52 = VECTOR('',#53,1.);
#53 = DIRECTION('',(1.,0.,0.));
#54 = ORIENTED_EDGE('',*,*,#55,.T.);
#55 = EDGE_CURVE('',#48,#56,#58,.T.);
#56 = VERTEX_POINT('',#57);
#57 = CARTESIAN_POINT('',(-4.82,-47.95,4.8));
#58 = LINE('',#59,#60);
#59 = CARTESIAN_POINT('',(-4.82,-47.95,6.));
#60 = VECTOR('',#61,1.);
#61 = DIRECTION('',(0.,-2.22044604925E-16,-1.));
#62 = ORIENTED_EDGE('',*,*,#63,.T.);
#63 = EDGE_CURVE('',#56,#64,#66,.T.);
#64 = VERTEX_POINT('',#65);
#65 = CARTESIAN_POINT('',(-3.72,-47.95,3.7));
#66 = CIRCLE('',#67,1.1);
#67 = AXIS2_PLACEMENT_3D('',#68,#69,#70);
#68 = CARTESIAN_POINT('',(-3.72,-47.95,4.8));
#69 = DIRECTION('',(0.,-1.,2.22044604925E-16));
#70 = DIRECTION('',(1.,0.,0.));
#71 = ORIENTED_EDGE('',*,*,#72,.T.);
#72 = EDGE_CURVE('',#64,#73,#75,.T.);
#73 = VERTEX_POINT('',#74);
#74 = CARTESIAN_POINT('',(3.22,-47.95,3.7));
#75 = LINE('',#76,#77);
#76 = CARTESIAN_POINT('',(-3.72,-47.95,3.7));
#77 = VECTOR('',#78,1.);
#78 = DIRECTION('',(1.,0.,0.));
#79 = ORIENTED_EDGE('',*,*,#80,.T.);
#80 = EDGE_CURVE('',#73,#81,#83,.T.);
#81 = VERTEX_POINT('',#82);
#82 = CARTESIAN_POINT('',(4.32,-47.95,4.8));
#83 = CIRCLE('',#84,1.1);
#84 = AXIS2_PLACEMENT_3D('',#85,#86,#87);
#85 = CARTESIAN_POINT('',(3.22,-47.95,4.8));
#86 = DIRECTION('',(0.,-1.,2.22044604925E-16));
#87 = DIRECTION('',(1.,0.,0.));
#88 = ORIENTED_EDGE('',*,*,#89,.T.);
#89 = EDGE_CURVE('',#81,#90,#92,.T.);
#90 = VERTEX_POINT('',#91);
#91 = CARTESIAN_POINT('',(4.32,-47.95,5.3));
#92 = LINE('',#93,#94);
#93 = CARTESIAN_POINT('',(4.32,-47.95,4.8));
#94 = VECTOR('',#95,1.);
#95 = DIRECTION('',(0.,2.22044604925E-16,1.));
#96 = ORIENTED_EDGE('',*,*,#97,.T.);
#97 = EDGE_CURVE('',#90,#24,#98,.T.);
#98 = LINE('',#99,#100);
#99 = CARTESIAN_POINT('',(-27.15,-47.95,5.3));
#100 = VECTOR('',#101,1.);
#101 = DIRECTION('',(1.,0.,0.));
#102 = PLANE('',#103);
#103 = AXIS2_PLACEMENT_3D('',#104,#105,#106);
#104 = CARTESIAN_POINT('',(-27.15,-47.95,0.));
#105 = DIRECTION('',(0.,1.,0.));
#106 = DIRECTION('',(1.,0.,0.));
#107 = ADVANCED_FACE('',(#108),#135,.T.);
#108 = FACE_BOUND('',#109,.F.);
#109 = EDGE_LOOP('',(#110,#120,#127,#128));
#110 = ORIENTED_EDGE('',*,*,#111,.F.);
#111 = EDGE_CURVE('',#112,#114,#116,.T.);
#112 = VERTEX_POINT('',#113);
#113 = CARTESIAN_POINT('',(38.35,-36.75,1.));
#114 = VERTEX_POINT('',#115);
#115 = CARTESIAN_POINT('',(38.35,-36.75,5.3));
#116 = LINE('',#117,#118);
#117 = CARTESIAN_POINT('',(38.35,-36.75,0.));
#118 = VECTOR('',#119,1.);
#119 = DIRECTION('',(0.,0.,1.));
#120 = ORIENTED_EDGE('',*,*,#121,.F.);
#121 = EDGE_CURVE('',#22,#112,#122,.T.);
#122 = CIRCLE('',#123,11.2);
#123 = AXIS2_PLACEMENT_3D('',#124,#125,#126);
#124 = CARTESIAN_POINT('',(27.15,-36.75,1.));
#125 = DIRECTION('',(0.,0.,1.));
#126 = DIRECTION('',(-3.172065784643E-16,-1.,0.));
#127 = ORIENTED_EDGE('',*,*,#21,.T.);
#128 = ORIENTED_EDGE('',*,*,#129,.T.);
#129 = EDGE_CURVE('',#24,#114,#130,.T.);
#130 = CIRCLE('',#131,11.2);
#131 = AXIS2_PLACEMENT_3D('',#132,#133,#134);
#132 = CARTESIAN_POINT('',(27.15,-36.75,5.3));
#133 = DIRECTION('',(0.,0.,1.));
#134 = DIRECTION('',(1.,0.,0.));
#135 = CYLINDRICAL_SURFACE('',#136,11.2);
#136 = AXIS2_PLACEMENT_3D('',#137,#138,#139);
#137 = CARTESIAN_POINT('',(27.15,-36.75,0.));
#138 = DIRECTION('',(-0.,-0.,-1.));
#139 = DIRECTION('',(1.,0.,0.));
#140 = ADVANCED_FACE('',(#141),#166,.T.);
#141 = FACE_BOUND('',#142,.T.);
#142 = EDGE_LOOP('',(#143,#151,#159,#165));
#143 = ORIENTED_EDGE('',*,*,#144,.F.);
#144 = EDGE_CURVE('',#145,#32,#147,.T.);
#145 = VERTEX_POINT('',#146);
#146 = CARTESIAN_POINT('',(-27.15,-46.95,0.));
#147 = LINE('',#148,#149);
#148 = CARTESIAN_POINT('',(-27.15,-47.95,1.));
#149 = VECTOR('',#150,1.);
#150 = DIRECTION('',(-4.329780281177E-17,-0.707106781187,0.707106781187)
  );
#151 = ORIENTED_EDGE('',*,*,#152,.T.);
#152 = EDGE_CURVE('',#145,#153,#155,.T.);
#153 = VERTEX_POINT('',#154);
#154 = CARTESIAN_POINT('',(27.15,-46.95,-4.107825191113E-15));
#155 = LINE('',#156,#157);
#156 = CARTESIAN_POINT('',(-27.15,-46.95,0.));
#157 = VECTOR('',#158,1.);
#158 = DIRECTION('',(1.,0.,0.));
#159 = ORIENTED_EDGE('',*,*,#160,.T.);
#160 = EDGE_CURVE('',#153,#22,#161,.T.);
#161 = LINE('',#162,#163);
#162 = CARTESIAN_POINT('',(27.15,-47.45,0.5));
#163 = VECTOR('',#164,1.);
#164 = DIRECTION('',(0.,-0.707106781187,0.707106781187));
#165 = ORIENTED_EDGE('',*,*,#31,.F.);
#166 = PLANE('',#167);
#167 = AXIS2_PLACEMENT_3D('',#168,#169,#170);
#168 = CARTESIAN_POINT('',(-27.15,-47.45,0.5));
#169 = DIRECTION('',(0.,-0.707106781187,-0.707106781187));
#170 = DIRECTION('',(1.,0.,0.));
#171 = ADVANCED_FACE('',(#172),#257,.T.);
#172 = FACE_BOUND('',#173,.T.);
#173 = EDGE_LOOP('',(#174,#182,#183,#184,#192,#201,#209,#217,#225,#234,
    #242,#251));
#174 = ORIENTED_EDGE('',*,*,#175,.F.);
#175 = EDGE_CURVE('',#90,#176,#178,.T.);
#176 = VERTEX_POINT('',#177);
#177 = CARTESIAN_POINT('',(4.32,-46.75000000005,5.3));
#178 = LINE('',#179,#180);
#179 = CARTESIAN_POINT('',(4.32,-42.35,5.3));
#180 = VECTOR('',#181,1.);
#181 = DIRECTION('',(0.,1.,0.));
#182 = ORIENTED_EDGE('',*,*,#97,.T.);
#183 = ORIENTED_EDGE('',*,*,#129,.T.);
#184 = ORIENTED_EDGE('',*,*,#185,.T.);
#185 = EDGE_CURVE('',#114,#186,#188,.T.);
#186 = VERTEX_POINT('',#187);
#187 = CARTESIAN_POINT('',(38.35,36.75,5.3));
#188 = LINE('',#189,#190);
#189 = CARTESIAN_POINT('',(38.35,-36.75,5.3));
#190 = VECTOR('',#191,1.);
#191 = DIRECTION('',(0.,1.,0.));
#192 = ORIENTED_EDGE('',*,*,#193,.T.);
#193 = EDGE_CURVE('',#186,#194,#196,.T.);
#194 = VERTEX_POINT('',#195);
#195 = CARTESIAN_POINT('',(27.15,47.95,5.3));
#196 = CIRCLE('',#197,11.2);
#197 = AXIS2_PLACEMENT_3D('',#198,#199,#200);
#198 = CARTESIAN_POINT('',(27.15,36.75,5.3));
#199 = DIRECTION('',(0.,0.,1.));
#200 = DIRECTION('',(1.,0.,0.));
#201 = ORIENTED_EDGE('',*,*,#202,.T.);
#202 = EDGE_CURVE('',#194,#203,#205,.T.);
#203 = VERTEX_POINT('',#204);
#204 = CARTESIAN_POINT('',(20.907987240797,47.95,5.3));
#205 = LINE('',#206,#207);
#206 = CARTESIAN_POINT('',(27.15,47.95,5.3));
#207 = VECTOR('',#208,1.);
#208 = DIRECTION('',(-1.,0.,0.));
#209 = ORIENTED_EDGE('',*,*,#210,.F.);
#210 = EDGE_CURVE('',#211,#203,#213,.T.);
#211 = VERTEX_POINT('',#212);
#212 = CARTESIAN_POINT('',(20.907987240797,46.750000000027,5.3));
#213 = LINE('',#214,#215);
#214 = CARTESIAN_POINT('',(20.907987240797,47.95,5.3));
#215 = VECTOR('',#216,1.);
#216 = DIRECTION('',(0.,1.,-2.22044604925E-16));
#217 = ORIENTED_EDGE('',*,*,#218,.F.);
#218 = EDGE_CURVE('',#219,#211,#221,.T.);
#219 = VERTEX_POINT('',#220);
#220 = CARTESIAN_POINT('',(27.15,46.750000000027,5.3));
#221 = LINE('',#222,#223);
#222 = CARTESIAN_POINT('',(27.15,46.750000000027,5.3));
#223 = VECTOR('',#224,1.);
#224 = DIRECTION('',(-1.,0.,0.));
#225 = ORIENTED_EDGE('',*,*,#226,.F.);
#226 = EDGE_CURVE('',#227,#219,#229,.T.);
#227 = VERTEX_POINT('',#228);
#228 = CARTESIAN_POINT('',(37.150000000027,36.75,5.3));
#229 = CIRCLE('',#230,10.000000000027);
#230 = AXIS2_PLACEMENT_3D('',#231,#232,#233);
#231 = CARTESIAN_POINT('',(27.15,36.75,5.3));
#232 = DIRECTION('',(0.,0.,1.));
#233 = DIRECTION('',(1.,0.,0.));
#234 = ORIENTED_EDGE('',*,*,#235,.F.);
#235 = EDGE_CURVE('',#236,#227,#238,.T.);
#236 = VERTEX_POINT('',#237);
#237 = CARTESIAN_POINT('',(37.150000000027,-36.75000000002,5.3));
#238 = LINE('',#239,#240);
#239 = CARTESIAN_POINT('',(37.150000000027,-36.75000000002,5.3));
#240 = VECTOR('',#241,1.);
#241 = DIRECTION('',(0.,1.,0.));
#242 = ORIENTED_EDGE('',*,*,#243,.F.);
#243 = EDGE_CURVE('',#244,#236,#246,.T.);
#244 = VERTEX_POINT('',#245);
#245 = CARTESIAN_POINT('',(27.15,-46.75000000005,5.3));
#246 = CIRCLE('',#247,10.000000000027);
#247 = AXIS2_PLACEMENT_3D('',#248,#249,#250);
#248 = CARTESIAN_POINT('',(27.15,-36.75000000002,5.3));
#249 = DIRECTION('',(0.,0.,1.));
#250 = DIRECTION('',(1.,0.,0.));
#251 = ORIENTED_EDGE('',*,*,#252,.F.);
#252 = EDGE_CURVE('',#176,#244,#253,.T.);
#253 = LINE('',#254,#255);
#254 = CARTESIAN_POINT('',(-27.15000000001,-46.75000000005,5.3));
#255 = VECTOR('',#256,1.);
#256 = DIRECTION('',(1.,0.,0.));
#257 = PLANE('',#258);
#258 = AXIS2_PLACEMENT_3D('',#259,#260,#261);
#259 = CARTESIAN_POINT('',(-27.15,-36.75,5.3));
#260 = DIRECTION('',(0.,0.,1.));
#261 = DIRECTION('',(1.,0.,0.));
#262 = ADVANCED_FACE('',(#263),#290,.T.);
#263 = FACE_BOUND('',#264,.F.);
#264 = EDGE_LOOP('',(#265,#266,#275,#283));
#265 = ORIENTED_EDGE('',*,*,#39,.F.);
#266 = ORIENTED_EDGE('',*,*,#267,.F.);
#267 = EDGE_CURVE('',#268,#32,#270,.T.);
#268 = VERTEX_POINT('',#269);
#269 = CARTESIAN_POINT('',(-38.35,-36.75,1.));
#270 = CIRCLE('',#271,11.2);
#271 = AXIS2_PLACEMENT_3D('',#272,#273,#274);
#272 = CARTESIAN_POINT('',(-27.15,-36.75,1.));
#273 = DIRECTION('',(0.,0.,1.));
#274 = DIRECTION('',(-1.,0.,0.));
#275 = ORIENTED_EDGE('',*,*,#276,.T.);
#276 = EDGE_CURVE('',#268,#277,#279,.T.);
#277 = VERTEX_POINT('',#278);
#278 = CARTESIAN_POINT('',(-38.35,-36.75,5.3));
#279 = LINE('',#280,#281);
#280 = CARTESIAN_POINT('',(-38.35,-36.75,0.));
#281 = VECTOR('',#282,1.);
#282 = DIRECTION('',(0.,0.,1.));
#283 = ORIENTED_EDGE('',*,*,#284,.T.);
#284 = EDGE_CURVE('',#277,#40,#285,.T.);
#285 = CIRCLE('',#286,11.2);
#286 = AXIS2_PLACEMENT_3D('',#287,#288,#289);
#287 = CARTESIAN_POINT('',(-27.15,-36.75,5.3));
#288 = DIRECTION('',(0.,0.,1.));
#289 = DIRECTION('',(1.,0.,0.));
#290 = CYLINDRICAL_SURFACE('',#291,11.2);
#291 = AXIS2_PLACEMENT_3D('',#292,#293,#294);
#292 = CARTESIAN_POINT('',(-27.15,-36.75,0.));
#293 = DIRECTION('',(-0.,-0.,-1.));
#294 = DIRECTION('',(1.,0.,0.));
#295 = ADVANCED_FACE('',(#296),#330,.F.);
#296 = FACE_BOUND('',#297,.F.);
#297 = EDGE_LOOP('',(#298,#299,#307,#315,#323,#329));
#298 = ORIENTED_EDGE('',*,*,#89,.F.);
#299 = ORIENTED_EDGE('',*,*,#300,.T.);
#300 = EDGE_CURVE('',#81,#301,#303,.T.);
#301 = VERTEX_POINT('',#302);
#302 = CARTESIAN_POINT('',(4.32,-45.75,4.8));
#303 = LINE('',#304,#305);
#304 = CARTESIAN_POINT('',(4.32,-47.95,4.8));
#305 = VECTOR('',#306,1.);
#306 = DIRECTION('',(0.,1.,-2.22044604925E-16));
#307 = ORIENTED_EDGE('',*,*,#308,.T.);
#308 = EDGE_CURVE('',#301,#309,#311,.T.);
#309 = VERTEX_POINT('',#310);
#310 = CARTESIAN_POINT('',(4.32,-45.75,6.));
#311 = LINE('',#312,#313);
#312 = CARTESIAN_POINT('',(4.32,-45.75,4.8));
#313 = VECTOR('',#314,1.);
#314 = DIRECTION('',(0.,2.22044604925E-16,1.));
#315 = ORIENTED_EDGE('',*,*,#316,.F.);
#316 = EDGE_CURVE('',#317,#309,#319,.T.);
#317 = VERTEX_POINT('',#318);
#318 = CARTESIAN_POINT('',(4.32,-46.93560163698,6.));
#319 = LINE('',#320,#321);
#320 = CARTESIAN_POINT('',(4.32,-47.95,6.));
#321 = VECTOR('',#322,1.);
#322 = DIRECTION('',(0.,1.,-2.22044604925E-16));
#323 = ORIENTED_EDGE('',*,*,#324,.F.);
#324 = EDGE_CURVE('',#176,#317,#325,.T.);
#325 = LINE('',#326,#327);
#326 = CARTESIAN_POINT('',(4.32,-46.91307984909,5.915058661218));
#327 = VECTOR('',#328,1.);
#328 = DIRECTION('',(0.,-0.256289373133,0.966600102017));
#329 = ORIENTED_EDGE('',*,*,#175,.F.);
#330 = PLANE('',#331);
#331 = AXIS2_PLACEMENT_3D('',#332,#333,#334);
#332 = CARTESIAN_POINT('',(4.32,-47.95,4.8));
#333 = DIRECTION('',(1.,0.,0.));
#334 = DIRECTION('',(0.,2.22044604925E-16,1.));
#335 = ADVANCED_FACE('',(#336),#403,.T.);
#336 = FACE_BOUND('',#337,.T.);
#337 = EDGE_LOOP('',(#338,#348,#356,#362,#363,#364,#372,#380,#389,#397)
  );
#338 = ORIENTED_EDGE('',*,*,#339,.T.);
#339 = EDGE_CURVE('',#340,#342,#344,.T.);
#340 = VERTEX_POINT('',#341);
#341 = CARTESIAN_POINT('',(-37.52120327386,4.13,5.3));
#342 = VERTEX_POINT('',#343);
#343 = CARTESIAN_POINT('',(-37.52120327386,5.13,5.3));
#344 = LINE('',#345,#346);
#345 = CARTESIAN_POINT('',(-37.52120327386,-12.41,5.3));
#346 = VECTOR('',#347,1.);
#347 = DIRECTION('',(0.,1.,0.));
#348 = ORIENTED_EDGE('',*,*,#349,.T.);
#349 = EDGE_CURVE('',#342,#350,#352,.T.);
#350 = VERTEX_POINT('',#351);
#351 = CARTESIAN_POINT('',(-38.35,5.13,5.3));
#352 = LINE('',#353,#354);
#353 = CARTESIAN_POINT('',(-32.75,5.13,5.3));
#354 = VECTOR('',#355,1.);
#355 = DIRECTION('',(-1.,0.,0.));
#356 = ORIENTED_EDGE('',*,*,#357,.T.);
#357 = EDGE_CURVE('',#350,#277,#358,.T.);
#358 = LINE('',#359,#360);
#359 = CARTESIAN_POINT('',(-38.35,36.75,5.3));
#360 = VECTOR('',#361,1.);
#361 = DIRECTION('',(0.,-1.,0.));
#362 = ORIENTED_EDGE('',*,*,#284,.T.);
#363 = ORIENTED_EDGE('',*,*,#47,.T.);
#364 = ORIENTED_EDGE('',*,*,#365,.F.);
#365 = EDGE_CURVE('',#366,#48,#368,.T.);
#366 = VERTEX_POINT('',#367);
#367 = CARTESIAN_POINT('',(-4.82,-46.75000000005,5.3));
#368 = LINE('',#369,#370);
#369 = CARTESIAN_POINT('',(-4.82,-42.35,5.3));
#370 = VECTOR('',#371,1.);
#371 = DIRECTION('',(0.,-1.,0.));
#372 = ORIENTED_EDGE('',*,*,#373,.F.);
#373 = EDGE_CURVE('',#374,#366,#376,.T.);
#374 = VERTEX_POINT('',#375);
#375 = CARTESIAN_POINT('',(-27.15000000001,-46.75000000005,5.3));
#376 = LINE('',#377,#378);
#377 = CARTESIAN_POINT('',(-27.15000000001,-46.75000000005,5.3));
#378 = VECTOR('',#379,1.);
#379 = DIRECTION('',(1.,0.,0.));
#380 = ORIENTED_EDGE('',*,*,#381,.F.);
#381 = EDGE_CURVE('',#382,#374,#384,.T.);
#382 = VERTEX_POINT('',#383);
#383 = CARTESIAN_POINT('',(-37.15000000004,-36.75000000002,5.3));
#384 = CIRCLE('',#385,10.000000000027);
#385 = AXIS2_PLACEMENT_3D('',#386,#387,#388);
#386 = CARTESIAN_POINT('',(-27.15000000001,-36.75000000002,5.3));
#387 = DIRECTION('',(0.,0.,1.));
#388 = DIRECTION('',(1.,0.,0.));
#389 = ORIENTED_EDGE('',*,*,#390,.F.);
#390 = EDGE_CURVE('',#391,#382,#393,.T.);
#391 = VERTEX_POINT('',#392);
#392 = CARTESIAN_POINT('',(-37.15000000004,4.13,5.3));
#393 = LINE('',#394,#395);
#394 = CARTESIAN_POINT('',(-37.15000000004,36.75,5.3));
#395 = VECTOR('',#396,1.);
#396 = DIRECTION('',(0.,-1.,0.));
#397 = ORIENTED_EDGE('',*,*,#398,.T.);
#398 = EDGE_CURVE('',#391,#340,#399,.T.);
#399 = LINE('',#400,#401);
#400 = CARTESIAN_POINT('',(-32.33560163693,4.13,5.3));
#401 = VECTOR('',#402,1.);
#402 = DIRECTION('',(-1.,0.,0.));
#403 = PLANE('',#404);
#404 = AXIS2_PLACEMENT_3D('',#405,#406,#407);
#405 = CARTESIAN_POINT('',(-27.15,-36.75,5.3));
#406 = DIRECTION('',(0.,0.,1.));
#407 = DIRECTION('',(1.,0.,0.));
#408 = ADVANCED_FACE('',(#409),#428,.F.);
#409 = FACE_BOUND('',#410,.F.);
#410 = EDGE_LOOP('',(#411,#419,#426,#427));
#411 = ORIENTED_EDGE('',*,*,#412,.T.);
#412 = EDGE_CURVE('',#73,#413,#415,.T.);
#413 = VERTEX_POINT('',#414);
#414 = CARTESIAN_POINT('',(3.22,-45.75,3.7));
#415 = LINE('',#416,#417);
#416 = CARTESIAN_POINT('',(3.22,-47.95,3.7));
#417 = VECTOR('',#418,1.);
#418 = DIRECTION('',(0.,1.,-2.22044604925E-16));
#419 = ORIENTED_EDGE('',*,*,#420,.T.);
#420 = EDGE_CURVE('',#413,#301,#421,.T.);
#421 = CIRCLE('',#422,1.1);
#422 = AXIS2_PLACEMENT_3D('',#423,#424,#425);
#423 = CARTESIAN_POINT('',(3.22,-45.75,4.8));
#424 = DIRECTION('',(0.,-1.,2.22044604925E-16));
#425 = DIRECTION('',(1.,0.,0.));
#426 = ORIENTED_EDGE('',*,*,#300,.F.);
#427 = ORIENTED_EDGE('',*,*,#80,.F.);
#428 = CYLINDRICAL_SURFACE('',#429,1.1);
#429 = AXIS2_PLACEMENT_3D('',#430,#431,#432);
#430 = CARTESIAN_POINT('',(3.22,-47.95,4.8));
#431 = DIRECTION('',(0.,-1.,2.22044604925E-16));
#432 = DIRECTION('',(1.,0.,0.));
#433 = ADVANCED_FACE('',(#434),#468,.F.);
#434 = FACE_BOUND('',#435,.F.);
#435 = EDGE_LOOP('',(#436,#444,#452,#460,#466,#467));
#436 = ORIENTED_EDGE('',*,*,#437,.F.);
#437 = EDGE_CURVE('',#438,#366,#440,.T.);
#438 = VERTEX_POINT('',#439);
#439 = CARTESIAN_POINT('',(-4.82,-46.93560163698,6.));
#440 = LINE('',#441,#442);
#441 = CARTESIAN_POINT('',(-4.82,-47.06171744962,6.47564811555));
#442 = VECTOR('',#443,1.);
#443 = DIRECTION('',(0.,0.256289373133,-0.966600102017));
#444 = ORIENTED_EDGE('',*,*,#445,.T.);
#445 = EDGE_CURVE('',#438,#446,#448,.T.);
#446 = VERTEX_POINT('',#447);
#447 = CARTESIAN_POINT('',(-4.82,-45.75,6.));
#448 = LINE('',#449,#450);
#449 = CARTESIAN_POINT('',(-4.82,-47.95,6.));
#450 = VECTOR('',#451,1.);
#451 = DIRECTION('',(0.,1.,-2.22044604925E-16));
#452 = ORIENTED_EDGE('',*,*,#453,.T.);
#453 = EDGE_CURVE('',#446,#454,#456,.T.);
#454 = VERTEX_POINT('',#455);
#455 = CARTESIAN_POINT('',(-4.82,-45.75,4.8));
#456 = LINE('',#457,#458);
#457 = CARTESIAN_POINT('',(-4.82,-45.75,6.));
#458 = VECTOR('',#459,1.);
#459 = DIRECTION('',(0.,-2.22044604925E-16,-1.));
#460 = ORIENTED_EDGE('',*,*,#461,.F.);
#461 = EDGE_CURVE('',#56,#454,#462,.T.);
#462 = LINE('',#463,#464);
#463 = CARTESIAN_POINT('',(-4.82,-47.95,4.8));
#464 = VECTOR('',#465,1.);
#465 = DIRECTION('',(0.,1.,-2.22044604925E-16));
#466 = ORIENTED_EDGE('',*,*,#55,.F.);
#467 = ORIENTED_EDGE('',*,*,#365,.F.);
#468 = PLANE('',#469);
#469 = AXIS2_PLACEMENT_3D('',#470,#471,#472);
#470 = CARTESIAN_POINT('',(-4.82,-47.95,6.));
#471 = DIRECTION('',(-1.,0.,0.));
#472 = DIRECTION('',(0.,-2.22044604925E-16,-1.));
#473 = ADVANCED_FACE('',(#474),#492,.F.);
#474 = FACE_BOUND('',#475,.F.);
#475 = EDGE_LOOP('',(#476,#484,#490,#491));
#476 = ORIENTED_EDGE('',*,*,#477,.T.);
#477 = EDGE_CURVE('',#64,#478,#480,.T.);
#478 = VERTEX_POINT('',#479);
#479 = CARTESIAN_POINT('',(-3.72,-45.75,3.7));
#480 = LINE('',#481,#482);
#481 = CARTESIAN_POINT('',(-3.72,-47.95,3.7));
#482 = VECTOR('',#483,1.);
#483 = DIRECTION('',(0.,1.,-2.22044604925E-16));
#484 = ORIENTED_EDGE('',*,*,#485,.T.);
#485 = EDGE_CURVE('',#478,#413,#486,.T.);
#486 = LINE('',#487,#488);
#487 = CARTESIAN_POINT('',(-3.72,-45.75,3.7));
#488 = VECTOR('',#489,1.);
#489 = DIRECTION('',(1.,0.,0.));
#490 = ORIENTED_EDGE('',*,*,#412,.F.);
#491 = ORIENTED_EDGE('',*,*,#72,.F.);
#492 = PLANE('',#493);
#493 = AXIS2_PLACEMENT_3D('',#494,#495,#496);
#494 = CARTESIAN_POINT('',(-3.72,-47.95,3.7));
#495 = DIRECTION('',(0.,-2.22044604925E-16,-1.));
#496 = DIRECTION('',(1.,0.,0.));
#497 = ADVANCED_FACE('',(#498),#510,.F.);
#498 = FACE_BOUND('',#499,.F.);
#499 = EDGE_LOOP('',(#500,#501,#508,#509));
#500 = ORIENTED_EDGE('',*,*,#461,.T.);
#501 = ORIENTED_EDGE('',*,*,#502,.T.);
#502 = EDGE_CURVE('',#454,#478,#503,.T.);
#503 = CIRCLE('',#504,1.1);
#504 = AXIS2_PLACEMENT_3D('',#505,#506,#507);
#505 = CARTESIAN_POINT('',(-3.72,-45.75,4.8));
#506 = DIRECTION('',(0.,-1.,2.22044604925E-16));
#507 = DIRECTION('',(1.,0.,0.));
#508 = ORIENTED_EDGE('',*,*,#477,.F.);
#509 = ORIENTED_EDGE('',*,*,#63,.F.);
#510 = CYLINDRICAL_SURFACE('',#511,1.1);
#511 = AXIS2_PLACEMENT_3D('',#512,#513,#514);
#512 = CARTESIAN_POINT('',(-3.72,-47.95,4.8));
#513 = DIRECTION('',(0.,-1.,2.22044604925E-16));
#514 = DIRECTION('',(1.,0.,0.));
#515 = ADVANCED_FACE('',(#516),#534,.F.);
#516 = FACE_BOUND('',#517,.F.);
#517 = EDGE_LOOP('',(#518,#526,#532,#533));
#518 = ORIENTED_EDGE('',*,*,#519,.F.);
#519 = EDGE_CURVE('',#520,#186,#522,.T.);
#520 = VERTEX_POINT('',#521);
#521 = CARTESIAN_POINT('',(38.35,36.75,1.));
#522 = LINE('',#523,#524);
#523 = CARTESIAN_POINT('',(38.35,36.75,0.));
#524 = VECTOR('',#525,1.);
#525 = DIRECTION('',(0.,0.,1.));
#526 = ORIENTED_EDGE('',*,*,#527,.F.);
#527 = EDGE_CURVE('',#112,#520,#528,.T.);
#528 = LINE('',#529,#530);
#529 = CARTESIAN_POINT('',(38.35,-36.75,1.));
#530 = VECTOR('',#531,1.);
#531 = DIRECTION('',(0.,1.,0.));
#532 = ORIENTED_EDGE('',*,*,#111,.T.);
#533 = ORIENTED_EDGE('',*,*,#185,.T.);
#534 = PLANE('',#535);
#535 = AXIS2_PLACEMENT_3D('',#536,#537,#538);
#536 = CARTESIAN_POINT('',(38.35,-36.75,0.));
#537 = DIRECTION('',(-1.,0.,0.));
#538 = DIRECTION('',(0.,1.,0.));
#539 = ADVANCED_FACE('',(#540),#559,.T.);
#540 = FACE_BOUND('',#541,.T.);
#541 = EDGE_LOOP('',(#542,#543,#552,#558));
#542 = ORIENTED_EDGE('',*,*,#160,.F.);
#543 = ORIENTED_EDGE('',*,*,#544,.T.);
#544 = EDGE_CURVE('',#153,#545,#547,.T.);
#545 = VERTEX_POINT('',#546);
#546 = CARTESIAN_POINT('',(37.35,-36.75,0.));
#547 = CIRCLE('',#548,10.2);
#548 = AXIS2_PLACEMENT_3D('',#549,#550,#551);
#549 = CARTESIAN_POINT('',(27.15,-36.75,0.));
#550 = DIRECTION('',(0.,0.,1.));
#551 = DIRECTION('',(-3.172065784643E-16,-1.,0.));
#552 = ORIENTED_EDGE('',*,*,#553,.T.);
#553 = EDGE_CURVE('',#545,#112,#554,.T.);
#554 = LINE('',#555,#556);
#555 = CARTESIAN_POINT('',(38.35,-36.75,1.));
#556 = VECTOR('',#557,1.);
#557 = DIRECTION('',(0.707106781187,-2.675967254809E-16,0.707106781187)
  );
#558 = ORIENTED_EDGE('',*,*,#121,.F.);
#559 = CONICAL_SURFACE('',#560,11.2,0.785398163397);
#560 = AXIS2_PLACEMENT_3D('',#561,#562,#563);
#561 = CARTESIAN_POINT('',(27.15,-36.75,1.));
#562 = DIRECTION('',(0.,0.,1.));
#563 = DIRECTION('',(-3.172065784643E-16,-1.,0.));
#564 = ADVANCED_FACE('',(#565),#584,.T.);
#565 = FACE_BOUND('',#566,.T.);
#566 = EDGE_LOOP('',(#567,#575,#582,#583));
#567 = ORIENTED_EDGE('',*,*,#568,.F.);
#568 = EDGE_CURVE('',#569,#268,#571,.T.);
#569 = VERTEX_POINT('',#570);
#570 = CARTESIAN_POINT('',(-37.35,-36.75,-1.554312234475E-15));
#571 = LINE('',#572,#573);
#572 = CARTESIAN_POINT('',(-37.85,-36.75,0.5));
#573 = VECTOR('',#574,1.);
#574 = DIRECTION('',(-0.707106781187,0.,0.707106781187));
#575 = ORIENTED_EDGE('',*,*,#576,.T.);
#576 = EDGE_CURVE('',#569,#145,#577,.T.);
#577 = CIRCLE('',#578,10.2);
#578 = AXIS2_PLACEMENT_3D('',#579,#580,#581);
#579 = CARTESIAN_POINT('',(-27.15,-36.75,0.));
#580 = DIRECTION('',(0.,0.,1.));
#581 = DIRECTION('',(-1.,0.,0.));
#582 = ORIENTED_EDGE('',*,*,#144,.T.);
#583 = ORIENTED_EDGE('',*,*,#267,.F.);
#584 = CONICAL_SURFACE('',#585,11.2,0.785398163397);
#585 = AXIS2_PLACEMENT_3D('',#586,#587,#588);
#586 = CARTESIAN_POINT('',(-27.15,-36.75,1.));
#587 = DIRECTION('',(0.,0.,1.));
#588 = DIRECTION('',(-1.,0.,0.));
#589 = ADVANCED_FACE('',(#590),#635,.F.);
#590 = FACE_BOUND('',#591,.F.);
#591 = EDGE_LOOP('',(#592,#603,#609,#610,#611,#612,#620,#629));
#592 = ORIENTED_EDGE('',*,*,#593,.T.);
#593 = EDGE_CURVE('',#594,#596,#598,.T.);
#594 = VERTEX_POINT('',#595);
#595 = CARTESIAN_POINT('',(-27.15,46.95,0.));
#596 = VERTEX_POINT('',#597);
#597 = CARTESIAN_POINT('',(-37.35,36.75,0.));
#598 = CIRCLE('',#599,10.2);
#599 = AXIS2_PLACEMENT_3D('',#600,#601,#602);
#600 = CARTESIAN_POINT('',(-27.15,36.75,0.));
#601 = DIRECTION('',(0.,-0.,1.));
#602 = DIRECTION('',(0.,1.,0.));
#603 = ORIENTED_EDGE('',*,*,#604,.T.);
#604 = EDGE_CURVE('',#596,#569,#605,.T.);
#605 = LINE('',#606,#607);
#606 = CARTESIAN_POINT('',(-37.35,36.75,0.));
#607 = VECTOR('',#608,1.);
#608 = DIRECTION('',(0.,-1.,0.));
#609 = ORIENTED_EDGE('',*,*,#576,.T.);
#610 = ORIENTED_EDGE('',*,*,#152,.T.);
#611 = ORIENTED_EDGE('',*,*,#544,.T.);
#612 = ORIENTED_EDGE('',*,*,#613,.T.);
#613 = EDGE_CURVE('',#545,#614,#616,.T.);
#614 = VERTEX_POINT('',#615);
#615 = CARTESIAN_POINT('',(37.35,36.75,9.436895709314E-16));
#616 = LINE('',#617,#618);
#617 = CARTESIAN_POINT('',(37.35,-36.75,0.));
#618 = VECTOR('',#619,1.);
#619 = DIRECTION('',(0.,1.,0.));
#620 = ORIENTED_EDGE('',*,*,#621,.T.);
#621 = EDGE_CURVE('',#614,#622,#624,.T.);
#622 = VERTEX_POINT('',#623);
#623 = CARTESIAN_POINT('',(27.15,46.95,0.));
#624 = CIRCLE('',#625,10.2);
#625 = AXIS2_PLACEMENT_3D('',#626,#627,#628);
#626 = CARTESIAN_POINT('',(27.15,36.75,0.));
#627 = DIRECTION('',(0.,0.,1.));
#628 = DIRECTION('',(1.,0.,0.));
#629 = ORIENTED_EDGE('',*,*,#630,.T.);
#630 = EDGE_CURVE('',#622,#594,#631,.T.);
#631 = LINE('',#632,#633);
#632 = CARTESIAN_POINT('',(27.15,46.95,0.));
#633 = VECTOR('',#634,1.);
#634 = DIRECTION('',(-1.,0.,0.));
#635 = PLANE('',#636);
#636 = AXIS2_PLACEMENT_3D('',#637,#638,#639);
#637 = CARTESIAN_POINT('',(-6.861335155704E-15,0.,0.));
#638 = DIRECTION('',(0.,0.,1.));
#639 = DIRECTION('',(1.,0.,0.));
#640 = ADVANCED_FACE('',(#641),#667,.T.);
#641 = FACE_BOUND('',#642,.T.);
#642 = EDGE_LOOP('',(#643,#644,#645,#652,#660));
#643 = ORIENTED_EDGE('',*,*,#324,.F.);
#644 = ORIENTED_EDGE('',*,*,#252,.T.);
#645 = ORIENTED_EDGE('',*,*,#646,.T.);
#646 = EDGE_CURVE('',#244,#647,#649,.T.);
#647 = VERTEX_POINT('',#648);
#648 = CARTESIAN_POINT('',(27.15,-47.12120327391,6.7));
#649 = B_SPLINE_CURVE_WITH_KNOTS('',1,(#650,#651),.UNSPECIFIED.,.F.,.F.,
  (2,2),(0.,1.),.PIECEWISE_BEZIER_KNOTS.);
#650 = CARTESIAN_POINT('',(27.15,-46.75000000005,5.3));
#651 = CARTESIAN_POINT('',(27.15,-47.12120327391,6.7));
#652 = ORIENTED_EDGE('',*,*,#653,.F.);
#653 = EDGE_CURVE('',#654,#647,#656,.T.);
#654 = VERTEX_POINT('',#655);
#655 = CARTESIAN_POINT('',(4.068528137424,-47.12120327391,6.7));
#656 = LINE('',#657,#658);
#657 = CARTESIAN_POINT('',(-27.15000000001,-47.12120327391,6.7));
#658 = VECTOR('',#659,1.);
#659 = DIRECTION('',(1.,0.,0.));
#660 = ORIENTED_EDGE('',*,*,#661,.F.);
#661 = EDGE_CURVE('',#317,#654,#662,.T.);
#662 = ELLIPSE('',#663,1.13800939779,1.1);
#663 = AXIS2_PLACEMENT_3D('',#664,#665,#666);
#664 = CARTESIAN_POINT('',(3.22,-46.93560163698,6.));
#665 = DIRECTION('',(-0.,-0.966600102017,-0.256289373133));
#666 = DIRECTION('',(0.,-0.256289373133,0.966600102017));
#667 = PLANE('',#668);
#668 = AXIS2_PLACEMENT_3D('',#669,#670,#671);
#669 = CARTESIAN_POINT('',(-27.15000000001,-47.12120327391,6.7));
#670 = DIRECTION('',(0.,-0.966600102017,-0.256289373133));
#671 = DIRECTION('',(1.,0.,0.));
#672 = ADVANCED_FACE('',(#673),#691,.T.);
#673 = FACE_BOUND('',#674,.T.);
#674 = EDGE_LOOP('',(#675,#676,#683,#690));
#675 = ORIENTED_EDGE('',*,*,#243,.T.);
#676 = ORIENTED_EDGE('',*,*,#677,.T.);
#677 = EDGE_CURVE('',#236,#678,#680,.T.);
#678 = VERTEX_POINT('',#679);
#679 = CARTESIAN_POINT('',(37.521203273892,-36.75000000002,6.7));
#680 = B_SPLINE_CURVE_WITH_KNOTS('',1,(#681,#682),.UNSPECIFIED.,.F.,.F.,
  (2,2),(0.,1.),.PIECEWISE_BEZIER_KNOTS.);
#681 = CARTESIAN_POINT('',(37.150000000027,-36.75000000002,5.3));
#682 = CARTESIAN_POINT('',(37.521203273892,-36.75000000002,6.7));
#683 = ORIENTED_EDGE('',*,*,#684,.F.);
#684 = EDGE_CURVE('',#647,#678,#685,.T.);
#685 = CIRCLE('',#686,10.371203273892);
#686 = AXIS2_PLACEMENT_3D('',#687,#688,#689);
#687 = CARTESIAN_POINT('',(27.15,-36.75000000002,6.7));
#688 = DIRECTION('',(0.,0.,1.));
#689 = DIRECTION('',(1.,0.,0.));
#690 = ORIENTED_EDGE('',*,*,#646,.F.);
#691 = CONICAL_SURFACE('',#692,10.000000000027,0.259181393921);
#692 = AXIS2_PLACEMENT_3D('',#693,#694,#695);
#693 = CARTESIAN_POINT('',(27.15,-36.75000000002,5.3));
#694 = DIRECTION('',(0.,0.,1.));
#695 = DIRECTION('',(1.,0.,0.));
#696 = ADVANCED_FACE('',(#697),#714,.T.);
#697 = FACE_BOUND('',#698,.T.);
#698 = EDGE_LOOP('',(#699,#700,#707,#713));
#699 = ORIENTED_EDGE('',*,*,#235,.T.);
#700 = ORIENTED_EDGE('',*,*,#701,.T.);
#701 = EDGE_CURVE('',#227,#702,#704,.T.);
#702 = VERTEX_POINT('',#703);
#703 = CARTESIAN_POINT('',(37.521203273892,36.75,6.7));
#704 = B_SPLINE_CURVE_WITH_KNOTS('',1,(#705,#706),.UNSPECIFIED.,.F.,.F.,
  (2,2),(0.,1.),.PIECEWISE_BEZIER_KNOTS.);
#705 = CARTESIAN_POINT('',(37.150000000027,36.75,5.3));
#706 = CARTESIAN_POINT('',(37.521203273892,36.75,6.7));
#707 = ORIENTED_EDGE('',*,*,#708,.F.);
#708 = EDGE_CURVE('',#678,#702,#709,.T.);
#709 = LINE('',#710,#711);
#710 = CARTESIAN_POINT('',(37.521203273892,-36.75000000002,6.7));
#711 = VECTOR('',#712,1.);
#712 = DIRECTION('',(0.,1.,0.));
#713 = ORIENTED_EDGE('',*,*,#677,.F.);
#714 = PLANE('',#715);
#715 = AXIS2_PLACEMENT_3D('',#716,#717,#718);
#716 = CARTESIAN_POINT('',(37.521203273892,-36.75000000002,6.7));
#717 = DIRECTION('',(0.966600102017,0.,-0.256289373133));
#718 = DIRECTION('',(0.,1.,0.));
#719 = ADVANCED_FACE('',(#720),#738,.T.);
#720 = FACE_BOUND('',#721,.T.);
#721 = EDGE_LOOP('',(#722,#723,#730,#737));
#722 = ORIENTED_EDGE('',*,*,#226,.T.);
#723 = ORIENTED_EDGE('',*,*,#724,.T.);
#724 = EDGE_CURVE('',#219,#725,#727,.T.);
#725 = VERTEX_POINT('',#726);
#726 = CARTESIAN_POINT('',(27.15,47.121203273892,6.7));
#727 = B_SPLINE_CURVE_WITH_KNOTS('',1,(#728,#729),.UNSPECIFIED.,.F.,.F.,
  (2,2),(0.,1.),.PIECEWISE_BEZIER_KNOTS.);
#728 = CARTESIAN_POINT('',(27.15,46.750000000027,5.3));
#729 = CARTESIAN_POINT('',(27.15,47.121203273892,6.7));
#730 = ORIENTED_EDGE('',*,*,#731,.F.);
#731 = EDGE_CURVE('',#702,#725,#732,.T.);
#732 = CIRCLE('',#733,10.371203273892);
#733 = AXIS2_PLACEMENT_3D('',#734,#735,#736);
#734 = CARTESIAN_POINT('',(27.15,36.75,6.7));
#735 = DIRECTION('',(0.,0.,1.));
#736 = DIRECTION('',(1.,0.,0.));
#737 = ORIENTED_EDGE('',*,*,#701,.F.);
#738 = CONICAL_SURFACE('',#739,10.000000000027,0.259181393921);
#739 = AXIS2_PLACEMENT_3D('',#740,#741,#742);
#740 = CARTESIAN_POINT('',(27.15,36.75,5.3));
#741 = DIRECTION('',(0.,0.,1.));
#742 = DIRECTION('',(1.,0.,0.));
#743 = ADVANCED_FACE('',(#744),#772,.T.);
#744 = FACE_BOUND('',#745,.T.);
#745 = EDGE_LOOP('',(#746,#747,#748,#757,#766));
#746 = ORIENTED_EDGE('',*,*,#724,.F.);
#747 = ORIENTED_EDGE('',*,*,#218,.T.);
#748 = ORIENTED_EDGE('',*,*,#749,.F.);
#749 = EDGE_CURVE('',#750,#211,#752,.T.);
#750 = VERTEX_POINT('',#751);
#751 = CARTESIAN_POINT('',(21.1,47.015145195645,6.3));
#752 = ELLIPSE('',#753,2.793295794575,2.7);
#753 = AXIS2_PLACEMENT_3D('',#754,#755,#756);
#754 = CARTESIAN_POINT('',(18.4,47.015145195645,6.3));
#755 = DIRECTION('',(0.,0.966600102017,-0.256289373133));
#756 = DIRECTION('',(0.,0.256289373133,0.966600102017));
#757 = ORIENTED_EDGE('',*,*,#758,.F.);
#758 = EDGE_CURVE('',#759,#750,#761,.T.);
#759 = VERTEX_POINT('',#760);
#760 = CARTESIAN_POINT('',(21.070205984564,47.121203273892,6.7));
#761 = ELLIPSE('',#762,2.793295794575,2.7);
#762 = AXIS2_PLACEMENT_3D('',#763,#764,#765);
#763 = CARTESIAN_POINT('',(18.4,47.015145195645,6.3));
#764 = DIRECTION('',(0.,0.966600102017,-0.256289373133));
#765 = DIRECTION('',(0.,0.256289373133,0.966600102017));
#766 = ORIENTED_EDGE('',*,*,#767,.F.);
#767 = EDGE_CURVE('',#725,#759,#768,.T.);
#768 = LINE('',#769,#770);
#769 = CARTESIAN_POINT('',(27.15,47.121203273892,6.7));
#770 = VECTOR('',#771,1.);
#771 = DIRECTION('',(-1.,0.,0.));
#772 = PLANE('',#773);
#773 = AXIS2_PLACEMENT_3D('',#774,#775,#776);
#774 = CARTESIAN_POINT('',(27.15,47.121203273892,6.7));
#775 = DIRECTION('',(0.,0.966600102017,-0.256289373133));
#776 = DIRECTION('',(-1.,0.,0.));
#777 = ADVANCED_FACE('',(#778),#841,.F.);
#778 = FACE_BOUND('',#779,.T.);
#779 = EDGE_LOOP('',(#780,#791,#797,#798,#799,#800,#809,#817,#826,#834)
  );
#780 = ORIENTED_EDGE('',*,*,#781,.T.);
#781 = EDGE_CURVE('',#782,#784,#786,.T.);
#782 = VERTEX_POINT('',#783);
#783 = CARTESIAN_POINT('',(21.1,45.75,6.3));
#784 = VERTEX_POINT('',#785);
#785 = CARTESIAN_POINT('',(21.070205984564,45.75,6.7));
#786 = CIRCLE('',#787,2.7);
#787 = AXIS2_PLACEMENT_3D('',#788,#789,#790);
#788 = CARTESIAN_POINT('',(18.4,45.75,6.3));
#789 = DIRECTION('',(0.,-1.,2.22044604925E-16));
#790 = DIRECTION('',(1.,0.,0.));
#791 = ORIENTED_EDGE('',*,*,#792,.T.);
#792 = EDGE_CURVE('',#784,#759,#793,.T.);
#793 = LINE('',#794,#795);
#794 = CARTESIAN_POINT('',(21.070205984564,47.95,6.7));
#795 = VECTOR('',#796,1.);
#796 = DIRECTION('',(0.,1.,-2.22044604925E-16));
#797 = ORIENTED_EDGE('',*,*,#758,.T.);
#798 = ORIENTED_EDGE('',*,*,#749,.T.);
#799 = ORIENTED_EDGE('',*,*,#210,.T.);
#800 = ORIENTED_EDGE('',*,*,#801,.F.);
#801 = EDGE_CURVE('',#802,#203,#804,.T.);
#802 = VERTEX_POINT('',#803);
#803 = CARTESIAN_POINT('',(15.892012759203,47.95,5.3));
#804 = CIRCLE('',#805,2.7);
#805 = AXIS2_PLACEMENT_3D('',#806,#807,#808);
#806 = CARTESIAN_POINT('',(18.4,47.95,6.3));
#807 = DIRECTION('',(0.,-1.,2.22044604925E-16));
#808 = DIRECTION('',(1.,0.,0.));
#809 = ORIENTED_EDGE('',*,*,#810,.F.);
#810 = EDGE_CURVE('',#811,#802,#813,.T.);
#811 = VERTEX_POINT('',#812);
#812 = CARTESIAN_POINT('',(15.892012759203,46.750000000027,5.3));
#813 = LINE('',#814,#815);
#814 = CARTESIAN_POINT('',(15.892012759203,47.95,5.3));
#815 = VECTOR('',#816,1.);
#816 = DIRECTION('',(0.,1.,-2.22044604925E-16));
#817 = ORIENTED_EDGE('',*,*,#818,.T.);
#818 = EDGE_CURVE('',#811,#819,#821,.T.);
#819 = VERTEX_POINT('',#820);
#820 = CARTESIAN_POINT('',(15.729794015436,47.121203273892,6.7));
#821 = ELLIPSE('',#822,2.793295794575,2.7);
#822 = AXIS2_PLACEMENT_3D('',#823,#824,#825);
#823 = CARTESIAN_POINT('',(18.4,47.015145195645,6.3));
#824 = DIRECTION('',(0.,0.966600102017,-0.256289373133));
#825 = DIRECTION('',(0.,0.256289373133,0.966600102017));
#826 = ORIENTED_EDGE('',*,*,#827,.F.);
#827 = EDGE_CURVE('',#828,#819,#830,.T.);
#828 = VERTEX_POINT('',#829);
#829 = CARTESIAN_POINT('',(15.729794015436,45.75,6.7));
#830 = LINE('',#831,#832);
#831 = CARTESIAN_POINT('',(15.729794015436,47.95,6.7));
#832 = VECTOR('',#833,1.);
#833 = DIRECTION('',(0.,1.,-2.22044604925E-16));
#834 = ORIENTED_EDGE('',*,*,#835,.T.);
#835 = EDGE_CURVE('',#828,#782,#836,.T.);
#836 = CIRCLE('',#837,2.7);
#837 = AXIS2_PLACEMENT_3D('',#838,#839,#840);
#838 = CARTESIAN_POINT('',(18.4,45.75,6.3));
#839 = DIRECTION('',(0.,-1.,2.22044604925E-16));
#840 = DIRECTION('',(1.,0.,0.));
#841 = CYLINDRICAL_SURFACE('',#842,2.7);
#842 = AXIS2_PLACEMENT_3D('',#843,#844,#845);
#843 = CARTESIAN_POINT('',(18.4,47.95,6.3));
#844 = DIRECTION('',(0.,1.,-2.22044604925E-16));
#845 = DIRECTION('',(1.,0.,0.));
#846 = ADVANCED_FACE('',(#847),#898,.F.);
#847 = FACE_BOUND('',#848,.F.);
#848 = EDGE_LOOP('',(#849,#859,#867,#873,#874,#875,#883,#892));
#849 = ORIENTED_EDGE('',*,*,#850,.F.);
#850 = EDGE_CURVE('',#851,#853,#855,.T.);
#851 = VERTEX_POINT('',#852);
#852 = CARTESIAN_POINT('',(-27.15,47.95,1.));
#853 = VERTEX_POINT('',#854);
#854 = CARTESIAN_POINT('',(-27.15,47.95,5.3));
#855 = LINE('',#856,#857);
#856 = CARTESIAN_POINT('',(-27.15,47.95,0.));
#857 = VECTOR('',#858,1.);
#858 = DIRECTION('',(0.,0.,1.));
#859 = ORIENTED_EDGE('',*,*,#860,.F.);
#860 = EDGE_CURVE('',#861,#851,#863,.T.);
#861 = VERTEX_POINT('',#862);
#862 = CARTESIAN_POINT('',(27.15,47.95,1.));
#863 = LINE('',#864,#865);
#864 = CARTESIAN_POINT('',(27.15,47.95,1.));
#865 = VECTOR('',#866,1.);
#866 = DIRECTION('',(-1.,0.,0.));
#867 = ORIENTED_EDGE('',*,*,#868,.T.);
#868 = EDGE_CURVE('',#861,#194,#869,.T.);
#869 = LINE('',#870,#871);
#870 = CARTESIAN_POINT('',(27.15,47.95,0.));
#871 = VECTOR('',#872,1.);
#872 = DIRECTION('',(0.,0.,1.));
#873 = ORIENTED_EDGE('',*,*,#202,.T.);
#874 = ORIENTED_EDGE('',*,*,#801,.F.);
#875 = ORIENTED_EDGE('',*,*,#876,.T.);
#876 = EDGE_CURVE('',#802,#877,#879,.T.);
#877 = VERTEX_POINT('',#878);
#878 = CARTESIAN_POINT('',(9.155749299439,47.95,5.3));
#879 = LINE('',#880,#881);
#880 = CARTESIAN_POINT('',(27.15,47.95,5.3));
#881 = VECTOR('',#882,1.);
#882 = DIRECTION('',(-1.,0.,0.));
#883 = ORIENTED_EDGE('',*,*,#884,.F.);
#884 = EDGE_CURVE('',#885,#877,#887,.T.);
#885 = VERTEX_POINT('',#886);
#886 = CARTESIAN_POINT('',(4.784250700561,47.95,5.3));
#887 = CIRCLE('',#888,2.2);
#888 = AXIS2_PLACEMENT_3D('',#889,#890,#891);
#889 = CARTESIAN_POINT('',(6.97,47.95,5.55));
#890 = DIRECTION('',(0.,-1.,2.22044604925E-16));
#891 = DIRECTION('',(1.,0.,0.));
#892 = ORIENTED_EDGE('',*,*,#893,.T.);
#893 = EDGE_CURVE('',#885,#853,#894,.T.);
#894 = LINE('',#895,#896);
#895 = CARTESIAN_POINT('',(27.15,47.95,5.3));
#896 = VECTOR('',#897,1.);
#897 = DIRECTION('',(-1.,0.,0.));
#898 = PLANE('',#899);
#899 = AXIS2_PLACEMENT_3D('',#900,#901,#902);
#900 = CARTESIAN_POINT('',(27.15,47.95,0.));
#901 = DIRECTION('',(0.,-1.,0.));
#902 = DIRECTION('',(-1.,0.,0.));
#903 = ADVANCED_FACE('',(#904),#916,.T.);
#904 = FACE_BOUND('',#905,.F.);
#905 = EDGE_LOOP('',(#906,#907,#914,#915));
#906 = ORIENTED_EDGE('',*,*,#868,.F.);
#907 = ORIENTED_EDGE('',*,*,#908,.F.);
#908 = EDGE_CURVE('',#520,#861,#909,.T.);
#909 = CIRCLE('',#910,11.2);
#910 = AXIS2_PLACEMENT_3D('',#911,#912,#913);
#911 = CARTESIAN_POINT('',(27.15,36.75,1.));
#912 = DIRECTION('',(0.,0.,1.));
#913 = DIRECTION('',(1.,0.,0.));
#914 = ORIENTED_EDGE('',*,*,#519,.T.);
#915 = ORIENTED_EDGE('',*,*,#193,.T.);
#916 = CYLINDRICAL_SURFACE('',#917,11.2);
#917 = AXIS2_PLACEMENT_3D('',#918,#919,#920);
#918 = CARTESIAN_POINT('',(27.15,36.75,0.));
#919 = DIRECTION('',(-0.,-0.,-1.));
#920 = DIRECTION('',(1.,0.,0.));
#921 = ADVANCED_FACE('',(#922),#1036,.F.);
#922 = FACE_BOUND('',#923,.F.);
#923 = EDGE_LOOP('',(#924,#925,#933,#941,#949,#957,#965,#973,#981,#989,
    #997,#1005,#1013,#1021,#1029,#1035));
#924 = ORIENTED_EDGE('',*,*,#276,.F.);
#925 = ORIENTED_EDGE('',*,*,#926,.F.);
#926 = EDGE_CURVE('',#927,#268,#929,.T.);
#927 = VERTEX_POINT('',#928);
#928 = CARTESIAN_POINT('',(-38.35,36.75,1.));
#929 = LINE('',#930,#931);
#930 = CARTESIAN_POINT('',(-38.35,36.75,1.));
#931 = VECTOR('',#932,1.);
#932 = DIRECTION('',(0.,-1.,0.));
#933 = ORIENTED_EDGE('',*,*,#934,.T.);
#934 = EDGE_CURVE('',#927,#935,#937,.T.);
#935 = VERTEX_POINT('',#936);
#936 = CARTESIAN_POINT('',(-38.35,36.75,5.3));
#937 = LINE('',#938,#939);
#938 = CARTESIAN_POINT('',(-38.35,36.75,0.));
#939 = VECTOR('',#940,1.);
#940 = DIRECTION('',(0.,0.,1.));
#941 = ORIENTED_EDGE('',*,*,#942,.T.);
#942 = EDGE_CURVE('',#935,#943,#945,.T.);
#943 = VERTEX_POINT('',#944);
#944 = CARTESIAN_POINT('',(-38.35,30.45,5.3));
#945 = LINE('',#946,#947);
#946 = CARTESIAN_POINT('',(-38.35,36.75,5.3));
#947 = VECTOR('',#948,1.);
#948 = DIRECTION('',(0.,-1.,0.));
#949 = ORIENTED_EDGE('',*,*,#950,.F.);
#950 = EDGE_CURVE('',#951,#943,#953,.T.);
#951 = VERTEX_POINT('',#952);
#952 = CARTESIAN_POINT('',(-38.35,30.45,2.2));
#953 = LINE('',#954,#955);
#954 = CARTESIAN_POINT('',(-38.35,30.45,2.2));
#955 = VECTOR('',#956,1.);
#956 = DIRECTION('',(0.,0.,1.));
#957 = ORIENTED_EDGE('',*,*,#958,.F.);
#958 = EDGE_CURVE('',#959,#951,#961,.T.);
#959 = VERTEX_POINT('',#960);
#960 = CARTESIAN_POINT('',(-38.35,23.25,2.2));
#961 = LINE('',#962,#963);
#962 = CARTESIAN_POINT('',(-38.35,23.25,2.2));
#963 = VECTOR('',#964,1.);
#964 = DIRECTION('',(0.,1.,0.));
#965 = ORIENTED_EDGE('',*,*,#966,.F.);
#966 = EDGE_CURVE('',#967,#959,#969,.T.);
#967 = VERTEX_POINT('',#968);
#968 = CARTESIAN_POINT('',(-38.35,23.25,5.3));
#969 = LINE('',#970,#971);
#970 = CARTESIAN_POINT('',(-38.35,23.25,9.8));
#971 = VECTOR('',#972,1.);
#972 = DIRECTION('',(0.,0.,-1.));
#973 = ORIENTED_EDGE('',*,*,#974,.T.);
#974 = EDGE_CURVE('',#967,#975,#977,.T.);
#975 = VERTEX_POINT('',#976);
#976 = CARTESIAN_POINT('',(-38.35,18.729999999982,5.3));
#977 = LINE('',#978,#979);
#978 = CARTESIAN_POINT('',(-38.35,36.75,5.3));
#979 = VECTOR('',#980,1.);
#980 = DIRECTION('',(0.,-1.,0.));
#981 = ORIENTED_EDGE('',*,*,#982,.F.);
#982 = EDGE_CURVE('',#983,#975,#985,.T.);
#983 = VERTEX_POINT('',#984);
#984 = CARTESIAN_POINT('',(-38.35,18.729999999982,2.2));
#985 = LINE('',#986,#987);
#986 = CARTESIAN_POINT('',(-38.35,18.729999999982,2.2));
#987 = VECTOR('',#988,1.);
#988 = DIRECTION('',(0.,0.,1.));
#989 = ORIENTED_EDGE('',*,*,#990,.F.);
#990 = EDGE_CURVE('',#991,#983,#993,.T.);
#991 = VERTEX_POINT('',#992);
#992 = CARTESIAN_POINT('',(-38.35,14.030000000018,2.2));
#993 = LINE('',#994,#995);
#994 = CARTESIAN_POINT('',(-38.35,14.030000000018,2.2));
#995 = VECTOR('',#996,1.);
#996 = DIRECTION('',(0.,1.,0.));
#997 = ORIENTED_EDGE('',*,*,#998,.F.);
#998 = EDGE_CURVE('',#999,#991,#1001,.T.);
#999 = VERTEX_POINT('',#1000);
#1000 = CARTESIAN_POINT('',(-38.35,14.030000000018,5.3));
#1001 = LINE('',#1002,#1003);
#1002 = CARTESIAN_POINT('',(-38.35,14.030000000018,9.8));
#1003 = VECTOR('',#1004,1.);
#1004 = DIRECTION('',(0.,0.,-1.));
#1005 = ORIENTED_EDGE('',*,*,#1006,.T.);
#1006 = EDGE_CURVE('',#999,#1007,#1009,.T.);
#1007 = VERTEX_POINT('',#1008);
#1008 = CARTESIAN_POINT('',(-38.35,9.83,5.3));
#1009 = LINE('',#1010,#1011);
#1010 = CARTESIAN_POINT('',(-38.35,36.75,5.3));
#1011 = VECTOR('',#1012,1.);
#1012 = DIRECTION('',(0.,-1.,0.));
#1013 = ORIENTED_EDGE('',*,*,#1014,.F.);
#1014 = EDGE_CURVE('',#1015,#1007,#1017,.T.);
#1015 = VERTEX_POINT('',#1016);
#1016 = CARTESIAN_POINT('',(-38.35,9.83,2.2));
#1017 = LINE('',#1018,#1019);
#1018 = CARTESIAN_POINT('',(-38.35,9.83,2.2));
#1019 = VECTOR('',#1020,1.);
#1020 = DIRECTION('',(0.,0.,1.));
#1021 = ORIENTED_EDGE('',*,*,#1022,.F.);
#1022 = EDGE_CURVE('',#1023,#1015,#1025,.T.);
#1023 = VERTEX_POINT('',#1024);
#1024 = CARTESIAN_POINT('',(-38.35,5.13,2.2));
#1025 = LINE('',#1026,#1027);
#1026 = CARTESIAN_POINT('',(-38.35,5.13,2.2));
#1027 = VECTOR('',#1028,1.);
#1028 = DIRECTION('',(0.,1.,0.));
#1029 = ORIENTED_EDGE('',*,*,#1030,.F.);
#1030 = EDGE_CURVE('',#350,#1023,#1031,.T.);
#1031 = LINE('',#1032,#1033);
#1032 = CARTESIAN_POINT('',(-38.35,5.13,9.8));
#1033 = VECTOR('',#1034,1.);
#1034 = DIRECTION('',(0.,0.,-1.));
#1035 = ORIENTED_EDGE('',*,*,#357,.T.);
#1036 = PLANE('',#1037);
#1037 = AXIS2_PLACEMENT_3D('',#1038,#1039,#1040);
#1038 = CARTESIAN_POINT('',(-38.35,36.75,0.));
#1039 = DIRECTION('',(1.,0.,0.));
#1040 = DIRECTION('',(0.,-1.,0.));
#1041 = ADVANCED_FACE('',(#1042),#1061,.F.);
#1042 = FACE_BOUND('',#1043,.F.);
#1043 = EDGE_LOOP('',(#1044,#1045,#1046,#1055));
#1044 = ORIENTED_EDGE('',*,*,#661,.F.);
#1045 = ORIENTED_EDGE('',*,*,#316,.T.);
#1046 = ORIENTED_EDGE('',*,*,#1047,.T.);
#1047 = EDGE_CURVE('',#309,#1048,#1050,.T.);
#1048 = VERTEX_POINT('',#1049);
#1049 = CARTESIAN_POINT('',(4.068528137424,-45.75,6.7));
#1050 = CIRCLE('',#1051,1.1);
#1051 = AXIS2_PLACEMENT_3D('',#1052,#1053,#1054);
#1052 = CARTESIAN_POINT('',(3.22,-45.75,6.));
#1053 = DIRECTION('',(0.,-1.,2.22044604925E-16));
#1054 = DIRECTION('',(1.,0.,0.));
#1055 = ORIENTED_EDGE('',*,*,#1056,.T.);
#1056 = EDGE_CURVE('',#1048,#654,#1057,.T.);
#1057 = LINE('',#1058,#1059);
#1058 = CARTESIAN_POINT('',(4.068528137424,-47.95,6.7));
#1059 = VECTOR('',#1060,1.);
#1060 = DIRECTION('',(0.,-1.,2.22044604925E-16));
#1061 = CYLINDRICAL_SURFACE('',#1062,1.1);
#1062 = AXIS2_PLACEMENT_3D('',#1063,#1064,#1065);
#1063 = CARTESIAN_POINT('',(3.22,-47.95,6.));
#1064 = DIRECTION('',(0.,-1.,2.22044604925E-16));
#1065 = DIRECTION('',(1.,0.,0.));
#1066 = ADVANCED_FACE('',(#1067),#1122,.F.);
#1067 = FACE_BOUND('',#1068,.F.);
#1068 = EDGE_LOOP('',(#1069,#1079,#1087,#1095,#1103,#1109,#1110,#1111,
    #1112,#1113,#1114,#1115));
#1069 = ORIENTED_EDGE('',*,*,#1070,.F.);
#1070 = EDGE_CURVE('',#1071,#1073,#1075,.T.);
#1071 = VERTEX_POINT('',#1072);
#1072 = CARTESIAN_POINT('',(-27.15,-45.75,6.7));
#1073 = VERTEX_POINT('',#1074);
#1074 = CARTESIAN_POINT('',(-4.568528137424,-45.75,6.7));
#1075 = LINE('',#1076,#1077);
#1076 = CARTESIAN_POINT('',(-27.15,-45.75,6.7));
#1077 = VECTOR('',#1078,1.);
#1078 = DIRECTION('',(1.,0.,0.));
#1079 = ORIENTED_EDGE('',*,*,#1080,.T.);
#1080 = EDGE_CURVE('',#1071,#1081,#1083,.T.);
#1081 = VERTEX_POINT('',#1082);
#1082 = CARTESIAN_POINT('',(-27.15,-45.75,2.2));
#1083 = LINE('',#1084,#1085);
#1084 = CARTESIAN_POINT('',(-27.15,-45.75,6.7));
#1085 = VECTOR('',#1086,1.);
#1086 = DIRECTION('',(-0.,-0.,-1.));
#1087 = ORIENTED_EDGE('',*,*,#1088,.T.);
#1088 = EDGE_CURVE('',#1081,#1089,#1091,.T.);
#1089 = VERTEX_POINT('',#1090);
#1090 = CARTESIAN_POINT('',(27.15,-45.75,2.2));
#1091 = LINE('',#1092,#1093);
#1092 = CARTESIAN_POINT('',(-27.15,-45.75,2.2));
#1093 = VECTOR('',#1094,1.);
#1094 = DIRECTION('',(1.,0.,0.));
#1095 = ORIENTED_EDGE('',*,*,#1096,.F.);
#1096 = EDGE_CURVE('',#1097,#1089,#1099,.T.);
#1097 = VERTEX_POINT('',#1098);
#1098 = CARTESIAN_POINT('',(27.15,-45.75,6.7));
#1099 = LINE('',#1100,#1101);
#1100 = CARTESIAN_POINT('',(27.15,-45.75,6.7));
#1101 = VECTOR('',#1102,1.);
#1102 = DIRECTION('',(-0.,-0.,-1.));
#1103 = ORIENTED_EDGE('',*,*,#1104,.F.);
#1104 = EDGE_CURVE('',#1048,#1097,#1105,.T.);
#1105 = LINE('',#1106,#1107);
#1106 = CARTESIAN_POINT('',(-27.15,-45.75,6.7));
#1107 = VECTOR('',#1108,1.);
#1108 = DIRECTION('',(1.,0.,0.));
#1109 = ORIENTED_EDGE('',*,*,#1047,.F.);
#1110 = ORIENTED_EDGE('',*,*,#308,.F.);
#1111 = ORIENTED_EDGE('',*,*,#420,.F.);
#1112 = ORIENTED_EDGE('',*,*,#485,.F.);
#1113 = ORIENTED_EDGE('',*,*,#502,.F.);
#1114 = ORIENTED_EDGE('',*,*,#453,.F.);
#1115 = ORIENTED_EDGE('',*,*,#1116,.F.);
#1116 = EDGE_CURVE('',#1073,#446,#1117,.T.);
#1117 = CIRCLE('',#1118,1.1);
#1118 = AXIS2_PLACEMENT_3D('',#1119,#1120,#1121);
#1119 = CARTESIAN_POINT('',(-3.72,-45.75,6.));
#1120 = DIRECTION('',(0.,-1.,2.22044604925E-16));
#1121 = DIRECTION('',(1.,0.,0.));
#1122 = PLANE('',#1123);
#1123 = AXIS2_PLACEMENT_3D('',#1124,#1125,#1126);
#1124 = CARTESIAN_POINT('',(-27.15,-45.75,6.7));
#1125 = DIRECTION('',(0.,-1.,0.));
#1126 = DIRECTION('',(1.,0.,0.));
#1127 = ADVANCED_FACE('',(#1128),#1185,.T.);
#1128 = FACE_BOUND('',#1129,.T.);
#1129 = EDGE_LOOP('',(#1130,#1140,#1148,#1156,#1164,#1170,#1171,#1179));
#1130 = ORIENTED_EDGE('',*,*,#1131,.T.);
#1131 = EDGE_CURVE('',#1132,#1134,#1136,.T.);
#1132 = VERTEX_POINT('',#1133);
#1133 = CARTESIAN_POINT('',(-37.52120327386,10.83,1.2));
#1134 = VERTEX_POINT('',#1135);
#1135 = CARTESIAN_POINT('',(-37.52120327386,10.83,5.3));
#1136 = LINE('',#1137,#1138);
#1137 = CARTESIAN_POINT('',(-37.52120327386,10.83,1.2));
#1138 = VECTOR('',#1139,1.);
#1139 = DIRECTION('',(0.,0.,1.));
#1140 = ORIENTED_EDGE('',*,*,#1141,.F.);
#1141 = EDGE_CURVE('',#1142,#1134,#1144,.T.);
#1142 = VERTEX_POINT('',#1143);
#1143 = CARTESIAN_POINT('',(-37.52120327386,9.83,5.3));
#1144 = LINE('',#1145,#1146);
#1145 = CARTESIAN_POINT('',(-37.52120327386,-12.41,5.3));
#1146 = VECTOR('',#1147,1.);
#1147 = DIRECTION('',(0.,1.,0.));
#1148 = ORIENTED_EDGE('',*,*,#1149,.F.);
#1149 = EDGE_CURVE('',#1150,#1142,#1152,.T.);
#1150 = VERTEX_POINT('',#1151);
#1151 = CARTESIAN_POINT('',(-37.52120327386,9.83,2.2));
#1152 = LINE('',#1153,#1154);
#1153 = CARTESIAN_POINT('',(-37.52120327386,9.83,4.1));
#1154 = VECTOR('',#1155,1.);
#1155 = DIRECTION('',(0.,0.,1.));
#1156 = ORIENTED_EDGE('',*,*,#1157,.F.);
#1157 = EDGE_CURVE('',#1158,#1150,#1160,.T.);
#1158 = VERTEX_POINT('',#1159);
#1159 = CARTESIAN_POINT('',(-37.52120327386,5.13,2.2));
#1160 = LINE('',#1161,#1162);
#1161 = CARTESIAN_POINT('',(-37.52120327386,6.3085796481,2.2));
#1162 = VECTOR('',#1163,1.);
#1163 = DIRECTION('',(0.,1.,0.));
#1164 = ORIENTED_EDGE('',*,*,#1165,.F.);
#1165 = EDGE_CURVE('',#342,#1158,#1166,.T.);
#1166 = LINE('',#1167,#1168);
#1167 = CARTESIAN_POINT('',(-37.52120327386,5.13,7.9));
#1168 = VECTOR('',#1169,1.);
#1169 = DIRECTION('',(0.,0.,-1.));
#1170 = ORIENTED_EDGE('',*,*,#339,.F.);
#1171 = ORIENTED_EDGE('',*,*,#1172,.T.);
#1172 = EDGE_CURVE('',#340,#1173,#1175,.T.);
#1173 = VERTEX_POINT('',#1174);
#1174 = CARTESIAN_POINT('',(-37.52120327386,4.13,1.2));
#1175 = LINE('',#1176,#1177);
#1176 = CARTESIAN_POINT('',(-37.52120327386,4.13,10.8));
#1177 = VECTOR('',#1178,1.);
#1178 = DIRECTION('',(0.,0.,-1.));
#1179 = ORIENTED_EDGE('',*,*,#1180,.T.);
#1180 = EDGE_CURVE('',#1173,#1132,#1181,.T.);
#1181 = LINE('',#1182,#1183);
#1182 = CARTESIAN_POINT('',(-37.52120327386,4.13,1.2));
#1183 = VECTOR('',#1184,1.);
#1184 = DIRECTION('',(0.,1.,0.));
#1185 = PLANE('',#1186);
#1186 = AXIS2_PLACEMENT_3D('',#1187,#1188,#1189);
#1187 = CARTESIAN_POINT('',(-37.52120327386,11.93,6.));
#1188 = DIRECTION('',(1.,0.,0.));
#1189 = DIRECTION('',(0.,0.,1.));
#1190 = ADVANCED_FACE('',(#1191),#1241,.T.);
#1191 = FACE_BOUND('',#1192,.T.);
#1192 = EDGE_LOOP('',(#1193,#1201,#1209,#1217,#1225,#1233,#1239,#1240));
#1193 = ORIENTED_EDGE('',*,*,#1194,.F.);
#1194 = EDGE_CURVE('',#1195,#391,#1197,.T.);
#1195 = VERTEX_POINT('',#1196);
#1196 = CARTESIAN_POINT('',(-37.52120327388,4.13,6.7));
#1197 = LINE('',#1198,#1199);
#1198 = CARTESIAN_POINT('',(-38.02904840904,4.13,8.615347302294));
#1199 = VECTOR('',#1200,1.);
#1200 = DIRECTION('',(0.256289373133,0.,-0.966600102017));
#1201 = ORIENTED_EDGE('',*,*,#1202,.F.);
#1202 = EDGE_CURVE('',#1203,#1195,#1205,.T.);
#1203 = VERTEX_POINT('',#1204);
#1204 = CARTESIAN_POINT('',(-36.15,4.13,6.7));
#1205 = LINE('',#1206,#1207);
#1206 = CARTESIAN_POINT('',(-18.76060163693,4.13,6.7));
#1207 = VECTOR('',#1208,1.);
#1208 = DIRECTION('',(-1.,0.,0.));
#1209 = ORIENTED_EDGE('',*,*,#1210,.T.);
#1210 = EDGE_CURVE('',#1203,#1211,#1213,.T.);
#1211 = VERTEX_POINT('',#1212);
#1212 = CARTESIAN_POINT('',(-36.15,4.13,2.2));
#1213 = LINE('',#1214,#1215);
#1214 = CARTESIAN_POINT('',(-36.15,4.13,8.75));
#1215 = VECTOR('',#1216,1.);
#1216 = DIRECTION('',(0.,0.,-1.));
#1217 = ORIENTED_EDGE('',*,*,#1218,.F.);
#1218 = EDGE_CURVE('',#1219,#1211,#1221,.T.);
#1219 = VERTEX_POINT('',#1220);
#1220 = CARTESIAN_POINT('',(-33.52120327386,4.13,2.2));
#1221 = LINE('',#1222,#1223);
#1222 = CARTESIAN_POINT('',(-19.57398630966,4.13,2.2));
#1223 = VECTOR('',#1224,1.);
#1224 = DIRECTION('',(-1.,0.,0.));
#1225 = ORIENTED_EDGE('',*,*,#1226,.T.);
#1226 = EDGE_CURVE('',#1219,#1227,#1229,.T.);
#1227 = VERTEX_POINT('',#1228);
#1228 = CARTESIAN_POINT('',(-33.52120327386,4.13,1.2));
#1229 = LINE('',#1230,#1231);
#1230 = CARTESIAN_POINT('',(-33.52120327386,4.13,10.8));
#1231 = VECTOR('',#1232,1.);
#1232 = DIRECTION('',(0.,0.,-1.));
#1233 = ORIENTED_EDGE('',*,*,#1234,.F.);
#1234 = EDGE_CURVE('',#1173,#1227,#1235,.T.);
#1235 = LINE('',#1236,#1237);
#1236 = CARTESIAN_POINT('',(-37.52120327386,4.13,1.2));
#1237 = VECTOR('',#1238,1.);
#1238 = DIRECTION('',(1.,0.,0.));
#1239 = ORIENTED_EDGE('',*,*,#1172,.F.);
#1240 = ORIENTED_EDGE('',*,*,#398,.F.);
#1241 = PLANE('',#1242);
#1242 = AXIS2_PLACEMENT_3D('',#1243,#1244,#1245);
#1243 = CARTESIAN_POINT('',(-37.52120327386,4.13,10.8));
#1244 = DIRECTION('',(0.,1.,0.));
#1245 = DIRECTION('',(0.,0.,-1.));
#1246 = ADVANCED_FACE('',(#1247),#1264,.T.);
#1247 = FACE_BOUND('',#1248,.T.);
#1248 = EDGE_LOOP('',(#1249,#1257,#1258,#1259));
#1249 = ORIENTED_EDGE('',*,*,#1250,.F.);
#1250 = EDGE_CURVE('',#1195,#1251,#1253,.T.);
#1251 = VERTEX_POINT('',#1252);
#1252 = CARTESIAN_POINT('',(-37.5212032739,-36.75000000002,6.7));
#1253 = LINE('',#1254,#1255);
#1254 = CARTESIAN_POINT('',(-37.5212032739,36.75,6.7));
#1255 = VECTOR('',#1256,1.);
#1256 = DIRECTION('',(0.,-1.,0.));
#1257 = ORIENTED_EDGE('',*,*,#1194,.T.);
#1258 = ORIENTED_EDGE('',*,*,#390,.T.);
#1259 = ORIENTED_EDGE('',*,*,#1260,.T.);
#1260 = EDGE_CURVE('',#382,#1251,#1261,.T.);
#1261 = B_SPLINE_CURVE_WITH_KNOTS('',1,(#1262,#1263),.UNSPECIFIED.,.F.,
  .F.,(2,2),(0.,1.),.PIECEWISE_BEZIER_KNOTS.);
#1262 = CARTESIAN_POINT('',(-37.15000000004,-36.75000000002,5.3));
#1263 = CARTESIAN_POINT('',(-37.5212032739,-36.75000000002,6.7));
#1264 = PLANE('',#1265);
#1265 = AXIS2_PLACEMENT_3D('',#1266,#1267,#1268);
#1266 = CARTESIAN_POINT('',(-37.5212032739,36.75,6.7));
#1267 = DIRECTION('',(-0.966600102017,0.,-0.256289373133));
#1268 = DIRECTION('',(0.,-1.,0.));
#1269 = ADVANCED_FACE('',(#1270),#1288,.T.);
#1270 = FACE_BOUND('',#1271,.T.);
#1271 = EDGE_LOOP('',(#1272,#1273,#1280,#1287));
#1272 = ORIENTED_EDGE('',*,*,#381,.T.);
#1273 = ORIENTED_EDGE('',*,*,#1274,.T.);
#1274 = EDGE_CURVE('',#374,#1275,#1277,.T.);
#1275 = VERTEX_POINT('',#1276);
#1276 = CARTESIAN_POINT('',(-27.15000000001,-47.12120327391,6.7));
#1277 = B_SPLINE_CURVE_WITH_KNOTS('',1,(#1278,#1279),.UNSPECIFIED.,.F.,
  .F.,(2,2),(0.,1.),.PIECEWISE_BEZIER_KNOTS.);
#1278 = CARTESIAN_POINT('',(-27.15000000001,-46.75000000005,5.3));
#1279 = CARTESIAN_POINT('',(-27.15000000001,-47.12120327391,6.7));
#1280 = ORIENTED_EDGE('',*,*,#1281,.F.);
#1281 = EDGE_CURVE('',#1251,#1275,#1282,.T.);
#1282 = CIRCLE('',#1283,10.371203273892);
#1283 = AXIS2_PLACEMENT_3D('',#1284,#1285,#1286);
#1284 = CARTESIAN_POINT('',(-27.15000000001,-36.75000000002,6.7));
#1285 = DIRECTION('',(0.,0.,1.));
#1286 = DIRECTION('',(1.,0.,0.));
#1287 = ORIENTED_EDGE('',*,*,#1260,.F.);
#1288 = CONICAL_SURFACE('',#1289,10.000000000027,0.259181393921);
#1289 = AXIS2_PLACEMENT_3D('',#1290,#1291,#1292);
#1290 = CARTESIAN_POINT('',(-27.15000000001,-36.75000000002,5.3));
#1291 = DIRECTION('',(0.,0.,1.));
#1292 = DIRECTION('',(1.,0.,0.));
#1293 = ADVANCED_FACE('',(#1294),#1314,.T.);
#1294 = FACE_BOUND('',#1295,.T.);
#1295 = EDGE_LOOP('',(#1296,#1297,#1298,#1299,#1308));
#1296 = ORIENTED_EDGE('',*,*,#1274,.F.);
#1297 = ORIENTED_EDGE('',*,*,#373,.T.);
#1298 = ORIENTED_EDGE('',*,*,#437,.F.);
#1299 = ORIENTED_EDGE('',*,*,#1300,.F.);
#1300 = EDGE_CURVE('',#1301,#438,#1303,.T.);
#1301 = VERTEX_POINT('',#1302);
#1302 = CARTESIAN_POINT('',(-4.568528137424,-47.12120327391,6.7));
#1303 = ELLIPSE('',#1304,1.13800939779,1.1);
#1304 = AXIS2_PLACEMENT_3D('',#1305,#1306,#1307);
#1305 = CARTESIAN_POINT('',(-3.72,-46.93560163698,6.));
#1306 = DIRECTION('',(-0.,-0.966600102017,-0.256289373133));
#1307 = DIRECTION('',(0.,-0.256289373133,0.966600102017));
#1308 = ORIENTED_EDGE('',*,*,#1309,.F.);
#1309 = EDGE_CURVE('',#1275,#1301,#1310,.T.);
#1310 = LINE('',#1311,#1312);
#1311 = CARTESIAN_POINT('',(-27.15000000001,-47.12120327391,6.7));
#1312 = VECTOR('',#1313,1.);
#1313 = DIRECTION('',(1.,0.,0.));
#1314 = PLANE('',#1315);
#1315 = AXIS2_PLACEMENT_3D('',#1316,#1317,#1318);
#1316 = CARTESIAN_POINT('',(-27.15000000001,-47.12120327391,6.7));
#1317 = DIRECTION('',(0.,-0.966600102017,-0.256289373133));
#1318 = DIRECTION('',(1.,0.,0.));
#1319 = ADVANCED_FACE('',(#1320),#1331,.T.);
#1320 = FACE_BOUND('',#1321,.T.);
#1321 = EDGE_LOOP('',(#1322,#1323,#1324,#1325));
#1322 = ORIENTED_EDGE('',*,*,#1030,.F.);
#1323 = ORIENTED_EDGE('',*,*,#349,.F.);
#1324 = ORIENTED_EDGE('',*,*,#1165,.T.);
#1325 = ORIENTED_EDGE('',*,*,#1326,.F.);
#1326 = EDGE_CURVE('',#1023,#1158,#1327,.T.);
#1327 = LINE('',#1328,#1329);
#1328 = CARTESIAN_POINT('',(-38.35,5.13,2.2));
#1329 = VECTOR('',#1330,1.);
#1330 = DIRECTION('',(1.,0.,0.));
#1331 = PLANE('',#1332);
#1332 = AXIS2_PLACEMENT_3D('',#1333,#1334,#1335);
#1333 = CARTESIAN_POINT('',(-38.35,5.13,9.8));
#1334 = DIRECTION('',(0.,1.,0.));
#1335 = DIRECTION('',(0.,0.,-1.));
#1336 = ADVANCED_FACE('',(#1337),#1348,.F.);
#1337 = FACE_BOUND('',#1338,.F.);
#1338 = EDGE_LOOP('',(#1339,#1345,#1346,#1347));
#1339 = ORIENTED_EDGE('',*,*,#1340,.F.);
#1340 = EDGE_CURVE('',#1073,#1301,#1341,.T.);
#1341 = LINE('',#1342,#1343);
#1342 = CARTESIAN_POINT('',(-4.568528137424,-47.95,6.7));
#1343 = VECTOR('',#1344,1.);
#1344 = DIRECTION('',(0.,-1.,2.22044604925E-16));
#1345 = ORIENTED_EDGE('',*,*,#1116,.T.);
#1346 = ORIENTED_EDGE('',*,*,#445,.F.);
#1347 = ORIENTED_EDGE('',*,*,#1300,.F.);
#1348 = CYLINDRICAL_SURFACE('',#1349,1.1);
#1349 = AXIS2_PLACEMENT_3D('',#1350,#1351,#1352);
#1350 = CARTESIAN_POINT('',(-3.72,-47.95,6.));
#1351 = DIRECTION('',(0.,-1.,2.22044604925E-16));
#1352 = DIRECTION('',(1.,0.,0.));
#1353 = ADVANCED_FACE('',(#1354),#1365,.T.);
#1354 = FACE_BOUND('',#1355,.T.);
#1355 = EDGE_LOOP('',(#1356,#1357,#1358,#1364));
#1356 = ORIENTED_EDGE('',*,*,#553,.F.);
#1357 = ORIENTED_EDGE('',*,*,#613,.T.);
#1358 = ORIENTED_EDGE('',*,*,#1359,.T.);
#1359 = EDGE_CURVE('',#614,#520,#1360,.T.);
#1360 = LINE('',#1361,#1362);
#1361 = CARTESIAN_POINT('',(37.85,36.75,0.5));
#1362 = VECTOR('',#1363,1.);
#1363 = DIRECTION('',(0.707106781187,0.,0.707106781187));
#1364 = ORIENTED_EDGE('',*,*,#527,.F.);
#1365 = PLANE('',#1366);
#1366 = AXIS2_PLACEMENT_3D('',#1367,#1368,#1369);
#1367 = CARTESIAN_POINT('',(37.85,-36.75,0.5));
#1368 = DIRECTION('',(0.707106781187,0.,-0.707106781187));
#1369 = DIRECTION('',(0.,1.,0.));
#1370 = ADVANCED_FACE('',(#1371),#1382,.T.);
#1371 = FACE_BOUND('',#1372,.T.);
#1372 = EDGE_LOOP('',(#1373,#1379,#1380,#1381));
#1373 = ORIENTED_EDGE('',*,*,#1374,.F.);
#1374 = EDGE_CURVE('',#596,#927,#1375,.T.);
#1375 = LINE('',#1376,#1377);
#1376 = CARTESIAN_POINT('',(-38.35,36.75,1.));
#1377 = VECTOR('',#1378,1.);
#1378 = DIRECTION('',(-0.707106781187,4.329780281177E-17,0.707106781187)
  );
#1379 = ORIENTED_EDGE('',*,*,#604,.T.);
#1380 = ORIENTED_EDGE('',*,*,#568,.T.);
#1381 = ORIENTED_EDGE('',*,*,#926,.F.);
#1382 = PLANE('',#1383);
#1383 = AXIS2_PLACEMENT_3D('',#1384,#1385,#1386);
#1384 = CARTESIAN_POINT('',(-37.85,36.75,0.5));
#1385 = DIRECTION('',(-0.707106781187,0.,-0.707106781187));
#1386 = DIRECTION('',(0.,-1.,0.));
#1387 = ADVANCED_FACE('',(#1388),#1405,.T.);
#1388 = FACE_BOUND('',#1389,.T.);
#1389 = EDGE_LOOP('',(#1390,#1396,#1397,#1398));
#1390 = ORIENTED_EDGE('',*,*,#1391,.F.);
#1391 = EDGE_CURVE('',#594,#851,#1392,.T.);
#1392 = LINE('',#1393,#1394);
#1393 = CARTESIAN_POINT('',(-27.15,47.95,1.));
#1394 = VECTOR('',#1395,1.);
#1395 = DIRECTION('',(0.,0.707106781187,0.707106781187));
#1396 = ORIENTED_EDGE('',*,*,#593,.T.);
#1397 = ORIENTED_EDGE('',*,*,#1374,.T.);
#1398 = ORIENTED_EDGE('',*,*,#1399,.F.);
#1399 = EDGE_CURVE('',#851,#927,#1400,.T.);
#1400 = CIRCLE('',#1401,11.2);
#1401 = AXIS2_PLACEMENT_3D('',#1402,#1403,#1404);
#1402 = CARTESIAN_POINT('',(-27.15,36.75,1.));
#1403 = DIRECTION('',(0.,-0.,1.));
#1404 = DIRECTION('',(0.,1.,0.));
#1405 = CONICAL_SURFACE('',#1406,11.2,0.785398163397);
#1406 = AXIS2_PLACEMENT_3D('',#1407,#1408,#1409);
#1407 = CARTESIAN_POINT('',(-27.15,36.75,1.));
#1408 = DIRECTION('',(0.,0.,1.));
#1409 = DIRECTION('',(0.,1.,0.));
#1410 = ADVANCED_FACE('',(#1411),#1422,.T.);
#1411 = FACE_BOUND('',#1412,.T.);
#1412 = EDGE_LOOP('',(#1413,#1419,#1420,#1421));
#1413 = ORIENTED_EDGE('',*,*,#1414,.F.);
#1414 = EDGE_CURVE('',#622,#861,#1415,.T.);
#1415 = LINE('',#1416,#1417);
#1416 = CARTESIAN_POINT('',(27.15,47.95,1.));
#1417 = VECTOR('',#1418,1.);
#1418 = DIRECTION('',(4.329780281177E-17,0.707106781187,0.707106781187)
  );
#1419 = ORIENTED_EDGE('',*,*,#630,.T.);
#1420 = ORIENTED_EDGE('',*,*,#1391,.T.);
#1421 = ORIENTED_EDGE('',*,*,#860,.F.);
#1422 = PLANE('',#1423);
#1423 = AXIS2_PLACEMENT_3D('',#1424,#1425,#1426);
#1424 = CARTESIAN_POINT('',(27.15,47.45,0.5));
#1425 = DIRECTION('',(0.,0.707106781187,-0.707106781187));
#1426 = DIRECTION('',(-1.,0.,0.));
#1427 = ADVANCED_FACE('',(#1428),#1434,.T.);
#1428 = FACE_BOUND('',#1429,.T.);
#1429 = EDGE_LOOP('',(#1430,#1431,#1432,#1433));
#1430 = ORIENTED_EDGE('',*,*,#1359,.F.);
#1431 = ORIENTED_EDGE('',*,*,#621,.T.);
#1432 = ORIENTED_EDGE('',*,*,#1414,.T.);
#1433 = ORIENTED_EDGE('',*,*,#908,.F.);
#1434 = CONICAL_SURFACE('',#1435,11.2,0.785398163397);
#1435 = AXIS2_PLACEMENT_3D('',#1436,#1437,#1438);
#1436 = CARTESIAN_POINT('',(27.15,36.75,1.));
#1437 = DIRECTION('',(0.,0.,1.));
#1438 = DIRECTION('',(1.,0.,0.));
#1439 = ADVANCED_FACE('',(#1440),#1482,.T.);
#1440 = FACE_BOUND('',#1441,.T.);
#1441 = EDGE_LOOP('',(#1442,#1443,#1444,#1445,#1446,#1447,#1448,#1449,
    #1457,#1466,#1474,#1481));
#1442 = ORIENTED_EDGE('',*,*,#1056,.T.);
#1443 = ORIENTED_EDGE('',*,*,#653,.T.);
#1444 = ORIENTED_EDGE('',*,*,#684,.T.);
#1445 = ORIENTED_EDGE('',*,*,#708,.T.);
#1446 = ORIENTED_EDGE('',*,*,#731,.T.);
#1447 = ORIENTED_EDGE('',*,*,#767,.T.);
#1448 = ORIENTED_EDGE('',*,*,#792,.F.);
#1449 = ORIENTED_EDGE('',*,*,#1450,.F.);
#1450 = EDGE_CURVE('',#1451,#784,#1453,.T.);
#1451 = VERTEX_POINT('',#1452);
#1452 = CARTESIAN_POINT('',(27.15,45.75,6.7));
#1453 = LINE('',#1454,#1455);
#1454 = CARTESIAN_POINT('',(27.15,45.75,6.7));
#1455 = VECTOR('',#1456,1.);
#1456 = DIRECTION('',(-1.,0.,0.));
#1457 = ORIENTED_EDGE('',*,*,#1458,.F.);
#1458 = EDGE_CURVE('',#1459,#1451,#1461,.T.);
#1459 = VERTEX_POINT('',#1460);
#1460 = CARTESIAN_POINT('',(36.15,36.75,6.7));
#1461 = CIRCLE('',#1462,9.);
#1462 = AXIS2_PLACEMENT_3D('',#1463,#1464,#1465);
#1463 = CARTESIAN_POINT('',(27.15,36.75,6.7));
#1464 = DIRECTION('',(0.,0.,1.));
#1465 = DIRECTION('',(1.,0.,0.));
#1466 = ORIENTED_EDGE('',*,*,#1467,.F.);
#1467 = EDGE_CURVE('',#1468,#1459,#1470,.T.);
#1468 = VERTEX_POINT('',#1469);
#1469 = CARTESIAN_POINT('',(36.15,-36.75,6.7));
#1470 = LINE('',#1471,#1472);
#1471 = CARTESIAN_POINT('',(36.15,-36.75,6.7));
#1472 = VECTOR('',#1473,1.);
#1473 = DIRECTION('',(0.,1.,0.));
#1474 = ORIENTED_EDGE('',*,*,#1475,.F.);
#1475 = EDGE_CURVE('',#1097,#1468,#1476,.T.);
#1476 = CIRCLE('',#1477,9.);
#1477 = AXIS2_PLACEMENT_3D('',#1478,#1479,#1480);
#1478 = CARTESIAN_POINT('',(27.15,-36.75,6.7));
#1479 = DIRECTION('',(0.,0.,1.));
#1480 = DIRECTION('',(1.,0.,0.));
#1481 = ORIENTED_EDGE('',*,*,#1104,.F.);
#1482 = PLANE('',#1483);
#1483 = AXIS2_PLACEMENT_3D('',#1484,#1485,#1486);
#1484 = CARTESIAN_POINT('',(-6.861335155704E-15,0.,6.7));
#1485 = DIRECTION('',(0.,0.,1.));
#1486 = DIRECTION('',(1.,0.,0.));
#1487 = ADVANCED_FACE('',(#1488),#1549,.F.);
#1488 = FACE_BOUND('',#1489,.F.);
#1489 = EDGE_LOOP('',(#1490,#1491,#1499,#1507,#1515,#1523,#1532,#1541,
    #1547,#1548));
#1490 = ORIENTED_EDGE('',*,*,#1450,.F.);
#1491 = ORIENTED_EDGE('',*,*,#1492,.T.);
#1492 = EDGE_CURVE('',#1451,#1493,#1495,.T.);
#1493 = VERTEX_POINT('',#1494);
#1494 = CARTESIAN_POINT('',(27.15,45.75,2.2));
#1495 = LINE('',#1496,#1497);
#1496 = CARTESIAN_POINT('',(27.15,45.75,6.7));
#1497 = VECTOR('',#1498,1.);
#1498 = DIRECTION('',(-0.,-0.,-1.));
#1499 = ORIENTED_EDGE('',*,*,#1500,.T.);
#1500 = EDGE_CURVE('',#1493,#1501,#1503,.T.);
#1501 = VERTEX_POINT('',#1502);
#1502 = CARTESIAN_POINT('',(-27.15,45.75,2.2));
#1503 = LINE('',#1504,#1505);
#1504 = CARTESIAN_POINT('',(27.15,45.75,2.2));
#1505 = VECTOR('',#1506,1.);
#1506 = DIRECTION('',(-1.,0.,0.));
#1507 = ORIENTED_EDGE('',*,*,#1508,.F.);
#1508 = EDGE_CURVE('',#1509,#1501,#1511,.T.);
#1509 = VERTEX_POINT('',#1510);
#1510 = CARTESIAN_POINT('',(-27.15,45.75,6.7));
#1511 = LINE('',#1512,#1513);
#1512 = CARTESIAN_POINT('',(-27.15,45.75,6.7));
#1513 = VECTOR('',#1514,1.);
#1514 = DIRECTION('',(-0.,-0.,-1.));
#1515 = ORIENTED_EDGE('',*,*,#1516,.F.);
#1516 = EDGE_CURVE('',#1517,#1509,#1519,.T.);
#1517 = VERTEX_POINT('',#1518);
#1518 = CARTESIAN_POINT('',(5.094500066649,45.75,6.7));
#1519 = LINE('',#1520,#1521);
#1520 = CARTESIAN_POINT('',(27.15,45.75,6.7));
#1521 = VECTOR('',#1522,1.);
#1522 = DIRECTION('',(-1.,0.,0.));
#1523 = ORIENTED_EDGE('',*,*,#1524,.T.);
#1524 = EDGE_CURVE('',#1517,#1525,#1527,.T.);
#1525 = VERTEX_POINT('',#1526);
#1526 = CARTESIAN_POINT('',(9.17,45.75,5.55));
#1527 = CIRCLE('',#1528,2.2);
#1528 = AXIS2_PLACEMENT_3D('',#1529,#1530,#1531);
#1529 = CARTESIAN_POINT('',(6.97,45.75,5.55));
#1530 = DIRECTION('',(0.,-1.,2.22044604925E-16));
#1531 = DIRECTION('',(1.,0.,0.));
#1532 = ORIENTED_EDGE('',*,*,#1533,.T.);
#1533 = EDGE_CURVE('',#1525,#1534,#1536,.T.);
#1534 = VERTEX_POINT('',#1535);
#1535 = CARTESIAN_POINT('',(8.845499933351,45.75,6.7));
#1536 = CIRCLE('',#1537,2.2);
#1537 = AXIS2_PLACEMENT_3D('',#1538,#1539,#1540);
#1538 = CARTESIAN_POINT('',(6.97,45.75,5.55));
#1539 = DIRECTION('',(0.,-1.,2.22044604925E-16));
#1540 = DIRECTION('',(1.,0.,0.));
#1541 = ORIENTED_EDGE('',*,*,#1542,.F.);
#1542 = EDGE_CURVE('',#828,#1534,#1543,.T.);
#1543 = LINE('',#1544,#1545);
#1544 = CARTESIAN_POINT('',(27.15,45.75,6.7));
#1545 = VECTOR('',#1546,1.);
#1546 = DIRECTION('',(-1.,0.,0.));
#1547 = ORIENTED_EDGE('',*,*,#835,.T.);
#1548 = ORIENTED_EDGE('',*,*,#781,.T.);
#1549 = PLANE('',#1550);
#1550 = AXIS2_PLACEMENT_3D('',#1551,#1552,#1553);
#1551 = CARTESIAN_POINT('',(27.15,45.75,6.7));
#1552 = DIRECTION('',(0.,1.,0.));
#1553 = DIRECTION('',(-1.,0.,0.));
#1554 = ADVANCED_FACE('',(#1555),#1573,.T.);
#1555 = FACE_BOUND('',#1556,.T.);
#1556 = EDGE_LOOP('',(#1557,#1558,#1566,#1572));
#1557 = ORIENTED_EDGE('',*,*,#876,.T.);
#1558 = ORIENTED_EDGE('',*,*,#1559,.F.);
#1559 = EDGE_CURVE('',#1560,#877,#1562,.T.);
#1560 = VERTEX_POINT('',#1561);
#1561 = CARTESIAN_POINT('',(9.155749299439,46.750000000027,5.3));
#1562 = LINE('',#1563,#1564);
#1563 = CARTESIAN_POINT('',(9.155749299439,47.95,5.3));
#1564 = VECTOR('',#1565,1.);
#1565 = DIRECTION('',(0.,1.,-2.22044604925E-16));
#1566 = ORIENTED_EDGE('',*,*,#1567,.F.);
#1567 = EDGE_CURVE('',#811,#1560,#1568,.T.);
#1568 = LINE('',#1569,#1570);
#1569 = CARTESIAN_POINT('',(27.15,46.750000000027,5.3));
#1570 = VECTOR('',#1571,1.);
#1571 = DIRECTION('',(-1.,0.,0.));
#1572 = ORIENTED_EDGE('',*,*,#810,.T.);
#1573 = PLANE('',#1574);
#1574 = AXIS2_PLACEMENT_3D('',#1575,#1576,#1577);
#1575 = CARTESIAN_POINT('',(-27.15,-36.75,5.3));
#1576 = DIRECTION('',(0.,0.,1.));
#1577 = DIRECTION('',(1.,0.,0.));
#1578 = ADVANCED_FACE('',(#1579),#1607,.T.);
#1579 = FACE_BOUND('',#1580,.T.);
#1580 = EDGE_LOOP('',(#1581,#1582,#1583,#1592,#1601));
#1581 = ORIENTED_EDGE('',*,*,#818,.F.);
#1582 = ORIENTED_EDGE('',*,*,#1567,.T.);
#1583 = ORIENTED_EDGE('',*,*,#1584,.F.);
#1584 = EDGE_CURVE('',#1585,#1560,#1587,.T.);
#1585 = VERTEX_POINT('',#1586);
#1586 = CARTESIAN_POINT('',(9.17,46.816286298932,5.55));
#1587 = ELLIPSE('',#1588,2.27601879558,2.2);
#1588 = AXIS2_PLACEMENT_3D('',#1589,#1590,#1591);
#1589 = CARTESIAN_POINT('',(6.97,46.816286298932,5.55));
#1590 = DIRECTION('',(0.,0.966600102017,-0.256289373133));
#1591 = DIRECTION('',(0.,0.256289373133,0.966600102017));
#1592 = ORIENTED_EDGE('',*,*,#1593,.F.);
#1593 = EDGE_CURVE('',#1594,#1585,#1596,.T.);
#1594 = VERTEX_POINT('',#1595);
#1595 = CARTESIAN_POINT('',(8.845499933351,47.121203273892,6.7));
#1596 = ELLIPSE('',#1597,2.27601879558,2.2);
#1597 = AXIS2_PLACEMENT_3D('',#1598,#1599,#1600);
#1598 = CARTESIAN_POINT('',(6.97,46.816286298932,5.55));
#1599 = DIRECTION('',(0.,0.966600102017,-0.256289373133));
#1600 = DIRECTION('',(0.,0.256289373133,0.966600102017));
#1601 = ORIENTED_EDGE('',*,*,#1602,.F.);
#1602 = EDGE_CURVE('',#819,#1594,#1603,.T.);
#1603 = LINE('',#1604,#1605);
#1604 = CARTESIAN_POINT('',(27.15,47.121203273892,6.7));
#1605 = VECTOR('',#1606,1.);
#1606 = DIRECTION('',(-1.,0.,0.));
#1607 = PLANE('',#1608);
#1608 = AXIS2_PLACEMENT_3D('',#1609,#1610,#1611);
#1609 = CARTESIAN_POINT('',(27.15,47.121203273892,6.7));
#1610 = DIRECTION('',(0.,0.966600102017,-0.256289373133));
#1611 = DIRECTION('',(-1.,0.,0.));
#1612 = ADVANCED_FACE('',(#1613),#1624,.T.);
#1613 = FACE_BOUND('',#1614,.T.);
#1614 = EDGE_LOOP('',(#1615,#1616,#1622,#1623));
#1615 = ORIENTED_EDGE('',*,*,#1602,.T.);
#1616 = ORIENTED_EDGE('',*,*,#1617,.F.);
#1617 = EDGE_CURVE('',#1534,#1594,#1618,.T.);
#1618 = LINE('',#1619,#1620);
#1619 = CARTESIAN_POINT('',(8.845499933351,47.95,6.7));
#1620 = VECTOR('',#1621,1.);
#1621 = DIRECTION('',(0.,1.,-2.22044604925E-16));
#1622 = ORIENTED_EDGE('',*,*,#1542,.F.);
#1623 = ORIENTED_EDGE('',*,*,#827,.T.);
#1624 = PLANE('',#1625);
#1625 = AXIS2_PLACEMENT_3D('',#1626,#1627,#1628);
#1626 = CARTESIAN_POINT('',(-6.861335155704E-15,0.,6.7));
#1627 = DIRECTION('',(0.,0.,1.));
#1628 = DIRECTION('',(1.,0.,0.));
#1629 = ADVANCED_FACE('',(#1630),#1642,.T.);
#1630 = FACE_BOUND('',#1631,.F.);
#1631 = EDGE_LOOP('',(#1632,#1633,#1634,#1635));
#1632 = ORIENTED_EDGE('',*,*,#934,.F.);
#1633 = ORIENTED_EDGE('',*,*,#1399,.F.);
#1634 = ORIENTED_EDGE('',*,*,#850,.T.);
#1635 = ORIENTED_EDGE('',*,*,#1636,.T.);
#1636 = EDGE_CURVE('',#853,#935,#1637,.T.);
#1637 = CIRCLE('',#1638,11.2);
#1638 = AXIS2_PLACEMENT_3D('',#1639,#1640,#1641);
#1639 = CARTESIAN_POINT('',(-27.15,36.75,5.3));
#1640 = DIRECTION('',(0.,0.,1.));
#1641 = DIRECTION('',(1.,0.,0.));
#1642 = CYLINDRICAL_SURFACE('',#1643,11.2);
#1643 = AXIS2_PLACEMENT_3D('',#1644,#1645,#1646);
#1644 = CARTESIAN_POINT('',(-27.15,36.75,0.));
#1645 = DIRECTION('',(-0.,-0.,-1.));
#1646 = DIRECTION('',(1.,0.,0.));
#1647 = ADVANCED_FACE('',(#1648),#1708,.T.);
#1648 = FACE_BOUND('',#1649,.T.);
#1649 = EDGE_LOOP('',(#1650,#1660,#1666,#1667,#1668,#1669,#1677,#1685,
    #1693,#1701));
#1650 = ORIENTED_EDGE('',*,*,#1651,.F.);
#1651 = EDGE_CURVE('',#1652,#1654,#1656,.T.);
#1652 = VERTEX_POINT('',#1653);
#1653 = CARTESIAN_POINT('',(4.784250700561,46.750000000027,5.3));
#1654 = VERTEX_POINT('',#1655);
#1655 = CARTESIAN_POINT('',(-27.15000000001,46.750000000027,5.3));
#1656 = LINE('',#1657,#1658);
#1657 = CARTESIAN_POINT('',(27.15,46.750000000027,5.3));
#1658 = VECTOR('',#1659,1.);
#1659 = DIRECTION('',(-1.,0.,0.));
#1660 = ORIENTED_EDGE('',*,*,#1661,.T.);
#1661 = EDGE_CURVE('',#1652,#885,#1662,.T.);
#1662 = LINE('',#1663,#1664);
#1663 = CARTESIAN_POINT('',(4.784250700561,47.95,5.3));
#1664 = VECTOR('',#1665,1.);
#1665 = DIRECTION('',(0.,1.,-2.22044604925E-16));
#1666 = ORIENTED_EDGE('',*,*,#893,.T.);
#1667 = ORIENTED_EDGE('',*,*,#1636,.T.);
#1668 = ORIENTED_EDGE('',*,*,#942,.T.);
#1669 = ORIENTED_EDGE('',*,*,#1670,.T.);
#1670 = EDGE_CURVE('',#943,#1671,#1673,.T.);
#1671 = VERTEX_POINT('',#1672);
#1672 = CARTESIAN_POINT('',(-37.52120327386,30.45,5.3));
#1673 = LINE('',#1674,#1675);
#1674 = CARTESIAN_POINT('',(-32.75,30.45,5.3));
#1675 = VECTOR('',#1676,1.);
#1676 = DIRECTION('',(1.,0.,0.));
#1677 = ORIENTED_EDGE('',*,*,#1678,.T.);
#1678 = EDGE_CURVE('',#1671,#1679,#1681,.T.);
#1679 = VERTEX_POINT('',#1680);
#1680 = CARTESIAN_POINT('',(-37.52120327386,32.25,5.3));
#1681 = LINE('',#1682,#1683);
#1682 = CARTESIAN_POINT('',(-37.52120327386,-4.95,5.3));
#1683 = VECTOR('',#1684,1.);
#1684 = DIRECTION('',(0.,1.,0.));
#1685 = ORIENTED_EDGE('',*,*,#1686,.T.);
#1686 = EDGE_CURVE('',#1679,#1687,#1689,.T.);
#1687 = VERTEX_POINT('',#1688);
#1688 = CARTESIAN_POINT('',(-37.15000000004,32.25,5.3));
#1689 = LINE('',#1690,#1691);
#1690 = CARTESIAN_POINT('',(-32.33560163693,32.25,5.3));
#1691 = VECTOR('',#1692,1.);
#1692 = DIRECTION('',(1.,0.,0.));
#1693 = ORIENTED_EDGE('',*,*,#1694,.F.);
#1694 = EDGE_CURVE('',#1695,#1687,#1697,.T.);
#1695 = VERTEX_POINT('',#1696);
#1696 = CARTESIAN_POINT('',(-37.15000000004,36.75,5.3));
#1697 = LINE('',#1698,#1699);
#1698 = CARTESIAN_POINT('',(-37.15000000004,36.75,5.3));
#1699 = VECTOR('',#1700,1.);
#1700 = DIRECTION('',(0.,-1.,0.));
#1701 = ORIENTED_EDGE('',*,*,#1702,.F.);
#1702 = EDGE_CURVE('',#1654,#1695,#1703,.T.);
#1703 = CIRCLE('',#1704,10.000000000027);
#1704 = AXIS2_PLACEMENT_3D('',#1705,#1706,#1707);
#1705 = CARTESIAN_POINT('',(-27.15000000001,36.75,5.3));
#1706 = DIRECTION('',(0.,0.,1.));
#1707 = DIRECTION('',(1.,0.,0.));
#1708 = PLANE('',#1709);
#1709 = AXIS2_PLACEMENT_3D('',#1710,#1711,#1712);
#1710 = CARTESIAN_POINT('',(-27.15,-36.75,5.3));
#1711 = DIRECTION('',(0.,0.,1.));
#1712 = DIRECTION('',(1.,0.,0.));
#1713 = ADVANCED_FACE('',(#1714),#1739,.F.);
#1714 = FACE_BOUND('',#1715,.T.);
#1715 = EDGE_LOOP('',(#1716,#1717,#1718,#1719,#1720,#1721,#1722,#1723,
    #1732,#1738));
#1716 = ORIENTED_EDGE('',*,*,#1533,.T.);
#1717 = ORIENTED_EDGE('',*,*,#1617,.T.);
#1718 = ORIENTED_EDGE('',*,*,#1593,.T.);
#1719 = ORIENTED_EDGE('',*,*,#1584,.T.);
#1720 = ORIENTED_EDGE('',*,*,#1559,.T.);
#1721 = ORIENTED_EDGE('',*,*,#884,.F.);
#1722 = ORIENTED_EDGE('',*,*,#1661,.F.);
#1723 = ORIENTED_EDGE('',*,*,#1724,.T.);
#1724 = EDGE_CURVE('',#1652,#1725,#1727,.T.);
#1725 = VERTEX_POINT('',#1726);
#1726 = CARTESIAN_POINT('',(5.094500066649,47.121203273892,6.7));
#1727 = ELLIPSE('',#1728,2.27601879558,2.2);
#1728 = AXIS2_PLACEMENT_3D('',#1729,#1730,#1731);
#1729 = CARTESIAN_POINT('',(6.97,46.816286298932,5.55));
#1730 = DIRECTION('',(0.,0.966600102017,-0.256289373133));
#1731 = DIRECTION('',(0.,0.256289373133,0.966600102017));
#1732 = ORIENTED_EDGE('',*,*,#1733,.F.);
#1733 = EDGE_CURVE('',#1517,#1725,#1734,.T.);
#1734 = LINE('',#1735,#1736);
#1735 = CARTESIAN_POINT('',(5.094500066649,47.95,6.7));
#1736 = VECTOR('',#1737,1.);
#1737 = DIRECTION('',(0.,1.,-2.22044604925E-16));
#1738 = ORIENTED_EDGE('',*,*,#1524,.T.);
#1739 = CYLINDRICAL_SURFACE('',#1740,2.2);
#1740 = AXIS2_PLACEMENT_3D('',#1741,#1742,#1743);
#1741 = CARTESIAN_POINT('',(6.97,47.95,5.55));
#1742 = DIRECTION('',(0.,1.,-2.22044604925E-16));
#1743 = DIRECTION('',(1.,0.,0.));
#1744 = ADVANCED_FACE('',(#1745),#1756,.T.);
#1745 = FACE_BOUND('',#1746,.T.);
#1746 = EDGE_LOOP('',(#1747,#1748,#1749,#1750));
#1747 = ORIENTED_EDGE('',*,*,#1022,.F.);
#1748 = ORIENTED_EDGE('',*,*,#1326,.T.);
#1749 = ORIENTED_EDGE('',*,*,#1157,.T.);
#1750 = ORIENTED_EDGE('',*,*,#1751,.F.);
#1751 = EDGE_CURVE('',#1015,#1150,#1752,.T.);
#1752 = LINE('',#1753,#1754);
#1753 = CARTESIAN_POINT('',(-38.35,9.83,2.2));
#1754 = VECTOR('',#1755,1.);
#1755 = DIRECTION('',(1.,0.,0.));
#1756 = PLANE('',#1757);
#1757 = AXIS2_PLACEMENT_3D('',#1758,#1759,#1760);
#1758 = CARTESIAN_POINT('',(-1.626769345472,0.687159296201,2.2));
#1759 = DIRECTION('',(0.,0.,1.));
#1760 = DIRECTION('',(1.,0.,0.));
#1761 = ADVANCED_FACE('',(#1762),#1780,.T.);
#1762 = FACE_BOUND('',#1763,.T.);
#1763 = EDGE_LOOP('',(#1764,#1765,#1773,#1779));
#1764 = ORIENTED_EDGE('',*,*,#950,.F.);
#1765 = ORIENTED_EDGE('',*,*,#1766,.T.);
#1766 = EDGE_CURVE('',#951,#1767,#1769,.T.);
#1767 = VERTEX_POINT('',#1768);
#1768 = CARTESIAN_POINT('',(-37.52120327386,30.45,2.2));
#1769 = LINE('',#1770,#1771);
#1770 = CARTESIAN_POINT('',(-38.35,30.45,2.2));
#1771 = VECTOR('',#1772,1.);
#1772 = DIRECTION('',(1.,0.,0.));
#1773 = ORIENTED_EDGE('',*,*,#1774,.T.);
#1774 = EDGE_CURVE('',#1767,#1671,#1775,.T.);
#1775 = LINE('',#1776,#1777);
#1776 = CARTESIAN_POINT('',(-37.52120327386,30.45,4.1));
#1777 = VECTOR('',#1778,1.);
#1778 = DIRECTION('',(0.,0.,1.));
#1779 = ORIENTED_EDGE('',*,*,#1670,.F.);
#1780 = PLANE('',#1781);
#1781 = AXIS2_PLACEMENT_3D('',#1782,#1783,#1784);
#1782 = CARTESIAN_POINT('',(-38.35,30.45,2.2));
#1783 = DIRECTION('',(0.,-1.,0.));
#1784 = DIRECTION('',(0.,0.,1.));
#1785 = ADVANCED_FACE('',(#1786),#1797,.T.);
#1786 = FACE_BOUND('',#1787,.T.);
#1787 = EDGE_LOOP('',(#1788,#1789,#1790,#1791));
#1788 = ORIENTED_EDGE('',*,*,#1014,.F.);
#1789 = ORIENTED_EDGE('',*,*,#1751,.T.);
#1790 = ORIENTED_EDGE('',*,*,#1149,.T.);
#1791 = ORIENTED_EDGE('',*,*,#1792,.F.);
#1792 = EDGE_CURVE('',#1007,#1142,#1793,.T.);
#1793 = LINE('',#1794,#1795);
#1794 = CARTESIAN_POINT('',(-32.75,9.83,5.3));
#1795 = VECTOR('',#1796,1.);
#1796 = DIRECTION('',(1.,0.,0.));
#1797 = PLANE('',#1798);
#1798 = AXIS2_PLACEMENT_3D('',#1799,#1800,#1801);
#1799 = CARTESIAN_POINT('',(-38.35,9.83,2.2));
#1800 = DIRECTION('',(0.,-1.,0.));
#1801 = DIRECTION('',(0.,0.,1.));
#1802 = ADVANCED_FACE('',(#1803),#1821,.T.);
#1803 = FACE_BOUND('',#1804,.T.);
#1804 = EDGE_LOOP('',(#1805,#1813,#1819,#1820));
#1805 = ORIENTED_EDGE('',*,*,#1806,.T.);
#1806 = EDGE_CURVE('',#959,#1807,#1809,.T.);
#1807 = VERTEX_POINT('',#1808);
#1808 = CARTESIAN_POINT('',(-37.52120327386,23.25,2.2));
#1809 = LINE('',#1810,#1811);
#1810 = CARTESIAN_POINT('',(-38.35,23.25,2.2));
#1811 = VECTOR('',#1812,1.);
#1812 = DIRECTION('',(1.,0.,0.));
#1813 = ORIENTED_EDGE('',*,*,#1814,.T.);
#1814 = EDGE_CURVE('',#1807,#1767,#1815,.T.);
#1815 = LINE('',#1816,#1817);
#1816 = CARTESIAN_POINT('',(-37.52120327386,13.7685796481,2.2));
#1817 = VECTOR('',#1818,1.);
#1818 = DIRECTION('',(0.,1.,0.));
#1819 = ORIENTED_EDGE('',*,*,#1766,.F.);
#1820 = ORIENTED_EDGE('',*,*,#958,.F.);
#1821 = PLANE('',#1822);
#1822 = AXIS2_PLACEMENT_3D('',#1823,#1824,#1825);
#1823 = CARTESIAN_POINT('',(-1.626769345472,0.687159296201,2.2));
#1824 = DIRECTION('',(0.,0.,1.));
#1825 = DIRECTION('',(1.,0.,0.));
#1826 = ADVANCED_FACE('',(#1827),#1870,.T.);
#1827 = FACE_BOUND('',#1828,.T.);
#1828 = EDGE_LOOP('',(#1829,#1839,#1845,#1846,#1847,#1848,#1856,#1864));
#1829 = ORIENTED_EDGE('',*,*,#1830,.T.);
#1830 = EDGE_CURVE('',#1831,#1833,#1835,.T.);
#1831 = VERTEX_POINT('',#1832);
#1832 = CARTESIAN_POINT('',(-37.52120327386,13.03,5.3));
#1833 = VERTEX_POINT('',#1834);
#1834 = CARTESIAN_POINT('',(-37.52120327386,14.030000000018,5.3));
#1835 = LINE('',#1836,#1837);
#1836 = CARTESIAN_POINT('',(-37.52120327386,-12.41,5.3));
#1837 = VECTOR('',#1838,1.);
#1838 = DIRECTION('',(0.,1.,0.));
#1839 = ORIENTED_EDGE('',*,*,#1840,.T.);
#1840 = EDGE_CURVE('',#1833,#999,#1841,.T.);
#1841 = LINE('',#1842,#1843);
#1842 = CARTESIAN_POINT('',(-32.75,14.030000000018,5.3));
#1843 = VECTOR('',#1844,1.);
#1844 = DIRECTION('',(-1.,0.,0.));
#1845 = ORIENTED_EDGE('',*,*,#1006,.T.);
#1846 = ORIENTED_EDGE('',*,*,#1792,.T.);
#1847 = ORIENTED_EDGE('',*,*,#1141,.T.);
#1848 = ORIENTED_EDGE('',*,*,#1849,.T.);
#1849 = EDGE_CURVE('',#1134,#1850,#1852,.T.);
#1850 = VERTEX_POINT('',#1851);
#1851 = CARTESIAN_POINT('',(-37.15000000004,10.83,5.3));
#1852 = LINE('',#1853,#1854);
#1853 = CARTESIAN_POINT('',(-32.33560163693,10.83,5.3));
#1854 = VECTOR('',#1855,1.);
#1855 = DIRECTION('',(1.,0.,0.));
#1856 = ORIENTED_EDGE('',*,*,#1857,.F.);
#1857 = EDGE_CURVE('',#1858,#1850,#1860,.T.);
#1858 = VERTEX_POINT('',#1859);
#1859 = CARTESIAN_POINT('',(-37.15000000004,13.03,5.3));
#1860 = LINE('',#1861,#1862);
#1861 = CARTESIAN_POINT('',(-37.15000000004,36.75,5.3));
#1862 = VECTOR('',#1863,1.);
#1863 = DIRECTION('',(0.,-1.,0.));
#1864 = ORIENTED_EDGE('',*,*,#1865,.T.);
#1865 = EDGE_CURVE('',#1858,#1831,#1866,.T.);
#1866 = LINE('',#1867,#1868);
#1867 = CARTESIAN_POINT('',(-32.33560163693,13.03,5.3));
#1868 = VECTOR('',#1869,1.);
#1869 = DIRECTION('',(-1.,0.,0.));
#1870 = PLANE('',#1871);
#1871 = AXIS2_PLACEMENT_3D('',#1872,#1873,#1874);
#1872 = CARTESIAN_POINT('',(-27.15,-36.75,5.3));
#1873 = DIRECTION('',(0.,0.,1.));
#1874 = DIRECTION('',(1.,0.,0.));
#1875 = ADVANCED_FACE('',(#1876),#1894,.T.);
#1876 = FACE_BOUND('',#1877,.T.);
#1877 = EDGE_LOOP('',(#1878,#1879,#1887,#1893));
#1878 = ORIENTED_EDGE('',*,*,#966,.F.);
#1879 = ORIENTED_EDGE('',*,*,#1880,.F.);
#1880 = EDGE_CURVE('',#1881,#967,#1883,.T.);
#1881 = VERTEX_POINT('',#1882);
#1882 = CARTESIAN_POINT('',(-37.52120327386,23.25,5.3));
#1883 = LINE('',#1884,#1885);
#1884 = CARTESIAN_POINT('',(-32.75,23.25,5.3));
#1885 = VECTOR('',#1886,1.);
#1886 = DIRECTION('',(-1.,0.,0.));
#1887 = ORIENTED_EDGE('',*,*,#1888,.T.);
#1888 = EDGE_CURVE('',#1881,#1807,#1889,.T.);
#1889 = LINE('',#1890,#1891);
#1890 = CARTESIAN_POINT('',(-37.52120327386,23.25,7.9));
#1891 = VECTOR('',#1892,1.);
#1892 = DIRECTION('',(0.,0.,-1.));
#1893 = ORIENTED_EDGE('',*,*,#1806,.F.);
#1894 = PLANE('',#1895);
#1895 = AXIS2_PLACEMENT_3D('',#1896,#1897,#1898);
#1896 = CARTESIAN_POINT('',(-38.35,23.25,9.8));
#1897 = DIRECTION('',(0.,1.,0.));
#1898 = DIRECTION('',(0.,0.,-1.));
#1899 = ADVANCED_FACE('',(#1900),#1918,.T.);
#1900 = FACE_BOUND('',#1901,.T.);
#1901 = EDGE_LOOP('',(#1902,#1903,#1904,#1912));
#1902 = ORIENTED_EDGE('',*,*,#998,.F.);
#1903 = ORIENTED_EDGE('',*,*,#1840,.F.);
#1904 = ORIENTED_EDGE('',*,*,#1905,.T.);
#1905 = EDGE_CURVE('',#1833,#1906,#1908,.T.);
#1906 = VERTEX_POINT('',#1907);
#1907 = CARTESIAN_POINT('',(-37.52120327386,14.030000000018,2.2));
#1908 = LINE('',#1909,#1910);
#1909 = CARTESIAN_POINT('',(-37.52120327386,14.030000000018,7.9));
#1910 = VECTOR('',#1911,1.);
#1911 = DIRECTION('',(0.,0.,-1.));
#1912 = ORIENTED_EDGE('',*,*,#1913,.F.);
#1913 = EDGE_CURVE('',#991,#1906,#1914,.T.);
#1914 = LINE('',#1915,#1916);
#1915 = CARTESIAN_POINT('',(-38.35,14.030000000018,2.2));
#1916 = VECTOR('',#1917,1.);
#1917 = DIRECTION('',(1.,0.,0.));
#1918 = PLANE('',#1919);
#1919 = AXIS2_PLACEMENT_3D('',#1920,#1921,#1922);
#1920 = CARTESIAN_POINT('',(-38.35,14.030000000018,9.8));
#1921 = DIRECTION('',(0.,1.,0.));
#1922 = DIRECTION('',(0.,0.,-1.));
#1923 = ADVANCED_FACE('',(#1924),#1974,.T.);
#1924 = FACE_BOUND('',#1925,.T.);
#1925 = EDGE_LOOP('',(#1926,#1936,#1942,#1943,#1944,#1952,#1960,#1968));
#1926 = ORIENTED_EDGE('',*,*,#1927,.T.);
#1927 = EDGE_CURVE('',#1928,#1930,#1932,.T.);
#1928 = VERTEX_POINT('',#1929);
#1929 = CARTESIAN_POINT('',(-37.15000000004,21.45,5.3));
#1930 = VERTEX_POINT('',#1931);
#1931 = CARTESIAN_POINT('',(-37.52120327386,21.45,5.3));
#1932 = LINE('',#1933,#1934);
#1933 = CARTESIAN_POINT('',(-32.33560163693,21.45,5.3));
#1934 = VECTOR('',#1935,1.);
#1935 = DIRECTION('',(-1.,0.,0.));
#1936 = ORIENTED_EDGE('',*,*,#1937,.T.);
#1937 = EDGE_CURVE('',#1930,#1881,#1938,.T.);
#1938 = LINE('',#1939,#1940);
#1939 = CARTESIAN_POINT('',(-37.52120327386,-4.95,5.3));
#1940 = VECTOR('',#1941,1.);
#1941 = DIRECTION('',(0.,1.,0.));
#1942 = ORIENTED_EDGE('',*,*,#1880,.T.);
#1943 = ORIENTED_EDGE('',*,*,#974,.T.);
#1944 = ORIENTED_EDGE('',*,*,#1945,.T.);
#1945 = EDGE_CURVE('',#975,#1946,#1948,.T.);
#1946 = VERTEX_POINT('',#1947);
#1947 = CARTESIAN_POINT('',(-37.52120327386,18.729999999982,5.3));
#1948 = LINE('',#1949,#1950);
#1949 = CARTESIAN_POINT('',(-32.75,18.729999999982,5.3));
#1950 = VECTOR('',#1951,1.);
#1951 = DIRECTION('',(1.,0.,0.));
#1952 = ORIENTED_EDGE('',*,*,#1953,.T.);
#1953 = EDGE_CURVE('',#1946,#1954,#1956,.T.);
#1954 = VERTEX_POINT('',#1955);
#1955 = CARTESIAN_POINT('',(-37.52120327386,19.73,5.3));
#1956 = LINE('',#1957,#1958);
#1957 = CARTESIAN_POINT('',(-37.52120327386,-12.41,5.3));
#1958 = VECTOR('',#1959,1.);
#1959 = DIRECTION('',(0.,1.,0.));
#1960 = ORIENTED_EDGE('',*,*,#1961,.T.);
#1961 = EDGE_CURVE('',#1954,#1962,#1964,.T.);
#1962 = VERTEX_POINT('',#1963);
#1963 = CARTESIAN_POINT('',(-37.15000000004,19.73,5.3));
#1964 = LINE('',#1965,#1966);
#1965 = CARTESIAN_POINT('',(-32.33560163693,19.73,5.3));
#1966 = VECTOR('',#1967,1.);
#1967 = DIRECTION('',(1.,0.,0.));
#1968 = ORIENTED_EDGE('',*,*,#1969,.F.);
#1969 = EDGE_CURVE('',#1928,#1962,#1970,.T.);
#1970 = LINE('',#1971,#1972);
#1971 = CARTESIAN_POINT('',(-37.15000000004,36.75,5.3));
#1972 = VECTOR('',#1973,1.);
#1973 = DIRECTION('',(0.,-1.,0.));
#1974 = PLANE('',#1975);
#1975 = AXIS2_PLACEMENT_3D('',#1976,#1977,#1978);
#1976 = CARTESIAN_POINT('',(-27.15,-36.75,5.3));
#1977 = DIRECTION('',(0.,0.,1.));
#1978 = DIRECTION('',(1.,0.,0.));
#1979 = ADVANCED_FACE('',(#1980),#1998,.T.);
#1980 = FACE_BOUND('',#1981,.T.);
#1981 = EDGE_LOOP('',(#1982,#1983,#1991,#1997));
#1982 = ORIENTED_EDGE('',*,*,#1913,.T.);
#1983 = ORIENTED_EDGE('',*,*,#1984,.T.);
#1984 = EDGE_CURVE('',#1906,#1985,#1987,.T.);
#1985 = VERTEX_POINT('',#1986);
#1986 = CARTESIAN_POINT('',(-37.52120327386,18.729999999982,2.2));
#1987 = LINE('',#1988,#1989);
#1988 = CARTESIAN_POINT('',(-37.52120327386,6.3085796481,2.2));
#1989 = VECTOR('',#1990,1.);
#1990 = DIRECTION('',(0.,1.,0.));
#1991 = ORIENTED_EDGE('',*,*,#1992,.F.);
#1992 = EDGE_CURVE('',#983,#1985,#1993,.T.);
#1993 = LINE('',#1994,#1995);
#1994 = CARTESIAN_POINT('',(-38.35,18.729999999982,2.2));
#1995 = VECTOR('',#1996,1.);
#1996 = DIRECTION('',(1.,0.,0.));
#1997 = ORIENTED_EDGE('',*,*,#990,.F.);
#1998 = PLANE('',#1999);
#1999 = AXIS2_PLACEMENT_3D('',#2000,#2001,#2002);
#2000 = CARTESIAN_POINT('',(-1.626769345472,0.687159296201,2.2));
#2001 = DIRECTION('',(0.,0.,1.));
#2002 = DIRECTION('',(1.,0.,0.));
#2003 = ADVANCED_FACE('',(#2004),#2015,.T.);
#2004 = FACE_BOUND('',#2005,.T.);
#2005 = EDGE_LOOP('',(#2006,#2007,#2008,#2014));
#2006 = ORIENTED_EDGE('',*,*,#982,.F.);
#2007 = ORIENTED_EDGE('',*,*,#1992,.T.);
#2008 = ORIENTED_EDGE('',*,*,#2009,.T.);
#2009 = EDGE_CURVE('',#1985,#1946,#2010,.T.);
#2010 = LINE('',#2011,#2012);
#2011 = CARTESIAN_POINT('',(-37.52120327386,18.729999999982,4.1));
#2012 = VECTOR('',#2013,1.);
#2013 = DIRECTION('',(0.,0.,1.));
#2014 = ORIENTED_EDGE('',*,*,#1945,.F.);
#2015 = PLANE('',#2016);
#2016 = AXIS2_PLACEMENT_3D('',#2017,#2018,#2019);
#2017 = CARTESIAN_POINT('',(-38.35,18.729999999982,2.2));
#2018 = DIRECTION('',(0.,-1.,0.));
#2019 = DIRECTION('',(0.,0.,1.));
#2020 = ADVANCED_FACE('',(#2021),#2044,.T.);
#2021 = FACE_BOUND('',#2022,.T.);
#2022 = EDGE_LOOP('',(#2023,#2031,#2032,#2033,#2034,#2035,#2036,#2037));
#2023 = ORIENTED_EDGE('',*,*,#2024,.F.);
#2024 = EDGE_CURVE('',#1203,#2025,#2027,.T.);
#2025 = VERTEX_POINT('',#2026);
#2026 = CARTESIAN_POINT('',(-36.15,-36.75,6.7));
#2027 = LINE('',#2028,#2029);
#2028 = CARTESIAN_POINT('',(-36.15,36.75,6.7));
#2029 = VECTOR('',#2030,1.);
#2030 = DIRECTION('',(0.,-1.,0.));
#2031 = ORIENTED_EDGE('',*,*,#1202,.T.);
#2032 = ORIENTED_EDGE('',*,*,#1250,.T.);
#2033 = ORIENTED_EDGE('',*,*,#1281,.T.);
#2034 = ORIENTED_EDGE('',*,*,#1309,.T.);
#2035 = ORIENTED_EDGE('',*,*,#1340,.F.);
#2036 = ORIENTED_EDGE('',*,*,#1070,.F.);
#2037 = ORIENTED_EDGE('',*,*,#2038,.F.);
#2038 = EDGE_CURVE('',#2025,#1071,#2039,.T.);
#2039 = CIRCLE('',#2040,9.);
#2040 = AXIS2_PLACEMENT_3D('',#2041,#2042,#2043);
#2041 = CARTESIAN_POINT('',(-27.15,-36.75,6.7));
#2042 = DIRECTION('',(0.,0.,1.));
#2043 = DIRECTION('',(1.,0.,0.));
#2044 = PLANE('',#2045);
#2045 = AXIS2_PLACEMENT_3D('',#2046,#2047,#2048);
#2046 = CARTESIAN_POINT('',(-6.861335155704E-15,0.,6.7));
#2047 = DIRECTION('',(0.,0.,1.));
#2048 = DIRECTION('',(1.,0.,0.));
#2049 = ADVANCED_FACE('',(#2050),#2069,.F.);
#2050 = FACE_BOUND('',#2051,.F.);
#2051 = EDGE_LOOP('',(#2052,#2053,#2062,#2068));
#2052 = ORIENTED_EDGE('',*,*,#1096,.T.);
#2053 = ORIENTED_EDGE('',*,*,#2054,.T.);
#2054 = EDGE_CURVE('',#1089,#2055,#2057,.T.);
#2055 = VERTEX_POINT('',#2056);
#2056 = CARTESIAN_POINT('',(36.15,-36.75,2.2));
#2057 = CIRCLE('',#2058,9.);
#2058 = AXIS2_PLACEMENT_3D('',#2059,#2060,#2061);
#2059 = CARTESIAN_POINT('',(27.15,-36.75,2.2));
#2060 = DIRECTION('',(0.,0.,1.));
#2061 = DIRECTION('',(1.,0.,0.));
#2062 = ORIENTED_EDGE('',*,*,#2063,.F.);
#2063 = EDGE_CURVE('',#1468,#2055,#2064,.T.);
#2064 = LINE('',#2065,#2066);
#2065 = CARTESIAN_POINT('',(36.15,-36.75,6.7));
#2066 = VECTOR('',#2067,1.);
#2067 = DIRECTION('',(-0.,-0.,-1.));
#2068 = ORIENTED_EDGE('',*,*,#1475,.F.);
#2069 = CYLINDRICAL_SURFACE('',#2070,9.);
#2070 = AXIS2_PLACEMENT_3D('',#2071,#2072,#2073);
#2071 = CARTESIAN_POINT('',(27.15,-36.75,6.7));
#2072 = DIRECTION('',(0.,0.,1.));
#2073 = DIRECTION('',(1.,0.,0.));
#2074 = ADVANCED_FACE('',(#2075),#2206,.T.);
#2075 = FACE_BOUND('',#2076,.T.);
#2076 = EDGE_LOOP('',(#2077,#2078,#2086,#2093,#2094,#2095,#2103,#2110,
    #2111,#2120,#2128,#2136,#2144,#2152,#2160,#2168,#2176,#2184,#2192,
    #2200));
#2077 = ORIENTED_EDGE('',*,*,#1218,.T.);
#2078 = ORIENTED_EDGE('',*,*,#2079,.T.);
#2079 = EDGE_CURVE('',#1211,#2080,#2082,.T.);
#2080 = VERTEX_POINT('',#2081);
#2081 = CARTESIAN_POINT('',(-36.15,-36.75,2.2));
#2082 = LINE('',#2083,#2084);
#2083 = CARTESIAN_POINT('',(-36.15,36.75,2.2));
#2084 = VECTOR('',#2085,1.);
#2085 = DIRECTION('',(0.,-1.,0.));
#2086 = ORIENTED_EDGE('',*,*,#2087,.T.);
#2087 = EDGE_CURVE('',#2080,#1081,#2088,.T.);
#2088 = CIRCLE('',#2089,9.);
#2089 = AXIS2_PLACEMENT_3D('',#2090,#2091,#2092);
#2090 = CARTESIAN_POINT('',(-27.15,-36.75,2.2));
#2091 = DIRECTION('',(0.,0.,1.));
#2092 = DIRECTION('',(1.,0.,0.));
#2093 = ORIENTED_EDGE('',*,*,#1088,.T.);
#2094 = ORIENTED_EDGE('',*,*,#2054,.T.);
#2095 = ORIENTED_EDGE('',*,*,#2096,.T.);
#2096 = EDGE_CURVE('',#2055,#2097,#2099,.T.);
#2097 = VERTEX_POINT('',#2098);
#2098 = CARTESIAN_POINT('',(36.15,36.75,2.2));
#2099 = LINE('',#2100,#2101);
#2100 = CARTESIAN_POINT('',(36.15,-36.75,2.2));
#2101 = VECTOR('',#2102,1.);
#2102 = DIRECTION('',(0.,1.,0.));
#2103 = ORIENTED_EDGE('',*,*,#2104,.T.);
#2104 = EDGE_CURVE('',#2097,#1493,#2105,.T.);
#2105 = CIRCLE('',#2106,9.);
#2106 = AXIS2_PLACEMENT_3D('',#2107,#2108,#2109);
#2107 = CARTESIAN_POINT('',(27.15,36.75,2.2));
#2108 = DIRECTION('',(0.,0.,1.));
#2109 = DIRECTION('',(1.,0.,0.));
#2110 = ORIENTED_EDGE('',*,*,#1500,.T.);
#2111 = ORIENTED_EDGE('',*,*,#2112,.T.);
#2112 = EDGE_CURVE('',#1501,#2113,#2115,.T.);
#2113 = VERTEX_POINT('',#2114);
#2114 = CARTESIAN_POINT('',(-36.15,36.75,2.2));
#2115 = CIRCLE('',#2116,9.);
#2116 = AXIS2_PLACEMENT_3D('',#2117,#2118,#2119);
#2117 = CARTESIAN_POINT('',(-27.15,36.75,2.2));
#2118 = DIRECTION('',(0.,0.,1.));
#2119 = DIRECTION('',(1.,0.,0.));
#2120 = ORIENTED_EDGE('',*,*,#2121,.T.);
#2121 = EDGE_CURVE('',#2113,#2122,#2124,.T.);
#2122 = VERTEX_POINT('',#2123);
#2123 = CARTESIAN_POINT('',(-36.15,32.25,2.2));
#2124 = LINE('',#2125,#2126);
#2125 = CARTESIAN_POINT('',(-36.15,36.75,2.2));
#2126 = VECTOR('',#2127,1.);
#2127 = DIRECTION('',(0.,-1.,0.));
#2128 = ORIENTED_EDGE('',*,*,#2129,.T.);
#2129 = EDGE_CURVE('',#2122,#2130,#2132,.T.);
#2130 = VERTEX_POINT('',#2131);
#2131 = CARTESIAN_POINT('',(-35.82120327386,32.25,2.2));
#2132 = LINE('',#2133,#2134);
#2133 = CARTESIAN_POINT('',(-19.57398630966,32.25,2.2));
#2134 = VECTOR('',#2135,1.);
#2135 = DIRECTION('',(1.,0.,0.));
#2136 = ORIENTED_EDGE('',*,*,#2137,.F.);
#2137 = EDGE_CURVE('',#2138,#2130,#2140,.T.);
#2138 = VERTEX_POINT('',#2139);
#2139 = CARTESIAN_POINT('',(-35.82120327386,21.45,2.2));
#2140 = LINE('',#2141,#2142);
#2141 = CARTESIAN_POINT('',(-35.82120327386,13.7685796481,2.2));
#2142 = VECTOR('',#2143,1.);
#2143 = DIRECTION('',(0.,1.,0.));
#2144 = ORIENTED_EDGE('',*,*,#2145,.T.);
#2145 = EDGE_CURVE('',#2138,#2146,#2148,.T.);
#2146 = VERTEX_POINT('',#2147);
#2147 = CARTESIAN_POINT('',(-36.15,21.45,2.2));
#2148 = LINE('',#2149,#2150);
#2149 = CARTESIAN_POINT('',(-19.57398630966,21.45,2.2));
#2150 = VECTOR('',#2151,1.);
#2151 = DIRECTION('',(-1.,0.,0.));
#2152 = ORIENTED_EDGE('',*,*,#2153,.T.);
#2153 = EDGE_CURVE('',#2146,#2154,#2156,.T.);
#2154 = VERTEX_POINT('',#2155);
#2155 = CARTESIAN_POINT('',(-36.15,19.73,2.2));
#2156 = LINE('',#2157,#2158);
#2157 = CARTESIAN_POINT('',(-36.15,36.75,2.2));
#2158 = VECTOR('',#2159,1.);
#2159 = DIRECTION('',(0.,-1.,0.));
#2160 = ORIENTED_EDGE('',*,*,#2161,.T.);
#2161 = EDGE_CURVE('',#2154,#2162,#2164,.T.);
#2162 = VERTEX_POINT('',#2163);
#2163 = CARTESIAN_POINT('',(-33.52120327386,19.73,2.2));
#2164 = LINE('',#2165,#2166);
#2165 = CARTESIAN_POINT('',(-19.57398630966,19.73,2.2));
#2166 = VECTOR('',#2167,1.);
#2167 = DIRECTION('',(1.,0.,0.));
#2168 = ORIENTED_EDGE('',*,*,#2169,.F.);
#2169 = EDGE_CURVE('',#2170,#2162,#2172,.T.);
#2170 = VERTEX_POINT('',#2171);
#2171 = CARTESIAN_POINT('',(-33.52120327386,13.03,2.2));
#2172 = LINE('',#2173,#2174);
#2173 = CARTESIAN_POINT('',(-33.52120327386,6.3085796481,2.2));
#2174 = VECTOR('',#2175,1.);
#2175 = DIRECTION('',(0.,1.,0.));
#2176 = ORIENTED_EDGE('',*,*,#2177,.T.);
#2177 = EDGE_CURVE('',#2170,#2178,#2180,.T.);
#2178 = VERTEX_POINT('',#2179);
#2179 = CARTESIAN_POINT('',(-36.15,13.03,2.2));
#2180 = LINE('',#2181,#2182);
#2181 = CARTESIAN_POINT('',(-19.57398630966,13.03,2.2));
#2182 = VECTOR('',#2183,1.);
#2183 = DIRECTION('',(-1.,0.,0.));
#2184 = ORIENTED_EDGE('',*,*,#2185,.T.);
#2185 = EDGE_CURVE('',#2178,#2186,#2188,.T.);
#2186 = VERTEX_POINT('',#2187);
#2187 = CARTESIAN_POINT('',(-36.15,10.83,2.2));
#2188 = LINE('',#2189,#2190);
#2189 = CARTESIAN_POINT('',(-36.15,36.75,2.2));
#2190 = VECTOR('',#2191,1.);
#2191 = DIRECTION('',(0.,-1.,0.));
#2192 = ORIENTED_EDGE('',*,*,#2193,.T.);
#2193 = EDGE_CURVE('',#2186,#2194,#2196,.T.);
#2194 = VERTEX_POINT('',#2195);
#2195 = CARTESIAN_POINT('',(-33.52120327386,10.83,2.2));
#2196 = LINE('',#2197,#2198);
#2197 = CARTESIAN_POINT('',(-19.57398630966,10.83,2.2));
#2198 = VECTOR('',#2199,1.);
#2199 = DIRECTION('',(1.,0.,0.));
#2200 = ORIENTED_EDGE('',*,*,#2201,.F.);
#2201 = EDGE_CURVE('',#1219,#2194,#2202,.T.);
#2202 = LINE('',#2203,#2204);
#2203 = CARTESIAN_POINT('',(-33.52120327386,6.3085796481,2.2));
#2204 = VECTOR('',#2205,1.);
#2205 = DIRECTION('',(0.,1.,0.));
#2206 = PLANE('',#2207);
#2207 = AXIS2_PLACEMENT_3D('',#2208,#2209,#2210);
#2208 = CARTESIAN_POINT('',(-1.626769345472,0.687159296201,2.2));
#2209 = DIRECTION('',(0.,0.,1.));
#2210 = DIRECTION('',(1.,0.,0.));
#2211 = ADVANCED_FACE('',(#2212),#2223,.F.);
#2212 = FACE_BOUND('',#2213,.F.);
#2213 = EDGE_LOOP('',(#2214,#2220,#2221,#2222));
#2214 = ORIENTED_EDGE('',*,*,#2215,.T.);
#2215 = EDGE_CURVE('',#2025,#2080,#2216,.T.);
#2216 = LINE('',#2217,#2218);
#2217 = CARTESIAN_POINT('',(-36.15,-36.75,6.7));
#2218 = VECTOR('',#2219,1.);
#2219 = DIRECTION('',(-0.,-0.,-1.));
#2220 = ORIENTED_EDGE('',*,*,#2087,.T.);
#2221 = ORIENTED_EDGE('',*,*,#1080,.F.);
#2222 = ORIENTED_EDGE('',*,*,#2038,.F.);
#2223 = CYLINDRICAL_SURFACE('',#2224,9.);
#2224 = AXIS2_PLACEMENT_3D('',#2225,#2226,#2227);
#2225 = CARTESIAN_POINT('',(-27.15,-36.75,6.7));
#2226 = DIRECTION('',(0.,0.,1.));
#2227 = DIRECTION('',(1.,0.,0.));
#2228 = ADVANCED_FACE('',(#2229),#2270,.T.);
#2229 = FACE_BOUND('',#2230,.T.);
#2230 = EDGE_LOOP('',(#2231,#2232,#2240,#2246,#2247,#2255,#2263,#2269));
#2231 = ORIENTED_EDGE('',*,*,#1131,.F.);
#2232 = ORIENTED_EDGE('',*,*,#2233,.T.);
#2233 = EDGE_CURVE('',#1132,#2234,#2236,.T.);
#2234 = VERTEX_POINT('',#2235);
#2235 = CARTESIAN_POINT('',(-33.52120327386,10.83,1.2));
#2236 = LINE('',#2237,#2238);
#2237 = CARTESIAN_POINT('',(-37.52120327386,10.83,1.2));
#2238 = VECTOR('',#2239,1.);
#2239 = DIRECTION('',(1.,0.,0.));
#2240 = ORIENTED_EDGE('',*,*,#2241,.T.);
#2241 = EDGE_CURVE('',#2234,#2194,#2242,.T.);
#2242 = LINE('',#2243,#2244);
#2243 = CARTESIAN_POINT('',(-33.52120327386,10.83,1.2));
#2244 = VECTOR('',#2245,1.);
#2245 = DIRECTION('',(0.,0.,1.));
#2246 = ORIENTED_EDGE('',*,*,#2193,.F.);
#2247 = ORIENTED_EDGE('',*,*,#2248,.T.);
#2248 = EDGE_CURVE('',#2186,#2249,#2251,.T.);
#2249 = VERTEX_POINT('',#2250);
#2250 = CARTESIAN_POINT('',(-36.15,10.83,6.7));
#2251 = LINE('',#2252,#2253);
#2252 = CARTESIAN_POINT('',(-36.15,10.83,3.95));
#2253 = VECTOR('',#2254,1.);
#2254 = DIRECTION('',(0.,0.,1.));
#2255 = ORIENTED_EDGE('',*,*,#2256,.F.);
#2256 = EDGE_CURVE('',#2257,#2249,#2259,.T.);
#2257 = VERTEX_POINT('',#2258);
#2258 = CARTESIAN_POINT('',(-37.52120327388,10.83,6.7));
#2259 = LINE('',#2260,#2261);
#2260 = CARTESIAN_POINT('',(-18.76060163693,10.83,6.7));
#2261 = VECTOR('',#2262,1.);
#2262 = DIRECTION('',(1.,0.,0.));
#2263 = ORIENTED_EDGE('',*,*,#2264,.F.);
#2264 = EDGE_CURVE('',#1850,#2257,#2265,.T.);
#2265 = LINE('',#2266,#2267);
#2266 = CARTESIAN_POINT('',(-36.8399476048,10.83,4.130631667643));
#2267 = VECTOR('',#2268,1.);
#2268 = DIRECTION('',(-0.256289373133,0.,0.966600102017));
#2269 = ORIENTED_EDGE('',*,*,#1849,.F.);
#2270 = PLANE('',#2271);
#2271 = AXIS2_PLACEMENT_3D('',#2272,#2273,#2274);
#2272 = CARTESIAN_POINT('',(-37.52120327386,10.83,1.2));
#2273 = DIRECTION('',(0.,-1.,0.));
#2274 = DIRECTION('',(0.,0.,1.));
#2275 = ADVANCED_FACE('',(#2276),#2287,.T.);
#2276 = FACE_BOUND('',#2277,.T.);
#2277 = EDGE_LOOP('',(#2278,#2279,#2285,#2286));
#2278 = ORIENTED_EDGE('',*,*,#1234,.T.);
#2279 = ORIENTED_EDGE('',*,*,#2280,.T.);
#2280 = EDGE_CURVE('',#1227,#2234,#2281,.T.);
#2281 = LINE('',#2282,#2283);
#2282 = CARTESIAN_POINT('',(-33.52120327386,4.13,1.2));
#2283 = VECTOR('',#2284,1.);
#2284 = DIRECTION('',(0.,1.,0.));
#2285 = ORIENTED_EDGE('',*,*,#2233,.F.);
#2286 = ORIENTED_EDGE('',*,*,#1180,.F.);
#2287 = PLANE('',#2288);
#2288 = AXIS2_PLACEMENT_3D('',#2289,#2290,#2291);
#2289 = CARTESIAN_POINT('',(-37.52120327386,4.13,1.2));
#2290 = DIRECTION('',(0.,0.,1.));
#2291 = DIRECTION('',(0.,1.,0.));
#2292 = ADVANCED_FACE('',(#2293),#2299,.F.);
#2293 = FACE_BOUND('',#2294,.F.);
#2294 = EDGE_LOOP('',(#2295,#2296,#2297,#2298));
#2295 = ORIENTED_EDGE('',*,*,#2241,.T.);
#2296 = ORIENTED_EDGE('',*,*,#2201,.F.);
#2297 = ORIENTED_EDGE('',*,*,#1226,.T.);
#2298 = ORIENTED_EDGE('',*,*,#2280,.T.);
#2299 = PLANE('',#2300);
#2300 = AXIS2_PLACEMENT_3D('',#2301,#2302,#2303);
#2301 = CARTESIAN_POINT('',(-33.52120327386,11.93,6.));
#2302 = DIRECTION('',(1.,0.,0.));
#2303 = DIRECTION('',(0.,0.,1.));
#2304 = ADVANCED_FACE('',(#2305),#2311,.F.);
#2305 = FACE_BOUND('',#2306,.F.);
#2306 = EDGE_LOOP('',(#2307,#2308,#2309,#2310));
#2307 = ORIENTED_EDGE('',*,*,#2024,.F.);
#2308 = ORIENTED_EDGE('',*,*,#1210,.T.);
#2309 = ORIENTED_EDGE('',*,*,#2079,.T.);
#2310 = ORIENTED_EDGE('',*,*,#2215,.F.);
#2311 = PLANE('',#2312);
#2312 = AXIS2_PLACEMENT_3D('',#2313,#2314,#2315);
#2313 = CARTESIAN_POINT('',(-36.15,36.75,6.7));
#2314 = DIRECTION('',(-1.,0.,0.));
#2315 = DIRECTION('',(0.,-1.,0.));
#2316 = ADVANCED_FACE('',(#2317),#2328,.F.);
#2317 = FACE_BOUND('',#2318,.F.);
#2318 = EDGE_LOOP('',(#2319,#2320,#2321,#2327));
#2319 = ORIENTED_EDGE('',*,*,#2063,.T.);
#2320 = ORIENTED_EDGE('',*,*,#2096,.T.);
#2321 = ORIENTED_EDGE('',*,*,#2322,.F.);
#2322 = EDGE_CURVE('',#1459,#2097,#2323,.T.);
#2323 = LINE('',#2324,#2325);
#2324 = CARTESIAN_POINT('',(36.15,36.75,6.7));
#2325 = VECTOR('',#2326,1.);
#2326 = DIRECTION('',(-0.,-0.,-1.));
#2327 = ORIENTED_EDGE('',*,*,#1467,.F.);
#2328 = PLANE('',#2329);
#2329 = AXIS2_PLACEMENT_3D('',#2330,#2331,#2332);
#2330 = CARTESIAN_POINT('',(36.15,-36.75,6.7));
#2331 = DIRECTION('',(1.,0.,0.));
#2332 = DIRECTION('',(0.,1.,0.));
#2333 = ADVANCED_FACE('',(#2334),#2340,.F.);
#2334 = FACE_BOUND('',#2335,.F.);
#2335 = EDGE_LOOP('',(#2336,#2337,#2338,#2339));
#2336 = ORIENTED_EDGE('',*,*,#2322,.T.);
#2337 = ORIENTED_EDGE('',*,*,#2104,.T.);
#2338 = ORIENTED_EDGE('',*,*,#1492,.F.);
#2339 = ORIENTED_EDGE('',*,*,#1458,.F.);
#2340 = CYLINDRICAL_SURFACE('',#2341,9.);
#2341 = AXIS2_PLACEMENT_3D('',#2342,#2343,#2344);
#2342 = CARTESIAN_POINT('',(27.15,36.75,6.7));
#2343 = DIRECTION('',(0.,0.,1.));
#2344 = DIRECTION('',(1.,0.,0.));
#2345 = ADVANCED_FACE('',(#2346),#2398,.T.);
#2346 = FACE_BOUND('',#2347,.T.);
#2347 = EDGE_LOOP('',(#2348,#2349,#2357,#2366,#2374,#2382,#2390,#2397));
#2348 = ORIENTED_EDGE('',*,*,#1733,.T.);
#2349 = ORIENTED_EDGE('',*,*,#2350,.T.);
#2350 = EDGE_CURVE('',#1725,#2351,#2353,.T.);
#2351 = VERTEX_POINT('',#2352);
#2352 = CARTESIAN_POINT('',(-27.15000000001,47.121203273892,6.7));
#2353 = LINE('',#2354,#2355);
#2354 = CARTESIAN_POINT('',(27.15,47.121203273892,6.7));
#2355 = VECTOR('',#2356,1.);
#2356 = DIRECTION('',(-1.,0.,0.));
#2357 = ORIENTED_EDGE('',*,*,#2358,.T.);
#2358 = EDGE_CURVE('',#2351,#2359,#2361,.T.);
#2359 = VERTEX_POINT('',#2360);
#2360 = CARTESIAN_POINT('',(-37.5212032739,36.75,6.7));
#2361 = CIRCLE('',#2362,10.371203273892);
#2362 = AXIS2_PLACEMENT_3D('',#2363,#2364,#2365);
#2363 = CARTESIAN_POINT('',(-27.15000000001,36.75,6.7));
#2364 = DIRECTION('',(0.,0.,1.));
#2365 = DIRECTION('',(1.,0.,0.));
#2366 = ORIENTED_EDGE('',*,*,#2367,.T.);
#2367 = EDGE_CURVE('',#2359,#2368,#2370,.T.);
#2368 = VERTEX_POINT('',#2369);
#2369 = CARTESIAN_POINT('',(-37.52120327388,32.25,6.7));
#2370 = LINE('',#2371,#2372);
#2371 = CARTESIAN_POINT('',(-37.5212032739,36.75,6.7));
#2372 = VECTOR('',#2373,1.);
#2373 = DIRECTION('',(0.,-1.,0.));
#2374 = ORIENTED_EDGE('',*,*,#2375,.T.);
#2375 = EDGE_CURVE('',#2368,#2376,#2378,.T.);
#2376 = VERTEX_POINT('',#2377);
#2377 = CARTESIAN_POINT('',(-36.15,32.25,6.7));
#2378 = LINE('',#2379,#2380);
#2379 = CARTESIAN_POINT('',(-18.76060163693,32.25,6.7));
#2380 = VECTOR('',#2381,1.);
#2381 = DIRECTION('',(1.,0.,0.));
#2382 = ORIENTED_EDGE('',*,*,#2383,.F.);
#2383 = EDGE_CURVE('',#2384,#2376,#2386,.T.);
#2384 = VERTEX_POINT('',#2385);
#2385 = CARTESIAN_POINT('',(-36.15,36.75,6.7));
#2386 = LINE('',#2387,#2388);
#2387 = CARTESIAN_POINT('',(-36.15,36.75,6.7));
#2388 = VECTOR('',#2389,1.);
#2389 = DIRECTION('',(0.,-1.,0.));
#2390 = ORIENTED_EDGE('',*,*,#2391,.F.);
#2391 = EDGE_CURVE('',#1509,#2384,#2392,.T.);
#2392 = CIRCLE('',#2393,9.);
#2393 = AXIS2_PLACEMENT_3D('',#2394,#2395,#2396);
#2394 = CARTESIAN_POINT('',(-27.15,36.75,6.7));
#2395 = DIRECTION('',(0.,0.,1.));
#2396 = DIRECTION('',(1.,0.,0.));
#2397 = ORIENTED_EDGE('',*,*,#1516,.F.);
#2398 = PLANE('',#2399);
#2399 = AXIS2_PLACEMENT_3D('',#2400,#2401,#2402);
#2400 = CARTESIAN_POINT('',(-6.861335155704E-15,0.,6.7));
#2401 = DIRECTION('',(0.,0.,1.));
#2402 = DIRECTION('',(1.,0.,0.));
#2403 = ADVANCED_FACE('',(#2404),#2415,.F.);
#2404 = FACE_BOUND('',#2405,.F.);
#2405 = EDGE_LOOP('',(#2406,#2407,#2408,#2414));
#2406 = ORIENTED_EDGE('',*,*,#1508,.T.);
#2407 = ORIENTED_EDGE('',*,*,#2112,.T.);
#2408 = ORIENTED_EDGE('',*,*,#2409,.F.);
#2409 = EDGE_CURVE('',#2384,#2113,#2410,.T.);
#2410 = LINE('',#2411,#2412);
#2411 = CARTESIAN_POINT('',(-36.15,36.75,6.7));
#2412 = VECTOR('',#2413,1.);
#2413 = DIRECTION('',(-0.,-0.,-1.));
#2414 = ORIENTED_EDGE('',*,*,#2391,.F.);
#2415 = CYLINDRICAL_SURFACE('',#2416,9.);
#2416 = AXIS2_PLACEMENT_3D('',#2417,#2418,#2419);
#2417 = CARTESIAN_POINT('',(-27.15,36.75,6.7));
#2418 = DIRECTION('',(0.,0.,1.));
#2419 = DIRECTION('',(1.,0.,0.));
#2420 = ADVANCED_FACE('',(#2421),#2431,.T.);
#2421 = FACE_BOUND('',#2422,.T.);
#2422 = EDGE_LOOP('',(#2423,#2424,#2425,#2430));
#2423 = ORIENTED_EDGE('',*,*,#1724,.F.);
#2424 = ORIENTED_EDGE('',*,*,#1651,.T.);
#2425 = ORIENTED_EDGE('',*,*,#2426,.T.);
#2426 = EDGE_CURVE('',#1654,#2351,#2427,.T.);
#2427 = B_SPLINE_CURVE_WITH_KNOTS('',1,(#2428,#2429),.UNSPECIFIED.,.F.,
  .F.,(2,2),(0.,1.),.PIECEWISE_BEZIER_KNOTS.);
#2428 = CARTESIAN_POINT('',(-27.15000000001,46.750000000027,5.3));
#2429 = CARTESIAN_POINT('',(-27.15000000001,47.121203273892,6.7));
#2430 = ORIENTED_EDGE('',*,*,#2350,.F.);
#2431 = PLANE('',#2432);
#2432 = AXIS2_PLACEMENT_3D('',#2433,#2434,#2435);
#2433 = CARTESIAN_POINT('',(27.15,47.121203273892,6.7));
#2434 = DIRECTION('',(0.,0.966600102017,-0.256289373133));
#2435 = DIRECTION('',(-1.,0.,0.));
#2436 = ADVANCED_FACE('',(#2437),#2447,.T.);
#2437 = FACE_BOUND('',#2438,.T.);
#2438 = EDGE_LOOP('',(#2439,#2440,#2445,#2446));
#2439 = ORIENTED_EDGE('',*,*,#1702,.T.);
#2440 = ORIENTED_EDGE('',*,*,#2441,.T.);
#2441 = EDGE_CURVE('',#1695,#2359,#2442,.T.);
#2442 = B_SPLINE_CURVE_WITH_KNOTS('',1,(#2443,#2444),.UNSPECIFIED.,.F.,
  .F.,(2,2),(0.,1.),.PIECEWISE_BEZIER_KNOTS.);
#2443 = CARTESIAN_POINT('',(-37.15000000004,36.75,5.3));
#2444 = CARTESIAN_POINT('',(-37.5212032739,36.75,6.7));
#2445 = ORIENTED_EDGE('',*,*,#2358,.F.);
#2446 = ORIENTED_EDGE('',*,*,#2426,.F.);
#2447 = CONICAL_SURFACE('',#2448,10.000000000027,0.259181393921);
#2448 = AXIS2_PLACEMENT_3D('',#2449,#2450,#2451);
#2449 = CARTESIAN_POINT('',(-27.15000000001,36.75,5.3));
#2450 = DIRECTION('',(0.,0.,1.));
#2451 = DIRECTION('',(1.,0.,0.));
#2452 = ADVANCED_FACE('',(#2453),#2464,.T.);
#2453 = FACE_BOUND('',#2454,.T.);
#2454 = EDGE_LOOP('',(#2455,#2456,#2457,#2463));
#2455 = ORIENTED_EDGE('',*,*,#2441,.F.);
#2456 = ORIENTED_EDGE('',*,*,#1694,.T.);
#2457 = ORIENTED_EDGE('',*,*,#2458,.T.);
#2458 = EDGE_CURVE('',#1687,#2368,#2459,.T.);
#2459 = LINE('',#2460,#2461);
#2460 = CARTESIAN_POINT('',(-36.82756113809,32.25,4.083915879782));
#2461 = VECTOR('',#2462,1.);
#2462 = DIRECTION('',(-0.256289373133,0.,0.966600102017));
#2463 = ORIENTED_EDGE('',*,*,#2367,.F.);
#2464 = PLANE('',#2465);
#2465 = AXIS2_PLACEMENT_3D('',#2466,#2467,#2468);
#2466 = CARTESIAN_POINT('',(-37.5212032739,36.75,6.7));
#2467 = DIRECTION('',(-0.966600102017,0.,-0.256289373133));
#2468 = DIRECTION('',(0.,-1.,0.));
#2469 = ADVANCED_FACE('',(#2470),#2504,.T.);
#2470 = FACE_BOUND('',#2471,.T.);
#2471 = EDGE_LOOP('',(#2472,#2480,#2488,#2494,#2495,#2501,#2502,#2503));
#2472 = ORIENTED_EDGE('',*,*,#2473,.F.);
#2473 = EDGE_CURVE('',#2474,#1679,#2476,.T.);
#2474 = VERTEX_POINT('',#2475);
#2475 = CARTESIAN_POINT('',(-37.52120327386,32.25,1.1));
#2476 = LINE('',#2477,#2478);
#2477 = CARTESIAN_POINT('',(-37.52120327386,32.25,1.1));
#2478 = VECTOR('',#2479,1.);
#2479 = DIRECTION('',(0.,0.,1.));
#2480 = ORIENTED_EDGE('',*,*,#2481,.T.);
#2481 = EDGE_CURVE('',#2474,#2482,#2484,.T.);
#2482 = VERTEX_POINT('',#2483);
#2483 = CARTESIAN_POINT('',(-35.82120327386,32.25,1.1));
#2484 = LINE('',#2485,#2486);
#2485 = CARTESIAN_POINT('',(-37.52120327386,32.25,1.1));
#2486 = VECTOR('',#2487,1.);
#2487 = DIRECTION('',(1.,0.,0.));
#2488 = ORIENTED_EDGE('',*,*,#2489,.T.);
#2489 = EDGE_CURVE('',#2482,#2130,#2490,.T.);
#2490 = LINE('',#2491,#2492);
#2491 = CARTESIAN_POINT('',(-35.82120327386,32.25,1.1));
#2492 = VECTOR('',#2493,1.);
#2493 = DIRECTION('',(0.,0.,1.));
#2494 = ORIENTED_EDGE('',*,*,#2129,.F.);
#2495 = ORIENTED_EDGE('',*,*,#2496,.T.);
#2496 = EDGE_CURVE('',#2122,#2376,#2497,.T.);
#2497 = LINE('',#2498,#2499);
#2498 = CARTESIAN_POINT('',(-36.15,32.25,3.9));
#2499 = VECTOR('',#2500,1.);
#2500 = DIRECTION('',(0.,0.,1.));
#2501 = ORIENTED_EDGE('',*,*,#2375,.F.);
#2502 = ORIENTED_EDGE('',*,*,#2458,.F.);
#2503 = ORIENTED_EDGE('',*,*,#1686,.F.);
#2504 = PLANE('',#2505);
#2505 = AXIS2_PLACEMENT_3D('',#2506,#2507,#2508);
#2506 = CARTESIAN_POINT('',(-37.52120327386,32.25,1.1));
#2507 = DIRECTION('',(0.,-1.,0.));
#2508 = DIRECTION('',(0.,0.,1.));
#2509 = ADVANCED_FACE('',(#2510),#2532,.T.);
#2510 = FACE_BOUND('',#2511,.T.);
#2511 = EDGE_LOOP('',(#2512,#2513,#2514,#2515,#2516,#2517,#2518,#2526));
#2512 = ORIENTED_EDGE('',*,*,#2473,.T.);
#2513 = ORIENTED_EDGE('',*,*,#1678,.F.);
#2514 = ORIENTED_EDGE('',*,*,#1774,.F.);
#2515 = ORIENTED_EDGE('',*,*,#1814,.F.);
#2516 = ORIENTED_EDGE('',*,*,#1888,.F.);
#2517 = ORIENTED_EDGE('',*,*,#1937,.F.);
#2518 = ORIENTED_EDGE('',*,*,#2519,.T.);
#2519 = EDGE_CURVE('',#1930,#2520,#2522,.T.);
#2520 = VERTEX_POINT('',#2521);
#2521 = CARTESIAN_POINT('',(-37.52120327386,21.45,1.1));
#2522 = LINE('',#2523,#2524);
#2523 = CARTESIAN_POINT('',(-37.52120327386,21.45,10.9));
#2524 = VECTOR('',#2525,1.);
#2525 = DIRECTION('',(0.,0.,-1.));
#2526 = ORIENTED_EDGE('',*,*,#2527,.T.);
#2527 = EDGE_CURVE('',#2520,#2474,#2528,.T.);
#2528 = LINE('',#2529,#2530);
#2529 = CARTESIAN_POINT('',(-37.52120327386,21.45,1.1));
#2530 = VECTOR('',#2531,1.);
#2531 = DIRECTION('',(0.,1.,0.));
#2532 = PLANE('',#2533);
#2533 = AXIS2_PLACEMENT_3D('',#2534,#2535,#2536);
#2534 = CARTESIAN_POINT('',(-37.52120327386,26.85,6.));
#2535 = DIRECTION('',(1.,0.,0.));
#2536 = DIRECTION('',(0.,0.,1.));
#2537 = ADVANCED_FACE('',(#2538),#2567,.T.);
#2538 = FACE_BOUND('',#2539,.T.);
#2539 = EDGE_LOOP('',(#2540,#2548,#2549,#2550,#2551,#2552,#2553,#2561));
#2540 = ORIENTED_EDGE('',*,*,#2541,.T.);
#2541 = EDGE_CURVE('',#2542,#1954,#2544,.T.);
#2542 = VERTEX_POINT('',#2543);
#2543 = CARTESIAN_POINT('',(-37.52120327386,19.73,1.2));
#2544 = LINE('',#2545,#2546);
#2545 = CARTESIAN_POINT('',(-37.52120327386,19.73,1.2));
#2546 = VECTOR('',#2547,1.);
#2547 = DIRECTION('',(0.,0.,1.));
#2548 = ORIENTED_EDGE('',*,*,#1953,.F.);
#2549 = ORIENTED_EDGE('',*,*,#2009,.F.);
#2550 = ORIENTED_EDGE('',*,*,#1984,.F.);
#2551 = ORIENTED_EDGE('',*,*,#1905,.F.);
#2552 = ORIENTED_EDGE('',*,*,#1830,.F.);
#2553 = ORIENTED_EDGE('',*,*,#2554,.T.);
#2554 = EDGE_CURVE('',#1831,#2555,#2557,.T.);
#2555 = VERTEX_POINT('',#2556);
#2556 = CARTESIAN_POINT('',(-37.52120327386,13.03,1.2));
#2557 = LINE('',#2558,#2559);
#2558 = CARTESIAN_POINT('',(-37.52120327386,13.03,10.8));
#2559 = VECTOR('',#2560,1.);
#2560 = DIRECTION('',(0.,0.,-1.));
#2561 = ORIENTED_EDGE('',*,*,#2562,.T.);
#2562 = EDGE_CURVE('',#2555,#2542,#2563,.T.);
#2563 = LINE('',#2564,#2565);
#2564 = CARTESIAN_POINT('',(-37.52120327386,13.03,1.2));
#2565 = VECTOR('',#2566,1.);
#2566 = DIRECTION('',(0.,1.,0.));
#2567 = PLANE('',#2568);
#2568 = AXIS2_PLACEMENT_3D('',#2569,#2570,#2571);
#2569 = CARTESIAN_POINT('',(-37.52120327386,11.93,6.));
#2570 = DIRECTION('',(1.,0.,0.));
#2571 = DIRECTION('',(0.,0.,1.));
#2572 = ADVANCED_FACE('',(#2573),#2614,.T.);
#2573 = FACE_BOUND('',#2574,.T.);
#2574 = EDGE_LOOP('',(#2575,#2583,#2591,#2597,#2598,#2606,#2612,#2613));
#2575 = ORIENTED_EDGE('',*,*,#2576,.F.);
#2576 = EDGE_CURVE('',#2577,#1858,#2579,.T.);
#2577 = VERTEX_POINT('',#2578);
#2578 = CARTESIAN_POINT('',(-37.52120327388,13.03,6.7));
#2579 = LINE('',#2580,#2581);
#2580 = CARTESIAN_POINT('',(-38.02904840904,13.03,8.615347302294));
#2581 = VECTOR('',#2582,1.);
#2582 = DIRECTION('',(0.256289373133,0.,-0.966600102017));
#2583 = ORIENTED_EDGE('',*,*,#2584,.F.);
#2584 = EDGE_CURVE('',#2585,#2577,#2587,.T.);
#2585 = VERTEX_POINT('',#2586);
#2586 = CARTESIAN_POINT('',(-36.15,13.03,6.7));
#2587 = LINE('',#2588,#2589);
#2588 = CARTESIAN_POINT('',(-18.76060163693,13.03,6.7));
#2589 = VECTOR('',#2590,1.);
#2590 = DIRECTION('',(-1.,0.,0.));
#2591 = ORIENTED_EDGE('',*,*,#2592,.T.);
#2592 = EDGE_CURVE('',#2585,#2178,#2593,.T.);
#2593 = LINE('',#2594,#2595);
#2594 = CARTESIAN_POINT('',(-36.15,13.03,8.75));
#2595 = VECTOR('',#2596,1.);
#2596 = DIRECTION('',(0.,0.,-1.));
#2597 = ORIENTED_EDGE('',*,*,#2177,.F.);
#2598 = ORIENTED_EDGE('',*,*,#2599,.T.);
#2599 = EDGE_CURVE('',#2170,#2600,#2602,.T.);
#2600 = VERTEX_POINT('',#2601);
#2601 = CARTESIAN_POINT('',(-33.52120327386,13.03,1.2));
#2602 = LINE('',#2603,#2604);
#2603 = CARTESIAN_POINT('',(-33.52120327386,13.03,10.8));
#2604 = VECTOR('',#2605,1.);
#2605 = DIRECTION('',(0.,0.,-1.));
#2606 = ORIENTED_EDGE('',*,*,#2607,.F.);
#2607 = EDGE_CURVE('',#2555,#2600,#2608,.T.);
#2608 = LINE('',#2609,#2610);
#2609 = CARTESIAN_POINT('',(-37.52120327386,13.03,1.2));
#2610 = VECTOR('',#2611,1.);
#2611 = DIRECTION('',(1.,0.,0.));
#2612 = ORIENTED_EDGE('',*,*,#2554,.F.);
#2613 = ORIENTED_EDGE('',*,*,#1865,.F.);
#2614 = PLANE('',#2615);
#2615 = AXIS2_PLACEMENT_3D('',#2616,#2617,#2618);
#2616 = CARTESIAN_POINT('',(-37.52120327386,13.03,10.8));
#2617 = DIRECTION('',(0.,1.,0.));
#2618 = DIRECTION('',(0.,0.,-1.));
#2619 = ADVANCED_FACE('',(#2620),#2631,.T.);
#2620 = FACE_BOUND('',#2621,.T.);
#2621 = EDGE_LOOP('',(#2622,#2628,#2629,#2630));
#2622 = ORIENTED_EDGE('',*,*,#2623,.F.);
#2623 = EDGE_CURVE('',#2577,#2257,#2624,.T.);
#2624 = LINE('',#2625,#2626);
#2625 = CARTESIAN_POINT('',(-37.5212032739,36.75,6.7));
#2626 = VECTOR('',#2627,1.);
#2627 = DIRECTION('',(0.,-1.,0.));
#2628 = ORIENTED_EDGE('',*,*,#2576,.T.);
#2629 = ORIENTED_EDGE('',*,*,#1857,.T.);
#2630 = ORIENTED_EDGE('',*,*,#2264,.T.);
#2631 = PLANE('',#2632);
#2632 = AXIS2_PLACEMENT_3D('',#2633,#2634,#2635);
#2633 = CARTESIAN_POINT('',(-37.5212032739,36.75,6.7));
#2634 = DIRECTION('',(-0.966600102017,0.,-0.256289373133));
#2635 = DIRECTION('',(0.,-1.,0.));
#2636 = ADVANCED_FACE('',(#2637),#2678,.T.);
#2637 = FACE_BOUND('',#2638,.T.);
#2638 = EDGE_LOOP('',(#2639,#2647,#2655,#2661,#2662,#2670,#2676,#2677));
#2639 = ORIENTED_EDGE('',*,*,#2640,.F.);
#2640 = EDGE_CURVE('',#2641,#1928,#2643,.T.);
#2641 = VERTEX_POINT('',#2642);
#2642 = CARTESIAN_POINT('',(-37.52120327388,21.45,6.7));
#2643 = LINE('',#2644,#2645);
#2644 = CARTESIAN_POINT('',(-38.04143487575,21.45,8.662063090155));
#2645 = VECTOR('',#2646,1.);
#2646 = DIRECTION('',(0.256289373133,0.,-0.966600102017));
#2647 = ORIENTED_EDGE('',*,*,#2648,.F.);
#2648 = EDGE_CURVE('',#2649,#2641,#2651,.T.);
#2649 = VERTEX_POINT('',#2650);
#2650 = CARTESIAN_POINT('',(-36.15,21.45,6.7));
#2651 = LINE('',#2652,#2653);
#2652 = CARTESIAN_POINT('',(-18.76060163693,21.45,6.7));
#2653 = VECTOR('',#2654,1.);
#2654 = DIRECTION('',(-1.,0.,0.));
#2655 = ORIENTED_EDGE('',*,*,#2656,.T.);
#2656 = EDGE_CURVE('',#2649,#2146,#2657,.T.);
#2657 = LINE('',#2658,#2659);
#2658 = CARTESIAN_POINT('',(-36.15,21.45,8.8));
#2659 = VECTOR('',#2660,1.);
#2660 = DIRECTION('',(0.,0.,-1.));
#2661 = ORIENTED_EDGE('',*,*,#2145,.F.);
#2662 = ORIENTED_EDGE('',*,*,#2663,.T.);
#2663 = EDGE_CURVE('',#2138,#2664,#2666,.T.);
#2664 = VERTEX_POINT('',#2665);
#2665 = CARTESIAN_POINT('',(-35.82120327386,21.45,1.1));
#2666 = LINE('',#2667,#2668);
#2667 = CARTESIAN_POINT('',(-35.82120327386,21.45,10.9));
#2668 = VECTOR('',#2669,1.);
#2669 = DIRECTION('',(0.,0.,-1.));
#2670 = ORIENTED_EDGE('',*,*,#2671,.F.);
#2671 = EDGE_CURVE('',#2520,#2664,#2672,.T.);
#2672 = LINE('',#2673,#2674);
#2673 = CARTESIAN_POINT('',(-37.52120327386,21.45,1.1));
#2674 = VECTOR('',#2675,1.);
#2675 = DIRECTION('',(1.,0.,0.));
#2676 = ORIENTED_EDGE('',*,*,#2519,.F.);
#2677 = ORIENTED_EDGE('',*,*,#1927,.F.);
#2678 = PLANE('',#2679);
#2679 = AXIS2_PLACEMENT_3D('',#2680,#2681,#2682);
#2680 = CARTESIAN_POINT('',(-37.52120327386,21.45,10.9));
#2681 = DIRECTION('',(0.,1.,0.));
#2682 = DIRECTION('',(0.,0.,-1.));
#2683 = ADVANCED_FACE('',(#2684),#2702,.T.);
#2684 = FACE_BOUND('',#2685,.T.);
#2685 = EDGE_LOOP('',(#2686,#2694,#2695,#2696));
#2686 = ORIENTED_EDGE('',*,*,#2687,.F.);
#2687 = EDGE_CURVE('',#2641,#2688,#2690,.T.);
#2688 = VERTEX_POINT('',#2689);
#2689 = CARTESIAN_POINT('',(-37.52120327388,19.73,6.7));
#2690 = LINE('',#2691,#2692);
#2691 = CARTESIAN_POINT('',(-37.5212032739,36.75,6.7));
#2692 = VECTOR('',#2693,1.);
#2693 = DIRECTION('',(0.,-1.,0.));
#2694 = ORIENTED_EDGE('',*,*,#2640,.T.);
#2695 = ORIENTED_EDGE('',*,*,#1969,.T.);
#2696 = ORIENTED_EDGE('',*,*,#2697,.T.);
#2697 = EDGE_CURVE('',#1962,#2688,#2698,.T.);
#2698 = LINE('',#2699,#2700);
#2699 = CARTESIAN_POINT('',(-36.8399476048,19.73,4.130631667643));
#2700 = VECTOR('',#2701,1.);
#2701 = DIRECTION('',(-0.256289373133,0.,0.966600102017));
#2702 = PLANE('',#2703);
#2703 = AXIS2_PLACEMENT_3D('',#2704,#2705,#2706);
#2704 = CARTESIAN_POINT('',(-37.5212032739,36.75,6.7));
#2705 = DIRECTION('',(-0.966600102017,0.,-0.256289373133));
#2706 = DIRECTION('',(0.,-1.,0.));
#2707 = ADVANCED_FACE('',(#2708),#2742,.T.);
#2708 = FACE_BOUND('',#2709,.T.);
#2709 = EDGE_LOOP('',(#2710,#2711,#2719,#2725,#2726,#2734,#2740,#2741));
#2710 = ORIENTED_EDGE('',*,*,#2541,.F.);
#2711 = ORIENTED_EDGE('',*,*,#2712,.T.);
#2712 = EDGE_CURVE('',#2542,#2713,#2715,.T.);
#2713 = VERTEX_POINT('',#2714);
#2714 = CARTESIAN_POINT('',(-33.52120327386,19.73,1.2));
#2715 = LINE('',#2716,#2717);
#2716 = CARTESIAN_POINT('',(-37.52120327386,19.73,1.2));
#2717 = VECTOR('',#2718,1.);
#2718 = DIRECTION('',(1.,0.,0.));
#2719 = ORIENTED_EDGE('',*,*,#2720,.T.);
#2720 = EDGE_CURVE('',#2713,#2162,#2721,.T.);
#2721 = LINE('',#2722,#2723);
#2722 = CARTESIAN_POINT('',(-33.52120327386,19.73,1.2));
#2723 = VECTOR('',#2724,1.);
#2724 = DIRECTION('',(0.,0.,1.));
#2725 = ORIENTED_EDGE('',*,*,#2161,.F.);
#2726 = ORIENTED_EDGE('',*,*,#2727,.T.);
#2727 = EDGE_CURVE('',#2154,#2728,#2730,.T.);
#2728 = VERTEX_POINT('',#2729);
#2729 = CARTESIAN_POINT('',(-36.15,19.73,6.7));
#2730 = LINE('',#2731,#2732);
#2731 = CARTESIAN_POINT('',(-36.15,19.73,3.95));
#2732 = VECTOR('',#2733,1.);
#2733 = DIRECTION('',(0.,0.,1.));
#2734 = ORIENTED_EDGE('',*,*,#2735,.F.);
#2735 = EDGE_CURVE('',#2688,#2728,#2736,.T.);
#2736 = LINE('',#2737,#2738);
#2737 = CARTESIAN_POINT('',(-18.76060163693,19.73,6.7));
#2738 = VECTOR('',#2739,1.);
#2739 = DIRECTION('',(1.,0.,0.));
#2740 = ORIENTED_EDGE('',*,*,#2697,.F.);
#2741 = ORIENTED_EDGE('',*,*,#1961,.F.);
#2742 = PLANE('',#2743);
#2743 = AXIS2_PLACEMENT_3D('',#2744,#2745,#2746);
#2744 = CARTESIAN_POINT('',(-37.52120327386,19.73,1.2));
#2745 = DIRECTION('',(0.,-1.,0.));
#2746 = DIRECTION('',(0.,0.,1.));
#2747 = ADVANCED_FACE('',(#2748),#2759,.F.);
#2748 = FACE_BOUND('',#2749,.F.);
#2749 = EDGE_LOOP('',(#2750,#2756,#2757,#2758));
#2750 = ORIENTED_EDGE('',*,*,#2751,.F.);
#2751 = EDGE_CURVE('',#2585,#2249,#2752,.T.);
#2752 = LINE('',#2753,#2754);
#2753 = CARTESIAN_POINT('',(-36.15,36.75,6.7));
#2754 = VECTOR('',#2755,1.);
#2755 = DIRECTION('',(0.,-1.,0.));
#2756 = ORIENTED_EDGE('',*,*,#2592,.T.);
#2757 = ORIENTED_EDGE('',*,*,#2185,.T.);
#2758 = ORIENTED_EDGE('',*,*,#2248,.T.);
#2759 = PLANE('',#2760);
#2760 = AXIS2_PLACEMENT_3D('',#2761,#2762,#2763);
#2761 = CARTESIAN_POINT('',(-36.15,36.75,6.7));
#2762 = DIRECTION('',(-1.,0.,0.));
#2763 = DIRECTION('',(0.,-1.,0.));
#2764 = ADVANCED_FACE('',(#2765),#2776,.F.);
#2765 = FACE_BOUND('',#2766,.F.);
#2766 = EDGE_LOOP('',(#2767,#2768,#2769,#2770));
#2767 = ORIENTED_EDGE('',*,*,#2720,.T.);
#2768 = ORIENTED_EDGE('',*,*,#2169,.F.);
#2769 = ORIENTED_EDGE('',*,*,#2599,.T.);
#2770 = ORIENTED_EDGE('',*,*,#2771,.T.);
#2771 = EDGE_CURVE('',#2600,#2713,#2772,.T.);
#2772 = LINE('',#2773,#2774);
#2773 = CARTESIAN_POINT('',(-33.52120327386,13.03,1.2));
#2774 = VECTOR('',#2775,1.);
#2775 = DIRECTION('',(0.,1.,0.));
#2776 = PLANE('',#2777);
#2777 = AXIS2_PLACEMENT_3D('',#2778,#2779,#2780);
#2778 = CARTESIAN_POINT('',(-33.52120327386,11.93,6.));
#2779 = DIRECTION('',(1.,0.,0.));
#2780 = DIRECTION('',(0.,0.,1.));
#2781 = ADVANCED_FACE('',(#2782),#2793,.F.);
#2782 = FACE_BOUND('',#2783,.F.);
#2783 = EDGE_LOOP('',(#2784,#2790,#2791,#2792));
#2784 = ORIENTED_EDGE('',*,*,#2785,.F.);
#2785 = EDGE_CURVE('',#2649,#2728,#2786,.T.);
#2786 = LINE('',#2787,#2788);
#2787 = CARTESIAN_POINT('',(-36.15,36.75,6.7));
#2788 = VECTOR('',#2789,1.);
#2789 = DIRECTION('',(0.,-1.,0.));
#2790 = ORIENTED_EDGE('',*,*,#2656,.T.);
#2791 = ORIENTED_EDGE('',*,*,#2153,.T.);
#2792 = ORIENTED_EDGE('',*,*,#2727,.T.);
#2793 = PLANE('',#2794);
#2794 = AXIS2_PLACEMENT_3D('',#2795,#2796,#2797);
#2795 = CARTESIAN_POINT('',(-36.15,36.75,6.7));
#2796 = DIRECTION('',(-1.,0.,0.));
#2797 = DIRECTION('',(0.,-1.,0.));
#2798 = ADVANCED_FACE('',(#2799),#2810,.F.);
#2799 = FACE_BOUND('',#2800,.F.);
#2800 = EDGE_LOOP('',(#2801,#2802,#2803,#2804));
#2801 = ORIENTED_EDGE('',*,*,#2489,.T.);
#2802 = ORIENTED_EDGE('',*,*,#2137,.F.);
#2803 = ORIENTED_EDGE('',*,*,#2663,.T.);
#2804 = ORIENTED_EDGE('',*,*,#2805,.T.);
#2805 = EDGE_CURVE('',#2664,#2482,#2806,.T.);
#2806 = LINE('',#2807,#2808);
#2807 = CARTESIAN_POINT('',(-35.82120327386,21.45,1.1));
#2808 = VECTOR('',#2809,1.);
#2809 = DIRECTION('',(0.,1.,0.));
#2810 = PLANE('',#2811);
#2811 = AXIS2_PLACEMENT_3D('',#2812,#2813,#2814);
#2812 = CARTESIAN_POINT('',(-35.82120327386,26.85,6.));
#2813 = DIRECTION('',(1.,0.,0.));
#2814 = DIRECTION('',(0.,0.,1.));
#2815 = ADVANCED_FACE('',(#2816),#2822,.F.);
#2816 = FACE_BOUND('',#2817,.F.);
#2817 = EDGE_LOOP('',(#2818,#2819,#2820,#2821));
#2818 = ORIENTED_EDGE('',*,*,#2383,.F.);
#2819 = ORIENTED_EDGE('',*,*,#2409,.T.);
#2820 = ORIENTED_EDGE('',*,*,#2121,.T.);
#2821 = ORIENTED_EDGE('',*,*,#2496,.T.);
#2822 = PLANE('',#2823);
#2823 = AXIS2_PLACEMENT_3D('',#2824,#2825,#2826);
#2824 = CARTESIAN_POINT('',(-36.15,36.75,6.7));
#2825 = DIRECTION('',(-1.,0.,0.));
#2826 = DIRECTION('',(0.,-1.,0.));
#2827 = ADVANCED_FACE('',(#2828),#2834,.T.);
#2828 = FACE_BOUND('',#2829,.T.);
#2829 = EDGE_LOOP('',(#2830,#2831,#2832,#2833));
#2830 = ORIENTED_EDGE('',*,*,#2751,.F.);
#2831 = ORIENTED_EDGE('',*,*,#2584,.T.);
#2832 = ORIENTED_EDGE('',*,*,#2623,.T.);
#2833 = ORIENTED_EDGE('',*,*,#2256,.T.);
#2834 = PLANE('',#2835);
#2835 = AXIS2_PLACEMENT_3D('',#2836,#2837,#2838);
#2836 = CARTESIAN_POINT('',(-6.861335155704E-15,0.,6.7));
#2837 = DIRECTION('',(0.,0.,1.));
#2838 = DIRECTION('',(1.,0.,0.));
#2839 = ADVANCED_FACE('',(#2840),#2846,.T.);
#2840 = FACE_BOUND('',#2841,.T.);
#2841 = EDGE_LOOP('',(#2842,#2843,#2844,#2845));
#2842 = ORIENTED_EDGE('',*,*,#2671,.T.);
#2843 = ORIENTED_EDGE('',*,*,#2805,.T.);
#2844 = ORIENTED_EDGE('',*,*,#2481,.F.);
#2845 = ORIENTED_EDGE('',*,*,#2527,.F.);
#2846 = PLANE('',#2847);
#2847 = AXIS2_PLACEMENT_3D('',#2848,#2849,#2850);
#2848 = CARTESIAN_POINT('',(-37.52120327386,21.45,1.1));
#2849 = DIRECTION('',(0.,0.,1.));
#2850 = DIRECTION('',(0.,1.,0.));
#2851 = ADVANCED_FACE('',(#2852),#2858,.T.);
#2852 = FACE_BOUND('',#2853,.T.);
#2853 = EDGE_LOOP('',(#2854,#2855,#2856,#2857));
#2854 = ORIENTED_EDGE('',*,*,#2607,.T.);
#2855 = ORIENTED_EDGE('',*,*,#2771,.T.);
#2856 = ORIENTED_EDGE('',*,*,#2712,.F.);
#2857 = ORIENTED_EDGE('',*,*,#2562,.F.);
#2858 = PLANE('',#2859);
#2859 = AXIS2_PLACEMENT_3D('',#2860,#2861,#2862);
#2860 = CARTESIAN_POINT('',(-37.52120327386,13.03,1.2));
#2861 = DIRECTION('',(0.,0.,1.));
#2862 = DIRECTION('',(0.,1.,0.));
#2863 = ADVANCED_FACE('',(#2864),#2870,.T.);
#2864 = FACE_BOUND('',#2865,.T.);
#2865 = EDGE_LOOP('',(#2866,#2867,#2868,#2869));
#2866 = ORIENTED_EDGE('',*,*,#2785,.F.);
#2867 = ORIENTED_EDGE('',*,*,#2648,.T.);
#2868 = ORIENTED_EDGE('',*,*,#2687,.T.);
#2869 = ORIENTED_EDGE('',*,*,#2735,.T.);
#2870 = PLANE('',#2871);
#2871 = AXIS2_PLACEMENT_3D('',#2872,#2873,#2874);
#2872 = CARTESIAN_POINT('',(-6.861335155704E-15,0.,6.7));
#2873 = DIRECTION('',(0.,0.,1.));
#2874 = DIRECTION('',(1.,0.,0.));
#2875 = ( GEOMETRIC_REPRESENTATION_CONTEXT(3) 
GLOBAL_UNCERTAINTY_ASSIGNED_CONTEXT((#2879)) 
GLOBAL_UNIT_ASSIGNED_CONTEXT((#2876,#2877,#2878)) REPRESENTATION_CONTEXT
('Context #1','3D Context with UNIT and UNCERTAINTY') );
#2876 = ( LENGTH_UNIT() NAMED_UNIT(*) SI_UNIT(.MILLI.,.METRE.) );
#2877 = ( NAMED_UNIT(*) PLANE_ANGLE_UNIT() SI_UNIT($,.RADIAN.) );
#2878 = ( NAMED_UNIT(*) SI_UNIT($,.STERADIAN.) SOLID_ANGLE_UNIT() );
#2879 = UNCERTAINTY_MEASURE_WITH_UNIT(LENGTH_MEASURE(2.E-05),#2876,
  'distance_accuracy_value','confusion accuracy');
#2880 = PRODUCT_RELATED_PRODUCT_CATEGORY('part',$,(#7));
#2881 = MECHANICAL_DESIGN_GEOMETRIC_PRESENTATION_REPRESENTATION('',(
    #2882),#2875);
#2882 = STYLED_ITEM('color',(#2883),#15);
#2883 = PRESENTATION_STYLE_ASSIGNMENT((#2884,#2892));
#2884 = SURFACE_STYLE_USAGE(.BOTH.,#2885);
#2885 = SURFACE_SIDE_STYLE('',(#2886,#2890));
#2886 = SURFACE_STYLE_FILL_AREA(#2887);
#2887 = FILL_AREA_STYLE('',(#2888));
#2888 = FILL_AREA_STYLE_COLOUR('',#2889);
#2889 = COLOUR_RGB('',0.447058818107,0.474509808674,0.501960817233);
#2890 = SURFACE_STYLE_RENDERING_WITH_PROPERTIES(.NORMAL_SHADING.,#2889,(
    #2891));
#2891 = SURFACE_STYLE_TRANSPARENT(0.699999988079);
#2892 = CURVE_STYLE('',#2893,POSITIVE_LENGTH_MEASURE(0.1),#2894);
#2893 = DRAUGHTING_PRE_DEFINED_CURVE_FONT('continuous');
#2894 = COLOUR_RGB('',9.803921802644E-02,9.803921802644E-02,
  9.803921802644E-02);
ENDSEC;
END-ISO-10303-21;
