ISO-10303-21;
HEADER;
FILE_DESCRIPTION(('FreeCAD Model'),'2;1');
FILE_NAME('Open CASCADE Shape Model','2026-08-28T16:46:10',(''),(''),
  'Open CASCADE STEP processor 7.9','FreeCAD','Unknown');
FILE_SCHEMA(('AUTOMOTIVE_DESIGN { 1 0 10303 214 1 1 1 1 }'));
ENDSEC;
DATA;
#1 = APPLICATION_PROTOCOL_DEFINITION('international standard',
  'automotive_design',2000,#2);
#2 = APPLICATION_CONTEXT(
  'core data for automotive mechanical design processes');
#3 = SHAPE_DEFINITION_REPRESENTATION(#4,#10);
#4 = PRODUCT_DEFINITION_SHAPE('','',#5);
#5 = PRODUCT_DEFINITION('design','',#6,#9);
#6 = PRODUCT_DEFINITION_FORMATION('','',#7);
#7 = PRODUCT('top','top','',(#8));
#8 = PRODUCT_CONTEXT('',#2,'mechanical');
#9 = PRODUCT_DEFINITION_CONTEXT('part definition',#2,'design');
#10 = ADVANCED_BREP_SHAPE_REPRESENTATION('',(#11,#15),#6596);
#11 = AXIS2_PLACEMENT_3D('',#12,#13,#14);
#12 = CARTESIAN_POINT('',(0.,0.,0.));
#13 = DIRECTION('',(0.,0.,1.));
#14 = DIRECTION('',(1.,0.,-0.));
#15 = MANIFOLD_SOLID_BREP('',#16);
#16 = CLOSED_SHELL('',(#17,#107,#140,#173,#246,#279,#303,#376,#418,#442,
    #466,#501,#527,#615,#641,#1076,#1100,#1124,#1164,#1180,#1197,#1231,
    #1351,#1374,#1413,#1437,#1455,#1494,#1506,#1563,#1608,#1653,#1671,
    #1704,#1777,#1825,#1849,#1897,#1921,#1977,#2018,#2036,#2054,#2079,
    #2097,#2128,#2152,#2176,#2200,#2224,#2248,#2272,#2296,#2320,#2344,
    #2368,#2392,#2416,#2440,#2464,#2488,#2512,#2536,#2560,#2584,#2608,
    #2632,#2656,#2680,#2704,#2728,#2752,#2792,#2832,#2857,#2882,#2906,
    #2930,#2954,#2978,#2995,#3026,#3051,#3076,#3100,#3124,#3149,#3174,
    #3191,#3215,#3239,#3281,#3306,#3379,#3403,#3451,#3499,#3523,#3579,
    #3627,#3675,#3731,#3755,#3796,#3838,#3872,#3897,#3937,#4005,#4093,
    #4110,#4134,#4279,#4334,#4358,#4374,#4399,#4423,#4457,#4510,#4559,
    #4595,#4619,#4657,#4683,#4700,#4711,#4722,#4991,#5003,#5015,#5101,
    #5147,#5164,#5176,#5245,#5268,#5292,#5323,#5339,#5351,#5400,#5436,
    #5474,#5514,#5531,#5548,#5559,#5570,#5594,#5632,#5665,#5700,#5711,
    #5727,#5739,#5756,#5768,#5796,#5818,#5835,#5852,#5864,#5905,#5922,
    #5939,#5951,#5968,#5985,#5997,#6025,#6047,#6088,#6105,#6126,#6143,
    #6156,#6184,#6212,#6234,#6251,#6268,#6285,#6302,#6319,#6336,#6348,
    #6370,#6387,#6404,#6416,#6441,#6463,#6488,#6510,#6519,#6544,#6553,
    #6578,#6587));
#17 = ADVANCED_FACE('',(#18),#102,.T.);
#18 = FACE_BOUND('',#19,.T.);
#19 = EDGE_LOOP('',(#20,#30,#38,#46,#54,#62,#71,#79,#88,#96));
#20 = ORIENTED_EDGE('',*,*,#21,.F.);
#21 = EDGE_CURVE('',#22,#24,#26,.T.);
#22 = VERTEX_POINT('',#23);
#23 = CARTESIAN_POINT('',(27.15,-47.95,-1.5));
#24 = VERTEX_POINT('',#25);
#25 = CARTESIAN_POINT('',(27.15,-47.95,-12.2));
#26 = LINE('',#27,#28);
#27 = CARTESIAN_POINT('',(27.15,-47.95,0.));
#28 = VECTOR('',#29,1.);
#29 = DIRECTION('',(-0.,-0.,-1.));
#30 = ORIENTED_EDGE('',*,*,#31,.F.);
#31 = EDGE_CURVE('',#32,#22,#34,.T.);
#32 = VERTEX_POINT('',#33);
#33 = CARTESIAN_POINT('',(-27.15,-47.95,-1.5));
#34 = LINE('',#35,#36);
#35 = CARTESIAN_POINT('',(-27.15,-47.95,-1.5));
#36 = VECTOR('',#37,1.);
#37 = DIRECTION('',(1.,0.,0.));
#38 = ORIENTED_EDGE('',*,*,#39,.T.);
#39 = EDGE_CURVE('',#32,#40,#42,.T.);
#40 = VERTEX_POINT('',#41);
#41 = CARTESIAN_POINT('',(-27.15,-47.95,-12.2));
#42 = LINE('',#43,#44);
#43 = CARTESIAN_POINT('',(-27.15,-47.95,0.));
#44 = VECTOR('',#45,1.);
#45 = DIRECTION('',(-0.,-0.,-1.));
#46 = ORIENTED_EDGE('',*,*,#47,.T.);
#47 = EDGE_CURVE('',#40,#48,#50,.T.);
#48 = VERTEX_POINT('',#49);
#49 = CARTESIAN_POINT('',(-4.82,-47.95,-12.2));
#50 = LINE('',#51,#52);
#51 = CARTESIAN_POINT('',(-27.15,-47.95,-12.2));
#52 = VECTOR('',#53,1.);
#53 = DIRECTION('',(1.,0.,0.));
#54 = ORIENTED_EDGE('',*,*,#55,.F.);
#55 = EDGE_CURVE('',#56,#48,#58,.T.);
#56 = VERTEX_POINT('',#57);
#57 = CARTESIAN_POINT('',(-4.82,-47.95,-11.5));
#58 = LINE('',#59,#60);
#59 = CARTESIAN_POINT('',(-4.82,-47.95,-11.5));
#60 = VECTOR('',#61,1.);
#61 = DIRECTION('',(0.,0.,-1.));
#62 = ORIENTED_EDGE('',*,*,#63,.F.);
#63 = EDGE_CURVE('',#64,#56,#66,.T.);
#64 = VERTEX_POINT('',#65);
#65 = CARTESIAN_POINT('',(-3.72,-47.95,-10.39999999999));
#66 = CIRCLE('',#67,1.1);
#67 = AXIS2_PLACEMENT_3D('',#68,#69,#70);
#68 = CARTESIAN_POINT('',(-3.72,-47.95,-11.49999999999));
#69 = DIRECTION('',(0.,-1.,0.));
#70 = DIRECTION('',(1.,0.,0.));
#71 = ORIENTED_EDGE('',*,*,#72,.F.);
#72 = EDGE_CURVE('',#73,#64,#75,.T.);
#73 = VERTEX_POINT('',#74);
#74 = CARTESIAN_POINT('',(3.22,-47.95,-10.39999999999));
#75 = LINE('',#76,#77);
#76 = CARTESIAN_POINT('',(3.22,-47.95,-10.39999999999));
#77 = VECTOR('',#78,1.);
#78 = DIRECTION('',(-1.,0.,0.));
#79 = ORIENTED_EDGE('',*,*,#80,.F.);
#80 = EDGE_CURVE('',#81,#73,#83,.T.);
#81 = VERTEX_POINT('',#82);
#82 = CARTESIAN_POINT('',(4.32,-47.95,-11.49999999999));
#83 = CIRCLE('',#84,1.1);
#84 = AXIS2_PLACEMENT_3D('',#85,#86,#87);
#85 = CARTESIAN_POINT('',(3.22,-47.95,-11.49999999999));
#86 = DIRECTION('',(0.,-1.,0.));
#87 = DIRECTION('',(1.,0.,0.));
#88 = ORIENTED_EDGE('',*,*,#89,.F.);
#89 = EDGE_CURVE('',#90,#81,#92,.T.);
#90 = VERTEX_POINT('',#91);
#91 = CARTESIAN_POINT('',(4.32,-47.95,-12.2));
#92 = LINE('',#93,#94);
#93 = CARTESIAN_POINT('',(4.32,-47.95,-12.69999999999));
#94 = VECTOR('',#95,1.);
#95 = DIRECTION('',(0.,0.,1.));
#96 = ORIENTED_EDGE('',*,*,#97,.T.);
#97 = EDGE_CURVE('',#90,#24,#98,.T.);
#98 = LINE('',#99,#100);
#99 = CARTESIAN_POINT('',(-27.15,-47.95,-12.2));
#100 = VECTOR('',#101,1.);
#101 = DIRECTION('',(1.,0.,0.));
#102 = PLANE('',#103);
#103 = AXIS2_PLACEMENT_3D('',#104,#105,#106);
#104 = CARTESIAN_POINT('',(-27.15,-47.95,0.));
#105 = DIRECTION('',(0.,-1.,0.));
#106 = DIRECTION('',(1.,0.,0.));
#107 = ADVANCED_FACE('',(#108),#135,.T.);
#108 = FACE_BOUND('',#109,.T.);
#109 = EDGE_LOOP('',(#110,#111,#120,#128));
#110 = ORIENTED_EDGE('',*,*,#21,.T.);
#111 = ORIENTED_EDGE('',*,*,#112,.T.);
#112 = EDGE_CURVE('',#24,#113,#115,.T.);
#113 = VERTEX_POINT('',#114);
#114 = CARTESIAN_POINT('',(38.35,-36.75,-12.2));
#115 = CIRCLE('',#116,11.2);
#116 = AXIS2_PLACEMENT_3D('',#117,#118,#119);
#117 = CARTESIAN_POINT('',(27.15,-36.75,-12.2));
#118 = DIRECTION('',(0.,0.,1.));
#119 = DIRECTION('',(1.,0.,0.));
#120 = ORIENTED_EDGE('',*,*,#121,.F.);
#121 = EDGE_CURVE('',#122,#113,#124,.T.);
#122 = VERTEX_POINT('',#123);
#123 = CARTESIAN_POINT('',(38.35,-36.75,-1.5));
#124 = LINE('',#125,#126);
#125 = CARTESIAN_POINT('',(38.35,-36.75,0.));
#126 = VECTOR('',#127,1.);
#127 = DIRECTION('',(-0.,-0.,-1.));
#128 = ORIENTED_EDGE('',*,*,#129,.F.);
#129 = EDGE_CURVE('',#22,#122,#130,.T.);
#130 = CIRCLE('',#131,11.2);
#131 = AXIS2_PLACEMENT_3D('',#132,#133,#134);
#132 = CARTESIAN_POINT('',(27.15,-36.75,-1.5));
#133 = DIRECTION('',(0.,0.,1.));
#134 = DIRECTION('',(-3.2E-16,-1.,0.));
#135 = CYLINDRICAL_SURFACE('',#136,11.2);
#136 = AXIS2_PLACEMENT_3D('',#137,#138,#139);
#137 = CARTESIAN_POINT('',(27.15,-36.75,0.));
#138 = DIRECTION('',(0.,0.,1.));
#139 = DIRECTION('',(1.,0.,0.));
#140 = ADVANCED_FACE('',(#141),#168,.T.);
#141 = FACE_BOUND('',#142,.T.);
#142 = EDGE_LOOP('',(#143,#152,#153,#162));
#143 = ORIENTED_EDGE('',*,*,#144,.T.);
#144 = EDGE_CURVE('',#145,#32,#147,.T.);
#145 = VERTEX_POINT('',#146);
#146 = CARTESIAN_POINT('',(-27.15,-46.45,0.));
#147 = CIRCLE('',#148,1.5);
#148 = AXIS2_PLACEMENT_3D('',#149,#150,#151);
#149 = CARTESIAN_POINT('',(-27.15,-46.45,-1.5));
#150 = DIRECTION('',(1.,-6.E-17,0.));
#151 = DIRECTION('',(-6.E-17,-1.,0.));
#152 = ORIENTED_EDGE('',*,*,#31,.T.);
#153 = ORIENTED_EDGE('',*,*,#154,.F.);
#154 = EDGE_CURVE('',#155,#22,#157,.T.);
#155 = VERTEX_POINT('',#156);
#156 = CARTESIAN_POINT('',(27.15,-46.45,0.));
#157 = CIRCLE('',#158,1.5);
#158 = AXIS2_PLACEMENT_3D('',#159,#160,#161);
#159 = CARTESIAN_POINT('',(27.15,-46.45,-1.5));
#160 = DIRECTION('',(1.,0.,-0.));
#161 = DIRECTION('',(0.,0.,1.));
#162 = ORIENTED_EDGE('',*,*,#163,.F.);
#163 = EDGE_CURVE('',#145,#155,#164,.T.);
#164 = LINE('',#165,#166);
#165 = CARTESIAN_POINT('',(-27.15,-46.45,2.2E-16));
#166 = VECTOR('',#167,1.);
#167 = DIRECTION('',(1.,0.,0.));
#168 = CYLINDRICAL_SURFACE('',#169,1.5);
#169 = AXIS2_PLACEMENT_3D('',#170,#171,#172);
#170 = CARTESIAN_POINT('',(-27.15,-46.45,-1.5));
#171 = DIRECTION('',(1.,0.,0.));
#172 = DIRECTION('',(0.,0.,1.));
#173 = ADVANCED_FACE('',(#174),#241,.F.);
#174 = FACE_BOUND('',#175,.F.);
#175 = EDGE_LOOP('',(#176,#186,#192,#193,#194,#202,#210,#218,#226,#234)
  );
#176 = ORIENTED_EDGE('',*,*,#177,.F.);
#177 = EDGE_CURVE('',#178,#180,#182,.T.);
#178 = VERTEX_POINT('',#179);
#179 = CARTESIAN_POINT('',(4.32,-46.95,-12.2));
#180 = VERTEX_POINT('',#181);
#181 = CARTESIAN_POINT('',(27.149999999997,-46.95,-12.2));
#182 = LINE('',#183,#184);
#183 = CARTESIAN_POINT('',(-27.15,-46.95,-12.2));
#184 = VECTOR('',#185,1.);
#185 = DIRECTION('',(1.,0.,0.));
#186 = ORIENTED_EDGE('',*,*,#187,.F.);
#187 = EDGE_CURVE('',#90,#178,#188,.T.);
#188 = LINE('',#189,#190);
#189 = CARTESIAN_POINT('',(4.32,-23.975,-12.2));
#190 = VECTOR('',#191,1.);
#191 = DIRECTION('',(0.,1.,0.));
#192 = ORIENTED_EDGE('',*,*,#97,.T.);
#193 = ORIENTED_EDGE('',*,*,#112,.T.);
#194 = ORIENTED_EDGE('',*,*,#195,.T.);
#195 = EDGE_CURVE('',#113,#196,#198,.T.);
#196 = VERTEX_POINT('',#197);
#197 = CARTESIAN_POINT('',(38.35,5.13,-12.2));
#198 = LINE('',#199,#200);
#199 = CARTESIAN_POINT('',(38.35,-36.75,-12.2));
#200 = VECTOR('',#201,1.);
#201 = DIRECTION('',(0.,1.,0.));
#202 = ORIENTED_EDGE('',*,*,#203,.F.);
#203 = EDGE_CURVE('',#204,#196,#206,.T.);
#204 = VERTEX_POINT('',#205);
#205 = CARTESIAN_POINT('',(37.521203273864,5.13,-12.2));
#206 = LINE('',#207,#208);
#207 = CARTESIAN_POINT('',(19.175,5.13,-12.2));
#208 = VECTOR('',#209,1.);
#209 = DIRECTION('',(1.,0.,0.));
#210 = ORIENTED_EDGE('',*,*,#211,.F.);
#211 = EDGE_CURVE('',#212,#204,#214,.T.);
#212 = VERTEX_POINT('',#213);
#213 = CARTESIAN_POINT('',(37.521203273864,4.13,-12.2));
#214 = LINE('',#215,#216);
#215 = CARTESIAN_POINT('',(37.521203273864,5.965000000005,-12.2));
#216 = VECTOR('',#217,1.);
#217 = DIRECTION('',(0.,1.,0.));
#218 = ORIENTED_EDGE('',*,*,#219,.T.);
#219 = EDGE_CURVE('',#212,#220,#222,.T.);
#220 = VERTEX_POINT('',#221);
#221 = CARTESIAN_POINT('',(37.349999999997,4.13,-12.2));
#222 = LINE('',#223,#224);
#223 = CARTESIAN_POINT('',(18.075,4.13,-12.2));
#224 = VECTOR('',#225,1.);
#225 = DIRECTION('',(-1.,0.,0.));
#226 = ORIENTED_EDGE('',*,*,#227,.F.);
#227 = EDGE_CURVE('',#228,#220,#230,.T.);
#228 = VERTEX_POINT('',#229);
#229 = CARTESIAN_POINT('',(37.349999999997,-36.75,-12.2));
#230 = LINE('',#231,#232);
#231 = CARTESIAN_POINT('',(37.349999999997,-36.75,-12.2));
#232 = VECTOR('',#233,1.);
#233 = DIRECTION('',(0.,1.,0.));
#234 = ORIENTED_EDGE('',*,*,#235,.F.);
#235 = EDGE_CURVE('',#180,#228,#236,.T.);
#236 = CIRCLE('',#237,10.2);
#237 = AXIS2_PLACEMENT_3D('',#238,#239,#240);
#238 = CARTESIAN_POINT('',(27.149999999997,-36.75,-12.2));
#239 = DIRECTION('',(0.,0.,1.));
#240 = DIRECTION('',(1.,0.,0.));
#241 = PLANE('',#242);
#242 = AXIS2_PLACEMENT_3D('',#243,#244,#245);
#243 = CARTESIAN_POINT('',(-4.63E-15,-9.7E-15,-12.2));
#244 = DIRECTION('',(0.,0.,1.));
#245 = DIRECTION('',(1.,0.,0.));
#246 = ADVANCED_FACE('',(#247),#274,.T.);
#247 = FACE_BOUND('',#248,.T.);
#248 = EDGE_LOOP('',(#249,#259,#266,#267));
#249 = ORIENTED_EDGE('',*,*,#250,.T.);
#250 = EDGE_CURVE('',#251,#253,#255,.T.);
#251 = VERTEX_POINT('',#252);
#252 = CARTESIAN_POINT('',(-38.35,-36.75,-1.5));
#253 = VERTEX_POINT('',#254);
#254 = CARTESIAN_POINT('',(-38.35,-36.75,-12.2));
#255 = LINE('',#256,#257);
#256 = CARTESIAN_POINT('',(-38.35,-36.75,0.));
#257 = VECTOR('',#258,1.);
#258 = DIRECTION('',(-0.,-0.,-1.));
#259 = ORIENTED_EDGE('',*,*,#260,.T.);
#260 = EDGE_CURVE('',#253,#40,#261,.T.);
#261 = CIRCLE('',#262,11.2);
#262 = AXIS2_PLACEMENT_3D('',#263,#264,#265);
#263 = CARTESIAN_POINT('',(-27.15,-36.75,-12.2));
#264 = DIRECTION('',(0.,0.,1.));
#265 = DIRECTION('',(1.,0.,0.));
#266 = ORIENTED_EDGE('',*,*,#39,.F.);
#267 = ORIENTED_EDGE('',*,*,#268,.F.);
#268 = EDGE_CURVE('',#251,#32,#269,.T.);
#269 = CIRCLE('',#270,11.2);
#270 = AXIS2_PLACEMENT_3D('',#271,#272,#273);
#271 = CARTESIAN_POINT('',(-27.15,-36.75,-1.5));
#272 = DIRECTION('',(0.,0.,1.));
#273 = DIRECTION('',(-1.,0.,0.));
#274 = CYLINDRICAL_SURFACE('',#275,11.2);
#275 = AXIS2_PLACEMENT_3D('',#276,#277,#278);
#276 = CARTESIAN_POINT('',(-27.15,-36.75,0.));
#277 = DIRECTION('',(0.,0.,1.));
#278 = DIRECTION('',(1.,0.,0.));
#279 = ADVANCED_FACE('',(#280),#298,.F.);
#280 = FACE_BOUND('',#281,.F.);
#281 = EDGE_LOOP('',(#282,#283,#284,#292));
#282 = ORIENTED_EDGE('',*,*,#89,.F.);
#283 = ORIENTED_EDGE('',*,*,#187,.T.);
#284 = ORIENTED_EDGE('',*,*,#285,.T.);
#285 = EDGE_CURVE('',#178,#286,#288,.T.);
#286 = VERTEX_POINT('',#287);
#287 = CARTESIAN_POINT('',(4.32,-47.13560163693,-11.49999999999));
#288 = LINE('',#289,#290);
#289 = CARTESIAN_POINT('',(4.32,-47.10651142477,-11.60971427219));
#290 = VECTOR('',#291,1.);
#291 = DIRECTION('',(0.,-0.256289373133,0.966600102017));
#292 = ORIENTED_EDGE('',*,*,#293,.F.);
#293 = EDGE_CURVE('',#81,#286,#294,.T.);
#294 = LINE('',#295,#296);
#295 = CARTESIAN_POINT('',(4.32,-47.95,-11.49999999999));
#296 = VECTOR('',#297,1.);
#297 = DIRECTION('',(0.,1.,-2.2E-16));
#298 = PLANE('',#299);
#299 = AXIS2_PLACEMENT_3D('',#300,#301,#302);
#300 = CARTESIAN_POINT('',(4.32,-47.95,-12.69999999999));
#301 = DIRECTION('',(1.,0.,0.));
#302 = DIRECTION('',(0.,2.2E-16,1.));
#303 = ADVANCED_FACE('',(#304),#371,.F.);
#304 = FACE_BOUND('',#305,.F.);
#305 = EDGE_LOOP('',(#306,#316,#324,#332,#338,#339,#340,#348,#356,#365)
  );
#306 = ORIENTED_EDGE('',*,*,#307,.F.);
#307 = EDGE_CURVE('',#308,#310,#312,.T.);
#308 = VERTEX_POINT('',#309);
#309 = CARTESIAN_POINT('',(-37.52120327386,4.13,-12.2));
#310 = VERTEX_POINT('',#311);
#311 = CARTESIAN_POINT('',(-37.35,4.13,-12.2));
#312 = LINE('',#313,#314);
#313 = CARTESIAN_POINT('',(-18.075,4.13,-12.2));
#314 = VECTOR('',#315,1.);
#315 = DIRECTION('',(1.,0.,0.));
#316 = ORIENTED_EDGE('',*,*,#317,.T.);
#317 = EDGE_CURVE('',#308,#318,#320,.T.);
#318 = VERTEX_POINT('',#319);
#319 = CARTESIAN_POINT('',(-37.52120327386,5.130000000049,-12.2));
#320 = LINE('',#321,#322);
#321 = CARTESIAN_POINT('',(-37.52120327386,8.817746858169,-12.2));
#322 = VECTOR('',#323,1.);
#323 = DIRECTION('',(0.,1.,0.));
#324 = ORIENTED_EDGE('',*,*,#325,.T.);
#325 = EDGE_CURVE('',#318,#326,#328,.T.);
#326 = VERTEX_POINT('',#327);
#327 = CARTESIAN_POINT('',(-38.35,5.130000000049,-12.2));
#328 = LINE('',#329,#330);
#329 = CARTESIAN_POINT('',(-19.175,5.130000000049,-12.2));
#330 = VECTOR('',#331,1.);
#331 = DIRECTION('',(-1.,0.,0.));
#332 = ORIENTED_EDGE('',*,*,#333,.T.);
#333 = EDGE_CURVE('',#326,#253,#334,.T.);
#334 = LINE('',#335,#336);
#335 = CARTESIAN_POINT('',(-38.35,36.75,-12.2));
#336 = VECTOR('',#337,1.);
#337 = DIRECTION('',(0.,-1.,0.));
#338 = ORIENTED_EDGE('',*,*,#260,.T.);
#339 = ORIENTED_EDGE('',*,*,#47,.T.);
#340 = ORIENTED_EDGE('',*,*,#341,.F.);
#341 = EDGE_CURVE('',#342,#48,#344,.T.);
#342 = VERTEX_POINT('',#343);
#343 = CARTESIAN_POINT('',(-4.82,-46.95,-12.2));
#344 = LINE('',#345,#346);
#345 = CARTESIAN_POINT('',(-4.82,-23.975,-12.2));
#346 = VECTOR('',#347,1.);
#347 = DIRECTION('',(0.,-1.,0.));
#348 = ORIENTED_EDGE('',*,*,#349,.F.);
#349 = EDGE_CURVE('',#350,#342,#352,.T.);
#350 = VERTEX_POINT('',#351);
#351 = CARTESIAN_POINT('',(-27.15,-46.95,-12.2));
#352 = LINE('',#353,#354);
#353 = CARTESIAN_POINT('',(-27.15,-46.95,-12.2));
#354 = VECTOR('',#355,1.);
#355 = DIRECTION('',(1.,0.,0.));
#356 = ORIENTED_EDGE('',*,*,#357,.F.);
#357 = EDGE_CURVE('',#358,#350,#360,.T.);
#358 = VERTEX_POINT('',#359);
#359 = CARTESIAN_POINT('',(-37.35,-36.75,-12.2));
#360 = CIRCLE('',#361,10.2);
#361 = AXIS2_PLACEMENT_3D('',#362,#363,#364);
#362 = CARTESIAN_POINT('',(-27.15,-36.75,-12.2));
#363 = DIRECTION('',(0.,0.,1.));
#364 = DIRECTION('',(1.,0.,0.));
#365 = ORIENTED_EDGE('',*,*,#366,.F.);
#366 = EDGE_CURVE('',#310,#358,#367,.T.);
#367 = LINE('',#368,#369);
#368 = CARTESIAN_POINT('',(-37.35,36.75,-12.2));
#369 = VECTOR('',#370,1.);
#370 = DIRECTION('',(0.,-1.,0.));
#371 = PLANE('',#372);
#372 = AXIS2_PLACEMENT_3D('',#373,#374,#375);
#373 = CARTESIAN_POINT('',(-4.63E-15,-9.7E-15,-12.2));
#374 = DIRECTION('',(0.,0.,1.));
#375 = DIRECTION('',(1.,0.,0.));
#376 = ADVANCED_FACE('',(#377),#413,.F.);
#377 = FACE_BOUND('',#378,.F.);
#378 = EDGE_LOOP('',(#379,#380,#381,#390,#398,#407));
#379 = ORIENTED_EDGE('',*,*,#80,.F.);
#380 = ORIENTED_EDGE('',*,*,#293,.T.);
#381 = ORIENTED_EDGE('',*,*,#382,.T.);
#382 = EDGE_CURVE('',#286,#383,#385,.T.);
#383 = VERTEX_POINT('',#384);
#384 = CARTESIAN_POINT('',(4.068528137426,-47.32120327387,-10.8));
#385 = ELLIPSE('',#386,1.13800939779,1.1);
#386 = AXIS2_PLACEMENT_3D('',#387,#388,#389);
#387 = CARTESIAN_POINT('',(3.22,-47.13560163693,-11.49999999999));
#388 = DIRECTION('',(-0.,-0.966600102017,-0.256289373133));
#389 = DIRECTION('',(0.,-0.256289373133,0.966600102017));
#390 = ORIENTED_EDGE('',*,*,#391,.F.);
#391 = EDGE_CURVE('',#392,#383,#394,.T.);
#392 = VERTEX_POINT('',#393);
#393 = CARTESIAN_POINT('',(4.068528137426,-45.75,-10.8));
#394 = LINE('',#395,#396);
#395 = CARTESIAN_POINT('',(4.068528137426,-47.95,-10.8));
#396 = VECTOR('',#397,1.);
#397 = DIRECTION('',(0.,-1.,2.2E-16));
#398 = ORIENTED_EDGE('',*,*,#399,.T.);
#399 = EDGE_CURVE('',#392,#400,#402,.T.);
#400 = VERTEX_POINT('',#401);
#401 = CARTESIAN_POINT('',(3.22,-45.75,-10.39999999999));
#402 = CIRCLE('',#403,1.1);
#403 = AXIS2_PLACEMENT_3D('',#404,#405,#406);
#404 = CARTESIAN_POINT('',(3.22,-45.75,-11.49999999999));
#405 = DIRECTION('',(0.,-1.,0.));
#406 = DIRECTION('',(1.,0.,0.));
#407 = ORIENTED_EDGE('',*,*,#408,.F.);
#408 = EDGE_CURVE('',#73,#400,#409,.T.);
#409 = LINE('',#410,#411);
#410 = CARTESIAN_POINT('',(3.22,-47.95,-10.39999999999));
#411 = VECTOR('',#412,1.);
#412 = DIRECTION('',(0.,1.,-2.2E-16));
#413 = CYLINDRICAL_SURFACE('',#414,1.1);
#414 = AXIS2_PLACEMENT_3D('',#415,#416,#417);
#415 = CARTESIAN_POINT('',(3.22,-47.95,-11.49999999999));
#416 = DIRECTION('',(0.,-1.,2.2E-16));
#417 = DIRECTION('',(1.,0.,0.));
#418 = ADVANCED_FACE('',(#419),#437,.F.);
#419 = FACE_BOUND('',#420,.F.);
#420 = EDGE_LOOP('',(#421,#422,#430,#436));
#421 = ORIENTED_EDGE('',*,*,#55,.F.);
#422 = ORIENTED_EDGE('',*,*,#423,.T.);
#423 = EDGE_CURVE('',#56,#424,#426,.T.);
#424 = VERTEX_POINT('',#425);
#425 = CARTESIAN_POINT('',(-4.82,-47.13560163693,-11.5));
#426 = LINE('',#427,#428);
#427 = CARTESIAN_POINT('',(-4.82,-47.95,-11.5));
#428 = VECTOR('',#429,1.);
#429 = DIRECTION('',(0.,1.,-2.2E-16));
#430 = ORIENTED_EDGE('',*,*,#431,.T.);
#431 = EDGE_CURVE('',#424,#342,#432,.T.);
#432 = LINE('',#433,#434);
#433 = CARTESIAN_POINT('',(-4.82,-47.2551490253,-11.04912481786));
#434 = VECTOR('',#435,1.);
#435 = DIRECTION('',(0.,0.256289373133,-0.966600102017));
#436 = ORIENTED_EDGE('',*,*,#341,.T.);
#437 = PLANE('',#438);
#438 = AXIS2_PLACEMENT_3D('',#439,#440,#441);
#439 = CARTESIAN_POINT('',(-4.82,-47.95,-11.5));
#440 = DIRECTION('',(-1.,0.,0.));
#441 = DIRECTION('',(-0.,-2.2E-16,-1.));
#442 = ADVANCED_FACE('',(#443),#461,.F.);
#443 = FACE_BOUND('',#444,.F.);
#444 = EDGE_LOOP('',(#445,#446,#454,#460));
#445 = ORIENTED_EDGE('',*,*,#408,.T.);
#446 = ORIENTED_EDGE('',*,*,#447,.T.);
#447 = EDGE_CURVE('',#400,#448,#450,.T.);
#448 = VERTEX_POINT('',#449);
#449 = CARTESIAN_POINT('',(-3.72,-45.75,-10.39999999999));
#450 = LINE('',#451,#452);
#451 = CARTESIAN_POINT('',(3.22,-45.75,-10.39999999999));
#452 = VECTOR('',#453,1.);
#453 = DIRECTION('',(-1.,0.,0.));
#454 = ORIENTED_EDGE('',*,*,#455,.F.);
#455 = EDGE_CURVE('',#64,#448,#456,.T.);
#456 = LINE('',#457,#458);
#457 = CARTESIAN_POINT('',(-3.72,-47.95,-10.39999999999));
#458 = VECTOR('',#459,1.);
#459 = DIRECTION('',(0.,1.,-2.2E-16));
#460 = ORIENTED_EDGE('',*,*,#72,.F.);
#461 = PLANE('',#462);
#462 = AXIS2_PLACEMENT_3D('',#463,#464,#465);
#463 = CARTESIAN_POINT('',(3.22,-47.95,-10.39999999999));
#464 = DIRECTION('',(0.,2.2E-16,1.));
#465 = DIRECTION('',(-1.,0.,0.));
#466 = ADVANCED_FACE('',(#467),#496,.F.);
#467 = FACE_BOUND('',#468,.F.);
#468 = EDGE_LOOP('',(#469,#470,#471,#480,#488,#495));
#469 = ORIENTED_EDGE('',*,*,#63,.F.);
#470 = ORIENTED_EDGE('',*,*,#455,.T.);
#471 = ORIENTED_EDGE('',*,*,#472,.T.);
#472 = EDGE_CURVE('',#448,#473,#475,.T.);
#473 = VERTEX_POINT('',#474);
#474 = CARTESIAN_POINT('',(-4.568528137426,-45.75,-10.8));
#475 = CIRCLE('',#476,1.1);
#476 = AXIS2_PLACEMENT_3D('',#477,#478,#479);
#477 = CARTESIAN_POINT('',(-3.72,-45.75,-11.49999999999));
#478 = DIRECTION('',(0.,-1.,0.));
#479 = DIRECTION('',(1.,0.,0.));
#480 = ORIENTED_EDGE('',*,*,#481,.T.);
#481 = EDGE_CURVE('',#473,#482,#484,.T.);
#482 = VERTEX_POINT('',#483);
#483 = CARTESIAN_POINT('',(-4.568528137426,-47.32120327387,-10.8));
#484 = LINE('',#485,#486);
#485 = CARTESIAN_POINT('',(-4.568528137426,-47.95,-10.8));
#486 = VECTOR('',#487,1.);
#487 = DIRECTION('',(0.,-1.,2.2E-16));
#488 = ORIENTED_EDGE('',*,*,#489,.T.);
#489 = EDGE_CURVE('',#482,#424,#490,.T.);
#490 = ELLIPSE('',#491,1.13800939779,1.1);
#491 = AXIS2_PLACEMENT_3D('',#492,#493,#494);
#492 = CARTESIAN_POINT('',(-3.72,-47.13560163693,-11.49999999999));
#493 = DIRECTION('',(-0.,-0.966600102017,-0.256289373133));
#494 = DIRECTION('',(0.,-0.256289373133,0.966600102017));
#495 = ORIENTED_EDGE('',*,*,#423,.F.);
#496 = CYLINDRICAL_SURFACE('',#497,1.1);
#497 = AXIS2_PLACEMENT_3D('',#498,#499,#500);
#498 = CARTESIAN_POINT('',(-3.72,-47.95,-11.49999999999));
#499 = DIRECTION('',(0.,-1.,2.2E-16));
#500 = DIRECTION('',(1.,0.,0.));
#501 = ADVANCED_FACE('',(#502),#522,.T.);
#502 = FACE_BOUND('',#503,.F.);
#503 = EDGE_LOOP('',(#504,#505,#514,#521));
#504 = ORIENTED_EDGE('',*,*,#154,.F.);
#505 = ORIENTED_EDGE('',*,*,#506,.T.);
#506 = EDGE_CURVE('',#155,#507,#509,.T.);
#507 = VERTEX_POINT('',#508);
#508 = CARTESIAN_POINT('',(36.85,-36.75,0.));
#509 = CIRCLE('',#510,9.7);
#510 = AXIS2_PLACEMENT_3D('',#511,#512,#513);
#511 = CARTESIAN_POINT('',(27.15,-36.75,0.));
#512 = DIRECTION('',(0.,0.,1.));
#513 = DIRECTION('',(-3.2E-16,-1.,0.));
#514 = ORIENTED_EDGE('',*,*,#515,.T.);
#515 = EDGE_CURVE('',#507,#122,#516,.T.);
#516 = CIRCLE('',#517,1.5);
#517 = AXIS2_PLACEMENT_3D('',#518,#519,#520);
#518 = CARTESIAN_POINT('',(36.85,-36.75,-1.5));
#519 = DIRECTION('',(0.,1.,0.));
#520 = DIRECTION('',(0.,-0.,1.));
#521 = ORIENTED_EDGE('',*,*,#129,.F.);
#522 = TOROIDAL_SURFACE('',#523,9.7,1.5);
#523 = AXIS2_PLACEMENT_3D('',#524,#525,#526);
#524 = CARTESIAN_POINT('',(27.15,-36.75,-1.5));
#525 = DIRECTION('',(-0.,-0.,-1.));
#526 = DIRECTION('',(-3.2E-16,-1.,0.));
#527 = ADVANCED_FACE('',(#528),#610,.T.);
#528 = FACE_BOUND('',#529,.T.);
#529 = EDGE_LOOP('',(#530,#540,#546,#547,#548,#556,#564,#572,#580,#588,
    #596,#604));
#530 = ORIENTED_EDGE('',*,*,#531,.F.);
#531 = EDGE_CURVE('',#532,#534,#536,.T.);
#532 = VERTEX_POINT('',#533);
#533 = CARTESIAN_POINT('',(38.35,36.75,-1.5));
#534 = VERTEX_POINT('',#535);
#535 = CARTESIAN_POINT('',(38.35,36.75,-12.2));
#536 = LINE('',#537,#538);
#537 = CARTESIAN_POINT('',(38.35,36.75,0.));
#538 = VECTOR('',#539,1.);
#539 = DIRECTION('',(-0.,-0.,-1.));
#540 = ORIENTED_EDGE('',*,*,#541,.F.);
#541 = EDGE_CURVE('',#122,#532,#542,.T.);
#542 = LINE('',#543,#544);
#543 = CARTESIAN_POINT('',(38.35,-36.75,-1.5));
#544 = VECTOR('',#545,1.);
#545 = DIRECTION('',(0.,1.,0.));
#546 = ORIENTED_EDGE('',*,*,#121,.T.);
#547 = ORIENTED_EDGE('',*,*,#195,.T.);
#548 = ORIENTED_EDGE('',*,*,#549,.F.);
#549 = EDGE_CURVE('',#550,#196,#552,.T.);
#550 = VERTEX_POINT('',#551);
#551 = CARTESIAN_POINT('',(38.35,5.13,-5.2));
#552 = LINE('',#553,#554);
#553 = CARTESIAN_POINT('',(38.35,5.13,-5.2));
#554 = VECTOR('',#555,1.);
#555 = DIRECTION('',(0.,0.,-1.));
#556 = ORIENTED_EDGE('',*,*,#557,.F.);
#557 = EDGE_CURVE('',#558,#550,#560,.T.);
#558 = VERTEX_POINT('',#559);
#559 = CARTESIAN_POINT('',(38.35,9.83,-5.2));
#560 = LINE('',#561,#562);
#561 = CARTESIAN_POINT('',(38.35,9.83,-5.2));
#562 = VECTOR('',#563,1.);
#563 = DIRECTION('',(0.,-1.,0.));
#564 = ORIENTED_EDGE('',*,*,#565,.F.);
#565 = EDGE_CURVE('',#566,#558,#568,.T.);
#566 = VERTEX_POINT('',#567);
#567 = CARTESIAN_POINT('',(38.35,9.83,-12.2));
#568 = LINE('',#569,#570);
#569 = CARTESIAN_POINT('',(38.35,9.83,-13.7));
#570 = VECTOR('',#571,1.);
#571 = DIRECTION('',(0.,0.,1.));
#572 = ORIENTED_EDGE('',*,*,#573,.T.);
#573 = EDGE_CURVE('',#566,#574,#576,.T.);
#574 = VERTEX_POINT('',#575);
#575 = CARTESIAN_POINT('',(38.35,14.029999999976,-12.2));
#576 = LINE('',#577,#578);
#577 = CARTESIAN_POINT('',(38.35,-36.75,-12.2));
#578 = VECTOR('',#579,1.);
#579 = DIRECTION('',(0.,1.,0.));
#580 = ORIENTED_EDGE('',*,*,#581,.F.);
#581 = EDGE_CURVE('',#582,#574,#584,.T.);
#582 = VERTEX_POINT('',#583);
#583 = CARTESIAN_POINT('',(38.35,14.029999999976,-5.2));
#584 = LINE('',#585,#586);
#585 = CARTESIAN_POINT('',(38.35,14.029999999976,-5.2));
#586 = VECTOR('',#587,1.);
#587 = DIRECTION('',(0.,0.,-1.));
#588 = ORIENTED_EDGE('',*,*,#589,.F.);
#589 = EDGE_CURVE('',#590,#582,#592,.T.);
#590 = VERTEX_POINT('',#591);
#591 = CARTESIAN_POINT('',(38.35,18.730000000024,-5.2));
#592 = LINE('',#593,#594);
#593 = CARTESIAN_POINT('',(38.35,18.730000000024,-5.2));
#594 = VECTOR('',#595,1.);
#595 = DIRECTION('',(0.,-1.,0.));
#596 = ORIENTED_EDGE('',*,*,#597,.F.);
#597 = EDGE_CURVE('',#598,#590,#600,.T.);
#598 = VERTEX_POINT('',#599);
#599 = CARTESIAN_POINT('',(38.35,18.730000000024,-12.2));
#600 = LINE('',#601,#602);
#601 = CARTESIAN_POINT('',(38.35,18.730000000024,-13.69999999995));
#602 = VECTOR('',#603,1.);
#603 = DIRECTION('',(0.,0.,1.));
#604 = ORIENTED_EDGE('',*,*,#605,.T.);
#605 = EDGE_CURVE('',#598,#534,#606,.T.);
#606 = LINE('',#607,#608);
#607 = CARTESIAN_POINT('',(38.35,-36.75,-12.2));
#608 = VECTOR('',#609,1.);
#609 = DIRECTION('',(0.,1.,0.));
#610 = PLANE('',#611);
#611 = AXIS2_PLACEMENT_3D('',#612,#613,#614);
#612 = CARTESIAN_POINT('',(38.35,-36.75,0.));
#613 = DIRECTION('',(1.,0.,0.));
#614 = DIRECTION('',(0.,1.,0.));
#615 = ADVANCED_FACE('',(#616),#636,.T.);
#616 = FACE_BOUND('',#617,.F.);
#617 = EDGE_LOOP('',(#618,#627,#634,#635));
#618 = ORIENTED_EDGE('',*,*,#619,.F.);
#619 = EDGE_CURVE('',#620,#251,#622,.T.);
#620 = VERTEX_POINT('',#621);
#621 = CARTESIAN_POINT('',(-36.85,-36.75,0.));
#622 = CIRCLE('',#623,1.5);
#623 = AXIS2_PLACEMENT_3D('',#624,#625,#626);
#624 = CARTESIAN_POINT('',(-36.85,-36.75,-1.5));
#625 = DIRECTION('',(0.,-1.,0.));
#626 = DIRECTION('',(0.,0.,1.));
#627 = ORIENTED_EDGE('',*,*,#628,.T.);
#628 = EDGE_CURVE('',#620,#145,#629,.T.);
#629 = CIRCLE('',#630,9.7);
#630 = AXIS2_PLACEMENT_3D('',#631,#632,#633);
#631 = CARTESIAN_POINT('',(-27.15,-36.75,0.));
#632 = DIRECTION('',(0.,0.,1.));
#633 = DIRECTION('',(-1.,0.,0.));
#634 = ORIENTED_EDGE('',*,*,#144,.T.);
#635 = ORIENTED_EDGE('',*,*,#268,.F.);
#636 = TOROIDAL_SURFACE('',#637,9.7,1.5);
#637 = AXIS2_PLACEMENT_3D('',#638,#639,#640);
#638 = CARTESIAN_POINT('',(-27.15,-36.75,-1.5));
#639 = DIRECTION('',(-0.,-0.,-1.));
#640 = DIRECTION('',(-1.,0.,0.));
#641 = ADVANCED_FACE('',(#642,#687,#979,#1049,#1060),#1071,.T.);
#642 = FACE_BOUND('',#643,.T.);
#643 = EDGE_LOOP('',(#644,#652,#661,#669,#678,#684,#685,#686));
#644 = ORIENTED_EDGE('',*,*,#645,.T.);
#645 = EDGE_CURVE('',#507,#646,#648,.T.);
#646 = VERTEX_POINT('',#647);
#647 = CARTESIAN_POINT('',(36.85,36.75,0.));
#648 = LINE('',#649,#650);
#649 = CARTESIAN_POINT('',(36.85,-36.75,2.2E-16));
#650 = VECTOR('',#651,1.);
#651 = DIRECTION('',(0.,1.,0.));
#652 = ORIENTED_EDGE('',*,*,#653,.T.);
#653 = EDGE_CURVE('',#646,#654,#656,.T.);
#654 = VERTEX_POINT('',#655);
#655 = CARTESIAN_POINT('',(27.15,46.45,0.));
#656 = CIRCLE('',#657,9.7);
#657 = AXIS2_PLACEMENT_3D('',#658,#659,#660);
#658 = CARTESIAN_POINT('',(27.15,36.75,0.));
#659 = DIRECTION('',(0.,0.,1.));
#660 = DIRECTION('',(1.,0.,-0.));
#661 = ORIENTED_EDGE('',*,*,#662,.T.);
#662 = EDGE_CURVE('',#654,#663,#665,.T.);
#663 = VERTEX_POINT('',#664);
#664 = CARTESIAN_POINT('',(-27.15,46.45,0.));
#665 = LINE('',#666,#667);
#666 = CARTESIAN_POINT('',(27.15,46.45,2.2E-16));
#667 = VECTOR('',#668,1.);
#668 = DIRECTION('',(-1.,0.,0.));
#669 = ORIENTED_EDGE('',*,*,#670,.T.);
#670 = EDGE_CURVE('',#663,#671,#673,.T.);
#671 = VERTEX_POINT('',#672);
#672 = CARTESIAN_POINT('',(-36.85,36.75,0.));
#673 = CIRCLE('',#674,9.7);
#674 = AXIS2_PLACEMENT_3D('',#675,#676,#677);
#675 = CARTESIAN_POINT('',(-27.15,36.75,0.));
#676 = DIRECTION('',(0.,-0.,1.));
#677 = DIRECTION('',(0.,1.,0.));
#678 = ORIENTED_EDGE('',*,*,#679,.T.);
#679 = EDGE_CURVE('',#671,#620,#680,.T.);
#680 = LINE('',#681,#682);
#681 = CARTESIAN_POINT('',(-36.85,36.75,2.2E-16));
#682 = VECTOR('',#683,1.);
#683 = DIRECTION('',(0.,-1.,0.));
#684 = ORIENTED_EDGE('',*,*,#628,.T.);
#685 = ORIENTED_EDGE('',*,*,#163,.T.);
#686 = ORIENTED_EDGE('',*,*,#506,.T.);
#687 = FACE_BOUND('',#688,.T.);
#688 = EDGE_LOOP('',(#689,#699,#707,#715,#723,#731,#739,#747,#755,#763,
    #771,#779,#787,#795,#803,#811,#820,#828,#836,#844,#852,#860,#869,
    #877,#885,#893,#901,#909,#917,#925,#933,#941,#949,#957,#965,#973));
#689 = ORIENTED_EDGE('',*,*,#690,.F.);
#690 = EDGE_CURVE('',#691,#693,#695,.T.);
#691 = VERTEX_POINT('',#692);
#692 = CARTESIAN_POINT('',(32.7,-10.,0.));
#693 = VERTEX_POINT('',#694);
#694 = CARTESIAN_POINT('',(-32.7,-10.,0.));
#695 = LINE('',#696,#697);
#696 = CARTESIAN_POINT('',(32.7,-10.,0.));
#697 = VECTOR('',#698,1.);
#698 = DIRECTION('',(-1.,0.,0.));
#699 = ORIENTED_EDGE('',*,*,#700,.T.);
#700 = EDGE_CURVE('',#691,#701,#703,.T.);
#701 = VERTEX_POINT('',#702);
#702 = CARTESIAN_POINT('',(32.7,-11.4,0.));
#703 = LINE('',#704,#705);
#704 = CARTESIAN_POINT('',(32.7,-10.,0.));
#705 = VECTOR('',#706,1.);
#706 = DIRECTION('',(0.,-1.,0.));
#707 = ORIENTED_EDGE('',*,*,#708,.T.);
#708 = EDGE_CURVE('',#701,#709,#711,.T.);
#709 = VERTEX_POINT('',#710);
#710 = CARTESIAN_POINT('',(31.65,-11.4,0.));
#711 = LINE('',#712,#713);
#712 = CARTESIAN_POINT('',(32.7,-11.4,0.));
#713 = VECTOR('',#714,1.);
#714 = DIRECTION('',(-1.,0.,0.));
#715 = ORIENTED_EDGE('',*,*,#716,.T.);
#716 = EDGE_CURVE('',#709,#717,#719,.T.);
#717 = VERTEX_POINT('',#718);
#718 = CARTESIAN_POINT('',(31.65,-17.6,0.));
#719 = LINE('',#720,#721);
#720 = CARTESIAN_POINT('',(31.65,-11.4,0.));
#721 = VECTOR('',#722,1.);
#722 = DIRECTION('',(0.,-1.,0.));
#723 = ORIENTED_EDGE('',*,*,#724,.T.);
#724 = EDGE_CURVE('',#717,#725,#727,.T.);
#725 = VERTEX_POINT('',#726);
#726 = CARTESIAN_POINT('',(32.700000000003,-17.6,0.));
#727 = LINE('',#728,#729);
#728 = CARTESIAN_POINT('',(31.65,-17.6,0.));
#729 = VECTOR('',#730,1.);
#730 = DIRECTION('',(1.,0.,0.));
#731 = ORIENTED_EDGE('',*,*,#732,.T.);
#732 = EDGE_CURVE('',#725,#733,#735,.T.);
#733 = VERTEX_POINT('',#734);
#734 = CARTESIAN_POINT('',(32.700000000003,-19.3,0.));
#735 = LINE('',#736,#737);
#736 = CARTESIAN_POINT('',(32.700000000003,-17.6,0.));
#737 = VECTOR('',#738,1.);
#738 = DIRECTION('',(0.,-1.,0.));
#739 = ORIENTED_EDGE('',*,*,#740,.T.);
#740 = EDGE_CURVE('',#733,#741,#743,.T.);
#741 = VERTEX_POINT('',#742);
#742 = CARTESIAN_POINT('',(31.650000000003,-19.3,0.));
#743 = LINE('',#744,#745);
#744 = CARTESIAN_POINT('',(32.700000000003,-19.3,0.));
#745 = VECTOR('',#746,1.);
#746 = DIRECTION('',(-1.,0.,0.));
#747 = ORIENTED_EDGE('',*,*,#748,.T.);
#748 = EDGE_CURVE('',#741,#749,#751,.T.);
#749 = VERTEX_POINT('',#750);
#750 = CARTESIAN_POINT('',(31.650000000003,-25.5,0.));
#751 = LINE('',#752,#753);
#752 = CARTESIAN_POINT('',(31.650000000003,-19.3,0.));
#753 = VECTOR('',#754,1.);
#754 = DIRECTION('',(0.,-1.,0.));
#755 = ORIENTED_EDGE('',*,*,#756,.T.);
#756 = EDGE_CURVE('',#749,#757,#759,.T.);
#757 = VERTEX_POINT('',#758);
#758 = CARTESIAN_POINT('',(32.700000000024,-25.5,0.));
#759 = LINE('',#760,#761);
#760 = CARTESIAN_POINT('',(31.650000000003,-25.5,0.));
#761 = VECTOR('',#762,1.);
#762 = DIRECTION('',(1.,0.,0.));
#763 = ORIENTED_EDGE('',*,*,#764,.T.);
#764 = EDGE_CURVE('',#757,#765,#767,.T.);
#765 = VERTEX_POINT('',#766);
#766 = CARTESIAN_POINT('',(32.700000000024,-27.20000000003,0.));
#767 = LINE('',#768,#769);
#768 = CARTESIAN_POINT('',(32.700000000024,-25.5,0.));
#769 = VECTOR('',#770,1.);
#770 = DIRECTION('',(0.,-1.,0.));
#771 = ORIENTED_EDGE('',*,*,#772,.T.);
#772 = EDGE_CURVE('',#765,#773,#775,.T.);
#773 = VERTEX_POINT('',#774);
#774 = CARTESIAN_POINT('',(31.650000000024,-27.20000000003,0.));
#775 = LINE('',#776,#777);
#776 = CARTESIAN_POINT('',(32.700000000024,-27.20000000003,0.));
#777 = VECTOR('',#778,1.);
#778 = DIRECTION('',(-1.,0.,0.));
#779 = ORIENTED_EDGE('',*,*,#780,.T.);
#780 = EDGE_CURVE('',#773,#781,#783,.T.);
#781 = VERTEX_POINT('',#782);
#782 = CARTESIAN_POINT('',(31.650000000024,-33.40000000003,0.));
#783 = LINE('',#784,#785);
#784 = CARTESIAN_POINT('',(31.650000000024,-27.20000000003,0.));
#785 = VECTOR('',#786,1.);
#786 = DIRECTION('',(0.,-1.,0.));
#787 = ORIENTED_EDGE('',*,*,#788,.T.);
#788 = EDGE_CURVE('',#781,#789,#791,.T.);
#789 = VERTEX_POINT('',#790);
#790 = CARTESIAN_POINT('',(32.700000000023,-33.40000000003,0.));
#791 = LINE('',#792,#793);
#792 = CARTESIAN_POINT('',(31.650000000024,-33.40000000003,0.));
#793 = VECTOR('',#794,1.);
#794 = DIRECTION('',(1.,0.,0.));
#795 = ORIENTED_EDGE('',*,*,#796,.T.);
#796 = EDGE_CURVE('',#789,#797,#799,.T.);
#797 = VERTEX_POINT('',#798);
#798 = CARTESIAN_POINT('',(32.700000000023,-35.10000000003,0.));
#799 = LINE('',#800,#801);
#800 = CARTESIAN_POINT('',(32.700000000023,-33.40000000003,0.));
#801 = VECTOR('',#802,1.);
#802 = DIRECTION('',(0.,-1.,0.));
#803 = ORIENTED_EDGE('',*,*,#804,.T.);
#804 = EDGE_CURVE('',#797,#805,#807,.T.);
#805 = VERTEX_POINT('',#806);
#806 = CARTESIAN_POINT('',(25.750000000002,-35.10000000003,0.));
#807 = LINE('',#808,#809);
#808 = CARTESIAN_POINT('',(31.650000000002,-35.10000000003,0.));
#809 = VECTOR('',#810,1.);
#810 = DIRECTION('',(-1.,0.,0.));
#811 = ORIENTED_EDGE('',*,*,#812,.F.);
#812 = EDGE_CURVE('',#813,#805,#815,.T.);
#813 = VERTEX_POINT('',#814);
#814 = CARTESIAN_POINT('',(21.013298775153,-40.52595798465,0.));
#815 = CIRCLE('',#816,5.05);
#816 = AXIS2_PLACEMENT_3D('',#817,#818,#819);
#817 = CARTESIAN_POINT('',(20.714681433023,-35.4847946583,0.));
#818 = DIRECTION('',(0.,0.,1.));
#819 = DIRECTION('',(1.,0.,0.));
#820 = ORIENTED_EDGE('',*,*,#821,.T.);
#821 = EDGE_CURVE('',#813,#822,#824,.T.);
#822 = VERTEX_POINT('',#823);
#823 = CARTESIAN_POINT('',(11.338589477194,-41.22595798465,0.));
#824 = LINE('',#825,#826);
#825 = CARTESIAN_POINT('',(21.013298775153,-40.52595798465,0.));
#826 = VECTOR('',#827,1.);
#827 = DIRECTION('',(-0.99739271113,-7.216494845361E-02,0.));
#828 = ORIENTED_EDGE('',*,*,#829,.T.);
#829 = EDGE_CURVE('',#822,#830,#832,.T.);
#830 = VERTEX_POINT('',#831);
#831 = CARTESIAN_POINT('',(2.8,-41.57595798465,0.));
#832 = LINE('',#833,#834);
#833 = CARTESIAN_POINT('',(11.338589477194,-41.22595798465,0.));
#834 = VECTOR('',#835,1.);
#835 = DIRECTION('',(-0.999160951691,-4.095598389239E-02,0.));
#836 = ORIENTED_EDGE('',*,*,#837,.F.);
#837 = EDGE_CURVE('',#838,#830,#840,.T.);
#838 = VERTEX_POINT('',#839);
#839 = CARTESIAN_POINT('',(-2.8,-41.57595798465,0.));
#840 = LINE('',#841,#842);
#841 = CARTESIAN_POINT('',(-2.8,-41.57595798465,0.));
#842 = VECTOR('',#843,1.);
#843 = DIRECTION('',(1.,0.,0.));
#844 = ORIENTED_EDGE('',*,*,#845,.F.);
#845 = EDGE_CURVE('',#846,#838,#848,.T.);
#846 = VERTEX_POINT('',#847);
#847 = CARTESIAN_POINT('',(-11.33858947721,-41.22595798449,0.));
#848 = LINE('',#849,#850);
#849 = CARTESIAN_POINT('',(-11.33858947721,-41.22595798449,0.));
#850 = VECTOR('',#851,1.);
#851 = DIRECTION('',(0.99916095169,-4.095598391172E-02,0.));
#852 = ORIENTED_EDGE('',*,*,#853,.F.);
#853 = EDGE_CURVE('',#854,#846,#856,.T.);
#854 = VERTEX_POINT('',#855);
#855 = CARTESIAN_POINT('',(-21.01329877517,-40.52595798449,0.));
#856 = LINE('',#857,#858);
#857 = CARTESIAN_POINT('',(-21.01329877517,-40.52595798449,0.));
#858 = VECTOR('',#859,1.);
#859 = DIRECTION('',(0.99739271113,-7.216494845361E-02,0.));
#860 = ORIENTED_EDGE('',*,*,#861,.F.);
#861 = EDGE_CURVE('',#862,#854,#864,.T.);
#862 = VERTEX_POINT('',#863);
#863 = CARTESIAN_POINT('',(-25.75000000002,-35.09999999986,0.));
#864 = CIRCLE('',#865,5.05);
#865 = AXIS2_PLACEMENT_3D('',#866,#867,#868);
#866 = CARTESIAN_POINT('',(-20.71468143304,-35.48479465813,0.));
#867 = DIRECTION('',(0.,0.,1.));
#868 = DIRECTION('',(1.,0.,0.));
#869 = ORIENTED_EDGE('',*,*,#870,.F.);
#870 = EDGE_CURVE('',#871,#862,#873,.T.);
#871 = VERTEX_POINT('',#872);
#872 = CARTESIAN_POINT('',(-32.7,-35.09999999986,0.));
#873 = LINE('',#874,#875);
#874 = CARTESIAN_POINT('',(-32.7,-35.09999999986,0.));
#875 = VECTOR('',#876,1.);
#876 = DIRECTION('',(1.,0.,0.));
#877 = ORIENTED_EDGE('',*,*,#878,.F.);
#878 = EDGE_CURVE('',#879,#871,#881,.T.);
#879 = VERTEX_POINT('',#880);
#880 = CARTESIAN_POINT('',(-32.7,-33.39999999994,0.));
#881 = LINE('',#882,#883);
#882 = CARTESIAN_POINT('',(-32.7,-33.39999999994,0.));
#883 = VECTOR('',#884,1.);
#884 = DIRECTION('',(0.,-1.,0.));
#885 = ORIENTED_EDGE('',*,*,#886,.F.);
#886 = EDGE_CURVE('',#887,#879,#889,.T.);
#887 = VERTEX_POINT('',#888);
#888 = CARTESIAN_POINT('',(-31.65,-33.39999999994,0.));
#889 = LINE('',#890,#891);
#890 = CARTESIAN_POINT('',(-31.65,-33.39999999994,0.));
#891 = VECTOR('',#892,1.);
#892 = DIRECTION('',(-1.,0.,0.));
#893 = ORIENTED_EDGE('',*,*,#894,.F.);
#894 = EDGE_CURVE('',#895,#887,#897,.T.);
#895 = VERTEX_POINT('',#896);
#896 = CARTESIAN_POINT('',(-31.65,-27.19999999995,0.));
#897 = LINE('',#898,#899);
#898 = CARTESIAN_POINT('',(-31.65,-27.19999999995,0.));
#899 = VECTOR('',#900,1.);
#900 = DIRECTION('',(0.,-1.,0.));
#901 = ORIENTED_EDGE('',*,*,#902,.F.);
#902 = EDGE_CURVE('',#903,#895,#905,.T.);
#903 = VERTEX_POINT('',#904);
#904 = CARTESIAN_POINT('',(-32.7,-27.19999999995,0.));
#905 = LINE('',#906,#907);
#906 = CARTESIAN_POINT('',(-32.7,-27.19999999995,0.));
#907 = VECTOR('',#908,1.);
#908 = DIRECTION('',(1.,0.,0.));
#909 = ORIENTED_EDGE('',*,*,#910,.F.);
#910 = EDGE_CURVE('',#911,#903,#913,.T.);
#911 = VERTEX_POINT('',#912);
#912 = CARTESIAN_POINT('',(-32.7,-25.49999999999,0.));
#913 = LINE('',#914,#915);
#914 = CARTESIAN_POINT('',(-32.7,-25.49999999999,0.));
#915 = VECTOR('',#916,1.);
#916 = DIRECTION('',(0.,-1.,0.));
#917 = ORIENTED_EDGE('',*,*,#918,.F.);
#918 = EDGE_CURVE('',#919,#911,#921,.T.);
#919 = VERTEX_POINT('',#920);
#920 = CARTESIAN_POINT('',(-31.64999999998,-25.49999999999,0.));
#921 = LINE('',#922,#923);
#922 = CARTESIAN_POINT('',(-31.64999999998,-25.49999999999,0.));
#923 = VECTOR('',#924,1.);
#924 = DIRECTION('',(-1.,0.,0.));
#925 = ORIENTED_EDGE('',*,*,#926,.F.);
#926 = EDGE_CURVE('',#927,#919,#929,.T.);
#927 = VERTEX_POINT('',#928);
#928 = CARTESIAN_POINT('',(-31.64999999998,-19.29999999999,0.));
#929 = LINE('',#930,#931);
#930 = CARTESIAN_POINT('',(-31.64999999998,-19.29999999999,0.));
#931 = VECTOR('',#932,1.);
#932 = DIRECTION('',(0.,-1.,0.));
#933 = ORIENTED_EDGE('',*,*,#934,.F.);
#934 = EDGE_CURVE('',#935,#927,#937,.T.);
#935 = VERTEX_POINT('',#936);
#936 = CARTESIAN_POINT('',(-32.7,-19.29999999999,0.));
#937 = LINE('',#938,#939);
#938 = CARTESIAN_POINT('',(-32.7,-19.29999999999,0.));
#939 = VECTOR('',#940,1.);
#940 = DIRECTION('',(1.,0.,0.));
#941 = ORIENTED_EDGE('',*,*,#942,.F.);
#942 = EDGE_CURVE('',#943,#935,#945,.T.);
#943 = VERTEX_POINT('',#944);
#944 = CARTESIAN_POINT('',(-32.7,-17.59999999999,0.));
#945 = LINE('',#946,#947);
#946 = CARTESIAN_POINT('',(-32.7,-17.59999999999,0.));
#947 = VECTOR('',#948,1.);
#948 = DIRECTION('',(0.,-1.,0.));
#949 = ORIENTED_EDGE('',*,*,#950,.F.);
#950 = EDGE_CURVE('',#951,#943,#953,.T.);
#951 = VERTEX_POINT('',#952);
#952 = CARTESIAN_POINT('',(-31.65,-17.59999999999,0.));
#953 = LINE('',#954,#955);
#954 = CARTESIAN_POINT('',(-31.65,-17.59999999999,0.));
#955 = VECTOR('',#956,1.);
#956 = DIRECTION('',(-1.,0.,0.));
#957 = ORIENTED_EDGE('',*,*,#958,.F.);
#958 = EDGE_CURVE('',#959,#951,#961,.T.);
#959 = VERTEX_POINT('',#960);
#960 = CARTESIAN_POINT('',(-31.65,-11.4,0.));
#961 = LINE('',#962,#963);
#962 = CARTESIAN_POINT('',(-31.65,-11.4,0.));
#963 = VECTOR('',#964,1.);
#964 = DIRECTION('',(0.,-1.,0.));
#965 = ORIENTED_EDGE('',*,*,#966,.F.);
#966 = EDGE_CURVE('',#967,#959,#969,.T.);
#967 = VERTEX_POINT('',#968);
#968 = CARTESIAN_POINT('',(-32.7,-11.4,0.));
#969 = LINE('',#970,#971);
#970 = CARTESIAN_POINT('',(-32.7,-11.4,0.));
#971 = VECTOR('',#972,1.);
#972 = DIRECTION('',(1.,0.,0.));
#973 = ORIENTED_EDGE('',*,*,#974,.F.);
#974 = EDGE_CURVE('',#693,#967,#975,.T.);
#975 = LINE('',#976,#977);
#976 = CARTESIAN_POINT('',(-32.7,-10.,0.));
#977 = VECTOR('',#978,1.);
#978 = DIRECTION('',(0.,-1.,0.));
#979 = FACE_BOUND('',#980,.T.);
#980 = EDGE_LOOP('',(#981,#991,#1000,#1008,#1017,#1025,#1034,#1042));
#981 = ORIENTED_EDGE('',*,*,#982,.F.);
#982 = EDGE_CURVE('',#983,#985,#987,.T.);
#983 = VERTEX_POINT('',#984);
#984 = CARTESIAN_POINT('',(-28.05,36.,0.));
#985 = VERTEX_POINT('',#986);
#986 = CARTESIAN_POINT('',(-28.05,-5.,0.));
#987 = LINE('',#988,#989);
#988 = CARTESIAN_POINT('',(-28.05,36.,0.));
#989 = VECTOR('',#990,1.);
#990 = DIRECTION('',(0.,-1.,0.));
#991 = ORIENTED_EDGE('',*,*,#992,.F.);
#992 = EDGE_CURVE('',#993,#983,#995,.T.);
#993 = VERTEX_POINT('',#994);
#994 = CARTESIAN_POINT('',(-27.7,36.35,0.));
#995 = CIRCLE('',#996,0.35);
#996 = AXIS2_PLACEMENT_3D('',#997,#998,#999);
#997 = CARTESIAN_POINT('',(-27.7,36.,0.));
#998 = DIRECTION('',(0.,0.,1.));
#999 = DIRECTION('',(1.,0.,0.));
#1000 = ORIENTED_EDGE('',*,*,#1001,.F.);
#1001 = EDGE_CURVE('',#1002,#993,#1004,.T.);
#1002 = VERTEX_POINT('',#1003);
#1003 = CARTESIAN_POINT('',(24.9,36.35,0.));
#1004 = LINE('',#1005,#1006);
#1005 = CARTESIAN_POINT('',(24.9,36.35,0.));
#1006 = VECTOR('',#1007,1.);
#1007 = DIRECTION('',(-1.,0.,0.));
#1008 = ORIENTED_EDGE('',*,*,#1009,.F.);
#1009 = EDGE_CURVE('',#1010,#1002,#1012,.T.);
#1010 = VERTEX_POINT('',#1011);
#1011 = CARTESIAN_POINT('',(25.25,36.,0.));
#1012 = CIRCLE('',#1013,0.35);
#1013 = AXIS2_PLACEMENT_3D('',#1014,#1015,#1016);
#1014 = CARTESIAN_POINT('',(24.9,36.,0.));
#1015 = DIRECTION('',(0.,0.,1.));
#1016 = DIRECTION('',(1.,0.,0.));
#1017 = ORIENTED_EDGE('',*,*,#1018,.F.);
#1018 = EDGE_CURVE('',#1019,#1010,#1021,.T.);
#1019 = VERTEX_POINT('',#1020);
#1020 = CARTESIAN_POINT('',(25.25,-5.,0.));
#1021 = LINE('',#1022,#1023);
#1022 = CARTESIAN_POINT('',(25.25,-5.,0.));
#1023 = VECTOR('',#1024,1.);
#1024 = DIRECTION('',(0.,1.,0.));
#1025 = ORIENTED_EDGE('',*,*,#1026,.F.);
#1026 = EDGE_CURVE('',#1027,#1019,#1029,.T.);
#1027 = VERTEX_POINT('',#1028);
#1028 = CARTESIAN_POINT('',(24.9,-5.35,0.));
#1029 = CIRCLE('',#1030,0.35);
#1030 = AXIS2_PLACEMENT_3D('',#1031,#1032,#1033);
#1031 = CARTESIAN_POINT('',(24.9,-5.,0.));
#1032 = DIRECTION('',(0.,0.,1.));
#1033 = DIRECTION('',(1.,0.,0.));
#1034 = ORIENTED_EDGE('',*,*,#1035,.F.);
#1035 = EDGE_CURVE('',#1036,#1027,#1038,.T.);
#1036 = VERTEX_POINT('',#1037);
#1037 = CARTESIAN_POINT('',(-27.7,-5.35,0.));
#1038 = LINE('',#1039,#1040);
#1039 = CARTESIAN_POINT('',(-27.7,-5.35,0.));
#1040 = VECTOR('',#1041,1.);
#1041 = DIRECTION('',(1.,0.,0.));
#1042 = ORIENTED_EDGE('',*,*,#1043,.F.);
#1043 = EDGE_CURVE('',#985,#1036,#1044,.T.);
#1044 = CIRCLE('',#1045,0.35);
#1045 = AXIS2_PLACEMENT_3D('',#1046,#1047,#1048);
#1046 = CARTESIAN_POINT('',(-27.7,-5.,0.));
#1047 = DIRECTION('',(0.,0.,1.));
#1048 = DIRECTION('',(1.,0.,0.));
#1049 = FACE_BOUND('',#1050,.T.);
#1050 = EDGE_LOOP('',(#1051));
#1051 = ORIENTED_EDGE('',*,*,#1052,.F.);
#1052 = EDGE_CURVE('',#1053,#1053,#1055,.T.);
#1053 = VERTEX_POINT('',#1054);
#1054 = CARTESIAN_POINT('',(27.3,40.6,0.));
#1055 = CIRCLE('',#1056,1.);
#1056 = AXIS2_PLACEMENT_3D('',#1057,#1058,#1059);
#1057 = CARTESIAN_POINT('',(26.3,40.6,0.));
#1058 = DIRECTION('',(0.,0.,1.));
#1059 = DIRECTION('',(1.,0.,0.));
#1060 = FACE_BOUND('',#1061,.T.);
#1061 = EDGE_LOOP('',(#1062));
#1062 = ORIENTED_EDGE('',*,*,#1063,.F.);
#1063 = EDGE_CURVE('',#1064,#1064,#1066,.T.);
#1064 = VERTEX_POINT('',#1065);
#1065 = CARTESIAN_POINT('',(29.5,40.6,0.));
#1066 = CIRCLE('',#1067,1.);
#1067 = AXIS2_PLACEMENT_3D('',#1068,#1069,#1070);
#1068 = CARTESIAN_POINT('',(28.5,40.6,0.));
#1069 = DIRECTION('',(0.,0.,1.));
#1070 = DIRECTION('',(1.,0.,0.));
#1071 = PLANE('',#1072);
#1072 = AXIS2_PLACEMENT_3D('',#1073,#1074,#1075);
#1073 = CARTESIAN_POINT('',(-4.63E-15,-9.7E-15,0.));
#1074 = DIRECTION('',(0.,0.,1.));
#1075 = DIRECTION('',(1.,0.,0.));
#1076 = ADVANCED_FACE('',(#1077),#1095,.F.);
#1077 = FACE_BOUND('',#1078,.F.);
#1078 = EDGE_LOOP('',(#1079,#1080,#1081,#1088,#1094));
#1079 = ORIENTED_EDGE('',*,*,#285,.F.);
#1080 = ORIENTED_EDGE('',*,*,#177,.T.);
#1081 = ORIENTED_EDGE('',*,*,#1082,.T.);
#1082 = EDGE_CURVE('',#180,#1083,#1085,.T.);
#1083 = VERTEX_POINT('',#1084);
#1084 = CARTESIAN_POINT('',(27.149999999997,-47.32120327387,-10.8));
#1085 = B_SPLINE_CURVE_WITH_KNOTS('',1,(#1086,#1087),.UNSPECIFIED.,.F.,
  .F.,(2,2),(0.,1.),.PIECEWISE_BEZIER_KNOTS.);
#1086 = CARTESIAN_POINT('',(27.149999999997,-46.95,-12.2));
#1087 = CARTESIAN_POINT('',(27.149999999997,-47.32120327387,-10.8));
#1088 = ORIENTED_EDGE('',*,*,#1089,.F.);
#1089 = EDGE_CURVE('',#383,#1083,#1090,.T.);
#1090 = LINE('',#1091,#1092);
#1091 = CARTESIAN_POINT('',(-27.15,-47.32120327387,-10.8));
#1092 = VECTOR('',#1093,1.);
#1093 = DIRECTION('',(1.,0.,0.));
#1094 = ORIENTED_EDGE('',*,*,#382,.F.);
#1095 = PLANE('',#1096);
#1096 = AXIS2_PLACEMENT_3D('',#1097,#1098,#1099);
#1097 = CARTESIAN_POINT('',(-27.15,-47.32120327387,-10.8));
#1098 = DIRECTION('',(0.,-0.966600102017,-0.256289373133));
#1099 = DIRECTION('',(1.,0.,0.));
#1100 = ADVANCED_FACE('',(#1101),#1119,.F.);
#1101 = FACE_BOUND('',#1102,.F.);
#1102 = EDGE_LOOP('',(#1103,#1104,#1111,#1118));
#1103 = ORIENTED_EDGE('',*,*,#235,.T.);
#1104 = ORIENTED_EDGE('',*,*,#1105,.T.);
#1105 = EDGE_CURVE('',#228,#1106,#1108,.T.);
#1106 = VERTEX_POINT('',#1107);
#1107 = CARTESIAN_POINT('',(37.721203273861,-36.75,-10.8));
#1108 = B_SPLINE_CURVE_WITH_KNOTS('',1,(#1109,#1110),.UNSPECIFIED.,.F.,
  .F.,(2,2),(0.,1.),.PIECEWISE_BEZIER_KNOTS.);
#1109 = CARTESIAN_POINT('',(37.349999999997,-36.75,-12.2));
#1110 = CARTESIAN_POINT('',(37.721203273861,-36.75,-10.8));
#1111 = ORIENTED_EDGE('',*,*,#1112,.F.);
#1112 = EDGE_CURVE('',#1083,#1106,#1113,.T.);
#1113 = CIRCLE('',#1114,10.571203273864);
#1114 = AXIS2_PLACEMENT_3D('',#1115,#1116,#1117);
#1115 = CARTESIAN_POINT('',(27.149999999997,-36.75,-10.8));
#1116 = DIRECTION('',(0.,0.,1.));
#1117 = DIRECTION('',(1.,0.,0.));
#1118 = ORIENTED_EDGE('',*,*,#1082,.F.);
#1119 = CONICAL_SURFACE('',#1120,10.2,0.259181393921);
#1120 = AXIS2_PLACEMENT_3D('',#1121,#1122,#1123);
#1121 = CARTESIAN_POINT('',(27.149999999997,-36.75,-12.2));
#1122 = DIRECTION('',(0.,0.,1.));
#1123 = DIRECTION('',(1.,0.,0.));
#1124 = ADVANCED_FACE('',(#1125),#1159,.F.);
#1125 = FACE_BOUND('',#1126,.F.);
#1126 = EDGE_LOOP('',(#1127,#1128,#1129,#1137,#1145,#1153));
#1127 = ORIENTED_EDGE('',*,*,#1105,.F.);
#1128 = ORIENTED_EDGE('',*,*,#227,.T.);
#1129 = ORIENTED_EDGE('',*,*,#1130,.T.);
#1130 = EDGE_CURVE('',#220,#1131,#1133,.T.);
#1131 = VERTEX_POINT('',#1132);
#1132 = CARTESIAN_POINT('',(37.521203273864,4.13,-11.5543036921));
#1133 = LINE('',#1134,#1135);
#1134 = CARTESIAN_POINT('',(38.41278962786,4.13,-8.191669298819));
#1135 = VECTOR('',#1136,1.);
#1136 = DIRECTION('',(0.256289373133,0.,0.966600102017));
#1137 = ORIENTED_EDGE('',*,*,#1138,.F.);
#1138 = EDGE_CURVE('',#1139,#1131,#1141,.T.);
#1139 = VERTEX_POINT('',#1140);
#1140 = CARTESIAN_POINT('',(37.521203273864,5.13,-11.5543036921));
#1141 = LINE('',#1142,#1143);
#1142 = CARTESIAN_POINT('',(37.521203273864,-12.40999999999,
    -11.5543036921));
#1143 = VECTOR('',#1144,1.);
#1144 = DIRECTION('',(0.,-1.,0.));
#1145 = ORIENTED_EDGE('',*,*,#1146,.F.);
#1146 = EDGE_CURVE('',#1147,#1139,#1149,.T.);
#1147 = VERTEX_POINT('',#1148);
#1148 = CARTESIAN_POINT('',(37.721203273861,5.13,-10.8));
#1149 = LINE('',#1150,#1151);
#1150 = CARTESIAN_POINT('',(38.435496428076,5.13,-8.106030182625));
#1151 = VECTOR('',#1152,1.);
#1152 = DIRECTION('',(-0.256289373133,-0.,-0.966600102017));
#1153 = ORIENTED_EDGE('',*,*,#1154,.F.);
#1154 = EDGE_CURVE('',#1106,#1147,#1155,.T.);
#1155 = LINE('',#1156,#1157);
#1156 = CARTESIAN_POINT('',(37.721203273861,-36.75,-10.8));
#1157 = VECTOR('',#1158,1.);
#1158 = DIRECTION('',(0.,1.,0.));
#1159 = PLANE('',#1160);
#1160 = AXIS2_PLACEMENT_3D('',#1161,#1162,#1163);
#1161 = CARTESIAN_POINT('',(37.721203273861,-36.75,-10.8));
#1162 = DIRECTION('',(0.966600102017,0.,-0.256289373133));
#1163 = DIRECTION('',(0.,1.,0.));
#1164 = ADVANCED_FACE('',(#1165),#1175,.T.);
#1165 = FACE_BOUND('',#1166,.T.);
#1166 = EDGE_LOOP('',(#1167,#1168,#1174));
#1167 = ORIENTED_EDGE('',*,*,#1130,.T.);
#1168 = ORIENTED_EDGE('',*,*,#1169,.T.);
#1169 = EDGE_CURVE('',#1131,#212,#1170,.T.);
#1170 = LINE('',#1171,#1172);
#1171 = CARTESIAN_POINT('',(37.521203273864,4.13,-4.8));
#1172 = VECTOR('',#1173,1.);
#1173 = DIRECTION('',(0.,0.,-1.));
#1174 = ORIENTED_EDGE('',*,*,#219,.T.);
#1175 = PLANE('',#1176);
#1176 = AXIS2_PLACEMENT_3D('',#1177,#1178,#1179);
#1177 = CARTESIAN_POINT('',(36.15,4.13,-4.8));
#1178 = DIRECTION('',(0.,1.,0.));
#1179 = DIRECTION('',(0.,0.,-1.));
#1180 = ADVANCED_FACE('',(#1181),#1192,.F.);
#1181 = FACE_BOUND('',#1182,.F.);
#1182 = EDGE_LOOP('',(#1183,#1184,#1185,#1186));
#1183 = ORIENTED_EDGE('',*,*,#1138,.T.);
#1184 = ORIENTED_EDGE('',*,*,#1169,.T.);
#1185 = ORIENTED_EDGE('',*,*,#211,.T.);
#1186 = ORIENTED_EDGE('',*,*,#1187,.T.);
#1187 = EDGE_CURVE('',#204,#1139,#1188,.T.);
#1188 = LINE('',#1189,#1190);
#1189 = CARTESIAN_POINT('',(37.521203273864,5.13,-7.625));
#1190 = VECTOR('',#1191,1.);
#1191 = DIRECTION('',(0.,0.,1.));
#1192 = PLANE('',#1193);
#1193 = AXIS2_PLACEMENT_3D('',#1194,#1195,#1196);
#1194 = CARTESIAN_POINT('',(37.521203273864,11.930000000011,-10.05));
#1195 = DIRECTION('',(1.,0.,0.));
#1196 = DIRECTION('',(0.,0.,1.));
#1197 = ADVANCED_FACE('',(#1198),#1226,.F.);
#1198 = FACE_BOUND('',#1199,.F.);
#1199 = EDGE_LOOP('',(#1200,#1201,#1209,#1217,#1223,#1224,#1225));
#1200 = ORIENTED_EDGE('',*,*,#549,.F.);
#1201 = ORIENTED_EDGE('',*,*,#1202,.T.);
#1202 = EDGE_CURVE('',#550,#1203,#1205,.T.);
#1203 = VERTEX_POINT('',#1204);
#1204 = CARTESIAN_POINT('',(37.521203273864,5.13,-5.2));
#1205 = LINE('',#1206,#1207);
#1206 = CARTESIAN_POINT('',(38.35,5.13,-5.2));
#1207 = VECTOR('',#1208,1.);
#1208 = DIRECTION('',(-1.,-0.,-0.));
#1209 = ORIENTED_EDGE('',*,*,#1210,.F.);
#1210 = EDGE_CURVE('',#1211,#1203,#1213,.T.);
#1211 = VERTEX_POINT('',#1212);
#1212 = CARTESIAN_POINT('',(37.521203273864,5.13,-10.8));
#1213 = LINE('',#1214,#1215);
#1214 = CARTESIAN_POINT('',(37.521203273864,5.13,-7.625));
#1215 = VECTOR('',#1216,1.);
#1216 = DIRECTION('',(0.,0.,1.));
#1217 = ORIENTED_EDGE('',*,*,#1218,.T.);
#1218 = EDGE_CURVE('',#1211,#1147,#1219,.T.);
#1219 = LINE('',#1220,#1221);
#1220 = CARTESIAN_POINT('',(32.749999999998,5.13,-10.8));
#1221 = VECTOR('',#1222,1.);
#1222 = DIRECTION('',(1.,0.,0.));
#1223 = ORIENTED_EDGE('',*,*,#1146,.T.);
#1224 = ORIENTED_EDGE('',*,*,#1187,.F.);
#1225 = ORIENTED_EDGE('',*,*,#203,.T.);
#1226 = PLANE('',#1227);
#1227 = AXIS2_PLACEMENT_3D('',#1228,#1229,#1230);
#1228 = CARTESIAN_POINT('',(38.35,5.13,-5.2));
#1229 = DIRECTION('',(0.,-1.,0.));
#1230 = DIRECTION('',(0.,0.,-1.));
#1231 = ADVANCED_FACE('',(#1232),#1346,.T.);
#1232 = FACE_BOUND('',#1233,.T.);
#1233 = EDGE_LOOP('',(#1234,#1235,#1243,#1251,#1259,#1267,#1275,#1283,
    #1291,#1299,#1307,#1315,#1323,#1331,#1339,#1345));
#1234 = ORIENTED_EDGE('',*,*,#250,.F.);
#1235 = ORIENTED_EDGE('',*,*,#1236,.F.);
#1236 = EDGE_CURVE('',#1237,#251,#1239,.T.);
#1237 = VERTEX_POINT('',#1238);
#1238 = CARTESIAN_POINT('',(-38.35,36.75,-1.5));
#1239 = LINE('',#1240,#1241);
#1240 = CARTESIAN_POINT('',(-38.35,36.75,-1.5));
#1241 = VECTOR('',#1242,1.);
#1242 = DIRECTION('',(0.,-1.,0.));
#1243 = ORIENTED_EDGE('',*,*,#1244,.T.);
#1244 = EDGE_CURVE('',#1237,#1245,#1247,.T.);
#1245 = VERTEX_POINT('',#1246);
#1246 = CARTESIAN_POINT('',(-38.35,36.75,-12.2));
#1247 = LINE('',#1248,#1249);
#1248 = CARTESIAN_POINT('',(-38.35,36.75,0.));
#1249 = VECTOR('',#1250,1.);
#1250 = DIRECTION('',(-0.,-0.,-1.));
#1251 = ORIENTED_EDGE('',*,*,#1252,.T.);
#1252 = EDGE_CURVE('',#1245,#1253,#1255,.T.);
#1253 = VERTEX_POINT('',#1254);
#1254 = CARTESIAN_POINT('',(-38.35,30.45,-12.2));
#1255 = LINE('',#1256,#1257);
#1256 = CARTESIAN_POINT('',(-38.35,36.75,-12.2));
#1257 = VECTOR('',#1258,1.);
#1258 = DIRECTION('',(0.,-1.,0.));
#1259 = ORIENTED_EDGE('',*,*,#1260,.T.);
#1260 = EDGE_CURVE('',#1253,#1261,#1263,.T.);
#1261 = VERTEX_POINT('',#1262);
#1262 = CARTESIAN_POINT('',(-38.35,30.45,-5.2));
#1263 = LINE('',#1264,#1265);
#1264 = CARTESIAN_POINT('',(-38.35,30.45,-13.7));
#1265 = VECTOR('',#1266,1.);
#1266 = DIRECTION('',(0.,0.,1.));
#1267 = ORIENTED_EDGE('',*,*,#1268,.T.);
#1268 = EDGE_CURVE('',#1261,#1269,#1271,.T.);
#1269 = VERTEX_POINT('',#1270);
#1270 = CARTESIAN_POINT('',(-38.35,23.25,-5.2));
#1271 = LINE('',#1272,#1273);
#1272 = CARTESIAN_POINT('',(-38.35,30.45,-5.2));
#1273 = VECTOR('',#1274,1.);
#1274 = DIRECTION('',(0.,-1.,0.));
#1275 = ORIENTED_EDGE('',*,*,#1276,.T.);
#1276 = EDGE_CURVE('',#1269,#1277,#1279,.T.);
#1277 = VERTEX_POINT('',#1278);
#1278 = CARTESIAN_POINT('',(-38.35,23.25,-12.2));
#1279 = LINE('',#1280,#1281);
#1280 = CARTESIAN_POINT('',(-38.35,23.25,-5.2));
#1281 = VECTOR('',#1282,1.);
#1282 = DIRECTION('',(0.,0.,-1.));
#1283 = ORIENTED_EDGE('',*,*,#1284,.T.);
#1284 = EDGE_CURVE('',#1277,#1285,#1287,.T.);
#1285 = VERTEX_POINT('',#1286);
#1286 = CARTESIAN_POINT('',(-38.35,18.73,-12.2));
#1287 = LINE('',#1288,#1289);
#1288 = CARTESIAN_POINT('',(-38.35,36.75,-12.2));
#1289 = VECTOR('',#1290,1.);
#1290 = DIRECTION('',(0.,-1.,0.));
#1291 = ORIENTED_EDGE('',*,*,#1292,.T.);
#1292 = EDGE_CURVE('',#1285,#1293,#1295,.T.);
#1293 = VERTEX_POINT('',#1294);
#1294 = CARTESIAN_POINT('',(-38.35,18.73,-5.2));
#1295 = LINE('',#1296,#1297);
#1296 = CARTESIAN_POINT('',(-38.35,18.73,-13.7));
#1297 = VECTOR('',#1298,1.);
#1298 = DIRECTION('',(0.,0.,1.));
#1299 = ORIENTED_EDGE('',*,*,#1300,.T.);
#1300 = EDGE_CURVE('',#1293,#1301,#1303,.T.);
#1301 = VERTEX_POINT('',#1302);
#1302 = CARTESIAN_POINT('',(-38.35,14.03,-5.2));
#1303 = LINE('',#1304,#1305);
#1304 = CARTESIAN_POINT('',(-38.35,18.73,-5.2));
#1305 = VECTOR('',#1306,1.);
#1306 = DIRECTION('',(0.,-1.,0.));
#1307 = ORIENTED_EDGE('',*,*,#1308,.T.);
#1308 = EDGE_CURVE('',#1301,#1309,#1311,.T.);
#1309 = VERTEX_POINT('',#1310);
#1310 = CARTESIAN_POINT('',(-38.35,14.03,-12.2));
#1311 = LINE('',#1312,#1313);
#1312 = CARTESIAN_POINT('',(-38.35,14.03,-5.2));
#1313 = VECTOR('',#1314,1.);
#1314 = DIRECTION('',(0.,0.,-1.));
#1315 = ORIENTED_EDGE('',*,*,#1316,.T.);
#1316 = EDGE_CURVE('',#1309,#1317,#1319,.T.);
#1317 = VERTEX_POINT('',#1318);
#1318 = CARTESIAN_POINT('',(-38.35,9.829999999951,-12.2));
#1319 = LINE('',#1320,#1321);
#1320 = CARTESIAN_POINT('',(-38.35,36.75,-12.2));
#1321 = VECTOR('',#1322,1.);
#1322 = DIRECTION('',(0.,-1.,0.));
#1323 = ORIENTED_EDGE('',*,*,#1324,.T.);
#1324 = EDGE_CURVE('',#1317,#1325,#1327,.T.);
#1325 = VERTEX_POINT('',#1326);
#1326 = CARTESIAN_POINT('',(-38.35,9.829999999951,-5.2));
#1327 = LINE('',#1328,#1329);
#1328 = CARTESIAN_POINT('',(-38.35,9.829999999951,-13.7));
#1329 = VECTOR('',#1330,1.);
#1330 = DIRECTION('',(0.,0.,1.));
#1331 = ORIENTED_EDGE('',*,*,#1332,.T.);
#1332 = EDGE_CURVE('',#1325,#1333,#1335,.T.);
#1333 = VERTEX_POINT('',#1334);
#1334 = CARTESIAN_POINT('',(-38.35,5.130000000049,-5.2));
#1335 = LINE('',#1336,#1337);
#1336 = CARTESIAN_POINT('',(-38.35,9.829999999951,-5.2));
#1337 = VECTOR('',#1338,1.);
#1338 = DIRECTION('',(0.,-1.,0.));
#1339 = ORIENTED_EDGE('',*,*,#1340,.T.);
#1340 = EDGE_CURVE('',#1333,#326,#1341,.T.);
#1341 = LINE('',#1342,#1343);
#1342 = CARTESIAN_POINT('',(-38.35,5.130000000049,-5.2));
#1343 = VECTOR('',#1344,1.);
#1344 = DIRECTION('',(0.,0.,-1.));
#1345 = ORIENTED_EDGE('',*,*,#333,.T.);
#1346 = PLANE('',#1347);
#1347 = AXIS2_PLACEMENT_3D('',#1348,#1349,#1350);
#1348 = CARTESIAN_POINT('',(-38.35,36.75,0.));
#1349 = DIRECTION('',(-1.,0.,0.));
#1350 = DIRECTION('',(0.,-1.,0.));
#1351 = ADVANCED_FACE('',(#1352),#1369,.F.);
#1352 = FACE_BOUND('',#1353,.F.);
#1353 = EDGE_LOOP('',(#1354,#1362,#1368));
#1354 = ORIENTED_EDGE('',*,*,#1355,.T.);
#1355 = EDGE_CURVE('',#310,#1356,#1358,.T.);
#1356 = VERTEX_POINT('',#1357);
#1357 = CARTESIAN_POINT('',(-37.52120327386,4.13,-11.55430369211));
#1358 = LINE('',#1359,#1360);
#1359 = CARTESIAN_POINT('',(-38.41278962786,4.13,-8.191669298819));
#1360 = VECTOR('',#1361,1.);
#1361 = DIRECTION('',(-0.256289373133,0.,0.966600102017));
#1362 = ORIENTED_EDGE('',*,*,#1363,.T.);
#1363 = EDGE_CURVE('',#1356,#308,#1364,.T.);
#1364 = LINE('',#1365,#1366);
#1365 = CARTESIAN_POINT('',(-37.52120327386,4.13,-4.8));
#1366 = VECTOR('',#1367,1.);
#1367 = DIRECTION('',(0.,0.,-1.));
#1368 = ORIENTED_EDGE('',*,*,#307,.T.);
#1369 = PLANE('',#1370);
#1370 = AXIS2_PLACEMENT_3D('',#1371,#1372,#1373);
#1371 = CARTESIAN_POINT('',(-36.15,4.13,-4.8));
#1372 = DIRECTION('',(0.,-1.,0.));
#1373 = DIRECTION('',(0.,0.,-1.));
#1374 = ADVANCED_FACE('',(#1375),#1408,.F.);
#1375 = FACE_BOUND('',#1376,.F.);
#1376 = EDGE_LOOP('',(#1377,#1387,#1395,#1401,#1402,#1403));
#1377 = ORIENTED_EDGE('',*,*,#1378,.F.);
#1378 = EDGE_CURVE('',#1379,#1381,#1383,.T.);
#1379 = VERTEX_POINT('',#1380);
#1380 = CARTESIAN_POINT('',(-37.72120327386,5.130000000049,-10.8));
#1381 = VERTEX_POINT('',#1382);
#1382 = CARTESIAN_POINT('',(-37.72120327386,-36.75,-10.8));
#1383 = LINE('',#1384,#1385);
#1384 = CARTESIAN_POINT('',(-37.72120327386,36.75,-10.8));
#1385 = VECTOR('',#1386,1.);
#1386 = DIRECTION('',(0.,-1.,0.));
#1387 = ORIENTED_EDGE('',*,*,#1388,.T.);
#1388 = EDGE_CURVE('',#1379,#1389,#1391,.T.);
#1389 = VERTEX_POINT('',#1390);
#1390 = CARTESIAN_POINT('',(-37.52120327386,5.130000000049,
    -11.55430369211));
#1391 = LINE('',#1392,#1393);
#1392 = CARTESIAN_POINT('',(-38.43549642807,5.130000000049,
    -8.106030182625));
#1393 = VECTOR('',#1394,1.);
#1394 = DIRECTION('',(0.256289373133,0.,-0.966600102017));
#1395 = ORIENTED_EDGE('',*,*,#1396,.T.);
#1396 = EDGE_CURVE('',#1389,#1356,#1397,.T.);
#1397 = LINE('',#1398,#1399);
#1398 = CARTESIAN_POINT('',(-37.52120327386,27.192746858169,
    -11.55430369211));
#1399 = VECTOR('',#1400,1.);
#1400 = DIRECTION('',(0.,-1.,0.));
#1401 = ORIENTED_EDGE('',*,*,#1355,.F.);
#1402 = ORIENTED_EDGE('',*,*,#366,.T.);
#1403 = ORIENTED_EDGE('',*,*,#1404,.T.);
#1404 = EDGE_CURVE('',#358,#1381,#1405,.T.);
#1405 = B_SPLINE_CURVE_WITH_KNOTS('',1,(#1406,#1407),.UNSPECIFIED.,.F.,
  .F.,(2,2),(0.,1.),.PIECEWISE_BEZIER_KNOTS.);
#1406 = CARTESIAN_POINT('',(-37.35,-36.75,-12.2));
#1407 = CARTESIAN_POINT('',(-37.72120327386,-36.75,-10.8));
#1408 = PLANE('',#1409);
#1409 = AXIS2_PLACEMENT_3D('',#1410,#1411,#1412);
#1410 = CARTESIAN_POINT('',(-37.72120327386,36.75,-10.8));
#1411 = DIRECTION('',(-0.966600102017,0.,-0.256289373133));
#1412 = DIRECTION('',(0.,-1.,0.));
#1413 = ADVANCED_FACE('',(#1414),#1432,.F.);
#1414 = FACE_BOUND('',#1415,.F.);
#1415 = EDGE_LOOP('',(#1416,#1417,#1424,#1431));
#1416 = ORIENTED_EDGE('',*,*,#357,.T.);
#1417 = ORIENTED_EDGE('',*,*,#1418,.T.);
#1418 = EDGE_CURVE('',#350,#1419,#1421,.T.);
#1419 = VERTEX_POINT('',#1420);
#1420 = CARTESIAN_POINT('',(-27.15,-47.32120327387,-10.8));
#1421 = B_SPLINE_CURVE_WITH_KNOTS('',1,(#1422,#1423),.UNSPECIFIED.,.F.,
  .F.,(2,2),(0.,1.),.PIECEWISE_BEZIER_KNOTS.);
#1422 = CARTESIAN_POINT('',(-27.15,-46.95,-12.2));
#1423 = CARTESIAN_POINT('',(-27.15,-47.32120327387,-10.8));
#1424 = ORIENTED_EDGE('',*,*,#1425,.F.);
#1425 = EDGE_CURVE('',#1381,#1419,#1426,.T.);
#1426 = CIRCLE('',#1427,10.571203273864);
#1427 = AXIS2_PLACEMENT_3D('',#1428,#1429,#1430);
#1428 = CARTESIAN_POINT('',(-27.15,-36.75,-10.8));
#1429 = DIRECTION('',(0.,0.,1.));
#1430 = DIRECTION('',(1.,0.,0.));
#1431 = ORIENTED_EDGE('',*,*,#1404,.F.);
#1432 = CONICAL_SURFACE('',#1433,10.2,0.259181393921);
#1433 = AXIS2_PLACEMENT_3D('',#1434,#1435,#1436);
#1434 = CARTESIAN_POINT('',(-27.15,-36.75,-12.2));
#1435 = DIRECTION('',(0.,0.,1.));
#1436 = DIRECTION('',(1.,0.,0.));
#1437 = ADVANCED_FACE('',(#1438),#1450,.F.);
#1438 = FACE_BOUND('',#1439,.F.);
#1439 = EDGE_LOOP('',(#1440,#1441,#1442,#1443,#1444));
#1440 = ORIENTED_EDGE('',*,*,#1418,.F.);
#1441 = ORIENTED_EDGE('',*,*,#349,.T.);
#1442 = ORIENTED_EDGE('',*,*,#431,.F.);
#1443 = ORIENTED_EDGE('',*,*,#489,.F.);
#1444 = ORIENTED_EDGE('',*,*,#1445,.F.);
#1445 = EDGE_CURVE('',#1419,#482,#1446,.T.);
#1446 = LINE('',#1447,#1448);
#1447 = CARTESIAN_POINT('',(-27.15,-47.32120327387,-10.8));
#1448 = VECTOR('',#1449,1.);
#1449 = DIRECTION('',(1.,0.,0.));
#1450 = PLANE('',#1451);
#1451 = AXIS2_PLACEMENT_3D('',#1452,#1453,#1454);
#1452 = CARTESIAN_POINT('',(-27.15,-47.32120327387,-10.8));
#1453 = DIRECTION('',(0.,-0.966600102017,-0.256289373133));
#1454 = DIRECTION('',(1.,0.,0.));
#1455 = ADVANCED_FACE('',(#1456),#1489,.T.);
#1456 = FACE_BOUND('',#1457,.T.);
#1457 = EDGE_LOOP('',(#1458,#1459,#1467,#1475,#1481,#1482,#1488));
#1458 = ORIENTED_EDGE('',*,*,#1340,.F.);
#1459 = ORIENTED_EDGE('',*,*,#1460,.T.);
#1460 = EDGE_CURVE('',#1333,#1461,#1463,.T.);
#1461 = VERTEX_POINT('',#1462);
#1462 = CARTESIAN_POINT('',(-37.52120327386,5.130000000049,-5.2));
#1463 = LINE('',#1464,#1465);
#1464 = CARTESIAN_POINT('',(-38.35,5.130000000049,-5.2));
#1465 = VECTOR('',#1466,1.);
#1466 = DIRECTION('',(1.,0.,0.));
#1467 = ORIENTED_EDGE('',*,*,#1468,.T.);
#1468 = EDGE_CURVE('',#1461,#1469,#1471,.T.);
#1469 = VERTEX_POINT('',#1470);
#1470 = CARTESIAN_POINT('',(-37.52120327386,5.130000000049,-10.8));
#1471 = LINE('',#1472,#1473);
#1472 = CARTESIAN_POINT('',(-37.52120327386,5.130000000049,-7.625));
#1473 = VECTOR('',#1474,1.);
#1474 = DIRECTION('',(0.,0.,-1.));
#1475 = ORIENTED_EDGE('',*,*,#1476,.T.);
#1476 = EDGE_CURVE('',#1469,#1379,#1477,.T.);
#1477 = LINE('',#1478,#1479);
#1478 = CARTESIAN_POINT('',(-5.600000000002,5.130000000049,-10.8));
#1479 = VECTOR('',#1480,1.);
#1480 = DIRECTION('',(-1.,0.,0.));
#1481 = ORIENTED_EDGE('',*,*,#1388,.T.);
#1482 = ORIENTED_EDGE('',*,*,#1483,.T.);
#1483 = EDGE_CURVE('',#1389,#318,#1484,.T.);
#1484 = LINE('',#1485,#1486);
#1485 = CARTESIAN_POINT('',(-37.52120327386,5.130000000049,-7.625));
#1486 = VECTOR('',#1487,1.);
#1487 = DIRECTION('',(0.,0.,-1.));
#1488 = ORIENTED_EDGE('',*,*,#325,.T.);
#1489 = PLANE('',#1490);
#1490 = AXIS2_PLACEMENT_3D('',#1491,#1492,#1493);
#1491 = CARTESIAN_POINT('',(-38.35,5.130000000049,-5.2));
#1492 = DIRECTION('',(0.,1.,0.));
#1493 = DIRECTION('',(0.,0.,-1.));
#1494 = ADVANCED_FACE('',(#1495),#1501,.T.);
#1495 = FACE_BOUND('',#1496,.T.);
#1496 = EDGE_LOOP('',(#1497,#1498,#1499,#1500));
#1497 = ORIENTED_EDGE('',*,*,#1396,.T.);
#1498 = ORIENTED_EDGE('',*,*,#1363,.T.);
#1499 = ORIENTED_EDGE('',*,*,#317,.T.);
#1500 = ORIENTED_EDGE('',*,*,#1483,.F.);
#1501 = PLANE('',#1502);
#1502 = AXIS2_PLACEMENT_3D('',#1503,#1504,#1505);
#1503 = CARTESIAN_POINT('',(-37.52120327386,17.635493716338,-10.05));
#1504 = DIRECTION('',(1.,0.,0.));
#1505 = DIRECTION('',(0.,0.,1.));
#1506 = ADVANCED_FACE('',(#1507),#1558,.T.);
#1507 = FACE_BOUND('',#1508,.T.);
#1508 = EDGE_LOOP('',(#1509,#1517,#1525,#1533,#1541,#1549,#1555,#1556,
    #1557));
#1509 = ORIENTED_EDGE('',*,*,#1510,.F.);
#1510 = EDGE_CURVE('',#1511,#473,#1513,.T.);
#1511 = VERTEX_POINT('',#1512);
#1512 = CARTESIAN_POINT('',(-27.15,-45.75,-10.8));
#1513 = LINE('',#1514,#1515);
#1514 = CARTESIAN_POINT('',(-1.69642E-12,-45.75,-10.8));
#1515 = VECTOR('',#1516,1.);
#1516 = DIRECTION('',(1.,0.,0.));
#1517 = ORIENTED_EDGE('',*,*,#1518,.T.);
#1518 = EDGE_CURVE('',#1511,#1519,#1521,.T.);
#1519 = VERTEX_POINT('',#1520);
#1520 = CARTESIAN_POINT('',(-27.15,-45.74999999999,-2.2));
#1521 = LINE('',#1522,#1523);
#1522 = CARTESIAN_POINT('',(-27.15,-45.75,-12.2));
#1523 = VECTOR('',#1524,1.);
#1524 = DIRECTION('',(0.,0.,1.));
#1525 = ORIENTED_EDGE('',*,*,#1526,.T.);
#1526 = EDGE_CURVE('',#1519,#1527,#1529,.T.);
#1527 = VERTEX_POINT('',#1528);
#1528 = CARTESIAN_POINT('',(-27.15000000001,-45.74999999999,-0.6));
#1529 = LINE('',#1530,#1531);
#1530 = CARTESIAN_POINT('',(-27.15000000001,-45.74999999999,-2.2));
#1531 = VECTOR('',#1532,1.);
#1532 = DIRECTION('',(0.,0.,1.));
#1533 = ORIENTED_EDGE('',*,*,#1534,.F.);
#1534 = EDGE_CURVE('',#1535,#1527,#1537,.T.);
#1535 = VERTEX_POINT('',#1536);
#1536 = CARTESIAN_POINT('',(27.15,-45.75,-0.6));
#1537 = LINE('',#1538,#1539);
#1538 = CARTESIAN_POINT('',(27.15,-45.75,-0.6));
#1539 = VECTOR('',#1540,1.);
#1540 = DIRECTION('',(-1.,3.01E-14,0.));
#1541 = ORIENTED_EDGE('',*,*,#1542,.F.);
#1542 = EDGE_CURVE('',#1543,#1535,#1545,.T.);
#1543 = VERTEX_POINT('',#1544);
#1544 = CARTESIAN_POINT('',(27.15,-45.75,-10.8));
#1545 = LINE('',#1546,#1547);
#1546 = CARTESIAN_POINT('',(27.15,-45.75,-2.2));
#1547 = VECTOR('',#1548,1.);
#1548 = DIRECTION('',(0.,0.,1.));
#1549 = ORIENTED_EDGE('',*,*,#1550,.F.);
#1550 = EDGE_CURVE('',#392,#1543,#1551,.T.);
#1551 = LINE('',#1552,#1553);
#1552 = CARTESIAN_POINT('',(-1.69642E-12,-45.75,-10.8));
#1553 = VECTOR('',#1554,1.);
#1554 = DIRECTION('',(1.,0.,0.));
#1555 = ORIENTED_EDGE('',*,*,#399,.T.);
#1556 = ORIENTED_EDGE('',*,*,#447,.T.);
#1557 = ORIENTED_EDGE('',*,*,#472,.T.);
#1558 = PLANE('',#1559);
#1559 = AXIS2_PLACEMENT_3D('',#1560,#1561,#1562);
#1560 = CARTESIAN_POINT('',(-4.531172396397E-04,-45.75,-5.68393473382));
#1561 = DIRECTION('',(1.761E-14,1.,-7.369E-14));
#1562 = DIRECTION('',(0.,7.369E-14,1.));
#1563 = ADVANCED_FACE('',(#1564),#1603,.F.);
#1564 = FACE_BOUND('',#1565,.F.);
#1565 = EDGE_LOOP('',(#1566,#1567,#1568,#1569,#1570,#1571,#1579,#1587,
    #1595,#1602));
#1566 = ORIENTED_EDGE('',*,*,#391,.T.);
#1567 = ORIENTED_EDGE('',*,*,#1089,.T.);
#1568 = ORIENTED_EDGE('',*,*,#1112,.T.);
#1569 = ORIENTED_EDGE('',*,*,#1154,.T.);
#1570 = ORIENTED_EDGE('',*,*,#1218,.F.);
#1571 = ORIENTED_EDGE('',*,*,#1572,.F.);
#1572 = EDGE_CURVE('',#1573,#1211,#1575,.T.);
#1573 = VERTEX_POINT('',#1574);
#1574 = CARTESIAN_POINT('',(37.521203273864,4.13,-10.8));
#1575 = LINE('',#1576,#1577);
#1576 = CARTESIAN_POINT('',(37.521203273864,24.340000000005,-10.8));
#1577 = VECTOR('',#1578,1.);
#1578 = DIRECTION('',(0.,1.,0.));
#1579 = ORIENTED_EDGE('',*,*,#1580,.T.);
#1580 = EDGE_CURVE('',#1573,#1581,#1583,.T.);
#1581 = VERTEX_POINT('',#1582);
#1582 = CARTESIAN_POINT('',(36.15,4.13,-10.8));
#1583 = LINE('',#1584,#1585);
#1584 = CARTESIAN_POINT('',(31.649999999998,4.13,-10.8));
#1585 = VECTOR('',#1586,1.);
#1586 = DIRECTION('',(-1.,0.,0.));
#1587 = ORIENTED_EDGE('',*,*,#1588,.F.);
#1588 = EDGE_CURVE('',#1589,#1581,#1591,.T.);
#1589 = VERTEX_POINT('',#1590);
#1590 = CARTESIAN_POINT('',(36.15,-36.75,-10.8));
#1591 = LINE('',#1592,#1593);
#1592 = CARTESIAN_POINT('',(36.15,7.11E-15,-10.8));
#1593 = VECTOR('',#1594,1.);
#1594 = DIRECTION('',(0.,1.,0.));
#1595 = ORIENTED_EDGE('',*,*,#1596,.T.);
#1596 = EDGE_CURVE('',#1589,#1543,#1597,.T.);
#1597 = CIRCLE('',#1598,9.);
#1598 = AXIS2_PLACEMENT_3D('',#1599,#1600,#1601);
#1599 = CARTESIAN_POINT('',(27.15,-36.75,-10.8));
#1600 = DIRECTION('',(0.,0.,-1.));
#1601 = DIRECTION('',(1.,0.,0.));
#1602 = ORIENTED_EDGE('',*,*,#1550,.F.);
#1603 = PLANE('',#1604);
#1604 = AXIS2_PLACEMENT_3D('',#1605,#1606,#1607);
#1605 = CARTESIAN_POINT('',(27.149999999997,36.75,-10.8));
#1606 = DIRECTION('',(0.,0.,1.));
#1607 = DIRECTION('',(1.,0.,0.));
#1608 = ADVANCED_FACE('',(#1609),#1648,.F.);
#1609 = FACE_BOUND('',#1610,.F.);
#1610 = EDGE_LOOP('',(#1611,#1612,#1613,#1614,#1615,#1616,#1617,#1626,
    #1634,#1642));
#1611 = ORIENTED_EDGE('',*,*,#1476,.T.);
#1612 = ORIENTED_EDGE('',*,*,#1378,.T.);
#1613 = ORIENTED_EDGE('',*,*,#1425,.T.);
#1614 = ORIENTED_EDGE('',*,*,#1445,.T.);
#1615 = ORIENTED_EDGE('',*,*,#481,.F.);
#1616 = ORIENTED_EDGE('',*,*,#1510,.F.);
#1617 = ORIENTED_EDGE('',*,*,#1618,.T.);
#1618 = EDGE_CURVE('',#1511,#1619,#1621,.T.);
#1619 = VERTEX_POINT('',#1620);
#1620 = CARTESIAN_POINT('',(-36.15,-36.75,-10.8));
#1621 = CIRCLE('',#1622,9.);
#1622 = AXIS2_PLACEMENT_3D('',#1623,#1624,#1625);
#1623 = CARTESIAN_POINT('',(-27.15,-36.75,-10.8));
#1624 = DIRECTION('',(0.,0.,-1.));
#1625 = DIRECTION('',(1.,0.,0.));
#1626 = ORIENTED_EDGE('',*,*,#1627,.F.);
#1627 = EDGE_CURVE('',#1628,#1619,#1630,.T.);
#1628 = VERTEX_POINT('',#1629);
#1629 = CARTESIAN_POINT('',(-36.15,4.13,-10.8));
#1630 = LINE('',#1631,#1632);
#1631 = CARTESIAN_POINT('',(-36.15,36.75,-10.8));
#1632 = VECTOR('',#1633,1.);
#1633 = DIRECTION('',(0.,-1.,0.));
#1634 = ORIENTED_EDGE('',*,*,#1635,.F.);
#1635 = EDGE_CURVE('',#1636,#1628,#1638,.T.);
#1636 = VERTEX_POINT('',#1637);
#1637 = CARTESIAN_POINT('',(-37.52120327386,4.13,-10.8));
#1638 = LINE('',#1639,#1640);
#1639 = CARTESIAN_POINT('',(-4.500000000002,4.13,-10.8));
#1640 = VECTOR('',#1641,1.);
#1641 = DIRECTION('',(1.,0.,0.));
#1642 = ORIENTED_EDGE('',*,*,#1643,.T.);
#1643 = EDGE_CURVE('',#1636,#1469,#1644,.T.);
#1644 = LINE('',#1645,#1646);
#1645 = CARTESIAN_POINT('',(-37.52120327386,27.192746858169,-10.8));
#1646 = VECTOR('',#1647,1.);
#1647 = DIRECTION('',(0.,1.,0.));
#1648 = PLANE('',#1649);
#1649 = AXIS2_PLACEMENT_3D('',#1650,#1651,#1652);
#1650 = CARTESIAN_POINT('',(27.149999999997,36.75,-10.8));
#1651 = DIRECTION('',(0.,0.,1.));
#1652 = DIRECTION('',(1.,0.,0.));
#1653 = ADVANCED_FACE('',(#1654),#1666,.T.);
#1654 = FACE_BOUND('',#1655,.T.);
#1655 = EDGE_LOOP('',(#1656,#1657,#1658,#1665));
#1656 = ORIENTED_EDGE('',*,*,#515,.T.);
#1657 = ORIENTED_EDGE('',*,*,#541,.T.);
#1658 = ORIENTED_EDGE('',*,*,#1659,.F.);
#1659 = EDGE_CURVE('',#646,#532,#1660,.T.);
#1660 = CIRCLE('',#1661,1.5);
#1661 = AXIS2_PLACEMENT_3D('',#1662,#1663,#1664);
#1662 = CARTESIAN_POINT('',(36.85,36.75,-1.5));
#1663 = DIRECTION('',(0.,1.,0.));
#1664 = DIRECTION('',(0.,-0.,1.));
#1665 = ORIENTED_EDGE('',*,*,#645,.F.);
#1666 = CYLINDRICAL_SURFACE('',#1667,1.5);
#1667 = AXIS2_PLACEMENT_3D('',#1668,#1669,#1670);
#1668 = CARTESIAN_POINT('',(36.85,-36.75,-1.5));
#1669 = DIRECTION('',(0.,1.,0.));
#1670 = DIRECTION('',(0.,-0.,1.));
#1671 = ADVANCED_FACE('',(#1672),#1699,.T.);
#1672 = FACE_BOUND('',#1673,.T.);
#1673 = EDGE_LOOP('',(#1674,#1675,#1684,#1692));
#1674 = ORIENTED_EDGE('',*,*,#531,.T.);
#1675 = ORIENTED_EDGE('',*,*,#1676,.T.);
#1676 = EDGE_CURVE('',#534,#1677,#1679,.T.);
#1677 = VERTEX_POINT('',#1678);
#1678 = CARTESIAN_POINT('',(27.15,47.95,-12.2));
#1679 = CIRCLE('',#1680,11.2);
#1680 = AXIS2_PLACEMENT_3D('',#1681,#1682,#1683);
#1681 = CARTESIAN_POINT('',(27.15,36.75,-12.2));
#1682 = DIRECTION('',(0.,0.,1.));
#1683 = DIRECTION('',(1.,0.,0.));
#1684 = ORIENTED_EDGE('',*,*,#1685,.F.);
#1685 = EDGE_CURVE('',#1686,#1677,#1688,.T.);
#1686 = VERTEX_POINT('',#1687);
#1687 = CARTESIAN_POINT('',(27.15,47.95,-1.5));
#1688 = LINE('',#1689,#1690);
#1689 = CARTESIAN_POINT('',(27.15,47.95,0.));
#1690 = VECTOR('',#1691,1.);
#1691 = DIRECTION('',(-0.,-0.,-1.));
#1692 = ORIENTED_EDGE('',*,*,#1693,.F.);
#1693 = EDGE_CURVE('',#532,#1686,#1694,.T.);
#1694 = CIRCLE('',#1695,11.2);
#1695 = AXIS2_PLACEMENT_3D('',#1696,#1697,#1698);
#1696 = CARTESIAN_POINT('',(27.15,36.75,-1.5));
#1697 = DIRECTION('',(0.,0.,1.));
#1698 = DIRECTION('',(1.,0.,-0.));
#1699 = CYLINDRICAL_SURFACE('',#1700,11.2);
#1700 = AXIS2_PLACEMENT_3D('',#1701,#1702,#1703);
#1701 = CARTESIAN_POINT('',(27.15,36.75,0.));
#1702 = DIRECTION('',(0.,0.,1.));
#1703 = DIRECTION('',(1.,0.,0.));
#1704 = ADVANCED_FACE('',(#1705),#1772,.F.);
#1705 = FACE_BOUND('',#1706,.F.);
#1706 = EDGE_LOOP('',(#1707,#1715,#1716,#1717,#1725,#1733,#1741,#1750,
    #1758,#1766));
#1707 = ORIENTED_EDGE('',*,*,#1708,.F.);
#1708 = EDGE_CURVE('',#598,#1709,#1711,.T.);
#1709 = VERTEX_POINT('',#1710);
#1710 = CARTESIAN_POINT('',(37.521203273864,18.730000000024,-12.2));
#1711 = LINE('',#1712,#1713);
#1712 = CARTESIAN_POINT('',(19.175,18.730000000024,-12.2));
#1713 = VECTOR('',#1714,1.);
#1714 = DIRECTION('',(-1.,0.,0.));
#1715 = ORIENTED_EDGE('',*,*,#605,.T.);
#1716 = ORIENTED_EDGE('',*,*,#1676,.T.);
#1717 = ORIENTED_EDGE('',*,*,#1718,.T.);
#1718 = EDGE_CURVE('',#1677,#1719,#1721,.T.);
#1719 = VERTEX_POINT('',#1720);
#1720 = CARTESIAN_POINT('',(20.907987240797,47.95,-12.2));
#1721 = LINE('',#1722,#1723);
#1722 = CARTESIAN_POINT('',(27.15,47.95,-12.2));
#1723 = VECTOR('',#1724,1.);
#1724 = DIRECTION('',(-1.,0.,0.));
#1725 = ORIENTED_EDGE('',*,*,#1726,.F.);
#1726 = EDGE_CURVE('',#1727,#1719,#1729,.T.);
#1727 = VERTEX_POINT('',#1728);
#1728 = CARTESIAN_POINT('',(20.907987240797,46.95,-12.2));
#1729 = LINE('',#1730,#1731);
#1730 = CARTESIAN_POINT('',(20.907987240797,47.95,-12.2));
#1731 = VECTOR('',#1732,1.);
#1732 = DIRECTION('',(0.,1.,-2.2E-16));
#1733 = ORIENTED_EDGE('',*,*,#1734,.F.);
#1734 = EDGE_CURVE('',#1735,#1727,#1737,.T.);
#1735 = VERTEX_POINT('',#1736);
#1736 = CARTESIAN_POINT('',(27.149999999997,46.95,-12.2));
#1737 = LINE('',#1738,#1739);
#1738 = CARTESIAN_POINT('',(27.149999999997,46.95,-12.2));
#1739 = VECTOR('',#1740,1.);
#1740 = DIRECTION('',(-1.,0.,0.));
#1741 = ORIENTED_EDGE('',*,*,#1742,.F.);
#1742 = EDGE_CURVE('',#1743,#1735,#1745,.T.);
#1743 = VERTEX_POINT('',#1744);
#1744 = CARTESIAN_POINT('',(37.349999999997,36.75,-12.2));
#1745 = CIRCLE('',#1746,10.2);
#1746 = AXIS2_PLACEMENT_3D('',#1747,#1748,#1749);
#1747 = CARTESIAN_POINT('',(27.149999999997,36.75,-12.2));
#1748 = DIRECTION('',(0.,0.,1.));
#1749 = DIRECTION('',(1.,0.,0.));
#1750 = ORIENTED_EDGE('',*,*,#1751,.F.);
#1751 = EDGE_CURVE('',#1752,#1743,#1754,.T.);
#1752 = VERTEX_POINT('',#1753);
#1753 = CARTESIAN_POINT('',(37.349999999997,19.730000000041,-12.2));
#1754 = LINE('',#1755,#1756);
#1755 = CARTESIAN_POINT('',(37.349999999997,-36.75,-12.2));
#1756 = VECTOR('',#1757,1.);
#1757 = DIRECTION('',(0.,1.,0.));
#1758 = ORIENTED_EDGE('',*,*,#1759,.T.);
#1759 = EDGE_CURVE('',#1752,#1760,#1762,.T.);
#1760 = VERTEX_POINT('',#1761);
#1761 = CARTESIAN_POINT('',(37.521203273864,19.730000000041,-12.2));
#1762 = LINE('',#1763,#1764);
#1763 = CARTESIAN_POINT('',(18.075,19.730000000041,-12.2));
#1764 = VECTOR('',#1765,1.);
#1765 = DIRECTION('',(1.,0.,0.));
#1766 = ORIENTED_EDGE('',*,*,#1767,.F.);
#1767 = EDGE_CURVE('',#1709,#1760,#1768,.T.);
#1768 = LINE('',#1769,#1770);
#1769 = CARTESIAN_POINT('',(37.521203273864,5.965000000005,-12.2));
#1770 = VECTOR('',#1771,1.);
#1771 = DIRECTION('',(0.,1.,0.));
#1772 = PLANE('',#1773);
#1773 = AXIS2_PLACEMENT_3D('',#1774,#1775,#1776);
#1774 = CARTESIAN_POINT('',(-4.63E-15,-9.7E-15,-12.2));
#1775 = DIRECTION('',(0.,0.,1.));
#1776 = DIRECTION('',(1.,0.,0.));
#1777 = ADVANCED_FACE('',(#1778),#1820,.F.);
#1778 = FACE_BOUND('',#1779,.F.);
#1779 = EDGE_LOOP('',(#1780,#1781,#1782,#1790,#1798,#1806,#1814));
#1780 = ORIENTED_EDGE('',*,*,#597,.F.);
#1781 = ORIENTED_EDGE('',*,*,#1708,.T.);
#1782 = ORIENTED_EDGE('',*,*,#1783,.F.);
#1783 = EDGE_CURVE('',#1784,#1709,#1786,.T.);
#1784 = VERTEX_POINT('',#1785);
#1785 = CARTESIAN_POINT('',(37.521203273864,18.730000000024,
    -11.5543036921));
#1786 = LINE('',#1787,#1788);
#1787 = CARTESIAN_POINT('',(37.521203273864,18.730000000024,
    -11.87499999997));
#1788 = VECTOR('',#1789,1.);
#1789 = DIRECTION('',(0.,0.,-1.));
#1790 = ORIENTED_EDGE('',*,*,#1791,.T.);
#1791 = EDGE_CURVE('',#1784,#1792,#1794,.T.);
#1792 = VERTEX_POINT('',#1793);
#1793 = CARTESIAN_POINT('',(37.721203273861,18.730000000024,-10.8));
#1794 = LINE('',#1795,#1796);
#1795 = CARTESIAN_POINT('',(37.382646757663,18.730000000024,
    -12.07687215078));
#1796 = VECTOR('',#1797,1.);
#1797 = DIRECTION('',(0.256289373133,0.,0.966600102017));
#1798 = ORIENTED_EDGE('',*,*,#1799,.T.);
#1799 = EDGE_CURVE('',#1792,#1800,#1802,.T.);
#1800 = VERTEX_POINT('',#1801);
#1801 = CARTESIAN_POINT('',(37.521203273864,18.730000000024,-10.8));
#1802 = LINE('',#1803,#1804);
#1803 = CARTESIAN_POINT('',(32.749999999998,18.730000000024,-10.8));
#1804 = VECTOR('',#1805,1.);
#1805 = DIRECTION('',(-1.,0.,0.));
#1806 = ORIENTED_EDGE('',*,*,#1807,.F.);
#1807 = EDGE_CURVE('',#1808,#1800,#1810,.T.);
#1808 = VERTEX_POINT('',#1809);
#1809 = CARTESIAN_POINT('',(37.521203273864,18.730000000024,-5.2));
#1810 = LINE('',#1811,#1812);
#1811 = CARTESIAN_POINT('',(37.521203273864,18.730000000024,
    -11.87499999997));
#1812 = VECTOR('',#1813,1.);
#1813 = DIRECTION('',(0.,0.,-1.));
#1814 = ORIENTED_EDGE('',*,*,#1815,.F.);
#1815 = EDGE_CURVE('',#590,#1808,#1816,.T.);
#1816 = LINE('',#1817,#1818);
#1817 = CARTESIAN_POINT('',(38.35,18.730000000024,-5.2));
#1818 = VECTOR('',#1819,1.);
#1819 = DIRECTION('',(-1.,-0.,-0.));
#1820 = PLANE('',#1821);
#1821 = AXIS2_PLACEMENT_3D('',#1822,#1823,#1824);
#1822 = CARTESIAN_POINT('',(38.35,18.730000000024,-13.69999999995));
#1823 = DIRECTION('',(0.,1.,0.));
#1824 = DIRECTION('',(0.,0.,1.));
#1825 = ADVANCED_FACE('',(#1826),#1844,.F.);
#1826 = FACE_BOUND('',#1827,.F.);
#1827 = EDGE_LOOP('',(#1828,#1829,#1830,#1838));
#1828 = ORIENTED_EDGE('',*,*,#589,.F.);
#1829 = ORIENTED_EDGE('',*,*,#1815,.T.);
#1830 = ORIENTED_EDGE('',*,*,#1831,.F.);
#1831 = EDGE_CURVE('',#1832,#1808,#1834,.T.);
#1832 = VERTEX_POINT('',#1833);
#1833 = CARTESIAN_POINT('',(37.521203273864,14.029999999976,-5.2));
#1834 = LINE('',#1835,#1836);
#1835 = CARTESIAN_POINT('',(37.521203273864,15.330000000017,-5.2));
#1836 = VECTOR('',#1837,1.);
#1837 = DIRECTION('',(0.,1.,0.));
#1838 = ORIENTED_EDGE('',*,*,#1839,.F.);
#1839 = EDGE_CURVE('',#582,#1832,#1840,.T.);
#1840 = LINE('',#1841,#1842);
#1841 = CARTESIAN_POINT('',(38.35,14.029999999976,-5.2));
#1842 = VECTOR('',#1843,1.);
#1843 = DIRECTION('',(-1.,-0.,-0.));
#1844 = PLANE('',#1845);
#1845 = AXIS2_PLACEMENT_3D('',#1846,#1847,#1848);
#1846 = CARTESIAN_POINT('',(38.35,18.730000000024,-5.2));
#1847 = DIRECTION('',(0.,0.,1.));
#1848 = DIRECTION('',(0.,-1.,0.));
#1849 = ADVANCED_FACE('',(#1850),#1892,.F.);
#1850 = FACE_BOUND('',#1851,.F.);
#1851 = EDGE_LOOP('',(#1852,#1853,#1854,#1862,#1870,#1878,#1886));
#1852 = ORIENTED_EDGE('',*,*,#581,.F.);
#1853 = ORIENTED_EDGE('',*,*,#1839,.T.);
#1854 = ORIENTED_EDGE('',*,*,#1855,.F.);
#1855 = EDGE_CURVE('',#1856,#1832,#1858,.T.);
#1856 = VERTEX_POINT('',#1857);
#1857 = CARTESIAN_POINT('',(37.521203273864,14.029999999976,-10.8));
#1858 = LINE('',#1859,#1860);
#1859 = CARTESIAN_POINT('',(37.521203273864,14.029999999976,-7.625));
#1860 = VECTOR('',#1861,1.);
#1861 = DIRECTION('',(0.,0.,1.));
#1862 = ORIENTED_EDGE('',*,*,#1863,.T.);
#1863 = EDGE_CURVE('',#1856,#1864,#1866,.T.);
#1864 = VERTEX_POINT('',#1865);
#1865 = CARTESIAN_POINT('',(37.721203273861,14.029999999976,-10.8));
#1866 = LINE('',#1867,#1868);
#1867 = CARTESIAN_POINT('',(32.749999999998,14.029999999976,-10.8));
#1868 = VECTOR('',#1869,1.);
#1869 = DIRECTION('',(1.,0.,0.));
#1870 = ORIENTED_EDGE('',*,*,#1871,.T.);
#1871 = EDGE_CURVE('',#1864,#1872,#1874,.T.);
#1872 = VERTEX_POINT('',#1873);
#1873 = CARTESIAN_POINT('',(37.521203273864,14.029999999976,
    -11.5543036921));
#1874 = LINE('',#1875,#1876);
#1875 = CARTESIAN_POINT('',(38.435496428076,14.029999999976,
    -8.106030182625));
#1876 = VECTOR('',#1877,1.);
#1877 = DIRECTION('',(-0.256289373133,-0.,-0.966600102017));
#1878 = ORIENTED_EDGE('',*,*,#1879,.F.);
#1879 = EDGE_CURVE('',#1880,#1872,#1882,.T.);
#1880 = VERTEX_POINT('',#1881);
#1881 = CARTESIAN_POINT('',(37.521203273864,14.029999999976,-12.2));
#1882 = LINE('',#1883,#1884);
#1883 = CARTESIAN_POINT('',(37.521203273864,14.029999999976,-7.625));
#1884 = VECTOR('',#1885,1.);
#1885 = DIRECTION('',(0.,0.,1.));
#1886 = ORIENTED_EDGE('',*,*,#1887,.T.);
#1887 = EDGE_CURVE('',#1880,#574,#1888,.T.);
#1888 = LINE('',#1889,#1890);
#1889 = CARTESIAN_POINT('',(19.175,14.029999999976,-12.2));
#1890 = VECTOR('',#1891,1.);
#1891 = DIRECTION('',(1.,0.,0.));
#1892 = PLANE('',#1893);
#1893 = AXIS2_PLACEMENT_3D('',#1894,#1895,#1896);
#1894 = CARTESIAN_POINT('',(38.35,14.029999999976,-5.2));
#1895 = DIRECTION('',(0.,-1.,0.));
#1896 = DIRECTION('',(0.,0.,-1.));
#1897 = ADVANCED_FACE('',(#1898),#1916,.F.);
#1898 = FACE_BOUND('',#1899,.F.);
#1899 = EDGE_LOOP('',(#1900,#1901,#1909,#1915));
#1900 = ORIENTED_EDGE('',*,*,#557,.F.);
#1901 = ORIENTED_EDGE('',*,*,#1902,.T.);
#1902 = EDGE_CURVE('',#558,#1903,#1905,.T.);
#1903 = VERTEX_POINT('',#1904);
#1904 = CARTESIAN_POINT('',(37.521203273864,9.83,-5.2));
#1905 = LINE('',#1906,#1907);
#1906 = CARTESIAN_POINT('',(38.35,9.83,-5.2));
#1907 = VECTOR('',#1908,1.);
#1908 = DIRECTION('',(-1.,-0.,-0.));
#1909 = ORIENTED_EDGE('',*,*,#1910,.F.);
#1910 = EDGE_CURVE('',#1203,#1903,#1911,.T.);
#1911 = LINE('',#1912,#1913);
#1912 = CARTESIAN_POINT('',(37.521203273864,10.880000000005,-5.2));
#1913 = VECTOR('',#1914,1.);
#1914 = DIRECTION('',(0.,1.,0.));
#1915 = ORIENTED_EDGE('',*,*,#1202,.F.);
#1916 = PLANE('',#1917);
#1917 = AXIS2_PLACEMENT_3D('',#1918,#1919,#1920);
#1918 = CARTESIAN_POINT('',(38.35,9.83,-5.2));
#1919 = DIRECTION('',(0.,0.,1.));
#1920 = DIRECTION('',(0.,-1.,0.));
#1921 = ADVANCED_FACE('',(#1922),#1972,.F.);
#1922 = FACE_BOUND('',#1923,.F.);
#1923 = EDGE_LOOP('',(#1924,#1932,#1933,#1934,#1942,#1950,#1958,#1966));
#1924 = ORIENTED_EDGE('',*,*,#1925,.F.);
#1925 = EDGE_CURVE('',#566,#1926,#1928,.T.);
#1926 = VERTEX_POINT('',#1927);
#1927 = CARTESIAN_POINT('',(37.521203273864,9.83,-12.2));
#1928 = LINE('',#1929,#1930);
#1929 = CARTESIAN_POINT('',(19.175,9.83,-12.2));
#1930 = VECTOR('',#1931,1.);
#1931 = DIRECTION('',(-1.,0.,0.));
#1932 = ORIENTED_EDGE('',*,*,#573,.T.);
#1933 = ORIENTED_EDGE('',*,*,#1887,.F.);
#1934 = ORIENTED_EDGE('',*,*,#1935,.F.);
#1935 = EDGE_CURVE('',#1936,#1880,#1938,.T.);
#1936 = VERTEX_POINT('',#1937);
#1937 = CARTESIAN_POINT('',(37.521203273864,13.029999999959,-12.2));
#1938 = LINE('',#1939,#1940);
#1939 = CARTESIAN_POINT('',(37.521203273864,5.965000000005,-12.2));
#1940 = VECTOR('',#1941,1.);
#1941 = DIRECTION('',(0.,1.,0.));
#1942 = ORIENTED_EDGE('',*,*,#1943,.T.);
#1943 = EDGE_CURVE('',#1936,#1944,#1946,.T.);
#1944 = VERTEX_POINT('',#1945);
#1945 = CARTESIAN_POINT('',(37.349999999997,13.029999999959,-12.2));
#1946 = LINE('',#1947,#1948);
#1947 = CARTESIAN_POINT('',(18.075,13.029999999959,-12.2));
#1948 = VECTOR('',#1949,1.);
#1949 = DIRECTION('',(-1.,0.,0.));
#1950 = ORIENTED_EDGE('',*,*,#1951,.F.);
#1951 = EDGE_CURVE('',#1952,#1944,#1954,.T.);
#1952 = VERTEX_POINT('',#1953);
#1953 = CARTESIAN_POINT('',(37.349999999997,10.83,-12.2));
#1954 = LINE('',#1955,#1956);
#1955 = CARTESIAN_POINT('',(37.349999999997,-36.75,-12.2));
#1956 = VECTOR('',#1957,1.);
#1957 = DIRECTION('',(0.,1.,0.));
#1958 = ORIENTED_EDGE('',*,*,#1959,.T.);
#1959 = EDGE_CURVE('',#1952,#1960,#1962,.T.);
#1960 = VERTEX_POINT('',#1961);
#1961 = CARTESIAN_POINT('',(37.521203273864,10.83,-12.2));
#1962 = LINE('',#1963,#1964);
#1963 = CARTESIAN_POINT('',(18.075,10.83,-12.2));
#1964 = VECTOR('',#1965,1.);
#1965 = DIRECTION('',(1.,0.,0.));
#1966 = ORIENTED_EDGE('',*,*,#1967,.F.);
#1967 = EDGE_CURVE('',#1926,#1960,#1968,.T.);
#1968 = LINE('',#1969,#1970);
#1969 = CARTESIAN_POINT('',(37.521203273864,5.965000000005,-12.2));
#1970 = VECTOR('',#1971,1.);
#1971 = DIRECTION('',(0.,1.,0.));
#1972 = PLANE('',#1973);
#1973 = AXIS2_PLACEMENT_3D('',#1974,#1975,#1976);
#1974 = CARTESIAN_POINT('',(-4.63E-15,-9.7E-15,-12.2));
#1975 = DIRECTION('',(0.,0.,1.));
#1976 = DIRECTION('',(1.,0.,0.));
#1977 = ADVANCED_FACE('',(#1978),#2013,.F.);
#1978 = FACE_BOUND('',#1979,.F.);
#1979 = EDGE_LOOP('',(#1980,#1981,#1982,#1990,#1998,#2006,#2012));
#1980 = ORIENTED_EDGE('',*,*,#565,.F.);
#1981 = ORIENTED_EDGE('',*,*,#1925,.T.);
#1982 = ORIENTED_EDGE('',*,*,#1983,.F.);
#1983 = EDGE_CURVE('',#1984,#1926,#1986,.T.);
#1984 = VERTEX_POINT('',#1985);
#1985 = CARTESIAN_POINT('',(37.521203273864,9.83,-11.5543036921));
#1986 = LINE('',#1987,#1988);
#1987 = CARTESIAN_POINT('',(37.521203273864,9.83,-11.875));
#1988 = VECTOR('',#1989,1.);
#1989 = DIRECTION('',(0.,0.,-1.));
#1990 = ORIENTED_EDGE('',*,*,#1991,.T.);
#1991 = EDGE_CURVE('',#1984,#1992,#1994,.T.);
#1992 = VERTEX_POINT('',#1993);
#1993 = CARTESIAN_POINT('',(37.721203273861,9.83,-10.8));
#1994 = LINE('',#1995,#1996);
#1995 = CARTESIAN_POINT('',(37.382646757657,9.83,-12.0768721508));
#1996 = VECTOR('',#1997,1.);
#1997 = DIRECTION('',(0.256289373133,0.,0.966600102017));
#1998 = ORIENTED_EDGE('',*,*,#1999,.T.);
#1999 = EDGE_CURVE('',#1992,#2000,#2002,.T.);
#2000 = VERTEX_POINT('',#2001);
#2001 = CARTESIAN_POINT('',(37.521203273864,9.83,-10.8));
#2002 = LINE('',#2003,#2004);
#2003 = CARTESIAN_POINT('',(32.749999999998,9.83,-10.8));
#2004 = VECTOR('',#2005,1.);
#2005 = DIRECTION('',(-1.,0.,0.));
#2006 = ORIENTED_EDGE('',*,*,#2007,.F.);
#2007 = EDGE_CURVE('',#1903,#2000,#2008,.T.);
#2008 = LINE('',#2009,#2010);
#2009 = CARTESIAN_POINT('',(37.521203273864,9.83,-11.875));
#2010 = VECTOR('',#2011,1.);
#2011 = DIRECTION('',(0.,0.,-1.));
#2012 = ORIENTED_EDGE('',*,*,#1902,.F.);
#2013 = PLANE('',#2014);
#2014 = AXIS2_PLACEMENT_3D('',#2015,#2016,#2017);
#2015 = CARTESIAN_POINT('',(38.35,9.83,-13.7));
#2016 = DIRECTION('',(0.,1.,0.));
#2017 = DIRECTION('',(0.,0.,1.));
#2018 = ADVANCED_FACE('',(#2019),#2031,.T.);
#2019 = FACE_BOUND('',#2020,.T.);
#2020 = EDGE_LOOP('',(#2021,#2028,#2029,#2030));
#2021 = ORIENTED_EDGE('',*,*,#2022,.T.);
#2022 = EDGE_CURVE('',#671,#1237,#2023,.T.);
#2023 = CIRCLE('',#2024,1.5);
#2024 = AXIS2_PLACEMENT_3D('',#2025,#2026,#2027);
#2025 = CARTESIAN_POINT('',(-36.85,36.75,-1.5));
#2026 = DIRECTION('',(-6.E-17,-1.,-0.));
#2027 = DIRECTION('',(-1.,6.E-17,0.));
#2028 = ORIENTED_EDGE('',*,*,#1236,.T.);
#2029 = ORIENTED_EDGE('',*,*,#619,.F.);
#2030 = ORIENTED_EDGE('',*,*,#679,.F.);
#2031 = CYLINDRICAL_SURFACE('',#2032,1.5);
#2032 = AXIS2_PLACEMENT_3D('',#2033,#2034,#2035);
#2033 = CARTESIAN_POINT('',(-36.85,36.75,-1.5));
#2034 = DIRECTION('',(0.,-1.,0.));
#2035 = DIRECTION('',(0.,0.,1.));
#2036 = ADVANCED_FACE('',(#2037),#2049,.T.);
#2037 = FACE_BOUND('',#2038,.F.);
#2038 = EDGE_LOOP('',(#2039,#2040,#2041,#2048));
#2039 = ORIENTED_EDGE('',*,*,#1659,.F.);
#2040 = ORIENTED_EDGE('',*,*,#653,.T.);
#2041 = ORIENTED_EDGE('',*,*,#2042,.T.);
#2042 = EDGE_CURVE('',#654,#1686,#2043,.T.);
#2043 = CIRCLE('',#2044,1.5);
#2044 = AXIS2_PLACEMENT_3D('',#2045,#2046,#2047);
#2045 = CARTESIAN_POINT('',(27.15,46.45,-1.5));
#2046 = DIRECTION('',(-1.,6.E-17,0.));
#2047 = DIRECTION('',(6.E-17,1.,0.));
#2048 = ORIENTED_EDGE('',*,*,#1693,.F.);
#2049 = TOROIDAL_SURFACE('',#2050,9.7,1.5);
#2050 = AXIS2_PLACEMENT_3D('',#2051,#2052,#2053);
#2051 = CARTESIAN_POINT('',(27.15,36.75,-1.5));
#2052 = DIRECTION('',(-0.,-0.,-1.));
#2053 = DIRECTION('',(1.,0.,0.));
#2054 = ADVANCED_FACE('',(#2055),#2074,.T.);
#2055 = FACE_BOUND('',#2056,.T.);
#2056 = EDGE_LOOP('',(#2057,#2058,#2066,#2073));
#2057 = ORIENTED_EDGE('',*,*,#2042,.T.);
#2058 = ORIENTED_EDGE('',*,*,#2059,.T.);
#2059 = EDGE_CURVE('',#1686,#2060,#2062,.T.);
#2060 = VERTEX_POINT('',#2061);
#2061 = CARTESIAN_POINT('',(-27.15,47.95,-1.5));
#2062 = LINE('',#2063,#2064);
#2063 = CARTESIAN_POINT('',(27.15,47.95,-1.5));
#2064 = VECTOR('',#2065,1.);
#2065 = DIRECTION('',(-1.,0.,0.));
#2066 = ORIENTED_EDGE('',*,*,#2067,.F.);
#2067 = EDGE_CURVE('',#663,#2060,#2068,.T.);
#2068 = CIRCLE('',#2069,1.5);
#2069 = AXIS2_PLACEMENT_3D('',#2070,#2071,#2072);
#2070 = CARTESIAN_POINT('',(-27.15,46.45,-1.5));
#2071 = DIRECTION('',(-1.,0.,0.));
#2072 = DIRECTION('',(0.,0.,1.));
#2073 = ORIENTED_EDGE('',*,*,#662,.F.);
#2074 = CYLINDRICAL_SURFACE('',#2075,1.5);
#2075 = AXIS2_PLACEMENT_3D('',#2076,#2077,#2078);
#2076 = CARTESIAN_POINT('',(27.15,46.45,-1.5));
#2077 = DIRECTION('',(-1.,0.,0.));
#2078 = DIRECTION('',(0.,0.,1.));
#2079 = ADVANCED_FACE('',(#2080),#2092,.T.);
#2080 = FACE_BOUND('',#2081,.F.);
#2081 = EDGE_LOOP('',(#2082,#2083,#2084,#2085));
#2082 = ORIENTED_EDGE('',*,*,#2067,.F.);
#2083 = ORIENTED_EDGE('',*,*,#670,.T.);
#2084 = ORIENTED_EDGE('',*,*,#2022,.T.);
#2085 = ORIENTED_EDGE('',*,*,#2086,.F.);
#2086 = EDGE_CURVE('',#2060,#1237,#2087,.T.);
#2087 = CIRCLE('',#2088,11.2);
#2088 = AXIS2_PLACEMENT_3D('',#2089,#2090,#2091);
#2089 = CARTESIAN_POINT('',(-27.15,36.75,-1.5));
#2090 = DIRECTION('',(0.,-0.,1.));
#2091 = DIRECTION('',(0.,1.,0.));
#2092 = TOROIDAL_SURFACE('',#2093,9.7,1.5);
#2093 = AXIS2_PLACEMENT_3D('',#2094,#2095,#2096);
#2094 = CARTESIAN_POINT('',(-27.15,36.75,-1.5));
#2095 = DIRECTION('',(-0.,-0.,-1.));
#2096 = DIRECTION('',(0.,1.,-0.));
#2097 = ADVANCED_FACE('',(#2098),#2123,.F.);
#2098 = FACE_BOUND('',#2099,.F.);
#2099 = EDGE_LOOP('',(#2100,#2108,#2116,#2122));
#2100 = ORIENTED_EDGE('',*,*,#2101,.T.);
#2101 = EDGE_CURVE('',#691,#2102,#2104,.T.);
#2102 = VERTEX_POINT('',#2103);
#2103 = CARTESIAN_POINT('',(32.7,-10.,-2.2));
#2104 = LINE('',#2105,#2106);
#2105 = CARTESIAN_POINT('',(32.7,-10.,0.));
#2106 = VECTOR('',#2107,1.);
#2107 = DIRECTION('',(-0.,-0.,-1.));
#2108 = ORIENTED_EDGE('',*,*,#2109,.T.);
#2109 = EDGE_CURVE('',#2102,#2110,#2112,.T.);
#2110 = VERTEX_POINT('',#2111);
#2111 = CARTESIAN_POINT('',(-32.7,-10.,-2.2));
#2112 = LINE('',#2113,#2114);
#2113 = CARTESIAN_POINT('',(32.7,-10.,-2.2));
#2114 = VECTOR('',#2115,1.);
#2115 = DIRECTION('',(-1.,0.,0.));
#2116 = ORIENTED_EDGE('',*,*,#2117,.F.);
#2117 = EDGE_CURVE('',#693,#2110,#2118,.T.);
#2118 = LINE('',#2119,#2120);
#2119 = CARTESIAN_POINT('',(-32.7,-10.,0.));
#2120 = VECTOR('',#2121,1.);
#2121 = DIRECTION('',(-0.,-0.,-1.));
#2122 = ORIENTED_EDGE('',*,*,#690,.F.);
#2123 = PLANE('',#2124);
#2124 = AXIS2_PLACEMENT_3D('',#2125,#2126,#2127);
#2125 = CARTESIAN_POINT('',(32.7,-10.,0.));
#2126 = DIRECTION('',(0.,1.,0.));
#2127 = DIRECTION('',(-1.,0.,0.));
#2128 = ADVANCED_FACE('',(#2129),#2147,.T.);
#2129 = FACE_BOUND('',#2130,.T.);
#2130 = EDGE_LOOP('',(#2131,#2132,#2140,#2146));
#2131 = ORIENTED_EDGE('',*,*,#2101,.T.);
#2132 = ORIENTED_EDGE('',*,*,#2133,.T.);
#2133 = EDGE_CURVE('',#2102,#2134,#2136,.T.);
#2134 = VERTEX_POINT('',#2135);
#2135 = CARTESIAN_POINT('',(32.7,-11.4,-2.2));
#2136 = LINE('',#2137,#2138);
#2137 = CARTESIAN_POINT('',(32.7,-10.,-2.2));
#2138 = VECTOR('',#2139,1.);
#2139 = DIRECTION('',(0.,-1.,0.));
#2140 = ORIENTED_EDGE('',*,*,#2141,.F.);
#2141 = EDGE_CURVE('',#701,#2134,#2142,.T.);
#2142 = LINE('',#2143,#2144);
#2143 = CARTESIAN_POINT('',(32.7,-11.4,0.));
#2144 = VECTOR('',#2145,1.);
#2145 = DIRECTION('',(-0.,-0.,-1.));
#2146 = ORIENTED_EDGE('',*,*,#700,.F.);
#2147 = PLANE('',#2148);
#2148 = AXIS2_PLACEMENT_3D('',#2149,#2150,#2151);
#2149 = CARTESIAN_POINT('',(32.7,-10.,0.));
#2150 = DIRECTION('',(-1.,0.,0.));
#2151 = DIRECTION('',(0.,-1.,0.));
#2152 = ADVANCED_FACE('',(#2153),#2171,.F.);
#2153 = FACE_BOUND('',#2154,.F.);
#2154 = EDGE_LOOP('',(#2155,#2156,#2164,#2170));
#2155 = ORIENTED_EDGE('',*,*,#2117,.T.);
#2156 = ORIENTED_EDGE('',*,*,#2157,.T.);
#2157 = EDGE_CURVE('',#2110,#2158,#2160,.T.);
#2158 = VERTEX_POINT('',#2159);
#2159 = CARTESIAN_POINT('',(-32.7,-11.4,-2.2));
#2160 = LINE('',#2161,#2162);
#2161 = CARTESIAN_POINT('',(-32.7,-10.,-2.2));
#2162 = VECTOR('',#2163,1.);
#2163 = DIRECTION('',(0.,-1.,0.));
#2164 = ORIENTED_EDGE('',*,*,#2165,.F.);
#2165 = EDGE_CURVE('',#967,#2158,#2166,.T.);
#2166 = LINE('',#2167,#2168);
#2167 = CARTESIAN_POINT('',(-32.7,-11.4,0.));
#2168 = VECTOR('',#2169,1.);
#2169 = DIRECTION('',(-0.,-0.,-1.));
#2170 = ORIENTED_EDGE('',*,*,#974,.F.);
#2171 = PLANE('',#2172);
#2172 = AXIS2_PLACEMENT_3D('',#2173,#2174,#2175);
#2173 = CARTESIAN_POINT('',(-32.7,-10.,0.));
#2174 = DIRECTION('',(-1.,0.,0.));
#2175 = DIRECTION('',(0.,-1.,0.));
#2176 = ADVANCED_FACE('',(#2177),#2195,.T.);
#2177 = FACE_BOUND('',#2178,.T.);
#2178 = EDGE_LOOP('',(#2179,#2180,#2188,#2194));
#2179 = ORIENTED_EDGE('',*,*,#2141,.T.);
#2180 = ORIENTED_EDGE('',*,*,#2181,.T.);
#2181 = EDGE_CURVE('',#2134,#2182,#2184,.T.);
#2182 = VERTEX_POINT('',#2183);
#2183 = CARTESIAN_POINT('',(31.65,-11.4,-2.2));
#2184 = LINE('',#2185,#2186);
#2185 = CARTESIAN_POINT('',(32.7,-11.4,-2.2));
#2186 = VECTOR('',#2187,1.);
#2187 = DIRECTION('',(-1.,0.,0.));
#2188 = ORIENTED_EDGE('',*,*,#2189,.F.);
#2189 = EDGE_CURVE('',#709,#2182,#2190,.T.);
#2190 = LINE('',#2191,#2192);
#2191 = CARTESIAN_POINT('',(31.65,-11.4,0.));
#2192 = VECTOR('',#2193,1.);
#2193 = DIRECTION('',(-0.,-0.,-1.));
#2194 = ORIENTED_EDGE('',*,*,#708,.F.);
#2195 = PLANE('',#2196);
#2196 = AXIS2_PLACEMENT_3D('',#2197,#2198,#2199);
#2197 = CARTESIAN_POINT('',(32.7,-11.4,0.));
#2198 = DIRECTION('',(0.,1.,0.));
#2199 = DIRECTION('',(-1.,0.,0.));
#2200 = ADVANCED_FACE('',(#2201),#2219,.F.);
#2201 = FACE_BOUND('',#2202,.F.);
#2202 = EDGE_LOOP('',(#2203,#2204,#2212,#2218));
#2203 = ORIENTED_EDGE('',*,*,#2165,.T.);
#2204 = ORIENTED_EDGE('',*,*,#2205,.T.);
#2205 = EDGE_CURVE('',#2158,#2206,#2208,.T.);
#2206 = VERTEX_POINT('',#2207);
#2207 = CARTESIAN_POINT('',(-31.65,-11.4,-2.2));
#2208 = LINE('',#2209,#2210);
#2209 = CARTESIAN_POINT('',(-32.7,-11.4,-2.2));
#2210 = VECTOR('',#2211,1.);
#2211 = DIRECTION('',(1.,0.,0.));
#2212 = ORIENTED_EDGE('',*,*,#2213,.F.);
#2213 = EDGE_CURVE('',#959,#2206,#2214,.T.);
#2214 = LINE('',#2215,#2216);
#2215 = CARTESIAN_POINT('',(-31.65,-11.4,0.));
#2216 = VECTOR('',#2217,1.);
#2217 = DIRECTION('',(-0.,-0.,-1.));
#2218 = ORIENTED_EDGE('',*,*,#966,.F.);
#2219 = PLANE('',#2220);
#2220 = AXIS2_PLACEMENT_3D('',#2221,#2222,#2223);
#2221 = CARTESIAN_POINT('',(-32.7,-11.4,0.));
#2222 = DIRECTION('',(0.,-1.,0.));
#2223 = DIRECTION('',(1.,0.,0.));
#2224 = ADVANCED_FACE('',(#2225),#2243,.T.);
#2225 = FACE_BOUND('',#2226,.T.);
#2226 = EDGE_LOOP('',(#2227,#2228,#2236,#2242));
#2227 = ORIENTED_EDGE('',*,*,#2189,.T.);
#2228 = ORIENTED_EDGE('',*,*,#2229,.T.);
#2229 = EDGE_CURVE('',#2182,#2230,#2232,.T.);
#2230 = VERTEX_POINT('',#2231);
#2231 = CARTESIAN_POINT('',(31.65,-17.6,-2.2));
#2232 = LINE('',#2233,#2234);
#2233 = CARTESIAN_POINT('',(31.65,-11.4,-2.2));
#2234 = VECTOR('',#2235,1.);
#2235 = DIRECTION('',(0.,-1.,0.));
#2236 = ORIENTED_EDGE('',*,*,#2237,.F.);
#2237 = EDGE_CURVE('',#717,#2230,#2238,.T.);
#2238 = LINE('',#2239,#2240);
#2239 = CARTESIAN_POINT('',(31.65,-17.6,0.));
#2240 = VECTOR('',#2241,1.);
#2241 = DIRECTION('',(-0.,-0.,-1.));
#2242 = ORIENTED_EDGE('',*,*,#716,.F.);
#2243 = PLANE('',#2244);
#2244 = AXIS2_PLACEMENT_3D('',#2245,#2246,#2247);
#2245 = CARTESIAN_POINT('',(31.65,-11.4,0.));
#2246 = DIRECTION('',(-1.,0.,0.));
#2247 = DIRECTION('',(0.,-1.,0.));
#2248 = ADVANCED_FACE('',(#2249),#2267,.F.);
#2249 = FACE_BOUND('',#2250,.F.);
#2250 = EDGE_LOOP('',(#2251,#2252,#2260,#2266));
#2251 = ORIENTED_EDGE('',*,*,#2213,.T.);
#2252 = ORIENTED_EDGE('',*,*,#2253,.T.);
#2253 = EDGE_CURVE('',#2206,#2254,#2256,.T.);
#2254 = VERTEX_POINT('',#2255);
#2255 = CARTESIAN_POINT('',(-31.65,-17.59999999999,-2.2));
#2256 = LINE('',#2257,#2258);
#2257 = CARTESIAN_POINT('',(-31.65,-11.4,-2.2));
#2258 = VECTOR('',#2259,1.);
#2259 = DIRECTION('',(0.,-1.,0.));
#2260 = ORIENTED_EDGE('',*,*,#2261,.F.);
#2261 = EDGE_CURVE('',#951,#2254,#2262,.T.);
#2262 = LINE('',#2263,#2264);
#2263 = CARTESIAN_POINT('',(-31.65,-17.59999999999,0.));
#2264 = VECTOR('',#2265,1.);
#2265 = DIRECTION('',(-0.,-0.,-1.));
#2266 = ORIENTED_EDGE('',*,*,#958,.F.);
#2267 = PLANE('',#2268);
#2268 = AXIS2_PLACEMENT_3D('',#2269,#2270,#2271);
#2269 = CARTESIAN_POINT('',(-31.65,-11.4,0.));
#2270 = DIRECTION('',(-1.,0.,0.));
#2271 = DIRECTION('',(0.,-1.,0.));
#2272 = ADVANCED_FACE('',(#2273),#2291,.T.);
#2273 = FACE_BOUND('',#2274,.T.);
#2274 = EDGE_LOOP('',(#2275,#2276,#2284,#2290));
#2275 = ORIENTED_EDGE('',*,*,#2237,.T.);
#2276 = ORIENTED_EDGE('',*,*,#2277,.T.);
#2277 = EDGE_CURVE('',#2230,#2278,#2280,.T.);
#2278 = VERTEX_POINT('',#2279);
#2279 = CARTESIAN_POINT('',(32.700000000003,-17.6,-2.2));
#2280 = LINE('',#2281,#2282);
#2281 = CARTESIAN_POINT('',(31.65,-17.6,-2.2));
#2282 = VECTOR('',#2283,1.);
#2283 = DIRECTION('',(1.,0.,0.));
#2284 = ORIENTED_EDGE('',*,*,#2285,.F.);
#2285 = EDGE_CURVE('',#725,#2278,#2286,.T.);
#2286 = LINE('',#2287,#2288);
#2287 = CARTESIAN_POINT('',(32.700000000003,-17.6,0.));
#2288 = VECTOR('',#2289,1.);
#2289 = DIRECTION('',(-0.,-0.,-1.));
#2290 = ORIENTED_EDGE('',*,*,#724,.F.);
#2291 = PLANE('',#2292);
#2292 = AXIS2_PLACEMENT_3D('',#2293,#2294,#2295);
#2293 = CARTESIAN_POINT('',(31.65,-17.6,0.));
#2294 = DIRECTION('',(0.,-1.,0.));
#2295 = DIRECTION('',(1.,0.,0.));
#2296 = ADVANCED_FACE('',(#2297),#2315,.F.);
#2297 = FACE_BOUND('',#2298,.F.);
#2298 = EDGE_LOOP('',(#2299,#2300,#2308,#2314));
#2299 = ORIENTED_EDGE('',*,*,#2261,.T.);
#2300 = ORIENTED_EDGE('',*,*,#2301,.T.);
#2301 = EDGE_CURVE('',#2254,#2302,#2304,.T.);
#2302 = VERTEX_POINT('',#2303);
#2303 = CARTESIAN_POINT('',(-32.7,-17.59999999999,-2.2));
#2304 = LINE('',#2305,#2306);
#2305 = CARTESIAN_POINT('',(-31.65,-17.59999999999,-2.2));
#2306 = VECTOR('',#2307,1.);
#2307 = DIRECTION('',(-1.,0.,0.));
#2308 = ORIENTED_EDGE('',*,*,#2309,.F.);
#2309 = EDGE_CURVE('',#943,#2302,#2310,.T.);
#2310 = LINE('',#2311,#2312);
#2311 = CARTESIAN_POINT('',(-32.7,-17.59999999999,0.));
#2312 = VECTOR('',#2313,1.);
#2313 = DIRECTION('',(-0.,-0.,-1.));
#2314 = ORIENTED_EDGE('',*,*,#950,.F.);
#2315 = PLANE('',#2316);
#2316 = AXIS2_PLACEMENT_3D('',#2317,#2318,#2319);
#2317 = CARTESIAN_POINT('',(-31.65,-17.59999999999,0.));
#2318 = DIRECTION('',(0.,1.,0.));
#2319 = DIRECTION('',(-1.,0.,0.));
#2320 = ADVANCED_FACE('',(#2321),#2339,.T.);
#2321 = FACE_BOUND('',#2322,.T.);
#2322 = EDGE_LOOP('',(#2323,#2324,#2332,#2338));
#2323 = ORIENTED_EDGE('',*,*,#2285,.T.);
#2324 = ORIENTED_EDGE('',*,*,#2325,.T.);
#2325 = EDGE_CURVE('',#2278,#2326,#2328,.T.);
#2326 = VERTEX_POINT('',#2327);
#2327 = CARTESIAN_POINT('',(32.700000000003,-19.3,-2.2));
#2328 = LINE('',#2329,#2330);
#2329 = CARTESIAN_POINT('',(32.700000000003,-17.6,-2.2));
#2330 = VECTOR('',#2331,1.);
#2331 = DIRECTION('',(0.,-1.,0.));
#2332 = ORIENTED_EDGE('',*,*,#2333,.F.);
#2333 = EDGE_CURVE('',#733,#2326,#2334,.T.);
#2334 = LINE('',#2335,#2336);
#2335 = CARTESIAN_POINT('',(32.700000000003,-19.3,0.));
#2336 = VECTOR('',#2337,1.);
#2337 = DIRECTION('',(-0.,-0.,-1.));
#2338 = ORIENTED_EDGE('',*,*,#732,.F.);
#2339 = PLANE('',#2340);
#2340 = AXIS2_PLACEMENT_3D('',#2341,#2342,#2343);
#2341 = CARTESIAN_POINT('',(32.700000000003,-17.6,0.));
#2342 = DIRECTION('',(-1.,0.,0.));
#2343 = DIRECTION('',(0.,-1.,0.));
#2344 = ADVANCED_FACE('',(#2345),#2363,.F.);
#2345 = FACE_BOUND('',#2346,.F.);
#2346 = EDGE_LOOP('',(#2347,#2348,#2356,#2362));
#2347 = ORIENTED_EDGE('',*,*,#2309,.T.);
#2348 = ORIENTED_EDGE('',*,*,#2349,.T.);
#2349 = EDGE_CURVE('',#2302,#2350,#2352,.T.);
#2350 = VERTEX_POINT('',#2351);
#2351 = CARTESIAN_POINT('',(-32.7,-19.29999999999,-2.2));
#2352 = LINE('',#2353,#2354);
#2353 = CARTESIAN_POINT('',(-32.7,-17.59999999999,-2.2));
#2354 = VECTOR('',#2355,1.);
#2355 = DIRECTION('',(0.,-1.,0.));
#2356 = ORIENTED_EDGE('',*,*,#2357,.F.);
#2357 = EDGE_CURVE('',#935,#2350,#2358,.T.);
#2358 = LINE('',#2359,#2360);
#2359 = CARTESIAN_POINT('',(-32.7,-19.29999999999,0.));
#2360 = VECTOR('',#2361,1.);
#2361 = DIRECTION('',(-0.,-0.,-1.));
#2362 = ORIENTED_EDGE('',*,*,#942,.F.);
#2363 = PLANE('',#2364);
#2364 = AXIS2_PLACEMENT_3D('',#2365,#2366,#2367);
#2365 = CARTESIAN_POINT('',(-32.7,-17.59999999999,0.));
#2366 = DIRECTION('',(-1.,0.,0.));
#2367 = DIRECTION('',(0.,-1.,0.));
#2368 = ADVANCED_FACE('',(#2369),#2387,.T.);
#2369 = FACE_BOUND('',#2370,.T.);
#2370 = EDGE_LOOP('',(#2371,#2372,#2380,#2386));
#2371 = ORIENTED_EDGE('',*,*,#2333,.T.);
#2372 = ORIENTED_EDGE('',*,*,#2373,.T.);
#2373 = EDGE_CURVE('',#2326,#2374,#2376,.T.);
#2374 = VERTEX_POINT('',#2375);
#2375 = CARTESIAN_POINT('',(31.650000000003,-19.3,-2.2));
#2376 = LINE('',#2377,#2378);
#2377 = CARTESIAN_POINT('',(32.700000000003,-19.3,-2.2));
#2378 = VECTOR('',#2379,1.);
#2379 = DIRECTION('',(-1.,0.,0.));
#2380 = ORIENTED_EDGE('',*,*,#2381,.F.);
#2381 = EDGE_CURVE('',#741,#2374,#2382,.T.);
#2382 = LINE('',#2383,#2384);
#2383 = CARTESIAN_POINT('',(31.650000000003,-19.3,0.));
#2384 = VECTOR('',#2385,1.);
#2385 = DIRECTION('',(-0.,-0.,-1.));
#2386 = ORIENTED_EDGE('',*,*,#740,.F.);
#2387 = PLANE('',#2388);
#2388 = AXIS2_PLACEMENT_3D('',#2389,#2390,#2391);
#2389 = CARTESIAN_POINT('',(32.700000000003,-19.3,0.));
#2390 = DIRECTION('',(0.,1.,0.));
#2391 = DIRECTION('',(-1.,0.,0.));
#2392 = ADVANCED_FACE('',(#2393),#2411,.F.);
#2393 = FACE_BOUND('',#2394,.F.);
#2394 = EDGE_LOOP('',(#2395,#2396,#2404,#2410));
#2395 = ORIENTED_EDGE('',*,*,#2357,.T.);
#2396 = ORIENTED_EDGE('',*,*,#2397,.T.);
#2397 = EDGE_CURVE('',#2350,#2398,#2400,.T.);
#2398 = VERTEX_POINT('',#2399);
#2399 = CARTESIAN_POINT('',(-31.64999999998,-19.29999999999,-2.2));
#2400 = LINE('',#2401,#2402);
#2401 = CARTESIAN_POINT('',(-32.7,-19.29999999999,-2.2));
#2402 = VECTOR('',#2403,1.);
#2403 = DIRECTION('',(1.,0.,0.));
#2404 = ORIENTED_EDGE('',*,*,#2405,.F.);
#2405 = EDGE_CURVE('',#927,#2398,#2406,.T.);
#2406 = LINE('',#2407,#2408);
#2407 = CARTESIAN_POINT('',(-31.64999999998,-19.29999999999,0.));
#2408 = VECTOR('',#2409,1.);
#2409 = DIRECTION('',(-0.,-0.,-1.));
#2410 = ORIENTED_EDGE('',*,*,#934,.F.);
#2411 = PLANE('',#2412);
#2412 = AXIS2_PLACEMENT_3D('',#2413,#2414,#2415);
#2413 = CARTESIAN_POINT('',(-32.7,-19.29999999999,0.));
#2414 = DIRECTION('',(0.,-1.,0.));
#2415 = DIRECTION('',(1.,0.,0.));
#2416 = ADVANCED_FACE('',(#2417),#2435,.T.);
#2417 = FACE_BOUND('',#2418,.T.);
#2418 = EDGE_LOOP('',(#2419,#2420,#2428,#2434));
#2419 = ORIENTED_EDGE('',*,*,#2381,.T.);
#2420 = ORIENTED_EDGE('',*,*,#2421,.T.);
#2421 = EDGE_CURVE('',#2374,#2422,#2424,.T.);
#2422 = VERTEX_POINT('',#2423);
#2423 = CARTESIAN_POINT('',(31.650000000003,-25.5,-2.2));
#2424 = LINE('',#2425,#2426);
#2425 = CARTESIAN_POINT('',(31.650000000003,-19.3,-2.2));
#2426 = VECTOR('',#2427,1.);
#2427 = DIRECTION('',(0.,-1.,0.));
#2428 = ORIENTED_EDGE('',*,*,#2429,.F.);
#2429 = EDGE_CURVE('',#749,#2422,#2430,.T.);
#2430 = LINE('',#2431,#2432);
#2431 = CARTESIAN_POINT('',(31.650000000003,-25.5,0.));
#2432 = VECTOR('',#2433,1.);
#2433 = DIRECTION('',(-0.,-0.,-1.));
#2434 = ORIENTED_EDGE('',*,*,#748,.F.);
#2435 = PLANE('',#2436);
#2436 = AXIS2_PLACEMENT_3D('',#2437,#2438,#2439);
#2437 = CARTESIAN_POINT('',(31.650000000003,-19.3,0.));
#2438 = DIRECTION('',(-1.,0.,0.));
#2439 = DIRECTION('',(0.,-1.,0.));
#2440 = ADVANCED_FACE('',(#2441),#2459,.F.);
#2441 = FACE_BOUND('',#2442,.F.);
#2442 = EDGE_LOOP('',(#2443,#2444,#2452,#2458));
#2443 = ORIENTED_EDGE('',*,*,#2405,.T.);
#2444 = ORIENTED_EDGE('',*,*,#2445,.T.);
#2445 = EDGE_CURVE('',#2398,#2446,#2448,.T.);
#2446 = VERTEX_POINT('',#2447);
#2447 = CARTESIAN_POINT('',(-31.64999999998,-25.49999999999,-2.2));
#2448 = LINE('',#2449,#2450);
#2449 = CARTESIAN_POINT('',(-31.64999999998,-19.29999999999,-2.2));
#2450 = VECTOR('',#2451,1.);
#2451 = DIRECTION('',(0.,-1.,0.));
#2452 = ORIENTED_EDGE('',*,*,#2453,.F.);
#2453 = EDGE_CURVE('',#919,#2446,#2454,.T.);
#2454 = LINE('',#2455,#2456);
#2455 = CARTESIAN_POINT('',(-31.64999999998,-25.49999999999,0.));
#2456 = VECTOR('',#2457,1.);
#2457 = DIRECTION('',(-0.,-0.,-1.));
#2458 = ORIENTED_EDGE('',*,*,#926,.F.);
#2459 = PLANE('',#2460);
#2460 = AXIS2_PLACEMENT_3D('',#2461,#2462,#2463);
#2461 = CARTESIAN_POINT('',(-31.64999999998,-19.29999999999,0.));
#2462 = DIRECTION('',(-1.,0.,0.));
#2463 = DIRECTION('',(0.,-1.,0.));
#2464 = ADVANCED_FACE('',(#2465),#2483,.T.);
#2465 = FACE_BOUND('',#2466,.T.);
#2466 = EDGE_LOOP('',(#2467,#2468,#2476,#2482));
#2467 = ORIENTED_EDGE('',*,*,#2429,.T.);
#2468 = ORIENTED_EDGE('',*,*,#2469,.T.);
#2469 = EDGE_CURVE('',#2422,#2470,#2472,.T.);
#2470 = VERTEX_POINT('',#2471);
#2471 = CARTESIAN_POINT('',(32.700000000024,-25.5,-2.2));
#2472 = LINE('',#2473,#2474);
#2473 = CARTESIAN_POINT('',(31.650000000003,-25.5,-2.2));
#2474 = VECTOR('',#2475,1.);
#2475 = DIRECTION('',(1.,0.,0.));
#2476 = ORIENTED_EDGE('',*,*,#2477,.F.);
#2477 = EDGE_CURVE('',#757,#2470,#2478,.T.);
#2478 = LINE('',#2479,#2480);
#2479 = CARTESIAN_POINT('',(32.700000000024,-25.5,0.));
#2480 = VECTOR('',#2481,1.);
#2481 = DIRECTION('',(-0.,-0.,-1.));
#2482 = ORIENTED_EDGE('',*,*,#756,.F.);
#2483 = PLANE('',#2484);
#2484 = AXIS2_PLACEMENT_3D('',#2485,#2486,#2487);
#2485 = CARTESIAN_POINT('',(31.650000000003,-25.5,0.));
#2486 = DIRECTION('',(0.,-1.,0.));
#2487 = DIRECTION('',(1.,0.,0.));
#2488 = ADVANCED_FACE('',(#2489),#2507,.F.);
#2489 = FACE_BOUND('',#2490,.F.);
#2490 = EDGE_LOOP('',(#2491,#2492,#2500,#2506));
#2491 = ORIENTED_EDGE('',*,*,#2453,.T.);
#2492 = ORIENTED_EDGE('',*,*,#2493,.T.);
#2493 = EDGE_CURVE('',#2446,#2494,#2496,.T.);
#2494 = VERTEX_POINT('',#2495);
#2495 = CARTESIAN_POINT('',(-32.7,-25.49999999999,-2.2));
#2496 = LINE('',#2497,#2498);
#2497 = CARTESIAN_POINT('',(-31.64999999998,-25.49999999999,-2.2));
#2498 = VECTOR('',#2499,1.);
#2499 = DIRECTION('',(-1.,0.,0.));
#2500 = ORIENTED_EDGE('',*,*,#2501,.F.);
#2501 = EDGE_CURVE('',#911,#2494,#2502,.T.);
#2502 = LINE('',#2503,#2504);
#2503 = CARTESIAN_POINT('',(-32.7,-25.49999999999,0.));
#2504 = VECTOR('',#2505,1.);
#2505 = DIRECTION('',(-0.,-0.,-1.));
#2506 = ORIENTED_EDGE('',*,*,#918,.F.);
#2507 = PLANE('',#2508);
#2508 = AXIS2_PLACEMENT_3D('',#2509,#2510,#2511);
#2509 = CARTESIAN_POINT('',(-31.64999999998,-25.49999999999,0.));
#2510 = DIRECTION('',(0.,1.,0.));
#2511 = DIRECTION('',(-1.,0.,0.));
#2512 = ADVANCED_FACE('',(#2513),#2531,.T.);
#2513 = FACE_BOUND('',#2514,.T.);
#2514 = EDGE_LOOP('',(#2515,#2516,#2524,#2530));
#2515 = ORIENTED_EDGE('',*,*,#2477,.T.);
#2516 = ORIENTED_EDGE('',*,*,#2517,.T.);
#2517 = EDGE_CURVE('',#2470,#2518,#2520,.T.);
#2518 = VERTEX_POINT('',#2519);
#2519 = CARTESIAN_POINT('',(32.700000000024,-27.20000000003,-2.2));
#2520 = LINE('',#2521,#2522);
#2521 = CARTESIAN_POINT('',(32.700000000024,-25.5,-2.2));
#2522 = VECTOR('',#2523,1.);
#2523 = DIRECTION('',(0.,-1.,0.));
#2524 = ORIENTED_EDGE('',*,*,#2525,.F.);
#2525 = EDGE_CURVE('',#765,#2518,#2526,.T.);
#2526 = LINE('',#2527,#2528);
#2527 = CARTESIAN_POINT('',(32.700000000024,-27.20000000003,0.));
#2528 = VECTOR('',#2529,1.);
#2529 = DIRECTION('',(-0.,-0.,-1.));
#2530 = ORIENTED_EDGE('',*,*,#764,.F.);
#2531 = PLANE('',#2532);
#2532 = AXIS2_PLACEMENT_3D('',#2533,#2534,#2535);
#2533 = CARTESIAN_POINT('',(32.700000000024,-25.5,0.));
#2534 = DIRECTION('',(-1.,0.,0.));
#2535 = DIRECTION('',(0.,-1.,0.));
#2536 = ADVANCED_FACE('',(#2537),#2555,.F.);
#2537 = FACE_BOUND('',#2538,.F.);
#2538 = EDGE_LOOP('',(#2539,#2540,#2548,#2554));
#2539 = ORIENTED_EDGE('',*,*,#2501,.T.);
#2540 = ORIENTED_EDGE('',*,*,#2541,.T.);
#2541 = EDGE_CURVE('',#2494,#2542,#2544,.T.);
#2542 = VERTEX_POINT('',#2543);
#2543 = CARTESIAN_POINT('',(-32.7,-27.19999999995,-2.2));
#2544 = LINE('',#2545,#2546);
#2545 = CARTESIAN_POINT('',(-32.7,-25.49999999999,-2.2));
#2546 = VECTOR('',#2547,1.);
#2547 = DIRECTION('',(0.,-1.,0.));
#2548 = ORIENTED_EDGE('',*,*,#2549,.F.);
#2549 = EDGE_CURVE('',#903,#2542,#2550,.T.);
#2550 = LINE('',#2551,#2552);
#2551 = CARTESIAN_POINT('',(-32.7,-27.19999999995,0.));
#2552 = VECTOR('',#2553,1.);
#2553 = DIRECTION('',(-0.,-0.,-1.));
#2554 = ORIENTED_EDGE('',*,*,#910,.F.);
#2555 = PLANE('',#2556);
#2556 = AXIS2_PLACEMENT_3D('',#2557,#2558,#2559);
#2557 = CARTESIAN_POINT('',(-32.7,-25.49999999999,0.));
#2558 = DIRECTION('',(-1.,0.,0.));
#2559 = DIRECTION('',(0.,-1.,0.));
#2560 = ADVANCED_FACE('',(#2561),#2579,.T.);
#2561 = FACE_BOUND('',#2562,.T.);
#2562 = EDGE_LOOP('',(#2563,#2564,#2572,#2578));
#2563 = ORIENTED_EDGE('',*,*,#2525,.T.);
#2564 = ORIENTED_EDGE('',*,*,#2565,.T.);
#2565 = EDGE_CURVE('',#2518,#2566,#2568,.T.);
#2566 = VERTEX_POINT('',#2567);
#2567 = CARTESIAN_POINT('',(31.650000000024,-27.20000000003,-2.2));
#2568 = LINE('',#2569,#2570);
#2569 = CARTESIAN_POINT('',(32.700000000024,-27.20000000003,-2.2));
#2570 = VECTOR('',#2571,1.);
#2571 = DIRECTION('',(-1.,0.,0.));
#2572 = ORIENTED_EDGE('',*,*,#2573,.F.);
#2573 = EDGE_CURVE('',#773,#2566,#2574,.T.);
#2574 = LINE('',#2575,#2576);
#2575 = CARTESIAN_POINT('',(31.650000000024,-27.20000000003,0.));
#2576 = VECTOR('',#2577,1.);
#2577 = DIRECTION('',(-0.,-0.,-1.));
#2578 = ORIENTED_EDGE('',*,*,#772,.F.);
#2579 = PLANE('',#2580);
#2580 = AXIS2_PLACEMENT_3D('',#2581,#2582,#2583);
#2581 = CARTESIAN_POINT('',(32.700000000024,-27.20000000003,0.));
#2582 = DIRECTION('',(0.,1.,0.));
#2583 = DIRECTION('',(-1.,0.,0.));
#2584 = ADVANCED_FACE('',(#2585),#2603,.F.);
#2585 = FACE_BOUND('',#2586,.F.);
#2586 = EDGE_LOOP('',(#2587,#2588,#2596,#2602));
#2587 = ORIENTED_EDGE('',*,*,#2549,.T.);
#2588 = ORIENTED_EDGE('',*,*,#2589,.T.);
#2589 = EDGE_CURVE('',#2542,#2590,#2592,.T.);
#2590 = VERTEX_POINT('',#2591);
#2591 = CARTESIAN_POINT('',(-31.65,-27.19999999995,-2.2));
#2592 = LINE('',#2593,#2594);
#2593 = CARTESIAN_POINT('',(-32.7,-27.19999999995,-2.2));
#2594 = VECTOR('',#2595,1.);
#2595 = DIRECTION('',(1.,0.,0.));
#2596 = ORIENTED_EDGE('',*,*,#2597,.F.);
#2597 = EDGE_CURVE('',#895,#2590,#2598,.T.);
#2598 = LINE('',#2599,#2600);
#2599 = CARTESIAN_POINT('',(-31.65,-27.19999999995,0.));
#2600 = VECTOR('',#2601,1.);
#2601 = DIRECTION('',(-0.,-0.,-1.));
#2602 = ORIENTED_EDGE('',*,*,#902,.F.);
#2603 = PLANE('',#2604);
#2604 = AXIS2_PLACEMENT_3D('',#2605,#2606,#2607);
#2605 = CARTESIAN_POINT('',(-32.7,-27.19999999995,0.));
#2606 = DIRECTION('',(0.,-1.,0.));
#2607 = DIRECTION('',(1.,0.,0.));
#2608 = ADVANCED_FACE('',(#2609),#2627,.T.);
#2609 = FACE_BOUND('',#2610,.T.);
#2610 = EDGE_LOOP('',(#2611,#2612,#2620,#2626));
#2611 = ORIENTED_EDGE('',*,*,#2573,.T.);
#2612 = ORIENTED_EDGE('',*,*,#2613,.T.);
#2613 = EDGE_CURVE('',#2566,#2614,#2616,.T.);
#2614 = VERTEX_POINT('',#2615);
#2615 = CARTESIAN_POINT('',(31.650000000024,-33.40000000003,-2.2));
#2616 = LINE('',#2617,#2618);
#2617 = CARTESIAN_POINT('',(31.650000000024,-27.20000000003,-2.2));
#2618 = VECTOR('',#2619,1.);
#2619 = DIRECTION('',(0.,-1.,0.));
#2620 = ORIENTED_EDGE('',*,*,#2621,.F.);
#2621 = EDGE_CURVE('',#781,#2614,#2622,.T.);
#2622 = LINE('',#2623,#2624);
#2623 = CARTESIAN_POINT('',(31.650000000024,-33.40000000003,0.));
#2624 = VECTOR('',#2625,1.);
#2625 = DIRECTION('',(-0.,-0.,-1.));
#2626 = ORIENTED_EDGE('',*,*,#780,.F.);
#2627 = PLANE('',#2628);
#2628 = AXIS2_PLACEMENT_3D('',#2629,#2630,#2631);
#2629 = CARTESIAN_POINT('',(31.650000000024,-27.20000000003,0.));
#2630 = DIRECTION('',(-1.,0.,0.));
#2631 = DIRECTION('',(0.,-1.,0.));
#2632 = ADVANCED_FACE('',(#2633),#2651,.F.);
#2633 = FACE_BOUND('',#2634,.F.);
#2634 = EDGE_LOOP('',(#2635,#2636,#2644,#2650));
#2635 = ORIENTED_EDGE('',*,*,#2597,.T.);
#2636 = ORIENTED_EDGE('',*,*,#2637,.T.);
#2637 = EDGE_CURVE('',#2590,#2638,#2640,.T.);
#2638 = VERTEX_POINT('',#2639);
#2639 = CARTESIAN_POINT('',(-31.65,-33.39999999994,-2.2));
#2640 = LINE('',#2641,#2642);
#2641 = CARTESIAN_POINT('',(-31.65,-27.19999999995,-2.2));
#2642 = VECTOR('',#2643,1.);
#2643 = DIRECTION('',(0.,-1.,0.));
#2644 = ORIENTED_EDGE('',*,*,#2645,.F.);
#2645 = EDGE_CURVE('',#887,#2638,#2646,.T.);
#2646 = LINE('',#2647,#2648);
#2647 = CARTESIAN_POINT('',(-31.65,-33.39999999994,0.));
#2648 = VECTOR('',#2649,1.);
#2649 = DIRECTION('',(-0.,-0.,-1.));
#2650 = ORIENTED_EDGE('',*,*,#894,.F.);
#2651 = PLANE('',#2652);
#2652 = AXIS2_PLACEMENT_3D('',#2653,#2654,#2655);
#2653 = CARTESIAN_POINT('',(-31.65,-27.19999999995,0.));
#2654 = DIRECTION('',(-1.,0.,0.));
#2655 = DIRECTION('',(0.,-1.,0.));
#2656 = ADVANCED_FACE('',(#2657),#2675,.T.);
#2657 = FACE_BOUND('',#2658,.T.);
#2658 = EDGE_LOOP('',(#2659,#2660,#2668,#2674));
#2659 = ORIENTED_EDGE('',*,*,#2621,.T.);
#2660 = ORIENTED_EDGE('',*,*,#2661,.T.);
#2661 = EDGE_CURVE('',#2614,#2662,#2664,.T.);
#2662 = VERTEX_POINT('',#2663);
#2663 = CARTESIAN_POINT('',(32.700000000023,-33.40000000003,-2.2));
#2664 = LINE('',#2665,#2666);
#2665 = CARTESIAN_POINT('',(31.650000000024,-33.40000000003,-2.2));
#2666 = VECTOR('',#2667,1.);
#2667 = DIRECTION('',(1.,0.,0.));
#2668 = ORIENTED_EDGE('',*,*,#2669,.F.);
#2669 = EDGE_CURVE('',#789,#2662,#2670,.T.);
#2670 = LINE('',#2671,#2672);
#2671 = CARTESIAN_POINT('',(32.700000000023,-33.40000000003,0.));
#2672 = VECTOR('',#2673,1.);
#2673 = DIRECTION('',(-0.,-0.,-1.));
#2674 = ORIENTED_EDGE('',*,*,#788,.F.);
#2675 = PLANE('',#2676);
#2676 = AXIS2_PLACEMENT_3D('',#2677,#2678,#2679);
#2677 = CARTESIAN_POINT('',(31.650000000024,-33.40000000003,0.));
#2678 = DIRECTION('',(0.,-1.,0.));
#2679 = DIRECTION('',(1.,0.,0.));
#2680 = ADVANCED_FACE('',(#2681),#2699,.F.);
#2681 = FACE_BOUND('',#2682,.F.);
#2682 = EDGE_LOOP('',(#2683,#2684,#2692,#2698));
#2683 = ORIENTED_EDGE('',*,*,#2645,.T.);
#2684 = ORIENTED_EDGE('',*,*,#2685,.T.);
#2685 = EDGE_CURVE('',#2638,#2686,#2688,.T.);
#2686 = VERTEX_POINT('',#2687);
#2687 = CARTESIAN_POINT('',(-32.7,-33.39999999994,-2.2));
#2688 = LINE('',#2689,#2690);
#2689 = CARTESIAN_POINT('',(-31.65,-33.39999999994,-2.2));
#2690 = VECTOR('',#2691,1.);
#2691 = DIRECTION('',(-1.,0.,0.));
#2692 = ORIENTED_EDGE('',*,*,#2693,.F.);
#2693 = EDGE_CURVE('',#879,#2686,#2694,.T.);
#2694 = LINE('',#2695,#2696);
#2695 = CARTESIAN_POINT('',(-32.7,-33.39999999994,0.));
#2696 = VECTOR('',#2697,1.);
#2697 = DIRECTION('',(-0.,-0.,-1.));
#2698 = ORIENTED_EDGE('',*,*,#886,.F.);
#2699 = PLANE('',#2700);
#2700 = AXIS2_PLACEMENT_3D('',#2701,#2702,#2703);
#2701 = CARTESIAN_POINT('',(-31.65,-33.39999999994,0.));
#2702 = DIRECTION('',(0.,1.,0.));
#2703 = DIRECTION('',(-1.,0.,0.));
#2704 = ADVANCED_FACE('',(#2705),#2723,.T.);
#2705 = FACE_BOUND('',#2706,.T.);
#2706 = EDGE_LOOP('',(#2707,#2708,#2716,#2722));
#2707 = ORIENTED_EDGE('',*,*,#2669,.T.);
#2708 = ORIENTED_EDGE('',*,*,#2709,.T.);
#2709 = EDGE_CURVE('',#2662,#2710,#2712,.T.);
#2710 = VERTEX_POINT('',#2711);
#2711 = CARTESIAN_POINT('',(32.700000000023,-35.10000000003,-2.2));
#2712 = LINE('',#2713,#2714);
#2713 = CARTESIAN_POINT('',(32.700000000023,-33.40000000003,-2.2));
#2714 = VECTOR('',#2715,1.);
#2715 = DIRECTION('',(0.,-1.,0.));
#2716 = ORIENTED_EDGE('',*,*,#2717,.F.);
#2717 = EDGE_CURVE('',#797,#2710,#2718,.T.);
#2718 = LINE('',#2719,#2720);
#2719 = CARTESIAN_POINT('',(32.700000000023,-35.10000000003,0.));
#2720 = VECTOR('',#2721,1.);
#2721 = DIRECTION('',(-0.,-0.,-1.));
#2722 = ORIENTED_EDGE('',*,*,#796,.F.);
#2723 = PLANE('',#2724);
#2724 = AXIS2_PLACEMENT_3D('',#2725,#2726,#2727);
#2725 = CARTESIAN_POINT('',(32.700000000023,-33.40000000003,0.));
#2726 = DIRECTION('',(-1.,0.,0.));
#2727 = DIRECTION('',(0.,-1.,0.));
#2728 = ADVANCED_FACE('',(#2729),#2747,.F.);
#2729 = FACE_BOUND('',#2730,.F.);
#2730 = EDGE_LOOP('',(#2731,#2732,#2740,#2746));
#2731 = ORIENTED_EDGE('',*,*,#2693,.T.);
#2732 = ORIENTED_EDGE('',*,*,#2733,.T.);
#2733 = EDGE_CURVE('',#2686,#2734,#2736,.T.);
#2734 = VERTEX_POINT('',#2735);
#2735 = CARTESIAN_POINT('',(-32.7,-35.09999999986,-2.2));
#2736 = LINE('',#2737,#2738);
#2737 = CARTESIAN_POINT('',(-32.7,-33.39999999994,-2.2));
#2738 = VECTOR('',#2739,1.);
#2739 = DIRECTION('',(0.,-1.,0.));
#2740 = ORIENTED_EDGE('',*,*,#2741,.F.);
#2741 = EDGE_CURVE('',#871,#2734,#2742,.T.);
#2742 = LINE('',#2743,#2744);
#2743 = CARTESIAN_POINT('',(-32.7,-35.09999999986,0.));
#2744 = VECTOR('',#2745,1.);
#2745 = DIRECTION('',(-0.,-0.,-1.));
#2746 = ORIENTED_EDGE('',*,*,#878,.F.);
#2747 = PLANE('',#2748);
#2748 = AXIS2_PLACEMENT_3D('',#2749,#2750,#2751);
#2749 = CARTESIAN_POINT('',(-32.7,-33.39999999994,0.));
#2750 = DIRECTION('',(-1.,0.,0.));
#2751 = DIRECTION('',(0.,-1.,0.));
#2752 = ADVANCED_FACE('',(#2753),#2787,.F.);
#2753 = FACE_BOUND('',#2754,.F.);
#2754 = EDGE_LOOP('',(#2755,#2756,#2764,#2772,#2780,#2786));
#2755 = ORIENTED_EDGE('',*,*,#804,.T.);
#2756 = ORIENTED_EDGE('',*,*,#2757,.T.);
#2757 = EDGE_CURVE('',#805,#2758,#2760,.T.);
#2758 = VERTEX_POINT('',#2759);
#2759 = CARTESIAN_POINT('',(25.750000000002,-35.10000000003,-0.6));
#2760 = LINE('',#2761,#2762);
#2761 = CARTESIAN_POINT('',(25.750000000002,-35.10000000003,0.));
#2762 = VECTOR('',#2763,1.);
#2763 = DIRECTION('',(-0.,-0.,-1.));
#2764 = ORIENTED_EDGE('',*,*,#2765,.F.);
#2765 = EDGE_CURVE('',#2766,#2758,#2768,.T.);
#2766 = VERTEX_POINT('',#2767);
#2767 = CARTESIAN_POINT('',(30.1,-35.10000000003,-0.6));
#2768 = LINE('',#2769,#2770);
#2769 = CARTESIAN_POINT('',(14.510650612187,-35.10000000003,-0.6));
#2770 = VECTOR('',#2771,1.);
#2771 = DIRECTION('',(-1.,0.,0.));
#2772 = ORIENTED_EDGE('',*,*,#2773,.T.);
#2773 = EDGE_CURVE('',#2766,#2774,#2776,.T.);
#2774 = VERTEX_POINT('',#2775);
#2775 = CARTESIAN_POINT('',(30.1,-35.10000000003,-2.2));
#2776 = LINE('',#2777,#2778);
#2777 = CARTESIAN_POINT('',(30.1,-35.10000000003,-1.65));
#2778 = VECTOR('',#2779,1.);
#2779 = DIRECTION('',(0.,0.,-1.));
#2780 = ORIENTED_EDGE('',*,*,#2781,.F.);
#2781 = EDGE_CURVE('',#2710,#2774,#2782,.T.);
#2782 = LINE('',#2783,#2784);
#2783 = CARTESIAN_POINT('',(32.700000000023,-35.10000000003,-2.2));
#2784 = VECTOR('',#2785,1.);
#2785 = DIRECTION('',(-1.,0.,0.));
#2786 = ORIENTED_EDGE('',*,*,#2717,.F.);
#2787 = PLANE('',#2788);
#2788 = AXIS2_PLACEMENT_3D('',#2789,#2790,#2791);
#2789 = CARTESIAN_POINT('',(29.225000000013,-35.10000000003,-1.1));
#2790 = DIRECTION('',(-0.,-1.,-0.));
#2791 = DIRECTION('',(0.,0.,-1.));
#2792 = ADVANCED_FACE('',(#2793),#2827,.F.);
#2793 = FACE_BOUND('',#2794,.F.);
#2794 = EDGE_LOOP('',(#2795,#2796,#2797,#2805,#2813,#2821));
#2795 = ORIENTED_EDGE('',*,*,#870,.F.);
#2796 = ORIENTED_EDGE('',*,*,#2741,.T.);
#2797 = ORIENTED_EDGE('',*,*,#2798,.T.);
#2798 = EDGE_CURVE('',#2734,#2799,#2801,.T.);
#2799 = VERTEX_POINT('',#2800);
#2800 = CARTESIAN_POINT('',(-30.59130487601,-35.09999999986,-2.2));
#2801 = LINE('',#2802,#2803);
#2802 = CARTESIAN_POINT('',(-31.65000000002,-35.09999999986,-2.2));
#2803 = VECTOR('',#2804,1.);
#2804 = DIRECTION('',(1.,0.,0.));
#2805 = ORIENTED_EDGE('',*,*,#2806,.F.);
#2806 = EDGE_CURVE('',#2807,#2799,#2809,.T.);
#2807 = VERTEX_POINT('',#2808);
#2808 = CARTESIAN_POINT('',(-30.59130487601,-35.09999999986,-0.6));
#2809 = LINE('',#2810,#2811);
#2810 = CARTESIAN_POINT('',(-30.59130487601,-35.09999999986,-1.65));
#2811 = VECTOR('',#2812,1.);
#2812 = DIRECTION('',(0.,0.,-1.));
#2813 = ORIENTED_EDGE('',*,*,#2814,.F.);
#2814 = EDGE_CURVE('',#2815,#2807,#2817,.T.);
#2815 = VERTEX_POINT('',#2816);
#2816 = CARTESIAN_POINT('',(-25.75000000002,-35.09999999986,-0.6));
#2817 = LINE('',#2818,#2819);
#2818 = CARTESIAN_POINT('',(-14.71434938782,-35.09999999986,-0.6));
#2819 = VECTOR('',#2820,1.);
#2820 = DIRECTION('',(-1.,3.1E-16,0.));
#2821 = ORIENTED_EDGE('',*,*,#2822,.F.);
#2822 = EDGE_CURVE('',#862,#2815,#2823,.T.);
#2823 = LINE('',#2824,#2825);
#2824 = CARTESIAN_POINT('',(-25.75000000002,-35.09999999986,0.));
#2825 = VECTOR('',#2826,1.);
#2826 = DIRECTION('',(-0.,-0.,-1.));
#2827 = PLANE('',#2828);
#2828 = AXIS2_PLACEMENT_3D('',#2829,#2830,#2831);
#2829 = CARTESIAN_POINT('',(-29.22500000001,-35.09999999986,-1.1));
#2830 = DIRECTION('',(-3.1E-16,-1.,-0.));
#2831 = DIRECTION('',(-1.,3.1E-16,0.));
#2832 = ADVANCED_FACE('',(#2833),#2852,.F.);
#2833 = FACE_BOUND('',#2834,.F.);
#2834 = EDGE_LOOP('',(#2835,#2836,#2844,#2851));
#2835 = ORIENTED_EDGE('',*,*,#812,.F.);
#2836 = ORIENTED_EDGE('',*,*,#2837,.T.);
#2837 = EDGE_CURVE('',#813,#2838,#2840,.T.);
#2838 = VERTEX_POINT('',#2839);
#2839 = CARTESIAN_POINT('',(21.013298775153,-40.52595798465,-0.6));
#2840 = LINE('',#2841,#2842);
#2841 = CARTESIAN_POINT('',(21.013298775153,-40.52595798465,0.));
#2842 = VECTOR('',#2843,1.);
#2843 = DIRECTION('',(-0.,-0.,-1.));
#2844 = ORIENTED_EDGE('',*,*,#2845,.T.);
#2845 = EDGE_CURVE('',#2838,#2758,#2846,.T.);
#2846 = CIRCLE('',#2847,5.05);
#2847 = AXIS2_PLACEMENT_3D('',#2848,#2849,#2850);
#2848 = CARTESIAN_POINT('',(20.714681433023,-35.4847946583,-0.6));
#2849 = DIRECTION('',(0.,0.,1.));
#2850 = DIRECTION('',(1.,0.,0.));
#2851 = ORIENTED_EDGE('',*,*,#2757,.F.);
#2852 = CYLINDRICAL_SURFACE('',#2853,5.05);
#2853 = AXIS2_PLACEMENT_3D('',#2854,#2855,#2856);
#2854 = CARTESIAN_POINT('',(20.714681433023,-35.4847946583,0.));
#2855 = DIRECTION('',(0.,0.,1.));
#2856 = DIRECTION('',(1.,0.,0.));
#2857 = ADVANCED_FACE('',(#2858),#2877,.F.);
#2858 = FACE_BOUND('',#2859,.F.);
#2859 = EDGE_LOOP('',(#2860,#2861,#2862,#2871));
#2860 = ORIENTED_EDGE('',*,*,#861,.F.);
#2861 = ORIENTED_EDGE('',*,*,#2822,.T.);
#2862 = ORIENTED_EDGE('',*,*,#2863,.T.);
#2863 = EDGE_CURVE('',#2815,#2864,#2866,.T.);
#2864 = VERTEX_POINT('',#2865);
#2865 = CARTESIAN_POINT('',(-21.01329877517,-40.52595798449,-0.6));
#2866 = CIRCLE('',#2867,5.05);
#2867 = AXIS2_PLACEMENT_3D('',#2868,#2869,#2870);
#2868 = CARTESIAN_POINT('',(-20.71468143304,-35.48479465813,-0.6));
#2869 = DIRECTION('',(0.,0.,1.));
#2870 = DIRECTION('',(1.,0.,0.));
#2871 = ORIENTED_EDGE('',*,*,#2872,.F.);
#2872 = EDGE_CURVE('',#854,#2864,#2873,.T.);
#2873 = LINE('',#2874,#2875);
#2874 = CARTESIAN_POINT('',(-21.01329877517,-40.52595798449,0.));
#2875 = VECTOR('',#2876,1.);
#2876 = DIRECTION('',(-0.,-0.,-1.));
#2877 = CYLINDRICAL_SURFACE('',#2878,5.05);
#2878 = AXIS2_PLACEMENT_3D('',#2879,#2880,#2881);
#2879 = CARTESIAN_POINT('',(-20.71468143304,-35.48479465813,0.));
#2880 = DIRECTION('',(0.,0.,1.));
#2881 = DIRECTION('',(1.,0.,0.));
#2882 = ADVANCED_FACE('',(#2883),#2901,.T.);
#2883 = FACE_BOUND('',#2884,.T.);
#2884 = EDGE_LOOP('',(#2885,#2886,#2887,#2895));
#2885 = ORIENTED_EDGE('',*,*,#821,.F.);
#2886 = ORIENTED_EDGE('',*,*,#2837,.T.);
#2887 = ORIENTED_EDGE('',*,*,#2888,.F.);
#2888 = EDGE_CURVE('',#2889,#2838,#2891,.T.);
#2889 = VERTEX_POINT('',#2890);
#2890 = CARTESIAN_POINT('',(11.338589477194,-41.22595798465,-0.6));
#2891 = LINE('',#2892,#2893);
#2892 = CARTESIAN_POINT('',(10.405111869424,-41.29349844559,-0.6));
#2893 = VECTOR('',#2894,1.);
#2894 = DIRECTION('',(0.99739271113,7.216494845361E-02,0.));
#2895 = ORIENTED_EDGE('',*,*,#2896,.F.);
#2896 = EDGE_CURVE('',#822,#2889,#2897,.T.);
#2897 = LINE('',#2898,#2899);
#2898 = CARTESIAN_POINT('',(11.338589477194,-41.22595798465,0.));
#2899 = VECTOR('',#2900,1.);
#2900 = DIRECTION('',(-0.,-0.,-1.));
#2901 = PLANE('',#2902);
#2902 = AXIS2_PLACEMENT_3D('',#2903,#2904,#2905);
#2903 = CARTESIAN_POINT('',(21.013298775153,-40.52595798465,0.));
#2904 = DIRECTION('',(-7.216494845361E-02,0.99739271113,0.));
#2905 = DIRECTION('',(-0.99739271113,-7.216494845361E-02,0.));
#2906 = ADVANCED_FACE('',(#2907),#2925,.F.);
#2907 = FACE_BOUND('',#2908,.F.);
#2908 = EDGE_LOOP('',(#2909,#2910,#2911,#2919));
#2909 = ORIENTED_EDGE('',*,*,#853,.F.);
#2910 = ORIENTED_EDGE('',*,*,#2872,.T.);
#2911 = ORIENTED_EDGE('',*,*,#2912,.F.);
#2912 = EDGE_CURVE('',#2913,#2864,#2915,.T.);
#2913 = VERTEX_POINT('',#2914);
#2914 = CARTESIAN_POINT('',(-11.33858947721,-41.22595798449,-0.6));
#2915 = LINE('',#2916,#2917);
#2916 = CARTESIAN_POINT('',(-10.6077498267,-41.2788368607,-0.6));
#2917 = VECTOR('',#2918,1.);
#2918 = DIRECTION('',(-0.99739271113,7.216494845361E-02,0.));
#2919 = ORIENTED_EDGE('',*,*,#2920,.F.);
#2920 = EDGE_CURVE('',#846,#2913,#2921,.T.);
#2921 = LINE('',#2922,#2923);
#2922 = CARTESIAN_POINT('',(-11.33858947721,-41.22595798449,0.));
#2923 = VECTOR('',#2924,1.);
#2924 = DIRECTION('',(-0.,-0.,-1.));
#2925 = PLANE('',#2926);
#2926 = AXIS2_PLACEMENT_3D('',#2927,#2928,#2929);
#2927 = CARTESIAN_POINT('',(-21.01329877517,-40.52595798449,0.));
#2928 = DIRECTION('',(-7.216494845361E-02,-0.99739271113,0.));
#2929 = DIRECTION('',(0.99739271113,-7.216494845361E-02,0.));
#2930 = ADVANCED_FACE('',(#2931),#2949,.T.);
#2931 = FACE_BOUND('',#2932,.T.);
#2932 = EDGE_LOOP('',(#2933,#2934,#2935,#2943));
#2933 = ORIENTED_EDGE('',*,*,#829,.F.);
#2934 = ORIENTED_EDGE('',*,*,#2896,.T.);
#2935 = ORIENTED_EDGE('',*,*,#2936,.F.);
#2936 = EDGE_CURVE('',#2937,#2889,#2939,.T.);
#2937 = VERTEX_POINT('',#2938);
#2938 = CARTESIAN_POINT('',(2.8,-41.57595798465,-0.6));
#2939 = LINE('',#2940,#2941);
#2940 = CARTESIAN_POINT('',(5.560215780014,-41.46281569978,-0.6));
#2941 = VECTOR('',#2942,1.);
#2942 = DIRECTION('',(0.999160951691,4.095598389239E-02,0.));
#2943 = ORIENTED_EDGE('',*,*,#2944,.F.);
#2944 = EDGE_CURVE('',#830,#2937,#2945,.T.);
#2945 = LINE('',#2946,#2947);
#2946 = CARTESIAN_POINT('',(2.8,-41.57595798465,0.));
#2947 = VECTOR('',#2948,1.);
#2948 = DIRECTION('',(-0.,-0.,-1.));
#2949 = PLANE('',#2950);
#2950 = AXIS2_PLACEMENT_3D('',#2951,#2952,#2953);
#2951 = CARTESIAN_POINT('',(11.338589477194,-41.22595798465,0.));
#2952 = DIRECTION('',(-4.095598389239E-02,0.999160951691,0.));
#2953 = DIRECTION('',(-0.999160951691,-4.095598389239E-02,0.));
#2954 = ADVANCED_FACE('',(#2955),#2973,.F.);
#2955 = FACE_BOUND('',#2956,.F.);
#2956 = EDGE_LOOP('',(#2957,#2958,#2959,#2967));
#2957 = ORIENTED_EDGE('',*,*,#845,.F.);
#2958 = ORIENTED_EDGE('',*,*,#2920,.T.);
#2959 = ORIENTED_EDGE('',*,*,#2960,.F.);
#2960 = EDGE_CURVE('',#2961,#2913,#2963,.T.);
#2961 = VERTEX_POINT('',#2962);
#2962 = CARTESIAN_POINT('',(-2.8,-41.57595798465,-0.6));
#2963 = LINE('',#2964,#2965);
#2964 = CARTESIAN_POINT('',(-5.76357287284,-41.45448001587,-0.6));
#2965 = VECTOR('',#2966,1.);
#2966 = DIRECTION('',(-0.99916095169,4.095598391172E-02,0.));
#2967 = ORIENTED_EDGE('',*,*,#2968,.F.);
#2968 = EDGE_CURVE('',#838,#2961,#2969,.T.);
#2969 = LINE('',#2970,#2971);
#2970 = CARTESIAN_POINT('',(-2.8,-41.57595798465,0.));
#2971 = VECTOR('',#2972,1.);
#2972 = DIRECTION('',(-0.,-0.,-1.));
#2973 = PLANE('',#2974);
#2974 = AXIS2_PLACEMENT_3D('',#2975,#2976,#2977);
#2975 = CARTESIAN_POINT('',(-11.33858947721,-41.22595798449,0.));
#2976 = DIRECTION('',(-4.095598391172E-02,-0.99916095169,0.));
#2977 = DIRECTION('',(0.99916095169,-4.095598391172E-02,0.));
#2978 = ADVANCED_FACE('',(#2979),#2990,.F.);
#2979 = FACE_BOUND('',#2980,.F.);
#2980 = EDGE_LOOP('',(#2981,#2982,#2983,#2989));
#2981 = ORIENTED_EDGE('',*,*,#837,.F.);
#2982 = ORIENTED_EDGE('',*,*,#2968,.T.);
#2983 = ORIENTED_EDGE('',*,*,#2984,.F.);
#2984 = EDGE_CURVE('',#2937,#2961,#2985,.T.);
#2985 = LINE('',#2986,#2987);
#2986 = CARTESIAN_POINT('',(-1.50184938782,-41.57595798465,-0.6));
#2987 = VECTOR('',#2988,1.);
#2988 = DIRECTION('',(-1.,0.,0.));
#2989 = ORIENTED_EDGE('',*,*,#2944,.F.);
#2990 = PLANE('',#2991);
#2991 = AXIS2_PLACEMENT_3D('',#2992,#2993,#2994);
#2992 = CARTESIAN_POINT('',(-2.8,-41.57595798465,0.));
#2993 = DIRECTION('',(0.,-1.,0.));
#2994 = DIRECTION('',(1.,0.,0.));
#2995 = ADVANCED_FACE('',(#2996),#3021,.F.);
#2996 = FACE_BOUND('',#2997,.F.);
#2997 = EDGE_LOOP('',(#2998,#2999,#3007,#3015));
#2998 = ORIENTED_EDGE('',*,*,#982,.F.);
#2999 = ORIENTED_EDGE('',*,*,#3000,.T.);
#3000 = EDGE_CURVE('',#983,#3001,#3003,.T.);
#3001 = VERTEX_POINT('',#3002);
#3002 = CARTESIAN_POINT('',(-28.05,36.,-0.6));
#3003 = LINE('',#3004,#3005);
#3004 = CARTESIAN_POINT('',(-28.05,36.,0.));
#3005 = VECTOR('',#3006,1.);
#3006 = DIRECTION('',(-0.,-0.,-1.));
#3007 = ORIENTED_EDGE('',*,*,#3008,.F.);
#3008 = EDGE_CURVE('',#3009,#3001,#3011,.T.);
#3009 = VERTEX_POINT('',#3010);
#3010 = CARTESIAN_POINT('',(-28.05,-5.,-0.6));
#3011 = LINE('',#3012,#3013);
#3012 = CARTESIAN_POINT('',(-28.05,25.75,-0.6));
#3013 = VECTOR('',#3014,1.);
#3014 = DIRECTION('',(0.,1.,0.));
#3015 = ORIENTED_EDGE('',*,*,#3016,.F.);
#3016 = EDGE_CURVE('',#985,#3009,#3017,.T.);
#3017 = LINE('',#3018,#3019);
#3018 = CARTESIAN_POINT('',(-28.05,-5.,0.));
#3019 = VECTOR('',#3020,1.);
#3020 = DIRECTION('',(-0.,-0.,-1.));
#3021 = PLANE('',#3022);
#3022 = AXIS2_PLACEMENT_3D('',#3023,#3024,#3025);
#3023 = CARTESIAN_POINT('',(-28.05,36.,0.));
#3024 = DIRECTION('',(-1.,0.,0.));
#3025 = DIRECTION('',(0.,-1.,0.));
#3026 = ADVANCED_FACE('',(#3027),#3046,.F.);
#3027 = FACE_BOUND('',#3028,.F.);
#3028 = EDGE_LOOP('',(#3029,#3030,#3038,#3045));
#3029 = ORIENTED_EDGE('',*,*,#992,.F.);
#3030 = ORIENTED_EDGE('',*,*,#3031,.T.);
#3031 = EDGE_CURVE('',#993,#3032,#3034,.T.);
#3032 = VERTEX_POINT('',#3033);
#3033 = CARTESIAN_POINT('',(-27.7,36.35,-0.6));
#3034 = LINE('',#3035,#3036);
#3035 = CARTESIAN_POINT('',(-27.7,36.35,0.));
#3036 = VECTOR('',#3037,1.);
#3037 = DIRECTION('',(-0.,-0.,-1.));
#3038 = ORIENTED_EDGE('',*,*,#3039,.T.);
#3039 = EDGE_CURVE('',#3032,#3001,#3040,.T.);
#3040 = CIRCLE('',#3041,0.35);
#3041 = AXIS2_PLACEMENT_3D('',#3042,#3043,#3044);
#3042 = CARTESIAN_POINT('',(-27.7,36.,-0.6));
#3043 = DIRECTION('',(0.,0.,1.));
#3044 = DIRECTION('',(1.,0.,0.));
#3045 = ORIENTED_EDGE('',*,*,#3000,.F.);
#3046 = CYLINDRICAL_SURFACE('',#3047,0.35);
#3047 = AXIS2_PLACEMENT_3D('',#3048,#3049,#3050);
#3048 = CARTESIAN_POINT('',(-27.7,36.,0.));
#3049 = DIRECTION('',(0.,0.,1.));
#3050 = DIRECTION('',(1.,0.,0.));
#3051 = ADVANCED_FACE('',(#3052),#3071,.F.);
#3052 = FACE_BOUND('',#3053,.F.);
#3053 = EDGE_LOOP('',(#3054,#3055,#3056,#3065));
#3054 = ORIENTED_EDGE('',*,*,#1043,.F.);
#3055 = ORIENTED_EDGE('',*,*,#3016,.T.);
#3056 = ORIENTED_EDGE('',*,*,#3057,.T.);
#3057 = EDGE_CURVE('',#3009,#3058,#3060,.T.);
#3058 = VERTEX_POINT('',#3059);
#3059 = CARTESIAN_POINT('',(-27.7,-5.35,-0.6));
#3060 = CIRCLE('',#3061,0.35);
#3061 = AXIS2_PLACEMENT_3D('',#3062,#3063,#3064);
#3062 = CARTESIAN_POINT('',(-27.7,-5.,-0.6));
#3063 = DIRECTION('',(0.,0.,1.));
#3064 = DIRECTION('',(1.,0.,0.));
#3065 = ORIENTED_EDGE('',*,*,#3066,.F.);
#3066 = EDGE_CURVE('',#1036,#3058,#3067,.T.);
#3067 = LINE('',#3068,#3069);
#3068 = CARTESIAN_POINT('',(-27.7,-5.35,0.));
#3069 = VECTOR('',#3070,1.);
#3070 = DIRECTION('',(-0.,-0.,-1.));
#3071 = CYLINDRICAL_SURFACE('',#3072,0.35);
#3072 = AXIS2_PLACEMENT_3D('',#3073,#3074,#3075);
#3073 = CARTESIAN_POINT('',(-27.7,-5.,0.));
#3074 = DIRECTION('',(0.,0.,1.));
#3075 = DIRECTION('',(1.,0.,0.));
#3076 = ADVANCED_FACE('',(#3077),#3095,.F.);
#3077 = FACE_BOUND('',#3078,.F.);
#3078 = EDGE_LOOP('',(#3079,#3080,#3088,#3094));
#3079 = ORIENTED_EDGE('',*,*,#1001,.F.);
#3080 = ORIENTED_EDGE('',*,*,#3081,.T.);
#3081 = EDGE_CURVE('',#1002,#3082,#3084,.T.);
#3082 = VERTEX_POINT('',#3083);
#3083 = CARTESIAN_POINT('',(24.9,36.35,-0.6));
#3084 = LINE('',#3085,#3086);
#3085 = CARTESIAN_POINT('',(24.9,36.35,0.));
#3086 = VECTOR('',#3087,1.);
#3087 = DIRECTION('',(-0.,-0.,-1.));
#3088 = ORIENTED_EDGE('',*,*,#3089,.F.);
#3089 = EDGE_CURVE('',#3032,#3082,#3090,.T.);
#3090 = LINE('',#3091,#3092);
#3091 = CARTESIAN_POINT('',(13.125,36.35,-0.6));
#3092 = VECTOR('',#3093,1.);
#3093 = DIRECTION('',(1.,0.,0.));
#3094 = ORIENTED_EDGE('',*,*,#3031,.F.);
#3095 = PLANE('',#3096);
#3096 = AXIS2_PLACEMENT_3D('',#3097,#3098,#3099);
#3097 = CARTESIAN_POINT('',(24.9,36.35,0.));
#3098 = DIRECTION('',(0.,1.,0.));
#3099 = DIRECTION('',(-1.,0.,0.));
#3100 = ADVANCED_FACE('',(#3101),#3119,.F.);
#3101 = FACE_BOUND('',#3102,.F.);
#3102 = EDGE_LOOP('',(#3103,#3104,#3105,#3113));
#3103 = ORIENTED_EDGE('',*,*,#1035,.F.);
#3104 = ORIENTED_EDGE('',*,*,#3066,.T.);
#3105 = ORIENTED_EDGE('',*,*,#3106,.F.);
#3106 = EDGE_CURVE('',#3107,#3058,#3109,.T.);
#3107 = VERTEX_POINT('',#3108);
#3108 = CARTESIAN_POINT('',(24.9,-5.35,-0.6));
#3109 = LINE('',#3110,#3111);
#3110 = CARTESIAN_POINT('',(-13.175,-5.35,-0.6));
#3111 = VECTOR('',#3112,1.);
#3112 = DIRECTION('',(-1.,0.,0.));
#3113 = ORIENTED_EDGE('',*,*,#3114,.F.);
#3114 = EDGE_CURVE('',#1027,#3107,#3115,.T.);
#3115 = LINE('',#3116,#3117);
#3116 = CARTESIAN_POINT('',(24.9,-5.35,0.));
#3117 = VECTOR('',#3118,1.);
#3118 = DIRECTION('',(-0.,-0.,-1.));
#3119 = PLANE('',#3120);
#3120 = AXIS2_PLACEMENT_3D('',#3121,#3122,#3123);
#3121 = CARTESIAN_POINT('',(-27.7,-5.35,0.));
#3122 = DIRECTION('',(0.,-1.,0.));
#3123 = DIRECTION('',(1.,0.,0.));
#3124 = ADVANCED_FACE('',(#3125),#3144,.F.);
#3125 = FACE_BOUND('',#3126,.F.);
#3126 = EDGE_LOOP('',(#3127,#3128,#3136,#3143));
#3127 = ORIENTED_EDGE('',*,*,#1009,.F.);
#3128 = ORIENTED_EDGE('',*,*,#3129,.T.);
#3129 = EDGE_CURVE('',#1010,#3130,#3132,.T.);
#3130 = VERTEX_POINT('',#3131);
#3131 = CARTESIAN_POINT('',(25.25,36.,-0.6));
#3132 = LINE('',#3133,#3134);
#3133 = CARTESIAN_POINT('',(25.25,36.,0.));
#3134 = VECTOR('',#3135,1.);
#3135 = DIRECTION('',(-0.,-0.,-1.));
#3136 = ORIENTED_EDGE('',*,*,#3137,.T.);
#3137 = EDGE_CURVE('',#3130,#3082,#3138,.T.);
#3138 = CIRCLE('',#3139,0.35);
#3139 = AXIS2_PLACEMENT_3D('',#3140,#3141,#3142);
#3140 = CARTESIAN_POINT('',(24.9,36.,-0.6));
#3141 = DIRECTION('',(0.,0.,1.));
#3142 = DIRECTION('',(1.,0.,0.));
#3143 = ORIENTED_EDGE('',*,*,#3081,.F.);
#3144 = CYLINDRICAL_SURFACE('',#3145,0.35);
#3145 = AXIS2_PLACEMENT_3D('',#3146,#3147,#3148);
#3146 = CARTESIAN_POINT('',(24.9,36.,0.));
#3147 = DIRECTION('',(0.,0.,1.));
#3148 = DIRECTION('',(1.,0.,0.));
#3149 = ADVANCED_FACE('',(#3150),#3169,.F.);
#3150 = FACE_BOUND('',#3151,.F.);
#3151 = EDGE_LOOP('',(#3152,#3153,#3154,#3163));
#3152 = ORIENTED_EDGE('',*,*,#1026,.F.);
#3153 = ORIENTED_EDGE('',*,*,#3114,.T.);
#3154 = ORIENTED_EDGE('',*,*,#3155,.T.);
#3155 = EDGE_CURVE('',#3107,#3156,#3158,.T.);
#3156 = VERTEX_POINT('',#3157);
#3157 = CARTESIAN_POINT('',(25.25,-5.,-0.6));
#3158 = CIRCLE('',#3159,0.35);
#3159 = AXIS2_PLACEMENT_3D('',#3160,#3161,#3162);
#3160 = CARTESIAN_POINT('',(24.9,-5.,-0.6));
#3161 = DIRECTION('',(0.,0.,1.));
#3162 = DIRECTION('',(1.,0.,0.));
#3163 = ORIENTED_EDGE('',*,*,#3164,.F.);
#3164 = EDGE_CURVE('',#1019,#3156,#3165,.T.);
#3165 = LINE('',#3166,#3167);
#3166 = CARTESIAN_POINT('',(25.25,-5.,0.));
#3167 = VECTOR('',#3168,1.);
#3168 = DIRECTION('',(-0.,-0.,-1.));
#3169 = CYLINDRICAL_SURFACE('',#3170,0.35);
#3170 = AXIS2_PLACEMENT_3D('',#3171,#3172,#3173);
#3171 = CARTESIAN_POINT('',(24.9,-5.,0.));
#3172 = DIRECTION('',(0.,0.,1.));
#3173 = DIRECTION('',(1.,0.,0.));
#3174 = ADVANCED_FACE('',(#3175),#3186,.F.);
#3175 = FACE_BOUND('',#3176,.F.);
#3176 = EDGE_LOOP('',(#3177,#3178,#3179,#3185));
#3177 = ORIENTED_EDGE('',*,*,#1018,.F.);
#3178 = ORIENTED_EDGE('',*,*,#3164,.T.);
#3179 = ORIENTED_EDGE('',*,*,#3180,.F.);
#3180 = EDGE_CURVE('',#3130,#3156,#3181,.T.);
#3181 = LINE('',#3182,#3183);
#3182 = CARTESIAN_POINT('',(25.25,5.25,-0.6));
#3183 = VECTOR('',#3184,1.);
#3184 = DIRECTION('',(0.,-1.,0.));
#3185 = ORIENTED_EDGE('',*,*,#3129,.F.);
#3186 = PLANE('',#3187);
#3187 = AXIS2_PLACEMENT_3D('',#3188,#3189,#3190);
#3188 = CARTESIAN_POINT('',(25.25,-5.,0.));
#3189 = DIRECTION('',(1.,0.,0.));
#3190 = DIRECTION('',(0.,1.,0.));
#3191 = ADVANCED_FACE('',(#3192),#3210,.F.);
#3192 = FACE_BOUND('',#3193,.F.);
#3193 = EDGE_LOOP('',(#3194,#3203,#3208,#3209));
#3194 = ORIENTED_EDGE('',*,*,#3195,.T.);
#3195 = EDGE_CURVE('',#3196,#3196,#3198,.T.);
#3196 = VERTEX_POINT('',#3197);
#3197 = CARTESIAN_POINT('',(27.3,40.6,-5.3));
#3198 = CIRCLE('',#3199,1.);
#3199 = AXIS2_PLACEMENT_3D('',#3200,#3201,#3202);
#3200 = CARTESIAN_POINT('',(26.3,40.6,-5.3));
#3201 = DIRECTION('',(0.,0.,1.));
#3202 = DIRECTION('',(1.,0.,0.));
#3203 = ORIENTED_EDGE('',*,*,#3204,.T.);
#3204 = EDGE_CURVE('',#3196,#1053,#3205,.T.);
#3205 = B_SPLINE_CURVE_WITH_KNOTS('',1,(#3206,#3207),.UNSPECIFIED.,.F.,
  .F.,(2,2),(-5.3,0.),.PIECEWISE_BEZIER_KNOTS.);
#3206 = CARTESIAN_POINT('',(27.3,40.6,-5.3));
#3207 = CARTESIAN_POINT('',(27.3,40.6,0.));
#3208 = ORIENTED_EDGE('',*,*,#1052,.F.);
#3209 = ORIENTED_EDGE('',*,*,#3204,.F.);
#3210 = CYLINDRICAL_SURFACE('',#3211,1.);
#3211 = AXIS2_PLACEMENT_3D('',#3212,#3213,#3214);
#3212 = CARTESIAN_POINT('',(26.3,40.6,0.));
#3213 = DIRECTION('',(0.,0.,1.));
#3214 = DIRECTION('',(1.,0.,0.));
#3215 = ADVANCED_FACE('',(#3216),#3234,.F.);
#3216 = FACE_BOUND('',#3217,.F.);
#3217 = EDGE_LOOP('',(#3218,#3227,#3232,#3233));
#3218 = ORIENTED_EDGE('',*,*,#3219,.T.);
#3219 = EDGE_CURVE('',#3220,#3220,#3222,.T.);
#3220 = VERTEX_POINT('',#3221);
#3221 = CARTESIAN_POINT('',(29.5,40.6,-5.3));
#3222 = CIRCLE('',#3223,1.);
#3223 = AXIS2_PLACEMENT_3D('',#3224,#3225,#3226);
#3224 = CARTESIAN_POINT('',(28.5,40.6,-5.3));
#3225 = DIRECTION('',(0.,0.,1.));
#3226 = DIRECTION('',(1.,0.,0.));
#3227 = ORIENTED_EDGE('',*,*,#3228,.T.);
#3228 = EDGE_CURVE('',#3220,#1064,#3229,.T.);
#3229 = B_SPLINE_CURVE_WITH_KNOTS('',1,(#3230,#3231),.UNSPECIFIED.,.F.,
  .F.,(2,2),(-5.3,0.),.PIECEWISE_BEZIER_KNOTS.);
#3230 = CARTESIAN_POINT('',(29.5,40.6,-5.3));
#3231 = CARTESIAN_POINT('',(29.5,40.6,0.));
#3232 = ORIENTED_EDGE('',*,*,#1063,.F.);
#3233 = ORIENTED_EDGE('',*,*,#3228,.F.);
#3234 = CYLINDRICAL_SURFACE('',#3235,1.);
#3235 = AXIS2_PLACEMENT_3D('',#3236,#3237,#3238);
#3236 = CARTESIAN_POINT('',(28.5,40.6,0.));
#3237 = DIRECTION('',(0.,0.,1.));
#3238 = DIRECTION('',(1.,0.,0.));
#3239 = ADVANCED_FACE('',(#3240),#3276,.F.);
#3240 = FACE_BOUND('',#3241,.F.);
#3241 = EDGE_LOOP('',(#3242,#3252,#3258,#3259,#3260,#3261,#3262,#3270));
#3242 = ORIENTED_EDGE('',*,*,#3243,.T.);
#3243 = EDGE_CURVE('',#3244,#3246,#3248,.T.);
#3244 = VERTEX_POINT('',#3245);
#3245 = CARTESIAN_POINT('',(37.521203273864,10.83,-4.8));
#3246 = VERTEX_POINT('',#3247);
#3247 = CARTESIAN_POINT('',(37.521203273864,4.13,-4.8));
#3248 = LINE('',#3249,#3250);
#3249 = CARTESIAN_POINT('',(37.521203273864,10.83,-4.8));
#3250 = VECTOR('',#3251,1.);
#3251 = DIRECTION('',(0.,-1.,0.));
#3252 = ORIENTED_EDGE('',*,*,#3253,.T.);
#3253 = EDGE_CURVE('',#3246,#1573,#3254,.T.);
#3254 = LINE('',#3255,#3256);
#3255 = CARTESIAN_POINT('',(37.521203273864,4.13,-4.8));
#3256 = VECTOR('',#3257,1.);
#3257 = DIRECTION('',(0.,0.,-1.));
#3258 = ORIENTED_EDGE('',*,*,#1572,.T.);
#3259 = ORIENTED_EDGE('',*,*,#1210,.T.);
#3260 = ORIENTED_EDGE('',*,*,#1910,.T.);
#3261 = ORIENTED_EDGE('',*,*,#2007,.T.);
#3262 = ORIENTED_EDGE('',*,*,#3263,.T.);
#3263 = EDGE_CURVE('',#2000,#3264,#3266,.T.);
#3264 = VERTEX_POINT('',#3265);
#3265 = CARTESIAN_POINT('',(37.521203273864,10.83,-10.8));
#3266 = LINE('',#3267,#3268);
#3267 = CARTESIAN_POINT('',(37.521203273864,24.340000000005,-10.8));
#3268 = VECTOR('',#3269,1.);
#3269 = DIRECTION('',(0.,1.,0.));
#3270 = ORIENTED_EDGE('',*,*,#3271,.T.);
#3271 = EDGE_CURVE('',#3264,#3244,#3272,.T.);
#3272 = LINE('',#3273,#3274);
#3273 = CARTESIAN_POINT('',(37.521203273864,10.83,-15.3));
#3274 = VECTOR('',#3275,1.);
#3275 = DIRECTION('',(0.,0.,1.));
#3276 = PLANE('',#3277);
#3277 = AXIS2_PLACEMENT_3D('',#3278,#3279,#3280);
#3278 = CARTESIAN_POINT('',(37.521203273864,11.930000000011,-10.05));
#3279 = DIRECTION('',(1.,0.,0.));
#3280 = DIRECTION('',(0.,0.,1.));
#3281 = ADVANCED_FACE('',(#3282),#3301,.T.);
#3282 = FACE_BOUND('',#3283,.T.);
#3283 = EDGE_LOOP('',(#3284,#3292,#3299,#3300));
#3284 = ORIENTED_EDGE('',*,*,#3285,.T.);
#3285 = EDGE_CURVE('',#2060,#3286,#3288,.T.);
#3286 = VERTEX_POINT('',#3287);
#3287 = CARTESIAN_POINT('',(-27.15,47.95,-12.2));
#3288 = LINE('',#3289,#3290);
#3289 = CARTESIAN_POINT('',(-27.15,47.95,0.));
#3290 = VECTOR('',#3291,1.);
#3291 = DIRECTION('',(-0.,-0.,-1.));
#3292 = ORIENTED_EDGE('',*,*,#3293,.T.);
#3293 = EDGE_CURVE('',#3286,#1245,#3294,.T.);
#3294 = CIRCLE('',#3295,11.2);
#3295 = AXIS2_PLACEMENT_3D('',#3296,#3297,#3298);
#3296 = CARTESIAN_POINT('',(-27.15,36.75,-12.2));
#3297 = DIRECTION('',(0.,0.,1.));
#3298 = DIRECTION('',(1.,0.,0.));
#3299 = ORIENTED_EDGE('',*,*,#1244,.F.);
#3300 = ORIENTED_EDGE('',*,*,#2086,.F.);
#3301 = CYLINDRICAL_SURFACE('',#3302,11.2);
#3302 = AXIS2_PLACEMENT_3D('',#3303,#3304,#3305);
#3303 = CARTESIAN_POINT('',(-27.15,36.75,0.));
#3304 = DIRECTION('',(0.,0.,1.));
#3305 = DIRECTION('',(1.,0.,0.));
#3306 = ADVANCED_FACE('',(#3307),#3374,.F.);
#3307 = FACE_BOUND('',#3308,.F.);
#3308 = EDGE_LOOP('',(#3309,#3319,#3325,#3326,#3327,#3335,#3343,#3351,
    #3359,#3368));
#3309 = ORIENTED_EDGE('',*,*,#3310,.T.);
#3310 = EDGE_CURVE('',#3311,#3313,#3315,.T.);
#3311 = VERTEX_POINT('',#3312);
#3312 = CARTESIAN_POINT('',(4.784250700561,46.95,-12.2));
#3313 = VERTEX_POINT('',#3314);
#3314 = CARTESIAN_POINT('',(4.784250700561,47.95,-12.2));
#3315 = LINE('',#3316,#3317);
#3316 = CARTESIAN_POINT('',(4.784250700561,47.95,-12.2));
#3317 = VECTOR('',#3318,1.);
#3318 = DIRECTION('',(0.,1.,-2.2E-16));
#3319 = ORIENTED_EDGE('',*,*,#3320,.T.);
#3320 = EDGE_CURVE('',#3313,#3286,#3321,.T.);
#3321 = LINE('',#3322,#3323);
#3322 = CARTESIAN_POINT('',(27.15,47.95,-12.2));
#3323 = VECTOR('',#3324,1.);
#3324 = DIRECTION('',(-1.,0.,0.));
#3325 = ORIENTED_EDGE('',*,*,#3293,.T.);
#3326 = ORIENTED_EDGE('',*,*,#1252,.T.);
#3327 = ORIENTED_EDGE('',*,*,#3328,.T.);
#3328 = EDGE_CURVE('',#1253,#3329,#3331,.T.);
#3329 = VERTEX_POINT('',#3330);
#3330 = CARTESIAN_POINT('',(-37.52120327386,30.45,-12.2));
#3331 = LINE('',#3332,#3333);
#3332 = CARTESIAN_POINT('',(-19.175,30.45,-12.2));
#3333 = VECTOR('',#3334,1.);
#3334 = DIRECTION('',(1.,0.,0.));
#3335 = ORIENTED_EDGE('',*,*,#3336,.T.);
#3336 = EDGE_CURVE('',#3329,#3337,#3339,.T.);
#3337 = VERTEX_POINT('',#3338);
#3338 = CARTESIAN_POINT('',(-37.52120327386,32.25,-12.2));
#3339 = LINE('',#3340,#3341);
#3340 = CARTESIAN_POINT('',(-37.52120327386,8.817746858169,-12.2));
#3341 = VECTOR('',#3342,1.);
#3342 = DIRECTION('',(0.,1.,0.));
#3343 = ORIENTED_EDGE('',*,*,#3344,.F.);
#3344 = EDGE_CURVE('',#3345,#3337,#3347,.T.);
#3345 = VERTEX_POINT('',#3346);
#3346 = CARTESIAN_POINT('',(-37.35,32.25,-12.2));
#3347 = LINE('',#3348,#3349);
#3348 = CARTESIAN_POINT('',(-18.075,32.25,-12.2));
#3349 = VECTOR('',#3350,1.);
#3350 = DIRECTION('',(-1.,0.,0.));
#3351 = ORIENTED_EDGE('',*,*,#3352,.F.);
#3352 = EDGE_CURVE('',#3353,#3345,#3355,.T.);
#3353 = VERTEX_POINT('',#3354);
#3354 = CARTESIAN_POINT('',(-37.35,36.75,-12.2));
#3355 = LINE('',#3356,#3357);
#3356 = CARTESIAN_POINT('',(-37.35,36.75,-12.2));
#3357 = VECTOR('',#3358,1.);
#3358 = DIRECTION('',(0.,-1.,0.));
#3359 = ORIENTED_EDGE('',*,*,#3360,.F.);
#3360 = EDGE_CURVE('',#3361,#3353,#3363,.T.);
#3361 = VERTEX_POINT('',#3362);
#3362 = CARTESIAN_POINT('',(-27.15,46.95,-12.2));
#3363 = CIRCLE('',#3364,10.2);
#3364 = AXIS2_PLACEMENT_3D('',#3365,#3366,#3367);
#3365 = CARTESIAN_POINT('',(-27.15,36.75,-12.2));
#3366 = DIRECTION('',(0.,0.,1.));
#3367 = DIRECTION('',(1.,0.,0.));
#3368 = ORIENTED_EDGE('',*,*,#3369,.F.);
#3369 = EDGE_CURVE('',#3311,#3361,#3370,.T.);
#3370 = LINE('',#3371,#3372);
#3371 = CARTESIAN_POINT('',(27.149999999997,46.95,-12.2));
#3372 = VECTOR('',#3373,1.);
#3373 = DIRECTION('',(-1.,0.,0.));
#3374 = PLANE('',#3375);
#3375 = AXIS2_PLACEMENT_3D('',#3376,#3377,#3378);
#3376 = CARTESIAN_POINT('',(-4.63E-15,-9.7E-15,-12.2));
#3377 = DIRECTION('',(0.,0.,1.));
#3378 = DIRECTION('',(1.,0.,0.));
#3379 = ADVANCED_FACE('',(#3380),#3398,.T.);
#3380 = FACE_BOUND('',#3381,.T.);
#3381 = EDGE_LOOP('',(#3382,#3383,#3391,#3397));
#3382 = ORIENTED_EDGE('',*,*,#1332,.F.);
#3383 = ORIENTED_EDGE('',*,*,#3384,.T.);
#3384 = EDGE_CURVE('',#1325,#3385,#3387,.T.);
#3385 = VERTEX_POINT('',#3386);
#3386 = CARTESIAN_POINT('',(-37.52120327386,9.829999999951,-5.2));
#3387 = LINE('',#3388,#3389);
#3388 = CARTESIAN_POINT('',(-38.35,9.829999999951,-5.2));
#3389 = VECTOR('',#3390,1.);
#3390 = DIRECTION('',(1.,0.,0.));
#3391 = ORIENTED_EDGE('',*,*,#3392,.T.);
#3392 = EDGE_CURVE('',#3385,#1461,#3393,.T.);
#3393 = LINE('',#3394,#3395);
#3394 = CARTESIAN_POINT('',(-37.52120327386,13.732746858144,-5.2));
#3395 = VECTOR('',#3396,1.);
#3396 = DIRECTION('',(0.,-1.,0.));
#3397 = ORIENTED_EDGE('',*,*,#1460,.F.);
#3398 = PLANE('',#3399);
#3399 = AXIS2_PLACEMENT_3D('',#3400,#3401,#3402);
#3400 = CARTESIAN_POINT('',(-38.35,9.829999999951,-5.2));
#3401 = DIRECTION('',(0.,0.,-1.));
#3402 = DIRECTION('',(0.,-1.,0.));
#3403 = ADVANCED_FACE('',(#3404),#3446,.T.);
#3404 = FACE_BOUND('',#3405,.T.);
#3405 = EDGE_LOOP('',(#3406,#3407,#3408,#3416,#3424,#3432,#3440));
#3406 = ORIENTED_EDGE('',*,*,#1260,.F.);
#3407 = ORIENTED_EDGE('',*,*,#3328,.T.);
#3408 = ORIENTED_EDGE('',*,*,#3409,.T.);
#3409 = EDGE_CURVE('',#3329,#3410,#3412,.T.);
#3410 = VERTEX_POINT('',#3411);
#3411 = CARTESIAN_POINT('',(-37.52120327386,30.45,-11.55430369211));
#3412 = LINE('',#3413,#3414);
#3413 = CARTESIAN_POINT('',(-37.52120327386,30.45,-11.875));
#3414 = VECTOR('',#3415,1.);
#3415 = DIRECTION('',(0.,0.,1.));
#3416 = ORIENTED_EDGE('',*,*,#3417,.T.);
#3417 = EDGE_CURVE('',#3410,#3418,#3420,.T.);
#3418 = VERTEX_POINT('',#3419);
#3419 = CARTESIAN_POINT('',(-37.72120327386,30.45,-10.8));
#3420 = LINE('',#3421,#3422);
#3421 = CARTESIAN_POINT('',(-37.38264675766,30.45,-12.0768721508));
#3422 = VECTOR('',#3423,1.);
#3423 = DIRECTION('',(-0.256289373133,0.,0.966600102017));
#3424 = ORIENTED_EDGE('',*,*,#3425,.T.);
#3425 = EDGE_CURVE('',#3418,#3426,#3428,.T.);
#3426 = VERTEX_POINT('',#3427);
#3427 = CARTESIAN_POINT('',(-37.52120327386,30.45,-10.8));
#3428 = LINE('',#3429,#3430);
#3429 = CARTESIAN_POINT('',(-5.600000000002,30.45,-10.8));
#3430 = VECTOR('',#3431,1.);
#3431 = DIRECTION('',(1.,0.,0.));
#3432 = ORIENTED_EDGE('',*,*,#3433,.T.);
#3433 = EDGE_CURVE('',#3426,#3434,#3436,.T.);
#3434 = VERTEX_POINT('',#3435);
#3435 = CARTESIAN_POINT('',(-37.52120327386,30.45,-5.2));
#3436 = LINE('',#3437,#3438);
#3437 = CARTESIAN_POINT('',(-37.52120327386,30.45,-11.875));
#3438 = VECTOR('',#3439,1.);
#3439 = DIRECTION('',(0.,0.,1.));
#3440 = ORIENTED_EDGE('',*,*,#3441,.F.);
#3441 = EDGE_CURVE('',#1261,#3434,#3442,.T.);
#3442 = LINE('',#3443,#3444);
#3443 = CARTESIAN_POINT('',(-38.35,30.45,-5.2));
#3444 = VECTOR('',#3445,1.);
#3445 = DIRECTION('',(1.,0.,0.));
#3446 = PLANE('',#3447);
#3447 = AXIS2_PLACEMENT_3D('',#3448,#3449,#3450);
#3448 = CARTESIAN_POINT('',(-38.35,30.45,-13.7));
#3449 = DIRECTION('',(0.,-1.,0.));
#3450 = DIRECTION('',(0.,0.,1.));
#3451 = ADVANCED_FACE('',(#3452),#3494,.T.);
#3452 = FACE_BOUND('',#3453,.T.);
#3453 = EDGE_LOOP('',(#3454,#3455,#3463,#3471,#3479,#3487,#3493));
#3454 = ORIENTED_EDGE('',*,*,#1324,.F.);
#3455 = ORIENTED_EDGE('',*,*,#3456,.T.);
#3456 = EDGE_CURVE('',#1317,#3457,#3459,.T.);
#3457 = VERTEX_POINT('',#3458);
#3458 = CARTESIAN_POINT('',(-37.52120327386,9.829999999951,-12.2));
#3459 = LINE('',#3460,#3461);
#3460 = CARTESIAN_POINT('',(-19.175,9.829999999951,-12.2));
#3461 = VECTOR('',#3462,1.);
#3462 = DIRECTION('',(1.,0.,0.));
#3463 = ORIENTED_EDGE('',*,*,#3464,.T.);
#3464 = EDGE_CURVE('',#3457,#3465,#3467,.T.);
#3465 = VERTEX_POINT('',#3466);
#3466 = CARTESIAN_POINT('',(-37.52120327386,9.829999999951,
    -11.55430369211));
#3467 = LINE('',#3468,#3469);
#3468 = CARTESIAN_POINT('',(-37.52120327386,9.829999999951,-11.875));
#3469 = VECTOR('',#3470,1.);
#3470 = DIRECTION('',(0.,0.,1.));
#3471 = ORIENTED_EDGE('',*,*,#3472,.T.);
#3472 = EDGE_CURVE('',#3465,#3473,#3475,.T.);
#3473 = VERTEX_POINT('',#3474);
#3474 = CARTESIAN_POINT('',(-37.72120327386,9.829999999951,-10.8));
#3475 = LINE('',#3476,#3477);
#3476 = CARTESIAN_POINT('',(-37.38264675766,9.829999999951,
    -12.0768721508));
#3477 = VECTOR('',#3478,1.);
#3478 = DIRECTION('',(-0.256289373133,0.,0.966600102017));
#3479 = ORIENTED_EDGE('',*,*,#3480,.T.);
#3480 = EDGE_CURVE('',#3473,#3481,#3483,.T.);
#3481 = VERTEX_POINT('',#3482);
#3482 = CARTESIAN_POINT('',(-37.52120327386,9.829999999951,-10.8));
#3483 = LINE('',#3484,#3485);
#3484 = CARTESIAN_POINT('',(-5.600000000002,9.829999999951,-10.8));
#3485 = VECTOR('',#3486,1.);
#3486 = DIRECTION('',(1.,0.,0.));
#3487 = ORIENTED_EDGE('',*,*,#3488,.T.);
#3488 = EDGE_CURVE('',#3481,#3385,#3489,.T.);
#3489 = LINE('',#3490,#3491);
#3490 = CARTESIAN_POINT('',(-37.52120327386,9.829999999951,-11.875));
#3491 = VECTOR('',#3492,1.);
#3492 = DIRECTION('',(0.,0.,1.));
#3493 = ORIENTED_EDGE('',*,*,#3384,.F.);
#3494 = PLANE('',#3495);
#3495 = AXIS2_PLACEMENT_3D('',#3496,#3497,#3498);
#3496 = CARTESIAN_POINT('',(-38.35,9.829999999951,-13.7));
#3497 = DIRECTION('',(0.,-1.,0.));
#3498 = DIRECTION('',(0.,0.,1.));
#3499 = ADVANCED_FACE('',(#3500),#3518,.T.);
#3500 = FACE_BOUND('',#3501,.T.);
#3501 = EDGE_LOOP('',(#3502,#3503,#3504,#3512));
#3502 = ORIENTED_EDGE('',*,*,#1268,.F.);
#3503 = ORIENTED_EDGE('',*,*,#3441,.T.);
#3504 = ORIENTED_EDGE('',*,*,#3505,.T.);
#3505 = EDGE_CURVE('',#3434,#3506,#3508,.T.);
#3506 = VERTEX_POINT('',#3507);
#3507 = CARTESIAN_POINT('',(-37.52120327386,23.25,-5.2));
#3508 = LINE('',#3509,#3510);
#3509 = CARTESIAN_POINT('',(-37.52120327386,24.042746858169,-5.2));
#3510 = VECTOR('',#3511,1.);
#3511 = DIRECTION('',(0.,-1.,0.));
#3512 = ORIENTED_EDGE('',*,*,#3513,.F.);
#3513 = EDGE_CURVE('',#1269,#3506,#3514,.T.);
#3514 = LINE('',#3515,#3516);
#3515 = CARTESIAN_POINT('',(-38.35,23.25,-5.2));
#3516 = VECTOR('',#3517,1.);
#3517 = DIRECTION('',(1.,0.,0.));
#3518 = PLANE('',#3519);
#3519 = AXIS2_PLACEMENT_3D('',#3520,#3521,#3522);
#3520 = CARTESIAN_POINT('',(-38.35,30.45,-5.2));
#3521 = DIRECTION('',(0.,0.,-1.));
#3522 = DIRECTION('',(0.,-1.,0.));
#3523 = ADVANCED_FACE('',(#3524),#3574,.F.);
#3524 = FACE_BOUND('',#3525,.F.);
#3525 = EDGE_LOOP('',(#3526,#3534,#3535,#3536,#3544,#3552,#3560,#3568));
#3526 = ORIENTED_EDGE('',*,*,#3527,.T.);
#3527 = EDGE_CURVE('',#3528,#1309,#3530,.T.);
#3528 = VERTEX_POINT('',#3529);
#3529 = CARTESIAN_POINT('',(-37.52120327386,14.03,-12.2));
#3530 = LINE('',#3531,#3532);
#3531 = CARTESIAN_POINT('',(-19.175,14.03,-12.2));
#3532 = VECTOR('',#3533,1.);
#3533 = DIRECTION('',(-1.,0.,0.));
#3534 = ORIENTED_EDGE('',*,*,#1316,.T.);
#3535 = ORIENTED_EDGE('',*,*,#3456,.T.);
#3536 = ORIENTED_EDGE('',*,*,#3537,.T.);
#3537 = EDGE_CURVE('',#3457,#3538,#3540,.T.);
#3538 = VERTEX_POINT('',#3539);
#3539 = CARTESIAN_POINT('',(-37.52120327386,10.83,-12.2));
#3540 = LINE('',#3541,#3542);
#3541 = CARTESIAN_POINT('',(-37.52120327386,8.817746858169,-12.2));
#3542 = VECTOR('',#3543,1.);
#3543 = DIRECTION('',(0.,1.,0.));
#3544 = ORIENTED_EDGE('',*,*,#3545,.F.);
#3545 = EDGE_CURVE('',#3546,#3538,#3548,.T.);
#3546 = VERTEX_POINT('',#3547);
#3547 = CARTESIAN_POINT('',(-37.35,10.83,-12.2));
#3548 = LINE('',#3549,#3550);
#3549 = CARTESIAN_POINT('',(-18.075,10.83,-12.2));
#3550 = VECTOR('',#3551,1.);
#3551 = DIRECTION('',(-1.,0.,0.));
#3552 = ORIENTED_EDGE('',*,*,#3553,.F.);
#3553 = EDGE_CURVE('',#3554,#3546,#3556,.T.);
#3554 = VERTEX_POINT('',#3555);
#3555 = CARTESIAN_POINT('',(-37.35,13.03,-12.2));
#3556 = LINE('',#3557,#3558);
#3557 = CARTESIAN_POINT('',(-37.35,36.75,-12.2));
#3558 = VECTOR('',#3559,1.);
#3559 = DIRECTION('',(0.,-1.,0.));
#3560 = ORIENTED_EDGE('',*,*,#3561,.F.);
#3561 = EDGE_CURVE('',#3562,#3554,#3564,.T.);
#3562 = VERTEX_POINT('',#3563);
#3563 = CARTESIAN_POINT('',(-37.52120327386,13.03,-12.2));
#3564 = LINE('',#3565,#3566);
#3565 = CARTESIAN_POINT('',(-18.075,13.03,-12.2));
#3566 = VECTOR('',#3567,1.);
#3567 = DIRECTION('',(1.,0.,0.));
#3568 = ORIENTED_EDGE('',*,*,#3569,.T.);
#3569 = EDGE_CURVE('',#3562,#3528,#3570,.T.);
#3570 = LINE('',#3571,#3572);
#3571 = CARTESIAN_POINT('',(-37.52120327386,8.817746858169,-12.2));
#3572 = VECTOR('',#3573,1.);
#3573 = DIRECTION('',(0.,1.,0.));
#3574 = PLANE('',#3575);
#3575 = AXIS2_PLACEMENT_3D('',#3576,#3577,#3578);
#3576 = CARTESIAN_POINT('',(-4.63E-15,-9.7E-15,-12.2));
#3577 = DIRECTION('',(0.,0.,1.));
#3578 = DIRECTION('',(1.,0.,0.));
#3579 = ADVANCED_FACE('',(#3580),#3622,.T.);
#3580 = FACE_BOUND('',#3581,.T.);
#3581 = EDGE_LOOP('',(#3582,#3583,#3584,#3592,#3600,#3608,#3616));
#3582 = ORIENTED_EDGE('',*,*,#1276,.F.);
#3583 = ORIENTED_EDGE('',*,*,#3513,.T.);
#3584 = ORIENTED_EDGE('',*,*,#3585,.T.);
#3585 = EDGE_CURVE('',#3506,#3586,#3588,.T.);
#3586 = VERTEX_POINT('',#3587);
#3587 = CARTESIAN_POINT('',(-37.52120327386,23.25,-10.8));
#3588 = LINE('',#3589,#3590);
#3589 = CARTESIAN_POINT('',(-37.52120327386,23.25,-7.625));
#3590 = VECTOR('',#3591,1.);
#3591 = DIRECTION('',(0.,0.,-1.));
#3592 = ORIENTED_EDGE('',*,*,#3593,.T.);
#3593 = EDGE_CURVE('',#3586,#3594,#3596,.T.);
#3594 = VERTEX_POINT('',#3595);
#3595 = CARTESIAN_POINT('',(-37.72120327386,23.25,-10.8));
#3596 = LINE('',#3597,#3598);
#3597 = CARTESIAN_POINT('',(-5.600000000002,23.25,-10.8));
#3598 = VECTOR('',#3599,1.);
#3599 = DIRECTION('',(-1.,0.,0.));
#3600 = ORIENTED_EDGE('',*,*,#3601,.T.);
#3601 = EDGE_CURVE('',#3594,#3602,#3604,.T.);
#3602 = VERTEX_POINT('',#3603);
#3603 = CARTESIAN_POINT('',(-37.52120327386,23.25,-11.55430369211));
#3604 = LINE('',#3605,#3606);
#3605 = CARTESIAN_POINT('',(-38.43549642807,23.25,-8.106030182625));
#3606 = VECTOR('',#3607,1.);
#3607 = DIRECTION('',(0.256289373133,0.,-0.966600102017));
#3608 = ORIENTED_EDGE('',*,*,#3609,.T.);
#3609 = EDGE_CURVE('',#3602,#3610,#3612,.T.);
#3610 = VERTEX_POINT('',#3611);
#3611 = CARTESIAN_POINT('',(-37.52120327386,23.25,-12.2));
#3612 = LINE('',#3613,#3614);
#3613 = CARTESIAN_POINT('',(-37.52120327386,23.25,-7.625));
#3614 = VECTOR('',#3615,1.);
#3615 = DIRECTION('',(0.,0.,-1.));
#3616 = ORIENTED_EDGE('',*,*,#3617,.T.);
#3617 = EDGE_CURVE('',#3610,#1277,#3618,.T.);
#3618 = LINE('',#3619,#3620);
#3619 = CARTESIAN_POINT('',(-19.175,23.25,-12.2));
#3620 = VECTOR('',#3621,1.);
#3621 = DIRECTION('',(-1.,0.,0.));
#3622 = PLANE('',#3623);
#3623 = AXIS2_PLACEMENT_3D('',#3624,#3625,#3626);
#3624 = CARTESIAN_POINT('',(-38.35,23.25,-5.2));
#3625 = DIRECTION('',(0.,1.,0.));
#3626 = DIRECTION('',(0.,0.,-1.));
#3627 = ADVANCED_FACE('',(#3628),#3670,.T.);
#3628 = FACE_BOUND('',#3629,.T.);
#3629 = EDGE_LOOP('',(#3630,#3631,#3639,#3647,#3655,#3663,#3669));
#3630 = ORIENTED_EDGE('',*,*,#1308,.F.);
#3631 = ORIENTED_EDGE('',*,*,#3632,.T.);
#3632 = EDGE_CURVE('',#1301,#3633,#3635,.T.);
#3633 = VERTEX_POINT('',#3634);
#3634 = CARTESIAN_POINT('',(-37.52120327386,14.03,-5.2));
#3635 = LINE('',#3636,#3637);
#3636 = CARTESIAN_POINT('',(-38.35,14.03,-5.2));
#3637 = VECTOR('',#3638,1.);
#3638 = DIRECTION('',(1.,0.,0.));
#3639 = ORIENTED_EDGE('',*,*,#3640,.T.);
#3640 = EDGE_CURVE('',#3633,#3641,#3643,.T.);
#3641 = VERTEX_POINT('',#3642);
#3642 = CARTESIAN_POINT('',(-37.52120327386,14.03,-10.8));
#3643 = LINE('',#3644,#3645);
#3644 = CARTESIAN_POINT('',(-37.52120327386,14.03,-7.625));
#3645 = VECTOR('',#3646,1.);
#3646 = DIRECTION('',(0.,0.,-1.));
#3647 = ORIENTED_EDGE('',*,*,#3648,.T.);
#3648 = EDGE_CURVE('',#3641,#3649,#3651,.T.);
#3649 = VERTEX_POINT('',#3650);
#3650 = CARTESIAN_POINT('',(-37.72120327386,14.03,-10.8));
#3651 = LINE('',#3652,#3653);
#3652 = CARTESIAN_POINT('',(-5.600000000002,14.03,-10.8));
#3653 = VECTOR('',#3654,1.);
#3654 = DIRECTION('',(-1.,0.,0.));
#3655 = ORIENTED_EDGE('',*,*,#3656,.T.);
#3656 = EDGE_CURVE('',#3649,#3657,#3659,.T.);
#3657 = VERTEX_POINT('',#3658);
#3658 = CARTESIAN_POINT('',(-37.52120327386,14.03,-11.55430369211));
#3659 = LINE('',#3660,#3661);
#3660 = CARTESIAN_POINT('',(-38.43549642807,14.03,-8.106030182625));
#3661 = VECTOR('',#3662,1.);
#3662 = DIRECTION('',(0.256289373133,0.,-0.966600102017));
#3663 = ORIENTED_EDGE('',*,*,#3664,.T.);
#3664 = EDGE_CURVE('',#3657,#3528,#3665,.T.);
#3665 = LINE('',#3666,#3667);
#3666 = CARTESIAN_POINT('',(-37.52120327386,14.03,-7.625));
#3667 = VECTOR('',#3668,1.);
#3668 = DIRECTION('',(0.,0.,-1.));
#3669 = ORIENTED_EDGE('',*,*,#3527,.T.);
#3670 = PLANE('',#3671);
#3671 = AXIS2_PLACEMENT_3D('',#3672,#3673,#3674);
#3672 = CARTESIAN_POINT('',(-38.35,14.03,-5.2));
#3673 = DIRECTION('',(0.,1.,0.));
#3674 = DIRECTION('',(0.,0.,-1.));
#3675 = ADVANCED_FACE('',(#3676),#3726,.F.);
#3676 = FACE_BOUND('',#3677,.F.);
#3677 = EDGE_LOOP('',(#3678,#3679,#3680,#3688,#3696,#3704,#3712,#3720));
#3678 = ORIENTED_EDGE('',*,*,#3617,.T.);
#3679 = ORIENTED_EDGE('',*,*,#1284,.T.);
#3680 = ORIENTED_EDGE('',*,*,#3681,.T.);
#3681 = EDGE_CURVE('',#1285,#3682,#3684,.T.);
#3682 = VERTEX_POINT('',#3683);
#3683 = CARTESIAN_POINT('',(-37.52120327386,18.73,-12.2));
#3684 = LINE('',#3685,#3686);
#3685 = CARTESIAN_POINT('',(-19.175,18.73,-12.2));
#3686 = VECTOR('',#3687,1.);
#3687 = DIRECTION('',(1.,0.,0.));
#3688 = ORIENTED_EDGE('',*,*,#3689,.T.);
#3689 = EDGE_CURVE('',#3682,#3690,#3692,.T.);
#3690 = VERTEX_POINT('',#3691);
#3691 = CARTESIAN_POINT('',(-37.52120327386,19.73,-12.2));
#3692 = LINE('',#3693,#3694);
#3693 = CARTESIAN_POINT('',(-37.52120327386,8.817746858169,-12.2));
#3694 = VECTOR('',#3695,1.);
#3695 = DIRECTION('',(0.,1.,0.));
#3696 = ORIENTED_EDGE('',*,*,#3697,.F.);
#3697 = EDGE_CURVE('',#3698,#3690,#3700,.T.);
#3698 = VERTEX_POINT('',#3699);
#3699 = CARTESIAN_POINT('',(-37.35,19.73,-12.2));
#3700 = LINE('',#3701,#3702);
#3701 = CARTESIAN_POINT('',(-18.075,19.73,-12.2));
#3702 = VECTOR('',#3703,1.);
#3703 = DIRECTION('',(-1.,0.,0.));
#3704 = ORIENTED_EDGE('',*,*,#3705,.F.);
#3705 = EDGE_CURVE('',#3706,#3698,#3708,.T.);
#3706 = VERTEX_POINT('',#3707);
#3707 = CARTESIAN_POINT('',(-37.35,21.45,-12.2));
#3708 = LINE('',#3709,#3710);
#3709 = CARTESIAN_POINT('',(-37.35,36.75,-12.2));
#3710 = VECTOR('',#3711,1.);
#3711 = DIRECTION('',(0.,-1.,0.));
#3712 = ORIENTED_EDGE('',*,*,#3713,.F.);
#3713 = EDGE_CURVE('',#3714,#3706,#3716,.T.);
#3714 = VERTEX_POINT('',#3715);
#3715 = CARTESIAN_POINT('',(-37.52120327386,21.45,-12.2));
#3716 = LINE('',#3717,#3718);
#3717 = CARTESIAN_POINT('',(-18.075,21.45,-12.2));
#3718 = VECTOR('',#3719,1.);
#3719 = DIRECTION('',(1.,0.,0.));
#3720 = ORIENTED_EDGE('',*,*,#3721,.T.);
#3721 = EDGE_CURVE('',#3714,#3610,#3722,.T.);
#3722 = LINE('',#3723,#3724);
#3723 = CARTESIAN_POINT('',(-37.52120327386,8.817746858169,-12.2));
#3724 = VECTOR('',#3725,1.);
#3725 = DIRECTION('',(0.,1.,0.));
#3726 = PLANE('',#3727);
#3727 = AXIS2_PLACEMENT_3D('',#3728,#3729,#3730);
#3728 = CARTESIAN_POINT('',(-4.63E-15,-9.7E-15,-12.2));
#3729 = DIRECTION('',(0.,0.,1.));
#3730 = DIRECTION('',(1.,0.,0.));
#3731 = ADVANCED_FACE('',(#3732),#3750,.T.);
#3732 = FACE_BOUND('',#3733,.T.);
#3733 = EDGE_LOOP('',(#3734,#3735,#3743,#3749));
#3734 = ORIENTED_EDGE('',*,*,#1300,.F.);
#3735 = ORIENTED_EDGE('',*,*,#3736,.T.);
#3736 = EDGE_CURVE('',#1293,#3737,#3739,.T.);
#3737 = VERTEX_POINT('',#3738);
#3738 = CARTESIAN_POINT('',(-37.52120327386,18.73,-5.2));
#3739 = LINE('',#3740,#3741);
#3740 = CARTESIAN_POINT('',(-38.35,18.73,-5.2));
#3741 = VECTOR('',#3742,1.);
#3742 = DIRECTION('',(1.,0.,0.));
#3743 = ORIENTED_EDGE('',*,*,#3744,.T.);
#3744 = EDGE_CURVE('',#3737,#3633,#3745,.T.);
#3745 = LINE('',#3746,#3747);
#3746 = CARTESIAN_POINT('',(-37.52120327386,18.182746858169,-5.2));
#3747 = VECTOR('',#3748,1.);
#3748 = DIRECTION('',(0.,-1.,0.));
#3749 = ORIENTED_EDGE('',*,*,#3632,.F.);
#3750 = PLANE('',#3751);
#3751 = AXIS2_PLACEMENT_3D('',#3752,#3753,#3754);
#3752 = CARTESIAN_POINT('',(-38.35,18.73,-5.2));
#3753 = DIRECTION('',(0.,0.,-1.));
#3754 = DIRECTION('',(0.,-1.,0.));
#3755 = ADVANCED_FACE('',(#3756),#3791,.T.);
#3756 = FACE_BOUND('',#3757,.T.);
#3757 = EDGE_LOOP('',(#3758,#3759,#3760,#3768,#3776,#3784,#3790));
#3758 = ORIENTED_EDGE('',*,*,#1292,.F.);
#3759 = ORIENTED_EDGE('',*,*,#3681,.T.);
#3760 = ORIENTED_EDGE('',*,*,#3761,.T.);
#3761 = EDGE_CURVE('',#3682,#3762,#3764,.T.);
#3762 = VERTEX_POINT('',#3763);
#3763 = CARTESIAN_POINT('',(-37.52120327386,18.73,-11.55430369211));
#3764 = LINE('',#3765,#3766);
#3765 = CARTESIAN_POINT('',(-37.52120327386,18.73,-11.875));
#3766 = VECTOR('',#3767,1.);
#3767 = DIRECTION('',(0.,0.,1.));
#3768 = ORIENTED_EDGE('',*,*,#3769,.T.);
#3769 = EDGE_CURVE('',#3762,#3770,#3772,.T.);
#3770 = VERTEX_POINT('',#3771);
#3771 = CARTESIAN_POINT('',(-37.72120327386,18.73,-10.8));
#3772 = LINE('',#3773,#3774);
#3773 = CARTESIAN_POINT('',(-37.38264675766,18.73,-12.0768721508));
#3774 = VECTOR('',#3775,1.);
#3775 = DIRECTION('',(-0.256289373133,0.,0.966600102017));
#3776 = ORIENTED_EDGE('',*,*,#3777,.T.);
#3777 = EDGE_CURVE('',#3770,#3778,#3780,.T.);
#3778 = VERTEX_POINT('',#3779);
#3779 = CARTESIAN_POINT('',(-37.52120327386,18.73,-10.8));
#3780 = LINE('',#3781,#3782);
#3781 = CARTESIAN_POINT('',(-5.600000000002,18.73,-10.8));
#3782 = VECTOR('',#3783,1.);
#3783 = DIRECTION('',(1.,0.,0.));
#3784 = ORIENTED_EDGE('',*,*,#3785,.T.);
#3785 = EDGE_CURVE('',#3778,#3737,#3786,.T.);
#3786 = LINE('',#3787,#3788);
#3787 = CARTESIAN_POINT('',(-37.52120327386,18.73,-11.875));
#3788 = VECTOR('',#3789,1.);
#3789 = DIRECTION('',(0.,0.,1.));
#3790 = ORIENTED_EDGE('',*,*,#3736,.F.);
#3791 = PLANE('',#3792);
#3792 = AXIS2_PLACEMENT_3D('',#3793,#3794,#3795);
#3793 = CARTESIAN_POINT('',(-38.35,18.73,-13.7));
#3794 = DIRECTION('',(0.,-1.,0.));
#3795 = DIRECTION('',(0.,0.,1.));
#3796 = ADVANCED_FACE('',(#3797),#3833,.T.);
#3797 = FACE_BOUND('',#3798,.T.);
#3798 = EDGE_LOOP('',(#3799,#3809,#3817,#3823,#3824,#3825,#3826,#3827));
#3799 = ORIENTED_EDGE('',*,*,#3800,.T.);
#3800 = EDGE_CURVE('',#3801,#3803,#3805,.T.);
#3801 = VERTEX_POINT('',#3802);
#3802 = CARTESIAN_POINT('',(-37.52120327386,10.83,-10.8));
#3803 = VERTEX_POINT('',#3804);
#3804 = CARTESIAN_POINT('',(-37.52120327386,10.83,-4.8));
#3805 = LINE('',#3806,#3807);
#3806 = CARTESIAN_POINT('',(-37.52120327386,10.83,-15.3));
#3807 = VECTOR('',#3808,1.);
#3808 = DIRECTION('',(0.,0.,1.));
#3809 = ORIENTED_EDGE('',*,*,#3810,.T.);
#3810 = EDGE_CURVE('',#3803,#3811,#3813,.T.);
#3811 = VERTEX_POINT('',#3812);
#3812 = CARTESIAN_POINT('',(-37.52120327386,4.13,-4.8));
#3813 = LINE('',#3814,#3815);
#3814 = CARTESIAN_POINT('',(-37.52120327386,10.83,-4.8));
#3815 = VECTOR('',#3816,1.);
#3816 = DIRECTION('',(0.,-1.,0.));
#3817 = ORIENTED_EDGE('',*,*,#3818,.T.);
#3818 = EDGE_CURVE('',#3811,#1636,#3819,.T.);
#3819 = LINE('',#3820,#3821);
#3820 = CARTESIAN_POINT('',(-37.52120327386,4.13,-4.8));
#3821 = VECTOR('',#3822,1.);
#3822 = DIRECTION('',(0.,0.,-1.));
#3823 = ORIENTED_EDGE('',*,*,#1643,.T.);
#3824 = ORIENTED_EDGE('',*,*,#1468,.F.);
#3825 = ORIENTED_EDGE('',*,*,#3392,.F.);
#3826 = ORIENTED_EDGE('',*,*,#3488,.F.);
#3827 = ORIENTED_EDGE('',*,*,#3828,.T.);
#3828 = EDGE_CURVE('',#3481,#3801,#3829,.T.);
#3829 = LINE('',#3830,#3831);
#3830 = CARTESIAN_POINT('',(-37.52120327386,27.192746858169,-10.8));
#3831 = VECTOR('',#3832,1.);
#3832 = DIRECTION('',(0.,1.,0.));
#3833 = PLANE('',#3834);
#3834 = AXIS2_PLACEMENT_3D('',#3835,#3836,#3837);
#3835 = CARTESIAN_POINT('',(-37.52120327386,17.635493716338,-10.05));
#3836 = DIRECTION('',(1.,0.,0.));
#3837 = DIRECTION('',(0.,0.,1.));
#3838 = ADVANCED_FACE('',(#3839),#3867,.F.);
#3839 = FACE_BOUND('',#3840,.T.);
#3840 = EDGE_LOOP('',(#3841,#3842,#3850,#3859,#3866));
#3841 = ORIENTED_EDGE('',*,*,#1618,.T.);
#3842 = ORIENTED_EDGE('',*,*,#3843,.T.);
#3843 = EDGE_CURVE('',#1619,#3844,#3846,.T.);
#3844 = VERTEX_POINT('',#3845);
#3845 = CARTESIAN_POINT('',(-36.15,-36.75,-2.2));
#3846 = LINE('',#3847,#3848);
#3847 = CARTESIAN_POINT('',(-36.15,-36.75,-12.2));
#3848 = VECTOR('',#3849,1.);
#3849 = DIRECTION('',(0.,0.,1.));
#3850 = ORIENTED_EDGE('',*,*,#3851,.T.);
#3851 = EDGE_CURVE('',#3844,#3852,#3854,.T.);
#3852 = VERTEX_POINT('',#3853);
#3853 = CARTESIAN_POINT('',(-30.59130487601,-45.06609408017,-2.2));
#3854 = CIRCLE('',#3855,9.);
#3855 = AXIS2_PLACEMENT_3D('',#3856,#3857,#3858);
#3856 = CARTESIAN_POINT('',(-27.15,-36.75,-2.2));
#3857 = DIRECTION('',(0.,0.,1.));
#3858 = DIRECTION('',(1.,0.,0.));
#3859 = ORIENTED_EDGE('',*,*,#3860,.T.);
#3860 = EDGE_CURVE('',#3852,#1519,#3861,.T.);
#3861 = CIRCLE('',#3862,9.);
#3862 = AXIS2_PLACEMENT_3D('',#3863,#3864,#3865);
#3863 = CARTESIAN_POINT('',(-27.15,-36.75,-2.2));
#3864 = DIRECTION('',(0.,0.,1.));
#3865 = DIRECTION('',(1.,0.,0.));
#3866 = ORIENTED_EDGE('',*,*,#1518,.F.);
#3867 = CYLINDRICAL_SURFACE('',#3868,9.);
#3868 = AXIS2_PLACEMENT_3D('',#3869,#3870,#3871);
#3869 = CARTESIAN_POINT('',(-27.15,-36.75,-12.2));
#3870 = DIRECTION('',(-0.,-0.,-1.));
#3871 = DIRECTION('',(1.,0.,0.));
#3872 = ADVANCED_FACE('',(#3873),#3892,.F.);
#3873 = FACE_BOUND('',#3874,.T.);
#3874 = EDGE_LOOP('',(#3875,#3883,#3890,#3891));
#3875 = ORIENTED_EDGE('',*,*,#3876,.T.);
#3876 = EDGE_CURVE('',#3852,#3877,#3879,.T.);
#3877 = VERTEX_POINT('',#3878);
#3878 = CARTESIAN_POINT('',(-30.59130487601,-45.06609408017,-0.6));
#3879 = LINE('',#3880,#3881);
#3880 = CARTESIAN_POINT('',(-30.59130487601,-45.06609408017,-2.2));
#3881 = VECTOR('',#3882,1.);
#3882 = DIRECTION('',(0.,0.,1.));
#3883 = ORIENTED_EDGE('',*,*,#3884,.T.);
#3884 = EDGE_CURVE('',#3877,#1527,#3885,.T.);
#3885 = CIRCLE('',#3886,8.999972729011);
#3886 = AXIS2_PLACEMENT_3D('',#3887,#3888,#3889);
#3887 = CARTESIAN_POINT('',(-27.15000541968,-36.75002727098,-0.6));
#3888 = DIRECTION('',(0.,0.,1.));
#3889 = DIRECTION('',(1.,0.,0.));
#3890 = ORIENTED_EDGE('',*,*,#1526,.F.);
#3891 = ORIENTED_EDGE('',*,*,#3860,.F.);
#3892 = CYLINDRICAL_SURFACE('',#3893,8.999972729011);
#3893 = AXIS2_PLACEMENT_3D('',#3894,#3895,#3896);
#3894 = CARTESIAN_POINT('',(-27.15000541968,-36.75002727098,-2.2));
#3895 = DIRECTION('',(-0.,-0.,-1.));
#3896 = DIRECTION('',(1.,0.,0.));
#3897 = ADVANCED_FACE('',(#3898),#3932,.F.);
#3898 = FACE_BOUND('',#3899,.F.);
#3899 = EDGE_LOOP('',(#3900,#3901,#3910,#3916,#3917,#3918,#3919,#3920,
    #3921,#3922,#3923,#3924,#3925,#3931));
#3900 = ORIENTED_EDGE('',*,*,#1534,.F.);
#3901 = ORIENTED_EDGE('',*,*,#3902,.T.);
#3902 = EDGE_CURVE('',#1535,#3903,#3905,.T.);
#3903 = VERTEX_POINT('',#3904);
#3904 = CARTESIAN_POINT('',(30.1,-45.25279365855,-0.6));
#3905 = CIRCLE('',#3906,9.);
#3906 = AXIS2_PLACEMENT_3D('',#3907,#3908,#3909);
#3907 = CARTESIAN_POINT('',(27.15,-36.75,-0.6));
#3908 = DIRECTION('',(0.,0.,1.));
#3909 = DIRECTION('',(1.,0.,0.));
#3910 = ORIENTED_EDGE('',*,*,#3911,.T.);
#3911 = EDGE_CURVE('',#3903,#2766,#3912,.T.);
#3912 = LINE('',#3913,#3914);
#3913 = CARTESIAN_POINT('',(30.1,-45.25279365855,-0.6));
#3914 = VECTOR('',#3915,1.);
#3915 = DIRECTION('',(0.,1.,0.));
#3916 = ORIENTED_EDGE('',*,*,#2765,.T.);
#3917 = ORIENTED_EDGE('',*,*,#2845,.F.);
#3918 = ORIENTED_EDGE('',*,*,#2888,.F.);
#3919 = ORIENTED_EDGE('',*,*,#2936,.F.);
#3920 = ORIENTED_EDGE('',*,*,#2984,.T.);
#3921 = ORIENTED_EDGE('',*,*,#2960,.T.);
#3922 = ORIENTED_EDGE('',*,*,#2912,.T.);
#3923 = ORIENTED_EDGE('',*,*,#2863,.F.);
#3924 = ORIENTED_EDGE('',*,*,#2814,.T.);
#3925 = ORIENTED_EDGE('',*,*,#3926,.F.);
#3926 = EDGE_CURVE('',#3877,#2807,#3927,.T.);
#3927 = LINE('',#3928,#3929);
#3928 = CARTESIAN_POINT('',(-30.59130487601,-45.06609408017,-0.6));
#3929 = VECTOR('',#3930,1.);
#3930 = DIRECTION('',(0.,1.,0.));
#3931 = ORIENTED_EDGE('',*,*,#3884,.T.);
#3932 = PLANE('',#3933);
#3933 = AXIS2_PLACEMENT_3D('',#3934,#3935,#3936);
#3934 = CARTESIAN_POINT('',(-0.203698775639,-42.05241819691,-0.6));
#3935 = DIRECTION('',(0.,0.,1.));
#3936 = DIRECTION('',(1.,0.,0.));
#3937 = ADVANCED_FACE('',(#3938),#4000,.F.);
#3938 = FACE_BOUND('',#3939,.T.);
#3939 = EDGE_LOOP('',(#3940,#3941,#3942,#3950,#3959,#3967,#3976,#3984,
    #3993,#3999));
#3940 = ORIENTED_EDGE('',*,*,#1542,.T.);
#3941 = ORIENTED_EDGE('',*,*,#3902,.T.);
#3942 = ORIENTED_EDGE('',*,*,#3943,.F.);
#3943 = EDGE_CURVE('',#3944,#3903,#3946,.T.);
#3944 = VERTEX_POINT('',#3945);
#3945 = CARTESIAN_POINT('',(30.1,-45.25279365855,-2.2));
#3946 = LINE('',#3947,#3948);
#3947 = CARTESIAN_POINT('',(30.1,-45.25279365855,-2.2));
#3948 = VECTOR('',#3949,1.);
#3949 = DIRECTION('',(0.,0.,1.));
#3950 = ORIENTED_EDGE('',*,*,#3951,.T.);
#3951 = EDGE_CURVE('',#3944,#3952,#3954,.T.);
#3952 = VERTEX_POINT('',#3953);
#3953 = CARTESIAN_POINT('',(33.042787797876,-43.55257686242,-2.2));
#3954 = CIRCLE('',#3955,9.);
#3955 = AXIS2_PLACEMENT_3D('',#3956,#3957,#3958);
#3956 = CARTESIAN_POINT('',(27.15,-36.75,-2.2));
#3957 = DIRECTION('',(0.,0.,1.));
#3958 = DIRECTION('',(1.,0.,0.));
#3959 = ORIENTED_EDGE('',*,*,#3960,.T.);
#3960 = EDGE_CURVE('',#3952,#3961,#3963,.T.);
#3961 = VERTEX_POINT('',#3962);
#3962 = CARTESIAN_POINT('',(33.042787797876,-43.55257686242,-5.3));
#3963 = LINE('',#3964,#3965);
#3964 = CARTESIAN_POINT('',(33.042787797876,-43.55257686242,-12.2));
#3965 = VECTOR('',#3966,1.);
#3966 = DIRECTION('',(-0.,-0.,-1.));
#3967 = ORIENTED_EDGE('',*,*,#3968,.F.);
#3968 = EDGE_CURVE('',#3969,#3961,#3971,.T.);
#3969 = VERTEX_POINT('',#3970);
#3970 = CARTESIAN_POINT('',(33.77660085675,-42.84000501521,-5.3));
#3971 = CIRCLE('',#3972,9.);
#3972 = AXIS2_PLACEMENT_3D('',#3973,#3974,#3975);
#3973 = CARTESIAN_POINT('',(27.15,-36.75,-5.3));
#3974 = DIRECTION('',(0.,0.,-1.));
#3975 = DIRECTION('',(1.,0.,0.));
#3976 = ORIENTED_EDGE('',*,*,#3977,.F.);
#3977 = EDGE_CURVE('',#3978,#3969,#3980,.T.);
#3978 = VERTEX_POINT('',#3979);
#3979 = CARTESIAN_POINT('',(33.77660085675,-42.84000501521,-2.2));
#3980 = LINE('',#3981,#3982);
#3981 = CARTESIAN_POINT('',(33.77660085675,-42.84000501521,-12.2));
#3982 = VECTOR('',#3983,1.);
#3983 = DIRECTION('',(-0.,-0.,-1.));
#3984 = ORIENTED_EDGE('',*,*,#3985,.T.);
#3985 = EDGE_CURVE('',#3978,#3986,#3988,.T.);
#3986 = VERTEX_POINT('',#3987);
#3987 = CARTESIAN_POINT('',(36.15,-36.75,-2.2));
#3988 = CIRCLE('',#3989,9.);
#3989 = AXIS2_PLACEMENT_3D('',#3990,#3991,#3992);
#3990 = CARTESIAN_POINT('',(27.15,-36.75,-2.2));
#3991 = DIRECTION('',(0.,0.,1.));
#3992 = DIRECTION('',(1.,0.,0.));
#3993 = ORIENTED_EDGE('',*,*,#3994,.F.);
#3994 = EDGE_CURVE('',#1589,#3986,#3995,.T.);
#3995 = LINE('',#3996,#3997);
#3996 = CARTESIAN_POINT('',(36.15,-36.75,-12.2));
#3997 = VECTOR('',#3998,1.);
#3998 = DIRECTION('',(0.,0.,1.));
#3999 = ORIENTED_EDGE('',*,*,#1596,.T.);
#4000 = CYLINDRICAL_SURFACE('',#4001,9.);
#4001 = AXIS2_PLACEMENT_3D('',#4002,#4003,#4004);
#4002 = CARTESIAN_POINT('',(27.15,-36.75,-12.2));
#4003 = DIRECTION('',(-0.,-0.,-1.));
#4004 = DIRECTION('',(1.,0.,0.));
#4005 = ADVANCED_FACE('',(#4006),#4088,.T.);
#4006 = FACE_BOUND('',#4007,.T.);
#4007 = EDGE_LOOP('',(#4008,#4009,#4010,#4018,#4026,#4034,#4042,#4050,
    #4058,#4066,#4074,#4082));
#4008 = ORIENTED_EDGE('',*,*,#1588,.F.);
#4009 = ORIENTED_EDGE('',*,*,#3994,.T.);
#4010 = ORIENTED_EDGE('',*,*,#4011,.T.);
#4011 = EDGE_CURVE('',#3986,#4012,#4014,.T.);
#4012 = VERTEX_POINT('',#4013);
#4013 = CARTESIAN_POINT('',(36.15,36.75,-2.2));
#4014 = LINE('',#4015,#4016);
#4015 = CARTESIAN_POINT('',(36.15,-36.75,-2.2));
#4016 = VECTOR('',#4017,1.);
#4017 = DIRECTION('',(0.,1.,0.));
#4018 = ORIENTED_EDGE('',*,*,#4019,.F.);
#4019 = EDGE_CURVE('',#4020,#4012,#4022,.T.);
#4020 = VERTEX_POINT('',#4021);
#4021 = CARTESIAN_POINT('',(36.15,36.75,-10.8));
#4022 = LINE('',#4023,#4024);
#4023 = CARTESIAN_POINT('',(36.15,36.75,-12.2));
#4024 = VECTOR('',#4025,1.);
#4025 = DIRECTION('',(0.,0.,1.));
#4026 = ORIENTED_EDGE('',*,*,#4027,.F.);
#4027 = EDGE_CURVE('',#4028,#4020,#4030,.T.);
#4028 = VERTEX_POINT('',#4029);
#4029 = CARTESIAN_POINT('',(36.15,19.730000000041,-10.8));
#4030 = LINE('',#4031,#4032);
#4031 = CARTESIAN_POINT('',(36.15,7.11E-15,-10.8));
#4032 = VECTOR('',#4033,1.);
#4033 = DIRECTION('',(0.,1.,0.));
#4034 = ORIENTED_EDGE('',*,*,#4035,.T.);
#4035 = EDGE_CURVE('',#4028,#4036,#4038,.T.);
#4036 = VERTEX_POINT('',#4037);
#4037 = CARTESIAN_POINT('',(36.15,19.730000000041,-4.8));
#4038 = LINE('',#4039,#4040);
#4039 = CARTESIAN_POINT('',(36.15,19.730000000041,-15.3));
#4040 = VECTOR('',#4041,1.);
#4041 = DIRECTION('',(0.,0.,1.));
#4042 = ORIENTED_EDGE('',*,*,#4043,.T.);
#4043 = EDGE_CURVE('',#4036,#4044,#4046,.T.);
#4044 = VERTEX_POINT('',#4045);
#4045 = CARTESIAN_POINT('',(36.15,13.029999999959,-4.8));
#4046 = LINE('',#4047,#4048);
#4047 = CARTESIAN_POINT('',(36.15,19.730000000041,-4.8));
#4048 = VECTOR('',#4049,1.);
#4049 = DIRECTION('',(0.,-1.,0.));
#4050 = ORIENTED_EDGE('',*,*,#4051,.T.);
#4051 = EDGE_CURVE('',#4044,#4052,#4054,.T.);
#4052 = VERTEX_POINT('',#4053);
#4053 = CARTESIAN_POINT('',(36.15,13.029999999959,-10.8));
#4054 = LINE('',#4055,#4056);
#4055 = CARTESIAN_POINT('',(36.15,13.029999999959,-4.8));
#4056 = VECTOR('',#4057,1.);
#4057 = DIRECTION('',(0.,0.,-1.));
#4058 = ORIENTED_EDGE('',*,*,#4059,.F.);
#4059 = EDGE_CURVE('',#4060,#4052,#4062,.T.);
#4060 = VERTEX_POINT('',#4061);
#4061 = CARTESIAN_POINT('',(36.15,10.83,-10.8));
#4062 = LINE('',#4063,#4064);
#4063 = CARTESIAN_POINT('',(36.15,7.11E-15,-10.8));
#4064 = VECTOR('',#4065,1.);
#4065 = DIRECTION('',(0.,1.,0.));
#4066 = ORIENTED_EDGE('',*,*,#4067,.T.);
#4067 = EDGE_CURVE('',#4060,#4068,#4070,.T.);
#4068 = VERTEX_POINT('',#4069);
#4069 = CARTESIAN_POINT('',(36.15,10.83,-4.8));
#4070 = LINE('',#4071,#4072);
#4071 = CARTESIAN_POINT('',(36.15,10.83,-15.3));
#4072 = VECTOR('',#4073,1.);
#4073 = DIRECTION('',(0.,0.,1.));
#4074 = ORIENTED_EDGE('',*,*,#4075,.T.);
#4075 = EDGE_CURVE('',#4068,#4076,#4078,.T.);
#4076 = VERTEX_POINT('',#4077);
#4077 = CARTESIAN_POINT('',(36.15,4.13,-4.8));
#4078 = LINE('',#4079,#4080);
#4079 = CARTESIAN_POINT('',(36.15,10.83,-4.8));
#4080 = VECTOR('',#4081,1.);
#4081 = DIRECTION('',(0.,-1.,0.));
#4082 = ORIENTED_EDGE('',*,*,#4083,.T.);
#4083 = EDGE_CURVE('',#4076,#1581,#4084,.T.);
#4084 = LINE('',#4085,#4086);
#4085 = CARTESIAN_POINT('',(36.15,4.13,-4.8));
#4086 = VECTOR('',#4087,1.);
#4087 = DIRECTION('',(0.,0.,-1.));
#4088 = PLANE('',#4089);
#4089 = AXIS2_PLACEMENT_3D('',#4090,#4091,#4092);
#4090 = CARTESIAN_POINT('',(36.15,-36.75,-12.2));
#4091 = DIRECTION('',(-1.,0.,0.));
#4092 = DIRECTION('',(0.,1.,0.));
#4093 = ADVANCED_FACE('',(#4094),#4105,.T.);
#4094 = FACE_BOUND('',#4095,.T.);
#4095 = EDGE_LOOP('',(#4096,#4097,#4103,#4104));
#4096 = ORIENTED_EDGE('',*,*,#4083,.F.);
#4097 = ORIENTED_EDGE('',*,*,#4098,.T.);
#4098 = EDGE_CURVE('',#4076,#3246,#4099,.T.);
#4099 = LINE('',#4100,#4101);
#4100 = CARTESIAN_POINT('',(36.15,4.13,-4.8));
#4101 = VECTOR('',#4102,1.);
#4102 = DIRECTION('',(1.,0.,0.));
#4103 = ORIENTED_EDGE('',*,*,#3253,.T.);
#4104 = ORIENTED_EDGE('',*,*,#1580,.T.);
#4105 = PLANE('',#4106);
#4106 = AXIS2_PLACEMENT_3D('',#4107,#4108,#4109);
#4107 = CARTESIAN_POINT('',(36.15,4.13,-4.8));
#4108 = DIRECTION('',(0.,1.,0.));
#4109 = DIRECTION('',(0.,0.,-1.));
#4110 = ADVANCED_FACE('',(#4111),#4129,.F.);
#4111 = FACE_BOUND('',#4112,.F.);
#4112 = EDGE_LOOP('',(#4113,#4121,#4127,#4128));
#4113 = ORIENTED_EDGE('',*,*,#4114,.F.);
#4114 = EDGE_CURVE('',#4115,#1628,#4117,.T.);
#4115 = VERTEX_POINT('',#4116);
#4116 = CARTESIAN_POINT('',(-36.15,4.13,-4.8));
#4117 = LINE('',#4118,#4119);
#4118 = CARTESIAN_POINT('',(-36.15,4.13,-4.8));
#4119 = VECTOR('',#4120,1.);
#4120 = DIRECTION('',(0.,0.,-1.));
#4121 = ORIENTED_EDGE('',*,*,#4122,.T.);
#4122 = EDGE_CURVE('',#4115,#3811,#4123,.T.);
#4123 = LINE('',#4124,#4125);
#4124 = CARTESIAN_POINT('',(-36.15,4.13,-4.8));
#4125 = VECTOR('',#4126,1.);
#4126 = DIRECTION('',(-1.,-0.,-0.));
#4127 = ORIENTED_EDGE('',*,*,#3818,.T.);
#4128 = ORIENTED_EDGE('',*,*,#1635,.T.);
#4129 = PLANE('',#4130);
#4130 = AXIS2_PLACEMENT_3D('',#4131,#4132,#4133);
#4131 = CARTESIAN_POINT('',(-36.15,4.13,-4.8));
#4132 = DIRECTION('',(0.,-1.,0.));
#4133 = DIRECTION('',(0.,0.,-1.));
#4134 = ADVANCED_FACE('',(#4135),#4274,.T.);
#4135 = FACE_BOUND('',#4136,.T.);
#4136 = EDGE_LOOP('',(#4137,#4147,#4155,#4163,#4171,#4179,#4187,#4193,
    #4194,#4195,#4196,#4204,#4212,#4220,#4228,#4236,#4244,#4252,#4260,
    #4268));
#4137 = ORIENTED_EDGE('',*,*,#4138,.F.);
#4138 = EDGE_CURVE('',#4139,#4141,#4143,.T.);
#4139 = VERTEX_POINT('',#4140);
#4140 = CARTESIAN_POINT('',(-36.15,36.75,-10.8));
#4141 = VERTEX_POINT('',#4142);
#4142 = CARTESIAN_POINT('',(-36.15,32.25,-10.8));
#4143 = LINE('',#4144,#4145);
#4144 = CARTESIAN_POINT('',(-36.15,36.75,-10.8));
#4145 = VECTOR('',#4146,1.);
#4146 = DIRECTION('',(0.,-1.,0.));
#4147 = ORIENTED_EDGE('',*,*,#4148,.T.);
#4148 = EDGE_CURVE('',#4139,#4149,#4151,.T.);
#4149 = VERTEX_POINT('',#4150);
#4150 = CARTESIAN_POINT('',(-36.15,36.75,-2.2));
#4151 = LINE('',#4152,#4153);
#4152 = CARTESIAN_POINT('',(-36.15,36.75,-12.2));
#4153 = VECTOR('',#4154,1.);
#4154 = DIRECTION('',(0.,0.,1.));
#4155 = ORIENTED_EDGE('',*,*,#4156,.T.);
#4156 = EDGE_CURVE('',#4149,#4157,#4159,.T.);
#4157 = VERTEX_POINT('',#4158);
#4158 = CARTESIAN_POINT('',(-36.15,-34.52879435587,-2.2));
#4159 = LINE('',#4160,#4161);
#4160 = CARTESIAN_POINT('',(-36.15,36.75,-2.2));
#4161 = VECTOR('',#4162,1.);
#4162 = DIRECTION('',(0.,-1.,0.));
#4163 = ORIENTED_EDGE('',*,*,#4164,.F.);
#4164 = EDGE_CURVE('',#4165,#4157,#4167,.T.);
#4165 = VERTEX_POINT('',#4166);
#4166 = CARTESIAN_POINT('',(-36.15,-34.52879435587,-5.3));
#4167 = LINE('',#4168,#4169);
#4168 = CARTESIAN_POINT('',(-36.15,-34.52879435587,-2.2));
#4169 = VECTOR('',#4170,1.);
#4170 = DIRECTION('',(0.,0.,1.));
#4171 = ORIENTED_EDGE('',*,*,#4172,.T.);
#4172 = EDGE_CURVE('',#4165,#4173,#4175,.T.);
#4173 = VERTEX_POINT('',#4174);
#4174 = CARTESIAN_POINT('',(-36.15,-36.43520564412,-5.3));
#4175 = LINE('',#4176,#4177);
#4176 = CARTESIAN_POINT('',(-36.15,19.18125,-5.3));
#4177 = VECTOR('',#4178,1.);
#4178 = DIRECTION('',(0.,-1.,0.));
#4179 = ORIENTED_EDGE('',*,*,#4180,.T.);
#4180 = EDGE_CURVE('',#4173,#4181,#4183,.T.);
#4181 = VERTEX_POINT('',#4182);
#4182 = CARTESIAN_POINT('',(-36.15,-36.43520564412,-2.2));
#4183 = LINE('',#4184,#4185);
#4184 = CARTESIAN_POINT('',(-36.15,-36.43520564412,-2.2));
#4185 = VECTOR('',#4186,1.);
#4186 = DIRECTION('',(0.,0.,1.));
#4187 = ORIENTED_EDGE('',*,*,#4188,.T.);
#4188 = EDGE_CURVE('',#4181,#3844,#4189,.T.);
#4189 = LINE('',#4190,#4191);
#4190 = CARTESIAN_POINT('',(-36.15,36.75,-2.2));
#4191 = VECTOR('',#4192,1.);
#4192 = DIRECTION('',(0.,-1.,0.));
#4193 = ORIENTED_EDGE('',*,*,#3843,.F.);
#4194 = ORIENTED_EDGE('',*,*,#1627,.F.);
#4195 = ORIENTED_EDGE('',*,*,#4114,.F.);
#4196 = ORIENTED_EDGE('',*,*,#4197,.F.);
#4197 = EDGE_CURVE('',#4198,#4115,#4200,.T.);
#4198 = VERTEX_POINT('',#4199);
#4199 = CARTESIAN_POINT('',(-36.15,10.83,-4.8));
#4200 = LINE('',#4201,#4202);
#4201 = CARTESIAN_POINT('',(-36.15,10.83,-4.8));
#4202 = VECTOR('',#4203,1.);
#4203 = DIRECTION('',(0.,-1.,0.));
#4204 = ORIENTED_EDGE('',*,*,#4205,.F.);
#4205 = EDGE_CURVE('',#4206,#4198,#4208,.T.);
#4206 = VERTEX_POINT('',#4207);
#4207 = CARTESIAN_POINT('',(-36.15,10.83,-10.8));
#4208 = LINE('',#4209,#4210);
#4209 = CARTESIAN_POINT('',(-36.15,10.83,-15.3));
#4210 = VECTOR('',#4211,1.);
#4211 = DIRECTION('',(0.,0.,1.));
#4212 = ORIENTED_EDGE('',*,*,#4213,.F.);
#4213 = EDGE_CURVE('',#4214,#4206,#4216,.T.);
#4214 = VERTEX_POINT('',#4215);
#4215 = CARTESIAN_POINT('',(-36.15,13.03,-10.8));
#4216 = LINE('',#4217,#4218);
#4217 = CARTESIAN_POINT('',(-36.15,36.75,-10.8));
#4218 = VECTOR('',#4219,1.);
#4219 = DIRECTION('',(0.,-1.,0.));
#4220 = ORIENTED_EDGE('',*,*,#4221,.F.);
#4221 = EDGE_CURVE('',#4222,#4214,#4224,.T.);
#4222 = VERTEX_POINT('',#4223);
#4223 = CARTESIAN_POINT('',(-36.15,13.03,-4.8));
#4224 = LINE('',#4225,#4226);
#4225 = CARTESIAN_POINT('',(-36.15,13.03,-4.8));
#4226 = VECTOR('',#4227,1.);
#4227 = DIRECTION('',(0.,0.,-1.));
#4228 = ORIENTED_EDGE('',*,*,#4229,.F.);
#4229 = EDGE_CURVE('',#4230,#4222,#4232,.T.);
#4230 = VERTEX_POINT('',#4231);
#4231 = CARTESIAN_POINT('',(-36.15,19.73,-4.8));
#4232 = LINE('',#4233,#4234);
#4233 = CARTESIAN_POINT('',(-36.15,19.73,-4.8));
#4234 = VECTOR('',#4235,1.);
#4235 = DIRECTION('',(0.,-1.,0.));
#4236 = ORIENTED_EDGE('',*,*,#4237,.F.);
#4237 = EDGE_CURVE('',#4238,#4230,#4240,.T.);
#4238 = VERTEX_POINT('',#4239);
#4239 = CARTESIAN_POINT('',(-36.15,19.73,-10.8));
#4240 = LINE('',#4241,#4242);
#4241 = CARTESIAN_POINT('',(-36.15,19.73,-15.3));
#4242 = VECTOR('',#4243,1.);
#4243 = DIRECTION('',(0.,0.,1.));
#4244 = ORIENTED_EDGE('',*,*,#4245,.F.);
#4245 = EDGE_CURVE('',#4246,#4238,#4248,.T.);
#4246 = VERTEX_POINT('',#4247);
#4247 = CARTESIAN_POINT('',(-36.15,21.45,-10.8));
#4248 = LINE('',#4249,#4250);
#4249 = CARTESIAN_POINT('',(-36.15,36.75,-10.8));
#4250 = VECTOR('',#4251,1.);
#4251 = DIRECTION('',(0.,-1.,0.));
#4252 = ORIENTED_EDGE('',*,*,#4253,.F.);
#4253 = EDGE_CURVE('',#4254,#4246,#4256,.T.);
#4254 = VERTEX_POINT('',#4255);
#4255 = CARTESIAN_POINT('',(-36.15,21.45,-4.8));
#4256 = LINE('',#4257,#4258);
#4257 = CARTESIAN_POINT('',(-36.15,21.45,-4.8));
#4258 = VECTOR('',#4259,1.);
#4259 = DIRECTION('',(0.,0.,-1.));
#4260 = ORIENTED_EDGE('',*,*,#4261,.F.);
#4261 = EDGE_CURVE('',#4262,#4254,#4264,.T.);
#4262 = VERTEX_POINT('',#4263);
#4263 = CARTESIAN_POINT('',(-36.15,32.25,-4.8));
#4264 = LINE('',#4265,#4266);
#4265 = CARTESIAN_POINT('',(-36.15,32.25,-4.8));
#4266 = VECTOR('',#4267,1.);
#4267 = DIRECTION('',(0.,-1.,0.));
#4268 = ORIENTED_EDGE('',*,*,#4269,.F.);
#4269 = EDGE_CURVE('',#4141,#4262,#4270,.T.);
#4270 = LINE('',#4271,#4272);
#4271 = CARTESIAN_POINT('',(-36.15,32.25,-15.3));
#4272 = VECTOR('',#4273,1.);
#4273 = DIRECTION('',(0.,0.,1.));
#4274 = PLANE('',#4275);
#4275 = AXIS2_PLACEMENT_3D('',#4276,#4277,#4278);
#4276 = CARTESIAN_POINT('',(-36.15,36.75,-12.2));
#4277 = DIRECTION('',(1.,0.,0.));
#4278 = DIRECTION('',(0.,-1.,0.));
#4279 = ADVANCED_FACE('',(#4280),#4329,.T.);
#4280 = FACE_BOUND('',#4281,.T.);
#4281 = EDGE_LOOP('',(#4282,#4283,#4284,#4285,#4286,#4295,#4304,#4312,
    #4321,#4328));
#4282 = ORIENTED_EDGE('',*,*,#3285,.F.);
#4283 = ORIENTED_EDGE('',*,*,#2059,.F.);
#4284 = ORIENTED_EDGE('',*,*,#1685,.T.);
#4285 = ORIENTED_EDGE('',*,*,#1718,.T.);
#4286 = ORIENTED_EDGE('',*,*,#4287,.T.);
#4287 = EDGE_CURVE('',#1719,#4288,#4290,.T.);
#4288 = VERTEX_POINT('',#4289);
#4289 = CARTESIAN_POINT('',(21.1,47.95,-11.2));
#4290 = CIRCLE('',#4291,2.7);
#4291 = AXIS2_PLACEMENT_3D('',#4292,#4293,#4294);
#4292 = CARTESIAN_POINT('',(18.4,47.95,-11.2));
#4293 = DIRECTION('',(0.,-1.,0.));
#4294 = DIRECTION('',(1.,0.,0.));
#4295 = ORIENTED_EDGE('',*,*,#4296,.T.);
#4296 = EDGE_CURVE('',#4288,#4297,#4299,.T.);
#4297 = VERTEX_POINT('',#4298);
#4298 = CARTESIAN_POINT('',(15.892012759203,47.95,-12.2));
#4299 = CIRCLE('',#4300,2.7);
#4300 = AXIS2_PLACEMENT_3D('',#4301,#4302,#4303);
#4301 = CARTESIAN_POINT('',(18.4,47.95,-11.2));
#4302 = DIRECTION('',(0.,-1.,0.));
#4303 = DIRECTION('',(1.,0.,0.));
#4304 = ORIENTED_EDGE('',*,*,#4305,.T.);
#4305 = EDGE_CURVE('',#4297,#4306,#4308,.T.);
#4306 = VERTEX_POINT('',#4307);
#4307 = CARTESIAN_POINT('',(9.155749299439,47.95,-12.2));
#4308 = LINE('',#4309,#4310);
#4309 = CARTESIAN_POINT('',(27.15,47.95,-12.2));
#4310 = VECTOR('',#4311,1.);
#4311 = DIRECTION('',(-1.,0.,0.));
#4312 = ORIENTED_EDGE('',*,*,#4313,.T.);
#4313 = EDGE_CURVE('',#4306,#4314,#4316,.T.);
#4314 = VERTEX_POINT('',#4315);
#4315 = CARTESIAN_POINT('',(9.17,47.95,-11.95));
#4316 = CIRCLE('',#4317,2.2);
#4317 = AXIS2_PLACEMENT_3D('',#4318,#4319,#4320);
#4318 = CARTESIAN_POINT('',(6.97,47.95,-11.95));
#4319 = DIRECTION('',(0.,-1.,0.));
#4320 = DIRECTION('',(1.,0.,0.));
#4321 = ORIENTED_EDGE('',*,*,#4322,.T.);
#4322 = EDGE_CURVE('',#4314,#3313,#4323,.T.);
#4323 = CIRCLE('',#4324,2.2);
#4324 = AXIS2_PLACEMENT_3D('',#4325,#4326,#4327);
#4325 = CARTESIAN_POINT('',(6.97,47.95,-11.95));
#4326 = DIRECTION('',(0.,-1.,0.));
#4327 = DIRECTION('',(1.,0.,0.));
#4328 = ORIENTED_EDGE('',*,*,#3320,.T.);
#4329 = PLANE('',#4330);
#4330 = AXIS2_PLACEMENT_3D('',#4331,#4332,#4333);
#4331 = CARTESIAN_POINT('',(27.15,47.95,0.));
#4332 = DIRECTION('',(0.,1.,0.));
#4333 = DIRECTION('',(-1.,0.,0.));
#4334 = ADVANCED_FACE('',(#4335),#4353,.F.);
#4335 = FACE_BOUND('',#4336,.F.);
#4336 = EDGE_LOOP('',(#4337,#4345,#4351,#4352));
#4337 = ORIENTED_EDGE('',*,*,#4338,.T.);
#4338 = EDGE_CURVE('',#1760,#4339,#4341,.T.);
#4339 = VERTEX_POINT('',#4340);
#4340 = CARTESIAN_POINT('',(37.521203273864,19.730000000041,
    -11.5543036921));
#4341 = LINE('',#4342,#4343);
#4342 = CARTESIAN_POINT('',(37.521203273864,19.730000000041,-15.3));
#4343 = VECTOR('',#4344,1.);
#4344 = DIRECTION('',(0.,0.,1.));
#4345 = ORIENTED_EDGE('',*,*,#4346,.T.);
#4346 = EDGE_CURVE('',#4339,#1784,#4347,.T.);
#4347 = LINE('',#4348,#4349);
#4348 = CARTESIAN_POINT('',(37.521203273864,-12.40999999999,
    -11.5543036921));
#4349 = VECTOR('',#4350,1.);
#4350 = DIRECTION('',(0.,-1.,0.));
#4351 = ORIENTED_EDGE('',*,*,#1783,.T.);
#4352 = ORIENTED_EDGE('',*,*,#1767,.T.);
#4353 = PLANE('',#4354);
#4354 = AXIS2_PLACEMENT_3D('',#4355,#4356,#4357);
#4355 = CARTESIAN_POINT('',(37.521203273864,11.930000000011,-10.05));
#4356 = DIRECTION('',(1.,0.,0.));
#4357 = DIRECTION('',(0.,0.,1.));
#4358 = ADVANCED_FACE('',(#4359),#4369,.T.);
#4359 = FACE_BOUND('',#4360,.T.);
#4360 = EDGE_LOOP('',(#4361,#4362,#4363));
#4361 = ORIENTED_EDGE('',*,*,#1759,.T.);
#4362 = ORIENTED_EDGE('',*,*,#4338,.T.);
#4363 = ORIENTED_EDGE('',*,*,#4364,.T.);
#4364 = EDGE_CURVE('',#4339,#1752,#4365,.T.);
#4365 = LINE('',#4366,#4367);
#4366 = CARTESIAN_POINT('',(37.112210623225,19.730000000041,
    -13.09682702421));
#4367 = VECTOR('',#4368,1.);
#4368 = DIRECTION('',(-0.256289373133,-0.,-0.966600102017));
#4369 = PLANE('',#4370);
#4370 = AXIS2_PLACEMENT_3D('',#4371,#4372,#4373);
#4371 = CARTESIAN_POINT('',(36.15,19.730000000041,-15.3));
#4372 = DIRECTION('',(0.,-1.,0.));
#4373 = DIRECTION('',(0.,0.,1.));
#4374 = ADVANCED_FACE('',(#4375),#4394,.F.);
#4375 = FACE_BOUND('',#4376,.F.);
#4376 = EDGE_LOOP('',(#4377,#4378,#4379,#4380,#4381,#4388));
#4377 = ORIENTED_EDGE('',*,*,#1791,.F.);
#4378 = ORIENTED_EDGE('',*,*,#4346,.F.);
#4379 = ORIENTED_EDGE('',*,*,#4364,.T.);
#4380 = ORIENTED_EDGE('',*,*,#1751,.T.);
#4381 = ORIENTED_EDGE('',*,*,#4382,.T.);
#4382 = EDGE_CURVE('',#1743,#4383,#4385,.T.);
#4383 = VERTEX_POINT('',#4384);
#4384 = CARTESIAN_POINT('',(37.721203273861,36.75,-10.8));
#4385 = B_SPLINE_CURVE_WITH_KNOTS('',1,(#4386,#4387),.UNSPECIFIED.,.F.,
  .F.,(2,2),(0.,1.),.PIECEWISE_BEZIER_KNOTS.);
#4386 = CARTESIAN_POINT('',(37.349999999997,36.75,-12.2));
#4387 = CARTESIAN_POINT('',(37.721203273861,36.75,-10.8));
#4388 = ORIENTED_EDGE('',*,*,#4389,.F.);
#4389 = EDGE_CURVE('',#1792,#4383,#4390,.T.);
#4390 = LINE('',#4391,#4392);
#4391 = CARTESIAN_POINT('',(37.721203273861,-36.75,-10.8));
#4392 = VECTOR('',#4393,1.);
#4393 = DIRECTION('',(0.,1.,0.));
#4394 = PLANE('',#4395);
#4395 = AXIS2_PLACEMENT_3D('',#4396,#4397,#4398);
#4396 = CARTESIAN_POINT('',(37.721203273861,-36.75,-10.8));
#4397 = DIRECTION('',(0.966600102017,0.,-0.256289373133));
#4398 = DIRECTION('',(0.,1.,0.));
#4399 = ADVANCED_FACE('',(#4400),#4418,.F.);
#4400 = FACE_BOUND('',#4401,.F.);
#4401 = EDGE_LOOP('',(#4402,#4403,#4410,#4417));
#4402 = ORIENTED_EDGE('',*,*,#1742,.T.);
#4403 = ORIENTED_EDGE('',*,*,#4404,.T.);
#4404 = EDGE_CURVE('',#1735,#4405,#4407,.T.);
#4405 = VERTEX_POINT('',#4406);
#4406 = CARTESIAN_POINT('',(27.149999999997,47.321203273864,-10.8));
#4407 = B_SPLINE_CURVE_WITH_KNOTS('',1,(#4408,#4409),.UNSPECIFIED.,.F.,
  .F.,(2,2),(0.,1.),.PIECEWISE_BEZIER_KNOTS.);
#4408 = CARTESIAN_POINT('',(27.149999999997,46.95,-12.2));
#4409 = CARTESIAN_POINT('',(27.149999999997,47.321203273864,-10.8));
#4410 = ORIENTED_EDGE('',*,*,#4411,.F.);
#4411 = EDGE_CURVE('',#4383,#4405,#4412,.T.);
#4412 = CIRCLE('',#4413,10.571203273864);
#4413 = AXIS2_PLACEMENT_3D('',#4414,#4415,#4416);
#4414 = CARTESIAN_POINT('',(27.149999999997,36.75,-10.8));
#4415 = DIRECTION('',(0.,0.,1.));
#4416 = DIRECTION('',(1.,0.,0.));
#4417 = ORIENTED_EDGE('',*,*,#4382,.F.);
#4418 = CONICAL_SURFACE('',#4419,10.2,0.259181393921);
#4419 = AXIS2_PLACEMENT_3D('',#4420,#4421,#4422);
#4420 = CARTESIAN_POINT('',(27.149999999997,36.75,-12.2));
#4421 = DIRECTION('',(0.,0.,1.));
#4422 = DIRECTION('',(1.,0.,0.));
#4423 = ADVANCED_FACE('',(#4424),#4452,.F.);
#4424 = FACE_BOUND('',#4425,.F.);
#4425 = EDGE_LOOP('',(#4426,#4427,#4428,#4437,#4446));
#4426 = ORIENTED_EDGE('',*,*,#4404,.F.);
#4427 = ORIENTED_EDGE('',*,*,#1734,.T.);
#4428 = ORIENTED_EDGE('',*,*,#4429,.F.);
#4429 = EDGE_CURVE('',#4430,#1727,#4432,.T.);
#4430 = VERTEX_POINT('',#4431);
#4431 = CARTESIAN_POINT('',(21.1,47.215145195617,-11.2));
#4432 = ELLIPSE('',#4433,2.793295794575,2.7);
#4433 = AXIS2_PLACEMENT_3D('',#4434,#4435,#4436);
#4434 = CARTESIAN_POINT('',(18.4,47.215145195617,-11.2));
#4435 = DIRECTION('',(0.,0.966600102017,-0.256289373133));
#4436 = DIRECTION('',(0.,0.256289373133,0.966600102017));
#4437 = ORIENTED_EDGE('',*,*,#4438,.F.);
#4438 = EDGE_CURVE('',#4439,#4430,#4441,.T.);
#4439 = VERTEX_POINT('',#4440);
#4440 = CARTESIAN_POINT('',(21.070205984564,47.321203273864,-10.8));
#4441 = ELLIPSE('',#4442,2.793295794575,2.7);
#4442 = AXIS2_PLACEMENT_3D('',#4443,#4444,#4445);
#4443 = CARTESIAN_POINT('',(18.4,47.215145195617,-11.2));
#4444 = DIRECTION('',(0.,0.966600102017,-0.256289373133));
#4445 = DIRECTION('',(0.,0.256289373133,0.966600102017));
#4446 = ORIENTED_EDGE('',*,*,#4447,.F.);
#4447 = EDGE_CURVE('',#4405,#4439,#4448,.T.);
#4448 = LINE('',#4449,#4450);
#4449 = CARTESIAN_POINT('',(27.149999999997,47.321203273864,-10.8));
#4450 = VECTOR('',#4451,1.);
#4451 = DIRECTION('',(-1.,0.,0.));
#4452 = PLANE('',#4453);
#4453 = AXIS2_PLACEMENT_3D('',#4454,#4455,#4456);
#4454 = CARTESIAN_POINT('',(27.149999999997,47.321203273864,-10.8));
#4455 = DIRECTION('',(0.,0.966600102017,-0.256289373133));
#4456 = DIRECTION('',(-1.,0.,0.));
#4457 = ADVANCED_FACE('',(#4458),#4505,.F.);
#4458 = FACE_BOUND('',#4459,.T.);
#4459 = EDGE_LOOP('',(#4460,#4461,#4462,#4463,#4464,#4472,#4481,#4489,
    #4498,#4504));
#4460 = ORIENTED_EDGE('',*,*,#4287,.F.);
#4461 = ORIENTED_EDGE('',*,*,#1726,.F.);
#4462 = ORIENTED_EDGE('',*,*,#4429,.F.);
#4463 = ORIENTED_EDGE('',*,*,#4438,.F.);
#4464 = ORIENTED_EDGE('',*,*,#4465,.F.);
#4465 = EDGE_CURVE('',#4466,#4439,#4468,.T.);
#4466 = VERTEX_POINT('',#4467);
#4467 = CARTESIAN_POINT('',(21.070205984564,45.75,-10.8));
#4468 = LINE('',#4469,#4470);
#4469 = CARTESIAN_POINT('',(21.070205984564,47.95,-10.8));
#4470 = VECTOR('',#4471,1.);
#4471 = DIRECTION('',(0.,1.,-2.2E-16));
#4472 = ORIENTED_EDGE('',*,*,#4473,.T.);
#4473 = EDGE_CURVE('',#4466,#4474,#4476,.T.);
#4474 = VERTEX_POINT('',#4475);
#4475 = CARTESIAN_POINT('',(15.729794015436,45.75,-10.8));
#4476 = CIRCLE('',#4477,2.7);
#4477 = AXIS2_PLACEMENT_3D('',#4478,#4479,#4480);
#4478 = CARTESIAN_POINT('',(18.4,45.75,-11.2));
#4479 = DIRECTION('',(0.,-1.,0.));
#4480 = DIRECTION('',(1.,0.,0.));
#4481 = ORIENTED_EDGE('',*,*,#4482,.T.);
#4482 = EDGE_CURVE('',#4474,#4483,#4485,.T.);
#4483 = VERTEX_POINT('',#4484);
#4484 = CARTESIAN_POINT('',(15.729794015436,47.321203273864,-10.8));
#4485 = LINE('',#4486,#4487);
#4486 = CARTESIAN_POINT('',(15.729794015436,47.95,-10.8));
#4487 = VECTOR('',#4488,1.);
#4488 = DIRECTION('',(0.,1.,-2.2E-16));
#4489 = ORIENTED_EDGE('',*,*,#4490,.F.);
#4490 = EDGE_CURVE('',#4491,#4483,#4493,.T.);
#4491 = VERTEX_POINT('',#4492);
#4492 = CARTESIAN_POINT('',(15.892012759203,46.95,-12.2));
#4493 = ELLIPSE('',#4494,2.793295794575,2.7);
#4494 = AXIS2_PLACEMENT_3D('',#4495,#4496,#4497);
#4495 = CARTESIAN_POINT('',(18.4,47.215145195617,-11.2));
#4496 = DIRECTION('',(0.,0.966600102017,-0.256289373133));
#4497 = DIRECTION('',(0.,0.256289373133,0.966600102017));
#4498 = ORIENTED_EDGE('',*,*,#4499,.T.);
#4499 = EDGE_CURVE('',#4491,#4297,#4500,.T.);
#4500 = LINE('',#4501,#4502);
#4501 = CARTESIAN_POINT('',(15.892012759203,47.95,-12.2));
#4502 = VECTOR('',#4503,1.);
#4503 = DIRECTION('',(0.,1.,-2.2E-16));
#4504 = ORIENTED_EDGE('',*,*,#4296,.F.);
#4505 = CYLINDRICAL_SURFACE('',#4506,2.7);
#4506 = AXIS2_PLACEMENT_3D('',#4507,#4508,#4509);
#4507 = CARTESIAN_POINT('',(18.4,47.95,-11.2));
#4508 = DIRECTION('',(0.,1.,-2.2E-16));
#4509 = DIRECTION('',(1.,0.,0.));
#4510 = ADVANCED_FACE('',(#4511),#4554,.F.);
#4511 = FACE_BOUND('',#4512,.F.);
#4512 = EDGE_LOOP('',(#4513,#4523,#4531,#4537,#4538,#4539,#4540,#4548));
#4513 = ORIENTED_EDGE('',*,*,#4514,.T.);
#4514 = EDGE_CURVE('',#4515,#4517,#4519,.T.);
#4515 = VERTEX_POINT('',#4516);
#4516 = CARTESIAN_POINT('',(37.521203273864,19.730000000041,-4.8));
#4517 = VERTEX_POINT('',#4518);
#4518 = CARTESIAN_POINT('',(37.521203273864,13.029999999959,-4.8));
#4519 = LINE('',#4520,#4521);
#4520 = CARTESIAN_POINT('',(37.521203273864,19.730000000041,-4.8));
#4521 = VECTOR('',#4522,1.);
#4522 = DIRECTION('',(0.,-1.,0.));
#4523 = ORIENTED_EDGE('',*,*,#4524,.T.);
#4524 = EDGE_CURVE('',#4517,#4525,#4527,.T.);
#4525 = VERTEX_POINT('',#4526);
#4526 = CARTESIAN_POINT('',(37.521203273864,13.029999999959,-10.8));
#4527 = LINE('',#4528,#4529);
#4528 = CARTESIAN_POINT('',(37.521203273864,13.029999999959,-4.8));
#4529 = VECTOR('',#4530,1.);
#4530 = DIRECTION('',(0.,0.,-1.));
#4531 = ORIENTED_EDGE('',*,*,#4532,.T.);
#4532 = EDGE_CURVE('',#4525,#1856,#4533,.T.);
#4533 = LINE('',#4534,#4535);
#4534 = CARTESIAN_POINT('',(37.521203273864,24.340000000005,-10.8));
#4535 = VECTOR('',#4536,1.);
#4536 = DIRECTION('',(0.,1.,0.));
#4537 = ORIENTED_EDGE('',*,*,#1855,.T.);
#4538 = ORIENTED_EDGE('',*,*,#1831,.T.);
#4539 = ORIENTED_EDGE('',*,*,#1807,.T.);
#4540 = ORIENTED_EDGE('',*,*,#4541,.T.);
#4541 = EDGE_CURVE('',#1800,#4542,#4544,.T.);
#4542 = VERTEX_POINT('',#4543);
#4543 = CARTESIAN_POINT('',(37.521203273864,19.730000000041,-10.8));
#4544 = LINE('',#4545,#4546);
#4545 = CARTESIAN_POINT('',(37.521203273864,24.340000000005,-10.8));
#4546 = VECTOR('',#4547,1.);
#4547 = DIRECTION('',(0.,1.,0.));
#4548 = ORIENTED_EDGE('',*,*,#4549,.T.);
#4549 = EDGE_CURVE('',#4542,#4515,#4550,.T.);
#4550 = LINE('',#4551,#4552);
#4551 = CARTESIAN_POINT('',(37.521203273864,19.730000000041,-15.3));
#4552 = VECTOR('',#4553,1.);
#4553 = DIRECTION('',(0.,0.,1.));
#4554 = PLANE('',#4555);
#4555 = AXIS2_PLACEMENT_3D('',#4556,#4557,#4558);
#4556 = CARTESIAN_POINT('',(37.521203273864,11.930000000011,-10.05));
#4557 = DIRECTION('',(1.,0.,0.));
#4558 = DIRECTION('',(0.,0.,1.));
#4559 = ADVANCED_FACE('',(#4560),#4590,.F.);
#4560 = FACE_BOUND('',#4561,.F.);
#4561 = EDGE_LOOP('',(#4562,#4563,#4564,#4565,#4566,#4567,#4575,#4582,
    #4583,#4589));
#4562 = ORIENTED_EDGE('',*,*,#1799,.F.);
#4563 = ORIENTED_EDGE('',*,*,#4389,.T.);
#4564 = ORIENTED_EDGE('',*,*,#4411,.T.);
#4565 = ORIENTED_EDGE('',*,*,#4447,.T.);
#4566 = ORIENTED_EDGE('',*,*,#4465,.F.);
#4567 = ORIENTED_EDGE('',*,*,#4568,.F.);
#4568 = EDGE_CURVE('',#4569,#4466,#4571,.T.);
#4569 = VERTEX_POINT('',#4570);
#4570 = CARTESIAN_POINT('',(27.15,45.75,-10.8));
#4571 = LINE('',#4572,#4573);
#4572 = CARTESIAN_POINT('',(27.149999999998,45.75,-10.8));
#4573 = VECTOR('',#4574,1.);
#4574 = DIRECTION('',(-1.,0.,0.));
#4575 = ORIENTED_EDGE('',*,*,#4576,.T.);
#4576 = EDGE_CURVE('',#4569,#4020,#4577,.T.);
#4577 = CIRCLE('',#4578,9.);
#4578 = AXIS2_PLACEMENT_3D('',#4579,#4580,#4581);
#4579 = CARTESIAN_POINT('',(27.15,36.75,-10.8));
#4580 = DIRECTION('',(0.,0.,-1.));
#4581 = DIRECTION('',(1.,0.,0.));
#4582 = ORIENTED_EDGE('',*,*,#4027,.F.);
#4583 = ORIENTED_EDGE('',*,*,#4584,.T.);
#4584 = EDGE_CURVE('',#4028,#4542,#4585,.T.);
#4585 = LINE('',#4586,#4587);
#4586 = CARTESIAN_POINT('',(31.649999999998,19.730000000041,-10.8));
#4587 = VECTOR('',#4588,1.);
#4588 = DIRECTION('',(1.,0.,0.));
#4589 = ORIENTED_EDGE('',*,*,#4541,.F.);
#4590 = PLANE('',#4591);
#4591 = AXIS2_PLACEMENT_3D('',#4592,#4593,#4594);
#4592 = CARTESIAN_POINT('',(27.149999999997,36.75,-10.8));
#4593 = DIRECTION('',(0.,0.,1.));
#4594 = DIRECTION('',(1.,0.,0.));
#4595 = ADVANCED_FACE('',(#4596),#4614,.F.);
#4596 = FACE_BOUND('',#4597,.F.);
#4597 = EDGE_LOOP('',(#4598,#4606,#4612,#4613));
#4598 = ORIENTED_EDGE('',*,*,#4599,.T.);
#4599 = EDGE_CURVE('',#1872,#4600,#4602,.T.);
#4600 = VERTEX_POINT('',#4601);
#4601 = CARTESIAN_POINT('',(37.521203273864,13.029999999959,
    -11.5543036921));
#4602 = LINE('',#4603,#4604);
#4603 = CARTESIAN_POINT('',(37.521203273864,-12.40999999999,
    -11.5543036921));
#4604 = VECTOR('',#4605,1.);
#4605 = DIRECTION('',(0.,-1.,0.));
#4606 = ORIENTED_EDGE('',*,*,#4607,.T.);
#4607 = EDGE_CURVE('',#4600,#1936,#4608,.T.);
#4608 = LINE('',#4609,#4610);
#4609 = CARTESIAN_POINT('',(37.521203273864,13.029999999959,-4.8));
#4610 = VECTOR('',#4611,1.);
#4611 = DIRECTION('',(0.,0.,-1.));
#4612 = ORIENTED_EDGE('',*,*,#1935,.T.);
#4613 = ORIENTED_EDGE('',*,*,#1879,.T.);
#4614 = PLANE('',#4615);
#4615 = AXIS2_PLACEMENT_3D('',#4616,#4617,#4618);
#4616 = CARTESIAN_POINT('',(37.521203273864,11.930000000011,-10.05));
#4617 = DIRECTION('',(1.,0.,0.));
#4618 = DIRECTION('',(0.,0.,1.));
#4619 = ADVANCED_FACE('',(#4620),#4652,.F.);
#4620 = FACE_BOUND('',#4621,.F.);
#4621 = EDGE_LOOP('',(#4622,#4623,#4631,#4637,#4638,#4644,#4645,#4646));
#4622 = ORIENTED_EDGE('',*,*,#1991,.F.);
#4623 = ORIENTED_EDGE('',*,*,#4624,.F.);
#4624 = EDGE_CURVE('',#4625,#1984,#4627,.T.);
#4625 = VERTEX_POINT('',#4626);
#4626 = CARTESIAN_POINT('',(37.521203273864,10.83,-11.5543036921));
#4627 = LINE('',#4628,#4629);
#4628 = CARTESIAN_POINT('',(37.521203273864,-12.40999999999,
    -11.5543036921));
#4629 = VECTOR('',#4630,1.);
#4630 = DIRECTION('',(0.,-1.,0.));
#4631 = ORIENTED_EDGE('',*,*,#4632,.T.);
#4632 = EDGE_CURVE('',#4625,#1952,#4633,.T.);
#4633 = LINE('',#4634,#4635);
#4634 = CARTESIAN_POINT('',(37.112210623225,10.83,-13.09682702421));
#4635 = VECTOR('',#4636,1.);
#4636 = DIRECTION('',(-0.256289373133,-0.,-0.966600102017));
#4637 = ORIENTED_EDGE('',*,*,#1951,.T.);
#4638 = ORIENTED_EDGE('',*,*,#4639,.T.);
#4639 = EDGE_CURVE('',#1944,#4600,#4640,.T.);
#4640 = LINE('',#4641,#4642);
#4641 = CARTESIAN_POINT('',(38.41278962786,13.029999999959,
    -8.191669298819));
#4642 = VECTOR('',#4643,1.);
#4643 = DIRECTION('',(0.256289373133,0.,0.966600102017));
#4644 = ORIENTED_EDGE('',*,*,#4599,.F.);
#4645 = ORIENTED_EDGE('',*,*,#1871,.F.);
#4646 = ORIENTED_EDGE('',*,*,#4647,.F.);
#4647 = EDGE_CURVE('',#1992,#1864,#4648,.T.);
#4648 = LINE('',#4649,#4650);
#4649 = CARTESIAN_POINT('',(37.721203273861,-36.75,-10.8));
#4650 = VECTOR('',#4651,1.);
#4651 = DIRECTION('',(0.,1.,0.));
#4652 = PLANE('',#4653);
#4653 = AXIS2_PLACEMENT_3D('',#4654,#4655,#4656);
#4654 = CARTESIAN_POINT('',(37.721203273861,-36.75,-10.8));
#4655 = DIRECTION('',(0.966600102017,0.,-0.256289373133));
#4656 = DIRECTION('',(0.,1.,0.));
#4657 = ADVANCED_FACE('',(#4658),#4678,.F.);
#4658 = FACE_BOUND('',#4659,.F.);
#4659 = EDGE_LOOP('',(#4660,#4661,#4662,#4663,#4664,#4670,#4671,#4677));
#4660 = ORIENTED_EDGE('',*,*,#1999,.F.);
#4661 = ORIENTED_EDGE('',*,*,#4647,.T.);
#4662 = ORIENTED_EDGE('',*,*,#1863,.F.);
#4663 = ORIENTED_EDGE('',*,*,#4532,.F.);
#4664 = ORIENTED_EDGE('',*,*,#4665,.T.);
#4665 = EDGE_CURVE('',#4525,#4052,#4666,.T.);
#4666 = LINE('',#4667,#4668);
#4667 = CARTESIAN_POINT('',(31.649999999998,13.029999999959,-10.8));
#4668 = VECTOR('',#4669,1.);
#4669 = DIRECTION('',(-1.,0.,0.));
#4670 = ORIENTED_EDGE('',*,*,#4059,.F.);
#4671 = ORIENTED_EDGE('',*,*,#4672,.T.);
#4672 = EDGE_CURVE('',#4060,#3264,#4673,.T.);
#4673 = LINE('',#4674,#4675);
#4674 = CARTESIAN_POINT('',(31.649999999998,10.83,-10.8));
#4675 = VECTOR('',#4676,1.);
#4676 = DIRECTION('',(1.,0.,0.));
#4677 = ORIENTED_EDGE('',*,*,#3263,.F.);
#4678 = PLANE('',#4679);
#4679 = AXIS2_PLACEMENT_3D('',#4680,#4681,#4682);
#4680 = CARTESIAN_POINT('',(27.149999999997,36.75,-10.8));
#4681 = DIRECTION('',(0.,0.,1.));
#4682 = DIRECTION('',(1.,0.,0.));
#4683 = ADVANCED_FACE('',(#4684),#4695,.F.);
#4684 = FACE_BOUND('',#4685,.F.);
#4685 = EDGE_LOOP('',(#4686,#4692,#4693,#4694));
#4686 = ORIENTED_EDGE('',*,*,#4687,.T.);
#4687 = EDGE_CURVE('',#1960,#4625,#4688,.T.);
#4688 = LINE('',#4689,#4690);
#4689 = CARTESIAN_POINT('',(37.521203273864,10.83,-15.3));
#4690 = VECTOR('',#4691,1.);
#4691 = DIRECTION('',(0.,0.,1.));
#4692 = ORIENTED_EDGE('',*,*,#4624,.T.);
#4693 = ORIENTED_EDGE('',*,*,#1983,.T.);
#4694 = ORIENTED_EDGE('',*,*,#1967,.T.);
#4695 = PLANE('',#4696);
#4696 = AXIS2_PLACEMENT_3D('',#4697,#4698,#4699);
#4697 = CARTESIAN_POINT('',(37.521203273864,11.930000000011,-10.05));
#4698 = DIRECTION('',(1.,0.,0.));
#4699 = DIRECTION('',(0.,0.,1.));
#4700 = ADVANCED_FACE('',(#4701),#4706,.T.);
#4701 = FACE_BOUND('',#4702,.T.);
#4702 = EDGE_LOOP('',(#4703,#4704,#4705));
#4703 = ORIENTED_EDGE('',*,*,#1959,.T.);
#4704 = ORIENTED_EDGE('',*,*,#4687,.T.);
#4705 = ORIENTED_EDGE('',*,*,#4632,.T.);
#4706 = PLANE('',#4707);
#4707 = AXIS2_PLACEMENT_3D('',#4708,#4709,#4710);
#4708 = CARTESIAN_POINT('',(36.15,10.83,-15.3));
#4709 = DIRECTION('',(0.,-1.,0.));
#4710 = DIRECTION('',(0.,0.,1.));
#4711 = ADVANCED_FACE('',(#4712),#4717,.T.);
#4712 = FACE_BOUND('',#4713,.T.);
#4713 = EDGE_LOOP('',(#4714,#4715,#4716));
#4714 = ORIENTED_EDGE('',*,*,#4639,.T.);
#4715 = ORIENTED_EDGE('',*,*,#4607,.T.);
#4716 = ORIENTED_EDGE('',*,*,#1943,.T.);
#4717 = PLANE('',#4718);
#4718 = AXIS2_PLACEMENT_3D('',#4719,#4720,#4721);
#4719 = CARTESIAN_POINT('',(36.15,13.029999999959,-4.8));
#4720 = DIRECTION('',(0.,1.,0.));
#4721 = DIRECTION('',(0.,0.,-1.));
#4722 = ADVANCED_FACE('',(#4723,#4882,#4952),#4986,.F.);
#4723 = FACE_BOUND('',#4724,.F.);
#4724 = EDGE_LOOP('',(#4725,#4731,#4732,#4741,#4748,#4749,#4750,#4759,
    #4768,#4777,#4786,#4794,#4803,#4812,#4821,#4828,#4829,#4838,#4845,
    #4846,#4847,#4853,#4854,#4855,#4856,#4857,#4858,#4859,#4860,#4861,
    #4862,#4863,#4864,#4865,#4866,#4867,#4868,#4869,#4870,#4871,#4872,
    #4873,#4874,#4875,#4876,#4877,#4878,#4879,#4880,#4881));
#4725 = ORIENTED_EDGE('',*,*,#4726,.F.);
#4726 = EDGE_CURVE('',#3944,#2774,#4727,.T.);
#4727 = LINE('',#4728,#4729);
#4728 = CARTESIAN_POINT('',(30.1,-45.25279365855,-2.2));
#4729 = VECTOR('',#4730,1.);
#4730 = DIRECTION('',(0.,1.,0.));
#4731 = ORIENTED_EDGE('',*,*,#3951,.T.);
#4732 = ORIENTED_EDGE('',*,*,#4733,.F.);
#4733 = EDGE_CURVE('',#4734,#3952,#4736,.T.);
#4734 = VERTEX_POINT('',#4735);
#4735 = CARTESIAN_POINT('',(34.017,-41.932,-2.2));
#4736 = CIRCLE('',#4737,1.835);
#4737 = AXIS2_PLACEMENT_3D('',#4738,#4739,#4740);
#4738 = CARTESIAN_POINT('',(32.182,-41.932,-2.2));
#4739 = DIRECTION('',(0.,0.,1.));
#4740 = DIRECTION('',(1.,0.,0.));
#4741 = ORIENTED_EDGE('',*,*,#4742,.F.);
#4742 = EDGE_CURVE('',#3978,#4734,#4743,.T.);
#4743 = CIRCLE('',#4744,1.835);
#4744 = AXIS2_PLACEMENT_3D('',#4745,#4746,#4747);
#4745 = CARTESIAN_POINT('',(32.182,-41.932,-2.2));
#4746 = DIRECTION('',(0.,0.,1.));
#4747 = DIRECTION('',(1.,0.,0.));
#4748 = ORIENTED_EDGE('',*,*,#3985,.T.);
#4749 = ORIENTED_EDGE('',*,*,#4011,.T.);
#4750 = ORIENTED_EDGE('',*,*,#4751,.T.);
#4751 = EDGE_CURVE('',#4012,#4752,#4754,.T.);
#4752 = VERTEX_POINT('',#4753);
#4753 = CARTESIAN_POINT('',(33.77660085675,42.840005015213,-2.2));
#4754 = CIRCLE('',#4755,9.);
#4755 = AXIS2_PLACEMENT_3D('',#4756,#4757,#4758);
#4756 = CARTESIAN_POINT('',(27.15,36.75,-2.2));
#4757 = DIRECTION('',(0.,0.,1.));
#4758 = DIRECTION('',(1.,0.,0.));
#4759 = ORIENTED_EDGE('',*,*,#4760,.F.);
#4760 = EDGE_CURVE('',#4761,#4752,#4763,.T.);
#4761 = VERTEX_POINT('',#4762);
#4762 = CARTESIAN_POINT('',(34.017,41.932,-2.2));
#4763 = CIRCLE('',#4764,1.835);
#4764 = AXIS2_PLACEMENT_3D('',#4765,#4766,#4767);
#4765 = CARTESIAN_POINT('',(32.182,41.932,-2.2));
#4766 = DIRECTION('',(0.,0.,1.));
#4767 = DIRECTION('',(1.,0.,0.));
#4768 = ORIENTED_EDGE('',*,*,#4769,.F.);
#4769 = EDGE_CURVE('',#4770,#4761,#4772,.T.);
#4770 = VERTEX_POINT('',#4771);
#4771 = CARTESIAN_POINT('',(33.042787797876,43.552576862425,-2.2));
#4772 = CIRCLE('',#4773,1.835);
#4773 = AXIS2_PLACEMENT_3D('',#4774,#4775,#4776);
#4774 = CARTESIAN_POINT('',(32.182,41.932,-2.2));
#4775 = DIRECTION('',(0.,0.,1.));
#4776 = DIRECTION('',(1.,0.,0.));
#4777 = ORIENTED_EDGE('',*,*,#4778,.T.);
#4778 = EDGE_CURVE('',#4770,#4779,#4781,.T.);
#4779 = VERTEX_POINT('',#4780);
#4780 = CARTESIAN_POINT('',(27.15,45.75,-2.2));
#4781 = CIRCLE('',#4782,9.);
#4782 = AXIS2_PLACEMENT_3D('',#4783,#4784,#4785);
#4783 = CARTESIAN_POINT('',(27.15,36.75,-2.2));
#4784 = DIRECTION('',(0.,0.,1.));
#4785 = DIRECTION('',(1.,0.,0.));
#4786 = ORIENTED_EDGE('',*,*,#4787,.T.);
#4787 = EDGE_CURVE('',#4779,#4788,#4790,.T.);
#4788 = VERTEX_POINT('',#4789);
#4789 = CARTESIAN_POINT('',(-27.15,45.75,-2.2));
#4790 = LINE('',#4791,#4792);
#4791 = CARTESIAN_POINT('',(27.15,45.75,-2.2));
#4792 = VECTOR('',#4793,1.);
#4793 = DIRECTION('',(-1.,0.,0.));
#4794 = ORIENTED_EDGE('',*,*,#4795,.T.);
#4795 = EDGE_CURVE('',#4788,#4796,#4798,.T.);
#4796 = VERTEX_POINT('',#4797);
#4797 = CARTESIAN_POINT('',(-33.04278779787,43.552576862425,-2.2));
#4798 = CIRCLE('',#4799,9.);
#4799 = AXIS2_PLACEMENT_3D('',#4800,#4801,#4802);
#4800 = CARTESIAN_POINT('',(-27.15,36.75,-2.2));
#4801 = DIRECTION('',(0.,0.,1.));
#4802 = DIRECTION('',(1.,0.,0.));
#4803 = ORIENTED_EDGE('',*,*,#4804,.F.);
#4804 = EDGE_CURVE('',#4805,#4796,#4807,.T.);
#4805 = VERTEX_POINT('',#4806);
#4806 = CARTESIAN_POINT('',(-30.347,41.932,-2.2));
#4807 = CIRCLE('',#4808,1.835);
#4808 = AXIS2_PLACEMENT_3D('',#4809,#4810,#4811);
#4809 = CARTESIAN_POINT('',(-32.182,41.932,-2.2));
#4810 = DIRECTION('',(0.,0.,1.));
#4811 = DIRECTION('',(1.,0.,0.));
#4812 = ORIENTED_EDGE('',*,*,#4813,.F.);
#4813 = EDGE_CURVE('',#4814,#4805,#4816,.T.);
#4814 = VERTEX_POINT('',#4815);
#4815 = CARTESIAN_POINT('',(-33.77660085675,42.840005015213,-2.2));
#4816 = CIRCLE('',#4817,1.835);
#4817 = AXIS2_PLACEMENT_3D('',#4818,#4819,#4820);
#4818 = CARTESIAN_POINT('',(-32.182,41.932,-2.2));
#4819 = DIRECTION('',(0.,0.,1.));
#4820 = DIRECTION('',(1.,0.,0.));
#4821 = ORIENTED_EDGE('',*,*,#4822,.T.);
#4822 = EDGE_CURVE('',#4814,#4149,#4823,.T.);
#4823 = CIRCLE('',#4824,9.);
#4824 = AXIS2_PLACEMENT_3D('',#4825,#4826,#4827);
#4825 = CARTESIAN_POINT('',(-27.15,36.75,-2.2));
#4826 = DIRECTION('',(0.,0.,1.));
#4827 = DIRECTION('',(1.,0.,0.));
#4828 = ORIENTED_EDGE('',*,*,#4156,.T.);
#4829 = ORIENTED_EDGE('',*,*,#4830,.F.);
#4830 = EDGE_CURVE('',#4831,#4157,#4833,.T.);
#4831 = VERTEX_POINT('',#4832);
#4832 = CARTESIAN_POINT('',(-32.747,-35.482,-2.2));
#4833 = CIRCLE('',#4834,1.835);
#4834 = AXIS2_PLACEMENT_3D('',#4835,#4836,#4837);
#4835 = CARTESIAN_POINT('',(-34.582,-35.482,-2.2));
#4836 = DIRECTION('',(0.,0.,1.));
#4837 = DIRECTION('',(1.,0.,0.));
#4838 = ORIENTED_EDGE('',*,*,#4839,.F.);
#4839 = EDGE_CURVE('',#4181,#4831,#4840,.T.);
#4840 = CIRCLE('',#4841,1.835);
#4841 = AXIS2_PLACEMENT_3D('',#4842,#4843,#4844);
#4842 = CARTESIAN_POINT('',(-34.582,-35.482,-2.2));
#4843 = DIRECTION('',(0.,0.,1.));
#4844 = DIRECTION('',(1.,0.,0.));
#4845 = ORIENTED_EDGE('',*,*,#4188,.T.);
#4846 = ORIENTED_EDGE('',*,*,#3851,.T.);
#4847 = ORIENTED_EDGE('',*,*,#4848,.T.);
#4848 = EDGE_CURVE('',#3852,#2799,#4849,.T.);
#4849 = LINE('',#4850,#4851);
#4850 = CARTESIAN_POINT('',(-30.59130487601,-45.06609408017,-2.2));
#4851 = VECTOR('',#4852,1.);
#4852 = DIRECTION('',(0.,1.,0.));
#4853 = ORIENTED_EDGE('',*,*,#2798,.F.);
#4854 = ORIENTED_EDGE('',*,*,#2733,.F.);
#4855 = ORIENTED_EDGE('',*,*,#2685,.F.);
#4856 = ORIENTED_EDGE('',*,*,#2637,.F.);
#4857 = ORIENTED_EDGE('',*,*,#2589,.F.);
#4858 = ORIENTED_EDGE('',*,*,#2541,.F.);
#4859 = ORIENTED_EDGE('',*,*,#2493,.F.);
#4860 = ORIENTED_EDGE('',*,*,#2445,.F.);
#4861 = ORIENTED_EDGE('',*,*,#2397,.F.);
#4862 = ORIENTED_EDGE('',*,*,#2349,.F.);
#4863 = ORIENTED_EDGE('',*,*,#2301,.F.);
#4864 = ORIENTED_EDGE('',*,*,#2253,.F.);
#4865 = ORIENTED_EDGE('',*,*,#2205,.F.);
#4866 = ORIENTED_EDGE('',*,*,#2157,.F.);
#4867 = ORIENTED_EDGE('',*,*,#2109,.F.);
#4868 = ORIENTED_EDGE('',*,*,#2133,.T.);
#4869 = ORIENTED_EDGE('',*,*,#2181,.T.);
#4870 = ORIENTED_EDGE('',*,*,#2229,.T.);
#4871 = ORIENTED_EDGE('',*,*,#2277,.T.);
#4872 = ORIENTED_EDGE('',*,*,#2325,.T.);
#4873 = ORIENTED_EDGE('',*,*,#2373,.T.);
#4874 = ORIENTED_EDGE('',*,*,#2421,.T.);
#4875 = ORIENTED_EDGE('',*,*,#2469,.T.);
#4876 = ORIENTED_EDGE('',*,*,#2517,.T.);
#4877 = ORIENTED_EDGE('',*,*,#2565,.T.);
#4878 = ORIENTED_EDGE('',*,*,#2613,.T.);
#4879 = ORIENTED_EDGE('',*,*,#2661,.T.);
#4880 = ORIENTED_EDGE('',*,*,#2709,.T.);
#4881 = ORIENTED_EDGE('',*,*,#2781,.T.);
#4882 = FACE_BOUND('',#4883,.F.);
#4883 = EDGE_LOOP('',(#4884,#4894,#4903,#4911,#4920,#4928,#4937,#4945));
#4884 = ORIENTED_EDGE('',*,*,#4885,.F.);
#4885 = EDGE_CURVE('',#4886,#4888,#4890,.T.);
#4886 = VERTEX_POINT('',#4887);
#4887 = CARTESIAN_POINT('',(-29.05,37.,-2.2));
#4888 = VERTEX_POINT('',#4889);
#4889 = CARTESIAN_POINT('',(-29.05,-6.,-2.2));
#4890 = LINE('',#4891,#4892);
#4891 = CARTESIAN_POINT('',(-29.05,37.,-2.2));
#4892 = VECTOR('',#4893,1.);
#4893 = DIRECTION('',(0.,-1.,0.));
#4894 = ORIENTED_EDGE('',*,*,#4895,.F.);
#4895 = EDGE_CURVE('',#4896,#4886,#4898,.T.);
#4896 = VERTEX_POINT('',#4897);
#4897 = CARTESIAN_POINT('',(-28.7,37.35,-2.2));
#4898 = CIRCLE('',#4899,0.35);
#4899 = AXIS2_PLACEMENT_3D('',#4900,#4901,#4902);
#4900 = CARTESIAN_POINT('',(-28.7,37.,-2.2));
#4901 = DIRECTION('',(0.,0.,1.));
#4902 = DIRECTION('',(1.,0.,0.));
#4903 = ORIENTED_EDGE('',*,*,#4904,.F.);
#4904 = EDGE_CURVE('',#4905,#4896,#4907,.T.);
#4905 = VERTEX_POINT('',#4906);
#4906 = CARTESIAN_POINT('',(31.4,37.35,-2.2));
#4907 = LINE('',#4908,#4909);
#4908 = CARTESIAN_POINT('',(31.4,37.35,-2.2));
#4909 = VECTOR('',#4910,1.);
#4910 = DIRECTION('',(-1.,0.,0.));
#4911 = ORIENTED_EDGE('',*,*,#4912,.F.);
#4912 = EDGE_CURVE('',#4913,#4905,#4915,.T.);
#4913 = VERTEX_POINT('',#4914);
#4914 = CARTESIAN_POINT('',(31.75,37.,-2.2));
#4915 = CIRCLE('',#4916,0.35);
#4916 = AXIS2_PLACEMENT_3D('',#4917,#4918,#4919);
#4917 = CARTESIAN_POINT('',(31.4,37.,-2.2));
#4918 = DIRECTION('',(0.,0.,1.));
#4919 = DIRECTION('',(1.,0.,0.));
#4920 = ORIENTED_EDGE('',*,*,#4921,.F.);
#4921 = EDGE_CURVE('',#4922,#4913,#4924,.T.);
#4922 = VERTEX_POINT('',#4923);
#4923 = CARTESIAN_POINT('',(31.75,-6.,-2.2));
#4924 = LINE('',#4925,#4926);
#4925 = CARTESIAN_POINT('',(31.75,-6.,-2.2));
#4926 = VECTOR('',#4927,1.);
#4927 = DIRECTION('',(0.,1.,0.));
#4928 = ORIENTED_EDGE('',*,*,#4929,.F.);
#4929 = EDGE_CURVE('',#4930,#4922,#4932,.T.);
#4930 = VERTEX_POINT('',#4931);
#4931 = CARTESIAN_POINT('',(31.4,-6.35,-2.2));
#4932 = CIRCLE('',#4933,0.35);
#4933 = AXIS2_PLACEMENT_3D('',#4934,#4935,#4936);
#4934 = CARTESIAN_POINT('',(31.4,-6.,-2.2));
#4935 = DIRECTION('',(0.,0.,1.));
#4936 = DIRECTION('',(1.,0.,0.));
#4937 = ORIENTED_EDGE('',*,*,#4938,.F.);
#4938 = EDGE_CURVE('',#4939,#4930,#4941,.T.);
#4939 = VERTEX_POINT('',#4940);
#4940 = CARTESIAN_POINT('',(-28.7,-6.35,-2.2));
#4941 = LINE('',#4942,#4943);
#4942 = CARTESIAN_POINT('',(-28.7,-6.35,-2.2));
#4943 = VECTOR('',#4944,1.);
#4944 = DIRECTION('',(1.,0.,0.));
#4945 = ORIENTED_EDGE('',*,*,#4946,.F.);
#4946 = EDGE_CURVE('',#4888,#4939,#4947,.T.);
#4947 = CIRCLE('',#4948,0.35);
#4948 = AXIS2_PLACEMENT_3D('',#4949,#4950,#4951);
#4949 = CARTESIAN_POINT('',(-28.7,-6.,-2.2));
#4950 = DIRECTION('',(0.,0.,1.));
#4951 = DIRECTION('',(1.,0.,0.));
#4952 = FACE_BOUND('',#4953,.F.);
#4953 = EDGE_LOOP('',(#4954,#4964,#4972,#4980));
#4954 = ORIENTED_EDGE('',*,*,#4955,.F.);
#4955 = EDGE_CURVE('',#4956,#4958,#4960,.T.);
#4956 = VERTEX_POINT('',#4957);
#4957 = CARTESIAN_POINT('',(24.9,42.35,-2.2));
#4958 = VERTEX_POINT('',#4959);
#4959 = CARTESIAN_POINT('',(24.9,38.85,-2.2));
#4960 = LINE('',#4961,#4962);
#4961 = CARTESIAN_POINT('',(24.9,42.35,-2.2));
#4962 = VECTOR('',#4963,1.);
#4963 = DIRECTION('',(0.,-1.,0.));
#4964 = ORIENTED_EDGE('',*,*,#4965,.F.);
#4965 = EDGE_CURVE('',#4966,#4956,#4968,.T.);
#4966 = VERTEX_POINT('',#4967);
#4967 = CARTESIAN_POINT('',(29.9,42.35,-2.2));
#4968 = LINE('',#4969,#4970);
#4969 = CARTESIAN_POINT('',(29.9,42.35,-2.2));
#4970 = VECTOR('',#4971,1.);
#4971 = DIRECTION('',(-1.,0.,0.));
#4972 = ORIENTED_EDGE('',*,*,#4973,.F.);
#4973 = EDGE_CURVE('',#4974,#4966,#4976,.T.);
#4974 = VERTEX_POINT('',#4975);
#4975 = CARTESIAN_POINT('',(29.9,38.85,-2.2));
#4976 = LINE('',#4977,#4978);
#4977 = CARTESIAN_POINT('',(29.9,38.85,-2.2));
#4978 = VECTOR('',#4979,1.);
#4979 = DIRECTION('',(0.,1.,0.));
#4980 = ORIENTED_EDGE('',*,*,#4981,.F.);
#4981 = EDGE_CURVE('',#4958,#4974,#4982,.T.);
#4982 = LINE('',#4983,#4984);
#4983 = CARTESIAN_POINT('',(24.9,38.85,-2.2));
#4984 = VECTOR('',#4985,1.);
#4985 = DIRECTION('',(1.,0.,0.));
#4986 = PLANE('',#4987);
#4987 = AXIS2_PLACEMENT_3D('',#4988,#4989,#4990);
#4988 = CARTESIAN_POINT('',(-5.98E-15,1.32E-15,-2.2));
#4989 = DIRECTION('',(0.,0.,1.));
#4990 = DIRECTION('',(1.,0.,0.));
#4991 = ADVANCED_FACE('',(#4992),#4998,.T.);
#4992 = FACE_BOUND('',#4993,.T.);
#4993 = EDGE_LOOP('',(#4994,#4995,#4996,#4997));
#4994 = ORIENTED_EDGE('',*,*,#4726,.F.);
#4995 = ORIENTED_EDGE('',*,*,#3943,.T.);
#4996 = ORIENTED_EDGE('',*,*,#3911,.T.);
#4997 = ORIENTED_EDGE('',*,*,#2773,.T.);
#4998 = PLANE('',#4999);
#4999 = AXIS2_PLACEMENT_3D('',#5000,#5001,#5002);
#5000 = CARTESIAN_POINT('',(30.1,-45.25279365855,-2.2));
#5001 = DIRECTION('',(-1.,0.,0.));
#5002 = DIRECTION('',(0.,1.,0.));
#5003 = ADVANCED_FACE('',(#5004),#5010,.F.);
#5004 = FACE_BOUND('',#5005,.F.);
#5005 = EDGE_LOOP('',(#5006,#5007,#5008,#5009));
#5006 = ORIENTED_EDGE('',*,*,#4848,.F.);
#5007 = ORIENTED_EDGE('',*,*,#3876,.T.);
#5008 = ORIENTED_EDGE('',*,*,#3926,.T.);
#5009 = ORIENTED_EDGE('',*,*,#2806,.T.);
#5010 = PLANE('',#5011);
#5011 = AXIS2_PLACEMENT_3D('',#5012,#5013,#5014);
#5012 = CARTESIAN_POINT('',(-30.59130487601,-45.06609408017,-2.2));
#5013 = DIRECTION('',(-1.,0.,0.));
#5014 = DIRECTION('',(0.,1.,0.));
#5015 = ADVANCED_FACE('',(#5016,#5086),#5096,.F.);
#5016 = FACE_BOUND('',#5017,.F.);
#5017 = EDGE_LOOP('',(#5018,#5028,#5037,#5045,#5054,#5062,#5071,#5079));
#5018 = ORIENTED_EDGE('',*,*,#5019,.T.);
#5019 = EDGE_CURVE('',#5020,#5022,#5024,.T.);
#5020 = VERTEX_POINT('',#5021);
#5021 = CARTESIAN_POINT('',(-29.05,37.,-0.6));
#5022 = VERTEX_POINT('',#5023);
#5023 = CARTESIAN_POINT('',(-29.05,-6.,-0.6));
#5024 = LINE('',#5025,#5026);
#5025 = CARTESIAN_POINT('',(-29.05,37.,-0.6));
#5026 = VECTOR('',#5027,1.);
#5027 = DIRECTION('',(0.,-1.,0.));
#5028 = ORIENTED_EDGE('',*,*,#5029,.T.);
#5029 = EDGE_CURVE('',#5022,#5030,#5032,.T.);
#5030 = VERTEX_POINT('',#5031);
#5031 = CARTESIAN_POINT('',(-28.7,-6.35,-0.6));
#5032 = CIRCLE('',#5033,0.35);
#5033 = AXIS2_PLACEMENT_3D('',#5034,#5035,#5036);
#5034 = CARTESIAN_POINT('',(-28.7,-6.,-0.6));
#5035 = DIRECTION('',(0.,0.,1.));
#5036 = DIRECTION('',(1.,0.,0.));
#5037 = ORIENTED_EDGE('',*,*,#5038,.T.);
#5038 = EDGE_CURVE('',#5030,#5039,#5041,.T.);
#5039 = VERTEX_POINT('',#5040);
#5040 = CARTESIAN_POINT('',(31.4,-6.35,-0.6));
#5041 = LINE('',#5042,#5043);
#5042 = CARTESIAN_POINT('',(-28.7,-6.35,-0.6));
#5043 = VECTOR('',#5044,1.);
#5044 = DIRECTION('',(1.,0.,0.));
#5045 = ORIENTED_EDGE('',*,*,#5046,.T.);
#5046 = EDGE_CURVE('',#5039,#5047,#5049,.T.);
#5047 = VERTEX_POINT('',#5048);
#5048 = CARTESIAN_POINT('',(31.75,-6.,-0.6));
#5049 = CIRCLE('',#5050,0.35);
#5050 = AXIS2_PLACEMENT_3D('',#5051,#5052,#5053);
#5051 = CARTESIAN_POINT('',(31.4,-6.,-0.6));
#5052 = DIRECTION('',(0.,0.,1.));
#5053 = DIRECTION('',(1.,0.,0.));
#5054 = ORIENTED_EDGE('',*,*,#5055,.T.);
#5055 = EDGE_CURVE('',#5047,#5056,#5058,.T.);
#5056 = VERTEX_POINT('',#5057);
#5057 = CARTESIAN_POINT('',(31.75,37.,-0.6));
#5058 = LINE('',#5059,#5060);
#5059 = CARTESIAN_POINT('',(31.75,-6.,-0.6));
#5060 = VECTOR('',#5061,1.);
#5061 = DIRECTION('',(0.,1.,0.));
#5062 = ORIENTED_EDGE('',*,*,#5063,.T.);
#5063 = EDGE_CURVE('',#5056,#5064,#5066,.T.);
#5064 = VERTEX_POINT('',#5065);
#5065 = CARTESIAN_POINT('',(31.4,37.35,-0.6));
#5066 = CIRCLE('',#5067,0.35);
#5067 = AXIS2_PLACEMENT_3D('',#5068,#5069,#5070);
#5068 = CARTESIAN_POINT('',(31.4,37.,-0.6));
#5069 = DIRECTION('',(0.,0.,1.));
#5070 = DIRECTION('',(1.,0.,0.));
#5071 = ORIENTED_EDGE('',*,*,#5072,.T.);
#5072 = EDGE_CURVE('',#5064,#5073,#5075,.T.);
#5073 = VERTEX_POINT('',#5074);
#5074 = CARTESIAN_POINT('',(-28.7,37.35,-0.6));
#5075 = LINE('',#5076,#5077);
#5076 = CARTESIAN_POINT('',(31.4,37.35,-0.6));
#5077 = VECTOR('',#5078,1.);
#5078 = DIRECTION('',(-1.,0.,0.));
#5079 = ORIENTED_EDGE('',*,*,#5080,.T.);
#5080 = EDGE_CURVE('',#5073,#5020,#5081,.T.);
#5081 = CIRCLE('',#5082,0.35);
#5082 = AXIS2_PLACEMENT_3D('',#5083,#5084,#5085);
#5083 = CARTESIAN_POINT('',(-28.7,37.,-0.6));
#5084 = DIRECTION('',(0.,0.,1.));
#5085 = DIRECTION('',(1.,0.,0.));
#5086 = FACE_BOUND('',#5087,.F.);
#5087 = EDGE_LOOP('',(#5088,#5089,#5090,#5091,#5092,#5093,#5094,#5095));
#5088 = ORIENTED_EDGE('',*,*,#3057,.F.);
#5089 = ORIENTED_EDGE('',*,*,#3008,.T.);
#5090 = ORIENTED_EDGE('',*,*,#3039,.F.);
#5091 = ORIENTED_EDGE('',*,*,#3089,.T.);
#5092 = ORIENTED_EDGE('',*,*,#3137,.F.);
#5093 = ORIENTED_EDGE('',*,*,#3180,.T.);
#5094 = ORIENTED_EDGE('',*,*,#3155,.F.);
#5095 = ORIENTED_EDGE('',*,*,#3106,.T.);
#5096 = PLANE('',#5097);
#5097 = AXIS2_PLACEMENT_3D('',#5098,#5099,#5100);
#5098 = CARTESIAN_POINT('',(1.35,15.5,-0.6));
#5099 = DIRECTION('',(0.,0.,1.));
#5100 = DIRECTION('',(1.,0.,0.));
#5101 = ADVANCED_FACE('',(#5102,#5136,#5139),#5142,.F.);
#5102 = FACE_BOUND('',#5103,.F.);
#5103 = EDGE_LOOP('',(#5104,#5114,#5122,#5130));
#5104 = ORIENTED_EDGE('',*,*,#5105,.T.);
#5105 = EDGE_CURVE('',#5106,#5108,#5110,.T.);
#5106 = VERTEX_POINT('',#5107);
#5107 = CARTESIAN_POINT('',(24.9,42.35,-5.3));
#5108 = VERTEX_POINT('',#5109);
#5109 = CARTESIAN_POINT('',(24.9,38.85,-5.3));
#5110 = LINE('',#5111,#5112);
#5111 = CARTESIAN_POINT('',(24.9,42.35,-5.3));
#5112 = VECTOR('',#5113,1.);
#5113 = DIRECTION('',(0.,-1.,0.));
#5114 = ORIENTED_EDGE('',*,*,#5115,.T.);
#5115 = EDGE_CURVE('',#5108,#5116,#5118,.T.);
#5116 = VERTEX_POINT('',#5117);
#5117 = CARTESIAN_POINT('',(29.9,38.85,-5.3));
#5118 = LINE('',#5119,#5120);
#5119 = CARTESIAN_POINT('',(24.9,38.85,-5.3));
#5120 = VECTOR('',#5121,1.);
#5121 = DIRECTION('',(1.,0.,0.));
#5122 = ORIENTED_EDGE('',*,*,#5123,.T.);
#5123 = EDGE_CURVE('',#5116,#5124,#5126,.T.);
#5124 = VERTEX_POINT('',#5125);
#5125 = CARTESIAN_POINT('',(29.9,42.35,-5.3));
#5126 = LINE('',#5127,#5128);
#5127 = CARTESIAN_POINT('',(29.9,38.85,-5.3));
#5128 = VECTOR('',#5129,1.);
#5129 = DIRECTION('',(0.,1.,0.));
#5130 = ORIENTED_EDGE('',*,*,#5131,.T.);
#5131 = EDGE_CURVE('',#5124,#5106,#5132,.T.);
#5132 = LINE('',#5133,#5134);
#5133 = CARTESIAN_POINT('',(29.9,42.35,-5.3));
#5134 = VECTOR('',#5135,1.);
#5135 = DIRECTION('',(-1.,0.,0.));
#5136 = FACE_BOUND('',#5137,.T.);
#5137 = EDGE_LOOP('',(#5138));
#5138 = ORIENTED_EDGE('',*,*,#3195,.T.);
#5139 = FACE_BOUND('',#5140,.T.);
#5140 = EDGE_LOOP('',(#5141));
#5141 = ORIENTED_EDGE('',*,*,#3219,.T.);
#5142 = PLANE('',#5143);
#5143 = AXIS2_PLACEMENT_3D('',#5144,#5145,#5146);
#5144 = CARTESIAN_POINT('',(27.4,40.6,-5.3));
#5145 = DIRECTION('',(0.,0.,1.));
#5146 = DIRECTION('',(1.,0.,0.));
#5147 = ADVANCED_FACE('',(#5148),#5159,.T.);
#5148 = FACE_BOUND('',#5149,.T.);
#5149 = EDGE_LOOP('',(#5150,#5156,#5157,#5158));
#5150 = ORIENTED_EDGE('',*,*,#5151,.T.);
#5151 = EDGE_CURVE('',#4068,#3244,#5152,.T.);
#5152 = LINE('',#5153,#5154);
#5153 = CARTESIAN_POINT('',(36.15,10.83,-4.8));
#5154 = VECTOR('',#5155,1.);
#5155 = DIRECTION('',(1.,0.,0.));
#5156 = ORIENTED_EDGE('',*,*,#3243,.T.);
#5157 = ORIENTED_EDGE('',*,*,#4098,.F.);
#5158 = ORIENTED_EDGE('',*,*,#4075,.F.);
#5159 = PLANE('',#5160);
#5160 = AXIS2_PLACEMENT_3D('',#5161,#5162,#5163);
#5161 = CARTESIAN_POINT('',(36.15,10.83,-4.8));
#5162 = DIRECTION('',(0.,0.,-1.));
#5163 = DIRECTION('',(0.,-1.,0.));
#5164 = ADVANCED_FACE('',(#5165),#5171,.T.);
#5165 = FACE_BOUND('',#5166,.T.);
#5166 = EDGE_LOOP('',(#5167,#5168,#5169,#5170));
#5167 = ORIENTED_EDGE('',*,*,#4067,.F.);
#5168 = ORIENTED_EDGE('',*,*,#4672,.T.);
#5169 = ORIENTED_EDGE('',*,*,#3271,.T.);
#5170 = ORIENTED_EDGE('',*,*,#5151,.F.);
#5171 = PLANE('',#5172);
#5172 = AXIS2_PLACEMENT_3D('',#5173,#5174,#5175);
#5173 = CARTESIAN_POINT('',(36.15,10.83,-15.3));
#5174 = DIRECTION('',(0.,-1.,0.));
#5175 = DIRECTION('',(0.,0.,1.));
#5176 = ADVANCED_FACE('',(#5177),#5240,.F.);
#5177 = FACE_BOUND('',#5178,.T.);
#5178 = EDGE_LOOP('',(#5179,#5180,#5188,#5197,#5206,#5214,#5223,#5231,
    #5238,#5239));
#5179 = ORIENTED_EDGE('',*,*,#4313,.F.);
#5180 = ORIENTED_EDGE('',*,*,#5181,.F.);
#5181 = EDGE_CURVE('',#5182,#4306,#5184,.T.);
#5182 = VERTEX_POINT('',#5183);
#5183 = CARTESIAN_POINT('',(9.155749299439,46.95,-12.2));
#5184 = LINE('',#5185,#5186);
#5185 = CARTESIAN_POINT('',(9.155749299439,47.95,-12.2));
#5186 = VECTOR('',#5187,1.);
#5187 = DIRECTION('',(0.,1.,-2.2E-16));
#5188 = ORIENTED_EDGE('',*,*,#5189,.F.);
#5189 = EDGE_CURVE('',#5190,#5182,#5192,.T.);
#5190 = VERTEX_POINT('',#5191);
#5191 = CARTESIAN_POINT('',(9.17,47.016286298904,-11.95));
#5192 = ELLIPSE('',#5193,2.27601879558,2.2);
#5193 = AXIS2_PLACEMENT_3D('',#5194,#5195,#5196);
#5194 = CARTESIAN_POINT('',(6.97,47.016286298904,-11.95));
#5195 = DIRECTION('',(0.,0.966600102017,-0.256289373133));
#5196 = DIRECTION('',(0.,0.256289373133,0.966600102017));
#5197 = ORIENTED_EDGE('',*,*,#5198,.F.);
#5198 = EDGE_CURVE('',#5199,#5190,#5201,.T.);
#5199 = VERTEX_POINT('',#5200);
#5200 = CARTESIAN_POINT('',(8.845499933351,47.321203273864,-10.8));
#5201 = ELLIPSE('',#5202,2.27601879558,2.2);
#5202 = AXIS2_PLACEMENT_3D('',#5203,#5204,#5205);
#5203 = CARTESIAN_POINT('',(6.97,47.016286298904,-11.95));
#5204 = DIRECTION('',(0.,0.966600102017,-0.256289373133));
#5205 = DIRECTION('',(0.,0.256289373133,0.966600102017));
#5206 = ORIENTED_EDGE('',*,*,#5207,.F.);
#5207 = EDGE_CURVE('',#5208,#5199,#5210,.T.);
#5208 = VERTEX_POINT('',#5209);
#5209 = CARTESIAN_POINT('',(8.845499933351,45.75,-10.8));
#5210 = LINE('',#5211,#5212);
#5211 = CARTESIAN_POINT('',(8.845499933351,47.95,-10.8));
#5212 = VECTOR('',#5213,1.);
#5213 = DIRECTION('',(0.,1.,-2.2E-16));
#5214 = ORIENTED_EDGE('',*,*,#5215,.T.);
#5215 = EDGE_CURVE('',#5208,#5216,#5218,.T.);
#5216 = VERTEX_POINT('',#5217);
#5217 = CARTESIAN_POINT('',(5.094500066649,45.75,-10.8));
#5218 = CIRCLE('',#5219,2.2);
#5219 = AXIS2_PLACEMENT_3D('',#5220,#5221,#5222);
#5220 = CARTESIAN_POINT('',(6.97,45.75,-11.95));
#5221 = DIRECTION('',(0.,-1.,0.));
#5222 = DIRECTION('',(1.,0.,0.));
#5223 = ORIENTED_EDGE('',*,*,#5224,.T.);
#5224 = EDGE_CURVE('',#5216,#5225,#5227,.T.);
#5225 = VERTEX_POINT('',#5226);
#5226 = CARTESIAN_POINT('',(5.094500066649,47.321203273864,-10.8));
#5227 = LINE('',#5228,#5229);
#5228 = CARTESIAN_POINT('',(5.094500066649,47.95,-10.8));
#5229 = VECTOR('',#5230,1.);
#5230 = DIRECTION('',(0.,1.,-2.2E-16));
#5231 = ORIENTED_EDGE('',*,*,#5232,.F.);
#5232 = EDGE_CURVE('',#3311,#5225,#5233,.T.);
#5233 = ELLIPSE('',#5234,2.27601879558,2.2);
#5234 = AXIS2_PLACEMENT_3D('',#5235,#5236,#5237);
#5235 = CARTESIAN_POINT('',(6.97,47.016286298904,-11.95));
#5236 = DIRECTION('',(0.,0.966600102017,-0.256289373133));
#5237 = DIRECTION('',(0.,0.256289373133,0.966600102017));
#5238 = ORIENTED_EDGE('',*,*,#3310,.T.);
#5239 = ORIENTED_EDGE('',*,*,#4322,.F.);
#5240 = CYLINDRICAL_SURFACE('',#5241,2.2);
#5241 = AXIS2_PLACEMENT_3D('',#5242,#5243,#5244);
#5242 = CARTESIAN_POINT('',(6.97,47.95,-11.95));
#5243 = DIRECTION('',(0.,1.,-2.2E-16));
#5244 = DIRECTION('',(1.,0.,0.));
#5245 = ADVANCED_FACE('',(#5246),#5263,.F.);
#5246 = FACE_BOUND('',#5247,.F.);
#5247 = EDGE_LOOP('',(#5248,#5249,#5250,#5257));
#5248 = ORIENTED_EDGE('',*,*,#5232,.F.);
#5249 = ORIENTED_EDGE('',*,*,#3369,.T.);
#5250 = ORIENTED_EDGE('',*,*,#5251,.T.);
#5251 = EDGE_CURVE('',#3361,#5252,#5254,.T.);
#5252 = VERTEX_POINT('',#5253);
#5253 = CARTESIAN_POINT('',(-27.15,47.321203273864,-10.8));
#5254 = B_SPLINE_CURVE_WITH_KNOTS('',1,(#5255,#5256),.UNSPECIFIED.,.F.,
  .F.,(2,2),(0.,1.),.PIECEWISE_BEZIER_KNOTS.);
#5255 = CARTESIAN_POINT('',(-27.15,46.95,-12.2));
#5256 = CARTESIAN_POINT('',(-27.15,47.321203273864,-10.8));
#5257 = ORIENTED_EDGE('',*,*,#5258,.F.);
#5258 = EDGE_CURVE('',#5225,#5252,#5259,.T.);
#5259 = LINE('',#5260,#5261);
#5260 = CARTESIAN_POINT('',(27.149999999997,47.321203273864,-10.8));
#5261 = VECTOR('',#5262,1.);
#5262 = DIRECTION('',(-1.,0.,0.));
#5263 = PLANE('',#5264);
#5264 = AXIS2_PLACEMENT_3D('',#5265,#5266,#5267);
#5265 = CARTESIAN_POINT('',(27.149999999997,47.321203273864,-10.8));
#5266 = DIRECTION('',(0.,0.966600102017,-0.256289373133));
#5267 = DIRECTION('',(-1.,0.,0.));
#5268 = ADVANCED_FACE('',(#5269),#5287,.F.);
#5269 = FACE_BOUND('',#5270,.F.);
#5270 = EDGE_LOOP('',(#5271,#5272,#5279,#5286));
#5271 = ORIENTED_EDGE('',*,*,#3360,.T.);
#5272 = ORIENTED_EDGE('',*,*,#5273,.T.);
#5273 = EDGE_CURVE('',#3353,#5274,#5276,.T.);
#5274 = VERTEX_POINT('',#5275);
#5275 = CARTESIAN_POINT('',(-37.72120327386,36.75,-10.8));
#5276 = B_SPLINE_CURVE_WITH_KNOTS('',1,(#5277,#5278),.UNSPECIFIED.,.F.,
  .F.,(2,2),(0.,1.),.PIECEWISE_BEZIER_KNOTS.);
#5277 = CARTESIAN_POINT('',(-37.35,36.75,-12.2));
#5278 = CARTESIAN_POINT('',(-37.72120327386,36.75,-10.8));
#5279 = ORIENTED_EDGE('',*,*,#5280,.F.);
#5280 = EDGE_CURVE('',#5252,#5274,#5281,.T.);
#5281 = CIRCLE('',#5282,10.571203273864);
#5282 = AXIS2_PLACEMENT_3D('',#5283,#5284,#5285);
#5283 = CARTESIAN_POINT('',(-27.15,36.75,-10.8));
#5284 = DIRECTION('',(0.,0.,1.));
#5285 = DIRECTION('',(1.,0.,0.));
#5286 = ORIENTED_EDGE('',*,*,#5251,.F.);
#5287 = CONICAL_SURFACE('',#5288,10.2,0.259181393921);
#5288 = AXIS2_PLACEMENT_3D('',#5289,#5290,#5291);
#5289 = CARTESIAN_POINT('',(-27.15,36.75,-12.2));
#5290 = DIRECTION('',(0.,0.,1.));
#5291 = DIRECTION('',(1.,0.,0.));
#5292 = ADVANCED_FACE('',(#5293),#5318,.F.);
#5293 = FACE_BOUND('',#5294,.F.);
#5294 = EDGE_LOOP('',(#5295,#5296,#5297,#5305,#5311,#5312));
#5295 = ORIENTED_EDGE('',*,*,#5273,.F.);
#5296 = ORIENTED_EDGE('',*,*,#3352,.T.);
#5297 = ORIENTED_EDGE('',*,*,#5298,.F.);
#5298 = EDGE_CURVE('',#5299,#3345,#5301,.T.);
#5299 = VERTEX_POINT('',#5300);
#5300 = CARTESIAN_POINT('',(-37.52120327386,32.25,-11.55430369211));
#5301 = LINE('',#5302,#5303);
#5302 = CARTESIAN_POINT('',(-37.11221062322,32.25,-13.09682702421));
#5303 = VECTOR('',#5304,1.);
#5304 = DIRECTION('',(0.256289373133,0.,-0.966600102017));
#5305 = ORIENTED_EDGE('',*,*,#5306,.T.);
#5306 = EDGE_CURVE('',#5299,#3410,#5307,.T.);
#5307 = LINE('',#5308,#5309);
#5308 = CARTESIAN_POINT('',(-37.52120327386,27.192746858169,
    -11.55430369211));
#5309 = VECTOR('',#5310,1.);
#5310 = DIRECTION('',(0.,-1.,0.));
#5311 = ORIENTED_EDGE('',*,*,#3417,.T.);
#5312 = ORIENTED_EDGE('',*,*,#5313,.F.);
#5313 = EDGE_CURVE('',#5274,#3418,#5314,.T.);
#5314 = LINE('',#5315,#5316);
#5315 = CARTESIAN_POINT('',(-37.72120327386,36.75,-10.8));
#5316 = VECTOR('',#5317,1.);
#5317 = DIRECTION('',(0.,-1.,0.));
#5318 = PLANE('',#5319);
#5319 = AXIS2_PLACEMENT_3D('',#5320,#5321,#5322);
#5320 = CARTESIAN_POINT('',(-37.72120327386,36.75,-10.8));
#5321 = DIRECTION('',(-0.966600102017,0.,-0.256289373133));
#5322 = DIRECTION('',(0.,-1.,0.));
#5323 = ADVANCED_FACE('',(#5324),#5334,.F.);
#5324 = FACE_BOUND('',#5325,.F.);
#5325 = EDGE_LOOP('',(#5326,#5327,#5333));
#5326 = ORIENTED_EDGE('',*,*,#3344,.T.);
#5327 = ORIENTED_EDGE('',*,*,#5328,.T.);
#5328 = EDGE_CURVE('',#3337,#5299,#5329,.T.);
#5329 = LINE('',#5330,#5331);
#5330 = CARTESIAN_POINT('',(-37.52120327386,32.25,-15.3));
#5331 = VECTOR('',#5332,1.);
#5332 = DIRECTION('',(0.,0.,1.));
#5333 = ORIENTED_EDGE('',*,*,#5298,.T.);
#5334 = PLANE('',#5335);
#5335 = AXIS2_PLACEMENT_3D('',#5336,#5337,#5338);
#5336 = CARTESIAN_POINT('',(-36.15,32.25,-15.3));
#5337 = DIRECTION('',(0.,1.,0.));
#5338 = DIRECTION('',(0.,0.,1.));
#5339 = ADVANCED_FACE('',(#5340),#5346,.T.);
#5340 = FACE_BOUND('',#5341,.T.);
#5341 = EDGE_LOOP('',(#5342,#5343,#5344,#5345));
#5342 = ORIENTED_EDGE('',*,*,#5328,.T.);
#5343 = ORIENTED_EDGE('',*,*,#5306,.T.);
#5344 = ORIENTED_EDGE('',*,*,#3409,.F.);
#5345 = ORIENTED_EDGE('',*,*,#3336,.T.);
#5346 = PLANE('',#5347);
#5347 = AXIS2_PLACEMENT_3D('',#5348,#5349,#5350);
#5348 = CARTESIAN_POINT('',(-37.52120327386,17.635493716338,-10.05));
#5349 = DIRECTION('',(1.,0.,0.));
#5350 = DIRECTION('',(0.,0.,1.));
#5351 = ADVANCED_FACE('',(#5352),#5395,.T.);
#5352 = FACE_BOUND('',#5353,.T.);
#5353 = EDGE_LOOP('',(#5354,#5364,#5372,#5380,#5386,#5387,#5388,#5389));
#5354 = ORIENTED_EDGE('',*,*,#5355,.T.);
#5355 = EDGE_CURVE('',#5356,#5358,#5360,.T.);
#5356 = VERTEX_POINT('',#5357);
#5357 = CARTESIAN_POINT('',(-37.52120327386,32.25,-10.8));
#5358 = VERTEX_POINT('',#5359);
#5359 = CARTESIAN_POINT('',(-37.52120327386,32.25,-4.8));
#5360 = LINE('',#5361,#5362);
#5361 = CARTESIAN_POINT('',(-37.52120327386,32.25,-15.3));
#5362 = VECTOR('',#5363,1.);
#5363 = DIRECTION('',(0.,0.,1.));
#5364 = ORIENTED_EDGE('',*,*,#5365,.T.);
#5365 = EDGE_CURVE('',#5358,#5366,#5368,.T.);
#5366 = VERTEX_POINT('',#5367);
#5367 = CARTESIAN_POINT('',(-37.52120327386,21.45,-4.8));
#5368 = LINE('',#5369,#5370);
#5369 = CARTESIAN_POINT('',(-37.52120327386,32.25,-4.8));
#5370 = VECTOR('',#5371,1.);
#5371 = DIRECTION('',(0.,-1.,0.));
#5372 = ORIENTED_EDGE('',*,*,#5373,.T.);
#5373 = EDGE_CURVE('',#5366,#5374,#5376,.T.);
#5374 = VERTEX_POINT('',#5375);
#5375 = CARTESIAN_POINT('',(-37.52120327386,21.45,-10.8));
#5376 = LINE('',#5377,#5378);
#5377 = CARTESIAN_POINT('',(-37.52120327386,21.45,-4.8));
#5378 = VECTOR('',#5379,1.);
#5379 = DIRECTION('',(0.,0.,-1.));
#5380 = ORIENTED_EDGE('',*,*,#5381,.T.);
#5381 = EDGE_CURVE('',#5374,#3586,#5382,.T.);
#5382 = LINE('',#5383,#5384);
#5383 = CARTESIAN_POINT('',(-37.52120327386,27.192746858169,-10.8));
#5384 = VECTOR('',#5385,1.);
#5385 = DIRECTION('',(0.,1.,0.));
#5386 = ORIENTED_EDGE('',*,*,#3585,.F.);
#5387 = ORIENTED_EDGE('',*,*,#3505,.F.);
#5388 = ORIENTED_EDGE('',*,*,#3433,.F.);
#5389 = ORIENTED_EDGE('',*,*,#5390,.T.);
#5390 = EDGE_CURVE('',#3426,#5356,#5391,.T.);
#5391 = LINE('',#5392,#5393);
#5392 = CARTESIAN_POINT('',(-37.52120327386,27.192746858169,-10.8));
#5393 = VECTOR('',#5394,1.);
#5394 = DIRECTION('',(0.,1.,0.));
#5395 = PLANE('',#5396);
#5396 = AXIS2_PLACEMENT_3D('',#5397,#5398,#5399);
#5397 = CARTESIAN_POINT('',(-37.52120327386,17.635493716338,-10.05));
#5398 = DIRECTION('',(1.,0.,0.));
#5399 = DIRECTION('',(0.,0.,1.));
#5400 = ADVANCED_FACE('',(#5401),#5431,.F.);
#5401 = FACE_BOUND('',#5402,.F.);
#5402 = EDGE_LOOP('',(#5403,#5404,#5405,#5406,#5407,#5408,#5409,#5415,
    #5416,#5425));
#5403 = ORIENTED_EDGE('',*,*,#5224,.T.);
#5404 = ORIENTED_EDGE('',*,*,#5258,.T.);
#5405 = ORIENTED_EDGE('',*,*,#5280,.T.);
#5406 = ORIENTED_EDGE('',*,*,#5313,.T.);
#5407 = ORIENTED_EDGE('',*,*,#3425,.T.);
#5408 = ORIENTED_EDGE('',*,*,#5390,.T.);
#5409 = ORIENTED_EDGE('',*,*,#5410,.F.);
#5410 = EDGE_CURVE('',#4141,#5356,#5411,.T.);
#5411 = LINE('',#5412,#5413);
#5412 = CARTESIAN_POINT('',(-4.500000000002,32.25,-10.8));
#5413 = VECTOR('',#5414,1.);
#5414 = DIRECTION('',(-1.,0.,0.));
#5415 = ORIENTED_EDGE('',*,*,#4138,.F.);
#5416 = ORIENTED_EDGE('',*,*,#5417,.T.);
#5417 = EDGE_CURVE('',#4139,#5418,#5420,.T.);
#5418 = VERTEX_POINT('',#5419);
#5419 = CARTESIAN_POINT('',(-27.15,45.75,-10.8));
#5420 = CIRCLE('',#5421,9.);
#5421 = AXIS2_PLACEMENT_3D('',#5422,#5423,#5424);
#5422 = CARTESIAN_POINT('',(-27.15,36.75,-10.8));
#5423 = DIRECTION('',(0.,0.,-1.));
#5424 = DIRECTION('',(1.,0.,0.));
#5425 = ORIENTED_EDGE('',*,*,#5426,.F.);
#5426 = EDGE_CURVE('',#5216,#5418,#5427,.T.);
#5427 = LINE('',#5428,#5429);
#5428 = CARTESIAN_POINT('',(27.149999999998,45.75,-10.8));
#5429 = VECTOR('',#5430,1.);
#5430 = DIRECTION('',(-1.,0.,0.));
#5431 = PLANE('',#5432);
#5432 = AXIS2_PLACEMENT_3D('',#5433,#5434,#5435);
#5433 = CARTESIAN_POINT('',(27.149999999997,36.75,-10.8));
#5434 = DIRECTION('',(0.,0.,1.));
#5435 = DIRECTION('',(1.,0.,0.));
#5436 = ADVANCED_FACE('',(#5437),#5469,.F.);
#5437 = FACE_BOUND('',#5438,.F.);
#5438 = EDGE_LOOP('',(#5439,#5440,#5446,#5447,#5448,#5454,#5455,#5463));
#5439 = ORIENTED_EDGE('',*,*,#3648,.T.);
#5440 = ORIENTED_EDGE('',*,*,#5441,.T.);
#5441 = EDGE_CURVE('',#3649,#3473,#5442,.T.);
#5442 = LINE('',#5443,#5444);
#5443 = CARTESIAN_POINT('',(-37.72120327386,36.75,-10.8));
#5444 = VECTOR('',#5445,1.);
#5445 = DIRECTION('',(0.,-1.,0.));
#5446 = ORIENTED_EDGE('',*,*,#3480,.T.);
#5447 = ORIENTED_EDGE('',*,*,#3828,.T.);
#5448 = ORIENTED_EDGE('',*,*,#5449,.F.);
#5449 = EDGE_CURVE('',#4206,#3801,#5450,.T.);
#5450 = LINE('',#5451,#5452);
#5451 = CARTESIAN_POINT('',(-4.500000000002,10.83,-10.8));
#5452 = VECTOR('',#5453,1.);
#5453 = DIRECTION('',(-1.,0.,0.));
#5454 = ORIENTED_EDGE('',*,*,#4213,.F.);
#5455 = ORIENTED_EDGE('',*,*,#5456,.F.);
#5456 = EDGE_CURVE('',#5457,#4214,#5459,.T.);
#5457 = VERTEX_POINT('',#5458);
#5458 = CARTESIAN_POINT('',(-37.52120327386,13.03,-10.8));
#5459 = LINE('',#5460,#5461);
#5460 = CARTESIAN_POINT('',(-4.500000000002,13.03,-10.8));
#5461 = VECTOR('',#5462,1.);
#5462 = DIRECTION('',(1.,0.,0.));
#5463 = ORIENTED_EDGE('',*,*,#5464,.T.);
#5464 = EDGE_CURVE('',#5457,#3641,#5465,.T.);
#5465 = LINE('',#5466,#5467);
#5466 = CARTESIAN_POINT('',(-37.52120327386,27.192746858169,-10.8));
#5467 = VECTOR('',#5468,1.);
#5468 = DIRECTION('',(0.,1.,0.));
#5469 = PLANE('',#5470);
#5470 = AXIS2_PLACEMENT_3D('',#5471,#5472,#5473);
#5471 = CARTESIAN_POINT('',(27.149999999997,36.75,-10.8));
#5472 = DIRECTION('',(0.,0.,1.));
#5473 = DIRECTION('',(1.,0.,0.));
#5474 = ADVANCED_FACE('',(#5475),#5509,.F.);
#5475 = FACE_BOUND('',#5476,.F.);
#5476 = EDGE_LOOP('',(#5477,#5478,#5479,#5487,#5493,#5494,#5502,#5508));
#5477 = ORIENTED_EDGE('',*,*,#5441,.F.);
#5478 = ORIENTED_EDGE('',*,*,#3656,.T.);
#5479 = ORIENTED_EDGE('',*,*,#5480,.T.);
#5480 = EDGE_CURVE('',#3657,#5481,#5483,.T.);
#5481 = VERTEX_POINT('',#5482);
#5482 = CARTESIAN_POINT('',(-37.52120327386,13.03,-11.55430369211));
#5483 = LINE('',#5484,#5485);
#5484 = CARTESIAN_POINT('',(-37.52120327386,27.192746858169,
    -11.55430369211));
#5485 = VECTOR('',#5486,1.);
#5486 = DIRECTION('',(0.,-1.,0.));
#5487 = ORIENTED_EDGE('',*,*,#5488,.F.);
#5488 = EDGE_CURVE('',#3554,#5481,#5489,.T.);
#5489 = LINE('',#5490,#5491);
#5490 = CARTESIAN_POINT('',(-38.41278962786,13.03,-8.191669298819));
#5491 = VECTOR('',#5492,1.);
#5492 = DIRECTION('',(-0.256289373133,0.,0.966600102017));
#5493 = ORIENTED_EDGE('',*,*,#3553,.T.);
#5494 = ORIENTED_EDGE('',*,*,#5495,.F.);
#5495 = EDGE_CURVE('',#5496,#3546,#5498,.T.);
#5496 = VERTEX_POINT('',#5497);
#5497 = CARTESIAN_POINT('',(-37.52120327386,10.83,-11.55430369211));
#5498 = LINE('',#5499,#5500);
#5499 = CARTESIAN_POINT('',(-37.11221062322,10.83,-13.09682702421));
#5500 = VECTOR('',#5501,1.);
#5501 = DIRECTION('',(0.256289373133,0.,-0.966600102017));
#5502 = ORIENTED_EDGE('',*,*,#5503,.T.);
#5503 = EDGE_CURVE('',#5496,#3465,#5504,.T.);
#5504 = LINE('',#5505,#5506);
#5505 = CARTESIAN_POINT('',(-37.52120327386,27.192746858169,
    -11.55430369211));
#5506 = VECTOR('',#5507,1.);
#5507 = DIRECTION('',(0.,-1.,0.));
#5508 = ORIENTED_EDGE('',*,*,#3472,.T.);
#5509 = PLANE('',#5510);
#5510 = AXIS2_PLACEMENT_3D('',#5511,#5512,#5513);
#5511 = CARTESIAN_POINT('',(-37.72120327386,36.75,-10.8));
#5512 = DIRECTION('',(-0.966600102017,0.,-0.256289373133));
#5513 = DIRECTION('',(0.,-1.,0.));
#5514 = ADVANCED_FACE('',(#5515),#5526,.T.);
#5515 = FACE_BOUND('',#5516,.T.);
#5516 = EDGE_LOOP('',(#5517,#5523,#5524,#5525));
#5517 = ORIENTED_EDGE('',*,*,#5518,.T.);
#5518 = EDGE_CURVE('',#3538,#5496,#5519,.T.);
#5519 = LINE('',#5520,#5521);
#5520 = CARTESIAN_POINT('',(-37.52120327386,10.83,-15.3));
#5521 = VECTOR('',#5522,1.);
#5522 = DIRECTION('',(0.,0.,1.));
#5523 = ORIENTED_EDGE('',*,*,#5503,.T.);
#5524 = ORIENTED_EDGE('',*,*,#3464,.F.);
#5525 = ORIENTED_EDGE('',*,*,#3537,.T.);
#5526 = PLANE('',#5527);
#5527 = AXIS2_PLACEMENT_3D('',#5528,#5529,#5530);
#5528 = CARTESIAN_POINT('',(-37.52120327386,17.635493716338,-10.05));
#5529 = DIRECTION('',(1.,0.,0.));
#5530 = DIRECTION('',(0.,0.,1.));
#5531 = ADVANCED_FACE('',(#5532),#5543,.T.);
#5532 = FACE_BOUND('',#5533,.T.);
#5533 = EDGE_LOOP('',(#5534,#5535,#5541,#5542));
#5534 = ORIENTED_EDGE('',*,*,#5480,.T.);
#5535 = ORIENTED_EDGE('',*,*,#5536,.T.);
#5536 = EDGE_CURVE('',#5481,#3562,#5537,.T.);
#5537 = LINE('',#5538,#5539);
#5538 = CARTESIAN_POINT('',(-37.52120327386,13.03,-4.8));
#5539 = VECTOR('',#5540,1.);
#5540 = DIRECTION('',(0.,0.,-1.));
#5541 = ORIENTED_EDGE('',*,*,#3569,.T.);
#5542 = ORIENTED_EDGE('',*,*,#3664,.F.);
#5543 = PLANE('',#5544);
#5544 = AXIS2_PLACEMENT_3D('',#5545,#5546,#5547);
#5545 = CARTESIAN_POINT('',(-37.52120327386,17.635493716338,-10.05));
#5546 = DIRECTION('',(1.,0.,0.));
#5547 = DIRECTION('',(0.,0.,1.));
#5548 = ADVANCED_FACE('',(#5549),#5554,.F.);
#5549 = FACE_BOUND('',#5550,.F.);
#5550 = EDGE_LOOP('',(#5551,#5552,#5553));
#5551 = ORIENTED_EDGE('',*,*,#5488,.T.);
#5552 = ORIENTED_EDGE('',*,*,#5536,.T.);
#5553 = ORIENTED_EDGE('',*,*,#3561,.T.);
#5554 = PLANE('',#5555);
#5555 = AXIS2_PLACEMENT_3D('',#5556,#5557,#5558);
#5556 = CARTESIAN_POINT('',(-36.15,13.03,-4.8));
#5557 = DIRECTION('',(0.,-1.,0.));
#5558 = DIRECTION('',(0.,0.,-1.));
#5559 = ADVANCED_FACE('',(#5560),#5565,.F.);
#5560 = FACE_BOUND('',#5561,.F.);
#5561 = EDGE_LOOP('',(#5562,#5563,#5564));
#5562 = ORIENTED_EDGE('',*,*,#3545,.T.);
#5563 = ORIENTED_EDGE('',*,*,#5518,.T.);
#5564 = ORIENTED_EDGE('',*,*,#5495,.T.);
#5565 = PLANE('',#5566);
#5566 = AXIS2_PLACEMENT_3D('',#5567,#5568,#5569);
#5567 = CARTESIAN_POINT('',(-36.15,10.83,-15.3));
#5568 = DIRECTION('',(0.,1.,0.));
#5569 = DIRECTION('',(0.,0.,1.));
#5570 = ADVANCED_FACE('',(#5571),#5589,.T.);
#5571 = FACE_BOUND('',#5572,.T.);
#5572 = EDGE_LOOP('',(#5573,#5581,#5587,#5588));
#5573 = ORIENTED_EDGE('',*,*,#5574,.T.);
#5574 = EDGE_CURVE('',#3602,#5575,#5577,.T.);
#5575 = VERTEX_POINT('',#5576);
#5576 = CARTESIAN_POINT('',(-37.52120327386,21.45,-11.55430369211));
#5577 = LINE('',#5578,#5579);
#5578 = CARTESIAN_POINT('',(-37.52120327386,27.192746858169,
    -11.55430369211));
#5579 = VECTOR('',#5580,1.);
#5580 = DIRECTION('',(0.,-1.,0.));
#5581 = ORIENTED_EDGE('',*,*,#5582,.T.);
#5582 = EDGE_CURVE('',#5575,#3714,#5583,.T.);
#5583 = LINE('',#5584,#5585);
#5584 = CARTESIAN_POINT('',(-37.52120327386,21.45,-4.8));
#5585 = VECTOR('',#5586,1.);
#5586 = DIRECTION('',(0.,0.,-1.));
#5587 = ORIENTED_EDGE('',*,*,#3721,.T.);
#5588 = ORIENTED_EDGE('',*,*,#3609,.F.);
#5589 = PLANE('',#5590);
#5590 = AXIS2_PLACEMENT_3D('',#5591,#5592,#5593);
#5591 = CARTESIAN_POINT('',(-37.52120327386,17.635493716338,-10.05));
#5592 = DIRECTION('',(1.,0.,0.));
#5593 = DIRECTION('',(0.,0.,1.));
#5594 = ADVANCED_FACE('',(#5595),#5627,.F.);
#5595 = FACE_BOUND('',#5596,.F.);
#5596 = EDGE_LOOP('',(#5597,#5603,#5604,#5605,#5611,#5612,#5620,#5626));
#5597 = ORIENTED_EDGE('',*,*,#5598,.F.);
#5598 = EDGE_CURVE('',#3594,#3770,#5599,.T.);
#5599 = LINE('',#5600,#5601);
#5600 = CARTESIAN_POINT('',(-37.72120327386,36.75,-10.8));
#5601 = VECTOR('',#5602,1.);
#5602 = DIRECTION('',(0.,-1.,0.));
#5603 = ORIENTED_EDGE('',*,*,#3601,.T.);
#5604 = ORIENTED_EDGE('',*,*,#5574,.T.);
#5605 = ORIENTED_EDGE('',*,*,#5606,.F.);
#5606 = EDGE_CURVE('',#3706,#5575,#5607,.T.);
#5607 = LINE('',#5608,#5609);
#5608 = CARTESIAN_POINT('',(-38.41278962786,21.45,-8.191669298819));
#5609 = VECTOR('',#5610,1.);
#5610 = DIRECTION('',(-0.256289373133,0.,0.966600102017));
#5611 = ORIENTED_EDGE('',*,*,#3705,.T.);
#5612 = ORIENTED_EDGE('',*,*,#5613,.F.);
#5613 = EDGE_CURVE('',#5614,#3698,#5616,.T.);
#5614 = VERTEX_POINT('',#5615);
#5615 = CARTESIAN_POINT('',(-37.52120327386,19.73,-11.55430369211));
#5616 = LINE('',#5617,#5618);
#5617 = CARTESIAN_POINT('',(-37.11221062322,19.73,-13.09682702421));
#5618 = VECTOR('',#5619,1.);
#5619 = DIRECTION('',(0.256289373133,0.,-0.966600102017));
#5620 = ORIENTED_EDGE('',*,*,#5621,.T.);
#5621 = EDGE_CURVE('',#5614,#3762,#5622,.T.);
#5622 = LINE('',#5623,#5624);
#5623 = CARTESIAN_POINT('',(-37.52120327386,27.192746858169,
    -11.55430369211));
#5624 = VECTOR('',#5625,1.);
#5625 = DIRECTION('',(0.,-1.,0.));
#5626 = ORIENTED_EDGE('',*,*,#3769,.T.);
#5627 = PLANE('',#5628);
#5628 = AXIS2_PLACEMENT_3D('',#5629,#5630,#5631);
#5629 = CARTESIAN_POINT('',(-37.72120327386,36.75,-10.8));
#5630 = DIRECTION('',(-0.966600102017,0.,-0.256289373133));
#5631 = DIRECTION('',(0.,-1.,0.));
#5632 = ADVANCED_FACE('',(#5633),#5660,.F.);
#5633 = FACE_BOUND('',#5634,.F.);
#5634 = EDGE_LOOP('',(#5635,#5636,#5637,#5638,#5639,#5647,#5653,#5654));
#5635 = ORIENTED_EDGE('',*,*,#5381,.T.);
#5636 = ORIENTED_EDGE('',*,*,#3593,.T.);
#5637 = ORIENTED_EDGE('',*,*,#5598,.T.);
#5638 = ORIENTED_EDGE('',*,*,#3777,.T.);
#5639 = ORIENTED_EDGE('',*,*,#5640,.T.);
#5640 = EDGE_CURVE('',#3778,#5641,#5643,.T.);
#5641 = VERTEX_POINT('',#5642);
#5642 = CARTESIAN_POINT('',(-37.52120327386,19.73,-10.8));
#5643 = LINE('',#5644,#5645);
#5644 = CARTESIAN_POINT('',(-37.52120327386,27.192746858169,-10.8));
#5645 = VECTOR('',#5646,1.);
#5646 = DIRECTION('',(0.,1.,0.));
#5647 = ORIENTED_EDGE('',*,*,#5648,.F.);
#5648 = EDGE_CURVE('',#4238,#5641,#5649,.T.);
#5649 = LINE('',#5650,#5651);
#5650 = CARTESIAN_POINT('',(-4.500000000002,19.73,-10.8));
#5651 = VECTOR('',#5652,1.);
#5652 = DIRECTION('',(-1.,0.,0.));
#5653 = ORIENTED_EDGE('',*,*,#4245,.F.);
#5654 = ORIENTED_EDGE('',*,*,#5655,.F.);
#5655 = EDGE_CURVE('',#5374,#4246,#5656,.T.);
#5656 = LINE('',#5657,#5658);
#5657 = CARTESIAN_POINT('',(-4.500000000002,21.45,-10.8));
#5658 = VECTOR('',#5659,1.);
#5659 = DIRECTION('',(1.,0.,0.));
#5660 = PLANE('',#5661);
#5661 = AXIS2_PLACEMENT_3D('',#5662,#5663,#5664);
#5662 = CARTESIAN_POINT('',(27.149999999997,36.75,-10.8));
#5663 = DIRECTION('',(0.,0.,1.));
#5664 = DIRECTION('',(1.,0.,0.));
#5665 = ADVANCED_FACE('',(#5666),#5695,.T.);
#5666 = FACE_BOUND('',#5667,.T.);
#5667 = EDGE_LOOP('',(#5668,#5676,#5684,#5690,#5691,#5692,#5693,#5694));
#5668 = ORIENTED_EDGE('',*,*,#5669,.T.);
#5669 = EDGE_CURVE('',#5641,#5670,#5672,.T.);
#5670 = VERTEX_POINT('',#5671);
#5671 = CARTESIAN_POINT('',(-37.52120327386,19.73,-4.8));
#5672 = LINE('',#5673,#5674);
#5673 = CARTESIAN_POINT('',(-37.52120327386,19.73,-15.3));
#5674 = VECTOR('',#5675,1.);
#5675 = DIRECTION('',(0.,0.,1.));
#5676 = ORIENTED_EDGE('',*,*,#5677,.T.);
#5677 = EDGE_CURVE('',#5670,#5678,#5680,.T.);
#5678 = VERTEX_POINT('',#5679);
#5679 = CARTESIAN_POINT('',(-37.52120327386,13.03,-4.8));
#5680 = LINE('',#5681,#5682);
#5681 = CARTESIAN_POINT('',(-37.52120327386,19.73,-4.8));
#5682 = VECTOR('',#5683,1.);
#5683 = DIRECTION('',(0.,-1.,0.));
#5684 = ORIENTED_EDGE('',*,*,#5685,.T.);
#5685 = EDGE_CURVE('',#5678,#5457,#5686,.T.);
#5686 = LINE('',#5687,#5688);
#5687 = CARTESIAN_POINT('',(-37.52120327386,13.03,-4.8));
#5688 = VECTOR('',#5689,1.);
#5689 = DIRECTION('',(0.,0.,-1.));
#5690 = ORIENTED_EDGE('',*,*,#5464,.T.);
#5691 = ORIENTED_EDGE('',*,*,#3640,.F.);
#5692 = ORIENTED_EDGE('',*,*,#3744,.F.);
#5693 = ORIENTED_EDGE('',*,*,#3785,.F.);
#5694 = ORIENTED_EDGE('',*,*,#5640,.T.);
#5695 = PLANE('',#5696);
#5696 = AXIS2_PLACEMENT_3D('',#5697,#5698,#5699);
#5697 = CARTESIAN_POINT('',(-37.52120327386,17.635493716338,-10.05));
#5698 = DIRECTION('',(1.,0.,0.));
#5699 = DIRECTION('',(0.,0.,1.));
#5700 = ADVANCED_FACE('',(#5701),#5706,.F.);
#5701 = FACE_BOUND('',#5702,.F.);
#5702 = EDGE_LOOP('',(#5703,#5704,#5705));
#5703 = ORIENTED_EDGE('',*,*,#5606,.T.);
#5704 = ORIENTED_EDGE('',*,*,#5582,.T.);
#5705 = ORIENTED_EDGE('',*,*,#3713,.T.);
#5706 = PLANE('',#5707);
#5707 = AXIS2_PLACEMENT_3D('',#5708,#5709,#5710);
#5708 = CARTESIAN_POINT('',(-36.15,21.45,-4.8));
#5709 = DIRECTION('',(0.,-1.,0.));
#5710 = DIRECTION('',(0.,0.,-1.));
#5711 = ADVANCED_FACE('',(#5712),#5722,.F.);
#5712 = FACE_BOUND('',#5713,.F.);
#5713 = EDGE_LOOP('',(#5714,#5715,#5721));
#5714 = ORIENTED_EDGE('',*,*,#3697,.T.);
#5715 = ORIENTED_EDGE('',*,*,#5716,.T.);
#5716 = EDGE_CURVE('',#3690,#5614,#5717,.T.);
#5717 = LINE('',#5718,#5719);
#5718 = CARTESIAN_POINT('',(-37.52120327386,19.73,-15.3));
#5719 = VECTOR('',#5720,1.);
#5720 = DIRECTION('',(0.,0.,1.));
#5721 = ORIENTED_EDGE('',*,*,#5613,.T.);
#5722 = PLANE('',#5723);
#5723 = AXIS2_PLACEMENT_3D('',#5724,#5725,#5726);
#5724 = CARTESIAN_POINT('',(-36.15,19.73,-15.3));
#5725 = DIRECTION('',(0.,1.,0.));
#5726 = DIRECTION('',(0.,0.,1.));
#5727 = ADVANCED_FACE('',(#5728),#5734,.T.);
#5728 = FACE_BOUND('',#5729,.T.);
#5729 = EDGE_LOOP('',(#5730,#5731,#5732,#5733));
#5730 = ORIENTED_EDGE('',*,*,#5716,.T.);
#5731 = ORIENTED_EDGE('',*,*,#5621,.T.);
#5732 = ORIENTED_EDGE('',*,*,#3761,.F.);
#5733 = ORIENTED_EDGE('',*,*,#3689,.T.);
#5734 = PLANE('',#5735);
#5735 = AXIS2_PLACEMENT_3D('',#5736,#5737,#5738);
#5736 = CARTESIAN_POINT('',(-37.52120327386,17.635493716338,-10.05));
#5737 = DIRECTION('',(1.,0.,0.));
#5738 = DIRECTION('',(0.,0.,1.));
#5739 = ADVANCED_FACE('',(#5740),#5751,.F.);
#5740 = FACE_BOUND('',#5741,.F.);
#5741 = EDGE_LOOP('',(#5742,#5743,#5744,#5745));
#5742 = ORIENTED_EDGE('',*,*,#4205,.F.);
#5743 = ORIENTED_EDGE('',*,*,#5449,.T.);
#5744 = ORIENTED_EDGE('',*,*,#3800,.T.);
#5745 = ORIENTED_EDGE('',*,*,#5746,.F.);
#5746 = EDGE_CURVE('',#4198,#3803,#5747,.T.);
#5747 = LINE('',#5748,#5749);
#5748 = CARTESIAN_POINT('',(-36.15,10.83,-4.8));
#5749 = VECTOR('',#5750,1.);
#5750 = DIRECTION('',(-1.,-0.,-0.));
#5751 = PLANE('',#5752);
#5752 = AXIS2_PLACEMENT_3D('',#5753,#5754,#5755);
#5753 = CARTESIAN_POINT('',(-36.15,10.83,-15.3));
#5754 = DIRECTION('',(0.,1.,0.));
#5755 = DIRECTION('',(0.,0.,1.));
#5756 = ADVANCED_FACE('',(#5757),#5763,.F.);
#5757 = FACE_BOUND('',#5758,.F.);
#5758 = EDGE_LOOP('',(#5759,#5760,#5761,#5762));
#5759 = ORIENTED_EDGE('',*,*,#5746,.T.);
#5760 = ORIENTED_EDGE('',*,*,#3810,.T.);
#5761 = ORIENTED_EDGE('',*,*,#4122,.F.);
#5762 = ORIENTED_EDGE('',*,*,#4197,.F.);
#5763 = PLANE('',#5764);
#5764 = AXIS2_PLACEMENT_3D('',#5765,#5766,#5767);
#5765 = CARTESIAN_POINT('',(-36.15,10.83,-4.8));
#5766 = DIRECTION('',(0.,0.,1.));
#5767 = DIRECTION('',(0.,-1.,0.));
#5768 = ADVANCED_FACE('',(#5769),#5791,.T.);
#5769 = FACE_BOUND('',#5770,.T.);
#5770 = EDGE_LOOP('',(#5771,#5780,#5781,#5782,#5783,#5784));
#5771 = ORIENTED_EDGE('',*,*,#5772,.T.);
#5772 = EDGE_CURVE('',#5773,#3961,#5775,.T.);
#5773 = VERTEX_POINT('',#5774);
#5774 = CARTESIAN_POINT('',(34.017,-41.932,-5.3));
#5775 = CIRCLE('',#5776,1.835);
#5776 = AXIS2_PLACEMENT_3D('',#5777,#5778,#5779);
#5777 = CARTESIAN_POINT('',(32.182,-41.932,-5.3));
#5778 = DIRECTION('',(0.,0.,1.));
#5779 = DIRECTION('',(1.,0.,0.));
#5780 = ORIENTED_EDGE('',*,*,#3960,.F.);
#5781 = ORIENTED_EDGE('',*,*,#4733,.F.);
#5782 = ORIENTED_EDGE('',*,*,#4742,.F.);
#5783 = ORIENTED_EDGE('',*,*,#3977,.T.);
#5784 = ORIENTED_EDGE('',*,*,#5785,.T.);
#5785 = EDGE_CURVE('',#3969,#5773,#5786,.T.);
#5786 = CIRCLE('',#5787,1.835);
#5787 = AXIS2_PLACEMENT_3D('',#5788,#5789,#5790);
#5788 = CARTESIAN_POINT('',(32.182,-41.932,-5.3));
#5789 = DIRECTION('',(0.,0.,1.));
#5790 = DIRECTION('',(1.,0.,0.));
#5791 = CYLINDRICAL_SURFACE('',#5792,1.835);
#5792 = AXIS2_PLACEMENT_3D('',#5793,#5794,#5795);
#5793 = CARTESIAN_POINT('',(32.182,-41.932,-2.2));
#5794 = DIRECTION('',(0.,0.,1.));
#5795 = DIRECTION('',(1.,0.,0.));
#5796 = ADVANCED_FACE('',(#5797,#5802),#5813,.F.);
#5797 = FACE_BOUND('',#5798,.F.);
#5798 = EDGE_LOOP('',(#5799,#5800,#5801));
#5799 = ORIENTED_EDGE('',*,*,#5785,.T.);
#5800 = ORIENTED_EDGE('',*,*,#5772,.T.);
#5801 = ORIENTED_EDGE('',*,*,#3968,.F.);
#5802 = FACE_BOUND('',#5803,.F.);
#5803 = EDGE_LOOP('',(#5804));
#5804 = ORIENTED_EDGE('',*,*,#5805,.F.);
#5805 = EDGE_CURVE('',#5806,#5806,#5808,.T.);
#5806 = VERTEX_POINT('',#5807);
#5807 = CARTESIAN_POINT('',(33.132,-41.932,-5.3));
#5808 = CIRCLE('',#5809,0.95);
#5809 = AXIS2_PLACEMENT_3D('',#5810,#5811,#5812);
#5810 = CARTESIAN_POINT('',(32.182,-41.932,-5.3));
#5811 = DIRECTION('',(0.,0.,1.));
#5812 = DIRECTION('',(1.,0.,0.));
#5813 = PLANE('',#5814);
#5814 = AXIS2_PLACEMENT_3D('',#5815,#5816,#5817);
#5815 = CARTESIAN_POINT('',(-0.6,1.6125,-5.3));
#5816 = DIRECTION('',(0.,0.,1.));
#5817 = DIRECTION('',(1.,0.,0.));
#5818 = ADVANCED_FACE('',(#5819),#5830,.T.);
#5819 = FACE_BOUND('',#5820,.T.);
#5820 = EDGE_LOOP('',(#5821,#5822,#5828,#5829));
#5821 = ORIENTED_EDGE('',*,*,#4051,.F.);
#5822 = ORIENTED_EDGE('',*,*,#5823,.T.);
#5823 = EDGE_CURVE('',#4044,#4517,#5824,.T.);
#5824 = LINE('',#5825,#5826);
#5825 = CARTESIAN_POINT('',(36.15,13.029999999959,-4.8));
#5826 = VECTOR('',#5827,1.);
#5827 = DIRECTION('',(1.,0.,0.));
#5828 = ORIENTED_EDGE('',*,*,#4524,.T.);
#5829 = ORIENTED_EDGE('',*,*,#4665,.T.);
#5830 = PLANE('',#5831);
#5831 = AXIS2_PLACEMENT_3D('',#5832,#5833,#5834);
#5832 = CARTESIAN_POINT('',(36.15,13.029999999959,-4.8));
#5833 = DIRECTION('',(0.,1.,0.));
#5834 = DIRECTION('',(0.,0.,-1.));
#5835 = ADVANCED_FACE('',(#5836),#5847,.T.);
#5836 = FACE_BOUND('',#5837,.T.);
#5837 = EDGE_LOOP('',(#5838,#5844,#5845,#5846));
#5838 = ORIENTED_EDGE('',*,*,#5839,.T.);
#5839 = EDGE_CURVE('',#4036,#4515,#5840,.T.);
#5840 = LINE('',#5841,#5842);
#5841 = CARTESIAN_POINT('',(36.15,19.730000000041,-4.8));
#5842 = VECTOR('',#5843,1.);
#5843 = DIRECTION('',(1.,0.,0.));
#5844 = ORIENTED_EDGE('',*,*,#4514,.T.);
#5845 = ORIENTED_EDGE('',*,*,#5823,.F.);
#5846 = ORIENTED_EDGE('',*,*,#4043,.F.);
#5847 = PLANE('',#5848);
#5848 = AXIS2_PLACEMENT_3D('',#5849,#5850,#5851);
#5849 = CARTESIAN_POINT('',(36.15,19.730000000041,-4.8));
#5850 = DIRECTION('',(0.,0.,-1.));
#5851 = DIRECTION('',(0.,-1.,0.));
#5852 = ADVANCED_FACE('',(#5853),#5859,.T.);
#5853 = FACE_BOUND('',#5854,.T.);
#5854 = EDGE_LOOP('',(#5855,#5856,#5857,#5858));
#5855 = ORIENTED_EDGE('',*,*,#4035,.F.);
#5856 = ORIENTED_EDGE('',*,*,#4584,.T.);
#5857 = ORIENTED_EDGE('',*,*,#4549,.T.);
#5858 = ORIENTED_EDGE('',*,*,#5839,.F.);
#5859 = PLANE('',#5860);
#5860 = AXIS2_PLACEMENT_3D('',#5861,#5862,#5863);
#5861 = CARTESIAN_POINT('',(36.15,19.730000000041,-15.3));
#5862 = DIRECTION('',(0.,-1.,0.));
#5863 = DIRECTION('',(0.,0.,1.));
#5864 = ADVANCED_FACE('',(#5865),#5900,.F.);
#5865 = FACE_BOUND('',#5866,.T.);
#5866 = EDGE_LOOP('',(#5867,#5873,#5874,#5875,#5876,#5884,#5893,#5899));
#5867 = ORIENTED_EDGE('',*,*,#5868,.F.);
#5868 = EDGE_CURVE('',#4569,#4779,#5869,.T.);
#5869 = LINE('',#5870,#5871);
#5870 = CARTESIAN_POINT('',(27.15,45.75,-12.2));
#5871 = VECTOR('',#5872,1.);
#5872 = DIRECTION('',(0.,0.,1.));
#5873 = ORIENTED_EDGE('',*,*,#4576,.T.);
#5874 = ORIENTED_EDGE('',*,*,#4019,.T.);
#5875 = ORIENTED_EDGE('',*,*,#4751,.T.);
#5876 = ORIENTED_EDGE('',*,*,#5877,.T.);
#5877 = EDGE_CURVE('',#4752,#5878,#5880,.T.);
#5878 = VERTEX_POINT('',#5879);
#5879 = CARTESIAN_POINT('',(33.77660085675,42.840005015213,-5.3));
#5880 = LINE('',#5881,#5882);
#5881 = CARTESIAN_POINT('',(33.77660085675,42.840005015213,-12.2));
#5882 = VECTOR('',#5883,1.);
#5883 = DIRECTION('',(-0.,-0.,-1.));
#5884 = ORIENTED_EDGE('',*,*,#5885,.F.);
#5885 = EDGE_CURVE('',#5886,#5878,#5888,.T.);
#5886 = VERTEX_POINT('',#5887);
#5887 = CARTESIAN_POINT('',(33.042787797876,43.552576862425,-5.3));
#5888 = CIRCLE('',#5889,9.);
#5889 = AXIS2_PLACEMENT_3D('',#5890,#5891,#5892);
#5890 = CARTESIAN_POINT('',(27.15,36.75,-5.3));
#5891 = DIRECTION('',(0.,0.,-1.));
#5892 = DIRECTION('',(1.,0.,0.));
#5893 = ORIENTED_EDGE('',*,*,#5894,.F.);
#5894 = EDGE_CURVE('',#4770,#5886,#5895,.T.);
#5895 = LINE('',#5896,#5897);
#5896 = CARTESIAN_POINT('',(33.042787797876,43.552576862425,-12.2));
#5897 = VECTOR('',#5898,1.);
#5898 = DIRECTION('',(-0.,-0.,-1.));
#5899 = ORIENTED_EDGE('',*,*,#4778,.T.);
#5900 = CYLINDRICAL_SURFACE('',#5901,9.);
#5901 = AXIS2_PLACEMENT_3D('',#5902,#5903,#5904);
#5902 = CARTESIAN_POINT('',(27.15,36.75,-12.2));
#5903 = DIRECTION('',(-0.,-0.,-1.));
#5904 = DIRECTION('',(1.,0.,0.));
#5905 = ADVANCED_FACE('',(#5906),#5917,.F.);
#5906 = FACE_BOUND('',#5907,.F.);
#5907 = EDGE_LOOP('',(#5908,#5909,#5910,#5911));
#5908 = ORIENTED_EDGE('',*,*,#4269,.F.);
#5909 = ORIENTED_EDGE('',*,*,#5410,.T.);
#5910 = ORIENTED_EDGE('',*,*,#5355,.T.);
#5911 = ORIENTED_EDGE('',*,*,#5912,.F.);
#5912 = EDGE_CURVE('',#4262,#5358,#5913,.T.);
#5913 = LINE('',#5914,#5915);
#5914 = CARTESIAN_POINT('',(-36.15,32.25,-4.8));
#5915 = VECTOR('',#5916,1.);
#5916 = DIRECTION('',(-1.,-0.,-0.));
#5917 = PLANE('',#5918);
#5918 = AXIS2_PLACEMENT_3D('',#5919,#5920,#5921);
#5919 = CARTESIAN_POINT('',(-36.15,32.25,-15.3));
#5920 = DIRECTION('',(0.,1.,0.));
#5921 = DIRECTION('',(0.,0.,1.));
#5922 = ADVANCED_FACE('',(#5923),#5934,.F.);
#5923 = FACE_BOUND('',#5924,.F.);
#5924 = EDGE_LOOP('',(#5925,#5926,#5927,#5933));
#5925 = ORIENTED_EDGE('',*,*,#5912,.T.);
#5926 = ORIENTED_EDGE('',*,*,#5365,.T.);
#5927 = ORIENTED_EDGE('',*,*,#5928,.F.);
#5928 = EDGE_CURVE('',#4254,#5366,#5929,.T.);
#5929 = LINE('',#5930,#5931);
#5930 = CARTESIAN_POINT('',(-36.15,21.45,-4.8));
#5931 = VECTOR('',#5932,1.);
#5932 = DIRECTION('',(-1.,-0.,-0.));
#5933 = ORIENTED_EDGE('',*,*,#4261,.F.);
#5934 = PLANE('',#5935);
#5935 = AXIS2_PLACEMENT_3D('',#5936,#5937,#5938);
#5936 = CARTESIAN_POINT('',(-36.15,32.25,-4.8));
#5937 = DIRECTION('',(0.,0.,1.));
#5938 = DIRECTION('',(0.,-1.,0.));
#5939 = ADVANCED_FACE('',(#5940),#5946,.F.);
#5940 = FACE_BOUND('',#5941,.F.);
#5941 = EDGE_LOOP('',(#5942,#5943,#5944,#5945));
#5942 = ORIENTED_EDGE('',*,*,#4253,.F.);
#5943 = ORIENTED_EDGE('',*,*,#5928,.T.);
#5944 = ORIENTED_EDGE('',*,*,#5373,.T.);
#5945 = ORIENTED_EDGE('',*,*,#5655,.T.);
#5946 = PLANE('',#5947);
#5947 = AXIS2_PLACEMENT_3D('',#5948,#5949,#5950);
#5948 = CARTESIAN_POINT('',(-36.15,21.45,-4.8));
#5949 = DIRECTION('',(0.,-1.,0.));
#5950 = DIRECTION('',(0.,0.,-1.));
#5951 = ADVANCED_FACE('',(#5952),#5963,.F.);
#5952 = FACE_BOUND('',#5953,.F.);
#5953 = EDGE_LOOP('',(#5954,#5955,#5956,#5957));
#5954 = ORIENTED_EDGE('',*,*,#4237,.F.);
#5955 = ORIENTED_EDGE('',*,*,#5648,.T.);
#5956 = ORIENTED_EDGE('',*,*,#5669,.T.);
#5957 = ORIENTED_EDGE('',*,*,#5958,.F.);
#5958 = EDGE_CURVE('',#4230,#5670,#5959,.T.);
#5959 = LINE('',#5960,#5961);
#5960 = CARTESIAN_POINT('',(-36.15,19.73,-4.8));
#5961 = VECTOR('',#5962,1.);
#5962 = DIRECTION('',(-1.,-0.,-0.));
#5963 = PLANE('',#5964);
#5964 = AXIS2_PLACEMENT_3D('',#5965,#5966,#5967);
#5965 = CARTESIAN_POINT('',(-36.15,19.73,-15.3));
#5966 = DIRECTION('',(0.,1.,0.));
#5967 = DIRECTION('',(0.,0.,1.));
#5968 = ADVANCED_FACE('',(#5969),#5980,.F.);
#5969 = FACE_BOUND('',#5970,.F.);
#5970 = EDGE_LOOP('',(#5971,#5972,#5973,#5979));
#5971 = ORIENTED_EDGE('',*,*,#5958,.T.);
#5972 = ORIENTED_EDGE('',*,*,#5677,.T.);
#5973 = ORIENTED_EDGE('',*,*,#5974,.F.);
#5974 = EDGE_CURVE('',#4222,#5678,#5975,.T.);
#5975 = LINE('',#5976,#5977);
#5976 = CARTESIAN_POINT('',(-36.15,13.03,-4.8));
#5977 = VECTOR('',#5978,1.);
#5978 = DIRECTION('',(-1.,-0.,-0.));
#5979 = ORIENTED_EDGE('',*,*,#4229,.F.);
#5980 = PLANE('',#5981);
#5981 = AXIS2_PLACEMENT_3D('',#5982,#5983,#5984);
#5982 = CARTESIAN_POINT('',(-36.15,19.73,-4.8));
#5983 = DIRECTION('',(0.,0.,1.));
#5984 = DIRECTION('',(0.,-1.,0.));
#5985 = ADVANCED_FACE('',(#5986),#5992,.F.);
#5986 = FACE_BOUND('',#5987,.F.);
#5987 = EDGE_LOOP('',(#5988,#5989,#5990,#5991));
#5988 = ORIENTED_EDGE('',*,*,#4221,.F.);
#5989 = ORIENTED_EDGE('',*,*,#5974,.T.);
#5990 = ORIENTED_EDGE('',*,*,#5685,.T.);
#5991 = ORIENTED_EDGE('',*,*,#5456,.T.);
#5992 = PLANE('',#5993);
#5993 = AXIS2_PLACEMENT_3D('',#5994,#5995,#5996);
#5994 = CARTESIAN_POINT('',(-36.15,13.03,-4.8));
#5995 = DIRECTION('',(0.,-1.,0.));
#5996 = DIRECTION('',(0.,0.,-1.));
#5997 = ADVANCED_FACE('',(#5998),#6020,.T.);
#5998 = FACE_BOUND('',#5999,.T.);
#5999 = EDGE_LOOP('',(#6000,#6009,#6010,#6011,#6012,#6013));
#6000 = ORIENTED_EDGE('',*,*,#6001,.T.);
#6001 = EDGE_CURVE('',#6002,#4165,#6004,.T.);
#6002 = VERTEX_POINT('',#6003);
#6003 = CARTESIAN_POINT('',(-32.747,-35.482,-5.3));
#6004 = CIRCLE('',#6005,1.835);
#6005 = AXIS2_PLACEMENT_3D('',#6006,#6007,#6008);
#6006 = CARTESIAN_POINT('',(-34.582,-35.482,-5.3));
#6007 = DIRECTION('',(0.,0.,1.));
#6008 = DIRECTION('',(1.,0.,0.));
#6009 = ORIENTED_EDGE('',*,*,#4164,.T.);
#6010 = ORIENTED_EDGE('',*,*,#4830,.F.);
#6011 = ORIENTED_EDGE('',*,*,#4839,.F.);
#6012 = ORIENTED_EDGE('',*,*,#4180,.F.);
#6013 = ORIENTED_EDGE('',*,*,#6014,.T.);
#6014 = EDGE_CURVE('',#4173,#6002,#6015,.T.);
#6015 = CIRCLE('',#6016,1.835);
#6016 = AXIS2_PLACEMENT_3D('',#6017,#6018,#6019);
#6017 = CARTESIAN_POINT('',(-34.582,-35.482,-5.3));
#6018 = DIRECTION('',(0.,0.,1.));
#6019 = DIRECTION('',(1.,0.,0.));
#6020 = CYLINDRICAL_SURFACE('',#6021,1.835);
#6021 = AXIS2_PLACEMENT_3D('',#6022,#6023,#6024);
#6022 = CARTESIAN_POINT('',(-34.582,-35.482,-2.2));
#6023 = DIRECTION('',(0.,0.,1.));
#6024 = DIRECTION('',(1.,0.,0.));
#6025 = ADVANCED_FACE('',(#6026,#6031),#6042,.F.);
#6026 = FACE_BOUND('',#6027,.F.);
#6027 = EDGE_LOOP('',(#6028,#6029,#6030));
#6028 = ORIENTED_EDGE('',*,*,#6014,.T.);
#6029 = ORIENTED_EDGE('',*,*,#6001,.T.);
#6030 = ORIENTED_EDGE('',*,*,#4172,.T.);
#6031 = FACE_BOUND('',#6032,.F.);
#6032 = EDGE_LOOP('',(#6033));
#6033 = ORIENTED_EDGE('',*,*,#6034,.F.);
#6034 = EDGE_CURVE('',#6035,#6035,#6037,.T.);
#6035 = VERTEX_POINT('',#6036);
#6036 = CARTESIAN_POINT('',(-33.632,-35.482,-5.3));
#6037 = CIRCLE('',#6038,0.95);
#6038 = AXIS2_PLACEMENT_3D('',#6039,#6040,#6041);
#6039 = CARTESIAN_POINT('',(-34.582,-35.482,-5.3));
#6040 = DIRECTION('',(0.,0.,1.));
#6041 = DIRECTION('',(1.,0.,0.));
#6042 = PLANE('',#6043);
#6043 = AXIS2_PLACEMENT_3D('',#6044,#6045,#6046);
#6044 = CARTESIAN_POINT('',(-0.6,1.6125,-5.3));
#6045 = DIRECTION('',(0.,0.,1.));
#6046 = DIRECTION('',(1.,0.,0.));
#6047 = ADVANCED_FACE('',(#6048),#6083,.F.);
#6048 = FACE_BOUND('',#6049,.T.);
#6049 = EDGE_LOOP('',(#6050,#6051,#6052,#6058,#6059,#6067,#6076,#6082));
#6050 = ORIENTED_EDGE('',*,*,#4148,.F.);
#6051 = ORIENTED_EDGE('',*,*,#5417,.T.);
#6052 = ORIENTED_EDGE('',*,*,#6053,.T.);
#6053 = EDGE_CURVE('',#5418,#4788,#6054,.T.);
#6054 = LINE('',#6055,#6056);
#6055 = CARTESIAN_POINT('',(-27.15,45.75,-12.2));
#6056 = VECTOR('',#6057,1.);
#6057 = DIRECTION('',(0.,0.,1.));
#6058 = ORIENTED_EDGE('',*,*,#4795,.T.);
#6059 = ORIENTED_EDGE('',*,*,#6060,.T.);
#6060 = EDGE_CURVE('',#4796,#6061,#6063,.T.);
#6061 = VERTEX_POINT('',#6062);
#6062 = CARTESIAN_POINT('',(-33.04278779787,43.552576862425,-5.3));
#6063 = LINE('',#6064,#6065);
#6064 = CARTESIAN_POINT('',(-33.04278779787,43.552576862425,-12.2));
#6065 = VECTOR('',#6066,1.);
#6066 = DIRECTION('',(-0.,-0.,-1.));
#6067 = ORIENTED_EDGE('',*,*,#6068,.F.);
#6068 = EDGE_CURVE('',#6069,#6061,#6071,.T.);
#6069 = VERTEX_POINT('',#6070);
#6070 = CARTESIAN_POINT('',(-33.77660085675,42.840005015213,-5.3));
#6071 = CIRCLE('',#6072,9.);
#6072 = AXIS2_PLACEMENT_3D('',#6073,#6074,#6075);
#6073 = CARTESIAN_POINT('',(-27.15,36.75,-5.3));
#6074 = DIRECTION('',(0.,0.,-1.));
#6075 = DIRECTION('',(1.,0.,0.));
#6076 = ORIENTED_EDGE('',*,*,#6077,.F.);
#6077 = EDGE_CURVE('',#4814,#6069,#6078,.T.);
#6078 = LINE('',#6079,#6080);
#6079 = CARTESIAN_POINT('',(-33.77660085675,42.840005015213,-12.2));
#6080 = VECTOR('',#6081,1.);
#6081 = DIRECTION('',(-0.,-0.,-1.));
#6082 = ORIENTED_EDGE('',*,*,#4822,.T.);
#6083 = CYLINDRICAL_SURFACE('',#6084,9.);
#6084 = AXIS2_PLACEMENT_3D('',#6085,#6086,#6087);
#6085 = CARTESIAN_POINT('',(-27.15,36.75,-12.2));
#6086 = DIRECTION('',(-0.,-0.,-1.));
#6087 = DIRECTION('',(1.,0.,0.));
#6088 = ADVANCED_FACE('',(#6089),#6100,.F.);
#6089 = FACE_BOUND('',#6090,.F.);
#6090 = EDGE_LOOP('',(#6091,#6092,#6093,#6094));
#6091 = ORIENTED_EDGE('',*,*,#4499,.T.);
#6092 = ORIENTED_EDGE('',*,*,#4305,.T.);
#6093 = ORIENTED_EDGE('',*,*,#5181,.F.);
#6094 = ORIENTED_EDGE('',*,*,#6095,.F.);
#6095 = EDGE_CURVE('',#4491,#5182,#6096,.T.);
#6096 = LINE('',#6097,#6098);
#6097 = CARTESIAN_POINT('',(27.149999999997,46.95,-12.2));
#6098 = VECTOR('',#6099,1.);
#6099 = DIRECTION('',(-1.,0.,0.));
#6100 = PLANE('',#6101);
#6101 = AXIS2_PLACEMENT_3D('',#6102,#6103,#6104);
#6102 = CARTESIAN_POINT('',(-4.63E-15,-9.7E-15,-12.2));
#6103 = DIRECTION('',(0.,0.,1.));
#6104 = DIRECTION('',(1.,0.,0.));
#6105 = ADVANCED_FACE('',(#6106),#6121,.T.);
#6106 = FACE_BOUND('',#6107,.T.);
#6107 = EDGE_LOOP('',(#6108,#6109,#6110,#6111,#6112,#6113,#6114,#6120));
#6108 = ORIENTED_EDGE('',*,*,#4568,.F.);
#6109 = ORIENTED_EDGE('',*,*,#5868,.T.);
#6110 = ORIENTED_EDGE('',*,*,#4787,.T.);
#6111 = ORIENTED_EDGE('',*,*,#6053,.F.);
#6112 = ORIENTED_EDGE('',*,*,#5426,.F.);
#6113 = ORIENTED_EDGE('',*,*,#5215,.F.);
#6114 = ORIENTED_EDGE('',*,*,#6115,.F.);
#6115 = EDGE_CURVE('',#4474,#5208,#6116,.T.);
#6116 = LINE('',#6117,#6118);
#6117 = CARTESIAN_POINT('',(27.149999999998,45.75,-10.8));
#6118 = VECTOR('',#6119,1.);
#6119 = DIRECTION('',(-1.,0.,0.));
#6120 = ORIENTED_EDGE('',*,*,#4473,.F.);
#6121 = PLANE('',#6122);
#6122 = AXIS2_PLACEMENT_3D('',#6123,#6124,#6125);
#6123 = CARTESIAN_POINT('',(27.15,45.75,-12.2));
#6124 = DIRECTION('',(0.,-1.,0.));
#6125 = DIRECTION('',(-1.,0.,0.));
#6126 = ADVANCED_FACE('',(#6127),#6138,.F.);
#6127 = FACE_BOUND('',#6128,.F.);
#6128 = EDGE_LOOP('',(#6129,#6130,#6136,#6137));
#6129 = ORIENTED_EDGE('',*,*,#4482,.T.);
#6130 = ORIENTED_EDGE('',*,*,#6131,.T.);
#6131 = EDGE_CURVE('',#4483,#5199,#6132,.T.);
#6132 = LINE('',#6133,#6134);
#6133 = CARTESIAN_POINT('',(27.149999999997,47.321203273864,-10.8));
#6134 = VECTOR('',#6135,1.);
#6135 = DIRECTION('',(-1.,0.,0.));
#6136 = ORIENTED_EDGE('',*,*,#5207,.F.);
#6137 = ORIENTED_EDGE('',*,*,#6115,.F.);
#6138 = PLANE('',#6139);
#6139 = AXIS2_PLACEMENT_3D('',#6140,#6141,#6142);
#6140 = CARTESIAN_POINT('',(27.149999999997,36.75,-10.8));
#6141 = DIRECTION('',(0.,0.,1.));
#6142 = DIRECTION('',(1.,0.,0.));
#6143 = ADVANCED_FACE('',(#6144),#6151,.F.);
#6144 = FACE_BOUND('',#6145,.F.);
#6145 = EDGE_LOOP('',(#6146,#6147,#6148,#6149,#6150));
#6146 = ORIENTED_EDGE('',*,*,#4490,.F.);
#6147 = ORIENTED_EDGE('',*,*,#6095,.T.);
#6148 = ORIENTED_EDGE('',*,*,#5189,.F.);
#6149 = ORIENTED_EDGE('',*,*,#5198,.F.);
#6150 = ORIENTED_EDGE('',*,*,#6131,.F.);
#6151 = PLANE('',#6152);
#6152 = AXIS2_PLACEMENT_3D('',#6153,#6154,#6155);
#6153 = CARTESIAN_POINT('',(27.149999999997,47.321203273864,-10.8));
#6154 = DIRECTION('',(0.,0.966600102017,-0.256289373133));
#6155 = DIRECTION('',(-1.,0.,0.));
#6156 = ADVANCED_FACE('',(#6157),#6179,.T.);
#6157 = FACE_BOUND('',#6158,.T.);
#6158 = EDGE_LOOP('',(#6159,#6168,#6169,#6170,#6171,#6172));
#6159 = ORIENTED_EDGE('',*,*,#6160,.T.);
#6160 = EDGE_CURVE('',#6161,#5878,#6163,.T.);
#6161 = VERTEX_POINT('',#6162);
#6162 = CARTESIAN_POINT('',(34.017,41.932,-5.3));
#6163 = CIRCLE('',#6164,1.835);
#6164 = AXIS2_PLACEMENT_3D('',#6165,#6166,#6167);
#6165 = CARTESIAN_POINT('',(32.182,41.932,-5.3));
#6166 = DIRECTION('',(0.,0.,1.));
#6167 = DIRECTION('',(1.,0.,0.));
#6168 = ORIENTED_EDGE('',*,*,#5877,.F.);
#6169 = ORIENTED_EDGE('',*,*,#4760,.F.);
#6170 = ORIENTED_EDGE('',*,*,#4769,.F.);
#6171 = ORIENTED_EDGE('',*,*,#5894,.T.);
#6172 = ORIENTED_EDGE('',*,*,#6173,.T.);
#6173 = EDGE_CURVE('',#5886,#6161,#6174,.T.);
#6174 = CIRCLE('',#6175,1.835);
#6175 = AXIS2_PLACEMENT_3D('',#6176,#6177,#6178);
#6176 = CARTESIAN_POINT('',(32.182,41.932,-5.3));
#6177 = DIRECTION('',(0.,0.,1.));
#6178 = DIRECTION('',(1.,0.,0.));
#6179 = CYLINDRICAL_SURFACE('',#6180,1.835);
#6180 = AXIS2_PLACEMENT_3D('',#6181,#6182,#6183);
#6181 = CARTESIAN_POINT('',(32.182,41.932,-2.2));
#6182 = DIRECTION('',(0.,0.,1.));
#6183 = DIRECTION('',(1.,0.,0.));
#6184 = ADVANCED_FACE('',(#6185),#6207,.T.);
#6185 = FACE_BOUND('',#6186,.T.);
#6186 = EDGE_LOOP('',(#6187,#6196,#6197,#6198,#6199,#6200));
#6187 = ORIENTED_EDGE('',*,*,#6188,.T.);
#6188 = EDGE_CURVE('',#6189,#6061,#6191,.T.);
#6189 = VERTEX_POINT('',#6190);
#6190 = CARTESIAN_POINT('',(-30.347,41.932,-5.3));
#6191 = CIRCLE('',#6192,1.835);
#6192 = AXIS2_PLACEMENT_3D('',#6193,#6194,#6195);
#6193 = CARTESIAN_POINT('',(-32.182,41.932,-5.3));
#6194 = DIRECTION('',(0.,0.,1.));
#6195 = DIRECTION('',(1.,0.,0.));
#6196 = ORIENTED_EDGE('',*,*,#6060,.F.);
#6197 = ORIENTED_EDGE('',*,*,#4804,.F.);
#6198 = ORIENTED_EDGE('',*,*,#4813,.F.);
#6199 = ORIENTED_EDGE('',*,*,#6077,.T.);
#6200 = ORIENTED_EDGE('',*,*,#6201,.T.);
#6201 = EDGE_CURVE('',#6069,#6189,#6202,.T.);
#6202 = CIRCLE('',#6203,1.835);
#6203 = AXIS2_PLACEMENT_3D('',#6204,#6205,#6206);
#6204 = CARTESIAN_POINT('',(-32.182,41.932,-5.3));
#6205 = DIRECTION('',(0.,0.,1.));
#6206 = DIRECTION('',(1.,0.,0.));
#6207 = CYLINDRICAL_SURFACE('',#6208,1.835);
#6208 = AXIS2_PLACEMENT_3D('',#6209,#6210,#6211);
#6209 = CARTESIAN_POINT('',(-32.182,41.932,-2.2));
#6210 = DIRECTION('',(0.,0.,1.));
#6211 = DIRECTION('',(1.,0.,0.));
#6212 = ADVANCED_FACE('',(#6213),#6229,.T.);
#6213 = FACE_BOUND('',#6214,.T.);
#6214 = EDGE_LOOP('',(#6215,#6221,#6222,#6228));
#6215 = ORIENTED_EDGE('',*,*,#6216,.T.);
#6216 = EDGE_CURVE('',#4886,#5020,#6217,.T.);
#6217 = LINE('',#6218,#6219);
#6218 = CARTESIAN_POINT('',(-29.05,37.,-2.2));
#6219 = VECTOR('',#6220,1.);
#6220 = DIRECTION('',(0.,0.,1.));
#6221 = ORIENTED_EDGE('',*,*,#5019,.T.);
#6222 = ORIENTED_EDGE('',*,*,#6223,.F.);
#6223 = EDGE_CURVE('',#4888,#5022,#6224,.T.);
#6224 = LINE('',#6225,#6226);
#6225 = CARTESIAN_POINT('',(-29.05,-6.,-2.2));
#6226 = VECTOR('',#6227,1.);
#6227 = DIRECTION('',(0.,0.,1.));
#6228 = ORIENTED_EDGE('',*,*,#4885,.F.);
#6229 = PLANE('',#6230);
#6230 = AXIS2_PLACEMENT_3D('',#6231,#6232,#6233);
#6231 = CARTESIAN_POINT('',(-29.05,37.,-2.2));
#6232 = DIRECTION('',(1.,0.,0.));
#6233 = DIRECTION('',(0.,-1.,0.));
#6234 = ADVANCED_FACE('',(#6235),#6246,.F.);
#6235 = FACE_BOUND('',#6236,.T.);
#6236 = EDGE_LOOP('',(#6237,#6243,#6244,#6245));
#6237 = ORIENTED_EDGE('',*,*,#6238,.T.);
#6238 = EDGE_CURVE('',#4896,#5073,#6239,.T.);
#6239 = LINE('',#6240,#6241);
#6240 = CARTESIAN_POINT('',(-28.7,37.35,-2.2));
#6241 = VECTOR('',#6242,1.);
#6242 = DIRECTION('',(0.,0.,1.));
#6243 = ORIENTED_EDGE('',*,*,#5080,.T.);
#6244 = ORIENTED_EDGE('',*,*,#6216,.F.);
#6245 = ORIENTED_EDGE('',*,*,#4895,.F.);
#6246 = CYLINDRICAL_SURFACE('',#6247,0.35);
#6247 = AXIS2_PLACEMENT_3D('',#6248,#6249,#6250);
#6248 = CARTESIAN_POINT('',(-28.7,37.,-2.2));
#6249 = DIRECTION('',(-0.,-0.,-1.));
#6250 = DIRECTION('',(1.,0.,0.));
#6251 = ADVANCED_FACE('',(#6252),#6263,.F.);
#6252 = FACE_BOUND('',#6253,.T.);
#6253 = EDGE_LOOP('',(#6254,#6255,#6256,#6262));
#6254 = ORIENTED_EDGE('',*,*,#6223,.T.);
#6255 = ORIENTED_EDGE('',*,*,#5029,.T.);
#6256 = ORIENTED_EDGE('',*,*,#6257,.F.);
#6257 = EDGE_CURVE('',#4939,#5030,#6258,.T.);
#6258 = LINE('',#6259,#6260);
#6259 = CARTESIAN_POINT('',(-28.7,-6.35,-2.2));
#6260 = VECTOR('',#6261,1.);
#6261 = DIRECTION('',(0.,0.,1.));
#6262 = ORIENTED_EDGE('',*,*,#4946,.F.);
#6263 = CYLINDRICAL_SURFACE('',#6264,0.35);
#6264 = AXIS2_PLACEMENT_3D('',#6265,#6266,#6267);
#6265 = CARTESIAN_POINT('',(-28.7,-6.,-2.2));
#6266 = DIRECTION('',(-0.,-0.,-1.));
#6267 = DIRECTION('',(1.,0.,0.));
#6268 = ADVANCED_FACE('',(#6269),#6280,.T.);
#6269 = FACE_BOUND('',#6270,.T.);
#6270 = EDGE_LOOP('',(#6271,#6277,#6278,#6279));
#6271 = ORIENTED_EDGE('',*,*,#6272,.T.);
#6272 = EDGE_CURVE('',#4905,#5064,#6273,.T.);
#6273 = LINE('',#6274,#6275);
#6274 = CARTESIAN_POINT('',(31.4,37.35,-2.2));
#6275 = VECTOR('',#6276,1.);
#6276 = DIRECTION('',(0.,0.,1.));
#6277 = ORIENTED_EDGE('',*,*,#5072,.T.);
#6278 = ORIENTED_EDGE('',*,*,#6238,.F.);
#6279 = ORIENTED_EDGE('',*,*,#4904,.F.);
#6280 = PLANE('',#6281);
#6281 = AXIS2_PLACEMENT_3D('',#6282,#6283,#6284);
#6282 = CARTESIAN_POINT('',(31.4,37.35,-2.2));
#6283 = DIRECTION('',(0.,-1.,0.));
#6284 = DIRECTION('',(-1.,0.,0.));
#6285 = ADVANCED_FACE('',(#6286),#6297,.T.);
#6286 = FACE_BOUND('',#6287,.T.);
#6287 = EDGE_LOOP('',(#6288,#6289,#6290,#6296));
#6288 = ORIENTED_EDGE('',*,*,#6257,.T.);
#6289 = ORIENTED_EDGE('',*,*,#5038,.T.);
#6290 = ORIENTED_EDGE('',*,*,#6291,.F.);
#6291 = EDGE_CURVE('',#4930,#5039,#6292,.T.);
#6292 = LINE('',#6293,#6294);
#6293 = CARTESIAN_POINT('',(31.4,-6.35,-2.2));
#6294 = VECTOR('',#6295,1.);
#6295 = DIRECTION('',(0.,0.,1.));
#6296 = ORIENTED_EDGE('',*,*,#4938,.F.);
#6297 = PLANE('',#6298);
#6298 = AXIS2_PLACEMENT_3D('',#6299,#6300,#6301);
#6299 = CARTESIAN_POINT('',(-28.7,-6.35,-2.2));
#6300 = DIRECTION('',(0.,1.,0.));
#6301 = DIRECTION('',(1.,0.,0.));
#6302 = ADVANCED_FACE('',(#6303),#6314,.F.);
#6303 = FACE_BOUND('',#6304,.T.);
#6304 = EDGE_LOOP('',(#6305,#6311,#6312,#6313));
#6305 = ORIENTED_EDGE('',*,*,#6306,.T.);
#6306 = EDGE_CURVE('',#4913,#5056,#6307,.T.);
#6307 = LINE('',#6308,#6309);
#6308 = CARTESIAN_POINT('',(31.75,37.,-2.2));
#6309 = VECTOR('',#6310,1.);
#6310 = DIRECTION('',(0.,0.,1.));
#6311 = ORIENTED_EDGE('',*,*,#5063,.T.);
#6312 = ORIENTED_EDGE('',*,*,#6272,.F.);
#6313 = ORIENTED_EDGE('',*,*,#4912,.F.);
#6314 = CYLINDRICAL_SURFACE('',#6315,0.35);
#6315 = AXIS2_PLACEMENT_3D('',#6316,#6317,#6318);
#6316 = CARTESIAN_POINT('',(31.4,37.,-2.2));
#6317 = DIRECTION('',(-0.,-0.,-1.));
#6318 = DIRECTION('',(1.,0.,0.));
#6319 = ADVANCED_FACE('',(#6320),#6331,.F.);
#6320 = FACE_BOUND('',#6321,.T.);
#6321 = EDGE_LOOP('',(#6322,#6323,#6324,#6330));
#6322 = ORIENTED_EDGE('',*,*,#6291,.T.);
#6323 = ORIENTED_EDGE('',*,*,#5046,.T.);
#6324 = ORIENTED_EDGE('',*,*,#6325,.F.);
#6325 = EDGE_CURVE('',#4922,#5047,#6326,.T.);
#6326 = LINE('',#6327,#6328);
#6327 = CARTESIAN_POINT('',(31.75,-6.,-2.2));
#6328 = VECTOR('',#6329,1.);
#6329 = DIRECTION('',(0.,0.,1.));
#6330 = ORIENTED_EDGE('',*,*,#4929,.F.);
#6331 = CYLINDRICAL_SURFACE('',#6332,0.35);
#6332 = AXIS2_PLACEMENT_3D('',#6333,#6334,#6335);
#6333 = CARTESIAN_POINT('',(31.4,-6.,-2.2));
#6334 = DIRECTION('',(-0.,-0.,-1.));
#6335 = DIRECTION('',(1.,0.,0.));
#6336 = ADVANCED_FACE('',(#6337),#6343,.T.);
#6337 = FACE_BOUND('',#6338,.T.);
#6338 = EDGE_LOOP('',(#6339,#6340,#6341,#6342));
#6339 = ORIENTED_EDGE('',*,*,#6325,.T.);
#6340 = ORIENTED_EDGE('',*,*,#5055,.T.);
#6341 = ORIENTED_EDGE('',*,*,#6306,.F.);
#6342 = ORIENTED_EDGE('',*,*,#4921,.F.);
#6343 = PLANE('',#6344);
#6344 = AXIS2_PLACEMENT_3D('',#6345,#6346,#6347);
#6345 = CARTESIAN_POINT('',(31.75,-6.,-2.2));
#6346 = DIRECTION('',(-1.,0.,0.));
#6347 = DIRECTION('',(0.,1.,0.));
#6348 = ADVANCED_FACE('',(#6349),#6365,.T.);
#6349 = FACE_BOUND('',#6350,.T.);
#6350 = EDGE_LOOP('',(#6351,#6357,#6358,#6364));
#6351 = ORIENTED_EDGE('',*,*,#6352,.T.);
#6352 = EDGE_CURVE('',#4956,#5106,#6353,.T.);
#6353 = LINE('',#6354,#6355);
#6354 = CARTESIAN_POINT('',(24.9,42.35,-2.2));
#6355 = VECTOR('',#6356,1.);
#6356 = DIRECTION('',(-0.,-0.,-1.));
#6357 = ORIENTED_EDGE('',*,*,#5105,.T.);
#6358 = ORIENTED_EDGE('',*,*,#6359,.F.);
#6359 = EDGE_CURVE('',#4958,#5108,#6360,.T.);
#6360 = LINE('',#6361,#6362);
#6361 = CARTESIAN_POINT('',(24.9,38.85,-2.2));
#6362 = VECTOR('',#6363,1.);
#6363 = DIRECTION('',(-0.,-0.,-1.));
#6364 = ORIENTED_EDGE('',*,*,#4955,.F.);
#6365 = PLANE('',#6366);
#6366 = AXIS2_PLACEMENT_3D('',#6367,#6368,#6369);
#6367 = CARTESIAN_POINT('',(24.9,42.35,-2.2));
#6368 = DIRECTION('',(-1.,0.,0.));
#6369 = DIRECTION('',(0.,-1.,0.));
#6370 = ADVANCED_FACE('',(#6371),#6382,.T.);
#6371 = FACE_BOUND('',#6372,.T.);
#6372 = EDGE_LOOP('',(#6373,#6374,#6375,#6381));
#6373 = ORIENTED_EDGE('',*,*,#6359,.T.);
#6374 = ORIENTED_EDGE('',*,*,#5115,.T.);
#6375 = ORIENTED_EDGE('',*,*,#6376,.F.);
#6376 = EDGE_CURVE('',#4974,#5116,#6377,.T.);
#6377 = LINE('',#6378,#6379);
#6378 = CARTESIAN_POINT('',(29.9,38.85,-2.2));
#6379 = VECTOR('',#6380,1.);
#6380 = DIRECTION('',(-0.,-0.,-1.));
#6381 = ORIENTED_EDGE('',*,*,#4981,.F.);
#6382 = PLANE('',#6383);
#6383 = AXIS2_PLACEMENT_3D('',#6384,#6385,#6386);
#6384 = CARTESIAN_POINT('',(24.9,38.85,-2.2));
#6385 = DIRECTION('',(0.,-1.,0.));
#6386 = DIRECTION('',(1.,0.,0.));
#6387 = ADVANCED_FACE('',(#6388),#6399,.T.);
#6388 = FACE_BOUND('',#6389,.T.);
#6389 = EDGE_LOOP('',(#6390,#6391,#6392,#6398));
#6390 = ORIENTED_EDGE('',*,*,#6376,.T.);
#6391 = ORIENTED_EDGE('',*,*,#5123,.T.);
#6392 = ORIENTED_EDGE('',*,*,#6393,.F.);
#6393 = EDGE_CURVE('',#4966,#5124,#6394,.T.);
#6394 = LINE('',#6395,#6396);
#6395 = CARTESIAN_POINT('',(29.9,42.35,-2.2));
#6396 = VECTOR('',#6397,1.);
#6397 = DIRECTION('',(-0.,-0.,-1.));
#6398 = ORIENTED_EDGE('',*,*,#4973,.F.);
#6399 = PLANE('',#6400);
#6400 = AXIS2_PLACEMENT_3D('',#6401,#6402,#6403);
#6401 = CARTESIAN_POINT('',(29.9,38.85,-2.2));
#6402 = DIRECTION('',(1.,0.,0.));
#6403 = DIRECTION('',(0.,1.,0.));
#6404 = ADVANCED_FACE('',(#6405),#6411,.T.);
#6405 = FACE_BOUND('',#6406,.T.);
#6406 = EDGE_LOOP('',(#6407,#6408,#6409,#6410));
#6407 = ORIENTED_EDGE('',*,*,#6393,.T.);
#6408 = ORIENTED_EDGE('',*,*,#5131,.T.);
#6409 = ORIENTED_EDGE('',*,*,#6352,.F.);
#6410 = ORIENTED_EDGE('',*,*,#4965,.F.);
#6411 = PLANE('',#6412);
#6412 = AXIS2_PLACEMENT_3D('',#6413,#6414,#6415);
#6413 = CARTESIAN_POINT('',(29.9,42.35,-2.2));
#6414 = DIRECTION('',(0.,1.,0.));
#6415 = DIRECTION('',(-1.,0.,0.));
#6416 = ADVANCED_FACE('',(#6417),#6436,.F.);
#6417 = FACE_BOUND('',#6418,.F.);
#6418 = EDGE_LOOP('',(#6419,#6427,#6428,#6429));
#6419 = ORIENTED_EDGE('',*,*,#6420,.T.);
#6420 = EDGE_CURVE('',#6421,#5806,#6423,.T.);
#6421 = VERTEX_POINT('',#6422);
#6422 = CARTESIAN_POINT('',(33.132,-41.932,-1.));
#6423 = LINE('',#6424,#6425);
#6424 = CARTESIAN_POINT('',(33.132,-41.932,-1.));
#6425 = VECTOR('',#6426,1.);
#6426 = DIRECTION('',(-0.,-0.,-1.));
#6427 = ORIENTED_EDGE('',*,*,#5805,.T.);
#6428 = ORIENTED_EDGE('',*,*,#6420,.F.);
#6429 = ORIENTED_EDGE('',*,*,#6430,.F.);
#6430 = EDGE_CURVE('',#6421,#6421,#6431,.T.);
#6431 = CIRCLE('',#6432,0.95);
#6432 = AXIS2_PLACEMENT_3D('',#6433,#6434,#6435);
#6433 = CARTESIAN_POINT('',(32.182,-41.932,-1.));
#6434 = DIRECTION('',(0.,0.,1.));
#6435 = DIRECTION('',(1.,0.,0.));
#6436 = CYLINDRICAL_SURFACE('',#6437,0.95);
#6437 = AXIS2_PLACEMENT_3D('',#6438,#6439,#6440);
#6438 = CARTESIAN_POINT('',(32.182,-41.932,-1.));
#6439 = DIRECTION('',(0.,0.,1.));
#6440 = DIRECTION('',(1.,0.,0.));
#6441 = ADVANCED_FACE('',(#6442,#6447),#6458,.F.);
#6442 = FACE_BOUND('',#6443,.F.);
#6443 = EDGE_LOOP('',(#6444,#6445,#6446));
#6444 = ORIENTED_EDGE('',*,*,#6173,.T.);
#6445 = ORIENTED_EDGE('',*,*,#6160,.T.);
#6446 = ORIENTED_EDGE('',*,*,#5885,.F.);
#6447 = FACE_BOUND('',#6448,.F.);
#6448 = EDGE_LOOP('',(#6449));
#6449 = ORIENTED_EDGE('',*,*,#6450,.F.);
#6450 = EDGE_CURVE('',#6451,#6451,#6453,.T.);
#6451 = VERTEX_POINT('',#6452);
#6452 = CARTESIAN_POINT('',(33.132,41.932,-5.3));
#6453 = CIRCLE('',#6454,0.95);
#6454 = AXIS2_PLACEMENT_3D('',#6455,#6456,#6457);
#6455 = CARTESIAN_POINT('',(32.182,41.932,-5.3));
#6456 = DIRECTION('',(0.,0.,1.));
#6457 = DIRECTION('',(1.,0.,0.));
#6458 = PLANE('',#6459);
#6459 = AXIS2_PLACEMENT_3D('',#6460,#6461,#6462);
#6460 = CARTESIAN_POINT('',(-0.6,1.6125,-5.3));
#6461 = DIRECTION('',(0.,0.,1.));
#6462 = DIRECTION('',(1.,0.,0.));
#6463 = ADVANCED_FACE('',(#6464),#6483,.F.);
#6464 = FACE_BOUND('',#6465,.F.);
#6465 = EDGE_LOOP('',(#6466,#6474,#6475,#6476));
#6466 = ORIENTED_EDGE('',*,*,#6467,.T.);
#6467 = EDGE_CURVE('',#6468,#6035,#6470,.T.);
#6468 = VERTEX_POINT('',#6469);
#6469 = CARTESIAN_POINT('',(-33.632,-35.482,-1.));
#6470 = LINE('',#6471,#6472);
#6471 = CARTESIAN_POINT('',(-33.632,-35.482,-1.));
#6472 = VECTOR('',#6473,1.);
#6473 = DIRECTION('',(-0.,-0.,-1.));
#6474 = ORIENTED_EDGE('',*,*,#6034,.T.);
#6475 = ORIENTED_EDGE('',*,*,#6467,.F.);
#6476 = ORIENTED_EDGE('',*,*,#6477,.F.);
#6477 = EDGE_CURVE('',#6468,#6468,#6478,.T.);
#6478 = CIRCLE('',#6479,0.95);
#6479 = AXIS2_PLACEMENT_3D('',#6480,#6481,#6482);
#6480 = CARTESIAN_POINT('',(-34.582,-35.482,-1.));
#6481 = DIRECTION('',(0.,0.,1.));
#6482 = DIRECTION('',(1.,0.,0.));
#6483 = CYLINDRICAL_SURFACE('',#6484,0.95);
#6484 = AXIS2_PLACEMENT_3D('',#6485,#6486,#6487);
#6485 = CARTESIAN_POINT('',(-34.582,-35.482,-1.));
#6486 = DIRECTION('',(0.,0.,1.));
#6487 = DIRECTION('',(1.,0.,0.));
#6488 = ADVANCED_FACE('',(#6489,#6494),#6505,.F.);
#6489 = FACE_BOUND('',#6490,.F.);
#6490 = EDGE_LOOP('',(#6491,#6492,#6493));
#6491 = ORIENTED_EDGE('',*,*,#6201,.T.);
#6492 = ORIENTED_EDGE('',*,*,#6188,.T.);
#6493 = ORIENTED_EDGE('',*,*,#6068,.F.);
#6494 = FACE_BOUND('',#6495,.F.);
#6495 = EDGE_LOOP('',(#6496));
#6496 = ORIENTED_EDGE('',*,*,#6497,.F.);
#6497 = EDGE_CURVE('',#6498,#6498,#6500,.T.);
#6498 = VERTEX_POINT('',#6499);
#6499 = CARTESIAN_POINT('',(-31.232,41.932,-5.3));
#6500 = CIRCLE('',#6501,0.95);
#6501 = AXIS2_PLACEMENT_3D('',#6502,#6503,#6504);
#6502 = CARTESIAN_POINT('',(-32.182,41.932,-5.3));
#6503 = DIRECTION('',(0.,0.,1.));
#6504 = DIRECTION('',(1.,0.,0.));
#6505 = PLANE('',#6506);
#6506 = AXIS2_PLACEMENT_3D('',#6507,#6508,#6509);
#6507 = CARTESIAN_POINT('',(-0.6,1.6125,-5.3));
#6508 = DIRECTION('',(0.,0.,1.));
#6509 = DIRECTION('',(1.,0.,0.));
#6510 = ADVANCED_FACE('',(#6511),#6514,.F.);
#6511 = FACE_BOUND('',#6512,.F.);
#6512 = EDGE_LOOP('',(#6513));
#6513 = ORIENTED_EDGE('',*,*,#6430,.T.);
#6514 = PLANE('',#6515);
#6515 = AXIS2_PLACEMENT_3D('',#6516,#6517,#6518);
#6516 = CARTESIAN_POINT('',(-0.6,1.6125,-1.));
#6517 = DIRECTION('',(0.,0.,1.));
#6518 = DIRECTION('',(1.,0.,0.));
#6519 = ADVANCED_FACE('',(#6520),#6539,.F.);
#6520 = FACE_BOUND('',#6521,.F.);
#6521 = EDGE_LOOP('',(#6522,#6530,#6531,#6532));
#6522 = ORIENTED_EDGE('',*,*,#6523,.T.);
#6523 = EDGE_CURVE('',#6524,#6451,#6526,.T.);
#6524 = VERTEX_POINT('',#6525);
#6525 = CARTESIAN_POINT('',(33.132,41.932,-1.));
#6526 = LINE('',#6527,#6528);
#6527 = CARTESIAN_POINT('',(33.132,41.932,-1.));
#6528 = VECTOR('',#6529,1.);
#6529 = DIRECTION('',(-0.,-0.,-1.));
#6530 = ORIENTED_EDGE('',*,*,#6450,.T.);
#6531 = ORIENTED_EDGE('',*,*,#6523,.F.);
#6532 = ORIENTED_EDGE('',*,*,#6533,.F.);
#6533 = EDGE_CURVE('',#6524,#6524,#6534,.T.);
#6534 = CIRCLE('',#6535,0.95);
#6535 = AXIS2_PLACEMENT_3D('',#6536,#6537,#6538);
#6536 = CARTESIAN_POINT('',(32.182,41.932,-1.));
#6537 = DIRECTION('',(0.,0.,1.));
#6538 = DIRECTION('',(1.,0.,0.));
#6539 = CYLINDRICAL_SURFACE('',#6540,0.95);
#6540 = AXIS2_PLACEMENT_3D('',#6541,#6542,#6543);
#6541 = CARTESIAN_POINT('',(32.182,41.932,-1.));
#6542 = DIRECTION('',(0.,0.,1.));
#6543 = DIRECTION('',(1.,0.,0.));
#6544 = ADVANCED_FACE('',(#6545),#6548,.F.);
#6545 = FACE_BOUND('',#6546,.F.);
#6546 = EDGE_LOOP('',(#6547));
#6547 = ORIENTED_EDGE('',*,*,#6477,.T.);
#6548 = PLANE('',#6549);
#6549 = AXIS2_PLACEMENT_3D('',#6550,#6551,#6552);
#6550 = CARTESIAN_POINT('',(-0.6,1.6125,-1.));
#6551 = DIRECTION('',(0.,0.,1.));
#6552 = DIRECTION('',(1.,0.,0.));
#6553 = ADVANCED_FACE('',(#6554),#6573,.F.);
#6554 = FACE_BOUND('',#6555,.F.);
#6555 = EDGE_LOOP('',(#6556,#6564,#6565,#6566));
#6556 = ORIENTED_EDGE('',*,*,#6557,.T.);
#6557 = EDGE_CURVE('',#6558,#6498,#6560,.T.);
#6558 = VERTEX_POINT('',#6559);
#6559 = CARTESIAN_POINT('',(-31.232,41.932,-1.));
#6560 = LINE('',#6561,#6562);
#6561 = CARTESIAN_POINT('',(-31.232,41.932,-1.));
#6562 = VECTOR('',#6563,1.);
#6563 = DIRECTION('',(-0.,-0.,-1.));
#6564 = ORIENTED_EDGE('',*,*,#6497,.T.);
#6565 = ORIENTED_EDGE('',*,*,#6557,.F.);
#6566 = ORIENTED_EDGE('',*,*,#6567,.F.);
#6567 = EDGE_CURVE('',#6558,#6558,#6568,.T.);
#6568 = CIRCLE('',#6569,0.95);
#6569 = AXIS2_PLACEMENT_3D('',#6570,#6571,#6572);
#6570 = CARTESIAN_POINT('',(-32.182,41.932,-1.));
#6571 = DIRECTION('',(0.,0.,1.));
#6572 = DIRECTION('',(1.,0.,0.));
#6573 = CYLINDRICAL_SURFACE('',#6574,0.95);
#6574 = AXIS2_PLACEMENT_3D('',#6575,#6576,#6577);
#6575 = CARTESIAN_POINT('',(-32.182,41.932,-1.));
#6576 = DIRECTION('',(0.,0.,1.));
#6577 = DIRECTION('',(1.,0.,0.));
#6578 = ADVANCED_FACE('',(#6579),#6582,.F.);
#6579 = FACE_BOUND('',#6580,.F.);
#6580 = EDGE_LOOP('',(#6581));
#6581 = ORIENTED_EDGE('',*,*,#6533,.T.);
#6582 = PLANE('',#6583);
#6583 = AXIS2_PLACEMENT_3D('',#6584,#6585,#6586);
#6584 = CARTESIAN_POINT('',(-0.6,1.6125,-1.));
#6585 = DIRECTION('',(0.,0.,1.));
#6586 = DIRECTION('',(1.,0.,0.));
#6587 = ADVANCED_FACE('',(#6588),#6591,.F.);
#6588 = FACE_BOUND('',#6589,.F.);
#6589 = EDGE_LOOP('',(#6590));
#6590 = ORIENTED_EDGE('',*,*,#6567,.T.);
#6591 = PLANE('',#6592);
#6592 = AXIS2_PLACEMENT_3D('',#6593,#6594,#6595);
#6593 = CARTESIAN_POINT('',(-0.6,1.6125,-1.));
#6594 = DIRECTION('',(0.,0.,1.));
#6595 = DIRECTION('',(1.,0.,0.));
#6596 = ( GEOMETRIC_REPRESENTATION_CONTEXT(3) 
GLOBAL_UNCERTAINTY_ASSIGNED_CONTEXT((#6600)) 
GLOBAL_UNIT_ASSIGNED_CONTEXT((#6597,#6598,#6599)) REPRESENTATION_CONTEXT
('Context #1','3D Context with UNIT and UNCERTAINTY') );
#6597 = ( LENGTH_UNIT() NAMED_UNIT(*) SI_UNIT(.MILLI.,.METRE.) );
#6598 = ( NAMED_UNIT(*) PLANE_ANGLE_UNIT() SI_UNIT($,.RADIAN.) );
#6599 = ( NAMED_UNIT(*) SI_UNIT($,.STERADIAN.) SOLID_ANGLE_UNIT() );
#6600 = UNCERTAINTY_MEASURE_WITH_UNIT(LENGTH_MEASURE(2.E-05),#6597,
  'distance_accuracy_value','confusion accuracy');
#6601 = PRODUCT_RELATED_PRODUCT_CATEGORY('part',$,(#7));
#6602 = MECHANICAL_DESIGN_GEOMETRIC_PRESENTATION_REPRESENTATION('',(
    #6603),#6596);
#6603 = STYLED_ITEM('color',(#6604),#15);
#6604 = PRESENTATION_STYLE_ASSIGNMENT((#6605,#6613));
#6605 = SURFACE_STYLE_USAGE(.BOTH.,#6606);
#6606 = SURFACE_SIDE_STYLE('',(#6607,#6611));
#6607 = SURFACE_STYLE_FILL_AREA(#6608);
#6608 = FILL_AREA_STYLE('',(#6609));
#6609 = FILL_AREA_STYLE_COLOUR('',#6610);
#6610 = COLOUR_RGB('',0.447058818107,0.474509808674,0.501960817233);
#6611 = SURFACE_STYLE_RENDERING_WITH_PROPERTIES(.NORMAL_SHADING.,#6610,(
    #6612));
#6612 = SURFACE_STYLE_TRANSPARENT(0.699999988079);
#6613 = CURVE_STYLE('',#6614,POSITIVE_LENGTH_MEASURE(0.1),#6615);
#6614 = DRAUGHTING_PRE_DEFINED_CURVE_FONT('continuous');
#6615 = COLOUR_RGB('',9.803921802644E-02,9.803921802644E-02,
  9.803921802644E-02);
ENDSEC;
END-ISO-10303-21;
