ISO-10303-21;
HEADER;
FILE_DESCRIPTION(('FreeCAD Model'),'2;1');
FILE_NAME('Open CASCADE Shape Model','2026-09-02T10:48:56',(''),(''),
  'Open CASCADE STEP processor 7.9','FreeCAD','Unknown');
FILE_SCHEMA(('AUTOMOTIVE_DESIGN { 1 0 10303 214 1 1 1 1 }'));
ENDSEC;
DATA;
#1 = APPLICATION_PROTOCOL_DEFINITION('international standard',
  'automotive_design',2000,#2);
#2 = APPLICATION_CONTEXT(
  'core data for automotive mechanical design processes');
#3 = SHAPE_DEFINITION_REPRESENTATION(#4,#10);
#4 = PRODUCT_DEFINITION_SHAPE('','',#5);
#5 = PRODUCT_DEFINITION('design','',#6,#9);
#6 = PRODUCT_DEFINITION_FORMATION('','',#7);
#7 = PRODUCT('top','top','',(#8));
#8 = PRODUCT_CONTEXT('',#2,'mechanical');
#9 = PRODUCT_DEFINITION_CONTEXT('part definition',#2,'design');
#10 = ADVANCED_BREP_SHAPE_REPRESENTATION('',(#11,#15),#3595);
#11 = AXIS2_PLACEMENT_3D('',#12,#13,#14);
#12 = CARTESIAN_POINT('',(0.,0.,0.));
#13 = DIRECTION('',(0.,0.,1.));
#14 = DIRECTION('',(1.,0.,-0.));
#15 = MANIFOLD_SOLID_BREP('',#16);
#16 = CLOSED_SHELL('',(#17,#57,#90,#121,#250,#275,#300,#324,#1013,#1030,
    #1055,#1079,#1104,#1121,#1150,#1174,#1197,#1221,#1244,#1268,#1291,
    #1309,#1326,#1343,#1360,#1377,#1389,#1420,#1445,#1469,#1494,#1518,
    #1543,#1567,#1585,#1616,#1641,#1665,#1690,#1714,#1739,#1763,#1781,
    #1812,#1837,#1861,#1886,#1910,#1935,#1959,#1977,#2008,#2033,#2057,
    #2082,#2106,#2131,#2155,#2173,#2204,#2229,#2253,#2278,#2302,#2327,
    #2351,#2369,#2400,#2425,#2449,#2474,#2498,#2523,#2547,#2565,#2596,
    #2621,#2645,#2670,#2694,#2719,#2743,#2761,#2792,#2817,#2841,#2866,
    #2890,#2915,#2939,#2957,#2988,#3013,#3037,#3062,#3086,#3111,#3135,
    #3153,#3239,#3255,#3271,#3287,#3303,#3319,#3335,#3351,#3367,#3383,
    #3414,#3439,#3464,#3488,#3512,#3537,#3562,#3579));
#17 = ADVANCED_FACE('',(#18),#52,.T.);
#18 = FACE_BOUND('',#19,.T.);
#19 = EDGE_LOOP('',(#20,#30,#38,#46));
#20 = ORIENTED_EDGE('',*,*,#21,.T.);
#21 = EDGE_CURVE('',#22,#24,#26,.T.);
#22 = VERTEX_POINT('',#23);
#23 = CARTESIAN_POINT('',(30.8,-22.35,-2.));
#24 = VERTEX_POINT('',#25);
#25 = CARTESIAN_POINT('',(30.8,-22.35,-13.8));
#26 = LINE('',#27,#28);
#27 = CARTESIAN_POINT('',(30.8,-22.35,0.));
#28 = VECTOR('',#29,1.);
#29 = DIRECTION('',(-0.,-0.,-1.));
#30 = ORIENTED_EDGE('',*,*,#31,.T.);
#31 = EDGE_CURVE('',#24,#32,#34,.T.);
#32 = VERTEX_POINT('',#33);
#33 = CARTESIAN_POINT('',(30.8,22.35,-13.8));
#34 = LINE('',#35,#36);
#35 = CARTESIAN_POINT('',(30.8,-22.35,-13.8));
#36 = VECTOR('',#37,1.);
#37 = DIRECTION('',(0.,1.,0.));
#38 = ORIENTED_EDGE('',*,*,#39,.F.);
#39 = EDGE_CURVE('',#40,#32,#42,.T.);
#40 = VERTEX_POINT('',#41);
#41 = CARTESIAN_POINT('',(30.8,22.35,-2.));
#42 = LINE('',#43,#44);
#43 = CARTESIAN_POINT('',(30.8,22.35,-12.4));
#44 = VECTOR('',#45,1.);
#45 = DIRECTION('',(-0.,-0.,-1.));
#46 = ORIENTED_EDGE('',*,*,#47,.F.);
#47 = EDGE_CURVE('',#22,#40,#48,.T.);
#48 = LINE('',#49,#50);
#49 = CARTESIAN_POINT('',(30.8,-22.35,-2.));
#50 = VECTOR('',#51,1.);
#51 = DIRECTION('',(0.,1.,0.));
#52 = PLANE('',#53);
#53 = AXIS2_PLACEMENT_3D('',#54,#55,#56);
#54 = CARTESIAN_POINT('',(30.8,-4.9E-16,-6.9));
#55 = DIRECTION('',(1.,0.,4.6E-16));
#56 = DIRECTION('',(-4.6E-16,0.,1.));
#57 = ADVANCED_FACE('',(#58),#85,.T.);
#58 = FACE_BOUND('',#59,.T.);
#59 = EDGE_LOOP('',(#60,#61,#70,#78));
#60 = ORIENTED_EDGE('',*,*,#21,.F.);
#61 = ORIENTED_EDGE('',*,*,#62,.F.);
#62 = EDGE_CURVE('',#63,#22,#65,.T.);
#63 = VERTEX_POINT('',#64);
#64 = CARTESIAN_POINT('',(28.6,-24.55,-2.));
#65 = CIRCLE('',#66,2.2);
#66 = AXIS2_PLACEMENT_3D('',#67,#68,#69);
#67 = CARTESIAN_POINT('',(28.6,-22.35,-2.));
#68 = DIRECTION('',(-0.,0.,1.));
#69 = DIRECTION('',(0.,-1.,0.));
#70 = ORIENTED_EDGE('',*,*,#71,.T.);
#71 = EDGE_CURVE('',#63,#72,#74,.T.);
#72 = VERTEX_POINT('',#73);
#73 = CARTESIAN_POINT('',(28.6,-24.55,-13.8));
#74 = LINE('',#75,#76);
#75 = CARTESIAN_POINT('',(28.6,-24.55,-12.4));
#76 = VECTOR('',#77,1.);
#77 = DIRECTION('',(-0.,-0.,-1.));
#78 = ORIENTED_EDGE('',*,*,#79,.T.);
#79 = EDGE_CURVE('',#72,#24,#80,.T.);
#80 = CIRCLE('',#81,2.2);
#81 = AXIS2_PLACEMENT_3D('',#82,#83,#84);
#82 = CARTESIAN_POINT('',(28.6,-22.35,-13.8));
#83 = DIRECTION('',(0.,0.,1.));
#84 = DIRECTION('',(1.,0.,0.));
#85 = CYLINDRICAL_SURFACE('',#86,2.2);
#86 = AXIS2_PLACEMENT_3D('',#87,#88,#89);
#87 = CARTESIAN_POINT('',(28.6,-22.35,0.));
#88 = DIRECTION('',(0.,0.,1.));
#89 = DIRECTION('',(1.,0.,0.));
#90 = ADVANCED_FACE('',(#91),#116,.T.);
#91 = FACE_BOUND('',#92,.T.);
#92 = EDGE_LOOP('',(#93,#101,#102,#110));
#93 = ORIENTED_EDGE('',*,*,#94,.F.);
#94 = EDGE_CURVE('',#22,#95,#97,.T.);
#95 = VERTEX_POINT('',#96);
#96 = CARTESIAN_POINT('',(28.8,-22.35,-2.E-15));
#97 = LINE('',#98,#99);
#98 = CARTESIAN_POINT('',(29.8,-22.35,-1.));
#99 = VECTOR('',#100,1.);
#100 = DIRECTION('',(-0.707106781187,0.,0.707106781187));
#101 = ORIENTED_EDGE('',*,*,#47,.T.);
#102 = ORIENTED_EDGE('',*,*,#103,.T.);
#103 = EDGE_CURVE('',#40,#104,#106,.T.);
#104 = VERTEX_POINT('',#105);
#105 = CARTESIAN_POINT('',(28.8,22.35,-2.E-15));
#106 = LINE('',#107,#108);
#107 = CARTESIAN_POINT('',(29.8,22.35,-1.));
#108 = VECTOR('',#109,1.);
#109 = DIRECTION('',(-0.707106781187,0.,0.707106781187));
#110 = ORIENTED_EDGE('',*,*,#111,.F.);
#111 = EDGE_CURVE('',#95,#104,#112,.T.);
#112 = LINE('',#113,#114);
#113 = CARTESIAN_POINT('',(28.8,-22.35,0.));
#114 = VECTOR('',#115,1.);
#115 = DIRECTION('',(0.,1.,0.));
#116 = PLANE('',#117);
#117 = AXIS2_PLACEMENT_3D('',#118,#119,#120);
#118 = CARTESIAN_POINT('',(29.8,-22.35,-1.));
#119 = DIRECTION('',(0.707106781187,0.,0.707106781187));
#120 = DIRECTION('',(0.,1.,0.));
#121 = ADVANCED_FACE('',(#122,#175),#245,.F.);
#122 = FACE_BOUND('',#123,.F.);
#123 = EDGE_LOOP('',(#124,#132,#133,#134,#143,#151,#160,#168));
#124 = ORIENTED_EDGE('',*,*,#125,.T.);
#125 = EDGE_CURVE('',#126,#72,#128,.T.);
#126 = VERTEX_POINT('',#127);
#127 = CARTESIAN_POINT('',(-28.6,-24.55,-13.8));
#128 = LINE('',#129,#130);
#129 = CARTESIAN_POINT('',(-28.6,-24.55,-13.8));
#130 = VECTOR('',#131,1.);
#131 = DIRECTION('',(1.,0.,0.));
#132 = ORIENTED_EDGE('',*,*,#79,.T.);
#133 = ORIENTED_EDGE('',*,*,#31,.T.);
#134 = ORIENTED_EDGE('',*,*,#135,.T.);
#135 = EDGE_CURVE('',#32,#136,#138,.T.);
#136 = VERTEX_POINT('',#137);
#137 = CARTESIAN_POINT('',(28.6,24.55,-13.8));
#138 = CIRCLE('',#139,2.2);
#139 = AXIS2_PLACEMENT_3D('',#140,#141,#142);
#140 = CARTESIAN_POINT('',(28.6,22.35,-13.8));
#141 = DIRECTION('',(0.,0.,1.));
#142 = DIRECTION('',(1.,0.,0.));
#143 = ORIENTED_EDGE('',*,*,#144,.T.);
#144 = EDGE_CURVE('',#136,#145,#147,.T.);
#145 = VERTEX_POINT('',#146);
#146 = CARTESIAN_POINT('',(-28.6,24.55,-13.8));
#147 = LINE('',#148,#149);
#148 = CARTESIAN_POINT('',(28.6,24.55,-13.8));
#149 = VECTOR('',#150,1.);
#150 = DIRECTION('',(-1.,0.,0.));
#151 = ORIENTED_EDGE('',*,*,#152,.T.);
#152 = EDGE_CURVE('',#145,#153,#155,.T.);
#153 = VERTEX_POINT('',#154);
#154 = CARTESIAN_POINT('',(-30.8,22.35,-13.8));
#155 = CIRCLE('',#156,2.2);
#156 = AXIS2_PLACEMENT_3D('',#157,#158,#159);
#157 = CARTESIAN_POINT('',(-28.6,22.35,-13.8));
#158 = DIRECTION('',(0.,0.,1.));
#159 = DIRECTION('',(1.,0.,0.));
#160 = ORIENTED_EDGE('',*,*,#161,.T.);
#161 = EDGE_CURVE('',#153,#162,#164,.T.);
#162 = VERTEX_POINT('',#163);
#163 = CARTESIAN_POINT('',(-30.8,-22.35,-13.8));
#164 = LINE('',#165,#166);
#165 = CARTESIAN_POINT('',(-30.8,22.35,-13.8));
#166 = VECTOR('',#167,1.);
#167 = DIRECTION('',(0.,-1.,0.));
#168 = ORIENTED_EDGE('',*,*,#169,.T.);
#169 = EDGE_CURVE('',#162,#126,#170,.T.);
#170 = CIRCLE('',#171,2.2);
#171 = AXIS2_PLACEMENT_3D('',#172,#173,#174);
#172 = CARTESIAN_POINT('',(-28.6,-22.35,-13.8));
#173 = DIRECTION('',(0.,0.,1.));
#174 = DIRECTION('',(1.,0.,0.));
#175 = FACE_BOUND('',#176,.F.);
#176 = EDGE_LOOP('',(#177,#187,#196,#204,#213,#221,#230,#238));
#177 = ORIENTED_EDGE('',*,*,#178,.F.);
#178 = EDGE_CURVE('',#179,#181,#183,.T.);
#179 = VERTEX_POINT('',#180);
#180 = CARTESIAN_POINT('',(-28.6,-23.65,-13.8));
#181 = VERTEX_POINT('',#182);
#182 = CARTESIAN_POINT('',(28.6,-23.65,-13.8));
#183 = LINE('',#184,#185);
#184 = CARTESIAN_POINT('',(-28.6,-23.65,-13.8));
#185 = VECTOR('',#186,1.);
#186 = DIRECTION('',(1.,0.,0.));
#187 = ORIENTED_EDGE('',*,*,#188,.F.);
#188 = EDGE_CURVE('',#189,#179,#191,.T.);
#189 = VERTEX_POINT('',#190);
#190 = CARTESIAN_POINT('',(-29.9,-22.35,-13.8));
#191 = CIRCLE('',#192,1.3);
#192 = AXIS2_PLACEMENT_3D('',#193,#194,#195);
#193 = CARTESIAN_POINT('',(-28.6,-22.35,-13.8));
#194 = DIRECTION('',(0.,0.,1.));
#195 = DIRECTION('',(1.,0.,0.));
#196 = ORIENTED_EDGE('',*,*,#197,.F.);
#197 = EDGE_CURVE('',#198,#189,#200,.T.);
#198 = VERTEX_POINT('',#199);
#199 = CARTESIAN_POINT('',(-29.9,22.35,-13.8));
#200 = LINE('',#201,#202);
#201 = CARTESIAN_POINT('',(-29.9,22.35,-13.8));
#202 = VECTOR('',#203,1.);
#203 = DIRECTION('',(0.,-1.,0.));
#204 = ORIENTED_EDGE('',*,*,#205,.F.);
#205 = EDGE_CURVE('',#206,#198,#208,.T.);
#206 = VERTEX_POINT('',#207);
#207 = CARTESIAN_POINT('',(-28.6,23.65,-13.8));
#208 = CIRCLE('',#209,1.3);
#209 = AXIS2_PLACEMENT_3D('',#210,#211,#212);
#210 = CARTESIAN_POINT('',(-28.6,22.35,-13.8));
#211 = DIRECTION('',(0.,0.,1.));
#212 = DIRECTION('',(1.,0.,0.));
#213 = ORIENTED_EDGE('',*,*,#214,.F.);
#214 = EDGE_CURVE('',#215,#206,#217,.T.);
#215 = VERTEX_POINT('',#216);
#216 = CARTESIAN_POINT('',(28.6,23.65,-13.8));
#217 = LINE('',#218,#219);
#218 = CARTESIAN_POINT('',(28.6,23.65,-13.8));
#219 = VECTOR('',#220,1.);
#220 = DIRECTION('',(-1.,0.,0.));
#221 = ORIENTED_EDGE('',*,*,#222,.F.);
#222 = EDGE_CURVE('',#223,#215,#225,.T.);
#223 = VERTEX_POINT('',#224);
#224 = CARTESIAN_POINT('',(29.9,22.35,-13.8));
#225 = CIRCLE('',#226,1.3);
#226 = AXIS2_PLACEMENT_3D('',#227,#228,#229);
#227 = CARTESIAN_POINT('',(28.6,22.35,-13.8));
#228 = DIRECTION('',(0.,0.,1.));
#229 = DIRECTION('',(1.,0.,0.));
#230 = ORIENTED_EDGE('',*,*,#231,.F.);
#231 = EDGE_CURVE('',#232,#223,#234,.T.);
#232 = VERTEX_POINT('',#233);
#233 = CARTESIAN_POINT('',(29.9,-22.35,-13.8));
#234 = LINE('',#235,#236);
#235 = CARTESIAN_POINT('',(29.9,-22.35,-13.8));
#236 = VECTOR('',#237,1.);
#237 = DIRECTION('',(0.,1.,0.));
#238 = ORIENTED_EDGE('',*,*,#239,.F.);
#239 = EDGE_CURVE('',#181,#232,#240,.T.);
#240 = CIRCLE('',#241,1.3);
#241 = AXIS2_PLACEMENT_3D('',#242,#243,#244);
#242 = CARTESIAN_POINT('',(28.6,-22.35,-13.8));
#243 = DIRECTION('',(0.,0.,1.));
#244 = DIRECTION('',(1.,0.,0.));
#245 = PLANE('',#246);
#246 = AXIS2_PLACEMENT_3D('',#247,#248,#249);
#247 = CARTESIAN_POINT('',(28.6,-22.35,-13.8));
#248 = DIRECTION('',(0.,0.,1.));
#249 = DIRECTION('',(1.,0.,0.));
#250 = ADVANCED_FACE('',(#251),#270,.T.);
#251 = FACE_BOUND('',#252,.T.);
#252 = EDGE_LOOP('',(#253,#261,#268,#269));
#253 = ORIENTED_EDGE('',*,*,#254,.F.);
#254 = EDGE_CURVE('',#255,#136,#257,.T.);
#255 = VERTEX_POINT('',#256);
#256 = CARTESIAN_POINT('',(28.6,24.55,-2.));
#257 = LINE('',#258,#259);
#258 = CARTESIAN_POINT('',(28.6,24.55,0.));
#259 = VECTOR('',#260,1.);
#260 = DIRECTION('',(-0.,-0.,-1.));
#261 = ORIENTED_EDGE('',*,*,#262,.F.);
#262 = EDGE_CURVE('',#40,#255,#263,.T.);
#263 = CIRCLE('',#264,2.2);
#264 = AXIS2_PLACEMENT_3D('',#265,#266,#267);
#265 = CARTESIAN_POINT('',(28.6,22.35,-2.));
#266 = DIRECTION('',(0.,0.,1.));
#267 = DIRECTION('',(1.,0.,0.));
#268 = ORIENTED_EDGE('',*,*,#39,.T.);
#269 = ORIENTED_EDGE('',*,*,#135,.T.);
#270 = CYLINDRICAL_SURFACE('',#271,2.2);
#271 = AXIS2_PLACEMENT_3D('',#272,#273,#274);
#272 = CARTESIAN_POINT('',(28.6,22.35,0.));
#273 = DIRECTION('',(0.,0.,1.));
#274 = DIRECTION('',(1.,0.,0.));
#275 = ADVANCED_FACE('',(#276),#295,.T.);
#276 = FACE_BOUND('',#277,.T.);
#277 = EDGE_LOOP('',(#278,#286,#287,#288));
#278 = ORIENTED_EDGE('',*,*,#279,.F.);
#279 = EDGE_CURVE('',#63,#280,#282,.T.);
#280 = VERTEX_POINT('',#281);
#281 = CARTESIAN_POINT('',(28.6,-22.55,-1.E-15));
#282 = LINE('',#283,#284);
#283 = CARTESIAN_POINT('',(28.6,-23.55,-1.));
#284 = VECTOR('',#285,1.);
#285 = DIRECTION('',(0.,0.707106781187,0.707106781187));
#286 = ORIENTED_EDGE('',*,*,#62,.T.);
#287 = ORIENTED_EDGE('',*,*,#94,.T.);
#288 = ORIENTED_EDGE('',*,*,#289,.F.);
#289 = EDGE_CURVE('',#280,#95,#290,.T.);
#290 = CIRCLE('',#291,0.2);
#291 = AXIS2_PLACEMENT_3D('',#292,#293,#294);
#292 = CARTESIAN_POINT('',(28.6,-22.35,0.));
#293 = DIRECTION('',(-0.,0.,1.));
#294 = DIRECTION('',(0.,-1.,0.));
#295 = CONICAL_SURFACE('',#296,2.2,0.785398163397);
#296 = AXIS2_PLACEMENT_3D('',#297,#298,#299);
#297 = CARTESIAN_POINT('',(28.6,-22.35,-2.));
#298 = DIRECTION('',(-0.,-0.,-1.));
#299 = DIRECTION('',(0.,-1.,0.));
#300 = ADVANCED_FACE('',(#301),#319,.T.);
#301 = FACE_BOUND('',#302,.T.);
#302 = EDGE_LOOP('',(#303,#311,#312,#313));
#303 = ORIENTED_EDGE('',*,*,#304,.T.);
#304 = EDGE_CURVE('',#305,#126,#307,.T.);
#305 = VERTEX_POINT('',#306);
#306 = CARTESIAN_POINT('',(-28.6,-24.55,-2.));
#307 = LINE('',#308,#309);
#308 = CARTESIAN_POINT('',(-28.6,-24.55,0.));
#309 = VECTOR('',#310,1.);
#310 = DIRECTION('',(-0.,-0.,-1.));
#311 = ORIENTED_EDGE('',*,*,#125,.T.);
#312 = ORIENTED_EDGE('',*,*,#71,.F.);
#313 = ORIENTED_EDGE('',*,*,#314,.F.);
#314 = EDGE_CURVE('',#305,#63,#315,.T.);
#315 = LINE('',#316,#317);
#316 = CARTESIAN_POINT('',(-28.6,-24.55,-2.));
#317 = VECTOR('',#318,1.);
#318 = DIRECTION('',(1.,0.,0.));
#319 = PLANE('',#320);
#320 = AXIS2_PLACEMENT_3D('',#321,#322,#323);
#321 = CARTESIAN_POINT('',(-1.6E-15,-24.55,-6.9));
#322 = DIRECTION('',(-0.,-1.,-0.));
#323 = DIRECTION('',(0.,0.,-1.));
#324 = ADVANCED_FACE('',(#325,#378,#448,#518,#588,#658,#728,#798,#868,
    #938),#1008,.T.);
#325 = FACE_BOUND('',#326,.T.);
#326 = EDGE_LOOP('',(#327,#328,#337,#345,#354,#362,#371,#377));
#327 = ORIENTED_EDGE('',*,*,#111,.T.);
#328 = ORIENTED_EDGE('',*,*,#329,.T.);
#329 = EDGE_CURVE('',#104,#330,#332,.T.);
#330 = VERTEX_POINT('',#331);
#331 = CARTESIAN_POINT('',(28.6,22.55,0.));
#332 = CIRCLE('',#333,0.2);
#333 = AXIS2_PLACEMENT_3D('',#334,#335,#336);
#334 = CARTESIAN_POINT('',(28.6,22.35,0.));
#335 = DIRECTION('',(0.,0.,1.));
#336 = DIRECTION('',(1.,0.,0.));
#337 = ORIENTED_EDGE('',*,*,#338,.T.);
#338 = EDGE_CURVE('',#330,#339,#341,.T.);
#339 = VERTEX_POINT('',#340);
#340 = CARTESIAN_POINT('',(-28.6,22.55,-1.E-15));
#341 = LINE('',#342,#343);
#342 = CARTESIAN_POINT('',(28.6,22.55,0.));
#343 = VECTOR('',#344,1.);
#344 = DIRECTION('',(-1.,0.,0.));
#345 = ORIENTED_EDGE('',*,*,#346,.T.);
#346 = EDGE_CURVE('',#339,#347,#349,.T.);
#347 = VERTEX_POINT('',#348);
#348 = CARTESIAN_POINT('',(-28.8,22.35,0.));
#349 = CIRCLE('',#350,0.2);
#350 = AXIS2_PLACEMENT_3D('',#351,#352,#353);
#351 = CARTESIAN_POINT('',(-28.6,22.35,0.));
#352 = DIRECTION('',(0.,-0.,1.));
#353 = DIRECTION('',(0.,1.,0.));
#354 = ORIENTED_EDGE('',*,*,#355,.T.);
#355 = EDGE_CURVE('',#347,#356,#358,.T.);
#356 = VERTEX_POINT('',#357);
#357 = CARTESIAN_POINT('',(-28.8,-22.35,-2.E-15));
#358 = LINE('',#359,#360);
#359 = CARTESIAN_POINT('',(-28.8,22.35,0.));
#360 = VECTOR('',#361,1.);
#361 = DIRECTION('',(0.,-1.,0.));
#362 = ORIENTED_EDGE('',*,*,#363,.T.);
#363 = EDGE_CURVE('',#356,#364,#366,.T.);
#364 = VERTEX_POINT('',#365);
#365 = CARTESIAN_POINT('',(-28.6,-22.55,0.));
#366 = CIRCLE('',#367,0.2);
#367 = AXIS2_PLACEMENT_3D('',#368,#369,#370);
#368 = CARTESIAN_POINT('',(-28.6,-22.35,0.));
#369 = DIRECTION('',(0.,0.,1.));
#370 = DIRECTION('',(-1.,0.,0.));
#371 = ORIENTED_EDGE('',*,*,#372,.T.);
#372 = EDGE_CURVE('',#364,#280,#373,.T.);
#373 = LINE('',#374,#375);
#374 = CARTESIAN_POINT('',(-28.6,-22.55,0.));
#375 = VECTOR('',#376,1.);
#376 = DIRECTION('',(1.,0.,0.));
#377 = ORIENTED_EDGE('',*,*,#289,.T.);
#378 = FACE_BOUND('',#379,.T.);
#379 = EDGE_LOOP('',(#380,#390,#399,#407,#416,#424,#433,#441));
#380 = ORIENTED_EDGE('',*,*,#381,.F.);
#381 = EDGE_CURVE('',#382,#384,#386,.T.);
#382 = VERTEX_POINT('',#383);
#383 = CARTESIAN_POINT('',(-14.,1.6,0.));
#384 = VERTEX_POINT('',#385);
#385 = CARTESIAN_POINT('',(-14.,-1.6,0.));
#386 = LINE('',#387,#388);
#387 = CARTESIAN_POINT('',(-14.,1.6,0.));
#388 = VECTOR('',#389,1.);
#389 = DIRECTION('',(0.,-1.,0.));
#390 = ORIENTED_EDGE('',*,*,#391,.F.);
#391 = EDGE_CURVE('',#392,#382,#394,.T.);
#392 = VERTEX_POINT('',#393);
#393 = CARTESIAN_POINT('',(-13.6,2.,0.));
#394 = CIRCLE('',#395,0.4);
#395 = AXIS2_PLACEMENT_3D('',#396,#397,#398);
#396 = CARTESIAN_POINT('',(-13.6,1.6,0.));
#397 = DIRECTION('',(0.,0.,1.));
#398 = DIRECTION('',(1.,0.,0.));
#399 = ORIENTED_EDGE('',*,*,#400,.F.);
#400 = EDGE_CURVE('',#401,#392,#403,.T.);
#401 = VERTEX_POINT('',#402);
#402 = CARTESIAN_POINT('',(-13.2,2.,0.));
#403 = LINE('',#404,#405);
#404 = CARTESIAN_POINT('',(-13.2,2.,0.));
#405 = VECTOR('',#406,1.);
#406 = DIRECTION('',(-1.,0.,0.));
#407 = ORIENTED_EDGE('',*,*,#408,.F.);
#408 = EDGE_CURVE('',#409,#401,#411,.T.);
#409 = VERTEX_POINT('',#410);
#410 = CARTESIAN_POINT('',(-12.8,1.6,0.));
#411 = CIRCLE('',#412,0.4);
#412 = AXIS2_PLACEMENT_3D('',#413,#414,#415);
#413 = CARTESIAN_POINT('',(-13.2,1.6,0.));
#414 = DIRECTION('',(0.,0.,1.));
#415 = DIRECTION('',(1.,0.,0.));
#416 = ORIENTED_EDGE('',*,*,#417,.F.);
#417 = EDGE_CURVE('',#418,#409,#420,.T.);
#418 = VERTEX_POINT('',#419);
#419 = CARTESIAN_POINT('',(-12.8,-1.6,0.));
#420 = LINE('',#421,#422);
#421 = CARTESIAN_POINT('',(-12.8,-1.6,0.));
#422 = VECTOR('',#423,1.);
#423 = DIRECTION('',(0.,1.,0.));
#424 = ORIENTED_EDGE('',*,*,#425,.F.);
#425 = EDGE_CURVE('',#426,#418,#428,.T.);
#426 = VERTEX_POINT('',#427);
#427 = CARTESIAN_POINT('',(-13.2,-2.,0.));
#428 = CIRCLE('',#429,0.4);
#429 = AXIS2_PLACEMENT_3D('',#430,#431,#432);
#430 = CARTESIAN_POINT('',(-13.2,-1.6,0.));
#431 = DIRECTION('',(0.,0.,1.));
#432 = DIRECTION('',(1.,0.,0.));
#433 = ORIENTED_EDGE('',*,*,#434,.F.);
#434 = EDGE_CURVE('',#435,#426,#437,.T.);
#435 = VERTEX_POINT('',#436);
#436 = CARTESIAN_POINT('',(-13.6,-2.,0.));
#437 = LINE('',#438,#439);
#438 = CARTESIAN_POINT('',(-13.6,-2.,0.));
#439 = VECTOR('',#440,1.);
#440 = DIRECTION('',(1.,0.,0.));
#441 = ORIENTED_EDGE('',*,*,#442,.F.);
#442 = EDGE_CURVE('',#384,#435,#443,.T.);
#443 = CIRCLE('',#444,0.4);
#444 = AXIS2_PLACEMENT_3D('',#445,#446,#447);
#445 = CARTESIAN_POINT('',(-13.6,-1.6,0.));
#446 = DIRECTION('',(0.,0.,1.));
#447 = DIRECTION('',(1.,0.,0.));
#448 = FACE_BOUND('',#449,.T.);
#449 = EDGE_LOOP('',(#450,#460,#469,#477,#486,#494,#503,#511));
#450 = ORIENTED_EDGE('',*,*,#451,.F.);
#451 = EDGE_CURVE('',#452,#454,#456,.T.);
#452 = VERTEX_POINT('',#453);
#453 = CARTESIAN_POINT('',(-10.8,3.5,0.));
#454 = VERTEX_POINT('',#455);
#455 = CARTESIAN_POINT('',(-10.8,-1.5,0.));
#456 = LINE('',#457,#458);
#457 = CARTESIAN_POINT('',(-10.8,3.5,0.));
#458 = VECTOR('',#459,1.);
#459 = DIRECTION('',(0.,-1.,0.));
#460 = ORIENTED_EDGE('',*,*,#461,.F.);
#461 = EDGE_CURVE('',#462,#452,#464,.T.);
#462 = VERTEX_POINT('',#463);
#463 = CARTESIAN_POINT('',(-10.3,4.,0.));
#464 = CIRCLE('',#465,0.5);
#465 = AXIS2_PLACEMENT_3D('',#466,#467,#468);
#466 = CARTESIAN_POINT('',(-10.3,3.5,0.));
#467 = DIRECTION('',(0.,0.,1.));
#468 = DIRECTION('',(1.,0.,0.));
#469 = ORIENTED_EDGE('',*,*,#470,.F.);
#470 = EDGE_CURVE('',#471,#462,#473,.T.);
#471 = VERTEX_POINT('',#472);
#472 = CARTESIAN_POINT('',(-9.9,4.,0.));
#473 = LINE('',#474,#475);
#474 = CARTESIAN_POINT('',(-9.9,4.,0.));
#475 = VECTOR('',#476,1.);
#476 = DIRECTION('',(-1.,0.,0.));
#477 = ORIENTED_EDGE('',*,*,#478,.F.);
#478 = EDGE_CURVE('',#479,#471,#481,.T.);
#479 = VERTEX_POINT('',#480);
#480 = CARTESIAN_POINT('',(-9.4,3.5,0.));
#481 = CIRCLE('',#482,0.5);
#482 = AXIS2_PLACEMENT_3D('',#483,#484,#485);
#483 = CARTESIAN_POINT('',(-9.9,3.5,0.));
#484 = DIRECTION('',(0.,0.,1.));
#485 = DIRECTION('',(1.,0.,0.));
#486 = ORIENTED_EDGE('',*,*,#487,.F.);
#487 = EDGE_CURVE('',#488,#479,#490,.T.);
#488 = VERTEX_POINT('',#489);
#489 = CARTESIAN_POINT('',(-9.4,-1.5,0.));
#490 = LINE('',#491,#492);
#491 = CARTESIAN_POINT('',(-9.4,-1.5,0.));
#492 = VECTOR('',#493,1.);
#493 = DIRECTION('',(0.,1.,0.));
#494 = ORIENTED_EDGE('',*,*,#495,.F.);
#495 = EDGE_CURVE('',#496,#488,#498,.T.);
#496 = VERTEX_POINT('',#497);
#497 = CARTESIAN_POINT('',(-9.9,-2.,0.));
#498 = CIRCLE('',#499,0.5);
#499 = AXIS2_PLACEMENT_3D('',#500,#501,#502);
#500 = CARTESIAN_POINT('',(-9.9,-1.5,0.));
#501 = DIRECTION('',(0.,0.,1.));
#502 = DIRECTION('',(1.,0.,0.));
#503 = ORIENTED_EDGE('',*,*,#504,.F.);
#504 = EDGE_CURVE('',#505,#496,#507,.T.);
#505 = VERTEX_POINT('',#506);
#506 = CARTESIAN_POINT('',(-10.3,-2.,0.));
#507 = LINE('',#508,#509);
#508 = CARTESIAN_POINT('',(-10.3,-2.,0.));
#509 = VECTOR('',#510,1.);
#510 = DIRECTION('',(1.,0.,0.));
#511 = ORIENTED_EDGE('',*,*,#512,.F.);
#512 = EDGE_CURVE('',#454,#505,#513,.T.);
#513 = CIRCLE('',#514,0.5);
#514 = AXIS2_PLACEMENT_3D('',#515,#516,#517);
#515 = CARTESIAN_POINT('',(-10.3,-1.5,0.));
#516 = DIRECTION('',(0.,0.,1.));
#517 = DIRECTION('',(1.,0.,0.));
#518 = FACE_BOUND('',#519,.T.);
#519 = EDGE_LOOP('',(#520,#530,#539,#547,#556,#564,#573,#581));
#520 = ORIENTED_EDGE('',*,*,#521,.F.);
#521 = EDGE_CURVE('',#522,#524,#526,.T.);
#522 = VERTEX_POINT('',#523);
#523 = CARTESIAN_POINT('',(-7.4,5.5,0.));
#524 = VERTEX_POINT('',#525);
#525 = CARTESIAN_POINT('',(-7.4,-2.5,0.));
#526 = LINE('',#527,#528);
#527 = CARTESIAN_POINT('',(-7.4,5.5,0.));
#528 = VECTOR('',#529,1.);
#529 = DIRECTION('',(0.,-1.,0.));
#530 = ORIENTED_EDGE('',*,*,#531,.F.);
#531 = EDGE_CURVE('',#532,#522,#534,.T.);
#532 = VERTEX_POINT('',#533);
#533 = CARTESIAN_POINT('',(-6.9,6.,0.));
#534 = CIRCLE('',#535,0.5);
#535 = AXIS2_PLACEMENT_3D('',#536,#537,#538);
#536 = CARTESIAN_POINT('',(-6.9,5.5,0.));
#537 = DIRECTION('',(0.,0.,1.));
#538 = DIRECTION('',(1.,0.,0.));
#539 = ORIENTED_EDGE('',*,*,#540,.F.);
#540 = EDGE_CURVE('',#541,#532,#543,.T.);
#541 = VERTEX_POINT('',#542);
#542 = CARTESIAN_POINT('',(-6.5,6.,0.));
#543 = LINE('',#544,#545);
#544 = CARTESIAN_POINT('',(-6.5,6.,0.));
#545 = VECTOR('',#546,1.);
#546 = DIRECTION('',(-1.,0.,0.));
#547 = ORIENTED_EDGE('',*,*,#548,.F.);
#548 = EDGE_CURVE('',#549,#541,#551,.T.);
#549 = VERTEX_POINT('',#550);
#550 = CARTESIAN_POINT('',(-6.,5.5,0.));
#551 = CIRCLE('',#552,0.5);
#552 = AXIS2_PLACEMENT_3D('',#553,#554,#555);
#553 = CARTESIAN_POINT('',(-6.5,5.5,0.));
#554 = DIRECTION('',(0.,0.,1.));
#555 = DIRECTION('',(1.,0.,0.));
#556 = ORIENTED_EDGE('',*,*,#557,.F.);
#557 = EDGE_CURVE('',#558,#549,#560,.T.);
#558 = VERTEX_POINT('',#559);
#559 = CARTESIAN_POINT('',(-6.,-2.5,0.));
#560 = LINE('',#561,#562);
#561 = CARTESIAN_POINT('',(-6.,-2.5,0.));
#562 = VECTOR('',#563,1.);
#563 = DIRECTION('',(0.,1.,0.));
#564 = ORIENTED_EDGE('',*,*,#565,.F.);
#565 = EDGE_CURVE('',#566,#558,#568,.T.);
#566 = VERTEX_POINT('',#567);
#567 = CARTESIAN_POINT('',(-6.5,-3.,0.));
#568 = CIRCLE('',#569,0.5);
#569 = AXIS2_PLACEMENT_3D('',#570,#571,#572);
#570 = CARTESIAN_POINT('',(-6.5,-2.5,0.));
#571 = DIRECTION('',(0.,0.,1.));
#572 = DIRECTION('',(1.,0.,0.));
#573 = ORIENTED_EDGE('',*,*,#574,.F.);
#574 = EDGE_CURVE('',#575,#566,#577,.T.);
#575 = VERTEX_POINT('',#576);
#576 = CARTESIAN_POINT('',(-6.9,-3.,0.));
#577 = LINE('',#578,#579);
#578 = CARTESIAN_POINT('',(-6.9,-3.,0.));
#579 = VECTOR('',#580,1.);
#580 = DIRECTION('',(1.,0.,0.));
#581 = ORIENTED_EDGE('',*,*,#582,.F.);
#582 = EDGE_CURVE('',#524,#575,#583,.T.);
#583 = CIRCLE('',#584,0.5);
#584 = AXIS2_PLACEMENT_3D('',#585,#586,#587);
#585 = CARTESIAN_POINT('',(-6.9,-2.5,0.));
#586 = DIRECTION('',(0.,0.,1.));
#587 = DIRECTION('',(1.,0.,0.));
#588 = FACE_BOUND('',#589,.T.);
#589 = EDGE_LOOP('',(#590,#600,#609,#617,#626,#634,#643,#651));
#590 = ORIENTED_EDGE('',*,*,#591,.F.);
#591 = EDGE_CURVE('',#592,#594,#596,.T.);
#592 = VERTEX_POINT('',#593);
#593 = CARTESIAN_POINT('',(-4.,3.5,0.));
#594 = VERTEX_POINT('',#595);
#595 = CARTESIAN_POINT('',(-4.,-1.5,0.));
#596 = LINE('',#597,#598);
#597 = CARTESIAN_POINT('',(-4.,3.5,0.));
#598 = VECTOR('',#599,1.);
#599 = DIRECTION('',(0.,-1.,0.));
#600 = ORIENTED_EDGE('',*,*,#601,.F.);
#601 = EDGE_CURVE('',#602,#592,#604,.T.);
#602 = VERTEX_POINT('',#603);
#603 = CARTESIAN_POINT('',(-3.5,4.,0.));
#604 = CIRCLE('',#605,0.5);
#605 = AXIS2_PLACEMENT_3D('',#606,#607,#608);
#606 = CARTESIAN_POINT('',(-3.5,3.5,0.));
#607 = DIRECTION('',(0.,0.,1.));
#608 = DIRECTION('',(1.,0.,0.));
#609 = ORIENTED_EDGE('',*,*,#610,.F.);
#610 = EDGE_CURVE('',#611,#602,#613,.T.);
#611 = VERTEX_POINT('',#612);
#612 = CARTESIAN_POINT('',(-3.1,4.,0.));
#613 = LINE('',#614,#615);
#614 = CARTESIAN_POINT('',(-3.1,4.,0.));
#615 = VECTOR('',#616,1.);
#616 = DIRECTION('',(-1.,0.,0.));
#617 = ORIENTED_EDGE('',*,*,#618,.F.);
#618 = EDGE_CURVE('',#619,#611,#621,.T.);
#619 = VERTEX_POINT('',#620);
#620 = CARTESIAN_POINT('',(-2.6,3.5,0.));
#621 = CIRCLE('',#622,0.5);
#622 = AXIS2_PLACEMENT_3D('',#623,#624,#625);
#623 = CARTESIAN_POINT('',(-3.1,3.5,0.));
#624 = DIRECTION('',(0.,0.,1.));
#625 = DIRECTION('',(1.,0.,0.));
#626 = ORIENTED_EDGE('',*,*,#627,.F.);
#627 = EDGE_CURVE('',#628,#619,#630,.T.);
#628 = VERTEX_POINT('',#629);
#629 = CARTESIAN_POINT('',(-2.6,-1.5,0.));
#630 = LINE('',#631,#632);
#631 = CARTESIAN_POINT('',(-2.6,-1.5,0.));
#632 = VECTOR('',#633,1.);
#633 = DIRECTION('',(0.,1.,0.));
#634 = ORIENTED_EDGE('',*,*,#635,.F.);
#635 = EDGE_CURVE('',#636,#628,#638,.T.);
#636 = VERTEX_POINT('',#637);
#637 = CARTESIAN_POINT('',(-3.1,-2.,0.));
#638 = CIRCLE('',#639,0.5);
#639 = AXIS2_PLACEMENT_3D('',#640,#641,#642);
#640 = CARTESIAN_POINT('',(-3.1,-1.5,0.));
#641 = DIRECTION('',(0.,0.,1.));
#642 = DIRECTION('',(1.,0.,0.));
#643 = ORIENTED_EDGE('',*,*,#644,.F.);
#644 = EDGE_CURVE('',#645,#636,#647,.T.);
#645 = VERTEX_POINT('',#646);
#646 = CARTESIAN_POINT('',(-3.5,-2.,0.));
#647 = LINE('',#648,#649);
#648 = CARTESIAN_POINT('',(-3.5,-2.,0.));
#649 = VECTOR('',#650,1.);
#650 = DIRECTION('',(1.,0.,0.));
#651 = ORIENTED_EDGE('',*,*,#652,.F.);
#652 = EDGE_CURVE('',#594,#645,#653,.T.);
#653 = CIRCLE('',#654,0.5);
#654 = AXIS2_PLACEMENT_3D('',#655,#656,#657);
#655 = CARTESIAN_POINT('',(-3.5,-1.5,0.));
#656 = DIRECTION('',(0.,0.,1.));
#657 = DIRECTION('',(1.,0.,0.));
#658 = FACE_BOUND('',#659,.T.);
#659 = EDGE_LOOP('',(#660,#670,#679,#687,#696,#704,#713,#721));
#660 = ORIENTED_EDGE('',*,*,#661,.F.);
#661 = EDGE_CURVE('',#662,#664,#666,.T.);
#662 = VERTEX_POINT('',#663);
#663 = CARTESIAN_POINT('',(-0.6,1.6,0.));
#664 = VERTEX_POINT('',#665);
#665 = CARTESIAN_POINT('',(-0.6,-1.6,0.));
#666 = LINE('',#667,#668);
#667 = CARTESIAN_POINT('',(-0.6,1.6,0.));
#668 = VECTOR('',#669,1.);
#669 = DIRECTION('',(0.,-1.,0.));
#670 = ORIENTED_EDGE('',*,*,#671,.F.);
#671 = EDGE_CURVE('',#672,#662,#674,.T.);
#672 = VERTEX_POINT('',#673);
#673 = CARTESIAN_POINT('',(-0.2,2.,0.));
#674 = CIRCLE('',#675,0.4);
#675 = AXIS2_PLACEMENT_3D('',#676,#677,#678);
#676 = CARTESIAN_POINT('',(-0.2,1.6,0.));
#677 = DIRECTION('',(0.,0.,1.));
#678 = DIRECTION('',(1.,0.,0.));
#679 = ORIENTED_EDGE('',*,*,#680,.F.);
#680 = EDGE_CURVE('',#681,#672,#683,.T.);
#681 = VERTEX_POINT('',#682);
#682 = CARTESIAN_POINT('',(0.2,2.,0.));
#683 = LINE('',#684,#685);
#684 = CARTESIAN_POINT('',(0.2,2.,0.));
#685 = VECTOR('',#686,1.);
#686 = DIRECTION('',(-1.,0.,0.));
#687 = ORIENTED_EDGE('',*,*,#688,.F.);
#688 = EDGE_CURVE('',#689,#681,#691,.T.);
#689 = VERTEX_POINT('',#690);
#690 = CARTESIAN_POINT('',(0.6,1.6,0.));
#691 = CIRCLE('',#692,0.4);
#692 = AXIS2_PLACEMENT_3D('',#693,#694,#695);
#693 = CARTESIAN_POINT('',(0.2,1.6,0.));
#694 = DIRECTION('',(0.,0.,1.));
#695 = DIRECTION('',(1.,0.,0.));
#696 = ORIENTED_EDGE('',*,*,#697,.F.);
#697 = EDGE_CURVE('',#698,#689,#700,.T.);
#698 = VERTEX_POINT('',#699);
#699 = CARTESIAN_POINT('',(0.6,-1.6,0.));
#700 = LINE('',#701,#702);
#701 = CARTESIAN_POINT('',(0.6,-1.6,0.));
#702 = VECTOR('',#703,1.);
#703 = DIRECTION('',(0.,1.,0.));
#704 = ORIENTED_EDGE('',*,*,#705,.F.);
#705 = EDGE_CURVE('',#706,#698,#708,.T.);
#706 = VERTEX_POINT('',#707);
#707 = CARTESIAN_POINT('',(0.2,-2.,0.));
#708 = CIRCLE('',#709,0.4);
#709 = AXIS2_PLACEMENT_3D('',#710,#711,#712);
#710 = CARTESIAN_POINT('',(0.2,-1.6,0.));
#711 = DIRECTION('',(0.,0.,1.));
#712 = DIRECTION('',(1.,0.,0.));
#713 = ORIENTED_EDGE('',*,*,#714,.F.);
#714 = EDGE_CURVE('',#715,#706,#717,.T.);
#715 = VERTEX_POINT('',#716);
#716 = CARTESIAN_POINT('',(-0.2,-2.,0.));
#717 = LINE('',#718,#719);
#718 = CARTESIAN_POINT('',(-0.2,-2.,0.));
#719 = VECTOR('',#720,1.);
#720 = DIRECTION('',(1.,0.,0.));
#721 = ORIENTED_EDGE('',*,*,#722,.F.);
#722 = EDGE_CURVE('',#664,#715,#723,.T.);
#723 = CIRCLE('',#724,0.4);
#724 = AXIS2_PLACEMENT_3D('',#725,#726,#727);
#725 = CARTESIAN_POINT('',(-0.2,-1.6,0.));
#726 = DIRECTION('',(0.,0.,1.));
#727 = DIRECTION('',(1.,0.,0.));
#728 = FACE_BOUND('',#729,.T.);
#729 = EDGE_LOOP('',(#730,#740,#749,#757,#766,#774,#783,#791));
#730 = ORIENTED_EDGE('',*,*,#731,.F.);
#731 = EDGE_CURVE('',#732,#734,#736,.T.);
#732 = VERTEX_POINT('',#733);
#733 = CARTESIAN_POINT('',(2.6,3.5,0.));
#734 = VERTEX_POINT('',#735);
#735 = CARTESIAN_POINT('',(2.6,-1.5,0.));
#736 = LINE('',#737,#738);
#737 = CARTESIAN_POINT('',(2.6,3.5,0.));
#738 = VECTOR('',#739,1.);
#739 = DIRECTION('',(0.,-1.,0.));
#740 = ORIENTED_EDGE('',*,*,#741,.F.);
#741 = EDGE_CURVE('',#742,#732,#744,.T.);
#742 = VERTEX_POINT('',#743);
#743 = CARTESIAN_POINT('',(3.1,4.,0.));
#744 = CIRCLE('',#745,0.5);
#745 = AXIS2_PLACEMENT_3D('',#746,#747,#748);
#746 = CARTESIAN_POINT('',(3.1,3.5,0.));
#747 = DIRECTION('',(0.,0.,1.));
#748 = DIRECTION('',(1.,0.,0.));
#749 = ORIENTED_EDGE('',*,*,#750,.F.);
#750 = EDGE_CURVE('',#751,#742,#753,.T.);
#751 = VERTEX_POINT('',#752);
#752 = CARTESIAN_POINT('',(3.5,4.,0.));
#753 = LINE('',#754,#755);
#754 = CARTESIAN_POINT('',(3.5,4.,0.));
#755 = VECTOR('',#756,1.);
#756 = DIRECTION('',(-1.,0.,0.));
#757 = ORIENTED_EDGE('',*,*,#758,.F.);
#758 = EDGE_CURVE('',#759,#751,#761,.T.);
#759 = VERTEX_POINT('',#760);
#760 = CARTESIAN_POINT('',(4.,3.5,0.));
#761 = CIRCLE('',#762,0.5);
#762 = AXIS2_PLACEMENT_3D('',#763,#764,#765);
#763 = CARTESIAN_POINT('',(3.5,3.5,0.));
#764 = DIRECTION('',(0.,0.,1.));
#765 = DIRECTION('',(1.,0.,0.));
#766 = ORIENTED_EDGE('',*,*,#767,.F.);
#767 = EDGE_CURVE('',#768,#759,#770,.T.);
#768 = VERTEX_POINT('',#769);
#769 = CARTESIAN_POINT('',(4.,-1.5,0.));
#770 = LINE('',#771,#772);
#771 = CARTESIAN_POINT('',(4.,-1.5,0.));
#772 = VECTOR('',#773,1.);
#773 = DIRECTION('',(0.,1.,0.));
#774 = ORIENTED_EDGE('',*,*,#775,.F.);
#775 = EDGE_CURVE('',#776,#768,#778,.T.);
#776 = VERTEX_POINT('',#777);
#777 = CARTESIAN_POINT('',(3.5,-2.,0.));
#778 = CIRCLE('',#779,0.5);
#779 = AXIS2_PLACEMENT_3D('',#780,#781,#782);
#780 = CARTESIAN_POINT('',(3.5,-1.5,0.));
#781 = DIRECTION('',(0.,0.,1.));
#782 = DIRECTION('',(1.,0.,0.));
#783 = ORIENTED_EDGE('',*,*,#784,.F.);
#784 = EDGE_CURVE('',#785,#776,#787,.T.);
#785 = VERTEX_POINT('',#786);
#786 = CARTESIAN_POINT('',(3.1,-2.,0.));
#787 = LINE('',#788,#789);
#788 = CARTESIAN_POINT('',(3.1,-2.,0.));
#789 = VECTOR('',#790,1.);
#790 = DIRECTION('',(1.,0.,0.));
#791 = ORIENTED_EDGE('',*,*,#792,.F.);
#792 = EDGE_CURVE('',#734,#785,#793,.T.);
#793 = CIRCLE('',#794,0.5);
#794 = AXIS2_PLACEMENT_3D('',#795,#796,#797);
#795 = CARTESIAN_POINT('',(3.1,-1.5,0.));
#796 = DIRECTION('',(0.,0.,1.));
#797 = DIRECTION('',(1.,0.,0.));
#798 = FACE_BOUND('',#799,.T.);
#799 = EDGE_LOOP('',(#800,#810,#819,#827,#836,#844,#853,#861));
#800 = ORIENTED_EDGE('',*,*,#801,.F.);
#801 = EDGE_CURVE('',#802,#804,#806,.T.);
#802 = VERTEX_POINT('',#803);
#803 = CARTESIAN_POINT('',(12.8,1.6,0.));
#804 = VERTEX_POINT('',#805);
#805 = CARTESIAN_POINT('',(12.8,-1.6,0.));
#806 = LINE('',#807,#808);
#807 = CARTESIAN_POINT('',(12.8,1.6,0.));
#808 = VECTOR('',#809,1.);
#809 = DIRECTION('',(0.,-1.,0.));
#810 = ORIENTED_EDGE('',*,*,#811,.F.);
#811 = EDGE_CURVE('',#812,#802,#814,.T.);
#812 = VERTEX_POINT('',#813);
#813 = CARTESIAN_POINT('',(13.2,2.,0.));
#814 = CIRCLE('',#815,0.4);
#815 = AXIS2_PLACEMENT_3D('',#816,#817,#818);
#816 = CARTESIAN_POINT('',(13.2,1.6,0.));
#817 = DIRECTION('',(0.,0.,1.));
#818 = DIRECTION('',(1.,0.,0.));
#819 = ORIENTED_EDGE('',*,*,#820,.F.);
#820 = EDGE_CURVE('',#821,#812,#823,.T.);
#821 = VERTEX_POINT('',#822);
#822 = CARTESIAN_POINT('',(13.6,2.,0.));
#823 = LINE('',#824,#825);
#824 = CARTESIAN_POINT('',(13.6,2.,0.));
#825 = VECTOR('',#826,1.);
#826 = DIRECTION('',(-1.,0.,0.));
#827 = ORIENTED_EDGE('',*,*,#828,.F.);
#828 = EDGE_CURVE('',#829,#821,#831,.T.);
#829 = VERTEX_POINT('',#830);
#830 = CARTESIAN_POINT('',(14.,1.6,0.));
#831 = CIRCLE('',#832,0.4);
#832 = AXIS2_PLACEMENT_3D('',#833,#834,#835);
#833 = CARTESIAN_POINT('',(13.6,1.6,0.));
#834 = DIRECTION('',(0.,0.,1.));
#835 = DIRECTION('',(1.,0.,0.));
#836 = ORIENTED_EDGE('',*,*,#837,.F.);
#837 = EDGE_CURVE('',#838,#829,#840,.T.);
#838 = VERTEX_POINT('',#839);
#839 = CARTESIAN_POINT('',(14.,-1.6,0.));
#840 = LINE('',#841,#842);
#841 = CARTESIAN_POINT('',(14.,-1.6,0.));
#842 = VECTOR('',#843,1.);
#843 = DIRECTION('',(0.,1.,0.));
#844 = ORIENTED_EDGE('',*,*,#845,.F.);
#845 = EDGE_CURVE('',#846,#838,#848,.T.);
#846 = VERTEX_POINT('',#847);
#847 = CARTESIAN_POINT('',(13.6,-2.,0.));
#848 = CIRCLE('',#849,0.4);
#849 = AXIS2_PLACEMENT_3D('',#850,#851,#852);
#850 = CARTESIAN_POINT('',(13.6,-1.6,0.));
#851 = DIRECTION('',(0.,0.,1.));
#852 = DIRECTION('',(1.,0.,0.));
#853 = ORIENTED_EDGE('',*,*,#854,.F.);
#854 = EDGE_CURVE('',#855,#846,#857,.T.);
#855 = VERTEX_POINT('',#856);
#856 = CARTESIAN_POINT('',(13.2,-2.,0.));
#857 = LINE('',#858,#859);
#858 = CARTESIAN_POINT('',(13.2,-2.,0.));
#859 = VECTOR('',#860,1.);
#860 = DIRECTION('',(1.,0.,0.));
#861 = ORIENTED_EDGE('',*,*,#862,.F.);
#862 = EDGE_CURVE('',#804,#855,#863,.T.);
#863 = CIRCLE('',#864,0.4);
#864 = AXIS2_PLACEMENT_3D('',#865,#866,#867);
#865 = CARTESIAN_POINT('',(13.2,-1.6,0.));
#866 = DIRECTION('',(0.,0.,1.));
#867 = DIRECTION('',(1.,0.,0.));
#868 = FACE_BOUND('',#869,.T.);
#869 = EDGE_LOOP('',(#870,#880,#889,#897,#906,#914,#923,#931));
#870 = ORIENTED_EDGE('',*,*,#871,.F.);
#871 = EDGE_CURVE('',#872,#874,#876,.T.);
#872 = VERTEX_POINT('',#873);
#873 = CARTESIAN_POINT('',(9.4,3.5,0.));
#874 = VERTEX_POINT('',#875);
#875 = CARTESIAN_POINT('',(9.4,-1.5,0.));
#876 = LINE('',#877,#878);
#877 = CARTESIAN_POINT('',(9.4,3.5,0.));
#878 = VECTOR('',#879,1.);
#879 = DIRECTION('',(0.,-1.,0.));
#880 = ORIENTED_EDGE('',*,*,#881,.F.);
#881 = EDGE_CURVE('',#882,#872,#884,.T.);
#882 = VERTEX_POINT('',#883);
#883 = CARTESIAN_POINT('',(9.9,4.,0.));
#884 = CIRCLE('',#885,0.5);
#885 = AXIS2_PLACEMENT_3D('',#886,#887,#888);
#886 = CARTESIAN_POINT('',(9.9,3.5,0.));
#887 = DIRECTION('',(0.,0.,1.));
#888 = DIRECTION('',(1.,0.,0.));
#889 = ORIENTED_EDGE('',*,*,#890,.F.);
#890 = EDGE_CURVE('',#891,#882,#893,.T.);
#891 = VERTEX_POINT('',#892);
#892 = CARTESIAN_POINT('',(10.3,4.,0.));
#893 = LINE('',#894,#895);
#894 = CARTESIAN_POINT('',(10.3,4.,0.));
#895 = VECTOR('',#896,1.);
#896 = DIRECTION('',(-1.,0.,0.));
#897 = ORIENTED_EDGE('',*,*,#898,.F.);
#898 = EDGE_CURVE('',#899,#891,#901,.T.);
#899 = VERTEX_POINT('',#900);
#900 = CARTESIAN_POINT('',(10.8,3.5,0.));
#901 = CIRCLE('',#902,0.5);
#902 = AXIS2_PLACEMENT_3D('',#903,#904,#905);
#903 = CARTESIAN_POINT('',(10.3,3.5,0.));
#904 = DIRECTION('',(0.,0.,1.));
#905 = DIRECTION('',(1.,0.,0.));
#906 = ORIENTED_EDGE('',*,*,#907,.F.);
#907 = EDGE_CURVE('',#908,#899,#910,.T.);
#908 = VERTEX_POINT('',#909);
#909 = CARTESIAN_POINT('',(10.8,-1.5,0.));
#910 = LINE('',#911,#912);
#911 = CARTESIAN_POINT('',(10.8,-1.5,0.));
#912 = VECTOR('',#913,1.);
#913 = DIRECTION('',(0.,1.,0.));
#914 = ORIENTED_EDGE('',*,*,#915,.F.);
#915 = EDGE_CURVE('',#916,#908,#918,.T.);
#916 = VERTEX_POINT('',#917);
#917 = CARTESIAN_POINT('',(10.3,-2.,0.));
#918 = CIRCLE('',#919,0.5);
#919 = AXIS2_PLACEMENT_3D('',#920,#921,#922);
#920 = CARTESIAN_POINT('',(10.3,-1.5,0.));
#921 = DIRECTION('',(0.,0.,1.));
#922 = DIRECTION('',(1.,0.,0.));
#923 = ORIENTED_EDGE('',*,*,#924,.F.);
#924 = EDGE_CURVE('',#925,#916,#927,.T.);
#925 = VERTEX_POINT('',#926);
#926 = CARTESIAN_POINT('',(9.9,-2.,0.));
#927 = LINE('',#928,#929);
#928 = CARTESIAN_POINT('',(9.9,-2.,0.));
#929 = VECTOR('',#930,1.);
#930 = DIRECTION('',(1.,0.,0.));
#931 = ORIENTED_EDGE('',*,*,#932,.F.);
#932 = EDGE_CURVE('',#874,#925,#933,.T.);
#933 = CIRCLE('',#934,0.5);
#934 = AXIS2_PLACEMENT_3D('',#935,#936,#937);
#935 = CARTESIAN_POINT('',(9.9,-1.5,0.));
#936 = DIRECTION('',(0.,0.,1.));
#937 = DIRECTION('',(1.,0.,0.));
#938 = FACE_BOUND('',#939,.T.);
#939 = EDGE_LOOP('',(#940,#950,#959,#967,#976,#984,#993,#1001));
#940 = ORIENTED_EDGE('',*,*,#941,.F.);
#941 = EDGE_CURVE('',#942,#944,#946,.T.);
#942 = VERTEX_POINT('',#943);
#943 = CARTESIAN_POINT('',(6.,5.5,0.));
#944 = VERTEX_POINT('',#945);
#945 = CARTESIAN_POINT('',(6.,-2.5,0.));
#946 = LINE('',#947,#948);
#947 = CARTESIAN_POINT('',(6.,5.5,0.));
#948 = VECTOR('',#949,1.);
#949 = DIRECTION('',(0.,-1.,0.));
#950 = ORIENTED_EDGE('',*,*,#951,.F.);
#951 = EDGE_CURVE('',#952,#942,#954,.T.);
#952 = VERTEX_POINT('',#953);
#953 = CARTESIAN_POINT('',(6.5,6.,0.));
#954 = CIRCLE('',#955,0.5);
#955 = AXIS2_PLACEMENT_3D('',#956,#957,#958);
#956 = CARTESIAN_POINT('',(6.5,5.5,0.));
#957 = DIRECTION('',(0.,0.,1.));
#958 = DIRECTION('',(1.,0.,0.));
#959 = ORIENTED_EDGE('',*,*,#960,.F.);
#960 = EDGE_CURVE('',#961,#952,#963,.T.);
#961 = VERTEX_POINT('',#962);
#962 = CARTESIAN_POINT('',(6.9,6.,0.));
#963 = LINE('',#964,#965);
#964 = CARTESIAN_POINT('',(6.9,6.,0.));
#965 = VECTOR('',#966,1.);
#966 = DIRECTION('',(-1.,0.,0.));
#967 = ORIENTED_EDGE('',*,*,#968,.F.);
#968 = EDGE_CURVE('',#969,#961,#971,.T.);
#969 = VERTEX_POINT('',#970);
#970 = CARTESIAN_POINT('',(7.4,5.5,0.));
#971 = CIRCLE('',#972,0.5);
#972 = AXIS2_PLACEMENT_3D('',#973,#974,#975);
#973 = CARTESIAN_POINT('',(6.9,5.5,0.));
#974 = DIRECTION('',(0.,0.,1.));
#975 = DIRECTION('',(1.,0.,0.));
#976 = ORIENTED_EDGE('',*,*,#977,.F.);
#977 = EDGE_CURVE('',#978,#969,#980,.T.);
#978 = VERTEX_POINT('',#979);
#979 = CARTESIAN_POINT('',(7.4,-2.5,0.));
#980 = LINE('',#981,#982);
#981 = CARTESIAN_POINT('',(7.4,-2.5,0.));
#982 = VECTOR('',#983,1.);
#983 = DIRECTION('',(0.,1.,0.));
#984 = ORIENTED_EDGE('',*,*,#985,.F.);
#985 = EDGE_CURVE('',#986,#978,#988,.T.);
#986 = VERTEX_POINT('',#987);
#987 = CARTESIAN_POINT('',(6.9,-3.,0.));
#988 = CIRCLE('',#989,0.5);
#989 = AXIS2_PLACEMENT_3D('',#990,#991,#992);
#990 = CARTESIAN_POINT('',(6.9,-2.5,0.));
#991 = DIRECTION('',(0.,0.,1.));
#992 = DIRECTION('',(1.,0.,0.));
#993 = ORIENTED_EDGE('',*,*,#994,.F.);
#994 = EDGE_CURVE('',#995,#986,#997,.T.);
#995 = VERTEX_POINT('',#996);
#996 = CARTESIAN_POINT('',(6.5,-3.,0.));
#997 = LINE('',#998,#999);
#998 = CARTESIAN_POINT('',(6.5,-3.,0.));
#999 = VECTOR('',#1000,1.);
#1000 = DIRECTION('',(1.,0.,0.));
#1001 = ORIENTED_EDGE('',*,*,#1002,.F.);
#1002 = EDGE_CURVE('',#944,#995,#1003,.T.);
#1003 = CIRCLE('',#1004,0.5);
#1004 = AXIS2_PLACEMENT_3D('',#1005,#1006,#1007);
#1005 = CARTESIAN_POINT('',(6.5,-2.5,0.));
#1006 = DIRECTION('',(0.,0.,1.));
#1007 = DIRECTION('',(1.,0.,0.));
#1008 = PLANE('',#1009);
#1009 = AXIS2_PLACEMENT_3D('',#1010,#1011,#1012);
#1010 = CARTESIAN_POINT('',(-5.05E-15,5.3E-16,0.));
#1011 = DIRECTION('',(0.,0.,1.));
#1012 = DIRECTION('',(1.,0.,0.));
#1013 = ADVANCED_FACE('',(#1014),#1025,.T.);
#1014 = FACE_BOUND('',#1015,.T.);
#1015 = EDGE_LOOP('',(#1016,#1017,#1018,#1024));
#1016 = ORIENTED_EDGE('',*,*,#103,.F.);
#1017 = ORIENTED_EDGE('',*,*,#262,.T.);
#1018 = ORIENTED_EDGE('',*,*,#1019,.T.);
#1019 = EDGE_CURVE('',#255,#330,#1020,.T.);
#1020 = LINE('',#1021,#1022);
#1021 = CARTESIAN_POINT('',(28.6,24.55,-2.));
#1022 = VECTOR('',#1023,1.);
#1023 = DIRECTION('',(-4.E-17,-0.707106781187,0.707106781187));
#1024 = ORIENTED_EDGE('',*,*,#329,.F.);
#1025 = CONICAL_SURFACE('',#1026,2.2,0.785398163397);
#1026 = AXIS2_PLACEMENT_3D('',#1027,#1028,#1029);
#1027 = CARTESIAN_POINT('',(28.6,22.35,-2.));
#1028 = DIRECTION('',(-0.,-0.,-1.));
#1029 = DIRECTION('',(1.,0.,0.));
#1030 = ADVANCED_FACE('',(#1031),#1050,.T.);
#1031 = FACE_BOUND('',#1032,.T.);
#1032 = EDGE_LOOP('',(#1033,#1034,#1043,#1049));
#1033 = ORIENTED_EDGE('',*,*,#304,.F.);
#1034 = ORIENTED_EDGE('',*,*,#1035,.F.);
#1035 = EDGE_CURVE('',#1036,#305,#1038,.T.);
#1036 = VERTEX_POINT('',#1037);
#1037 = CARTESIAN_POINT('',(-30.8,-22.35,-2.));
#1038 = CIRCLE('',#1039,2.2);
#1039 = AXIS2_PLACEMENT_3D('',#1040,#1041,#1042);
#1040 = CARTESIAN_POINT('',(-28.6,-22.35,-2.));
#1041 = DIRECTION('',(0.,0.,1.));
#1042 = DIRECTION('',(-1.,0.,0.));
#1043 = ORIENTED_EDGE('',*,*,#1044,.T.);
#1044 = EDGE_CURVE('',#1036,#162,#1045,.T.);
#1045 = LINE('',#1046,#1047);
#1046 = CARTESIAN_POINT('',(-30.8,-22.35,-12.4));
#1047 = VECTOR('',#1048,1.);
#1048 = DIRECTION('',(-0.,-0.,-1.));
#1049 = ORIENTED_EDGE('',*,*,#169,.T.);
#1050 = CYLINDRICAL_SURFACE('',#1051,2.2);
#1051 = AXIS2_PLACEMENT_3D('',#1052,#1053,#1054);
#1052 = CARTESIAN_POINT('',(-28.6,-22.35,0.));
#1053 = DIRECTION('',(0.,0.,1.));
#1054 = DIRECTION('',(1.,0.,0.));
#1055 = ADVANCED_FACE('',(#1056),#1074,.T.);
#1056 = FACE_BOUND('',#1057,.T.);
#1057 = EDGE_LOOP('',(#1058,#1066,#1067,#1068));
#1058 = ORIENTED_EDGE('',*,*,#1059,.T.);
#1059 = EDGE_CURVE('',#1060,#153,#1062,.T.);
#1060 = VERTEX_POINT('',#1061);
#1061 = CARTESIAN_POINT('',(-30.8,22.35,-2.));
#1062 = LINE('',#1063,#1064);
#1063 = CARTESIAN_POINT('',(-30.8,22.35,0.));
#1064 = VECTOR('',#1065,1.);
#1065 = DIRECTION('',(-0.,-0.,-1.));
#1066 = ORIENTED_EDGE('',*,*,#161,.T.);
#1067 = ORIENTED_EDGE('',*,*,#1044,.F.);
#1068 = ORIENTED_EDGE('',*,*,#1069,.F.);
#1069 = EDGE_CURVE('',#1060,#1036,#1070,.T.);
#1070 = LINE('',#1071,#1072);
#1071 = CARTESIAN_POINT('',(-30.8,22.35,-2.));
#1072 = VECTOR('',#1073,1.);
#1073 = DIRECTION('',(0.,-1.,0.));
#1074 = PLANE('',#1075);
#1075 = AXIS2_PLACEMENT_3D('',#1076,#1077,#1078);
#1076 = CARTESIAN_POINT('',(-30.8,1.94E-15,-6.9));
#1077 = DIRECTION('',(-1.,-0.,-0.));
#1078 = DIRECTION('',(0.,0.,-1.));
#1079 = ADVANCED_FACE('',(#1080),#1099,.T.);
#1080 = FACE_BOUND('',#1081,.T.);
#1081 = EDGE_LOOP('',(#1082,#1083,#1092,#1098));
#1082 = ORIENTED_EDGE('',*,*,#1059,.F.);
#1083 = ORIENTED_EDGE('',*,*,#1084,.F.);
#1084 = EDGE_CURVE('',#1085,#1060,#1087,.T.);
#1085 = VERTEX_POINT('',#1086);
#1086 = CARTESIAN_POINT('',(-28.6,24.55,-2.));
#1087 = CIRCLE('',#1088,2.2);
#1088 = AXIS2_PLACEMENT_3D('',#1089,#1090,#1091);
#1089 = CARTESIAN_POINT('',(-28.6,22.35,-2.));
#1090 = DIRECTION('',(0.,-0.,1.));
#1091 = DIRECTION('',(0.,1.,0.));
#1092 = ORIENTED_EDGE('',*,*,#1093,.T.);
#1093 = EDGE_CURVE('',#1085,#145,#1094,.T.);
#1094 = LINE('',#1095,#1096);
#1095 = CARTESIAN_POINT('',(-28.6,24.55,-12.4));
#1096 = VECTOR('',#1097,1.);
#1097 = DIRECTION('',(-0.,-0.,-1.));
#1098 = ORIENTED_EDGE('',*,*,#152,.T.);
#1099 = CYLINDRICAL_SURFACE('',#1100,2.2);
#1100 = AXIS2_PLACEMENT_3D('',#1101,#1102,#1103);
#1101 = CARTESIAN_POINT('',(-28.6,22.35,0.));
#1102 = DIRECTION('',(0.,0.,1.));
#1103 = DIRECTION('',(1.,0.,0.));
#1104 = ADVANCED_FACE('',(#1105),#1116,.T.);
#1105 = FACE_BOUND('',#1106,.T.);
#1106 = EDGE_LOOP('',(#1107,#1108,#1109,#1110));
#1107 = ORIENTED_EDGE('',*,*,#254,.T.);
#1108 = ORIENTED_EDGE('',*,*,#144,.T.);
#1109 = ORIENTED_EDGE('',*,*,#1093,.F.);
#1110 = ORIENTED_EDGE('',*,*,#1111,.F.);
#1111 = EDGE_CURVE('',#255,#1085,#1112,.T.);
#1112 = LINE('',#1113,#1114);
#1113 = CARTESIAN_POINT('',(28.6,24.55,-2.));
#1114 = VECTOR('',#1115,1.);
#1115 = DIRECTION('',(-1.,0.,0.));
#1116 = PLANE('',#1117);
#1117 = AXIS2_PLACEMENT_3D('',#1118,#1119,#1120);
#1118 = CARTESIAN_POINT('',(-4.E-15,24.55,-6.9));
#1119 = DIRECTION('',(0.,1.,-2.2E-16));
#1120 = DIRECTION('',(0.,2.2E-16,1.));
#1121 = ADVANCED_FACE('',(#1122),#1145,.F.);
#1122 = FACE_BOUND('',#1123,.F.);
#1123 = EDGE_LOOP('',(#1124,#1125,#1132,#1140));
#1124 = ORIENTED_EDGE('',*,*,#178,.T.);
#1125 = ORIENTED_EDGE('',*,*,#1126,.T.);
#1126 = EDGE_CURVE('',#181,#1127,#1129,.T.);
#1127 = VERTEX_POINT('',#1128);
#1128 = CARTESIAN_POINT('',(28.6,-24.02120327386,-12.4));
#1129 = B_SPLINE_CURVE_WITH_KNOTS('',1,(#1130,#1131),.UNSPECIFIED.,.F.,
  .F.,(2,2),(0.,1.),.PIECEWISE_BEZIER_KNOTS.);
#1130 = CARTESIAN_POINT('',(28.6,-23.65,-13.8));
#1131 = CARTESIAN_POINT('',(28.6,-24.02120327386,-12.4));
#1132 = ORIENTED_EDGE('',*,*,#1133,.F.);
#1133 = EDGE_CURVE('',#1134,#1127,#1136,.T.);
#1134 = VERTEX_POINT('',#1135);
#1135 = CARTESIAN_POINT('',(-28.6,-24.02120327386,-12.4));
#1136 = LINE('',#1137,#1138);
#1137 = CARTESIAN_POINT('',(-28.6,-24.02120327386,-12.4));
#1138 = VECTOR('',#1139,1.);
#1139 = DIRECTION('',(1.,0.,0.));
#1140 = ORIENTED_EDGE('',*,*,#1141,.F.);
#1141 = EDGE_CURVE('',#179,#1134,#1142,.T.);
#1142 = B_SPLINE_CURVE_WITH_KNOTS('',1,(#1143,#1144),.UNSPECIFIED.,.F.,
  .F.,(2,2),(0.,1.),.PIECEWISE_BEZIER_KNOTS.);
#1143 = CARTESIAN_POINT('',(-28.6,-23.65,-13.8));
#1144 = CARTESIAN_POINT('',(-28.6,-24.02120327386,-12.4));
#1145 = PLANE('',#1146);
#1146 = AXIS2_PLACEMENT_3D('',#1147,#1148,#1149);
#1147 = CARTESIAN_POINT('',(-28.6,-24.02120327386,-12.4));
#1148 = DIRECTION('',(0.,-0.966600102017,-0.256289373133));
#1149 = DIRECTION('',(1.,0.,0.));
#1150 = ADVANCED_FACE('',(#1151),#1169,.F.);
#1151 = FACE_BOUND('',#1152,.F.);
#1152 = EDGE_LOOP('',(#1153,#1154,#1161,#1168));
#1153 = ORIENTED_EDGE('',*,*,#239,.T.);
#1154 = ORIENTED_EDGE('',*,*,#1155,.T.);
#1155 = EDGE_CURVE('',#232,#1156,#1158,.T.);
#1156 = VERTEX_POINT('',#1157);
#1157 = CARTESIAN_POINT('',(30.271203273864,-22.35,-12.4));
#1158 = B_SPLINE_CURVE_WITH_KNOTS('',1,(#1159,#1160),.UNSPECIFIED.,.F.,
  .F.,(2,2),(0.,1.),.PIECEWISE_BEZIER_KNOTS.);
#1159 = CARTESIAN_POINT('',(29.9,-22.35,-13.8));
#1160 = CARTESIAN_POINT('',(30.271203273864,-22.35,-12.4));
#1161 = ORIENTED_EDGE('',*,*,#1162,.F.);
#1162 = EDGE_CURVE('',#1127,#1156,#1163,.T.);
#1163 = CIRCLE('',#1164,1.671203273864);
#1164 = AXIS2_PLACEMENT_3D('',#1165,#1166,#1167);
#1165 = CARTESIAN_POINT('',(28.6,-22.35,-12.4));
#1166 = DIRECTION('',(0.,0.,1.));
#1167 = DIRECTION('',(1.,0.,0.));
#1168 = ORIENTED_EDGE('',*,*,#1126,.F.);
#1169 = CONICAL_SURFACE('',#1170,1.3,0.259181393921);
#1170 = AXIS2_PLACEMENT_3D('',#1171,#1172,#1173);
#1171 = CARTESIAN_POINT('',(28.6,-22.35,-13.8));
#1172 = DIRECTION('',(0.,0.,1.));
#1173 = DIRECTION('',(1.,0.,0.));
#1174 = ADVANCED_FACE('',(#1175),#1192,.F.);
#1175 = FACE_BOUND('',#1176,.F.);
#1176 = EDGE_LOOP('',(#1177,#1178,#1185,#1191));
#1177 = ORIENTED_EDGE('',*,*,#231,.T.);
#1178 = ORIENTED_EDGE('',*,*,#1179,.T.);
#1179 = EDGE_CURVE('',#223,#1180,#1182,.T.);
#1180 = VERTEX_POINT('',#1181);
#1181 = CARTESIAN_POINT('',(30.271203273864,22.35,-12.4));
#1182 = B_SPLINE_CURVE_WITH_KNOTS('',1,(#1183,#1184),.UNSPECIFIED.,.F.,
  .F.,(2,2),(0.,1.),.PIECEWISE_BEZIER_KNOTS.);
#1183 = CARTESIAN_POINT('',(29.9,22.35,-13.8));
#1184 = CARTESIAN_POINT('',(30.271203273864,22.35,-12.4));
#1185 = ORIENTED_EDGE('',*,*,#1186,.F.);
#1186 = EDGE_CURVE('',#1156,#1180,#1187,.T.);
#1187 = LINE('',#1188,#1189);
#1188 = CARTESIAN_POINT('',(30.271203273864,-22.35,-12.4));
#1189 = VECTOR('',#1190,1.);
#1190 = DIRECTION('',(0.,1.,0.));
#1191 = ORIENTED_EDGE('',*,*,#1155,.F.);
#1192 = PLANE('',#1193);
#1193 = AXIS2_PLACEMENT_3D('',#1194,#1195,#1196);
#1194 = CARTESIAN_POINT('',(30.271203273864,-22.35,-12.4));
#1195 = DIRECTION('',(0.966600102017,0.,-0.256289373133));
#1196 = DIRECTION('',(0.,1.,0.));
#1197 = ADVANCED_FACE('',(#1198),#1216,.F.);
#1198 = FACE_BOUND('',#1199,.F.);
#1199 = EDGE_LOOP('',(#1200,#1201,#1208,#1215));
#1200 = ORIENTED_EDGE('',*,*,#222,.T.);
#1201 = ORIENTED_EDGE('',*,*,#1202,.T.);
#1202 = EDGE_CURVE('',#215,#1203,#1205,.T.);
#1203 = VERTEX_POINT('',#1204);
#1204 = CARTESIAN_POINT('',(28.6,24.021203273864,-12.4));
#1205 = B_SPLINE_CURVE_WITH_KNOTS('',1,(#1206,#1207),.UNSPECIFIED.,.F.,
  .F.,(2,2),(0.,1.),.PIECEWISE_BEZIER_KNOTS.);
#1206 = CARTESIAN_POINT('',(28.6,23.65,-13.8));
#1207 = CARTESIAN_POINT('',(28.6,24.021203273864,-12.4));
#1208 = ORIENTED_EDGE('',*,*,#1209,.F.);
#1209 = EDGE_CURVE('',#1180,#1203,#1210,.T.);
#1210 = CIRCLE('',#1211,1.671203273864);
#1211 = AXIS2_PLACEMENT_3D('',#1212,#1213,#1214);
#1212 = CARTESIAN_POINT('',(28.6,22.35,-12.4));
#1213 = DIRECTION('',(0.,0.,1.));
#1214 = DIRECTION('',(1.,0.,0.));
#1215 = ORIENTED_EDGE('',*,*,#1179,.F.);
#1216 = CONICAL_SURFACE('',#1217,1.3,0.259181393921);
#1217 = AXIS2_PLACEMENT_3D('',#1218,#1219,#1220);
#1218 = CARTESIAN_POINT('',(28.6,22.35,-13.8));
#1219 = DIRECTION('',(0.,0.,1.));
#1220 = DIRECTION('',(1.,0.,0.));
#1221 = ADVANCED_FACE('',(#1222),#1239,.F.);
#1222 = FACE_BOUND('',#1223,.F.);
#1223 = EDGE_LOOP('',(#1224,#1225,#1232,#1238));
#1224 = ORIENTED_EDGE('',*,*,#214,.T.);
#1225 = ORIENTED_EDGE('',*,*,#1226,.T.);
#1226 = EDGE_CURVE('',#206,#1227,#1229,.T.);
#1227 = VERTEX_POINT('',#1228);
#1228 = CARTESIAN_POINT('',(-28.6,24.021203273864,-12.4));
#1229 = B_SPLINE_CURVE_WITH_KNOTS('',1,(#1230,#1231),.UNSPECIFIED.,.F.,
  .F.,(2,2),(0.,1.),.PIECEWISE_BEZIER_KNOTS.);
#1230 = CARTESIAN_POINT('',(-28.6,23.65,-13.8));
#1231 = CARTESIAN_POINT('',(-28.6,24.021203273864,-12.4));
#1232 = ORIENTED_EDGE('',*,*,#1233,.F.);
#1233 = EDGE_CURVE('',#1203,#1227,#1234,.T.);
#1234 = LINE('',#1235,#1236);
#1235 = CARTESIAN_POINT('',(28.6,24.021203273864,-12.4));
#1236 = VECTOR('',#1237,1.);
#1237 = DIRECTION('',(-1.,0.,0.));
#1238 = ORIENTED_EDGE('',*,*,#1202,.F.);
#1239 = PLANE('',#1240);
#1240 = AXIS2_PLACEMENT_3D('',#1241,#1242,#1243);
#1241 = CARTESIAN_POINT('',(28.6,24.021203273864,-12.4));
#1242 = DIRECTION('',(0.,0.966600102017,-0.256289373133));
#1243 = DIRECTION('',(-1.,0.,0.));
#1244 = ADVANCED_FACE('',(#1245),#1263,.F.);
#1245 = FACE_BOUND('',#1246,.F.);
#1246 = EDGE_LOOP('',(#1247,#1248,#1255,#1262));
#1247 = ORIENTED_EDGE('',*,*,#205,.T.);
#1248 = ORIENTED_EDGE('',*,*,#1249,.T.);
#1249 = EDGE_CURVE('',#198,#1250,#1252,.T.);
#1250 = VERTEX_POINT('',#1251);
#1251 = CARTESIAN_POINT('',(-30.27120327386,22.35,-12.4));
#1252 = B_SPLINE_CURVE_WITH_KNOTS('',1,(#1253,#1254),.UNSPECIFIED.,.F.,
  .F.,(2,2),(0.,1.),.PIECEWISE_BEZIER_KNOTS.);
#1253 = CARTESIAN_POINT('',(-29.9,22.35,-13.8));
#1254 = CARTESIAN_POINT('',(-30.27120327386,22.35,-12.4));
#1255 = ORIENTED_EDGE('',*,*,#1256,.F.);
#1256 = EDGE_CURVE('',#1227,#1250,#1257,.T.);
#1257 = CIRCLE('',#1258,1.671203273864);
#1258 = AXIS2_PLACEMENT_3D('',#1259,#1260,#1261);
#1259 = CARTESIAN_POINT('',(-28.6,22.35,-12.4));
#1260 = DIRECTION('',(0.,0.,1.));
#1261 = DIRECTION('',(1.,0.,0.));
#1262 = ORIENTED_EDGE('',*,*,#1226,.F.);
#1263 = CONICAL_SURFACE('',#1264,1.3,0.259181393921);
#1264 = AXIS2_PLACEMENT_3D('',#1265,#1266,#1267);
#1265 = CARTESIAN_POINT('',(-28.6,22.35,-13.8));
#1266 = DIRECTION('',(0.,0.,1.));
#1267 = DIRECTION('',(1.,0.,0.));
#1268 = ADVANCED_FACE('',(#1269),#1286,.F.);
#1269 = FACE_BOUND('',#1270,.F.);
#1270 = EDGE_LOOP('',(#1271,#1272,#1279,#1285));
#1271 = ORIENTED_EDGE('',*,*,#197,.T.);
#1272 = ORIENTED_EDGE('',*,*,#1273,.T.);
#1273 = EDGE_CURVE('',#189,#1274,#1276,.T.);
#1274 = VERTEX_POINT('',#1275);
#1275 = CARTESIAN_POINT('',(-30.27120327386,-22.35,-12.4));
#1276 = B_SPLINE_CURVE_WITH_KNOTS('',1,(#1277,#1278),.UNSPECIFIED.,.F.,
  .F.,(2,2),(0.,1.),.PIECEWISE_BEZIER_KNOTS.);
#1277 = CARTESIAN_POINT('',(-29.9,-22.35,-13.8));
#1278 = CARTESIAN_POINT('',(-30.27120327386,-22.35,-12.4));
#1279 = ORIENTED_EDGE('',*,*,#1280,.F.);
#1280 = EDGE_CURVE('',#1250,#1274,#1281,.T.);
#1281 = LINE('',#1282,#1283);
#1282 = CARTESIAN_POINT('',(-30.27120327386,22.35,-12.4));
#1283 = VECTOR('',#1284,1.);
#1284 = DIRECTION('',(0.,-1.,0.));
#1285 = ORIENTED_EDGE('',*,*,#1249,.F.);
#1286 = PLANE('',#1287);
#1287 = AXIS2_PLACEMENT_3D('',#1288,#1289,#1290);
#1288 = CARTESIAN_POINT('',(-30.27120327386,22.35,-12.4));
#1289 = DIRECTION('',(-0.966600102017,0.,-0.256289373133));
#1290 = DIRECTION('',(0.,-1.,0.));
#1291 = ADVANCED_FACE('',(#1292),#1304,.F.);
#1292 = FACE_BOUND('',#1293,.F.);
#1293 = EDGE_LOOP('',(#1294,#1295,#1296,#1303));
#1294 = ORIENTED_EDGE('',*,*,#188,.T.);
#1295 = ORIENTED_EDGE('',*,*,#1141,.T.);
#1296 = ORIENTED_EDGE('',*,*,#1297,.F.);
#1297 = EDGE_CURVE('',#1274,#1134,#1298,.T.);
#1298 = CIRCLE('',#1299,1.671203273864);
#1299 = AXIS2_PLACEMENT_3D('',#1300,#1301,#1302);
#1300 = CARTESIAN_POINT('',(-28.6,-22.35,-12.4));
#1301 = DIRECTION('',(0.,0.,1.));
#1302 = DIRECTION('',(1.,0.,0.));
#1303 = ORIENTED_EDGE('',*,*,#1273,.F.);
#1304 = CONICAL_SURFACE('',#1305,1.3,0.259181393921);
#1305 = AXIS2_PLACEMENT_3D('',#1306,#1307,#1308);
#1306 = CARTESIAN_POINT('',(-28.6,-22.35,-13.8));
#1307 = DIRECTION('',(0.,0.,1.));
#1308 = DIRECTION('',(1.,0.,0.));
#1309 = ADVANCED_FACE('',(#1310),#1321,.T.);
#1310 = FACE_BOUND('',#1311,.T.);
#1311 = EDGE_LOOP('',(#1312,#1318,#1319,#1320));
#1312 = ORIENTED_EDGE('',*,*,#1313,.F.);
#1313 = EDGE_CURVE('',#305,#364,#1314,.T.);
#1314 = LINE('',#1315,#1316);
#1315 = CARTESIAN_POINT('',(-28.6,-24.55,-2.));
#1316 = VECTOR('',#1317,1.);
#1317 = DIRECTION('',(4.E-17,0.707106781187,0.707106781187));
#1318 = ORIENTED_EDGE('',*,*,#314,.T.);
#1319 = ORIENTED_EDGE('',*,*,#279,.T.);
#1320 = ORIENTED_EDGE('',*,*,#372,.F.);
#1321 = PLANE('',#1322);
#1322 = AXIS2_PLACEMENT_3D('',#1323,#1324,#1325);
#1323 = CARTESIAN_POINT('',(-28.6,-23.55,-1.));
#1324 = DIRECTION('',(0.,-0.707106781187,0.707106781187));
#1325 = DIRECTION('',(1.,0.,0.));
#1326 = ADVANCED_FACE('',(#1327),#1338,.T.);
#1327 = FACE_BOUND('',#1328,.T.);
#1328 = EDGE_LOOP('',(#1329,#1330,#1331,#1337));
#1329 = ORIENTED_EDGE('',*,*,#1019,.F.);
#1330 = ORIENTED_EDGE('',*,*,#1111,.T.);
#1331 = ORIENTED_EDGE('',*,*,#1332,.T.);
#1332 = EDGE_CURVE('',#1085,#339,#1333,.T.);
#1333 = LINE('',#1334,#1335);
#1334 = CARTESIAN_POINT('',(-28.6,23.55,-1.));
#1335 = VECTOR('',#1336,1.);
#1336 = DIRECTION('',(0.,-0.707106781187,0.707106781187));
#1337 = ORIENTED_EDGE('',*,*,#338,.F.);
#1338 = PLANE('',#1339);
#1339 = AXIS2_PLACEMENT_3D('',#1340,#1341,#1342);
#1340 = CARTESIAN_POINT('',(28.6,23.55,-1.));
#1341 = DIRECTION('',(0.,0.707106781187,0.707106781187));
#1342 = DIRECTION('',(-1.,0.,0.));
#1343 = ADVANCED_FACE('',(#1344),#1355,.T.);
#1344 = FACE_BOUND('',#1345,.T.);
#1345 = EDGE_LOOP('',(#1346,#1352,#1353,#1354));
#1346 = ORIENTED_EDGE('',*,*,#1347,.F.);
#1347 = EDGE_CURVE('',#1036,#356,#1348,.T.);
#1348 = LINE('',#1349,#1350);
#1349 = CARTESIAN_POINT('',(-29.8,-22.35,-1.));
#1350 = VECTOR('',#1351,1.);
#1351 = DIRECTION('',(0.707106781187,0.,0.707106781187));
#1352 = ORIENTED_EDGE('',*,*,#1035,.T.);
#1353 = ORIENTED_EDGE('',*,*,#1313,.T.);
#1354 = ORIENTED_EDGE('',*,*,#363,.F.);
#1355 = CONICAL_SURFACE('',#1356,2.2,0.785398163397);
#1356 = AXIS2_PLACEMENT_3D('',#1357,#1358,#1359);
#1357 = CARTESIAN_POINT('',(-28.6,-22.35,-2.));
#1358 = DIRECTION('',(-0.,-0.,-1.));
#1359 = DIRECTION('',(-1.,0.,0.));
#1360 = ADVANCED_FACE('',(#1361),#1372,.T.);
#1361 = FACE_BOUND('',#1362,.T.);
#1362 = EDGE_LOOP('',(#1363,#1364,#1365,#1371));
#1363 = ORIENTED_EDGE('',*,*,#1332,.F.);
#1364 = ORIENTED_EDGE('',*,*,#1084,.T.);
#1365 = ORIENTED_EDGE('',*,*,#1366,.T.);
#1366 = EDGE_CURVE('',#1060,#347,#1367,.T.);
#1367 = LINE('',#1368,#1369);
#1368 = CARTESIAN_POINT('',(-30.8,22.35,-2.));
#1369 = VECTOR('',#1370,1.);
#1370 = DIRECTION('',(0.707106781187,-4.E-17,0.707106781187));
#1371 = ORIENTED_EDGE('',*,*,#346,.F.);
#1372 = CONICAL_SURFACE('',#1373,2.2,0.785398163397);
#1373 = AXIS2_PLACEMENT_3D('',#1374,#1375,#1376);
#1374 = CARTESIAN_POINT('',(-28.6,22.35,-2.));
#1375 = DIRECTION('',(-0.,-0.,-1.));
#1376 = DIRECTION('',(0.,1.,0.));
#1377 = ADVANCED_FACE('',(#1378),#1384,.T.);
#1378 = FACE_BOUND('',#1379,.T.);
#1379 = EDGE_LOOP('',(#1380,#1381,#1382,#1383));
#1380 = ORIENTED_EDGE('',*,*,#1366,.F.);
#1381 = ORIENTED_EDGE('',*,*,#1069,.T.);
#1382 = ORIENTED_EDGE('',*,*,#1347,.T.);
#1383 = ORIENTED_EDGE('',*,*,#355,.F.);
#1384 = PLANE('',#1385);
#1385 = AXIS2_PLACEMENT_3D('',#1386,#1387,#1388);
#1386 = CARTESIAN_POINT('',(-29.8,22.35,-1.));
#1387 = DIRECTION('',(-0.707106781187,0.,0.707106781187));
#1388 = DIRECTION('',(0.,-1.,0.));
#1389 = ADVANCED_FACE('',(#1390),#1415,.F.);
#1390 = FACE_BOUND('',#1391,.F.);
#1391 = EDGE_LOOP('',(#1392,#1400,#1408,#1414));
#1392 = ORIENTED_EDGE('',*,*,#1393,.T.);
#1393 = EDGE_CURVE('',#382,#1394,#1396,.T.);
#1394 = VERTEX_POINT('',#1395);
#1395 = CARTESIAN_POINT('',(-14.,1.6,-1.));
#1396 = LINE('',#1397,#1398);
#1397 = CARTESIAN_POINT('',(-14.,1.6,0.));
#1398 = VECTOR('',#1399,1.);
#1399 = DIRECTION('',(-0.,-0.,-1.));
#1400 = ORIENTED_EDGE('',*,*,#1401,.T.);
#1401 = EDGE_CURVE('',#1394,#1402,#1404,.T.);
#1402 = VERTEX_POINT('',#1403);
#1403 = CARTESIAN_POINT('',(-14.,-1.6,-1.));
#1404 = LINE('',#1405,#1406);
#1405 = CARTESIAN_POINT('',(-14.,1.6,-1.));
#1406 = VECTOR('',#1407,1.);
#1407 = DIRECTION('',(0.,-1.,0.));
#1408 = ORIENTED_EDGE('',*,*,#1409,.F.);
#1409 = EDGE_CURVE('',#384,#1402,#1410,.T.);
#1410 = LINE('',#1411,#1412);
#1411 = CARTESIAN_POINT('',(-14.,-1.6,0.));
#1412 = VECTOR('',#1413,1.);
#1413 = DIRECTION('',(-0.,-0.,-1.));
#1414 = ORIENTED_EDGE('',*,*,#381,.F.);
#1415 = PLANE('',#1416);
#1416 = AXIS2_PLACEMENT_3D('',#1417,#1418,#1419);
#1417 = CARTESIAN_POINT('',(-14.,1.6,0.));
#1418 = DIRECTION('',(-1.,0.,0.));
#1419 = DIRECTION('',(0.,-1.,0.));
#1420 = ADVANCED_FACE('',(#1421),#1440,.F.);
#1421 = FACE_BOUND('',#1422,.F.);
#1422 = EDGE_LOOP('',(#1423,#1424,#1433,#1439));
#1423 = ORIENTED_EDGE('',*,*,#1409,.T.);
#1424 = ORIENTED_EDGE('',*,*,#1425,.T.);
#1425 = EDGE_CURVE('',#1402,#1426,#1428,.T.);
#1426 = VERTEX_POINT('',#1427);
#1427 = CARTESIAN_POINT('',(-13.6,-2.,-1.));
#1428 = CIRCLE('',#1429,0.4);
#1429 = AXIS2_PLACEMENT_3D('',#1430,#1431,#1432);
#1430 = CARTESIAN_POINT('',(-13.6,-1.6,-1.));
#1431 = DIRECTION('',(0.,0.,1.));
#1432 = DIRECTION('',(1.,0.,0.));
#1433 = ORIENTED_EDGE('',*,*,#1434,.F.);
#1434 = EDGE_CURVE('',#435,#1426,#1435,.T.);
#1435 = LINE('',#1436,#1437);
#1436 = CARTESIAN_POINT('',(-13.6,-2.,0.));
#1437 = VECTOR('',#1438,1.);
#1438 = DIRECTION('',(-0.,-0.,-1.));
#1439 = ORIENTED_EDGE('',*,*,#442,.F.);
#1440 = CYLINDRICAL_SURFACE('',#1441,0.4);
#1441 = AXIS2_PLACEMENT_3D('',#1442,#1443,#1444);
#1442 = CARTESIAN_POINT('',(-13.6,-1.6,0.));
#1443 = DIRECTION('',(0.,0.,1.));
#1444 = DIRECTION('',(1.,0.,-0.));
#1445 = ADVANCED_FACE('',(#1446),#1464,.F.);
#1446 = FACE_BOUND('',#1447,.F.);
#1447 = EDGE_LOOP('',(#1448,#1449,#1457,#1463));
#1448 = ORIENTED_EDGE('',*,*,#1434,.T.);
#1449 = ORIENTED_EDGE('',*,*,#1450,.T.);
#1450 = EDGE_CURVE('',#1426,#1451,#1453,.T.);
#1451 = VERTEX_POINT('',#1452);
#1452 = CARTESIAN_POINT('',(-13.2,-2.,-1.));
#1453 = LINE('',#1454,#1455);
#1454 = CARTESIAN_POINT('',(-13.6,-2.,-1.));
#1455 = VECTOR('',#1456,1.);
#1456 = DIRECTION('',(1.,0.,0.));
#1457 = ORIENTED_EDGE('',*,*,#1458,.F.);
#1458 = EDGE_CURVE('',#426,#1451,#1459,.T.);
#1459 = LINE('',#1460,#1461);
#1460 = CARTESIAN_POINT('',(-13.2,-2.,0.));
#1461 = VECTOR('',#1462,1.);
#1462 = DIRECTION('',(-0.,-0.,-1.));
#1463 = ORIENTED_EDGE('',*,*,#434,.F.);
#1464 = PLANE('',#1465);
#1465 = AXIS2_PLACEMENT_3D('',#1466,#1467,#1468);
#1466 = CARTESIAN_POINT('',(-13.6,-2.,0.));
#1467 = DIRECTION('',(0.,-1.,0.));
#1468 = DIRECTION('',(1.,0.,0.));
#1469 = ADVANCED_FACE('',(#1470),#1489,.F.);
#1470 = FACE_BOUND('',#1471,.F.);
#1471 = EDGE_LOOP('',(#1472,#1473,#1482,#1488));
#1472 = ORIENTED_EDGE('',*,*,#1458,.T.);
#1473 = ORIENTED_EDGE('',*,*,#1474,.T.);
#1474 = EDGE_CURVE('',#1451,#1475,#1477,.T.);
#1475 = VERTEX_POINT('',#1476);
#1476 = CARTESIAN_POINT('',(-12.8,-1.6,-1.));
#1477 = CIRCLE('',#1478,0.4);
#1478 = AXIS2_PLACEMENT_3D('',#1479,#1480,#1481);
#1479 = CARTESIAN_POINT('',(-13.2,-1.6,-1.));
#1480 = DIRECTION('',(0.,0.,1.));
#1481 = DIRECTION('',(1.,0.,0.));
#1482 = ORIENTED_EDGE('',*,*,#1483,.F.);
#1483 = EDGE_CURVE('',#418,#1475,#1484,.T.);
#1484 = LINE('',#1485,#1486);
#1485 = CARTESIAN_POINT('',(-12.8,-1.6,0.));
#1486 = VECTOR('',#1487,1.);
#1487 = DIRECTION('',(-0.,-0.,-1.));
#1488 = ORIENTED_EDGE('',*,*,#425,.F.);
#1489 = CYLINDRICAL_SURFACE('',#1490,0.4);
#1490 = AXIS2_PLACEMENT_3D('',#1491,#1492,#1493);
#1491 = CARTESIAN_POINT('',(-13.2,-1.6,0.));
#1492 = DIRECTION('',(0.,0.,1.));
#1493 = DIRECTION('',(1.,0.,-0.));
#1494 = ADVANCED_FACE('',(#1495),#1513,.F.);
#1495 = FACE_BOUND('',#1496,.F.);
#1496 = EDGE_LOOP('',(#1497,#1498,#1506,#1512));
#1497 = ORIENTED_EDGE('',*,*,#1483,.T.);
#1498 = ORIENTED_EDGE('',*,*,#1499,.T.);
#1499 = EDGE_CURVE('',#1475,#1500,#1502,.T.);
#1500 = VERTEX_POINT('',#1501);
#1501 = CARTESIAN_POINT('',(-12.8,1.6,-1.));
#1502 = LINE('',#1503,#1504);
#1503 = CARTESIAN_POINT('',(-12.8,-1.6,-1.));
#1504 = VECTOR('',#1505,1.);
#1505 = DIRECTION('',(0.,1.,0.));
#1506 = ORIENTED_EDGE('',*,*,#1507,.F.);
#1507 = EDGE_CURVE('',#409,#1500,#1508,.T.);
#1508 = LINE('',#1509,#1510);
#1509 = CARTESIAN_POINT('',(-12.8,1.6,0.));
#1510 = VECTOR('',#1511,1.);
#1511 = DIRECTION('',(-0.,-0.,-1.));
#1512 = ORIENTED_EDGE('',*,*,#417,.F.);
#1513 = PLANE('',#1514);
#1514 = AXIS2_PLACEMENT_3D('',#1515,#1516,#1517);
#1515 = CARTESIAN_POINT('',(-12.8,-1.6,0.));
#1516 = DIRECTION('',(1.,0.,0.));
#1517 = DIRECTION('',(-0.,1.,0.));
#1518 = ADVANCED_FACE('',(#1519),#1538,.F.);
#1519 = FACE_BOUND('',#1520,.F.);
#1520 = EDGE_LOOP('',(#1521,#1522,#1531,#1537));
#1521 = ORIENTED_EDGE('',*,*,#1507,.T.);
#1522 = ORIENTED_EDGE('',*,*,#1523,.T.);
#1523 = EDGE_CURVE('',#1500,#1524,#1526,.T.);
#1524 = VERTEX_POINT('',#1525);
#1525 = CARTESIAN_POINT('',(-13.2,2.,-1.));
#1526 = CIRCLE('',#1527,0.4);
#1527 = AXIS2_PLACEMENT_3D('',#1528,#1529,#1530);
#1528 = CARTESIAN_POINT('',(-13.2,1.6,-1.));
#1529 = DIRECTION('',(0.,0.,1.));
#1530 = DIRECTION('',(1.,0.,0.));
#1531 = ORIENTED_EDGE('',*,*,#1532,.F.);
#1532 = EDGE_CURVE('',#401,#1524,#1533,.T.);
#1533 = LINE('',#1534,#1535);
#1534 = CARTESIAN_POINT('',(-13.2,2.,0.));
#1535 = VECTOR('',#1536,1.);
#1536 = DIRECTION('',(-0.,-0.,-1.));
#1537 = ORIENTED_EDGE('',*,*,#408,.F.);
#1538 = CYLINDRICAL_SURFACE('',#1539,0.4);
#1539 = AXIS2_PLACEMENT_3D('',#1540,#1541,#1542);
#1540 = CARTESIAN_POINT('',(-13.2,1.6,0.));
#1541 = DIRECTION('',(0.,0.,1.));
#1542 = DIRECTION('',(1.,0.,-0.));
#1543 = ADVANCED_FACE('',(#1544),#1562,.F.);
#1544 = FACE_BOUND('',#1545,.F.);
#1545 = EDGE_LOOP('',(#1546,#1547,#1555,#1561));
#1546 = ORIENTED_EDGE('',*,*,#1532,.T.);
#1547 = ORIENTED_EDGE('',*,*,#1548,.T.);
#1548 = EDGE_CURVE('',#1524,#1549,#1551,.T.);
#1549 = VERTEX_POINT('',#1550);
#1550 = CARTESIAN_POINT('',(-13.6,2.,-1.));
#1551 = LINE('',#1552,#1553);
#1552 = CARTESIAN_POINT('',(-13.2,2.,-1.));
#1553 = VECTOR('',#1554,1.);
#1554 = DIRECTION('',(-1.,0.,0.));
#1555 = ORIENTED_EDGE('',*,*,#1556,.F.);
#1556 = EDGE_CURVE('',#392,#1549,#1557,.T.);
#1557 = LINE('',#1558,#1559);
#1558 = CARTESIAN_POINT('',(-13.6,2.,0.));
#1559 = VECTOR('',#1560,1.);
#1560 = DIRECTION('',(-0.,-0.,-1.));
#1561 = ORIENTED_EDGE('',*,*,#400,.F.);
#1562 = PLANE('',#1563);
#1563 = AXIS2_PLACEMENT_3D('',#1564,#1565,#1566);
#1564 = CARTESIAN_POINT('',(-13.2,2.,0.));
#1565 = DIRECTION('',(0.,1.,0.));
#1566 = DIRECTION('',(-1.,0.,0.));
#1567 = ADVANCED_FACE('',(#1568),#1580,.F.);
#1568 = FACE_BOUND('',#1569,.F.);
#1569 = EDGE_LOOP('',(#1570,#1571,#1578,#1579));
#1570 = ORIENTED_EDGE('',*,*,#1556,.T.);
#1571 = ORIENTED_EDGE('',*,*,#1572,.T.);
#1572 = EDGE_CURVE('',#1549,#1394,#1573,.T.);
#1573 = CIRCLE('',#1574,0.4);
#1574 = AXIS2_PLACEMENT_3D('',#1575,#1576,#1577);
#1575 = CARTESIAN_POINT('',(-13.6,1.6,-1.));
#1576 = DIRECTION('',(0.,0.,1.));
#1577 = DIRECTION('',(1.,0.,0.));
#1578 = ORIENTED_EDGE('',*,*,#1393,.F.);
#1579 = ORIENTED_EDGE('',*,*,#391,.F.);
#1580 = CYLINDRICAL_SURFACE('',#1581,0.4);
#1581 = AXIS2_PLACEMENT_3D('',#1582,#1583,#1584);
#1582 = CARTESIAN_POINT('',(-13.6,1.6,0.));
#1583 = DIRECTION('',(0.,0.,1.));
#1584 = DIRECTION('',(1.,0.,-0.));
#1585 = ADVANCED_FACE('',(#1586),#1611,.F.);
#1586 = FACE_BOUND('',#1587,.F.);
#1587 = EDGE_LOOP('',(#1588,#1596,#1604,#1610));
#1588 = ORIENTED_EDGE('',*,*,#1589,.T.);
#1589 = EDGE_CURVE('',#452,#1590,#1592,.T.);
#1590 = VERTEX_POINT('',#1591);
#1591 = CARTESIAN_POINT('',(-10.8,3.5,-1.));
#1592 = LINE('',#1593,#1594);
#1593 = CARTESIAN_POINT('',(-10.8,3.5,0.));
#1594 = VECTOR('',#1595,1.);
#1595 = DIRECTION('',(-0.,-0.,-1.));
#1596 = ORIENTED_EDGE('',*,*,#1597,.T.);
#1597 = EDGE_CURVE('',#1590,#1598,#1600,.T.);
#1598 = VERTEX_POINT('',#1599);
#1599 = CARTESIAN_POINT('',(-10.8,-1.5,-1.));
#1600 = LINE('',#1601,#1602);
#1601 = CARTESIAN_POINT('',(-10.8,3.5,-1.));
#1602 = VECTOR('',#1603,1.);
#1603 = DIRECTION('',(0.,-1.,0.));
#1604 = ORIENTED_EDGE('',*,*,#1605,.F.);
#1605 = EDGE_CURVE('',#454,#1598,#1606,.T.);
#1606 = LINE('',#1607,#1608);
#1607 = CARTESIAN_POINT('',(-10.8,-1.5,0.));
#1608 = VECTOR('',#1609,1.);
#1609 = DIRECTION('',(-0.,-0.,-1.));
#1610 = ORIENTED_EDGE('',*,*,#451,.F.);
#1611 = PLANE('',#1612);
#1612 = AXIS2_PLACEMENT_3D('',#1613,#1614,#1615);
#1613 = CARTESIAN_POINT('',(-10.8,3.5,0.));
#1614 = DIRECTION('',(-1.,0.,0.));
#1615 = DIRECTION('',(0.,-1.,0.));
#1616 = ADVANCED_FACE('',(#1617),#1636,.F.);
#1617 = FACE_BOUND('',#1618,.F.);
#1618 = EDGE_LOOP('',(#1619,#1620,#1629,#1635));
#1619 = ORIENTED_EDGE('',*,*,#1605,.T.);
#1620 = ORIENTED_EDGE('',*,*,#1621,.T.);
#1621 = EDGE_CURVE('',#1598,#1622,#1624,.T.);
#1622 = VERTEX_POINT('',#1623);
#1623 = CARTESIAN_POINT('',(-10.3,-2.,-1.));
#1624 = CIRCLE('',#1625,0.5);
#1625 = AXIS2_PLACEMENT_3D('',#1626,#1627,#1628);
#1626 = CARTESIAN_POINT('',(-10.3,-1.5,-1.));
#1627 = DIRECTION('',(0.,0.,1.));
#1628 = DIRECTION('',(1.,0.,0.));
#1629 = ORIENTED_EDGE('',*,*,#1630,.F.);
#1630 = EDGE_CURVE('',#505,#1622,#1631,.T.);
#1631 = LINE('',#1632,#1633);
#1632 = CARTESIAN_POINT('',(-10.3,-2.,0.));
#1633 = VECTOR('',#1634,1.);
#1634 = DIRECTION('',(-0.,-0.,-1.));
#1635 = ORIENTED_EDGE('',*,*,#512,.F.);
#1636 = CYLINDRICAL_SURFACE('',#1637,0.5);
#1637 = AXIS2_PLACEMENT_3D('',#1638,#1639,#1640);
#1638 = CARTESIAN_POINT('',(-10.3,-1.5,0.));
#1639 = DIRECTION('',(0.,0.,1.));
#1640 = DIRECTION('',(1.,0.,-0.));
#1641 = ADVANCED_FACE('',(#1642),#1660,.F.);
#1642 = FACE_BOUND('',#1643,.F.);
#1643 = EDGE_LOOP('',(#1644,#1645,#1653,#1659));
#1644 = ORIENTED_EDGE('',*,*,#1630,.T.);
#1645 = ORIENTED_EDGE('',*,*,#1646,.T.);
#1646 = EDGE_CURVE('',#1622,#1647,#1649,.T.);
#1647 = VERTEX_POINT('',#1648);
#1648 = CARTESIAN_POINT('',(-9.9,-2.,-1.));
#1649 = LINE('',#1650,#1651);
#1650 = CARTESIAN_POINT('',(-10.3,-2.,-1.));
#1651 = VECTOR('',#1652,1.);
#1652 = DIRECTION('',(1.,0.,0.));
#1653 = ORIENTED_EDGE('',*,*,#1654,.F.);
#1654 = EDGE_CURVE('',#496,#1647,#1655,.T.);
#1655 = LINE('',#1656,#1657);
#1656 = CARTESIAN_POINT('',(-9.9,-2.,0.));
#1657 = VECTOR('',#1658,1.);
#1658 = DIRECTION('',(-0.,-0.,-1.));
#1659 = ORIENTED_EDGE('',*,*,#504,.F.);
#1660 = PLANE('',#1661);
#1661 = AXIS2_PLACEMENT_3D('',#1662,#1663,#1664);
#1662 = CARTESIAN_POINT('',(-10.3,-2.,0.));
#1663 = DIRECTION('',(0.,-1.,0.));
#1664 = DIRECTION('',(1.,0.,0.));
#1665 = ADVANCED_FACE('',(#1666),#1685,.F.);
#1666 = FACE_BOUND('',#1667,.F.);
#1667 = EDGE_LOOP('',(#1668,#1669,#1678,#1684));
#1668 = ORIENTED_EDGE('',*,*,#1654,.T.);
#1669 = ORIENTED_EDGE('',*,*,#1670,.T.);
#1670 = EDGE_CURVE('',#1647,#1671,#1673,.T.);
#1671 = VERTEX_POINT('',#1672);
#1672 = CARTESIAN_POINT('',(-9.4,-1.5,-1.));
#1673 = CIRCLE('',#1674,0.5);
#1674 = AXIS2_PLACEMENT_3D('',#1675,#1676,#1677);
#1675 = CARTESIAN_POINT('',(-9.9,-1.5,-1.));
#1676 = DIRECTION('',(0.,0.,1.));
#1677 = DIRECTION('',(1.,0.,0.));
#1678 = ORIENTED_EDGE('',*,*,#1679,.F.);
#1679 = EDGE_CURVE('',#488,#1671,#1680,.T.);
#1680 = LINE('',#1681,#1682);
#1681 = CARTESIAN_POINT('',(-9.4,-1.5,0.));
#1682 = VECTOR('',#1683,1.);
#1683 = DIRECTION('',(-0.,-0.,-1.));
#1684 = ORIENTED_EDGE('',*,*,#495,.F.);
#1685 = CYLINDRICAL_SURFACE('',#1686,0.5);
#1686 = AXIS2_PLACEMENT_3D('',#1687,#1688,#1689);
#1687 = CARTESIAN_POINT('',(-9.9,-1.5,0.));
#1688 = DIRECTION('',(0.,0.,1.));
#1689 = DIRECTION('',(1.,0.,-0.));
#1690 = ADVANCED_FACE('',(#1691),#1709,.F.);
#1691 = FACE_BOUND('',#1692,.F.);
#1692 = EDGE_LOOP('',(#1693,#1694,#1702,#1708));
#1693 = ORIENTED_EDGE('',*,*,#1679,.T.);
#1694 = ORIENTED_EDGE('',*,*,#1695,.T.);
#1695 = EDGE_CURVE('',#1671,#1696,#1698,.T.);
#1696 = VERTEX_POINT('',#1697);
#1697 = CARTESIAN_POINT('',(-9.4,3.5,-1.));
#1698 = LINE('',#1699,#1700);
#1699 = CARTESIAN_POINT('',(-9.4,-1.5,-1.));
#1700 = VECTOR('',#1701,1.);
#1701 = DIRECTION('',(0.,1.,0.));
#1702 = ORIENTED_EDGE('',*,*,#1703,.F.);
#1703 = EDGE_CURVE('',#479,#1696,#1704,.T.);
#1704 = LINE('',#1705,#1706);
#1705 = CARTESIAN_POINT('',(-9.4,3.5,0.));
#1706 = VECTOR('',#1707,1.);
#1707 = DIRECTION('',(-0.,-0.,-1.));
#1708 = ORIENTED_EDGE('',*,*,#487,.F.);
#1709 = PLANE('',#1710);
#1710 = AXIS2_PLACEMENT_3D('',#1711,#1712,#1713);
#1711 = CARTESIAN_POINT('',(-9.4,-1.5,0.));
#1712 = DIRECTION('',(1.,0.,0.));
#1713 = DIRECTION('',(-0.,1.,0.));
#1714 = ADVANCED_FACE('',(#1715),#1734,.F.);
#1715 = FACE_BOUND('',#1716,.F.);
#1716 = EDGE_LOOP('',(#1717,#1718,#1727,#1733));
#1717 = ORIENTED_EDGE('',*,*,#1703,.T.);
#1718 = ORIENTED_EDGE('',*,*,#1719,.T.);
#1719 = EDGE_CURVE('',#1696,#1720,#1722,.T.);
#1720 = VERTEX_POINT('',#1721);
#1721 = CARTESIAN_POINT('',(-9.9,4.,-1.));
#1722 = CIRCLE('',#1723,0.5);
#1723 = AXIS2_PLACEMENT_3D('',#1724,#1725,#1726);
#1724 = CARTESIAN_POINT('',(-9.9,3.5,-1.));
#1725 = DIRECTION('',(0.,0.,1.));
#1726 = DIRECTION('',(1.,0.,0.));
#1727 = ORIENTED_EDGE('',*,*,#1728,.F.);
#1728 = EDGE_CURVE('',#471,#1720,#1729,.T.);
#1729 = LINE('',#1730,#1731);
#1730 = CARTESIAN_POINT('',(-9.9,4.,0.));
#1731 = VECTOR('',#1732,1.);
#1732 = DIRECTION('',(-0.,-0.,-1.));
#1733 = ORIENTED_EDGE('',*,*,#478,.F.);
#1734 = CYLINDRICAL_SURFACE('',#1735,0.5);
#1735 = AXIS2_PLACEMENT_3D('',#1736,#1737,#1738);
#1736 = CARTESIAN_POINT('',(-9.9,3.5,0.));
#1737 = DIRECTION('',(0.,0.,1.));
#1738 = DIRECTION('',(1.,0.,-0.));
#1739 = ADVANCED_FACE('',(#1740),#1758,.F.);
#1740 = FACE_BOUND('',#1741,.F.);
#1741 = EDGE_LOOP('',(#1742,#1743,#1751,#1757));
#1742 = ORIENTED_EDGE('',*,*,#1728,.T.);
#1743 = ORIENTED_EDGE('',*,*,#1744,.T.);
#1744 = EDGE_CURVE('',#1720,#1745,#1747,.T.);
#1745 = VERTEX_POINT('',#1746);
#1746 = CARTESIAN_POINT('',(-10.3,4.,-1.));
#1747 = LINE('',#1748,#1749);
#1748 = CARTESIAN_POINT('',(-9.9,4.,-1.));
#1749 = VECTOR('',#1750,1.);
#1750 = DIRECTION('',(-1.,0.,0.));
#1751 = ORIENTED_EDGE('',*,*,#1752,.F.);
#1752 = EDGE_CURVE('',#462,#1745,#1753,.T.);
#1753 = LINE('',#1754,#1755);
#1754 = CARTESIAN_POINT('',(-10.3,4.,0.));
#1755 = VECTOR('',#1756,1.);
#1756 = DIRECTION('',(-0.,-0.,-1.));
#1757 = ORIENTED_EDGE('',*,*,#470,.F.);
#1758 = PLANE('',#1759);
#1759 = AXIS2_PLACEMENT_3D('',#1760,#1761,#1762);
#1760 = CARTESIAN_POINT('',(-9.9,4.,0.));
#1761 = DIRECTION('',(0.,1.,0.));
#1762 = DIRECTION('',(-1.,0.,0.));
#1763 = ADVANCED_FACE('',(#1764),#1776,.F.);
#1764 = FACE_BOUND('',#1765,.F.);
#1765 = EDGE_LOOP('',(#1766,#1767,#1774,#1775));
#1766 = ORIENTED_EDGE('',*,*,#1752,.T.);
#1767 = ORIENTED_EDGE('',*,*,#1768,.T.);
#1768 = EDGE_CURVE('',#1745,#1590,#1769,.T.);
#1769 = CIRCLE('',#1770,0.5);
#1770 = AXIS2_PLACEMENT_3D('',#1771,#1772,#1773);
#1771 = CARTESIAN_POINT('',(-10.3,3.5,-1.));
#1772 = DIRECTION('',(0.,0.,1.));
#1773 = DIRECTION('',(1.,0.,0.));
#1774 = ORIENTED_EDGE('',*,*,#1589,.F.);
#1775 = ORIENTED_EDGE('',*,*,#461,.F.);
#1776 = CYLINDRICAL_SURFACE('',#1777,0.5);
#1777 = AXIS2_PLACEMENT_3D('',#1778,#1779,#1780);
#1778 = CARTESIAN_POINT('',(-10.3,3.5,0.));
#1779 = DIRECTION('',(0.,0.,1.));
#1780 = DIRECTION('',(1.,0.,-0.));
#1781 = ADVANCED_FACE('',(#1782),#1807,.F.);
#1782 = FACE_BOUND('',#1783,.F.);
#1783 = EDGE_LOOP('',(#1784,#1792,#1800,#1806));
#1784 = ORIENTED_EDGE('',*,*,#1785,.T.);
#1785 = EDGE_CURVE('',#522,#1786,#1788,.T.);
#1786 = VERTEX_POINT('',#1787);
#1787 = CARTESIAN_POINT('',(-7.4,5.5,-1.));
#1788 = LINE('',#1789,#1790);
#1789 = CARTESIAN_POINT('',(-7.4,5.5,0.));
#1790 = VECTOR('',#1791,1.);
#1791 = DIRECTION('',(-0.,-0.,-1.));
#1792 = ORIENTED_EDGE('',*,*,#1793,.T.);
#1793 = EDGE_CURVE('',#1786,#1794,#1796,.T.);
#1794 = VERTEX_POINT('',#1795);
#1795 = CARTESIAN_POINT('',(-7.4,-2.5,-1.));
#1796 = LINE('',#1797,#1798);
#1797 = CARTESIAN_POINT('',(-7.4,5.5,-1.));
#1798 = VECTOR('',#1799,1.);
#1799 = DIRECTION('',(0.,-1.,0.));
#1800 = ORIENTED_EDGE('',*,*,#1801,.F.);
#1801 = EDGE_CURVE('',#524,#1794,#1802,.T.);
#1802 = LINE('',#1803,#1804);
#1803 = CARTESIAN_POINT('',(-7.4,-2.5,0.));
#1804 = VECTOR('',#1805,1.);
#1805 = DIRECTION('',(-0.,-0.,-1.));
#1806 = ORIENTED_EDGE('',*,*,#521,.F.);
#1807 = PLANE('',#1808);
#1808 = AXIS2_PLACEMENT_3D('',#1809,#1810,#1811);
#1809 = CARTESIAN_POINT('',(-7.4,5.5,0.));
#1810 = DIRECTION('',(-1.,0.,0.));
#1811 = DIRECTION('',(0.,-1.,0.));
#1812 = ADVANCED_FACE('',(#1813),#1832,.F.);
#1813 = FACE_BOUND('',#1814,.F.);
#1814 = EDGE_LOOP('',(#1815,#1816,#1825,#1831));
#1815 = ORIENTED_EDGE('',*,*,#1801,.T.);
#1816 = ORIENTED_EDGE('',*,*,#1817,.T.);
#1817 = EDGE_CURVE('',#1794,#1818,#1820,.T.);
#1818 = VERTEX_POINT('',#1819);
#1819 = CARTESIAN_POINT('',(-6.9,-3.,-1.));
#1820 = CIRCLE('',#1821,0.5);
#1821 = AXIS2_PLACEMENT_3D('',#1822,#1823,#1824);
#1822 = CARTESIAN_POINT('',(-6.9,-2.5,-1.));
#1823 = DIRECTION('',(0.,0.,1.));
#1824 = DIRECTION('',(1.,0.,0.));
#1825 = ORIENTED_EDGE('',*,*,#1826,.F.);
#1826 = EDGE_CURVE('',#575,#1818,#1827,.T.);
#1827 = LINE('',#1828,#1829);
#1828 = CARTESIAN_POINT('',(-6.9,-3.,0.));
#1829 = VECTOR('',#1830,1.);
#1830 = DIRECTION('',(-0.,-0.,-1.));
#1831 = ORIENTED_EDGE('',*,*,#582,.F.);
#1832 = CYLINDRICAL_SURFACE('',#1833,0.5);
#1833 = AXIS2_PLACEMENT_3D('',#1834,#1835,#1836);
#1834 = CARTESIAN_POINT('',(-6.9,-2.5,0.));
#1835 = DIRECTION('',(0.,0.,1.));
#1836 = DIRECTION('',(1.,0.,-0.));
#1837 = ADVANCED_FACE('',(#1838),#1856,.F.);
#1838 = FACE_BOUND('',#1839,.F.);
#1839 = EDGE_LOOP('',(#1840,#1841,#1849,#1855));
#1840 = ORIENTED_EDGE('',*,*,#1826,.T.);
#1841 = ORIENTED_EDGE('',*,*,#1842,.T.);
#1842 = EDGE_CURVE('',#1818,#1843,#1845,.T.);
#1843 = VERTEX_POINT('',#1844);
#1844 = CARTESIAN_POINT('',(-6.5,-3.,-1.));
#1845 = LINE('',#1846,#1847);
#1846 = CARTESIAN_POINT('',(-6.9,-3.,-1.));
#1847 = VECTOR('',#1848,1.);
#1848 = DIRECTION('',(1.,0.,0.));
#1849 = ORIENTED_EDGE('',*,*,#1850,.F.);
#1850 = EDGE_CURVE('',#566,#1843,#1851,.T.);
#1851 = LINE('',#1852,#1853);
#1852 = CARTESIAN_POINT('',(-6.5,-3.,0.));
#1853 = VECTOR('',#1854,1.);
#1854 = DIRECTION('',(-0.,-0.,-1.));
#1855 = ORIENTED_EDGE('',*,*,#574,.F.);
#1856 = PLANE('',#1857);
#1857 = AXIS2_PLACEMENT_3D('',#1858,#1859,#1860);
#1858 = CARTESIAN_POINT('',(-6.9,-3.,0.));
#1859 = DIRECTION('',(0.,-1.,0.));
#1860 = DIRECTION('',(1.,0.,0.));
#1861 = ADVANCED_FACE('',(#1862),#1881,.F.);
#1862 = FACE_BOUND('',#1863,.F.);
#1863 = EDGE_LOOP('',(#1864,#1865,#1874,#1880));
#1864 = ORIENTED_EDGE('',*,*,#1850,.T.);
#1865 = ORIENTED_EDGE('',*,*,#1866,.T.);
#1866 = EDGE_CURVE('',#1843,#1867,#1869,.T.);
#1867 = VERTEX_POINT('',#1868);
#1868 = CARTESIAN_POINT('',(-6.,-2.5,-1.));
#1869 = CIRCLE('',#1870,0.5);
#1870 = AXIS2_PLACEMENT_3D('',#1871,#1872,#1873);
#1871 = CARTESIAN_POINT('',(-6.5,-2.5,-1.));
#1872 = DIRECTION('',(0.,0.,1.));
#1873 = DIRECTION('',(1.,0.,0.));
#1874 = ORIENTED_EDGE('',*,*,#1875,.F.);
#1875 = EDGE_CURVE('',#558,#1867,#1876,.T.);
#1876 = LINE('',#1877,#1878);
#1877 = CARTESIAN_POINT('',(-6.,-2.5,0.));
#1878 = VECTOR('',#1879,1.);
#1879 = DIRECTION('',(-0.,-0.,-1.));
#1880 = ORIENTED_EDGE('',*,*,#565,.F.);
#1881 = CYLINDRICAL_SURFACE('',#1882,0.5);
#1882 = AXIS2_PLACEMENT_3D('',#1883,#1884,#1885);
#1883 = CARTESIAN_POINT('',(-6.5,-2.5,0.));
#1884 = DIRECTION('',(0.,0.,1.));
#1885 = DIRECTION('',(1.,0.,-0.));
#1886 = ADVANCED_FACE('',(#1887),#1905,.F.);
#1887 = FACE_BOUND('',#1888,.F.);
#1888 = EDGE_LOOP('',(#1889,#1890,#1898,#1904));
#1889 = ORIENTED_EDGE('',*,*,#1875,.T.);
#1890 = ORIENTED_EDGE('',*,*,#1891,.T.);
#1891 = EDGE_CURVE('',#1867,#1892,#1894,.T.);
#1892 = VERTEX_POINT('',#1893);
#1893 = CARTESIAN_POINT('',(-6.,5.5,-1.));
#1894 = LINE('',#1895,#1896);
#1895 = CARTESIAN_POINT('',(-6.,-2.5,-1.));
#1896 = VECTOR('',#1897,1.);
#1897 = DIRECTION('',(0.,1.,0.));
#1898 = ORIENTED_EDGE('',*,*,#1899,.F.);
#1899 = EDGE_CURVE('',#549,#1892,#1900,.T.);
#1900 = LINE('',#1901,#1902);
#1901 = CARTESIAN_POINT('',(-6.,5.5,0.));
#1902 = VECTOR('',#1903,1.);
#1903 = DIRECTION('',(-0.,-0.,-1.));
#1904 = ORIENTED_EDGE('',*,*,#557,.F.);
#1905 = PLANE('',#1906);
#1906 = AXIS2_PLACEMENT_3D('',#1907,#1908,#1909);
#1907 = CARTESIAN_POINT('',(-6.,-2.5,0.));
#1908 = DIRECTION('',(1.,0.,0.));
#1909 = DIRECTION('',(-0.,1.,0.));
#1910 = ADVANCED_FACE('',(#1911),#1930,.F.);
#1911 = FACE_BOUND('',#1912,.F.);
#1912 = EDGE_LOOP('',(#1913,#1914,#1923,#1929));
#1913 = ORIENTED_EDGE('',*,*,#1899,.T.);
#1914 = ORIENTED_EDGE('',*,*,#1915,.T.);
#1915 = EDGE_CURVE('',#1892,#1916,#1918,.T.);
#1916 = VERTEX_POINT('',#1917);
#1917 = CARTESIAN_POINT('',(-6.5,6.,-1.));
#1918 = CIRCLE('',#1919,0.5);
#1919 = AXIS2_PLACEMENT_3D('',#1920,#1921,#1922);
#1920 = CARTESIAN_POINT('',(-6.5,5.5,-1.));
#1921 = DIRECTION('',(0.,0.,1.));
#1922 = DIRECTION('',(1.,0.,0.));
#1923 = ORIENTED_EDGE('',*,*,#1924,.F.);
#1924 = EDGE_CURVE('',#541,#1916,#1925,.T.);
#1925 = LINE('',#1926,#1927);
#1926 = CARTESIAN_POINT('',(-6.5,6.,0.));
#1927 = VECTOR('',#1928,1.);
#1928 = DIRECTION('',(-0.,-0.,-1.));
#1929 = ORIENTED_EDGE('',*,*,#548,.F.);
#1930 = CYLINDRICAL_SURFACE('',#1931,0.5);
#1931 = AXIS2_PLACEMENT_3D('',#1932,#1933,#1934);
#1932 = CARTESIAN_POINT('',(-6.5,5.5,0.));
#1933 = DIRECTION('',(0.,0.,1.));
#1934 = DIRECTION('',(1.,0.,-0.));
#1935 = ADVANCED_FACE('',(#1936),#1954,.F.);
#1936 = FACE_BOUND('',#1937,.F.);
#1937 = EDGE_LOOP('',(#1938,#1939,#1947,#1953));
#1938 = ORIENTED_EDGE('',*,*,#1924,.T.);
#1939 = ORIENTED_EDGE('',*,*,#1940,.T.);
#1940 = EDGE_CURVE('',#1916,#1941,#1943,.T.);
#1941 = VERTEX_POINT('',#1942);
#1942 = CARTESIAN_POINT('',(-6.9,6.,-1.));
#1943 = LINE('',#1944,#1945);
#1944 = CARTESIAN_POINT('',(-6.5,6.,-1.));
#1945 = VECTOR('',#1946,1.);
#1946 = DIRECTION('',(-1.,0.,0.));
#1947 = ORIENTED_EDGE('',*,*,#1948,.F.);
#1948 = EDGE_CURVE('',#532,#1941,#1949,.T.);
#1949 = LINE('',#1950,#1951);
#1950 = CARTESIAN_POINT('',(-6.9,6.,0.));
#1951 = VECTOR('',#1952,1.);
#1952 = DIRECTION('',(-0.,-0.,-1.));
#1953 = ORIENTED_EDGE('',*,*,#540,.F.);
#1954 = PLANE('',#1955);
#1955 = AXIS2_PLACEMENT_3D('',#1956,#1957,#1958);
#1956 = CARTESIAN_POINT('',(-6.5,6.,0.));
#1957 = DIRECTION('',(0.,1.,0.));
#1958 = DIRECTION('',(-1.,0.,0.));
#1959 = ADVANCED_FACE('',(#1960),#1972,.F.);
#1960 = FACE_BOUND('',#1961,.F.);
#1961 = EDGE_LOOP('',(#1962,#1963,#1970,#1971));
#1962 = ORIENTED_EDGE('',*,*,#1948,.T.);
#1963 = ORIENTED_EDGE('',*,*,#1964,.T.);
#1964 = EDGE_CURVE('',#1941,#1786,#1965,.T.);
#1965 = CIRCLE('',#1966,0.5);
#1966 = AXIS2_PLACEMENT_3D('',#1967,#1968,#1969);
#1967 = CARTESIAN_POINT('',(-6.9,5.5,-1.));
#1968 = DIRECTION('',(0.,0.,1.));
#1969 = DIRECTION('',(1.,0.,0.));
#1970 = ORIENTED_EDGE('',*,*,#1785,.F.);
#1971 = ORIENTED_EDGE('',*,*,#531,.F.);
#1972 = CYLINDRICAL_SURFACE('',#1973,0.5);
#1973 = AXIS2_PLACEMENT_3D('',#1974,#1975,#1976);
#1974 = CARTESIAN_POINT('',(-6.9,5.5,0.));
#1975 = DIRECTION('',(0.,0.,1.));
#1976 = DIRECTION('',(1.,0.,-0.));
#1977 = ADVANCED_FACE('',(#1978),#2003,.F.);
#1978 = FACE_BOUND('',#1979,.F.);
#1979 = EDGE_LOOP('',(#1980,#1988,#1996,#2002));
#1980 = ORIENTED_EDGE('',*,*,#1981,.T.);
#1981 = EDGE_CURVE('',#592,#1982,#1984,.T.);
#1982 = VERTEX_POINT('',#1983);
#1983 = CARTESIAN_POINT('',(-4.,3.5,-1.));
#1984 = LINE('',#1985,#1986);
#1985 = CARTESIAN_POINT('',(-4.,3.5,0.));
#1986 = VECTOR('',#1987,1.);
#1987 = DIRECTION('',(-0.,-0.,-1.));
#1988 = ORIENTED_EDGE('',*,*,#1989,.T.);
#1989 = EDGE_CURVE('',#1982,#1990,#1992,.T.);
#1990 = VERTEX_POINT('',#1991);
#1991 = CARTESIAN_POINT('',(-4.,-1.5,-1.));
#1992 = LINE('',#1993,#1994);
#1993 = CARTESIAN_POINT('',(-4.,3.5,-1.));
#1994 = VECTOR('',#1995,1.);
#1995 = DIRECTION('',(0.,-1.,0.));
#1996 = ORIENTED_EDGE('',*,*,#1997,.F.);
#1997 = EDGE_CURVE('',#594,#1990,#1998,.T.);
#1998 = LINE('',#1999,#2000);
#1999 = CARTESIAN_POINT('',(-4.,-1.5,0.));
#2000 = VECTOR('',#2001,1.);
#2001 = DIRECTION('',(-0.,-0.,-1.));
#2002 = ORIENTED_EDGE('',*,*,#591,.F.);
#2003 = PLANE('',#2004);
#2004 = AXIS2_PLACEMENT_3D('',#2005,#2006,#2007);
#2005 = CARTESIAN_POINT('',(-4.,3.5,0.));
#2006 = DIRECTION('',(-1.,0.,0.));
#2007 = DIRECTION('',(0.,-1.,0.));
#2008 = ADVANCED_FACE('',(#2009),#2028,.F.);
#2009 = FACE_BOUND('',#2010,.F.);
#2010 = EDGE_LOOP('',(#2011,#2012,#2021,#2027));
#2011 = ORIENTED_EDGE('',*,*,#1997,.T.);
#2012 = ORIENTED_EDGE('',*,*,#2013,.T.);
#2013 = EDGE_CURVE('',#1990,#2014,#2016,.T.);
#2014 = VERTEX_POINT('',#2015);
#2015 = CARTESIAN_POINT('',(-3.5,-2.,-1.));
#2016 = CIRCLE('',#2017,0.5);
#2017 = AXIS2_PLACEMENT_3D('',#2018,#2019,#2020);
#2018 = CARTESIAN_POINT('',(-3.5,-1.5,-1.));
#2019 = DIRECTION('',(0.,0.,1.));
#2020 = DIRECTION('',(1.,0.,0.));
#2021 = ORIENTED_EDGE('',*,*,#2022,.F.);
#2022 = EDGE_CURVE('',#645,#2014,#2023,.T.);
#2023 = LINE('',#2024,#2025);
#2024 = CARTESIAN_POINT('',(-3.5,-2.,0.));
#2025 = VECTOR('',#2026,1.);
#2026 = DIRECTION('',(-0.,-0.,-1.));
#2027 = ORIENTED_EDGE('',*,*,#652,.F.);
#2028 = CYLINDRICAL_SURFACE('',#2029,0.5);
#2029 = AXIS2_PLACEMENT_3D('',#2030,#2031,#2032);
#2030 = CARTESIAN_POINT('',(-3.5,-1.5,0.));
#2031 = DIRECTION('',(0.,0.,1.));
#2032 = DIRECTION('',(1.,0.,-0.));
#2033 = ADVANCED_FACE('',(#2034),#2052,.F.);
#2034 = FACE_BOUND('',#2035,.F.);
#2035 = EDGE_LOOP('',(#2036,#2037,#2045,#2051));
#2036 = ORIENTED_EDGE('',*,*,#2022,.T.);
#2037 = ORIENTED_EDGE('',*,*,#2038,.T.);
#2038 = EDGE_CURVE('',#2014,#2039,#2041,.T.);
#2039 = VERTEX_POINT('',#2040);
#2040 = CARTESIAN_POINT('',(-3.1,-2.,-1.));
#2041 = LINE('',#2042,#2043);
#2042 = CARTESIAN_POINT('',(-3.5,-2.,-1.));
#2043 = VECTOR('',#2044,1.);
#2044 = DIRECTION('',(1.,0.,0.));
#2045 = ORIENTED_EDGE('',*,*,#2046,.F.);
#2046 = EDGE_CURVE('',#636,#2039,#2047,.T.);
#2047 = LINE('',#2048,#2049);
#2048 = CARTESIAN_POINT('',(-3.1,-2.,0.));
#2049 = VECTOR('',#2050,1.);
#2050 = DIRECTION('',(-0.,-0.,-1.));
#2051 = ORIENTED_EDGE('',*,*,#644,.F.);
#2052 = PLANE('',#2053);
#2053 = AXIS2_PLACEMENT_3D('',#2054,#2055,#2056);
#2054 = CARTESIAN_POINT('',(-3.5,-2.,0.));
#2055 = DIRECTION('',(0.,-1.,0.));
#2056 = DIRECTION('',(1.,0.,0.));
#2057 = ADVANCED_FACE('',(#2058),#2077,.F.);
#2058 = FACE_BOUND('',#2059,.F.);
#2059 = EDGE_LOOP('',(#2060,#2061,#2070,#2076));
#2060 = ORIENTED_EDGE('',*,*,#2046,.T.);
#2061 = ORIENTED_EDGE('',*,*,#2062,.T.);
#2062 = EDGE_CURVE('',#2039,#2063,#2065,.T.);
#2063 = VERTEX_POINT('',#2064);
#2064 = CARTESIAN_POINT('',(-2.6,-1.5,-1.));
#2065 = CIRCLE('',#2066,0.5);
#2066 = AXIS2_PLACEMENT_3D('',#2067,#2068,#2069);
#2067 = CARTESIAN_POINT('',(-3.1,-1.5,-1.));
#2068 = DIRECTION('',(0.,0.,1.));
#2069 = DIRECTION('',(1.,0.,0.));
#2070 = ORIENTED_EDGE('',*,*,#2071,.F.);
#2071 = EDGE_CURVE('',#628,#2063,#2072,.T.);
#2072 = LINE('',#2073,#2074);
#2073 = CARTESIAN_POINT('',(-2.6,-1.5,0.));
#2074 = VECTOR('',#2075,1.);
#2075 = DIRECTION('',(-0.,-0.,-1.));
#2076 = ORIENTED_EDGE('',*,*,#635,.F.);
#2077 = CYLINDRICAL_SURFACE('',#2078,0.5);
#2078 = AXIS2_PLACEMENT_3D('',#2079,#2080,#2081);
#2079 = CARTESIAN_POINT('',(-3.1,-1.5,0.));
#2080 = DIRECTION('',(0.,0.,1.));
#2081 = DIRECTION('',(1.,0.,-0.));
#2082 = ADVANCED_FACE('',(#2083),#2101,.F.);
#2083 = FACE_BOUND('',#2084,.F.);
#2084 = EDGE_LOOP('',(#2085,#2086,#2094,#2100));
#2085 = ORIENTED_EDGE('',*,*,#2071,.T.);
#2086 = ORIENTED_EDGE('',*,*,#2087,.T.);
#2087 = EDGE_CURVE('',#2063,#2088,#2090,.T.);
#2088 = VERTEX_POINT('',#2089);
#2089 = CARTESIAN_POINT('',(-2.6,3.5,-1.));
#2090 = LINE('',#2091,#2092);
#2091 = CARTESIAN_POINT('',(-2.6,-1.5,-1.));
#2092 = VECTOR('',#2093,1.);
#2093 = DIRECTION('',(0.,1.,0.));
#2094 = ORIENTED_EDGE('',*,*,#2095,.F.);
#2095 = EDGE_CURVE('',#619,#2088,#2096,.T.);
#2096 = LINE('',#2097,#2098);
#2097 = CARTESIAN_POINT('',(-2.6,3.5,0.));
#2098 = VECTOR('',#2099,1.);
#2099 = DIRECTION('',(-0.,-0.,-1.));
#2100 = ORIENTED_EDGE('',*,*,#627,.F.);
#2101 = PLANE('',#2102);
#2102 = AXIS2_PLACEMENT_3D('',#2103,#2104,#2105);
#2103 = CARTESIAN_POINT('',(-2.6,-1.5,0.));
#2104 = DIRECTION('',(1.,0.,0.));
#2105 = DIRECTION('',(-0.,1.,0.));
#2106 = ADVANCED_FACE('',(#2107),#2126,.F.);
#2107 = FACE_BOUND('',#2108,.F.);
#2108 = EDGE_LOOP('',(#2109,#2110,#2119,#2125));
#2109 = ORIENTED_EDGE('',*,*,#2095,.T.);
#2110 = ORIENTED_EDGE('',*,*,#2111,.T.);
#2111 = EDGE_CURVE('',#2088,#2112,#2114,.T.);
#2112 = VERTEX_POINT('',#2113);
#2113 = CARTESIAN_POINT('',(-3.1,4.,-1.));
#2114 = CIRCLE('',#2115,0.5);
#2115 = AXIS2_PLACEMENT_3D('',#2116,#2117,#2118);
#2116 = CARTESIAN_POINT('',(-3.1,3.5,-1.));
#2117 = DIRECTION('',(0.,0.,1.));
#2118 = DIRECTION('',(1.,0.,0.));
#2119 = ORIENTED_EDGE('',*,*,#2120,.F.);
#2120 = EDGE_CURVE('',#611,#2112,#2121,.T.);
#2121 = LINE('',#2122,#2123);
#2122 = CARTESIAN_POINT('',(-3.1,4.,0.));
#2123 = VECTOR('',#2124,1.);
#2124 = DIRECTION('',(-0.,-0.,-1.));
#2125 = ORIENTED_EDGE('',*,*,#618,.F.);
#2126 = CYLINDRICAL_SURFACE('',#2127,0.5);
#2127 = AXIS2_PLACEMENT_3D('',#2128,#2129,#2130);
#2128 = CARTESIAN_POINT('',(-3.1,3.5,0.));
#2129 = DIRECTION('',(0.,0.,1.));
#2130 = DIRECTION('',(1.,0.,-0.));
#2131 = ADVANCED_FACE('',(#2132),#2150,.F.);
#2132 = FACE_BOUND('',#2133,.F.);
#2133 = EDGE_LOOP('',(#2134,#2135,#2143,#2149));
#2134 = ORIENTED_EDGE('',*,*,#2120,.T.);
#2135 = ORIENTED_EDGE('',*,*,#2136,.T.);
#2136 = EDGE_CURVE('',#2112,#2137,#2139,.T.);
#2137 = VERTEX_POINT('',#2138);
#2138 = CARTESIAN_POINT('',(-3.5,4.,-1.));
#2139 = LINE('',#2140,#2141);
#2140 = CARTESIAN_POINT('',(-3.1,4.,-1.));
#2141 = VECTOR('',#2142,1.);
#2142 = DIRECTION('',(-1.,0.,0.));
#2143 = ORIENTED_EDGE('',*,*,#2144,.F.);
#2144 = EDGE_CURVE('',#602,#2137,#2145,.T.);
#2145 = LINE('',#2146,#2147);
#2146 = CARTESIAN_POINT('',(-3.5,4.,0.));
#2147 = VECTOR('',#2148,1.);
#2148 = DIRECTION('',(-0.,-0.,-1.));
#2149 = ORIENTED_EDGE('',*,*,#610,.F.);
#2150 = PLANE('',#2151);
#2151 = AXIS2_PLACEMENT_3D('',#2152,#2153,#2154);
#2152 = CARTESIAN_POINT('',(-3.1,4.,0.));
#2153 = DIRECTION('',(0.,1.,0.));
#2154 = DIRECTION('',(-1.,0.,0.));
#2155 = ADVANCED_FACE('',(#2156),#2168,.F.);
#2156 = FACE_BOUND('',#2157,.F.);
#2157 = EDGE_LOOP('',(#2158,#2159,#2166,#2167));
#2158 = ORIENTED_EDGE('',*,*,#2144,.T.);
#2159 = ORIENTED_EDGE('',*,*,#2160,.T.);
#2160 = EDGE_CURVE('',#2137,#1982,#2161,.T.);
#2161 = CIRCLE('',#2162,0.5);
#2162 = AXIS2_PLACEMENT_3D('',#2163,#2164,#2165);
#2163 = CARTESIAN_POINT('',(-3.5,3.5,-1.));
#2164 = DIRECTION('',(0.,0.,1.));
#2165 = DIRECTION('',(1.,0.,0.));
#2166 = ORIENTED_EDGE('',*,*,#1981,.F.);
#2167 = ORIENTED_EDGE('',*,*,#601,.F.);
#2168 = CYLINDRICAL_SURFACE('',#2169,0.5);
#2169 = AXIS2_PLACEMENT_3D('',#2170,#2171,#2172);
#2170 = CARTESIAN_POINT('',(-3.5,3.5,0.));
#2171 = DIRECTION('',(0.,0.,1.));
#2172 = DIRECTION('',(1.,0.,-0.));
#2173 = ADVANCED_FACE('',(#2174),#2199,.F.);
#2174 = FACE_BOUND('',#2175,.F.);
#2175 = EDGE_LOOP('',(#2176,#2184,#2192,#2198));
#2176 = ORIENTED_EDGE('',*,*,#2177,.T.);
#2177 = EDGE_CURVE('',#662,#2178,#2180,.T.);
#2178 = VERTEX_POINT('',#2179);
#2179 = CARTESIAN_POINT('',(-0.6,1.6,-1.));
#2180 = LINE('',#2181,#2182);
#2181 = CARTESIAN_POINT('',(-0.6,1.6,0.));
#2182 = VECTOR('',#2183,1.);
#2183 = DIRECTION('',(-0.,-0.,-1.));
#2184 = ORIENTED_EDGE('',*,*,#2185,.T.);
#2185 = EDGE_CURVE('',#2178,#2186,#2188,.T.);
#2186 = VERTEX_POINT('',#2187);
#2187 = CARTESIAN_POINT('',(-0.6,-1.6,-1.));
#2188 = LINE('',#2189,#2190);
#2189 = CARTESIAN_POINT('',(-0.6,1.6,-1.));
#2190 = VECTOR('',#2191,1.);
#2191 = DIRECTION('',(0.,-1.,0.));
#2192 = ORIENTED_EDGE('',*,*,#2193,.F.);
#2193 = EDGE_CURVE('',#664,#2186,#2194,.T.);
#2194 = LINE('',#2195,#2196);
#2195 = CARTESIAN_POINT('',(-0.6,-1.6,0.));
#2196 = VECTOR('',#2197,1.);
#2197 = DIRECTION('',(-0.,-0.,-1.));
#2198 = ORIENTED_EDGE('',*,*,#661,.F.);
#2199 = PLANE('',#2200);
#2200 = AXIS2_PLACEMENT_3D('',#2201,#2202,#2203);
#2201 = CARTESIAN_POINT('',(-0.6,1.6,0.));
#2202 = DIRECTION('',(-1.,0.,0.));
#2203 = DIRECTION('',(0.,-1.,0.));
#2204 = ADVANCED_FACE('',(#2205),#2224,.F.);
#2205 = FACE_BOUND('',#2206,.F.);
#2206 = EDGE_LOOP('',(#2207,#2208,#2217,#2223));
#2207 = ORIENTED_EDGE('',*,*,#2193,.T.);
#2208 = ORIENTED_EDGE('',*,*,#2209,.T.);
#2209 = EDGE_CURVE('',#2186,#2210,#2212,.T.);
#2210 = VERTEX_POINT('',#2211);
#2211 = CARTESIAN_POINT('',(-0.2,-2.,-1.));
#2212 = CIRCLE('',#2213,0.4);
#2213 = AXIS2_PLACEMENT_3D('',#2214,#2215,#2216);
#2214 = CARTESIAN_POINT('',(-0.2,-1.6,-1.));
#2215 = DIRECTION('',(0.,0.,1.));
#2216 = DIRECTION('',(1.,0.,0.));
#2217 = ORIENTED_EDGE('',*,*,#2218,.F.);
#2218 = EDGE_CURVE('',#715,#2210,#2219,.T.);
#2219 = LINE('',#2220,#2221);
#2220 = CARTESIAN_POINT('',(-0.2,-2.,0.));
#2221 = VECTOR('',#2222,1.);
#2222 = DIRECTION('',(-0.,-0.,-1.));
#2223 = ORIENTED_EDGE('',*,*,#722,.F.);
#2224 = CYLINDRICAL_SURFACE('',#2225,0.4);
#2225 = AXIS2_PLACEMENT_3D('',#2226,#2227,#2228);
#2226 = CARTESIAN_POINT('',(-0.2,-1.6,0.));
#2227 = DIRECTION('',(0.,0.,1.));
#2228 = DIRECTION('',(1.,0.,-0.));
#2229 = ADVANCED_FACE('',(#2230),#2248,.F.);
#2230 = FACE_BOUND('',#2231,.F.);
#2231 = EDGE_LOOP('',(#2232,#2233,#2241,#2247));
#2232 = ORIENTED_EDGE('',*,*,#2218,.T.);
#2233 = ORIENTED_EDGE('',*,*,#2234,.T.);
#2234 = EDGE_CURVE('',#2210,#2235,#2237,.T.);
#2235 = VERTEX_POINT('',#2236);
#2236 = CARTESIAN_POINT('',(0.2,-2.,-1.));
#2237 = LINE('',#2238,#2239);
#2238 = CARTESIAN_POINT('',(-0.2,-2.,-1.));
#2239 = VECTOR('',#2240,1.);
#2240 = DIRECTION('',(1.,0.,0.));
#2241 = ORIENTED_EDGE('',*,*,#2242,.F.);
#2242 = EDGE_CURVE('',#706,#2235,#2243,.T.);
#2243 = LINE('',#2244,#2245);
#2244 = CARTESIAN_POINT('',(0.2,-2.,0.));
#2245 = VECTOR('',#2246,1.);
#2246 = DIRECTION('',(-0.,-0.,-1.));
#2247 = ORIENTED_EDGE('',*,*,#714,.F.);
#2248 = PLANE('',#2249);
#2249 = AXIS2_PLACEMENT_3D('',#2250,#2251,#2252);
#2250 = CARTESIAN_POINT('',(-0.2,-2.,0.));
#2251 = DIRECTION('',(0.,-1.,0.));
#2252 = DIRECTION('',(1.,0.,0.));
#2253 = ADVANCED_FACE('',(#2254),#2273,.F.);
#2254 = FACE_BOUND('',#2255,.F.);
#2255 = EDGE_LOOP('',(#2256,#2257,#2266,#2272));
#2256 = ORIENTED_EDGE('',*,*,#2242,.T.);
#2257 = ORIENTED_EDGE('',*,*,#2258,.T.);
#2258 = EDGE_CURVE('',#2235,#2259,#2261,.T.);
#2259 = VERTEX_POINT('',#2260);
#2260 = CARTESIAN_POINT('',(0.6,-1.6,-1.));
#2261 = CIRCLE('',#2262,0.4);
#2262 = AXIS2_PLACEMENT_3D('',#2263,#2264,#2265);
#2263 = CARTESIAN_POINT('',(0.2,-1.6,-1.));
#2264 = DIRECTION('',(0.,0.,1.));
#2265 = DIRECTION('',(1.,0.,0.));
#2266 = ORIENTED_EDGE('',*,*,#2267,.F.);
#2267 = EDGE_CURVE('',#698,#2259,#2268,.T.);
#2268 = LINE('',#2269,#2270);
#2269 = CARTESIAN_POINT('',(0.6,-1.6,0.));
#2270 = VECTOR('',#2271,1.);
#2271 = DIRECTION('',(-0.,-0.,-1.));
#2272 = ORIENTED_EDGE('',*,*,#705,.F.);
#2273 = CYLINDRICAL_SURFACE('',#2274,0.4);
#2274 = AXIS2_PLACEMENT_3D('',#2275,#2276,#2277);
#2275 = CARTESIAN_POINT('',(0.2,-1.6,0.));
#2276 = DIRECTION('',(0.,0.,1.));
#2277 = DIRECTION('',(1.,0.,-0.));
#2278 = ADVANCED_FACE('',(#2279),#2297,.F.);
#2279 = FACE_BOUND('',#2280,.F.);
#2280 = EDGE_LOOP('',(#2281,#2282,#2290,#2296));
#2281 = ORIENTED_EDGE('',*,*,#2267,.T.);
#2282 = ORIENTED_EDGE('',*,*,#2283,.T.);
#2283 = EDGE_CURVE('',#2259,#2284,#2286,.T.);
#2284 = VERTEX_POINT('',#2285);
#2285 = CARTESIAN_POINT('',(0.6,1.6,-1.));
#2286 = LINE('',#2287,#2288);
#2287 = CARTESIAN_POINT('',(0.6,-1.6,-1.));
#2288 = VECTOR('',#2289,1.);
#2289 = DIRECTION('',(0.,1.,0.));
#2290 = ORIENTED_EDGE('',*,*,#2291,.F.);
#2291 = EDGE_CURVE('',#689,#2284,#2292,.T.);
#2292 = LINE('',#2293,#2294);
#2293 = CARTESIAN_POINT('',(0.6,1.6,0.));
#2294 = VECTOR('',#2295,1.);
#2295 = DIRECTION('',(-0.,-0.,-1.));
#2296 = ORIENTED_EDGE('',*,*,#697,.F.);
#2297 = PLANE('',#2298);
#2298 = AXIS2_PLACEMENT_3D('',#2299,#2300,#2301);
#2299 = CARTESIAN_POINT('',(0.6,-1.6,0.));
#2300 = DIRECTION('',(1.,0.,0.));
#2301 = DIRECTION('',(-0.,1.,0.));
#2302 = ADVANCED_FACE('',(#2303),#2322,.F.);
#2303 = FACE_BOUND('',#2304,.F.);
#2304 = EDGE_LOOP('',(#2305,#2306,#2315,#2321));
#2305 = ORIENTED_EDGE('',*,*,#2291,.T.);
#2306 = ORIENTED_EDGE('',*,*,#2307,.T.);
#2307 = EDGE_CURVE('',#2284,#2308,#2310,.T.);
#2308 = VERTEX_POINT('',#2309);
#2309 = CARTESIAN_POINT('',(0.2,2.,-1.));
#2310 = CIRCLE('',#2311,0.4);
#2311 = AXIS2_PLACEMENT_3D('',#2312,#2313,#2314);
#2312 = CARTESIAN_POINT('',(0.2,1.6,-1.));
#2313 = DIRECTION('',(0.,0.,1.));
#2314 = DIRECTION('',(1.,0.,0.));
#2315 = ORIENTED_EDGE('',*,*,#2316,.F.);
#2316 = EDGE_CURVE('',#681,#2308,#2317,.T.);
#2317 = LINE('',#2318,#2319);
#2318 = CARTESIAN_POINT('',(0.2,2.,0.));
#2319 = VECTOR('',#2320,1.);
#2320 = DIRECTION('',(-0.,-0.,-1.));
#2321 = ORIENTED_EDGE('',*,*,#688,.F.);
#2322 = CYLINDRICAL_SURFACE('',#2323,0.4);
#2323 = AXIS2_PLACEMENT_3D('',#2324,#2325,#2326);
#2324 = CARTESIAN_POINT('',(0.2,1.6,0.));
#2325 = DIRECTION('',(0.,0.,1.));
#2326 = DIRECTION('',(1.,0.,-0.));
#2327 = ADVANCED_FACE('',(#2328),#2346,.F.);
#2328 = FACE_BOUND('',#2329,.F.);
#2329 = EDGE_LOOP('',(#2330,#2331,#2339,#2345));
#2330 = ORIENTED_EDGE('',*,*,#2316,.T.);
#2331 = ORIENTED_EDGE('',*,*,#2332,.T.);
#2332 = EDGE_CURVE('',#2308,#2333,#2335,.T.);
#2333 = VERTEX_POINT('',#2334);
#2334 = CARTESIAN_POINT('',(-0.2,2.,-1.));
#2335 = LINE('',#2336,#2337);
#2336 = CARTESIAN_POINT('',(0.2,2.,-1.));
#2337 = VECTOR('',#2338,1.);
#2338 = DIRECTION('',(-1.,0.,0.));
#2339 = ORIENTED_EDGE('',*,*,#2340,.F.);
#2340 = EDGE_CURVE('',#672,#2333,#2341,.T.);
#2341 = LINE('',#2342,#2343);
#2342 = CARTESIAN_POINT('',(-0.2,2.,0.));
#2343 = VECTOR('',#2344,1.);
#2344 = DIRECTION('',(-0.,-0.,-1.));
#2345 = ORIENTED_EDGE('',*,*,#680,.F.);
#2346 = PLANE('',#2347);
#2347 = AXIS2_PLACEMENT_3D('',#2348,#2349,#2350);
#2348 = CARTESIAN_POINT('',(0.2,2.,0.));
#2349 = DIRECTION('',(0.,1.,0.));
#2350 = DIRECTION('',(-1.,0.,0.));
#2351 = ADVANCED_FACE('',(#2352),#2364,.F.);
#2352 = FACE_BOUND('',#2353,.F.);
#2353 = EDGE_LOOP('',(#2354,#2355,#2362,#2363));
#2354 = ORIENTED_EDGE('',*,*,#2340,.T.);
#2355 = ORIENTED_EDGE('',*,*,#2356,.T.);
#2356 = EDGE_CURVE('',#2333,#2178,#2357,.T.);
#2357 = CIRCLE('',#2358,0.4);
#2358 = AXIS2_PLACEMENT_3D('',#2359,#2360,#2361);
#2359 = CARTESIAN_POINT('',(-0.2,1.6,-1.));
#2360 = DIRECTION('',(0.,0.,1.));
#2361 = DIRECTION('',(1.,0.,0.));
#2362 = ORIENTED_EDGE('',*,*,#2177,.F.);
#2363 = ORIENTED_EDGE('',*,*,#671,.F.);
#2364 = CYLINDRICAL_SURFACE('',#2365,0.4);
#2365 = AXIS2_PLACEMENT_3D('',#2366,#2367,#2368);
#2366 = CARTESIAN_POINT('',(-0.2,1.6,0.));
#2367 = DIRECTION('',(0.,0.,1.));
#2368 = DIRECTION('',(1.,0.,-0.));
#2369 = ADVANCED_FACE('',(#2370),#2395,.F.);
#2370 = FACE_BOUND('',#2371,.F.);
#2371 = EDGE_LOOP('',(#2372,#2380,#2388,#2394));
#2372 = ORIENTED_EDGE('',*,*,#2373,.T.);
#2373 = EDGE_CURVE('',#732,#2374,#2376,.T.);
#2374 = VERTEX_POINT('',#2375);
#2375 = CARTESIAN_POINT('',(2.6,3.5,-1.));
#2376 = LINE('',#2377,#2378);
#2377 = CARTESIAN_POINT('',(2.6,3.5,0.));
#2378 = VECTOR('',#2379,1.);
#2379 = DIRECTION('',(-0.,-0.,-1.));
#2380 = ORIENTED_EDGE('',*,*,#2381,.T.);
#2381 = EDGE_CURVE('',#2374,#2382,#2384,.T.);
#2382 = VERTEX_POINT('',#2383);
#2383 = CARTESIAN_POINT('',(2.6,-1.5,-1.));
#2384 = LINE('',#2385,#2386);
#2385 = CARTESIAN_POINT('',(2.6,3.5,-1.));
#2386 = VECTOR('',#2387,1.);
#2387 = DIRECTION('',(0.,-1.,0.));
#2388 = ORIENTED_EDGE('',*,*,#2389,.F.);
#2389 = EDGE_CURVE('',#734,#2382,#2390,.T.);
#2390 = LINE('',#2391,#2392);
#2391 = CARTESIAN_POINT('',(2.6,-1.5,0.));
#2392 = VECTOR('',#2393,1.);
#2393 = DIRECTION('',(-0.,-0.,-1.));
#2394 = ORIENTED_EDGE('',*,*,#731,.F.);
#2395 = PLANE('',#2396);
#2396 = AXIS2_PLACEMENT_3D('',#2397,#2398,#2399);
#2397 = CARTESIAN_POINT('',(2.6,3.5,0.));
#2398 = DIRECTION('',(-1.,0.,0.));
#2399 = DIRECTION('',(0.,-1.,0.));
#2400 = ADVANCED_FACE('',(#2401),#2420,.F.);
#2401 = FACE_BOUND('',#2402,.F.);
#2402 = EDGE_LOOP('',(#2403,#2404,#2413,#2419));
#2403 = ORIENTED_EDGE('',*,*,#2389,.T.);
#2404 = ORIENTED_EDGE('',*,*,#2405,.T.);
#2405 = EDGE_CURVE('',#2382,#2406,#2408,.T.);
#2406 = VERTEX_POINT('',#2407);
#2407 = CARTESIAN_POINT('',(3.1,-2.,-1.));
#2408 = CIRCLE('',#2409,0.5);
#2409 = AXIS2_PLACEMENT_3D('',#2410,#2411,#2412);
#2410 = CARTESIAN_POINT('',(3.1,-1.5,-1.));
#2411 = DIRECTION('',(0.,0.,1.));
#2412 = DIRECTION('',(1.,0.,0.));
#2413 = ORIENTED_EDGE('',*,*,#2414,.F.);
#2414 = EDGE_CURVE('',#785,#2406,#2415,.T.);
#2415 = LINE('',#2416,#2417);
#2416 = CARTESIAN_POINT('',(3.1,-2.,0.));
#2417 = VECTOR('',#2418,1.);
#2418 = DIRECTION('',(-0.,-0.,-1.));
#2419 = ORIENTED_EDGE('',*,*,#792,.F.);
#2420 = CYLINDRICAL_SURFACE('',#2421,0.5);
#2421 = AXIS2_PLACEMENT_3D('',#2422,#2423,#2424);
#2422 = CARTESIAN_POINT('',(3.1,-1.5,0.));
#2423 = DIRECTION('',(0.,0.,1.));
#2424 = DIRECTION('',(1.,0.,-0.));
#2425 = ADVANCED_FACE('',(#2426),#2444,.F.);
#2426 = FACE_BOUND('',#2427,.F.);
#2427 = EDGE_LOOP('',(#2428,#2429,#2437,#2443));
#2428 = ORIENTED_EDGE('',*,*,#2414,.T.);
#2429 = ORIENTED_EDGE('',*,*,#2430,.T.);
#2430 = EDGE_CURVE('',#2406,#2431,#2433,.T.);
#2431 = VERTEX_POINT('',#2432);
#2432 = CARTESIAN_POINT('',(3.5,-2.,-1.));
#2433 = LINE('',#2434,#2435);
#2434 = CARTESIAN_POINT('',(3.1,-2.,-1.));
#2435 = VECTOR('',#2436,1.);
#2436 = DIRECTION('',(1.,0.,0.));
#2437 = ORIENTED_EDGE('',*,*,#2438,.F.);
#2438 = EDGE_CURVE('',#776,#2431,#2439,.T.);
#2439 = LINE('',#2440,#2441);
#2440 = CARTESIAN_POINT('',(3.5,-2.,0.));
#2441 = VECTOR('',#2442,1.);
#2442 = DIRECTION('',(-0.,-0.,-1.));
#2443 = ORIENTED_EDGE('',*,*,#784,.F.);
#2444 = PLANE('',#2445);
#2445 = AXIS2_PLACEMENT_3D('',#2446,#2447,#2448);
#2446 = CARTESIAN_POINT('',(3.1,-2.,0.));
#2447 = DIRECTION('',(0.,-1.,0.));
#2448 = DIRECTION('',(1.,0.,0.));
#2449 = ADVANCED_FACE('',(#2450),#2469,.F.);
#2450 = FACE_BOUND('',#2451,.F.);
#2451 = EDGE_LOOP('',(#2452,#2453,#2462,#2468));
#2452 = ORIENTED_EDGE('',*,*,#2438,.T.);
#2453 = ORIENTED_EDGE('',*,*,#2454,.T.);
#2454 = EDGE_CURVE('',#2431,#2455,#2457,.T.);
#2455 = VERTEX_POINT('',#2456);
#2456 = CARTESIAN_POINT('',(4.,-1.5,-1.));
#2457 = CIRCLE('',#2458,0.5);
#2458 = AXIS2_PLACEMENT_3D('',#2459,#2460,#2461);
#2459 = CARTESIAN_POINT('',(3.5,-1.5,-1.));
#2460 = DIRECTION('',(0.,0.,1.));
#2461 = DIRECTION('',(1.,0.,0.));
#2462 = ORIENTED_EDGE('',*,*,#2463,.F.);
#2463 = EDGE_CURVE('',#768,#2455,#2464,.T.);
#2464 = LINE('',#2465,#2466);
#2465 = CARTESIAN_POINT('',(4.,-1.5,0.));
#2466 = VECTOR('',#2467,1.);
#2467 = DIRECTION('',(-0.,-0.,-1.));
#2468 = ORIENTED_EDGE('',*,*,#775,.F.);
#2469 = CYLINDRICAL_SURFACE('',#2470,0.5);
#2470 = AXIS2_PLACEMENT_3D('',#2471,#2472,#2473);
#2471 = CARTESIAN_POINT('',(3.5,-1.5,0.));
#2472 = DIRECTION('',(0.,0.,1.));
#2473 = DIRECTION('',(1.,0.,-0.));
#2474 = ADVANCED_FACE('',(#2475),#2493,.F.);
#2475 = FACE_BOUND('',#2476,.F.);
#2476 = EDGE_LOOP('',(#2477,#2478,#2486,#2492));
#2477 = ORIENTED_EDGE('',*,*,#2463,.T.);
#2478 = ORIENTED_EDGE('',*,*,#2479,.T.);
#2479 = EDGE_CURVE('',#2455,#2480,#2482,.T.);
#2480 = VERTEX_POINT('',#2481);
#2481 = CARTESIAN_POINT('',(4.,3.5,-1.));
#2482 = LINE('',#2483,#2484);
#2483 = CARTESIAN_POINT('',(4.,-1.5,-1.));
#2484 = VECTOR('',#2485,1.);
#2485 = DIRECTION('',(0.,1.,0.));
#2486 = ORIENTED_EDGE('',*,*,#2487,.F.);
#2487 = EDGE_CURVE('',#759,#2480,#2488,.T.);
#2488 = LINE('',#2489,#2490);
#2489 = CARTESIAN_POINT('',(4.,3.5,0.));
#2490 = VECTOR('',#2491,1.);
#2491 = DIRECTION('',(-0.,-0.,-1.));
#2492 = ORIENTED_EDGE('',*,*,#767,.F.);
#2493 = PLANE('',#2494);
#2494 = AXIS2_PLACEMENT_3D('',#2495,#2496,#2497);
#2495 = CARTESIAN_POINT('',(4.,-1.5,0.));
#2496 = DIRECTION('',(1.,0.,0.));
#2497 = DIRECTION('',(-0.,1.,0.));
#2498 = ADVANCED_FACE('',(#2499),#2518,.F.);
#2499 = FACE_BOUND('',#2500,.F.);
#2500 = EDGE_LOOP('',(#2501,#2502,#2511,#2517));
#2501 = ORIENTED_EDGE('',*,*,#2487,.T.);
#2502 = ORIENTED_EDGE('',*,*,#2503,.T.);
#2503 = EDGE_CURVE('',#2480,#2504,#2506,.T.);
#2504 = VERTEX_POINT('',#2505);
#2505 = CARTESIAN_POINT('',(3.5,4.,-1.));
#2506 = CIRCLE('',#2507,0.5);
#2507 = AXIS2_PLACEMENT_3D('',#2508,#2509,#2510);
#2508 = CARTESIAN_POINT('',(3.5,3.5,-1.));
#2509 = DIRECTION('',(0.,0.,1.));
#2510 = DIRECTION('',(1.,0.,0.));
#2511 = ORIENTED_EDGE('',*,*,#2512,.F.);
#2512 = EDGE_CURVE('',#751,#2504,#2513,.T.);
#2513 = LINE('',#2514,#2515);
#2514 = CARTESIAN_POINT('',(3.5,4.,0.));
#2515 = VECTOR('',#2516,1.);
#2516 = DIRECTION('',(-0.,-0.,-1.));
#2517 = ORIENTED_EDGE('',*,*,#758,.F.);
#2518 = CYLINDRICAL_SURFACE('',#2519,0.5);
#2519 = AXIS2_PLACEMENT_3D('',#2520,#2521,#2522);
#2520 = CARTESIAN_POINT('',(3.5,3.5,0.));
#2521 = DIRECTION('',(0.,0.,1.));
#2522 = DIRECTION('',(1.,0.,-0.));
#2523 = ADVANCED_FACE('',(#2524),#2542,.F.);
#2524 = FACE_BOUND('',#2525,.F.);
#2525 = EDGE_LOOP('',(#2526,#2527,#2535,#2541));
#2526 = ORIENTED_EDGE('',*,*,#2512,.T.);
#2527 = ORIENTED_EDGE('',*,*,#2528,.T.);
#2528 = EDGE_CURVE('',#2504,#2529,#2531,.T.);
#2529 = VERTEX_POINT('',#2530);
#2530 = CARTESIAN_POINT('',(3.1,4.,-1.));
#2531 = LINE('',#2532,#2533);
#2532 = CARTESIAN_POINT('',(3.5,4.,-1.));
#2533 = VECTOR('',#2534,1.);
#2534 = DIRECTION('',(-1.,0.,0.));
#2535 = ORIENTED_EDGE('',*,*,#2536,.F.);
#2536 = EDGE_CURVE('',#742,#2529,#2537,.T.);
#2537 = LINE('',#2538,#2539);
#2538 = CARTESIAN_POINT('',(3.1,4.,0.));
#2539 = VECTOR('',#2540,1.);
#2540 = DIRECTION('',(-0.,-0.,-1.));
#2541 = ORIENTED_EDGE('',*,*,#750,.F.);
#2542 = PLANE('',#2543);
#2543 = AXIS2_PLACEMENT_3D('',#2544,#2545,#2546);
#2544 = CARTESIAN_POINT('',(3.5,4.,0.));
#2545 = DIRECTION('',(0.,1.,0.));
#2546 = DIRECTION('',(-1.,0.,0.));
#2547 = ADVANCED_FACE('',(#2548),#2560,.F.);
#2548 = FACE_BOUND('',#2549,.F.);
#2549 = EDGE_LOOP('',(#2550,#2551,#2558,#2559));
#2550 = ORIENTED_EDGE('',*,*,#2536,.T.);
#2551 = ORIENTED_EDGE('',*,*,#2552,.T.);
#2552 = EDGE_CURVE('',#2529,#2374,#2553,.T.);
#2553 = CIRCLE('',#2554,0.5);
#2554 = AXIS2_PLACEMENT_3D('',#2555,#2556,#2557);
#2555 = CARTESIAN_POINT('',(3.1,3.5,-1.));
#2556 = DIRECTION('',(0.,0.,1.));
#2557 = DIRECTION('',(1.,0.,0.));
#2558 = ORIENTED_EDGE('',*,*,#2373,.F.);
#2559 = ORIENTED_EDGE('',*,*,#741,.F.);
#2560 = CYLINDRICAL_SURFACE('',#2561,0.5);
#2561 = AXIS2_PLACEMENT_3D('',#2562,#2563,#2564);
#2562 = CARTESIAN_POINT('',(3.1,3.5,0.));
#2563 = DIRECTION('',(0.,0.,1.));
#2564 = DIRECTION('',(1.,0.,-0.));
#2565 = ADVANCED_FACE('',(#2566),#2591,.F.);
#2566 = FACE_BOUND('',#2567,.F.);
#2567 = EDGE_LOOP('',(#2568,#2576,#2584,#2590));
#2568 = ORIENTED_EDGE('',*,*,#2569,.T.);
#2569 = EDGE_CURVE('',#802,#2570,#2572,.T.);
#2570 = VERTEX_POINT('',#2571);
#2571 = CARTESIAN_POINT('',(12.8,1.6,-1.));
#2572 = LINE('',#2573,#2574);
#2573 = CARTESIAN_POINT('',(12.8,1.6,0.));
#2574 = VECTOR('',#2575,1.);
#2575 = DIRECTION('',(-0.,-0.,-1.));
#2576 = ORIENTED_EDGE('',*,*,#2577,.T.);
#2577 = EDGE_CURVE('',#2570,#2578,#2580,.T.);
#2578 = VERTEX_POINT('',#2579);
#2579 = CARTESIAN_POINT('',(12.8,-1.6,-1.));
#2580 = LINE('',#2581,#2582);
#2581 = CARTESIAN_POINT('',(12.8,1.6,-1.));
#2582 = VECTOR('',#2583,1.);
#2583 = DIRECTION('',(0.,-1.,0.));
#2584 = ORIENTED_EDGE('',*,*,#2585,.F.);
#2585 = EDGE_CURVE('',#804,#2578,#2586,.T.);
#2586 = LINE('',#2587,#2588);
#2587 = CARTESIAN_POINT('',(12.8,-1.6,0.));
#2588 = VECTOR('',#2589,1.);
#2589 = DIRECTION('',(-0.,-0.,-1.));
#2590 = ORIENTED_EDGE('',*,*,#801,.F.);
#2591 = PLANE('',#2592);
#2592 = AXIS2_PLACEMENT_3D('',#2593,#2594,#2595);
#2593 = CARTESIAN_POINT('',(12.8,1.6,0.));
#2594 = DIRECTION('',(-1.,0.,0.));
#2595 = DIRECTION('',(0.,-1.,0.));
#2596 = ADVANCED_FACE('',(#2597),#2616,.F.);
#2597 = FACE_BOUND('',#2598,.F.);
#2598 = EDGE_LOOP('',(#2599,#2600,#2609,#2615));
#2599 = ORIENTED_EDGE('',*,*,#2585,.T.);
#2600 = ORIENTED_EDGE('',*,*,#2601,.T.);
#2601 = EDGE_CURVE('',#2578,#2602,#2604,.T.);
#2602 = VERTEX_POINT('',#2603);
#2603 = CARTESIAN_POINT('',(13.2,-2.,-1.));
#2604 = CIRCLE('',#2605,0.4);
#2605 = AXIS2_PLACEMENT_3D('',#2606,#2607,#2608);
#2606 = CARTESIAN_POINT('',(13.2,-1.6,-1.));
#2607 = DIRECTION('',(0.,0.,1.));
#2608 = DIRECTION('',(1.,0.,0.));
#2609 = ORIENTED_EDGE('',*,*,#2610,.F.);
#2610 = EDGE_CURVE('',#855,#2602,#2611,.T.);
#2611 = LINE('',#2612,#2613);
#2612 = CARTESIAN_POINT('',(13.2,-2.,0.));
#2613 = VECTOR('',#2614,1.);
#2614 = DIRECTION('',(-0.,-0.,-1.));
#2615 = ORIENTED_EDGE('',*,*,#862,.F.);
#2616 = CYLINDRICAL_SURFACE('',#2617,0.4);
#2617 = AXIS2_PLACEMENT_3D('',#2618,#2619,#2620);
#2618 = CARTESIAN_POINT('',(13.2,-1.6,0.));
#2619 = DIRECTION('',(0.,0.,1.));
#2620 = DIRECTION('',(1.,0.,-0.));
#2621 = ADVANCED_FACE('',(#2622),#2640,.F.);
#2622 = FACE_BOUND('',#2623,.F.);
#2623 = EDGE_LOOP('',(#2624,#2625,#2633,#2639));
#2624 = ORIENTED_EDGE('',*,*,#2610,.T.);
#2625 = ORIENTED_EDGE('',*,*,#2626,.T.);
#2626 = EDGE_CURVE('',#2602,#2627,#2629,.T.);
#2627 = VERTEX_POINT('',#2628);
#2628 = CARTESIAN_POINT('',(13.6,-2.,-1.));
#2629 = LINE('',#2630,#2631);
#2630 = CARTESIAN_POINT('',(13.2,-2.,-1.));
#2631 = VECTOR('',#2632,1.);
#2632 = DIRECTION('',(1.,0.,0.));
#2633 = ORIENTED_EDGE('',*,*,#2634,.F.);
#2634 = EDGE_CURVE('',#846,#2627,#2635,.T.);
#2635 = LINE('',#2636,#2637);
#2636 = CARTESIAN_POINT('',(13.6,-2.,0.));
#2637 = VECTOR('',#2638,1.);
#2638 = DIRECTION('',(-0.,-0.,-1.));
#2639 = ORIENTED_EDGE('',*,*,#854,.F.);
#2640 = PLANE('',#2641);
#2641 = AXIS2_PLACEMENT_3D('',#2642,#2643,#2644);
#2642 = CARTESIAN_POINT('',(13.2,-2.,0.));
#2643 = DIRECTION('',(0.,-1.,0.));
#2644 = DIRECTION('',(1.,0.,0.));
#2645 = ADVANCED_FACE('',(#2646),#2665,.F.);
#2646 = FACE_BOUND('',#2647,.F.);
#2647 = EDGE_LOOP('',(#2648,#2649,#2658,#2664));
#2648 = ORIENTED_EDGE('',*,*,#2634,.T.);
#2649 = ORIENTED_EDGE('',*,*,#2650,.T.);
#2650 = EDGE_CURVE('',#2627,#2651,#2653,.T.);
#2651 = VERTEX_POINT('',#2652);
#2652 = CARTESIAN_POINT('',(14.,-1.6,-1.));
#2653 = CIRCLE('',#2654,0.4);
#2654 = AXIS2_PLACEMENT_3D('',#2655,#2656,#2657);
#2655 = CARTESIAN_POINT('',(13.6,-1.6,-1.));
#2656 = DIRECTION('',(0.,0.,1.));
#2657 = DIRECTION('',(1.,0.,0.));
#2658 = ORIENTED_EDGE('',*,*,#2659,.F.);
#2659 = EDGE_CURVE('',#838,#2651,#2660,.T.);
#2660 = LINE('',#2661,#2662);
#2661 = CARTESIAN_POINT('',(14.,-1.6,0.));
#2662 = VECTOR('',#2663,1.);
#2663 = DIRECTION('',(-0.,-0.,-1.));
#2664 = ORIENTED_EDGE('',*,*,#845,.F.);
#2665 = CYLINDRICAL_SURFACE('',#2666,0.4);
#2666 = AXIS2_PLACEMENT_3D('',#2667,#2668,#2669);
#2667 = CARTESIAN_POINT('',(13.6,-1.6,0.));
#2668 = DIRECTION('',(0.,0.,1.));
#2669 = DIRECTION('',(1.,0.,-0.));
#2670 = ADVANCED_FACE('',(#2671),#2689,.F.);
#2671 = FACE_BOUND('',#2672,.F.);
#2672 = EDGE_LOOP('',(#2673,#2674,#2682,#2688));
#2673 = ORIENTED_EDGE('',*,*,#2659,.T.);
#2674 = ORIENTED_EDGE('',*,*,#2675,.T.);
#2675 = EDGE_CURVE('',#2651,#2676,#2678,.T.);
#2676 = VERTEX_POINT('',#2677);
#2677 = CARTESIAN_POINT('',(14.,1.6,-1.));
#2678 = LINE('',#2679,#2680);
#2679 = CARTESIAN_POINT('',(14.,-1.6,-1.));
#2680 = VECTOR('',#2681,1.);
#2681 = DIRECTION('',(0.,1.,0.));
#2682 = ORIENTED_EDGE('',*,*,#2683,.F.);
#2683 = EDGE_CURVE('',#829,#2676,#2684,.T.);
#2684 = LINE('',#2685,#2686);
#2685 = CARTESIAN_POINT('',(14.,1.6,0.));
#2686 = VECTOR('',#2687,1.);
#2687 = DIRECTION('',(-0.,-0.,-1.));
#2688 = ORIENTED_EDGE('',*,*,#837,.F.);
#2689 = PLANE('',#2690);
#2690 = AXIS2_PLACEMENT_3D('',#2691,#2692,#2693);
#2691 = CARTESIAN_POINT('',(14.,-1.6,0.));
#2692 = DIRECTION('',(1.,0.,0.));
#2693 = DIRECTION('',(-0.,1.,0.));
#2694 = ADVANCED_FACE('',(#2695),#2714,.F.);
#2695 = FACE_BOUND('',#2696,.F.);
#2696 = EDGE_LOOP('',(#2697,#2698,#2707,#2713));
#2697 = ORIENTED_EDGE('',*,*,#2683,.T.);
#2698 = ORIENTED_EDGE('',*,*,#2699,.T.);
#2699 = EDGE_CURVE('',#2676,#2700,#2702,.T.);
#2700 = VERTEX_POINT('',#2701);
#2701 = CARTESIAN_POINT('',(13.6,2.,-1.));
#2702 = CIRCLE('',#2703,0.4);
#2703 = AXIS2_PLACEMENT_3D('',#2704,#2705,#2706);
#2704 = CARTESIAN_POINT('',(13.6,1.6,-1.));
#2705 = DIRECTION('',(0.,0.,1.));
#2706 = DIRECTION('',(1.,0.,0.));
#2707 = ORIENTED_EDGE('',*,*,#2708,.F.);
#2708 = EDGE_CURVE('',#821,#2700,#2709,.T.);
#2709 = LINE('',#2710,#2711);
#2710 = CARTESIAN_POINT('',(13.6,2.,0.));
#2711 = VECTOR('',#2712,1.);
#2712 = DIRECTION('',(-0.,-0.,-1.));
#2713 = ORIENTED_EDGE('',*,*,#828,.F.);
#2714 = CYLINDRICAL_SURFACE('',#2715,0.4);
#2715 = AXIS2_PLACEMENT_3D('',#2716,#2717,#2718);
#2716 = CARTESIAN_POINT('',(13.6,1.6,0.));
#2717 = DIRECTION('',(0.,0.,1.));
#2718 = DIRECTION('',(1.,0.,-0.));
#2719 = ADVANCED_FACE('',(#2720),#2738,.F.);
#2720 = FACE_BOUND('',#2721,.F.);
#2721 = EDGE_LOOP('',(#2722,#2723,#2731,#2737));
#2722 = ORIENTED_EDGE('',*,*,#2708,.T.);
#2723 = ORIENTED_EDGE('',*,*,#2724,.T.);
#2724 = EDGE_CURVE('',#2700,#2725,#2727,.T.);
#2725 = VERTEX_POINT('',#2726);
#2726 = CARTESIAN_POINT('',(13.2,2.,-1.));
#2727 = LINE('',#2728,#2729);
#2728 = CARTESIAN_POINT('',(13.6,2.,-1.));
#2729 = VECTOR('',#2730,1.);
#2730 = DIRECTION('',(-1.,0.,0.));
#2731 = ORIENTED_EDGE('',*,*,#2732,.F.);
#2732 = EDGE_CURVE('',#812,#2725,#2733,.T.);
#2733 = LINE('',#2734,#2735);
#2734 = CARTESIAN_POINT('',(13.2,2.,0.));
#2735 = VECTOR('',#2736,1.);
#2736 = DIRECTION('',(-0.,-0.,-1.));
#2737 = ORIENTED_EDGE('',*,*,#820,.F.);
#2738 = PLANE('',#2739);
#2739 = AXIS2_PLACEMENT_3D('',#2740,#2741,#2742);
#2740 = CARTESIAN_POINT('',(13.6,2.,0.));
#2741 = DIRECTION('',(0.,1.,0.));
#2742 = DIRECTION('',(-1.,0.,0.));
#2743 = ADVANCED_FACE('',(#2744),#2756,.F.);
#2744 = FACE_BOUND('',#2745,.F.);
#2745 = EDGE_LOOP('',(#2746,#2747,#2754,#2755));
#2746 = ORIENTED_EDGE('',*,*,#2732,.T.);
#2747 = ORIENTED_EDGE('',*,*,#2748,.T.);
#2748 = EDGE_CURVE('',#2725,#2570,#2749,.T.);
#2749 = CIRCLE('',#2750,0.4);
#2750 = AXIS2_PLACEMENT_3D('',#2751,#2752,#2753);
#2751 = CARTESIAN_POINT('',(13.2,1.6,-1.));
#2752 = DIRECTION('',(0.,0.,1.));
#2753 = DIRECTION('',(1.,0.,0.));
#2754 = ORIENTED_EDGE('',*,*,#2569,.F.);
#2755 = ORIENTED_EDGE('',*,*,#811,.F.);
#2756 = CYLINDRICAL_SURFACE('',#2757,0.4);
#2757 = AXIS2_PLACEMENT_3D('',#2758,#2759,#2760);
#2758 = CARTESIAN_POINT('',(13.2,1.6,0.));
#2759 = DIRECTION('',(0.,0.,1.));
#2760 = DIRECTION('',(1.,0.,-0.));
#2761 = ADVANCED_FACE('',(#2762),#2787,.F.);
#2762 = FACE_BOUND('',#2763,.F.);
#2763 = EDGE_LOOP('',(#2764,#2772,#2780,#2786));
#2764 = ORIENTED_EDGE('',*,*,#2765,.T.);
#2765 = EDGE_CURVE('',#872,#2766,#2768,.T.);
#2766 = VERTEX_POINT('',#2767);
#2767 = CARTESIAN_POINT('',(9.4,3.5,-1.));
#2768 = LINE('',#2769,#2770);
#2769 = CARTESIAN_POINT('',(9.4,3.5,0.));
#2770 = VECTOR('',#2771,1.);
#2771 = DIRECTION('',(-0.,-0.,-1.));
#2772 = ORIENTED_EDGE('',*,*,#2773,.T.);
#2773 = EDGE_CURVE('',#2766,#2774,#2776,.T.);
#2774 = VERTEX_POINT('',#2775);
#2775 = CARTESIAN_POINT('',(9.4,-1.5,-1.));
#2776 = LINE('',#2777,#2778);
#2777 = CARTESIAN_POINT('',(9.4,3.5,-1.));
#2778 = VECTOR('',#2779,1.);
#2779 = DIRECTION('',(0.,-1.,0.));
#2780 = ORIENTED_EDGE('',*,*,#2781,.F.);
#2781 = EDGE_CURVE('',#874,#2774,#2782,.T.);
#2782 = LINE('',#2783,#2784);
#2783 = CARTESIAN_POINT('',(9.4,-1.5,0.));
#2784 = VECTOR('',#2785,1.);
#2785 = DIRECTION('',(-0.,-0.,-1.));
#2786 = ORIENTED_EDGE('',*,*,#871,.F.);
#2787 = PLANE('',#2788);
#2788 = AXIS2_PLACEMENT_3D('',#2789,#2790,#2791);
#2789 = CARTESIAN_POINT('',(9.4,3.5,0.));
#2790 = DIRECTION('',(-1.,0.,0.));
#2791 = DIRECTION('',(0.,-1.,0.));
#2792 = ADVANCED_FACE('',(#2793),#2812,.F.);
#2793 = FACE_BOUND('',#2794,.F.);
#2794 = EDGE_LOOP('',(#2795,#2796,#2805,#2811));
#2795 = ORIENTED_EDGE('',*,*,#2781,.T.);
#2796 = ORIENTED_EDGE('',*,*,#2797,.T.);
#2797 = EDGE_CURVE('',#2774,#2798,#2800,.T.);
#2798 = VERTEX_POINT('',#2799);
#2799 = CARTESIAN_POINT('',(9.9,-2.,-1.));
#2800 = CIRCLE('',#2801,0.5);
#2801 = AXIS2_PLACEMENT_3D('',#2802,#2803,#2804);
#2802 = CARTESIAN_POINT('',(9.9,-1.5,-1.));
#2803 = DIRECTION('',(0.,0.,1.));
#2804 = DIRECTION('',(1.,0.,0.));
#2805 = ORIENTED_EDGE('',*,*,#2806,.F.);
#2806 = EDGE_CURVE('',#925,#2798,#2807,.T.);
#2807 = LINE('',#2808,#2809);
#2808 = CARTESIAN_POINT('',(9.9,-2.,0.));
#2809 = VECTOR('',#2810,1.);
#2810 = DIRECTION('',(-0.,-0.,-1.));
#2811 = ORIENTED_EDGE('',*,*,#932,.F.);
#2812 = CYLINDRICAL_SURFACE('',#2813,0.5);
#2813 = AXIS2_PLACEMENT_3D('',#2814,#2815,#2816);
#2814 = CARTESIAN_POINT('',(9.9,-1.5,0.));
#2815 = DIRECTION('',(0.,0.,1.));
#2816 = DIRECTION('',(1.,0.,-0.));
#2817 = ADVANCED_FACE('',(#2818),#2836,.F.);
#2818 = FACE_BOUND('',#2819,.F.);
#2819 = EDGE_LOOP('',(#2820,#2821,#2829,#2835));
#2820 = ORIENTED_EDGE('',*,*,#2806,.T.);
#2821 = ORIENTED_EDGE('',*,*,#2822,.T.);
#2822 = EDGE_CURVE('',#2798,#2823,#2825,.T.);
#2823 = VERTEX_POINT('',#2824);
#2824 = CARTESIAN_POINT('',(10.3,-2.,-1.));
#2825 = LINE('',#2826,#2827);
#2826 = CARTESIAN_POINT('',(9.9,-2.,-1.));
#2827 = VECTOR('',#2828,1.);
#2828 = DIRECTION('',(1.,0.,0.));
#2829 = ORIENTED_EDGE('',*,*,#2830,.F.);
#2830 = EDGE_CURVE('',#916,#2823,#2831,.T.);
#2831 = LINE('',#2832,#2833);
#2832 = CARTESIAN_POINT('',(10.3,-2.,0.));
#2833 = VECTOR('',#2834,1.);
#2834 = DIRECTION('',(-0.,-0.,-1.));
#2835 = ORIENTED_EDGE('',*,*,#924,.F.);
#2836 = PLANE('',#2837);
#2837 = AXIS2_PLACEMENT_3D('',#2838,#2839,#2840);
#2838 = CARTESIAN_POINT('',(9.9,-2.,0.));
#2839 = DIRECTION('',(0.,-1.,0.));
#2840 = DIRECTION('',(1.,0.,0.));
#2841 = ADVANCED_FACE('',(#2842),#2861,.F.);
#2842 = FACE_BOUND('',#2843,.F.);
#2843 = EDGE_LOOP('',(#2844,#2845,#2854,#2860));
#2844 = ORIENTED_EDGE('',*,*,#2830,.T.);
#2845 = ORIENTED_EDGE('',*,*,#2846,.T.);
#2846 = EDGE_CURVE('',#2823,#2847,#2849,.T.);
#2847 = VERTEX_POINT('',#2848);
#2848 = CARTESIAN_POINT('',(10.8,-1.5,-1.));
#2849 = CIRCLE('',#2850,0.5);
#2850 = AXIS2_PLACEMENT_3D('',#2851,#2852,#2853);
#2851 = CARTESIAN_POINT('',(10.3,-1.5,-1.));
#2852 = DIRECTION('',(0.,0.,1.));
#2853 = DIRECTION('',(1.,0.,0.));
#2854 = ORIENTED_EDGE('',*,*,#2855,.F.);
#2855 = EDGE_CURVE('',#908,#2847,#2856,.T.);
#2856 = LINE('',#2857,#2858);
#2857 = CARTESIAN_POINT('',(10.8,-1.5,0.));
#2858 = VECTOR('',#2859,1.);
#2859 = DIRECTION('',(-0.,-0.,-1.));
#2860 = ORIENTED_EDGE('',*,*,#915,.F.);
#2861 = CYLINDRICAL_SURFACE('',#2862,0.5);
#2862 = AXIS2_PLACEMENT_3D('',#2863,#2864,#2865);
#2863 = CARTESIAN_POINT('',(10.3,-1.5,0.));
#2864 = DIRECTION('',(0.,0.,1.));
#2865 = DIRECTION('',(1.,0.,-0.));
#2866 = ADVANCED_FACE('',(#2867),#2885,.F.);
#2867 = FACE_BOUND('',#2868,.F.);
#2868 = EDGE_LOOP('',(#2869,#2870,#2878,#2884));
#2869 = ORIENTED_EDGE('',*,*,#2855,.T.);
#2870 = ORIENTED_EDGE('',*,*,#2871,.T.);
#2871 = EDGE_CURVE('',#2847,#2872,#2874,.T.);
#2872 = VERTEX_POINT('',#2873);
#2873 = CARTESIAN_POINT('',(10.8,3.5,-1.));
#2874 = LINE('',#2875,#2876);
#2875 = CARTESIAN_POINT('',(10.8,-1.5,-1.));
#2876 = VECTOR('',#2877,1.);
#2877 = DIRECTION('',(0.,1.,0.));
#2878 = ORIENTED_EDGE('',*,*,#2879,.F.);
#2879 = EDGE_CURVE('',#899,#2872,#2880,.T.);
#2880 = LINE('',#2881,#2882);
#2881 = CARTESIAN_POINT('',(10.8,3.5,0.));
#2882 = VECTOR('',#2883,1.);
#2883 = DIRECTION('',(-0.,-0.,-1.));
#2884 = ORIENTED_EDGE('',*,*,#907,.F.);
#2885 = PLANE('',#2886);
#2886 = AXIS2_PLACEMENT_3D('',#2887,#2888,#2889);
#2887 = CARTESIAN_POINT('',(10.8,-1.5,0.));
#2888 = DIRECTION('',(1.,0.,0.));
#2889 = DIRECTION('',(-0.,1.,0.));
#2890 = ADVANCED_FACE('',(#2891),#2910,.F.);
#2891 = FACE_BOUND('',#2892,.F.);
#2892 = EDGE_LOOP('',(#2893,#2894,#2903,#2909));
#2893 = ORIENTED_EDGE('',*,*,#2879,.T.);
#2894 = ORIENTED_EDGE('',*,*,#2895,.T.);
#2895 = EDGE_CURVE('',#2872,#2896,#2898,.T.);
#2896 = VERTEX_POINT('',#2897);
#2897 = CARTESIAN_POINT('',(10.3,4.,-1.));
#2898 = CIRCLE('',#2899,0.5);
#2899 = AXIS2_PLACEMENT_3D('',#2900,#2901,#2902);
#2900 = CARTESIAN_POINT('',(10.3,3.5,-1.));
#2901 = DIRECTION('',(0.,0.,1.));
#2902 = DIRECTION('',(1.,0.,0.));
#2903 = ORIENTED_EDGE('',*,*,#2904,.F.);
#2904 = EDGE_CURVE('',#891,#2896,#2905,.T.);
#2905 = LINE('',#2906,#2907);
#2906 = CARTESIAN_POINT('',(10.3,4.,0.));
#2907 = VECTOR('',#2908,1.);
#2908 = DIRECTION('',(-0.,-0.,-1.));
#2909 = ORIENTED_EDGE('',*,*,#898,.F.);
#2910 = CYLINDRICAL_SURFACE('',#2911,0.5);
#2911 = AXIS2_PLACEMENT_3D('',#2912,#2913,#2914);
#2912 = CARTESIAN_POINT('',(10.3,3.5,0.));
#2913 = DIRECTION('',(0.,0.,1.));
#2914 = DIRECTION('',(1.,0.,-0.));
#2915 = ADVANCED_FACE('',(#2916),#2934,.F.);
#2916 = FACE_BOUND('',#2917,.F.);
#2917 = EDGE_LOOP('',(#2918,#2919,#2927,#2933));
#2918 = ORIENTED_EDGE('',*,*,#2904,.T.);
#2919 = ORIENTED_EDGE('',*,*,#2920,.T.);
#2920 = EDGE_CURVE('',#2896,#2921,#2923,.T.);
#2921 = VERTEX_POINT('',#2922);
#2922 = CARTESIAN_POINT('',(9.9,4.,-1.));
#2923 = LINE('',#2924,#2925);
#2924 = CARTESIAN_POINT('',(10.3,4.,-1.));
#2925 = VECTOR('',#2926,1.);
#2926 = DIRECTION('',(-1.,0.,0.));
#2927 = ORIENTED_EDGE('',*,*,#2928,.F.);
#2928 = EDGE_CURVE('',#882,#2921,#2929,.T.);
#2929 = LINE('',#2930,#2931);
#2930 = CARTESIAN_POINT('',(9.9,4.,0.));
#2931 = VECTOR('',#2932,1.);
#2932 = DIRECTION('',(-0.,-0.,-1.));
#2933 = ORIENTED_EDGE('',*,*,#890,.F.);
#2934 = PLANE('',#2935);
#2935 = AXIS2_PLACEMENT_3D('',#2936,#2937,#2938);
#2936 = CARTESIAN_POINT('',(10.3,4.,0.));
#2937 = DIRECTION('',(0.,1.,0.));
#2938 = DIRECTION('',(-1.,0.,0.));
#2939 = ADVANCED_FACE('',(#2940),#2952,.F.);
#2940 = FACE_BOUND('',#2941,.F.);
#2941 = EDGE_LOOP('',(#2942,#2943,#2950,#2951));
#2942 = ORIENTED_EDGE('',*,*,#2928,.T.);
#2943 = ORIENTED_EDGE('',*,*,#2944,.T.);
#2944 = EDGE_CURVE('',#2921,#2766,#2945,.T.);
#2945 = CIRCLE('',#2946,0.5);
#2946 = AXIS2_PLACEMENT_3D('',#2947,#2948,#2949);
#2947 = CARTESIAN_POINT('',(9.9,3.5,-1.));
#2948 = DIRECTION('',(0.,0.,1.));
#2949 = DIRECTION('',(1.,0.,0.));
#2950 = ORIENTED_EDGE('',*,*,#2765,.F.);
#2951 = ORIENTED_EDGE('',*,*,#881,.F.);
#2952 = CYLINDRICAL_SURFACE('',#2953,0.5);
#2953 = AXIS2_PLACEMENT_3D('',#2954,#2955,#2956);
#2954 = CARTESIAN_POINT('',(9.9,3.5,0.));
#2955 = DIRECTION('',(0.,0.,1.));
#2956 = DIRECTION('',(1.,0.,-0.));
#2957 = ADVANCED_FACE('',(#2958),#2983,.F.);
#2958 = FACE_BOUND('',#2959,.F.);
#2959 = EDGE_LOOP('',(#2960,#2968,#2976,#2982));
#2960 = ORIENTED_EDGE('',*,*,#2961,.T.);
#2961 = EDGE_CURVE('',#942,#2962,#2964,.T.);
#2962 = VERTEX_POINT('',#2963);
#2963 = CARTESIAN_POINT('',(6.,5.5,-1.));
#2964 = LINE('',#2965,#2966);
#2965 = CARTESIAN_POINT('',(6.,5.5,0.));
#2966 = VECTOR('',#2967,1.);
#2967 = DIRECTION('',(-0.,-0.,-1.));
#2968 = ORIENTED_EDGE('',*,*,#2969,.T.);
#2969 = EDGE_CURVE('',#2962,#2970,#2972,.T.);
#2970 = VERTEX_POINT('',#2971);
#2971 = CARTESIAN_POINT('',(6.,-2.5,-1.));
#2972 = LINE('',#2973,#2974);
#2973 = CARTESIAN_POINT('',(6.,5.5,-1.));
#2974 = VECTOR('',#2975,1.);
#2975 = DIRECTION('',(0.,-1.,0.));
#2976 = ORIENTED_EDGE('',*,*,#2977,.F.);
#2977 = EDGE_CURVE('',#944,#2970,#2978,.T.);
#2978 = LINE('',#2979,#2980);
#2979 = CARTESIAN_POINT('',(6.,-2.5,0.));
#2980 = VECTOR('',#2981,1.);
#2981 = DIRECTION('',(-0.,-0.,-1.));
#2982 = ORIENTED_EDGE('',*,*,#941,.F.);
#2983 = PLANE('',#2984);
#2984 = AXIS2_PLACEMENT_3D('',#2985,#2986,#2987);
#2985 = CARTESIAN_POINT('',(6.,5.5,0.));
#2986 = DIRECTION('',(-1.,0.,0.));
#2987 = DIRECTION('',(0.,-1.,0.));
#2988 = ADVANCED_FACE('',(#2989),#3008,.F.);
#2989 = FACE_BOUND('',#2990,.F.);
#2990 = EDGE_LOOP('',(#2991,#2992,#3001,#3007));
#2991 = ORIENTED_EDGE('',*,*,#2977,.T.);
#2992 = ORIENTED_EDGE('',*,*,#2993,.T.);
#2993 = EDGE_CURVE('',#2970,#2994,#2996,.T.);
#2994 = VERTEX_POINT('',#2995);
#2995 = CARTESIAN_POINT('',(6.5,-3.,-1.));
#2996 = CIRCLE('',#2997,0.5);
#2997 = AXIS2_PLACEMENT_3D('',#2998,#2999,#3000);
#2998 = CARTESIAN_POINT('',(6.5,-2.5,-1.));
#2999 = DIRECTION('',(0.,0.,1.));
#3000 = DIRECTION('',(1.,0.,0.));
#3001 = ORIENTED_EDGE('',*,*,#3002,.F.);
#3002 = EDGE_CURVE('',#995,#2994,#3003,.T.);
#3003 = LINE('',#3004,#3005);
#3004 = CARTESIAN_POINT('',(6.5,-3.,0.));
#3005 = VECTOR('',#3006,1.);
#3006 = DIRECTION('',(-0.,-0.,-1.));
#3007 = ORIENTED_EDGE('',*,*,#1002,.F.);
#3008 = CYLINDRICAL_SURFACE('',#3009,0.5);
#3009 = AXIS2_PLACEMENT_3D('',#3010,#3011,#3012);
#3010 = CARTESIAN_POINT('',(6.5,-2.5,0.));
#3011 = DIRECTION('',(0.,0.,1.));
#3012 = DIRECTION('',(1.,0.,-0.));
#3013 = ADVANCED_FACE('',(#3014),#3032,.F.);
#3014 = FACE_BOUND('',#3015,.F.);
#3015 = EDGE_LOOP('',(#3016,#3017,#3025,#3031));
#3016 = ORIENTED_EDGE('',*,*,#3002,.T.);
#3017 = ORIENTED_EDGE('',*,*,#3018,.T.);
#3018 = EDGE_CURVE('',#2994,#3019,#3021,.T.);
#3019 = VERTEX_POINT('',#3020);
#3020 = CARTESIAN_POINT('',(6.9,-3.,-1.));
#3021 = LINE('',#3022,#3023);
#3022 = CARTESIAN_POINT('',(6.5,-3.,-1.));
#3023 = VECTOR('',#3024,1.);
#3024 = DIRECTION('',(1.,0.,0.));
#3025 = ORIENTED_EDGE('',*,*,#3026,.F.);
#3026 = EDGE_CURVE('',#986,#3019,#3027,.T.);
#3027 = LINE('',#3028,#3029);
#3028 = CARTESIAN_POINT('',(6.9,-3.,0.));
#3029 = VECTOR('',#3030,1.);
#3030 = DIRECTION('',(-0.,-0.,-1.));
#3031 = ORIENTED_EDGE('',*,*,#994,.F.);
#3032 = PLANE('',#3033);
#3033 = AXIS2_PLACEMENT_3D('',#3034,#3035,#3036);
#3034 = CARTESIAN_POINT('',(6.5,-3.,0.));
#3035 = DIRECTION('',(0.,-1.,0.));
#3036 = DIRECTION('',(1.,0.,0.));
#3037 = ADVANCED_FACE('',(#3038),#3057,.F.);
#3038 = FACE_BOUND('',#3039,.F.);
#3039 = EDGE_LOOP('',(#3040,#3041,#3050,#3056));
#3040 = ORIENTED_EDGE('',*,*,#3026,.T.);
#3041 = ORIENTED_EDGE('',*,*,#3042,.T.);
#3042 = EDGE_CURVE('',#3019,#3043,#3045,.T.);
#3043 = VERTEX_POINT('',#3044);
#3044 = CARTESIAN_POINT('',(7.4,-2.5,-1.));
#3045 = CIRCLE('',#3046,0.5);
#3046 = AXIS2_PLACEMENT_3D('',#3047,#3048,#3049);
#3047 = CARTESIAN_POINT('',(6.9,-2.5,-1.));
#3048 = DIRECTION('',(0.,0.,1.));
#3049 = DIRECTION('',(1.,0.,0.));
#3050 = ORIENTED_EDGE('',*,*,#3051,.F.);
#3051 = EDGE_CURVE('',#978,#3043,#3052,.T.);
#3052 = LINE('',#3053,#3054);
#3053 = CARTESIAN_POINT('',(7.4,-2.5,0.));
#3054 = VECTOR('',#3055,1.);
#3055 = DIRECTION('',(-0.,-0.,-1.));
#3056 = ORIENTED_EDGE('',*,*,#985,.F.);
#3057 = CYLINDRICAL_SURFACE('',#3058,0.5);
#3058 = AXIS2_PLACEMENT_3D('',#3059,#3060,#3061);
#3059 = CARTESIAN_POINT('',(6.9,-2.5,0.));
#3060 = DIRECTION('',(0.,0.,1.));
#3061 = DIRECTION('',(1.,0.,-0.));
#3062 = ADVANCED_FACE('',(#3063),#3081,.F.);
#3063 = FACE_BOUND('',#3064,.F.);
#3064 = EDGE_LOOP('',(#3065,#3066,#3074,#3080));
#3065 = ORIENTED_EDGE('',*,*,#3051,.T.);
#3066 = ORIENTED_EDGE('',*,*,#3067,.T.);
#3067 = EDGE_CURVE('',#3043,#3068,#3070,.T.);
#3068 = VERTEX_POINT('',#3069);
#3069 = CARTESIAN_POINT('',(7.4,5.5,-1.));
#3070 = LINE('',#3071,#3072);
#3071 = CARTESIAN_POINT('',(7.4,-2.5,-1.));
#3072 = VECTOR('',#3073,1.);
#3073 = DIRECTION('',(0.,1.,0.));
#3074 = ORIENTED_EDGE('',*,*,#3075,.F.);
#3075 = EDGE_CURVE('',#969,#3068,#3076,.T.);
#3076 = LINE('',#3077,#3078);
#3077 = CARTESIAN_POINT('',(7.4,5.5,0.));
#3078 = VECTOR('',#3079,1.);
#3079 = DIRECTION('',(-0.,-0.,-1.));
#3080 = ORIENTED_EDGE('',*,*,#977,.F.);
#3081 = PLANE('',#3082);
#3082 = AXIS2_PLACEMENT_3D('',#3083,#3084,#3085);
#3083 = CARTESIAN_POINT('',(7.4,-2.5,0.));
#3084 = DIRECTION('',(1.,0.,0.));
#3085 = DIRECTION('',(-0.,1.,0.));
#3086 = ADVANCED_FACE('',(#3087),#3106,.F.);
#3087 = FACE_BOUND('',#3088,.F.);
#3088 = EDGE_LOOP('',(#3089,#3090,#3099,#3105));
#3089 = ORIENTED_EDGE('',*,*,#3075,.T.);
#3090 = ORIENTED_EDGE('',*,*,#3091,.T.);
#3091 = EDGE_CURVE('',#3068,#3092,#3094,.T.);
#3092 = VERTEX_POINT('',#3093);
#3093 = CARTESIAN_POINT('',(6.9,6.,-1.));
#3094 = CIRCLE('',#3095,0.5);
#3095 = AXIS2_PLACEMENT_3D('',#3096,#3097,#3098);
#3096 = CARTESIAN_POINT('',(6.9,5.5,-1.));
#3097 = DIRECTION('',(0.,0.,1.));
#3098 = DIRECTION('',(1.,0.,0.));
#3099 = ORIENTED_EDGE('',*,*,#3100,.F.);
#3100 = EDGE_CURVE('',#961,#3092,#3101,.T.);
#3101 = LINE('',#3102,#3103);
#3102 = CARTESIAN_POINT('',(6.9,6.,0.));
#3103 = VECTOR('',#3104,1.);
#3104 = DIRECTION('',(-0.,-0.,-1.));
#3105 = ORIENTED_EDGE('',*,*,#968,.F.);
#3106 = CYLINDRICAL_SURFACE('',#3107,0.5);
#3107 = AXIS2_PLACEMENT_3D('',#3108,#3109,#3110);
#3108 = CARTESIAN_POINT('',(6.9,5.5,0.));
#3109 = DIRECTION('',(0.,0.,1.));
#3110 = DIRECTION('',(1.,0.,-0.));
#3111 = ADVANCED_FACE('',(#3112),#3130,.F.);
#3112 = FACE_BOUND('',#3113,.F.);
#3113 = EDGE_LOOP('',(#3114,#3115,#3123,#3129));
#3114 = ORIENTED_EDGE('',*,*,#3100,.T.);
#3115 = ORIENTED_EDGE('',*,*,#3116,.T.);
#3116 = EDGE_CURVE('',#3092,#3117,#3119,.T.);
#3117 = VERTEX_POINT('',#3118);
#3118 = CARTESIAN_POINT('',(6.5,6.,-1.));
#3119 = LINE('',#3120,#3121);
#3120 = CARTESIAN_POINT('',(6.9,6.,-1.));
#3121 = VECTOR('',#3122,1.);
#3122 = DIRECTION('',(-1.,0.,0.));
#3123 = ORIENTED_EDGE('',*,*,#3124,.F.);
#3124 = EDGE_CURVE('',#952,#3117,#3125,.T.);
#3125 = LINE('',#3126,#3127);
#3126 = CARTESIAN_POINT('',(6.5,6.,0.));
#3127 = VECTOR('',#3128,1.);
#3128 = DIRECTION('',(-0.,-0.,-1.));
#3129 = ORIENTED_EDGE('',*,*,#960,.F.);
#3130 = PLANE('',#3131);
#3131 = AXIS2_PLACEMENT_3D('',#3132,#3133,#3134);
#3132 = CARTESIAN_POINT('',(6.9,6.,0.));
#3133 = DIRECTION('',(0.,1.,0.));
#3134 = DIRECTION('',(-1.,0.,0.));
#3135 = ADVANCED_FACE('',(#3136),#3148,.F.);
#3136 = FACE_BOUND('',#3137,.F.);
#3137 = EDGE_LOOP('',(#3138,#3139,#3146,#3147));
#3138 = ORIENTED_EDGE('',*,*,#3124,.T.);
#3139 = ORIENTED_EDGE('',*,*,#3140,.T.);
#3140 = EDGE_CURVE('',#3117,#2962,#3141,.T.);
#3141 = CIRCLE('',#3142,0.5);
#3142 = AXIS2_PLACEMENT_3D('',#3143,#3144,#3145);
#3143 = CARTESIAN_POINT('',(6.5,5.5,-1.));
#3144 = DIRECTION('',(0.,0.,1.));
#3145 = DIRECTION('',(1.,0.,0.));
#3146 = ORIENTED_EDGE('',*,*,#2961,.F.);
#3147 = ORIENTED_EDGE('',*,*,#951,.F.);
#3148 = CYLINDRICAL_SURFACE('',#3149,0.5);
#3149 = AXIS2_PLACEMENT_3D('',#3150,#3151,#3152);
#3150 = CARTESIAN_POINT('',(6.5,5.5,0.));
#3151 = DIRECTION('',(0.,0.,1.));
#3152 = DIRECTION('',(1.,0.,-0.));
#3153 = ADVANCED_FACE('',(#3154,#3164),#3234,.F.);
#3154 = FACE_BOUND('',#3155,.F.);
#3155 = EDGE_LOOP('',(#3156,#3157,#3158,#3159,#3160,#3161,#3162,#3163));
#3156 = ORIENTED_EDGE('',*,*,#1297,.T.);
#3157 = ORIENTED_EDGE('',*,*,#1133,.T.);
#3158 = ORIENTED_EDGE('',*,*,#1162,.T.);
#3159 = ORIENTED_EDGE('',*,*,#1186,.T.);
#3160 = ORIENTED_EDGE('',*,*,#1209,.T.);
#3161 = ORIENTED_EDGE('',*,*,#1233,.T.);
#3162 = ORIENTED_EDGE('',*,*,#1256,.T.);
#3163 = ORIENTED_EDGE('',*,*,#1280,.T.);
#3164 = FACE_BOUND('',#3165,.F.);
#3165 = EDGE_LOOP('',(#3166,#3176,#3185,#3193,#3202,#3210,#3219,#3227));
#3166 = ORIENTED_EDGE('',*,*,#3167,.F.);
#3167 = EDGE_CURVE('',#3168,#3170,#3172,.T.);
#3168 = VERTEX_POINT('',#3169);
#3169 = CARTESIAN_POINT('',(28.6,-21.25,-12.4));
#3170 = VERTEX_POINT('',#3171);
#3171 = CARTESIAN_POINT('',(28.6,21.25,-12.4));
#3172 = LINE('',#3173,#3174);
#3173 = CARTESIAN_POINT('',(28.6,-21.25,-12.4));
#3174 = VECTOR('',#3175,1.);
#3175 = DIRECTION('',(0.,1.,0.));
#3176 = ORIENTED_EDGE('',*,*,#3177,.F.);
#3177 = EDGE_CURVE('',#3178,#3168,#3180,.T.);
#3178 = VERTEX_POINT('',#3179);
#3179 = CARTESIAN_POINT('',(27.5,-22.35,-12.4));
#3180 = CIRCLE('',#3181,1.1);
#3181 = AXIS2_PLACEMENT_3D('',#3182,#3183,#3184);
#3182 = CARTESIAN_POINT('',(27.5,-21.25,-12.4));
#3183 = DIRECTION('',(0.,0.,1.));
#3184 = DIRECTION('',(1.,0.,0.));
#3185 = ORIENTED_EDGE('',*,*,#3186,.F.);
#3186 = EDGE_CURVE('',#3187,#3178,#3189,.T.);
#3187 = VERTEX_POINT('',#3188);
#3188 = CARTESIAN_POINT('',(-27.5,-22.35,-12.4));
#3189 = LINE('',#3190,#3191);
#3190 = CARTESIAN_POINT('',(-27.5,-22.35,-12.4));
#3191 = VECTOR('',#3192,1.);
#3192 = DIRECTION('',(1.,0.,0.));
#3193 = ORIENTED_EDGE('',*,*,#3194,.F.);
#3194 = EDGE_CURVE('',#3195,#3187,#3197,.T.);
#3195 = VERTEX_POINT('',#3196);
#3196 = CARTESIAN_POINT('',(-28.6,-21.25,-12.4));
#3197 = CIRCLE('',#3198,1.1);
#3198 = AXIS2_PLACEMENT_3D('',#3199,#3200,#3201);
#3199 = CARTESIAN_POINT('',(-27.5,-21.25,-12.4));
#3200 = DIRECTION('',(0.,0.,1.));
#3201 = DIRECTION('',(1.,0.,0.));
#3202 = ORIENTED_EDGE('',*,*,#3203,.F.);
#3203 = EDGE_CURVE('',#3204,#3195,#3206,.T.);
#3204 = VERTEX_POINT('',#3205);
#3205 = CARTESIAN_POINT('',(-28.6,21.25,-12.4));
#3206 = LINE('',#3207,#3208);
#3207 = CARTESIAN_POINT('',(-28.6,21.25,-12.4));
#3208 = VECTOR('',#3209,1.);
#3209 = DIRECTION('',(0.,-1.,0.));
#3210 = ORIENTED_EDGE('',*,*,#3211,.F.);
#3211 = EDGE_CURVE('',#3212,#3204,#3214,.T.);
#3212 = VERTEX_POINT('',#3213);
#3213 = CARTESIAN_POINT('',(-27.5,22.35,-12.4));
#3214 = CIRCLE('',#3215,1.1);
#3215 = AXIS2_PLACEMENT_3D('',#3216,#3217,#3218);
#3216 = CARTESIAN_POINT('',(-27.5,21.25,-12.4));
#3217 = DIRECTION('',(0.,0.,1.));
#3218 = DIRECTION('',(1.,0.,0.));
#3219 = ORIENTED_EDGE('',*,*,#3220,.F.);
#3220 = EDGE_CURVE('',#3221,#3212,#3223,.T.);
#3221 = VERTEX_POINT('',#3222);
#3222 = CARTESIAN_POINT('',(27.5,22.35,-12.4));
#3223 = LINE('',#3224,#3225);
#3224 = CARTESIAN_POINT('',(27.5,22.35,-12.4));
#3225 = VECTOR('',#3226,1.);
#3226 = DIRECTION('',(-1.,0.,0.));
#3227 = ORIENTED_EDGE('',*,*,#3228,.F.);
#3228 = EDGE_CURVE('',#3170,#3221,#3229,.T.);
#3229 = CIRCLE('',#3230,1.1);
#3230 = AXIS2_PLACEMENT_3D('',#3231,#3232,#3233);
#3231 = CARTESIAN_POINT('',(27.5,21.25,-12.4));
#3232 = DIRECTION('',(0.,0.,1.));
#3233 = DIRECTION('',(1.,0.,0.));
#3234 = PLANE('',#3235);
#3235 = AXIS2_PLACEMENT_3D('',#3236,#3237,#3238);
#3236 = CARTESIAN_POINT('',(-5.05E-15,5.3E-16,-12.4));
#3237 = DIRECTION('',(0.,0.,1.));
#3238 = DIRECTION('',(1.,0.,0.));
#3239 = ADVANCED_FACE('',(#3240),#3250,.T.);
#3240 = FACE_BOUND('',#3241,.T.);
#3241 = EDGE_LOOP('',(#3242,#3243,#3244,#3245,#3246,#3247,#3248,#3249));
#3242 = ORIENTED_EDGE('',*,*,#1401,.T.);
#3243 = ORIENTED_EDGE('',*,*,#1425,.T.);
#3244 = ORIENTED_EDGE('',*,*,#1450,.T.);
#3245 = ORIENTED_EDGE('',*,*,#1474,.T.);
#3246 = ORIENTED_EDGE('',*,*,#1499,.T.);
#3247 = ORIENTED_EDGE('',*,*,#1523,.T.);
#3248 = ORIENTED_EDGE('',*,*,#1548,.T.);
#3249 = ORIENTED_EDGE('',*,*,#1572,.T.);
#3250 = PLANE('',#3251);
#3251 = AXIS2_PLACEMENT_3D('',#3252,#3253,#3254);
#3252 = CARTESIAN_POINT('',(-1.9E-15,0.926514287079,-1.));
#3253 = DIRECTION('',(0.,0.,1.));
#3254 = DIRECTION('',(1.,0.,0.));
#3255 = ADVANCED_FACE('',(#3256),#3266,.T.);
#3256 = FACE_BOUND('',#3257,.T.);
#3257 = EDGE_LOOP('',(#3258,#3259,#3260,#3261,#3262,#3263,#3264,#3265));
#3258 = ORIENTED_EDGE('',*,*,#1597,.T.);
#3259 = ORIENTED_EDGE('',*,*,#1621,.T.);
#3260 = ORIENTED_EDGE('',*,*,#1646,.T.);
#3261 = ORIENTED_EDGE('',*,*,#1670,.T.);
#3262 = ORIENTED_EDGE('',*,*,#1695,.T.);
#3263 = ORIENTED_EDGE('',*,*,#1719,.T.);
#3264 = ORIENTED_EDGE('',*,*,#1744,.T.);
#3265 = ORIENTED_EDGE('',*,*,#1768,.T.);
#3266 = PLANE('',#3267);
#3267 = AXIS2_PLACEMENT_3D('',#3268,#3269,#3270);
#3268 = CARTESIAN_POINT('',(-1.9E-15,0.926514287079,-1.));
#3269 = DIRECTION('',(0.,0.,1.));
#3270 = DIRECTION('',(1.,0.,0.));
#3271 = ADVANCED_FACE('',(#3272),#3282,.T.);
#3272 = FACE_BOUND('',#3273,.T.);
#3273 = EDGE_LOOP('',(#3274,#3275,#3276,#3277,#3278,#3279,#3280,#3281));
#3274 = ORIENTED_EDGE('',*,*,#1793,.T.);
#3275 = ORIENTED_EDGE('',*,*,#1817,.T.);
#3276 = ORIENTED_EDGE('',*,*,#1842,.T.);
#3277 = ORIENTED_EDGE('',*,*,#1866,.T.);
#3278 = ORIENTED_EDGE('',*,*,#1891,.T.);
#3279 = ORIENTED_EDGE('',*,*,#1915,.T.);
#3280 = ORIENTED_EDGE('',*,*,#1940,.T.);
#3281 = ORIENTED_EDGE('',*,*,#1964,.T.);
#3282 = PLANE('',#3283);
#3283 = AXIS2_PLACEMENT_3D('',#3284,#3285,#3286);
#3284 = CARTESIAN_POINT('',(-1.9E-15,0.926514287079,-1.));
#3285 = DIRECTION('',(0.,0.,1.));
#3286 = DIRECTION('',(1.,0.,0.));
#3287 = ADVANCED_FACE('',(#3288),#3298,.T.);
#3288 = FACE_BOUND('',#3289,.T.);
#3289 = EDGE_LOOP('',(#3290,#3291,#3292,#3293,#3294,#3295,#3296,#3297));
#3290 = ORIENTED_EDGE('',*,*,#1989,.T.);
#3291 = ORIENTED_EDGE('',*,*,#2013,.T.);
#3292 = ORIENTED_EDGE('',*,*,#2038,.T.);
#3293 = ORIENTED_EDGE('',*,*,#2062,.T.);
#3294 = ORIENTED_EDGE('',*,*,#2087,.T.);
#3295 = ORIENTED_EDGE('',*,*,#2111,.T.);
#3296 = ORIENTED_EDGE('',*,*,#2136,.T.);
#3297 = ORIENTED_EDGE('',*,*,#2160,.T.);
#3298 = PLANE('',#3299);
#3299 = AXIS2_PLACEMENT_3D('',#3300,#3301,#3302);
#3300 = CARTESIAN_POINT('',(-1.9E-15,0.926514287079,-1.));
#3301 = DIRECTION('',(0.,0.,1.));
#3302 = DIRECTION('',(1.,0.,0.));
#3303 = ADVANCED_FACE('',(#3304),#3314,.T.);
#3304 = FACE_BOUND('',#3305,.T.);
#3305 = EDGE_LOOP('',(#3306,#3307,#3308,#3309,#3310,#3311,#3312,#3313));
#3306 = ORIENTED_EDGE('',*,*,#2185,.T.);
#3307 = ORIENTED_EDGE('',*,*,#2209,.T.);
#3308 = ORIENTED_EDGE('',*,*,#2234,.T.);
#3309 = ORIENTED_EDGE('',*,*,#2258,.T.);
#3310 = ORIENTED_EDGE('',*,*,#2283,.T.);
#3311 = ORIENTED_EDGE('',*,*,#2307,.T.);
#3312 = ORIENTED_EDGE('',*,*,#2332,.T.);
#3313 = ORIENTED_EDGE('',*,*,#2356,.T.);
#3314 = PLANE('',#3315);
#3315 = AXIS2_PLACEMENT_3D('',#3316,#3317,#3318);
#3316 = CARTESIAN_POINT('',(-1.9E-15,0.926514287079,-1.));
#3317 = DIRECTION('',(0.,0.,1.));
#3318 = DIRECTION('',(1.,0.,0.));
#3319 = ADVANCED_FACE('',(#3320),#3330,.T.);
#3320 = FACE_BOUND('',#3321,.T.);
#3321 = EDGE_LOOP('',(#3322,#3323,#3324,#3325,#3326,#3327,#3328,#3329));
#3322 = ORIENTED_EDGE('',*,*,#2381,.T.);
#3323 = ORIENTED_EDGE('',*,*,#2405,.T.);
#3324 = ORIENTED_EDGE('',*,*,#2430,.T.);
#3325 = ORIENTED_EDGE('',*,*,#2454,.T.);
#3326 = ORIENTED_EDGE('',*,*,#2479,.T.);
#3327 = ORIENTED_EDGE('',*,*,#2503,.T.);
#3328 = ORIENTED_EDGE('',*,*,#2528,.T.);
#3329 = ORIENTED_EDGE('',*,*,#2552,.T.);
#3330 = PLANE('',#3331);
#3331 = AXIS2_PLACEMENT_3D('',#3332,#3333,#3334);
#3332 = CARTESIAN_POINT('',(-1.9E-15,0.926514287079,-1.));
#3333 = DIRECTION('',(0.,0.,1.));
#3334 = DIRECTION('',(1.,0.,0.));
#3335 = ADVANCED_FACE('',(#3336),#3346,.T.);
#3336 = FACE_BOUND('',#3337,.T.);
#3337 = EDGE_LOOP('',(#3338,#3339,#3340,#3341,#3342,#3343,#3344,#3345));
#3338 = ORIENTED_EDGE('',*,*,#2577,.T.);
#3339 = ORIENTED_EDGE('',*,*,#2601,.T.);
#3340 = ORIENTED_EDGE('',*,*,#2626,.T.);
#3341 = ORIENTED_EDGE('',*,*,#2650,.T.);
#3342 = ORIENTED_EDGE('',*,*,#2675,.T.);
#3343 = ORIENTED_EDGE('',*,*,#2699,.T.);
#3344 = ORIENTED_EDGE('',*,*,#2724,.T.);
#3345 = ORIENTED_EDGE('',*,*,#2748,.T.);
#3346 = PLANE('',#3347);
#3347 = AXIS2_PLACEMENT_3D('',#3348,#3349,#3350);
#3348 = CARTESIAN_POINT('',(-1.9E-15,0.926514287079,-1.));
#3349 = DIRECTION('',(0.,0.,1.));
#3350 = DIRECTION('',(1.,0.,0.));
#3351 = ADVANCED_FACE('',(#3352),#3362,.T.);
#3352 = FACE_BOUND('',#3353,.T.);
#3353 = EDGE_LOOP('',(#3354,#3355,#3356,#3357,#3358,#3359,#3360,#3361));
#3354 = ORIENTED_EDGE('',*,*,#2773,.T.);
#3355 = ORIENTED_EDGE('',*,*,#2797,.T.);
#3356 = ORIENTED_EDGE('',*,*,#2822,.T.);
#3357 = ORIENTED_EDGE('',*,*,#2846,.T.);
#3358 = ORIENTED_EDGE('',*,*,#2871,.T.);
#3359 = ORIENTED_EDGE('',*,*,#2895,.T.);
#3360 = ORIENTED_EDGE('',*,*,#2920,.T.);
#3361 = ORIENTED_EDGE('',*,*,#2944,.T.);
#3362 = PLANE('',#3363);
#3363 = AXIS2_PLACEMENT_3D('',#3364,#3365,#3366);
#3364 = CARTESIAN_POINT('',(-1.9E-15,0.926514287079,-1.));
#3365 = DIRECTION('',(0.,0.,1.));
#3366 = DIRECTION('',(1.,0.,0.));
#3367 = ADVANCED_FACE('',(#3368),#3378,.T.);
#3368 = FACE_BOUND('',#3369,.T.);
#3369 = EDGE_LOOP('',(#3370,#3371,#3372,#3373,#3374,#3375,#3376,#3377));
#3370 = ORIENTED_EDGE('',*,*,#2969,.T.);
#3371 = ORIENTED_EDGE('',*,*,#2993,.T.);
#3372 = ORIENTED_EDGE('',*,*,#3018,.T.);
#3373 = ORIENTED_EDGE('',*,*,#3042,.T.);
#3374 = ORIENTED_EDGE('',*,*,#3067,.T.);
#3375 = ORIENTED_EDGE('',*,*,#3091,.T.);
#3376 = ORIENTED_EDGE('',*,*,#3116,.T.);
#3377 = ORIENTED_EDGE('',*,*,#3140,.T.);
#3378 = PLANE('',#3379);
#3379 = AXIS2_PLACEMENT_3D('',#3380,#3381,#3382);
#3380 = CARTESIAN_POINT('',(-1.9E-15,0.926514287079,-1.));
#3381 = DIRECTION('',(0.,0.,1.));
#3382 = DIRECTION('',(1.,0.,0.));
#3383 = ADVANCED_FACE('',(#3384),#3409,.F.);
#3384 = FACE_BOUND('',#3385,.F.);
#3385 = EDGE_LOOP('',(#3386,#3394,#3395,#3403));
#3386 = ORIENTED_EDGE('',*,*,#3387,.T.);
#3387 = EDGE_CURVE('',#3388,#3168,#3390,.T.);
#3388 = VERTEX_POINT('',#3389);
#3389 = CARTESIAN_POINT('',(28.6,-21.25,-2.2));
#3390 = LINE('',#3391,#3392);
#3391 = CARTESIAN_POINT('',(28.6,-21.25,-2.2));
#3392 = VECTOR('',#3393,1.);
#3393 = DIRECTION('',(-0.,-0.,-1.));
#3394 = ORIENTED_EDGE('',*,*,#3167,.T.);
#3395 = ORIENTED_EDGE('',*,*,#3396,.F.);
#3396 = EDGE_CURVE('',#3397,#3170,#3399,.T.);
#3397 = VERTEX_POINT('',#3398);
#3398 = CARTESIAN_POINT('',(28.6,21.25,-2.2));
#3399 = LINE('',#3400,#3401);
#3400 = CARTESIAN_POINT('',(28.6,21.25,-2.2));
#3401 = VECTOR('',#3402,1.);
#3402 = DIRECTION('',(-0.,-0.,-1.));
#3403 = ORIENTED_EDGE('',*,*,#3404,.F.);
#3404 = EDGE_CURVE('',#3388,#3397,#3405,.T.);
#3405 = LINE('',#3406,#3407);
#3406 = CARTESIAN_POINT('',(28.6,-21.25,-2.2));
#3407 = VECTOR('',#3408,1.);
#3408 = DIRECTION('',(0.,1.,0.));
#3409 = PLANE('',#3410);
#3410 = AXIS2_PLACEMENT_3D('',#3411,#3412,#3413);
#3411 = CARTESIAN_POINT('',(28.6,-21.25,-2.2));
#3412 = DIRECTION('',(1.,0.,0.));
#3413 = DIRECTION('',(0.,1.,0.));
#3414 = ADVANCED_FACE('',(#3415),#3434,.F.);
#3415 = FACE_BOUND('',#3416,.F.);
#3416 = EDGE_LOOP('',(#3417,#3425,#3426,#3427));
#3417 = ORIENTED_EDGE('',*,*,#3418,.T.);
#3418 = EDGE_CURVE('',#3419,#3178,#3421,.T.);
#3419 = VERTEX_POINT('',#3420);
#3420 = CARTESIAN_POINT('',(27.5,-22.35,-2.2));
#3421 = LINE('',#3422,#3423);
#3422 = CARTESIAN_POINT('',(27.5,-22.35,-2.2));
#3423 = VECTOR('',#3424,1.);
#3424 = DIRECTION('',(-0.,-0.,-1.));
#3425 = ORIENTED_EDGE('',*,*,#3177,.T.);
#3426 = ORIENTED_EDGE('',*,*,#3387,.F.);
#3427 = ORIENTED_EDGE('',*,*,#3428,.F.);
#3428 = EDGE_CURVE('',#3419,#3388,#3429,.T.);
#3429 = CIRCLE('',#3430,1.1);
#3430 = AXIS2_PLACEMENT_3D('',#3431,#3432,#3433);
#3431 = CARTESIAN_POINT('',(27.5,-21.25,-2.2));
#3432 = DIRECTION('',(0.,0.,1.));
#3433 = DIRECTION('',(1.,0.,0.));
#3434 = CYLINDRICAL_SURFACE('',#3435,1.1);
#3435 = AXIS2_PLACEMENT_3D('',#3436,#3437,#3438);
#3436 = CARTESIAN_POINT('',(27.5,-21.25,-2.2));
#3437 = DIRECTION('',(0.,0.,1.));
#3438 = DIRECTION('',(1.,0.,0.));
#3439 = ADVANCED_FACE('',(#3440),#3459,.F.);
#3440 = FACE_BOUND('',#3441,.F.);
#3441 = EDGE_LOOP('',(#3442,#3443,#3444,#3452));
#3442 = ORIENTED_EDGE('',*,*,#3396,.T.);
#3443 = ORIENTED_EDGE('',*,*,#3228,.T.);
#3444 = ORIENTED_EDGE('',*,*,#3445,.F.);
#3445 = EDGE_CURVE('',#3446,#3221,#3448,.T.);
#3446 = VERTEX_POINT('',#3447);
#3447 = CARTESIAN_POINT('',(27.5,22.35,-2.2));
#3448 = LINE('',#3449,#3450);
#3449 = CARTESIAN_POINT('',(27.5,22.35,-2.2));
#3450 = VECTOR('',#3451,1.);
#3451 = DIRECTION('',(-0.,-0.,-1.));
#3452 = ORIENTED_EDGE('',*,*,#3453,.F.);
#3453 = EDGE_CURVE('',#3397,#3446,#3454,.T.);
#3454 = CIRCLE('',#3455,1.1);
#3455 = AXIS2_PLACEMENT_3D('',#3456,#3457,#3458);
#3456 = CARTESIAN_POINT('',(27.5,21.25,-2.2));
#3457 = DIRECTION('',(0.,0.,1.));
#3458 = DIRECTION('',(1.,0.,0.));
#3459 = CYLINDRICAL_SURFACE('',#3460,1.1);
#3460 = AXIS2_PLACEMENT_3D('',#3461,#3462,#3463);
#3461 = CARTESIAN_POINT('',(27.5,21.25,-2.2));
#3462 = DIRECTION('',(0.,0.,1.));
#3463 = DIRECTION('',(1.,0.,0.));
#3464 = ADVANCED_FACE('',(#3465),#3483,.F.);
#3465 = FACE_BOUND('',#3466,.F.);
#3466 = EDGE_LOOP('',(#3467,#3475,#3476,#3477));
#3467 = ORIENTED_EDGE('',*,*,#3468,.T.);
#3468 = EDGE_CURVE('',#3469,#3187,#3471,.T.);
#3469 = VERTEX_POINT('',#3470);
#3470 = CARTESIAN_POINT('',(-27.5,-22.35,-2.2));
#3471 = LINE('',#3472,#3473);
#3472 = CARTESIAN_POINT('',(-27.5,-22.35,-2.2));
#3473 = VECTOR('',#3474,1.);
#3474 = DIRECTION('',(-0.,-0.,-1.));
#3475 = ORIENTED_EDGE('',*,*,#3186,.T.);
#3476 = ORIENTED_EDGE('',*,*,#3418,.F.);
#3477 = ORIENTED_EDGE('',*,*,#3478,.F.);
#3478 = EDGE_CURVE('',#3469,#3419,#3479,.T.);
#3479 = LINE('',#3480,#3481);
#3480 = CARTESIAN_POINT('',(-27.5,-22.35,-2.2));
#3481 = VECTOR('',#3482,1.);
#3482 = DIRECTION('',(1.,0.,0.));
#3483 = PLANE('',#3484);
#3484 = AXIS2_PLACEMENT_3D('',#3485,#3486,#3487);
#3485 = CARTESIAN_POINT('',(-27.5,-22.35,-2.2));
#3486 = DIRECTION('',(0.,-1.,0.));
#3487 = DIRECTION('',(1.,0.,0.));
#3488 = ADVANCED_FACE('',(#3489),#3507,.F.);
#3489 = FACE_BOUND('',#3490,.F.);
#3490 = EDGE_LOOP('',(#3491,#3492,#3493,#3501));
#3491 = ORIENTED_EDGE('',*,*,#3445,.T.);
#3492 = ORIENTED_EDGE('',*,*,#3220,.T.);
#3493 = ORIENTED_EDGE('',*,*,#3494,.F.);
#3494 = EDGE_CURVE('',#3495,#3212,#3497,.T.);
#3495 = VERTEX_POINT('',#3496);
#3496 = CARTESIAN_POINT('',(-27.5,22.35,-2.2));
#3497 = LINE('',#3498,#3499);
#3498 = CARTESIAN_POINT('',(-27.5,22.35,-2.2));
#3499 = VECTOR('',#3500,1.);
#3500 = DIRECTION('',(-0.,-0.,-1.));
#3501 = ORIENTED_EDGE('',*,*,#3502,.F.);
#3502 = EDGE_CURVE('',#3446,#3495,#3503,.T.);
#3503 = LINE('',#3504,#3505);
#3504 = CARTESIAN_POINT('',(27.5,22.35,-2.2));
#3505 = VECTOR('',#3506,1.);
#3506 = DIRECTION('',(-1.,0.,0.));
#3507 = PLANE('',#3508);
#3508 = AXIS2_PLACEMENT_3D('',#3509,#3510,#3511);
#3509 = CARTESIAN_POINT('',(27.5,22.35,-2.2));
#3510 = DIRECTION('',(0.,1.,0.));
#3511 = DIRECTION('',(-1.,0.,0.));
#3512 = ADVANCED_FACE('',(#3513),#3532,.F.);
#3513 = FACE_BOUND('',#3514,.F.);
#3514 = EDGE_LOOP('',(#3515,#3523,#3524,#3525));
#3515 = ORIENTED_EDGE('',*,*,#3516,.T.);
#3516 = EDGE_CURVE('',#3517,#3195,#3519,.T.);
#3517 = VERTEX_POINT('',#3518);
#3518 = CARTESIAN_POINT('',(-28.6,-21.25,-2.2));
#3519 = LINE('',#3520,#3521);
#3520 = CARTESIAN_POINT('',(-28.6,-21.25,-2.2));
#3521 = VECTOR('',#3522,1.);
#3522 = DIRECTION('',(-0.,-0.,-1.));
#3523 = ORIENTED_EDGE('',*,*,#3194,.T.);
#3524 = ORIENTED_EDGE('',*,*,#3468,.F.);
#3525 = ORIENTED_EDGE('',*,*,#3526,.F.);
#3526 = EDGE_CURVE('',#3517,#3469,#3527,.T.);
#3527 = CIRCLE('',#3528,1.1);
#3528 = AXIS2_PLACEMENT_3D('',#3529,#3530,#3531);
#3529 = CARTESIAN_POINT('',(-27.5,-21.25,-2.2));
#3530 = DIRECTION('',(0.,0.,1.));
#3531 = DIRECTION('',(1.,0.,0.));
#3532 = CYLINDRICAL_SURFACE('',#3533,1.1);
#3533 = AXIS2_PLACEMENT_3D('',#3534,#3535,#3536);
#3534 = CARTESIAN_POINT('',(-27.5,-21.25,-2.2));
#3535 = DIRECTION('',(0.,0.,1.));
#3536 = DIRECTION('',(1.,0.,0.));
#3537 = ADVANCED_FACE('',(#3538),#3557,.F.);
#3538 = FACE_BOUND('',#3539,.F.);
#3539 = EDGE_LOOP('',(#3540,#3541,#3542,#3550));
#3540 = ORIENTED_EDGE('',*,*,#3494,.T.);
#3541 = ORIENTED_EDGE('',*,*,#3211,.T.);
#3542 = ORIENTED_EDGE('',*,*,#3543,.F.);
#3543 = EDGE_CURVE('',#3544,#3204,#3546,.T.);
#3544 = VERTEX_POINT('',#3545);
#3545 = CARTESIAN_POINT('',(-28.6,21.25,-2.2));
#3546 = LINE('',#3547,#3548);
#3547 = CARTESIAN_POINT('',(-28.6,21.25,-2.2));
#3548 = VECTOR('',#3549,1.);
#3549 = DIRECTION('',(-0.,-0.,-1.));
#3550 = ORIENTED_EDGE('',*,*,#3551,.F.);
#3551 = EDGE_CURVE('',#3495,#3544,#3552,.T.);
#3552 = CIRCLE('',#3553,1.1);
#3553 = AXIS2_PLACEMENT_3D('',#3554,#3555,#3556);
#3554 = CARTESIAN_POINT('',(-27.5,21.25,-2.2));
#3555 = DIRECTION('',(0.,0.,1.));
#3556 = DIRECTION('',(1.,0.,0.));
#3557 = CYLINDRICAL_SURFACE('',#3558,1.1);
#3558 = AXIS2_PLACEMENT_3D('',#3559,#3560,#3561);
#3559 = CARTESIAN_POINT('',(-27.5,21.25,-2.2));
#3560 = DIRECTION('',(0.,0.,1.));
#3561 = DIRECTION('',(1.,0.,0.));
#3562 = ADVANCED_FACE('',(#3563),#3574,.F.);
#3563 = FACE_BOUND('',#3564,.F.);
#3564 = EDGE_LOOP('',(#3565,#3566,#3567,#3568));
#3565 = ORIENTED_EDGE('',*,*,#3543,.T.);
#3566 = ORIENTED_EDGE('',*,*,#3203,.T.);
#3567 = ORIENTED_EDGE('',*,*,#3516,.F.);
#3568 = ORIENTED_EDGE('',*,*,#3569,.F.);
#3569 = EDGE_CURVE('',#3544,#3517,#3570,.T.);
#3570 = LINE('',#3571,#3572);
#3571 = CARTESIAN_POINT('',(-28.6,21.25,-2.2));
#3572 = VECTOR('',#3573,1.);
#3573 = DIRECTION('',(0.,-1.,0.));
#3574 = PLANE('',#3575);
#3575 = AXIS2_PLACEMENT_3D('',#3576,#3577,#3578);
#3576 = CARTESIAN_POINT('',(-28.6,21.25,-2.2));
#3577 = DIRECTION('',(-1.,0.,0.));
#3578 = DIRECTION('',(0.,-1.,0.));
#3579 = ADVANCED_FACE('',(#3580),#3590,.F.);
#3580 = FACE_BOUND('',#3581,.F.);
#3581 = EDGE_LOOP('',(#3582,#3583,#3584,#3585,#3586,#3587,#3588,#3589));
#3582 = ORIENTED_EDGE('',*,*,#3404,.T.);
#3583 = ORIENTED_EDGE('',*,*,#3453,.T.);
#3584 = ORIENTED_EDGE('',*,*,#3502,.T.);
#3585 = ORIENTED_EDGE('',*,*,#3551,.T.);
#3586 = ORIENTED_EDGE('',*,*,#3569,.T.);
#3587 = ORIENTED_EDGE('',*,*,#3526,.T.);
#3588 = ORIENTED_EDGE('',*,*,#3478,.T.);
#3589 = ORIENTED_EDGE('',*,*,#3428,.T.);
#3590 = PLANE('',#3591);
#3591 = AXIS2_PLACEMENT_3D('',#3592,#3593,#3594);
#3592 = CARTESIAN_POINT('',(-1.1E-16,1.69E-15,-2.2));
#3593 = DIRECTION('',(0.,0.,1.));
#3594 = DIRECTION('',(1.,0.,0.));
#3595 = ( GEOMETRIC_REPRESENTATION_CONTEXT(3) 
GLOBAL_UNCERTAINTY_ASSIGNED_CONTEXT((#3599)) 
GLOBAL_UNIT_ASSIGNED_CONTEXT((#3596,#3597,#3598)) REPRESENTATION_CONTEXT
('Context #1','3D Context with UNIT and UNCERTAINTY') );
#3596 = ( LENGTH_UNIT() NAMED_UNIT(*) SI_UNIT(.MILLI.,.METRE.) );
#3597 = ( NAMED_UNIT(*) PLANE_ANGLE_UNIT() SI_UNIT($,.RADIAN.) );
#3598 = ( NAMED_UNIT(*) SI_UNIT($,.STERADIAN.) SOLID_ANGLE_UNIT() );
#3599 = UNCERTAINTY_MEASURE_WITH_UNIT(LENGTH_MEASURE(1.E-07),#3596,
  'distance_accuracy_value','confusion accuracy');
#3600 = PRODUCT_RELATED_PRODUCT_CATEGORY('part',$,(#7));
#3601 = MECHANICAL_DESIGN_GEOMETRIC_PRESENTATION_REPRESENTATION('',(
    #3602),#3595);
#3602 = STYLED_ITEM('color',(#3603),#15);
#3603 = PRESENTATION_STYLE_ASSIGNMENT((#3604,#3612));
#3604 = SURFACE_STYLE_USAGE(.BOTH.,#3605);
#3605 = SURFACE_SIDE_STYLE('',(#3606,#3610));
#3606 = SURFACE_STYLE_FILL_AREA(#3607);
#3607 = FILL_AREA_STYLE('',(#3608));
#3608 = FILL_AREA_STYLE_COLOUR('',#3609);
#3609 = COLOUR_RGB('',0.447058818107,0.474509808674,0.501960817233);
#3610 = SURFACE_STYLE_RENDERING_WITH_PROPERTIES(.NORMAL_SHADING.,#3609,(
    #3611));
#3611 = SURFACE_STYLE_TRANSPARENT(0.699999988079);
#3612 = CURVE_STYLE('',#3613,POSITIVE_LENGTH_MEASURE(0.1),#3614);
#3613 = DRAUGHTING_PRE_DEFINED_CURVE_FONT('continuous');
#3614 = COLOUR_RGB('',9.803921802644E-02,9.803921802644E-02,
  9.803921802644E-02);
ENDSEC;
END-ISO-10303-21;
